1月 02, 2026 6:17:10 下午 spec.jbb.JBBmain main -> 信息: Logging started
1月 02, 2026 6:17:10 下午 spec.jbb.Company primeWithDummyData -> 信息: Loading Warehouse 1...
1月 02, 2026 6:17:10 下午 spec.jbb.JBBmain DoARun -> 信息: Start User Threads
1月 02, 2026 6:17:10 下午 spec.jbb.JBBmain DoARun -> 信息:   started user thread for Warehouse 1
1月 02, 2026 6:17:10 下午 spec.jbb.Company displayResultTotals -> 信息: Timing Measurement began Fri Jan 02 18:17:10 CST 2026 for 0.5 minutes
1月 02, 2026 6:17:40 下午 spec.jbb.Company displayResultTotals -> 信息: Timing Measurement ended Fri Jan 02 18:17:40 CST 2026
1月 02, 2026 6:17:40 下午 spec.jbb.Company primeWithDummyData -> 信息: Loading Warehouse 2...
1月 02, 2026 6:17:41 下午 spec.jbb.JBBmain DoARun -> 信息: Start User Threads
1月 02, 2026 6:17:41 下午 spec.jbb.JBBmain DoARun -> 信息:   started user thread for Warehouse 1
1月 02, 2026 6:17:41 下午 spec.jbb.JBBmain DoARun -> 信息:   started user thread for Warehouse 2
1月 02, 2026 6:17:41 下午 spec.jbb.Company displayResultTotals -> 信息: Timing Measurement began Fri Jan 02 18:17:41 CST 2026 for 0.5 minutes
1月 02, 2026 6:18:11 下午 spec.jbb.Company displayResultTotals -> 信息: Timing Measurement ended Fri Jan 02 18:18:11 CST 2026
1月 02, 2026 6:18:11 下午 spec.jbb.Company primeWithDummyData -> 信息: Loading Warehouse 3...
1月 02, 2026 6:18:11 下午 spec.jbb.JBBmain DoARun -> 信息: Start User Threads
1月 02, 2026 6:18:11 下午 spec.jbb.JBBmain DoARun -> 信息:   started user thread for Warehouse 1
1月 02, 2026 6:18:11 下午 spec.jbb.JBBmain DoARun -> 信息:   started user thread for Warehouse 2
1月 02, 2026 6:18:11 下午 spec.jbb.JBBmain DoARun -> 信息:   started user thread for Warehouse 3
1月 02, 2026 6:18:11 下午 spec.jbb.Company displayResultTotals -> 信息: Timing Measurement began Fri Jan 02 18:18:11 CST 2026 for 0.5 minutes
1月 02, 2026 6:18:41 下午 spec.jbb.Company displayResultTotals -> 信息: Timing Measurement ended Fri Jan 02 18:18:41 CST 2026
1月 02, 2026 6:18:41 下午 spec.jbb.Company primeWithDummyData -> 信息: Loading Warehouse 4...
1月 02, 2026 6:18:41 下午 spec.jbb.JBBmain DoARun -> 信息: Start User Threads
1月 02, 2026 6:18:41 下午 spec.jbb.JBBmain DoARun -> 信息:   started user thread for Warehouse 1
1月 02, 2026 6:18:41 下午 spec.jbb.JBBmain DoARun -> 信息:   started user thread for Warehouse 2
1月 02, 2026 6:18:41 下午 spec.jbb.JBBmain DoARun -> 信息:   started user thread for Warehouse 3
1月 02, 2026 6:18:41 下午 spec.jbb.JBBmain DoARun -> 信息:   started user thread for Warehouse 4
1月 02, 2026 6:18:41 下午 spec.jbb.Company displayResultTotals -> 信息: Timing Measurement began Fri Jan 02 18:18:41 CST 2026 for 0.5 minutes
1月 02, 2026 6:19:11 下午 spec.jbb.Company displayResultTotals -> 信息: Timing Measurement ended Fri Jan 02 18:19:11 CST 2026
1月 02, 2026 6:19:11 下午 spec.jbb.Company primeWithDummyData -> 信息: Loading Warehouse 5...
1月 02, 2026 6:19:12 下午 spec.jbb.JBBmain DoARun -> 信息: Start User Threads
1月 02, 2026 6:19:12 下午 spec.jbb.JBBmain DoARun -> 信息:   started user thread for Warehouse 1
1月 02, 2026 6:19:12 下午 spec.jbb.JBBmain DoARun -> 信息:   started user thread for Warehouse 2
1月 02, 2026 6:19:12 下午 spec.jbb.JBBmain DoARun -> 信息:   started user thread for Warehouse 3
1月 02, 2026 6:19:12 下午 spec.jbb.JBBmain DoARun -> 信息:   started user thread for Warehouse 4
1月 02, 2026 6:19:12 下午 spec.jbb.JBBmain DoARun -> 信息:   started user thread for Warehouse 5
1月 02, 2026 6:19:12 下午 spec.jbb.Company displayResultTotals -> 信息: Timing Measurement began Fri Jan 02 18:19:12 CST 2026 for 0.5 minutes
1月 02, 2026 6:19:42 下午 spec.jbb.Company displayResultTotals -> 信息: Timing Measurement ended Fri Jan 02 18:19:42 CST 2026
1月 02, 2026 6:19:42 下午 spec.jbb.Company primeWithDummyData -> 信息: Loading Warehouse 6...
1月 02, 2026 6:19:42 下午 spec.jbb.JBBmain DoARun -> 信息: Start User Threads
1月 02, 2026 6:19:42 下午 spec.jbb.JBBmain DoARun -> 信息:   started user thread for Warehouse 1
1月 02, 2026 6:19:42 下午 spec.jbb.JBBmain DoARun -> 信息:   started user thread for Warehouse 2
1月 02, 2026 6:19:42 下午 spec.jbb.JBBmain DoARun -> 信息:   started user thread for Warehouse 3
1月 02, 2026 6:19:42 下午 spec.jbb.JBBmain DoARun -> 信息:   started user thread for Warehouse 4
1月 02, 2026 6:19:42 下午 spec.jbb.JBBmain DoARun -> 信息:   started user thread for Warehouse 5
1月 02, 2026 6:19:42 下午 spec.jbb.JBBmain DoARun -> 信息:   started user thread for Warehouse 6
1月 02, 2026 6:19:42 下午 spec.jbb.Company displayResultTotals -> 信息: Timing Measurement began Fri Jan 02 18:19:42 CST 2026 for 0.5 minutes
1月 02, 2026 6:20:12 下午 spec.jbb.Company displayResultTotals -> 信息: Timing Measurement ended Fri Jan 02 18:20:12 CST 2026
1月 02, 2026 6:20:12 下午 spec.jbb.Company primeWithDummyData -> 信息: Loading Warehouse 7...
1月 02, 2026 6:20:12 下午 spec.jbb.JBBmain DoARun -> 信息: Start User Threads
1月 02, 2026 6:20:12 下午 spec.jbb.JBBmain DoARun -> 信息:   started user thread for Warehouse 1
1月 02, 2026 6:20:12 下午 spec.jbb.JBBmain DoARun -> 信息:   started user thread for Warehouse 2
1月 02, 2026 6:20:12 下午 spec.jbb.JBBmain DoARun -> 信息:   started user thread for Warehouse 3
1月 02, 2026 6:20:12 下午 spec.jbb.JBBmain DoARun -> 信息:   started user thread for Warehouse 4
1月 02, 2026 6:20:12 下午 spec.jbb.JBBmain DoARun -> 信息:   started user thread for Warehouse 5
1月 02, 2026 6:20:12 下午 spec.jbb.JBBmain DoARun -> 信息:   started user thread for Warehouse 6
1月 02, 2026 6:20:12 下午 spec.jbb.JBBmain DoARun -> 信息:   started user thread for Warehouse 7
1月 02, 2026 6:20:12 下午 spec.jbb.Company displayResultTotals -> 信息: Timing Measurement began Fri Jan 02 18:20:12 CST 2026 for 0.5 minutes
1月 02, 2026 6:20:42 下午 spec.jbb.Company displayResultTotals -> 信息: Timing Measurement ended Fri Jan 02 18:20:42 CST 2026
1月 02, 2026 6:20:42 下午 spec.jbb.Company primeWithDummyData -> 信息: Loading Warehouse 8...
1月 02, 2026 6:20:42 下午 spec.jbb.JBBmain DoARun -> 信息: Start User Threads
1月 02, 2026 6:20:42 下午 spec.jbb.JBBmain DoARun -> 信息:   started user thread for Warehouse 1
1月 02, 2026 6:20:42 下午 spec.jbb.JBBmain DoARun -> 信息:   started user thread for Warehouse 2
1月 02, 2026 6:20:42 下午 spec.jbb.JBBmain DoARun -> 信息:   started user thread for Warehouse 3
1月 02, 2026 6:20:42 下午 spec.jbb.JBBmain DoARun -> 信息:   started user thread for Warehouse 4
1月 02, 2026 6:20:42 下午 spec.jbb.JBBmain DoARun -> 信息:   started user thread for Warehouse 5
1月 02, 2026 6:20:42 下午 spec.jbb.JBBmain DoARun -> 信息:   started user thread for Warehouse 6
1月 02, 2026 6:20:42 下午 spec.jbb.JBBmain DoARun -> 信息:   started user thread for Warehouse 7
1月 02, 2026 6:20:42 下午 spec.jbb.JBBmain DoARun -> 信息:   started user thread for Warehouse 8
1月 02, 2026 6:20:42 下午 spec.jbb.Company displayResultTotals -> 信息: Timing Measurement began Fri Jan 02 18:20:42 CST 2026 for 0.5 minutes
1月 02, 2026 6:21:12 下午 spec.jbb.Company displayResultTotals -> 信息: Timing Measurement ended Fri Jan 02 18:21:12 CST 2026
1月 02, 2026 6:21:12 下午 spec.jbb.Company primeWithDummyData -> 信息: Loading Warehouse 9...
1月 02, 2026 6:21:13 下午 spec.jbb.JBBmain DoARun -> 信息: Start User Threads
1月 02, 2026 6:21:13 下午 spec.jbb.JBBmain DoARun -> 信息:   started user thread for Warehouse 1
1月 02, 2026 6:21:13 下午 spec.jbb.JBBmain DoARun -> 信息:   started user thread for Warehouse 2
1月 02, 2026 6:21:13 下午 spec.jbb.JBBmain DoARun -> 信息:   started user thread for Warehouse 3
1月 02, 2026 6:21:13 下午 spec.jbb.JBBmain DoARun -> 信息:   started user thread for Warehouse 4
1月 02, 2026 6:21:13 下午 spec.jbb.JBBmain DoARun -> 信息:   started user thread for Warehouse 5
1月 02, 2026 6:21:13 下午 spec.jbb.JBBmain DoARun -> 信息:   started user thread for Warehouse 6
1月 02, 2026 6:21:13 下午 spec.jbb.JBBmain DoARun -> 信息:   started user thread for Warehouse 7
1月 02, 2026 6:21:13 下午 spec.jbb.JBBmain DoARun -> 信息:   started user thread for Warehouse 8
1月 02, 2026 6:21:13 下午 spec.jbb.JBBmain DoARun -> 信息:   started user thread for Warehouse 9
1月 02, 2026 6:21:13 下午 spec.jbb.Company displayResultTotals -> 信息: Timing Measurement began Fri Jan 02 18:21:13 CST 2026 for 0.5 minutes
1月 02, 2026 6:21:43 下午 spec.jbb.Company displayResultTotals -> 信息: Timing Measurement ended Fri Jan 02 18:21:43 CST 2026
1月 02, 2026 6:21:43 下午 spec.jbb.Company primeWithDummyData -> 信息: Loading Warehouse 10...
1月 02, 2026 6:21:43 下午 spec.jbb.JBBmain DoARun -> 信息: Start User Threads
1月 02, 2026 6:21:43 下午 spec.jbb.JBBmain DoARun -> 信息:   started user thread for Warehouse 1
1月 02, 2026 6:21:43 下午 spec.jbb.JBBmain DoARun -> 信息:   started user thread for Warehouse 2
1月 02, 2026 6:21:43 下午 spec.jbb.JBBmain DoARun -> 信息:   started user thread for Warehouse 3
1月 02, 2026 6:21:43 下午 spec.jbb.JBBmain DoARun -> 信息:   started user thread for Warehouse 4
1月 02, 2026 6:21:43 下午 spec.jbb.JBBmain DoARun -> 信息:   started user thread for Warehouse 5
1月 02, 2026 6:21:43 下午 spec.jbb.JBBmain DoARun -> 信息:   started user thread for Warehouse 6
1月 02, 2026 6:21:43 下午 spec.jbb.JBBmain DoARun -> 信息:   started user thread for Warehouse 7
1月 02, 2026 6:21:43 下午 spec.jbb.JBBmain DoARun -> 信息:   started user thread for Warehouse 8
1月 02, 2026 6:21:43 下午 spec.jbb.JBBmain DoARun -> 信息:   started user thread for Warehouse 9
1月 02, 2026 6:21:43 下午 spec.jbb.JBBmain DoARun -> 信息:   started user thread for Warehouse 10
1月 02, 2026 6:21:43 下午 spec.jbb.Company displayResultTotals -> 信息: Timing Measurement began Fri Jan 02 18:21:43 CST 2026 for 0.5 minutes
1月 02, 2026 6:22:13 下午 spec.jbb.Company displayResultTotals -> 信息: Timing Measurement ended Fri Jan 02 18:22:13 CST 2026
1月 02, 2026 6:22:13 下午 spec.jbb.Company primeWithDummyData -> 信息: Loading Warehouse 11...
1月 02, 2026 6:22:13 下午 spec.jbb.JBBmain DoARun -> 信息: Start User Threads
1月 02, 2026 6:22:13 下午 spec.jbb.JBBmain DoARun -> 信息:   started user thread for Warehouse 1
1月 02, 2026 6:22:13 下午 spec.jbb.JBBmain DoARun -> 信息:   started user thread for Warehouse 2
1月 02, 2026 6:22:13 下午 spec.jbb.JBBmain DoARun -> 信息:   started user thread for Warehouse 3
1月 02, 2026 6:22:13 下午 spec.jbb.JBBmain DoARun -> 信息:   started user thread for Warehouse 4
1月 02, 2026 6:22:13 下午 spec.jbb.JBBmain DoARun -> 信息:   started user thread for Warehouse 5
1月 02, 2026 6:22:13 下午 spec.jbb.JBBmain DoARun -> 信息:   started user thread for Warehouse 6
1月 02, 2026 6:22:13 下午 spec.jbb.JBBmain DoARun -> 信息:   started user thread for Warehouse 7
1月 02, 2026 6:22:13 下午 spec.jbb.JBBmain DoARun -> 信息:   started user thread for Warehouse 8
1月 02, 2026 6:22:13 下午 spec.jbb.JBBmain DoARun -> 信息:   started user thread for Warehouse 9
1月 02, 2026 6:22:13 下午 spec.jbb.JBBmain DoARun -> 信息:   started user thread for Warehouse 10
1月 02, 2026 6:22:13 下午 spec.jbb.JBBmain DoARun -> 信息:   started user thread for Warehouse 11
1月 02, 2026 6:22:13 下午 spec.jbb.Company displayResultTotals -> 信息: Timing Measurement began Fri Jan 02 18:22:13 CST 2026 for 0.5 minutes
1月 02, 2026 6:22:43 下午 spec.jbb.Company displayResultTotals -> 信息: Timing Measurement ended Fri Jan 02 18:22:43 CST 2026
1月 02, 2026 6:22:43 下午 spec.jbb.Company primeWithDummyData -> 信息: Loading Warehouse 12...
1月 02, 2026 6:22:44 下午 spec.jbb.JBBmain DoARun -> 信息: Start User Threads
1月 02, 2026 6:22:44 下午 spec.jbb.JBBmain DoARun -> 信息:   started user thread for Warehouse 1
1月 02, 2026 6:22:44 下午 spec.jbb.JBBmain DoARun -> 信息:   started user thread for Warehouse 2
1月 02, 2026 6:22:44 下午 spec.jbb.JBBmain DoARun -> 信息:   started user thread for Warehouse 3
1月 02, 2026 6:22:44 下午 spec.jbb.JBBmain DoARun -> 信息:   started user thread for Warehouse 4
1月 02, 2026 6:22:44 下午 spec.jbb.JBBmain DoARun -> 信息:   started user thread for Warehouse 5
1月 02, 2026 6:22:44 下午 spec.jbb.JBBmain DoARun -> 信息:   started user thread for Warehouse 6
1月 02, 2026 6:22:44 下午 spec.jbb.JBBmain DoARun -> 信息:   started user thread for Warehouse 7
1月 02, 2026 6:22:44 下午 spec.jbb.JBBmain DoARun -> 信息:   started user thread for Warehouse 8
1月 02, 2026 6:22:44 下午 spec.jbb.JBBmain DoARun -> 信息:   started user thread for Warehouse 9
1月 02, 2026 6:22:44 下午 spec.jbb.JBBmain DoARun -> 信息:   started user thread for Warehouse 10
1月 02, 2026 6:22:44 下午 spec.jbb.JBBmain DoARun -> 信息:   started user thread for Warehouse 11
1月 02, 2026 6:22:44 下午 spec.jbb.JBBmain DoARun -> 信息:   started user thread for Warehouse 12
1月 02, 2026 6:22:44 下午 spec.jbb.Company displayResultTotals -> 信息: Timing Measurement began Fri Jan 02 18:22:44 CST 2026 for 0.5 minutes
1月 02, 2026 6:23:14 下午 spec.jbb.Company displayResultTotals -> 信息: Timing Measurement ended Fri Jan 02 18:23:14 CST 2026
1月 02, 2026 6:23:14 下午 spec.jbb.Company primeWithDummyData -> 信息: Loading Warehouse 13...
1月 02, 2026 6:23:14 下午 spec.jbb.JBBmain DoARun -> 信息: Start User Threads
1月 02, 2026 6:23:14 下午 spec.jbb.JBBmain DoARun -> 信息:   started user thread for Warehouse 1
1月 02, 2026 6:23:14 下午 spec.jbb.JBBmain DoARun -> 信息:   started user thread for Warehouse 2
1月 02, 2026 6:23:14 下午 spec.jbb.JBBmain DoARun -> 信息:   started user thread for Warehouse 3
1月 02, 2026 6:23:14 下午 spec.jbb.JBBmain DoARun -> 信息:   started user thread for Warehouse 4
1月 02, 2026 6:23:14 下午 spec.jbb.JBBmain DoARun -> 信息:   started user thread for Warehouse 5
1月 02, 2026 6:23:14 下午 spec.jbb.JBBmain DoARun -> 信息:   started user thread for Warehouse 6
1月 02, 2026 6:23:14 下午 spec.jbb.JBBmain DoARun -> 信息:   started user thread for Warehouse 7
1月 02, 2026 6:23:14 下午 spec.jbb.JBBmain DoARun -> 信息:   started user thread for Warehouse 8
1月 02, 2026 6:23:14 下午 spec.jbb.JBBmain DoARun -> 信息:   started user thread for Warehouse 9
1月 02, 2026 6:23:14 下午 spec.jbb.JBBmain DoARun -> 信息:   started user thread for Warehouse 10
1月 02, 2026 6:23:14 下午 spec.jbb.JBBmain DoARun -> 信息:   started user thread for Warehouse 11
1月 02, 2026 6:23:14 下午 spec.jbb.JBBmain DoARun -> 信息:   started user thread for Warehouse 12
1月 02, 2026 6:23:14 下午 spec.jbb.JBBmain DoARun -> 信息:   started user thread for Warehouse 13
1月 02, 2026 6:23:14 下午 spec.jbb.Company displayResultTotals -> 信息: Timing Measurement began Fri Jan 02 18:23:14 CST 2026 for 0.5 minutes
1月 02, 2026 6:23:44 下午 spec.jbb.Company displayResultTotals -> 信息: Timing Measurement ended Fri Jan 02 18:23:44 CST 2026
1月 02, 2026 6:23:44 下午 spec.jbb.Company primeWithDummyData -> 信息: Loading Warehouse 14...
1月 02, 2026 6:23:44 下午 spec.jbb.JBBmain DoARun -> 信息: Start User Threads
1月 02, 2026 6:23:44 下午 spec.jbb.JBBmain DoARun -> 信息:   started user thread for Warehouse 1
1月 02, 2026 6:23:44 下午 spec.jbb.JBBmain DoARun -> 信息:   started user thread for Warehouse 2
1月 02, 2026 6:23:44 下午 spec.jbb.JBBmain DoARun -> 信息:   started user thread for Warehouse 3
1月 02, 2026 6:23:44 下午 spec.jbb.JBBmain DoARun -> 信息:   started user thread for Warehouse 4
1月 02, 2026 6:23:44 下午 spec.jbb.JBBmain DoARun -> 信息:   started user thread for Warehouse 5
1月 02, 2026 6:23:44 下午 spec.jbb.JBBmain DoARun -> 信息:   started user thread for Warehouse 6
1月 02, 2026 6:23:44 下午 spec.jbb.JBBmain DoARun -> 信息:   started user thread for Warehouse 7
1月 02, 2026 6:23:44 下午 spec.jbb.JBBmain DoARun -> 信息:   started user thread for Warehouse 8
1月 02, 2026 6:23:44 下午 spec.jbb.JBBmain DoARun -> 信息:   started user thread for Warehouse 9
1月 02, 2026 6:23:44 下午 spec.jbb.JBBmain DoARun -> 信息:   started user thread for Warehouse 10
1月 02, 2026 6:23:44 下午 spec.jbb.JBBmain DoARun -> 信息:   started user thread for Warehouse 11
1月 02, 2026 6:23:44 下午 spec.jbb.JBBmain DoARun -> 信息:   started user thread for Warehouse 12
1月 02, 2026 6:23:44 下午 spec.jbb.JBBmain DoARun -> 信息:   started user thread for Warehouse 13
1月 02, 2026 6:23:44 下午 spec.jbb.JBBmain DoARun -> 信息:   started user thread for Warehouse 14
1月 02, 2026 6:23:44 下午 spec.jbb.Company displayResultTotals -> 信息: Timing Measurement began Fri Jan 02 18:23:44 CST 2026 for 0.5 minutes
1月 02, 2026 6:24:14 下午 spec.jbb.Company displayResultTotals -> 信息: Timing Measurement ended Fri Jan 02 18:24:14 CST 2026
1月 02, 2026 6:24:14 下午 spec.jbb.Company primeWithDummyData -> 信息: Loading Warehouse 15...
1月 02, 2026 6:24:14 下午 spec.jbb.JBBmain DoARun -> 信息: Start User Threads
1月 02, 2026 6:24:14 下午 spec.jbb.JBBmain DoARun -> 信息:   started user thread for Warehouse 1
1月 02, 2026 6:24:14 下午 spec.jbb.JBBmain DoARun -> 信息:   started user thread for Warehouse 2
1月 02, 2026 6:24:14 下午 spec.jbb.JBBmain DoARun -> 信息:   started user thread for Warehouse 3
1月 02, 2026 6:24:14 下午 spec.jbb.JBBmain DoARun -> 信息:   started user thread for Warehouse 4
1月 02, 2026 6:24:14 下午 spec.jbb.JBBmain DoARun -> 信息:   started user thread for Warehouse 5
1月 02, 2026 6:24:14 下午 spec.jbb.JBBmain DoARun -> 信息:   started user thread for Warehouse 6
1月 02, 2026 6:24:14 下午 spec.jbb.JBBmain DoARun -> 信息:   started user thread for Warehouse 7
1月 02, 2026 6:24:14 下午 spec.jbb.JBBmain DoARun -> 信息:   started user thread for Warehouse 8
1月 02, 2026 6:24:14 下午 spec.jbb.JBBmain DoARun -> 信息:   started user thread for Warehouse 9
1月 02, 2026 6:24:14 下午 spec.jbb.JBBmain DoARun -> 信息:   started user thread for Warehouse 10
1月 02, 2026 6:24:14 下午 spec.jbb.JBBmain DoARun -> 信息:   started user thread for Warehouse 11
1月 02, 2026 6:24:14 下午 spec.jbb.JBBmain DoARun -> 信息:   started user thread for Warehouse 12
1月 02, 2026 6:24:14 下午 spec.jbb.JBBmain DoARun -> 信息:   started user thread for Warehouse 13
1月 02, 2026 6:24:14 下午 spec.jbb.JBBmain DoARun -> 信息:   started user thread for Warehouse 14
1月 02, 2026 6:24:14 下午 spec.jbb.JBBmain DoARun -> 信息:   started user thread for Warehouse 15
1月 02, 2026 6:24:14 下午 spec.jbb.Company displayResultTotals -> 信息: Timing Measurement began Fri Jan 02 18:24:14 CST 2026 for 0.5 minutes
1月 02, 2026 6:24:44 下午 spec.jbb.Company displayResultTotals -> 信息: Timing Measurement ended Fri Jan 02 18:24:44 CST 2026
1月 02, 2026 6:24:44 下午 spec.jbb.Company primeWithDummyData -> 信息: Loading Warehouse 16...
1月 02, 2026 6:24:45 下午 spec.jbb.JBBmain DoARun -> 信息: Start User Threads
1月 02, 2026 6:24:45 下午 spec.jbb.JBBmain DoARun -> 信息:   started user thread for Warehouse 1
1月 02, 2026 6:24:45 下午 spec.jbb.JBBmain DoARun -> 信息:   started user thread for Warehouse 2
1月 02, 2026 6:24:45 下午 spec.jbb.JBBmain DoARun -> 信息:   started user thread for Warehouse 3
1月 02, 2026 6:24:45 下午 spec.jbb.JBBmain DoARun -> 信息:   started user thread for Warehouse 4
1月 02, 2026 6:24:45 下午 spec.jbb.JBBmain DoARun -> 信息:   started user thread for Warehouse 5
1月 02, 2026 6:24:45 下午 spec.jbb.JBBmain DoARun -> 信息:   started user thread for Warehouse 6
1月 02, 2026 6:24:45 下午 spec.jbb.JBBmain DoARun -> 信息:   started user thread for Warehouse 7
1月 02, 2026 6:24:45 下午 spec.jbb.JBBmain DoARun -> 信息:   started user thread for Warehouse 8
1月 02, 2026 6:24:45 下午 spec.jbb.JBBmain DoARun -> 信息:   started user thread for Warehouse 9
1月 02, 2026 6:24:45 下午 spec.jbb.JBBmain DoARun -> 信息:   started user thread for Warehouse 10
1月 02, 2026 6:24:45 下午 spec.jbb.JBBmain DoARun -> 信息:   started user thread for Warehouse 11
1月 02, 2026 6:24:45 下午 spec.jbb.JBBmain DoARun -> 信息:   started user thread for Warehouse 12
1月 02, 2026 6:24:45 下午 spec.jbb.JBBmain DoARun -> 信息:   started user thread for Warehouse 13
1月 02, 2026 6:24:45 下午 spec.jbb.JBBmain DoARun -> 信息:   started user thread for Warehouse 14
1月 02, 2026 6:24:45 下午 spec.jbb.JBBmain DoARun -> 信息:   started user thread for Warehouse 15
1月 02, 2026 6:24:45 下午 spec.jbb.JBBmain DoARun -> 信息:   started user thread for Warehouse 16
1月 02, 2026 6:24:45 下午 spec.jbb.Company displayResultTotals -> 信息: Timing Measurement began Fri Jan 02 18:24:45 CST 2026 for 0.5 minutes
1月 02, 2026 6:25:15 下午 spec.jbb.Company displayResultTotals -> 信息: Timing Measurement ended Fri Jan 02 18:25:15 CST 2026
1月 02, 2026 6:25:15 下午 spec.jbb.Company primeWithDummyData -> 信息: Loading Warehouse 17...
1月 02, 2026 6:25:15 下午 spec.jbb.JBBmain DoARun -> 信息: Start User Threads
1月 02, 2026 6:25:15 下午 spec.jbb.JBBmain DoARun -> 信息:   started user thread for Warehouse 1
1月 02, 2026 6:25:15 下午 spec.jbb.JBBmain DoARun -> 信息:   started user thread for Warehouse 2
1月 02, 2026 6:25:15 下午 spec.jbb.JBBmain DoARun -> 信息:   started user thread for Warehouse 3
1月 02, 2026 6:25:15 下午 spec.jbb.JBBmain DoARun -> 信息:   started user thread for Warehouse 4
1月 02, 2026 6:25:15 下午 spec.jbb.JBBmain DoARun -> 信息:   started user thread for Warehouse 5
1月 02, 2026 6:25:15 下午 spec.jbb.JBBmain DoARun -> 信息:   started user thread for Warehouse 6
1月 02, 2026 6:25:15 下午 spec.jbb.JBBmain DoARun -> 信息:   started user thread for Warehouse 7
1月 02, 2026 6:25:15 下午 spec.jbb.JBBmain DoARun -> 信息:   started user thread for Warehouse 8
1月 02, 2026 6:25:15 下午 spec.jbb.JBBmain DoARun -> 信息:   started user thread for Warehouse 9
1月 02, 2026 6:25:15 下午 spec.jbb.JBBmain DoARun -> 信息:   started user thread for Warehouse 10
1月 02, 2026 6:25:15 下午 spec.jbb.JBBmain DoARun -> 信息:   started user thread for Warehouse 11
1月 02, 2026 6:25:15 下午 spec.jbb.JBBmain DoARun -> 信息:   started user thread for Warehouse 12
1月 02, 2026 6:25:15 下午 spec.jbb.JBBmain DoARun -> 信息:   started user thread for Warehouse 13
1月 02, 2026 6:25:15 下午 spec.jbb.JBBmain DoARun -> 信息:   started user thread for Warehouse 14
1月 02, 2026 6:25:15 下午 spec.jbb.JBBmain DoARun -> 信息:   started user thread for Warehouse 15
1月 02, 2026 6:25:15 下午 spec.jbb.JBBmain DoARun -> 信息:   started user thread for Warehouse 16
1月 02, 2026 6:25:15 下午 spec.jbb.JBBmain DoARun -> 信息:   started user thread for Warehouse 17
1月 02, 2026 6:25:15 下午 spec.jbb.Company displayResultTotals -> 信息: Timing Measurement began Fri Jan 02 18:25:15 CST 2026 for 0.5 minutes
1月 02, 2026 6:25:45 下午 spec.jbb.Company displayResultTotals -> 信息: Timing Measurement ended Fri Jan 02 18:25:45 CST 2026
1月 02, 2026 6:25:45 下午 spec.jbb.Company primeWithDummyData -> 信息: Loading Warehouse 18...
1月 02, 2026 6:25:45 下午 spec.jbb.JBBmain DoARun -> 信息: Start User Threads
1月 02, 2026 6:25:45 下午 spec.jbb.JBBmain DoARun -> 信息:   started user thread for Warehouse 1
1月 02, 2026 6:25:45 下午 spec.jbb.JBBmain DoARun -> 信息:   started user thread for Warehouse 2
1月 02, 2026 6:25:45 下午 spec.jbb.JBBmain DoARun -> 信息:   started user thread for Warehouse 3
1月 02, 2026 6:25:45 下午 spec.jbb.JBBmain DoARun -> 信息:   started user thread for Warehouse 4
1月 02, 2026 6:25:45 下午 spec.jbb.JBBmain DoARun -> 信息:   started user thread for Warehouse 5
1月 02, 2026 6:25:45 下午 spec.jbb.JBBmain DoARun -> 信息:   started user thread for Warehouse 6
1月 02, 2026 6:25:45 下午 spec.jbb.JBBmain DoARun -> 信息:   started user thread for Warehouse 7
1月 02, 2026 6:25:45 下午 spec.jbb.JBBmain DoARun -> 信息:   started user thread for Warehouse 8
1月 02, 2026 6:25:45 下午 spec.jbb.JBBmain DoARun -> 信息:   started user thread for Warehouse 9
1月 02, 2026 6:25:45 下午 spec.jbb.JBBmain DoARun -> 信息:   started user thread for Warehouse 10
1月 02, 2026 6:25:45 下午 spec.jbb.JBBmain DoARun -> 信息:   started user thread for Warehouse 11
1月 02, 2026 6:25:45 下午 spec.jbb.JBBmain DoARun -> 信息:   started user thread for Warehouse 12
1月 02, 2026 6:25:45 下午 spec.jbb.JBBmain DoARun -> 信息:   started user thread for Warehouse 13
1月 02, 2026 6:25:45 下午 spec.jbb.JBBmain DoARun -> 信息:   started user thread for Warehouse 14
1月 02, 2026 6:25:45 下午 spec.jbb.JBBmain DoARun -> 信息:   started user thread for Warehouse 15
1月 02, 2026 6:25:45 下午 spec.jbb.JBBmain DoARun -> 信息:   started user thread for Warehouse 16
1月 02, 2026 6:25:45 下午 spec.jbb.JBBmain DoARun -> 信息:   started user thread for Warehouse 17
1月 02, 2026 6:25:45 下午 spec.jbb.JBBmain DoARun -> 信息:   started user thread for Warehouse 18
1月 02, 2026 6:25:45 下午 spec.jbb.Company displayResultTotals -> 信息: Timing Measurement began Fri Jan 02 18:25:45 CST 2026 for 0.5 minutes
1月 02, 2026 6:26:15 下午 spec.jbb.Company displayResultTotals -> 信息: Timing Measurement ended Fri Jan 02 18:26:15 CST 2026
1月 02, 2026 6:26:15 下午 spec.jbb.Company primeWithDummyData -> 信息: Loading Warehouse 19...
1月 02, 2026 6:26:16 下午 spec.jbb.JBBmain DoARun -> 信息: Start User Threads
1月 02, 2026 6:26:16 下午 spec.jbb.JBBmain DoARun -> 信息:   started user thread for Warehouse 1
1月 02, 2026 6:26:16 下午 spec.jbb.JBBmain DoARun -> 信息:   started user thread for Warehouse 2
1月 02, 2026 6:26:16 下午 spec.jbb.JBBmain DoARun -> 信息:   started user thread for Warehouse 3
1月 02, 2026 6:26:16 下午 spec.jbb.JBBmain DoARun -> 信息:   started user thread for Warehouse 4
1月 02, 2026 6:26:16 下午 spec.jbb.JBBmain DoARun -> 信息:   started user thread for Warehouse 5
1月 02, 2026 6:26:16 下午 spec.jbb.JBBmain DoARun -> 信息:   started user thread for Warehouse 6
1月 02, 2026 6:26:16 下午 spec.jbb.JBBmain DoARun -> 信息:   started user thread for Warehouse 7
1月 02, 2026 6:26:16 下午 spec.jbb.JBBmain DoARun -> 信息:   started user thread for Warehouse 8
1月 02, 2026 6:26:16 下午 spec.jbb.JBBmain DoARun -> 信息:   started user thread for Warehouse 9
1月 02, 2026 6:26:16 下午 spec.jbb.JBBmain DoARun -> 信息:   started user thread for Warehouse 10
1月 02, 2026 6:26:16 下午 spec.jbb.JBBmain DoARun -> 信息:   started user thread for Warehouse 11
1月 02, 2026 6:26:16 下午 spec.jbb.JBBmain DoARun -> 信息:   started user thread for Warehouse 12
1月 02, 2026 6:26:16 下午 spec.jbb.JBBmain DoARun -> 信息:   started user thread for Warehouse 13
1月 02, 2026 6:26:16 下午 spec.jbb.JBBmain DoARun -> 信息:   started user thread for Warehouse 14
1月 02, 2026 6:26:16 下午 spec.jbb.JBBmain DoARun -> 信息:   started user thread for Warehouse 15
1月 02, 2026 6:26:16 下午 spec.jbb.JBBmain DoARun -> 信息:   started user thread for Warehouse 16
1月 02, 2026 6:26:16 下午 spec.jbb.JBBmain DoARun -> 信息:   started user thread for Warehouse 17
1月 02, 2026 6:26:16 下午 spec.jbb.JBBmain DoARun -> 信息:   started user thread for Warehouse 18
1月 02, 2026 6:26:16 下午 spec.jbb.JBBmain DoARun -> 信息:   started user thread for Warehouse 19
1月 02, 2026 6:26:16 下午 spec.jbb.Company displayResultTotals -> 信息: Timing Measurement began Fri Jan 02 18:26:16 CST 2026 for 0.5 minutes
1月 02, 2026 6:26:46 下午 spec.jbb.Company displayResultTotals -> 信息: Timing Measurement ended Fri Jan 02 18:26:46 CST 2026
1月 02, 2026 6:26:46 下午 spec.jbb.Company primeWithDummyData -> 信息: Loading Warehouse 20...
1月 02, 2026 6:26:46 下午 spec.jbb.JBBmain DoARun -> 信息: Start User Threads
1月 02, 2026 6:26:46 下午 spec.jbb.JBBmain DoARun -> 信息:   started user thread for Warehouse 1
1月 02, 2026 6:26:46 下午 spec.jbb.JBBmain DoARun -> 信息:   started user thread for Warehouse 2
1月 02, 2026 6:26:46 下午 spec.jbb.JBBmain DoARun -> 信息:   started user thread for Warehouse 3
1月 02, 2026 6:26:46 下午 spec.jbb.JBBmain DoARun -> 信息:   started user thread for Warehouse 4
1月 02, 2026 6:26:46 下午 spec.jbb.JBBmain DoARun -> 信息:   started user thread for Warehouse 5
1月 02, 2026 6:26:46 下午 spec.jbb.JBBmain DoARun -> 信息:   started user thread for Warehouse 6
1月 02, 2026 6:26:46 下午 spec.jbb.JBBmain DoARun -> 信息:   started user thread for Warehouse 7
1月 02, 2026 6:26:46 下午 spec.jbb.JBBmain DoARun -> 信息:   started user thread for Warehouse 8
1月 02, 2026 6:26:46 下午 spec.jbb.JBBmain DoARun -> 信息:   started user thread for Warehouse 9
1月 02, 2026 6:26:46 下午 spec.jbb.JBBmain DoARun -> 信息:   started user thread for Warehouse 10
1月 02, 2026 6:26:46 下午 spec.jbb.JBBmain DoARun -> 信息:   started user thread for Warehouse 11
1月 02, 2026 6:26:46 下午 spec.jbb.JBBmain DoARun -> 信息:   started user thread for Warehouse 12
1月 02, 2026 6:26:46 下午 spec.jbb.JBBmain DoARun -> 信息:   started user thread for Warehouse 13
1月 02, 2026 6:26:46 下午 spec.jbb.JBBmain DoARun -> 信息:   started user thread for Warehouse 14
1月 02, 2026 6:26:46 下午 spec.jbb.JBBmain DoARun -> 信息:   started user thread for Warehouse 15
1月 02, 2026 6:26:46 下午 spec.jbb.JBBmain DoARun -> 信息:   started user thread for Warehouse 16
1月 02, 2026 6:26:46 下午 spec.jbb.JBBmain DoARun -> 信息:   started user thread for Warehouse 17
1月 02, 2026 6:26:46 下午 spec.jbb.JBBmain DoARun -> 信息:   started user thread for Warehouse 18
1月 02, 2026 6:26:46 下午 spec.jbb.JBBmain DoARun -> 信息:   started user thread for Warehouse 19
1月 02, 2026 6:26:46 下午 spec.jbb.JBBmain DoARun -> 信息:   started user thread for Warehouse 20
1月 02, 2026 6:26:46 下午 spec.jbb.Company displayResultTotals -> 信息: Timing Measurement began Fri Jan 02 18:26:46 CST 2026 for 0.5 minutes
1月 02, 2026 6:27:16 下午 spec.jbb.Company displayResultTotals -> 信息: Timing Measurement ended Fri Jan 02 18:27:16 CST 2026
1月 02, 2026 6:27:16 下午 spec.jbb.Company primeWithDummyData -> 信息: Loading Warehouse 21...
1月 02, 2026 6:27:16 下午 spec.jbb.JBBmain DoARun -> 信息: Start User Threads
1月 02, 2026 6:27:16 下午 spec.jbb.JBBmain DoARun -> 信息:   started user thread for Warehouse 1
1月 02, 2026 6:27:16 下午 spec.jbb.JBBmain DoARun -> 信息:   started user thread for Warehouse 2
1月 02, 2026 6:27:16 下午 spec.jbb.JBBmain DoARun -> 信息:   started user thread for Warehouse 3
1月 02, 2026 6:27:16 下午 spec.jbb.JBBmain DoARun -> 信息:   started user thread for Warehouse 4
1月 02, 2026 6:27:16 下午 spec.jbb.JBBmain DoARun -> 信息:   started user thread for Warehouse 5
1月 02, 2026 6:27:16 下午 spec.jbb.JBBmain DoARun -> 信息:   started user thread for Warehouse 6
1月 02, 2026 6:27:16 下午 spec.jbb.JBBmain DoARun -> 信息:   started user thread for Warehouse 7
1月 02, 2026 6:27:16 下午 spec.jbb.JBBmain DoARun -> 信息:   started user thread for Warehouse 8
1月 02, 2026 6:27:16 下午 spec.jbb.JBBmain DoARun -> 信息:   started user thread for Warehouse 9
1月 02, 2026 6:27:16 下午 spec.jbb.JBBmain DoARun -> 信息:   started user thread for Warehouse 10
1月 02, 2026 6:27:16 下午 spec.jbb.JBBmain DoARun -> 信息:   started user thread for Warehouse 11
1月 02, 2026 6:27:16 下午 spec.jbb.JBBmain DoARun -> 信息:   started user thread for Warehouse 12
1月 02, 2026 6:27:16 下午 spec.jbb.JBBmain DoARun -> 信息:   started user thread for Warehouse 13
1月 02, 2026 6:27:16 下午 spec.jbb.JBBmain DoARun -> 信息:   started user thread for Warehouse 14
1月 02, 2026 6:27:16 下午 spec.jbb.JBBmain DoARun -> 信息:   started user thread for Warehouse 15
1月 02, 2026 6:27:16 下午 spec.jbb.JBBmain DoARun -> 信息:   started user thread for Warehouse 16
1月 02, 2026 6:27:16 下午 spec.jbb.JBBmain DoARun -> 信息:   started user thread for Warehouse 17
1月 02, 2026 6:27:16 下午 spec.jbb.JBBmain DoARun -> 信息:   started user thread for Warehouse 18
1月 02, 2026 6:27:16 下午 spec.jbb.JBBmain DoARun -> 信息:   started user thread for Warehouse 19
1月 02, 2026 6:27:16 下午 spec.jbb.JBBmain DoARun -> 信息:   started user thread for Warehouse 20
1月 02, 2026 6:27:16 下午 spec.jbb.JBBmain DoARun -> 信息:   started user thread for Warehouse 21
1月 02, 2026 6:27:16 下午 spec.jbb.Company displayResultTotals -> 信息: Timing Measurement began Fri Jan 02 18:27:16 CST 2026 for 0.5 minutes
1月 02, 2026 6:27:46 下午 spec.jbb.Company displayResultTotals -> 信息: Timing Measurement ended Fri Jan 02 18:27:46 CST 2026
1月 02, 2026 6:27:46 下午 spec.jbb.Company primeWithDummyData -> 信息: Loading Warehouse 22...
1月 02, 2026 6:27:46 下午 spec.jbb.JBBmain DoARun -> 信息: Start User Threads
1月 02, 2026 6:27:46 下午 spec.jbb.JBBmain DoARun -> 信息:   started user thread for Warehouse 1
1月 02, 2026 6:27:46 下午 spec.jbb.JBBmain DoARun -> 信息:   started user thread for Warehouse 2
1月 02, 2026 6:27:46 下午 spec.jbb.JBBmain DoARun -> 信息:   started user thread for Warehouse 3
1月 02, 2026 6:27:46 下午 spec.jbb.JBBmain DoARun -> 信息:   started user thread for Warehouse 4
1月 02, 2026 6:27:46 下午 spec.jbb.JBBmain DoARun -> 信息:   started user thread for Warehouse 5
1月 02, 2026 6:27:46 下午 spec.jbb.JBBmain DoARun -> 信息:   started user thread for Warehouse 6
1月 02, 2026 6:27:46 下午 spec.jbb.JBBmain DoARun -> 信息:   started user thread for Warehouse 7
1月 02, 2026 6:27:46 下午 spec.jbb.JBBmain DoARun -> 信息:   started user thread for Warehouse 8
1月 02, 2026 6:27:46 下午 spec.jbb.JBBmain DoARun -> 信息:   started user thread for Warehouse 9
1月 02, 2026 6:27:46 下午 spec.jbb.JBBmain DoARun -> 信息:   started user thread for Warehouse 10
1月 02, 2026 6:27:46 下午 spec.jbb.JBBmain DoARun -> 信息:   started user thread for Warehouse 11
1月 02, 2026 6:27:46 下午 spec.jbb.JBBmain DoARun -> 信息:   started user thread for Warehouse 12
1月 02, 2026 6:27:46 下午 spec.jbb.JBBmain DoARun -> 信息:   started user thread for Warehouse 13
1月 02, 2026 6:27:46 下午 spec.jbb.JBBmain DoARun -> 信息:   started user thread for Warehouse 14
1月 02, 2026 6:27:47 下午 spec.jbb.JBBmain DoARun -> 信息:   started user thread for Warehouse 15
1月 02, 2026 6:27:47 下午 spec.jbb.JBBmain DoARun -> 信息:   started user thread for Warehouse 16
1月 02, 2026 6:27:47 下午 spec.jbb.JBBmain DoARun -> 信息:   started user thread for Warehouse 17
1月 02, 2026 6:27:47 下午 spec.jbb.JBBmain DoARun -> 信息:   started user thread for Warehouse 18
1月 02, 2026 6:27:47 下午 spec.jbb.JBBmain DoARun -> 信息:   started user thread for Warehouse 19
1月 02, 2026 6:27:47 下午 spec.jbb.JBBmain DoARun -> 信息:   started user thread for Warehouse 20
1月 02, 2026 6:27:47 下午 spec.jbb.JBBmain DoARun -> 信息:   started user thread for Warehouse 21
1月 02, 2026 6:27:47 下午 spec.jbb.JBBmain DoARun -> 信息:   started user thread for Warehouse 22
1月 02, 2026 6:27:47 下午 spec.jbb.Company displayResultTotals -> 信息: Timing Measurement began Fri Jan 02 18:27:47 CST 2026 for 0.5 minutes
1月 02, 2026 6:28:17 下午 spec.jbb.Company displayResultTotals -> 信息: Timing Measurement ended Fri Jan 02 18:28:17 CST 2026
1月 02, 2026 6:28:17 下午 spec.jbb.Company primeWithDummyData -> 信息: Loading Warehouse 23...
1月 02, 2026 6:28:17 下午 spec.jbb.JBBmain DoARun -> 信息: Start User Threads
1月 02, 2026 6:28:17 下午 spec.jbb.JBBmain DoARun -> 信息:   started user thread for Warehouse 1
1月 02, 2026 6:28:17 下午 spec.jbb.JBBmain DoARun -> 信息:   started user thread for Warehouse 2
1月 02, 2026 6:28:17 下午 spec.jbb.JBBmain DoARun -> 信息:   started user thread for Warehouse 3
1月 02, 2026 6:28:17 下午 spec.jbb.JBBmain DoARun -> 信息:   started user thread for Warehouse 4
1月 02, 2026 6:28:17 下午 spec.jbb.JBBmain DoARun -> 信息:   started user thread for Warehouse 5
1月 02, 2026 6:28:17 下午 spec.jbb.JBBmain DoARun -> 信息:   started user thread for Warehouse 6
1月 02, 2026 6:28:17 下午 spec.jbb.JBBmain DoARun -> 信息:   started user thread for Warehouse 7
1月 02, 2026 6:28:17 下午 spec.jbb.JBBmain DoARun -> 信息:   started user thread for Warehouse 8
1月 02, 2026 6:28:17 下午 spec.jbb.JBBmain DoARun -> 信息:   started user thread for Warehouse 9
1月 02, 2026 6:28:17 下午 spec.jbb.JBBmain DoARun -> 信息:   started user thread for Warehouse 10
1月 02, 2026 6:28:17 下午 spec.jbb.JBBmain DoARun -> 信息:   started user thread for Warehouse 11
1月 02, 2026 6:28:17 下午 spec.jbb.JBBmain DoARun -> 信息:   started user thread for Warehouse 12
1月 02, 2026 6:28:17 下午 spec.jbb.JBBmain DoARun -> 信息:   started user thread for Warehouse 13
1月 02, 2026 6:28:17 下午 spec.jbb.JBBmain DoARun -> 信息:   started user thread for Warehouse 14
1月 02, 2026 6:28:17 下午 spec.jbb.JBBmain DoARun -> 信息:   started user thread for Warehouse 15
1月 02, 2026 6:28:17 下午 spec.jbb.JBBmain DoARun -> 信息:   started user thread for Warehouse 16
1月 02, 2026 6:28:17 下午 spec.jbb.JBBmain DoARun -> 信息:   started user thread for Warehouse 17
1月 02, 2026 6:28:17 下午 spec.jbb.JBBmain DoARun -> 信息:   started user thread for Warehouse 18
1月 02, 2026 6:28:17 下午 spec.jbb.JBBmain DoARun -> 信息:   started user thread for Warehouse 19
1月 02, 2026 6:28:17 下午 spec.jbb.JBBmain DoARun -> 信息:   started user thread for Warehouse 20
1月 02, 2026 6:28:17 下午 spec.jbb.JBBmain DoARun -> 信息:   started user thread for Warehouse 21
1月 02, 2026 6:28:17 下午 spec.jbb.JBBmain DoARun -> 信息:   started user thread for Warehouse 22
1月 02, 2026 6:28:17 下午 spec.jbb.JBBmain DoARun -> 信息:   started user thread for Warehouse 23
1月 02, 2026 6:28:17 下午 spec.jbb.Company displayResultTotals -> 信息: Timing Measurement began Fri Jan 02 18:28:17 CST 2026 for 0.5 minutes
1月 02, 2026 6:28:47 下午 spec.jbb.Company displayResultTotals -> 信息: Timing Measurement ended Fri Jan 02 18:28:47 CST 2026
1月 02, 2026 6:28:47 下午 spec.jbb.Company primeWithDummyData -> 信息: Loading Warehouse 24...
1月 02, 2026 6:28:47 下午 spec.jbb.JBBmain DoARun -> 信息: Start User Threads
1月 02, 2026 6:28:47 下午 spec.jbb.JBBmain DoARun -> 信息:   started user thread for Warehouse 1
1月 02, 2026 6:28:47 下午 spec.jbb.JBBmain DoARun -> 信息:   started user thread for Warehouse 2
1月 02, 2026 6:28:47 下午 spec.jbb.JBBmain DoARun -> 信息:   started user thread for Warehouse 3
1月 02, 2026 6:28:47 下午 spec.jbb.JBBmain DoARun -> 信息:   started user thread for Warehouse 4
1月 02, 2026 6:28:47 下午 spec.jbb.JBBmain DoARun -> 信息:   started user thread for Warehouse 5
1月 02, 2026 6:28:47 下午 spec.jbb.JBBmain DoARun -> 信息:   started user thread for Warehouse 6
1月 02, 2026 6:28:47 下午 spec.jbb.JBBmain DoARun -> 信息:   started user thread for Warehouse 7
1月 02, 2026 6:28:47 下午 spec.jbb.JBBmain DoARun -> 信息:   started user thread for Warehouse 8
1月 02, 2026 6:28:47 下午 spec.jbb.JBBmain DoARun -> 信息:   started user thread for Warehouse 9
1月 02, 2026 6:28:47 下午 spec.jbb.JBBmain DoARun -> 信息:   started user thread for Warehouse 10
1月 02, 2026 6:28:47 下午 spec.jbb.JBBmain DoARun -> 信息:   started user thread for Warehouse 11
1月 02, 2026 6:28:47 下午 spec.jbb.JBBmain DoARun -> 信息:   started user thread for Warehouse 12
1月 02, 2026 6:28:47 下午 spec.jbb.JBBmain DoARun -> 信息:   started user thread for Warehouse 13
1月 02, 2026 6:28:47 下午 spec.jbb.JBBmain DoARun -> 信息:   started user thread for Warehouse 14
1月 02, 2026 6:28:47 下午 spec.jbb.JBBmain DoARun -> 信息:   started user thread for Warehouse 15
1月 02, 2026 6:28:47 下午 spec.jbb.JBBmain DoARun -> 信息:   started user thread for Warehouse 16
1月 02, 2026 6:28:47 下午 spec.jbb.JBBmain DoARun -> 信息:   started user thread for Warehouse 17
1月 02, 2026 6:28:47 下午 spec.jbb.JBBmain DoARun -> 信息:   started user thread for Warehouse 18
1月 02, 2026 6:28:47 下午 spec.jbb.JBBmain DoARun -> 信息:   started user thread for Warehouse 19
1月 02, 2026 6:28:47 下午 spec.jbb.JBBmain DoARun -> 信息:   started user thread for Warehouse 20
1月 02, 2026 6:28:47 下午 spec.jbb.JBBmain DoARun -> 信息:   started user thread for Warehouse 21
1月 02, 2026 6:28:47 下午 spec.jbb.JBBmain DoARun -> 信息:   started user thread for Warehouse 22
1月 02, 2026 6:28:47 下午 spec.jbb.JBBmain DoARun -> 信息:   started user thread for Warehouse 23
1月 02, 2026 6:28:47 下午 spec.jbb.JBBmain DoARun -> 信息:   started user thread for Warehouse 24
1月 02, 2026 6:28:47 下午 spec.jbb.Company displayResultTotals -> 信息: Timing Measurement began Fri Jan 02 18:28:47 CST 2026 for 0.5 minutes
1月 02, 2026 6:29:17 下午 spec.jbb.Company displayResultTotals -> 信息: Timing Measurement ended Fri Jan 02 18:29:17 CST 2026
1月 02, 2026 6:29:17 下午 spec.jbb.Company primeWithDummyData -> 信息: Loading Warehouse 25...
1月 02, 2026 6:29:17 下午 spec.jbb.JBBmain DoARun -> 信息: Start User Threads
1月 02, 2026 6:29:17 下午 spec.jbb.JBBmain DoARun -> 信息:   started user thread for Warehouse 1
1月 02, 2026 6:29:17 下午 spec.jbb.JBBmain DoARun -> 信息:   started user thread for Warehouse 2
1月 02, 2026 6:29:17 下午 spec.jbb.JBBmain DoARun -> 信息:   started user thread for Warehouse 3
1月 02, 2026 6:29:17 下午 spec.jbb.JBBmain DoARun -> 信息:   started user thread for Warehouse 4
1月 02, 2026 6:29:17 下午 spec.jbb.JBBmain DoARun -> 信息:   started user thread for Warehouse 5
1月 02, 2026 6:29:17 下午 spec.jbb.JBBmain DoARun -> 信息:   started user thread for Warehouse 6
1月 02, 2026 6:29:17 下午 spec.jbb.JBBmain DoARun -> 信息:   started user thread for Warehouse 7
1月 02, 2026 6:29:17 下午 spec.jbb.JBBmain DoARun -> 信息:   started user thread for Warehouse 8
1月 02, 2026 6:29:17 下午 spec.jbb.JBBmain DoARun -> 信息:   started user thread for Warehouse 9
1月 02, 2026 6:29:17 下午 spec.jbb.JBBmain DoARun -> 信息:   started user thread for Warehouse 10
1月 02, 2026 6:29:17 下午 spec.jbb.JBBmain DoARun -> 信息:   started user thread for Warehouse 11
1月 02, 2026 6:29:17 下午 spec.jbb.JBBmain DoARun -> 信息:   started user thread for Warehouse 12
1月 02, 2026 6:29:17 下午 spec.jbb.JBBmain DoARun -> 信息:   started user thread for Warehouse 13
1月 02, 2026 6:29:17 下午 spec.jbb.JBBmain DoARun -> 信息:   started user thread for Warehouse 14
1月 02, 2026 6:29:17 下午 spec.jbb.JBBmain DoARun -> 信息:   started user thread for Warehouse 15
1月 02, 2026 6:29:17 下午 spec.jbb.JBBmain DoARun -> 信息:   started user thread for Warehouse 16
1月 02, 2026 6:29:17 下午 spec.jbb.JBBmain DoARun -> 信息:   started user thread for Warehouse 17
1月 02, 2026 6:29:17 下午 spec.jbb.JBBmain DoARun -> 信息:   started user thread for Warehouse 18
1月 02, 2026 6:29:17 下午 spec.jbb.JBBmain DoARun -> 信息:   started user thread for Warehouse 19
1月 02, 2026 6:29:17 下午 spec.jbb.JBBmain DoARun -> 信息:   started user thread for Warehouse 20
1月 02, 2026 6:29:17 下午 spec.jbb.JBBmain DoARun -> 信息:   started user thread for Warehouse 21
1月 02, 2026 6:29:17 下午 spec.jbb.JBBmain DoARun -> 信息:   started user thread for Warehouse 22
1月 02, 2026 6:29:17 下午 spec.jbb.JBBmain DoARun -> 信息:   started user thread for Warehouse 23
1月 02, 2026 6:29:17 下午 spec.jbb.JBBmain DoARun -> 信息:   started user thread for Warehouse 24
1月 02, 2026 6:29:17 下午 spec.jbb.JBBmain DoARun -> 信息:   started user thread for Warehouse 25
1月 02, 2026 6:29:17 下午 spec.jbb.Company displayResultTotals -> 信息: Timing Measurement began Fri Jan 02 18:29:17 CST 2026 for 0.5 minutes
1月 02, 2026 6:29:47 下午 spec.jbb.Company displayResultTotals -> 信息: Timing Measurement ended Fri Jan 02 18:29:47 CST 2026
1月 02, 2026 6:29:47 下午 spec.jbb.Company primeWithDummyData -> 信息: Loading Warehouse 26...
1月 02, 2026 6:29:48 下午 spec.jbb.JBBmain DoARun -> 信息: Start User Threads
1月 02, 2026 6:29:48 下午 spec.jbb.JBBmain DoARun -> 信息:   started user thread for Warehouse 1
1月 02, 2026 6:29:48 下午 spec.jbb.JBBmain DoARun -> 信息:   started user thread for Warehouse 2
1月 02, 2026 6:29:48 下午 spec.jbb.JBBmain DoARun -> 信息:   started user thread for Warehouse 3
1月 02, 2026 6:29:48 下午 spec.jbb.JBBmain DoARun -> 信息:   started user thread for Warehouse 4
1月 02, 2026 6:29:48 下午 spec.jbb.JBBmain DoARun -> 信息:   started user thread for Warehouse 5
1月 02, 2026 6:29:48 下午 spec.jbb.JBBmain DoARun -> 信息:   started user thread for Warehouse 6
1月 02, 2026 6:29:48 下午 spec.jbb.JBBmain DoARun -> 信息:   started user thread for Warehouse 7
1月 02, 2026 6:29:48 下午 spec.jbb.JBBmain DoARun -> 信息:   started user thread for Warehouse 8
1月 02, 2026 6:29:48 下午 spec.jbb.JBBmain DoARun -> 信息:   started user thread for Warehouse 9
1月 02, 2026 6:29:48 下午 spec.jbb.JBBmain DoARun -> 信息:   started user thread for Warehouse 10
1月 02, 2026 6:29:48 下午 spec.jbb.JBBmain DoARun -> 信息:   started user thread for Warehouse 11
1月 02, 2026 6:29:48 下午 spec.jbb.JBBmain DoARun -> 信息:   started user thread for Warehouse 12
1月 02, 2026 6:29:48 下午 spec.jbb.JBBmain DoARun -> 信息:   started user thread for Warehouse 13
1月 02, 2026 6:29:48 下午 spec.jbb.JBBmain DoARun -> 信息:   started user thread for Warehouse 14
1月 02, 2026 6:29:48 下午 spec.jbb.JBBmain DoARun -> 信息:   started user thread for Warehouse 15
1月 02, 2026 6:29:48 下午 spec.jbb.JBBmain DoARun -> 信息:   started user thread for Warehouse 16
1月 02, 2026 6:29:48 下午 spec.jbb.JBBmain DoARun -> 信息:   started user thread for Warehouse 17
1月 02, 2026 6:29:48 下午 spec.jbb.JBBmain DoARun -> 信息:   started user thread for Warehouse 18
1月 02, 2026 6:29:48 下午 spec.jbb.JBBmain DoARun -> 信息:   started user thread for Warehouse 19
1月 02, 2026 6:29:48 下午 spec.jbb.JBBmain DoARun -> 信息:   started user thread for Warehouse 20
1月 02, 2026 6:29:48 下午 spec.jbb.JBBmain DoARun -> 信息:   started user thread for Warehouse 21
1月 02, 2026 6:29:48 下午 spec.jbb.JBBmain DoARun -> 信息:   started user thread for Warehouse 22
1月 02, 2026 6:29:48 下午 spec.jbb.JBBmain DoARun -> 信息:   started user thread for Warehouse 23
1月 02, 2026 6:29:48 下午 spec.jbb.JBBmain DoARun -> 信息:   started user thread for Warehouse 24
1月 02, 2026 6:29:48 下午 spec.jbb.JBBmain DoARun -> 信息:   started user thread for Warehouse 25
1月 02, 2026 6:29:48 下午 spec.jbb.JBBmain DoARun -> 信息:   started user thread for Warehouse 26
1月 02, 2026 6:29:48 下午 spec.jbb.Company displayResultTotals -> 信息: Timing Measurement began Fri Jan 02 18:29:48 CST 2026 for 0.5 minutes
1月 02, 2026 6:30:18 下午 spec.jbb.Company displayResultTotals -> 信息: Timing Measurement ended Fri Jan 02 18:30:18 CST 2026
1月 02, 2026 6:30:18 下午 spec.jbb.Company primeWithDummyData -> 信息: Loading Warehouse 27...
1月 02, 2026 6:30:18 下午 spec.jbb.JBBmain DoARun -> 信息: Start User Threads
1月 02, 2026 6:30:18 下午 spec.jbb.JBBmain DoARun -> 信息:   started user thread for Warehouse 1
1月 02, 2026 6:30:18 下午 spec.jbb.JBBmain DoARun -> 信息:   started user thread for Warehouse 2
1月 02, 2026 6:30:18 下午 spec.jbb.JBBmain DoARun -> 信息:   started user thread for Warehouse 3
1月 02, 2026 6:30:18 下午 spec.jbb.JBBmain DoARun -> 信息:   started user thread for Warehouse 4
1月 02, 2026 6:30:18 下午 spec.jbb.JBBmain DoARun -> 信息:   started user thread for Warehouse 5
1月 02, 2026 6:30:18 下午 spec.jbb.JBBmain DoARun -> 信息:   started user thread for Warehouse 6
1月 02, 2026 6:30:18 下午 spec.jbb.JBBmain DoARun -> 信息:   started user thread for Warehouse 7
1月 02, 2026 6:30:18 下午 spec.jbb.JBBmain DoARun -> 信息:   started user thread for Warehouse 8
1月 02, 2026 6:30:18 下午 spec.jbb.JBBmain DoARun -> 信息:   started user thread for Warehouse 9
1月 02, 2026 6:30:18 下午 spec.jbb.JBBmain DoARun -> 信息:   started user thread for Warehouse 10
1月 02, 2026 6:30:18 下午 spec.jbb.JBBmain DoARun -> 信息:   started user thread for Warehouse 11
1月 02, 2026 6:30:18 下午 spec.jbb.JBBmain DoARun -> 信息:   started user thread for Warehouse 12
1月 02, 2026 6:30:18 下午 spec.jbb.JBBmain DoARun -> 信息:   started user thread for Warehouse 13
1月 02, 2026 6:30:18 下午 spec.jbb.JBBmain DoARun -> 信息:   started user thread for Warehouse 14
1月 02, 2026 6:30:18 下午 spec.jbb.JBBmain DoARun -> 信息:   started user thread for Warehouse 15
1月 02, 2026 6:30:18 下午 spec.jbb.JBBmain DoARun -> 信息:   started user thread for Warehouse 16
1月 02, 2026 6:30:18 下午 spec.jbb.JBBmain DoARun -> 信息:   started user thread for Warehouse 17
1月 02, 2026 6:30:18 下午 spec.jbb.JBBmain DoARun -> 信息:   started user thread for Warehouse 18
1月 02, 2026 6:30:18 下午 spec.jbb.JBBmain DoARun -> 信息:   started user thread for Warehouse 19
1月 02, 2026 6:30:18 下午 spec.jbb.JBBmain DoARun -> 信息:   started user thread for Warehouse 20
1月 02, 2026 6:30:18 下午 spec.jbb.JBBmain DoARun -> 信息:   started user thread for Warehouse 21
1月 02, 2026 6:30:18 下午 spec.jbb.JBBmain DoARun -> 信息:   started user thread for Warehouse 22
1月 02, 2026 6:30:18 下午 spec.jbb.JBBmain DoARun -> 信息:   started user thread for Warehouse 23
1月 02, 2026 6:30:18 下午 spec.jbb.JBBmain DoARun -> 信息:   started user thread for Warehouse 24
1月 02, 2026 6:30:18 下午 spec.jbb.JBBmain DoARun -> 信息:   started user thread for Warehouse 25
1月 02, 2026 6:30:18 下午 spec.jbb.JBBmain DoARun -> 信息:   started user thread for Warehouse 26
1月 02, 2026 6:30:18 下午 spec.jbb.JBBmain DoARun -> 信息:   started user thread for Warehouse 27
1月 02, 2026 6:30:18 下午 spec.jbb.Company displayResultTotals -> 信息: Timing Measurement began Fri Jan 02 18:30:18 CST 2026 for 0.5 minutes
1月 02, 2026 6:30:48 下午 spec.jbb.Company displayResultTotals -> 信息: Timing Measurement ended Fri Jan 02 18:30:48 CST 2026
1月 02, 2026 6:30:48 下午 spec.jbb.Company primeWithDummyData -> 信息: Loading Warehouse 28...
1月 02, 2026 6:30:48 下午 spec.jbb.JBBmain DoARun -> 信息: Start User Threads
1月 02, 2026 6:30:48 下午 spec.jbb.JBBmain DoARun -> 信息:   started user thread for Warehouse 1
1月 02, 2026 6:30:48 下午 spec.jbb.JBBmain DoARun -> 信息:   started user thread for Warehouse 2
1月 02, 2026 6:30:48 下午 spec.jbb.JBBmain DoARun -> 信息:   started user thread for Warehouse 3
1月 02, 2026 6:30:48 下午 spec.jbb.JBBmain DoARun -> 信息:   started user thread for Warehouse 4
1月 02, 2026 6:30:48 下午 spec.jbb.JBBmain DoARun -> 信息:   started user thread for Warehouse 5
1月 02, 2026 6:30:48 下午 spec.jbb.JBBmain DoARun -> 信息:   started user thread for Warehouse 6
1月 02, 2026 6:30:48 下午 spec.jbb.JBBmain DoARun -> 信息:   started user thread for Warehouse 7
1月 02, 2026 6:30:48 下午 spec.jbb.JBBmain DoARun -> 信息:   started user thread for Warehouse 8
1月 02, 2026 6:30:48 下午 spec.jbb.JBBmain DoARun -> 信息:   started user thread for Warehouse 9
1月 02, 2026 6:30:48 下午 spec.jbb.JBBmain DoARun -> 信息:   started user thread for Warehouse 10
1月 02, 2026 6:30:48 下午 spec.jbb.JBBmain DoARun -> 信息:   started user thread for Warehouse 11
1月 02, 2026 6:30:48 下午 spec.jbb.JBBmain DoARun -> 信息:   started user thread for Warehouse 12
1月 02, 2026 6:30:48 下午 spec.jbb.JBBmain DoARun -> 信息:   started user thread for Warehouse 13
1月 02, 2026 6:30:48 下午 spec.jbb.JBBmain DoARun -> 信息:   started user thread for Warehouse 14
1月 02, 2026 6:30:48 下午 spec.jbb.JBBmain DoARun -> 信息:   started user thread for Warehouse 15
1月 02, 2026 6:30:48 下午 spec.jbb.JBBmain DoARun -> 信息:   started user thread for Warehouse 16
1月 02, 2026 6:30:48 下午 spec.jbb.JBBmain DoARun -> 信息:   started user thread for Warehouse 17
1月 02, 2026 6:30:48 下午 spec.jbb.JBBmain DoARun -> 信息:   started user thread for Warehouse 18
1月 02, 2026 6:30:48 下午 spec.jbb.JBBmain DoARun -> 信息:   started user thread for Warehouse 19
1月 02, 2026 6:30:48 下午 spec.jbb.JBBmain DoARun -> 信息:   started user thread for Warehouse 20
1月 02, 2026 6:30:48 下午 spec.jbb.JBBmain DoARun -> 信息:   started user thread for Warehouse 21
1月 02, 2026 6:30:48 下午 spec.jbb.JBBmain DoARun -> 信息:   started user thread for Warehouse 22
1月 02, 2026 6:30:48 下午 spec.jbb.JBBmain DoARun -> 信息:   started user thread for Warehouse 23
1月 02, 2026 6:30:48 下午 spec.jbb.JBBmain DoARun -> 信息:   started user thread for Warehouse 24
1月 02, 2026 6:30:48 下午 spec.jbb.JBBmain DoARun -> 信息:   started user thread for Warehouse 25
1月 02, 2026 6:30:48 下午 spec.jbb.JBBmain DoARun -> 信息:   started user thread for Warehouse 26
1月 02, 2026 6:30:48 下午 spec.jbb.JBBmain DoARun -> 信息:   started user thread for Warehouse 27
1月 02, 2026 6:30:48 下午 spec.jbb.JBBmain DoARun -> 信息:   started user thread for Warehouse 28
1月 02, 2026 6:30:48 下午 spec.jbb.Company displayResultTotals -> 信息: Timing Measurement began Fri Jan 02 18:30:48 CST 2026 for 0.5 minutes
1月 02, 2026 6:31:18 下午 spec.jbb.Company displayResultTotals -> 信息: Timing Measurement ended Fri Jan 02 18:31:18 CST 2026
1月 02, 2026 6:31:18 下午 spec.jbb.Company primeWithDummyData -> 信息: Loading Warehouse 29...
1月 02, 2026 6:31:19 下午 spec.jbb.JBBmain DoARun -> 信息: Start User Threads
1月 02, 2026 6:31:19 下午 spec.jbb.JBBmain DoARun -> 信息:   started user thread for Warehouse 1
1月 02, 2026 6:31:19 下午 spec.jbb.JBBmain DoARun -> 信息:   started user thread for Warehouse 2
1月 02, 2026 6:31:19 下午 spec.jbb.JBBmain DoARun -> 信息:   started user thread for Warehouse 3
1月 02, 2026 6:31:19 下午 spec.jbb.JBBmain DoARun -> 信息:   started user thread for Warehouse 4
1月 02, 2026 6:31:19 下午 spec.jbb.JBBmain DoARun -> 信息:   started user thread for Warehouse 5
1月 02, 2026 6:31:19 下午 spec.jbb.JBBmain DoARun -> 信息:   started user thread for Warehouse 6
1月 02, 2026 6:31:19 下午 spec.jbb.JBBmain DoARun -> 信息:   started user thread for Warehouse 7
1月 02, 2026 6:31:19 下午 spec.jbb.JBBmain DoARun -> 信息:   started user thread for Warehouse 8
1月 02, 2026 6:31:19 下午 spec.jbb.JBBmain DoARun -> 信息:   started user thread for Warehouse 9
1月 02, 2026 6:31:19 下午 spec.jbb.JBBmain DoARun -> 信息:   started user thread for Warehouse 10
1月 02, 2026 6:31:19 下午 spec.jbb.JBBmain DoARun -> 信息:   started user thread for Warehouse 11
1月 02, 2026 6:31:19 下午 spec.jbb.JBBmain DoARun -> 信息:   started user thread for Warehouse 12
1月 02, 2026 6:31:19 下午 spec.jbb.JBBmain DoARun -> 信息:   started user thread for Warehouse 13
1月 02, 2026 6:31:19 下午 spec.jbb.JBBmain DoARun -> 信息:   started user thread for Warehouse 14
1月 02, 2026 6:31:19 下午 spec.jbb.JBBmain DoARun -> 信息:   started user thread for Warehouse 15
1月 02, 2026 6:31:19 下午 spec.jbb.JBBmain DoARun -> 信息:   started user thread for Warehouse 16
1月 02, 2026 6:31:19 下午 spec.jbb.JBBmain DoARun -> 信息:   started user thread for Warehouse 17
1月 02, 2026 6:31:19 下午 spec.jbb.JBBmain DoARun -> 信息:   started user thread for Warehouse 18
1月 02, 2026 6:31:19 下午 spec.jbb.JBBmain DoARun -> 信息:   started user thread for Warehouse 19
1月 02, 2026 6:31:19 下午 spec.jbb.JBBmain DoARun -> 信息:   started user thread for Warehouse 20
1月 02, 2026 6:31:19 下午 spec.jbb.JBBmain DoARun -> 信息:   started user thread for Warehouse 21
1月 02, 2026 6:31:19 下午 spec.jbb.JBBmain DoARun -> 信息:   started user thread for Warehouse 22
1月 02, 2026 6:31:19 下午 spec.jbb.JBBmain DoARun -> 信息:   started user thread for Warehouse 23
1月 02, 2026 6:31:19 下午 spec.jbb.JBBmain DoARun -> 信息:   started user thread for Warehouse 24
1月 02, 2026 6:31:19 下午 spec.jbb.JBBmain DoARun -> 信息:   started user thread for Warehouse 25
1月 02, 2026 6:31:19 下午 spec.jbb.JBBmain DoARun -> 信息:   started user thread for Warehouse 26
1月 02, 2026 6:31:19 下午 spec.jbb.JBBmain DoARun -> 信息:   started user thread for Warehouse 27
1月 02, 2026 6:31:19 下午 spec.jbb.JBBmain DoARun -> 信息:   started user thread for Warehouse 28
1月 02, 2026 6:31:19 下午 spec.jbb.JBBmain DoARun -> 信息:   started user thread for Warehouse 29
1月 02, 2026 6:31:19 下午 spec.jbb.Company displayResultTotals -> 信息: Timing Measurement began Fri Jan 02 18:31:19 CST 2026 for 0.5 minutes
1月 02, 2026 6:31:49 下午 spec.jbb.Company displayResultTotals -> 信息: Timing Measurement ended Fri Jan 02 18:31:49 CST 2026
1月 02, 2026 6:31:49 下午 spec.jbb.Company primeWithDummyData -> 信息: Loading Warehouse 30...
1月 02, 2026 6:31:49 下午 spec.jbb.JBBmain DoARun -> 信息: Start User Threads
1月 02, 2026 6:31:49 下午 spec.jbb.JBBmain DoARun -> 信息:   started user thread for Warehouse 1
1月 02, 2026 6:31:49 下午 spec.jbb.JBBmain DoARun -> 信息:   started user thread for Warehouse 2
1月 02, 2026 6:31:49 下午 spec.jbb.JBBmain DoARun -> 信息:   started user thread for Warehouse 3
1月 02, 2026 6:31:49 下午 spec.jbb.JBBmain DoARun -> 信息:   started user thread for Warehouse 4
1月 02, 2026 6:31:49 下午 spec.jbb.JBBmain DoARun -> 信息:   started user thread for Warehouse 5
1月 02, 2026 6:31:49 下午 spec.jbb.JBBmain DoARun -> 信息:   started user thread for Warehouse 6
1月 02, 2026 6:31:49 下午 spec.jbb.JBBmain DoARun -> 信息:   started user thread for Warehouse 7
1月 02, 2026 6:31:49 下午 spec.jbb.JBBmain DoARun -> 信息:   started user thread for Warehouse 8
1月 02, 2026 6:31:49 下午 spec.jbb.JBBmain DoARun -> 信息:   started user thread for Warehouse 9
1月 02, 2026 6:31:49 下午 spec.jbb.JBBmain DoARun -> 信息:   started user thread for Warehouse 10
1月 02, 2026 6:31:49 下午 spec.jbb.JBBmain DoARun -> 信息:   started user thread for Warehouse 11
1月 02, 2026 6:31:49 下午 spec.jbb.JBBmain DoARun -> 信息:   started user thread for Warehouse 12
1月 02, 2026 6:31:49 下午 spec.jbb.JBBmain DoARun -> 信息:   started user thread for Warehouse 13
1月 02, 2026 6:31:49 下午 spec.jbb.JBBmain DoARun -> 信息:   started user thread for Warehouse 14
1月 02, 2026 6:31:49 下午 spec.jbb.JBBmain DoARun -> 信息:   started user thread for Warehouse 15
1月 02, 2026 6:31:49 下午 spec.jbb.JBBmain DoARun -> 信息:   started user thread for Warehouse 16
1月 02, 2026 6:31:49 下午 spec.jbb.JBBmain DoARun -> 信息:   started user thread for Warehouse 17
1月 02, 2026 6:31:49 下午 spec.jbb.JBBmain DoARun -> 信息:   started user thread for Warehouse 18
1月 02, 2026 6:31:49 下午 spec.jbb.JBBmain DoARun -> 信息:   started user thread for Warehouse 19
1月 02, 2026 6:31:49 下午 spec.jbb.JBBmain DoARun -> 信息:   started user thread for Warehouse 20
1月 02, 2026 6:31:49 下午 spec.jbb.JBBmain DoARun -> 信息:   started user thread for Warehouse 21
1月 02, 2026 6:31:49 下午 spec.jbb.JBBmain DoARun -> 信息:   started user thread for Warehouse 22
1月 02, 2026 6:31:49 下午 spec.jbb.JBBmain DoARun -> 信息:   started user thread for Warehouse 23
1月 02, 2026 6:31:49 下午 spec.jbb.JBBmain DoARun -> 信息:   started user thread for Warehouse 24
1月 02, 2026 6:31:49 下午 spec.jbb.JBBmain DoARun -> 信息:   started user thread for Warehouse 25
1月 02, 2026 6:31:49 下午 spec.jbb.JBBmain DoARun -> 信息:   started user thread for Warehouse 26
1月 02, 2026 6:31:49 下午 spec.jbb.JBBmain DoARun -> 信息:   started user thread for Warehouse 27
1月 02, 2026 6:31:49 下午 spec.jbb.JBBmain DoARun -> 信息:   started user thread for Warehouse 28
1月 02, 2026 6:31:49 下午 spec.jbb.JBBmain DoARun -> 信息:   started user thread for Warehouse 29
1月 02, 2026 6:31:49 下午 spec.jbb.JBBmain DoARun -> 信息:   started user thread for Warehouse 30
1月 02, 2026 6:31:49 下午 spec.jbb.Company displayResultTotals -> 信息: Timing Measurement began Fri Jan 02 18:31:49 CST 2026 for 0.5 minutes
1月 02, 2026 6:32:19 下午 spec.jbb.Company displayResultTotals -> 信息: Timing Measurement ended Fri Jan 02 18:32:19 CST 2026
1月 02, 2026 6:32:19 下午 spec.jbb.Company primeWithDummyData -> 信息: Loading Warehouse 31...
1月 02, 2026 6:32:19 下午 spec.jbb.JBBmain DoARun -> 信息: Start User Threads
1月 02, 2026 6:32:19 下午 spec.jbb.JBBmain DoARun -> 信息:   started user thread for Warehouse 1
1月 02, 2026 6:32:19 下午 spec.jbb.JBBmain DoARun -> 信息:   started user thread for Warehouse 2
1月 02, 2026 6:32:19 下午 spec.jbb.JBBmain DoARun -> 信息:   started user thread for Warehouse 3
1月 02, 2026 6:32:19 下午 spec.jbb.JBBmain DoARun -> 信息:   started user thread for Warehouse 4
1月 02, 2026 6:32:19 下午 spec.jbb.JBBmain DoARun -> 信息:   started user thread for Warehouse 5
1月 02, 2026 6:32:19 下午 spec.jbb.JBBmain DoARun -> 信息:   started user thread for Warehouse 6
1月 02, 2026 6:32:19 下午 spec.jbb.JBBmain DoARun -> 信息:   started user thread for Warehouse 7
1月 02, 2026 6:32:19 下午 spec.jbb.JBBmain DoARun -> 信息:   started user thread for Warehouse 8
1月 02, 2026 6:32:19 下午 spec.jbb.JBBmain DoARun -> 信息:   started user thread for Warehouse 9
1月 02, 2026 6:32:19 下午 spec.jbb.JBBmain DoARun -> 信息:   started user thread for Warehouse 10
1月 02, 2026 6:32:19 下午 spec.jbb.JBBmain DoARun -> 信息:   started user thread for Warehouse 11
1月 02, 2026 6:32:19 下午 spec.jbb.JBBmain DoARun -> 信息:   started user thread for Warehouse 12
1月 02, 2026 6:32:19 下午 spec.jbb.JBBmain DoARun -> 信息:   started user thread for Warehouse 13
1月 02, 2026 6:32:19 下午 spec.jbb.JBBmain DoARun -> 信息:   started user thread for Warehouse 14
1月 02, 2026 6:32:19 下午 spec.jbb.JBBmain DoARun -> 信息:   started user thread for Warehouse 15
1月 02, 2026 6:32:19 下午 spec.jbb.JBBmain DoARun -> 信息:   started user thread for Warehouse 16
1月 02, 2026 6:32:19 下午 spec.jbb.JBBmain DoARun -> 信息:   started user thread for Warehouse 17
1月 02, 2026 6:32:19 下午 spec.jbb.JBBmain DoARun -> 信息:   started user thread for Warehouse 18
1月 02, 2026 6:32:19 下午 spec.jbb.JBBmain DoARun -> 信息:   started user thread for Warehouse 19
1月 02, 2026 6:32:19 下午 spec.jbb.JBBmain DoARun -> 信息:   started user thread for Warehouse 20
1月 02, 2026 6:32:19 下午 spec.jbb.JBBmain DoARun -> 信息:   started user thread for Warehouse 21
1月 02, 2026 6:32:19 下午 spec.jbb.JBBmain DoARun -> 信息:   started user thread for Warehouse 22
1月 02, 2026 6:32:19 下午 spec.jbb.JBBmain DoARun -> 信息:   started user thread for Warehouse 23
1月 02, 2026 6:32:19 下午 spec.jbb.JBBmain DoARun -> 信息:   started user thread for Warehouse 24
1月 02, 2026 6:32:19 下午 spec.jbb.JBBmain DoARun -> 信息:   started user thread for Warehouse 25
1月 02, 2026 6:32:19 下午 spec.jbb.JBBmain DoARun -> 信息:   started user thread for Warehouse 26
1月 02, 2026 6:32:19 下午 spec.jbb.JBBmain DoARun -> 信息:   started user thread for Warehouse 27
1月 02, 2026 6:32:19 下午 spec.jbb.JBBmain DoARun -> 信息:   started user thread for Warehouse 28
1月 02, 2026 6:32:19 下午 spec.jbb.JBBmain DoARun -> 信息:   started user thread for Warehouse 29
1月 02, 2026 6:32:19 下午 spec.jbb.JBBmain DoARun -> 信息:   started user thread for Warehouse 30
1月 02, 2026 6:32:19 下午 spec.jbb.JBBmain DoARun -> 信息:   started user thread for Warehouse 31
1月 02, 2026 6:32:19 下午 spec.jbb.Company displayResultTotals -> 信息: Timing Measurement began Fri Jan 02 18:32:19 CST 2026 for 0.5 minutes
1月 02, 2026 6:32:49 下午 spec.jbb.Company displayResultTotals -> 信息: Timing Measurement ended Fri Jan 02 18:32:49 CST 2026
1月 02, 2026 6:32:49 下午 spec.jbb.Company primeWithDummyData -> 信息: Loading Warehouse 32...
1月 02, 2026 6:32:49 下午 spec.jbb.JBBmain DoARun -> 信息: Start User Threads
1月 02, 2026 6:32:49 下午 spec.jbb.JBBmain DoARun -> 信息:   started user thread for Warehouse 1
1月 02, 2026 6:32:49 下午 spec.jbb.JBBmain DoARun -> 信息:   started user thread for Warehouse 2
1月 02, 2026 6:32:49 下午 spec.jbb.JBBmain DoARun -> 信息:   started user thread for Warehouse 3
1月 02, 2026 6:32:49 下午 spec.jbb.JBBmain DoARun -> 信息:   started user thread for Warehouse 4
1月 02, 2026 6:32:49 下午 spec.jbb.JBBmain DoARun -> 信息:   started user thread for Warehouse 5
1月 02, 2026 6:32:49 下午 spec.jbb.JBBmain DoARun -> 信息:   started user thread for Warehouse 6
1月 02, 2026 6:32:49 下午 spec.jbb.JBBmain DoARun -> 信息:   started user thread for Warehouse 7
1月 02, 2026 6:32:49 下午 spec.jbb.JBBmain DoARun -> 信息:   started user thread for Warehouse 8
1月 02, 2026 6:32:49 下午 spec.jbb.JBBmain DoARun -> 信息:   started user thread for Warehouse 9
1月 02, 2026 6:32:49 下午 spec.jbb.JBBmain DoARun -> 信息:   started user thread for Warehouse 10
1月 02, 2026 6:32:49 下午 spec.jbb.JBBmain DoARun -> 信息:   started user thread for Warehouse 11
1月 02, 2026 6:32:49 下午 spec.jbb.JBBmain DoARun -> 信息:   started user thread for Warehouse 12
1月 02, 2026 6:32:49 下午 spec.jbb.JBBmain DoARun -> 信息:   started user thread for Warehouse 13
1月 02, 2026 6:32:49 下午 spec.jbb.JBBmain DoARun -> 信息:   started user thread for Warehouse 14
1月 02, 2026 6:32:49 下午 spec.jbb.JBBmain DoARun -> 信息:   started user thread for Warehouse 15
1月 02, 2026 6:32:49 下午 spec.jbb.JBBmain DoARun -> 信息:   started user thread for Warehouse 16
1月 02, 2026 6:32:49 下午 spec.jbb.JBBmain DoARun -> 信息:   started user thread for Warehouse 17
1月 02, 2026 6:32:49 下午 spec.jbb.JBBmain DoARun -> 信息:   started user thread for Warehouse 18
1月 02, 2026 6:32:49 下午 spec.jbb.JBBmain DoARun -> 信息:   started user thread for Warehouse 19
1月 02, 2026 6:32:49 下午 spec.jbb.JBBmain DoARun -> 信息:   started user thread for Warehouse 20
1月 02, 2026 6:32:49 下午 spec.jbb.JBBmain DoARun -> 信息:   started user thread for Warehouse 21
1月 02, 2026 6:32:49 下午 spec.jbb.JBBmain DoARun -> 信息:   started user thread for Warehouse 22
1月 02, 2026 6:32:49 下午 spec.jbb.JBBmain DoARun -> 信息:   started user thread for Warehouse 23
1月 02, 2026 6:32:49 下午 spec.jbb.JBBmain DoARun -> 信息:   started user thread for Warehouse 24
1月 02, 2026 6:32:49 下午 spec.jbb.JBBmain DoARun -> 信息:   started user thread for Warehouse 25
1月 02, 2026 6:32:49 下午 spec.jbb.JBBmain DoARun -> 信息:   started user thread for Warehouse 26
1月 02, 2026 6:32:49 下午 spec.jbb.JBBmain DoARun -> 信息:   started user thread for Warehouse 27
1月 02, 2026 6:32:49 下午 spec.jbb.JBBmain DoARun -> 信息:   started user thread for Warehouse 28
1月 02, 2026 6:32:49 下午 spec.jbb.JBBmain DoARun -> 信息:   started user thread for Warehouse 29
1月 02, 2026 6:32:49 下午 spec.jbb.JBBmain DoARun -> 信息:   started user thread for Warehouse 30
1月 02, 2026 6:32:49 下午 spec.jbb.JBBmain DoARun -> 信息:   started user thread for Warehouse 31
1月 02, 2026 6:32:49 下午 spec.jbb.JBBmain DoARun -> 信息:   started user thread for Warehouse 32
1月 02, 2026 6:32:49 下午 spec.jbb.Company displayResultTotals -> 信息: Timing Measurement began Fri Jan 02 18:32:49 CST 2026 for 0.5 minutes
1月 02, 2026 6:33:19 下午 spec.jbb.Company displayResultTotals -> 信息: Timing Measurement ended Fri Jan 02 18:33:19 CST 2026
1月 02, 2026 6:33:19 下午 spec.jbb.Company primeWithDummyData -> 信息: Loading Warehouse 33...
1月 02, 2026 6:33:20 下午 spec.jbb.JBBmain DoARun -> 信息: Start User Threads
1月 02, 2026 6:33:20 下午 spec.jbb.JBBmain DoARun -> 信息:   started user thread for Warehouse 1
1月 02, 2026 6:33:20 下午 spec.jbb.JBBmain DoARun -> 信息:   started user thread for Warehouse 2
1月 02, 2026 6:33:20 下午 spec.jbb.JBBmain DoARun -> 信息:   started user thread for Warehouse 3
1月 02, 2026 6:33:20 下午 spec.jbb.JBBmain DoARun -> 信息:   started user thread for Warehouse 4
1月 02, 2026 6:33:20 下午 spec.jbb.JBBmain DoARun -> 信息:   started user thread for Warehouse 5
1月 02, 2026 6:33:20 下午 spec.jbb.JBBmain DoARun -> 信息:   started user thread for Warehouse 6
1月 02, 2026 6:33:20 下午 spec.jbb.JBBmain DoARun -> 信息:   started user thread for Warehouse 7
1月 02, 2026 6:33:20 下午 spec.jbb.JBBmain DoARun -> 信息:   started user thread for Warehouse 8
1月 02, 2026 6:33:20 下午 spec.jbb.JBBmain DoARun -> 信息:   started user thread for Warehouse 9
1月 02, 2026 6:33:20 下午 spec.jbb.JBBmain DoARun -> 信息:   started user thread for Warehouse 10
1月 02, 2026 6:33:20 下午 spec.jbb.JBBmain DoARun -> 信息:   started user thread for Warehouse 11
1月 02, 2026 6:33:20 下午 spec.jbb.JBBmain DoARun -> 信息:   started user thread for Warehouse 12
1月 02, 2026 6:33:20 下午 spec.jbb.JBBmain DoARun -> 信息:   started user thread for Warehouse 13
1月 02, 2026 6:33:20 下午 spec.jbb.JBBmain DoARun -> 信息:   started user thread for Warehouse 14
1月 02, 2026 6:33:20 下午 spec.jbb.JBBmain DoARun -> 信息:   started user thread for Warehouse 15
1月 02, 2026 6:33:20 下午 spec.jbb.JBBmain DoARun -> 信息:   started user thread for Warehouse 16
1月 02, 2026 6:33:20 下午 spec.jbb.JBBmain DoARun -> 信息:   started user thread for Warehouse 17
1月 02, 2026 6:33:20 下午 spec.jbb.JBBmain DoARun -> 信息:   started user thread for Warehouse 18
1月 02, 2026 6:33:20 下午 spec.jbb.JBBmain DoARun -> 信息:   started user thread for Warehouse 19
1月 02, 2026 6:33:20 下午 spec.jbb.JBBmain DoARun -> 信息:   started user thread for Warehouse 20
1月 02, 2026 6:33:20 下午 spec.jbb.JBBmain DoARun -> 信息:   started user thread for Warehouse 21
1月 02, 2026 6:33:20 下午 spec.jbb.JBBmain DoARun -> 信息:   started user thread for Warehouse 22
1月 02, 2026 6:33:20 下午 spec.jbb.JBBmain DoARun -> 信息:   started user thread for Warehouse 23
1月 02, 2026 6:33:20 下午 spec.jbb.JBBmain DoARun -> 信息:   started user thread for Warehouse 24
1月 02, 2026 6:33:20 下午 spec.jbb.JBBmain DoARun -> 信息:   started user thread for Warehouse 25
1月 02, 2026 6:33:20 下午 spec.jbb.JBBmain DoARun -> 信息:   started user thread for Warehouse 26
1月 02, 2026 6:33:20 下午 spec.jbb.JBBmain DoARun -> 信息:   started user thread for Warehouse 27
1月 02, 2026 6:33:20 下午 spec.jbb.JBBmain DoARun -> 信息:   started user thread for Warehouse 28
1月 02, 2026 6:33:20 下午 spec.jbb.JBBmain DoARun -> 信息:   started user thread for Warehouse 29
1月 02, 2026 6:33:20 下午 spec.jbb.JBBmain DoARun -> 信息:   started user thread for Warehouse 30
1月 02, 2026 6:33:20 下午 spec.jbb.JBBmain DoARun -> 信息:   started user thread for Warehouse 31
1月 02, 2026 6:33:20 下午 spec.jbb.JBBmain DoARun -> 信息:   started user thread for Warehouse 32
1月 02, 2026 6:33:20 下午 spec.jbb.JBBmain DoARun -> 信息:   started user thread for Warehouse 33
1月 02, 2026 6:33:20 下午 spec.jbb.Company displayResultTotals -> 信息: Timing Measurement began Fri Jan 02 18:33:20 CST 2026 for 0.5 minutes
1月 02, 2026 6:33:50 下午 spec.jbb.Company displayResultTotals -> 信息: Timing Measurement ended Fri Jan 02 18:33:50 CST 2026
1月 02, 2026 6:33:50 下午 spec.jbb.Company primeWithDummyData -> 信息: Loading Warehouse 34...
1月 02, 2026 6:33:50 下午 spec.jbb.JBBmain DoARun -> 信息: Start User Threads
1月 02, 2026 6:33:50 下午 spec.jbb.JBBmain DoARun -> 信息:   started user thread for Warehouse 1
1月 02, 2026 6:33:50 下午 spec.jbb.JBBmain DoARun -> 信息:   started user thread for Warehouse 2
1月 02, 2026 6:33:50 下午 spec.jbb.JBBmain DoARun -> 信息:   started user thread for Warehouse 3
1月 02, 2026 6:33:50 下午 spec.jbb.JBBmain DoARun -> 信息:   started user thread for Warehouse 4
1月 02, 2026 6:33:50 下午 spec.jbb.JBBmain DoARun -> 信息:   started user thread for Warehouse 5
1月 02, 2026 6:33:50 下午 spec.jbb.JBBmain DoARun -> 信息:   started user thread for Warehouse 6
1月 02, 2026 6:33:50 下午 spec.jbb.JBBmain DoARun -> 信息:   started user thread for Warehouse 7
1月 02, 2026 6:33:50 下午 spec.jbb.JBBmain DoARun -> 信息:   started user thread for Warehouse 8
1月 02, 2026 6:33:50 下午 spec.jbb.JBBmain DoARun -> 信息:   started user thread for Warehouse 9
1月 02, 2026 6:33:50 下午 spec.jbb.JBBmain DoARun -> 信息:   started user thread for Warehouse 10
1月 02, 2026 6:33:50 下午 spec.jbb.JBBmain DoARun -> 信息:   started user thread for Warehouse 11
1月 02, 2026 6:33:50 下午 spec.jbb.JBBmain DoARun -> 信息:   started user thread for Warehouse 12
1月 02, 2026 6:33:50 下午 spec.jbb.JBBmain DoARun -> 信息:   started user thread for Warehouse 13
1月 02, 2026 6:33:50 下午 spec.jbb.JBBmain DoARun -> 信息:   started user thread for Warehouse 14
1月 02, 2026 6:33:50 下午 spec.jbb.JBBmain DoARun -> 信息:   started user thread for Warehouse 15
1月 02, 2026 6:33:50 下午 spec.jbb.JBBmain DoARun -> 信息:   started user thread for Warehouse 16
1月 02, 2026 6:33:50 下午 spec.jbb.JBBmain DoARun -> 信息:   started user thread for Warehouse 17
1月 02, 2026 6:33:50 下午 spec.jbb.JBBmain DoARun -> 信息:   started user thread for Warehouse 18
1月 02, 2026 6:33:50 下午 spec.jbb.JBBmain DoARun -> 信息:   started user thread for Warehouse 19
1月 02, 2026 6:33:50 下午 spec.jbb.JBBmain DoARun -> 信息:   started user thread for Warehouse 20
1月 02, 2026 6:33:50 下午 spec.jbb.JBBmain DoARun -> 信息:   started user thread for Warehouse 21
1月 02, 2026 6:33:50 下午 spec.jbb.JBBmain DoARun -> 信息:   started user thread for Warehouse 22
1月 02, 2026 6:33:50 下午 spec.jbb.JBBmain DoARun -> 信息:   started user thread for Warehouse 23
1月 02, 2026 6:33:50 下午 spec.jbb.JBBmain DoARun -> 信息:   started user thread for Warehouse 24
1月 02, 2026 6:33:50 下午 spec.jbb.JBBmain DoARun -> 信息:   started user thread for Warehouse 25
1月 02, 2026 6:33:50 下午 spec.jbb.JBBmain DoARun -> 信息:   started user thread for Warehouse 26
1月 02, 2026 6:33:50 下午 spec.jbb.JBBmain DoARun -> 信息:   started user thread for Warehouse 27
1月 02, 2026 6:33:50 下午 spec.jbb.JBBmain DoARun -> 信息:   started user thread for Warehouse 28
1月 02, 2026 6:33:50 下午 spec.jbb.JBBmain DoARun -> 信息:   started user thread for Warehouse 29
1月 02, 2026 6:33:50 下午 spec.jbb.JBBmain DoARun -> 信息:   started user thread for Warehouse 30
1月 02, 2026 6:33:50 下午 spec.jbb.JBBmain DoARun -> 信息:   started user thread for Warehouse 31
1月 02, 2026 6:33:50 下午 spec.jbb.JBBmain DoARun -> 信息:   started user thread for Warehouse 32
1月 02, 2026 6:33:50 下午 spec.jbb.JBBmain DoARun -> 信息:   started user thread for Warehouse 33
1月 02, 2026 6:33:50 下午 spec.jbb.JBBmain DoARun -> 信息:   started user thread for Warehouse 34
1月 02, 2026 6:33:50 下午 spec.jbb.Company displayResultTotals -> 信息: Timing Measurement began Fri Jan 02 18:33:50 CST 2026 for 0.5 minutes
1月 02, 2026 6:34:20 下午 spec.jbb.Company displayResultTotals -> 信息: Timing Measurement ended Fri Jan 02 18:34:20 CST 2026
1月 02, 2026 6:34:20 下午 spec.jbb.Company primeWithDummyData -> 信息: Loading Warehouse 35...
1月 02, 2026 6:34:20 下午 spec.jbb.JBBmain DoARun -> 信息: Start User Threads
1月 02, 2026 6:34:20 下午 spec.jbb.JBBmain DoARun -> 信息:   started user thread for Warehouse 1
1月 02, 2026 6:34:20 下午 spec.jbb.JBBmain DoARun -> 信息:   started user thread for Warehouse 2
1月 02, 2026 6:34:20 下午 spec.jbb.JBBmain DoARun -> 信息:   started user thread for Warehouse 3
1月 02, 2026 6:34:20 下午 spec.jbb.JBBmain DoARun -> 信息:   started user thread for Warehouse 4
1月 02, 2026 6:34:20 下午 spec.jbb.JBBmain DoARun -> 信息:   started user thread for Warehouse 5
1月 02, 2026 6:34:20 下午 spec.jbb.JBBmain DoARun -> 信息:   started user thread for Warehouse 6
1月 02, 2026 6:34:20 下午 spec.jbb.JBBmain DoARun -> 信息:   started user thread for Warehouse 7
1月 02, 2026 6:34:20 下午 spec.jbb.JBBmain DoARun -> 信息:   started user thread for Warehouse 8
1月 02, 2026 6:34:20 下午 spec.jbb.JBBmain DoARun -> 信息:   started user thread for Warehouse 9
1月 02, 2026 6:34:20 下午 spec.jbb.JBBmain DoARun -> 信息:   started user thread for Warehouse 10
1月 02, 2026 6:34:20 下午 spec.jbb.JBBmain DoARun -> 信息:   started user thread for Warehouse 11
1月 02, 2026 6:34:20 下午 spec.jbb.JBBmain DoARun -> 信息:   started user thread for Warehouse 12
1月 02, 2026 6:34:20 下午 spec.jbb.JBBmain DoARun -> 信息:   started user thread for Warehouse 13
1月 02, 2026 6:34:20 下午 spec.jbb.JBBmain DoARun -> 信息:   started user thread for Warehouse 14
1月 02, 2026 6:34:20 下午 spec.jbb.JBBmain DoARun -> 信息:   started user thread for Warehouse 15
1月 02, 2026 6:34:20 下午 spec.jbb.JBBmain DoARun -> 信息:   started user thread for Warehouse 16
1月 02, 2026 6:34:20 下午 spec.jbb.JBBmain DoARun -> 信息:   started user thread for Warehouse 17
1月 02, 2026 6:34:20 下午 spec.jbb.JBBmain DoARun -> 信息:   started user thread for Warehouse 18
1月 02, 2026 6:34:20 下午 spec.jbb.JBBmain DoARun -> 信息:   started user thread for Warehouse 19
1月 02, 2026 6:34:20 下午 spec.jbb.JBBmain DoARun -> 信息:   started user thread for Warehouse 20
1月 02, 2026 6:34:20 下午 spec.jbb.JBBmain DoARun -> 信息:   started user thread for Warehouse 21
1月 02, 2026 6:34:20 下午 spec.jbb.JBBmain DoARun -> 信息:   started user thread for Warehouse 22
1月 02, 2026 6:34:20 下午 spec.jbb.JBBmain DoARun -> 信息:   started user thread for Warehouse 23
1月 02, 2026 6:34:20 下午 spec.jbb.JBBmain DoARun -> 信息:   started user thread for Warehouse 24
1月 02, 2026 6:34:20 下午 spec.jbb.JBBmain DoARun -> 信息:   started user thread for Warehouse 25
1月 02, 2026 6:34:20 下午 spec.jbb.JBBmain DoARun -> 信息:   started user thread for Warehouse 26
1月 02, 2026 6:34:20 下午 spec.jbb.JBBmain DoARun -> 信息:   started user thread for Warehouse 27
1月 02, 2026 6:34:20 下午 spec.jbb.JBBmain DoARun -> 信息:   started user thread for Warehouse 28
1月 02, 2026 6:34:20 下午 spec.jbb.JBBmain DoARun -> 信息:   started user thread for Warehouse 29
1月 02, 2026 6:34:20 下午 spec.jbb.JBBmain DoARun -> 信息:   started user thread for Warehouse 30
1月 02, 2026 6:34:20 下午 spec.jbb.JBBmain DoARun -> 信息:   started user thread for Warehouse 31
1月 02, 2026 6:34:20 下午 spec.jbb.JBBmain DoARun -> 信息:   started user thread for Warehouse 32
1月 02, 2026 6:34:20 下午 spec.jbb.JBBmain DoARun -> 信息:   started user thread for Warehouse 33
1月 02, 2026 6:34:20 下午 spec.jbb.JBBmain DoARun -> 信息:   started user thread for Warehouse 34
1月 02, 2026 6:34:20 下午 spec.jbb.JBBmain DoARun -> 信息:   started user thread for Warehouse 35
1月 02, 2026 6:34:20 下午 spec.jbb.Company displayResultTotals -> 信息: Timing Measurement began Fri Jan 02 18:34:20 CST 2026 for 0.5 minutes
1月 02, 2026 6:34:50 下午 spec.jbb.Company displayResultTotals -> 信息: Timing Measurement ended Fri Jan 02 18:34:50 CST 2026
1月 02, 2026 6:34:50 下午 spec.jbb.Company primeWithDummyData -> 信息: Loading Warehouse 36...
1月 02, 2026 6:34:51 下午 spec.jbb.JBBmain DoARun -> 信息: Start User Threads
1月 02, 2026 6:34:51 下午 spec.jbb.JBBmain DoARun -> 信息:   started user thread for Warehouse 1
1月 02, 2026 6:34:51 下午 spec.jbb.JBBmain DoARun -> 信息:   started user thread for Warehouse 2
1月 02, 2026 6:34:51 下午 spec.jbb.JBBmain DoARun -> 信息:   started user thread for Warehouse 3
1月 02, 2026 6:34:51 下午 spec.jbb.JBBmain DoARun -> 信息:   started user thread for Warehouse 4
1月 02, 2026 6:34:51 下午 spec.jbb.JBBmain DoARun -> 信息:   started user thread for Warehouse 5
1月 02, 2026 6:34:51 下午 spec.jbb.JBBmain DoARun -> 信息:   started user thread for Warehouse 6
1月 02, 2026 6:34:51 下午 spec.jbb.JBBmain DoARun -> 信息:   started user thread for Warehouse 7
1月 02, 2026 6:34:51 下午 spec.jbb.JBBmain DoARun -> 信息:   started user thread for Warehouse 8
1月 02, 2026 6:34:51 下午 spec.jbb.JBBmain DoARun -> 信息:   started user thread for Warehouse 9
1月 02, 2026 6:34:51 下午 spec.jbb.JBBmain DoARun -> 信息:   started user thread for Warehouse 10
1月 02, 2026 6:34:51 下午 spec.jbb.JBBmain DoARun -> 信息:   started user thread for Warehouse 11
1月 02, 2026 6:34:51 下午 spec.jbb.JBBmain DoARun -> 信息:   started user thread for Warehouse 12
1月 02, 2026 6:34:51 下午 spec.jbb.JBBmain DoARun -> 信息:   started user thread for Warehouse 13
1月 02, 2026 6:34:51 下午 spec.jbb.JBBmain DoARun -> 信息:   started user thread for Warehouse 14
1月 02, 2026 6:34:51 下午 spec.jbb.JBBmain DoARun -> 信息:   started user thread for Warehouse 15
1月 02, 2026 6:34:51 下午 spec.jbb.JBBmain DoARun -> 信息:   started user thread for Warehouse 16
1月 02, 2026 6:34:51 下午 spec.jbb.JBBmain DoARun -> 信息:   started user thread for Warehouse 17
1月 02, 2026 6:34:51 下午 spec.jbb.JBBmain DoARun -> 信息:   started user thread for Warehouse 18
1月 02, 2026 6:34:51 下午 spec.jbb.JBBmain DoARun -> 信息:   started user thread for Warehouse 19
1月 02, 2026 6:34:51 下午 spec.jbb.JBBmain DoARun -> 信息:   started user thread for Warehouse 20
1月 02, 2026 6:34:51 下午 spec.jbb.JBBmain DoARun -> 信息:   started user thread for Warehouse 21
1月 02, 2026 6:34:51 下午 spec.jbb.JBBmain DoARun -> 信息:   started user thread for Warehouse 22
1月 02, 2026 6:34:51 下午 spec.jbb.JBBmain DoARun -> 信息:   started user thread for Warehouse 23
1月 02, 2026 6:34:51 下午 spec.jbb.JBBmain DoARun -> 信息:   started user thread for Warehouse 24
1月 02, 2026 6:34:51 下午 spec.jbb.JBBmain DoARun -> 信息:   started user thread for Warehouse 25
1月 02, 2026 6:34:51 下午 spec.jbb.JBBmain DoARun -> 信息:   started user thread for Warehouse 26
1月 02, 2026 6:34:51 下午 spec.jbb.JBBmain DoARun -> 信息:   started user thread for Warehouse 27
1月 02, 2026 6:34:51 下午 spec.jbb.JBBmain DoARun -> 信息:   started user thread for Warehouse 28
1月 02, 2026 6:34:51 下午 spec.jbb.JBBmain DoARun -> 信息:   started user thread for Warehouse 29
1月 02, 2026 6:34:51 下午 spec.jbb.JBBmain DoARun -> 信息:   started user thread for Warehouse 30
1月 02, 2026 6:34:51 下午 spec.jbb.JBBmain DoARun -> 信息:   started user thread for Warehouse 31
1月 02, 2026 6:34:51 下午 spec.jbb.JBBmain DoARun -> 信息:   started user thread for Warehouse 32
1月 02, 2026 6:34:51 下午 spec.jbb.JBBmain DoARun -> 信息:   started user thread for Warehouse 33
1月 02, 2026 6:34:51 下午 spec.jbb.JBBmain DoARun -> 信息:   started user thread for Warehouse 34
1月 02, 2026 6:34:51 下午 spec.jbb.JBBmain DoARun -> 信息:   started user thread for Warehouse 35
1月 02, 2026 6:34:51 下午 spec.jbb.JBBmain DoARun -> 信息:   started user thread for Warehouse 36
1月 02, 2026 6:34:51 下午 spec.jbb.Company displayResultTotals -> 信息: Timing Measurement began Fri Jan 02 18:34:51 CST 2026 for 0.5 minutes
1月 02, 2026 6:35:21 下午 spec.jbb.Company displayResultTotals -> 信息: Timing Measurement ended Fri Jan 02 18:35:21 CST 2026
1月 02, 2026 6:35:21 下午 spec.jbb.Company primeWithDummyData -> 信息: Loading Warehouse 37...
1月 02, 2026 6:35:21 下午 spec.jbb.JBBmain DoARun -> 信息: Start User Threads
1月 02, 2026 6:35:21 下午 spec.jbb.JBBmain DoARun -> 信息:   started user thread for Warehouse 1
1月 02, 2026 6:35:21 下午 spec.jbb.JBBmain DoARun -> 信息:   started user thread for Warehouse 2
1月 02, 2026 6:35:21 下午 spec.jbb.JBBmain DoARun -> 信息:   started user thread for Warehouse 3
1月 02, 2026 6:35:21 下午 spec.jbb.JBBmain DoARun -> 信息:   started user thread for Warehouse 4
1月 02, 2026 6:35:21 下午 spec.jbb.JBBmain DoARun -> 信息:   started user thread for Warehouse 5
1月 02, 2026 6:35:21 下午 spec.jbb.JBBmain DoARun -> 信息:   started user thread for Warehouse 6
1月 02, 2026 6:35:21 下午 spec.jbb.JBBmain DoARun -> 信息:   started user thread for Warehouse 7
1月 02, 2026 6:35:21 下午 spec.jbb.JBBmain DoARun -> 信息:   started user thread for Warehouse 8
1月 02, 2026 6:35:21 下午 spec.jbb.JBBmain DoARun -> 信息:   started user thread for Warehouse 9
1月 02, 2026 6:35:21 下午 spec.jbb.JBBmain DoARun -> 信息:   started user thread for Warehouse 10
1月 02, 2026 6:35:21 下午 spec.jbb.JBBmain DoARun -> 信息:   started user thread for Warehouse 11
1月 02, 2026 6:35:21 下午 spec.jbb.JBBmain DoARun -> 信息:   started user thread for Warehouse 12
1月 02, 2026 6:35:21 下午 spec.jbb.JBBmain DoARun -> 信息:   started user thread for Warehouse 13
1月 02, 2026 6:35:21 下午 spec.jbb.JBBmain DoARun -> 信息:   started user thread for Warehouse 14
1月 02, 2026 6:35:21 下午 spec.jbb.JBBmain DoARun -> 信息:   started user thread for Warehouse 15
1月 02, 2026 6:35:21 下午 spec.jbb.JBBmain DoARun -> 信息:   started user thread for Warehouse 16
1月 02, 2026 6:35:21 下午 spec.jbb.JBBmain DoARun -> 信息:   started user thread for Warehouse 17
1月 02, 2026 6:35:21 下午 spec.jbb.JBBmain DoARun -> 信息:   started user thread for Warehouse 18
1月 02, 2026 6:35:21 下午 spec.jbb.JBBmain DoARun -> 信息:   started user thread for Warehouse 19
1月 02, 2026 6:35:21 下午 spec.jbb.JBBmain DoARun -> 信息:   started user thread for Warehouse 20
1月 02, 2026 6:35:21 下午 spec.jbb.JBBmain DoARun -> 信息:   started user thread for Warehouse 21
1月 02, 2026 6:35:21 下午 spec.jbb.JBBmain DoARun -> 信息:   started user thread for Warehouse 22
1月 02, 2026 6:35:21 下午 spec.jbb.JBBmain DoARun -> 信息:   started user thread for Warehouse 23
1月 02, 2026 6:35:21 下午 spec.jbb.JBBmain DoARun -> 信息:   started user thread for Warehouse 24
1月 02, 2026 6:35:21 下午 spec.jbb.JBBmain DoARun -> 信息:   started user thread for Warehouse 25
1月 02, 2026 6:35:21 下午 spec.jbb.JBBmain DoARun -> 信息:   started user thread for Warehouse 26
1月 02, 2026 6:35:21 下午 spec.jbb.JBBmain DoARun -> 信息:   started user thread for Warehouse 27
1月 02, 2026 6:35:21 下午 spec.jbb.JBBmain DoARun -> 信息:   started user thread for Warehouse 28
1月 02, 2026 6:35:21 下午 spec.jbb.JBBmain DoARun -> 信息:   started user thread for Warehouse 29
1月 02, 2026 6:35:21 下午 spec.jbb.JBBmain DoARun -> 信息:   started user thread for Warehouse 30
1月 02, 2026 6:35:21 下午 spec.jbb.JBBmain DoARun -> 信息:   started user thread for Warehouse 31
1月 02, 2026 6:35:21 下午 spec.jbb.JBBmain DoARun -> 信息:   started user thread for Warehouse 32
1月 02, 2026 6:35:21 下午 spec.jbb.JBBmain DoARun -> 信息:   started user thread for Warehouse 33
1月 02, 2026 6:35:21 下午 spec.jbb.JBBmain DoARun -> 信息:   started user thread for Warehouse 34
1月 02, 2026 6:35:21 下午 spec.jbb.JBBmain DoARun -> 信息:   started user thread for Warehouse 35
1月 02, 2026 6:35:21 下午 spec.jbb.JBBmain DoARun -> 信息:   started user thread for Warehouse 36
1月 02, 2026 6:35:21 下午 spec.jbb.JBBmain DoARun -> 信息:   started user thread for Warehouse 37
1月 02, 2026 6:35:21 下午 spec.jbb.Company displayResultTotals -> 信息: Timing Measurement began Fri Jan 02 18:35:21 CST 2026 for 0.5 minutes
1月 02, 2026 6:35:51 下午 spec.jbb.Company displayResultTotals -> 信息: Timing Measurement ended Fri Jan 02 18:35:51 CST 2026
1月 02, 2026 6:35:51 下午 spec.jbb.Company primeWithDummyData -> 信息: Loading Warehouse 38...
1月 02, 2026 6:35:51 下午 spec.jbb.JBBmain DoARun -> 信息: Start User Threads
1月 02, 2026 6:35:51 下午 spec.jbb.JBBmain DoARun -> 信息:   started user thread for Warehouse 1
1月 02, 2026 6:35:51 下午 spec.jbb.JBBmain DoARun -> 信息:   started user thread for Warehouse 2
1月 02, 2026 6:35:51 下午 spec.jbb.JBBmain DoARun -> 信息:   started user thread for Warehouse 3
1月 02, 2026 6:35:51 下午 spec.jbb.JBBmain DoARun -> 信息:   started user thread for Warehouse 4
1月 02, 2026 6:35:51 下午 spec.jbb.JBBmain DoARun -> 信息:   started user thread for Warehouse 5
1月 02, 2026 6:35:51 下午 spec.jbb.JBBmain DoARun -> 信息:   started user thread for Warehouse 6
1月 02, 2026 6:35:51 下午 spec.jbb.JBBmain DoARun -> 信息:   started user thread for Warehouse 7
1月 02, 2026 6:35:51 下午 spec.jbb.JBBmain DoARun -> 信息:   started user thread for Warehouse 8
1月 02, 2026 6:35:51 下午 spec.jbb.JBBmain DoARun -> 信息:   started user thread for Warehouse 9
1月 02, 2026 6:35:51 下午 spec.jbb.JBBmain DoARun -> 信息:   started user thread for Warehouse 10
1月 02, 2026 6:35:51 下午 spec.jbb.JBBmain DoARun -> 信息:   started user thread for Warehouse 11
1月 02, 2026 6:35:51 下午 spec.jbb.JBBmain DoARun -> 信息:   started user thread for Warehouse 12
1月 02, 2026 6:35:51 下午 spec.jbb.JBBmain DoARun -> 信息:   started user thread for Warehouse 13
1月 02, 2026 6:35:51 下午 spec.jbb.JBBmain DoARun -> 信息:   started user thread for Warehouse 14
1月 02, 2026 6:35:51 下午 spec.jbb.JBBmain DoARun -> 信息:   started user thread for Warehouse 15
1月 02, 2026 6:35:51 下午 spec.jbb.JBBmain DoARun -> 信息:   started user thread for Warehouse 16
1月 02, 2026 6:35:51 下午 spec.jbb.JBBmain DoARun -> 信息:   started user thread for Warehouse 17
1月 02, 2026 6:35:51 下午 spec.jbb.JBBmain DoARun -> 信息:   started user thread for Warehouse 18
1月 02, 2026 6:35:51 下午 spec.jbb.JBBmain DoARun -> 信息:   started user thread for Warehouse 19
1月 02, 2026 6:35:51 下午 spec.jbb.JBBmain DoARun -> 信息:   started user thread for Warehouse 20
1月 02, 2026 6:35:51 下午 spec.jbb.JBBmain DoARun -> 信息:   started user thread for Warehouse 21
1月 02, 2026 6:35:51 下午 spec.jbb.JBBmain DoARun -> 信息:   started user thread for Warehouse 22
1月 02, 2026 6:35:51 下午 spec.jbb.JBBmain DoARun -> 信息:   started user thread for Warehouse 23
1月 02, 2026 6:35:51 下午 spec.jbb.JBBmain DoARun -> 信息:   started user thread for Warehouse 24
1月 02, 2026 6:35:51 下午 spec.jbb.JBBmain DoARun -> 信息:   started user thread for Warehouse 25
1月 02, 2026 6:35:51 下午 spec.jbb.JBBmain DoARun -> 信息:   started user thread for Warehouse 26
1月 02, 2026 6:35:51 下午 spec.jbb.JBBmain DoARun -> 信息:   started user thread for Warehouse 27
1月 02, 2026 6:35:51 下午 spec.jbb.JBBmain DoARun -> 信息:   started user thread for Warehouse 28
1月 02, 2026 6:35:51 下午 spec.jbb.JBBmain DoARun -> 信息:   started user thread for Warehouse 29
1月 02, 2026 6:35:51 下午 spec.jbb.JBBmain DoARun -> 信息:   started user thread for Warehouse 30
1月 02, 2026 6:35:51 下午 spec.jbb.JBBmain DoARun -> 信息:   started user thread for Warehouse 31
1月 02, 2026 6:35:51 下午 spec.jbb.JBBmain DoARun -> 信息:   started user thread for Warehouse 32
1月 02, 2026 6:35:51 下午 spec.jbb.JBBmain DoARun -> 信息:   started user thread for Warehouse 33
1月 02, 2026 6:35:51 下午 spec.jbb.JBBmain DoARun -> 信息:   started user thread for Warehouse 34
1月 02, 2026 6:35:51 下午 spec.jbb.JBBmain DoARun -> 信息:   started user thread for Warehouse 35
1月 02, 2026 6:35:51 下午 spec.jbb.JBBmain DoARun -> 信息:   started user thread for Warehouse 36
1月 02, 2026 6:35:51 下午 spec.jbb.JBBmain DoARun -> 信息:   started user thread for Warehouse 37
1月 02, 2026 6:35:51 下午 spec.jbb.JBBmain DoARun -> 信息:   started user thread for Warehouse 38
1月 02, 2026 6:35:51 下午 spec.jbb.Company displayResultTotals -> 信息: Timing Measurement began Fri Jan 02 18:35:51 CST 2026 for 0.5 minutes
1月 02, 2026 6:36:21 下午 spec.jbb.Company displayResultTotals -> 信息: Timing Measurement ended Fri Jan 02 18:36:21 CST 2026
1月 02, 2026 6:36:21 下午 spec.jbb.Company primeWithDummyData -> 信息: Loading Warehouse 39...
1月 02, 2026 6:36:21 下午 spec.jbb.JBBmain DoARun -> 信息: Start User Threads
1月 02, 2026 6:36:21 下午 spec.jbb.JBBmain DoARun -> 信息:   started user thread for Warehouse 1
1月 02, 2026 6:36:21 下午 spec.jbb.JBBmain DoARun -> 信息:   started user thread for Warehouse 2
1月 02, 2026 6:36:21 下午 spec.jbb.JBBmain DoARun -> 信息:   started user thread for Warehouse 3
1月 02, 2026 6:36:21 下午 spec.jbb.JBBmain DoARun -> 信息:   started user thread for Warehouse 4
1月 02, 2026 6:36:21 下午 spec.jbb.JBBmain DoARun -> 信息:   started user thread for Warehouse 5
1月 02, 2026 6:36:21 下午 spec.jbb.JBBmain DoARun -> 信息:   started user thread for Warehouse 6
1月 02, 2026 6:36:21 下午 spec.jbb.JBBmain DoARun -> 信息:   started user thread for Warehouse 7
1月 02, 2026 6:36:21 下午 spec.jbb.JBBmain DoARun -> 信息:   started user thread for Warehouse 8
1月 02, 2026 6:36:21 下午 spec.jbb.JBBmain DoARun -> 信息:   started user thread for Warehouse 9
1月 02, 2026 6:36:21 下午 spec.jbb.JBBmain DoARun -> 信息:   started user thread for Warehouse 10
1月 02, 2026 6:36:21 下午 spec.jbb.JBBmain DoARun -> 信息:   started user thread for Warehouse 11
1月 02, 2026 6:36:21 下午 spec.jbb.JBBmain DoARun -> 信息:   started user thread for Warehouse 12
1月 02, 2026 6:36:21 下午 spec.jbb.JBBmain DoARun -> 信息:   started user thread for Warehouse 13
1月 02, 2026 6:36:21 下午 spec.jbb.JBBmain DoARun -> 信息:   started user thread for Warehouse 14
1月 02, 2026 6:36:21 下午 spec.jbb.JBBmain DoARun -> 信息:   started user thread for Warehouse 15
1月 02, 2026 6:36:21 下午 spec.jbb.JBBmain DoARun -> 信息:   started user thread for Warehouse 16
1月 02, 2026 6:36:21 下午 spec.jbb.JBBmain DoARun -> 信息:   started user thread for Warehouse 17
1月 02, 2026 6:36:21 下午 spec.jbb.JBBmain DoARun -> 信息:   started user thread for Warehouse 18
1月 02, 2026 6:36:21 下午 spec.jbb.JBBmain DoARun -> 信息:   started user thread for Warehouse 19
1月 02, 2026 6:36:21 下午 spec.jbb.JBBmain DoARun -> 信息:   started user thread for Warehouse 20
1月 02, 2026 6:36:21 下午 spec.jbb.JBBmain DoARun -> 信息:   started user thread for Warehouse 21
1月 02, 2026 6:36:21 下午 spec.jbb.JBBmain DoARun -> 信息:   started user thread for Warehouse 22
1月 02, 2026 6:36:21 下午 spec.jbb.JBBmain DoARun -> 信息:   started user thread for Warehouse 23
1月 02, 2026 6:36:21 下午 spec.jbb.JBBmain DoARun -> 信息:   started user thread for Warehouse 24
1月 02, 2026 6:36:21 下午 spec.jbb.JBBmain DoARun -> 信息:   started user thread for Warehouse 25
1月 02, 2026 6:36:21 下午 spec.jbb.JBBmain DoARun -> 信息:   started user thread for Warehouse 26
1月 02, 2026 6:36:21 下午 spec.jbb.JBBmain DoARun -> 信息:   started user thread for Warehouse 27
1月 02, 2026 6:36:21 下午 spec.jbb.JBBmain DoARun -> 信息:   started user thread for Warehouse 28
1月 02, 2026 6:36:21 下午 spec.jbb.JBBmain DoARun -> 信息:   started user thread for Warehouse 29
1月 02, 2026 6:36:21 下午 spec.jbb.JBBmain DoARun -> 信息:   started user thread for Warehouse 30
1月 02, 2026 6:36:21 下午 spec.jbb.JBBmain DoARun -> 信息:   started user thread for Warehouse 31
1月 02, 2026 6:36:21 下午 spec.jbb.JBBmain DoARun -> 信息:   started user thread for Warehouse 32
1月 02, 2026 6:36:21 下午 spec.jbb.JBBmain DoARun -> 信息:   started user thread for Warehouse 33
1月 02, 2026 6:36:21 下午 spec.jbb.JBBmain DoARun -> 信息:   started user thread for Warehouse 34
1月 02, 2026 6:36:21 下午 spec.jbb.JBBmain DoARun -> 信息:   started user thread for Warehouse 35
1月 02, 2026 6:36:21 下午 spec.jbb.JBBmain DoARun -> 信息:   started user thread for Warehouse 36
1月 02, 2026 6:36:21 下午 spec.jbb.JBBmain DoARun -> 信息:   started user thread for Warehouse 37
1月 02, 2026 6:36:21 下午 spec.jbb.JBBmain DoARun -> 信息:   started user thread for Warehouse 38
1月 02, 2026 6:36:21 下午 spec.jbb.JBBmain DoARun -> 信息:   started user thread for Warehouse 39
1月 02, 2026 6:36:21 下午 spec.jbb.Company displayResultTotals -> 信息: Timing Measurement began Fri Jan 02 18:36:21 CST 2026 for 0.5 minutes
1月 02, 2026 6:36:51 下午 spec.jbb.Company displayResultTotals -> 信息: Timing Measurement ended Fri Jan 02 18:36:51 CST 2026
1月 02, 2026 6:36:51 下午 spec.jbb.Company primeWithDummyData -> 信息: Loading Warehouse 40...
1月 02, 2026 6:36:52 下午 spec.jbb.JBBmain DoARun -> 信息: Start User Threads
1月 02, 2026 6:36:52 下午 spec.jbb.JBBmain DoARun -> 信息:   started user thread for Warehouse 1
1月 02, 2026 6:36:52 下午 spec.jbb.JBBmain DoARun -> 信息:   started user thread for Warehouse 2
1月 02, 2026 6:36:52 下午 spec.jbb.JBBmain DoARun -> 信息:   started user thread for Warehouse 3
1月 02, 2026 6:36:52 下午 spec.jbb.JBBmain DoARun -> 信息:   started user thread for Warehouse 4
1月 02, 2026 6:36:52 下午 spec.jbb.JBBmain DoARun -> 信息:   started user thread for Warehouse 5
1月 02, 2026 6:36:52 下午 spec.jbb.JBBmain DoARun -> 信息:   started user thread for Warehouse 6
1月 02, 2026 6:36:52 下午 spec.jbb.JBBmain DoARun -> 信息:   started user thread for Warehouse 7
1月 02, 2026 6:36:52 下午 spec.jbb.JBBmain DoARun -> 信息:   started user thread for Warehouse 8
1月 02, 2026 6:36:52 下午 spec.jbb.JBBmain DoARun -> 信息:   started user thread for Warehouse 9
1月 02, 2026 6:36:52 下午 spec.jbb.JBBmain DoARun -> 信息:   started user thread for Warehouse 10
1月 02, 2026 6:36:52 下午 spec.jbb.JBBmain DoARun -> 信息:   started user thread for Warehouse 11
1月 02, 2026 6:36:52 下午 spec.jbb.JBBmain DoARun -> 信息:   started user thread for Warehouse 12
1月 02, 2026 6:36:52 下午 spec.jbb.JBBmain DoARun -> 信息:   started user thread for Warehouse 13
1月 02, 2026 6:36:52 下午 spec.jbb.JBBmain DoARun -> 信息:   started user thread for Warehouse 14
1月 02, 2026 6:36:52 下午 spec.jbb.JBBmain DoARun -> 信息:   started user thread for Warehouse 15
1月 02, 2026 6:36:52 下午 spec.jbb.JBBmain DoARun -> 信息:   started user thread for Warehouse 16
1月 02, 2026 6:36:52 下午 spec.jbb.JBBmain DoARun -> 信息:   started user thread for Warehouse 17
1月 02, 2026 6:36:52 下午 spec.jbb.JBBmain DoARun -> 信息:   started user thread for Warehouse 18
1月 02, 2026 6:36:52 下午 spec.jbb.JBBmain DoARun -> 信息:   started user thread for Warehouse 19
1月 02, 2026 6:36:52 下午 spec.jbb.JBBmain DoARun -> 信息:   started user thread for Warehouse 20
1月 02, 2026 6:36:52 下午 spec.jbb.JBBmain DoARun -> 信息:   started user thread for Warehouse 21
1月 02, 2026 6:36:52 下午 spec.jbb.JBBmain DoARun -> 信息:   started user thread for Warehouse 22
1月 02, 2026 6:36:52 下午 spec.jbb.JBBmain DoARun -> 信息:   started user thread for Warehouse 23
1月 02, 2026 6:36:52 下午 spec.jbb.JBBmain DoARun -> 信息:   started user thread for Warehouse 24
1月 02, 2026 6:36:52 下午 spec.jbb.JBBmain DoARun -> 信息:   started user thread for Warehouse 25
1月 02, 2026 6:36:52 下午 spec.jbb.JBBmain DoARun -> 信息:   started user thread for Warehouse 26
1月 02, 2026 6:36:52 下午 spec.jbb.JBBmain DoARun -> 信息:   started user thread for Warehouse 27
1月 02, 2026 6:36:52 下午 spec.jbb.JBBmain DoARun -> 信息:   started user thread for Warehouse 28
1月 02, 2026 6:36:52 下午 spec.jbb.JBBmain DoARun -> 信息:   started user thread for Warehouse 29
1月 02, 2026 6:36:52 下午 spec.jbb.JBBmain DoARun -> 信息:   started user thread for Warehouse 30
1月 02, 2026 6:36:52 下午 spec.jbb.JBBmain DoARun -> 信息:   started user thread for Warehouse 31
1月 02, 2026 6:36:52 下午 spec.jbb.JBBmain DoARun -> 信息:   started user thread for Warehouse 32
1月 02, 2026 6:36:52 下午 spec.jbb.JBBmain DoARun -> 信息:   started user thread for Warehouse 33
1月 02, 2026 6:36:52 下午 spec.jbb.JBBmain DoARun -> 信息:   started user thread for Warehouse 34
1月 02, 2026 6:36:52 下午 spec.jbb.JBBmain DoARun -> 信息:   started user thread for Warehouse 35
1月 02, 2026 6:36:52 下午 spec.jbb.JBBmain DoARun -> 信息:   started user thread for Warehouse 36
1月 02, 2026 6:36:52 下午 spec.jbb.JBBmain DoARun -> 信息:   started user thread for Warehouse 37
1月 02, 2026 6:36:52 下午 spec.jbb.JBBmain DoARun -> 信息:   started user thread for Warehouse 38
1月 02, 2026 6:36:52 下午 spec.jbb.JBBmain DoARun -> 信息:   started user thread for Warehouse 39
1月 02, 2026 6:36:52 下午 spec.jbb.JBBmain DoARun -> 信息:   started user thread for Warehouse 40
1月 02, 2026 6:36:52 下午 spec.jbb.Company displayResultTotals -> 信息: Timing Measurement began Fri Jan 02 18:36:52 CST 2026 for 0.5 minutes
1月 02, 2026 6:37:22 下午 spec.jbb.Company displayResultTotals -> 信息: Timing Measurement ended Fri Jan 02 18:37:22 CST 2026
1月 02, 2026 6:37:22 下午 spec.jbb.Company primeWithDummyData -> 信息: Loading Warehouse 41...
1月 02, 2026 6:37:22 下午 spec.jbb.JBBmain DoARun -> 信息: Start User Threads
1月 02, 2026 6:37:22 下午 spec.jbb.JBBmain DoARun -> 信息:   started user thread for Warehouse 1
1月 02, 2026 6:37:22 下午 spec.jbb.JBBmain DoARun -> 信息:   started user thread for Warehouse 2
1月 02, 2026 6:37:22 下午 spec.jbb.JBBmain DoARun -> 信息:   started user thread for Warehouse 3
1月 02, 2026 6:37:22 下午 spec.jbb.JBBmain DoARun -> 信息:   started user thread for Warehouse 4
1月 02, 2026 6:37:22 下午 spec.jbb.JBBmain DoARun -> 信息:   started user thread for Warehouse 5
1月 02, 2026 6:37:22 下午 spec.jbb.JBBmain DoARun -> 信息:   started user thread for Warehouse 6
1月 02, 2026 6:37:22 下午 spec.jbb.JBBmain DoARun -> 信息:   started user thread for Warehouse 7
1月 02, 2026 6:37:22 下午 spec.jbb.JBBmain DoARun -> 信息:   started user thread for Warehouse 8
1月 02, 2026 6:37:22 下午 spec.jbb.JBBmain DoARun -> 信息:   started user thread for Warehouse 9
1月 02, 2026 6:37:22 下午 spec.jbb.JBBmain DoARun -> 信息:   started user thread for Warehouse 10
1月 02, 2026 6:37:22 下午 spec.jbb.JBBmain DoARun -> 信息:   started user thread for Warehouse 11
1月 02, 2026 6:37:22 下午 spec.jbb.JBBmain DoARun -> 信息:   started user thread for Warehouse 12
1月 02, 2026 6:37:22 下午 spec.jbb.JBBmain DoARun -> 信息:   started user thread for Warehouse 13
1月 02, 2026 6:37:22 下午 spec.jbb.JBBmain DoARun -> 信息:   started user thread for Warehouse 14
1月 02, 2026 6:37:22 下午 spec.jbb.JBBmain DoARun -> 信息:   started user thread for Warehouse 15
1月 02, 2026 6:37:22 下午 spec.jbb.JBBmain DoARun -> 信息:   started user thread for Warehouse 16
1月 02, 2026 6:37:22 下午 spec.jbb.JBBmain DoARun -> 信息:   started user thread for Warehouse 17
1月 02, 2026 6:37:22 下午 spec.jbb.JBBmain DoARun -> 信息:   started user thread for Warehouse 18
1月 02, 2026 6:37:22 下午 spec.jbb.JBBmain DoARun -> 信息:   started user thread for Warehouse 19
1月 02, 2026 6:37:22 下午 spec.jbb.JBBmain DoARun -> 信息:   started user thread for Warehouse 20
1月 02, 2026 6:37:22 下午 spec.jbb.JBBmain DoARun -> 信息:   started user thread for Warehouse 21
1月 02, 2026 6:37:22 下午 spec.jbb.JBBmain DoARun -> 信息:   started user thread for Warehouse 22
1月 02, 2026 6:37:22 下午 spec.jbb.JBBmain DoARun -> 信息:   started user thread for Warehouse 23
1月 02, 2026 6:37:22 下午 spec.jbb.JBBmain DoARun -> 信息:   started user thread for Warehouse 24
1月 02, 2026 6:37:22 下午 spec.jbb.JBBmain DoARun -> 信息:   started user thread for Warehouse 25
1月 02, 2026 6:37:22 下午 spec.jbb.JBBmain DoARun -> 信息:   started user thread for Warehouse 26
1月 02, 2026 6:37:22 下午 spec.jbb.JBBmain DoARun -> 信息:   started user thread for Warehouse 27
1月 02, 2026 6:37:22 下午 spec.jbb.JBBmain DoARun -> 信息:   started user thread for Warehouse 28
1月 02, 2026 6:37:22 下午 spec.jbb.JBBmain DoARun -> 信息:   started user thread for Warehouse 29
1月 02, 2026 6:37:22 下午 spec.jbb.JBBmain DoARun -> 信息:   started user thread for Warehouse 30
1月 02, 2026 6:37:22 下午 spec.jbb.JBBmain DoARun -> 信息:   started user thread for Warehouse 31
1月 02, 2026 6:37:22 下午 spec.jbb.JBBmain DoARun -> 信息:   started user thread for Warehouse 32
1月 02, 2026 6:37:22 下午 spec.jbb.JBBmain DoARun -> 信息:   started user thread for Warehouse 33
1月 02, 2026 6:37:22 下午 spec.jbb.JBBmain DoARun -> 信息:   started user thread for Warehouse 34
1月 02, 2026 6:37:22 下午 spec.jbb.JBBmain DoARun -> 信息:   started user thread for Warehouse 35
1月 02, 2026 6:37:22 下午 spec.jbb.JBBmain DoARun -> 信息:   started user thread for Warehouse 36
1月 02, 2026 6:37:22 下午 spec.jbb.JBBmain DoARun -> 信息:   started user thread for Warehouse 37
1月 02, 2026 6:37:22 下午 spec.jbb.JBBmain DoARun -> 信息:   started user thread for Warehouse 38
1月 02, 2026 6:37:22 下午 spec.jbb.JBBmain DoARun -> 信息:   started user thread for Warehouse 39
1月 02, 2026 6:37:22 下午 spec.jbb.JBBmain DoARun -> 信息:   started user thread for Warehouse 40
1月 02, 2026 6:37:22 下午 spec.jbb.JBBmain DoARun -> 信息:   started user thread for Warehouse 41
1月 02, 2026 6:37:22 下午 spec.jbb.Company displayResultTotals -> 信息: Timing Measurement began Fri Jan 02 18:37:22 CST 2026 for 0.5 minutes
1月 02, 2026 6:37:52 下午 spec.jbb.Company displayResultTotals -> 信息: Timing Measurement ended Fri Jan 02 18:37:52 CST 2026
1月 02, 2026 6:37:52 下午 spec.jbb.Company primeWithDummyData -> 信息: Loading Warehouse 42...
1月 02, 2026 6:37:52 下午 spec.jbb.JBBmain DoARun -> 信息: Start User Threads
1月 02, 2026 6:37:52 下午 spec.jbb.JBBmain DoARun -> 信息:   started user thread for Warehouse 1
1月 02, 2026 6:37:52 下午 spec.jbb.JBBmain DoARun -> 信息:   started user thread for Warehouse 2
1月 02, 2026 6:37:52 下午 spec.jbb.JBBmain DoARun -> 信息:   started user thread for Warehouse 3
1月 02, 2026 6:37:52 下午 spec.jbb.JBBmain DoARun -> 信息:   started user thread for Warehouse 4
1月 02, 2026 6:37:52 下午 spec.jbb.JBBmain DoARun -> 信息:   started user thread for Warehouse 5
1月 02, 2026 6:37:52 下午 spec.jbb.JBBmain DoARun -> 信息:   started user thread for Warehouse 6
1月 02, 2026 6:37:52 下午 spec.jbb.JBBmain DoARun -> 信息:   started user thread for Warehouse 7
1月 02, 2026 6:37:52 下午 spec.jbb.JBBmain DoARun -> 信息:   started user thread for Warehouse 8
1月 02, 2026 6:37:52 下午 spec.jbb.JBBmain DoARun -> 信息:   started user thread for Warehouse 9
1月 02, 2026 6:37:52 下午 spec.jbb.JBBmain DoARun -> 信息:   started user thread for Warehouse 10
1月 02, 2026 6:37:52 下午 spec.jbb.JBBmain DoARun -> 信息:   started user thread for Warehouse 11
1月 02, 2026 6:37:52 下午 spec.jbb.JBBmain DoARun -> 信息:   started user thread for Warehouse 12
1月 02, 2026 6:37:52 下午 spec.jbb.JBBmain DoARun -> 信息:   started user thread for Warehouse 13
1月 02, 2026 6:37:52 下午 spec.jbb.JBBmain DoARun -> 信息:   started user thread for Warehouse 14
1月 02, 2026 6:37:52 下午 spec.jbb.JBBmain DoARun -> 信息:   started user thread for Warehouse 15
1月 02, 2026 6:37:52 下午 spec.jbb.JBBmain DoARun -> 信息:   started user thread for Warehouse 16
1月 02, 2026 6:37:52 下午 spec.jbb.JBBmain DoARun -> 信息:   started user thread for Warehouse 17
1月 02, 2026 6:37:52 下午 spec.jbb.JBBmain DoARun -> 信息:   started user thread for Warehouse 18
1月 02, 2026 6:37:52 下午 spec.jbb.JBBmain DoARun -> 信息:   started user thread for Warehouse 19
1月 02, 2026 6:37:52 下午 spec.jbb.JBBmain DoARun -> 信息:   started user thread for Warehouse 20
1月 02, 2026 6:37:52 下午 spec.jbb.JBBmain DoARun -> 信息:   started user thread for Warehouse 21
1月 02, 2026 6:37:52 下午 spec.jbb.JBBmain DoARun -> 信息:   started user thread for Warehouse 22
1月 02, 2026 6:37:52 下午 spec.jbb.JBBmain DoARun -> 信息:   started user thread for Warehouse 23
1月 02, 2026 6:37:52 下午 spec.jbb.JBBmain DoARun -> 信息:   started user thread for Warehouse 24
1月 02, 2026 6:37:52 下午 spec.jbb.JBBmain DoARun -> 信息:   started user thread for Warehouse 25
1月 02, 2026 6:37:52 下午 spec.jbb.JBBmain DoARun -> 信息:   started user thread for Warehouse 26
1月 02, 2026 6:37:52 下午 spec.jbb.JBBmain DoARun -> 信息:   started user thread for Warehouse 27
1月 02, 2026 6:37:52 下午 spec.jbb.JBBmain DoARun -> 信息:   started user thread for Warehouse 28
1月 02, 2026 6:37:52 下午 spec.jbb.JBBmain DoARun -> 信息:   started user thread for Warehouse 29
1月 02, 2026 6:37:52 下午 spec.jbb.JBBmain DoARun -> 信息:   started user thread for Warehouse 30
1月 02, 2026 6:37:52 下午 spec.jbb.JBBmain DoARun -> 信息:   started user thread for Warehouse 31
1月 02, 2026 6:37:52 下午 spec.jbb.JBBmain DoARun -> 信息:   started user thread for Warehouse 32
1月 02, 2026 6:37:52 下午 spec.jbb.JBBmain DoARun -> 信息:   started user thread for Warehouse 33
1月 02, 2026 6:37:52 下午 spec.jbb.JBBmain DoARun -> 信息:   started user thread for Warehouse 34
1月 02, 2026 6:37:52 下午 spec.jbb.JBBmain DoARun -> 信息:   started user thread for Warehouse 35
1月 02, 2026 6:37:52 下午 spec.jbb.JBBmain DoARun -> 信息:   started user thread for Warehouse 36
1月 02, 2026 6:37:52 下午 spec.jbb.JBBmain DoARun -> 信息:   started user thread for Warehouse 37
1月 02, 2026 6:37:52 下午 spec.jbb.JBBmain DoARun -> 信息:   started user thread for Warehouse 38
1月 02, 2026 6:37:52 下午 spec.jbb.JBBmain DoARun -> 信息:   started user thread for Warehouse 39
1月 02, 2026 6:37:52 下午 spec.jbb.JBBmain DoARun -> 信息:   started user thread for Warehouse 40
1月 02, 2026 6:37:52 下午 spec.jbb.JBBmain DoARun -> 信息:   started user thread for Warehouse 41
1月 02, 2026 6:37:52 下午 spec.jbb.JBBmain DoARun -> 信息:   started user thread for Warehouse 42
1月 02, 2026 6:37:52 下午 spec.jbb.Company displayResultTotals -> 信息: Timing Measurement began Fri Jan 02 18:37:52 CST 2026 for 0.5 minutes
1月 02, 2026 6:38:22 下午 spec.jbb.Company displayResultTotals -> 信息: Timing Measurement ended Fri Jan 02 18:38:22 CST 2026
1月 02, 2026 6:38:22 下午 spec.jbb.Company primeWithDummyData -> 信息: Loading Warehouse 43...
1月 02, 2026 6:38:23 下午 spec.jbb.JBBmain DoARun -> 信息: Start User Threads
1月 02, 2026 6:38:23 下午 spec.jbb.JBBmain DoARun -> 信息:   started user thread for Warehouse 1
1月 02, 2026 6:38:23 下午 spec.jbb.JBBmain DoARun -> 信息:   started user thread for Warehouse 2
1月 02, 2026 6:38:23 下午 spec.jbb.JBBmain DoARun -> 信息:   started user thread for Warehouse 3
1月 02, 2026 6:38:23 下午 spec.jbb.JBBmain DoARun -> 信息:   started user thread for Warehouse 4
1月 02, 2026 6:38:23 下午 spec.jbb.JBBmain DoARun -> 信息:   started user thread for Warehouse 5
1月 02, 2026 6:38:23 下午 spec.jbb.JBBmain DoARun -> 信息:   started user thread for Warehouse 6
1月 02, 2026 6:38:23 下午 spec.jbb.JBBmain DoARun -> 信息:   started user thread for Warehouse 7
1月 02, 2026 6:38:23 下午 spec.jbb.JBBmain DoARun -> 信息:   started user thread for Warehouse 8
1月 02, 2026 6:38:23 下午 spec.jbb.JBBmain DoARun -> 信息:   started user thread for Warehouse 9
1月 02, 2026 6:38:23 下午 spec.jbb.JBBmain DoARun -> 信息:   started user thread for Warehouse 10
1月 02, 2026 6:38:23 下午 spec.jbb.JBBmain DoARun -> 信息:   started user thread for Warehouse 11
1月 02, 2026 6:38:23 下午 spec.jbb.JBBmain DoARun -> 信息:   started user thread for Warehouse 12
1月 02, 2026 6:38:23 下午 spec.jbb.JBBmain DoARun -> 信息:   started user thread for Warehouse 13
1月 02, 2026 6:38:23 下午 spec.jbb.JBBmain DoARun -> 信息:   started user thread for Warehouse 14
1月 02, 2026 6:38:23 下午 spec.jbb.JBBmain DoARun -> 信息:   started user thread for Warehouse 15
1月 02, 2026 6:38:23 下午 spec.jbb.JBBmain DoARun -> 信息:   started user thread for Warehouse 16
1月 02, 2026 6:38:23 下午 spec.jbb.JBBmain DoARun -> 信息:   started user thread for Warehouse 17
1月 02, 2026 6:38:23 下午 spec.jbb.JBBmain DoARun -> 信息:   started user thread for Warehouse 18
1月 02, 2026 6:38:23 下午 spec.jbb.JBBmain DoARun -> 信息:   started user thread for Warehouse 19
1月 02, 2026 6:38:23 下午 spec.jbb.JBBmain DoARun -> 信息:   started user thread for Warehouse 20
1月 02, 2026 6:38:23 下午 spec.jbb.JBBmain DoARun -> 信息:   started user thread for Warehouse 21
1月 02, 2026 6:38:23 下午 spec.jbb.JBBmain DoARun -> 信息:   started user thread for Warehouse 22
1月 02, 2026 6:38:23 下午 spec.jbb.JBBmain DoARun -> 信息:   started user thread for Warehouse 23
1月 02, 2026 6:38:23 下午 spec.jbb.JBBmain DoARun -> 信息:   started user thread for Warehouse 24
1月 02, 2026 6:38:23 下午 spec.jbb.JBBmain DoARun -> 信息:   started user thread for Warehouse 25
1月 02, 2026 6:38:23 下午 spec.jbb.JBBmain DoARun -> 信息:   started user thread for Warehouse 26
1月 02, 2026 6:38:23 下午 spec.jbb.JBBmain DoARun -> 信息:   started user thread for Warehouse 27
1月 02, 2026 6:38:23 下午 spec.jbb.JBBmain DoARun -> 信息:   started user thread for Warehouse 28
1月 02, 2026 6:38:23 下午 spec.jbb.JBBmain DoARun -> 信息:   started user thread for Warehouse 29
1月 02, 2026 6:38:23 下午 spec.jbb.JBBmain DoARun -> 信息:   started user thread for Warehouse 30
1月 02, 2026 6:38:23 下午 spec.jbb.JBBmain DoARun -> 信息:   started user thread for Warehouse 31
1月 02, 2026 6:38:23 下午 spec.jbb.JBBmain DoARun -> 信息:   started user thread for Warehouse 32
1月 02, 2026 6:38:23 下午 spec.jbb.JBBmain DoARun -> 信息:   started user thread for Warehouse 33
1月 02, 2026 6:38:23 下午 spec.jbb.JBBmain DoARun -> 信息:   started user thread for Warehouse 34
1月 02, 2026 6:38:23 下午 spec.jbb.JBBmain DoARun -> 信息:   started user thread for Warehouse 35
1月 02, 2026 6:38:23 下午 spec.jbb.JBBmain DoARun -> 信息:   started user thread for Warehouse 36
1月 02, 2026 6:38:23 下午 spec.jbb.JBBmain DoARun -> 信息:   started user thread for Warehouse 37
1月 02, 2026 6:38:23 下午 spec.jbb.JBBmain DoARun -> 信息:   started user thread for Warehouse 38
1月 02, 2026 6:38:23 下午 spec.jbb.JBBmain DoARun -> 信息:   started user thread for Warehouse 39
1月 02, 2026 6:38:23 下午 spec.jbb.JBBmain DoARun -> 信息:   started user thread for Warehouse 40
1月 02, 2026 6:38:23 下午 spec.jbb.JBBmain DoARun -> 信息:   started user thread for Warehouse 41
1月 02, 2026 6:38:23 下午 spec.jbb.JBBmain DoARun -> 信息:   started user thread for Warehouse 42
1月 02, 2026 6:38:23 下午 spec.jbb.JBBmain DoARun -> 信息:   started user thread for Warehouse 43
1月 02, 2026 6:38:23 下午 spec.jbb.Company displayResultTotals -> 信息: Timing Measurement began Fri Jan 02 18:38:23 CST 2026 for 0.5 minutes
1月 02, 2026 6:38:53 下午 spec.jbb.Company displayResultTotals -> 信息: Timing Measurement ended Fri Jan 02 18:38:53 CST 2026
1月 02, 2026 6:38:53 下午 spec.jbb.Company primeWithDummyData -> 信息: Loading Warehouse 44...
1月 02, 2026 6:38:53 下午 spec.jbb.JBBmain DoARun -> 信息: Start User Threads
1月 02, 2026 6:38:53 下午 spec.jbb.JBBmain DoARun -> 信息:   started user thread for Warehouse 1
1月 02, 2026 6:38:53 下午 spec.jbb.JBBmain DoARun -> 信息:   started user thread for Warehouse 2
1月 02, 2026 6:38:53 下午 spec.jbb.JBBmain DoARun -> 信息:   started user thread for Warehouse 3
1月 02, 2026 6:38:53 下午 spec.jbb.JBBmain DoARun -> 信息:   started user thread for Warehouse 4
1月 02, 2026 6:38:53 下午 spec.jbb.JBBmain DoARun -> 信息:   started user thread for Warehouse 5
1月 02, 2026 6:38:53 下午 spec.jbb.JBBmain DoARun -> 信息:   started user thread for Warehouse 6
1月 02, 2026 6:38:53 下午 spec.jbb.JBBmain DoARun -> 信息:   started user thread for Warehouse 7
1月 02, 2026 6:38:53 下午 spec.jbb.JBBmain DoARun -> 信息:   started user thread for Warehouse 8
1月 02, 2026 6:38:53 下午 spec.jbb.JBBmain DoARun -> 信息:   started user thread for Warehouse 9
1月 02, 2026 6:38:53 下午 spec.jbb.JBBmain DoARun -> 信息:   started user thread for Warehouse 10
1月 02, 2026 6:38:53 下午 spec.jbb.JBBmain DoARun -> 信息:   started user thread for Warehouse 11
1月 02, 2026 6:38:53 下午 spec.jbb.JBBmain DoARun -> 信息:   started user thread for Warehouse 12
1月 02, 2026 6:38:53 下午 spec.jbb.JBBmain DoARun -> 信息:   started user thread for Warehouse 13
1月 02, 2026 6:38:53 下午 spec.jbb.JBBmain DoARun -> 信息:   started user thread for Warehouse 14
1月 02, 2026 6:38:53 下午 spec.jbb.JBBmain DoARun -> 信息:   started user thread for Warehouse 15
1月 02, 2026 6:38:53 下午 spec.jbb.JBBmain DoARun -> 信息:   started user thread for Warehouse 16
1月 02, 2026 6:38:53 下午 spec.jbb.JBBmain DoARun -> 信息:   started user thread for Warehouse 17
1月 02, 2026 6:38:53 下午 spec.jbb.JBBmain DoARun -> 信息:   started user thread for Warehouse 18
1月 02, 2026 6:38:53 下午 spec.jbb.JBBmain DoARun -> 信息:   started user thread for Warehouse 19
1月 02, 2026 6:38:53 下午 spec.jbb.JBBmain DoARun -> 信息:   started user thread for Warehouse 20
1月 02, 2026 6:38:53 下午 spec.jbb.JBBmain DoARun -> 信息:   started user thread for Warehouse 21
1月 02, 2026 6:38:53 下午 spec.jbb.JBBmain DoARun -> 信息:   started user thread for Warehouse 22
1月 02, 2026 6:38:53 下午 spec.jbb.JBBmain DoARun -> 信息:   started user thread for Warehouse 23
1月 02, 2026 6:38:53 下午 spec.jbb.JBBmain DoARun -> 信息:   started user thread for Warehouse 24
1月 02, 2026 6:38:53 下午 spec.jbb.JBBmain DoARun -> 信息:   started user thread for Warehouse 25
1月 02, 2026 6:38:53 下午 spec.jbb.JBBmain DoARun -> 信息:   started user thread for Warehouse 26
1月 02, 2026 6:38:53 下午 spec.jbb.JBBmain DoARun -> 信息:   started user thread for Warehouse 27
1月 02, 2026 6:38:53 下午 spec.jbb.JBBmain DoARun -> 信息:   started user thread for Warehouse 28
1月 02, 2026 6:38:53 下午 spec.jbb.JBBmain DoARun -> 信息:   started user thread for Warehouse 29
1月 02, 2026 6:38:53 下午 spec.jbb.JBBmain DoARun -> 信息:   started user thread for Warehouse 30
1月 02, 2026 6:38:53 下午 spec.jbb.JBBmain DoARun -> 信息:   started user thread for Warehouse 31
1月 02, 2026 6:38:53 下午 spec.jbb.JBBmain DoARun -> 信息:   started user thread for Warehouse 32
1月 02, 2026 6:38:53 下午 spec.jbb.JBBmain DoARun -> 信息:   started user thread for Warehouse 33
1月 02, 2026 6:38:53 下午 spec.jbb.JBBmain DoARun -> 信息:   started user thread for Warehouse 34
1月 02, 2026 6:38:53 下午 spec.jbb.JBBmain DoARun -> 信息:   started user thread for Warehouse 35
1月 02, 2026 6:38:53 下午 spec.jbb.JBBmain DoARun -> 信息:   started user thread for Warehouse 36
1月 02, 2026 6:38:53 下午 spec.jbb.JBBmain DoARun -> 信息:   started user thread for Warehouse 37
1月 02, 2026 6:38:53 下午 spec.jbb.JBBmain DoARun -> 信息:   started user thread for Warehouse 38
1月 02, 2026 6:38:53 下午 spec.jbb.JBBmain DoARun -> 信息:   started user thread for Warehouse 39
1月 02, 2026 6:38:53 下午 spec.jbb.JBBmain DoARun -> 信息:   started user thread for Warehouse 40
1月 02, 2026 6:38:53 下午 spec.jbb.JBBmain DoARun -> 信息:   started user thread for Warehouse 41
1月 02, 2026 6:38:53 下午 spec.jbb.JBBmain DoARun -> 信息:   started user thread for Warehouse 42
1月 02, 2026 6:38:53 下午 spec.jbb.JBBmain DoARun -> 信息:   started user thread for Warehouse 43
1月 02, 2026 6:38:53 下午 spec.jbb.JBBmain DoARun -> 信息:   started user thread for Warehouse 44
1月 02, 2026 6:38:53 下午 spec.jbb.Company displayResultTotals -> 信息: Timing Measurement began Fri Jan 02 18:38:53 CST 2026 for 0.5 minutes
1月 02, 2026 6:39:23 下午 spec.jbb.Company displayResultTotals -> 信息: Timing Measurement ended Fri Jan 02 18:39:23 CST 2026
1月 02, 2026 6:39:23 下午 spec.jbb.Company primeWithDummyData -> 信息: Loading Warehouse 45...
1月 02, 2026 6:39:23 下午 spec.jbb.JBBmain DoARun -> 信息: Start User Threads
1月 02, 2026 6:39:23 下午 spec.jbb.JBBmain DoARun -> 信息:   started user thread for Warehouse 1
1月 02, 2026 6:39:23 下午 spec.jbb.JBBmain DoARun -> 信息:   started user thread for Warehouse 2
1月 02, 2026 6:39:23 下午 spec.jbb.JBBmain DoARun -> 信息:   started user thread for Warehouse 3
1月 02, 2026 6:39:23 下午 spec.jbb.JBBmain DoARun -> 信息:   started user thread for Warehouse 4
1月 02, 2026 6:39:23 下午 spec.jbb.JBBmain DoARun -> 信息:   started user thread for Warehouse 5
1月 02, 2026 6:39:23 下午 spec.jbb.JBBmain DoARun -> 信息:   started user thread for Warehouse 6
1月 02, 2026 6:39:23 下午 spec.jbb.JBBmain DoARun -> 信息:   started user thread for Warehouse 7
1月 02, 2026 6:39:23 下午 spec.jbb.JBBmain DoARun -> 信息:   started user thread for Warehouse 8
1月 02, 2026 6:39:23 下午 spec.jbb.JBBmain DoARun -> 信息:   started user thread for Warehouse 9
1月 02, 2026 6:39:23 下午 spec.jbb.JBBmain DoARun -> 信息:   started user thread for Warehouse 10
1月 02, 2026 6:39:23 下午 spec.jbb.JBBmain DoARun -> 信息:   started user thread for Warehouse 11
1月 02, 2026 6:39:23 下午 spec.jbb.JBBmain DoARun -> 信息:   started user thread for Warehouse 12
1月 02, 2026 6:39:23 下午 spec.jbb.JBBmain DoARun -> 信息:   started user thread for Warehouse 13
1月 02, 2026 6:39:23 下午 spec.jbb.JBBmain DoARun -> 信息:   started user thread for Warehouse 14
1月 02, 2026 6:39:23 下午 spec.jbb.JBBmain DoARun -> 信息:   started user thread for Warehouse 15
1月 02, 2026 6:39:23 下午 spec.jbb.JBBmain DoARun -> 信息:   started user thread for Warehouse 16
1月 02, 2026 6:39:23 下午 spec.jbb.JBBmain DoARun -> 信息:   started user thread for Warehouse 17
1月 02, 2026 6:39:23 下午 spec.jbb.JBBmain DoARun -> 信息:   started user thread for Warehouse 18
1月 02, 2026 6:39:23 下午 spec.jbb.JBBmain DoARun -> 信息:   started user thread for Warehouse 19
1月 02, 2026 6:39:23 下午 spec.jbb.JBBmain DoARun -> 信息:   started user thread for Warehouse 20
1月 02, 2026 6:39:23 下午 spec.jbb.JBBmain DoARun -> 信息:   started user thread for Warehouse 21
1月 02, 2026 6:39:23 下午 spec.jbb.JBBmain DoARun -> 信息:   started user thread for Warehouse 22
1月 02, 2026 6:39:23 下午 spec.jbb.JBBmain DoARun -> 信息:   started user thread for Warehouse 23
1月 02, 2026 6:39:23 下午 spec.jbb.JBBmain DoARun -> 信息:   started user thread for Warehouse 24
1月 02, 2026 6:39:23 下午 spec.jbb.JBBmain DoARun -> 信息:   started user thread for Warehouse 25
1月 02, 2026 6:39:23 下午 spec.jbb.JBBmain DoARun -> 信息:   started user thread for Warehouse 26
1月 02, 2026 6:39:23 下午 spec.jbb.JBBmain DoARun -> 信息:   started user thread for Warehouse 27
1月 02, 2026 6:39:23 下午 spec.jbb.JBBmain DoARun -> 信息:   started user thread for Warehouse 28
1月 02, 2026 6:39:23 下午 spec.jbb.JBBmain DoARun -> 信息:   started user thread for Warehouse 29
1月 02, 2026 6:39:23 下午 spec.jbb.JBBmain DoARun -> 信息:   started user thread for Warehouse 30
1月 02, 2026 6:39:23 下午 spec.jbb.JBBmain DoARun -> 信息:   started user thread for Warehouse 31
1月 02, 2026 6:39:23 下午 spec.jbb.JBBmain DoARun -> 信息:   started user thread for Warehouse 32
1月 02, 2026 6:39:23 下午 spec.jbb.JBBmain DoARun -> 信息:   started user thread for Warehouse 33
1月 02, 2026 6:39:23 下午 spec.jbb.JBBmain DoARun -> 信息:   started user thread for Warehouse 34
1月 02, 2026 6:39:23 下午 spec.jbb.JBBmain DoARun -> 信息:   started user thread for Warehouse 35
1月 02, 2026 6:39:23 下午 spec.jbb.JBBmain DoARun -> 信息:   started user thread for Warehouse 36
1月 02, 2026 6:39:23 下午 spec.jbb.JBBmain DoARun -> 信息:   started user thread for Warehouse 37
1月 02, 2026 6:39:23 下午 spec.jbb.JBBmain DoARun -> 信息:   started user thread for Warehouse 38
1月 02, 2026 6:39:23 下午 spec.jbb.JBBmain DoARun -> 信息:   started user thread for Warehouse 39
1月 02, 2026 6:39:23 下午 spec.jbb.JBBmain DoARun -> 信息:   started user thread for Warehouse 40
1月 02, 2026 6:39:23 下午 spec.jbb.JBBmain DoARun -> 信息:   started user thread for Warehouse 41
1月 02, 2026 6:39:23 下午 spec.jbb.JBBmain DoARun -> 信息:   started user thread for Warehouse 42
1月 02, 2026 6:39:23 下午 spec.jbb.JBBmain DoARun -> 信息:   started user thread for Warehouse 43
1月 02, 2026 6:39:23 下午 spec.jbb.JBBmain DoARun -> 信息:   started user thread for Warehouse 44
1月 02, 2026 6:39:23 下午 spec.jbb.JBBmain DoARun -> 信息:   started user thread for Warehouse 45
1月 02, 2026 6:39:23 下午 spec.jbb.Company displayResultTotals -> 信息: Timing Measurement began Fri Jan 02 18:39:23 CST 2026 for 0.5 minutes
1月 02, 2026 6:39:53 下午 spec.jbb.Company displayResultTotals -> 信息: Timing Measurement ended Fri Jan 02 18:39:53 CST 2026
1月 02, 2026 6:39:53 下午 spec.jbb.Company primeWithDummyData -> 信息: Loading Warehouse 46...
1月 02, 2026 6:39:54 下午 spec.jbb.JBBmain DoARun -> 信息: Start User Threads
1月 02, 2026 6:39:54 下午 spec.jbb.JBBmain DoARun -> 信息:   started user thread for Warehouse 1
1月 02, 2026 6:39:54 下午 spec.jbb.JBBmain DoARun -> 信息:   started user thread for Warehouse 2
1月 02, 2026 6:39:54 下午 spec.jbb.JBBmain DoARun -> 信息:   started user thread for Warehouse 3
1月 02, 2026 6:39:54 下午 spec.jbb.JBBmain DoARun -> 信息:   started user thread for Warehouse 4
1月 02, 2026 6:39:54 下午 spec.jbb.JBBmain DoARun -> 信息:   started user thread for Warehouse 5
1月 02, 2026 6:39:54 下午 spec.jbb.JBBmain DoARun -> 信息:   started user thread for Warehouse 6
1月 02, 2026 6:39:54 下午 spec.jbb.JBBmain DoARun -> 信息:   started user thread for Warehouse 7
1月 02, 2026 6:39:54 下午 spec.jbb.JBBmain DoARun -> 信息:   started user thread for Warehouse 8
1月 02, 2026 6:39:54 下午 spec.jbb.JBBmain DoARun -> 信息:   started user thread for Warehouse 9
1月 02, 2026 6:39:54 下午 spec.jbb.JBBmain DoARun -> 信息:   started user thread for Warehouse 10
1月 02, 2026 6:39:54 下午 spec.jbb.JBBmain DoARun -> 信息:   started user thread for Warehouse 11
1月 02, 2026 6:39:54 下午 spec.jbb.JBBmain DoARun -> 信息:   started user thread for Warehouse 12
1月 02, 2026 6:39:54 下午 spec.jbb.JBBmain DoARun -> 信息:   started user thread for Warehouse 13
1月 02, 2026 6:39:54 下午 spec.jbb.JBBmain DoARun -> 信息:   started user thread for Warehouse 14
1月 02, 2026 6:39:54 下午 spec.jbb.JBBmain DoARun -> 信息:   started user thread for Warehouse 15
1月 02, 2026 6:39:54 下午 spec.jbb.JBBmain DoARun -> 信息:   started user thread for Warehouse 16
1月 02, 2026 6:39:54 下午 spec.jbb.JBBmain DoARun -> 信息:   started user thread for Warehouse 17
1月 02, 2026 6:39:54 下午 spec.jbb.JBBmain DoARun -> 信息:   started user thread for Warehouse 18
1月 02, 2026 6:39:54 下午 spec.jbb.JBBmain DoARun -> 信息:   started user thread for Warehouse 19
1月 02, 2026 6:39:54 下午 spec.jbb.JBBmain DoARun -> 信息:   started user thread for Warehouse 20
1月 02, 2026 6:39:54 下午 spec.jbb.JBBmain DoARun -> 信息:   started user thread for Warehouse 21
1月 02, 2026 6:39:54 下午 spec.jbb.JBBmain DoARun -> 信息:   started user thread for Warehouse 22
1月 02, 2026 6:39:54 下午 spec.jbb.JBBmain DoARun -> 信息:   started user thread for Warehouse 23
1月 02, 2026 6:39:54 下午 spec.jbb.JBBmain DoARun -> 信息:   started user thread for Warehouse 24
1月 02, 2026 6:39:54 下午 spec.jbb.JBBmain DoARun -> 信息:   started user thread for Warehouse 25
1月 02, 2026 6:39:54 下午 spec.jbb.JBBmain DoARun -> 信息:   started user thread for Warehouse 26
1月 02, 2026 6:39:54 下午 spec.jbb.JBBmain DoARun -> 信息:   started user thread for Warehouse 27
1月 02, 2026 6:39:54 下午 spec.jbb.JBBmain DoARun -> 信息:   started user thread for Warehouse 28
1月 02, 2026 6:39:54 下午 spec.jbb.JBBmain DoARun -> 信息:   started user thread for Warehouse 29
1月 02, 2026 6:39:54 下午 spec.jbb.JBBmain DoARun -> 信息:   started user thread for Warehouse 30
1月 02, 2026 6:39:54 下午 spec.jbb.JBBmain DoARun -> 信息:   started user thread for Warehouse 31
1月 02, 2026 6:39:54 下午 spec.jbb.JBBmain DoARun -> 信息:   started user thread for Warehouse 32
1月 02, 2026 6:39:54 下午 spec.jbb.JBBmain DoARun -> 信息:   started user thread for Warehouse 33
1月 02, 2026 6:39:54 下午 spec.jbb.JBBmain DoARun -> 信息:   started user thread for Warehouse 34
1月 02, 2026 6:39:54 下午 spec.jbb.JBBmain DoARun -> 信息:   started user thread for Warehouse 35
1月 02, 2026 6:39:54 下午 spec.jbb.JBBmain DoARun -> 信息:   started user thread for Warehouse 36
1月 02, 2026 6:39:54 下午 spec.jbb.JBBmain DoARun -> 信息:   started user thread for Warehouse 37
1月 02, 2026 6:39:54 下午 spec.jbb.JBBmain DoARun -> 信息:   started user thread for Warehouse 38
1月 02, 2026 6:39:54 下午 spec.jbb.JBBmain DoARun -> 信息:   started user thread for Warehouse 39
1月 02, 2026 6:39:54 下午 spec.jbb.JBBmain DoARun -> 信息:   started user thread for Warehouse 40
1月 02, 2026 6:39:54 下午 spec.jbb.JBBmain DoARun -> 信息:   started user thread for Warehouse 41
1月 02, 2026 6:39:54 下午 spec.jbb.JBBmain DoARun -> 信息:   started user thread for Warehouse 42
1月 02, 2026 6:39:54 下午 spec.jbb.JBBmain DoARun -> 信息:   started user thread for Warehouse 43
1月 02, 2026 6:39:54 下午 spec.jbb.JBBmain DoARun -> 信息:   started user thread for Warehouse 44
1月 02, 2026 6:39:54 下午 spec.jbb.JBBmain DoARun -> 信息:   started user thread for Warehouse 45
1月 02, 2026 6:39:54 下午 spec.jbb.JBBmain DoARun -> 信息:   started user thread for Warehouse 46
1月 02, 2026 6:39:54 下午 spec.jbb.Company displayResultTotals -> 信息: Timing Measurement began Fri Jan 02 18:39:54 CST 2026 for 0.5 minutes
1月 02, 2026 6:40:24 下午 spec.jbb.Company displayResultTotals -> 信息: Timing Measurement ended Fri Jan 02 18:40:24 CST 2026
1月 02, 2026 6:40:24 下午 spec.jbb.Company primeWithDummyData -> 信息: Loading Warehouse 47...
1月 02, 2026 6:40:24 下午 spec.jbb.JBBmain DoARun -> 信息: Start User Threads
1月 02, 2026 6:40:24 下午 spec.jbb.JBBmain DoARun -> 信息:   started user thread for Warehouse 1
1月 02, 2026 6:40:24 下午 spec.jbb.JBBmain DoARun -> 信息:   started user thread for Warehouse 2
1月 02, 2026 6:40:24 下午 spec.jbb.JBBmain DoARun -> 信息:   started user thread for Warehouse 3
1月 02, 2026 6:40:24 下午 spec.jbb.JBBmain DoARun -> 信息:   started user thread for Warehouse 4
1月 02, 2026 6:40:24 下午 spec.jbb.JBBmain DoARun -> 信息:   started user thread for Warehouse 5
1月 02, 2026 6:40:24 下午 spec.jbb.JBBmain DoARun -> 信息:   started user thread for Warehouse 6
1月 02, 2026 6:40:24 下午 spec.jbb.JBBmain DoARun -> 信息:   started user thread for Warehouse 7
1月 02, 2026 6:40:24 下午 spec.jbb.JBBmain DoARun -> 信息:   started user thread for Warehouse 8
1月 02, 2026 6:40:24 下午 spec.jbb.JBBmain DoARun -> 信息:   started user thread for Warehouse 9
1月 02, 2026 6:40:24 下午 spec.jbb.JBBmain DoARun -> 信息:   started user thread for Warehouse 10
1月 02, 2026 6:40:24 下午 spec.jbb.JBBmain DoARun -> 信息:   started user thread for Warehouse 11
1月 02, 2026 6:40:24 下午 spec.jbb.JBBmain DoARun -> 信息:   started user thread for Warehouse 12
1月 02, 2026 6:40:24 下午 spec.jbb.JBBmain DoARun -> 信息:   started user thread for Warehouse 13
1月 02, 2026 6:40:24 下午 spec.jbb.JBBmain DoARun -> 信息:   started user thread for Warehouse 14
1月 02, 2026 6:40:24 下午 spec.jbb.JBBmain DoARun -> 信息:   started user thread for Warehouse 15
1月 02, 2026 6:40:24 下午 spec.jbb.JBBmain DoARun -> 信息:   started user thread for Warehouse 16
1月 02, 2026 6:40:24 下午 spec.jbb.JBBmain DoARun -> 信息:   started user thread for Warehouse 17
1月 02, 2026 6:40:24 下午 spec.jbb.JBBmain DoARun -> 信息:   started user thread for Warehouse 18
1月 02, 2026 6:40:24 下午 spec.jbb.JBBmain DoARun -> 信息:   started user thread for Warehouse 19
1月 02, 2026 6:40:24 下午 spec.jbb.JBBmain DoARun -> 信息:   started user thread for Warehouse 20
1月 02, 2026 6:40:24 下午 spec.jbb.JBBmain DoARun -> 信息:   started user thread for Warehouse 21
1月 02, 2026 6:40:24 下午 spec.jbb.JBBmain DoARun -> 信息:   started user thread for Warehouse 22
1月 02, 2026 6:40:24 下午 spec.jbb.JBBmain DoARun -> 信息:   started user thread for Warehouse 23
1月 02, 2026 6:40:24 下午 spec.jbb.JBBmain DoARun -> 信息:   started user thread for Warehouse 24
1月 02, 2026 6:40:24 下午 spec.jbb.JBBmain DoARun -> 信息:   started user thread for Warehouse 25
1月 02, 2026 6:40:24 下午 spec.jbb.JBBmain DoARun -> 信息:   started user thread for Warehouse 26
1月 02, 2026 6:40:24 下午 spec.jbb.JBBmain DoARun -> 信息:   started user thread for Warehouse 27
1月 02, 2026 6:40:24 下午 spec.jbb.JBBmain DoARun -> 信息:   started user thread for Warehouse 28
1月 02, 2026 6:40:24 下午 spec.jbb.JBBmain DoARun -> 信息:   started user thread for Warehouse 29
1月 02, 2026 6:40:24 下午 spec.jbb.JBBmain DoARun -> 信息:   started user thread for Warehouse 30
1月 02, 2026 6:40:24 下午 spec.jbb.JBBmain DoARun -> 信息:   started user thread for Warehouse 31
1月 02, 2026 6:40:24 下午 spec.jbb.JBBmain DoARun -> 信息:   started user thread for Warehouse 32
1月 02, 2026 6:40:24 下午 spec.jbb.JBBmain DoARun -> 信息:   started user thread for Warehouse 33
1月 02, 2026 6:40:24 下午 spec.jbb.JBBmain DoARun -> 信息:   started user thread for Warehouse 34
1月 02, 2026 6:40:24 下午 spec.jbb.JBBmain DoARun -> 信息:   started user thread for Warehouse 35
1月 02, 2026 6:40:24 下午 spec.jbb.JBBmain DoARun -> 信息:   started user thread for Warehouse 36
1月 02, 2026 6:40:24 下午 spec.jbb.JBBmain DoARun -> 信息:   started user thread for Warehouse 37
1月 02, 2026 6:40:24 下午 spec.jbb.JBBmain DoARun -> 信息:   started user thread for Warehouse 38
1月 02, 2026 6:40:24 下午 spec.jbb.JBBmain DoARun -> 信息:   started user thread for Warehouse 39
1月 02, 2026 6:40:24 下午 spec.jbb.JBBmain DoARun -> 信息:   started user thread for Warehouse 40
1月 02, 2026 6:40:24 下午 spec.jbb.JBBmain DoARun -> 信息:   started user thread for Warehouse 41
1月 02, 2026 6:40:24 下午 spec.jbb.JBBmain DoARun -> 信息:   started user thread for Warehouse 42
1月 02, 2026 6:40:24 下午 spec.jbb.JBBmain DoARun -> 信息:   started user thread for Warehouse 43
1月 02, 2026 6:40:24 下午 spec.jbb.JBBmain DoARun -> 信息:   started user thread for Warehouse 44
1月 02, 2026 6:40:24 下午 spec.jbb.JBBmain DoARun -> 信息:   started user thread for Warehouse 45
1月 02, 2026 6:40:24 下午 spec.jbb.JBBmain DoARun -> 信息:   started user thread for Warehouse 46
1月 02, 2026 6:40:24 下午 spec.jbb.JBBmain DoARun -> 信息:   started user thread for Warehouse 47
1月 02, 2026 6:40:24 下午 spec.jbb.Company displayResultTotals -> 信息: Timing Measurement began Fri Jan 02 18:40:24 CST 2026 for 0.5 minutes
1月 02, 2026 6:40:54 下午 spec.jbb.Company displayResultTotals -> 信息: Timing Measurement ended Fri Jan 02 18:40:54 CST 2026
1月 02, 2026 6:40:54 下午 spec.jbb.Company primeWithDummyData -> 信息: Loading Warehouse 48...
1月 02, 2026 6:40:54 下午 spec.jbb.JBBmain DoARun -> 信息: Start User Threads
1月 02, 2026 6:40:54 下午 spec.jbb.JBBmain DoARun -> 信息:   started user thread for Warehouse 1
1月 02, 2026 6:40:54 下午 spec.jbb.JBBmain DoARun -> 信息:   started user thread for Warehouse 2
1月 02, 2026 6:40:54 下午 spec.jbb.JBBmain DoARun -> 信息:   started user thread for Warehouse 3
1月 02, 2026 6:40:54 下午 spec.jbb.JBBmain DoARun -> 信息:   started user thread for Warehouse 4
1月 02, 2026 6:40:54 下午 spec.jbb.JBBmain DoARun -> 信息:   started user thread for Warehouse 5
1月 02, 2026 6:40:54 下午 spec.jbb.JBBmain DoARun -> 信息:   started user thread for Warehouse 6
1月 02, 2026 6:40:54 下午 spec.jbb.JBBmain DoARun -> 信息:   started user thread for Warehouse 7
1月 02, 2026 6:40:54 下午 spec.jbb.JBBmain DoARun -> 信息:   started user thread for Warehouse 8
1月 02, 2026 6:40:54 下午 spec.jbb.JBBmain DoARun -> 信息:   started user thread for Warehouse 9
1月 02, 2026 6:40:54 下午 spec.jbb.JBBmain DoARun -> 信息:   started user thread for Warehouse 10
1月 02, 2026 6:40:54 下午 spec.jbb.JBBmain DoARun -> 信息:   started user thread for Warehouse 11
1月 02, 2026 6:40:54 下午 spec.jbb.JBBmain DoARun -> 信息:   started user thread for Warehouse 12
1月 02, 2026 6:40:54 下午 spec.jbb.JBBmain DoARun -> 信息:   started user thread for Warehouse 13
1月 02, 2026 6:40:54 下午 spec.jbb.JBBmain DoARun -> 信息:   started user thread for Warehouse 14
1月 02, 2026 6:40:54 下午 spec.jbb.JBBmain DoARun -> 信息:   started user thread for Warehouse 15
1月 02, 2026 6:40:54 下午 spec.jbb.JBBmain DoARun -> 信息:   started user thread for Warehouse 16
1月 02, 2026 6:40:54 下午 spec.jbb.JBBmain DoARun -> 信息:   started user thread for Warehouse 17
1月 02, 2026 6:40:54 下午 spec.jbb.JBBmain DoARun -> 信息:   started user thread for Warehouse 18
1月 02, 2026 6:40:54 下午 spec.jbb.JBBmain DoARun -> 信息:   started user thread for Warehouse 19
1月 02, 2026 6:40:54 下午 spec.jbb.JBBmain DoARun -> 信息:   started user thread for Warehouse 20
1月 02, 2026 6:40:54 下午 spec.jbb.JBBmain DoARun -> 信息:   started user thread for Warehouse 21
1月 02, 2026 6:40:54 下午 spec.jbb.JBBmain DoARun -> 信息:   started user thread for Warehouse 22
1月 02, 2026 6:40:54 下午 spec.jbb.JBBmain DoARun -> 信息:   started user thread for Warehouse 23
1月 02, 2026 6:40:54 下午 spec.jbb.JBBmain DoARun -> 信息:   started user thread for Warehouse 24
1月 02, 2026 6:40:54 下午 spec.jbb.JBBmain DoARun -> 信息:   started user thread for Warehouse 25
1月 02, 2026 6:40:54 下午 spec.jbb.JBBmain DoARun -> 信息:   started user thread for Warehouse 26
1月 02, 2026 6:40:54 下午 spec.jbb.JBBmain DoARun -> 信息:   started user thread for Warehouse 27
1月 02, 2026 6:40:54 下午 spec.jbb.JBBmain DoARun -> 信息:   started user thread for Warehouse 28
1月 02, 2026 6:40:54 下午 spec.jbb.JBBmain DoARun -> 信息:   started user thread for Warehouse 29
1月 02, 2026 6:40:54 下午 spec.jbb.JBBmain DoARun -> 信息:   started user thread for Warehouse 30
1月 02, 2026 6:40:54 下午 spec.jbb.JBBmain DoARun -> 信息:   started user thread for Warehouse 31
1月 02, 2026 6:40:54 下午 spec.jbb.JBBmain DoARun -> 信息:   started user thread for Warehouse 32
1月 02, 2026 6:40:54 下午 spec.jbb.JBBmain DoARun -> 信息:   started user thread for Warehouse 33
1月 02, 2026 6:40:54 下午 spec.jbb.JBBmain DoARun -> 信息:   started user thread for Warehouse 34
1月 02, 2026 6:40:54 下午 spec.jbb.JBBmain DoARun -> 信息:   started user thread for Warehouse 35
1月 02, 2026 6:40:54 下午 spec.jbb.JBBmain DoARun -> 信息:   started user thread for Warehouse 36
1月 02, 2026 6:40:54 下午 spec.jbb.JBBmain DoARun -> 信息:   started user thread for Warehouse 37
1月 02, 2026 6:40:54 下午 spec.jbb.JBBmain DoARun -> 信息:   started user thread for Warehouse 38
1月 02, 2026 6:40:54 下午 spec.jbb.JBBmain DoARun -> 信息:   started user thread for Warehouse 39
1月 02, 2026 6:40:54 下午 spec.jbb.JBBmain DoARun -> 信息:   started user thread for Warehouse 40
1月 02, 2026 6:40:54 下午 spec.jbb.JBBmain DoARun -> 信息:   started user thread for Warehouse 41
1月 02, 2026 6:40:54 下午 spec.jbb.JBBmain DoARun -> 信息:   started user thread for Warehouse 42
1月 02, 2026 6:40:54 下午 spec.jbb.JBBmain DoARun -> 信息:   started user thread for Warehouse 43
1月 02, 2026 6:40:54 下午 spec.jbb.JBBmain DoARun -> 信息:   started user thread for Warehouse 44
1月 02, 2026 6:40:54 下午 spec.jbb.JBBmain DoARun -> 信息:   started user thread for Warehouse 45
1月 02, 2026 6:40:54 下午 spec.jbb.JBBmain DoARun -> 信息:   started user thread for Warehouse 46
1月 02, 2026 6:40:54 下午 spec.jbb.JBBmain DoARun -> 信息:   started user thread for Warehouse 47
1月 02, 2026 6:40:54 下午 spec.jbb.JBBmain DoARun -> 信息:   started user thread for Warehouse 48
1月 02, 2026 6:40:54 下午 spec.jbb.Company displayResultTotals -> 信息: Timing Measurement began Fri Jan 02 18:40:54 CST 2026 for 0.5 minutes
1月 02, 2026 6:41:24 下午 spec.jbb.Company displayResultTotals -> 信息: Timing Measurement ended Fri Jan 02 18:41:24 CST 2026
1月 02, 2026 6:41:24 下午 spec.jbb.Company primeWithDummyData -> 信息: Loading Warehouse 49...
1月 02, 2026 6:41:24 下午 spec.jbb.JBBmain DoARun -> 信息: Start User Threads
1月 02, 2026 6:41:24 下午 spec.jbb.JBBmain DoARun -> 信息:   started user thread for Warehouse 1
1月 02, 2026 6:41:24 下午 spec.jbb.JBBmain DoARun -> 信息:   started user thread for Warehouse 2
1月 02, 2026 6:41:24 下午 spec.jbb.JBBmain DoARun -> 信息:   started user thread for Warehouse 3
1月 02, 2026 6:41:24 下午 spec.jbb.JBBmain DoARun -> 信息:   started user thread for Warehouse 4
1月 02, 2026 6:41:24 下午 spec.jbb.JBBmain DoARun -> 信息:   started user thread for Warehouse 5
1月 02, 2026 6:41:24 下午 spec.jbb.JBBmain DoARun -> 信息:   started user thread for Warehouse 6
1月 02, 2026 6:41:24 下午 spec.jbb.JBBmain DoARun -> 信息:   started user thread for Warehouse 7
1月 02, 2026 6:41:24 下午 spec.jbb.JBBmain DoARun -> 信息:   started user thread for Warehouse 8
1月 02, 2026 6:41:24 下午 spec.jbb.JBBmain DoARun -> 信息:   started user thread for Warehouse 9
1月 02, 2026 6:41:24 下午 spec.jbb.JBBmain DoARun -> 信息:   started user thread for Warehouse 10
1月 02, 2026 6:41:24 下午 spec.jbb.JBBmain DoARun -> 信息:   started user thread for Warehouse 11
1月 02, 2026 6:41:24 下午 spec.jbb.JBBmain DoARun -> 信息:   started user thread for Warehouse 12
1月 02, 2026 6:41:24 下午 spec.jbb.JBBmain DoARun -> 信息:   started user thread for Warehouse 13
1月 02, 2026 6:41:24 下午 spec.jbb.JBBmain DoARun -> 信息:   started user thread for Warehouse 14
1月 02, 2026 6:41:24 下午 spec.jbb.JBBmain DoARun -> 信息:   started user thread for Warehouse 15
1月 02, 2026 6:41:24 下午 spec.jbb.JBBmain DoARun -> 信息:   started user thread for Warehouse 16
1月 02, 2026 6:41:24 下午 spec.jbb.JBBmain DoARun -> 信息:   started user thread for Warehouse 17
1月 02, 2026 6:41:24 下午 spec.jbb.JBBmain DoARun -> 信息:   started user thread for Warehouse 18
1月 02, 2026 6:41:24 下午 spec.jbb.JBBmain DoARun -> 信息:   started user thread for Warehouse 19
1月 02, 2026 6:41:24 下午 spec.jbb.JBBmain DoARun -> 信息:   started user thread for Warehouse 20
1月 02, 2026 6:41:24 下午 spec.jbb.JBBmain DoARun -> 信息:   started user thread for Warehouse 21
1月 02, 2026 6:41:24 下午 spec.jbb.JBBmain DoARun -> 信息:   started user thread for Warehouse 22
1月 02, 2026 6:41:24 下午 spec.jbb.JBBmain DoARun -> 信息:   started user thread for Warehouse 23
1月 02, 2026 6:41:25 下午 spec.jbb.JBBmain DoARun -> 信息:   started user thread for Warehouse 24
1月 02, 2026 6:41:25 下午 spec.jbb.JBBmain DoARun -> 信息:   started user thread for Warehouse 25
1月 02, 2026 6:41:25 下午 spec.jbb.JBBmain DoARun -> 信息:   started user thread for Warehouse 26
1月 02, 2026 6:41:25 下午 spec.jbb.JBBmain DoARun -> 信息:   started user thread for Warehouse 27
1月 02, 2026 6:41:25 下午 spec.jbb.JBBmain DoARun -> 信息:   started user thread for Warehouse 28
1月 02, 2026 6:41:25 下午 spec.jbb.JBBmain DoARun -> 信息:   started user thread for Warehouse 29
1月 02, 2026 6:41:25 下午 spec.jbb.JBBmain DoARun -> 信息:   started user thread for Warehouse 30
1月 02, 2026 6:41:25 下午 spec.jbb.JBBmain DoARun -> 信息:   started user thread for Warehouse 31
1月 02, 2026 6:41:25 下午 spec.jbb.JBBmain DoARun -> 信息:   started user thread for Warehouse 32
1月 02, 2026 6:41:25 下午 spec.jbb.JBBmain DoARun -> 信息:   started user thread for Warehouse 33
1月 02, 2026 6:41:25 下午 spec.jbb.JBBmain DoARun -> 信息:   started user thread for Warehouse 34
1月 02, 2026 6:41:25 下午 spec.jbb.JBBmain DoARun -> 信息:   started user thread for Warehouse 35
1月 02, 2026 6:41:25 下午 spec.jbb.JBBmain DoARun -> 信息:   started user thread for Warehouse 36
1月 02, 2026 6:41:25 下午 spec.jbb.JBBmain DoARun -> 信息:   started user thread for Warehouse 37
1月 02, 2026 6:41:25 下午 spec.jbb.JBBmain DoARun -> 信息:   started user thread for Warehouse 38
1月 02, 2026 6:41:25 下午 spec.jbb.JBBmain DoARun -> 信息:   started user thread for Warehouse 39
1月 02, 2026 6:41:25 下午 spec.jbb.JBBmain DoARun -> 信息:   started user thread for Warehouse 40
1月 02, 2026 6:41:25 下午 spec.jbb.JBBmain DoARun -> 信息:   started user thread for Warehouse 41
1月 02, 2026 6:41:25 下午 spec.jbb.JBBmain DoARun -> 信息:   started user thread for Warehouse 42
1月 02, 2026 6:41:25 下午 spec.jbb.JBBmain DoARun -> 信息:   started user thread for Warehouse 43
1月 02, 2026 6:41:25 下午 spec.jbb.JBBmain DoARun -> 信息:   started user thread for Warehouse 44
1月 02, 2026 6:41:25 下午 spec.jbb.JBBmain DoARun -> 信息:   started user thread for Warehouse 45
1月 02, 2026 6:41:25 下午 spec.jbb.JBBmain DoARun -> 信息:   started user thread for Warehouse 46
1月 02, 2026 6:41:25 下午 spec.jbb.JBBmain DoARun -> 信息:   started user thread for Warehouse 47
1月 02, 2026 6:41:25 下午 spec.jbb.JBBmain DoARun -> 信息:   started user thread for Warehouse 48
1月 02, 2026 6:41:25 下午 spec.jbb.JBBmain DoARun -> 信息:   started user thread for Warehouse 49
1月 02, 2026 6:41:25 下午 spec.jbb.Company displayResultTotals -> 信息: Timing Measurement began Fri Jan 02 18:41:25 CST 2026 for 0.5 minutes
1月 02, 2026 6:41:55 下午 spec.jbb.Company displayResultTotals -> 信息: Timing Measurement ended Fri Jan 02 18:41:55 CST 2026
1月 02, 2026 6:41:55 下午 spec.jbb.Company primeWithDummyData -> 信息: Loading Warehouse 50...
1月 02, 2026 6:41:55 下午 spec.jbb.JBBmain DoARun -> 信息: Start User Threads
1月 02, 2026 6:41:55 下午 spec.jbb.JBBmain DoARun -> 信息:   started user thread for Warehouse 1
1月 02, 2026 6:41:55 下午 spec.jbb.JBBmain DoARun -> 信息:   started user thread for Warehouse 2
1月 02, 2026 6:41:55 下午 spec.jbb.JBBmain DoARun -> 信息:   started user thread for Warehouse 3
1月 02, 2026 6:41:55 下午 spec.jbb.JBBmain DoARun -> 信息:   started user thread for Warehouse 4
1月 02, 2026 6:41:55 下午 spec.jbb.JBBmain DoARun -> 信息:   started user thread for Warehouse 5
1月 02, 2026 6:41:55 下午 spec.jbb.JBBmain DoARun -> 信息:   started user thread for Warehouse 6
1月 02, 2026 6:41:55 下午 spec.jbb.JBBmain DoARun -> 信息:   started user thread for Warehouse 7
1月 02, 2026 6:41:55 下午 spec.jbb.JBBmain DoARun -> 信息:   started user thread for Warehouse 8
1月 02, 2026 6:41:55 下午 spec.jbb.JBBmain DoARun -> 信息:   started user thread for Warehouse 9
1月 02, 2026 6:41:55 下午 spec.jbb.JBBmain DoARun -> 信息:   started user thread for Warehouse 10
1月 02, 2026 6:41:55 下午 spec.jbb.JBBmain DoARun -> 信息:   started user thread for Warehouse 11
1月 02, 2026 6:41:55 下午 spec.jbb.JBBmain DoARun -> 信息:   started user thread for Warehouse 12
1月 02, 2026 6:41:55 下午 spec.jbb.JBBmain DoARun -> 信息:   started user thread for Warehouse 13
1月 02, 2026 6:41:55 下午 spec.jbb.JBBmain DoARun -> 信息:   started user thread for Warehouse 14
1月 02, 2026 6:41:55 下午 spec.jbb.JBBmain DoARun -> 信息:   started user thread for Warehouse 15
1月 02, 2026 6:41:55 下午 spec.jbb.JBBmain DoARun -> 信息:   started user thread for Warehouse 16
1月 02, 2026 6:41:55 下午 spec.jbb.JBBmain DoARun -> 信息:   started user thread for Warehouse 17
1月 02, 2026 6:41:55 下午 spec.jbb.JBBmain DoARun -> 信息:   started user thread for Warehouse 18
1月 02, 2026 6:41:55 下午 spec.jbb.JBBmain DoARun -> 信息:   started user thread for Warehouse 19
1月 02, 2026 6:41:55 下午 spec.jbb.JBBmain DoARun -> 信息:   started user thread for Warehouse 20
1月 02, 2026 6:41:55 下午 spec.jbb.JBBmain DoARun -> 信息:   started user thread for Warehouse 21
1月 02, 2026 6:41:55 下午 spec.jbb.JBBmain DoARun -> 信息:   started user thread for Warehouse 22
1月 02, 2026 6:41:55 下午 spec.jbb.JBBmain DoARun -> 信息:   started user thread for Warehouse 23
1月 02, 2026 6:41:55 下午 spec.jbb.JBBmain DoARun -> 信息:   started user thread for Warehouse 24
1月 02, 2026 6:41:55 下午 spec.jbb.JBBmain DoARun -> 信息:   started user thread for Warehouse 25
1月 02, 2026 6:41:55 下午 spec.jbb.JBBmain DoARun -> 信息:   started user thread for Warehouse 26
1月 02, 2026 6:41:55 下午 spec.jbb.JBBmain DoARun -> 信息:   started user thread for Warehouse 27
1月 02, 2026 6:41:55 下午 spec.jbb.JBBmain DoARun -> 信息:   started user thread for Warehouse 28
1月 02, 2026 6:41:55 下午 spec.jbb.JBBmain DoARun -> 信息:   started user thread for Warehouse 29
1月 02, 2026 6:41:55 下午 spec.jbb.JBBmain DoARun -> 信息:   started user thread for Warehouse 30
1月 02, 2026 6:41:55 下午 spec.jbb.JBBmain DoARun -> 信息:   started user thread for Warehouse 31
1月 02, 2026 6:41:55 下午 spec.jbb.JBBmain DoARun -> 信息:   started user thread for Warehouse 32
1月 02, 2026 6:41:55 下午 spec.jbb.JBBmain DoARun -> 信息:   started user thread for Warehouse 33
1月 02, 2026 6:41:55 下午 spec.jbb.JBBmain DoARun -> 信息:   started user thread for Warehouse 34
1月 02, 2026 6:41:55 下午 spec.jbb.JBBmain DoARun -> 信息:   started user thread for Warehouse 35
1月 02, 2026 6:41:55 下午 spec.jbb.JBBmain DoARun -> 信息:   started user thread for Warehouse 36
1月 02, 2026 6:41:55 下午 spec.jbb.JBBmain DoARun -> 信息:   started user thread for Warehouse 37
1月 02, 2026 6:41:55 下午 spec.jbb.JBBmain DoARun -> 信息:   started user thread for Warehouse 38
1月 02, 2026 6:41:55 下午 spec.jbb.JBBmain DoARun -> 信息:   started user thread for Warehouse 39
1月 02, 2026 6:41:55 下午 spec.jbb.JBBmain DoARun -> 信息:   started user thread for Warehouse 40
1月 02, 2026 6:41:55 下午 spec.jbb.JBBmain DoARun -> 信息:   started user thread for Warehouse 41
1月 02, 2026 6:41:55 下午 spec.jbb.JBBmain DoARun -> 信息:   started user thread for Warehouse 42
1月 02, 2026 6:41:55 下午 spec.jbb.JBBmain DoARun -> 信息:   started user thread for Warehouse 43
1月 02, 2026 6:41:55 下午 spec.jbb.JBBmain DoARun -> 信息:   started user thread for Warehouse 44
1月 02, 2026 6:41:55 下午 spec.jbb.JBBmain DoARun -> 信息:   started user thread for Warehouse 45
1月 02, 2026 6:41:55 下午 spec.jbb.JBBmain DoARun -> 信息:   started user thread for Warehouse 46
1月 02, 2026 6:41:55 下午 spec.jbb.JBBmain DoARun -> 信息:   started user thread for Warehouse 47
1月 02, 2026 6:41:55 下午 spec.jbb.JBBmain DoARun -> 信息:   started user thread for Warehouse 48
1月 02, 2026 6:41:55 下午 spec.jbb.JBBmain DoARun -> 信息:   started user thread for Warehouse 49
1月 02, 2026 6:41:55 下午 spec.jbb.JBBmain DoARun -> 信息:   started user thread for Warehouse 50
1月 02, 2026 6:41:55 下午 spec.jbb.Company displayResultTotals -> 信息: Timing Measurement began Fri Jan 02 18:41:55 CST 2026 for 0.5 minutes
1月 02, 2026 6:42:25 下午 spec.jbb.Company displayResultTotals -> 信息: Timing Measurement ended Fri Jan 02 18:42:25 CST 2026
1月 02, 2026 6:42:25 下午 spec.jbb.Company primeWithDummyData -> 信息: Loading Warehouse 51...
1月 02, 2026 6:42:25 下午 spec.jbb.JBBmain DoARun -> 信息: Start User Threads
1月 02, 2026 6:42:25 下午 spec.jbb.JBBmain DoARun -> 信息:   started user thread for Warehouse 1
1月 02, 2026 6:42:25 下午 spec.jbb.JBBmain DoARun -> 信息:   started user thread for Warehouse 2
1月 02, 2026 6:42:25 下午 spec.jbb.JBBmain DoARun -> 信息:   started user thread for Warehouse 3
1月 02, 2026 6:42:25 下午 spec.jbb.JBBmain DoARun -> 信息:   started user thread for Warehouse 4
1月 02, 2026 6:42:25 下午 spec.jbb.JBBmain DoARun -> 信息:   started user thread for Warehouse 5
1月 02, 2026 6:42:25 下午 spec.jbb.JBBmain DoARun -> 信息:   started user thread for Warehouse 6
1月 02, 2026 6:42:25 下午 spec.jbb.JBBmain DoARun -> 信息:   started user thread for Warehouse 7
1月 02, 2026 6:42:25 下午 spec.jbb.JBBmain DoARun -> 信息:   started user thread for Warehouse 8
1月 02, 2026 6:42:25 下午 spec.jbb.JBBmain DoARun -> 信息:   started user thread for Warehouse 9
1月 02, 2026 6:42:25 下午 spec.jbb.JBBmain DoARun -> 信息:   started user thread for Warehouse 10
1月 02, 2026 6:42:25 下午 spec.jbb.JBBmain DoARun -> 信息:   started user thread for Warehouse 11
1月 02, 2026 6:42:25 下午 spec.jbb.JBBmain DoARun -> 信息:   started user thread for Warehouse 12
1月 02, 2026 6:42:25 下午 spec.jbb.JBBmain DoARun -> 信息:   started user thread for Warehouse 13
1月 02, 2026 6:42:25 下午 spec.jbb.JBBmain DoARun -> 信息:   started user thread for Warehouse 14
1月 02, 2026 6:42:25 下午 spec.jbb.JBBmain DoARun -> 信息:   started user thread for Warehouse 15
1月 02, 2026 6:42:25 下午 spec.jbb.JBBmain DoARun -> 信息:   started user thread for Warehouse 16
1月 02, 2026 6:42:25 下午 spec.jbb.JBBmain DoARun -> 信息:   started user thread for Warehouse 17
1月 02, 2026 6:42:25 下午 spec.jbb.JBBmain DoARun -> 信息:   started user thread for Warehouse 18
1月 02, 2026 6:42:25 下午 spec.jbb.JBBmain DoARun -> 信息:   started user thread for Warehouse 19
1月 02, 2026 6:42:25 下午 spec.jbb.JBBmain DoARun -> 信息:   started user thread for Warehouse 20
1月 02, 2026 6:42:25 下午 spec.jbb.JBBmain DoARun -> 信息:   started user thread for Warehouse 21
1月 02, 2026 6:42:25 下午 spec.jbb.JBBmain DoARun -> 信息:   started user thread for Warehouse 22
1月 02, 2026 6:42:25 下午 spec.jbb.JBBmain DoARun -> 信息:   started user thread for Warehouse 23
1月 02, 2026 6:42:25 下午 spec.jbb.JBBmain DoARun -> 信息:   started user thread for Warehouse 24
1月 02, 2026 6:42:25 下午 spec.jbb.JBBmain DoARun -> 信息:   started user thread for Warehouse 25
1月 02, 2026 6:42:25 下午 spec.jbb.JBBmain DoARun -> 信息:   started user thread for Warehouse 26
1月 02, 2026 6:42:25 下午 spec.jbb.JBBmain DoARun -> 信息:   started user thread for Warehouse 27
1月 02, 2026 6:42:25 下午 spec.jbb.JBBmain DoARun -> 信息:   started user thread for Warehouse 28
1月 02, 2026 6:42:25 下午 spec.jbb.JBBmain DoARun -> 信息:   started user thread for Warehouse 29
1月 02, 2026 6:42:25 下午 spec.jbb.JBBmain DoARun -> 信息:   started user thread for Warehouse 30
1月 02, 2026 6:42:25 下午 spec.jbb.JBBmain DoARun -> 信息:   started user thread for Warehouse 31
1月 02, 2026 6:42:25 下午 spec.jbb.JBBmain DoARun -> 信息:   started user thread for Warehouse 32
1月 02, 2026 6:42:25 下午 spec.jbb.JBBmain DoARun -> 信息:   started user thread for Warehouse 33
1月 02, 2026 6:42:25 下午 spec.jbb.JBBmain DoARun -> 信息:   started user thread for Warehouse 34
1月 02, 2026 6:42:25 下午 spec.jbb.JBBmain DoARun -> 信息:   started user thread for Warehouse 35
1月 02, 2026 6:42:25 下午 spec.jbb.JBBmain DoARun -> 信息:   started user thread for Warehouse 36
1月 02, 2026 6:42:25 下午 spec.jbb.JBBmain DoARun -> 信息:   started user thread for Warehouse 37
1月 02, 2026 6:42:25 下午 spec.jbb.JBBmain DoARun -> 信息:   started user thread for Warehouse 38
1月 02, 2026 6:42:25 下午 spec.jbb.JBBmain DoARun -> 信息:   started user thread for Warehouse 39
1月 02, 2026 6:42:25 下午 spec.jbb.JBBmain DoARun -> 信息:   started user thread for Warehouse 40
1月 02, 2026 6:42:25 下午 spec.jbb.JBBmain DoARun -> 信息:   started user thread for Warehouse 41
1月 02, 2026 6:42:25 下午 spec.jbb.JBBmain DoARun -> 信息:   started user thread for Warehouse 42
1月 02, 2026 6:42:25 下午 spec.jbb.JBBmain DoARun -> 信息:   started user thread for Warehouse 43
1月 02, 2026 6:42:25 下午 spec.jbb.JBBmain DoARun -> 信息:   started user thread for Warehouse 44
1月 02, 2026 6:42:25 下午 spec.jbb.JBBmain DoARun -> 信息:   started user thread for Warehouse 45
1月 02, 2026 6:42:25 下午 spec.jbb.JBBmain DoARun -> 信息:   started user thread for Warehouse 46
1月 02, 2026 6:42:25 下午 spec.jbb.JBBmain DoARun -> 信息:   started user thread for Warehouse 47
1月 02, 2026 6:42:25 下午 spec.jbb.JBBmain DoARun -> 信息:   started user thread for Warehouse 48
1月 02, 2026 6:42:25 下午 spec.jbb.JBBmain DoARun -> 信息:   started user thread for Warehouse 49
1月 02, 2026 6:42:25 下午 spec.jbb.JBBmain DoARun -> 信息:   started user thread for Warehouse 50
1月 02, 2026 6:42:25 下午 spec.jbb.JBBmain DoARun -> 信息:   started user thread for Warehouse 51
1月 02, 2026 6:42:25 下午 spec.jbb.Company displayResultTotals -> 信息: Timing Measurement began Fri Jan 02 18:42:25 CST 2026 for 0.5 minutes
1月 02, 2026 6:42:55 下午 spec.jbb.Company displayResultTotals -> 信息: Timing Measurement ended Fri Jan 02 18:42:55 CST 2026
1月 02, 2026 6:42:55 下午 spec.jbb.Company primeWithDummyData -> 信息: Loading Warehouse 52...
1月 02, 2026 6:42:55 下午 spec.jbb.JBBmain DoARun -> 信息: Start User Threads
1月 02, 2026 6:42:55 下午 spec.jbb.JBBmain DoARun -> 信息:   started user thread for Warehouse 1
1月 02, 2026 6:42:55 下午 spec.jbb.JBBmain DoARun -> 信息:   started user thread for Warehouse 2
1月 02, 2026 6:42:55 下午 spec.jbb.JBBmain DoARun -> 信息:   started user thread for Warehouse 3
1月 02, 2026 6:42:55 下午 spec.jbb.JBBmain DoARun -> 信息:   started user thread for Warehouse 4
1月 02, 2026 6:42:55 下午 spec.jbb.JBBmain DoARun -> 信息:   started user thread for Warehouse 5
1月 02, 2026 6:42:55 下午 spec.jbb.JBBmain DoARun -> 信息:   started user thread for Warehouse 6
1月 02, 2026 6:42:55 下午 spec.jbb.JBBmain DoARun -> 信息:   started user thread for Warehouse 7
1月 02, 2026 6:42:55 下午 spec.jbb.JBBmain DoARun -> 信息:   started user thread for Warehouse 8
1月 02, 2026 6:42:55 下午 spec.jbb.JBBmain DoARun -> 信息:   started user thread for Warehouse 9
1月 02, 2026 6:42:55 下午 spec.jbb.JBBmain DoARun -> 信息:   started user thread for Warehouse 10
1月 02, 2026 6:42:55 下午 spec.jbb.JBBmain DoARun -> 信息:   started user thread for Warehouse 11
1月 02, 2026 6:42:55 下午 spec.jbb.JBBmain DoARun -> 信息:   started user thread for Warehouse 12
1月 02, 2026 6:42:55 下午 spec.jbb.JBBmain DoARun -> 信息:   started user thread for Warehouse 13
1月 02, 2026 6:42:55 下午 spec.jbb.JBBmain DoARun -> 信息:   started user thread for Warehouse 14
1月 02, 2026 6:42:55 下午 spec.jbb.JBBmain DoARun -> 信息:   started user thread for Warehouse 15
1月 02, 2026 6:42:55 下午 spec.jbb.JBBmain DoARun -> 信息:   started user thread for Warehouse 16
1月 02, 2026 6:42:55 下午 spec.jbb.JBBmain DoARun -> 信息:   started user thread for Warehouse 17
1月 02, 2026 6:42:55 下午 spec.jbb.JBBmain DoARun -> 信息:   started user thread for Warehouse 18
1月 02, 2026 6:42:55 下午 spec.jbb.JBBmain DoARun -> 信息:   started user thread for Warehouse 19
1月 02, 2026 6:42:55 下午 spec.jbb.JBBmain DoARun -> 信息:   started user thread for Warehouse 20
1月 02, 2026 6:42:55 下午 spec.jbb.JBBmain DoARun -> 信息:   started user thread for Warehouse 21
1月 02, 2026 6:42:55 下午 spec.jbb.JBBmain DoARun -> 信息:   started user thread for Warehouse 22
1月 02, 2026 6:42:55 下午 spec.jbb.JBBmain DoARun -> 信息:   started user thread for Warehouse 23
1月 02, 2026 6:42:55 下午 spec.jbb.JBBmain DoARun -> 信息:   started user thread for Warehouse 24
1月 02, 2026 6:42:55 下午 spec.jbb.JBBmain DoARun -> 信息:   started user thread for Warehouse 25
1月 02, 2026 6:42:55 下午 spec.jbb.JBBmain DoARun -> 信息:   started user thread for Warehouse 26
1月 02, 2026 6:42:55 下午 spec.jbb.JBBmain DoARun -> 信息:   started user thread for Warehouse 27
1月 02, 2026 6:42:55 下午 spec.jbb.JBBmain DoARun -> 信息:   started user thread for Warehouse 28
1月 02, 2026 6:42:55 下午 spec.jbb.JBBmain DoARun -> 信息:   started user thread for Warehouse 29
1月 02, 2026 6:42:55 下午 spec.jbb.JBBmain DoARun -> 信息:   started user thread for Warehouse 30
1月 02, 2026 6:42:55 下午 spec.jbb.JBBmain DoARun -> 信息:   started user thread for Warehouse 31
1月 02, 2026 6:42:55 下午 spec.jbb.JBBmain DoARun -> 信息:   started user thread for Warehouse 32
1月 02, 2026 6:42:55 下午 spec.jbb.JBBmain DoARun -> 信息:   started user thread for Warehouse 33
1月 02, 2026 6:42:55 下午 spec.jbb.JBBmain DoARun -> 信息:   started user thread for Warehouse 34
1月 02, 2026 6:42:55 下午 spec.jbb.JBBmain DoARun -> 信息:   started user thread for Warehouse 35
1月 02, 2026 6:42:55 下午 spec.jbb.JBBmain DoARun -> 信息:   started user thread for Warehouse 36
1月 02, 2026 6:42:55 下午 spec.jbb.JBBmain DoARun -> 信息:   started user thread for Warehouse 37
1月 02, 2026 6:42:55 下午 spec.jbb.JBBmain DoARun -> 信息:   started user thread for Warehouse 38
1月 02, 2026 6:42:55 下午 spec.jbb.JBBmain DoARun -> 信息:   started user thread for Warehouse 39
1月 02, 2026 6:42:55 下午 spec.jbb.JBBmain DoARun -> 信息:   started user thread for Warehouse 40
1月 02, 2026 6:42:55 下午 spec.jbb.JBBmain DoARun -> 信息:   started user thread for Warehouse 41
1月 02, 2026 6:42:55 下午 spec.jbb.JBBmain DoARun -> 信息:   started user thread for Warehouse 42
1月 02, 2026 6:42:55 下午 spec.jbb.JBBmain DoARun -> 信息:   started user thread for Warehouse 43
1月 02, 2026 6:42:55 下午 spec.jbb.JBBmain DoARun -> 信息:   started user thread for Warehouse 44
1月 02, 2026 6:42:55 下午 spec.jbb.JBBmain DoARun -> 信息:   started user thread for Warehouse 45
1月 02, 2026 6:42:55 下午 spec.jbb.JBBmain DoARun -> 信息:   started user thread for Warehouse 46
1月 02, 2026 6:42:55 下午 spec.jbb.JBBmain DoARun -> 信息:   started user thread for Warehouse 47
1月 02, 2026 6:42:55 下午 spec.jbb.JBBmain DoARun -> 信息:   started user thread for Warehouse 48
1月 02, 2026 6:42:55 下午 spec.jbb.JBBmain DoARun -> 信息:   started user thread for Warehouse 49
1月 02, 2026 6:42:55 下午 spec.jbb.JBBmain DoARun -> 信息:   started user thread for Warehouse 50
1月 02, 2026 6:42:55 下午 spec.jbb.JBBmain DoARun -> 信息:   started user thread for Warehouse 51
1月 02, 2026 6:42:55 下午 spec.jbb.JBBmain DoARun -> 信息:   started user thread for Warehouse 52
1月 02, 2026 6:42:55 下午 spec.jbb.Company displayResultTotals -> 信息: Timing Measurement began Fri Jan 02 18:42:55 CST 2026 for 0.5 minutes
1月 02, 2026 6:43:25 下午 spec.jbb.Company displayResultTotals -> 信息: Timing Measurement ended Fri Jan 02 18:43:25 CST 2026
1月 02, 2026 6:43:25 下午 spec.jbb.Company primeWithDummyData -> 信息: Loading Warehouse 53...
1月 02, 2026 6:43:26 下午 spec.jbb.JBBmain DoARun -> 信息: Start User Threads
1月 02, 2026 6:43:26 下午 spec.jbb.JBBmain DoARun -> 信息:   started user thread for Warehouse 1
1月 02, 2026 6:43:26 下午 spec.jbb.JBBmain DoARun -> 信息:   started user thread for Warehouse 2
1月 02, 2026 6:43:26 下午 spec.jbb.JBBmain DoARun -> 信息:   started user thread for Warehouse 3
1月 02, 2026 6:43:26 下午 spec.jbb.JBBmain DoARun -> 信息:   started user thread for Warehouse 4
1月 02, 2026 6:43:26 下午 spec.jbb.JBBmain DoARun -> 信息:   started user thread for Warehouse 5
1月 02, 2026 6:43:26 下午 spec.jbb.JBBmain DoARun -> 信息:   started user thread for Warehouse 6
1月 02, 2026 6:43:26 下午 spec.jbb.JBBmain DoARun -> 信息:   started user thread for Warehouse 7
1月 02, 2026 6:43:26 下午 spec.jbb.JBBmain DoARun -> 信息:   started user thread for Warehouse 8
1月 02, 2026 6:43:26 下午 spec.jbb.JBBmain DoARun -> 信息:   started user thread for Warehouse 9
1月 02, 2026 6:43:26 下午 spec.jbb.JBBmain DoARun -> 信息:   started user thread for Warehouse 10
1月 02, 2026 6:43:26 下午 spec.jbb.JBBmain DoARun -> 信息:   started user thread for Warehouse 11
1月 02, 2026 6:43:26 下午 spec.jbb.JBBmain DoARun -> 信息:   started user thread for Warehouse 12
1月 02, 2026 6:43:26 下午 spec.jbb.JBBmain DoARun -> 信息:   started user thread for Warehouse 13
1月 02, 2026 6:43:26 下午 spec.jbb.JBBmain DoARun -> 信息:   started user thread for Warehouse 14
1月 02, 2026 6:43:26 下午 spec.jbb.JBBmain DoARun -> 信息:   started user thread for Warehouse 15
1月 02, 2026 6:43:26 下午 spec.jbb.JBBmain DoARun -> 信息:   started user thread for Warehouse 16
1月 02, 2026 6:43:26 下午 spec.jbb.JBBmain DoARun -> 信息:   started user thread for Warehouse 17
1月 02, 2026 6:43:26 下午 spec.jbb.JBBmain DoARun -> 信息:   started user thread for Warehouse 18
1月 02, 2026 6:43:26 下午 spec.jbb.JBBmain DoARun -> 信息:   started user thread for Warehouse 19
1月 02, 2026 6:43:26 下午 spec.jbb.JBBmain DoARun -> 信息:   started user thread for Warehouse 20
1月 02, 2026 6:43:26 下午 spec.jbb.JBBmain DoARun -> 信息:   started user thread for Warehouse 21
1月 02, 2026 6:43:26 下午 spec.jbb.JBBmain DoARun -> 信息:   started user thread for Warehouse 22
1月 02, 2026 6:43:26 下午 spec.jbb.JBBmain DoARun -> 信息:   started user thread for Warehouse 23
1月 02, 2026 6:43:26 下午 spec.jbb.JBBmain DoARun -> 信息:   started user thread for Warehouse 24
1月 02, 2026 6:43:26 下午 spec.jbb.JBBmain DoARun -> 信息:   started user thread for Warehouse 25
1月 02, 2026 6:43:26 下午 spec.jbb.JBBmain DoARun -> 信息:   started user thread for Warehouse 26
1月 02, 2026 6:43:26 下午 spec.jbb.JBBmain DoARun -> 信息:   started user thread for Warehouse 27
1月 02, 2026 6:43:26 下午 spec.jbb.JBBmain DoARun -> 信息:   started user thread for Warehouse 28
1月 02, 2026 6:43:26 下午 spec.jbb.JBBmain DoARun -> 信息:   started user thread for Warehouse 29
1月 02, 2026 6:43:26 下午 spec.jbb.JBBmain DoARun -> 信息:   started user thread for Warehouse 30
1月 02, 2026 6:43:26 下午 spec.jbb.JBBmain DoARun -> 信息:   started user thread for Warehouse 31
1月 02, 2026 6:43:26 下午 spec.jbb.JBBmain DoARun -> 信息:   started user thread for Warehouse 32
1月 02, 2026 6:43:26 下午 spec.jbb.JBBmain DoARun -> 信息:   started user thread for Warehouse 33
1月 02, 2026 6:43:26 下午 spec.jbb.JBBmain DoARun -> 信息:   started user thread for Warehouse 34
1月 02, 2026 6:43:26 下午 spec.jbb.JBBmain DoARun -> 信息:   started user thread for Warehouse 35
1月 02, 2026 6:43:26 下午 spec.jbb.JBBmain DoARun -> 信息:   started user thread for Warehouse 36
1月 02, 2026 6:43:26 下午 spec.jbb.JBBmain DoARun -> 信息:   started user thread for Warehouse 37
1月 02, 2026 6:43:26 下午 spec.jbb.JBBmain DoARun -> 信息:   started user thread for Warehouse 38
1月 02, 2026 6:43:26 下午 spec.jbb.JBBmain DoARun -> 信息:   started user thread for Warehouse 39
1月 02, 2026 6:43:26 下午 spec.jbb.JBBmain DoARun -> 信息:   started user thread for Warehouse 40
1月 02, 2026 6:43:26 下午 spec.jbb.JBBmain DoARun -> 信息:   started user thread for Warehouse 41
1月 02, 2026 6:43:26 下午 spec.jbb.JBBmain DoARun -> 信息:   started user thread for Warehouse 42
1月 02, 2026 6:43:26 下午 spec.jbb.JBBmain DoARun -> 信息:   started user thread for Warehouse 43
1月 02, 2026 6:43:26 下午 spec.jbb.JBBmain DoARun -> 信息:   started user thread for Warehouse 44
1月 02, 2026 6:43:26 下午 spec.jbb.JBBmain DoARun -> 信息:   started user thread for Warehouse 45
1月 02, 2026 6:43:26 下午 spec.jbb.JBBmain DoARun -> 信息:   started user thread for Warehouse 46
1月 02, 2026 6:43:26 下午 spec.jbb.JBBmain DoARun -> 信息:   started user thread for Warehouse 47
1月 02, 2026 6:43:26 下午 spec.jbb.JBBmain DoARun -> 信息:   started user thread for Warehouse 48
1月 02, 2026 6:43:26 下午 spec.jbb.JBBmain DoARun -> 信息:   started user thread for Warehouse 49
1月 02, 2026 6:43:26 下午 spec.jbb.JBBmain DoARun -> 信息:   started user thread for Warehouse 50
1月 02, 2026 6:43:26 下午 spec.jbb.JBBmain DoARun -> 信息:   started user thread for Warehouse 51
1月 02, 2026 6:43:26 下午 spec.jbb.JBBmain DoARun -> 信息:   started user thread for Warehouse 52
1月 02, 2026 6:43:26 下午 spec.jbb.JBBmain DoARun -> 信息:   started user thread for Warehouse 53
1月 02, 2026 6:43:26 下午 spec.jbb.Company displayResultTotals -> 信息: Timing Measurement began Fri Jan 02 18:43:26 CST 2026 for 0.5 minutes
1月 02, 2026 6:43:56 下午 spec.jbb.Company displayResultTotals -> 信息: Timing Measurement ended Fri Jan 02 18:43:56 CST 2026
1月 02, 2026 6:43:56 下午 spec.jbb.Company primeWithDummyData -> 信息: Loading Warehouse 54...
1月 02, 2026 6:43:56 下午 spec.jbb.JBBmain DoARun -> 信息: Start User Threads
1月 02, 2026 6:43:56 下午 spec.jbb.JBBmain DoARun -> 信息:   started user thread for Warehouse 1
1月 02, 2026 6:43:56 下午 spec.jbb.JBBmain DoARun -> 信息:   started user thread for Warehouse 2
1月 02, 2026 6:43:56 下午 spec.jbb.JBBmain DoARun -> 信息:   started user thread for Warehouse 3
1月 02, 2026 6:43:56 下午 spec.jbb.JBBmain DoARun -> 信息:   started user thread for Warehouse 4
1月 02, 2026 6:43:56 下午 spec.jbb.JBBmain DoARun -> 信息:   started user thread for Warehouse 5
1月 02, 2026 6:43:56 下午 spec.jbb.JBBmain DoARun -> 信息:   started user thread for Warehouse 6
1月 02, 2026 6:43:56 下午 spec.jbb.JBBmain DoARun -> 信息:   started user thread for Warehouse 7
1月 02, 2026 6:43:56 下午 spec.jbb.JBBmain DoARun -> 信息:   started user thread for Warehouse 8
1月 02, 2026 6:43:56 下午 spec.jbb.JBBmain DoARun -> 信息:   started user thread for Warehouse 9
1月 02, 2026 6:43:56 下午 spec.jbb.JBBmain DoARun -> 信息:   started user thread for Warehouse 10
1月 02, 2026 6:43:56 下午 spec.jbb.JBBmain DoARun -> 信息:   started user thread for Warehouse 11
1月 02, 2026 6:43:56 下午 spec.jbb.JBBmain DoARun -> 信息:   started user thread for Warehouse 12
1月 02, 2026 6:43:56 下午 spec.jbb.JBBmain DoARun -> 信息:   started user thread for Warehouse 13
1月 02, 2026 6:43:56 下午 spec.jbb.JBBmain DoARun -> 信息:   started user thread for Warehouse 14
1月 02, 2026 6:43:56 下午 spec.jbb.JBBmain DoARun -> 信息:   started user thread for Warehouse 15
1月 02, 2026 6:43:56 下午 spec.jbb.JBBmain DoARun -> 信息:   started user thread for Warehouse 16
1月 02, 2026 6:43:56 下午 spec.jbb.JBBmain DoARun -> 信息:   started user thread for Warehouse 17
1月 02, 2026 6:43:56 下午 spec.jbb.JBBmain DoARun -> 信息:   started user thread for Warehouse 18
1月 02, 2026 6:43:56 下午 spec.jbb.JBBmain DoARun -> 信息:   started user thread for Warehouse 19
1月 02, 2026 6:43:56 下午 spec.jbb.JBBmain DoARun -> 信息:   started user thread for Warehouse 20
1月 02, 2026 6:43:56 下午 spec.jbb.JBBmain DoARun -> 信息:   started user thread for Warehouse 21
1月 02, 2026 6:43:56 下午 spec.jbb.JBBmain DoARun -> 信息:   started user thread for Warehouse 22
1月 02, 2026 6:43:56 下午 spec.jbb.JBBmain DoARun -> 信息:   started user thread for Warehouse 23
1月 02, 2026 6:43:56 下午 spec.jbb.JBBmain DoARun -> 信息:   started user thread for Warehouse 24
1月 02, 2026 6:43:56 下午 spec.jbb.JBBmain DoARun -> 信息:   started user thread for Warehouse 25
1月 02, 2026 6:43:56 下午 spec.jbb.JBBmain DoARun -> 信息:   started user thread for Warehouse 26
1月 02, 2026 6:43:56 下午 spec.jbb.JBBmain DoARun -> 信息:   started user thread for Warehouse 27
1月 02, 2026 6:43:56 下午 spec.jbb.JBBmain DoARun -> 信息:   started user thread for Warehouse 28
1月 02, 2026 6:43:56 下午 spec.jbb.JBBmain DoARun -> 信息:   started user thread for Warehouse 29
1月 02, 2026 6:43:56 下午 spec.jbb.JBBmain DoARun -> 信息:   started user thread for Warehouse 30
1月 02, 2026 6:43:56 下午 spec.jbb.JBBmain DoARun -> 信息:   started user thread for Warehouse 31
1月 02, 2026 6:43:56 下午 spec.jbb.JBBmain DoARun -> 信息:   started user thread for Warehouse 32
1月 02, 2026 6:43:56 下午 spec.jbb.JBBmain DoARun -> 信息:   started user thread for Warehouse 33
1月 02, 2026 6:43:56 下午 spec.jbb.JBBmain DoARun -> 信息:   started user thread for Warehouse 34
1月 02, 2026 6:43:56 下午 spec.jbb.JBBmain DoARun -> 信息:   started user thread for Warehouse 35
1月 02, 2026 6:43:56 下午 spec.jbb.JBBmain DoARun -> 信息:   started user thread for Warehouse 36
1月 02, 2026 6:43:56 下午 spec.jbb.JBBmain DoARun -> 信息:   started user thread for Warehouse 37
1月 02, 2026 6:43:56 下午 spec.jbb.JBBmain DoARun -> 信息:   started user thread for Warehouse 38
1月 02, 2026 6:43:56 下午 spec.jbb.JBBmain DoARun -> 信息:   started user thread for Warehouse 39
1月 02, 2026 6:43:56 下午 spec.jbb.JBBmain DoARun -> 信息:   started user thread for Warehouse 40
1月 02, 2026 6:43:56 下午 spec.jbb.JBBmain DoARun -> 信息:   started user thread for Warehouse 41
1月 02, 2026 6:43:56 下午 spec.jbb.JBBmain DoARun -> 信息:   started user thread for Warehouse 42
1月 02, 2026 6:43:56 下午 spec.jbb.JBBmain DoARun -> 信息:   started user thread for Warehouse 43
1月 02, 2026 6:43:56 下午 spec.jbb.JBBmain DoARun -> 信息:   started user thread for Warehouse 44
1月 02, 2026 6:43:56 下午 spec.jbb.JBBmain DoARun -> 信息:   started user thread for Warehouse 45
1月 02, 2026 6:43:56 下午 spec.jbb.JBBmain DoARun -> 信息:   started user thread for Warehouse 46
1月 02, 2026 6:43:56 下午 spec.jbb.JBBmain DoARun -> 信息:   started user thread for Warehouse 47
1月 02, 2026 6:43:56 下午 spec.jbb.JBBmain DoARun -> 信息:   started user thread for Warehouse 48
1月 02, 2026 6:43:56 下午 spec.jbb.JBBmain DoARun -> 信息:   started user thread for Warehouse 49
1月 02, 2026 6:43:56 下午 spec.jbb.JBBmain DoARun -> 信息:   started user thread for Warehouse 50
1月 02, 2026 6:43:56 下午 spec.jbb.JBBmain DoARun -> 信息:   started user thread for Warehouse 51
1月 02, 2026 6:43:56 下午 spec.jbb.JBBmain DoARun -> 信息:   started user thread for Warehouse 52
1月 02, 2026 6:43:56 下午 spec.jbb.JBBmain DoARun -> 信息:   started user thread for Warehouse 53
1月 02, 2026 6:43:56 下午 spec.jbb.JBBmain DoARun -> 信息:   started user thread for Warehouse 54
1月 02, 2026 6:43:56 下午 spec.jbb.Company displayResultTotals -> 信息: Timing Measurement began Fri Jan 02 18:43:56 CST 2026 for 0.5 minutes
1月 02, 2026 6:44:26 下午 spec.jbb.Company displayResultTotals -> 信息: Timing Measurement ended Fri Jan 02 18:44:26 CST 2026
1月 02, 2026 6:44:26 下午 spec.jbb.Company primeWithDummyData -> 信息: Loading Warehouse 55...
1月 02, 2026 6:44:26 下午 spec.jbb.JBBmain DoARun -> 信息: Start User Threads
1月 02, 2026 6:44:26 下午 spec.jbb.JBBmain DoARun -> 信息:   started user thread for Warehouse 1
1月 02, 2026 6:44:26 下午 spec.jbb.JBBmain DoARun -> 信息:   started user thread for Warehouse 2
1月 02, 2026 6:44:26 下午 spec.jbb.JBBmain DoARun -> 信息:   started user thread for Warehouse 3
1月 02, 2026 6:44:26 下午 spec.jbb.JBBmain DoARun -> 信息:   started user thread for Warehouse 4
1月 02, 2026 6:44:26 下午 spec.jbb.JBBmain DoARun -> 信息:   started user thread for Warehouse 5
1月 02, 2026 6:44:26 下午 spec.jbb.JBBmain DoARun -> 信息:   started user thread for Warehouse 6
1月 02, 2026 6:44:26 下午 spec.jbb.JBBmain DoARun -> 信息:   started user thread for Warehouse 7
1月 02, 2026 6:44:26 下午 spec.jbb.JBBmain DoARun -> 信息:   started user thread for Warehouse 8
1月 02, 2026 6:44:26 下午 spec.jbb.JBBmain DoARun -> 信息:   started user thread for Warehouse 9
1月 02, 2026 6:44:26 下午 spec.jbb.JBBmain DoARun -> 信息:   started user thread for Warehouse 10
1月 02, 2026 6:44:26 下午 spec.jbb.JBBmain DoARun -> 信息:   started user thread for Warehouse 11
1月 02, 2026 6:44:26 下午 spec.jbb.JBBmain DoARun -> 信息:   started user thread for Warehouse 12
1月 02, 2026 6:44:26 下午 spec.jbb.JBBmain DoARun -> 信息:   started user thread for Warehouse 13
1月 02, 2026 6:44:26 下午 spec.jbb.JBBmain DoARun -> 信息:   started user thread for Warehouse 14
1月 02, 2026 6:44:26 下午 spec.jbb.JBBmain DoARun -> 信息:   started user thread for Warehouse 15
1月 02, 2026 6:44:26 下午 spec.jbb.JBBmain DoARun -> 信息:   started user thread for Warehouse 16
1月 02, 2026 6:44:26 下午 spec.jbb.JBBmain DoARun -> 信息:   started user thread for Warehouse 17
1月 02, 2026 6:44:26 下午 spec.jbb.JBBmain DoARun -> 信息:   started user thread for Warehouse 18
1月 02, 2026 6:44:26 下午 spec.jbb.JBBmain DoARun -> 信息:   started user thread for Warehouse 19
1月 02, 2026 6:44:26 下午 spec.jbb.JBBmain DoARun -> 信息:   started user thread for Warehouse 20
1月 02, 2026 6:44:26 下午 spec.jbb.JBBmain DoARun -> 信息:   started user thread for Warehouse 21
1月 02, 2026 6:44:26 下午 spec.jbb.JBBmain DoARun -> 信息:   started user thread for Warehouse 22
1月 02, 2026 6:44:26 下午 spec.jbb.JBBmain DoARun -> 信息:   started user thread for Warehouse 23
1月 02, 2026 6:44:26 下午 spec.jbb.JBBmain DoARun -> 信息:   started user thread for Warehouse 24
1月 02, 2026 6:44:26 下午 spec.jbb.JBBmain DoARun -> 信息:   started user thread for Warehouse 25
1月 02, 2026 6:44:26 下午 spec.jbb.JBBmain DoARun -> 信息:   started user thread for Warehouse 26
1月 02, 2026 6:44:26 下午 spec.jbb.JBBmain DoARun -> 信息:   started user thread for Warehouse 27
1月 02, 2026 6:44:26 下午 spec.jbb.JBBmain DoARun -> 信息:   started user thread for Warehouse 28
1月 02, 2026 6:44:26 下午 spec.jbb.JBBmain DoARun -> 信息:   started user thread for Warehouse 29
1月 02, 2026 6:44:26 下午 spec.jbb.JBBmain DoARun -> 信息:   started user thread for Warehouse 30
1月 02, 2026 6:44:26 下午 spec.jbb.JBBmain DoARun -> 信息:   started user thread for Warehouse 31
1月 02, 2026 6:44:26 下午 spec.jbb.JBBmain DoARun -> 信息:   started user thread for Warehouse 32
1月 02, 2026 6:44:26 下午 spec.jbb.JBBmain DoARun -> 信息:   started user thread for Warehouse 33
1月 02, 2026 6:44:26 下午 spec.jbb.JBBmain DoARun -> 信息:   started user thread for Warehouse 34
1月 02, 2026 6:44:26 下午 spec.jbb.JBBmain DoARun -> 信息:   started user thread for Warehouse 35
1月 02, 2026 6:44:26 下午 spec.jbb.JBBmain DoARun -> 信息:   started user thread for Warehouse 36
1月 02, 2026 6:44:26 下午 spec.jbb.JBBmain DoARun -> 信息:   started user thread for Warehouse 37
1月 02, 2026 6:44:26 下午 spec.jbb.JBBmain DoARun -> 信息:   started user thread for Warehouse 38
1月 02, 2026 6:44:26 下午 spec.jbb.JBBmain DoARun -> 信息:   started user thread for Warehouse 39
1月 02, 2026 6:44:26 下午 spec.jbb.JBBmain DoARun -> 信息:   started user thread for Warehouse 40
1月 02, 2026 6:44:26 下午 spec.jbb.JBBmain DoARun -> 信息:   started user thread for Warehouse 41
1月 02, 2026 6:44:26 下午 spec.jbb.JBBmain DoARun -> 信息:   started user thread for Warehouse 42
1月 02, 2026 6:44:26 下午 spec.jbb.JBBmain DoARun -> 信息:   started user thread for Warehouse 43
1月 02, 2026 6:44:26 下午 spec.jbb.JBBmain DoARun -> 信息:   started user thread for Warehouse 44
1月 02, 2026 6:44:26 下午 spec.jbb.JBBmain DoARun -> 信息:   started user thread for Warehouse 45
1月 02, 2026 6:44:26 下午 spec.jbb.JBBmain DoARun -> 信息:   started user thread for Warehouse 46
1月 02, 2026 6:44:26 下午 spec.jbb.JBBmain DoARun -> 信息:   started user thread for Warehouse 47
1月 02, 2026 6:44:26 下午 spec.jbb.JBBmain DoARun -> 信息:   started user thread for Warehouse 48
1月 02, 2026 6:44:26 下午 spec.jbb.JBBmain DoARun -> 信息:   started user thread for Warehouse 49
1月 02, 2026 6:44:26 下午 spec.jbb.JBBmain DoARun -> 信息:   started user thread for Warehouse 50
1月 02, 2026 6:44:26 下午 spec.jbb.JBBmain DoARun -> 信息:   started user thread for Warehouse 51
1月 02, 2026 6:44:26 下午 spec.jbb.JBBmain DoARun -> 信息:   started user thread for Warehouse 52
1月 02, 2026 6:44:26 下午 spec.jbb.JBBmain DoARun -> 信息:   started user thread for Warehouse 53
1月 02, 2026 6:44:26 下午 spec.jbb.JBBmain DoARun -> 信息:   started user thread for Warehouse 54
1月 02, 2026 6:44:26 下午 spec.jbb.JBBmain DoARun -> 信息:   started user thread for Warehouse 55
1月 02, 2026 6:44:26 下午 spec.jbb.Company displayResultTotals -> 信息: Timing Measurement began Fri Jan 02 18:44:26 CST 2026 for 0.5 minutes
1月 02, 2026 6:44:56 下午 spec.jbb.Company displayResultTotals -> 信息: Timing Measurement ended Fri Jan 02 18:44:56 CST 2026
1月 02, 2026 6:44:56 下午 spec.jbb.Company primeWithDummyData -> 信息: Loading Warehouse 56...
1月 02, 2026 6:44:57 下午 spec.jbb.JBBmain DoARun -> 信息: Start User Threads
1月 02, 2026 6:44:57 下午 spec.jbb.JBBmain DoARun -> 信息:   started user thread for Warehouse 1
1月 02, 2026 6:44:57 下午 spec.jbb.JBBmain DoARun -> 信息:   started user thread for Warehouse 2
1月 02, 2026 6:44:57 下午 spec.jbb.JBBmain DoARun -> 信息:   started user thread for Warehouse 3
1月 02, 2026 6:44:57 下午 spec.jbb.JBBmain DoARun -> 信息:   started user thread for Warehouse 4
1月 02, 2026 6:44:57 下午 spec.jbb.JBBmain DoARun -> 信息:   started user thread for Warehouse 5
1月 02, 2026 6:44:57 下午 spec.jbb.JBBmain DoARun -> 信息:   started user thread for Warehouse 6
1月 02, 2026 6:44:57 下午 spec.jbb.JBBmain DoARun -> 信息:   started user thread for Warehouse 7
1月 02, 2026 6:44:57 下午 spec.jbb.JBBmain DoARun -> 信息:   started user thread for Warehouse 8
1月 02, 2026 6:44:57 下午 spec.jbb.JBBmain DoARun -> 信息:   started user thread for Warehouse 9
1月 02, 2026 6:44:57 下午 spec.jbb.JBBmain DoARun -> 信息:   started user thread for Warehouse 10
1月 02, 2026 6:44:57 下午 spec.jbb.JBBmain DoARun -> 信息:   started user thread for Warehouse 11
1月 02, 2026 6:44:57 下午 spec.jbb.JBBmain DoARun -> 信息:   started user thread for Warehouse 12
1月 02, 2026 6:44:57 下午 spec.jbb.JBBmain DoARun -> 信息:   started user thread for Warehouse 13
1月 02, 2026 6:44:57 下午 spec.jbb.JBBmain DoARun -> 信息:   started user thread for Warehouse 14
1月 02, 2026 6:44:57 下午 spec.jbb.JBBmain DoARun -> 信息:   started user thread for Warehouse 15
1月 02, 2026 6:44:57 下午 spec.jbb.JBBmain DoARun -> 信息:   started user thread for Warehouse 16
1月 02, 2026 6:44:57 下午 spec.jbb.JBBmain DoARun -> 信息:   started user thread for Warehouse 17
1月 02, 2026 6:44:57 下午 spec.jbb.JBBmain DoARun -> 信息:   started user thread for Warehouse 18
1月 02, 2026 6:44:57 下午 spec.jbb.JBBmain DoARun -> 信息:   started user thread for Warehouse 19
1月 02, 2026 6:44:57 下午 spec.jbb.JBBmain DoARun -> 信息:   started user thread for Warehouse 20
1月 02, 2026 6:44:57 下午 spec.jbb.JBBmain DoARun -> 信息:   started user thread for Warehouse 21
1月 02, 2026 6:44:57 下午 spec.jbb.JBBmain DoARun -> 信息:   started user thread for Warehouse 22
1月 02, 2026 6:44:57 下午 spec.jbb.JBBmain DoARun -> 信息:   started user thread for Warehouse 23
1月 02, 2026 6:44:57 下午 spec.jbb.JBBmain DoARun -> 信息:   started user thread for Warehouse 24
1月 02, 2026 6:44:57 下午 spec.jbb.JBBmain DoARun -> 信息:   started user thread for Warehouse 25
1月 02, 2026 6:44:57 下午 spec.jbb.JBBmain DoARun -> 信息:   started user thread for Warehouse 26
1月 02, 2026 6:44:57 下午 spec.jbb.JBBmain DoARun -> 信息:   started user thread for Warehouse 27
1月 02, 2026 6:44:57 下午 spec.jbb.JBBmain DoARun -> 信息:   started user thread for Warehouse 28
1月 02, 2026 6:44:57 下午 spec.jbb.JBBmain DoARun -> 信息:   started user thread for Warehouse 29
1月 02, 2026 6:44:57 下午 spec.jbb.JBBmain DoARun -> 信息:   started user thread for Warehouse 30
1月 02, 2026 6:44:57 下午 spec.jbb.JBBmain DoARun -> 信息:   started user thread for Warehouse 31
1月 02, 2026 6:44:57 下午 spec.jbb.JBBmain DoARun -> 信息:   started user thread for Warehouse 32
1月 02, 2026 6:44:57 下午 spec.jbb.JBBmain DoARun -> 信息:   started user thread for Warehouse 33
1月 02, 2026 6:44:57 下午 spec.jbb.JBBmain DoARun -> 信息:   started user thread for Warehouse 34
1月 02, 2026 6:44:57 下午 spec.jbb.JBBmain DoARun -> 信息:   started user thread for Warehouse 35
1月 02, 2026 6:44:57 下午 spec.jbb.JBBmain DoARun -> 信息:   started user thread for Warehouse 36
1月 02, 2026 6:44:57 下午 spec.jbb.JBBmain DoARun -> 信息:   started user thread for Warehouse 37
1月 02, 2026 6:44:57 下午 spec.jbb.JBBmain DoARun -> 信息:   started user thread for Warehouse 38
1月 02, 2026 6:44:57 下午 spec.jbb.JBBmain DoARun -> 信息:   started user thread for Warehouse 39
1月 02, 2026 6:44:57 下午 spec.jbb.JBBmain DoARun -> 信息:   started user thread for Warehouse 40
1月 02, 2026 6:44:57 下午 spec.jbb.JBBmain DoARun -> 信息:   started user thread for Warehouse 41
1月 02, 2026 6:44:57 下午 spec.jbb.JBBmain DoARun -> 信息:   started user thread for Warehouse 42
1月 02, 2026 6:44:57 下午 spec.jbb.JBBmain DoARun -> 信息:   started user thread for Warehouse 43
1月 02, 2026 6:44:57 下午 spec.jbb.JBBmain DoARun -> 信息:   started user thread for Warehouse 44
1月 02, 2026 6:44:57 下午 spec.jbb.JBBmain DoARun -> 信息:   started user thread for Warehouse 45
1月 02, 2026 6:44:57 下午 spec.jbb.JBBmain DoARun -> 信息:   started user thread for Warehouse 46
1月 02, 2026 6:44:57 下午 spec.jbb.JBBmain DoARun -> 信息:   started user thread for Warehouse 47
1月 02, 2026 6:44:57 下午 spec.jbb.JBBmain DoARun -> 信息:   started user thread for Warehouse 48
1月 02, 2026 6:44:57 下午 spec.jbb.JBBmain DoARun -> 信息:   started user thread for Warehouse 49
1月 02, 2026 6:44:57 下午 spec.jbb.JBBmain DoARun -> 信息:   started user thread for Warehouse 50
1月 02, 2026 6:44:57 下午 spec.jbb.JBBmain DoARun -> 信息:   started user thread for Warehouse 51
1月 02, 2026 6:44:57 下午 spec.jbb.JBBmain DoARun -> 信息:   started user thread for Warehouse 52
1月 02, 2026 6:44:57 下午 spec.jbb.JBBmain DoARun -> 信息:   started user thread for Warehouse 53
1月 02, 2026 6:44:57 下午 spec.jbb.JBBmain DoARun -> 信息:   started user thread for Warehouse 54
1月 02, 2026 6:44:57 下午 spec.jbb.JBBmain DoARun -> 信息:   started user thread for Warehouse 55
1月 02, 2026 6:44:57 下午 spec.jbb.JBBmain DoARun -> 信息:   started user thread for Warehouse 56
1月 02, 2026 6:44:57 下午 spec.jbb.Company displayResultTotals -> 信息: Timing Measurement began Fri Jan 02 18:44:57 CST 2026 for 0.5 minutes
1月 02, 2026 6:45:27 下午 spec.jbb.Company displayResultTotals -> 信息: Timing Measurement ended Fri Jan 02 18:45:27 CST 2026
1月 02, 2026 6:45:27 下午 spec.jbb.Company primeWithDummyData -> 信息: Loading Warehouse 57...
1月 02, 2026 6:45:27 下午 spec.jbb.JBBmain DoARun -> 信息: Start User Threads
1月 02, 2026 6:45:27 下午 spec.jbb.JBBmain DoARun -> 信息:   started user thread for Warehouse 1
1月 02, 2026 6:45:27 下午 spec.jbb.JBBmain DoARun -> 信息:   started user thread for Warehouse 2
1月 02, 2026 6:45:27 下午 spec.jbb.JBBmain DoARun -> 信息:   started user thread for Warehouse 3
1月 02, 2026 6:45:27 下午 spec.jbb.JBBmain DoARun -> 信息:   started user thread for Warehouse 4
1月 02, 2026 6:45:27 下午 spec.jbb.JBBmain DoARun -> 信息:   started user thread for Warehouse 5
1月 02, 2026 6:45:27 下午 spec.jbb.JBBmain DoARun -> 信息:   started user thread for Warehouse 6
1月 02, 2026 6:45:27 下午 spec.jbb.JBBmain DoARun -> 信息:   started user thread for Warehouse 7
1月 02, 2026 6:45:27 下午 spec.jbb.JBBmain DoARun -> 信息:   started user thread for Warehouse 8
1月 02, 2026 6:45:27 下午 spec.jbb.JBBmain DoARun -> 信息:   started user thread for Warehouse 9
1月 02, 2026 6:45:27 下午 spec.jbb.JBBmain DoARun -> 信息:   started user thread for Warehouse 10
1月 02, 2026 6:45:27 下午 spec.jbb.JBBmain DoARun -> 信息:   started user thread for Warehouse 11
1月 02, 2026 6:45:27 下午 spec.jbb.JBBmain DoARun -> 信息:   started user thread for Warehouse 12
1月 02, 2026 6:45:27 下午 spec.jbb.JBBmain DoARun -> 信息:   started user thread for Warehouse 13
1月 02, 2026 6:45:27 下午 spec.jbb.JBBmain DoARun -> 信息:   started user thread for Warehouse 14
1月 02, 2026 6:45:27 下午 spec.jbb.JBBmain DoARun -> 信息:   started user thread for Warehouse 15
1月 02, 2026 6:45:27 下午 spec.jbb.JBBmain DoARun -> 信息:   started user thread for Warehouse 16
1月 02, 2026 6:45:27 下午 spec.jbb.JBBmain DoARun -> 信息:   started user thread for Warehouse 17
1月 02, 2026 6:45:27 下午 spec.jbb.JBBmain DoARun -> 信息:   started user thread for Warehouse 18
1月 02, 2026 6:45:27 下午 spec.jbb.JBBmain DoARun -> 信息:   started user thread for Warehouse 19
1月 02, 2026 6:45:27 下午 spec.jbb.JBBmain DoARun -> 信息:   started user thread for Warehouse 20
1月 02, 2026 6:45:27 下午 spec.jbb.JBBmain DoARun -> 信息:   started user thread for Warehouse 21
1月 02, 2026 6:45:27 下午 spec.jbb.JBBmain DoARun -> 信息:   started user thread for Warehouse 22
1月 02, 2026 6:45:27 下午 spec.jbb.JBBmain DoARun -> 信息:   started user thread for Warehouse 23
1月 02, 2026 6:45:27 下午 spec.jbb.JBBmain DoARun -> 信息:   started user thread for Warehouse 24
1月 02, 2026 6:45:27 下午 spec.jbb.JBBmain DoARun -> 信息:   started user thread for Warehouse 25
1月 02, 2026 6:45:27 下午 spec.jbb.JBBmain DoARun -> 信息:   started user thread for Warehouse 26
1月 02, 2026 6:45:27 下午 spec.jbb.JBBmain DoARun -> 信息:   started user thread for Warehouse 27
1月 02, 2026 6:45:27 下午 spec.jbb.JBBmain DoARun -> 信息:   started user thread for Warehouse 28
1月 02, 2026 6:45:27 下午 spec.jbb.JBBmain DoARun -> 信息:   started user thread for Warehouse 29
1月 02, 2026 6:45:27 下午 spec.jbb.JBBmain DoARun -> 信息:   started user thread for Warehouse 30
1月 02, 2026 6:45:27 下午 spec.jbb.JBBmain DoARun -> 信息:   started user thread for Warehouse 31
1月 02, 2026 6:45:27 下午 spec.jbb.JBBmain DoARun -> 信息:   started user thread for Warehouse 32
1月 02, 2026 6:45:27 下午 spec.jbb.JBBmain DoARun -> 信息:   started user thread for Warehouse 33
1月 02, 2026 6:45:27 下午 spec.jbb.JBBmain DoARun -> 信息:   started user thread for Warehouse 34
1月 02, 2026 6:45:27 下午 spec.jbb.JBBmain DoARun -> 信息:   started user thread for Warehouse 35
1月 02, 2026 6:45:27 下午 spec.jbb.JBBmain DoARun -> 信息:   started user thread for Warehouse 36
1月 02, 2026 6:45:27 下午 spec.jbb.JBBmain DoARun -> 信息:   started user thread for Warehouse 37
1月 02, 2026 6:45:27 下午 spec.jbb.JBBmain DoARun -> 信息:   started user thread for Warehouse 38
1月 02, 2026 6:45:27 下午 spec.jbb.JBBmain DoARun -> 信息:   started user thread for Warehouse 39
1月 02, 2026 6:45:27 下午 spec.jbb.JBBmain DoARun -> 信息:   started user thread for Warehouse 40
1月 02, 2026 6:45:27 下午 spec.jbb.JBBmain DoARun -> 信息:   started user thread for Warehouse 41
1月 02, 2026 6:45:27 下午 spec.jbb.JBBmain DoARun -> 信息:   started user thread for Warehouse 42
1月 02, 2026 6:45:27 下午 spec.jbb.JBBmain DoARun -> 信息:   started user thread for Warehouse 43
1月 02, 2026 6:45:27 下午 spec.jbb.JBBmain DoARun -> 信息:   started user thread for Warehouse 44
1月 02, 2026 6:45:27 下午 spec.jbb.JBBmain DoARun -> 信息:   started user thread for Warehouse 45
1月 02, 2026 6:45:27 下午 spec.jbb.JBBmain DoARun -> 信息:   started user thread for Warehouse 46
1月 02, 2026 6:45:27 下午 spec.jbb.JBBmain DoARun -> 信息:   started user thread for Warehouse 47
1月 02, 2026 6:45:27 下午 spec.jbb.JBBmain DoARun -> 信息:   started user thread for Warehouse 48
1月 02, 2026 6:45:27 下午 spec.jbb.JBBmain DoARun -> 信息:   started user thread for Warehouse 49
1月 02, 2026 6:45:27 下午 spec.jbb.JBBmain DoARun -> 信息:   started user thread for Warehouse 50
1月 02, 2026 6:45:27 下午 spec.jbb.JBBmain DoARun -> 信息:   started user thread for Warehouse 51
1月 02, 2026 6:45:27 下午 spec.jbb.JBBmain DoARun -> 信息:   started user thread for Warehouse 52
1月 02, 2026 6:45:27 下午 spec.jbb.JBBmain DoARun -> 信息:   started user thread for Warehouse 53
1月 02, 2026 6:45:27 下午 spec.jbb.JBBmain DoARun -> 信息:   started user thread for Warehouse 54
1月 02, 2026 6:45:27 下午 spec.jbb.JBBmain DoARun -> 信息:   started user thread for Warehouse 55
1月 02, 2026 6:45:27 下午 spec.jbb.JBBmain DoARun -> 信息:   started user thread for Warehouse 56
1月 02, 2026 6:45:27 下午 spec.jbb.JBBmain DoARun -> 信息:   started user thread for Warehouse 57
1月 02, 2026 6:45:27 下午 spec.jbb.Company displayResultTotals -> 信息: Timing Measurement began Fri Jan 02 18:45:27 CST 2026 for 0.5 minutes
1月 02, 2026 6:45:57 下午 spec.jbb.Company displayResultTotals -> 信息: Timing Measurement ended Fri Jan 02 18:45:57 CST 2026
1月 02, 2026 6:45:57 下午 spec.jbb.Company primeWithDummyData -> 信息: Loading Warehouse 58...
1月 02, 2026 6:45:57 下午 spec.jbb.JBBmain DoARun -> 信息: Start User Threads
1月 02, 2026 6:45:57 下午 spec.jbb.JBBmain DoARun -> 信息:   started user thread for Warehouse 1
1月 02, 2026 6:45:57 下午 spec.jbb.JBBmain DoARun -> 信息:   started user thread for Warehouse 2
1月 02, 2026 6:45:57 下午 spec.jbb.JBBmain DoARun -> 信息:   started user thread for Warehouse 3
1月 02, 2026 6:45:57 下午 spec.jbb.JBBmain DoARun -> 信息:   started user thread for Warehouse 4
1月 02, 2026 6:45:57 下午 spec.jbb.JBBmain DoARun -> 信息:   started user thread for Warehouse 5
1月 02, 2026 6:45:57 下午 spec.jbb.JBBmain DoARun -> 信息:   started user thread for Warehouse 6
1月 02, 2026 6:45:57 下午 spec.jbb.JBBmain DoARun -> 信息:   started user thread for Warehouse 7
1月 02, 2026 6:45:57 下午 spec.jbb.JBBmain DoARun -> 信息:   started user thread for Warehouse 8
1月 02, 2026 6:45:57 下午 spec.jbb.JBBmain DoARun -> 信息:   started user thread for Warehouse 9
1月 02, 2026 6:45:57 下午 spec.jbb.JBBmain DoARun -> 信息:   started user thread for Warehouse 10
1月 02, 2026 6:45:57 下午 spec.jbb.JBBmain DoARun -> 信息:   started user thread for Warehouse 11
1月 02, 2026 6:45:57 下午 spec.jbb.JBBmain DoARun -> 信息:   started user thread for Warehouse 12
1月 02, 2026 6:45:57 下午 spec.jbb.JBBmain DoARun -> 信息:   started user thread for Warehouse 13
1月 02, 2026 6:45:57 下午 spec.jbb.JBBmain DoARun -> 信息:   started user thread for Warehouse 14
1月 02, 2026 6:45:57 下午 spec.jbb.JBBmain DoARun -> 信息:   started user thread for Warehouse 15
1月 02, 2026 6:45:57 下午 spec.jbb.JBBmain DoARun -> 信息:   started user thread for Warehouse 16
1月 02, 2026 6:45:57 下午 spec.jbb.JBBmain DoARun -> 信息:   started user thread for Warehouse 17
1月 02, 2026 6:45:57 下午 spec.jbb.JBBmain DoARun -> 信息:   started user thread for Warehouse 18
1月 02, 2026 6:45:57 下午 spec.jbb.JBBmain DoARun -> 信息:   started user thread for Warehouse 19
1月 02, 2026 6:45:57 下午 spec.jbb.JBBmain DoARun -> 信息:   started user thread for Warehouse 20
1月 02, 2026 6:45:57 下午 spec.jbb.JBBmain DoARun -> 信息:   started user thread for Warehouse 21
1月 02, 2026 6:45:57 下午 spec.jbb.JBBmain DoARun -> 信息:   started user thread for Warehouse 22
1月 02, 2026 6:45:57 下午 spec.jbb.JBBmain DoARun -> 信息:   started user thread for Warehouse 23
1月 02, 2026 6:45:57 下午 spec.jbb.JBBmain DoARun -> 信息:   started user thread for Warehouse 24
1月 02, 2026 6:45:57 下午 spec.jbb.JBBmain DoARun -> 信息:   started user thread for Warehouse 25
1月 02, 2026 6:45:57 下午 spec.jbb.JBBmain DoARun -> 信息:   started user thread for Warehouse 26
1月 02, 2026 6:45:57 下午 spec.jbb.JBBmain DoARun -> 信息:   started user thread for Warehouse 27
1月 02, 2026 6:45:57 下午 spec.jbb.JBBmain DoARun -> 信息:   started user thread for Warehouse 28
1月 02, 2026 6:45:57 下午 spec.jbb.JBBmain DoARun -> 信息:   started user thread for Warehouse 29
1月 02, 2026 6:45:57 下午 spec.jbb.JBBmain DoARun -> 信息:   started user thread for Warehouse 30
1月 02, 2026 6:45:57 下午 spec.jbb.JBBmain DoARun -> 信息:   started user thread for Warehouse 31
1月 02, 2026 6:45:57 下午 spec.jbb.JBBmain DoARun -> 信息:   started user thread for Warehouse 32
1月 02, 2026 6:45:57 下午 spec.jbb.JBBmain DoARun -> 信息:   started user thread for Warehouse 33
1月 02, 2026 6:45:57 下午 spec.jbb.JBBmain DoARun -> 信息:   started user thread for Warehouse 34
1月 02, 2026 6:45:57 下午 spec.jbb.JBBmain DoARun -> 信息:   started user thread for Warehouse 35
1月 02, 2026 6:45:57 下午 spec.jbb.JBBmain DoARun -> 信息:   started user thread for Warehouse 36
1月 02, 2026 6:45:57 下午 spec.jbb.JBBmain DoARun -> 信息:   started user thread for Warehouse 37
1月 02, 2026 6:45:57 下午 spec.jbb.JBBmain DoARun -> 信息:   started user thread for Warehouse 38
1月 02, 2026 6:45:57 下午 spec.jbb.JBBmain DoARun -> 信息:   started user thread for Warehouse 39
1月 02, 2026 6:45:57 下午 spec.jbb.JBBmain DoARun -> 信息:   started user thread for Warehouse 40
1月 02, 2026 6:45:57 下午 spec.jbb.JBBmain DoARun -> 信息:   started user thread for Warehouse 41
1月 02, 2026 6:45:57 下午 spec.jbb.JBBmain DoARun -> 信息:   started user thread for Warehouse 42
1月 02, 2026 6:45:57 下午 spec.jbb.JBBmain DoARun -> 信息:   started user thread for Warehouse 43
1月 02, 2026 6:45:57 下午 spec.jbb.JBBmain DoARun -> 信息:   started user thread for Warehouse 44
1月 02, 2026 6:45:57 下午 spec.jbb.JBBmain DoARun -> 信息:   started user thread for Warehouse 45
1月 02, 2026 6:45:57 下午 spec.jbb.JBBmain DoARun -> 信息:   started user thread for Warehouse 46
1月 02, 2026 6:45:57 下午 spec.jbb.JBBmain DoARun -> 信息:   started user thread for Warehouse 47
1月 02, 2026 6:45:57 下午 spec.jbb.JBBmain DoARun -> 信息:   started user thread for Warehouse 48
1月 02, 2026 6:45:57 下午 spec.jbb.JBBmain DoARun -> 信息:   started user thread for Warehouse 49
1月 02, 2026 6:45:57 下午 spec.jbb.JBBmain DoARun -> 信息:   started user thread for Warehouse 50
1月 02, 2026 6:45:57 下午 spec.jbb.JBBmain DoARun -> 信息:   started user thread for Warehouse 51
1月 02, 2026 6:45:57 下午 spec.jbb.JBBmain DoARun -> 信息:   started user thread for Warehouse 52
1月 02, 2026 6:45:57 下午 spec.jbb.JBBmain DoARun -> 信息:   started user thread for Warehouse 53
1月 02, 2026 6:45:57 下午 spec.jbb.JBBmain DoARun -> 信息:   started user thread for Warehouse 54
1月 02, 2026 6:45:57 下午 spec.jbb.JBBmain DoARun -> 信息:   started user thread for Warehouse 55
1月 02, 2026 6:45:57 下午 spec.jbb.JBBmain DoARun -> 信息:   started user thread for Warehouse 56
1月 02, 2026 6:45:57 下午 spec.jbb.JBBmain DoARun -> 信息:   started user thread for Warehouse 57
1月 02, 2026 6:45:57 下午 spec.jbb.JBBmain DoARun -> 信息:   started user thread for Warehouse 58
1月 02, 2026 6:45:57 下午 spec.jbb.Company displayResultTotals -> 信息: Timing Measurement began Fri Jan 02 18:45:57 CST 2026 for 0.5 minutes
1月 02, 2026 6:46:27 下午 spec.jbb.Company displayResultTotals -> 信息: Timing Measurement ended Fri Jan 02 18:46:27 CST 2026
1月 02, 2026 6:46:27 下午 spec.jbb.Company primeWithDummyData -> 信息: Loading Warehouse 59...
1月 02, 2026 6:46:28 下午 spec.jbb.JBBmain DoARun -> 信息: Start User Threads
1月 02, 2026 6:46:28 下午 spec.jbb.JBBmain DoARun -> 信息:   started user thread for Warehouse 1
1月 02, 2026 6:46:28 下午 spec.jbb.JBBmain DoARun -> 信息:   started user thread for Warehouse 2
1月 02, 2026 6:46:28 下午 spec.jbb.JBBmain DoARun -> 信息:   started user thread for Warehouse 3
1月 02, 2026 6:46:28 下午 spec.jbb.JBBmain DoARun -> 信息:   started user thread for Warehouse 4
1月 02, 2026 6:46:28 下午 spec.jbb.JBBmain DoARun -> 信息:   started user thread for Warehouse 5
1月 02, 2026 6:46:28 下午 spec.jbb.JBBmain DoARun -> 信息:   started user thread for Warehouse 6
1月 02, 2026 6:46:28 下午 spec.jbb.JBBmain DoARun -> 信息:   started user thread for Warehouse 7
1月 02, 2026 6:46:28 下午 spec.jbb.JBBmain DoARun -> 信息:   started user thread for Warehouse 8
1月 02, 2026 6:46:28 下午 spec.jbb.JBBmain DoARun -> 信息:   started user thread for Warehouse 9
1月 02, 2026 6:46:28 下午 spec.jbb.JBBmain DoARun -> 信息:   started user thread for Warehouse 10
1月 02, 2026 6:46:28 下午 spec.jbb.JBBmain DoARun -> 信息:   started user thread for Warehouse 11
1月 02, 2026 6:46:28 下午 spec.jbb.JBBmain DoARun -> 信息:   started user thread for Warehouse 12
1月 02, 2026 6:46:28 下午 spec.jbb.JBBmain DoARun -> 信息:   started user thread for Warehouse 13
1月 02, 2026 6:46:28 下午 spec.jbb.JBBmain DoARun -> 信息:   started user thread for Warehouse 14
1月 02, 2026 6:46:28 下午 spec.jbb.JBBmain DoARun -> 信息:   started user thread for Warehouse 15
1月 02, 2026 6:46:28 下午 spec.jbb.JBBmain DoARun -> 信息:   started user thread for Warehouse 16
1月 02, 2026 6:46:28 下午 spec.jbb.JBBmain DoARun -> 信息:   started user thread for Warehouse 17
1月 02, 2026 6:46:28 下午 spec.jbb.JBBmain DoARun -> 信息:   started user thread for Warehouse 18
1月 02, 2026 6:46:28 下午 spec.jbb.JBBmain DoARun -> 信息:   started user thread for Warehouse 19
1月 02, 2026 6:46:28 下午 spec.jbb.JBBmain DoARun -> 信息:   started user thread for Warehouse 20
1月 02, 2026 6:46:28 下午 spec.jbb.JBBmain DoARun -> 信息:   started user thread for Warehouse 21
1月 02, 2026 6:46:28 下午 spec.jbb.JBBmain DoARun -> 信息:   started user thread for Warehouse 22
1月 02, 2026 6:46:28 下午 spec.jbb.JBBmain DoARun -> 信息:   started user thread for Warehouse 23
1月 02, 2026 6:46:28 下午 spec.jbb.JBBmain DoARun -> 信息:   started user thread for Warehouse 24
1月 02, 2026 6:46:28 下午 spec.jbb.JBBmain DoARun -> 信息:   started user thread for Warehouse 25
1月 02, 2026 6:46:28 下午 spec.jbb.JBBmain DoARun -> 信息:   started user thread for Warehouse 26
1月 02, 2026 6:46:28 下午 spec.jbb.JBBmain DoARun -> 信息:   started user thread for Warehouse 27
1月 02, 2026 6:46:28 下午 spec.jbb.JBBmain DoARun -> 信息:   started user thread for Warehouse 28
1月 02, 2026 6:46:28 下午 spec.jbb.JBBmain DoARun -> 信息:   started user thread for Warehouse 29
1月 02, 2026 6:46:28 下午 spec.jbb.JBBmain DoARun -> 信息:   started user thread for Warehouse 30
1月 02, 2026 6:46:28 下午 spec.jbb.JBBmain DoARun -> 信息:   started user thread for Warehouse 31
1月 02, 2026 6:46:28 下午 spec.jbb.JBBmain DoARun -> 信息:   started user thread for Warehouse 32
1月 02, 2026 6:46:28 下午 spec.jbb.JBBmain DoARun -> 信息:   started user thread for Warehouse 33
1月 02, 2026 6:46:28 下午 spec.jbb.JBBmain DoARun -> 信息:   started user thread for Warehouse 34
1月 02, 2026 6:46:28 下午 spec.jbb.JBBmain DoARun -> 信息:   started user thread for Warehouse 35
1月 02, 2026 6:46:28 下午 spec.jbb.JBBmain DoARun -> 信息:   started user thread for Warehouse 36
1月 02, 2026 6:46:28 下午 spec.jbb.JBBmain DoARun -> 信息:   started user thread for Warehouse 37
1月 02, 2026 6:46:28 下午 spec.jbb.JBBmain DoARun -> 信息:   started user thread for Warehouse 38
1月 02, 2026 6:46:28 下午 spec.jbb.JBBmain DoARun -> 信息:   started user thread for Warehouse 39
1月 02, 2026 6:46:28 下午 spec.jbb.JBBmain DoARun -> 信息:   started user thread for Warehouse 40
1月 02, 2026 6:46:28 下午 spec.jbb.JBBmain DoARun -> 信息:   started user thread for Warehouse 41
1月 02, 2026 6:46:28 下午 spec.jbb.JBBmain DoARun -> 信息:   started user thread for Warehouse 42
1月 02, 2026 6:46:28 下午 spec.jbb.JBBmain DoARun -> 信息:   started user thread for Warehouse 43
1月 02, 2026 6:46:28 下午 spec.jbb.JBBmain DoARun -> 信息:   started user thread for Warehouse 44
1月 02, 2026 6:46:28 下午 spec.jbb.JBBmain DoARun -> 信息:   started user thread for Warehouse 45
1月 02, 2026 6:46:28 下午 spec.jbb.JBBmain DoARun -> 信息:   started user thread for Warehouse 46
1月 02, 2026 6:46:28 下午 spec.jbb.JBBmain DoARun -> 信息:   started user thread for Warehouse 47
1月 02, 2026 6:46:28 下午 spec.jbb.JBBmain DoARun -> 信息:   started user thread for Warehouse 48
1月 02, 2026 6:46:28 下午 spec.jbb.JBBmain DoARun -> 信息:   started user thread for Warehouse 49
1月 02, 2026 6:46:28 下午 spec.jbb.JBBmain DoARun -> 信息:   started user thread for Warehouse 50
1月 02, 2026 6:46:28 下午 spec.jbb.JBBmain DoARun -> 信息:   started user thread for Warehouse 51
1月 02, 2026 6:46:28 下午 spec.jbb.JBBmain DoARun -> 信息:   started user thread for Warehouse 52
1月 02, 2026 6:46:28 下午 spec.jbb.JBBmain DoARun -> 信息:   started user thread for Warehouse 53
1月 02, 2026 6:46:28 下午 spec.jbb.JBBmain DoARun -> 信息:   started user thread for Warehouse 54
1月 02, 2026 6:46:28 下午 spec.jbb.JBBmain DoARun -> 信息:   started user thread for Warehouse 55
1月 02, 2026 6:46:28 下午 spec.jbb.JBBmain DoARun -> 信息:   started user thread for Warehouse 56
1月 02, 2026 6:46:28 下午 spec.jbb.JBBmain DoARun -> 信息:   started user thread for Warehouse 57
1月 02, 2026 6:46:28 下午 spec.jbb.JBBmain DoARun -> 信息:   started user thread for Warehouse 58
1月 02, 2026 6:46:28 下午 spec.jbb.JBBmain DoARun -> 信息:   started user thread for Warehouse 59
1月 02, 2026 6:46:28 下午 spec.jbb.Company displayResultTotals -> 信息: Timing Measurement began Fri Jan 02 18:46:28 CST 2026 for 0.5 minutes
1月 02, 2026 6:46:58 下午 spec.jbb.Company displayResultTotals -> 信息: Timing Measurement ended Fri Jan 02 18:46:58 CST 2026
1月 02, 2026 6:46:58 下午 spec.jbb.Company primeWithDummyData -> 信息: Loading Warehouse 60...
1月 02, 2026 6:46:58 下午 spec.jbb.JBBmain DoARun -> 信息: Start User Threads
1月 02, 2026 6:46:58 下午 spec.jbb.JBBmain DoARun -> 信息:   started user thread for Warehouse 1
1月 02, 2026 6:46:58 下午 spec.jbb.JBBmain DoARun -> 信息:   started user thread for Warehouse 2
1月 02, 2026 6:46:58 下午 spec.jbb.JBBmain DoARun -> 信息:   started user thread for Warehouse 3
1月 02, 2026 6:46:58 下午 spec.jbb.JBBmain DoARun -> 信息:   started user thread for Warehouse 4
1月 02, 2026 6:46:58 下午 spec.jbb.JBBmain DoARun -> 信息:   started user thread for Warehouse 5
1月 02, 2026 6:46:58 下午 spec.jbb.JBBmain DoARun -> 信息:   started user thread for Warehouse 6
1月 02, 2026 6:46:58 下午 spec.jbb.JBBmain DoARun -> 信息:   started user thread for Warehouse 7
1月 02, 2026 6:46:58 下午 spec.jbb.JBBmain DoARun -> 信息:   started user thread for Warehouse 8
1月 02, 2026 6:46:58 下午 spec.jbb.JBBmain DoARun -> 信息:   started user thread for Warehouse 9
1月 02, 2026 6:46:58 下午 spec.jbb.JBBmain DoARun -> 信息:   started user thread for Warehouse 10
1月 02, 2026 6:46:58 下午 spec.jbb.JBBmain DoARun -> 信息:   started user thread for Warehouse 11
1月 02, 2026 6:46:58 下午 spec.jbb.JBBmain DoARun -> 信息:   started user thread for Warehouse 12
1月 02, 2026 6:46:58 下午 spec.jbb.JBBmain DoARun -> 信息:   started user thread for Warehouse 13
1月 02, 2026 6:46:58 下午 spec.jbb.JBBmain DoARun -> 信息:   started user thread for Warehouse 14
1月 02, 2026 6:46:58 下午 spec.jbb.JBBmain DoARun -> 信息:   started user thread for Warehouse 15
1月 02, 2026 6:46:58 下午 spec.jbb.JBBmain DoARun -> 信息:   started user thread for Warehouse 16
1月 02, 2026 6:46:58 下午 spec.jbb.JBBmain DoARun -> 信息:   started user thread for Warehouse 17
1月 02, 2026 6:46:58 下午 spec.jbb.JBBmain DoARun -> 信息:   started user thread for Warehouse 18
1月 02, 2026 6:46:58 下午 spec.jbb.JBBmain DoARun -> 信息:   started user thread for Warehouse 19
1月 02, 2026 6:46:58 下午 spec.jbb.JBBmain DoARun -> 信息:   started user thread for Warehouse 20
1月 02, 2026 6:46:58 下午 spec.jbb.JBBmain DoARun -> 信息:   started user thread for Warehouse 21
1月 02, 2026 6:46:58 下午 spec.jbb.JBBmain DoARun -> 信息:   started user thread for Warehouse 22
1月 02, 2026 6:46:58 下午 spec.jbb.JBBmain DoARun -> 信息:   started user thread for Warehouse 23
1月 02, 2026 6:46:58 下午 spec.jbb.JBBmain DoARun -> 信息:   started user thread for Warehouse 24
1月 02, 2026 6:46:58 下午 spec.jbb.JBBmain DoARun -> 信息:   started user thread for Warehouse 25
1月 02, 2026 6:46:58 下午 spec.jbb.JBBmain DoARun -> 信息:   started user thread for Warehouse 26
1月 02, 2026 6:46:58 下午 spec.jbb.JBBmain DoARun -> 信息:   started user thread for Warehouse 27
1月 02, 2026 6:46:58 下午 spec.jbb.JBBmain DoARun -> 信息:   started user thread for Warehouse 28
1月 02, 2026 6:46:58 下午 spec.jbb.JBBmain DoARun -> 信息:   started user thread for Warehouse 29
1月 02, 2026 6:46:58 下午 spec.jbb.JBBmain DoARun -> 信息:   started user thread for Warehouse 30
1月 02, 2026 6:46:58 下午 spec.jbb.JBBmain DoARun -> 信息:   started user thread for Warehouse 31
1月 02, 2026 6:46:58 下午 spec.jbb.JBBmain DoARun -> 信息:   started user thread for Warehouse 32
1月 02, 2026 6:46:58 下午 spec.jbb.JBBmain DoARun -> 信息:   started user thread for Warehouse 33
1月 02, 2026 6:46:58 下午 spec.jbb.JBBmain DoARun -> 信息:   started user thread for Warehouse 34
1月 02, 2026 6:46:58 下午 spec.jbb.JBBmain DoARun -> 信息:   started user thread for Warehouse 35
1月 02, 2026 6:46:58 下午 spec.jbb.JBBmain DoARun -> 信息:   started user thread for Warehouse 36
1月 02, 2026 6:46:58 下午 spec.jbb.JBBmain DoARun -> 信息:   started user thread for Warehouse 37
1月 02, 2026 6:46:58 下午 spec.jbb.JBBmain DoARun -> 信息:   started user thread for Warehouse 38
1月 02, 2026 6:46:58 下午 spec.jbb.JBBmain DoARun -> 信息:   started user thread for Warehouse 39
1月 02, 2026 6:46:58 下午 spec.jbb.JBBmain DoARun -> 信息:   started user thread for Warehouse 40
1月 02, 2026 6:46:58 下午 spec.jbb.JBBmain DoARun -> 信息:   started user thread for Warehouse 41
1月 02, 2026 6:46:58 下午 spec.jbb.JBBmain DoARun -> 信息:   started user thread for Warehouse 42
1月 02, 2026 6:46:58 下午 spec.jbb.JBBmain DoARun -> 信息:   started user thread for Warehouse 43
1月 02, 2026 6:46:58 下午 spec.jbb.JBBmain DoARun -> 信息:   started user thread for Warehouse 44
1月 02, 2026 6:46:58 下午 spec.jbb.JBBmain DoARun -> 信息:   started user thread for Warehouse 45
1月 02, 2026 6:46:58 下午 spec.jbb.JBBmain DoARun -> 信息:   started user thread for Warehouse 46
1月 02, 2026 6:46:58 下午 spec.jbb.JBBmain DoARun -> 信息:   started user thread for Warehouse 47
1月 02, 2026 6:46:58 下午 spec.jbb.JBBmain DoARun -> 信息:   started user thread for Warehouse 48
1月 02, 2026 6:46:58 下午 spec.jbb.JBBmain DoARun -> 信息:   started user thread for Warehouse 49
1月 02, 2026 6:46:58 下午 spec.jbb.JBBmain DoARun -> 信息:   started user thread for Warehouse 50
1月 02, 2026 6:46:58 下午 spec.jbb.JBBmain DoARun -> 信息:   started user thread for Warehouse 51
1月 02, 2026 6:46:58 下午 spec.jbb.JBBmain DoARun -> 信息:   started user thread for Warehouse 52
1月 02, 2026 6:46:58 下午 spec.jbb.JBBmain DoARun -> 信息:   started user thread for Warehouse 53
1月 02, 2026 6:46:58 下午 spec.jbb.JBBmain DoARun -> 信息:   started user thread for Warehouse 54
1月 02, 2026 6:46:58 下午 spec.jbb.JBBmain DoARun -> 信息:   started user thread for Warehouse 55
1月 02, 2026 6:46:58 下午 spec.jbb.JBBmain DoARun -> 信息:   started user thread for Warehouse 56
1月 02, 2026 6:46:58 下午 spec.jbb.JBBmain DoARun -> 信息:   started user thread for Warehouse 57
1月 02, 2026 6:46:58 下午 spec.jbb.JBBmain DoARun -> 信息:   started user thread for Warehouse 58
1月 02, 2026 6:46:58 下午 spec.jbb.JBBmain DoARun -> 信息:   started user thread for Warehouse 59
1月 02, 2026 6:46:58 下午 spec.jbb.JBBmain DoARun -> 信息:   started user thread for Warehouse 60
1月 02, 2026 6:46:58 下午 spec.jbb.Company displayResultTotals -> 信息: Timing Measurement began Fri Jan 02 18:46:58 CST 2026 for 0.5 minutes
1月 02, 2026 6:47:28 下午 spec.jbb.Company displayResultTotals -> 信息: Timing Measurement ended Fri Jan 02 18:47:28 CST 2026
1月 02, 2026 6:47:28 下午 spec.jbb.Company primeWithDummyData -> 信息: Loading Warehouse 61...
1月 02, 2026 6:47:28 下午 spec.jbb.JBBmain DoARun -> 信息: Start User Threads
1月 02, 2026 6:47:28 下午 spec.jbb.JBBmain DoARun -> 信息:   started user thread for Warehouse 1
1月 02, 2026 6:47:28 下午 spec.jbb.JBBmain DoARun -> 信息:   started user thread for Warehouse 2
1月 02, 2026 6:47:28 下午 spec.jbb.JBBmain DoARun -> 信息:   started user thread for Warehouse 3
1月 02, 2026 6:47:28 下午 spec.jbb.JBBmain DoARun -> 信息:   started user thread for Warehouse 4
1月 02, 2026 6:47:28 下午 spec.jbb.JBBmain DoARun -> 信息:   started user thread for Warehouse 5
1月 02, 2026 6:47:28 下午 spec.jbb.JBBmain DoARun -> 信息:   started user thread for Warehouse 6
1月 02, 2026 6:47:28 下午 spec.jbb.JBBmain DoARun -> 信息:   started user thread for Warehouse 7
1月 02, 2026 6:47:28 下午 spec.jbb.JBBmain DoARun -> 信息:   started user thread for Warehouse 8
1月 02, 2026 6:47:28 下午 spec.jbb.JBBmain DoARun -> 信息:   started user thread for Warehouse 9
1月 02, 2026 6:47:28 下午 spec.jbb.JBBmain DoARun -> 信息:   started user thread for Warehouse 10
1月 02, 2026 6:47:28 下午 spec.jbb.JBBmain DoARun -> 信息:   started user thread for Warehouse 11
1月 02, 2026 6:47:28 下午 spec.jbb.JBBmain DoARun -> 信息:   started user thread for Warehouse 12
1月 02, 2026 6:47:28 下午 spec.jbb.JBBmain DoARun -> 信息:   started user thread for Warehouse 13
1月 02, 2026 6:47:28 下午 spec.jbb.JBBmain DoARun -> 信息:   started user thread for Warehouse 14
1月 02, 2026 6:47:28 下午 spec.jbb.JBBmain DoARun -> 信息:   started user thread for Warehouse 15
1月 02, 2026 6:47:28 下午 spec.jbb.JBBmain DoARun -> 信息:   started user thread for Warehouse 16
1月 02, 2026 6:47:28 下午 spec.jbb.JBBmain DoARun -> 信息:   started user thread for Warehouse 17
1月 02, 2026 6:47:28 下午 spec.jbb.JBBmain DoARun -> 信息:   started user thread for Warehouse 18
1月 02, 2026 6:47:28 下午 spec.jbb.JBBmain DoARun -> 信息:   started user thread for Warehouse 19
1月 02, 2026 6:47:28 下午 spec.jbb.JBBmain DoARun -> 信息:   started user thread for Warehouse 20
1月 02, 2026 6:47:28 下午 spec.jbb.JBBmain DoARun -> 信息:   started user thread for Warehouse 21
1月 02, 2026 6:47:28 下午 spec.jbb.JBBmain DoARun -> 信息:   started user thread for Warehouse 22
1月 02, 2026 6:47:28 下午 spec.jbb.JBBmain DoARun -> 信息:   started user thread for Warehouse 23
1月 02, 2026 6:47:28 下午 spec.jbb.JBBmain DoARun -> 信息:   started user thread for Warehouse 24
1月 02, 2026 6:47:28 下午 spec.jbb.JBBmain DoARun -> 信息:   started user thread for Warehouse 25
1月 02, 2026 6:47:28 下午 spec.jbb.JBBmain DoARun -> 信息:   started user thread for Warehouse 26
1月 02, 2026 6:47:28 下午 spec.jbb.JBBmain DoARun -> 信息:   started user thread for Warehouse 27
1月 02, 2026 6:47:28 下午 spec.jbb.JBBmain DoARun -> 信息:   started user thread for Warehouse 28
1月 02, 2026 6:47:28 下午 spec.jbb.JBBmain DoARun -> 信息:   started user thread for Warehouse 29
1月 02, 2026 6:47:28 下午 spec.jbb.JBBmain DoARun -> 信息:   started user thread for Warehouse 30
1月 02, 2026 6:47:28 下午 spec.jbb.JBBmain DoARun -> 信息:   started user thread for Warehouse 31
1月 02, 2026 6:47:28 下午 spec.jbb.JBBmain DoARun -> 信息:   started user thread for Warehouse 32
1月 02, 2026 6:47:28 下午 spec.jbb.JBBmain DoARun -> 信息:   started user thread for Warehouse 33
1月 02, 2026 6:47:28 下午 spec.jbb.JBBmain DoARun -> 信息:   started user thread for Warehouse 34
1月 02, 2026 6:47:28 下午 spec.jbb.JBBmain DoARun -> 信息:   started user thread for Warehouse 35
1月 02, 2026 6:47:28 下午 spec.jbb.JBBmain DoARun -> 信息:   started user thread for Warehouse 36
1月 02, 2026 6:47:28 下午 spec.jbb.JBBmain DoARun -> 信息:   started user thread for Warehouse 37
1月 02, 2026 6:47:28 下午 spec.jbb.JBBmain DoARun -> 信息:   started user thread for Warehouse 38
1月 02, 2026 6:47:28 下午 spec.jbb.JBBmain DoARun -> 信息:   started user thread for Warehouse 39
1月 02, 2026 6:47:28 下午 spec.jbb.JBBmain DoARun -> 信息:   started user thread for Warehouse 40
1月 02, 2026 6:47:28 下午 spec.jbb.JBBmain DoARun -> 信息:   started user thread for Warehouse 41
1月 02, 2026 6:47:28 下午 spec.jbb.JBBmain DoARun -> 信息:   started user thread for Warehouse 42
1月 02, 2026 6:47:28 下午 spec.jbb.JBBmain DoARun -> 信息:   started user thread for Warehouse 43
1月 02, 2026 6:47:28 下午 spec.jbb.JBBmain DoARun -> 信息:   started user thread for Warehouse 44
1月 02, 2026 6:47:28 下午 spec.jbb.JBBmain DoARun -> 信息:   started user thread for Warehouse 45
1月 02, 2026 6:47:28 下午 spec.jbb.JBBmain DoARun -> 信息:   started user thread for Warehouse 46
1月 02, 2026 6:47:28 下午 spec.jbb.JBBmain DoARun -> 信息:   started user thread for Warehouse 47
1月 02, 2026 6:47:28 下午 spec.jbb.JBBmain DoARun -> 信息:   started user thread for Warehouse 48
1月 02, 2026 6:47:28 下午 spec.jbb.JBBmain DoARun -> 信息:   started user thread for Warehouse 49
1月 02, 2026 6:47:28 下午 spec.jbb.JBBmain DoARun -> 信息:   started user thread for Warehouse 50
1月 02, 2026 6:47:28 下午 spec.jbb.JBBmain DoARun -> 信息:   started user thread for Warehouse 51
1月 02, 2026 6:47:28 下午 spec.jbb.JBBmain DoARun -> 信息:   started user thread for Warehouse 52
1月 02, 2026 6:47:28 下午 spec.jbb.JBBmain DoARun -> 信息:   started user thread for Warehouse 53
1月 02, 2026 6:47:28 下午 spec.jbb.JBBmain DoARun -> 信息:   started user thread for Warehouse 54
1月 02, 2026 6:47:28 下午 spec.jbb.JBBmain DoARun -> 信息:   started user thread for Warehouse 55
1月 02, 2026 6:47:28 下午 spec.jbb.JBBmain DoARun -> 信息:   started user thread for Warehouse 56
1月 02, 2026 6:47:28 下午 spec.jbb.JBBmain DoARun -> 信息:   started user thread for Warehouse 57
1月 02, 2026 6:47:28 下午 spec.jbb.JBBmain DoARun -> 信息:   started user thread for Warehouse 58
1月 02, 2026 6:47:28 下午 spec.jbb.JBBmain DoARun -> 信息:   started user thread for Warehouse 59
1月 02, 2026 6:47:28 下午 spec.jbb.JBBmain DoARun -> 信息:   started user thread for Warehouse 60
1月 02, 2026 6:47:28 下午 spec.jbb.JBBmain DoARun -> 信息:   started user thread for Warehouse 61
1月 02, 2026 6:47:28 下午 spec.jbb.Company displayResultTotals -> 信息: Timing Measurement began Fri Jan 02 18:47:28 CST 2026 for 0.5 minutes
1月 02, 2026 6:47:58 下午 spec.jbb.Company displayResultTotals -> 信息: Timing Measurement ended Fri Jan 02 18:47:58 CST 2026
1月 02, 2026 6:47:58 下午 spec.jbb.Company primeWithDummyData -> 信息: Loading Warehouse 62...
1月 02, 2026 6:47:58 下午 spec.jbb.JBBmain DoARun -> 信息: Start User Threads
1月 02, 2026 6:47:58 下午 spec.jbb.JBBmain DoARun -> 信息:   started user thread for Warehouse 1
1月 02, 2026 6:47:58 下午 spec.jbb.JBBmain DoARun -> 信息:   started user thread for Warehouse 2
1月 02, 2026 6:47:58 下午 spec.jbb.JBBmain DoARun -> 信息:   started user thread for Warehouse 3
1月 02, 2026 6:47:58 下午 spec.jbb.JBBmain DoARun -> 信息:   started user thread for Warehouse 4
1月 02, 2026 6:47:58 下午 spec.jbb.JBBmain DoARun -> 信息:   started user thread for Warehouse 5
1月 02, 2026 6:47:58 下午 spec.jbb.JBBmain DoARun -> 信息:   started user thread for Warehouse 6
1月 02, 2026 6:47:58 下午 spec.jbb.JBBmain DoARun -> 信息:   started user thread for Warehouse 7
1月 02, 2026 6:47:58 下午 spec.jbb.JBBmain DoARun -> 信息:   started user thread for Warehouse 8
1月 02, 2026 6:47:58 下午 spec.jbb.JBBmain DoARun -> 信息:   started user thread for Warehouse 9
1月 02, 2026 6:47:58 下午 spec.jbb.JBBmain DoARun -> 信息:   started user thread for Warehouse 10
1月 02, 2026 6:47:58 下午 spec.jbb.JBBmain DoARun -> 信息:   started user thread for Warehouse 11
1月 02, 2026 6:47:58 下午 spec.jbb.JBBmain DoARun -> 信息:   started user thread for Warehouse 12
1月 02, 2026 6:47:58 下午 spec.jbb.JBBmain DoARun -> 信息:   started user thread for Warehouse 13
1月 02, 2026 6:47:58 下午 spec.jbb.JBBmain DoARun -> 信息:   started user thread for Warehouse 14
1月 02, 2026 6:47:58 下午 spec.jbb.JBBmain DoARun -> 信息:   started user thread for Warehouse 15
1月 02, 2026 6:47:58 下午 spec.jbb.JBBmain DoARun -> 信息:   started user thread for Warehouse 16
1月 02, 2026 6:47:58 下午 spec.jbb.JBBmain DoARun -> 信息:   started user thread for Warehouse 17
1月 02, 2026 6:47:58 下午 spec.jbb.JBBmain DoARun -> 信息:   started user thread for Warehouse 18
1月 02, 2026 6:47:58 下午 spec.jbb.JBBmain DoARun -> 信息:   started user thread for Warehouse 19
1月 02, 2026 6:47:58 下午 spec.jbb.JBBmain DoARun -> 信息:   started user thread for Warehouse 20
1月 02, 2026 6:47:58 下午 spec.jbb.JBBmain DoARun -> 信息:   started user thread for Warehouse 21
1月 02, 2026 6:47:58 下午 spec.jbb.JBBmain DoARun -> 信息:   started user thread for Warehouse 22
1月 02, 2026 6:47:58 下午 spec.jbb.JBBmain DoARun -> 信息:   started user thread for Warehouse 23
1月 02, 2026 6:47:58 下午 spec.jbb.JBBmain DoARun -> 信息:   started user thread for Warehouse 24
1月 02, 2026 6:47:58 下午 spec.jbb.JBBmain DoARun -> 信息:   started user thread for Warehouse 25
1月 02, 2026 6:47:58 下午 spec.jbb.JBBmain DoARun -> 信息:   started user thread for Warehouse 26
1月 02, 2026 6:47:58 下午 spec.jbb.JBBmain DoARun -> 信息:   started user thread for Warehouse 27
1月 02, 2026 6:47:58 下午 spec.jbb.JBBmain DoARun -> 信息:   started user thread for Warehouse 28
1月 02, 2026 6:47:58 下午 spec.jbb.JBBmain DoARun -> 信息:   started user thread for Warehouse 29
1月 02, 2026 6:47:58 下午 spec.jbb.JBBmain DoARun -> 信息:   started user thread for Warehouse 30
1月 02, 2026 6:47:58 下午 spec.jbb.JBBmain DoARun -> 信息:   started user thread for Warehouse 31
1月 02, 2026 6:47:58 下午 spec.jbb.JBBmain DoARun -> 信息:   started user thread for Warehouse 32
1月 02, 2026 6:47:58 下午 spec.jbb.JBBmain DoARun -> 信息:   started user thread for Warehouse 33
1月 02, 2026 6:47:58 下午 spec.jbb.JBBmain DoARun -> 信息:   started user thread for Warehouse 34
1月 02, 2026 6:47:58 下午 spec.jbb.JBBmain DoARun -> 信息:   started user thread for Warehouse 35
1月 02, 2026 6:47:58 下午 spec.jbb.JBBmain DoARun -> 信息:   started user thread for Warehouse 36
1月 02, 2026 6:47:58 下午 spec.jbb.JBBmain DoARun -> 信息:   started user thread for Warehouse 37
1月 02, 2026 6:47:58 下午 spec.jbb.JBBmain DoARun -> 信息:   started user thread for Warehouse 38
1月 02, 2026 6:47:58 下午 spec.jbb.JBBmain DoARun -> 信息:   started user thread for Warehouse 39
1月 02, 2026 6:47:58 下午 spec.jbb.JBBmain DoARun -> 信息:   started user thread for Warehouse 40
1月 02, 2026 6:47:58 下午 spec.jbb.JBBmain DoARun -> 信息:   started user thread for Warehouse 41
1月 02, 2026 6:47:58 下午 spec.jbb.JBBmain DoARun -> 信息:   started user thread for Warehouse 42
1月 02, 2026 6:47:58 下午 spec.jbb.JBBmain DoARun -> 信息:   started user thread for Warehouse 43
1月 02, 2026 6:47:58 下午 spec.jbb.JBBmain DoARun -> 信息:   started user thread for Warehouse 44
1月 02, 2026 6:47:58 下午 spec.jbb.JBBmain DoARun -> 信息:   started user thread for Warehouse 45
1月 02, 2026 6:47:58 下午 spec.jbb.JBBmain DoARun -> 信息:   started user thread for Warehouse 46
1月 02, 2026 6:47:58 下午 spec.jbb.JBBmain DoARun -> 信息:   started user thread for Warehouse 47
1月 02, 2026 6:47:58 下午 spec.jbb.JBBmain DoARun -> 信息:   started user thread for Warehouse 48
1月 02, 2026 6:47:58 下午 spec.jbb.JBBmain DoARun -> 信息:   started user thread for Warehouse 49
1月 02, 2026 6:47:58 下午 spec.jbb.JBBmain DoARun -> 信息:   started user thread for Warehouse 50
1月 02, 2026 6:47:58 下午 spec.jbb.JBBmain DoARun -> 信息:   started user thread for Warehouse 51
1月 02, 2026 6:47:58 下午 spec.jbb.JBBmain DoARun -> 信息:   started user thread for Warehouse 52
1月 02, 2026 6:47:58 下午 spec.jbb.JBBmain DoARun -> 信息:   started user thread for Warehouse 53
1月 02, 2026 6:47:58 下午 spec.jbb.JBBmain DoARun -> 信息:   started user thread for Warehouse 54
1月 02, 2026 6:47:58 下午 spec.jbb.JBBmain DoARun -> 信息:   started user thread for Warehouse 55
1月 02, 2026 6:47:58 下午 spec.jbb.JBBmain DoARun -> 信息:   started user thread for Warehouse 56
1月 02, 2026 6:47:58 下午 spec.jbb.JBBmain DoARun -> 信息:   started user thread for Warehouse 57
1月 02, 2026 6:47:58 下午 spec.jbb.JBBmain DoARun -> 信息:   started user thread for Warehouse 58
1月 02, 2026 6:47:58 下午 spec.jbb.JBBmain DoARun -> 信息:   started user thread for Warehouse 59
1月 02, 2026 6:47:58 下午 spec.jbb.JBBmain DoARun -> 信息:   started user thread for Warehouse 60
1月 02, 2026 6:47:58 下午 spec.jbb.JBBmain DoARun -> 信息:   started user thread for Warehouse 61
1月 02, 2026 6:47:58 下午 spec.jbb.JBBmain DoARun -> 信息:   started user thread for Warehouse 62
1月 02, 2026 6:47:59 下午 spec.jbb.Company displayResultTotals -> 信息: Timing Measurement began Fri Jan 02 18:47:59 CST 2026 for 0.5 minutes
1月 02, 2026 6:48:29 下午 spec.jbb.Company displayResultTotals -> 信息: Timing Measurement ended Fri Jan 02 18:48:29 CST 2026
1月 02, 2026 6:48:29 下午 spec.jbb.Company primeWithDummyData -> 信息: Loading Warehouse 63...
1月 02, 2026 6:48:29 下午 spec.jbb.JBBmain DoARun -> 信息: Start User Threads
1月 02, 2026 6:48:29 下午 spec.jbb.JBBmain DoARun -> 信息:   started user thread for Warehouse 1
1月 02, 2026 6:48:29 下午 spec.jbb.JBBmain DoARun -> 信息:   started user thread for Warehouse 2
1月 02, 2026 6:48:29 下午 spec.jbb.JBBmain DoARun -> 信息:   started user thread for Warehouse 3
1月 02, 2026 6:48:29 下午 spec.jbb.JBBmain DoARun -> 信息:   started user thread for Warehouse 4
1月 02, 2026 6:48:29 下午 spec.jbb.JBBmain DoARun -> 信息:   started user thread for Warehouse 5
1月 02, 2026 6:48:29 下午 spec.jbb.JBBmain DoARun -> 信息:   started user thread for Warehouse 6
1月 02, 2026 6:48:29 下午 spec.jbb.JBBmain DoARun -> 信息:   started user thread for Warehouse 7
1月 02, 2026 6:48:29 下午 spec.jbb.JBBmain DoARun -> 信息:   started user thread for Warehouse 8
1月 02, 2026 6:48:29 下午 spec.jbb.JBBmain DoARun -> 信息:   started user thread for Warehouse 9
1月 02, 2026 6:48:29 下午 spec.jbb.JBBmain DoARun -> 信息:   started user thread for Warehouse 10
1月 02, 2026 6:48:29 下午 spec.jbb.JBBmain DoARun -> 信息:   started user thread for Warehouse 11
1月 02, 2026 6:48:29 下午 spec.jbb.JBBmain DoARun -> 信息:   started user thread for Warehouse 12
1月 02, 2026 6:48:29 下午 spec.jbb.JBBmain DoARun -> 信息:   started user thread for Warehouse 13
1月 02, 2026 6:48:29 下午 spec.jbb.JBBmain DoARun -> 信息:   started user thread for Warehouse 14
1月 02, 2026 6:48:29 下午 spec.jbb.JBBmain DoARun -> 信息:   started user thread for Warehouse 15
1月 02, 2026 6:48:29 下午 spec.jbb.JBBmain DoARun -> 信息:   started user thread for Warehouse 16
1月 02, 2026 6:48:29 下午 spec.jbb.JBBmain DoARun -> 信息:   started user thread for Warehouse 17
1月 02, 2026 6:48:29 下午 spec.jbb.JBBmain DoARun -> 信息:   started user thread for Warehouse 18
1月 02, 2026 6:48:29 下午 spec.jbb.JBBmain DoARun -> 信息:   started user thread for Warehouse 19
1月 02, 2026 6:48:29 下午 spec.jbb.JBBmain DoARun -> 信息:   started user thread for Warehouse 20
1月 02, 2026 6:48:29 下午 spec.jbb.JBBmain DoARun -> 信息:   started user thread for Warehouse 21
1月 02, 2026 6:48:29 下午 spec.jbb.JBBmain DoARun -> 信息:   started user thread for Warehouse 22
1月 02, 2026 6:48:29 下午 spec.jbb.JBBmain DoARun -> 信息:   started user thread for Warehouse 23
1月 02, 2026 6:48:29 下午 spec.jbb.JBBmain DoARun -> 信息:   started user thread for Warehouse 24
1月 02, 2026 6:48:29 下午 spec.jbb.JBBmain DoARun -> 信息:   started user thread for Warehouse 25
1月 02, 2026 6:48:29 下午 spec.jbb.JBBmain DoARun -> 信息:   started user thread for Warehouse 26
1月 02, 2026 6:48:29 下午 spec.jbb.JBBmain DoARun -> 信息:   started user thread for Warehouse 27
1月 02, 2026 6:48:29 下午 spec.jbb.JBBmain DoARun -> 信息:   started user thread for Warehouse 28
1月 02, 2026 6:48:29 下午 spec.jbb.JBBmain DoARun -> 信息:   started user thread for Warehouse 29
1月 02, 2026 6:48:29 下午 spec.jbb.JBBmain DoARun -> 信息:   started user thread for Warehouse 30
1月 02, 2026 6:48:29 下午 spec.jbb.JBBmain DoARun -> 信息:   started user thread for Warehouse 31
1月 02, 2026 6:48:29 下午 spec.jbb.JBBmain DoARun -> 信息:   started user thread for Warehouse 32
1月 02, 2026 6:48:29 下午 spec.jbb.JBBmain DoARun -> 信息:   started user thread for Warehouse 33
1月 02, 2026 6:48:29 下午 spec.jbb.JBBmain DoARun -> 信息:   started user thread for Warehouse 34
1月 02, 2026 6:48:29 下午 spec.jbb.JBBmain DoARun -> 信息:   started user thread for Warehouse 35
1月 02, 2026 6:48:29 下午 spec.jbb.JBBmain DoARun -> 信息:   started user thread for Warehouse 36
1月 02, 2026 6:48:29 下午 spec.jbb.JBBmain DoARun -> 信息:   started user thread for Warehouse 37
1月 02, 2026 6:48:29 下午 spec.jbb.JBBmain DoARun -> 信息:   started user thread for Warehouse 38
1月 02, 2026 6:48:29 下午 spec.jbb.JBBmain DoARun -> 信息:   started user thread for Warehouse 39
1月 02, 2026 6:48:29 下午 spec.jbb.JBBmain DoARun -> 信息:   started user thread for Warehouse 40
1月 02, 2026 6:48:29 下午 spec.jbb.JBBmain DoARun -> 信息:   started user thread for Warehouse 41
1月 02, 2026 6:48:29 下午 spec.jbb.JBBmain DoARun -> 信息:   started user thread for Warehouse 42
1月 02, 2026 6:48:29 下午 spec.jbb.JBBmain DoARun -> 信息:   started user thread for Warehouse 43
1月 02, 2026 6:48:29 下午 spec.jbb.JBBmain DoARun -> 信息:   started user thread for Warehouse 44
1月 02, 2026 6:48:29 下午 spec.jbb.JBBmain DoARun -> 信息:   started user thread for Warehouse 45
1月 02, 2026 6:48:29 下午 spec.jbb.JBBmain DoARun -> 信息:   started user thread for Warehouse 46
1月 02, 2026 6:48:29 下午 spec.jbb.JBBmain DoARun -> 信息:   started user thread for Warehouse 47
1月 02, 2026 6:48:29 下午 spec.jbb.JBBmain DoARun -> 信息:   started user thread for Warehouse 48
1月 02, 2026 6:48:29 下午 spec.jbb.JBBmain DoARun -> 信息:   started user thread for Warehouse 49
1月 02, 2026 6:48:29 下午 spec.jbb.JBBmain DoARun -> 信息:   started user thread for Warehouse 50
1月 02, 2026 6:48:29 下午 spec.jbb.JBBmain DoARun -> 信息:   started user thread for Warehouse 51
1月 02, 2026 6:48:29 下午 spec.jbb.JBBmain DoARun -> 信息:   started user thread for Warehouse 52
1月 02, 2026 6:48:29 下午 spec.jbb.JBBmain DoARun -> 信息:   started user thread for Warehouse 53
1月 02, 2026 6:48:29 下午 spec.jbb.JBBmain DoARun -> 信息:   started user thread for Warehouse 54
1月 02, 2026 6:48:29 下午 spec.jbb.JBBmain DoARun -> 信息:   started user thread for Warehouse 55
1月 02, 2026 6:48:29 下午 spec.jbb.JBBmain DoARun -> 信息:   started user thread for Warehouse 56
1月 02, 2026 6:48:29 下午 spec.jbb.JBBmain DoARun -> 信息:   started user thread for Warehouse 57
1月 02, 2026 6:48:29 下午 spec.jbb.JBBmain DoARun -> 信息:   started user thread for Warehouse 58
1月 02, 2026 6:48:29 下午 spec.jbb.JBBmain DoARun -> 信息:   started user thread for Warehouse 59
1月 02, 2026 6:48:29 下午 spec.jbb.JBBmain DoARun -> 信息:   started user thread for Warehouse 60
1月 02, 2026 6:48:29 下午 spec.jbb.JBBmain DoARun -> 信息:   started user thread for Warehouse 61
1月 02, 2026 6:48:29 下午 spec.jbb.JBBmain DoARun -> 信息:   started user thread for Warehouse 62
1月 02, 2026 6:48:29 下午 spec.jbb.JBBmain DoARun -> 信息:   started user thread for Warehouse 63
1月 02, 2026 6:48:29 下午 spec.jbb.Company displayResultTotals -> 信息: Timing Measurement began Fri Jan 02 18:48:29 CST 2026 for 0.5 minutes
1月 02, 2026 6:48:59 下午 spec.jbb.Company displayResultTotals -> 信息: Timing Measurement ended Fri Jan 02 18:48:59 CST 2026
1月 02, 2026 6:48:59 下午 spec.jbb.Company primeWithDummyData -> 信息: Loading Warehouse 64...
1月 02, 2026 6:48:59 下午 spec.jbb.JBBmain DoARun -> 信息: Start User Threads
1月 02, 2026 6:48:59 下午 spec.jbb.JBBmain DoARun -> 信息:   started user thread for Warehouse 1
1月 02, 2026 6:48:59 下午 spec.jbb.JBBmain DoARun -> 信息:   started user thread for Warehouse 2
1月 02, 2026 6:48:59 下午 spec.jbb.JBBmain DoARun -> 信息:   started user thread for Warehouse 3
1月 02, 2026 6:48:59 下午 spec.jbb.JBBmain DoARun -> 信息:   started user thread for Warehouse 4
1月 02, 2026 6:48:59 下午 spec.jbb.JBBmain DoARun -> 信息:   started user thread for Warehouse 5
1月 02, 2026 6:48:59 下午 spec.jbb.JBBmain DoARun -> 信息:   started user thread for Warehouse 6
1月 02, 2026 6:48:59 下午 spec.jbb.JBBmain DoARun -> 信息:   started user thread for Warehouse 7
1月 02, 2026 6:48:59 下午 spec.jbb.JBBmain DoARun -> 信息:   started user thread for Warehouse 8
1月 02, 2026 6:48:59 下午 spec.jbb.JBBmain DoARun -> 信息:   started user thread for Warehouse 9
1月 02, 2026 6:48:59 下午 spec.jbb.JBBmain DoARun -> 信息:   started user thread for Warehouse 10
1月 02, 2026 6:48:59 下午 spec.jbb.JBBmain DoARun -> 信息:   started user thread for Warehouse 11
1月 02, 2026 6:48:59 下午 spec.jbb.JBBmain DoARun -> 信息:   started user thread for Warehouse 12
1月 02, 2026 6:48:59 下午 spec.jbb.JBBmain DoARun -> 信息:   started user thread for Warehouse 13
1月 02, 2026 6:48:59 下午 spec.jbb.JBBmain DoARun -> 信息:   started user thread for Warehouse 14
1月 02, 2026 6:48:59 下午 spec.jbb.JBBmain DoARun -> 信息:   started user thread for Warehouse 15
1月 02, 2026 6:48:59 下午 spec.jbb.JBBmain DoARun -> 信息:   started user thread for Warehouse 16
1月 02, 2026 6:48:59 下午 spec.jbb.JBBmain DoARun -> 信息:   started user thread for Warehouse 17
1月 02, 2026 6:48:59 下午 spec.jbb.JBBmain DoARun -> 信息:   started user thread for Warehouse 18
1月 02, 2026 6:48:59 下午 spec.jbb.JBBmain DoARun -> 信息:   started user thread for Warehouse 19
1月 02, 2026 6:48:59 下午 spec.jbb.JBBmain DoARun -> 信息:   started user thread for Warehouse 20
1月 02, 2026 6:48:59 下午 spec.jbb.JBBmain DoARun -> 信息:   started user thread for Warehouse 21
1月 02, 2026 6:48:59 下午 spec.jbb.JBBmain DoARun -> 信息:   started user thread for Warehouse 22
1月 02, 2026 6:48:59 下午 spec.jbb.JBBmain DoARun -> 信息:   started user thread for Warehouse 23
1月 02, 2026 6:48:59 下午 spec.jbb.JBBmain DoARun -> 信息:   started user thread for Warehouse 24
1月 02, 2026 6:48:59 下午 spec.jbb.JBBmain DoARun -> 信息:   started user thread for Warehouse 25
1月 02, 2026 6:48:59 下午 spec.jbb.JBBmain DoARun -> 信息:   started user thread for Warehouse 26
1月 02, 2026 6:48:59 下午 spec.jbb.JBBmain DoARun -> 信息:   started user thread for Warehouse 27
1月 02, 2026 6:48:59 下午 spec.jbb.JBBmain DoARun -> 信息:   started user thread for Warehouse 28
1月 02, 2026 6:48:59 下午 spec.jbb.JBBmain DoARun -> 信息:   started user thread for Warehouse 29
1月 02, 2026 6:48:59 下午 spec.jbb.JBBmain DoARun -> 信息:   started user thread for Warehouse 30
1月 02, 2026 6:48:59 下午 spec.jbb.JBBmain DoARun -> 信息:   started user thread for Warehouse 31
1月 02, 2026 6:48:59 下午 spec.jbb.JBBmain DoARun -> 信息:   started user thread for Warehouse 32
1月 02, 2026 6:48:59 下午 spec.jbb.JBBmain DoARun -> 信息:   started user thread for Warehouse 33
1月 02, 2026 6:48:59 下午 spec.jbb.JBBmain DoARun -> 信息:   started user thread for Warehouse 34
1月 02, 2026 6:48:59 下午 spec.jbb.JBBmain DoARun -> 信息:   started user thread for Warehouse 35
1月 02, 2026 6:48:59 下午 spec.jbb.JBBmain DoARun -> 信息:   started user thread for Warehouse 36
1月 02, 2026 6:48:59 下午 spec.jbb.JBBmain DoARun -> 信息:   started user thread for Warehouse 37
1月 02, 2026 6:48:59 下午 spec.jbb.JBBmain DoARun -> 信息:   started user thread for Warehouse 38
1月 02, 2026 6:48:59 下午 spec.jbb.JBBmain DoARun -> 信息:   started user thread for Warehouse 39
1月 02, 2026 6:48:59 下午 spec.jbb.JBBmain DoARun -> 信息:   started user thread for Warehouse 40
1月 02, 2026 6:48:59 下午 spec.jbb.JBBmain DoARun -> 信息:   started user thread for Warehouse 41
1月 02, 2026 6:48:59 下午 spec.jbb.JBBmain DoARun -> 信息:   started user thread for Warehouse 42
1月 02, 2026 6:48:59 下午 spec.jbb.JBBmain DoARun -> 信息:   started user thread for Warehouse 43
1月 02, 2026 6:48:59 下午 spec.jbb.JBBmain DoARun -> 信息:   started user thread for Warehouse 44
1月 02, 2026 6:48:59 下午 spec.jbb.JBBmain DoARun -> 信息:   started user thread for Warehouse 45
1月 02, 2026 6:48:59 下午 spec.jbb.JBBmain DoARun -> 信息:   started user thread for Warehouse 46
1月 02, 2026 6:48:59 下午 spec.jbb.JBBmain DoARun -> 信息:   started user thread for Warehouse 47
1月 02, 2026 6:48:59 下午 spec.jbb.JBBmain DoARun -> 信息:   started user thread for Warehouse 48
1月 02, 2026 6:48:59 下午 spec.jbb.JBBmain DoARun -> 信息:   started user thread for Warehouse 49
1月 02, 2026 6:48:59 下午 spec.jbb.JBBmain DoARun -> 信息:   started user thread for Warehouse 50
1月 02, 2026 6:48:59 下午 spec.jbb.JBBmain DoARun -> 信息:   started user thread for Warehouse 51
1月 02, 2026 6:48:59 下午 spec.jbb.JBBmain DoARun -> 信息:   started user thread for Warehouse 52
1月 02, 2026 6:48:59 下午 spec.jbb.JBBmain DoARun -> 信息:   started user thread for Warehouse 53
1月 02, 2026 6:48:59 下午 spec.jbb.JBBmain DoARun -> 信息:   started user thread for Warehouse 54
1月 02, 2026 6:48:59 下午 spec.jbb.JBBmain DoARun -> 信息:   started user thread for Warehouse 55
1月 02, 2026 6:48:59 下午 spec.jbb.JBBmain DoARun -> 信息:   started user thread for Warehouse 56
1月 02, 2026 6:48:59 下午 spec.jbb.JBBmain DoARun -> 信息:   started user thread for Warehouse 57
1月 02, 2026 6:48:59 下午 spec.jbb.JBBmain DoARun -> 信息:   started user thread for Warehouse 58
1月 02, 2026 6:48:59 下午 spec.jbb.JBBmain DoARun -> 信息:   started user thread for Warehouse 59
1月 02, 2026 6:48:59 下午 spec.jbb.JBBmain DoARun -> 信息:   started user thread for Warehouse 60
1月 02, 2026 6:48:59 下午 spec.jbb.JBBmain DoARun -> 信息:   started user thread for Warehouse 61
1月 02, 2026 6:48:59 下午 spec.jbb.JBBmain DoARun -> 信息:   started user thread for Warehouse 62
1月 02, 2026 6:48:59 下午 spec.jbb.JBBmain DoARun -> 信息:   started user thread for Warehouse 63
1月 02, 2026 6:48:59 下午 spec.jbb.JBBmain DoARun -> 信息:   started user thread for Warehouse 64
1月 02, 2026 6:48:59 下午 spec.jbb.Company displayResultTotals -> 信息: Timing Measurement began Fri Jan 02 18:48:59 CST 2026 for 4 minutes
1月 02, 2026 6:52:59 下午 spec.jbb.Company displayResultTotals -> 信息: Timing Measurement ended Fri Jan 02 18:52:59 CST 2026
1月 02, 2026 6:52:59 下午 spec.jbb.Company primeWithDummyData -> 信息: Loading Warehouse 65...
1月 02, 2026 6:52:59 下午 spec.jbb.JBBmain DoARun -> 信息: Start User Threads
1月 02, 2026 6:52:59 下午 spec.jbb.JBBmain DoARun -> 信息:   started user thread for Warehouse 1
1月 02, 2026 6:52:59 下午 spec.jbb.JBBmain DoARun -> 信息:   started user thread for Warehouse 2
1月 02, 2026 6:52:59 下午 spec.jbb.JBBmain DoARun -> 信息:   started user thread for Warehouse 3
1月 02, 2026 6:52:59 下午 spec.jbb.JBBmain DoARun -> 信息:   started user thread for Warehouse 4
1月 02, 2026 6:52:59 下午 spec.jbb.JBBmain DoARun -> 信息:   started user thread for Warehouse 5
1月 02, 2026 6:52:59 下午 spec.jbb.JBBmain DoARun -> 信息:   started user thread for Warehouse 6
1月 02, 2026 6:52:59 下午 spec.jbb.JBBmain DoARun -> 信息:   started user thread for Warehouse 7
1月 02, 2026 6:52:59 下午 spec.jbb.JBBmain DoARun -> 信息:   started user thread for Warehouse 8
1月 02, 2026 6:52:59 下午 spec.jbb.JBBmain DoARun -> 信息:   started user thread for Warehouse 9
1月 02, 2026 6:52:59 下午 spec.jbb.JBBmain DoARun -> 信息:   started user thread for Warehouse 10
1月 02, 2026 6:52:59 下午 spec.jbb.JBBmain DoARun -> 信息:   started user thread for Warehouse 11
1月 02, 2026 6:52:59 下午 spec.jbb.JBBmain DoARun -> 信息:   started user thread for Warehouse 12
1月 02, 2026 6:52:59 下午 spec.jbb.JBBmain DoARun -> 信息:   started user thread for Warehouse 13
1月 02, 2026 6:52:59 下午 spec.jbb.JBBmain DoARun -> 信息:   started user thread for Warehouse 14
1月 02, 2026 6:52:59 下午 spec.jbb.JBBmain DoARun -> 信息:   started user thread for Warehouse 15
1月 02, 2026 6:52:59 下午 spec.jbb.JBBmain DoARun -> 信息:   started user thread for Warehouse 16
1月 02, 2026 6:52:59 下午 spec.jbb.JBBmain DoARun -> 信息:   started user thread for Warehouse 17
1月 02, 2026 6:52:59 下午 spec.jbb.JBBmain DoARun -> 信息:   started user thread for Warehouse 18
1月 02, 2026 6:52:59 下午 spec.jbb.JBBmain DoARun -> 信息:   started user thread for Warehouse 19
1月 02, 2026 6:52:59 下午 spec.jbb.JBBmain DoARun -> 信息:   started user thread for Warehouse 20
1月 02, 2026 6:52:59 下午 spec.jbb.JBBmain DoARun -> 信息:   started user thread for Warehouse 21
1月 02, 2026 6:52:59 下午 spec.jbb.JBBmain DoARun -> 信息:   started user thread for Warehouse 22
1月 02, 2026 6:52:59 下午 spec.jbb.JBBmain DoARun -> 信息:   started user thread for Warehouse 23
1月 02, 2026 6:52:59 下午 spec.jbb.JBBmain DoARun -> 信息:   started user thread for Warehouse 24
1月 02, 2026 6:52:59 下午 spec.jbb.JBBmain DoARun -> 信息:   started user thread for Warehouse 25
1月 02, 2026 6:52:59 下午 spec.jbb.JBBmain DoARun -> 信息:   started user thread for Warehouse 26
1月 02, 2026 6:52:59 下午 spec.jbb.JBBmain DoARun -> 信息:   started user thread for Warehouse 27
1月 02, 2026 6:52:59 下午 spec.jbb.JBBmain DoARun -> 信息:   started user thread for Warehouse 28
1月 02, 2026 6:52:59 下午 spec.jbb.JBBmain DoARun -> 信息:   started user thread for Warehouse 29
1月 02, 2026 6:52:59 下午 spec.jbb.JBBmain DoARun -> 信息:   started user thread for Warehouse 30
1月 02, 2026 6:52:59 下午 spec.jbb.JBBmain DoARun -> 信息:   started user thread for Warehouse 31
1月 02, 2026 6:52:59 下午 spec.jbb.JBBmain DoARun -> 信息:   started user thread for Warehouse 32
1月 02, 2026 6:52:59 下午 spec.jbb.JBBmain DoARun -> 信息:   started user thread for Warehouse 33
1月 02, 2026 6:52:59 下午 spec.jbb.JBBmain DoARun -> 信息:   started user thread for Warehouse 34
1月 02, 2026 6:52:59 下午 spec.jbb.JBBmain DoARun -> 信息:   started user thread for Warehouse 35
1月 02, 2026 6:52:59 下午 spec.jbb.JBBmain DoARun -> 信息:   started user thread for Warehouse 36
1月 02, 2026 6:52:59 下午 spec.jbb.JBBmain DoARun -> 信息:   started user thread for Warehouse 37
1月 02, 2026 6:52:59 下午 spec.jbb.JBBmain DoARun -> 信息:   started user thread for Warehouse 38
1月 02, 2026 6:52:59 下午 spec.jbb.JBBmain DoARun -> 信息:   started user thread for Warehouse 39
1月 02, 2026 6:52:59 下午 spec.jbb.JBBmain DoARun -> 信息:   started user thread for Warehouse 40
1月 02, 2026 6:52:59 下午 spec.jbb.JBBmain DoARun -> 信息:   started user thread for Warehouse 41
1月 02, 2026 6:52:59 下午 spec.jbb.JBBmain DoARun -> 信息:   started user thread for Warehouse 42
1月 02, 2026 6:52:59 下午 spec.jbb.JBBmain DoARun -> 信息:   started user thread for Warehouse 43
1月 02, 2026 6:52:59 下午 spec.jbb.JBBmain DoARun -> 信息:   started user thread for Warehouse 44
1月 02, 2026 6:52:59 下午 spec.jbb.JBBmain DoARun -> 信息:   started user thread for Warehouse 45
1月 02, 2026 6:52:59 下午 spec.jbb.JBBmain DoARun -> 信息:   started user thread for Warehouse 46
1月 02, 2026 6:52:59 下午 spec.jbb.JBBmain DoARun -> 信息:   started user thread for Warehouse 47
1月 02, 2026 6:52:59 下午 spec.jbb.JBBmain DoARun -> 信息:   started user thread for Warehouse 48
1月 02, 2026 6:52:59 下午 spec.jbb.JBBmain DoARun -> 信息:   started user thread for Warehouse 49
1月 02, 2026 6:52:59 下午 spec.jbb.JBBmain DoARun -> 信息:   started user thread for Warehouse 50
1月 02, 2026 6:52:59 下午 spec.jbb.JBBmain DoARun -> 信息:   started user thread for Warehouse 51
1月 02, 2026 6:52:59 下午 spec.jbb.JBBmain DoARun -> 信息:   started user thread for Warehouse 52
1月 02, 2026 6:52:59 下午 spec.jbb.JBBmain DoARun -> 信息:   started user thread for Warehouse 53
1月 02, 2026 6:52:59 下午 spec.jbb.JBBmain DoARun -> 信息:   started user thread for Warehouse 54
1月 02, 2026 6:52:59 下午 spec.jbb.JBBmain DoARun -> 信息:   started user thread for Warehouse 55
1月 02, 2026 6:52:59 下午 spec.jbb.JBBmain DoARun -> 信息:   started user thread for Warehouse 56
1月 02, 2026 6:52:59 下午 spec.jbb.JBBmain DoARun -> 信息:   started user thread for Warehouse 57
1月 02, 2026 6:52:59 下午 spec.jbb.JBBmain DoARun -> 信息:   started user thread for Warehouse 58
1月 02, 2026 6:52:59 下午 spec.jbb.JBBmain DoARun -> 信息:   started user thread for Warehouse 59
1月 02, 2026 6:52:59 下午 spec.jbb.JBBmain DoARun -> 信息:   started user thread for Warehouse 60
1月 02, 2026 6:52:59 下午 spec.jbb.JBBmain DoARun -> 信息:   started user thread for Warehouse 61
1月 02, 2026 6:52:59 下午 spec.jbb.JBBmain DoARun -> 信息:   started user thread for Warehouse 62
1月 02, 2026 6:52:59 下午 spec.jbb.JBBmain DoARun -> 信息:   started user thread for Warehouse 63
1月 02, 2026 6:52:59 下午 spec.jbb.JBBmain DoARun -> 信息:   started user thread for Warehouse 64
1月 02, 2026 6:52:59 下午 spec.jbb.JBBmain DoARun -> 信息:   started user thread for Warehouse 65
1月 02, 2026 6:52:59 下午 spec.jbb.Company displayResultTotals -> 信息: Timing Measurement began Fri Jan 02 18:52:59 CST 2026 for 4 minutes
1月 02, 2026 6:56:59 下午 spec.jbb.Company displayResultTotals -> 信息: Timing Measurement ended Fri Jan 02 18:56:59 CST 2026
1月 02, 2026 6:56:59 下午 spec.jbb.Company primeWithDummyData -> 信息: Loading Warehouse 66...
1月 02, 2026 6:57:00 下午 spec.jbb.JBBmain DoARun -> 信息: Start User Threads
1月 02, 2026 6:57:00 下午 spec.jbb.JBBmain DoARun -> 信息:   started user thread for Warehouse 1
1月 02, 2026 6:57:00 下午 spec.jbb.JBBmain DoARun -> 信息:   started user thread for Warehouse 2
1月 02, 2026 6:57:00 下午 spec.jbb.JBBmain DoARun -> 信息:   started user thread for Warehouse 3
1月 02, 2026 6:57:00 下午 spec.jbb.JBBmain DoARun -> 信息:   started user thread for Warehouse 4
1月 02, 2026 6:57:00 下午 spec.jbb.JBBmain DoARun -> 信息:   started user thread for Warehouse 5
1月 02, 2026 6:57:00 下午 spec.jbb.JBBmain DoARun -> 信息:   started user thread for Warehouse 6
1月 02, 2026 6:57:00 下午 spec.jbb.JBBmain DoARun -> 信息:   started user thread for Warehouse 7
1月 02, 2026 6:57:00 下午 spec.jbb.JBBmain DoARun -> 信息:   started user thread for Warehouse 8
1月 02, 2026 6:57:00 下午 spec.jbb.JBBmain DoARun -> 信息:   started user thread for Warehouse 9
1月 02, 2026 6:57:00 下午 spec.jbb.JBBmain DoARun -> 信息:   started user thread for Warehouse 10
1月 02, 2026 6:57:00 下午 spec.jbb.JBBmain DoARun -> 信息:   started user thread for Warehouse 11
1月 02, 2026 6:57:00 下午 spec.jbb.JBBmain DoARun -> 信息:   started user thread for Warehouse 12
1月 02, 2026 6:57:00 下午 spec.jbb.JBBmain DoARun -> 信息:   started user thread for Warehouse 13
1月 02, 2026 6:57:00 下午 spec.jbb.JBBmain DoARun -> 信息:   started user thread for Warehouse 14
1月 02, 2026 6:57:00 下午 spec.jbb.JBBmain DoARun -> 信息:   started user thread for Warehouse 15
1月 02, 2026 6:57:00 下午 spec.jbb.JBBmain DoARun -> 信息:   started user thread for Warehouse 16
1月 02, 2026 6:57:00 下午 spec.jbb.JBBmain DoARun -> 信息:   started user thread for Warehouse 17
1月 02, 2026 6:57:00 下午 spec.jbb.JBBmain DoARun -> 信息:   started user thread for Warehouse 18
1月 02, 2026 6:57:00 下午 spec.jbb.JBBmain DoARun -> 信息:   started user thread for Warehouse 19
1月 02, 2026 6:57:00 下午 spec.jbb.JBBmain DoARun -> 信息:   started user thread for Warehouse 20
1月 02, 2026 6:57:00 下午 spec.jbb.JBBmain DoARun -> 信息:   started user thread for Warehouse 21
1月 02, 2026 6:57:00 下午 spec.jbb.JBBmain DoARun -> 信息:   started user thread for Warehouse 22
1月 02, 2026 6:57:00 下午 spec.jbb.JBBmain DoARun -> 信息:   started user thread for Warehouse 23
1月 02, 2026 6:57:00 下午 spec.jbb.JBBmain DoARun -> 信息:   started user thread for Warehouse 24
1月 02, 2026 6:57:00 下午 spec.jbb.JBBmain DoARun -> 信息:   started user thread for Warehouse 25
1月 02, 2026 6:57:00 下午 spec.jbb.JBBmain DoARun -> 信息:   started user thread for Warehouse 26
1月 02, 2026 6:57:00 下午 spec.jbb.JBBmain DoARun -> 信息:   started user thread for Warehouse 27
1月 02, 2026 6:57:00 下午 spec.jbb.JBBmain DoARun -> 信息:   started user thread for Warehouse 28
1月 02, 2026 6:57:00 下午 spec.jbb.JBBmain DoARun -> 信息:   started user thread for Warehouse 29
1月 02, 2026 6:57:00 下午 spec.jbb.JBBmain DoARun -> 信息:   started user thread for Warehouse 30
1月 02, 2026 6:57:00 下午 spec.jbb.JBBmain DoARun -> 信息:   started user thread for Warehouse 31
1月 02, 2026 6:57:00 下午 spec.jbb.JBBmain DoARun -> 信息:   started user thread for Warehouse 32
1月 02, 2026 6:57:00 下午 spec.jbb.JBBmain DoARun -> 信息:   started user thread for Warehouse 33
1月 02, 2026 6:57:00 下午 spec.jbb.JBBmain DoARun -> 信息:   started user thread for Warehouse 34
1月 02, 2026 6:57:00 下午 spec.jbb.JBBmain DoARun -> 信息:   started user thread for Warehouse 35
1月 02, 2026 6:57:00 下午 spec.jbb.JBBmain DoARun -> 信息:   started user thread for Warehouse 36
1月 02, 2026 6:57:00 下午 spec.jbb.JBBmain DoARun -> 信息:   started user thread for Warehouse 37
1月 02, 2026 6:57:00 下午 spec.jbb.JBBmain DoARun -> 信息:   started user thread for Warehouse 38
1月 02, 2026 6:57:00 下午 spec.jbb.JBBmain DoARun -> 信息:   started user thread for Warehouse 39
1月 02, 2026 6:57:00 下午 spec.jbb.JBBmain DoARun -> 信息:   started user thread for Warehouse 40
1月 02, 2026 6:57:00 下午 spec.jbb.JBBmain DoARun -> 信息:   started user thread for Warehouse 41
1月 02, 2026 6:57:00 下午 spec.jbb.JBBmain DoARun -> 信息:   started user thread for Warehouse 42
1月 02, 2026 6:57:00 下午 spec.jbb.JBBmain DoARun -> 信息:   started user thread for Warehouse 43
1月 02, 2026 6:57:00 下午 spec.jbb.JBBmain DoARun -> 信息:   started user thread for Warehouse 44
1月 02, 2026 6:57:00 下午 spec.jbb.JBBmain DoARun -> 信息:   started user thread for Warehouse 45
1月 02, 2026 6:57:00 下午 spec.jbb.JBBmain DoARun -> 信息:   started user thread for Warehouse 46
1月 02, 2026 6:57:00 下午 spec.jbb.JBBmain DoARun -> 信息:   started user thread for Warehouse 47
1月 02, 2026 6:57:00 下午 spec.jbb.JBBmain DoARun -> 信息:   started user thread for Warehouse 48
1月 02, 2026 6:57:00 下午 spec.jbb.JBBmain DoARun -> 信息:   started user thread for Warehouse 49
1月 02, 2026 6:57:00 下午 spec.jbb.JBBmain DoARun -> 信息:   started user thread for Warehouse 50
1月 02, 2026 6:57:00 下午 spec.jbb.JBBmain DoARun -> 信息:   started user thread for Warehouse 51
1月 02, 2026 6:57:00 下午 spec.jbb.JBBmain DoARun -> 信息:   started user thread for Warehouse 52
1月 02, 2026 6:57:00 下午 spec.jbb.JBBmain DoARun -> 信息:   started user thread for Warehouse 53
1月 02, 2026 6:57:00 下午 spec.jbb.JBBmain DoARun -> 信息:   started user thread for Warehouse 54
1月 02, 2026 6:57:00 下午 spec.jbb.JBBmain DoARun -> 信息:   started user thread for Warehouse 55
1月 02, 2026 6:57:00 下午 spec.jbb.JBBmain DoARun -> 信息:   started user thread for Warehouse 56
1月 02, 2026 6:57:00 下午 spec.jbb.JBBmain DoARun -> 信息:   started user thread for Warehouse 57
1月 02, 2026 6:57:00 下午 spec.jbb.JBBmain DoARun -> 信息:   started user thread for Warehouse 58
1月 02, 2026 6:57:00 下午 spec.jbb.JBBmain DoARun -> 信息:   started user thread for Warehouse 59
1月 02, 2026 6:57:00 下午 spec.jbb.JBBmain DoARun -> 信息:   started user thread for Warehouse 60
1月 02, 2026 6:57:00 下午 spec.jbb.JBBmain DoARun -> 信息:   started user thread for Warehouse 61
1月 02, 2026 6:57:00 下午 spec.jbb.JBBmain DoARun -> 信息:   started user thread for Warehouse 62
1月 02, 2026 6:57:00 下午 spec.jbb.JBBmain DoARun -> 信息:   started user thread for Warehouse 63
1月 02, 2026 6:57:00 下午 spec.jbb.JBBmain DoARun -> 信息:   started user thread for Warehouse 64
1月 02, 2026 6:57:00 下午 spec.jbb.JBBmain DoARun -> 信息:   started user thread for Warehouse 65
1月 02, 2026 6:57:00 下午 spec.jbb.JBBmain DoARun -> 信息:   started user thread for Warehouse 66
1月 02, 2026 6:57:00 下午 spec.jbb.Company displayResultTotals -> 信息: Timing Measurement began Fri Jan 02 18:57:00 CST 2026 for 4 minutes
1月 02, 2026 7:01:00 下午 spec.jbb.Company displayResultTotals -> 信息: Timing Measurement ended Fri Jan 02 19:01:00 CST 2026
1月 02, 2026 7:01:00 下午 spec.jbb.Company primeWithDummyData -> 信息: Loading Warehouse 67...
1月 02, 2026 7:01:00 下午 spec.jbb.JBBmain DoARun -> 信息: Start User Threads
1月 02, 2026 7:01:00 下午 spec.jbb.JBBmain DoARun -> 信息:   started user thread for Warehouse 1
1月 02, 2026 7:01:00 下午 spec.jbb.JBBmain DoARun -> 信息:   started user thread for Warehouse 2
1月 02, 2026 7:01:00 下午 spec.jbb.JBBmain DoARun -> 信息:   started user thread for Warehouse 3
1月 02, 2026 7:01:00 下午 spec.jbb.JBBmain DoARun -> 信息:   started user thread for Warehouse 4
1月 02, 2026 7:01:00 下午 spec.jbb.JBBmain DoARun -> 信息:   started user thread for Warehouse 5
1月 02, 2026 7:01:00 下午 spec.jbb.JBBmain DoARun -> 信息:   started user thread for Warehouse 6
1月 02, 2026 7:01:00 下午 spec.jbb.JBBmain DoARun -> 信息:   started user thread for Warehouse 7
1月 02, 2026 7:01:00 下午 spec.jbb.JBBmain DoARun -> 信息:   started user thread for Warehouse 8
1月 02, 2026 7:01:00 下午 spec.jbb.JBBmain DoARun -> 信息:   started user thread for Warehouse 9
1月 02, 2026 7:01:00 下午 spec.jbb.JBBmain DoARun -> 信息:   started user thread for Warehouse 10
1月 02, 2026 7:01:00 下午 spec.jbb.JBBmain DoARun -> 信息:   started user thread for Warehouse 11
1月 02, 2026 7:01:00 下午 spec.jbb.JBBmain DoARun -> 信息:   started user thread for Warehouse 12
1月 02, 2026 7:01:00 下午 spec.jbb.JBBmain DoARun -> 信息:   started user thread for Warehouse 13
1月 02, 2026 7:01:00 下午 spec.jbb.JBBmain DoARun -> 信息:   started user thread for Warehouse 14
1月 02, 2026 7:01:00 下午 spec.jbb.JBBmain DoARun -> 信息:   started user thread for Warehouse 15
1月 02, 2026 7:01:00 下午 spec.jbb.JBBmain DoARun -> 信息:   started user thread for Warehouse 16
1月 02, 2026 7:01:00 下午 spec.jbb.JBBmain DoARun -> 信息:   started user thread for Warehouse 17
1月 02, 2026 7:01:00 下午 spec.jbb.JBBmain DoARun -> 信息:   started user thread for Warehouse 18
1月 02, 2026 7:01:00 下午 spec.jbb.JBBmain DoARun -> 信息:   started user thread for Warehouse 19
1月 02, 2026 7:01:00 下午 spec.jbb.JBBmain DoARun -> 信息:   started user thread for Warehouse 20
1月 02, 2026 7:01:00 下午 spec.jbb.JBBmain DoARun -> 信息:   started user thread for Warehouse 21
1月 02, 2026 7:01:00 下午 spec.jbb.JBBmain DoARun -> 信息:   started user thread for Warehouse 22
1月 02, 2026 7:01:00 下午 spec.jbb.JBBmain DoARun -> 信息:   started user thread for Warehouse 23
1月 02, 2026 7:01:00 下午 spec.jbb.JBBmain DoARun -> 信息:   started user thread for Warehouse 24
1月 02, 2026 7:01:00 下午 spec.jbb.JBBmain DoARun -> 信息:   started user thread for Warehouse 25
1月 02, 2026 7:01:00 下午 spec.jbb.JBBmain DoARun -> 信息:   started user thread for Warehouse 26
1月 02, 2026 7:01:00 下午 spec.jbb.JBBmain DoARun -> 信息:   started user thread for Warehouse 27
1月 02, 2026 7:01:00 下午 spec.jbb.JBBmain DoARun -> 信息:   started user thread for Warehouse 28
1月 02, 2026 7:01:00 下午 spec.jbb.JBBmain DoARun -> 信息:   started user thread for Warehouse 29
1月 02, 2026 7:01:00 下午 spec.jbb.JBBmain DoARun -> 信息:   started user thread for Warehouse 30
1月 02, 2026 7:01:00 下午 spec.jbb.JBBmain DoARun -> 信息:   started user thread for Warehouse 31
1月 02, 2026 7:01:00 下午 spec.jbb.JBBmain DoARun -> 信息:   started user thread for Warehouse 32
1月 02, 2026 7:01:00 下午 spec.jbb.JBBmain DoARun -> 信息:   started user thread for Warehouse 33
1月 02, 2026 7:01:00 下午 spec.jbb.JBBmain DoARun -> 信息:   started user thread for Warehouse 34
1月 02, 2026 7:01:00 下午 spec.jbb.JBBmain DoARun -> 信息:   started user thread for Warehouse 35
1月 02, 2026 7:01:00 下午 spec.jbb.JBBmain DoARun -> 信息:   started user thread for Warehouse 36
1月 02, 2026 7:01:00 下午 spec.jbb.JBBmain DoARun -> 信息:   started user thread for Warehouse 37
1月 02, 2026 7:01:00 下午 spec.jbb.JBBmain DoARun -> 信息:   started user thread for Warehouse 38
1月 02, 2026 7:01:00 下午 spec.jbb.JBBmain DoARun -> 信息:   started user thread for Warehouse 39
1月 02, 2026 7:01:00 下午 spec.jbb.JBBmain DoARun -> 信息:   started user thread for Warehouse 40
1月 02, 2026 7:01:00 下午 spec.jbb.JBBmain DoARun -> 信息:   started user thread for Warehouse 41
1月 02, 2026 7:01:00 下午 spec.jbb.JBBmain DoARun -> 信息:   started user thread for Warehouse 42
1月 02, 2026 7:01:00 下午 spec.jbb.JBBmain DoARun -> 信息:   started user thread for Warehouse 43
1月 02, 2026 7:01:00 下午 spec.jbb.JBBmain DoARun -> 信息:   started user thread for Warehouse 44
1月 02, 2026 7:01:00 下午 spec.jbb.JBBmain DoARun -> 信息:   started user thread for Warehouse 45
1月 02, 2026 7:01:00 下午 spec.jbb.JBBmain DoARun -> 信息:   started user thread for Warehouse 46
1月 02, 2026 7:01:00 下午 spec.jbb.JBBmain DoARun -> 信息:   started user thread for Warehouse 47
1月 02, 2026 7:01:00 下午 spec.jbb.JBBmain DoARun -> 信息:   started user thread for Warehouse 48
1月 02, 2026 7:01:00 下午 spec.jbb.JBBmain DoARun -> 信息:   started user thread for Warehouse 49
1月 02, 2026 7:01:00 下午 spec.jbb.JBBmain DoARun -> 信息:   started user thread for Warehouse 50
1月 02, 2026 7:01:00 下午 spec.jbb.JBBmain DoARun -> 信息:   started user thread for Warehouse 51
1月 02, 2026 7:01:00 下午 spec.jbb.JBBmain DoARun -> 信息:   started user thread for Warehouse 52
1月 02, 2026 7:01:00 下午 spec.jbb.JBBmain DoARun -> 信息:   started user thread for Warehouse 53
1月 02, 2026 7:01:00 下午 spec.jbb.JBBmain DoARun -> 信息:   started user thread for Warehouse 54
1月 02, 2026 7:01:00 下午 spec.jbb.JBBmain DoARun -> 信息:   started user thread for Warehouse 55
1月 02, 2026 7:01:00 下午 spec.jbb.JBBmain DoARun -> 信息:   started user thread for Warehouse 56
1月 02, 2026 7:01:00 下午 spec.jbb.JBBmain DoARun -> 信息:   started user thread for Warehouse 57
1月 02, 2026 7:01:00 下午 spec.jbb.JBBmain DoARun -> 信息:   started user thread for Warehouse 58
1月 02, 2026 7:01:00 下午 spec.jbb.JBBmain DoARun -> 信息:   started user thread for Warehouse 59
1月 02, 2026 7:01:00 下午 spec.jbb.JBBmain DoARun -> 信息:   started user thread for Warehouse 60
1月 02, 2026 7:01:00 下午 spec.jbb.JBBmain DoARun -> 信息:   started user thread for Warehouse 61
1月 02, 2026 7:01:00 下午 spec.jbb.JBBmain DoARun -> 信息:   started user thread for Warehouse 62
1月 02, 2026 7:01:00 下午 spec.jbb.JBBmain DoARun -> 信息:   started user thread for Warehouse 63
1月 02, 2026 7:01:00 下午 spec.jbb.JBBmain DoARun -> 信息:   started user thread for Warehouse 64
1月 02, 2026 7:01:00 下午 spec.jbb.JBBmain DoARun -> 信息:   started user thread for Warehouse 65
1月 02, 2026 7:01:00 下午 spec.jbb.JBBmain DoARun -> 信息:   started user thread for Warehouse 66
1月 02, 2026 7:01:00 下午 spec.jbb.JBBmain DoARun -> 信息:   started user thread for Warehouse 67
1月 02, 2026 7:01:00 下午 spec.jbb.Company displayResultTotals -> 信息: Timing Measurement began Fri Jan 02 19:01:00 CST 2026 for 4 minutes
1月 02, 2026 7:05:00 下午 spec.jbb.Company displayResultTotals -> 信息: Timing Measurement ended Fri Jan 02 19:05:00 CST 2026
1月 02, 2026 7:05:00 下午 spec.jbb.Company primeWithDummyData -> 信息: Loading Warehouse 68...
1月 02, 2026 7:05:00 下午 spec.jbb.JBBmain DoARun -> 信息: Start User Threads
1月 02, 2026 7:05:00 下午 spec.jbb.JBBmain DoARun -> 信息:   started user thread for Warehouse 1
1月 02, 2026 7:05:00 下午 spec.jbb.JBBmain DoARun -> 信息:   started user thread for Warehouse 2
1月 02, 2026 7:05:00 下午 spec.jbb.JBBmain DoARun -> 信息:   started user thread for Warehouse 3
1月 02, 2026 7:05:00 下午 spec.jbb.JBBmain DoARun -> 信息:   started user thread for Warehouse 4
1月 02, 2026 7:05:00 下午 spec.jbb.JBBmain DoARun -> 信息:   started user thread for Warehouse 5
1月 02, 2026 7:05:00 下午 spec.jbb.JBBmain DoARun -> 信息:   started user thread for Warehouse 6
1月 02, 2026 7:05:00 下午 spec.jbb.JBBmain DoARun -> 信息:   started user thread for Warehouse 7
1月 02, 2026 7:05:00 下午 spec.jbb.JBBmain DoARun -> 信息:   started user thread for Warehouse 8
1月 02, 2026 7:05:00 下午 spec.jbb.JBBmain DoARun -> 信息:   started user thread for Warehouse 9
1月 02, 2026 7:05:00 下午 spec.jbb.JBBmain DoARun -> 信息:   started user thread for Warehouse 10
1月 02, 2026 7:05:00 下午 spec.jbb.JBBmain DoARun -> 信息:   started user thread for Warehouse 11
1月 02, 2026 7:05:00 下午 spec.jbb.JBBmain DoARun -> 信息:   started user thread for Warehouse 12
1月 02, 2026 7:05:00 下午 spec.jbb.JBBmain DoARun -> 信息:   started user thread for Warehouse 13
1月 02, 2026 7:05:00 下午 spec.jbb.JBBmain DoARun -> 信息:   started user thread for Warehouse 14
1月 02, 2026 7:05:00 下午 spec.jbb.JBBmain DoARun -> 信息:   started user thread for Warehouse 15
1月 02, 2026 7:05:00 下午 spec.jbb.JBBmain DoARun -> 信息:   started user thread for Warehouse 16
1月 02, 2026 7:05:00 下午 spec.jbb.JBBmain DoARun -> 信息:   started user thread for Warehouse 17
1月 02, 2026 7:05:00 下午 spec.jbb.JBBmain DoARun -> 信息:   started user thread for Warehouse 18
1月 02, 2026 7:05:00 下午 spec.jbb.JBBmain DoARun -> 信息:   started user thread for Warehouse 19
1月 02, 2026 7:05:00 下午 spec.jbb.JBBmain DoARun -> 信息:   started user thread for Warehouse 20
1月 02, 2026 7:05:00 下午 spec.jbb.JBBmain DoARun -> 信息:   started user thread for Warehouse 21
1月 02, 2026 7:05:00 下午 spec.jbb.JBBmain DoARun -> 信息:   started user thread for Warehouse 22
1月 02, 2026 7:05:00 下午 spec.jbb.JBBmain DoARun -> 信息:   started user thread for Warehouse 23
1月 02, 2026 7:05:00 下午 spec.jbb.JBBmain DoARun -> 信息:   started user thread for Warehouse 24
1月 02, 2026 7:05:00 下午 spec.jbb.JBBmain DoARun -> 信息:   started user thread for Warehouse 25
1月 02, 2026 7:05:00 下午 spec.jbb.JBBmain DoARun -> 信息:   started user thread for Warehouse 26
1月 02, 2026 7:05:00 下午 spec.jbb.JBBmain DoARun -> 信息:   started user thread for Warehouse 27
1月 02, 2026 7:05:00 下午 spec.jbb.JBBmain DoARun -> 信息:   started user thread for Warehouse 28
1月 02, 2026 7:05:00 下午 spec.jbb.JBBmain DoARun -> 信息:   started user thread for Warehouse 29
1月 02, 2026 7:05:00 下午 spec.jbb.JBBmain DoARun -> 信息:   started user thread for Warehouse 30
1月 02, 2026 7:05:00 下午 spec.jbb.JBBmain DoARun -> 信息:   started user thread for Warehouse 31
1月 02, 2026 7:05:00 下午 spec.jbb.JBBmain DoARun -> 信息:   started user thread for Warehouse 32
1月 02, 2026 7:05:00 下午 spec.jbb.JBBmain DoARun -> 信息:   started user thread for Warehouse 33
1月 02, 2026 7:05:00 下午 spec.jbb.JBBmain DoARun -> 信息:   started user thread for Warehouse 34
1月 02, 2026 7:05:00 下午 spec.jbb.JBBmain DoARun -> 信息:   started user thread for Warehouse 35
1月 02, 2026 7:05:00 下午 spec.jbb.JBBmain DoARun -> 信息:   started user thread for Warehouse 36
1月 02, 2026 7:05:00 下午 spec.jbb.JBBmain DoARun -> 信息:   started user thread for Warehouse 37
1月 02, 2026 7:05:00 下午 spec.jbb.JBBmain DoARun -> 信息:   started user thread for Warehouse 38
1月 02, 2026 7:05:00 下午 spec.jbb.JBBmain DoARun -> 信息:   started user thread for Warehouse 39
1月 02, 2026 7:05:00 下午 spec.jbb.JBBmain DoARun -> 信息:   started user thread for Warehouse 40
1月 02, 2026 7:05:00 下午 spec.jbb.JBBmain DoARun -> 信息:   started user thread for Warehouse 41
1月 02, 2026 7:05:00 下午 spec.jbb.JBBmain DoARun -> 信息:   started user thread for Warehouse 42
1月 02, 2026 7:05:00 下午 spec.jbb.JBBmain DoARun -> 信息:   started user thread for Warehouse 43
1月 02, 2026 7:05:00 下午 spec.jbb.JBBmain DoARun -> 信息:   started user thread for Warehouse 44
1月 02, 2026 7:05:00 下午 spec.jbb.JBBmain DoARun -> 信息:   started user thread for Warehouse 45
1月 02, 2026 7:05:00 下午 spec.jbb.JBBmain DoARun -> 信息:   started user thread for Warehouse 46
1月 02, 2026 7:05:00 下午 spec.jbb.JBBmain DoARun -> 信息:   started user thread for Warehouse 47
1月 02, 2026 7:05:00 下午 spec.jbb.JBBmain DoARun -> 信息:   started user thread for Warehouse 48
1月 02, 2026 7:05:00 下午 spec.jbb.JBBmain DoARun -> 信息:   started user thread for Warehouse 49
1月 02, 2026 7:05:00 下午 spec.jbb.JBBmain DoARun -> 信息:   started user thread for Warehouse 50
1月 02, 2026 7:05:00 下午 spec.jbb.JBBmain DoARun -> 信息:   started user thread for Warehouse 51
1月 02, 2026 7:05:00 下午 spec.jbb.JBBmain DoARun -> 信息:   started user thread for Warehouse 52
1月 02, 2026 7:05:00 下午 spec.jbb.JBBmain DoARun -> 信息:   started user thread for Warehouse 53
1月 02, 2026 7:05:00 下午 spec.jbb.JBBmain DoARun -> 信息:   started user thread for Warehouse 54
1月 02, 2026 7:05:00 下午 spec.jbb.JBBmain DoARun -> 信息:   started user thread for Warehouse 55
1月 02, 2026 7:05:00 下午 spec.jbb.JBBmain DoARun -> 信息:   started user thread for Warehouse 56
1月 02, 2026 7:05:00 下午 spec.jbb.JBBmain DoARun -> 信息:   started user thread for Warehouse 57
1月 02, 2026 7:05:00 下午 spec.jbb.JBBmain DoARun -> 信息:   started user thread for Warehouse 58
1月 02, 2026 7:05:00 下午 spec.jbb.JBBmain DoARun -> 信息:   started user thread for Warehouse 59
1月 02, 2026 7:05:00 下午 spec.jbb.JBBmain DoARun -> 信息:   started user thread for Warehouse 60
1月 02, 2026 7:05:00 下午 spec.jbb.JBBmain DoARun -> 信息:   started user thread for Warehouse 61
1月 02, 2026 7:05:00 下午 spec.jbb.JBBmain DoARun -> 信息:   started user thread for Warehouse 62
1月 02, 2026 7:05:00 下午 spec.jbb.JBBmain DoARun -> 信息:   started user thread for Warehouse 63
1月 02, 2026 7:05:00 下午 spec.jbb.JBBmain DoARun -> 信息:   started user thread for Warehouse 64
1月 02, 2026 7:05:00 下午 spec.jbb.JBBmain DoARun -> 信息:   started user thread for Warehouse 65
1月 02, 2026 7:05:00 下午 spec.jbb.JBBmain DoARun -> 信息:   started user thread for Warehouse 66
1月 02, 2026 7:05:00 下午 spec.jbb.JBBmain DoARun -> 信息:   started user thread for Warehouse 67
1月 02, 2026 7:05:00 下午 spec.jbb.JBBmain DoARun -> 信息:   started user thread for Warehouse 68
1月 02, 2026 7:05:00 下午 spec.jbb.Company displayResultTotals -> 信息: Timing Measurement began Fri Jan 02 19:05:00 CST 2026 for 4 minutes
1月 02, 2026 7:09:00 下午 spec.jbb.Company displayResultTotals -> 信息: Timing Measurement ended Fri Jan 02 19:09:00 CST 2026
1月 02, 2026 7:09:00 下午 spec.jbb.Company primeWithDummyData -> 信息: Loading Warehouse 69...
1月 02, 2026 7:09:01 下午 spec.jbb.JBBmain DoARun -> 信息: Start User Threads
1月 02, 2026 7:09:01 下午 spec.jbb.JBBmain DoARun -> 信息:   started user thread for Warehouse 1
1月 02, 2026 7:09:01 下午 spec.jbb.JBBmain DoARun -> 信息:   started user thread for Warehouse 2
1月 02, 2026 7:09:01 下午 spec.jbb.JBBmain DoARun -> 信息:   started user thread for Warehouse 3
1月 02, 2026 7:09:01 下午 spec.jbb.JBBmain DoARun -> 信息:   started user thread for Warehouse 4
1月 02, 2026 7:09:01 下午 spec.jbb.JBBmain DoARun -> 信息:   started user thread for Warehouse 5
1月 02, 2026 7:09:01 下午 spec.jbb.JBBmain DoARun -> 信息:   started user thread for Warehouse 6
1月 02, 2026 7:09:01 下午 spec.jbb.JBBmain DoARun -> 信息:   started user thread for Warehouse 7
1月 02, 2026 7:09:01 下午 spec.jbb.JBBmain DoARun -> 信息:   started user thread for Warehouse 8
1月 02, 2026 7:09:01 下午 spec.jbb.JBBmain DoARun -> 信息:   started user thread for Warehouse 9
1月 02, 2026 7:09:01 下午 spec.jbb.JBBmain DoARun -> 信息:   started user thread for Warehouse 10
1月 02, 2026 7:09:01 下午 spec.jbb.JBBmain DoARun -> 信息:   started user thread for Warehouse 11
1月 02, 2026 7:09:01 下午 spec.jbb.JBBmain DoARun -> 信息:   started user thread for Warehouse 12
1月 02, 2026 7:09:01 下午 spec.jbb.JBBmain DoARun -> 信息:   started user thread for Warehouse 13
1月 02, 2026 7:09:01 下午 spec.jbb.JBBmain DoARun -> 信息:   started user thread for Warehouse 14
1月 02, 2026 7:09:01 下午 spec.jbb.JBBmain DoARun -> 信息:   started user thread for Warehouse 15
1月 02, 2026 7:09:01 下午 spec.jbb.JBBmain DoARun -> 信息:   started user thread for Warehouse 16
1月 02, 2026 7:09:01 下午 spec.jbb.JBBmain DoARun -> 信息:   started user thread for Warehouse 17
1月 02, 2026 7:09:01 下午 spec.jbb.JBBmain DoARun -> 信息:   started user thread for Warehouse 18
1月 02, 2026 7:09:01 下午 spec.jbb.JBBmain DoARun -> 信息:   started user thread for Warehouse 19
1月 02, 2026 7:09:01 下午 spec.jbb.JBBmain DoARun -> 信息:   started user thread for Warehouse 20
1月 02, 2026 7:09:01 下午 spec.jbb.JBBmain DoARun -> 信息:   started user thread for Warehouse 21
1月 02, 2026 7:09:01 下午 spec.jbb.JBBmain DoARun -> 信息:   started user thread for Warehouse 22
1月 02, 2026 7:09:01 下午 spec.jbb.JBBmain DoARun -> 信息:   started user thread for Warehouse 23
1月 02, 2026 7:09:01 下午 spec.jbb.JBBmain DoARun -> 信息:   started user thread for Warehouse 24
1月 02, 2026 7:09:01 下午 spec.jbb.JBBmain DoARun -> 信息:   started user thread for Warehouse 25
1月 02, 2026 7:09:01 下午 spec.jbb.JBBmain DoARun -> 信息:   started user thread for Warehouse 26
1月 02, 2026 7:09:01 下午 spec.jbb.JBBmain DoARun -> 信息:   started user thread for Warehouse 27
1月 02, 2026 7:09:01 下午 spec.jbb.JBBmain DoARun -> 信息:   started user thread for Warehouse 28
1月 02, 2026 7:09:01 下午 spec.jbb.JBBmain DoARun -> 信息:   started user thread for Warehouse 29
1月 02, 2026 7:09:01 下午 spec.jbb.JBBmain DoARun -> 信息:   started user thread for Warehouse 30
1月 02, 2026 7:09:01 下午 spec.jbb.JBBmain DoARun -> 信息:   started user thread for Warehouse 31
1月 02, 2026 7:09:01 下午 spec.jbb.JBBmain DoARun -> 信息:   started user thread for Warehouse 32
1月 02, 2026 7:09:01 下午 spec.jbb.JBBmain DoARun -> 信息:   started user thread for Warehouse 33
1月 02, 2026 7:09:01 下午 spec.jbb.JBBmain DoARun -> 信息:   started user thread for Warehouse 34
1月 02, 2026 7:09:01 下午 spec.jbb.JBBmain DoARun -> 信息:   started user thread for Warehouse 35
1月 02, 2026 7:09:01 下午 spec.jbb.JBBmain DoARun -> 信息:   started user thread for Warehouse 36
1月 02, 2026 7:09:01 下午 spec.jbb.JBBmain DoARun -> 信息:   started user thread for Warehouse 37
1月 02, 2026 7:09:01 下午 spec.jbb.JBBmain DoARun -> 信息:   started user thread for Warehouse 38
1月 02, 2026 7:09:01 下午 spec.jbb.JBBmain DoARun -> 信息:   started user thread for Warehouse 39
1月 02, 2026 7:09:01 下午 spec.jbb.JBBmain DoARun -> 信息:   started user thread for Warehouse 40
1月 02, 2026 7:09:01 下午 spec.jbb.JBBmain DoARun -> 信息:   started user thread for Warehouse 41
1月 02, 2026 7:09:01 下午 spec.jbb.JBBmain DoARun -> 信息:   started user thread for Warehouse 42
1月 02, 2026 7:09:01 下午 spec.jbb.JBBmain DoARun -> 信息:   started user thread for Warehouse 43
1月 02, 2026 7:09:01 下午 spec.jbb.JBBmain DoARun -> 信息:   started user thread for Warehouse 44
1月 02, 2026 7:09:01 下午 spec.jbb.JBBmain DoARun -> 信息:   started user thread for Warehouse 45
1月 02, 2026 7:09:01 下午 spec.jbb.JBBmain DoARun -> 信息:   started user thread for Warehouse 46
1月 02, 2026 7:09:01 下午 spec.jbb.JBBmain DoARun -> 信息:   started user thread for Warehouse 47
1月 02, 2026 7:09:01 下午 spec.jbb.JBBmain DoARun -> 信息:   started user thread for Warehouse 48
1月 02, 2026 7:09:01 下午 spec.jbb.JBBmain DoARun -> 信息:   started user thread for Warehouse 49
1月 02, 2026 7:09:01 下午 spec.jbb.JBBmain DoARun -> 信息:   started user thread for Warehouse 50
1月 02, 2026 7:09:01 下午 spec.jbb.JBBmain DoARun -> 信息:   started user thread for Warehouse 51
1月 02, 2026 7:09:01 下午 spec.jbb.JBBmain DoARun -> 信息:   started user thread for Warehouse 52
1月 02, 2026 7:09:01 下午 spec.jbb.JBBmain DoARun -> 信息:   started user thread for Warehouse 53
1月 02, 2026 7:09:01 下午 spec.jbb.JBBmain DoARun -> 信息:   started user thread for Warehouse 54
1月 02, 2026 7:09:01 下午 spec.jbb.JBBmain DoARun -> 信息:   started user thread for Warehouse 55
1月 02, 2026 7:09:01 下午 spec.jbb.JBBmain DoARun -> 信息:   started user thread for Warehouse 56
1月 02, 2026 7:09:01 下午 spec.jbb.JBBmain DoARun -> 信息:   started user thread for Warehouse 57
1月 02, 2026 7:09:01 下午 spec.jbb.JBBmain DoARun -> 信息:   started user thread for Warehouse 58
1月 02, 2026 7:09:01 下午 spec.jbb.JBBmain DoARun -> 信息:   started user thread for Warehouse 59
1月 02, 2026 7:09:01 下午 spec.jbb.JBBmain DoARun -> 信息:   started user thread for Warehouse 60
1月 02, 2026 7:09:01 下午 spec.jbb.JBBmain DoARun -> 信息:   started user thread for Warehouse 61
1月 02, 2026 7:09:01 下午 spec.jbb.JBBmain DoARun -> 信息:   started user thread for Warehouse 62
1月 02, 2026 7:09:01 下午 spec.jbb.JBBmain DoARun -> 信息:   started user thread for Warehouse 63
1月 02, 2026 7:09:01 下午 spec.jbb.JBBmain DoARun -> 信息:   started user thread for Warehouse 64
1月 02, 2026 7:09:01 下午 spec.jbb.JBBmain DoARun -> 信息:   started user thread for Warehouse 65
1月 02, 2026 7:09:01 下午 spec.jbb.JBBmain DoARun -> 信息:   started user thread for Warehouse 66
1月 02, 2026 7:09:01 下午 spec.jbb.JBBmain DoARun -> 信息:   started user thread for Warehouse 67
1月 02, 2026 7:09:01 下午 spec.jbb.JBBmain DoARun -> 信息:   started user thread for Warehouse 68
1月 02, 2026 7:09:01 下午 spec.jbb.JBBmain DoARun -> 信息:   started user thread for Warehouse 69
1月 02, 2026 7:09:01 下午 spec.jbb.Company displayResultTotals -> 信息: Timing Measurement began Fri Jan 02 19:09:01 CST 2026 for 4 minutes
1月 02, 2026 7:13:01 下午 spec.jbb.Company displayResultTotals -> 信息: Timing Measurement ended Fri Jan 02 19:13:01 CST 2026
1月 02, 2026 7:13:01 下午 spec.jbb.Company primeWithDummyData -> 信息: Loading Warehouse 70...
1月 02, 2026 7:13:01 下午 spec.jbb.JBBmain DoARun -> 信息: Start User Threads
1月 02, 2026 7:13:01 下午 spec.jbb.JBBmain DoARun -> 信息:   started user thread for Warehouse 1
1月 02, 2026 7:13:01 下午 spec.jbb.JBBmain DoARun -> 信息:   started user thread for Warehouse 2
1月 02, 2026 7:13:01 下午 spec.jbb.JBBmain DoARun -> 信息:   started user thread for Warehouse 3
1月 02, 2026 7:13:01 下午 spec.jbb.JBBmain DoARun -> 信息:   started user thread for Warehouse 4
1月 02, 2026 7:13:01 下午 spec.jbb.JBBmain DoARun -> 信息:   started user thread for Warehouse 5
1月 02, 2026 7:13:01 下午 spec.jbb.JBBmain DoARun -> 信息:   started user thread for Warehouse 6
1月 02, 2026 7:13:01 下午 spec.jbb.JBBmain DoARun -> 信息:   started user thread for Warehouse 7
1月 02, 2026 7:13:01 下午 spec.jbb.JBBmain DoARun -> 信息:   started user thread for Warehouse 8
1月 02, 2026 7:13:01 下午 spec.jbb.JBBmain DoARun -> 信息:   started user thread for Warehouse 9
1月 02, 2026 7:13:01 下午 spec.jbb.JBBmain DoARun -> 信息:   started user thread for Warehouse 10
1月 02, 2026 7:13:01 下午 spec.jbb.JBBmain DoARun -> 信息:   started user thread for Warehouse 11
1月 02, 2026 7:13:01 下午 spec.jbb.JBBmain DoARun -> 信息:   started user thread for Warehouse 12
1月 02, 2026 7:13:01 下午 spec.jbb.JBBmain DoARun -> 信息:   started user thread for Warehouse 13
1月 02, 2026 7:13:01 下午 spec.jbb.JBBmain DoARun -> 信息:   started user thread for Warehouse 14
1月 02, 2026 7:13:01 下午 spec.jbb.JBBmain DoARun -> 信息:   started user thread for Warehouse 15
1月 02, 2026 7:13:01 下午 spec.jbb.JBBmain DoARun -> 信息:   started user thread for Warehouse 16
1月 02, 2026 7:13:01 下午 spec.jbb.JBBmain DoARun -> 信息:   started user thread for Warehouse 17
1月 02, 2026 7:13:01 下午 spec.jbb.JBBmain DoARun -> 信息:   started user thread for Warehouse 18
1月 02, 2026 7:13:01 下午 spec.jbb.JBBmain DoARun -> 信息:   started user thread for Warehouse 19
1月 02, 2026 7:13:01 下午 spec.jbb.JBBmain DoARun -> 信息:   started user thread for Warehouse 20
1月 02, 2026 7:13:01 下午 spec.jbb.JBBmain DoARun -> 信息:   started user thread for Warehouse 21
1月 02, 2026 7:13:01 下午 spec.jbb.JBBmain DoARun -> 信息:   started user thread for Warehouse 22
1月 02, 2026 7:13:01 下午 spec.jbb.JBBmain DoARun -> 信息:   started user thread for Warehouse 23
1月 02, 2026 7:13:01 下午 spec.jbb.JBBmain DoARun -> 信息:   started user thread for Warehouse 24
1月 02, 2026 7:13:01 下午 spec.jbb.JBBmain DoARun -> 信息:   started user thread for Warehouse 25
1月 02, 2026 7:13:01 下午 spec.jbb.JBBmain DoARun -> 信息:   started user thread for Warehouse 26
1月 02, 2026 7:13:01 下午 spec.jbb.JBBmain DoARun -> 信息:   started user thread for Warehouse 27
1月 02, 2026 7:13:01 下午 spec.jbb.JBBmain DoARun -> 信息:   started user thread for Warehouse 28
1月 02, 2026 7:13:01 下午 spec.jbb.JBBmain DoARun -> 信息:   started user thread for Warehouse 29
1月 02, 2026 7:13:01 下午 spec.jbb.JBBmain DoARun -> 信息:   started user thread for Warehouse 30
1月 02, 2026 7:13:01 下午 spec.jbb.JBBmain DoARun -> 信息:   started user thread for Warehouse 31
1月 02, 2026 7:13:01 下午 spec.jbb.JBBmain DoARun -> 信息:   started user thread for Warehouse 32
1月 02, 2026 7:13:01 下午 spec.jbb.JBBmain DoARun -> 信息:   started user thread for Warehouse 33
1月 02, 2026 7:13:01 下午 spec.jbb.JBBmain DoARun -> 信息:   started user thread for Warehouse 34
1月 02, 2026 7:13:01 下午 spec.jbb.JBBmain DoARun -> 信息:   started user thread for Warehouse 35
1月 02, 2026 7:13:01 下午 spec.jbb.JBBmain DoARun -> 信息:   started user thread for Warehouse 36
1月 02, 2026 7:13:01 下午 spec.jbb.JBBmain DoARun -> 信息:   started user thread for Warehouse 37
1月 02, 2026 7:13:01 下午 spec.jbb.JBBmain DoARun -> 信息:   started user thread for Warehouse 38
1月 02, 2026 7:13:01 下午 spec.jbb.JBBmain DoARun -> 信息:   started user thread for Warehouse 39
1月 02, 2026 7:13:01 下午 spec.jbb.JBBmain DoARun -> 信息:   started user thread for Warehouse 40
1月 02, 2026 7:13:01 下午 spec.jbb.JBBmain DoARun -> 信息:   started user thread for Warehouse 41
1月 02, 2026 7:13:01 下午 spec.jbb.JBBmain DoARun -> 信息:   started user thread for Warehouse 42
1月 02, 2026 7:13:01 下午 spec.jbb.JBBmain DoARun -> 信息:   started user thread for Warehouse 43
1月 02, 2026 7:13:01 下午 spec.jbb.JBBmain DoARun -> 信息:   started user thread for Warehouse 44
1月 02, 2026 7:13:01 下午 spec.jbb.JBBmain DoARun -> 信息:   started user thread for Warehouse 45
1月 02, 2026 7:13:01 下午 spec.jbb.JBBmain DoARun -> 信息:   started user thread for Warehouse 46
1月 02, 2026 7:13:01 下午 spec.jbb.JBBmain DoARun -> 信息:   started user thread for Warehouse 47
1月 02, 2026 7:13:01 下午 spec.jbb.JBBmain DoARun -> 信息:   started user thread for Warehouse 48
1月 02, 2026 7:13:01 下午 spec.jbb.JBBmain DoARun -> 信息:   started user thread for Warehouse 49
1月 02, 2026 7:13:01 下午 spec.jbb.JBBmain DoARun -> 信息:   started user thread for Warehouse 50
1月 02, 2026 7:13:01 下午 spec.jbb.JBBmain DoARun -> 信息:   started user thread for Warehouse 51
1月 02, 2026 7:13:01 下午 spec.jbb.JBBmain DoARun -> 信息:   started user thread for Warehouse 52
1月 02, 2026 7:13:01 下午 spec.jbb.JBBmain DoARun -> 信息:   started user thread for Warehouse 53
1月 02, 2026 7:13:01 下午 spec.jbb.JBBmain DoARun -> 信息:   started user thread for Warehouse 54
1月 02, 2026 7:13:01 下午 spec.jbb.JBBmain DoARun -> 信息:   started user thread for Warehouse 55
1月 02, 2026 7:13:01 下午 spec.jbb.JBBmain DoARun -> 信息:   started user thread for Warehouse 56
1月 02, 2026 7:13:01 下午 spec.jbb.JBBmain DoARun -> 信息:   started user thread for Warehouse 57
1月 02, 2026 7:13:01 下午 spec.jbb.JBBmain DoARun -> 信息:   started user thread for Warehouse 58
1月 02, 2026 7:13:01 下午 spec.jbb.JBBmain DoARun -> 信息:   started user thread for Warehouse 59
1月 02, 2026 7:13:01 下午 spec.jbb.JBBmain DoARun -> 信息:   started user thread for Warehouse 60
1月 02, 2026 7:13:01 下午 spec.jbb.JBBmain DoARun -> 信息:   started user thread for Warehouse 61
1月 02, 2026 7:13:01 下午 spec.jbb.JBBmain DoARun -> 信息:   started user thread for Warehouse 62
1月 02, 2026 7:13:01 下午 spec.jbb.JBBmain DoARun -> 信息:   started user thread for Warehouse 63
1月 02, 2026 7:13:01 下午 spec.jbb.JBBmain DoARun -> 信息:   started user thread for Warehouse 64
1月 02, 2026 7:13:01 下午 spec.jbb.JBBmain DoARun -> 信息:   started user thread for Warehouse 65
1月 02, 2026 7:13:01 下午 spec.jbb.JBBmain DoARun -> 信息:   started user thread for Warehouse 66
1月 02, 2026 7:13:01 下午 spec.jbb.JBBmain DoARun -> 信息:   started user thread for Warehouse 67
1月 02, 2026 7:13:01 下午 spec.jbb.JBBmain DoARun -> 信息:   started user thread for Warehouse 68
1月 02, 2026 7:13:01 下午 spec.jbb.JBBmain DoARun -> 信息:   started user thread for Warehouse 69
1月 02, 2026 7:13:01 下午 spec.jbb.JBBmain DoARun -> 信息:   started user thread for Warehouse 70
1月 02, 2026 7:13:01 下午 spec.jbb.Company displayResultTotals -> 信息: Timing Measurement began Fri Jan 02 19:13:01 CST 2026 for 4 minutes
1月 02, 2026 7:17:01 下午 spec.jbb.Company displayResultTotals -> 信息: Timing Measurement ended Fri Jan 02 19:17:01 CST 2026
1月 02, 2026 7:17:01 下午 spec.jbb.Company primeWithDummyData -> 信息: Loading Warehouse 71...
1月 02, 2026 7:17:01 下午 spec.jbb.JBBmain DoARun -> 信息: Start User Threads
1月 02, 2026 7:17:01 下午 spec.jbb.JBBmain DoARun -> 信息:   started user thread for Warehouse 1
1月 02, 2026 7:17:01 下午 spec.jbb.JBBmain DoARun -> 信息:   started user thread for Warehouse 2
1月 02, 2026 7:17:01 下午 spec.jbb.JBBmain DoARun -> 信息:   started user thread for Warehouse 3
1月 02, 2026 7:17:01 下午 spec.jbb.JBBmain DoARun -> 信息:   started user thread for Warehouse 4
1月 02, 2026 7:17:01 下午 spec.jbb.JBBmain DoARun -> 信息:   started user thread for Warehouse 5
1月 02, 2026 7:17:01 下午 spec.jbb.JBBmain DoARun -> 信息:   started user thread for Warehouse 6
1月 02, 2026 7:17:01 下午 spec.jbb.JBBmain DoARun -> 信息:   started user thread for Warehouse 7
1月 02, 2026 7:17:01 下午 spec.jbb.JBBmain DoARun -> 信息:   started user thread for Warehouse 8
1月 02, 2026 7:17:01 下午 spec.jbb.JBBmain DoARun -> 信息:   started user thread for Warehouse 9
1月 02, 2026 7:17:01 下午 spec.jbb.JBBmain DoARun -> 信息:   started user thread for Warehouse 10
1月 02, 2026 7:17:01 下午 spec.jbb.JBBmain DoARun -> 信息:   started user thread for Warehouse 11
1月 02, 2026 7:17:01 下午 spec.jbb.JBBmain DoARun -> 信息:   started user thread for Warehouse 12
1月 02, 2026 7:17:01 下午 spec.jbb.JBBmain DoARun -> 信息:   started user thread for Warehouse 13
1月 02, 2026 7:17:01 下午 spec.jbb.JBBmain DoARun -> 信息:   started user thread for Warehouse 14
1月 02, 2026 7:17:01 下午 spec.jbb.JBBmain DoARun -> 信息:   started user thread for Warehouse 15
1月 02, 2026 7:17:01 下午 spec.jbb.JBBmain DoARun -> 信息:   started user thread for Warehouse 16
1月 02, 2026 7:17:01 下午 spec.jbb.JBBmain DoARun -> 信息:   started user thread for Warehouse 17
1月 02, 2026 7:17:01 下午 spec.jbb.JBBmain DoARun -> 信息:   started user thread for Warehouse 18
1月 02, 2026 7:17:01 下午 spec.jbb.JBBmain DoARun -> 信息:   started user thread for Warehouse 19
1月 02, 2026 7:17:01 下午 spec.jbb.JBBmain DoARun -> 信息:   started user thread for Warehouse 20
1月 02, 2026 7:17:01 下午 spec.jbb.JBBmain DoARun -> 信息:   started user thread for Warehouse 21
1月 02, 2026 7:17:01 下午 spec.jbb.JBBmain DoARun -> 信息:   started user thread for Warehouse 22
1月 02, 2026 7:17:01 下午 spec.jbb.JBBmain DoARun -> 信息:   started user thread for Warehouse 23
1月 02, 2026 7:17:01 下午 spec.jbb.JBBmain DoARun -> 信息:   started user thread for Warehouse 24
1月 02, 2026 7:17:01 下午 spec.jbb.JBBmain DoARun -> 信息:   started user thread for Warehouse 25
1月 02, 2026 7:17:01 下午 spec.jbb.JBBmain DoARun -> 信息:   started user thread for Warehouse 26
1月 02, 2026 7:17:01 下午 spec.jbb.JBBmain DoARun -> 信息:   started user thread for Warehouse 27
1月 02, 2026 7:17:01 下午 spec.jbb.JBBmain DoARun -> 信息:   started user thread for Warehouse 28
1月 02, 2026 7:17:01 下午 spec.jbb.JBBmain DoARun -> 信息:   started user thread for Warehouse 29
1月 02, 2026 7:17:01 下午 spec.jbb.JBBmain DoARun -> 信息:   started user thread for Warehouse 30
1月 02, 2026 7:17:01 下午 spec.jbb.JBBmain DoARun -> 信息:   started user thread for Warehouse 31
1月 02, 2026 7:17:01 下午 spec.jbb.JBBmain DoARun -> 信息:   started user thread for Warehouse 32
1月 02, 2026 7:17:01 下午 spec.jbb.JBBmain DoARun -> 信息:   started user thread for Warehouse 33
1月 02, 2026 7:17:01 下午 spec.jbb.JBBmain DoARun -> 信息:   started user thread for Warehouse 34
1月 02, 2026 7:17:01 下午 spec.jbb.JBBmain DoARun -> 信息:   started user thread for Warehouse 35
1月 02, 2026 7:17:01 下午 spec.jbb.JBBmain DoARun -> 信息:   started user thread for Warehouse 36
1月 02, 2026 7:17:01 下午 spec.jbb.JBBmain DoARun -> 信息:   started user thread for Warehouse 37
1月 02, 2026 7:17:01 下午 spec.jbb.JBBmain DoARun -> 信息:   started user thread for Warehouse 38
1月 02, 2026 7:17:01 下午 spec.jbb.JBBmain DoARun -> 信息:   started user thread for Warehouse 39
1月 02, 2026 7:17:01 下午 spec.jbb.JBBmain DoARun -> 信息:   started user thread for Warehouse 40
1月 02, 2026 7:17:01 下午 spec.jbb.JBBmain DoARun -> 信息:   started user thread for Warehouse 41
1月 02, 2026 7:17:01 下午 spec.jbb.JBBmain DoARun -> 信息:   started user thread for Warehouse 42
1月 02, 2026 7:17:01 下午 spec.jbb.JBBmain DoARun -> 信息:   started user thread for Warehouse 43
1月 02, 2026 7:17:01 下午 spec.jbb.JBBmain DoARun -> 信息:   started user thread for Warehouse 44
1月 02, 2026 7:17:01 下午 spec.jbb.JBBmain DoARun -> 信息:   started user thread for Warehouse 45
1月 02, 2026 7:17:01 下午 spec.jbb.JBBmain DoARun -> 信息:   started user thread for Warehouse 46
1月 02, 2026 7:17:01 下午 spec.jbb.JBBmain DoARun -> 信息:   started user thread for Warehouse 47
1月 02, 2026 7:17:01 下午 spec.jbb.JBBmain DoARun -> 信息:   started user thread for Warehouse 48
1月 02, 2026 7:17:01 下午 spec.jbb.JBBmain DoARun -> 信息:   started user thread for Warehouse 49
1月 02, 2026 7:17:01 下午 spec.jbb.JBBmain DoARun -> 信息:   started user thread for Warehouse 50
1月 02, 2026 7:17:01 下午 spec.jbb.JBBmain DoARun -> 信息:   started user thread for Warehouse 51
1月 02, 2026 7:17:01 下午 spec.jbb.JBBmain DoARun -> 信息:   started user thread for Warehouse 52
1月 02, 2026 7:17:01 下午 spec.jbb.JBBmain DoARun -> 信息:   started user thread for Warehouse 53
1月 02, 2026 7:17:01 下午 spec.jbb.JBBmain DoARun -> 信息:   started user thread for Warehouse 54
1月 02, 2026 7:17:01 下午 spec.jbb.JBBmain DoARun -> 信息:   started user thread for Warehouse 55
1月 02, 2026 7:17:01 下午 spec.jbb.JBBmain DoARun -> 信息:   started user thread for Warehouse 56
1月 02, 2026 7:17:01 下午 spec.jbb.JBBmain DoARun -> 信息:   started user thread for Warehouse 57
1月 02, 2026 7:17:01 下午 spec.jbb.JBBmain DoARun -> 信息:   started user thread for Warehouse 58
1月 02, 2026 7:17:01 下午 spec.jbb.JBBmain DoARun -> 信息:   started user thread for Warehouse 59
1月 02, 2026 7:17:01 下午 spec.jbb.JBBmain DoARun -> 信息:   started user thread for Warehouse 60
1月 02, 2026 7:17:01 下午 spec.jbb.JBBmain DoARun -> 信息:   started user thread for Warehouse 61
1月 02, 2026 7:17:01 下午 spec.jbb.JBBmain DoARun -> 信息:   started user thread for Warehouse 62
1月 02, 2026 7:17:01 下午 spec.jbb.JBBmain DoARun -> 信息:   started user thread for Warehouse 63
1月 02, 2026 7:17:01 下午 spec.jbb.JBBmain DoARun -> 信息:   started user thread for Warehouse 64
1月 02, 2026 7:17:01 下午 spec.jbb.JBBmain DoARun -> 信息:   started user thread for Warehouse 65
1月 02, 2026 7:17:01 下午 spec.jbb.JBBmain DoARun -> 信息:   started user thread for Warehouse 66
1月 02, 2026 7:17:01 下午 spec.jbb.JBBmain DoARun -> 信息:   started user thread for Warehouse 67
1月 02, 2026 7:17:01 下午 spec.jbb.JBBmain DoARun -> 信息:   started user thread for Warehouse 68
1月 02, 2026 7:17:01 下午 spec.jbb.JBBmain DoARun -> 信息:   started user thread for Warehouse 69
1月 02, 2026 7:17:01 下午 spec.jbb.JBBmain DoARun -> 信息:   started user thread for Warehouse 70
1月 02, 2026 7:17:01 下午 spec.jbb.JBBmain DoARun -> 信息:   started user thread for Warehouse 71
1月 02, 2026 7:17:01 下午 spec.jbb.Company displayResultTotals -> 信息: Timing Measurement began Fri Jan 02 19:17:01 CST 2026 for 4 minutes
1月 02, 2026 7:21:01 下午 spec.jbb.Company displayResultTotals -> 信息: Timing Measurement ended Fri Jan 02 19:21:01 CST 2026
1月 02, 2026 7:21:01 下午 spec.jbb.Company primeWithDummyData -> 信息: Loading Warehouse 72...
1月 02, 2026 7:21:02 下午 spec.jbb.JBBmain DoARun -> 信息: Start User Threads
1月 02, 2026 7:21:02 下午 spec.jbb.JBBmain DoARun -> 信息:   started user thread for Warehouse 1
1月 02, 2026 7:21:02 下午 spec.jbb.JBBmain DoARun -> 信息:   started user thread for Warehouse 2
1月 02, 2026 7:21:02 下午 spec.jbb.JBBmain DoARun -> 信息:   started user thread for Warehouse 3
1月 02, 2026 7:21:02 下午 spec.jbb.JBBmain DoARun -> 信息:   started user thread for Warehouse 4
1月 02, 2026 7:21:02 下午 spec.jbb.JBBmain DoARun -> 信息:   started user thread for Warehouse 5
1月 02, 2026 7:21:02 下午 spec.jbb.JBBmain DoARun -> 信息:   started user thread for Warehouse 6
1月 02, 2026 7:21:02 下午 spec.jbb.JBBmain DoARun -> 信息:   started user thread for Warehouse 7
1月 02, 2026 7:21:02 下午 spec.jbb.JBBmain DoARun -> 信息:   started user thread for Warehouse 8
1月 02, 2026 7:21:02 下午 spec.jbb.JBBmain DoARun -> 信息:   started user thread for Warehouse 9
1月 02, 2026 7:21:02 下午 spec.jbb.JBBmain DoARun -> 信息:   started user thread for Warehouse 10
1月 02, 2026 7:21:02 下午 spec.jbb.JBBmain DoARun -> 信息:   started user thread for Warehouse 11
1月 02, 2026 7:21:02 下午 spec.jbb.JBBmain DoARun -> 信息:   started user thread for Warehouse 12
1月 02, 2026 7:21:02 下午 spec.jbb.JBBmain DoARun -> 信息:   started user thread for Warehouse 13
1月 02, 2026 7:21:02 下午 spec.jbb.JBBmain DoARun -> 信息:   started user thread for Warehouse 14
1月 02, 2026 7:21:02 下午 spec.jbb.JBBmain DoARun -> 信息:   started user thread for Warehouse 15
1月 02, 2026 7:21:02 下午 spec.jbb.JBBmain DoARun -> 信息:   started user thread for Warehouse 16
1月 02, 2026 7:21:02 下午 spec.jbb.JBBmain DoARun -> 信息:   started user thread for Warehouse 17
1月 02, 2026 7:21:02 下午 spec.jbb.JBBmain DoARun -> 信息:   started user thread for Warehouse 18
1月 02, 2026 7:21:02 下午 spec.jbb.JBBmain DoARun -> 信息:   started user thread for Warehouse 19
1月 02, 2026 7:21:02 下午 spec.jbb.JBBmain DoARun -> 信息:   started user thread for Warehouse 20
1月 02, 2026 7:21:02 下午 spec.jbb.JBBmain DoARun -> 信息:   started user thread for Warehouse 21
1月 02, 2026 7:21:02 下午 spec.jbb.JBBmain DoARun -> 信息:   started user thread for Warehouse 22
1月 02, 2026 7:21:02 下午 spec.jbb.JBBmain DoARun -> 信息:   started user thread for Warehouse 23
1月 02, 2026 7:21:02 下午 spec.jbb.JBBmain DoARun -> 信息:   started user thread for Warehouse 24
1月 02, 2026 7:21:02 下午 spec.jbb.JBBmain DoARun -> 信息:   started user thread for Warehouse 25
1月 02, 2026 7:21:02 下午 spec.jbb.JBBmain DoARun -> 信息:   started user thread for Warehouse 26
1月 02, 2026 7:21:02 下午 spec.jbb.JBBmain DoARun -> 信息:   started user thread for Warehouse 27
1月 02, 2026 7:21:02 下午 spec.jbb.JBBmain DoARun -> 信息:   started user thread for Warehouse 28
1月 02, 2026 7:21:02 下午 spec.jbb.JBBmain DoARun -> 信息:   started user thread for Warehouse 29
1月 02, 2026 7:21:02 下午 spec.jbb.JBBmain DoARun -> 信息:   started user thread for Warehouse 30
1月 02, 2026 7:21:02 下午 spec.jbb.JBBmain DoARun -> 信息:   started user thread for Warehouse 31
1月 02, 2026 7:21:02 下午 spec.jbb.JBBmain DoARun -> 信息:   started user thread for Warehouse 32
1月 02, 2026 7:21:02 下午 spec.jbb.JBBmain DoARun -> 信息:   started user thread for Warehouse 33
1月 02, 2026 7:21:02 下午 spec.jbb.JBBmain DoARun -> 信息:   started user thread for Warehouse 34
1月 02, 2026 7:21:02 下午 spec.jbb.JBBmain DoARun -> 信息:   started user thread for Warehouse 35
1月 02, 2026 7:21:02 下午 spec.jbb.JBBmain DoARun -> 信息:   started user thread for Warehouse 36
1月 02, 2026 7:21:02 下午 spec.jbb.JBBmain DoARun -> 信息:   started user thread for Warehouse 37
1月 02, 2026 7:21:02 下午 spec.jbb.JBBmain DoARun -> 信息:   started user thread for Warehouse 38
1月 02, 2026 7:21:02 下午 spec.jbb.JBBmain DoARun -> 信息:   started user thread for Warehouse 39
1月 02, 2026 7:21:02 下午 spec.jbb.JBBmain DoARun -> 信息:   started user thread for Warehouse 40
1月 02, 2026 7:21:02 下午 spec.jbb.JBBmain DoARun -> 信息:   started user thread for Warehouse 41
1月 02, 2026 7:21:02 下午 spec.jbb.JBBmain DoARun -> 信息:   started user thread for Warehouse 42
1月 02, 2026 7:21:02 下午 spec.jbb.JBBmain DoARun -> 信息:   started user thread for Warehouse 43
1月 02, 2026 7:21:02 下午 spec.jbb.JBBmain DoARun -> 信息:   started user thread for Warehouse 44
1月 02, 2026 7:21:02 下午 spec.jbb.JBBmain DoARun -> 信息:   started user thread for Warehouse 45
1月 02, 2026 7:21:02 下午 spec.jbb.JBBmain DoARun -> 信息:   started user thread for Warehouse 46
1月 02, 2026 7:21:02 下午 spec.jbb.JBBmain DoARun -> 信息:   started user thread for Warehouse 47
1月 02, 2026 7:21:02 下午 spec.jbb.JBBmain DoARun -> 信息:   started user thread for Warehouse 48
1月 02, 2026 7:21:02 下午 spec.jbb.JBBmain DoARun -> 信息:   started user thread for Warehouse 49
1月 02, 2026 7:21:02 下午 spec.jbb.JBBmain DoARun -> 信息:   started user thread for Warehouse 50
1月 02, 2026 7:21:02 下午 spec.jbb.JBBmain DoARun -> 信息:   started user thread for Warehouse 51
1月 02, 2026 7:21:02 下午 spec.jbb.JBBmain DoARun -> 信息:   started user thread for Warehouse 52
1月 02, 2026 7:21:02 下午 spec.jbb.JBBmain DoARun -> 信息:   started user thread for Warehouse 53
1月 02, 2026 7:21:02 下午 spec.jbb.JBBmain DoARun -> 信息:   started user thread for Warehouse 54
1月 02, 2026 7:21:02 下午 spec.jbb.JBBmain DoARun -> 信息:   started user thread for Warehouse 55
1月 02, 2026 7:21:02 下午 spec.jbb.JBBmain DoARun -> 信息:   started user thread for Warehouse 56
1月 02, 2026 7:21:02 下午 spec.jbb.JBBmain DoARun -> 信息:   started user thread for Warehouse 57
1月 02, 2026 7:21:02 下午 spec.jbb.JBBmain DoARun -> 信息:   started user thread for Warehouse 58
1月 02, 2026 7:21:02 下午 spec.jbb.JBBmain DoARun -> 信息:   started user thread for Warehouse 59
1月 02, 2026 7:21:02 下午 spec.jbb.JBBmain DoARun -> 信息:   started user thread for Warehouse 60
1月 02, 2026 7:21:02 下午 spec.jbb.JBBmain DoARun -> 信息:   started user thread for Warehouse 61
1月 02, 2026 7:21:02 下午 spec.jbb.JBBmain DoARun -> 信息:   started user thread for Warehouse 62
1月 02, 2026 7:21:02 下午 spec.jbb.JBBmain DoARun -> 信息:   started user thread for Warehouse 63
1月 02, 2026 7:21:02 下午 spec.jbb.JBBmain DoARun -> 信息:   started user thread for Warehouse 64
1月 02, 2026 7:21:02 下午 spec.jbb.JBBmain DoARun -> 信息:   started user thread for Warehouse 65
1月 02, 2026 7:21:02 下午 spec.jbb.JBBmain DoARun -> 信息:   started user thread for Warehouse 66
1月 02, 2026 7:21:02 下午 spec.jbb.JBBmain DoARun -> 信息:   started user thread for Warehouse 67
1月 02, 2026 7:21:02 下午 spec.jbb.JBBmain DoARun -> 信息:   started user thread for Warehouse 68
1月 02, 2026 7:21:02 下午 spec.jbb.JBBmain DoARun -> 信息:   started user thread for Warehouse 69
1月 02, 2026 7:21:02 下午 spec.jbb.JBBmain DoARun -> 信息:   started user thread for Warehouse 70
1月 02, 2026 7:21:02 下午 spec.jbb.JBBmain DoARun -> 信息:   started user thread for Warehouse 71
1月 02, 2026 7:21:02 下午 spec.jbb.JBBmain DoARun -> 信息:   started user thread for Warehouse 72
1月 02, 2026 7:21:02 下午 spec.jbb.Company displayResultTotals -> 信息: Timing Measurement began Fri Jan 02 19:21:02 CST 2026 for 4 minutes
1月 02, 2026 7:25:02 下午 spec.jbb.Company displayResultTotals -> 信息: Timing Measurement ended Fri Jan 02 19:25:02 CST 2026
1月 02, 2026 7:25:02 下午 spec.jbb.Company primeWithDummyData -> 信息: Loading Warehouse 73...
1月 02, 2026 7:25:02 下午 spec.jbb.JBBmain DoARun -> 信息: Start User Threads
1月 02, 2026 7:25:02 下午 spec.jbb.JBBmain DoARun -> 信息:   started user thread for Warehouse 1
1月 02, 2026 7:25:02 下午 spec.jbb.JBBmain DoARun -> 信息:   started user thread for Warehouse 2
1月 02, 2026 7:25:02 下午 spec.jbb.JBBmain DoARun -> 信息:   started user thread for Warehouse 3
1月 02, 2026 7:25:02 下午 spec.jbb.JBBmain DoARun -> 信息:   started user thread for Warehouse 4
1月 02, 2026 7:25:02 下午 spec.jbb.JBBmain DoARun -> 信息:   started user thread for Warehouse 5
1月 02, 2026 7:25:02 下午 spec.jbb.JBBmain DoARun -> 信息:   started user thread for Warehouse 6
1月 02, 2026 7:25:02 下午 spec.jbb.JBBmain DoARun -> 信息:   started user thread for Warehouse 7
1月 02, 2026 7:25:02 下午 spec.jbb.JBBmain DoARun -> 信息:   started user thread for Warehouse 8
1月 02, 2026 7:25:02 下午 spec.jbb.JBBmain DoARun -> 信息:   started user thread for Warehouse 9
1月 02, 2026 7:25:02 下午 spec.jbb.JBBmain DoARun -> 信息:   started user thread for Warehouse 10
1月 02, 2026 7:25:02 下午 spec.jbb.JBBmain DoARun -> 信息:   started user thread for Warehouse 11
1月 02, 2026 7:25:02 下午 spec.jbb.JBBmain DoARun -> 信息:   started user thread for Warehouse 12
1月 02, 2026 7:25:02 下午 spec.jbb.JBBmain DoARun -> 信息:   started user thread for Warehouse 13
1月 02, 2026 7:25:02 下午 spec.jbb.JBBmain DoARun -> 信息:   started user thread for Warehouse 14
1月 02, 2026 7:25:02 下午 spec.jbb.JBBmain DoARun -> 信息:   started user thread for Warehouse 15
1月 02, 2026 7:25:02 下午 spec.jbb.JBBmain DoARun -> 信息:   started user thread for Warehouse 16
1月 02, 2026 7:25:02 下午 spec.jbb.JBBmain DoARun -> 信息:   started user thread for Warehouse 17
1月 02, 2026 7:25:02 下午 spec.jbb.JBBmain DoARun -> 信息:   started user thread for Warehouse 18
1月 02, 2026 7:25:02 下午 spec.jbb.JBBmain DoARun -> 信息:   started user thread for Warehouse 19
1月 02, 2026 7:25:02 下午 spec.jbb.JBBmain DoARun -> 信息:   started user thread for Warehouse 20
1月 02, 2026 7:25:02 下午 spec.jbb.JBBmain DoARun -> 信息:   started user thread for Warehouse 21
1月 02, 2026 7:25:02 下午 spec.jbb.JBBmain DoARun -> 信息:   started user thread for Warehouse 22
1月 02, 2026 7:25:02 下午 spec.jbb.JBBmain DoARun -> 信息:   started user thread for Warehouse 23
1月 02, 2026 7:25:02 下午 spec.jbb.JBBmain DoARun -> 信息:   started user thread for Warehouse 24
1月 02, 2026 7:25:02 下午 spec.jbb.JBBmain DoARun -> 信息:   started user thread for Warehouse 25
1月 02, 2026 7:25:02 下午 spec.jbb.JBBmain DoARun -> 信息:   started user thread for Warehouse 26
1月 02, 2026 7:25:02 下午 spec.jbb.JBBmain DoARun -> 信息:   started user thread for Warehouse 27
1月 02, 2026 7:25:02 下午 spec.jbb.JBBmain DoARun -> 信息:   started user thread for Warehouse 28
1月 02, 2026 7:25:02 下午 spec.jbb.JBBmain DoARun -> 信息:   started user thread for Warehouse 29
1月 02, 2026 7:25:02 下午 spec.jbb.JBBmain DoARun -> 信息:   started user thread for Warehouse 30
1月 02, 2026 7:25:02 下午 spec.jbb.JBBmain DoARun -> 信息:   started user thread for Warehouse 31
1月 02, 2026 7:25:02 下午 spec.jbb.JBBmain DoARun -> 信息:   started user thread for Warehouse 32
1月 02, 2026 7:25:02 下午 spec.jbb.JBBmain DoARun -> 信息:   started user thread for Warehouse 33
1月 02, 2026 7:25:02 下午 spec.jbb.JBBmain DoARun -> 信息:   started user thread for Warehouse 34
1月 02, 2026 7:25:02 下午 spec.jbb.JBBmain DoARun -> 信息:   started user thread for Warehouse 35
1月 02, 2026 7:25:02 下午 spec.jbb.JBBmain DoARun -> 信息:   started user thread for Warehouse 36
1月 02, 2026 7:25:02 下午 spec.jbb.JBBmain DoARun -> 信息:   started user thread for Warehouse 37
1月 02, 2026 7:25:02 下午 spec.jbb.JBBmain DoARun -> 信息:   started user thread for Warehouse 38
1月 02, 2026 7:25:02 下午 spec.jbb.JBBmain DoARun -> 信息:   started user thread for Warehouse 39
1月 02, 2026 7:25:02 下午 spec.jbb.JBBmain DoARun -> 信息:   started user thread for Warehouse 40
1月 02, 2026 7:25:02 下午 spec.jbb.JBBmain DoARun -> 信息:   started user thread for Warehouse 41
1月 02, 2026 7:25:02 下午 spec.jbb.JBBmain DoARun -> 信息:   started user thread for Warehouse 42
1月 02, 2026 7:25:02 下午 spec.jbb.JBBmain DoARun -> 信息:   started user thread for Warehouse 43
1月 02, 2026 7:25:02 下午 spec.jbb.JBBmain DoARun -> 信息:   started user thread for Warehouse 44
1月 02, 2026 7:25:02 下午 spec.jbb.JBBmain DoARun -> 信息:   started user thread for Warehouse 45
1月 02, 2026 7:25:02 下午 spec.jbb.JBBmain DoARun -> 信息:   started user thread for Warehouse 46
1月 02, 2026 7:25:02 下午 spec.jbb.JBBmain DoARun -> 信息:   started user thread for Warehouse 47
1月 02, 2026 7:25:02 下午 spec.jbb.JBBmain DoARun -> 信息:   started user thread for Warehouse 48
1月 02, 2026 7:25:02 下午 spec.jbb.JBBmain DoARun -> 信息:   started user thread for Warehouse 49
1月 02, 2026 7:25:02 下午 spec.jbb.JBBmain DoARun -> 信息:   started user thread for Warehouse 50
1月 02, 2026 7:25:02 下午 spec.jbb.JBBmain DoARun -> 信息:   started user thread for Warehouse 51
1月 02, 2026 7:25:02 下午 spec.jbb.JBBmain DoARun -> 信息:   started user thread for Warehouse 52
1月 02, 2026 7:25:02 下午 spec.jbb.JBBmain DoARun -> 信息:   started user thread for Warehouse 53
1月 02, 2026 7:25:02 下午 spec.jbb.JBBmain DoARun -> 信息:   started user thread for Warehouse 54
1月 02, 2026 7:25:02 下午 spec.jbb.JBBmain DoARun -> 信息:   started user thread for Warehouse 55
1月 02, 2026 7:25:02 下午 spec.jbb.JBBmain DoARun -> 信息:   started user thread for Warehouse 56
1月 02, 2026 7:25:02 下午 spec.jbb.JBBmain DoARun -> 信息:   started user thread for Warehouse 57
1月 02, 2026 7:25:02 下午 spec.jbb.JBBmain DoARun -> 信息:   started user thread for Warehouse 58
1月 02, 2026 7:25:02 下午 spec.jbb.JBBmain DoARun -> 信息:   started user thread for Warehouse 59
1月 02, 2026 7:25:02 下午 spec.jbb.JBBmain DoARun -> 信息:   started user thread for Warehouse 60
1月 02, 2026 7:25:02 下午 spec.jbb.JBBmain DoARun -> 信息:   started user thread for Warehouse 61
1月 02, 2026 7:25:02 下午 spec.jbb.JBBmain DoARun -> 信息:   started user thread for Warehouse 62
1月 02, 2026 7:25:02 下午 spec.jbb.JBBmain DoARun -> 信息:   started user thread for Warehouse 63
1月 02, 2026 7:25:02 下午 spec.jbb.JBBmain DoARun -> 信息:   started user thread for Warehouse 64
1月 02, 2026 7:25:02 下午 spec.jbb.JBBmain DoARun -> 信息:   started user thread for Warehouse 65
1月 02, 2026 7:25:02 下午 spec.jbb.JBBmain DoARun -> 信息:   started user thread for Warehouse 66
1月 02, 2026 7:25:02 下午 spec.jbb.JBBmain DoARun -> 信息:   started user thread for Warehouse 67
1月 02, 2026 7:25:02 下午 spec.jbb.JBBmain DoARun -> 信息:   started user thread for Warehouse 68
1月 02, 2026 7:25:02 下午 spec.jbb.JBBmain DoARun -> 信息:   started user thread for Warehouse 69
1月 02, 2026 7:25:02 下午 spec.jbb.JBBmain DoARun -> 信息:   started user thread for Warehouse 70
1月 02, 2026 7:25:02 下午 spec.jbb.JBBmain DoARun -> 信息:   started user thread for Warehouse 71
1月 02, 2026 7:25:02 下午 spec.jbb.JBBmain DoARun -> 信息:   started user thread for Warehouse 72
1月 02, 2026 7:25:02 下午 spec.jbb.JBBmain DoARun -> 信息:   started user thread for Warehouse 73
1月 02, 2026 7:25:02 下午 spec.jbb.Company displayResultTotals -> 信息: Timing Measurement began Fri Jan 02 19:25:02 CST 2026 for 4 minutes
1月 02, 2026 7:29:02 下午 spec.jbb.Company displayResultTotals -> 信息: Timing Measurement ended Fri Jan 02 19:29:02 CST 2026
1月 02, 2026 7:29:02 下午 spec.jbb.Company primeWithDummyData -> 信息: Loading Warehouse 74...
1月 02, 2026 7:29:02 下午 spec.jbb.JBBmain DoARun -> 信息: Start User Threads
1月 02, 2026 7:29:02 下午 spec.jbb.JBBmain DoARun -> 信息:   started user thread for Warehouse 1
1月 02, 2026 7:29:02 下午 spec.jbb.JBBmain DoARun -> 信息:   started user thread for Warehouse 2
1月 02, 2026 7:29:02 下午 spec.jbb.JBBmain DoARun -> 信息:   started user thread for Warehouse 3
1月 02, 2026 7:29:02 下午 spec.jbb.JBBmain DoARun -> 信息:   started user thread for Warehouse 4
1月 02, 2026 7:29:02 下午 spec.jbb.JBBmain DoARun -> 信息:   started user thread for Warehouse 5
1月 02, 2026 7:29:02 下午 spec.jbb.JBBmain DoARun -> 信息:   started user thread for Warehouse 6
1月 02, 2026 7:29:02 下午 spec.jbb.JBBmain DoARun -> 信息:   started user thread for Warehouse 7
1月 02, 2026 7:29:02 下午 spec.jbb.JBBmain DoARun -> 信息:   started user thread for Warehouse 8
1月 02, 2026 7:29:02 下午 spec.jbb.JBBmain DoARun -> 信息:   started user thread for Warehouse 9
1月 02, 2026 7:29:02 下午 spec.jbb.JBBmain DoARun -> 信息:   started user thread for Warehouse 10
1月 02, 2026 7:29:02 下午 spec.jbb.JBBmain DoARun -> 信息:   started user thread for Warehouse 11
1月 02, 2026 7:29:02 下午 spec.jbb.JBBmain DoARun -> 信息:   started user thread for Warehouse 12
1月 02, 2026 7:29:02 下午 spec.jbb.JBBmain DoARun -> 信息:   started user thread for Warehouse 13
1月 02, 2026 7:29:02 下午 spec.jbb.JBBmain DoARun -> 信息:   started user thread for Warehouse 14
1月 02, 2026 7:29:02 下午 spec.jbb.JBBmain DoARun -> 信息:   started user thread for Warehouse 15
1月 02, 2026 7:29:02 下午 spec.jbb.JBBmain DoARun -> 信息:   started user thread for Warehouse 16
1月 02, 2026 7:29:02 下午 spec.jbb.JBBmain DoARun -> 信息:   started user thread for Warehouse 17
1月 02, 2026 7:29:02 下午 spec.jbb.JBBmain DoARun -> 信息:   started user thread for Warehouse 18
1月 02, 2026 7:29:02 下午 spec.jbb.JBBmain DoARun -> 信息:   started user thread for Warehouse 19
1月 02, 2026 7:29:02 下午 spec.jbb.JBBmain DoARun -> 信息:   started user thread for Warehouse 20
1月 02, 2026 7:29:02 下午 spec.jbb.JBBmain DoARun -> 信息:   started user thread for Warehouse 21
1月 02, 2026 7:29:02 下午 spec.jbb.JBBmain DoARun -> 信息:   started user thread for Warehouse 22
1月 02, 2026 7:29:02 下午 spec.jbb.JBBmain DoARun -> 信息:   started user thread for Warehouse 23
1月 02, 2026 7:29:02 下午 spec.jbb.JBBmain DoARun -> 信息:   started user thread for Warehouse 24
1月 02, 2026 7:29:02 下午 spec.jbb.JBBmain DoARun -> 信息:   started user thread for Warehouse 25
1月 02, 2026 7:29:02 下午 spec.jbb.JBBmain DoARun -> 信息:   started user thread for Warehouse 26
1月 02, 2026 7:29:02 下午 spec.jbb.JBBmain DoARun -> 信息:   started user thread for Warehouse 27
1月 02, 2026 7:29:02 下午 spec.jbb.JBBmain DoARun -> 信息:   started user thread for Warehouse 28
1月 02, 2026 7:29:02 下午 spec.jbb.JBBmain DoARun -> 信息:   started user thread for Warehouse 29
1月 02, 2026 7:29:02 下午 spec.jbb.JBBmain DoARun -> 信息:   started user thread for Warehouse 30
1月 02, 2026 7:29:02 下午 spec.jbb.JBBmain DoARun -> 信息:   started user thread for Warehouse 31
1月 02, 2026 7:29:02 下午 spec.jbb.JBBmain DoARun -> 信息:   started user thread for Warehouse 32
1月 02, 2026 7:29:02 下午 spec.jbb.JBBmain DoARun -> 信息:   started user thread for Warehouse 33
1月 02, 2026 7:29:02 下午 spec.jbb.JBBmain DoARun -> 信息:   started user thread for Warehouse 34
1月 02, 2026 7:29:02 下午 spec.jbb.JBBmain DoARun -> 信息:   started user thread for Warehouse 35
1月 02, 2026 7:29:02 下午 spec.jbb.JBBmain DoARun -> 信息:   started user thread for Warehouse 36
1月 02, 2026 7:29:02 下午 spec.jbb.JBBmain DoARun -> 信息:   started user thread for Warehouse 37
1月 02, 2026 7:29:02 下午 spec.jbb.JBBmain DoARun -> 信息:   started user thread for Warehouse 38
1月 02, 2026 7:29:02 下午 spec.jbb.JBBmain DoARun -> 信息:   started user thread for Warehouse 39
1月 02, 2026 7:29:02 下午 spec.jbb.JBBmain DoARun -> 信息:   started user thread for Warehouse 40
1月 02, 2026 7:29:02 下午 spec.jbb.JBBmain DoARun -> 信息:   started user thread for Warehouse 41
1月 02, 2026 7:29:02 下午 spec.jbb.JBBmain DoARun -> 信息:   started user thread for Warehouse 42
1月 02, 2026 7:29:02 下午 spec.jbb.JBBmain DoARun -> 信息:   started user thread for Warehouse 43
1月 02, 2026 7:29:02 下午 spec.jbb.JBBmain DoARun -> 信息:   started user thread for Warehouse 44
1月 02, 2026 7:29:02 下午 spec.jbb.JBBmain DoARun -> 信息:   started user thread for Warehouse 45
1月 02, 2026 7:29:02 下午 spec.jbb.JBBmain DoARun -> 信息:   started user thread for Warehouse 46
1月 02, 2026 7:29:02 下午 spec.jbb.JBBmain DoARun -> 信息:   started user thread for Warehouse 47
1月 02, 2026 7:29:02 下午 spec.jbb.JBBmain DoARun -> 信息:   started user thread for Warehouse 48
1月 02, 2026 7:29:02 下午 spec.jbb.JBBmain DoARun -> 信息:   started user thread for Warehouse 49
1月 02, 2026 7:29:02 下午 spec.jbb.JBBmain DoARun -> 信息:   started user thread for Warehouse 50
1月 02, 2026 7:29:02 下午 spec.jbb.JBBmain DoARun -> 信息:   started user thread for Warehouse 51
1月 02, 2026 7:29:02 下午 spec.jbb.JBBmain DoARun -> 信息:   started user thread for Warehouse 52
1月 02, 2026 7:29:02 下午 spec.jbb.JBBmain DoARun -> 信息:   started user thread for Warehouse 53
1月 02, 2026 7:29:02 下午 spec.jbb.JBBmain DoARun -> 信息:   started user thread for Warehouse 54
1月 02, 2026 7:29:02 下午 spec.jbb.JBBmain DoARun -> 信息:   started user thread for Warehouse 55
1月 02, 2026 7:29:02 下午 spec.jbb.JBBmain DoARun -> 信息:   started user thread for Warehouse 56
1月 02, 2026 7:29:02 下午 spec.jbb.JBBmain DoARun -> 信息:   started user thread for Warehouse 57
1月 02, 2026 7:29:02 下午 spec.jbb.JBBmain DoARun -> 信息:   started user thread for Warehouse 58
1月 02, 2026 7:29:02 下午 spec.jbb.JBBmain DoARun -> 信息:   started user thread for Warehouse 59
1月 02, 2026 7:29:02 下午 spec.jbb.JBBmain DoARun -> 信息:   started user thread for Warehouse 60
1月 02, 2026 7:29:02 下午 spec.jbb.JBBmain DoARun -> 信息:   started user thread for Warehouse 61
1月 02, 2026 7:29:02 下午 spec.jbb.JBBmain DoARun -> 信息:   started user thread for Warehouse 62
1月 02, 2026 7:29:02 下午 spec.jbb.JBBmain DoARun -> 信息:   started user thread for Warehouse 63
1月 02, 2026 7:29:02 下午 spec.jbb.JBBmain DoARun -> 信息:   started user thread for Warehouse 64
1月 02, 2026 7:29:02 下午 spec.jbb.JBBmain DoARun -> 信息:   started user thread for Warehouse 65
1月 02, 2026 7:29:02 下午 spec.jbb.JBBmain DoARun -> 信息:   started user thread for Warehouse 66
1月 02, 2026 7:29:02 下午 spec.jbb.JBBmain DoARun -> 信息:   started user thread for Warehouse 67
1月 02, 2026 7:29:02 下午 spec.jbb.JBBmain DoARun -> 信息:   started user thread for Warehouse 68
1月 02, 2026 7:29:02 下午 spec.jbb.JBBmain DoARun -> 信息:   started user thread for Warehouse 69
1月 02, 2026 7:29:02 下午 spec.jbb.JBBmain DoARun -> 信息:   started user thread for Warehouse 70
1月 02, 2026 7:29:02 下午 spec.jbb.JBBmain DoARun -> 信息:   started user thread for Warehouse 71
1月 02, 2026 7:29:02 下午 spec.jbb.JBBmain DoARun -> 信息:   started user thread for Warehouse 72
1月 02, 2026 7:29:02 下午 spec.jbb.JBBmain DoARun -> 信息:   started user thread for Warehouse 73
1月 02, 2026 7:29:02 下午 spec.jbb.JBBmain DoARun -> 信息:   started user thread for Warehouse 74
1月 02, 2026 7:29:02 下午 spec.jbb.Company displayResultTotals -> 信息: Timing Measurement began Fri Jan 02 19:29:02 CST 2026 for 4 minutes
1月 02, 2026 7:33:02 下午 spec.jbb.Company displayResultTotals -> 信息: Timing Measurement ended Fri Jan 02 19:33:02 CST 2026
1月 02, 2026 7:33:02 下午 spec.jbb.Company primeWithDummyData -> 信息: Loading Warehouse 75...
1月 02, 2026 7:33:03 下午 spec.jbb.JBBmain DoARun -> 信息: Start User Threads
1月 02, 2026 7:33:03 下午 spec.jbb.JBBmain DoARun -> 信息:   started user thread for Warehouse 1
1月 02, 2026 7:33:03 下午 spec.jbb.JBBmain DoARun -> 信息:   started user thread for Warehouse 2
1月 02, 2026 7:33:03 下午 spec.jbb.JBBmain DoARun -> 信息:   started user thread for Warehouse 3
1月 02, 2026 7:33:03 下午 spec.jbb.JBBmain DoARun -> 信息:   started user thread for Warehouse 4
1月 02, 2026 7:33:03 下午 spec.jbb.JBBmain DoARun -> 信息:   started user thread for Warehouse 5
1月 02, 2026 7:33:03 下午 spec.jbb.JBBmain DoARun -> 信息:   started user thread for Warehouse 6
1月 02, 2026 7:33:03 下午 spec.jbb.JBBmain DoARun -> 信息:   started user thread for Warehouse 7
1月 02, 2026 7:33:03 下午 spec.jbb.JBBmain DoARun -> 信息:   started user thread for Warehouse 8
1月 02, 2026 7:33:03 下午 spec.jbb.JBBmain DoARun -> 信息:   started user thread for Warehouse 9
1月 02, 2026 7:33:03 下午 spec.jbb.JBBmain DoARun -> 信息:   started user thread for Warehouse 10
1月 02, 2026 7:33:03 下午 spec.jbb.JBBmain DoARun -> 信息:   started user thread for Warehouse 11
1月 02, 2026 7:33:03 下午 spec.jbb.JBBmain DoARun -> 信息:   started user thread for Warehouse 12
1月 02, 2026 7:33:03 下午 spec.jbb.JBBmain DoARun -> 信息:   started user thread for Warehouse 13
1月 02, 2026 7:33:03 下午 spec.jbb.JBBmain DoARun -> 信息:   started user thread for Warehouse 14
1月 02, 2026 7:33:03 下午 spec.jbb.JBBmain DoARun -> 信息:   started user thread for Warehouse 15
1月 02, 2026 7:33:03 下午 spec.jbb.JBBmain DoARun -> 信息:   started user thread for Warehouse 16
1月 02, 2026 7:33:03 下午 spec.jbb.JBBmain DoARun -> 信息:   started user thread for Warehouse 17
1月 02, 2026 7:33:03 下午 spec.jbb.JBBmain DoARun -> 信息:   started user thread for Warehouse 18
1月 02, 2026 7:33:03 下午 spec.jbb.JBBmain DoARun -> 信息:   started user thread for Warehouse 19
1月 02, 2026 7:33:03 下午 spec.jbb.JBBmain DoARun -> 信息:   started user thread for Warehouse 20
1月 02, 2026 7:33:03 下午 spec.jbb.JBBmain DoARun -> 信息:   started user thread for Warehouse 21
1月 02, 2026 7:33:03 下午 spec.jbb.JBBmain DoARun -> 信息:   started user thread for Warehouse 22
1月 02, 2026 7:33:03 下午 spec.jbb.JBBmain DoARun -> 信息:   started user thread for Warehouse 23
1月 02, 2026 7:33:03 下午 spec.jbb.JBBmain DoARun -> 信息:   started user thread for Warehouse 24
1月 02, 2026 7:33:03 下午 spec.jbb.JBBmain DoARun -> 信息:   started user thread for Warehouse 25
1月 02, 2026 7:33:03 下午 spec.jbb.JBBmain DoARun -> 信息:   started user thread for Warehouse 26
1月 02, 2026 7:33:03 下午 spec.jbb.JBBmain DoARun -> 信息:   started user thread for Warehouse 27
1月 02, 2026 7:33:03 下午 spec.jbb.JBBmain DoARun -> 信息:   started user thread for Warehouse 28
1月 02, 2026 7:33:03 下午 spec.jbb.JBBmain DoARun -> 信息:   started user thread for Warehouse 29
1月 02, 2026 7:33:03 下午 spec.jbb.JBBmain DoARun -> 信息:   started user thread for Warehouse 30
1月 02, 2026 7:33:03 下午 spec.jbb.JBBmain DoARun -> 信息:   started user thread for Warehouse 31
1月 02, 2026 7:33:03 下午 spec.jbb.JBBmain DoARun -> 信息:   started user thread for Warehouse 32
1月 02, 2026 7:33:03 下午 spec.jbb.JBBmain DoARun -> 信息:   started user thread for Warehouse 33
1月 02, 2026 7:33:03 下午 spec.jbb.JBBmain DoARun -> 信息:   started user thread for Warehouse 34
1月 02, 2026 7:33:03 下午 spec.jbb.JBBmain DoARun -> 信息:   started user thread for Warehouse 35
1月 02, 2026 7:33:03 下午 spec.jbb.JBBmain DoARun -> 信息:   started user thread for Warehouse 36
1月 02, 2026 7:33:03 下午 spec.jbb.JBBmain DoARun -> 信息:   started user thread for Warehouse 37
1月 02, 2026 7:33:03 下午 spec.jbb.JBBmain DoARun -> 信息:   started user thread for Warehouse 38
1月 02, 2026 7:33:03 下午 spec.jbb.JBBmain DoARun -> 信息:   started user thread for Warehouse 39
1月 02, 2026 7:33:03 下午 spec.jbb.JBBmain DoARun -> 信息:   started user thread for Warehouse 40
1月 02, 2026 7:33:03 下午 spec.jbb.JBBmain DoARun -> 信息:   started user thread for Warehouse 41
1月 02, 2026 7:33:03 下午 spec.jbb.JBBmain DoARun -> 信息:   started user thread for Warehouse 42
1月 02, 2026 7:33:03 下午 spec.jbb.JBBmain DoARun -> 信息:   started user thread for Warehouse 43
1月 02, 2026 7:33:03 下午 spec.jbb.JBBmain DoARun -> 信息:   started user thread for Warehouse 44
1月 02, 2026 7:33:03 下午 spec.jbb.JBBmain DoARun -> 信息:   started user thread for Warehouse 45
1月 02, 2026 7:33:03 下午 spec.jbb.JBBmain DoARun -> 信息:   started user thread for Warehouse 46
1月 02, 2026 7:33:03 下午 spec.jbb.JBBmain DoARun -> 信息:   started user thread for Warehouse 47
1月 02, 2026 7:33:03 下午 spec.jbb.JBBmain DoARun -> 信息:   started user thread for Warehouse 48
1月 02, 2026 7:33:03 下午 spec.jbb.JBBmain DoARun -> 信息:   started user thread for Warehouse 49
1月 02, 2026 7:33:03 下午 spec.jbb.JBBmain DoARun -> 信息:   started user thread for Warehouse 50
1月 02, 2026 7:33:03 下午 spec.jbb.JBBmain DoARun -> 信息:   started user thread for Warehouse 51
1月 02, 2026 7:33:03 下午 spec.jbb.JBBmain DoARun -> 信息:   started user thread for Warehouse 52
1月 02, 2026 7:33:03 下午 spec.jbb.JBBmain DoARun -> 信息:   started user thread for Warehouse 53
1月 02, 2026 7:33:03 下午 spec.jbb.JBBmain DoARun -> 信息:   started user thread for Warehouse 54
1月 02, 2026 7:33:03 下午 spec.jbb.JBBmain DoARun -> 信息:   started user thread for Warehouse 55
1月 02, 2026 7:33:03 下午 spec.jbb.JBBmain DoARun -> 信息:   started user thread for Warehouse 56
1月 02, 2026 7:33:03 下午 spec.jbb.JBBmain DoARun -> 信息:   started user thread for Warehouse 57
1月 02, 2026 7:33:03 下午 spec.jbb.JBBmain DoARun -> 信息:   started user thread for Warehouse 58
1月 02, 2026 7:33:03 下午 spec.jbb.JBBmain DoARun -> 信息:   started user thread for Warehouse 59
1月 02, 2026 7:33:03 下午 spec.jbb.JBBmain DoARun -> 信息:   started user thread for Warehouse 60
1月 02, 2026 7:33:03 下午 spec.jbb.JBBmain DoARun -> 信息:   started user thread for Warehouse 61
1月 02, 2026 7:33:03 下午 spec.jbb.JBBmain DoARun -> 信息:   started user thread for Warehouse 62
1月 02, 2026 7:33:03 下午 spec.jbb.JBBmain DoARun -> 信息:   started user thread for Warehouse 63
1月 02, 2026 7:33:03 下午 spec.jbb.JBBmain DoARun -> 信息:   started user thread for Warehouse 64
1月 02, 2026 7:33:03 下午 spec.jbb.JBBmain DoARun -> 信息:   started user thread for Warehouse 65
1月 02, 2026 7:33:03 下午 spec.jbb.JBBmain DoARun -> 信息:   started user thread for Warehouse 66
1月 02, 2026 7:33:03 下午 spec.jbb.JBBmain DoARun -> 信息:   started user thread for Warehouse 67
1月 02, 2026 7:33:03 下午 spec.jbb.JBBmain DoARun -> 信息:   started user thread for Warehouse 68
1月 02, 2026 7:33:03 下午 spec.jbb.JBBmain DoARun -> 信息:   started user thread for Warehouse 69
1月 02, 2026 7:33:03 下午 spec.jbb.JBBmain DoARun -> 信息:   started user thread for Warehouse 70
1月 02, 2026 7:33:03 下午 spec.jbb.JBBmain DoARun -> 信息:   started user thread for Warehouse 71
1月 02, 2026 7:33:03 下午 spec.jbb.JBBmain DoARun -> 信息:   started user thread for Warehouse 72
1月 02, 2026 7:33:03 下午 spec.jbb.JBBmain DoARun -> 信息:   started user thread for Warehouse 73
1月 02, 2026 7:33:03 下午 spec.jbb.JBBmain DoARun -> 信息:   started user thread for Warehouse 74
1月 02, 2026 7:33:03 下午 spec.jbb.JBBmain DoARun -> 信息:   started user thread for Warehouse 75
1月 02, 2026 7:33:03 下午 spec.jbb.Company displayResultTotals -> 信息: Timing Measurement began Fri Jan 02 19:33:03 CST 2026 for 4 minutes
1月 02, 2026 7:37:03 下午 spec.jbb.Company displayResultTotals -> 信息: Timing Measurement ended Fri Jan 02 19:37:03 CST 2026
1月 02, 2026 7:37:03 下午 spec.jbb.Company primeWithDummyData -> 信息: Loading Warehouse 76...
1月 02, 2026 7:37:03 下午 spec.jbb.JBBmain DoARun -> 信息: Start User Threads
1月 02, 2026 7:37:03 下午 spec.jbb.JBBmain DoARun -> 信息:   started user thread for Warehouse 1
1月 02, 2026 7:37:03 下午 spec.jbb.JBBmain DoARun -> 信息:   started user thread for Warehouse 2
1月 02, 2026 7:37:03 下午 spec.jbb.JBBmain DoARun -> 信息:   started user thread for Warehouse 3
1月 02, 2026 7:37:03 下午 spec.jbb.JBBmain DoARun -> 信息:   started user thread for Warehouse 4
1月 02, 2026 7:37:03 下午 spec.jbb.JBBmain DoARun -> 信息:   started user thread for Warehouse 5
1月 02, 2026 7:37:03 下午 spec.jbb.JBBmain DoARun -> 信息:   started user thread for Warehouse 6
1月 02, 2026 7:37:03 下午 spec.jbb.JBBmain DoARun -> 信息:   started user thread for Warehouse 7
1月 02, 2026 7:37:03 下午 spec.jbb.JBBmain DoARun -> 信息:   started user thread for Warehouse 8
1月 02, 2026 7:37:03 下午 spec.jbb.JBBmain DoARun -> 信息:   started user thread for Warehouse 9
1月 02, 2026 7:37:03 下午 spec.jbb.JBBmain DoARun -> 信息:   started user thread for Warehouse 10
1月 02, 2026 7:37:03 下午 spec.jbb.JBBmain DoARun -> 信息:   started user thread for Warehouse 11
1月 02, 2026 7:37:03 下午 spec.jbb.JBBmain DoARun -> 信息:   started user thread for Warehouse 12
1月 02, 2026 7:37:03 下午 spec.jbb.JBBmain DoARun -> 信息:   started user thread for Warehouse 13
1月 02, 2026 7:37:03 下午 spec.jbb.JBBmain DoARun -> 信息:   started user thread for Warehouse 14
1月 02, 2026 7:37:03 下午 spec.jbb.JBBmain DoARun -> 信息:   started user thread for Warehouse 15
1月 02, 2026 7:37:03 下午 spec.jbb.JBBmain DoARun -> 信息:   started user thread for Warehouse 16
1月 02, 2026 7:37:03 下午 spec.jbb.JBBmain DoARun -> 信息:   started user thread for Warehouse 17
1月 02, 2026 7:37:03 下午 spec.jbb.JBBmain DoARun -> 信息:   started user thread for Warehouse 18
1月 02, 2026 7:37:03 下午 spec.jbb.JBBmain DoARun -> 信息:   started user thread for Warehouse 19
1月 02, 2026 7:37:03 下午 spec.jbb.JBBmain DoARun -> 信息:   started user thread for Warehouse 20
1月 02, 2026 7:37:03 下午 spec.jbb.JBBmain DoARun -> 信息:   started user thread for Warehouse 21
1月 02, 2026 7:37:03 下午 spec.jbb.JBBmain DoARun -> 信息:   started user thread for Warehouse 22
1月 02, 2026 7:37:03 下午 spec.jbb.JBBmain DoARun -> 信息:   started user thread for Warehouse 23
1月 02, 2026 7:37:03 下午 spec.jbb.JBBmain DoARun -> 信息:   started user thread for Warehouse 24
1月 02, 2026 7:37:03 下午 spec.jbb.JBBmain DoARun -> 信息:   started user thread for Warehouse 25
1月 02, 2026 7:37:03 下午 spec.jbb.JBBmain DoARun -> 信息:   started user thread for Warehouse 26
1月 02, 2026 7:37:03 下午 spec.jbb.JBBmain DoARun -> 信息:   started user thread for Warehouse 27
1月 02, 2026 7:37:03 下午 spec.jbb.JBBmain DoARun -> 信息:   started user thread for Warehouse 28
1月 02, 2026 7:37:03 下午 spec.jbb.JBBmain DoARun -> 信息:   started user thread for Warehouse 29
1月 02, 2026 7:37:03 下午 spec.jbb.JBBmain DoARun -> 信息:   started user thread for Warehouse 30
1月 02, 2026 7:37:03 下午 spec.jbb.JBBmain DoARun -> 信息:   started user thread for Warehouse 31
1月 02, 2026 7:37:03 下午 spec.jbb.JBBmain DoARun -> 信息:   started user thread for Warehouse 32
1月 02, 2026 7:37:03 下午 spec.jbb.JBBmain DoARun -> 信息:   started user thread for Warehouse 33
1月 02, 2026 7:37:03 下午 spec.jbb.JBBmain DoARun -> 信息:   started user thread for Warehouse 34
1月 02, 2026 7:37:03 下午 spec.jbb.JBBmain DoARun -> 信息:   started user thread for Warehouse 35
1月 02, 2026 7:37:03 下午 spec.jbb.JBBmain DoARun -> 信息:   started user thread for Warehouse 36
1月 02, 2026 7:37:03 下午 spec.jbb.JBBmain DoARun -> 信息:   started user thread for Warehouse 37
1月 02, 2026 7:37:03 下午 spec.jbb.JBBmain DoARun -> 信息:   started user thread for Warehouse 38
1月 02, 2026 7:37:03 下午 spec.jbb.JBBmain DoARun -> 信息:   started user thread for Warehouse 39
1月 02, 2026 7:37:03 下午 spec.jbb.JBBmain DoARun -> 信息:   started user thread for Warehouse 40
1月 02, 2026 7:37:03 下午 spec.jbb.JBBmain DoARun -> 信息:   started user thread for Warehouse 41
1月 02, 2026 7:37:03 下午 spec.jbb.JBBmain DoARun -> 信息:   started user thread for Warehouse 42
1月 02, 2026 7:37:03 下午 spec.jbb.JBBmain DoARun -> 信息:   started user thread for Warehouse 43
1月 02, 2026 7:37:03 下午 spec.jbb.JBBmain DoARun -> 信息:   started user thread for Warehouse 44
1月 02, 2026 7:37:03 下午 spec.jbb.JBBmain DoARun -> 信息:   started user thread for Warehouse 45
1月 02, 2026 7:37:03 下午 spec.jbb.JBBmain DoARun -> 信息:   started user thread for Warehouse 46
1月 02, 2026 7:37:03 下午 spec.jbb.JBBmain DoARun -> 信息:   started user thread for Warehouse 47
1月 02, 2026 7:37:03 下午 spec.jbb.JBBmain DoARun -> 信息:   started user thread for Warehouse 48
1月 02, 2026 7:37:03 下午 spec.jbb.JBBmain DoARun -> 信息:   started user thread for Warehouse 49
1月 02, 2026 7:37:03 下午 spec.jbb.JBBmain DoARun -> 信息:   started user thread for Warehouse 50
1月 02, 2026 7:37:03 下午 spec.jbb.JBBmain DoARun -> 信息:   started user thread for Warehouse 51
1月 02, 2026 7:37:03 下午 spec.jbb.JBBmain DoARun -> 信息:   started user thread for Warehouse 52
1月 02, 2026 7:37:03 下午 spec.jbb.JBBmain DoARun -> 信息:   started user thread for Warehouse 53
1月 02, 2026 7:37:03 下午 spec.jbb.JBBmain DoARun -> 信息:   started user thread for Warehouse 54
1月 02, 2026 7:37:03 下午 spec.jbb.JBBmain DoARun -> 信息:   started user thread for Warehouse 55
1月 02, 2026 7:37:03 下午 spec.jbb.JBBmain DoARun -> 信息:   started user thread for Warehouse 56
1月 02, 2026 7:37:03 下午 spec.jbb.JBBmain DoARun -> 信息:   started user thread for Warehouse 57
1月 02, 2026 7:37:03 下午 spec.jbb.JBBmain DoARun -> 信息:   started user thread for Warehouse 58
1月 02, 2026 7:37:03 下午 spec.jbb.JBBmain DoARun -> 信息:   started user thread for Warehouse 59
1月 02, 2026 7:37:03 下午 spec.jbb.JBBmain DoARun -> 信息:   started user thread for Warehouse 60
1月 02, 2026 7:37:03 下午 spec.jbb.JBBmain DoARun -> 信息:   started user thread for Warehouse 61
1月 02, 2026 7:37:03 下午 spec.jbb.JBBmain DoARun -> 信息:   started user thread for Warehouse 62
1月 02, 2026 7:37:03 下午 spec.jbb.JBBmain DoARun -> 信息:   started user thread for Warehouse 63
1月 02, 2026 7:37:03 下午 spec.jbb.JBBmain DoARun -> 信息:   started user thread for Warehouse 64
1月 02, 2026 7:37:03 下午 spec.jbb.JBBmain DoARun -> 信息:   started user thread for Warehouse 65
1月 02, 2026 7:37:03 下午 spec.jbb.JBBmain DoARun -> 信息:   started user thread for Warehouse 66
1月 02, 2026 7:37:03 下午 spec.jbb.JBBmain DoARun -> 信息:   started user thread for Warehouse 67
1月 02, 2026 7:37:03 下午 spec.jbb.JBBmain DoARun -> 信息:   started user thread for Warehouse 68
1月 02, 2026 7:37:03 下午 spec.jbb.JBBmain DoARun -> 信息:   started user thread for Warehouse 69
1月 02, 2026 7:37:03 下午 spec.jbb.JBBmain DoARun -> 信息:   started user thread for Warehouse 70
1月 02, 2026 7:37:03 下午 spec.jbb.JBBmain DoARun -> 信息:   started user thread for Warehouse 71
1月 02, 2026 7:37:03 下午 spec.jbb.JBBmain DoARun -> 信息:   started user thread for Warehouse 72
1月 02, 2026 7:37:03 下午 spec.jbb.JBBmain DoARun -> 信息:   started user thread for Warehouse 73
1月 02, 2026 7:37:03 下午 spec.jbb.JBBmain DoARun -> 信息:   started user thread for Warehouse 74
1月 02, 2026 7:37:03 下午 spec.jbb.JBBmain DoARun -> 信息:   started user thread for Warehouse 75
1月 02, 2026 7:37:03 下午 spec.jbb.JBBmain DoARun -> 信息:   started user thread for Warehouse 76
1月 02, 2026 7:37:03 下午 spec.jbb.Company displayResultTotals -> 信息: Timing Measurement began Fri Jan 02 19:37:03 CST 2026 for 4 minutes
1月 02, 2026 7:41:03 下午 spec.jbb.Company displayResultTotals -> 信息: Timing Measurement ended Fri Jan 02 19:41:03 CST 2026
1月 02, 2026 7:41:03 下午 spec.jbb.Company primeWithDummyData -> 信息: Loading Warehouse 77...
1月 02, 2026 7:41:03 下午 spec.jbb.JBBmain DoARun -> 信息: Start User Threads
1月 02, 2026 7:41:03 下午 spec.jbb.JBBmain DoARun -> 信息:   started user thread for Warehouse 1
1月 02, 2026 7:41:03 下午 spec.jbb.JBBmain DoARun -> 信息:   started user thread for Warehouse 2
1月 02, 2026 7:41:03 下午 spec.jbb.JBBmain DoARun -> 信息:   started user thread for Warehouse 3
1月 02, 2026 7:41:03 下午 spec.jbb.JBBmain DoARun -> 信息:   started user thread for Warehouse 4
1月 02, 2026 7:41:03 下午 spec.jbb.JBBmain DoARun -> 信息:   started user thread for Warehouse 5
1月 02, 2026 7:41:03 下午 spec.jbb.JBBmain DoARun -> 信息:   started user thread for Warehouse 6
1月 02, 2026 7:41:03 下午 spec.jbb.JBBmain DoARun -> 信息:   started user thread for Warehouse 7
1月 02, 2026 7:41:03 下午 spec.jbb.JBBmain DoARun -> 信息:   started user thread for Warehouse 8
1月 02, 2026 7:41:03 下午 spec.jbb.JBBmain DoARun -> 信息:   started user thread for Warehouse 9
1月 02, 2026 7:41:03 下午 spec.jbb.JBBmain DoARun -> 信息:   started user thread for Warehouse 10
1月 02, 2026 7:41:03 下午 spec.jbb.JBBmain DoARun -> 信息:   started user thread for Warehouse 11
1月 02, 2026 7:41:03 下午 spec.jbb.JBBmain DoARun -> 信息:   started user thread for Warehouse 12
1月 02, 2026 7:41:03 下午 spec.jbb.JBBmain DoARun -> 信息:   started user thread for Warehouse 13
1月 02, 2026 7:41:03 下午 spec.jbb.JBBmain DoARun -> 信息:   started user thread for Warehouse 14
1月 02, 2026 7:41:03 下午 spec.jbb.JBBmain DoARun -> 信息:   started user thread for Warehouse 15
1月 02, 2026 7:41:03 下午 spec.jbb.JBBmain DoARun -> 信息:   started user thread for Warehouse 16
1月 02, 2026 7:41:03 下午 spec.jbb.JBBmain DoARun -> 信息:   started user thread for Warehouse 17
1月 02, 2026 7:41:03 下午 spec.jbb.JBBmain DoARun -> 信息:   started user thread for Warehouse 18
1月 02, 2026 7:41:03 下午 spec.jbb.JBBmain DoARun -> 信息:   started user thread for Warehouse 19
1月 02, 2026 7:41:03 下午 spec.jbb.JBBmain DoARun -> 信息:   started user thread for Warehouse 20
1月 02, 2026 7:41:03 下午 spec.jbb.JBBmain DoARun -> 信息:   started user thread for Warehouse 21
1月 02, 2026 7:41:03 下午 spec.jbb.JBBmain DoARun -> 信息:   started user thread for Warehouse 22
1月 02, 2026 7:41:03 下午 spec.jbb.JBBmain DoARun -> 信息:   started user thread for Warehouse 23
1月 02, 2026 7:41:03 下午 spec.jbb.JBBmain DoARun -> 信息:   started user thread for Warehouse 24
1月 02, 2026 7:41:03 下午 spec.jbb.JBBmain DoARun -> 信息:   started user thread for Warehouse 25
1月 02, 2026 7:41:03 下午 spec.jbb.JBBmain DoARun -> 信息:   started user thread for Warehouse 26
1月 02, 2026 7:41:03 下午 spec.jbb.JBBmain DoARun -> 信息:   started user thread for Warehouse 27
1月 02, 2026 7:41:03 下午 spec.jbb.JBBmain DoARun -> 信息:   started user thread for Warehouse 28
1月 02, 2026 7:41:03 下午 spec.jbb.JBBmain DoARun -> 信息:   started user thread for Warehouse 29
1月 02, 2026 7:41:03 下午 spec.jbb.JBBmain DoARun -> 信息:   started user thread for Warehouse 30
1月 02, 2026 7:41:03 下午 spec.jbb.JBBmain DoARun -> 信息:   started user thread for Warehouse 31
1月 02, 2026 7:41:03 下午 spec.jbb.JBBmain DoARun -> 信息:   started user thread for Warehouse 32
1月 02, 2026 7:41:03 下午 spec.jbb.JBBmain DoARun -> 信息:   started user thread for Warehouse 33
1月 02, 2026 7:41:03 下午 spec.jbb.JBBmain DoARun -> 信息:   started user thread for Warehouse 34
1月 02, 2026 7:41:03 下午 spec.jbb.JBBmain DoARun -> 信息:   started user thread for Warehouse 35
1月 02, 2026 7:41:03 下午 spec.jbb.JBBmain DoARun -> 信息:   started user thread for Warehouse 36
1月 02, 2026 7:41:03 下午 spec.jbb.JBBmain DoARun -> 信息:   started user thread for Warehouse 37
1月 02, 2026 7:41:03 下午 spec.jbb.JBBmain DoARun -> 信息:   started user thread for Warehouse 38
1月 02, 2026 7:41:03 下午 spec.jbb.JBBmain DoARun -> 信息:   started user thread for Warehouse 39
1月 02, 2026 7:41:03 下午 spec.jbb.JBBmain DoARun -> 信息:   started user thread for Warehouse 40
1月 02, 2026 7:41:03 下午 spec.jbb.JBBmain DoARun -> 信息:   started user thread for Warehouse 41
1月 02, 2026 7:41:03 下午 spec.jbb.JBBmain DoARun -> 信息:   started user thread for Warehouse 42
1月 02, 2026 7:41:03 下午 spec.jbb.JBBmain DoARun -> 信息:   started user thread for Warehouse 43
1月 02, 2026 7:41:03 下午 spec.jbb.JBBmain DoARun -> 信息:   started user thread for Warehouse 44
1月 02, 2026 7:41:03 下午 spec.jbb.JBBmain DoARun -> 信息:   started user thread for Warehouse 45
1月 02, 2026 7:41:03 下午 spec.jbb.JBBmain DoARun -> 信息:   started user thread for Warehouse 46
1月 02, 2026 7:41:03 下午 spec.jbb.JBBmain DoARun -> 信息:   started user thread for Warehouse 47
1月 02, 2026 7:41:03 下午 spec.jbb.JBBmain DoARun -> 信息:   started user thread for Warehouse 48
1月 02, 2026 7:41:03 下午 spec.jbb.JBBmain DoARun -> 信息:   started user thread for Warehouse 49
1月 02, 2026 7:41:03 下午 spec.jbb.JBBmain DoARun -> 信息:   started user thread for Warehouse 50
1月 02, 2026 7:41:03 下午 spec.jbb.JBBmain DoARun -> 信息:   started user thread for Warehouse 51
1月 02, 2026 7:41:03 下午 spec.jbb.JBBmain DoARun -> 信息:   started user thread for Warehouse 52
1月 02, 2026 7:41:03 下午 spec.jbb.JBBmain DoARun -> 信息:   started user thread for Warehouse 53
1月 02, 2026 7:41:03 下午 spec.jbb.JBBmain DoARun -> 信息:   started user thread for Warehouse 54
1月 02, 2026 7:41:03 下午 spec.jbb.JBBmain DoARun -> 信息:   started user thread for Warehouse 55
1月 02, 2026 7:41:03 下午 spec.jbb.JBBmain DoARun -> 信息:   started user thread for Warehouse 56
1月 02, 2026 7:41:03 下午 spec.jbb.JBBmain DoARun -> 信息:   started user thread for Warehouse 57
1月 02, 2026 7:41:03 下午 spec.jbb.JBBmain DoARun -> 信息:   started user thread for Warehouse 58
1月 02, 2026 7:41:03 下午 spec.jbb.JBBmain DoARun -> 信息:   started user thread for Warehouse 59
1月 02, 2026 7:41:03 下午 spec.jbb.JBBmain DoARun -> 信息:   started user thread for Warehouse 60
1月 02, 2026 7:41:03 下午 spec.jbb.JBBmain DoARun -> 信息:   started user thread for Warehouse 61
1月 02, 2026 7:41:03 下午 spec.jbb.JBBmain DoARun -> 信息:   started user thread for Warehouse 62
1月 02, 2026 7:41:03 下午 spec.jbb.JBBmain DoARun -> 信息:   started user thread for Warehouse 63
1月 02, 2026 7:41:03 下午 spec.jbb.JBBmain DoARun -> 信息:   started user thread for Warehouse 64
1月 02, 2026 7:41:03 下午 spec.jbb.JBBmain DoARun -> 信息:   started user thread for Warehouse 65
1月 02, 2026 7:41:03 下午 spec.jbb.JBBmain DoARun -> 信息:   started user thread for Warehouse 66
1月 02, 2026 7:41:03 下午 spec.jbb.JBBmain DoARun -> 信息:   started user thread for Warehouse 67
1月 02, 2026 7:41:03 下午 spec.jbb.JBBmain DoARun -> 信息:   started user thread for Warehouse 68
1月 02, 2026 7:41:03 下午 spec.jbb.JBBmain DoARun -> 信息:   started user thread for Warehouse 69
1月 02, 2026 7:41:03 下午 spec.jbb.JBBmain DoARun -> 信息:   started user thread for Warehouse 70
1月 02, 2026 7:41:03 下午 spec.jbb.JBBmain DoARun -> 信息:   started user thread for Warehouse 71
1月 02, 2026 7:41:03 下午 spec.jbb.JBBmain DoARun -> 信息:   started user thread for Warehouse 72
1月 02, 2026 7:41:03 下午 spec.jbb.JBBmain DoARun -> 信息:   started user thread for Warehouse 73
1月 02, 2026 7:41:03 下午 spec.jbb.JBBmain DoARun -> 信息:   started user thread for Warehouse 74
1月 02, 2026 7:41:03 下午 spec.jbb.JBBmain DoARun -> 信息:   started user thread for Warehouse 75
1月 02, 2026 7:41:03 下午 spec.jbb.JBBmain DoARun -> 信息:   started user thread for Warehouse 76
1月 02, 2026 7:41:03 下午 spec.jbb.JBBmain DoARun -> 信息:   started user thread for Warehouse 77
1月 02, 2026 7:41:03 下午 spec.jbb.Company displayResultTotals -> 信息: Timing Measurement began Fri Jan 02 19:41:03 CST 2026 for 4 minutes
1月 02, 2026 7:45:03 下午 spec.jbb.Company displayResultTotals -> 信息: Timing Measurement ended Fri Jan 02 19:45:03 CST 2026
1月 02, 2026 7:45:03 下午 spec.jbb.Company primeWithDummyData -> 信息: Loading Warehouse 78...
1月 02, 2026 7:45:04 下午 spec.jbb.JBBmain DoARun -> 信息: Start User Threads
1月 02, 2026 7:45:04 下午 spec.jbb.JBBmain DoARun -> 信息:   started user thread for Warehouse 1
1月 02, 2026 7:45:04 下午 spec.jbb.JBBmain DoARun -> 信息:   started user thread for Warehouse 2
1月 02, 2026 7:45:04 下午 spec.jbb.JBBmain DoARun -> 信息:   started user thread for Warehouse 3
1月 02, 2026 7:45:04 下午 spec.jbb.JBBmain DoARun -> 信息:   started user thread for Warehouse 4
1月 02, 2026 7:45:04 下午 spec.jbb.JBBmain DoARun -> 信息:   started user thread for Warehouse 5
1月 02, 2026 7:45:04 下午 spec.jbb.JBBmain DoARun -> 信息:   started user thread for Warehouse 6
1月 02, 2026 7:45:04 下午 spec.jbb.JBBmain DoARun -> 信息:   started user thread for Warehouse 7
1月 02, 2026 7:45:04 下午 spec.jbb.JBBmain DoARun -> 信息:   started user thread for Warehouse 8
1月 02, 2026 7:45:04 下午 spec.jbb.JBBmain DoARun -> 信息:   started user thread for Warehouse 9
1月 02, 2026 7:45:04 下午 spec.jbb.JBBmain DoARun -> 信息:   started user thread for Warehouse 10
1月 02, 2026 7:45:04 下午 spec.jbb.JBBmain DoARun -> 信息:   started user thread for Warehouse 11
1月 02, 2026 7:45:04 下午 spec.jbb.JBBmain DoARun -> 信息:   started user thread for Warehouse 12
1月 02, 2026 7:45:04 下午 spec.jbb.JBBmain DoARun -> 信息:   started user thread for Warehouse 13
1月 02, 2026 7:45:04 下午 spec.jbb.JBBmain DoARun -> 信息:   started user thread for Warehouse 14
1月 02, 2026 7:45:04 下午 spec.jbb.JBBmain DoARun -> 信息:   started user thread for Warehouse 15
1月 02, 2026 7:45:04 下午 spec.jbb.JBBmain DoARun -> 信息:   started user thread for Warehouse 16
1月 02, 2026 7:45:04 下午 spec.jbb.JBBmain DoARun -> 信息:   started user thread for Warehouse 17
1月 02, 2026 7:45:04 下午 spec.jbb.JBBmain DoARun -> 信息:   started user thread for Warehouse 18
1月 02, 2026 7:45:04 下午 spec.jbb.JBBmain DoARun -> 信息:   started user thread for Warehouse 19
1月 02, 2026 7:45:04 下午 spec.jbb.JBBmain DoARun -> 信息:   started user thread for Warehouse 20
1月 02, 2026 7:45:04 下午 spec.jbb.JBBmain DoARun -> 信息:   started user thread for Warehouse 21
1月 02, 2026 7:45:04 下午 spec.jbb.JBBmain DoARun -> 信息:   started user thread for Warehouse 22
1月 02, 2026 7:45:04 下午 spec.jbb.JBBmain DoARun -> 信息:   started user thread for Warehouse 23
1月 02, 2026 7:45:04 下午 spec.jbb.JBBmain DoARun -> 信息:   started user thread for Warehouse 24
1月 02, 2026 7:45:04 下午 spec.jbb.JBBmain DoARun -> 信息:   started user thread for Warehouse 25
1月 02, 2026 7:45:04 下午 spec.jbb.JBBmain DoARun -> 信息:   started user thread for Warehouse 26
1月 02, 2026 7:45:04 下午 spec.jbb.JBBmain DoARun -> 信息:   started user thread for Warehouse 27
1月 02, 2026 7:45:04 下午 spec.jbb.JBBmain DoARun -> 信息:   started user thread for Warehouse 28
1月 02, 2026 7:45:04 下午 spec.jbb.JBBmain DoARun -> 信息:   started user thread for Warehouse 29
1月 02, 2026 7:45:04 下午 spec.jbb.JBBmain DoARun -> 信息:   started user thread for Warehouse 30
1月 02, 2026 7:45:04 下午 spec.jbb.JBBmain DoARun -> 信息:   started user thread for Warehouse 31
1月 02, 2026 7:45:04 下午 spec.jbb.JBBmain DoARun -> 信息:   started user thread for Warehouse 32
1月 02, 2026 7:45:04 下午 spec.jbb.JBBmain DoARun -> 信息:   started user thread for Warehouse 33
1月 02, 2026 7:45:04 下午 spec.jbb.JBBmain DoARun -> 信息:   started user thread for Warehouse 34
1月 02, 2026 7:45:04 下午 spec.jbb.JBBmain DoARun -> 信息:   started user thread for Warehouse 35
1月 02, 2026 7:45:04 下午 spec.jbb.JBBmain DoARun -> 信息:   started user thread for Warehouse 36
1月 02, 2026 7:45:04 下午 spec.jbb.JBBmain DoARun -> 信息:   started user thread for Warehouse 37
1月 02, 2026 7:45:04 下午 spec.jbb.JBBmain DoARun -> 信息:   started user thread for Warehouse 38
1月 02, 2026 7:45:04 下午 spec.jbb.JBBmain DoARun -> 信息:   started user thread for Warehouse 39
1月 02, 2026 7:45:04 下午 spec.jbb.JBBmain DoARun -> 信息:   started user thread for Warehouse 40
1月 02, 2026 7:45:04 下午 spec.jbb.JBBmain DoARun -> 信息:   started user thread for Warehouse 41
1月 02, 2026 7:45:04 下午 spec.jbb.JBBmain DoARun -> 信息:   started user thread for Warehouse 42
1月 02, 2026 7:45:04 下午 spec.jbb.JBBmain DoARun -> 信息:   started user thread for Warehouse 43
1月 02, 2026 7:45:04 下午 spec.jbb.JBBmain DoARun -> 信息:   started user thread for Warehouse 44
1月 02, 2026 7:45:04 下午 spec.jbb.JBBmain DoARun -> 信息:   started user thread for Warehouse 45
1月 02, 2026 7:45:04 下午 spec.jbb.JBBmain DoARun -> 信息:   started user thread for Warehouse 46
1月 02, 2026 7:45:04 下午 spec.jbb.JBBmain DoARun -> 信息:   started user thread for Warehouse 47
1月 02, 2026 7:45:04 下午 spec.jbb.JBBmain DoARun -> 信息:   started user thread for Warehouse 48
1月 02, 2026 7:45:04 下午 spec.jbb.JBBmain DoARun -> 信息:   started user thread for Warehouse 49
1月 02, 2026 7:45:04 下午 spec.jbb.JBBmain DoARun -> 信息:   started user thread for Warehouse 50
1月 02, 2026 7:45:04 下午 spec.jbb.JBBmain DoARun -> 信息:   started user thread for Warehouse 51
1月 02, 2026 7:45:04 下午 spec.jbb.JBBmain DoARun -> 信息:   started user thread for Warehouse 52
1月 02, 2026 7:45:04 下午 spec.jbb.JBBmain DoARun -> 信息:   started user thread for Warehouse 53
1月 02, 2026 7:45:04 下午 spec.jbb.JBBmain DoARun -> 信息:   started user thread for Warehouse 54
1月 02, 2026 7:45:04 下午 spec.jbb.JBBmain DoARun -> 信息:   started user thread for Warehouse 55
1月 02, 2026 7:45:04 下午 spec.jbb.JBBmain DoARun -> 信息:   started user thread for Warehouse 56
1月 02, 2026 7:45:04 下午 spec.jbb.JBBmain DoARun -> 信息:   started user thread for Warehouse 57
1月 02, 2026 7:45:04 下午 spec.jbb.JBBmain DoARun -> 信息:   started user thread for Warehouse 58
1月 02, 2026 7:45:04 下午 spec.jbb.JBBmain DoARun -> 信息:   started user thread for Warehouse 59
1月 02, 2026 7:45:04 下午 spec.jbb.JBBmain DoARun -> 信息:   started user thread for Warehouse 60
1月 02, 2026 7:45:04 下午 spec.jbb.JBBmain DoARun -> 信息:   started user thread for Warehouse 61
1月 02, 2026 7:45:04 下午 spec.jbb.JBBmain DoARun -> 信息:   started user thread for Warehouse 62
1月 02, 2026 7:45:04 下午 spec.jbb.JBBmain DoARun -> 信息:   started user thread for Warehouse 63
1月 02, 2026 7:45:04 下午 spec.jbb.JBBmain DoARun -> 信息:   started user thread for Warehouse 64
1月 02, 2026 7:45:04 下午 spec.jbb.JBBmain DoARun -> 信息:   started user thread for Warehouse 65
1月 02, 2026 7:45:04 下午 spec.jbb.JBBmain DoARun -> 信息:   started user thread for Warehouse 66
1月 02, 2026 7:45:04 下午 spec.jbb.JBBmain DoARun -> 信息:   started user thread for Warehouse 67
1月 02, 2026 7:45:04 下午 spec.jbb.JBBmain DoARun -> 信息:   started user thread for Warehouse 68
1月 02, 2026 7:45:04 下午 spec.jbb.JBBmain DoARun -> 信息:   started user thread for Warehouse 69
1月 02, 2026 7:45:04 下午 spec.jbb.JBBmain DoARun -> 信息:   started user thread for Warehouse 70
1月 02, 2026 7:45:04 下午 spec.jbb.JBBmain DoARun -> 信息:   started user thread for Warehouse 71
1月 02, 2026 7:45:04 下午 spec.jbb.JBBmain DoARun -> 信息:   started user thread for Warehouse 72
1月 02, 2026 7:45:04 下午 spec.jbb.JBBmain DoARun -> 信息:   started user thread for Warehouse 73
1月 02, 2026 7:45:04 下午 spec.jbb.JBBmain DoARun -> 信息:   started user thread for Warehouse 74
1月 02, 2026 7:45:04 下午 spec.jbb.JBBmain DoARun -> 信息:   started user thread for Warehouse 75
1月 02, 2026 7:45:04 下午 spec.jbb.JBBmain DoARun -> 信息:   started user thread for Warehouse 76
1月 02, 2026 7:45:04 下午 spec.jbb.JBBmain DoARun -> 信息:   started user thread for Warehouse 77
1月 02, 2026 7:45:04 下午 spec.jbb.JBBmain DoARun -> 信息:   started user thread for Warehouse 78
1月 02, 2026 7:45:04 下午 spec.jbb.Company displayResultTotals -> 信息: Timing Measurement began Fri Jan 02 19:45:04 CST 2026 for 4 minutes
1月 02, 2026 7:49:04 下午 spec.jbb.Company displayResultTotals -> 信息: Timing Measurement ended Fri Jan 02 19:49:04 CST 2026
1月 02, 2026 7:49:04 下午 spec.jbb.Company primeWithDummyData -> 信息: Loading Warehouse 79...
1月 02, 2026 7:49:04 下午 spec.jbb.JBBmain DoARun -> 信息: Start User Threads
1月 02, 2026 7:49:04 下午 spec.jbb.JBBmain DoARun -> 信息:   started user thread for Warehouse 1
1月 02, 2026 7:49:04 下午 spec.jbb.JBBmain DoARun -> 信息:   started user thread for Warehouse 2
1月 02, 2026 7:49:04 下午 spec.jbb.JBBmain DoARun -> 信息:   started user thread for Warehouse 3
1月 02, 2026 7:49:04 下午 spec.jbb.JBBmain DoARun -> 信息:   started user thread for Warehouse 4
1月 02, 2026 7:49:04 下午 spec.jbb.JBBmain DoARun -> 信息:   started user thread for Warehouse 5
1月 02, 2026 7:49:04 下午 spec.jbb.JBBmain DoARun -> 信息:   started user thread for Warehouse 6
1月 02, 2026 7:49:04 下午 spec.jbb.JBBmain DoARun -> 信息:   started user thread for Warehouse 7
1月 02, 2026 7:49:04 下午 spec.jbb.JBBmain DoARun -> 信息:   started user thread for Warehouse 8
1月 02, 2026 7:49:04 下午 spec.jbb.JBBmain DoARun -> 信息:   started user thread for Warehouse 9
1月 02, 2026 7:49:04 下午 spec.jbb.JBBmain DoARun -> 信息:   started user thread for Warehouse 10
1月 02, 2026 7:49:04 下午 spec.jbb.JBBmain DoARun -> 信息:   started user thread for Warehouse 11
1月 02, 2026 7:49:04 下午 spec.jbb.JBBmain DoARun -> 信息:   started user thread for Warehouse 12
1月 02, 2026 7:49:04 下午 spec.jbb.JBBmain DoARun -> 信息:   started user thread for Warehouse 13
1月 02, 2026 7:49:04 下午 spec.jbb.JBBmain DoARun -> 信息:   started user thread for Warehouse 14
1月 02, 2026 7:49:04 下午 spec.jbb.JBBmain DoARun -> 信息:   started user thread for Warehouse 15
1月 02, 2026 7:49:04 下午 spec.jbb.JBBmain DoARun -> 信息:   started user thread for Warehouse 16
1月 02, 2026 7:49:04 下午 spec.jbb.JBBmain DoARun -> 信息:   started user thread for Warehouse 17
1月 02, 2026 7:49:04 下午 spec.jbb.JBBmain DoARun -> 信息:   started user thread for Warehouse 18
1月 02, 2026 7:49:04 下午 spec.jbb.JBBmain DoARun -> 信息:   started user thread for Warehouse 19
1月 02, 2026 7:49:04 下午 spec.jbb.JBBmain DoARun -> 信息:   started user thread for Warehouse 20
1月 02, 2026 7:49:04 下午 spec.jbb.JBBmain DoARun -> 信息:   started user thread for Warehouse 21
1月 02, 2026 7:49:04 下午 spec.jbb.JBBmain DoARun -> 信息:   started user thread for Warehouse 22
1月 02, 2026 7:49:04 下午 spec.jbb.JBBmain DoARun -> 信息:   started user thread for Warehouse 23
1月 02, 2026 7:49:04 下午 spec.jbb.JBBmain DoARun -> 信息:   started user thread for Warehouse 24
1月 02, 2026 7:49:04 下午 spec.jbb.JBBmain DoARun -> 信息:   started user thread for Warehouse 25
1月 02, 2026 7:49:04 下午 spec.jbb.JBBmain DoARun -> 信息:   started user thread for Warehouse 26
1月 02, 2026 7:49:04 下午 spec.jbb.JBBmain DoARun -> 信息:   started user thread for Warehouse 27
1月 02, 2026 7:49:04 下午 spec.jbb.JBBmain DoARun -> 信息:   started user thread for Warehouse 28
1月 02, 2026 7:49:04 下午 spec.jbb.JBBmain DoARun -> 信息:   started user thread for Warehouse 29
1月 02, 2026 7:49:04 下午 spec.jbb.JBBmain DoARun -> 信息:   started user thread for Warehouse 30
1月 02, 2026 7:49:04 下午 spec.jbb.JBBmain DoARun -> 信息:   started user thread for Warehouse 31
1月 02, 2026 7:49:04 下午 spec.jbb.JBBmain DoARun -> 信息:   started user thread for Warehouse 32
1月 02, 2026 7:49:04 下午 spec.jbb.JBBmain DoARun -> 信息:   started user thread for Warehouse 33
1月 02, 2026 7:49:04 下午 spec.jbb.JBBmain DoARun -> 信息:   started user thread for Warehouse 34
1月 02, 2026 7:49:04 下午 spec.jbb.JBBmain DoARun -> 信息:   started user thread for Warehouse 35
1月 02, 2026 7:49:04 下午 spec.jbb.JBBmain DoARun -> 信息:   started user thread for Warehouse 36
1月 02, 2026 7:49:04 下午 spec.jbb.JBBmain DoARun -> 信息:   started user thread for Warehouse 37
1月 02, 2026 7:49:04 下午 spec.jbb.JBBmain DoARun -> 信息:   started user thread for Warehouse 38
1月 02, 2026 7:49:04 下午 spec.jbb.JBBmain DoARun -> 信息:   started user thread for Warehouse 39
1月 02, 2026 7:49:04 下午 spec.jbb.JBBmain DoARun -> 信息:   started user thread for Warehouse 40
1月 02, 2026 7:49:04 下午 spec.jbb.JBBmain DoARun -> 信息:   started user thread for Warehouse 41
1月 02, 2026 7:49:04 下午 spec.jbb.JBBmain DoARun -> 信息:   started user thread for Warehouse 42
1月 02, 2026 7:49:04 下午 spec.jbb.JBBmain DoARun -> 信息:   started user thread for Warehouse 43
1月 02, 2026 7:49:04 下午 spec.jbb.JBBmain DoARun -> 信息:   started user thread for Warehouse 44
1月 02, 2026 7:49:04 下午 spec.jbb.JBBmain DoARun -> 信息:   started user thread for Warehouse 45
1月 02, 2026 7:49:04 下午 spec.jbb.JBBmain DoARun -> 信息:   started user thread for Warehouse 46
1月 02, 2026 7:49:04 下午 spec.jbb.JBBmain DoARun -> 信息:   started user thread for Warehouse 47
1月 02, 2026 7:49:04 下午 spec.jbb.JBBmain DoARun -> 信息:   started user thread for Warehouse 48
1月 02, 2026 7:49:04 下午 spec.jbb.JBBmain DoARun -> 信息:   started user thread for Warehouse 49
1月 02, 2026 7:49:04 下午 spec.jbb.JBBmain DoARun -> 信息:   started user thread for Warehouse 50
1月 02, 2026 7:49:04 下午 spec.jbb.JBBmain DoARun -> 信息:   started user thread for Warehouse 51
1月 02, 2026 7:49:04 下午 spec.jbb.JBBmain DoARun -> 信息:   started user thread for Warehouse 52
1月 02, 2026 7:49:04 下午 spec.jbb.JBBmain DoARun -> 信息:   started user thread for Warehouse 53
1月 02, 2026 7:49:04 下午 spec.jbb.JBBmain DoARun -> 信息:   started user thread for Warehouse 54
1月 02, 2026 7:49:04 下午 spec.jbb.JBBmain DoARun -> 信息:   started user thread for Warehouse 55
1月 02, 2026 7:49:04 下午 spec.jbb.JBBmain DoARun -> 信息:   started user thread for Warehouse 56
1月 02, 2026 7:49:04 下午 spec.jbb.JBBmain DoARun -> 信息:   started user thread for Warehouse 57
1月 02, 2026 7:49:04 下午 spec.jbb.JBBmain DoARun -> 信息:   started user thread for Warehouse 58
1月 02, 2026 7:49:04 下午 spec.jbb.JBBmain DoARun -> 信息:   started user thread for Warehouse 59
1月 02, 2026 7:49:04 下午 spec.jbb.JBBmain DoARun -> 信息:   started user thread for Warehouse 60
1月 02, 2026 7:49:04 下午 spec.jbb.JBBmain DoARun -> 信息:   started user thread for Warehouse 61
1月 02, 2026 7:49:04 下午 spec.jbb.JBBmain DoARun -> 信息:   started user thread for Warehouse 62
1月 02, 2026 7:49:04 下午 spec.jbb.JBBmain DoARun -> 信息:   started user thread for Warehouse 63
1月 02, 2026 7:49:04 下午 spec.jbb.JBBmain DoARun -> 信息:   started user thread for Warehouse 64
1月 02, 2026 7:49:04 下午 spec.jbb.JBBmain DoARun -> 信息:   started user thread for Warehouse 65
1月 02, 2026 7:49:04 下午 spec.jbb.JBBmain DoARun -> 信息:   started user thread for Warehouse 66
1月 02, 2026 7:49:04 下午 spec.jbb.JBBmain DoARun -> 信息:   started user thread for Warehouse 67
1月 02, 2026 7:49:04 下午 spec.jbb.JBBmain DoARun -> 信息:   started user thread for Warehouse 68
1月 02, 2026 7:49:04 下午 spec.jbb.JBBmain DoARun -> 信息:   started user thread for Warehouse 69
1月 02, 2026 7:49:04 下午 spec.jbb.JBBmain DoARun -> 信息:   started user thread for Warehouse 70
1月 02, 2026 7:49:04 下午 spec.jbb.JBBmain DoARun -> 信息:   started user thread for Warehouse 71
1月 02, 2026 7:49:04 下午 spec.jbb.JBBmain DoARun -> 信息:   started user thread for Warehouse 72
1月 02, 2026 7:49:04 下午 spec.jbb.JBBmain DoARun -> 信息:   started user thread for Warehouse 73
1月 02, 2026 7:49:04 下午 spec.jbb.JBBmain DoARun -> 信息:   started user thread for Warehouse 74
1月 02, 2026 7:49:04 下午 spec.jbb.JBBmain DoARun -> 信息:   started user thread for Warehouse 75
1月 02, 2026 7:49:04 下午 spec.jbb.JBBmain DoARun -> 信息:   started user thread for Warehouse 76
1月 02, 2026 7:49:04 下午 spec.jbb.JBBmain DoARun -> 信息:   started user thread for Warehouse 77
1月 02, 2026 7:49:04 下午 spec.jbb.JBBmain DoARun -> 信息:   started user thread for Warehouse 78
1月 02, 2026 7:49:04 下午 spec.jbb.JBBmain DoARun -> 信息:   started user thread for Warehouse 79
1月 02, 2026 7:49:04 下午 spec.jbb.Company displayResultTotals -> 信息: Timing Measurement began Fri Jan 02 19:49:04 CST 2026 for 4 minutes
1月 02, 2026 7:53:04 下午 spec.jbb.Company displayResultTotals -> 信息: Timing Measurement ended Fri Jan 02 19:53:04 CST 2026
1月 02, 2026 7:53:04 下午 spec.jbb.Company primeWithDummyData -> 信息: Loading Warehouse 80...
1月 02, 2026 7:53:04 下午 spec.jbb.JBBmain DoARun -> 信息: Start User Threads
1月 02, 2026 7:53:04 下午 spec.jbb.JBBmain DoARun -> 信息:   started user thread for Warehouse 1
1月 02, 2026 7:53:04 下午 spec.jbb.JBBmain DoARun -> 信息:   started user thread for Warehouse 2
1月 02, 2026 7:53:04 下午 spec.jbb.JBBmain DoARun -> 信息:   started user thread for Warehouse 3
1月 02, 2026 7:53:04 下午 spec.jbb.JBBmain DoARun -> 信息:   started user thread for Warehouse 4
1月 02, 2026 7:53:04 下午 spec.jbb.JBBmain DoARun -> 信息:   started user thread for Warehouse 5
1月 02, 2026 7:53:04 下午 spec.jbb.JBBmain DoARun -> 信息:   started user thread for Warehouse 6
1月 02, 2026 7:53:04 下午 spec.jbb.JBBmain DoARun -> 信息:   started user thread for Warehouse 7
1月 02, 2026 7:53:04 下午 spec.jbb.JBBmain DoARun -> 信息:   started user thread for Warehouse 8
1月 02, 2026 7:53:04 下午 spec.jbb.JBBmain DoARun -> 信息:   started user thread for Warehouse 9
1月 02, 2026 7:53:04 下午 spec.jbb.JBBmain DoARun -> 信息:   started user thread for Warehouse 10
1月 02, 2026 7:53:04 下午 spec.jbb.JBBmain DoARun -> 信息:   started user thread for Warehouse 11
1月 02, 2026 7:53:04 下午 spec.jbb.JBBmain DoARun -> 信息:   started user thread for Warehouse 12
1月 02, 2026 7:53:04 下午 spec.jbb.JBBmain DoARun -> 信息:   started user thread for Warehouse 13
1月 02, 2026 7:53:04 下午 spec.jbb.JBBmain DoARun -> 信息:   started user thread for Warehouse 14
1月 02, 2026 7:53:04 下午 spec.jbb.JBBmain DoARun -> 信息:   started user thread for Warehouse 15
1月 02, 2026 7:53:04 下午 spec.jbb.JBBmain DoARun -> 信息:   started user thread for Warehouse 16
1月 02, 2026 7:53:04 下午 spec.jbb.JBBmain DoARun -> 信息:   started user thread for Warehouse 17
1月 02, 2026 7:53:04 下午 spec.jbb.JBBmain DoARun -> 信息:   started user thread for Warehouse 18
1月 02, 2026 7:53:04 下午 spec.jbb.JBBmain DoARun -> 信息:   started user thread for Warehouse 19
1月 02, 2026 7:53:04 下午 spec.jbb.JBBmain DoARun -> 信息:   started user thread for Warehouse 20
1月 02, 2026 7:53:04 下午 spec.jbb.JBBmain DoARun -> 信息:   started user thread for Warehouse 21
1月 02, 2026 7:53:04 下午 spec.jbb.JBBmain DoARun -> 信息:   started user thread for Warehouse 22
1月 02, 2026 7:53:04 下午 spec.jbb.JBBmain DoARun -> 信息:   started user thread for Warehouse 23
1月 02, 2026 7:53:04 下午 spec.jbb.JBBmain DoARun -> 信息:   started user thread for Warehouse 24
1月 02, 2026 7:53:04 下午 spec.jbb.JBBmain DoARun -> 信息:   started user thread for Warehouse 25
1月 02, 2026 7:53:04 下午 spec.jbb.JBBmain DoARun -> 信息:   started user thread for Warehouse 26
1月 02, 2026 7:53:04 下午 spec.jbb.JBBmain DoARun -> 信息:   started user thread for Warehouse 27
1月 02, 2026 7:53:04 下午 spec.jbb.JBBmain DoARun -> 信息:   started user thread for Warehouse 28
1月 02, 2026 7:53:04 下午 spec.jbb.JBBmain DoARun -> 信息:   started user thread for Warehouse 29
1月 02, 2026 7:53:04 下午 spec.jbb.JBBmain DoARun -> 信息:   started user thread for Warehouse 30
1月 02, 2026 7:53:04 下午 spec.jbb.JBBmain DoARun -> 信息:   started user thread for Warehouse 31
1月 02, 2026 7:53:04 下午 spec.jbb.JBBmain DoARun -> 信息:   started user thread for Warehouse 32
1月 02, 2026 7:53:04 下午 spec.jbb.JBBmain DoARun -> 信息:   started user thread for Warehouse 33
1月 02, 2026 7:53:04 下午 spec.jbb.JBBmain DoARun -> 信息:   started user thread for Warehouse 34
1月 02, 2026 7:53:04 下午 spec.jbb.JBBmain DoARun -> 信息:   started user thread for Warehouse 35
1月 02, 2026 7:53:04 下午 spec.jbb.JBBmain DoARun -> 信息:   started user thread for Warehouse 36
1月 02, 2026 7:53:04 下午 spec.jbb.JBBmain DoARun -> 信息:   started user thread for Warehouse 37
1月 02, 2026 7:53:04 下午 spec.jbb.JBBmain DoARun -> 信息:   started user thread for Warehouse 38
1月 02, 2026 7:53:04 下午 spec.jbb.JBBmain DoARun -> 信息:   started user thread for Warehouse 39
1月 02, 2026 7:53:04 下午 spec.jbb.JBBmain DoARun -> 信息:   started user thread for Warehouse 40
1月 02, 2026 7:53:04 下午 spec.jbb.JBBmain DoARun -> 信息:   started user thread for Warehouse 41
1月 02, 2026 7:53:04 下午 spec.jbb.JBBmain DoARun -> 信息:   started user thread for Warehouse 42
1月 02, 2026 7:53:04 下午 spec.jbb.JBBmain DoARun -> 信息:   started user thread for Warehouse 43
1月 02, 2026 7:53:04 下午 spec.jbb.JBBmain DoARun -> 信息:   started user thread for Warehouse 44
1月 02, 2026 7:53:04 下午 spec.jbb.JBBmain DoARun -> 信息:   started user thread for Warehouse 45
1月 02, 2026 7:53:04 下午 spec.jbb.JBBmain DoARun -> 信息:   started user thread for Warehouse 46
1月 02, 2026 7:53:04 下午 spec.jbb.JBBmain DoARun -> 信息:   started user thread for Warehouse 47
1月 02, 2026 7:53:04 下午 spec.jbb.JBBmain DoARun -> 信息:   started user thread for Warehouse 48
1月 02, 2026 7:53:04 下午 spec.jbb.JBBmain DoARun -> 信息:   started user thread for Warehouse 49
1月 02, 2026 7:53:04 下午 spec.jbb.JBBmain DoARun -> 信息:   started user thread for Warehouse 50
1月 02, 2026 7:53:04 下午 spec.jbb.JBBmain DoARun -> 信息:   started user thread for Warehouse 51
1月 02, 2026 7:53:04 下午 spec.jbb.JBBmain DoARun -> 信息:   started user thread for Warehouse 52
1月 02, 2026 7:53:04 下午 spec.jbb.JBBmain DoARun -> 信息:   started user thread for Warehouse 53
1月 02, 2026 7:53:04 下午 spec.jbb.JBBmain DoARun -> 信息:   started user thread for Warehouse 54
1月 02, 2026 7:53:04 下午 spec.jbb.JBBmain DoARun -> 信息:   started user thread for Warehouse 55
1月 02, 2026 7:53:04 下午 spec.jbb.JBBmain DoARun -> 信息:   started user thread for Warehouse 56
1月 02, 2026 7:53:04 下午 spec.jbb.JBBmain DoARun -> 信息:   started user thread for Warehouse 57
1月 02, 2026 7:53:04 下午 spec.jbb.JBBmain DoARun -> 信息:   started user thread for Warehouse 58
1月 02, 2026 7:53:04 下午 spec.jbb.JBBmain DoARun -> 信息:   started user thread for Warehouse 59
1月 02, 2026 7:53:04 下午 spec.jbb.JBBmain DoARun -> 信息:   started user thread for Warehouse 60
1月 02, 2026 7:53:04 下午 spec.jbb.JBBmain DoARun -> 信息:   started user thread for Warehouse 61
1月 02, 2026 7:53:04 下午 spec.jbb.JBBmain DoARun -> 信息:   started user thread for Warehouse 62
1月 02, 2026 7:53:04 下午 spec.jbb.JBBmain DoARun -> 信息:   started user thread for Warehouse 63
1月 02, 2026 7:53:04 下午 spec.jbb.JBBmain DoARun -> 信息:   started user thread for Warehouse 64
1月 02, 2026 7:53:04 下午 spec.jbb.JBBmain DoARun -> 信息:   started user thread for Warehouse 65
1月 02, 2026 7:53:04 下午 spec.jbb.JBBmain DoARun -> 信息:   started user thread for Warehouse 66
1月 02, 2026 7:53:04 下午 spec.jbb.JBBmain DoARun -> 信息:   started user thread for Warehouse 67
1月 02, 2026 7:53:04 下午 spec.jbb.JBBmain DoARun -> 信息:   started user thread for Warehouse 68
1月 02, 2026 7:53:04 下午 spec.jbb.JBBmain DoARun -> 信息:   started user thread for Warehouse 69
1月 02, 2026 7:53:04 下午 spec.jbb.JBBmain DoARun -> 信息:   started user thread for Warehouse 70
1月 02, 2026 7:53:04 下午 spec.jbb.JBBmain DoARun -> 信息:   started user thread for Warehouse 71
1月 02, 2026 7:53:04 下午 spec.jbb.JBBmain DoARun -> 信息:   started user thread for Warehouse 72
1月 02, 2026 7:53:04 下午 spec.jbb.JBBmain DoARun -> 信息:   started user thread for Warehouse 73
1月 02, 2026 7:53:04 下午 spec.jbb.JBBmain DoARun -> 信息:   started user thread for Warehouse 74
1月 02, 2026 7:53:04 下午 spec.jbb.JBBmain DoARun -> 信息:   started user thread for Warehouse 75
1月 02, 2026 7:53:04 下午 spec.jbb.JBBmain DoARun -> 信息:   started user thread for Warehouse 76
1月 02, 2026 7:53:04 下午 spec.jbb.JBBmain DoARun -> 信息:   started user thread for Warehouse 77
1月 02, 2026 7:53:04 下午 spec.jbb.JBBmain DoARun -> 信息:   started user thread for Warehouse 78
1月 02, 2026 7:53:04 下午 spec.jbb.JBBmain DoARun -> 信息:   started user thread for Warehouse 79
1月 02, 2026 7:53:04 下午 spec.jbb.JBBmain DoARun -> 信息:   started user thread for Warehouse 80
1月 02, 2026 7:53:04 下午 spec.jbb.Company displayResultTotals -> 信息: Timing Measurement began Fri Jan 02 19:53:04 CST 2026 for 4 minutes
1月 02, 2026 7:57:04 下午 spec.jbb.Company displayResultTotals -> 信息: Timing Measurement ended Fri Jan 02 19:57:04 CST 2026
1月 02, 2026 7:57:05 下午 spec.jbb.Company primeWithDummyData -> 信息: Loading Warehouse 81...
1月 02, 2026 7:57:05 下午 spec.jbb.JBBmain DoARun -> 信息: Start User Threads
1月 02, 2026 7:57:05 下午 spec.jbb.JBBmain DoARun -> 信息:   started user thread for Warehouse 1
1月 02, 2026 7:57:05 下午 spec.jbb.JBBmain DoARun -> 信息:   started user thread for Warehouse 2
1月 02, 2026 7:57:05 下午 spec.jbb.JBBmain DoARun -> 信息:   started user thread for Warehouse 3
1月 02, 2026 7:57:05 下午 spec.jbb.JBBmain DoARun -> 信息:   started user thread for Warehouse 4
1月 02, 2026 7:57:05 下午 spec.jbb.JBBmain DoARun -> 信息:   started user thread for Warehouse 5
1月 02, 2026 7:57:05 下午 spec.jbb.JBBmain DoARun -> 信息:   started user thread for Warehouse 6
1月 02, 2026 7:57:05 下午 spec.jbb.JBBmain DoARun -> 信息:   started user thread for Warehouse 7
1月 02, 2026 7:57:05 下午 spec.jbb.JBBmain DoARun -> 信息:   started user thread for Warehouse 8
1月 02, 2026 7:57:05 下午 spec.jbb.JBBmain DoARun -> 信息:   started user thread for Warehouse 9
1月 02, 2026 7:57:05 下午 spec.jbb.JBBmain DoARun -> 信息:   started user thread for Warehouse 10
1月 02, 2026 7:57:05 下午 spec.jbb.JBBmain DoARun -> 信息:   started user thread for Warehouse 11
1月 02, 2026 7:57:05 下午 spec.jbb.JBBmain DoARun -> 信息:   started user thread for Warehouse 12
1月 02, 2026 7:57:05 下午 spec.jbb.JBBmain DoARun -> 信息:   started user thread for Warehouse 13
1月 02, 2026 7:57:05 下午 spec.jbb.JBBmain DoARun -> 信息:   started user thread for Warehouse 14
1月 02, 2026 7:57:05 下午 spec.jbb.JBBmain DoARun -> 信息:   started user thread for Warehouse 15
1月 02, 2026 7:57:05 下午 spec.jbb.JBBmain DoARun -> 信息:   started user thread for Warehouse 16
1月 02, 2026 7:57:05 下午 spec.jbb.JBBmain DoARun -> 信息:   started user thread for Warehouse 17
1月 02, 2026 7:57:05 下午 spec.jbb.JBBmain DoARun -> 信息:   started user thread for Warehouse 18
1月 02, 2026 7:57:05 下午 spec.jbb.JBBmain DoARun -> 信息:   started user thread for Warehouse 19
1月 02, 2026 7:57:05 下午 spec.jbb.JBBmain DoARun -> 信息:   started user thread for Warehouse 20
1月 02, 2026 7:57:05 下午 spec.jbb.JBBmain DoARun -> 信息:   started user thread for Warehouse 21
1月 02, 2026 7:57:05 下午 spec.jbb.JBBmain DoARun -> 信息:   started user thread for Warehouse 22
1月 02, 2026 7:57:05 下午 spec.jbb.JBBmain DoARun -> 信息:   started user thread for Warehouse 23
1月 02, 2026 7:57:05 下午 spec.jbb.JBBmain DoARun -> 信息:   started user thread for Warehouse 24
1月 02, 2026 7:57:05 下午 spec.jbb.JBBmain DoARun -> 信息:   started user thread for Warehouse 25
1月 02, 2026 7:57:05 下午 spec.jbb.JBBmain DoARun -> 信息:   started user thread for Warehouse 26
1月 02, 2026 7:57:05 下午 spec.jbb.JBBmain DoARun -> 信息:   started user thread for Warehouse 27
1月 02, 2026 7:57:05 下午 spec.jbb.JBBmain DoARun -> 信息:   started user thread for Warehouse 28
1月 02, 2026 7:57:05 下午 spec.jbb.JBBmain DoARun -> 信息:   started user thread for Warehouse 29
1月 02, 2026 7:57:05 下午 spec.jbb.JBBmain DoARun -> 信息:   started user thread for Warehouse 30
1月 02, 2026 7:57:05 下午 spec.jbb.JBBmain DoARun -> 信息:   started user thread for Warehouse 31
1月 02, 2026 7:57:05 下午 spec.jbb.JBBmain DoARun -> 信息:   started user thread for Warehouse 32
1月 02, 2026 7:57:05 下午 spec.jbb.JBBmain DoARun -> 信息:   started user thread for Warehouse 33
1月 02, 2026 7:57:05 下午 spec.jbb.JBBmain DoARun -> 信息:   started user thread for Warehouse 34
1月 02, 2026 7:57:05 下午 spec.jbb.JBBmain DoARun -> 信息:   started user thread for Warehouse 35
1月 02, 2026 7:57:05 下午 spec.jbb.JBBmain DoARun -> 信息:   started user thread for Warehouse 36
1月 02, 2026 7:57:05 下午 spec.jbb.JBBmain DoARun -> 信息:   started user thread for Warehouse 37
1月 02, 2026 7:57:05 下午 spec.jbb.JBBmain DoARun -> 信息:   started user thread for Warehouse 38
1月 02, 2026 7:57:05 下午 spec.jbb.JBBmain DoARun -> 信息:   started user thread for Warehouse 39
1月 02, 2026 7:57:05 下午 spec.jbb.JBBmain DoARun -> 信息:   started user thread for Warehouse 40
1月 02, 2026 7:57:05 下午 spec.jbb.JBBmain DoARun -> 信息:   started user thread for Warehouse 41
1月 02, 2026 7:57:05 下午 spec.jbb.JBBmain DoARun -> 信息:   started user thread for Warehouse 42
1月 02, 2026 7:57:05 下午 spec.jbb.JBBmain DoARun -> 信息:   started user thread for Warehouse 43
1月 02, 2026 7:57:05 下午 spec.jbb.JBBmain DoARun -> 信息:   started user thread for Warehouse 44
1月 02, 2026 7:57:05 下午 spec.jbb.JBBmain DoARun -> 信息:   started user thread for Warehouse 45
1月 02, 2026 7:57:05 下午 spec.jbb.JBBmain DoARun -> 信息:   started user thread for Warehouse 46
1月 02, 2026 7:57:05 下午 spec.jbb.JBBmain DoARun -> 信息:   started user thread for Warehouse 47
1月 02, 2026 7:57:05 下午 spec.jbb.JBBmain DoARun -> 信息:   started user thread for Warehouse 48
1月 02, 2026 7:57:05 下午 spec.jbb.JBBmain DoARun -> 信息:   started user thread for Warehouse 49
1月 02, 2026 7:57:05 下午 spec.jbb.JBBmain DoARun -> 信息:   started user thread for Warehouse 50
1月 02, 2026 7:57:05 下午 spec.jbb.JBBmain DoARun -> 信息:   started user thread for Warehouse 51
1月 02, 2026 7:57:05 下午 spec.jbb.JBBmain DoARun -> 信息:   started user thread for Warehouse 52
1月 02, 2026 7:57:05 下午 spec.jbb.JBBmain DoARun -> 信息:   started user thread for Warehouse 53
1月 02, 2026 7:57:05 下午 spec.jbb.JBBmain DoARun -> 信息:   started user thread for Warehouse 54
1月 02, 2026 7:57:05 下午 spec.jbb.JBBmain DoARun -> 信息:   started user thread for Warehouse 55
1月 02, 2026 7:57:05 下午 spec.jbb.JBBmain DoARun -> 信息:   started user thread for Warehouse 56
1月 02, 2026 7:57:05 下午 spec.jbb.JBBmain DoARun -> 信息:   started user thread for Warehouse 57
1月 02, 2026 7:57:05 下午 spec.jbb.JBBmain DoARun -> 信息:   started user thread for Warehouse 58
1月 02, 2026 7:57:05 下午 spec.jbb.JBBmain DoARun -> 信息:   started user thread for Warehouse 59
1月 02, 2026 7:57:05 下午 spec.jbb.JBBmain DoARun -> 信息:   started user thread for Warehouse 60
1月 02, 2026 7:57:05 下午 spec.jbb.JBBmain DoARun -> 信息:   started user thread for Warehouse 61
1月 02, 2026 7:57:05 下午 spec.jbb.JBBmain DoARun -> 信息:   started user thread for Warehouse 62
1月 02, 2026 7:57:05 下午 spec.jbb.JBBmain DoARun -> 信息:   started user thread for Warehouse 63
1月 02, 2026 7:57:05 下午 spec.jbb.JBBmain DoARun -> 信息:   started user thread for Warehouse 64
1月 02, 2026 7:57:05 下午 spec.jbb.JBBmain DoARun -> 信息:   started user thread for Warehouse 65
1月 02, 2026 7:57:05 下午 spec.jbb.JBBmain DoARun -> 信息:   started user thread for Warehouse 66
1月 02, 2026 7:57:05 下午 spec.jbb.JBBmain DoARun -> 信息:   started user thread for Warehouse 67
1月 02, 2026 7:57:05 下午 spec.jbb.JBBmain DoARun -> 信息:   started user thread for Warehouse 68
1月 02, 2026 7:57:05 下午 spec.jbb.JBBmain DoARun -> 信息:   started user thread for Warehouse 69
1月 02, 2026 7:57:05 下午 spec.jbb.JBBmain DoARun -> 信息:   started user thread for Warehouse 70
1月 02, 2026 7:57:05 下午 spec.jbb.JBBmain DoARun -> 信息:   started user thread for Warehouse 71
1月 02, 2026 7:57:05 下午 spec.jbb.JBBmain DoARun -> 信息:   started user thread for Warehouse 72
1月 02, 2026 7:57:05 下午 spec.jbb.JBBmain DoARun -> 信息:   started user thread for Warehouse 73
1月 02, 2026 7:57:05 下午 spec.jbb.JBBmain DoARun -> 信息:   started user thread for Warehouse 74
1月 02, 2026 7:57:05 下午 spec.jbb.JBBmain DoARun -> 信息:   started user thread for Warehouse 75
1月 02, 2026 7:57:05 下午 spec.jbb.JBBmain DoARun -> 信息:   started user thread for Warehouse 76
1月 02, 2026 7:57:05 下午 spec.jbb.JBBmain DoARun -> 信息:   started user thread for Warehouse 77
1月 02, 2026 7:57:05 下午 spec.jbb.JBBmain DoARun -> 信息:   started user thread for Warehouse 78
1月 02, 2026 7:57:05 下午 spec.jbb.JBBmain DoARun -> 信息:   started user thread for Warehouse 79
1月 02, 2026 7:57:05 下午 spec.jbb.JBBmain DoARun -> 信息:   started user thread for Warehouse 80
1月 02, 2026 7:57:05 下午 spec.jbb.JBBmain DoARun -> 信息:   started user thread for Warehouse 81
1月 02, 2026 7:57:05 下午 spec.jbb.Company displayResultTotals -> 信息: Timing Measurement began Fri Jan 02 19:57:05 CST 2026 for 4 minutes
1月 02, 2026 8:01:05 下午 spec.jbb.Company displayResultTotals -> 信息: Timing Measurement ended Fri Jan 02 20:01:05 CST 2026
1月 02, 2026 8:01:05 下午 spec.jbb.Company primeWithDummyData -> 信息: Loading Warehouse 82...
1月 02, 2026 8:01:05 下午 spec.jbb.JBBmain DoARun -> 信息: Start User Threads
1月 02, 2026 8:01:05 下午 spec.jbb.JBBmain DoARun -> 信息:   started user thread for Warehouse 1
1月 02, 2026 8:01:05 下午 spec.jbb.JBBmain DoARun -> 信息:   started user thread for Warehouse 2
1月 02, 2026 8:01:05 下午 spec.jbb.JBBmain DoARun -> 信息:   started user thread for Warehouse 3
1月 02, 2026 8:01:05 下午 spec.jbb.JBBmain DoARun -> 信息:   started user thread for Warehouse 4
1月 02, 2026 8:01:05 下午 spec.jbb.JBBmain DoARun -> 信息:   started user thread for Warehouse 5
1月 02, 2026 8:01:05 下午 spec.jbb.JBBmain DoARun -> 信息:   started user thread for Warehouse 6
1月 02, 2026 8:01:05 下午 spec.jbb.JBBmain DoARun -> 信息:   started user thread for Warehouse 7
1月 02, 2026 8:01:05 下午 spec.jbb.JBBmain DoARun -> 信息:   started user thread for Warehouse 8
1月 02, 2026 8:01:05 下午 spec.jbb.JBBmain DoARun -> 信息:   started user thread for Warehouse 9
1月 02, 2026 8:01:05 下午 spec.jbb.JBBmain DoARun -> 信息:   started user thread for Warehouse 10
1月 02, 2026 8:01:05 下午 spec.jbb.JBBmain DoARun -> 信息:   started user thread for Warehouse 11
1月 02, 2026 8:01:05 下午 spec.jbb.JBBmain DoARun -> 信息:   started user thread for Warehouse 12
1月 02, 2026 8:01:05 下午 spec.jbb.JBBmain DoARun -> 信息:   started user thread for Warehouse 13
1月 02, 2026 8:01:05 下午 spec.jbb.JBBmain DoARun -> 信息:   started user thread for Warehouse 14
1月 02, 2026 8:01:05 下午 spec.jbb.JBBmain DoARun -> 信息:   started user thread for Warehouse 15
1月 02, 2026 8:01:05 下午 spec.jbb.JBBmain DoARun -> 信息:   started user thread for Warehouse 16
1月 02, 2026 8:01:05 下午 spec.jbb.JBBmain DoARun -> 信息:   started user thread for Warehouse 17
1月 02, 2026 8:01:05 下午 spec.jbb.JBBmain DoARun -> 信息:   started user thread for Warehouse 18
1月 02, 2026 8:01:05 下午 spec.jbb.JBBmain DoARun -> 信息:   started user thread for Warehouse 19
1月 02, 2026 8:01:05 下午 spec.jbb.JBBmain DoARun -> 信息:   started user thread for Warehouse 20
1月 02, 2026 8:01:05 下午 spec.jbb.JBBmain DoARun -> 信息:   started user thread for Warehouse 21
1月 02, 2026 8:01:05 下午 spec.jbb.JBBmain DoARun -> 信息:   started user thread for Warehouse 22
1月 02, 2026 8:01:05 下午 spec.jbb.JBBmain DoARun -> 信息:   started user thread for Warehouse 23
1月 02, 2026 8:01:05 下午 spec.jbb.JBBmain DoARun -> 信息:   started user thread for Warehouse 24
1月 02, 2026 8:01:05 下午 spec.jbb.JBBmain DoARun -> 信息:   started user thread for Warehouse 25
1月 02, 2026 8:01:05 下午 spec.jbb.JBBmain DoARun -> 信息:   started user thread for Warehouse 26
1月 02, 2026 8:01:05 下午 spec.jbb.JBBmain DoARun -> 信息:   started user thread for Warehouse 27
1月 02, 2026 8:01:05 下午 spec.jbb.JBBmain DoARun -> 信息:   started user thread for Warehouse 28
1月 02, 2026 8:01:05 下午 spec.jbb.JBBmain DoARun -> 信息:   started user thread for Warehouse 29
1月 02, 2026 8:01:05 下午 spec.jbb.JBBmain DoARun -> 信息:   started user thread for Warehouse 30
1月 02, 2026 8:01:05 下午 spec.jbb.JBBmain DoARun -> 信息:   started user thread for Warehouse 31
1月 02, 2026 8:01:05 下午 spec.jbb.JBBmain DoARun -> 信息:   started user thread for Warehouse 32
1月 02, 2026 8:01:05 下午 spec.jbb.JBBmain DoARun -> 信息:   started user thread for Warehouse 33
1月 02, 2026 8:01:05 下午 spec.jbb.JBBmain DoARun -> 信息:   started user thread for Warehouse 34
1月 02, 2026 8:01:05 下午 spec.jbb.JBBmain DoARun -> 信息:   started user thread for Warehouse 35
1月 02, 2026 8:01:05 下午 spec.jbb.JBBmain DoARun -> 信息:   started user thread for Warehouse 36
1月 02, 2026 8:01:05 下午 spec.jbb.JBBmain DoARun -> 信息:   started user thread for Warehouse 37
1月 02, 2026 8:01:05 下午 spec.jbb.JBBmain DoARun -> 信息:   started user thread for Warehouse 38
1月 02, 2026 8:01:05 下午 spec.jbb.JBBmain DoARun -> 信息:   started user thread for Warehouse 39
1月 02, 2026 8:01:05 下午 spec.jbb.JBBmain DoARun -> 信息:   started user thread for Warehouse 40
1月 02, 2026 8:01:05 下午 spec.jbb.JBBmain DoARun -> 信息:   started user thread for Warehouse 41
1月 02, 2026 8:01:05 下午 spec.jbb.JBBmain DoARun -> 信息:   started user thread for Warehouse 42
1月 02, 2026 8:01:05 下午 spec.jbb.JBBmain DoARun -> 信息:   started user thread for Warehouse 43
1月 02, 2026 8:01:05 下午 spec.jbb.JBBmain DoARun -> 信息:   started user thread for Warehouse 44
1月 02, 2026 8:01:05 下午 spec.jbb.JBBmain DoARun -> 信息:   started user thread for Warehouse 45
1月 02, 2026 8:01:05 下午 spec.jbb.JBBmain DoARun -> 信息:   started user thread for Warehouse 46
1月 02, 2026 8:01:05 下午 spec.jbb.JBBmain DoARun -> 信息:   started user thread for Warehouse 47
1月 02, 2026 8:01:05 下午 spec.jbb.JBBmain DoARun -> 信息:   started user thread for Warehouse 48
1月 02, 2026 8:01:05 下午 spec.jbb.JBBmain DoARun -> 信息:   started user thread for Warehouse 49
1月 02, 2026 8:01:05 下午 spec.jbb.JBBmain DoARun -> 信息:   started user thread for Warehouse 50
1月 02, 2026 8:01:05 下午 spec.jbb.JBBmain DoARun -> 信息:   started user thread for Warehouse 51
1月 02, 2026 8:01:05 下午 spec.jbb.JBBmain DoARun -> 信息:   started user thread for Warehouse 52
1月 02, 2026 8:01:05 下午 spec.jbb.JBBmain DoARun -> 信息:   started user thread for Warehouse 53
1月 02, 2026 8:01:05 下午 spec.jbb.JBBmain DoARun -> 信息:   started user thread for Warehouse 54
1月 02, 2026 8:01:05 下午 spec.jbb.JBBmain DoARun -> 信息:   started user thread for Warehouse 55
1月 02, 2026 8:01:05 下午 spec.jbb.JBBmain DoARun -> 信息:   started user thread for Warehouse 56
1月 02, 2026 8:01:05 下午 spec.jbb.JBBmain DoARun -> 信息:   started user thread for Warehouse 57
1月 02, 2026 8:01:05 下午 spec.jbb.JBBmain DoARun -> 信息:   started user thread for Warehouse 58
1月 02, 2026 8:01:05 下午 spec.jbb.JBBmain DoARun -> 信息:   started user thread for Warehouse 59
1月 02, 2026 8:01:05 下午 spec.jbb.JBBmain DoARun -> 信息:   started user thread for Warehouse 60
1月 02, 2026 8:01:05 下午 spec.jbb.JBBmain DoARun -> 信息:   started user thread for Warehouse 61
1月 02, 2026 8:01:05 下午 spec.jbb.JBBmain DoARun -> 信息:   started user thread for Warehouse 62
1月 02, 2026 8:01:05 下午 spec.jbb.JBBmain DoARun -> 信息:   started user thread for Warehouse 63
1月 02, 2026 8:01:05 下午 spec.jbb.JBBmain DoARun -> 信息:   started user thread for Warehouse 64
1月 02, 2026 8:01:05 下午 spec.jbb.JBBmain DoARun -> 信息:   started user thread for Warehouse 65
1月 02, 2026 8:01:05 下午 spec.jbb.JBBmain DoARun -> 信息:   started user thread for Warehouse 66
1月 02, 2026 8:01:05 下午 spec.jbb.JBBmain DoARun -> 信息:   started user thread for Warehouse 67
1月 02, 2026 8:01:05 下午 spec.jbb.JBBmain DoARun -> 信息:   started user thread for Warehouse 68
1月 02, 2026 8:01:05 下午 spec.jbb.JBBmain DoARun -> 信息:   started user thread for Warehouse 69
1月 02, 2026 8:01:05 下午 spec.jbb.JBBmain DoARun -> 信息:   started user thread for Warehouse 70
1月 02, 2026 8:01:05 下午 spec.jbb.JBBmain DoARun -> 信息:   started user thread for Warehouse 71
1月 02, 2026 8:01:05 下午 spec.jbb.JBBmain DoARun -> 信息:   started user thread for Warehouse 72
1月 02, 2026 8:01:05 下午 spec.jbb.JBBmain DoARun -> 信息:   started user thread for Warehouse 73
1月 02, 2026 8:01:05 下午 spec.jbb.JBBmain DoARun -> 信息:   started user thread for Warehouse 74
1月 02, 2026 8:01:05 下午 spec.jbb.JBBmain DoARun -> 信息:   started user thread for Warehouse 75
1月 02, 2026 8:01:05 下午 spec.jbb.JBBmain DoARun -> 信息:   started user thread for Warehouse 76
1月 02, 2026 8:01:05 下午 spec.jbb.JBBmain DoARun -> 信息:   started user thread for Warehouse 77
1月 02, 2026 8:01:05 下午 spec.jbb.JBBmain DoARun -> 信息:   started user thread for Warehouse 78
1月 02, 2026 8:01:05 下午 spec.jbb.JBBmain DoARun -> 信息:   started user thread for Warehouse 79
1月 02, 2026 8:01:05 下午 spec.jbb.JBBmain DoARun -> 信息:   started user thread for Warehouse 80
1月 02, 2026 8:01:05 下午 spec.jbb.JBBmain DoARun -> 信息:   started user thread for Warehouse 81
1月 02, 2026 8:01:05 下午 spec.jbb.JBBmain DoARun -> 信息:   started user thread for Warehouse 82
1月 02, 2026 8:01:05 下午 spec.jbb.Company displayResultTotals -> 信息: Timing Measurement began Fri Jan 02 20:01:05 CST 2026 for 4 minutes
1月 02, 2026 8:05:05 下午 spec.jbb.Company displayResultTotals -> 信息: Timing Measurement ended Fri Jan 02 20:05:05 CST 2026
1月 02, 2026 8:05:05 下午 spec.jbb.Company primeWithDummyData -> 信息: Loading Warehouse 83...
1月 02, 2026 8:05:05 下午 spec.jbb.JBBmain DoARun -> 信息: Start User Threads
1月 02, 2026 8:05:05 下午 spec.jbb.JBBmain DoARun -> 信息:   started user thread for Warehouse 1
1月 02, 2026 8:05:05 下午 spec.jbb.JBBmain DoARun -> 信息:   started user thread for Warehouse 2
1月 02, 2026 8:05:05 下午 spec.jbb.JBBmain DoARun -> 信息:   started user thread for Warehouse 3
1月 02, 2026 8:05:05 下午 spec.jbb.JBBmain DoARun -> 信息:   started user thread for Warehouse 4
1月 02, 2026 8:05:05 下午 spec.jbb.JBBmain DoARun -> 信息:   started user thread for Warehouse 5
1月 02, 2026 8:05:05 下午 spec.jbb.JBBmain DoARun -> 信息:   started user thread for Warehouse 6
1月 02, 2026 8:05:05 下午 spec.jbb.JBBmain DoARun -> 信息:   started user thread for Warehouse 7
1月 02, 2026 8:05:05 下午 spec.jbb.JBBmain DoARun -> 信息:   started user thread for Warehouse 8
1月 02, 2026 8:05:05 下午 spec.jbb.JBBmain DoARun -> 信息:   started user thread for Warehouse 9
1月 02, 2026 8:05:05 下午 spec.jbb.JBBmain DoARun -> 信息:   started user thread for Warehouse 10
1月 02, 2026 8:05:05 下午 spec.jbb.JBBmain DoARun -> 信息:   started user thread for Warehouse 11
1月 02, 2026 8:05:05 下午 spec.jbb.JBBmain DoARun -> 信息:   started user thread for Warehouse 12
1月 02, 2026 8:05:05 下午 spec.jbb.JBBmain DoARun -> 信息:   started user thread for Warehouse 13
1月 02, 2026 8:05:05 下午 spec.jbb.JBBmain DoARun -> 信息:   started user thread for Warehouse 14
1月 02, 2026 8:05:05 下午 spec.jbb.JBBmain DoARun -> 信息:   started user thread for Warehouse 15
1月 02, 2026 8:05:05 下午 spec.jbb.JBBmain DoARun -> 信息:   started user thread for Warehouse 16
1月 02, 2026 8:05:05 下午 spec.jbb.JBBmain DoARun -> 信息:   started user thread for Warehouse 17
1月 02, 2026 8:05:05 下午 spec.jbb.JBBmain DoARun -> 信息:   started user thread for Warehouse 18
1月 02, 2026 8:05:05 下午 spec.jbb.JBBmain DoARun -> 信息:   started user thread for Warehouse 19
1月 02, 2026 8:05:05 下午 spec.jbb.JBBmain DoARun -> 信息:   started user thread for Warehouse 20
1月 02, 2026 8:05:05 下午 spec.jbb.JBBmain DoARun -> 信息:   started user thread for Warehouse 21
1月 02, 2026 8:05:05 下午 spec.jbb.JBBmain DoARun -> 信息:   started user thread for Warehouse 22
1月 02, 2026 8:05:05 下午 spec.jbb.JBBmain DoARun -> 信息:   started user thread for Warehouse 23
1月 02, 2026 8:05:05 下午 spec.jbb.JBBmain DoARun -> 信息:   started user thread for Warehouse 24
1月 02, 2026 8:05:05 下午 spec.jbb.JBBmain DoARun -> 信息:   started user thread for Warehouse 25
1月 02, 2026 8:05:05 下午 spec.jbb.JBBmain DoARun -> 信息:   started user thread for Warehouse 26
1月 02, 2026 8:05:05 下午 spec.jbb.JBBmain DoARun -> 信息:   started user thread for Warehouse 27
1月 02, 2026 8:05:05 下午 spec.jbb.JBBmain DoARun -> 信息:   started user thread for Warehouse 28
1月 02, 2026 8:05:05 下午 spec.jbb.JBBmain DoARun -> 信息:   started user thread for Warehouse 29
1月 02, 2026 8:05:05 下午 spec.jbb.JBBmain DoARun -> 信息:   started user thread for Warehouse 30
1月 02, 2026 8:05:05 下午 spec.jbb.JBBmain DoARun -> 信息:   started user thread for Warehouse 31
1月 02, 2026 8:05:05 下午 spec.jbb.JBBmain DoARun -> 信息:   started user thread for Warehouse 32
1月 02, 2026 8:05:05 下午 spec.jbb.JBBmain DoARun -> 信息:   started user thread for Warehouse 33
1月 02, 2026 8:05:05 下午 spec.jbb.JBBmain DoARun -> 信息:   started user thread for Warehouse 34
1月 02, 2026 8:05:05 下午 spec.jbb.JBBmain DoARun -> 信息:   started user thread for Warehouse 35
1月 02, 2026 8:05:05 下午 spec.jbb.JBBmain DoARun -> 信息:   started user thread for Warehouse 36
1月 02, 2026 8:05:05 下午 spec.jbb.JBBmain DoARun -> 信息:   started user thread for Warehouse 37
1月 02, 2026 8:05:05 下午 spec.jbb.JBBmain DoARun -> 信息:   started user thread for Warehouse 38
1月 02, 2026 8:05:05 下午 spec.jbb.JBBmain DoARun -> 信息:   started user thread for Warehouse 39
1月 02, 2026 8:05:05 下午 spec.jbb.JBBmain DoARun -> 信息:   started user thread for Warehouse 40
1月 02, 2026 8:05:05 下午 spec.jbb.JBBmain DoARun -> 信息:   started user thread for Warehouse 41
1月 02, 2026 8:05:05 下午 spec.jbb.JBBmain DoARun -> 信息:   started user thread for Warehouse 42
1月 02, 2026 8:05:05 下午 spec.jbb.JBBmain DoARun -> 信息:   started user thread for Warehouse 43
1月 02, 2026 8:05:05 下午 spec.jbb.JBBmain DoARun -> 信息:   started user thread for Warehouse 44
1月 02, 2026 8:05:05 下午 spec.jbb.JBBmain DoARun -> 信息:   started user thread for Warehouse 45
1月 02, 2026 8:05:05 下午 spec.jbb.JBBmain DoARun -> 信息:   started user thread for Warehouse 46
1月 02, 2026 8:05:05 下午 spec.jbb.JBBmain DoARun -> 信息:   started user thread for Warehouse 47
1月 02, 2026 8:05:05 下午 spec.jbb.JBBmain DoARun -> 信息:   started user thread for Warehouse 48
1月 02, 2026 8:05:05 下午 spec.jbb.JBBmain DoARun -> 信息:   started user thread for Warehouse 49
1月 02, 2026 8:05:05 下午 spec.jbb.JBBmain DoARun -> 信息:   started user thread for Warehouse 50
1月 02, 2026 8:05:05 下午 spec.jbb.JBBmain DoARun -> 信息:   started user thread for Warehouse 51
1月 02, 2026 8:05:05 下午 spec.jbb.JBBmain DoARun -> 信息:   started user thread for Warehouse 52
1月 02, 2026 8:05:05 下午 spec.jbb.JBBmain DoARun -> 信息:   started user thread for Warehouse 53
1月 02, 2026 8:05:05 下午 spec.jbb.JBBmain DoARun -> 信息:   started user thread for Warehouse 54
1月 02, 2026 8:05:05 下午 spec.jbb.JBBmain DoARun -> 信息:   started user thread for Warehouse 55
1月 02, 2026 8:05:05 下午 spec.jbb.JBBmain DoARun -> 信息:   started user thread for Warehouse 56
1月 02, 2026 8:05:05 下午 spec.jbb.JBBmain DoARun -> 信息:   started user thread for Warehouse 57
1月 02, 2026 8:05:05 下午 spec.jbb.JBBmain DoARun -> 信息:   started user thread for Warehouse 58
1月 02, 2026 8:05:06 下午 spec.jbb.JBBmain DoARun -> 信息:   started user thread for Warehouse 59
1月 02, 2026 8:05:06 下午 spec.jbb.JBBmain DoARun -> 信息:   started user thread for Warehouse 60
1月 02, 2026 8:05:06 下午 spec.jbb.JBBmain DoARun -> 信息:   started user thread for Warehouse 61
1月 02, 2026 8:05:06 下午 spec.jbb.JBBmain DoARun -> 信息:   started user thread for Warehouse 62
1月 02, 2026 8:05:06 下午 spec.jbb.JBBmain DoARun -> 信息:   started user thread for Warehouse 63
1月 02, 2026 8:05:06 下午 spec.jbb.JBBmain DoARun -> 信息:   started user thread for Warehouse 64
1月 02, 2026 8:05:06 下午 spec.jbb.JBBmain DoARun -> 信息:   started user thread for Warehouse 65
1月 02, 2026 8:05:06 下午 spec.jbb.JBBmain DoARun -> 信息:   started user thread for Warehouse 66
1月 02, 2026 8:05:06 下午 spec.jbb.JBBmain DoARun -> 信息:   started user thread for Warehouse 67
1月 02, 2026 8:05:06 下午 spec.jbb.JBBmain DoARun -> 信息:   started user thread for Warehouse 68
1月 02, 2026 8:05:06 下午 spec.jbb.JBBmain DoARun -> 信息:   started user thread for Warehouse 69
1月 02, 2026 8:05:06 下午 spec.jbb.JBBmain DoARun -> 信息:   started user thread for Warehouse 70
1月 02, 2026 8:05:06 下午 spec.jbb.JBBmain DoARun -> 信息:   started user thread for Warehouse 71
1月 02, 2026 8:05:06 下午 spec.jbb.JBBmain DoARun -> 信息:   started user thread for Warehouse 72
1月 02, 2026 8:05:06 下午 spec.jbb.JBBmain DoARun -> 信息:   started user thread for Warehouse 73
1月 02, 2026 8:05:06 下午 spec.jbb.JBBmain DoARun -> 信息:   started user thread for Warehouse 74
1月 02, 2026 8:05:06 下午 spec.jbb.JBBmain DoARun -> 信息:   started user thread for Warehouse 75
1月 02, 2026 8:05:06 下午 spec.jbb.JBBmain DoARun -> 信息:   started user thread for Warehouse 76
1月 02, 2026 8:05:06 下午 spec.jbb.JBBmain DoARun -> 信息:   started user thread for Warehouse 77
1月 02, 2026 8:05:06 下午 spec.jbb.JBBmain DoARun -> 信息:   started user thread for Warehouse 78
1月 02, 2026 8:05:06 下午 spec.jbb.JBBmain DoARun -> 信息:   started user thread for Warehouse 79
1月 02, 2026 8:05:06 下午 spec.jbb.JBBmain DoARun -> 信息:   started user thread for Warehouse 80
1月 02, 2026 8:05:06 下午 spec.jbb.JBBmain DoARun -> 信息:   started user thread for Warehouse 81
1月 02, 2026 8:05:06 下午 spec.jbb.JBBmain DoARun -> 信息:   started user thread for Warehouse 82
1月 02, 2026 8:05:06 下午 spec.jbb.JBBmain DoARun -> 信息:   started user thread for Warehouse 83
1月 02, 2026 8:05:06 下午 spec.jbb.Company displayResultTotals -> 信息: Timing Measurement began Fri Jan 02 20:05:06 CST 2026 for 4 minutes
1月 02, 2026 8:09:06 下午 spec.jbb.Company displayResultTotals -> 信息: Timing Measurement ended Fri Jan 02 20:09:06 CST 2026
1月 02, 2026 8:09:06 下午 spec.jbb.Company primeWithDummyData -> 信息: Loading Warehouse 84...
1月 02, 2026 8:09:06 下午 spec.jbb.JBBmain DoARun -> 信息: Start User Threads
1月 02, 2026 8:09:06 下午 spec.jbb.JBBmain DoARun -> 信息:   started user thread for Warehouse 1
1月 02, 2026 8:09:06 下午 spec.jbb.JBBmain DoARun -> 信息:   started user thread for Warehouse 2
1月 02, 2026 8:09:06 下午 spec.jbb.JBBmain DoARun -> 信息:   started user thread for Warehouse 3
1月 02, 2026 8:09:06 下午 spec.jbb.JBBmain DoARun -> 信息:   started user thread for Warehouse 4
1月 02, 2026 8:09:06 下午 spec.jbb.JBBmain DoARun -> 信息:   started user thread for Warehouse 5
1月 02, 2026 8:09:06 下午 spec.jbb.JBBmain DoARun -> 信息:   started user thread for Warehouse 6
1月 02, 2026 8:09:06 下午 spec.jbb.JBBmain DoARun -> 信息:   started user thread for Warehouse 7
1月 02, 2026 8:09:06 下午 spec.jbb.JBBmain DoARun -> 信息:   started user thread for Warehouse 8
1月 02, 2026 8:09:06 下午 spec.jbb.JBBmain DoARun -> 信息:   started user thread for Warehouse 9
1月 02, 2026 8:09:06 下午 spec.jbb.JBBmain DoARun -> 信息:   started user thread for Warehouse 10
1月 02, 2026 8:09:06 下午 spec.jbb.JBBmain DoARun -> 信息:   started user thread for Warehouse 11
1月 02, 2026 8:09:06 下午 spec.jbb.JBBmain DoARun -> 信息:   started user thread for Warehouse 12
1月 02, 2026 8:09:06 下午 spec.jbb.JBBmain DoARun -> 信息:   started user thread for Warehouse 13
1月 02, 2026 8:09:06 下午 spec.jbb.JBBmain DoARun -> 信息:   started user thread for Warehouse 14
1月 02, 2026 8:09:06 下午 spec.jbb.JBBmain DoARun -> 信息:   started user thread for Warehouse 15
1月 02, 2026 8:09:06 下午 spec.jbb.JBBmain DoARun -> 信息:   started user thread for Warehouse 16
1月 02, 2026 8:09:06 下午 spec.jbb.JBBmain DoARun -> 信息:   started user thread for Warehouse 17
1月 02, 2026 8:09:06 下午 spec.jbb.JBBmain DoARun -> 信息:   started user thread for Warehouse 18
1月 02, 2026 8:09:06 下午 spec.jbb.JBBmain DoARun -> 信息:   started user thread for Warehouse 19
1月 02, 2026 8:09:06 下午 spec.jbb.JBBmain DoARun -> 信息:   started user thread for Warehouse 20
1月 02, 2026 8:09:06 下午 spec.jbb.JBBmain DoARun -> 信息:   started user thread for Warehouse 21
1月 02, 2026 8:09:06 下午 spec.jbb.JBBmain DoARun -> 信息:   started user thread for Warehouse 22
1月 02, 2026 8:09:06 下午 spec.jbb.JBBmain DoARun -> 信息:   started user thread for Warehouse 23
1月 02, 2026 8:09:06 下午 spec.jbb.JBBmain DoARun -> 信息:   started user thread for Warehouse 24
1月 02, 2026 8:09:06 下午 spec.jbb.JBBmain DoARun -> 信息:   started user thread for Warehouse 25
1月 02, 2026 8:09:06 下午 spec.jbb.JBBmain DoARun -> 信息:   started user thread for Warehouse 26
1月 02, 2026 8:09:06 下午 spec.jbb.JBBmain DoARun -> 信息:   started user thread for Warehouse 27
1月 02, 2026 8:09:06 下午 spec.jbb.JBBmain DoARun -> 信息:   started user thread for Warehouse 28
1月 02, 2026 8:09:06 下午 spec.jbb.JBBmain DoARun -> 信息:   started user thread for Warehouse 29
1月 02, 2026 8:09:06 下午 spec.jbb.JBBmain DoARun -> 信息:   started user thread for Warehouse 30
1月 02, 2026 8:09:06 下午 spec.jbb.JBBmain DoARun -> 信息:   started user thread for Warehouse 31
1月 02, 2026 8:09:06 下午 spec.jbb.JBBmain DoARun -> 信息:   started user thread for Warehouse 32
1月 02, 2026 8:09:06 下午 spec.jbb.JBBmain DoARun -> 信息:   started user thread for Warehouse 33
1月 02, 2026 8:09:06 下午 spec.jbb.JBBmain DoARun -> 信息:   started user thread for Warehouse 34
1月 02, 2026 8:09:06 下午 spec.jbb.JBBmain DoARun -> 信息:   started user thread for Warehouse 35
1月 02, 2026 8:09:06 下午 spec.jbb.JBBmain DoARun -> 信息:   started user thread for Warehouse 36
1月 02, 2026 8:09:06 下午 spec.jbb.JBBmain DoARun -> 信息:   started user thread for Warehouse 37
1月 02, 2026 8:09:06 下午 spec.jbb.JBBmain DoARun -> 信息:   started user thread for Warehouse 38
1月 02, 2026 8:09:06 下午 spec.jbb.JBBmain DoARun -> 信息:   started user thread for Warehouse 39
1月 02, 2026 8:09:06 下午 spec.jbb.JBBmain DoARun -> 信息:   started user thread for Warehouse 40
1月 02, 2026 8:09:06 下午 spec.jbb.JBBmain DoARun -> 信息:   started user thread for Warehouse 41
1月 02, 2026 8:09:06 下午 spec.jbb.JBBmain DoARun -> 信息:   started user thread for Warehouse 42
1月 02, 2026 8:09:06 下午 spec.jbb.JBBmain DoARun -> 信息:   started user thread for Warehouse 43
1月 02, 2026 8:09:06 下午 spec.jbb.JBBmain DoARun -> 信息:   started user thread for Warehouse 44
1月 02, 2026 8:09:06 下午 spec.jbb.JBBmain DoARun -> 信息:   started user thread for Warehouse 45
1月 02, 2026 8:09:06 下午 spec.jbb.JBBmain DoARun -> 信息:   started user thread for Warehouse 46
1月 02, 2026 8:09:06 下午 spec.jbb.JBBmain DoARun -> 信息:   started user thread for Warehouse 47
1月 02, 2026 8:09:06 下午 spec.jbb.JBBmain DoARun -> 信息:   started user thread for Warehouse 48
1月 02, 2026 8:09:06 下午 spec.jbb.JBBmain DoARun -> 信息:   started user thread for Warehouse 49
1月 02, 2026 8:09:06 下午 spec.jbb.JBBmain DoARun -> 信息:   started user thread for Warehouse 50
1月 02, 2026 8:09:06 下午 spec.jbb.JBBmain DoARun -> 信息:   started user thread for Warehouse 51
1月 02, 2026 8:09:06 下午 spec.jbb.JBBmain DoARun -> 信息:   started user thread for Warehouse 52
1月 02, 2026 8:09:06 下午 spec.jbb.JBBmain DoARun -> 信息:   started user thread for Warehouse 53
1月 02, 2026 8:09:06 下午 spec.jbb.JBBmain DoARun -> 信息:   started user thread for Warehouse 54
1月 02, 2026 8:09:06 下午 spec.jbb.JBBmain DoARun -> 信息:   started user thread for Warehouse 55
1月 02, 2026 8:09:06 下午 spec.jbb.JBBmain DoARun -> 信息:   started user thread for Warehouse 56
1月 02, 2026 8:09:06 下午 spec.jbb.JBBmain DoARun -> 信息:   started user thread for Warehouse 57
1月 02, 2026 8:09:06 下午 spec.jbb.JBBmain DoARun -> 信息:   started user thread for Warehouse 58
1月 02, 2026 8:09:06 下午 spec.jbb.JBBmain DoARun -> 信息:   started user thread for Warehouse 59
1月 02, 2026 8:09:06 下午 spec.jbb.JBBmain DoARun -> 信息:   started user thread for Warehouse 60
1月 02, 2026 8:09:06 下午 spec.jbb.JBBmain DoARun -> 信息:   started user thread for Warehouse 61
1月 02, 2026 8:09:06 下午 spec.jbb.JBBmain DoARun -> 信息:   started user thread for Warehouse 62
1月 02, 2026 8:09:06 下午 spec.jbb.JBBmain DoARun -> 信息:   started user thread for Warehouse 63
1月 02, 2026 8:09:06 下午 spec.jbb.JBBmain DoARun -> 信息:   started user thread for Warehouse 64
1月 02, 2026 8:09:06 下午 spec.jbb.JBBmain DoARun -> 信息:   started user thread for Warehouse 65
1月 02, 2026 8:09:06 下午 spec.jbb.JBBmain DoARun -> 信息:   started user thread for Warehouse 66
1月 02, 2026 8:09:06 下午 spec.jbb.JBBmain DoARun -> 信息:   started user thread for Warehouse 67
1月 02, 2026 8:09:06 下午 spec.jbb.JBBmain DoARun -> 信息:   started user thread for Warehouse 68
1月 02, 2026 8:09:06 下午 spec.jbb.JBBmain DoARun -> 信息:   started user thread for Warehouse 69
1月 02, 2026 8:09:06 下午 spec.jbb.JBBmain DoARun -> 信息:   started user thread for Warehouse 70
1月 02, 2026 8:09:06 下午 spec.jbb.JBBmain DoARun -> 信息:   started user thread for Warehouse 71
1月 02, 2026 8:09:06 下午 spec.jbb.JBBmain DoARun -> 信息:   started user thread for Warehouse 72
1月 02, 2026 8:09:06 下午 spec.jbb.JBBmain DoARun -> 信息:   started user thread for Warehouse 73
1月 02, 2026 8:09:06 下午 spec.jbb.JBBmain DoARun -> 信息:   started user thread for Warehouse 74
1月 02, 2026 8:09:06 下午 spec.jbb.JBBmain DoARun -> 信息:   started user thread for Warehouse 75
1月 02, 2026 8:09:06 下午 spec.jbb.JBBmain DoARun -> 信息:   started user thread for Warehouse 76
1月 02, 2026 8:09:06 下午 spec.jbb.JBBmain DoARun -> 信息:   started user thread for Warehouse 77
1月 02, 2026 8:09:06 下午 spec.jbb.JBBmain DoARun -> 信息:   started user thread for Warehouse 78
1月 02, 2026 8:09:06 下午 spec.jbb.JBBmain DoARun -> 信息:   started user thread for Warehouse 79
1月 02, 2026 8:09:06 下午 spec.jbb.JBBmain DoARun -> 信息:   started user thread for Warehouse 80
1月 02, 2026 8:09:06 下午 spec.jbb.JBBmain DoARun -> 信息:   started user thread for Warehouse 81
1月 02, 2026 8:09:06 下午 spec.jbb.JBBmain DoARun -> 信息:   started user thread for Warehouse 82
1月 02, 2026 8:09:06 下午 spec.jbb.JBBmain DoARun -> 信息:   started user thread for Warehouse 83
1月 02, 2026 8:09:06 下午 spec.jbb.JBBmain DoARun -> 信息:   started user thread for Warehouse 84
1月 02, 2026 8:09:06 下午 spec.jbb.Company displayResultTotals -> 信息: Timing Measurement began Fri Jan 02 20:09:06 CST 2026 for 4 minutes
1月 02, 2026 8:13:06 下午 spec.jbb.Company displayResultTotals -> 信息: Timing Measurement ended Fri Jan 02 20:13:06 CST 2026
1月 02, 2026 8:13:06 下午 spec.jbb.Company primeWithDummyData -> 信息: Loading Warehouse 85...
1月 02, 2026 8:13:06 下午 spec.jbb.JBBmain DoARun -> 信息: Start User Threads
1月 02, 2026 8:13:06 下午 spec.jbb.JBBmain DoARun -> 信息:   started user thread for Warehouse 1
1月 02, 2026 8:13:06 下午 spec.jbb.JBBmain DoARun -> 信息:   started user thread for Warehouse 2
1月 02, 2026 8:13:06 下午 spec.jbb.JBBmain DoARun -> 信息:   started user thread for Warehouse 3
1月 02, 2026 8:13:06 下午 spec.jbb.JBBmain DoARun -> 信息:   started user thread for Warehouse 4
1月 02, 2026 8:13:06 下午 spec.jbb.JBBmain DoARun -> 信息:   started user thread for Warehouse 5
1月 02, 2026 8:13:06 下午 spec.jbb.JBBmain DoARun -> 信息:   started user thread for Warehouse 6
1月 02, 2026 8:13:06 下午 spec.jbb.JBBmain DoARun -> 信息:   started user thread for Warehouse 7
1月 02, 2026 8:13:06 下午 spec.jbb.JBBmain DoARun -> 信息:   started user thread for Warehouse 8
1月 02, 2026 8:13:06 下午 spec.jbb.JBBmain DoARun -> 信息:   started user thread for Warehouse 9
1月 02, 2026 8:13:06 下午 spec.jbb.JBBmain DoARun -> 信息:   started user thread for Warehouse 10
1月 02, 2026 8:13:06 下午 spec.jbb.JBBmain DoARun -> 信息:   started user thread for Warehouse 11
1月 02, 2026 8:13:06 下午 spec.jbb.JBBmain DoARun -> 信息:   started user thread for Warehouse 12
1月 02, 2026 8:13:06 下午 spec.jbb.JBBmain DoARun -> 信息:   started user thread for Warehouse 13
1月 02, 2026 8:13:06 下午 spec.jbb.JBBmain DoARun -> 信息:   started user thread for Warehouse 14
1月 02, 2026 8:13:06 下午 spec.jbb.JBBmain DoARun -> 信息:   started user thread for Warehouse 15
1月 02, 2026 8:13:06 下午 spec.jbb.JBBmain DoARun -> 信息:   started user thread for Warehouse 16
1月 02, 2026 8:13:06 下午 spec.jbb.JBBmain DoARun -> 信息:   started user thread for Warehouse 17
1月 02, 2026 8:13:06 下午 spec.jbb.JBBmain DoARun -> 信息:   started user thread for Warehouse 18
1月 02, 2026 8:13:06 下午 spec.jbb.JBBmain DoARun -> 信息:   started user thread for Warehouse 19
1月 02, 2026 8:13:06 下午 spec.jbb.JBBmain DoARun -> 信息:   started user thread for Warehouse 20
1月 02, 2026 8:13:06 下午 spec.jbb.JBBmain DoARun -> 信息:   started user thread for Warehouse 21
1月 02, 2026 8:13:06 下午 spec.jbb.JBBmain DoARun -> 信息:   started user thread for Warehouse 22
1月 02, 2026 8:13:06 下午 spec.jbb.JBBmain DoARun -> 信息:   started user thread for Warehouse 23
1月 02, 2026 8:13:06 下午 spec.jbb.JBBmain DoARun -> 信息:   started user thread for Warehouse 24
1月 02, 2026 8:13:06 下午 spec.jbb.JBBmain DoARun -> 信息:   started user thread for Warehouse 25
1月 02, 2026 8:13:06 下午 spec.jbb.JBBmain DoARun -> 信息:   started user thread for Warehouse 26
1月 02, 2026 8:13:06 下午 spec.jbb.JBBmain DoARun -> 信息:   started user thread for Warehouse 27
1月 02, 2026 8:13:06 下午 spec.jbb.JBBmain DoARun -> 信息:   started user thread for Warehouse 28
1月 02, 2026 8:13:06 下午 spec.jbb.JBBmain DoARun -> 信息:   started user thread for Warehouse 29
1月 02, 2026 8:13:06 下午 spec.jbb.JBBmain DoARun -> 信息:   started user thread for Warehouse 30
1月 02, 2026 8:13:06 下午 spec.jbb.JBBmain DoARun -> 信息:   started user thread for Warehouse 31
1月 02, 2026 8:13:06 下午 spec.jbb.JBBmain DoARun -> 信息:   started user thread for Warehouse 32
1月 02, 2026 8:13:06 下午 spec.jbb.JBBmain DoARun -> 信息:   started user thread for Warehouse 33
1月 02, 2026 8:13:06 下午 spec.jbb.JBBmain DoARun -> 信息:   started user thread for Warehouse 34
1月 02, 2026 8:13:06 下午 spec.jbb.JBBmain DoARun -> 信息:   started user thread for Warehouse 35
1月 02, 2026 8:13:06 下午 spec.jbb.JBBmain DoARun -> 信息:   started user thread for Warehouse 36
1月 02, 2026 8:13:06 下午 spec.jbb.JBBmain DoARun -> 信息:   started user thread for Warehouse 37
1月 02, 2026 8:13:06 下午 spec.jbb.JBBmain DoARun -> 信息:   started user thread for Warehouse 38
1月 02, 2026 8:13:06 下午 spec.jbb.JBBmain DoARun -> 信息:   started user thread for Warehouse 39
1月 02, 2026 8:13:06 下午 spec.jbb.JBBmain DoARun -> 信息:   started user thread for Warehouse 40
1月 02, 2026 8:13:06 下午 spec.jbb.JBBmain DoARun -> 信息:   started user thread for Warehouse 41
1月 02, 2026 8:13:06 下午 spec.jbb.JBBmain DoARun -> 信息:   started user thread for Warehouse 42
1月 02, 2026 8:13:06 下午 spec.jbb.JBBmain DoARun -> 信息:   started user thread for Warehouse 43
1月 02, 2026 8:13:06 下午 spec.jbb.JBBmain DoARun -> 信息:   started user thread for Warehouse 44
1月 02, 2026 8:13:06 下午 spec.jbb.JBBmain DoARun -> 信息:   started user thread for Warehouse 45
1月 02, 2026 8:13:06 下午 spec.jbb.JBBmain DoARun -> 信息:   started user thread for Warehouse 46
1月 02, 2026 8:13:06 下午 spec.jbb.JBBmain DoARun -> 信息:   started user thread for Warehouse 47
1月 02, 2026 8:13:06 下午 spec.jbb.JBBmain DoARun -> 信息:   started user thread for Warehouse 48
1月 02, 2026 8:13:06 下午 spec.jbb.JBBmain DoARun -> 信息:   started user thread for Warehouse 49
1月 02, 2026 8:13:06 下午 spec.jbb.JBBmain DoARun -> 信息:   started user thread for Warehouse 50
1月 02, 2026 8:13:06 下午 spec.jbb.JBBmain DoARun -> 信息:   started user thread for Warehouse 51
1月 02, 2026 8:13:06 下午 spec.jbb.JBBmain DoARun -> 信息:   started user thread for Warehouse 52
1月 02, 2026 8:13:06 下午 spec.jbb.JBBmain DoARun -> 信息:   started user thread for Warehouse 53
1月 02, 2026 8:13:06 下午 spec.jbb.JBBmain DoARun -> 信息:   started user thread for Warehouse 54
1月 02, 2026 8:13:06 下午 spec.jbb.JBBmain DoARun -> 信息:   started user thread for Warehouse 55
1月 02, 2026 8:13:06 下午 spec.jbb.JBBmain DoARun -> 信息:   started user thread for Warehouse 56
1月 02, 2026 8:13:06 下午 spec.jbb.JBBmain DoARun -> 信息:   started user thread for Warehouse 57
1月 02, 2026 8:13:06 下午 spec.jbb.JBBmain DoARun -> 信息:   started user thread for Warehouse 58
1月 02, 2026 8:13:06 下午 spec.jbb.JBBmain DoARun -> 信息:   started user thread for Warehouse 59
1月 02, 2026 8:13:06 下午 spec.jbb.JBBmain DoARun -> 信息:   started user thread for Warehouse 60
1月 02, 2026 8:13:06 下午 spec.jbb.JBBmain DoARun -> 信息:   started user thread for Warehouse 61
1月 02, 2026 8:13:06 下午 spec.jbb.JBBmain DoARun -> 信息:   started user thread for Warehouse 62
1月 02, 2026 8:13:06 下午 spec.jbb.JBBmain DoARun -> 信息:   started user thread for Warehouse 63
1月 02, 2026 8:13:06 下午 spec.jbb.JBBmain DoARun -> 信息:   started user thread for Warehouse 64
1月 02, 2026 8:13:06 下午 spec.jbb.JBBmain DoARun -> 信息:   started user thread for Warehouse 65
1月 02, 2026 8:13:06 下午 spec.jbb.JBBmain DoARun -> 信息:   started user thread for Warehouse 66
1月 02, 2026 8:13:06 下午 spec.jbb.JBBmain DoARun -> 信息:   started user thread for Warehouse 67
1月 02, 2026 8:13:06 下午 spec.jbb.JBBmain DoARun -> 信息:   started user thread for Warehouse 68
1月 02, 2026 8:13:06 下午 spec.jbb.JBBmain DoARun -> 信息:   started user thread for Warehouse 69
1月 02, 2026 8:13:06 下午 spec.jbb.JBBmain DoARun -> 信息:   started user thread for Warehouse 70
1月 02, 2026 8:13:06 下午 spec.jbb.JBBmain DoARun -> 信息:   started user thread for Warehouse 71
1月 02, 2026 8:13:06 下午 spec.jbb.JBBmain DoARun -> 信息:   started user thread for Warehouse 72
1月 02, 2026 8:13:06 下午 spec.jbb.JBBmain DoARun -> 信息:   started user thread for Warehouse 73
1月 02, 2026 8:13:06 下午 spec.jbb.JBBmain DoARun -> 信息:   started user thread for Warehouse 74
1月 02, 2026 8:13:06 下午 spec.jbb.JBBmain DoARun -> 信息:   started user thread for Warehouse 75
1月 02, 2026 8:13:06 下午 spec.jbb.JBBmain DoARun -> 信息:   started user thread for Warehouse 76
1月 02, 2026 8:13:06 下午 spec.jbb.JBBmain DoARun -> 信息:   started user thread for Warehouse 77
1月 02, 2026 8:13:06 下午 spec.jbb.JBBmain DoARun -> 信息:   started user thread for Warehouse 78
1月 02, 2026 8:13:06 下午 spec.jbb.JBBmain DoARun -> 信息:   started user thread for Warehouse 79
1月 02, 2026 8:13:06 下午 spec.jbb.JBBmain DoARun -> 信息:   started user thread for Warehouse 80
1月 02, 2026 8:13:06 下午 spec.jbb.JBBmain DoARun -> 信息:   started user thread for Warehouse 81
1月 02, 2026 8:13:06 下午 spec.jbb.JBBmain DoARun -> 信息:   started user thread for Warehouse 82
1月 02, 2026 8:13:06 下午 spec.jbb.JBBmain DoARun -> 信息:   started user thread for Warehouse 83
1月 02, 2026 8:13:06 下午 spec.jbb.JBBmain DoARun -> 信息:   started user thread for Warehouse 84
1月 02, 2026 8:13:06 下午 spec.jbb.JBBmain DoARun -> 信息:   started user thread for Warehouse 85
1月 02, 2026 8:13:06 下午 spec.jbb.Company displayResultTotals -> 信息: Timing Measurement began Fri Jan 02 20:13:06 CST 2026 for 4 minutes
1月 02, 2026 8:17:06 下午 spec.jbb.Company displayResultTotals -> 信息: Timing Measurement ended Fri Jan 02 20:17:06 CST 2026
1月 02, 2026 8:17:06 下午 spec.jbb.Company primeWithDummyData -> 信息: Loading Warehouse 86...
1月 02, 2026 8:17:06 下午 spec.jbb.JBBmain DoARun -> 信息: Start User Threads
1月 02, 2026 8:17:06 下午 spec.jbb.JBBmain DoARun -> 信息:   started user thread for Warehouse 1
1月 02, 2026 8:17:06 下午 spec.jbb.JBBmain DoARun -> 信息:   started user thread for Warehouse 2
1月 02, 2026 8:17:06 下午 spec.jbb.JBBmain DoARun -> 信息:   started user thread for Warehouse 3
1月 02, 2026 8:17:06 下午 spec.jbb.JBBmain DoARun -> 信息:   started user thread for Warehouse 4
1月 02, 2026 8:17:06 下午 spec.jbb.JBBmain DoARun -> 信息:   started user thread for Warehouse 5
1月 02, 2026 8:17:06 下午 spec.jbb.JBBmain DoARun -> 信息:   started user thread for Warehouse 6
1月 02, 2026 8:17:06 下午 spec.jbb.JBBmain DoARun -> 信息:   started user thread for Warehouse 7
1月 02, 2026 8:17:06 下午 spec.jbb.JBBmain DoARun -> 信息:   started user thread for Warehouse 8
1月 02, 2026 8:17:06 下午 spec.jbb.JBBmain DoARun -> 信息:   started user thread for Warehouse 9
1月 02, 2026 8:17:06 下午 spec.jbb.JBBmain DoARun -> 信息:   started user thread for Warehouse 10
1月 02, 2026 8:17:06 下午 spec.jbb.JBBmain DoARun -> 信息:   started user thread for Warehouse 11
1月 02, 2026 8:17:06 下午 spec.jbb.JBBmain DoARun -> 信息:   started user thread for Warehouse 12
1月 02, 2026 8:17:06 下午 spec.jbb.JBBmain DoARun -> 信息:   started user thread for Warehouse 13
1月 02, 2026 8:17:06 下午 spec.jbb.JBBmain DoARun -> 信息:   started user thread for Warehouse 14
1月 02, 2026 8:17:06 下午 spec.jbb.JBBmain DoARun -> 信息:   started user thread for Warehouse 15
1月 02, 2026 8:17:06 下午 spec.jbb.JBBmain DoARun -> 信息:   started user thread for Warehouse 16
1月 02, 2026 8:17:06 下午 spec.jbb.JBBmain DoARun -> 信息:   started user thread for Warehouse 17
1月 02, 2026 8:17:06 下午 spec.jbb.JBBmain DoARun -> 信息:   started user thread for Warehouse 18
1月 02, 2026 8:17:06 下午 spec.jbb.JBBmain DoARun -> 信息:   started user thread for Warehouse 19
1月 02, 2026 8:17:06 下午 spec.jbb.JBBmain DoARun -> 信息:   started user thread for Warehouse 20
1月 02, 2026 8:17:06 下午 spec.jbb.JBBmain DoARun -> 信息:   started user thread for Warehouse 21
1月 02, 2026 8:17:06 下午 spec.jbb.JBBmain DoARun -> 信息:   started user thread for Warehouse 22
1月 02, 2026 8:17:06 下午 spec.jbb.JBBmain DoARun -> 信息:   started user thread for Warehouse 23
1月 02, 2026 8:17:07 下午 spec.jbb.JBBmain DoARun -> 信息:   started user thread for Warehouse 24
1月 02, 2026 8:17:07 下午 spec.jbb.JBBmain DoARun -> 信息:   started user thread for Warehouse 25
1月 02, 2026 8:17:07 下午 spec.jbb.JBBmain DoARun -> 信息:   started user thread for Warehouse 26
1月 02, 2026 8:17:07 下午 spec.jbb.JBBmain DoARun -> 信息:   started user thread for Warehouse 27
1月 02, 2026 8:17:07 下午 spec.jbb.JBBmain DoARun -> 信息:   started user thread for Warehouse 28
1月 02, 2026 8:17:07 下午 spec.jbb.JBBmain DoARun -> 信息:   started user thread for Warehouse 29
1月 02, 2026 8:17:07 下午 spec.jbb.JBBmain DoARun -> 信息:   started user thread for Warehouse 30
1月 02, 2026 8:17:07 下午 spec.jbb.JBBmain DoARun -> 信息:   started user thread for Warehouse 31
1月 02, 2026 8:17:07 下午 spec.jbb.JBBmain DoARun -> 信息:   started user thread for Warehouse 32
1月 02, 2026 8:17:07 下午 spec.jbb.JBBmain DoARun -> 信息:   started user thread for Warehouse 33
1月 02, 2026 8:17:07 下午 spec.jbb.JBBmain DoARun -> 信息:   started user thread for Warehouse 34
1月 02, 2026 8:17:07 下午 spec.jbb.JBBmain DoARun -> 信息:   started user thread for Warehouse 35
1月 02, 2026 8:17:07 下午 spec.jbb.JBBmain DoARun -> 信息:   started user thread for Warehouse 36
1月 02, 2026 8:17:07 下午 spec.jbb.JBBmain DoARun -> 信息:   started user thread for Warehouse 37
1月 02, 2026 8:17:07 下午 spec.jbb.JBBmain DoARun -> 信息:   started user thread for Warehouse 38
1月 02, 2026 8:17:07 下午 spec.jbb.JBBmain DoARun -> 信息:   started user thread for Warehouse 39
1月 02, 2026 8:17:07 下午 spec.jbb.JBBmain DoARun -> 信息:   started user thread for Warehouse 40
1月 02, 2026 8:17:07 下午 spec.jbb.JBBmain DoARun -> 信息:   started user thread for Warehouse 41
1月 02, 2026 8:17:07 下午 spec.jbb.JBBmain DoARun -> 信息:   started user thread for Warehouse 42
1月 02, 2026 8:17:07 下午 spec.jbb.JBBmain DoARun -> 信息:   started user thread for Warehouse 43
1月 02, 2026 8:17:07 下午 spec.jbb.JBBmain DoARun -> 信息:   started user thread for Warehouse 44
1月 02, 2026 8:17:07 下午 spec.jbb.JBBmain DoARun -> 信息:   started user thread for Warehouse 45
1月 02, 2026 8:17:07 下午 spec.jbb.JBBmain DoARun -> 信息:   started user thread for Warehouse 46
1月 02, 2026 8:17:07 下午 spec.jbb.JBBmain DoARun -> 信息:   started user thread for Warehouse 47
1月 02, 2026 8:17:07 下午 spec.jbb.JBBmain DoARun -> 信息:   started user thread for Warehouse 48
1月 02, 2026 8:17:07 下午 spec.jbb.JBBmain DoARun -> 信息:   started user thread for Warehouse 49
1月 02, 2026 8:17:07 下午 spec.jbb.JBBmain DoARun -> 信息:   started user thread for Warehouse 50
1月 02, 2026 8:17:07 下午 spec.jbb.JBBmain DoARun -> 信息:   started user thread for Warehouse 51
1月 02, 2026 8:17:07 下午 spec.jbb.JBBmain DoARun -> 信息:   started user thread for Warehouse 52
1月 02, 2026 8:17:07 下午 spec.jbb.JBBmain DoARun -> 信息:   started user thread for Warehouse 53
1月 02, 2026 8:17:07 下午 spec.jbb.JBBmain DoARun -> 信息:   started user thread for Warehouse 54
1月 02, 2026 8:17:07 下午 spec.jbb.JBBmain DoARun -> 信息:   started user thread for Warehouse 55
1月 02, 2026 8:17:07 下午 spec.jbb.JBBmain DoARun -> 信息:   started user thread for Warehouse 56
1月 02, 2026 8:17:07 下午 spec.jbb.JBBmain DoARun -> 信息:   started user thread for Warehouse 57
1月 02, 2026 8:17:07 下午 spec.jbb.JBBmain DoARun -> 信息:   started user thread for Warehouse 58
1月 02, 2026 8:17:07 下午 spec.jbb.JBBmain DoARun -> 信息:   started user thread for Warehouse 59
1月 02, 2026 8:17:07 下午 spec.jbb.JBBmain DoARun -> 信息:   started user thread for Warehouse 60
1月 02, 2026 8:17:07 下午 spec.jbb.JBBmain DoARun -> 信息:   started user thread for Warehouse 61
1月 02, 2026 8:17:07 下午 spec.jbb.JBBmain DoARun -> 信息:   started user thread for Warehouse 62
1月 02, 2026 8:17:07 下午 spec.jbb.JBBmain DoARun -> 信息:   started user thread for Warehouse 63
1月 02, 2026 8:17:07 下午 spec.jbb.JBBmain DoARun -> 信息:   started user thread for Warehouse 64
1月 02, 2026 8:17:07 下午 spec.jbb.JBBmain DoARun -> 信息:   started user thread for Warehouse 65
1月 02, 2026 8:17:07 下午 spec.jbb.JBBmain DoARun -> 信息:   started user thread for Warehouse 66
1月 02, 2026 8:17:07 下午 spec.jbb.JBBmain DoARun -> 信息:   started user thread for Warehouse 67
1月 02, 2026 8:17:07 下午 spec.jbb.JBBmain DoARun -> 信息:   started user thread for Warehouse 68
1月 02, 2026 8:17:07 下午 spec.jbb.JBBmain DoARun -> 信息:   started user thread for Warehouse 69
1月 02, 2026 8:17:07 下午 spec.jbb.JBBmain DoARun -> 信息:   started user thread for Warehouse 70
1月 02, 2026 8:17:07 下午 spec.jbb.JBBmain DoARun -> 信息:   started user thread for Warehouse 71
1月 02, 2026 8:17:07 下午 spec.jbb.JBBmain DoARun -> 信息:   started user thread for Warehouse 72
1月 02, 2026 8:17:07 下午 spec.jbb.JBBmain DoARun -> 信息:   started user thread for Warehouse 73
1月 02, 2026 8:17:07 下午 spec.jbb.JBBmain DoARun -> 信息:   started user thread for Warehouse 74
1月 02, 2026 8:17:07 下午 spec.jbb.JBBmain DoARun -> 信息:   started user thread for Warehouse 75
1月 02, 2026 8:17:07 下午 spec.jbb.JBBmain DoARun -> 信息:   started user thread for Warehouse 76
1月 02, 2026 8:17:07 下午 spec.jbb.JBBmain DoARun -> 信息:   started user thread for Warehouse 77
1月 02, 2026 8:17:07 下午 spec.jbb.JBBmain DoARun -> 信息:   started user thread for Warehouse 78
1月 02, 2026 8:17:07 下午 spec.jbb.JBBmain DoARun -> 信息:   started user thread for Warehouse 79
1月 02, 2026 8:17:07 下午 spec.jbb.JBBmain DoARun -> 信息:   started user thread for Warehouse 80
1月 02, 2026 8:17:07 下午 spec.jbb.JBBmain DoARun -> 信息:   started user thread for Warehouse 81
1月 02, 2026 8:17:07 下午 spec.jbb.JBBmain DoARun -> 信息:   started user thread for Warehouse 82
1月 02, 2026 8:17:07 下午 spec.jbb.JBBmain DoARun -> 信息:   started user thread for Warehouse 83
1月 02, 2026 8:17:07 下午 spec.jbb.JBBmain DoARun -> 信息:   started user thread for Warehouse 84
1月 02, 2026 8:17:07 下午 spec.jbb.JBBmain DoARun -> 信息:   started user thread for Warehouse 85
1月 02, 2026 8:17:07 下午 spec.jbb.JBBmain DoARun -> 信息:   started user thread for Warehouse 86
1月 02, 2026 8:17:07 下午 spec.jbb.Company displayResultTotals -> 信息: Timing Measurement began Fri Jan 02 20:17:07 CST 2026 for 4 minutes
1月 02, 2026 8:21:07 下午 spec.jbb.Company displayResultTotals -> 信息: Timing Measurement ended Fri Jan 02 20:21:07 CST 2026
1月 02, 2026 8:21:07 下午 spec.jbb.Company primeWithDummyData -> 信息: Loading Warehouse 87...
1月 02, 2026 8:21:07 下午 spec.jbb.JBBmain DoARun -> 信息: Start User Threads
1月 02, 2026 8:21:07 下午 spec.jbb.JBBmain DoARun -> 信息:   started user thread for Warehouse 1
1月 02, 2026 8:21:07 下午 spec.jbb.JBBmain DoARun -> 信息:   started user thread for Warehouse 2
1月 02, 2026 8:21:07 下午 spec.jbb.JBBmain DoARun -> 信息:   started user thread for Warehouse 3
1月 02, 2026 8:21:07 下午 spec.jbb.JBBmain DoARun -> 信息:   started user thread for Warehouse 4
1月 02, 2026 8:21:07 下午 spec.jbb.JBBmain DoARun -> 信息:   started user thread for Warehouse 5
1月 02, 2026 8:21:07 下午 spec.jbb.JBBmain DoARun -> 信息:   started user thread for Warehouse 6
1月 02, 2026 8:21:07 下午 spec.jbb.JBBmain DoARun -> 信息:   started user thread for Warehouse 7
1月 02, 2026 8:21:07 下午 spec.jbb.JBBmain DoARun -> 信息:   started user thread for Warehouse 8
1月 02, 2026 8:21:07 下午 spec.jbb.JBBmain DoARun -> 信息:   started user thread for Warehouse 9
1月 02, 2026 8:21:07 下午 spec.jbb.JBBmain DoARun -> 信息:   started user thread for Warehouse 10
1月 02, 2026 8:21:07 下午 spec.jbb.JBBmain DoARun -> 信息:   started user thread for Warehouse 11
1月 02, 2026 8:21:07 下午 spec.jbb.JBBmain DoARun -> 信息:   started user thread for Warehouse 12
1月 02, 2026 8:21:07 下午 spec.jbb.JBBmain DoARun -> 信息:   started user thread for Warehouse 13
1月 02, 2026 8:21:07 下午 spec.jbb.JBBmain DoARun -> 信息:   started user thread for Warehouse 14
1月 02, 2026 8:21:07 下午 spec.jbb.JBBmain DoARun -> 信息:   started user thread for Warehouse 15
1月 02, 2026 8:21:07 下午 spec.jbb.JBBmain DoARun -> 信息:   started user thread for Warehouse 16
1月 02, 2026 8:21:07 下午 spec.jbb.JBBmain DoARun -> 信息:   started user thread for Warehouse 17
1月 02, 2026 8:21:07 下午 spec.jbb.JBBmain DoARun -> 信息:   started user thread for Warehouse 18
1月 02, 2026 8:21:07 下午 spec.jbb.JBBmain DoARun -> 信息:   started user thread for Warehouse 19
1月 02, 2026 8:21:07 下午 spec.jbb.JBBmain DoARun -> 信息:   started user thread for Warehouse 20
1月 02, 2026 8:21:07 下午 spec.jbb.JBBmain DoARun -> 信息:   started user thread for Warehouse 21
1月 02, 2026 8:21:07 下午 spec.jbb.JBBmain DoARun -> 信息:   started user thread for Warehouse 22
1月 02, 2026 8:21:07 下午 spec.jbb.JBBmain DoARun -> 信息:   started user thread for Warehouse 23
1月 02, 2026 8:21:07 下午 spec.jbb.JBBmain DoARun -> 信息:   started user thread for Warehouse 24
1月 02, 2026 8:21:07 下午 spec.jbb.JBBmain DoARun -> 信息:   started user thread for Warehouse 25
1月 02, 2026 8:21:07 下午 spec.jbb.JBBmain DoARun -> 信息:   started user thread for Warehouse 26
1月 02, 2026 8:21:07 下午 spec.jbb.JBBmain DoARun -> 信息:   started user thread for Warehouse 27
1月 02, 2026 8:21:07 下午 spec.jbb.JBBmain DoARun -> 信息:   started user thread for Warehouse 28
1月 02, 2026 8:21:07 下午 spec.jbb.JBBmain DoARun -> 信息:   started user thread for Warehouse 29
1月 02, 2026 8:21:07 下午 spec.jbb.JBBmain DoARun -> 信息:   started user thread for Warehouse 30
1月 02, 2026 8:21:07 下午 spec.jbb.JBBmain DoARun -> 信息:   started user thread for Warehouse 31
1月 02, 2026 8:21:07 下午 spec.jbb.JBBmain DoARun -> 信息:   started user thread for Warehouse 32
1月 02, 2026 8:21:07 下午 spec.jbb.JBBmain DoARun -> 信息:   started user thread for Warehouse 33
1月 02, 2026 8:21:07 下午 spec.jbb.JBBmain DoARun -> 信息:   started user thread for Warehouse 34
1月 02, 2026 8:21:07 下午 spec.jbb.JBBmain DoARun -> 信息:   started user thread for Warehouse 35
1月 02, 2026 8:21:07 下午 spec.jbb.JBBmain DoARun -> 信息:   started user thread for Warehouse 36
1月 02, 2026 8:21:07 下午 spec.jbb.JBBmain DoARun -> 信息:   started user thread for Warehouse 37
1月 02, 2026 8:21:07 下午 spec.jbb.JBBmain DoARun -> 信息:   started user thread for Warehouse 38
1月 02, 2026 8:21:07 下午 spec.jbb.JBBmain DoARun -> 信息:   started user thread for Warehouse 39
1月 02, 2026 8:21:07 下午 spec.jbb.JBBmain DoARun -> 信息:   started user thread for Warehouse 40
1月 02, 2026 8:21:07 下午 spec.jbb.JBBmain DoARun -> 信息:   started user thread for Warehouse 41
1月 02, 2026 8:21:07 下午 spec.jbb.JBBmain DoARun -> 信息:   started user thread for Warehouse 42
1月 02, 2026 8:21:07 下午 spec.jbb.JBBmain DoARun -> 信息:   started user thread for Warehouse 43
1月 02, 2026 8:21:07 下午 spec.jbb.JBBmain DoARun -> 信息:   started user thread for Warehouse 44
1月 02, 2026 8:21:07 下午 spec.jbb.JBBmain DoARun -> 信息:   started user thread for Warehouse 45
1月 02, 2026 8:21:07 下午 spec.jbb.JBBmain DoARun -> 信息:   started user thread for Warehouse 46
1月 02, 2026 8:21:07 下午 spec.jbb.JBBmain DoARun -> 信息:   started user thread for Warehouse 47
1月 02, 2026 8:21:07 下午 spec.jbb.JBBmain DoARun -> 信息:   started user thread for Warehouse 48
1月 02, 2026 8:21:07 下午 spec.jbb.JBBmain DoARun -> 信息:   started user thread for Warehouse 49
1月 02, 2026 8:21:07 下午 spec.jbb.JBBmain DoARun -> 信息:   started user thread for Warehouse 50
1月 02, 2026 8:21:07 下午 spec.jbb.JBBmain DoARun -> 信息:   started user thread for Warehouse 51
1月 02, 2026 8:21:07 下午 spec.jbb.JBBmain DoARun -> 信息:   started user thread for Warehouse 52
1月 02, 2026 8:21:07 下午 spec.jbb.JBBmain DoARun -> 信息:   started user thread for Warehouse 53
1月 02, 2026 8:21:07 下午 spec.jbb.JBBmain DoARun -> 信息:   started user thread for Warehouse 54
1月 02, 2026 8:21:07 下午 spec.jbb.JBBmain DoARun -> 信息:   started user thread for Warehouse 55
1月 02, 2026 8:21:07 下午 spec.jbb.JBBmain DoARun -> 信息:   started user thread for Warehouse 56
1月 02, 2026 8:21:07 下午 spec.jbb.JBBmain DoARun -> 信息:   started user thread for Warehouse 57
1月 02, 2026 8:21:07 下午 spec.jbb.JBBmain DoARun -> 信息:   started user thread for Warehouse 58
1月 02, 2026 8:21:07 下午 spec.jbb.JBBmain DoARun -> 信息:   started user thread for Warehouse 59
1月 02, 2026 8:21:07 下午 spec.jbb.JBBmain DoARun -> 信息:   started user thread for Warehouse 60
1月 02, 2026 8:21:07 下午 spec.jbb.JBBmain DoARun -> 信息:   started user thread for Warehouse 61
1月 02, 2026 8:21:07 下午 spec.jbb.JBBmain DoARun -> 信息:   started user thread for Warehouse 62
1月 02, 2026 8:21:07 下午 spec.jbb.JBBmain DoARun -> 信息:   started user thread for Warehouse 63
1月 02, 2026 8:21:07 下午 spec.jbb.JBBmain DoARun -> 信息:   started user thread for Warehouse 64
1月 02, 2026 8:21:07 下午 spec.jbb.JBBmain DoARun -> 信息:   started user thread for Warehouse 65
1月 02, 2026 8:21:07 下午 spec.jbb.JBBmain DoARun -> 信息:   started user thread for Warehouse 66
1月 02, 2026 8:21:07 下午 spec.jbb.JBBmain DoARun -> 信息:   started user thread for Warehouse 67
1月 02, 2026 8:21:07 下午 spec.jbb.JBBmain DoARun -> 信息:   started user thread for Warehouse 68
1月 02, 2026 8:21:07 下午 spec.jbb.JBBmain DoARun -> 信息:   started user thread for Warehouse 69
1月 02, 2026 8:21:07 下午 spec.jbb.JBBmain DoARun -> 信息:   started user thread for Warehouse 70
1月 02, 2026 8:21:07 下午 spec.jbb.JBBmain DoARun -> 信息:   started user thread for Warehouse 71
1月 02, 2026 8:21:07 下午 spec.jbb.JBBmain DoARun -> 信息:   started user thread for Warehouse 72
1月 02, 2026 8:21:07 下午 spec.jbb.JBBmain DoARun -> 信息:   started user thread for Warehouse 73
1月 02, 2026 8:21:07 下午 spec.jbb.JBBmain DoARun -> 信息:   started user thread for Warehouse 74
1月 02, 2026 8:21:07 下午 spec.jbb.JBBmain DoARun -> 信息:   started user thread for Warehouse 75
1月 02, 2026 8:21:07 下午 spec.jbb.JBBmain DoARun -> 信息:   started user thread for Warehouse 76
1月 02, 2026 8:21:07 下午 spec.jbb.JBBmain DoARun -> 信息:   started user thread for Warehouse 77
1月 02, 2026 8:21:07 下午 spec.jbb.JBBmain DoARun -> 信息:   started user thread for Warehouse 78
1月 02, 2026 8:21:07 下午 spec.jbb.JBBmain DoARun -> 信息:   started user thread for Warehouse 79
1月 02, 2026 8:21:07 下午 spec.jbb.JBBmain DoARun -> 信息:   started user thread for Warehouse 80
1月 02, 2026 8:21:07 下午 spec.jbb.JBBmain DoARun -> 信息:   started user thread for Warehouse 81
1月 02, 2026 8:21:07 下午 spec.jbb.JBBmain DoARun -> 信息:   started user thread for Warehouse 82
1月 02, 2026 8:21:07 下午 spec.jbb.JBBmain DoARun -> 信息:   started user thread for Warehouse 83
1月 02, 2026 8:21:07 下午 spec.jbb.JBBmain DoARun -> 信息:   started user thread for Warehouse 84
1月 02, 2026 8:21:07 下午 spec.jbb.JBBmain DoARun -> 信息:   started user thread for Warehouse 85
1月 02, 2026 8:21:07 下午 spec.jbb.JBBmain DoARun -> 信息:   started user thread for Warehouse 86
1月 02, 2026 8:21:07 下午 spec.jbb.JBBmain DoARun -> 信息:   started user thread for Warehouse 87
1月 02, 2026 8:21:07 下午 spec.jbb.Company displayResultTotals -> 信息: Timing Measurement began Fri Jan 02 20:21:07 CST 2026 for 4 minutes
1月 02, 2026 8:25:07 下午 spec.jbb.Company displayResultTotals -> 信息: Timing Measurement ended Fri Jan 02 20:25:07 CST 2026
1月 02, 2026 8:25:07 下午 spec.jbb.Company primeWithDummyData -> 信息: Loading Warehouse 88...
1月 02, 2026 8:25:07 下午 spec.jbb.JBBmain DoARun -> 信息: Start User Threads
1月 02, 2026 8:25:07 下午 spec.jbb.JBBmain DoARun -> 信息:   started user thread for Warehouse 1
1月 02, 2026 8:25:07 下午 spec.jbb.JBBmain DoARun -> 信息:   started user thread for Warehouse 2
1月 02, 2026 8:25:07 下午 spec.jbb.JBBmain DoARun -> 信息:   started user thread for Warehouse 3
1月 02, 2026 8:25:07 下午 spec.jbb.JBBmain DoARun -> 信息:   started user thread for Warehouse 4
1月 02, 2026 8:25:07 下午 spec.jbb.JBBmain DoARun -> 信息:   started user thread for Warehouse 5
1月 02, 2026 8:25:07 下午 spec.jbb.JBBmain DoARun -> 信息:   started user thread for Warehouse 6
1月 02, 2026 8:25:07 下午 spec.jbb.JBBmain DoARun -> 信息:   started user thread for Warehouse 7
1月 02, 2026 8:25:07 下午 spec.jbb.JBBmain DoARun -> 信息:   started user thread for Warehouse 8
1月 02, 2026 8:25:07 下午 spec.jbb.JBBmain DoARun -> 信息:   started user thread for Warehouse 9
1月 02, 2026 8:25:07 下午 spec.jbb.JBBmain DoARun -> 信息:   started user thread for Warehouse 10
1月 02, 2026 8:25:07 下午 spec.jbb.JBBmain DoARun -> 信息:   started user thread for Warehouse 11
1月 02, 2026 8:25:07 下午 spec.jbb.JBBmain DoARun -> 信息:   started user thread for Warehouse 12
1月 02, 2026 8:25:07 下午 spec.jbb.JBBmain DoARun -> 信息:   started user thread for Warehouse 13
1月 02, 2026 8:25:07 下午 spec.jbb.JBBmain DoARun -> 信息:   started user thread for Warehouse 14
1月 02, 2026 8:25:07 下午 spec.jbb.JBBmain DoARun -> 信息:   started user thread for Warehouse 15
1月 02, 2026 8:25:07 下午 spec.jbb.JBBmain DoARun -> 信息:   started user thread for Warehouse 16
1月 02, 2026 8:25:07 下午 spec.jbb.JBBmain DoARun -> 信息:   started user thread for Warehouse 17
1月 02, 2026 8:25:07 下午 spec.jbb.JBBmain DoARun -> 信息:   started user thread for Warehouse 18
1月 02, 2026 8:25:07 下午 spec.jbb.JBBmain DoARun -> 信息:   started user thread for Warehouse 19
1月 02, 2026 8:25:07 下午 spec.jbb.JBBmain DoARun -> 信息:   started user thread for Warehouse 20
1月 02, 2026 8:25:07 下午 spec.jbb.JBBmain DoARun -> 信息:   started user thread for Warehouse 21
1月 02, 2026 8:25:07 下午 spec.jbb.JBBmain DoARun -> 信息:   started user thread for Warehouse 22
1月 02, 2026 8:25:07 下午 spec.jbb.JBBmain DoARun -> 信息:   started user thread for Warehouse 23
1月 02, 2026 8:25:07 下午 spec.jbb.JBBmain DoARun -> 信息:   started user thread for Warehouse 24
1月 02, 2026 8:25:07 下午 spec.jbb.JBBmain DoARun -> 信息:   started user thread for Warehouse 25
1月 02, 2026 8:25:07 下午 spec.jbb.JBBmain DoARun -> 信息:   started user thread for Warehouse 26
1月 02, 2026 8:25:07 下午 spec.jbb.JBBmain DoARun -> 信息:   started user thread for Warehouse 27
1月 02, 2026 8:25:07 下午 spec.jbb.JBBmain DoARun -> 信息:   started user thread for Warehouse 28
1月 02, 2026 8:25:07 下午 spec.jbb.JBBmain DoARun -> 信息:   started user thread for Warehouse 29
1月 02, 2026 8:25:07 下午 spec.jbb.JBBmain DoARun -> 信息:   started user thread for Warehouse 30
1月 02, 2026 8:25:07 下午 spec.jbb.JBBmain DoARun -> 信息:   started user thread for Warehouse 31
1月 02, 2026 8:25:07 下午 spec.jbb.JBBmain DoARun -> 信息:   started user thread for Warehouse 32
1月 02, 2026 8:25:07 下午 spec.jbb.JBBmain DoARun -> 信息:   started user thread for Warehouse 33
1月 02, 2026 8:25:07 下午 spec.jbb.JBBmain DoARun -> 信息:   started user thread for Warehouse 34
1月 02, 2026 8:25:07 下午 spec.jbb.JBBmain DoARun -> 信息:   started user thread for Warehouse 35
1月 02, 2026 8:25:07 下午 spec.jbb.JBBmain DoARun -> 信息:   started user thread for Warehouse 36
1月 02, 2026 8:25:07 下午 spec.jbb.JBBmain DoARun -> 信息:   started user thread for Warehouse 37
1月 02, 2026 8:25:07 下午 spec.jbb.JBBmain DoARun -> 信息:   started user thread for Warehouse 38
1月 02, 2026 8:25:07 下午 spec.jbb.JBBmain DoARun -> 信息:   started user thread for Warehouse 39
1月 02, 2026 8:25:07 下午 spec.jbb.JBBmain DoARun -> 信息:   started user thread for Warehouse 40
1月 02, 2026 8:25:07 下午 spec.jbb.JBBmain DoARun -> 信息:   started user thread for Warehouse 41
1月 02, 2026 8:25:07 下午 spec.jbb.JBBmain DoARun -> 信息:   started user thread for Warehouse 42
1月 02, 2026 8:25:07 下午 spec.jbb.JBBmain DoARun -> 信息:   started user thread for Warehouse 43
1月 02, 2026 8:25:07 下午 spec.jbb.JBBmain DoARun -> 信息:   started user thread for Warehouse 44
1月 02, 2026 8:25:07 下午 spec.jbb.JBBmain DoARun -> 信息:   started user thread for Warehouse 45
1月 02, 2026 8:25:07 下午 spec.jbb.JBBmain DoARun -> 信息:   started user thread for Warehouse 46
1月 02, 2026 8:25:07 下午 spec.jbb.JBBmain DoARun -> 信息:   started user thread for Warehouse 47
1月 02, 2026 8:25:07 下午 spec.jbb.JBBmain DoARun -> 信息:   started user thread for Warehouse 48
1月 02, 2026 8:25:07 下午 spec.jbb.JBBmain DoARun -> 信息:   started user thread for Warehouse 49
1月 02, 2026 8:25:07 下午 spec.jbb.JBBmain DoARun -> 信息:   started user thread for Warehouse 50
1月 02, 2026 8:25:07 下午 spec.jbb.JBBmain DoARun -> 信息:   started user thread for Warehouse 51
1月 02, 2026 8:25:07 下午 spec.jbb.JBBmain DoARun -> 信息:   started user thread for Warehouse 52
1月 02, 2026 8:25:07 下午 spec.jbb.JBBmain DoARun -> 信息:   started user thread for Warehouse 53
1月 02, 2026 8:25:07 下午 spec.jbb.JBBmain DoARun -> 信息:   started user thread for Warehouse 54
1月 02, 2026 8:25:07 下午 spec.jbb.JBBmain DoARun -> 信息:   started user thread for Warehouse 55
1月 02, 2026 8:25:07 下午 spec.jbb.JBBmain DoARun -> 信息:   started user thread for Warehouse 56
1月 02, 2026 8:25:07 下午 spec.jbb.JBBmain DoARun -> 信息:   started user thread for Warehouse 57
1月 02, 2026 8:25:07 下午 spec.jbb.JBBmain DoARun -> 信息:   started user thread for Warehouse 58
1月 02, 2026 8:25:07 下午 spec.jbb.JBBmain DoARun -> 信息:   started user thread for Warehouse 59
1月 02, 2026 8:25:07 下午 spec.jbb.JBBmain DoARun -> 信息:   started user thread for Warehouse 60
1月 02, 2026 8:25:07 下午 spec.jbb.JBBmain DoARun -> 信息:   started user thread for Warehouse 61
1月 02, 2026 8:25:07 下午 spec.jbb.JBBmain DoARun -> 信息:   started user thread for Warehouse 62
1月 02, 2026 8:25:07 下午 spec.jbb.JBBmain DoARun -> 信息:   started user thread for Warehouse 63
1月 02, 2026 8:25:07 下午 spec.jbb.JBBmain DoARun -> 信息:   started user thread for Warehouse 64
1月 02, 2026 8:25:07 下午 spec.jbb.JBBmain DoARun -> 信息:   started user thread for Warehouse 65
1月 02, 2026 8:25:07 下午 spec.jbb.JBBmain DoARun -> 信息:   started user thread for Warehouse 66
1月 02, 2026 8:25:07 下午 spec.jbb.JBBmain DoARun -> 信息:   started user thread for Warehouse 67
1月 02, 2026 8:25:07 下午 spec.jbb.JBBmain DoARun -> 信息:   started user thread for Warehouse 68
1月 02, 2026 8:25:07 下午 spec.jbb.JBBmain DoARun -> 信息:   started user thread for Warehouse 69
1月 02, 2026 8:25:07 下午 spec.jbb.JBBmain DoARun -> 信息:   started user thread for Warehouse 70
1月 02, 2026 8:25:07 下午 spec.jbb.JBBmain DoARun -> 信息:   started user thread for Warehouse 71
1月 02, 2026 8:25:07 下午 spec.jbb.JBBmain DoARun -> 信息:   started user thread for Warehouse 72
1月 02, 2026 8:25:07 下午 spec.jbb.JBBmain DoARun -> 信息:   started user thread for Warehouse 73
1月 02, 2026 8:25:07 下午 spec.jbb.JBBmain DoARun -> 信息:   started user thread for Warehouse 74
1月 02, 2026 8:25:07 下午 spec.jbb.JBBmain DoARun -> 信息:   started user thread for Warehouse 75
1月 02, 2026 8:25:07 下午 spec.jbb.JBBmain DoARun -> 信息:   started user thread for Warehouse 76
1月 02, 2026 8:25:07 下午 spec.jbb.JBBmain DoARun -> 信息:   started user thread for Warehouse 77
1月 02, 2026 8:25:07 下午 spec.jbb.JBBmain DoARun -> 信息:   started user thread for Warehouse 78
1月 02, 2026 8:25:07 下午 spec.jbb.JBBmain DoARun -> 信息:   started user thread for Warehouse 79
1月 02, 2026 8:25:07 下午 spec.jbb.JBBmain DoARun -> 信息:   started user thread for Warehouse 80
1月 02, 2026 8:25:07 下午 spec.jbb.JBBmain DoARun -> 信息:   started user thread for Warehouse 81
1月 02, 2026 8:25:07 下午 spec.jbb.JBBmain DoARun -> 信息:   started user thread for Warehouse 82
1月 02, 2026 8:25:07 下午 spec.jbb.JBBmain DoARun -> 信息:   started user thread for Warehouse 83
1月 02, 2026 8:25:07 下午 spec.jbb.JBBmain DoARun -> 信息:   started user thread for Warehouse 84
1月 02, 2026 8:25:07 下午 spec.jbb.JBBmain DoARun -> 信息:   started user thread for Warehouse 85
1月 02, 2026 8:25:07 下午 spec.jbb.JBBmain DoARun -> 信息:   started user thread for Warehouse 86
1月 02, 2026 8:25:07 下午 spec.jbb.JBBmain DoARun -> 信息:   started user thread for Warehouse 87
1月 02, 2026 8:25:07 下午 spec.jbb.JBBmain DoARun -> 信息:   started user thread for Warehouse 88
1月 02, 2026 8:25:07 下午 spec.jbb.Company displayResultTotals -> 信息: Timing Measurement began Fri Jan 02 20:25:07 CST 2026 for 4 minutes
1月 02, 2026 8:29:07 下午 spec.jbb.Company displayResultTotals -> 信息: Timing Measurement ended Fri Jan 02 20:29:07 CST 2026
1月 02, 2026 8:29:07 下午 spec.jbb.Company primeWithDummyData -> 信息: Loading Warehouse 89...
1月 02, 2026 8:29:08 下午 spec.jbb.JBBmain DoARun -> 信息: Start User Threads
1月 02, 2026 8:29:08 下午 spec.jbb.JBBmain DoARun -> 信息:   started user thread for Warehouse 1
1月 02, 2026 8:29:08 下午 spec.jbb.JBBmain DoARun -> 信息:   started user thread for Warehouse 2
1月 02, 2026 8:29:08 下午 spec.jbb.JBBmain DoARun -> 信息:   started user thread for Warehouse 3
1月 02, 2026 8:29:08 下午 spec.jbb.JBBmain DoARun -> 信息:   started user thread for Warehouse 4
1月 02, 2026 8:29:08 下午 spec.jbb.JBBmain DoARun -> 信息:   started user thread for Warehouse 5
1月 02, 2026 8:29:08 下午 spec.jbb.JBBmain DoARun -> 信息:   started user thread for Warehouse 6
1月 02, 2026 8:29:08 下午 spec.jbb.JBBmain DoARun -> 信息:   started user thread for Warehouse 7
1月 02, 2026 8:29:08 下午 spec.jbb.JBBmain DoARun -> 信息:   started user thread for Warehouse 8
1月 02, 2026 8:29:08 下午 spec.jbb.JBBmain DoARun -> 信息:   started user thread for Warehouse 9
1月 02, 2026 8:29:08 下午 spec.jbb.JBBmain DoARun -> 信息:   started user thread for Warehouse 10
1月 02, 2026 8:29:08 下午 spec.jbb.JBBmain DoARun -> 信息:   started user thread for Warehouse 11
1月 02, 2026 8:29:08 下午 spec.jbb.JBBmain DoARun -> 信息:   started user thread for Warehouse 12
1月 02, 2026 8:29:08 下午 spec.jbb.JBBmain DoARun -> 信息:   started user thread for Warehouse 13
1月 02, 2026 8:29:08 下午 spec.jbb.JBBmain DoARun -> 信息:   started user thread for Warehouse 14
1月 02, 2026 8:29:08 下午 spec.jbb.JBBmain DoARun -> 信息:   started user thread for Warehouse 15
1月 02, 2026 8:29:08 下午 spec.jbb.JBBmain DoARun -> 信息:   started user thread for Warehouse 16
1月 02, 2026 8:29:08 下午 spec.jbb.JBBmain DoARun -> 信息:   started user thread for Warehouse 17
1月 02, 2026 8:29:08 下午 spec.jbb.JBBmain DoARun -> 信息:   started user thread for Warehouse 18
1月 02, 2026 8:29:08 下午 spec.jbb.JBBmain DoARun -> 信息:   started user thread for Warehouse 19
1月 02, 2026 8:29:08 下午 spec.jbb.JBBmain DoARun -> 信息:   started user thread for Warehouse 20
1月 02, 2026 8:29:08 下午 spec.jbb.JBBmain DoARun -> 信息:   started user thread for Warehouse 21
1月 02, 2026 8:29:08 下午 spec.jbb.JBBmain DoARun -> 信息:   started user thread for Warehouse 22
1月 02, 2026 8:29:08 下午 spec.jbb.JBBmain DoARun -> 信息:   started user thread for Warehouse 23
1月 02, 2026 8:29:08 下午 spec.jbb.JBBmain DoARun -> 信息:   started user thread for Warehouse 24
1月 02, 2026 8:29:08 下午 spec.jbb.JBBmain DoARun -> 信息:   started user thread for Warehouse 25
1月 02, 2026 8:29:08 下午 spec.jbb.JBBmain DoARun -> 信息:   started user thread for Warehouse 26
1月 02, 2026 8:29:08 下午 spec.jbb.JBBmain DoARun -> 信息:   started user thread for Warehouse 27
1月 02, 2026 8:29:08 下午 spec.jbb.JBBmain DoARun -> 信息:   started user thread for Warehouse 28
1月 02, 2026 8:29:08 下午 spec.jbb.JBBmain DoARun -> 信息:   started user thread for Warehouse 29
1月 02, 2026 8:29:08 下午 spec.jbb.JBBmain DoARun -> 信息:   started user thread for Warehouse 30
1月 02, 2026 8:29:08 下午 spec.jbb.JBBmain DoARun -> 信息:   started user thread for Warehouse 31
1月 02, 2026 8:29:08 下午 spec.jbb.JBBmain DoARun -> 信息:   started user thread for Warehouse 32
1月 02, 2026 8:29:08 下午 spec.jbb.JBBmain DoARun -> 信息:   started user thread for Warehouse 33
1月 02, 2026 8:29:08 下午 spec.jbb.JBBmain DoARun -> 信息:   started user thread for Warehouse 34
1月 02, 2026 8:29:08 下午 spec.jbb.JBBmain DoARun -> 信息:   started user thread for Warehouse 35
1月 02, 2026 8:29:08 下午 spec.jbb.JBBmain DoARun -> 信息:   started user thread for Warehouse 36
1月 02, 2026 8:29:08 下午 spec.jbb.JBBmain DoARun -> 信息:   started user thread for Warehouse 37
1月 02, 2026 8:29:08 下午 spec.jbb.JBBmain DoARun -> 信息:   started user thread for Warehouse 38
1月 02, 2026 8:29:08 下午 spec.jbb.JBBmain DoARun -> 信息:   started user thread for Warehouse 39
1月 02, 2026 8:29:08 下午 spec.jbb.JBBmain DoARun -> 信息:   started user thread for Warehouse 40
1月 02, 2026 8:29:08 下午 spec.jbb.JBBmain DoARun -> 信息:   started user thread for Warehouse 41
1月 02, 2026 8:29:08 下午 spec.jbb.JBBmain DoARun -> 信息:   started user thread for Warehouse 42
1月 02, 2026 8:29:08 下午 spec.jbb.JBBmain DoARun -> 信息:   started user thread for Warehouse 43
1月 02, 2026 8:29:08 下午 spec.jbb.JBBmain DoARun -> 信息:   started user thread for Warehouse 44
1月 02, 2026 8:29:08 下午 spec.jbb.JBBmain DoARun -> 信息:   started user thread for Warehouse 45
1月 02, 2026 8:29:08 下午 spec.jbb.JBBmain DoARun -> 信息:   started user thread for Warehouse 46
1月 02, 2026 8:29:08 下午 spec.jbb.JBBmain DoARun -> 信息:   started user thread for Warehouse 47
1月 02, 2026 8:29:08 下午 spec.jbb.JBBmain DoARun -> 信息:   started user thread for Warehouse 48
1月 02, 2026 8:29:08 下午 spec.jbb.JBBmain DoARun -> 信息:   started user thread for Warehouse 49
1月 02, 2026 8:29:08 下午 spec.jbb.JBBmain DoARun -> 信息:   started user thread for Warehouse 50
1月 02, 2026 8:29:08 下午 spec.jbb.JBBmain DoARun -> 信息:   started user thread for Warehouse 51
1月 02, 2026 8:29:08 下午 spec.jbb.JBBmain DoARun -> 信息:   started user thread for Warehouse 52
1月 02, 2026 8:29:08 下午 spec.jbb.JBBmain DoARun -> 信息:   started user thread for Warehouse 53
1月 02, 2026 8:29:08 下午 spec.jbb.JBBmain DoARun -> 信息:   started user thread for Warehouse 54
1月 02, 2026 8:29:08 下午 spec.jbb.JBBmain DoARun -> 信息:   started user thread for Warehouse 55
1月 02, 2026 8:29:08 下午 spec.jbb.JBBmain DoARun -> 信息:   started user thread for Warehouse 56
1月 02, 2026 8:29:08 下午 spec.jbb.JBBmain DoARun -> 信息:   started user thread for Warehouse 57
1月 02, 2026 8:29:08 下午 spec.jbb.JBBmain DoARun -> 信息:   started user thread for Warehouse 58
1月 02, 2026 8:29:08 下午 spec.jbb.JBBmain DoARun -> 信息:   started user thread for Warehouse 59
1月 02, 2026 8:29:08 下午 spec.jbb.JBBmain DoARun -> 信息:   started user thread for Warehouse 60
1月 02, 2026 8:29:08 下午 spec.jbb.JBBmain DoARun -> 信息:   started user thread for Warehouse 61
1月 02, 2026 8:29:08 下午 spec.jbb.JBBmain DoARun -> 信息:   started user thread for Warehouse 62
1月 02, 2026 8:29:08 下午 spec.jbb.JBBmain DoARun -> 信息:   started user thread for Warehouse 63
1月 02, 2026 8:29:08 下午 spec.jbb.JBBmain DoARun -> 信息:   started user thread for Warehouse 64
1月 02, 2026 8:29:08 下午 spec.jbb.JBBmain DoARun -> 信息:   started user thread for Warehouse 65
1月 02, 2026 8:29:08 下午 spec.jbb.JBBmain DoARun -> 信息:   started user thread for Warehouse 66
1月 02, 2026 8:29:08 下午 spec.jbb.JBBmain DoARun -> 信息:   started user thread for Warehouse 67
1月 02, 2026 8:29:08 下午 spec.jbb.JBBmain DoARun -> 信息:   started user thread for Warehouse 68
1月 02, 2026 8:29:08 下午 spec.jbb.JBBmain DoARun -> 信息:   started user thread for Warehouse 69
1月 02, 2026 8:29:08 下午 spec.jbb.JBBmain DoARun -> 信息:   started user thread for Warehouse 70
1月 02, 2026 8:29:08 下午 spec.jbb.JBBmain DoARun -> 信息:   started user thread for Warehouse 71
1月 02, 2026 8:29:08 下午 spec.jbb.JBBmain DoARun -> 信息:   started user thread for Warehouse 72
1月 02, 2026 8:29:08 下午 spec.jbb.JBBmain DoARun -> 信息:   started user thread for Warehouse 73
1月 02, 2026 8:29:08 下午 spec.jbb.JBBmain DoARun -> 信息:   started user thread for Warehouse 74
1月 02, 2026 8:29:08 下午 spec.jbb.JBBmain DoARun -> 信息:   started user thread for Warehouse 75
1月 02, 2026 8:29:08 下午 spec.jbb.JBBmain DoARun -> 信息:   started user thread for Warehouse 76
1月 02, 2026 8:29:08 下午 spec.jbb.JBBmain DoARun -> 信息:   started user thread for Warehouse 77
1月 02, 2026 8:29:08 下午 spec.jbb.JBBmain DoARun -> 信息:   started user thread for Warehouse 78
1月 02, 2026 8:29:08 下午 spec.jbb.JBBmain DoARun -> 信息:   started user thread for Warehouse 79
1月 02, 2026 8:29:08 下午 spec.jbb.JBBmain DoARun -> 信息:   started user thread for Warehouse 80
1月 02, 2026 8:29:08 下午 spec.jbb.JBBmain DoARun -> 信息:   started user thread for Warehouse 81
1月 02, 2026 8:29:08 下午 spec.jbb.JBBmain DoARun -> 信息:   started user thread for Warehouse 82
1月 02, 2026 8:29:08 下午 spec.jbb.JBBmain DoARun -> 信息:   started user thread for Warehouse 83
1月 02, 2026 8:29:08 下午 spec.jbb.JBBmain DoARun -> 信息:   started user thread for Warehouse 84
1月 02, 2026 8:29:08 下午 spec.jbb.JBBmain DoARun -> 信息:   started user thread for Warehouse 85
1月 02, 2026 8:29:08 下午 spec.jbb.JBBmain DoARun -> 信息:   started user thread for Warehouse 86
1月 02, 2026 8:29:08 下午 spec.jbb.JBBmain DoARun -> 信息:   started user thread for Warehouse 87
1月 02, 2026 8:29:08 下午 spec.jbb.JBBmain DoARun -> 信息:   started user thread for Warehouse 88
1月 02, 2026 8:29:08 下午 spec.jbb.JBBmain DoARun -> 信息:   started user thread for Warehouse 89
1月 02, 2026 8:29:08 下午 spec.jbb.Company displayResultTotals -> 信息: Timing Measurement began Fri Jan 02 20:29:08 CST 2026 for 4 minutes
1月 02, 2026 8:33:08 下午 spec.jbb.Company displayResultTotals -> 信息: Timing Measurement ended Fri Jan 02 20:33:08 CST 2026
1月 02, 2026 8:33:08 下午 spec.jbb.Company primeWithDummyData -> 信息: Loading Warehouse 90...
1月 02, 2026 8:33:08 下午 spec.jbb.JBBmain DoARun -> 信息: Start User Threads
1月 02, 2026 8:33:08 下午 spec.jbb.JBBmain DoARun -> 信息:   started user thread for Warehouse 1
1月 02, 2026 8:33:08 下午 spec.jbb.JBBmain DoARun -> 信息:   started user thread for Warehouse 2
1月 02, 2026 8:33:08 下午 spec.jbb.JBBmain DoARun -> 信息:   started user thread for Warehouse 3
1月 02, 2026 8:33:08 下午 spec.jbb.JBBmain DoARun -> 信息:   started user thread for Warehouse 4
1月 02, 2026 8:33:08 下午 spec.jbb.JBBmain DoARun -> 信息:   started user thread for Warehouse 5
1月 02, 2026 8:33:08 下午 spec.jbb.JBBmain DoARun -> 信息:   started user thread for Warehouse 6
1月 02, 2026 8:33:08 下午 spec.jbb.JBBmain DoARun -> 信息:   started user thread for Warehouse 7
1月 02, 2026 8:33:08 下午 spec.jbb.JBBmain DoARun -> 信息:   started user thread for Warehouse 8
1月 02, 2026 8:33:08 下午 spec.jbb.JBBmain DoARun -> 信息:   started user thread for Warehouse 9
1月 02, 2026 8:33:08 下午 spec.jbb.JBBmain DoARun -> 信息:   started user thread for Warehouse 10
1月 02, 2026 8:33:08 下午 spec.jbb.JBBmain DoARun -> 信息:   started user thread for Warehouse 11
1月 02, 2026 8:33:08 下午 spec.jbb.JBBmain DoARun -> 信息:   started user thread for Warehouse 12
1月 02, 2026 8:33:08 下午 spec.jbb.JBBmain DoARun -> 信息:   started user thread for Warehouse 13
1月 02, 2026 8:33:08 下午 spec.jbb.JBBmain DoARun -> 信息:   started user thread for Warehouse 14
1月 02, 2026 8:33:08 下午 spec.jbb.JBBmain DoARun -> 信息:   started user thread for Warehouse 15
1月 02, 2026 8:33:08 下午 spec.jbb.JBBmain DoARun -> 信息:   started user thread for Warehouse 16
1月 02, 2026 8:33:08 下午 spec.jbb.JBBmain DoARun -> 信息:   started user thread for Warehouse 17
1月 02, 2026 8:33:08 下午 spec.jbb.JBBmain DoARun -> 信息:   started user thread for Warehouse 18
1月 02, 2026 8:33:08 下午 spec.jbb.JBBmain DoARun -> 信息:   started user thread for Warehouse 19
1月 02, 2026 8:33:08 下午 spec.jbb.JBBmain DoARun -> 信息:   started user thread for Warehouse 20
1月 02, 2026 8:33:08 下午 spec.jbb.JBBmain DoARun -> 信息:   started user thread for Warehouse 21
1月 02, 2026 8:33:08 下午 spec.jbb.JBBmain DoARun -> 信息:   started user thread for Warehouse 22
1月 02, 2026 8:33:08 下午 spec.jbb.JBBmain DoARun -> 信息:   started user thread for Warehouse 23
1月 02, 2026 8:33:08 下午 spec.jbb.JBBmain DoARun -> 信息:   started user thread for Warehouse 24
1月 02, 2026 8:33:08 下午 spec.jbb.JBBmain DoARun -> 信息:   started user thread for Warehouse 25
1月 02, 2026 8:33:08 下午 spec.jbb.JBBmain DoARun -> 信息:   started user thread for Warehouse 26
1月 02, 2026 8:33:08 下午 spec.jbb.JBBmain DoARun -> 信息:   started user thread for Warehouse 27
1月 02, 2026 8:33:08 下午 spec.jbb.JBBmain DoARun -> 信息:   started user thread for Warehouse 28
1月 02, 2026 8:33:08 下午 spec.jbb.JBBmain DoARun -> 信息:   started user thread for Warehouse 29
1月 02, 2026 8:33:08 下午 spec.jbb.JBBmain DoARun -> 信息:   started user thread for Warehouse 30
1月 02, 2026 8:33:08 下午 spec.jbb.JBBmain DoARun -> 信息:   started user thread for Warehouse 31
1月 02, 2026 8:33:08 下午 spec.jbb.JBBmain DoARun -> 信息:   started user thread for Warehouse 32
1月 02, 2026 8:33:08 下午 spec.jbb.JBBmain DoARun -> 信息:   started user thread for Warehouse 33
1月 02, 2026 8:33:08 下午 spec.jbb.JBBmain DoARun -> 信息:   started user thread for Warehouse 34
1月 02, 2026 8:33:08 下午 spec.jbb.JBBmain DoARun -> 信息:   started user thread for Warehouse 35
1月 02, 2026 8:33:08 下午 spec.jbb.JBBmain DoARun -> 信息:   started user thread for Warehouse 36
1月 02, 2026 8:33:08 下午 spec.jbb.JBBmain DoARun -> 信息:   started user thread for Warehouse 37
1月 02, 2026 8:33:08 下午 spec.jbb.JBBmain DoARun -> 信息:   started user thread for Warehouse 38
1月 02, 2026 8:33:08 下午 spec.jbb.JBBmain DoARun -> 信息:   started user thread for Warehouse 39
1月 02, 2026 8:33:08 下午 spec.jbb.JBBmain DoARun -> 信息:   started user thread for Warehouse 40
1月 02, 2026 8:33:08 下午 spec.jbb.JBBmain DoARun -> 信息:   started user thread for Warehouse 41
1月 02, 2026 8:33:08 下午 spec.jbb.JBBmain DoARun -> 信息:   started user thread for Warehouse 42
1月 02, 2026 8:33:08 下午 spec.jbb.JBBmain DoARun -> 信息:   started user thread for Warehouse 43
1月 02, 2026 8:33:08 下午 spec.jbb.JBBmain DoARun -> 信息:   started user thread for Warehouse 44
1月 02, 2026 8:33:08 下午 spec.jbb.JBBmain DoARun -> 信息:   started user thread for Warehouse 45
1月 02, 2026 8:33:08 下午 spec.jbb.JBBmain DoARun -> 信息:   started user thread for Warehouse 46
1月 02, 2026 8:33:08 下午 spec.jbb.JBBmain DoARun -> 信息:   started user thread for Warehouse 47
1月 02, 2026 8:33:08 下午 spec.jbb.JBBmain DoARun -> 信息:   started user thread for Warehouse 48
1月 02, 2026 8:33:08 下午 spec.jbb.JBBmain DoARun -> 信息:   started user thread for Warehouse 49
1月 02, 2026 8:33:08 下午 spec.jbb.JBBmain DoARun -> 信息:   started user thread for Warehouse 50
1月 02, 2026 8:33:08 下午 spec.jbb.JBBmain DoARun -> 信息:   started user thread for Warehouse 51
1月 02, 2026 8:33:08 下午 spec.jbb.JBBmain DoARun -> 信息:   started user thread for Warehouse 52
1月 02, 2026 8:33:08 下午 spec.jbb.JBBmain DoARun -> 信息:   started user thread for Warehouse 53
1月 02, 2026 8:33:08 下午 spec.jbb.JBBmain DoARun -> 信息:   started user thread for Warehouse 54
1月 02, 2026 8:33:08 下午 spec.jbb.JBBmain DoARun -> 信息:   started user thread for Warehouse 55
1月 02, 2026 8:33:08 下午 spec.jbb.JBBmain DoARun -> 信息:   started user thread for Warehouse 56
1月 02, 2026 8:33:08 下午 spec.jbb.JBBmain DoARun -> 信息:   started user thread for Warehouse 57
1月 02, 2026 8:33:08 下午 spec.jbb.JBBmain DoARun -> 信息:   started user thread for Warehouse 58
1月 02, 2026 8:33:08 下午 spec.jbb.JBBmain DoARun -> 信息:   started user thread for Warehouse 59
1月 02, 2026 8:33:08 下午 spec.jbb.JBBmain DoARun -> 信息:   started user thread for Warehouse 60
1月 02, 2026 8:33:08 下午 spec.jbb.JBBmain DoARun -> 信息:   started user thread for Warehouse 61
1月 02, 2026 8:33:08 下午 spec.jbb.JBBmain DoARun -> 信息:   started user thread for Warehouse 62
1月 02, 2026 8:33:08 下午 spec.jbb.JBBmain DoARun -> 信息:   started user thread for Warehouse 63
1月 02, 2026 8:33:08 下午 spec.jbb.JBBmain DoARun -> 信息:   started user thread for Warehouse 64
1月 02, 2026 8:33:08 下午 spec.jbb.JBBmain DoARun -> 信息:   started user thread for Warehouse 65
1月 02, 2026 8:33:08 下午 spec.jbb.JBBmain DoARun -> 信息:   started user thread for Warehouse 66
1月 02, 2026 8:33:08 下午 spec.jbb.JBBmain DoARun -> 信息:   started user thread for Warehouse 67
1月 02, 2026 8:33:08 下午 spec.jbb.JBBmain DoARun -> 信息:   started user thread for Warehouse 68
1月 02, 2026 8:33:08 下午 spec.jbb.JBBmain DoARun -> 信息:   started user thread for Warehouse 69
1月 02, 2026 8:33:08 下午 spec.jbb.JBBmain DoARun -> 信息:   started user thread for Warehouse 70
1月 02, 2026 8:33:08 下午 spec.jbb.JBBmain DoARun -> 信息:   started user thread for Warehouse 71
1月 02, 2026 8:33:08 下午 spec.jbb.JBBmain DoARun -> 信息:   started user thread for Warehouse 72
1月 02, 2026 8:33:08 下午 spec.jbb.JBBmain DoARun -> 信息:   started user thread for Warehouse 73
1月 02, 2026 8:33:08 下午 spec.jbb.JBBmain DoARun -> 信息:   started user thread for Warehouse 74
1月 02, 2026 8:33:08 下午 spec.jbb.JBBmain DoARun -> 信息:   started user thread for Warehouse 75
1月 02, 2026 8:33:08 下午 spec.jbb.JBBmain DoARun -> 信息:   started user thread for Warehouse 76
1月 02, 2026 8:33:08 下午 spec.jbb.JBBmain DoARun -> 信息:   started user thread for Warehouse 77
1月 02, 2026 8:33:08 下午 spec.jbb.JBBmain DoARun -> 信息:   started user thread for Warehouse 78
1月 02, 2026 8:33:08 下午 spec.jbb.JBBmain DoARun -> 信息:   started user thread for Warehouse 79
1月 02, 2026 8:33:08 下午 spec.jbb.JBBmain DoARun -> 信息:   started user thread for Warehouse 80
1月 02, 2026 8:33:08 下午 spec.jbb.JBBmain DoARun -> 信息:   started user thread for Warehouse 81
1月 02, 2026 8:33:08 下午 spec.jbb.JBBmain DoARun -> 信息:   started user thread for Warehouse 82
1月 02, 2026 8:33:08 下午 spec.jbb.JBBmain DoARun -> 信息:   started user thread for Warehouse 83
1月 02, 2026 8:33:08 下午 spec.jbb.JBBmain DoARun -> 信息:   started user thread for Warehouse 84
1月 02, 2026 8:33:08 下午 spec.jbb.JBBmain DoARun -> 信息:   started user thread for Warehouse 85
1月 02, 2026 8:33:08 下午 spec.jbb.JBBmain DoARun -> 信息:   started user thread for Warehouse 86
1月 02, 2026 8:33:08 下午 spec.jbb.JBBmain DoARun -> 信息:   started user thread for Warehouse 87
1月 02, 2026 8:33:08 下午 spec.jbb.JBBmain DoARun -> 信息:   started user thread for Warehouse 88
1月 02, 2026 8:33:08 下午 spec.jbb.JBBmain DoARun -> 信息:   started user thread for Warehouse 89
1月 02, 2026 8:33:08 下午 spec.jbb.JBBmain DoARun -> 信息:   started user thread for Warehouse 90
1月 02, 2026 8:33:08 下午 spec.jbb.Company displayResultTotals -> 信息: Timing Measurement began Fri Jan 02 20:33:08 CST 2026 for 4 minutes
1月 02, 2026 8:37:08 下午 spec.jbb.Company displayResultTotals -> 信息: Timing Measurement ended Fri Jan 02 20:37:08 CST 2026
1月 02, 2026 8:37:08 下午 spec.jbb.Company primeWithDummyData -> 信息: Loading Warehouse 91...
1月 02, 2026 8:37:08 下午 spec.jbb.JBBmain DoARun -> 信息: Start User Threads
1月 02, 2026 8:37:08 下午 spec.jbb.JBBmain DoARun -> 信息:   started user thread for Warehouse 1
1月 02, 2026 8:37:08 下午 spec.jbb.JBBmain DoARun -> 信息:   started user thread for Warehouse 2
1月 02, 2026 8:37:08 下午 spec.jbb.JBBmain DoARun -> 信息:   started user thread for Warehouse 3
1月 02, 2026 8:37:08 下午 spec.jbb.JBBmain DoARun -> 信息:   started user thread for Warehouse 4
1月 02, 2026 8:37:08 下午 spec.jbb.JBBmain DoARun -> 信息:   started user thread for Warehouse 5
1月 02, 2026 8:37:08 下午 spec.jbb.JBBmain DoARun -> 信息:   started user thread for Warehouse 6
1月 02, 2026 8:37:08 下午 spec.jbb.JBBmain DoARun -> 信息:   started user thread for Warehouse 7
1月 02, 2026 8:37:08 下午 spec.jbb.JBBmain DoARun -> 信息:   started user thread for Warehouse 8
1月 02, 2026 8:37:08 下午 spec.jbb.JBBmain DoARun -> 信息:   started user thread for Warehouse 9
1月 02, 2026 8:37:08 下午 spec.jbb.JBBmain DoARun -> 信息:   started user thread for Warehouse 10
1月 02, 2026 8:37:08 下午 spec.jbb.JBBmain DoARun -> 信息:   started user thread for Warehouse 11
1月 02, 2026 8:37:08 下午 spec.jbb.JBBmain DoARun -> 信息:   started user thread for Warehouse 12
1月 02, 2026 8:37:08 下午 spec.jbb.JBBmain DoARun -> 信息:   started user thread for Warehouse 13
1月 02, 2026 8:37:08 下午 spec.jbb.JBBmain DoARun -> 信息:   started user thread for Warehouse 14
1月 02, 2026 8:37:08 下午 spec.jbb.JBBmain DoARun -> 信息:   started user thread for Warehouse 15
1月 02, 2026 8:37:08 下午 spec.jbb.JBBmain DoARun -> 信息:   started user thread for Warehouse 16
1月 02, 2026 8:37:08 下午 spec.jbb.JBBmain DoARun -> 信息:   started user thread for Warehouse 17
1月 02, 2026 8:37:08 下午 spec.jbb.JBBmain DoARun -> 信息:   started user thread for Warehouse 18
1月 02, 2026 8:37:08 下午 spec.jbb.JBBmain DoARun -> 信息:   started user thread for Warehouse 19
1月 02, 2026 8:37:08 下午 spec.jbb.JBBmain DoARun -> 信息:   started user thread for Warehouse 20
1月 02, 2026 8:37:08 下午 spec.jbb.JBBmain DoARun -> 信息:   started user thread for Warehouse 21
1月 02, 2026 8:37:08 下午 spec.jbb.JBBmain DoARun -> 信息:   started user thread for Warehouse 22
1月 02, 2026 8:37:08 下午 spec.jbb.JBBmain DoARun -> 信息:   started user thread for Warehouse 23
1月 02, 2026 8:37:08 下午 spec.jbb.JBBmain DoARun -> 信息:   started user thread for Warehouse 24
1月 02, 2026 8:37:08 下午 spec.jbb.JBBmain DoARun -> 信息:   started user thread for Warehouse 25
1月 02, 2026 8:37:08 下午 spec.jbb.JBBmain DoARun -> 信息:   started user thread for Warehouse 26
1月 02, 2026 8:37:08 下午 spec.jbb.JBBmain DoARun -> 信息:   started user thread for Warehouse 27
1月 02, 2026 8:37:08 下午 spec.jbb.JBBmain DoARun -> 信息:   started user thread for Warehouse 28
1月 02, 2026 8:37:08 下午 spec.jbb.JBBmain DoARun -> 信息:   started user thread for Warehouse 29
1月 02, 2026 8:37:08 下午 spec.jbb.JBBmain DoARun -> 信息:   started user thread for Warehouse 30
1月 02, 2026 8:37:08 下午 spec.jbb.JBBmain DoARun -> 信息:   started user thread for Warehouse 31
1月 02, 2026 8:37:08 下午 spec.jbb.JBBmain DoARun -> 信息:   started user thread for Warehouse 32
1月 02, 2026 8:37:08 下午 spec.jbb.JBBmain DoARun -> 信息:   started user thread for Warehouse 33
1月 02, 2026 8:37:08 下午 spec.jbb.JBBmain DoARun -> 信息:   started user thread for Warehouse 34
1月 02, 2026 8:37:08 下午 spec.jbb.JBBmain DoARun -> 信息:   started user thread for Warehouse 35
1月 02, 2026 8:37:08 下午 spec.jbb.JBBmain DoARun -> 信息:   started user thread for Warehouse 36
1月 02, 2026 8:37:08 下午 spec.jbb.JBBmain DoARun -> 信息:   started user thread for Warehouse 37
1月 02, 2026 8:37:08 下午 spec.jbb.JBBmain DoARun -> 信息:   started user thread for Warehouse 38
1月 02, 2026 8:37:08 下午 spec.jbb.JBBmain DoARun -> 信息:   started user thread for Warehouse 39
1月 02, 2026 8:37:08 下午 spec.jbb.JBBmain DoARun -> 信息:   started user thread for Warehouse 40
1月 02, 2026 8:37:08 下午 spec.jbb.JBBmain DoARun -> 信息:   started user thread for Warehouse 41
1月 02, 2026 8:37:08 下午 spec.jbb.JBBmain DoARun -> 信息:   started user thread for Warehouse 42
1月 02, 2026 8:37:08 下午 spec.jbb.JBBmain DoARun -> 信息:   started user thread for Warehouse 43
1月 02, 2026 8:37:08 下午 spec.jbb.JBBmain DoARun -> 信息:   started user thread for Warehouse 44
1月 02, 2026 8:37:08 下午 spec.jbb.JBBmain DoARun -> 信息:   started user thread for Warehouse 45
1月 02, 2026 8:37:08 下午 spec.jbb.JBBmain DoARun -> 信息:   started user thread for Warehouse 46
1月 02, 2026 8:37:08 下午 spec.jbb.JBBmain DoARun -> 信息:   started user thread for Warehouse 47
1月 02, 2026 8:37:08 下午 spec.jbb.JBBmain DoARun -> 信息:   started user thread for Warehouse 48
1月 02, 2026 8:37:08 下午 spec.jbb.JBBmain DoARun -> 信息:   started user thread for Warehouse 49
1月 02, 2026 8:37:08 下午 spec.jbb.JBBmain DoARun -> 信息:   started user thread for Warehouse 50
1月 02, 2026 8:37:08 下午 spec.jbb.JBBmain DoARun -> 信息:   started user thread for Warehouse 51
1月 02, 2026 8:37:08 下午 spec.jbb.JBBmain DoARun -> 信息:   started user thread for Warehouse 52
1月 02, 2026 8:37:08 下午 spec.jbb.JBBmain DoARun -> 信息:   started user thread for Warehouse 53
1月 02, 2026 8:37:08 下午 spec.jbb.JBBmain DoARun -> 信息:   started user thread for Warehouse 54
1月 02, 2026 8:37:08 下午 spec.jbb.JBBmain DoARun -> 信息:   started user thread for Warehouse 55
1月 02, 2026 8:37:08 下午 spec.jbb.JBBmain DoARun -> 信息:   started user thread for Warehouse 56
1月 02, 2026 8:37:08 下午 spec.jbb.JBBmain DoARun -> 信息:   started user thread for Warehouse 57
1月 02, 2026 8:37:08 下午 spec.jbb.JBBmain DoARun -> 信息:   started user thread for Warehouse 58
1月 02, 2026 8:37:08 下午 spec.jbb.JBBmain DoARun -> 信息:   started user thread for Warehouse 59
1月 02, 2026 8:37:08 下午 spec.jbb.JBBmain DoARun -> 信息:   started user thread for Warehouse 60
1月 02, 2026 8:37:08 下午 spec.jbb.JBBmain DoARun -> 信息:   started user thread for Warehouse 61
1月 02, 2026 8:37:08 下午 spec.jbb.JBBmain DoARun -> 信息:   started user thread for Warehouse 62
1月 02, 2026 8:37:08 下午 spec.jbb.JBBmain DoARun -> 信息:   started user thread for Warehouse 63
1月 02, 2026 8:37:08 下午 spec.jbb.JBBmain DoARun -> 信息:   started user thread for Warehouse 64
1月 02, 2026 8:37:08 下午 spec.jbb.JBBmain DoARun -> 信息:   started user thread for Warehouse 65
1月 02, 2026 8:37:08 下午 spec.jbb.JBBmain DoARun -> 信息:   started user thread for Warehouse 66
1月 02, 2026 8:37:08 下午 spec.jbb.JBBmain DoARun -> 信息:   started user thread for Warehouse 67
1月 02, 2026 8:37:08 下午 spec.jbb.JBBmain DoARun -> 信息:   started user thread for Warehouse 68
1月 02, 2026 8:37:08 下午 spec.jbb.JBBmain DoARun -> 信息:   started user thread for Warehouse 69
1月 02, 2026 8:37:08 下午 spec.jbb.JBBmain DoARun -> 信息:   started user thread for Warehouse 70
1月 02, 2026 8:37:08 下午 spec.jbb.JBBmain DoARun -> 信息:   started user thread for Warehouse 71
1月 02, 2026 8:37:08 下午 spec.jbb.JBBmain DoARun -> 信息:   started user thread for Warehouse 72
1月 02, 2026 8:37:08 下午 spec.jbb.JBBmain DoARun -> 信息:   started user thread for Warehouse 73
1月 02, 2026 8:37:08 下午 spec.jbb.JBBmain DoARun -> 信息:   started user thread for Warehouse 74
1月 02, 2026 8:37:08 下午 spec.jbb.JBBmain DoARun -> 信息:   started user thread for Warehouse 75
1月 02, 2026 8:37:08 下午 spec.jbb.JBBmain DoARun -> 信息:   started user thread for Warehouse 76
1月 02, 2026 8:37:08 下午 spec.jbb.JBBmain DoARun -> 信息:   started user thread for Warehouse 77
1月 02, 2026 8:37:08 下午 spec.jbb.JBBmain DoARun -> 信息:   started user thread for Warehouse 78
1月 02, 2026 8:37:08 下午 spec.jbb.JBBmain DoARun -> 信息:   started user thread for Warehouse 79
1月 02, 2026 8:37:08 下午 spec.jbb.JBBmain DoARun -> 信息:   started user thread for Warehouse 80
1月 02, 2026 8:37:08 下午 spec.jbb.JBBmain DoARun -> 信息:   started user thread for Warehouse 81
1月 02, 2026 8:37:08 下午 spec.jbb.JBBmain DoARun -> 信息:   started user thread for Warehouse 82
1月 02, 2026 8:37:08 下午 spec.jbb.JBBmain DoARun -> 信息:   started user thread for Warehouse 83
1月 02, 2026 8:37:08 下午 spec.jbb.JBBmain DoARun -> 信息:   started user thread for Warehouse 84
1月 02, 2026 8:37:08 下午 spec.jbb.JBBmain DoARun -> 信息:   started user thread for Warehouse 85
1月 02, 2026 8:37:08 下午 spec.jbb.JBBmain DoARun -> 信息:   started user thread for Warehouse 86
1月 02, 2026 8:37:08 下午 spec.jbb.JBBmain DoARun -> 信息:   started user thread for Warehouse 87
1月 02, 2026 8:37:08 下午 spec.jbb.JBBmain DoARun -> 信息:   started user thread for Warehouse 88
1月 02, 2026 8:37:08 下午 spec.jbb.JBBmain DoARun -> 信息:   started user thread for Warehouse 89
1月 02, 2026 8:37:08 下午 spec.jbb.JBBmain DoARun -> 信息:   started user thread for Warehouse 90
1月 02, 2026 8:37:08 下午 spec.jbb.JBBmain DoARun -> 信息:   started user thread for Warehouse 91
1月 02, 2026 8:37:08 下午 spec.jbb.Company displayResultTotals -> 信息: Timing Measurement began Fri Jan 02 20:37:08 CST 2026 for 4 minutes
1月 02, 2026 8:41:08 下午 spec.jbb.Company displayResultTotals -> 信息: Timing Measurement ended Fri Jan 02 20:41:08 CST 2026
1月 02, 2026 8:41:08 下午 spec.jbb.Company primeWithDummyData -> 信息: Loading Warehouse 92...
1月 02, 2026 8:41:09 下午 spec.jbb.JBBmain DoARun -> 信息: Start User Threads
1月 02, 2026 8:41:09 下午 spec.jbb.JBBmain DoARun -> 信息:   started user thread for Warehouse 1
1月 02, 2026 8:41:09 下午 spec.jbb.JBBmain DoARun -> 信息:   started user thread for Warehouse 2
1月 02, 2026 8:41:09 下午 spec.jbb.JBBmain DoARun -> 信息:   started user thread for Warehouse 3
1月 02, 2026 8:41:09 下午 spec.jbb.JBBmain DoARun -> 信息:   started user thread for Warehouse 4
1月 02, 2026 8:41:09 下午 spec.jbb.JBBmain DoARun -> 信息:   started user thread for Warehouse 5
1月 02, 2026 8:41:09 下午 spec.jbb.JBBmain DoARun -> 信息:   started user thread for Warehouse 6
1月 02, 2026 8:41:09 下午 spec.jbb.JBBmain DoARun -> 信息:   started user thread for Warehouse 7
1月 02, 2026 8:41:09 下午 spec.jbb.JBBmain DoARun -> 信息:   started user thread for Warehouse 8
1月 02, 2026 8:41:09 下午 spec.jbb.JBBmain DoARun -> 信息:   started user thread for Warehouse 9
1月 02, 2026 8:41:09 下午 spec.jbb.JBBmain DoARun -> 信息:   started user thread for Warehouse 10
1月 02, 2026 8:41:09 下午 spec.jbb.JBBmain DoARun -> 信息:   started user thread for Warehouse 11
1月 02, 2026 8:41:09 下午 spec.jbb.JBBmain DoARun -> 信息:   started user thread for Warehouse 12
1月 02, 2026 8:41:09 下午 spec.jbb.JBBmain DoARun -> 信息:   started user thread for Warehouse 13
1月 02, 2026 8:41:09 下午 spec.jbb.JBBmain DoARun -> 信息:   started user thread for Warehouse 14
1月 02, 2026 8:41:09 下午 spec.jbb.JBBmain DoARun -> 信息:   started user thread for Warehouse 15
1月 02, 2026 8:41:09 下午 spec.jbb.JBBmain DoARun -> 信息:   started user thread for Warehouse 16
1月 02, 2026 8:41:09 下午 spec.jbb.JBBmain DoARun -> 信息:   started user thread for Warehouse 17
1月 02, 2026 8:41:09 下午 spec.jbb.JBBmain DoARun -> 信息:   started user thread for Warehouse 18
1月 02, 2026 8:41:09 下午 spec.jbb.JBBmain DoARun -> 信息:   started user thread for Warehouse 19
1月 02, 2026 8:41:09 下午 spec.jbb.JBBmain DoARun -> 信息:   started user thread for Warehouse 20
1月 02, 2026 8:41:09 下午 spec.jbb.JBBmain DoARun -> 信息:   started user thread for Warehouse 21
1月 02, 2026 8:41:09 下午 spec.jbb.JBBmain DoARun -> 信息:   started user thread for Warehouse 22
1月 02, 2026 8:41:09 下午 spec.jbb.JBBmain DoARun -> 信息:   started user thread for Warehouse 23
1月 02, 2026 8:41:09 下午 spec.jbb.JBBmain DoARun -> 信息:   started user thread for Warehouse 24
1月 02, 2026 8:41:09 下午 spec.jbb.JBBmain DoARun -> 信息:   started user thread for Warehouse 25
1月 02, 2026 8:41:09 下午 spec.jbb.JBBmain DoARun -> 信息:   started user thread for Warehouse 26
1月 02, 2026 8:41:09 下午 spec.jbb.JBBmain DoARun -> 信息:   started user thread for Warehouse 27
1月 02, 2026 8:41:09 下午 spec.jbb.JBBmain DoARun -> 信息:   started user thread for Warehouse 28
1月 02, 2026 8:41:09 下午 spec.jbb.JBBmain DoARun -> 信息:   started user thread for Warehouse 29
1月 02, 2026 8:41:09 下午 spec.jbb.JBBmain DoARun -> 信息:   started user thread for Warehouse 30
1月 02, 2026 8:41:09 下午 spec.jbb.JBBmain DoARun -> 信息:   started user thread for Warehouse 31
1月 02, 2026 8:41:09 下午 spec.jbb.JBBmain DoARun -> 信息:   started user thread for Warehouse 32
1月 02, 2026 8:41:09 下午 spec.jbb.JBBmain DoARun -> 信息:   started user thread for Warehouse 33
1月 02, 2026 8:41:09 下午 spec.jbb.JBBmain DoARun -> 信息:   started user thread for Warehouse 34
1月 02, 2026 8:41:09 下午 spec.jbb.JBBmain DoARun -> 信息:   started user thread for Warehouse 35
1月 02, 2026 8:41:09 下午 spec.jbb.JBBmain DoARun -> 信息:   started user thread for Warehouse 36
1月 02, 2026 8:41:09 下午 spec.jbb.JBBmain DoARun -> 信息:   started user thread for Warehouse 37
1月 02, 2026 8:41:09 下午 spec.jbb.JBBmain DoARun -> 信息:   started user thread for Warehouse 38
1月 02, 2026 8:41:09 下午 spec.jbb.JBBmain DoARun -> 信息:   started user thread for Warehouse 39
1月 02, 2026 8:41:09 下午 spec.jbb.JBBmain DoARun -> 信息:   started user thread for Warehouse 40
1月 02, 2026 8:41:09 下午 spec.jbb.JBBmain DoARun -> 信息:   started user thread for Warehouse 41
1月 02, 2026 8:41:09 下午 spec.jbb.JBBmain DoARun -> 信息:   started user thread for Warehouse 42
1月 02, 2026 8:41:09 下午 spec.jbb.JBBmain DoARun -> 信息:   started user thread for Warehouse 43
1月 02, 2026 8:41:09 下午 spec.jbb.JBBmain DoARun -> 信息:   started user thread for Warehouse 44
1月 02, 2026 8:41:09 下午 spec.jbb.JBBmain DoARun -> 信息:   started user thread for Warehouse 45
1月 02, 2026 8:41:09 下午 spec.jbb.JBBmain DoARun -> 信息:   started user thread for Warehouse 46
1月 02, 2026 8:41:09 下午 spec.jbb.JBBmain DoARun -> 信息:   started user thread for Warehouse 47
1月 02, 2026 8:41:09 下午 spec.jbb.JBBmain DoARun -> 信息:   started user thread for Warehouse 48
1月 02, 2026 8:41:09 下午 spec.jbb.JBBmain DoARun -> 信息:   started user thread for Warehouse 49
1月 02, 2026 8:41:09 下午 spec.jbb.JBBmain DoARun -> 信息:   started user thread for Warehouse 50
1月 02, 2026 8:41:09 下午 spec.jbb.JBBmain DoARun -> 信息:   started user thread for Warehouse 51
1月 02, 2026 8:41:09 下午 spec.jbb.JBBmain DoARun -> 信息:   started user thread for Warehouse 52
1月 02, 2026 8:41:09 下午 spec.jbb.JBBmain DoARun -> 信息:   started user thread for Warehouse 53
1月 02, 2026 8:41:09 下午 spec.jbb.JBBmain DoARun -> 信息:   started user thread for Warehouse 54
1月 02, 2026 8:41:09 下午 spec.jbb.JBBmain DoARun -> 信息:   started user thread for Warehouse 55
1月 02, 2026 8:41:09 下午 spec.jbb.JBBmain DoARun -> 信息:   started user thread for Warehouse 56
1月 02, 2026 8:41:09 下午 spec.jbb.JBBmain DoARun -> 信息:   started user thread for Warehouse 57
1月 02, 2026 8:41:09 下午 spec.jbb.JBBmain DoARun -> 信息:   started user thread for Warehouse 58
1月 02, 2026 8:41:09 下午 spec.jbb.JBBmain DoARun -> 信息:   started user thread for Warehouse 59
1月 02, 2026 8:41:09 下午 spec.jbb.JBBmain DoARun -> 信息:   started user thread for Warehouse 60
1月 02, 2026 8:41:09 下午 spec.jbb.JBBmain DoARun -> 信息:   started user thread for Warehouse 61
1月 02, 2026 8:41:09 下午 spec.jbb.JBBmain DoARun -> 信息:   started user thread for Warehouse 62
1月 02, 2026 8:41:09 下午 spec.jbb.JBBmain DoARun -> 信息:   started user thread for Warehouse 63
1月 02, 2026 8:41:09 下午 spec.jbb.JBBmain DoARun -> 信息:   started user thread for Warehouse 64
1月 02, 2026 8:41:09 下午 spec.jbb.JBBmain DoARun -> 信息:   started user thread for Warehouse 65
1月 02, 2026 8:41:09 下午 spec.jbb.JBBmain DoARun -> 信息:   started user thread for Warehouse 66
1月 02, 2026 8:41:09 下午 spec.jbb.JBBmain DoARun -> 信息:   started user thread for Warehouse 67
1月 02, 2026 8:41:09 下午 spec.jbb.JBBmain DoARun -> 信息:   started user thread for Warehouse 68
1月 02, 2026 8:41:09 下午 spec.jbb.JBBmain DoARun -> 信息:   started user thread for Warehouse 69
1月 02, 2026 8:41:09 下午 spec.jbb.JBBmain DoARun -> 信息:   started user thread for Warehouse 70
1月 02, 2026 8:41:09 下午 spec.jbb.JBBmain DoARun -> 信息:   started user thread for Warehouse 71
1月 02, 2026 8:41:09 下午 spec.jbb.JBBmain DoARun -> 信息:   started user thread for Warehouse 72
1月 02, 2026 8:41:09 下午 spec.jbb.JBBmain DoARun -> 信息:   started user thread for Warehouse 73
1月 02, 2026 8:41:09 下午 spec.jbb.JBBmain DoARun -> 信息:   started user thread for Warehouse 74
1月 02, 2026 8:41:09 下午 spec.jbb.JBBmain DoARun -> 信息:   started user thread for Warehouse 75
1月 02, 2026 8:41:09 下午 spec.jbb.JBBmain DoARun -> 信息:   started user thread for Warehouse 76
1月 02, 2026 8:41:09 下午 spec.jbb.JBBmain DoARun -> 信息:   started user thread for Warehouse 77
1月 02, 2026 8:41:09 下午 spec.jbb.JBBmain DoARun -> 信息:   started user thread for Warehouse 78
1月 02, 2026 8:41:09 下午 spec.jbb.JBBmain DoARun -> 信息:   started user thread for Warehouse 79
1月 02, 2026 8:41:09 下午 spec.jbb.JBBmain DoARun -> 信息:   started user thread for Warehouse 80
1月 02, 2026 8:41:09 下午 spec.jbb.JBBmain DoARun -> 信息:   started user thread for Warehouse 81
1月 02, 2026 8:41:09 下午 spec.jbb.JBBmain DoARun -> 信息:   started user thread for Warehouse 82
1月 02, 2026 8:41:09 下午 spec.jbb.JBBmain DoARun -> 信息:   started user thread for Warehouse 83
1月 02, 2026 8:41:09 下午 spec.jbb.JBBmain DoARun -> 信息:   started user thread for Warehouse 84
1月 02, 2026 8:41:09 下午 spec.jbb.JBBmain DoARun -> 信息:   started user thread for Warehouse 85
1月 02, 2026 8:41:09 下午 spec.jbb.JBBmain DoARun -> 信息:   started user thread for Warehouse 86
1月 02, 2026 8:41:09 下午 spec.jbb.JBBmain DoARun -> 信息:   started user thread for Warehouse 87
1月 02, 2026 8:41:09 下午 spec.jbb.JBBmain DoARun -> 信息:   started user thread for Warehouse 88
1月 02, 2026 8:41:09 下午 spec.jbb.JBBmain DoARun -> 信息:   started user thread for Warehouse 89
1月 02, 2026 8:41:09 下午 spec.jbb.JBBmain DoARun -> 信息:   started user thread for Warehouse 90
1月 02, 2026 8:41:09 下午 spec.jbb.JBBmain DoARun -> 信息:   started user thread for Warehouse 91
1月 02, 2026 8:41:09 下午 spec.jbb.JBBmain DoARun -> 信息:   started user thread for Warehouse 92
1月 02, 2026 8:41:09 下午 spec.jbb.Company displayResultTotals -> 信息: Timing Measurement began Fri Jan 02 20:41:09 CST 2026 for 4 minutes
1月 02, 2026 8:45:09 下午 spec.jbb.Company displayResultTotals -> 信息: Timing Measurement ended Fri Jan 02 20:45:09 CST 2026
1月 02, 2026 8:45:09 下午 spec.jbb.Company primeWithDummyData -> 信息: Loading Warehouse 93...
1月 02, 2026 8:45:09 下午 spec.jbb.JBBmain DoARun -> 信息: Start User Threads
1月 02, 2026 8:45:09 下午 spec.jbb.JBBmain DoARun -> 信息:   started user thread for Warehouse 1
1月 02, 2026 8:45:09 下午 spec.jbb.JBBmain DoARun -> 信息:   started user thread for Warehouse 2
1月 02, 2026 8:45:09 下午 spec.jbb.JBBmain DoARun -> 信息:   started user thread for Warehouse 3
1月 02, 2026 8:45:09 下午 spec.jbb.JBBmain DoARun -> 信息:   started user thread for Warehouse 4
1月 02, 2026 8:45:09 下午 spec.jbb.JBBmain DoARun -> 信息:   started user thread for Warehouse 5
1月 02, 2026 8:45:09 下午 spec.jbb.JBBmain DoARun -> 信息:   started user thread for Warehouse 6
1月 02, 2026 8:45:09 下午 spec.jbb.JBBmain DoARun -> 信息:   started user thread for Warehouse 7
1月 02, 2026 8:45:09 下午 spec.jbb.JBBmain DoARun -> 信息:   started user thread for Warehouse 8
1月 02, 2026 8:45:09 下午 spec.jbb.JBBmain DoARun -> 信息:   started user thread for Warehouse 9
1月 02, 2026 8:45:09 下午 spec.jbb.JBBmain DoARun -> 信息:   started user thread for Warehouse 10
1月 02, 2026 8:45:09 下午 spec.jbb.JBBmain DoARun -> 信息:   started user thread for Warehouse 11
1月 02, 2026 8:45:09 下午 spec.jbb.JBBmain DoARun -> 信息:   started user thread for Warehouse 12
1月 02, 2026 8:45:09 下午 spec.jbb.JBBmain DoARun -> 信息:   started user thread for Warehouse 13
1月 02, 2026 8:45:09 下午 spec.jbb.JBBmain DoARun -> 信息:   started user thread for Warehouse 14
1月 02, 2026 8:45:09 下午 spec.jbb.JBBmain DoARun -> 信息:   started user thread for Warehouse 15
1月 02, 2026 8:45:09 下午 spec.jbb.JBBmain DoARun -> 信息:   started user thread for Warehouse 16
1月 02, 2026 8:45:09 下午 spec.jbb.JBBmain DoARun -> 信息:   started user thread for Warehouse 17
1月 02, 2026 8:45:09 下午 spec.jbb.JBBmain DoARun -> 信息:   started user thread for Warehouse 18
1月 02, 2026 8:45:09 下午 spec.jbb.JBBmain DoARun -> 信息:   started user thread for Warehouse 19
1月 02, 2026 8:45:09 下午 spec.jbb.JBBmain DoARun -> 信息:   started user thread for Warehouse 20
1月 02, 2026 8:45:09 下午 spec.jbb.JBBmain DoARun -> 信息:   started user thread for Warehouse 21
1月 02, 2026 8:45:09 下午 spec.jbb.JBBmain DoARun -> 信息:   started user thread for Warehouse 22
1月 02, 2026 8:45:09 下午 spec.jbb.JBBmain DoARun -> 信息:   started user thread for Warehouse 23
1月 02, 2026 8:45:09 下午 spec.jbb.JBBmain DoARun -> 信息:   started user thread for Warehouse 24
1月 02, 2026 8:45:09 下午 spec.jbb.JBBmain DoARun -> 信息:   started user thread for Warehouse 25
1月 02, 2026 8:45:09 下午 spec.jbb.JBBmain DoARun -> 信息:   started user thread for Warehouse 26
1月 02, 2026 8:45:09 下午 spec.jbb.JBBmain DoARun -> 信息:   started user thread for Warehouse 27
1月 02, 2026 8:45:09 下午 spec.jbb.JBBmain DoARun -> 信息:   started user thread for Warehouse 28
1月 02, 2026 8:45:09 下午 spec.jbb.JBBmain DoARun -> 信息:   started user thread for Warehouse 29
1月 02, 2026 8:45:09 下午 spec.jbb.JBBmain DoARun -> 信息:   started user thread for Warehouse 30
1月 02, 2026 8:45:09 下午 spec.jbb.JBBmain DoARun -> 信息:   started user thread for Warehouse 31
1月 02, 2026 8:45:09 下午 spec.jbb.JBBmain DoARun -> 信息:   started user thread for Warehouse 32
1月 02, 2026 8:45:09 下午 spec.jbb.JBBmain DoARun -> 信息:   started user thread for Warehouse 33
1月 02, 2026 8:45:09 下午 spec.jbb.JBBmain DoARun -> 信息:   started user thread for Warehouse 34
1月 02, 2026 8:45:09 下午 spec.jbb.JBBmain DoARun -> 信息:   started user thread for Warehouse 35
1月 02, 2026 8:45:09 下午 spec.jbb.JBBmain DoARun -> 信息:   started user thread for Warehouse 36
1月 02, 2026 8:45:09 下午 spec.jbb.JBBmain DoARun -> 信息:   started user thread for Warehouse 37
1月 02, 2026 8:45:09 下午 spec.jbb.JBBmain DoARun -> 信息:   started user thread for Warehouse 38
1月 02, 2026 8:45:09 下午 spec.jbb.JBBmain DoARun -> 信息:   started user thread for Warehouse 39
1月 02, 2026 8:45:09 下午 spec.jbb.JBBmain DoARun -> 信息:   started user thread for Warehouse 40
1月 02, 2026 8:45:09 下午 spec.jbb.JBBmain DoARun -> 信息:   started user thread for Warehouse 41
1月 02, 2026 8:45:09 下午 spec.jbb.JBBmain DoARun -> 信息:   started user thread for Warehouse 42
1月 02, 2026 8:45:09 下午 spec.jbb.JBBmain DoARun -> 信息:   started user thread for Warehouse 43
1月 02, 2026 8:45:09 下午 spec.jbb.JBBmain DoARun -> 信息:   started user thread for Warehouse 44
1月 02, 2026 8:45:09 下午 spec.jbb.JBBmain DoARun -> 信息:   started user thread for Warehouse 45
1月 02, 2026 8:45:09 下午 spec.jbb.JBBmain DoARun -> 信息:   started user thread for Warehouse 46
1月 02, 2026 8:45:09 下午 spec.jbb.JBBmain DoARun -> 信息:   started user thread for Warehouse 47
1月 02, 2026 8:45:09 下午 spec.jbb.JBBmain DoARun -> 信息:   started user thread for Warehouse 48
1月 02, 2026 8:45:09 下午 spec.jbb.JBBmain DoARun -> 信息:   started user thread for Warehouse 49
1月 02, 2026 8:45:09 下午 spec.jbb.JBBmain DoARun -> 信息:   started user thread for Warehouse 50
1月 02, 2026 8:45:09 下午 spec.jbb.JBBmain DoARun -> 信息:   started user thread for Warehouse 51
1月 02, 2026 8:45:09 下午 spec.jbb.JBBmain DoARun -> 信息:   started user thread for Warehouse 52
1月 02, 2026 8:45:09 下午 spec.jbb.JBBmain DoARun -> 信息:   started user thread for Warehouse 53
1月 02, 2026 8:45:09 下午 spec.jbb.JBBmain DoARun -> 信息:   started user thread for Warehouse 54
1月 02, 2026 8:45:09 下午 spec.jbb.JBBmain DoARun -> 信息:   started user thread for Warehouse 55
1月 02, 2026 8:45:09 下午 spec.jbb.JBBmain DoARun -> 信息:   started user thread for Warehouse 56
1月 02, 2026 8:45:09 下午 spec.jbb.JBBmain DoARun -> 信息:   started user thread for Warehouse 57
1月 02, 2026 8:45:09 下午 spec.jbb.JBBmain DoARun -> 信息:   started user thread for Warehouse 58
1月 02, 2026 8:45:09 下午 spec.jbb.JBBmain DoARun -> 信息:   started user thread for Warehouse 59
1月 02, 2026 8:45:09 下午 spec.jbb.JBBmain DoARun -> 信息:   started user thread for Warehouse 60
1月 02, 2026 8:45:09 下午 spec.jbb.JBBmain DoARun -> 信息:   started user thread for Warehouse 61
1月 02, 2026 8:45:09 下午 spec.jbb.JBBmain DoARun -> 信息:   started user thread for Warehouse 62
1月 02, 2026 8:45:09 下午 spec.jbb.JBBmain DoARun -> 信息:   started user thread for Warehouse 63
1月 02, 2026 8:45:09 下午 spec.jbb.JBBmain DoARun -> 信息:   started user thread for Warehouse 64
1月 02, 2026 8:45:09 下午 spec.jbb.JBBmain DoARun -> 信息:   started user thread for Warehouse 65
1月 02, 2026 8:45:09 下午 spec.jbb.JBBmain DoARun -> 信息:   started user thread for Warehouse 66
1月 02, 2026 8:45:09 下午 spec.jbb.JBBmain DoARun -> 信息:   started user thread for Warehouse 67
1月 02, 2026 8:45:09 下午 spec.jbb.JBBmain DoARun -> 信息:   started user thread for Warehouse 68
1月 02, 2026 8:45:09 下午 spec.jbb.JBBmain DoARun -> 信息:   started user thread for Warehouse 69
1月 02, 2026 8:45:09 下午 spec.jbb.JBBmain DoARun -> 信息:   started user thread for Warehouse 70
1月 02, 2026 8:45:09 下午 spec.jbb.JBBmain DoARun -> 信息:   started user thread for Warehouse 71
1月 02, 2026 8:45:09 下午 spec.jbb.JBBmain DoARun -> 信息:   started user thread for Warehouse 72
1月 02, 2026 8:45:09 下午 spec.jbb.JBBmain DoARun -> 信息:   started user thread for Warehouse 73
1月 02, 2026 8:45:09 下午 spec.jbb.JBBmain DoARun -> 信息:   started user thread for Warehouse 74
1月 02, 2026 8:45:09 下午 spec.jbb.JBBmain DoARun -> 信息:   started user thread for Warehouse 75
1月 02, 2026 8:45:09 下午 spec.jbb.JBBmain DoARun -> 信息:   started user thread for Warehouse 76
1月 02, 2026 8:45:09 下午 spec.jbb.JBBmain DoARun -> 信息:   started user thread for Warehouse 77
1月 02, 2026 8:45:09 下午 spec.jbb.JBBmain DoARun -> 信息:   started user thread for Warehouse 78
1月 02, 2026 8:45:09 下午 spec.jbb.JBBmain DoARun -> 信息:   started user thread for Warehouse 79
1月 02, 2026 8:45:09 下午 spec.jbb.JBBmain DoARun -> 信息:   started user thread for Warehouse 80
1月 02, 2026 8:45:09 下午 spec.jbb.JBBmain DoARun -> 信息:   started user thread for Warehouse 81
1月 02, 2026 8:45:09 下午 spec.jbb.JBBmain DoARun -> 信息:   started user thread for Warehouse 82
1月 02, 2026 8:45:09 下午 spec.jbb.JBBmain DoARun -> 信息:   started user thread for Warehouse 83
1月 02, 2026 8:45:09 下午 spec.jbb.JBBmain DoARun -> 信息:   started user thread for Warehouse 84
1月 02, 2026 8:45:09 下午 spec.jbb.JBBmain DoARun -> 信息:   started user thread for Warehouse 85
1月 02, 2026 8:45:09 下午 spec.jbb.JBBmain DoARun -> 信息:   started user thread for Warehouse 86
1月 02, 2026 8:45:09 下午 spec.jbb.JBBmain DoARun -> 信息:   started user thread for Warehouse 87
1月 02, 2026 8:45:09 下午 spec.jbb.JBBmain DoARun -> 信息:   started user thread for Warehouse 88
1月 02, 2026 8:45:09 下午 spec.jbb.JBBmain DoARun -> 信息:   started user thread for Warehouse 89
1月 02, 2026 8:45:09 下午 spec.jbb.JBBmain DoARun -> 信息:   started user thread for Warehouse 90
1月 02, 2026 8:45:09 下午 spec.jbb.JBBmain DoARun -> 信息:   started user thread for Warehouse 91
1月 02, 2026 8:45:09 下午 spec.jbb.JBBmain DoARun -> 信息:   started user thread for Warehouse 92
1月 02, 2026 8:45:09 下午 spec.jbb.JBBmain DoARun -> 信息:   started user thread for Warehouse 93
1月 02, 2026 8:45:09 下午 spec.jbb.Company displayResultTotals -> 信息: Timing Measurement began Fri Jan 02 20:45:09 CST 2026 for 4 minutes
1月 02, 2026 8:49:09 下午 spec.jbb.Company displayResultTotals -> 信息: Timing Measurement ended Fri Jan 02 20:49:09 CST 2026
1月 02, 2026 8:49:09 下午 spec.jbb.Company primeWithDummyData -> 信息: Loading Warehouse 94...
1月 02, 2026 8:49:09 下午 spec.jbb.JBBmain DoARun -> 信息: Start User Threads
1月 02, 2026 8:49:09 下午 spec.jbb.JBBmain DoARun -> 信息:   started user thread for Warehouse 1
1月 02, 2026 8:49:09 下午 spec.jbb.JBBmain DoARun -> 信息:   started user thread for Warehouse 2
1月 02, 2026 8:49:09 下午 spec.jbb.JBBmain DoARun -> 信息:   started user thread for Warehouse 3
1月 02, 2026 8:49:09 下午 spec.jbb.JBBmain DoARun -> 信息:   started user thread for Warehouse 4
1月 02, 2026 8:49:09 下午 spec.jbb.JBBmain DoARun -> 信息:   started user thread for Warehouse 5
1月 02, 2026 8:49:09 下午 spec.jbb.JBBmain DoARun -> 信息:   started user thread for Warehouse 6
1月 02, 2026 8:49:09 下午 spec.jbb.JBBmain DoARun -> 信息:   started user thread for Warehouse 7
1月 02, 2026 8:49:09 下午 spec.jbb.JBBmain DoARun -> 信息:   started user thread for Warehouse 8
1月 02, 2026 8:49:09 下午 spec.jbb.JBBmain DoARun -> 信息:   started user thread for Warehouse 9
1月 02, 2026 8:49:09 下午 spec.jbb.JBBmain DoARun -> 信息:   started user thread for Warehouse 10
1月 02, 2026 8:49:09 下午 spec.jbb.JBBmain DoARun -> 信息:   started user thread for Warehouse 11
1月 02, 2026 8:49:09 下午 spec.jbb.JBBmain DoARun -> 信息:   started user thread for Warehouse 12
1月 02, 2026 8:49:09 下午 spec.jbb.JBBmain DoARun -> 信息:   started user thread for Warehouse 13
1月 02, 2026 8:49:09 下午 spec.jbb.JBBmain DoARun -> 信息:   started user thread for Warehouse 14
1月 02, 2026 8:49:09 下午 spec.jbb.JBBmain DoARun -> 信息:   started user thread for Warehouse 15
1月 02, 2026 8:49:09 下午 spec.jbb.JBBmain DoARun -> 信息:   started user thread for Warehouse 16
1月 02, 2026 8:49:09 下午 spec.jbb.JBBmain DoARun -> 信息:   started user thread for Warehouse 17
1月 02, 2026 8:49:09 下午 spec.jbb.JBBmain DoARun -> 信息:   started user thread for Warehouse 18
1月 02, 2026 8:49:09 下午 spec.jbb.JBBmain DoARun -> 信息:   started user thread for Warehouse 19
1月 02, 2026 8:49:09 下午 spec.jbb.JBBmain DoARun -> 信息:   started user thread for Warehouse 20
1月 02, 2026 8:49:09 下午 spec.jbb.JBBmain DoARun -> 信息:   started user thread for Warehouse 21
1月 02, 2026 8:49:09 下午 spec.jbb.JBBmain DoARun -> 信息:   started user thread for Warehouse 22
1月 02, 2026 8:49:09 下午 spec.jbb.JBBmain DoARun -> 信息:   started user thread for Warehouse 23
1月 02, 2026 8:49:09 下午 spec.jbb.JBBmain DoARun -> 信息:   started user thread for Warehouse 24
1月 02, 2026 8:49:09 下午 spec.jbb.JBBmain DoARun -> 信息:   started user thread for Warehouse 25
1月 02, 2026 8:49:09 下午 spec.jbb.JBBmain DoARun -> 信息:   started user thread for Warehouse 26
1月 02, 2026 8:49:09 下午 spec.jbb.JBBmain DoARun -> 信息:   started user thread for Warehouse 27
1月 02, 2026 8:49:09 下午 spec.jbb.JBBmain DoARun -> 信息:   started user thread for Warehouse 28
1月 02, 2026 8:49:09 下午 spec.jbb.JBBmain DoARun -> 信息:   started user thread for Warehouse 29
1月 02, 2026 8:49:09 下午 spec.jbb.JBBmain DoARun -> 信息:   started user thread for Warehouse 30
1月 02, 2026 8:49:09 下午 spec.jbb.JBBmain DoARun -> 信息:   started user thread for Warehouse 31
1月 02, 2026 8:49:09 下午 spec.jbb.JBBmain DoARun -> 信息:   started user thread for Warehouse 32
1月 02, 2026 8:49:09 下午 spec.jbb.JBBmain DoARun -> 信息:   started user thread for Warehouse 33
1月 02, 2026 8:49:09 下午 spec.jbb.JBBmain DoARun -> 信息:   started user thread for Warehouse 34
1月 02, 2026 8:49:09 下午 spec.jbb.JBBmain DoARun -> 信息:   started user thread for Warehouse 35
1月 02, 2026 8:49:09 下午 spec.jbb.JBBmain DoARun -> 信息:   started user thread for Warehouse 36
1月 02, 2026 8:49:09 下午 spec.jbb.JBBmain DoARun -> 信息:   started user thread for Warehouse 37
1月 02, 2026 8:49:09 下午 spec.jbb.JBBmain DoARun -> 信息:   started user thread for Warehouse 38
1月 02, 2026 8:49:09 下午 spec.jbb.JBBmain DoARun -> 信息:   started user thread for Warehouse 39
1月 02, 2026 8:49:09 下午 spec.jbb.JBBmain DoARun -> 信息:   started user thread for Warehouse 40
1月 02, 2026 8:49:09 下午 spec.jbb.JBBmain DoARun -> 信息:   started user thread for Warehouse 41
1月 02, 2026 8:49:09 下午 spec.jbb.JBBmain DoARun -> 信息:   started user thread for Warehouse 42
1月 02, 2026 8:49:09 下午 spec.jbb.JBBmain DoARun -> 信息:   started user thread for Warehouse 43
1月 02, 2026 8:49:09 下午 spec.jbb.JBBmain DoARun -> 信息:   started user thread for Warehouse 44
1月 02, 2026 8:49:09 下午 spec.jbb.JBBmain DoARun -> 信息:   started user thread for Warehouse 45
1月 02, 2026 8:49:09 下午 spec.jbb.JBBmain DoARun -> 信息:   started user thread for Warehouse 46
1月 02, 2026 8:49:09 下午 spec.jbb.JBBmain DoARun -> 信息:   started user thread for Warehouse 47
1月 02, 2026 8:49:09 下午 spec.jbb.JBBmain DoARun -> 信息:   started user thread for Warehouse 48
1月 02, 2026 8:49:09 下午 spec.jbb.JBBmain DoARun -> 信息:   started user thread for Warehouse 49
1月 02, 2026 8:49:09 下午 spec.jbb.JBBmain DoARun -> 信息:   started user thread for Warehouse 50
1月 02, 2026 8:49:09 下午 spec.jbb.JBBmain DoARun -> 信息:   started user thread for Warehouse 51
1月 02, 2026 8:49:09 下午 spec.jbb.JBBmain DoARun -> 信息:   started user thread for Warehouse 52
1月 02, 2026 8:49:09 下午 spec.jbb.JBBmain DoARun -> 信息:   started user thread for Warehouse 53
1月 02, 2026 8:49:09 下午 spec.jbb.JBBmain DoARun -> 信息:   started user thread for Warehouse 54
1月 02, 2026 8:49:09 下午 spec.jbb.JBBmain DoARun -> 信息:   started user thread for Warehouse 55
1月 02, 2026 8:49:09 下午 spec.jbb.JBBmain DoARun -> 信息:   started user thread for Warehouse 56
1月 02, 2026 8:49:09 下午 spec.jbb.JBBmain DoARun -> 信息:   started user thread for Warehouse 57
1月 02, 2026 8:49:09 下午 spec.jbb.JBBmain DoARun -> 信息:   started user thread for Warehouse 58
1月 02, 2026 8:49:09 下午 spec.jbb.JBBmain DoARun -> 信息:   started user thread for Warehouse 59
1月 02, 2026 8:49:09 下午 spec.jbb.JBBmain DoARun -> 信息:   started user thread for Warehouse 60
1月 02, 2026 8:49:09 下午 spec.jbb.JBBmain DoARun -> 信息:   started user thread for Warehouse 61
1月 02, 2026 8:49:09 下午 spec.jbb.JBBmain DoARun -> 信息:   started user thread for Warehouse 62
1月 02, 2026 8:49:09 下午 spec.jbb.JBBmain DoARun -> 信息:   started user thread for Warehouse 63
1月 02, 2026 8:49:09 下午 spec.jbb.JBBmain DoARun -> 信息:   started user thread for Warehouse 64
1月 02, 2026 8:49:09 下午 spec.jbb.JBBmain DoARun -> 信息:   started user thread for Warehouse 65
1月 02, 2026 8:49:09 下午 spec.jbb.JBBmain DoARun -> 信息:   started user thread for Warehouse 66
1月 02, 2026 8:49:09 下午 spec.jbb.JBBmain DoARun -> 信息:   started user thread for Warehouse 67
1月 02, 2026 8:49:09 下午 spec.jbb.JBBmain DoARun -> 信息:   started user thread for Warehouse 68
1月 02, 2026 8:49:09 下午 spec.jbb.JBBmain DoARun -> 信息:   started user thread for Warehouse 69
1月 02, 2026 8:49:09 下午 spec.jbb.JBBmain DoARun -> 信息:   started user thread for Warehouse 70
1月 02, 2026 8:49:09 下午 spec.jbb.JBBmain DoARun -> 信息:   started user thread for Warehouse 71
1月 02, 2026 8:49:09 下午 spec.jbb.JBBmain DoARun -> 信息:   started user thread for Warehouse 72
1月 02, 2026 8:49:09 下午 spec.jbb.JBBmain DoARun -> 信息:   started user thread for Warehouse 73
1月 02, 2026 8:49:09 下午 spec.jbb.JBBmain DoARun -> 信息:   started user thread for Warehouse 74
1月 02, 2026 8:49:09 下午 spec.jbb.JBBmain DoARun -> 信息:   started user thread for Warehouse 75
1月 02, 2026 8:49:09 下午 spec.jbb.JBBmain DoARun -> 信息:   started user thread for Warehouse 76
1月 02, 2026 8:49:09 下午 spec.jbb.JBBmain DoARun -> 信息:   started user thread for Warehouse 77
1月 02, 2026 8:49:09 下午 spec.jbb.JBBmain DoARun -> 信息:   started user thread for Warehouse 78
1月 02, 2026 8:49:09 下午 spec.jbb.JBBmain DoARun -> 信息:   started user thread for Warehouse 79
1月 02, 2026 8:49:09 下午 spec.jbb.JBBmain DoARun -> 信息:   started user thread for Warehouse 80
1月 02, 2026 8:49:09 下午 spec.jbb.JBBmain DoARun -> 信息:   started user thread for Warehouse 81
1月 02, 2026 8:49:09 下午 spec.jbb.JBBmain DoARun -> 信息:   started user thread for Warehouse 82
1月 02, 2026 8:49:09 下午 spec.jbb.JBBmain DoARun -> 信息:   started user thread for Warehouse 83
1月 02, 2026 8:49:09 下午 spec.jbb.JBBmain DoARun -> 信息:   started user thread for Warehouse 84
1月 02, 2026 8:49:09 下午 spec.jbb.JBBmain DoARun -> 信息:   started user thread for Warehouse 85
1月 02, 2026 8:49:09 下午 spec.jbb.JBBmain DoARun -> 信息:   started user thread for Warehouse 86
1月 02, 2026 8:49:09 下午 spec.jbb.JBBmain DoARun -> 信息:   started user thread for Warehouse 87
1月 02, 2026 8:49:09 下午 spec.jbb.JBBmain DoARun -> 信息:   started user thread for Warehouse 88
1月 02, 2026 8:49:09 下午 spec.jbb.JBBmain DoARun -> 信息:   started user thread for Warehouse 89
1月 02, 2026 8:49:09 下午 spec.jbb.JBBmain DoARun -> 信息:   started user thread for Warehouse 90
1月 02, 2026 8:49:09 下午 spec.jbb.JBBmain DoARun -> 信息:   started user thread for Warehouse 91
1月 02, 2026 8:49:09 下午 spec.jbb.JBBmain DoARun -> 信息:   started user thread for Warehouse 92
1月 02, 2026 8:49:09 下午 spec.jbb.JBBmain DoARun -> 信息:   started user thread for Warehouse 93
1月 02, 2026 8:49:09 下午 spec.jbb.JBBmain DoARun -> 信息:   started user thread for Warehouse 94
1月 02, 2026 8:49:09 下午 spec.jbb.Company displayResultTotals -> 信息: Timing Measurement began Fri Jan 02 20:49:09 CST 2026 for 4 minutes
1月 02, 2026 8:53:09 下午 spec.jbb.Company displayResultTotals -> 信息: Timing Measurement ended Fri Jan 02 20:53:09 CST 2026
1月 02, 2026 8:53:09 下午 spec.jbb.Company primeWithDummyData -> 信息: Loading Warehouse 95...
1月 02, 2026 8:53:10 下午 spec.jbb.JBBmain DoARun -> 信息: Start User Threads
1月 02, 2026 8:53:10 下午 spec.jbb.JBBmain DoARun -> 信息:   started user thread for Warehouse 1
1月 02, 2026 8:53:10 下午 spec.jbb.JBBmain DoARun -> 信息:   started user thread for Warehouse 2
1月 02, 2026 8:53:10 下午 spec.jbb.JBBmain DoARun -> 信息:   started user thread for Warehouse 3
1月 02, 2026 8:53:10 下午 spec.jbb.JBBmain DoARun -> 信息:   started user thread for Warehouse 4
1月 02, 2026 8:53:10 下午 spec.jbb.JBBmain DoARun -> 信息:   started user thread for Warehouse 5
1月 02, 2026 8:53:10 下午 spec.jbb.JBBmain DoARun -> 信息:   started user thread for Warehouse 6
1月 02, 2026 8:53:10 下午 spec.jbb.JBBmain DoARun -> 信息:   started user thread for Warehouse 7
1月 02, 2026 8:53:10 下午 spec.jbb.JBBmain DoARun -> 信息:   started user thread for Warehouse 8
1月 02, 2026 8:53:10 下午 spec.jbb.JBBmain DoARun -> 信息:   started user thread for Warehouse 9
1月 02, 2026 8:53:10 下午 spec.jbb.JBBmain DoARun -> 信息:   started user thread for Warehouse 10
1月 02, 2026 8:53:10 下午 spec.jbb.JBBmain DoARun -> 信息:   started user thread for Warehouse 11
1月 02, 2026 8:53:10 下午 spec.jbb.JBBmain DoARun -> 信息:   started user thread for Warehouse 12
1月 02, 2026 8:53:10 下午 spec.jbb.JBBmain DoARun -> 信息:   started user thread for Warehouse 13
1月 02, 2026 8:53:10 下午 spec.jbb.JBBmain DoARun -> 信息:   started user thread for Warehouse 14
1月 02, 2026 8:53:10 下午 spec.jbb.JBBmain DoARun -> 信息:   started user thread for Warehouse 15
1月 02, 2026 8:53:10 下午 spec.jbb.JBBmain DoARun -> 信息:   started user thread for Warehouse 16
1月 02, 2026 8:53:10 下午 spec.jbb.JBBmain DoARun -> 信息:   started user thread for Warehouse 17
1月 02, 2026 8:53:10 下午 spec.jbb.JBBmain DoARun -> 信息:   started user thread for Warehouse 18
1月 02, 2026 8:53:10 下午 spec.jbb.JBBmain DoARun -> 信息:   started user thread for Warehouse 19
1月 02, 2026 8:53:10 下午 spec.jbb.JBBmain DoARun -> 信息:   started user thread for Warehouse 20
1月 02, 2026 8:53:10 下午 spec.jbb.JBBmain DoARun -> 信息:   started user thread for Warehouse 21
1月 02, 2026 8:53:10 下午 spec.jbb.JBBmain DoARun -> 信息:   started user thread for Warehouse 22
1月 02, 2026 8:53:10 下午 spec.jbb.JBBmain DoARun -> 信息:   started user thread for Warehouse 23
1月 02, 2026 8:53:10 下午 spec.jbb.JBBmain DoARun -> 信息:   started user thread for Warehouse 24
1月 02, 2026 8:53:10 下午 spec.jbb.JBBmain DoARun -> 信息:   started user thread for Warehouse 25
1月 02, 2026 8:53:10 下午 spec.jbb.JBBmain DoARun -> 信息:   started user thread for Warehouse 26
1月 02, 2026 8:53:10 下午 spec.jbb.JBBmain DoARun -> 信息:   started user thread for Warehouse 27
1月 02, 2026 8:53:10 下午 spec.jbb.JBBmain DoARun -> 信息:   started user thread for Warehouse 28
1月 02, 2026 8:53:10 下午 spec.jbb.JBBmain DoARun -> 信息:   started user thread for Warehouse 29
1月 02, 2026 8:53:10 下午 spec.jbb.JBBmain DoARun -> 信息:   started user thread for Warehouse 30
1月 02, 2026 8:53:10 下午 spec.jbb.JBBmain DoARun -> 信息:   started user thread for Warehouse 31
1月 02, 2026 8:53:10 下午 spec.jbb.JBBmain DoARun -> 信息:   started user thread for Warehouse 32
1月 02, 2026 8:53:10 下午 spec.jbb.JBBmain DoARun -> 信息:   started user thread for Warehouse 33
1月 02, 2026 8:53:10 下午 spec.jbb.JBBmain DoARun -> 信息:   started user thread for Warehouse 34
1月 02, 2026 8:53:10 下午 spec.jbb.JBBmain DoARun -> 信息:   started user thread for Warehouse 35
1月 02, 2026 8:53:10 下午 spec.jbb.JBBmain DoARun -> 信息:   started user thread for Warehouse 36
1月 02, 2026 8:53:10 下午 spec.jbb.JBBmain DoARun -> 信息:   started user thread for Warehouse 37
1月 02, 2026 8:53:10 下午 spec.jbb.JBBmain DoARun -> 信息:   started user thread for Warehouse 38
1月 02, 2026 8:53:10 下午 spec.jbb.JBBmain DoARun -> 信息:   started user thread for Warehouse 39
1月 02, 2026 8:53:10 下午 spec.jbb.JBBmain DoARun -> 信息:   started user thread for Warehouse 40
1月 02, 2026 8:53:10 下午 spec.jbb.JBBmain DoARun -> 信息:   started user thread for Warehouse 41
1月 02, 2026 8:53:10 下午 spec.jbb.JBBmain DoARun -> 信息:   started user thread for Warehouse 42
1月 02, 2026 8:53:10 下午 spec.jbb.JBBmain DoARun -> 信息:   started user thread for Warehouse 43
1月 02, 2026 8:53:10 下午 spec.jbb.JBBmain DoARun -> 信息:   started user thread for Warehouse 44
1月 02, 2026 8:53:10 下午 spec.jbb.JBBmain DoARun -> 信息:   started user thread for Warehouse 45
1月 02, 2026 8:53:10 下午 spec.jbb.JBBmain DoARun -> 信息:   started user thread for Warehouse 46
1月 02, 2026 8:53:10 下午 spec.jbb.JBBmain DoARun -> 信息:   started user thread for Warehouse 47
1月 02, 2026 8:53:10 下午 spec.jbb.JBBmain DoARun -> 信息:   started user thread for Warehouse 48
1月 02, 2026 8:53:10 下午 spec.jbb.JBBmain DoARun -> 信息:   started user thread for Warehouse 49
1月 02, 2026 8:53:10 下午 spec.jbb.JBBmain DoARun -> 信息:   started user thread for Warehouse 50
1月 02, 2026 8:53:10 下午 spec.jbb.JBBmain DoARun -> 信息:   started user thread for Warehouse 51
1月 02, 2026 8:53:10 下午 spec.jbb.JBBmain DoARun -> 信息:   started user thread for Warehouse 52
1月 02, 2026 8:53:10 下午 spec.jbb.JBBmain DoARun -> 信息:   started user thread for Warehouse 53
1月 02, 2026 8:53:10 下午 spec.jbb.JBBmain DoARun -> 信息:   started user thread for Warehouse 54
1月 02, 2026 8:53:10 下午 spec.jbb.JBBmain DoARun -> 信息:   started user thread for Warehouse 55
1月 02, 2026 8:53:10 下午 spec.jbb.JBBmain DoARun -> 信息:   started user thread for Warehouse 56
1月 02, 2026 8:53:10 下午 spec.jbb.JBBmain DoARun -> 信息:   started user thread for Warehouse 57
1月 02, 2026 8:53:10 下午 spec.jbb.JBBmain DoARun -> 信息:   started user thread for Warehouse 58
1月 02, 2026 8:53:10 下午 spec.jbb.JBBmain DoARun -> 信息:   started user thread for Warehouse 59
1月 02, 2026 8:53:10 下午 spec.jbb.JBBmain DoARun -> 信息:   started user thread for Warehouse 60
1月 02, 2026 8:53:10 下午 spec.jbb.JBBmain DoARun -> 信息:   started user thread for Warehouse 61
1月 02, 2026 8:53:10 下午 spec.jbb.JBBmain DoARun -> 信息:   started user thread for Warehouse 62
1月 02, 2026 8:53:10 下午 spec.jbb.JBBmain DoARun -> 信息:   started user thread for Warehouse 63
1月 02, 2026 8:53:10 下午 spec.jbb.JBBmain DoARun -> 信息:   started user thread for Warehouse 64
1月 02, 2026 8:53:10 下午 spec.jbb.JBBmain DoARun -> 信息:   started user thread for Warehouse 65
1月 02, 2026 8:53:10 下午 spec.jbb.JBBmain DoARun -> 信息:   started user thread for Warehouse 66
1月 02, 2026 8:53:10 下午 spec.jbb.JBBmain DoARun -> 信息:   started user thread for Warehouse 67
1月 02, 2026 8:53:10 下午 spec.jbb.JBBmain DoARun -> 信息:   started user thread for Warehouse 68
1月 02, 2026 8:53:10 下午 spec.jbb.JBBmain DoARun -> 信息:   started user thread for Warehouse 69
1月 02, 2026 8:53:10 下午 spec.jbb.JBBmain DoARun -> 信息:   started user thread for Warehouse 70
1月 02, 2026 8:53:10 下午 spec.jbb.JBBmain DoARun -> 信息:   started user thread for Warehouse 71
1月 02, 2026 8:53:10 下午 spec.jbb.JBBmain DoARun -> 信息:   started user thread for Warehouse 72
1月 02, 2026 8:53:10 下午 spec.jbb.JBBmain DoARun -> 信息:   started user thread for Warehouse 73
1月 02, 2026 8:53:10 下午 spec.jbb.JBBmain DoARun -> 信息:   started user thread for Warehouse 74
1月 02, 2026 8:53:10 下午 spec.jbb.JBBmain DoARun -> 信息:   started user thread for Warehouse 75
1月 02, 2026 8:53:10 下午 spec.jbb.JBBmain DoARun -> 信息:   started user thread for Warehouse 76
1月 02, 2026 8:53:10 下午 spec.jbb.JBBmain DoARun -> 信息:   started user thread for Warehouse 77
1月 02, 2026 8:53:10 下午 spec.jbb.JBBmain DoARun -> 信息:   started user thread for Warehouse 78
1月 02, 2026 8:53:10 下午 spec.jbb.JBBmain DoARun -> 信息:   started user thread for Warehouse 79
1月 02, 2026 8:53:10 下午 spec.jbb.JBBmain DoARun -> 信息:   started user thread for Warehouse 80
1月 02, 2026 8:53:10 下午 spec.jbb.JBBmain DoARun -> 信息:   started user thread for Warehouse 81
1月 02, 2026 8:53:10 下午 spec.jbb.JBBmain DoARun -> 信息:   started user thread for Warehouse 82
1月 02, 2026 8:53:10 下午 spec.jbb.JBBmain DoARun -> 信息:   started user thread for Warehouse 83
1月 02, 2026 8:53:10 下午 spec.jbb.JBBmain DoARun -> 信息:   started user thread for Warehouse 84
1月 02, 2026 8:53:10 下午 spec.jbb.JBBmain DoARun -> 信息:   started user thread for Warehouse 85
1月 02, 2026 8:53:10 下午 spec.jbb.JBBmain DoARun -> 信息:   started user thread for Warehouse 86
1月 02, 2026 8:53:10 下午 spec.jbb.JBBmain DoARun -> 信息:   started user thread for Warehouse 87
1月 02, 2026 8:53:10 下午 spec.jbb.JBBmain DoARun -> 信息:   started user thread for Warehouse 88
1月 02, 2026 8:53:10 下午 spec.jbb.JBBmain DoARun -> 信息:   started user thread for Warehouse 89
1月 02, 2026 8:53:10 下午 spec.jbb.JBBmain DoARun -> 信息:   started user thread for Warehouse 90
1月 02, 2026 8:53:10 下午 spec.jbb.JBBmain DoARun -> 信息:   started user thread for Warehouse 91
1月 02, 2026 8:53:10 下午 spec.jbb.JBBmain DoARun -> 信息:   started user thread for Warehouse 92
1月 02, 2026 8:53:10 下午 spec.jbb.JBBmain DoARun -> 信息:   started user thread for Warehouse 93
1月 02, 2026 8:53:10 下午 spec.jbb.JBBmain DoARun -> 信息:   started user thread for Warehouse 94
1月 02, 2026 8:53:10 下午 spec.jbb.JBBmain DoARun -> 信息:   started user thread for Warehouse 95
1月 02, 2026 8:53:10 下午 spec.jbb.Company displayResultTotals -> 信息: Timing Measurement began Fri Jan 02 20:53:10 CST 2026 for 4 minutes
1月 02, 2026 8:57:10 下午 spec.jbb.Company displayResultTotals -> 信息: Timing Measurement ended Fri Jan 02 20:57:10 CST 2026
1月 02, 2026 8:57:10 下午 spec.jbb.Company primeWithDummyData -> 信息: Loading Warehouse 96...
1月 02, 2026 8:57:10 下午 spec.jbb.JBBmain DoARun -> 信息: Start User Threads
1月 02, 2026 8:57:10 下午 spec.jbb.JBBmain DoARun -> 信息:   started user thread for Warehouse 1
1月 02, 2026 8:57:10 下午 spec.jbb.JBBmain DoARun -> 信息:   started user thread for Warehouse 2
1月 02, 2026 8:57:10 下午 spec.jbb.JBBmain DoARun -> 信息:   started user thread for Warehouse 3
1月 02, 2026 8:57:10 下午 spec.jbb.JBBmain DoARun -> 信息:   started user thread for Warehouse 4
1月 02, 2026 8:57:10 下午 spec.jbb.JBBmain DoARun -> 信息:   started user thread for Warehouse 5
1月 02, 2026 8:57:10 下午 spec.jbb.JBBmain DoARun -> 信息:   started user thread for Warehouse 6
1月 02, 2026 8:57:10 下午 spec.jbb.JBBmain DoARun -> 信息:   started user thread for Warehouse 7
1月 02, 2026 8:57:10 下午 spec.jbb.JBBmain DoARun -> 信息:   started user thread for Warehouse 8
1月 02, 2026 8:57:10 下午 spec.jbb.JBBmain DoARun -> 信息:   started user thread for Warehouse 9
1月 02, 2026 8:57:10 下午 spec.jbb.JBBmain DoARun -> 信息:   started user thread for Warehouse 10
1月 02, 2026 8:57:10 下午 spec.jbb.JBBmain DoARun -> 信息:   started user thread for Warehouse 11
1月 02, 2026 8:57:10 下午 spec.jbb.JBBmain DoARun -> 信息:   started user thread for Warehouse 12
1月 02, 2026 8:57:10 下午 spec.jbb.JBBmain DoARun -> 信息:   started user thread for Warehouse 13
1月 02, 2026 8:57:10 下午 spec.jbb.JBBmain DoARun -> 信息:   started user thread for Warehouse 14
1月 02, 2026 8:57:10 下午 spec.jbb.JBBmain DoARun -> 信息:   started user thread for Warehouse 15
1月 02, 2026 8:57:10 下午 spec.jbb.JBBmain DoARun -> 信息:   started user thread for Warehouse 16
1月 02, 2026 8:57:10 下午 spec.jbb.JBBmain DoARun -> 信息:   started user thread for Warehouse 17
1月 02, 2026 8:57:10 下午 spec.jbb.JBBmain DoARun -> 信息:   started user thread for Warehouse 18
1月 02, 2026 8:57:10 下午 spec.jbb.JBBmain DoARun -> 信息:   started user thread for Warehouse 19
1月 02, 2026 8:57:10 下午 spec.jbb.JBBmain DoARun -> 信息:   started user thread for Warehouse 20
1月 02, 2026 8:57:10 下午 spec.jbb.JBBmain DoARun -> 信息:   started user thread for Warehouse 21
1月 02, 2026 8:57:10 下午 spec.jbb.JBBmain DoARun -> 信息:   started user thread for Warehouse 22
1月 02, 2026 8:57:10 下午 spec.jbb.JBBmain DoARun -> 信息:   started user thread for Warehouse 23
1月 02, 2026 8:57:10 下午 spec.jbb.JBBmain DoARun -> 信息:   started user thread for Warehouse 24
1月 02, 2026 8:57:10 下午 spec.jbb.JBBmain DoARun -> 信息:   started user thread for Warehouse 25
1月 02, 2026 8:57:10 下午 spec.jbb.JBBmain DoARun -> 信息:   started user thread for Warehouse 26
1月 02, 2026 8:57:10 下午 spec.jbb.JBBmain DoARun -> 信息:   started user thread for Warehouse 27
1月 02, 2026 8:57:10 下午 spec.jbb.JBBmain DoARun -> 信息:   started user thread for Warehouse 28
1月 02, 2026 8:57:10 下午 spec.jbb.JBBmain DoARun -> 信息:   started user thread for Warehouse 29
1月 02, 2026 8:57:10 下午 spec.jbb.JBBmain DoARun -> 信息:   started user thread for Warehouse 30
1月 02, 2026 8:57:10 下午 spec.jbb.JBBmain DoARun -> 信息:   started user thread for Warehouse 31
1月 02, 2026 8:57:10 下午 spec.jbb.JBBmain DoARun -> 信息:   started user thread for Warehouse 32
1月 02, 2026 8:57:10 下午 spec.jbb.JBBmain DoARun -> 信息:   started user thread for Warehouse 33
1月 02, 2026 8:57:10 下午 spec.jbb.JBBmain DoARun -> 信息:   started user thread for Warehouse 34
1月 02, 2026 8:57:10 下午 spec.jbb.JBBmain DoARun -> 信息:   started user thread for Warehouse 35
1月 02, 2026 8:57:10 下午 spec.jbb.JBBmain DoARun -> 信息:   started user thread for Warehouse 36
1月 02, 2026 8:57:10 下午 spec.jbb.JBBmain DoARun -> 信息:   started user thread for Warehouse 37
1月 02, 2026 8:57:10 下午 spec.jbb.JBBmain DoARun -> 信息:   started user thread for Warehouse 38
1月 02, 2026 8:57:10 下午 spec.jbb.JBBmain DoARun -> 信息:   started user thread for Warehouse 39
1月 02, 2026 8:57:10 下午 spec.jbb.JBBmain DoARun -> 信息:   started user thread for Warehouse 40
1月 02, 2026 8:57:10 下午 spec.jbb.JBBmain DoARun -> 信息:   started user thread for Warehouse 41
1月 02, 2026 8:57:10 下午 spec.jbb.JBBmain DoARun -> 信息:   started user thread for Warehouse 42
1月 02, 2026 8:57:10 下午 spec.jbb.JBBmain DoARun -> 信息:   started user thread for Warehouse 43
1月 02, 2026 8:57:10 下午 spec.jbb.JBBmain DoARun -> 信息:   started user thread for Warehouse 44
1月 02, 2026 8:57:10 下午 spec.jbb.JBBmain DoARun -> 信息:   started user thread for Warehouse 45
1月 02, 2026 8:57:10 下午 spec.jbb.JBBmain DoARun -> 信息:   started user thread for Warehouse 46
1月 02, 2026 8:57:10 下午 spec.jbb.JBBmain DoARun -> 信息:   started user thread for Warehouse 47
1月 02, 2026 8:57:10 下午 spec.jbb.JBBmain DoARun -> 信息:   started user thread for Warehouse 48
1月 02, 2026 8:57:10 下午 spec.jbb.JBBmain DoARun -> 信息:   started user thread for Warehouse 49
1月 02, 2026 8:57:10 下午 spec.jbb.JBBmain DoARun -> 信息:   started user thread for Warehouse 50
1月 02, 2026 8:57:10 下午 spec.jbb.JBBmain DoARun -> 信息:   started user thread for Warehouse 51
1月 02, 2026 8:57:10 下午 spec.jbb.JBBmain DoARun -> 信息:   started user thread for Warehouse 52
1月 02, 2026 8:57:10 下午 spec.jbb.JBBmain DoARun -> 信息:   started user thread for Warehouse 53
1月 02, 2026 8:57:10 下午 spec.jbb.JBBmain DoARun -> 信息:   started user thread for Warehouse 54
1月 02, 2026 8:57:10 下午 spec.jbb.JBBmain DoARun -> 信息:   started user thread for Warehouse 55
1月 02, 2026 8:57:10 下午 spec.jbb.JBBmain DoARun -> 信息:   started user thread for Warehouse 56
1月 02, 2026 8:57:10 下午 spec.jbb.JBBmain DoARun -> 信息:   started user thread for Warehouse 57
1月 02, 2026 8:57:10 下午 spec.jbb.JBBmain DoARun -> 信息:   started user thread for Warehouse 58
1月 02, 2026 8:57:10 下午 spec.jbb.JBBmain DoARun -> 信息:   started user thread for Warehouse 59
1月 02, 2026 8:57:10 下午 spec.jbb.JBBmain DoARun -> 信息:   started user thread for Warehouse 60
1月 02, 2026 8:57:10 下午 spec.jbb.JBBmain DoARun -> 信息:   started user thread for Warehouse 61
1月 02, 2026 8:57:10 下午 spec.jbb.JBBmain DoARun -> 信息:   started user thread for Warehouse 62
1月 02, 2026 8:57:10 下午 spec.jbb.JBBmain DoARun -> 信息:   started user thread for Warehouse 63
1月 02, 2026 8:57:10 下午 spec.jbb.JBBmain DoARun -> 信息:   started user thread for Warehouse 64
1月 02, 2026 8:57:10 下午 spec.jbb.JBBmain DoARun -> 信息:   started user thread for Warehouse 65
1月 02, 2026 8:57:10 下午 spec.jbb.JBBmain DoARun -> 信息:   started user thread for Warehouse 66
1月 02, 2026 8:57:10 下午 spec.jbb.JBBmain DoARun -> 信息:   started user thread for Warehouse 67
1月 02, 2026 8:57:10 下午 spec.jbb.JBBmain DoARun -> 信息:   started user thread for Warehouse 68
1月 02, 2026 8:57:10 下午 spec.jbb.JBBmain DoARun -> 信息:   started user thread for Warehouse 69
1月 02, 2026 8:57:10 下午 spec.jbb.JBBmain DoARun -> 信息:   started user thread for Warehouse 70
1月 02, 2026 8:57:10 下午 spec.jbb.JBBmain DoARun -> 信息:   started user thread for Warehouse 71
1月 02, 2026 8:57:10 下午 spec.jbb.JBBmain DoARun -> 信息:   started user thread for Warehouse 72
1月 02, 2026 8:57:10 下午 spec.jbb.JBBmain DoARun -> 信息:   started user thread for Warehouse 73
1月 02, 2026 8:57:10 下午 spec.jbb.JBBmain DoARun -> 信息:   started user thread for Warehouse 74
1月 02, 2026 8:57:10 下午 spec.jbb.JBBmain DoARun -> 信息:   started user thread for Warehouse 75
1月 02, 2026 8:57:10 下午 spec.jbb.JBBmain DoARun -> 信息:   started user thread for Warehouse 76
1月 02, 2026 8:57:10 下午 spec.jbb.JBBmain DoARun -> 信息:   started user thread for Warehouse 77
1月 02, 2026 8:57:10 下午 spec.jbb.JBBmain DoARun -> 信息:   started user thread for Warehouse 78
1月 02, 2026 8:57:10 下午 spec.jbb.JBBmain DoARun -> 信息:   started user thread for Warehouse 79
1月 02, 2026 8:57:10 下午 spec.jbb.JBBmain DoARun -> 信息:   started user thread for Warehouse 80
1月 02, 2026 8:57:10 下午 spec.jbb.JBBmain DoARun -> 信息:   started user thread for Warehouse 81
1月 02, 2026 8:57:10 下午 spec.jbb.JBBmain DoARun -> 信息:   started user thread for Warehouse 82
1月 02, 2026 8:57:10 下午 spec.jbb.JBBmain DoARun -> 信息:   started user thread for Warehouse 83
1月 02, 2026 8:57:10 下午 spec.jbb.JBBmain DoARun -> 信息:   started user thread for Warehouse 84
1月 02, 2026 8:57:10 下午 spec.jbb.JBBmain DoARun -> 信息:   started user thread for Warehouse 85
1月 02, 2026 8:57:10 下午 spec.jbb.JBBmain DoARun -> 信息:   started user thread for Warehouse 86
1月 02, 2026 8:57:10 下午 spec.jbb.JBBmain DoARun -> 信息:   started user thread for Warehouse 87
1月 02, 2026 8:57:10 下午 spec.jbb.JBBmain DoARun -> 信息:   started user thread for Warehouse 88
1月 02, 2026 8:57:10 下午 spec.jbb.JBBmain DoARun -> 信息:   started user thread for Warehouse 89
1月 02, 2026 8:57:10 下午 spec.jbb.JBBmain DoARun -> 信息:   started user thread for Warehouse 90
1月 02, 2026 8:57:10 下午 spec.jbb.JBBmain DoARun -> 信息:   started user thread for Warehouse 91
1月 02, 2026 8:57:10 下午 spec.jbb.JBBmain DoARun -> 信息:   started user thread for Warehouse 92
1月 02, 2026 8:57:10 下午 spec.jbb.JBBmain DoARun -> 信息:   started user thread for Warehouse 93
1月 02, 2026 8:57:10 下午 spec.jbb.JBBmain DoARun -> 信息:   started user thread for Warehouse 94
1月 02, 2026 8:57:10 下午 spec.jbb.JBBmain DoARun -> 信息:   started user thread for Warehouse 95
1月 02, 2026 8:57:10 下午 spec.jbb.JBBmain DoARun -> 信息:   started user thread for Warehouse 96
1月 02, 2026 8:57:10 下午 spec.jbb.Company displayResultTotals -> 信息: Timing Measurement began Fri Jan 02 20:57:10 CST 2026 for 4 minutes
1月 02, 2026 9:01:10 下午 spec.jbb.Company displayResultTotals -> 信息: Timing Measurement ended Fri Jan 02 21:01:10 CST 2026
1月 02, 2026 9:01:10 下午 spec.jbb.Company primeWithDummyData -> 信息: Loading Warehouse 97...
1月 02, 2026 9:01:10 下午 spec.jbb.JBBmain DoARun -> 信息: Start User Threads
1月 02, 2026 9:01:10 下午 spec.jbb.JBBmain DoARun -> 信息:   started user thread for Warehouse 1
1月 02, 2026 9:01:10 下午 spec.jbb.JBBmain DoARun -> 信息:   started user thread for Warehouse 2
1月 02, 2026 9:01:10 下午 spec.jbb.JBBmain DoARun -> 信息:   started user thread for Warehouse 3
1月 02, 2026 9:01:10 下午 spec.jbb.JBBmain DoARun -> 信息:   started user thread for Warehouse 4
1月 02, 2026 9:01:10 下午 spec.jbb.JBBmain DoARun -> 信息:   started user thread for Warehouse 5
1月 02, 2026 9:01:10 下午 spec.jbb.JBBmain DoARun -> 信息:   started user thread for Warehouse 6
1月 02, 2026 9:01:10 下午 spec.jbb.JBBmain DoARun -> 信息:   started user thread for Warehouse 7
1月 02, 2026 9:01:10 下午 spec.jbb.JBBmain DoARun -> 信息:   started user thread for Warehouse 8
1月 02, 2026 9:01:10 下午 spec.jbb.JBBmain DoARun -> 信息:   started user thread for Warehouse 9
1月 02, 2026 9:01:10 下午 spec.jbb.JBBmain DoARun -> 信息:   started user thread for Warehouse 10
1月 02, 2026 9:01:10 下午 spec.jbb.JBBmain DoARun -> 信息:   started user thread for Warehouse 11
1月 02, 2026 9:01:10 下午 spec.jbb.JBBmain DoARun -> 信息:   started user thread for Warehouse 12
1月 02, 2026 9:01:10 下午 spec.jbb.JBBmain DoARun -> 信息:   started user thread for Warehouse 13
1月 02, 2026 9:01:10 下午 spec.jbb.JBBmain DoARun -> 信息:   started user thread for Warehouse 14
1月 02, 2026 9:01:10 下午 spec.jbb.JBBmain DoARun -> 信息:   started user thread for Warehouse 15
1月 02, 2026 9:01:10 下午 spec.jbb.JBBmain DoARun -> 信息:   started user thread for Warehouse 16
1月 02, 2026 9:01:10 下午 spec.jbb.JBBmain DoARun -> 信息:   started user thread for Warehouse 17
1月 02, 2026 9:01:10 下午 spec.jbb.JBBmain DoARun -> 信息:   started user thread for Warehouse 18
1月 02, 2026 9:01:10 下午 spec.jbb.JBBmain DoARun -> 信息:   started user thread for Warehouse 19
1月 02, 2026 9:01:10 下午 spec.jbb.JBBmain DoARun -> 信息:   started user thread for Warehouse 20
1月 02, 2026 9:01:10 下午 spec.jbb.JBBmain DoARun -> 信息:   started user thread for Warehouse 21
1月 02, 2026 9:01:10 下午 spec.jbb.JBBmain DoARun -> 信息:   started user thread for Warehouse 22
1月 02, 2026 9:01:10 下午 spec.jbb.JBBmain DoARun -> 信息:   started user thread for Warehouse 23
1月 02, 2026 9:01:10 下午 spec.jbb.JBBmain DoARun -> 信息:   started user thread for Warehouse 24
1月 02, 2026 9:01:10 下午 spec.jbb.JBBmain DoARun -> 信息:   started user thread for Warehouse 25
1月 02, 2026 9:01:10 下午 spec.jbb.JBBmain DoARun -> 信息:   started user thread for Warehouse 26
1月 02, 2026 9:01:10 下午 spec.jbb.JBBmain DoARun -> 信息:   started user thread for Warehouse 27
1月 02, 2026 9:01:10 下午 spec.jbb.JBBmain DoARun -> 信息:   started user thread for Warehouse 28
1月 02, 2026 9:01:10 下午 spec.jbb.JBBmain DoARun -> 信息:   started user thread for Warehouse 29
1月 02, 2026 9:01:10 下午 spec.jbb.JBBmain DoARun -> 信息:   started user thread for Warehouse 30
1月 02, 2026 9:01:10 下午 spec.jbb.JBBmain DoARun -> 信息:   started user thread for Warehouse 31
1月 02, 2026 9:01:10 下午 spec.jbb.JBBmain DoARun -> 信息:   started user thread for Warehouse 32
1月 02, 2026 9:01:10 下午 spec.jbb.JBBmain DoARun -> 信息:   started user thread for Warehouse 33
1月 02, 2026 9:01:10 下午 spec.jbb.JBBmain DoARun -> 信息:   started user thread for Warehouse 34
1月 02, 2026 9:01:10 下午 spec.jbb.JBBmain DoARun -> 信息:   started user thread for Warehouse 35
1月 02, 2026 9:01:10 下午 spec.jbb.JBBmain DoARun -> 信息:   started user thread for Warehouse 36
1月 02, 2026 9:01:10 下午 spec.jbb.JBBmain DoARun -> 信息:   started user thread for Warehouse 37
1月 02, 2026 9:01:10 下午 spec.jbb.JBBmain DoARun -> 信息:   started user thread for Warehouse 38
1月 02, 2026 9:01:10 下午 spec.jbb.JBBmain DoARun -> 信息:   started user thread for Warehouse 39
1月 02, 2026 9:01:10 下午 spec.jbb.JBBmain DoARun -> 信息:   started user thread for Warehouse 40
1月 02, 2026 9:01:10 下午 spec.jbb.JBBmain DoARun -> 信息:   started user thread for Warehouse 41
1月 02, 2026 9:01:10 下午 spec.jbb.JBBmain DoARun -> 信息:   started user thread for Warehouse 42
1月 02, 2026 9:01:10 下午 spec.jbb.JBBmain DoARun -> 信息:   started user thread for Warehouse 43
1月 02, 2026 9:01:10 下午 spec.jbb.JBBmain DoARun -> 信息:   started user thread for Warehouse 44
1月 02, 2026 9:01:10 下午 spec.jbb.JBBmain DoARun -> 信息:   started user thread for Warehouse 45
1月 02, 2026 9:01:10 下午 spec.jbb.JBBmain DoARun -> 信息:   started user thread for Warehouse 46
1月 02, 2026 9:01:10 下午 spec.jbb.JBBmain DoARun -> 信息:   started user thread for Warehouse 47
1月 02, 2026 9:01:10 下午 spec.jbb.JBBmain DoARun -> 信息:   started user thread for Warehouse 48
1月 02, 2026 9:01:10 下午 spec.jbb.JBBmain DoARun -> 信息:   started user thread for Warehouse 49
1月 02, 2026 9:01:10 下午 spec.jbb.JBBmain DoARun -> 信息:   started user thread for Warehouse 50
1月 02, 2026 9:01:10 下午 spec.jbb.JBBmain DoARun -> 信息:   started user thread for Warehouse 51
1月 02, 2026 9:01:10 下午 spec.jbb.JBBmain DoARun -> 信息:   started user thread for Warehouse 52
1月 02, 2026 9:01:10 下午 spec.jbb.JBBmain DoARun -> 信息:   started user thread for Warehouse 53
1月 02, 2026 9:01:10 下午 spec.jbb.JBBmain DoARun -> 信息:   started user thread for Warehouse 54
1月 02, 2026 9:01:10 下午 spec.jbb.JBBmain DoARun -> 信息:   started user thread for Warehouse 55
1月 02, 2026 9:01:10 下午 spec.jbb.JBBmain DoARun -> 信息:   started user thread for Warehouse 56
1月 02, 2026 9:01:10 下午 spec.jbb.JBBmain DoARun -> 信息:   started user thread for Warehouse 57
1月 02, 2026 9:01:10 下午 spec.jbb.JBBmain DoARun -> 信息:   started user thread for Warehouse 58
1月 02, 2026 9:01:10 下午 spec.jbb.JBBmain DoARun -> 信息:   started user thread for Warehouse 59
1月 02, 2026 9:01:10 下午 spec.jbb.JBBmain DoARun -> 信息:   started user thread for Warehouse 60
1月 02, 2026 9:01:10 下午 spec.jbb.JBBmain DoARun -> 信息:   started user thread for Warehouse 61
1月 02, 2026 9:01:10 下午 spec.jbb.JBBmain DoARun -> 信息:   started user thread for Warehouse 62
1月 02, 2026 9:01:10 下午 spec.jbb.JBBmain DoARun -> 信息:   started user thread for Warehouse 63
1月 02, 2026 9:01:10 下午 spec.jbb.JBBmain DoARun -> 信息:   started user thread for Warehouse 64
1月 02, 2026 9:01:10 下午 spec.jbb.JBBmain DoARun -> 信息:   started user thread for Warehouse 65
1月 02, 2026 9:01:10 下午 spec.jbb.JBBmain DoARun -> 信息:   started user thread for Warehouse 66
1月 02, 2026 9:01:10 下午 spec.jbb.JBBmain DoARun -> 信息:   started user thread for Warehouse 67
1月 02, 2026 9:01:10 下午 spec.jbb.JBBmain DoARun -> 信息:   started user thread for Warehouse 68
1月 02, 2026 9:01:10 下午 spec.jbb.JBBmain DoARun -> 信息:   started user thread for Warehouse 69
1月 02, 2026 9:01:10 下午 spec.jbb.JBBmain DoARun -> 信息:   started user thread for Warehouse 70
1月 02, 2026 9:01:10 下午 spec.jbb.JBBmain DoARun -> 信息:   started user thread for Warehouse 71
1月 02, 2026 9:01:10 下午 spec.jbb.JBBmain DoARun -> 信息:   started user thread for Warehouse 72
1月 02, 2026 9:01:10 下午 spec.jbb.JBBmain DoARun -> 信息:   started user thread for Warehouse 73
1月 02, 2026 9:01:10 下午 spec.jbb.JBBmain DoARun -> 信息:   started user thread for Warehouse 74
1月 02, 2026 9:01:10 下午 spec.jbb.JBBmain DoARun -> 信息:   started user thread for Warehouse 75
1月 02, 2026 9:01:10 下午 spec.jbb.JBBmain DoARun -> 信息:   started user thread for Warehouse 76
1月 02, 2026 9:01:10 下午 spec.jbb.JBBmain DoARun -> 信息:   started user thread for Warehouse 77
1月 02, 2026 9:01:10 下午 spec.jbb.JBBmain DoARun -> 信息:   started user thread for Warehouse 78
1月 02, 2026 9:01:10 下午 spec.jbb.JBBmain DoARun -> 信息:   started user thread for Warehouse 79
1月 02, 2026 9:01:10 下午 spec.jbb.JBBmain DoARun -> 信息:   started user thread for Warehouse 80
1月 02, 2026 9:01:10 下午 spec.jbb.JBBmain DoARun -> 信息:   started user thread for Warehouse 81
1月 02, 2026 9:01:10 下午 spec.jbb.JBBmain DoARun -> 信息:   started user thread for Warehouse 82
1月 02, 2026 9:01:10 下午 spec.jbb.JBBmain DoARun -> 信息:   started user thread for Warehouse 83
1月 02, 2026 9:01:10 下午 spec.jbb.JBBmain DoARun -> 信息:   started user thread for Warehouse 84
1月 02, 2026 9:01:10 下午 spec.jbb.JBBmain DoARun -> 信息:   started user thread for Warehouse 85
1月 02, 2026 9:01:10 下午 spec.jbb.JBBmain DoARun -> 信息:   started user thread for Warehouse 86
1月 02, 2026 9:01:10 下午 spec.jbb.JBBmain DoARun -> 信息:   started user thread for Warehouse 87
1月 02, 2026 9:01:10 下午 spec.jbb.JBBmain DoARun -> 信息:   started user thread for Warehouse 88
1月 02, 2026 9:01:10 下午 spec.jbb.JBBmain DoARun -> 信息:   started user thread for Warehouse 89
1月 02, 2026 9:01:10 下午 spec.jbb.JBBmain DoARun -> 信息:   started user thread for Warehouse 90
1月 02, 2026 9:01:10 下午 spec.jbb.JBBmain DoARun -> 信息:   started user thread for Warehouse 91
1月 02, 2026 9:01:10 下午 spec.jbb.JBBmain DoARun -> 信息:   started user thread for Warehouse 92
1月 02, 2026 9:01:10 下午 spec.jbb.JBBmain DoARun -> 信息:   started user thread for Warehouse 93
1月 02, 2026 9:01:10 下午 spec.jbb.JBBmain DoARun -> 信息:   started user thread for Warehouse 94
1月 02, 2026 9:01:10 下午 spec.jbb.JBBmain DoARun -> 信息:   started user thread for Warehouse 95
1月 02, 2026 9:01:10 下午 spec.jbb.JBBmain DoARun -> 信息:   started user thread for Warehouse 96
1月 02, 2026 9:01:10 下午 spec.jbb.JBBmain DoARun -> 信息:   started user thread for Warehouse 97
1月 02, 2026 9:01:10 下午 spec.jbb.Company displayResultTotals -> 信息: Timing Measurement began Fri Jan 02 21:01:10 CST 2026 for 4 minutes
1月 02, 2026 9:05:10 下午 spec.jbb.Company displayResultTotals -> 信息: Timing Measurement ended Fri Jan 02 21:05:10 CST 2026
1月 02, 2026 9:05:11 下午 spec.jbb.Company primeWithDummyData -> 信息: Loading Warehouse 98...
1月 02, 2026 9:05:11 下午 spec.jbb.JBBmain DoARun -> 信息: Start User Threads
1月 02, 2026 9:05:11 下午 spec.jbb.JBBmain DoARun -> 信息:   started user thread for Warehouse 1
1月 02, 2026 9:05:11 下午 spec.jbb.JBBmain DoARun -> 信息:   started user thread for Warehouse 2
1月 02, 2026 9:05:11 下午 spec.jbb.JBBmain DoARun -> 信息:   started user thread for Warehouse 3
1月 02, 2026 9:05:11 下午 spec.jbb.JBBmain DoARun -> 信息:   started user thread for Warehouse 4
1月 02, 2026 9:05:11 下午 spec.jbb.JBBmain DoARun -> 信息:   started user thread for Warehouse 5
1月 02, 2026 9:05:11 下午 spec.jbb.JBBmain DoARun -> 信息:   started user thread for Warehouse 6
1月 02, 2026 9:05:11 下午 spec.jbb.JBBmain DoARun -> 信息:   started user thread for Warehouse 7
1月 02, 2026 9:05:11 下午 spec.jbb.JBBmain DoARun -> 信息:   started user thread for Warehouse 8
1月 02, 2026 9:05:11 下午 spec.jbb.JBBmain DoARun -> 信息:   started user thread for Warehouse 9
1月 02, 2026 9:05:11 下午 spec.jbb.JBBmain DoARun -> 信息:   started user thread for Warehouse 10
1月 02, 2026 9:05:11 下午 spec.jbb.JBBmain DoARun -> 信息:   started user thread for Warehouse 11
1月 02, 2026 9:05:11 下午 spec.jbb.JBBmain DoARun -> 信息:   started user thread for Warehouse 12
1月 02, 2026 9:05:11 下午 spec.jbb.JBBmain DoARun -> 信息:   started user thread for Warehouse 13
1月 02, 2026 9:05:11 下午 spec.jbb.JBBmain DoARun -> 信息:   started user thread for Warehouse 14
1月 02, 2026 9:05:11 下午 spec.jbb.JBBmain DoARun -> 信息:   started user thread for Warehouse 15
1月 02, 2026 9:05:11 下午 spec.jbb.JBBmain DoARun -> 信息:   started user thread for Warehouse 16
1月 02, 2026 9:05:11 下午 spec.jbb.JBBmain DoARun -> 信息:   started user thread for Warehouse 17
1月 02, 2026 9:05:11 下午 spec.jbb.JBBmain DoARun -> 信息:   started user thread for Warehouse 18
1月 02, 2026 9:05:11 下午 spec.jbb.JBBmain DoARun -> 信息:   started user thread for Warehouse 19
1月 02, 2026 9:05:11 下午 spec.jbb.JBBmain DoARun -> 信息:   started user thread for Warehouse 20
1月 02, 2026 9:05:11 下午 spec.jbb.JBBmain DoARun -> 信息:   started user thread for Warehouse 21
1月 02, 2026 9:05:11 下午 spec.jbb.JBBmain DoARun -> 信息:   started user thread for Warehouse 22
1月 02, 2026 9:05:11 下午 spec.jbb.JBBmain DoARun -> 信息:   started user thread for Warehouse 23
1月 02, 2026 9:05:11 下午 spec.jbb.JBBmain DoARun -> 信息:   started user thread for Warehouse 24
1月 02, 2026 9:05:11 下午 spec.jbb.JBBmain DoARun -> 信息:   started user thread for Warehouse 25
1月 02, 2026 9:05:11 下午 spec.jbb.JBBmain DoARun -> 信息:   started user thread for Warehouse 26
1月 02, 2026 9:05:11 下午 spec.jbb.JBBmain DoARun -> 信息:   started user thread for Warehouse 27
1月 02, 2026 9:05:11 下午 spec.jbb.JBBmain DoARun -> 信息:   started user thread for Warehouse 28
1月 02, 2026 9:05:11 下午 spec.jbb.JBBmain DoARun -> 信息:   started user thread for Warehouse 29
1月 02, 2026 9:05:11 下午 spec.jbb.JBBmain DoARun -> 信息:   started user thread for Warehouse 30
1月 02, 2026 9:05:11 下午 spec.jbb.JBBmain DoARun -> 信息:   started user thread for Warehouse 31
1月 02, 2026 9:05:11 下午 spec.jbb.JBBmain DoARun -> 信息:   started user thread for Warehouse 32
1月 02, 2026 9:05:11 下午 spec.jbb.JBBmain DoARun -> 信息:   started user thread for Warehouse 33
1月 02, 2026 9:05:11 下午 spec.jbb.JBBmain DoARun -> 信息:   started user thread for Warehouse 34
1月 02, 2026 9:05:11 下午 spec.jbb.JBBmain DoARun -> 信息:   started user thread for Warehouse 35
1月 02, 2026 9:05:11 下午 spec.jbb.JBBmain DoARun -> 信息:   started user thread for Warehouse 36
1月 02, 2026 9:05:11 下午 spec.jbb.JBBmain DoARun -> 信息:   started user thread for Warehouse 37
1月 02, 2026 9:05:11 下午 spec.jbb.JBBmain DoARun -> 信息:   started user thread for Warehouse 38
1月 02, 2026 9:05:11 下午 spec.jbb.JBBmain DoARun -> 信息:   started user thread for Warehouse 39
1月 02, 2026 9:05:11 下午 spec.jbb.JBBmain DoARun -> 信息:   started user thread for Warehouse 40
1月 02, 2026 9:05:11 下午 spec.jbb.JBBmain DoARun -> 信息:   started user thread for Warehouse 41
1月 02, 2026 9:05:11 下午 spec.jbb.JBBmain DoARun -> 信息:   started user thread for Warehouse 42
1月 02, 2026 9:05:11 下午 spec.jbb.JBBmain DoARun -> 信息:   started user thread for Warehouse 43
1月 02, 2026 9:05:11 下午 spec.jbb.JBBmain DoARun -> 信息:   started user thread for Warehouse 44
1月 02, 2026 9:05:11 下午 spec.jbb.JBBmain DoARun -> 信息:   started user thread for Warehouse 45
1月 02, 2026 9:05:11 下午 spec.jbb.JBBmain DoARun -> 信息:   started user thread for Warehouse 46
1月 02, 2026 9:05:11 下午 spec.jbb.JBBmain DoARun -> 信息:   started user thread for Warehouse 47
1月 02, 2026 9:05:11 下午 spec.jbb.JBBmain DoARun -> 信息:   started user thread for Warehouse 48
1月 02, 2026 9:05:11 下午 spec.jbb.JBBmain DoARun -> 信息:   started user thread for Warehouse 49
1月 02, 2026 9:05:11 下午 spec.jbb.JBBmain DoARun -> 信息:   started user thread for Warehouse 50
1月 02, 2026 9:05:11 下午 spec.jbb.JBBmain DoARun -> 信息:   started user thread for Warehouse 51
1月 02, 2026 9:05:11 下午 spec.jbb.JBBmain DoARun -> 信息:   started user thread for Warehouse 52
1月 02, 2026 9:05:11 下午 spec.jbb.JBBmain DoARun -> 信息:   started user thread for Warehouse 53
1月 02, 2026 9:05:11 下午 spec.jbb.JBBmain DoARun -> 信息:   started user thread for Warehouse 54
1月 02, 2026 9:05:11 下午 spec.jbb.JBBmain DoARun -> 信息:   started user thread for Warehouse 55
1月 02, 2026 9:05:11 下午 spec.jbb.JBBmain DoARun -> 信息:   started user thread for Warehouse 56
1月 02, 2026 9:05:11 下午 spec.jbb.JBBmain DoARun -> 信息:   started user thread for Warehouse 57
1月 02, 2026 9:05:11 下午 spec.jbb.JBBmain DoARun -> 信息:   started user thread for Warehouse 58
1月 02, 2026 9:05:11 下午 spec.jbb.JBBmain DoARun -> 信息:   started user thread for Warehouse 59
1月 02, 2026 9:05:11 下午 spec.jbb.JBBmain DoARun -> 信息:   started user thread for Warehouse 60
1月 02, 2026 9:05:11 下午 spec.jbb.JBBmain DoARun -> 信息:   started user thread for Warehouse 61
1月 02, 2026 9:05:11 下午 spec.jbb.JBBmain DoARun -> 信息:   started user thread for Warehouse 62
1月 02, 2026 9:05:11 下午 spec.jbb.JBBmain DoARun -> 信息:   started user thread for Warehouse 63
1月 02, 2026 9:05:11 下午 spec.jbb.JBBmain DoARun -> 信息:   started user thread for Warehouse 64
1月 02, 2026 9:05:11 下午 spec.jbb.JBBmain DoARun -> 信息:   started user thread for Warehouse 65
1月 02, 2026 9:05:11 下午 spec.jbb.JBBmain DoARun -> 信息:   started user thread for Warehouse 66
1月 02, 2026 9:05:11 下午 spec.jbb.JBBmain DoARun -> 信息:   started user thread for Warehouse 67
1月 02, 2026 9:05:11 下午 spec.jbb.JBBmain DoARun -> 信息:   started user thread for Warehouse 68
1月 02, 2026 9:05:11 下午 spec.jbb.JBBmain DoARun -> 信息:   started user thread for Warehouse 69
1月 02, 2026 9:05:11 下午 spec.jbb.JBBmain DoARun -> 信息:   started user thread for Warehouse 70
1月 02, 2026 9:05:11 下午 spec.jbb.JBBmain DoARun -> 信息:   started user thread for Warehouse 71
1月 02, 2026 9:05:11 下午 spec.jbb.JBBmain DoARun -> 信息:   started user thread for Warehouse 72
1月 02, 2026 9:05:11 下午 spec.jbb.JBBmain DoARun -> 信息:   started user thread for Warehouse 73
1月 02, 2026 9:05:11 下午 spec.jbb.JBBmain DoARun -> 信息:   started user thread for Warehouse 74
1月 02, 2026 9:05:11 下午 spec.jbb.JBBmain DoARun -> 信息:   started user thread for Warehouse 75
1月 02, 2026 9:05:11 下午 spec.jbb.JBBmain DoARun -> 信息:   started user thread for Warehouse 76
1月 02, 2026 9:05:11 下午 spec.jbb.JBBmain DoARun -> 信息:   started user thread for Warehouse 77
1月 02, 2026 9:05:11 下午 spec.jbb.JBBmain DoARun -> 信息:   started user thread for Warehouse 78
1月 02, 2026 9:05:11 下午 spec.jbb.JBBmain DoARun -> 信息:   started user thread for Warehouse 79
1月 02, 2026 9:05:11 下午 spec.jbb.JBBmain DoARun -> 信息:   started user thread for Warehouse 80
1月 02, 2026 9:05:11 下午 spec.jbb.JBBmain DoARun -> 信息:   started user thread for Warehouse 81
1月 02, 2026 9:05:11 下午 spec.jbb.JBBmain DoARun -> 信息:   started user thread for Warehouse 82
1月 02, 2026 9:05:11 下午 spec.jbb.JBBmain DoARun -> 信息:   started user thread for Warehouse 83
1月 02, 2026 9:05:11 下午 spec.jbb.JBBmain DoARun -> 信息:   started user thread for Warehouse 84
1月 02, 2026 9:05:11 下午 spec.jbb.JBBmain DoARun -> 信息:   started user thread for Warehouse 85
1月 02, 2026 9:05:11 下午 spec.jbb.JBBmain DoARun -> 信息:   started user thread for Warehouse 86
1月 02, 2026 9:05:11 下午 spec.jbb.JBBmain DoARun -> 信息:   started user thread for Warehouse 87
1月 02, 2026 9:05:11 下午 spec.jbb.JBBmain DoARun -> 信息:   started user thread for Warehouse 88
1月 02, 2026 9:05:11 下午 spec.jbb.JBBmain DoARun -> 信息:   started user thread for Warehouse 89
1月 02, 2026 9:05:11 下午 spec.jbb.JBBmain DoARun -> 信息:   started user thread for Warehouse 90
1月 02, 2026 9:05:11 下午 spec.jbb.JBBmain DoARun -> 信息:   started user thread for Warehouse 91
1月 02, 2026 9:05:11 下午 spec.jbb.JBBmain DoARun -> 信息:   started user thread for Warehouse 92
1月 02, 2026 9:05:11 下午 spec.jbb.JBBmain DoARun -> 信息:   started user thread for Warehouse 93
1月 02, 2026 9:05:11 下午 spec.jbb.JBBmain DoARun -> 信息:   started user thread for Warehouse 94
1月 02, 2026 9:05:11 下午 spec.jbb.JBBmain DoARun -> 信息:   started user thread for Warehouse 95
1月 02, 2026 9:05:11 下午 spec.jbb.JBBmain DoARun -> 信息:   started user thread for Warehouse 96
1月 02, 2026 9:05:11 下午 spec.jbb.JBBmain DoARun -> 信息:   started user thread for Warehouse 97
1月 02, 2026 9:05:11 下午 spec.jbb.JBBmain DoARun -> 信息:   started user thread for Warehouse 98
1月 02, 2026 9:05:11 下午 spec.jbb.Company displayResultTotals -> 信息: Timing Measurement began Fri Jan 02 21:05:11 CST 2026 for 4 minutes
1月 02, 2026 9:09:11 下午 spec.jbb.Company displayResultTotals -> 信息: Timing Measurement ended Fri Jan 02 21:09:11 CST 2026
1月 02, 2026 9:09:11 下午 spec.jbb.Company primeWithDummyData -> 信息: Loading Warehouse 99...
1月 02, 2026 9:09:11 下午 spec.jbb.JBBmain DoARun -> 信息: Start User Threads
1月 02, 2026 9:09:11 下午 spec.jbb.JBBmain DoARun -> 信息:   started user thread for Warehouse 1
1月 02, 2026 9:09:11 下午 spec.jbb.JBBmain DoARun -> 信息:   started user thread for Warehouse 2
1月 02, 2026 9:09:11 下午 spec.jbb.JBBmain DoARun -> 信息:   started user thread for Warehouse 3
1月 02, 2026 9:09:11 下午 spec.jbb.JBBmain DoARun -> 信息:   started user thread for Warehouse 4
1月 02, 2026 9:09:11 下午 spec.jbb.JBBmain DoARun -> 信息:   started user thread for Warehouse 5
1月 02, 2026 9:09:11 下午 spec.jbb.JBBmain DoARun -> 信息:   started user thread for Warehouse 6
1月 02, 2026 9:09:11 下午 spec.jbb.JBBmain DoARun -> 信息:   started user thread for Warehouse 7
1月 02, 2026 9:09:11 下午 spec.jbb.JBBmain DoARun -> 信息:   started user thread for Warehouse 8
1月 02, 2026 9:09:11 下午 spec.jbb.JBBmain DoARun -> 信息:   started user thread for Warehouse 9
1月 02, 2026 9:09:11 下午 spec.jbb.JBBmain DoARun -> 信息:   started user thread for Warehouse 10
1月 02, 2026 9:09:11 下午 spec.jbb.JBBmain DoARun -> 信息:   started user thread for Warehouse 11
1月 02, 2026 9:09:11 下午 spec.jbb.JBBmain DoARun -> 信息:   started user thread for Warehouse 12
1月 02, 2026 9:09:11 下午 spec.jbb.JBBmain DoARun -> 信息:   started user thread for Warehouse 13
1月 02, 2026 9:09:11 下午 spec.jbb.JBBmain DoARun -> 信息:   started user thread for Warehouse 14
1月 02, 2026 9:09:11 下午 spec.jbb.JBBmain DoARun -> 信息:   started user thread for Warehouse 15
1月 02, 2026 9:09:11 下午 spec.jbb.JBBmain DoARun -> 信息:   started user thread for Warehouse 16
1月 02, 2026 9:09:11 下午 spec.jbb.JBBmain DoARun -> 信息:   started user thread for Warehouse 17
1月 02, 2026 9:09:11 下午 spec.jbb.JBBmain DoARun -> 信息:   started user thread for Warehouse 18
1月 02, 2026 9:09:11 下午 spec.jbb.JBBmain DoARun -> 信息:   started user thread for Warehouse 19
1月 02, 2026 9:09:11 下午 spec.jbb.JBBmain DoARun -> 信息:   started user thread for Warehouse 20
1月 02, 2026 9:09:11 下午 spec.jbb.JBBmain DoARun -> 信息:   started user thread for Warehouse 21
1月 02, 2026 9:09:11 下午 spec.jbb.JBBmain DoARun -> 信息:   started user thread for Warehouse 22
1月 02, 2026 9:09:11 下午 spec.jbb.JBBmain DoARun -> 信息:   started user thread for Warehouse 23
1月 02, 2026 9:09:11 下午 spec.jbb.JBBmain DoARun -> 信息:   started user thread for Warehouse 24
1月 02, 2026 9:09:11 下午 spec.jbb.JBBmain DoARun -> 信息:   started user thread for Warehouse 25
1月 02, 2026 9:09:11 下午 spec.jbb.JBBmain DoARun -> 信息:   started user thread for Warehouse 26
1月 02, 2026 9:09:11 下午 spec.jbb.JBBmain DoARun -> 信息:   started user thread for Warehouse 27
1月 02, 2026 9:09:11 下午 spec.jbb.JBBmain DoARun -> 信息:   started user thread for Warehouse 28
1月 02, 2026 9:09:11 下午 spec.jbb.JBBmain DoARun -> 信息:   started user thread for Warehouse 29
1月 02, 2026 9:09:11 下午 spec.jbb.JBBmain DoARun -> 信息:   started user thread for Warehouse 30
1月 02, 2026 9:09:11 下午 spec.jbb.JBBmain DoARun -> 信息:   started user thread for Warehouse 31
1月 02, 2026 9:09:11 下午 spec.jbb.JBBmain DoARun -> 信息:   started user thread for Warehouse 32
1月 02, 2026 9:09:11 下午 spec.jbb.JBBmain DoARun -> 信息:   started user thread for Warehouse 33
1月 02, 2026 9:09:11 下午 spec.jbb.JBBmain DoARun -> 信息:   started user thread for Warehouse 34
1月 02, 2026 9:09:11 下午 spec.jbb.JBBmain DoARun -> 信息:   started user thread for Warehouse 35
1月 02, 2026 9:09:11 下午 spec.jbb.JBBmain DoARun -> 信息:   started user thread for Warehouse 36
1月 02, 2026 9:09:11 下午 spec.jbb.JBBmain DoARun -> 信息:   started user thread for Warehouse 37
1月 02, 2026 9:09:11 下午 spec.jbb.JBBmain DoARun -> 信息:   started user thread for Warehouse 38
1月 02, 2026 9:09:11 下午 spec.jbb.JBBmain DoARun -> 信息:   started user thread for Warehouse 39
1月 02, 2026 9:09:11 下午 spec.jbb.JBBmain DoARun -> 信息:   started user thread for Warehouse 40
1月 02, 2026 9:09:11 下午 spec.jbb.JBBmain DoARun -> 信息:   started user thread for Warehouse 41
1月 02, 2026 9:09:11 下午 spec.jbb.JBBmain DoARun -> 信息:   started user thread for Warehouse 42
1月 02, 2026 9:09:11 下午 spec.jbb.JBBmain DoARun -> 信息:   started user thread for Warehouse 43
1月 02, 2026 9:09:11 下午 spec.jbb.JBBmain DoARun -> 信息:   started user thread for Warehouse 44
1月 02, 2026 9:09:11 下午 spec.jbb.JBBmain DoARun -> 信息:   started user thread for Warehouse 45
1月 02, 2026 9:09:11 下午 spec.jbb.JBBmain DoARun -> 信息:   started user thread for Warehouse 46
1月 02, 2026 9:09:11 下午 spec.jbb.JBBmain DoARun -> 信息:   started user thread for Warehouse 47
1月 02, 2026 9:09:11 下午 spec.jbb.JBBmain DoARun -> 信息:   started user thread for Warehouse 48
1月 02, 2026 9:09:11 下午 spec.jbb.JBBmain DoARun -> 信息:   started user thread for Warehouse 49
1月 02, 2026 9:09:11 下午 spec.jbb.JBBmain DoARun -> 信息:   started user thread for Warehouse 50
1月 02, 2026 9:09:11 下午 spec.jbb.JBBmain DoARun -> 信息:   started user thread for Warehouse 51
1月 02, 2026 9:09:11 下午 spec.jbb.JBBmain DoARun -> 信息:   started user thread for Warehouse 52
1月 02, 2026 9:09:11 下午 spec.jbb.JBBmain DoARun -> 信息:   started user thread for Warehouse 53
1月 02, 2026 9:09:11 下午 spec.jbb.JBBmain DoARun -> 信息:   started user thread for Warehouse 54
1月 02, 2026 9:09:11 下午 spec.jbb.JBBmain DoARun -> 信息:   started user thread for Warehouse 55
1月 02, 2026 9:09:11 下午 spec.jbb.JBBmain DoARun -> 信息:   started user thread for Warehouse 56
1月 02, 2026 9:09:11 下午 spec.jbb.JBBmain DoARun -> 信息:   started user thread for Warehouse 57
1月 02, 2026 9:09:11 下午 spec.jbb.JBBmain DoARun -> 信息:   started user thread for Warehouse 58
1月 02, 2026 9:09:11 下午 spec.jbb.JBBmain DoARun -> 信息:   started user thread for Warehouse 59
1月 02, 2026 9:09:11 下午 spec.jbb.JBBmain DoARun -> 信息:   started user thread for Warehouse 60
1月 02, 2026 9:09:11 下午 spec.jbb.JBBmain DoARun -> 信息:   started user thread for Warehouse 61
1月 02, 2026 9:09:11 下午 spec.jbb.JBBmain DoARun -> 信息:   started user thread for Warehouse 62
1月 02, 2026 9:09:11 下午 spec.jbb.JBBmain DoARun -> 信息:   started user thread for Warehouse 63
1月 02, 2026 9:09:11 下午 spec.jbb.JBBmain DoARun -> 信息:   started user thread for Warehouse 64
1月 02, 2026 9:09:11 下午 spec.jbb.JBBmain DoARun -> 信息:   started user thread for Warehouse 65
1月 02, 2026 9:09:11 下午 spec.jbb.JBBmain DoARun -> 信息:   started user thread for Warehouse 66
1月 02, 2026 9:09:11 下午 spec.jbb.JBBmain DoARun -> 信息:   started user thread for Warehouse 67
1月 02, 2026 9:09:11 下午 spec.jbb.JBBmain DoARun -> 信息:   started user thread for Warehouse 68
1月 02, 2026 9:09:11 下午 spec.jbb.JBBmain DoARun -> 信息:   started user thread for Warehouse 69
1月 02, 2026 9:09:11 下午 spec.jbb.JBBmain DoARun -> 信息:   started user thread for Warehouse 70
1月 02, 2026 9:09:11 下午 spec.jbb.JBBmain DoARun -> 信息:   started user thread for Warehouse 71
1月 02, 2026 9:09:11 下午 spec.jbb.JBBmain DoARun -> 信息:   started user thread for Warehouse 72
1月 02, 2026 9:09:11 下午 spec.jbb.JBBmain DoARun -> 信息:   started user thread for Warehouse 73
1月 02, 2026 9:09:11 下午 spec.jbb.JBBmain DoARun -> 信息:   started user thread for Warehouse 74
1月 02, 2026 9:09:11 下午 spec.jbb.JBBmain DoARun -> 信息:   started user thread for Warehouse 75
1月 02, 2026 9:09:11 下午 spec.jbb.JBBmain DoARun -> 信息:   started user thread for Warehouse 76
1月 02, 2026 9:09:11 下午 spec.jbb.JBBmain DoARun -> 信息:   started user thread for Warehouse 77
1月 02, 2026 9:09:11 下午 spec.jbb.JBBmain DoARun -> 信息:   started user thread for Warehouse 78
1月 02, 2026 9:09:11 下午 spec.jbb.JBBmain DoARun -> 信息:   started user thread for Warehouse 79
1月 02, 2026 9:09:11 下午 spec.jbb.JBBmain DoARun -> 信息:   started user thread for Warehouse 80
1月 02, 2026 9:09:11 下午 spec.jbb.JBBmain DoARun -> 信息:   started user thread for Warehouse 81
1月 02, 2026 9:09:11 下午 spec.jbb.JBBmain DoARun -> 信息:   started user thread for Warehouse 82
1月 02, 2026 9:09:11 下午 spec.jbb.JBBmain DoARun -> 信息:   started user thread for Warehouse 83
1月 02, 2026 9:09:11 下午 spec.jbb.JBBmain DoARun -> 信息:   started user thread for Warehouse 84
1月 02, 2026 9:09:11 下午 spec.jbb.JBBmain DoARun -> 信息:   started user thread for Warehouse 85
1月 02, 2026 9:09:11 下午 spec.jbb.JBBmain DoARun -> 信息:   started user thread for Warehouse 86
1月 02, 2026 9:09:11 下午 spec.jbb.JBBmain DoARun -> 信息:   started user thread for Warehouse 87
1月 02, 2026 9:09:11 下午 spec.jbb.JBBmain DoARun -> 信息:   started user thread for Warehouse 88
1月 02, 2026 9:09:11 下午 spec.jbb.JBBmain DoARun -> 信息:   started user thread for Warehouse 89
1月 02, 2026 9:09:11 下午 spec.jbb.JBBmain DoARun -> 信息:   started user thread for Warehouse 90
1月 02, 2026 9:09:11 下午 spec.jbb.JBBmain DoARun -> 信息:   started user thread for Warehouse 91
1月 02, 2026 9:09:11 下午 spec.jbb.JBBmain DoARun -> 信息:   started user thread for Warehouse 92
1月 02, 2026 9:09:11 下午 spec.jbb.JBBmain DoARun -> 信息:   started user thread for Warehouse 93
1月 02, 2026 9:09:11 下午 spec.jbb.JBBmain DoARun -> 信息:   started user thread for Warehouse 94
1月 02, 2026 9:09:11 下午 spec.jbb.JBBmain DoARun -> 信息:   started user thread for Warehouse 95
1月 02, 2026 9:09:11 下午 spec.jbb.JBBmain DoARun -> 信息:   started user thread for Warehouse 96
1月 02, 2026 9:09:11 下午 spec.jbb.JBBmain DoARun -> 信息:   started user thread for Warehouse 97
1月 02, 2026 9:09:11 下午 spec.jbb.JBBmain DoARun -> 信息:   started user thread for Warehouse 98
1月 02, 2026 9:09:11 下午 spec.jbb.JBBmain DoARun -> 信息:   started user thread for Warehouse 99
1月 02, 2026 9:09:11 下午 spec.jbb.Company displayResultTotals -> 信息: Timing Measurement began Fri Jan 02 21:09:11 CST 2026 for 4 minutes
1月 02, 2026 9:13:11 下午 spec.jbb.Company displayResultTotals -> 信息: Timing Measurement ended Fri Jan 02 21:13:11 CST 2026
1月 02, 2026 9:13:11 下午 spec.jbb.Company primeWithDummyData -> 信息: Loading Warehouse 100...
1月 02, 2026 9:13:11 下午 spec.jbb.JBBmain DoARun -> 信息: Start User Threads
1月 02, 2026 9:13:11 下午 spec.jbb.JBBmain DoARun -> 信息:   started user thread for Warehouse 1
1月 02, 2026 9:13:11 下午 spec.jbb.JBBmain DoARun -> 信息:   started user thread for Warehouse 2
1月 02, 2026 9:13:11 下午 spec.jbb.JBBmain DoARun -> 信息:   started user thread for Warehouse 3
1月 02, 2026 9:13:11 下午 spec.jbb.JBBmain DoARun -> 信息:   started user thread for Warehouse 4
1月 02, 2026 9:13:11 下午 spec.jbb.JBBmain DoARun -> 信息:   started user thread for Warehouse 5
1月 02, 2026 9:13:11 下午 spec.jbb.JBBmain DoARun -> 信息:   started user thread for Warehouse 6
1月 02, 2026 9:13:11 下午 spec.jbb.JBBmain DoARun -> 信息:   started user thread for Warehouse 7
1月 02, 2026 9:13:11 下午 spec.jbb.JBBmain DoARun -> 信息:   started user thread for Warehouse 8
1月 02, 2026 9:13:11 下午 spec.jbb.JBBmain DoARun -> 信息:   started user thread for Warehouse 9
1月 02, 2026 9:13:11 下午 spec.jbb.JBBmain DoARun -> 信息:   started user thread for Warehouse 10
1月 02, 2026 9:13:11 下午 spec.jbb.JBBmain DoARun -> 信息:   started user thread for Warehouse 11
1月 02, 2026 9:13:12 下午 spec.jbb.JBBmain DoARun -> 信息:   started user thread for Warehouse 12
1月 02, 2026 9:13:12 下午 spec.jbb.JBBmain DoARun -> 信息:   started user thread for Warehouse 13
1月 02, 2026 9:13:12 下午 spec.jbb.JBBmain DoARun -> 信息:   started user thread for Warehouse 14
1月 02, 2026 9:13:12 下午 spec.jbb.JBBmain DoARun -> 信息:   started user thread for Warehouse 15
1月 02, 2026 9:13:12 下午 spec.jbb.JBBmain DoARun -> 信息:   started user thread for Warehouse 16
1月 02, 2026 9:13:12 下午 spec.jbb.JBBmain DoARun -> 信息:   started user thread for Warehouse 17
1月 02, 2026 9:13:12 下午 spec.jbb.JBBmain DoARun -> 信息:   started user thread for Warehouse 18
1月 02, 2026 9:13:12 下午 spec.jbb.JBBmain DoARun -> 信息:   started user thread for Warehouse 19
1月 02, 2026 9:13:12 下午 spec.jbb.JBBmain DoARun -> 信息:   started user thread for Warehouse 20
1月 02, 2026 9:13:12 下午 spec.jbb.JBBmain DoARun -> 信息:   started user thread for Warehouse 21
1月 02, 2026 9:13:12 下午 spec.jbb.JBBmain DoARun -> 信息:   started user thread for Warehouse 22
1月 02, 2026 9:13:12 下午 spec.jbb.JBBmain DoARun -> 信息:   started user thread for Warehouse 23
1月 02, 2026 9:13:12 下午 spec.jbb.JBBmain DoARun -> 信息:   started user thread for Warehouse 24
1月 02, 2026 9:13:12 下午 spec.jbb.JBBmain DoARun -> 信息:   started user thread for Warehouse 25
1月 02, 2026 9:13:12 下午 spec.jbb.JBBmain DoARun -> 信息:   started user thread for Warehouse 26
1月 02, 2026 9:13:12 下午 spec.jbb.JBBmain DoARun -> 信息:   started user thread for Warehouse 27
1月 02, 2026 9:13:12 下午 spec.jbb.JBBmain DoARun -> 信息:   started user thread for Warehouse 28
1月 02, 2026 9:13:12 下午 spec.jbb.JBBmain DoARun -> 信息:   started user thread for Warehouse 29
1月 02, 2026 9:13:12 下午 spec.jbb.JBBmain DoARun -> 信息:   started user thread for Warehouse 30
1月 02, 2026 9:13:12 下午 spec.jbb.JBBmain DoARun -> 信息:   started user thread for Warehouse 31
1月 02, 2026 9:13:12 下午 spec.jbb.JBBmain DoARun -> 信息:   started user thread for Warehouse 32
1月 02, 2026 9:13:12 下午 spec.jbb.JBBmain DoARun -> 信息:   started user thread for Warehouse 33
1月 02, 2026 9:13:12 下午 spec.jbb.JBBmain DoARun -> 信息:   started user thread for Warehouse 34
1月 02, 2026 9:13:12 下午 spec.jbb.JBBmain DoARun -> 信息:   started user thread for Warehouse 35
1月 02, 2026 9:13:12 下午 spec.jbb.JBBmain DoARun -> 信息:   started user thread for Warehouse 36
1月 02, 2026 9:13:12 下午 spec.jbb.JBBmain DoARun -> 信息:   started user thread for Warehouse 37
1月 02, 2026 9:13:12 下午 spec.jbb.JBBmain DoARun -> 信息:   started user thread for Warehouse 38
1月 02, 2026 9:13:12 下午 spec.jbb.JBBmain DoARun -> 信息:   started user thread for Warehouse 39
1月 02, 2026 9:13:12 下午 spec.jbb.JBBmain DoARun -> 信息:   started user thread for Warehouse 40
1月 02, 2026 9:13:12 下午 spec.jbb.JBBmain DoARun -> 信息:   started user thread for Warehouse 41
1月 02, 2026 9:13:12 下午 spec.jbb.JBBmain DoARun -> 信息:   started user thread for Warehouse 42
1月 02, 2026 9:13:12 下午 spec.jbb.JBBmain DoARun -> 信息:   started user thread for Warehouse 43
1月 02, 2026 9:13:12 下午 spec.jbb.JBBmain DoARun -> 信息:   started user thread for Warehouse 44
1月 02, 2026 9:13:12 下午 spec.jbb.JBBmain DoARun -> 信息:   started user thread for Warehouse 45
1月 02, 2026 9:13:12 下午 spec.jbb.JBBmain DoARun -> 信息:   started user thread for Warehouse 46
1月 02, 2026 9:13:12 下午 spec.jbb.JBBmain DoARun -> 信息:   started user thread for Warehouse 47
1月 02, 2026 9:13:12 下午 spec.jbb.JBBmain DoARun -> 信息:   started user thread for Warehouse 48
1月 02, 2026 9:13:12 下午 spec.jbb.JBBmain DoARun -> 信息:   started user thread for Warehouse 49
1月 02, 2026 9:13:12 下午 spec.jbb.JBBmain DoARun -> 信息:   started user thread for Warehouse 50
1月 02, 2026 9:13:12 下午 spec.jbb.JBBmain DoARun -> 信息:   started user thread for Warehouse 51
1月 02, 2026 9:13:12 下午 spec.jbb.JBBmain DoARun -> 信息:   started user thread for Warehouse 52
1月 02, 2026 9:13:12 下午 spec.jbb.JBBmain DoARun -> 信息:   started user thread for Warehouse 53
1月 02, 2026 9:13:12 下午 spec.jbb.JBBmain DoARun -> 信息:   started user thread for Warehouse 54
1月 02, 2026 9:13:12 下午 spec.jbb.JBBmain DoARun -> 信息:   started user thread for Warehouse 55
1月 02, 2026 9:13:12 下午 spec.jbb.JBBmain DoARun -> 信息:   started user thread for Warehouse 56
1月 02, 2026 9:13:12 下午 spec.jbb.JBBmain DoARun -> 信息:   started user thread for Warehouse 57
1月 02, 2026 9:13:12 下午 spec.jbb.JBBmain DoARun -> 信息:   started user thread for Warehouse 58
1月 02, 2026 9:13:12 下午 spec.jbb.JBBmain DoARun -> 信息:   started user thread for Warehouse 59
1月 02, 2026 9:13:12 下午 spec.jbb.JBBmain DoARun -> 信息:   started user thread for Warehouse 60
1月 02, 2026 9:13:12 下午 spec.jbb.JBBmain DoARun -> 信息:   started user thread for Warehouse 61
1月 02, 2026 9:13:12 下午 spec.jbb.JBBmain DoARun -> 信息:   started user thread for Warehouse 62
1月 02, 2026 9:13:12 下午 spec.jbb.JBBmain DoARun -> 信息:   started user thread for Warehouse 63
1月 02, 2026 9:13:12 下午 spec.jbb.JBBmain DoARun -> 信息:   started user thread for Warehouse 64
1月 02, 2026 9:13:12 下午 spec.jbb.JBBmain DoARun -> 信息:   started user thread for Warehouse 65
1月 02, 2026 9:13:12 下午 spec.jbb.JBBmain DoARun -> 信息:   started user thread for Warehouse 66
1月 02, 2026 9:13:12 下午 spec.jbb.JBBmain DoARun -> 信息:   started user thread for Warehouse 67
1月 02, 2026 9:13:12 下午 spec.jbb.JBBmain DoARun -> 信息:   started user thread for Warehouse 68
1月 02, 2026 9:13:12 下午 spec.jbb.JBBmain DoARun -> 信息:   started user thread for Warehouse 69
1月 02, 2026 9:13:12 下午 spec.jbb.JBBmain DoARun -> 信息:   started user thread for Warehouse 70
1月 02, 2026 9:13:12 下午 spec.jbb.JBBmain DoARun -> 信息:   started user thread for Warehouse 71
1月 02, 2026 9:13:12 下午 spec.jbb.JBBmain DoARun -> 信息:   started user thread for Warehouse 72
1月 02, 2026 9:13:12 下午 spec.jbb.JBBmain DoARun -> 信息:   started user thread for Warehouse 73
1月 02, 2026 9:13:12 下午 spec.jbb.JBBmain DoARun -> 信息:   started user thread for Warehouse 74
1月 02, 2026 9:13:12 下午 spec.jbb.JBBmain DoARun -> 信息:   started user thread for Warehouse 75
1月 02, 2026 9:13:12 下午 spec.jbb.JBBmain DoARun -> 信息:   started user thread for Warehouse 76
1月 02, 2026 9:13:12 下午 spec.jbb.JBBmain DoARun -> 信息:   started user thread for Warehouse 77
1月 02, 2026 9:13:12 下午 spec.jbb.JBBmain DoARun -> 信息:   started user thread for Warehouse 78
1月 02, 2026 9:13:12 下午 spec.jbb.JBBmain DoARun -> 信息:   started user thread for Warehouse 79
1月 02, 2026 9:13:12 下午 spec.jbb.JBBmain DoARun -> 信息:   started user thread for Warehouse 80
1月 02, 2026 9:13:12 下午 spec.jbb.JBBmain DoARun -> 信息:   started user thread for Warehouse 81
1月 02, 2026 9:13:12 下午 spec.jbb.JBBmain DoARun -> 信息:   started user thread for Warehouse 82
1月 02, 2026 9:13:12 下午 spec.jbb.JBBmain DoARun -> 信息:   started user thread for Warehouse 83
1月 02, 2026 9:13:12 下午 spec.jbb.JBBmain DoARun -> 信息:   started user thread for Warehouse 84
1月 02, 2026 9:13:12 下午 spec.jbb.JBBmain DoARun -> 信息:   started user thread for Warehouse 85
1月 02, 2026 9:13:12 下午 spec.jbb.JBBmain DoARun -> 信息:   started user thread for Warehouse 86
1月 02, 2026 9:13:12 下午 spec.jbb.JBBmain DoARun -> 信息:   started user thread for Warehouse 87
1月 02, 2026 9:13:12 下午 spec.jbb.JBBmain DoARun -> 信息:   started user thread for Warehouse 88
1月 02, 2026 9:13:12 下午 spec.jbb.JBBmain DoARun -> 信息:   started user thread for Warehouse 89
1月 02, 2026 9:13:12 下午 spec.jbb.JBBmain DoARun -> 信息:   started user thread for Warehouse 90
1月 02, 2026 9:13:12 下午 spec.jbb.JBBmain DoARun -> 信息:   started user thread for Warehouse 91
1月 02, 2026 9:13:12 下午 spec.jbb.JBBmain DoARun -> 信息:   started user thread for Warehouse 92
1月 02, 2026 9:13:12 下午 spec.jbb.JBBmain DoARun -> 信息:   started user thread for Warehouse 93
1月 02, 2026 9:13:12 下午 spec.jbb.JBBmain DoARun -> 信息:   started user thread for Warehouse 94
1月 02, 2026 9:13:12 下午 spec.jbb.JBBmain DoARun -> 信息:   started user thread for Warehouse 95
1月 02, 2026 9:13:12 下午 spec.jbb.JBBmain DoARun -> 信息:   started user thread for Warehouse 96
1月 02, 2026 9:13:12 下午 spec.jbb.JBBmain DoARun -> 信息:   started user thread for Warehouse 97
1月 02, 2026 9:13:12 下午 spec.jbb.JBBmain DoARun -> 信息:   started user thread for Warehouse 98
1月 02, 2026 9:13:12 下午 spec.jbb.JBBmain DoARun -> 信息:   started user thread for Warehouse 99
1月 02, 2026 9:13:12 下午 spec.jbb.JBBmain DoARun -> 信息:   started user thread for Warehouse 100
1月 02, 2026 9:13:12 下午 spec.jbb.Company displayResultTotals -> 信息: Timing Measurement began Fri Jan 02 21:13:12 CST 2026 for 4 minutes
1月 02, 2026 9:17:12 下午 spec.jbb.Company displayResultTotals -> 信息: Timing Measurement ended Fri Jan 02 21:17:12 CST 2026
1月 02, 2026 9:17:12 下午 spec.jbb.Company primeWithDummyData -> 信息: Loading Warehouse 101...
1月 02, 2026 9:17:12 下午 spec.jbb.JBBmain DoARun -> 信息: Start User Threads
1月 02, 2026 9:17:12 下午 spec.jbb.JBBmain DoARun -> 信息:   started user thread for Warehouse 1
1月 02, 2026 9:17:12 下午 spec.jbb.JBBmain DoARun -> 信息:   started user thread for Warehouse 2
1月 02, 2026 9:17:12 下午 spec.jbb.JBBmain DoARun -> 信息:   started user thread for Warehouse 3
1月 02, 2026 9:17:12 下午 spec.jbb.JBBmain DoARun -> 信息:   started user thread for Warehouse 4
1月 02, 2026 9:17:12 下午 spec.jbb.JBBmain DoARun -> 信息:   started user thread for Warehouse 5
1月 02, 2026 9:17:12 下午 spec.jbb.JBBmain DoARun -> 信息:   started user thread for Warehouse 6
1月 02, 2026 9:17:12 下午 spec.jbb.JBBmain DoARun -> 信息:   started user thread for Warehouse 7
1月 02, 2026 9:17:12 下午 spec.jbb.JBBmain DoARun -> 信息:   started user thread for Warehouse 8
1月 02, 2026 9:17:12 下午 spec.jbb.JBBmain DoARun -> 信息:   started user thread for Warehouse 9
1月 02, 2026 9:17:12 下午 spec.jbb.JBBmain DoARun -> 信息:   started user thread for Warehouse 10
1月 02, 2026 9:17:12 下午 spec.jbb.JBBmain DoARun -> 信息:   started user thread for Warehouse 11
1月 02, 2026 9:17:12 下午 spec.jbb.JBBmain DoARun -> 信息:   started user thread for Warehouse 12
1月 02, 2026 9:17:12 下午 spec.jbb.JBBmain DoARun -> 信息:   started user thread for Warehouse 13
1月 02, 2026 9:17:12 下午 spec.jbb.JBBmain DoARun -> 信息:   started user thread for Warehouse 14
1月 02, 2026 9:17:12 下午 spec.jbb.JBBmain DoARun -> 信息:   started user thread for Warehouse 15
1月 02, 2026 9:17:12 下午 spec.jbb.JBBmain DoARun -> 信息:   started user thread for Warehouse 16
1月 02, 2026 9:17:12 下午 spec.jbb.JBBmain DoARun -> 信息:   started user thread for Warehouse 17
1月 02, 2026 9:17:12 下午 spec.jbb.JBBmain DoARun -> 信息:   started user thread for Warehouse 18
1月 02, 2026 9:17:12 下午 spec.jbb.JBBmain DoARun -> 信息:   started user thread for Warehouse 19
1月 02, 2026 9:17:12 下午 spec.jbb.JBBmain DoARun -> 信息:   started user thread for Warehouse 20
1月 02, 2026 9:17:12 下午 spec.jbb.JBBmain DoARun -> 信息:   started user thread for Warehouse 21
1月 02, 2026 9:17:12 下午 spec.jbb.JBBmain DoARun -> 信息:   started user thread for Warehouse 22
1月 02, 2026 9:17:12 下午 spec.jbb.JBBmain DoARun -> 信息:   started user thread for Warehouse 23
1月 02, 2026 9:17:12 下午 spec.jbb.JBBmain DoARun -> 信息:   started user thread for Warehouse 24
1月 02, 2026 9:17:12 下午 spec.jbb.JBBmain DoARun -> 信息:   started user thread for Warehouse 25
1月 02, 2026 9:17:12 下午 spec.jbb.JBBmain DoARun -> 信息:   started user thread for Warehouse 26
1月 02, 2026 9:17:12 下午 spec.jbb.JBBmain DoARun -> 信息:   started user thread for Warehouse 27
1月 02, 2026 9:17:12 下午 spec.jbb.JBBmain DoARun -> 信息:   started user thread for Warehouse 28
1月 02, 2026 9:17:12 下午 spec.jbb.JBBmain DoARun -> 信息:   started user thread for Warehouse 29
1月 02, 2026 9:17:12 下午 spec.jbb.JBBmain DoARun -> 信息:   started user thread for Warehouse 30
1月 02, 2026 9:17:12 下午 spec.jbb.JBBmain DoARun -> 信息:   started user thread for Warehouse 31
1月 02, 2026 9:17:12 下午 spec.jbb.JBBmain DoARun -> 信息:   started user thread for Warehouse 32
1月 02, 2026 9:17:12 下午 spec.jbb.JBBmain DoARun -> 信息:   started user thread for Warehouse 33
1月 02, 2026 9:17:12 下午 spec.jbb.JBBmain DoARun -> 信息:   started user thread for Warehouse 34
1月 02, 2026 9:17:12 下午 spec.jbb.JBBmain DoARun -> 信息:   started user thread for Warehouse 35
1月 02, 2026 9:17:12 下午 spec.jbb.JBBmain DoARun -> 信息:   started user thread for Warehouse 36
1月 02, 2026 9:17:12 下午 spec.jbb.JBBmain DoARun -> 信息:   started user thread for Warehouse 37
1月 02, 2026 9:17:12 下午 spec.jbb.JBBmain DoARun -> 信息:   started user thread for Warehouse 38
1月 02, 2026 9:17:12 下午 spec.jbb.JBBmain DoARun -> 信息:   started user thread for Warehouse 39
1月 02, 2026 9:17:12 下午 spec.jbb.JBBmain DoARun -> 信息:   started user thread for Warehouse 40
1月 02, 2026 9:17:12 下午 spec.jbb.JBBmain DoARun -> 信息:   started user thread for Warehouse 41
1月 02, 2026 9:17:12 下午 spec.jbb.JBBmain DoARun -> 信息:   started user thread for Warehouse 42
1月 02, 2026 9:17:12 下午 spec.jbb.JBBmain DoARun -> 信息:   started user thread for Warehouse 43
1月 02, 2026 9:17:12 下午 spec.jbb.JBBmain DoARun -> 信息:   started user thread for Warehouse 44
1月 02, 2026 9:17:12 下午 spec.jbb.JBBmain DoARun -> 信息:   started user thread for Warehouse 45
1月 02, 2026 9:17:12 下午 spec.jbb.JBBmain DoARun -> 信息:   started user thread for Warehouse 46
1月 02, 2026 9:17:12 下午 spec.jbb.JBBmain DoARun -> 信息:   started user thread for Warehouse 47
1月 02, 2026 9:17:12 下午 spec.jbb.JBBmain DoARun -> 信息:   started user thread for Warehouse 48
1月 02, 2026 9:17:12 下午 spec.jbb.JBBmain DoARun -> 信息:   started user thread for Warehouse 49
1月 02, 2026 9:17:12 下午 spec.jbb.JBBmain DoARun -> 信息:   started user thread for Warehouse 50
1月 02, 2026 9:17:12 下午 spec.jbb.JBBmain DoARun -> 信息:   started user thread for Warehouse 51
1月 02, 2026 9:17:12 下午 spec.jbb.JBBmain DoARun -> 信息:   started user thread for Warehouse 52
1月 02, 2026 9:17:12 下午 spec.jbb.JBBmain DoARun -> 信息:   started user thread for Warehouse 53
1月 02, 2026 9:17:12 下午 spec.jbb.JBBmain DoARun -> 信息:   started user thread for Warehouse 54
1月 02, 2026 9:17:12 下午 spec.jbb.JBBmain DoARun -> 信息:   started user thread for Warehouse 55
1月 02, 2026 9:17:12 下午 spec.jbb.JBBmain DoARun -> 信息:   started user thread for Warehouse 56
1月 02, 2026 9:17:12 下午 spec.jbb.JBBmain DoARun -> 信息:   started user thread for Warehouse 57
1月 02, 2026 9:17:12 下午 spec.jbb.JBBmain DoARun -> 信息:   started user thread for Warehouse 58
1月 02, 2026 9:17:12 下午 spec.jbb.JBBmain DoARun -> 信息:   started user thread for Warehouse 59
1月 02, 2026 9:17:12 下午 spec.jbb.JBBmain DoARun -> 信息:   started user thread for Warehouse 60
1月 02, 2026 9:17:12 下午 spec.jbb.JBBmain DoARun -> 信息:   started user thread for Warehouse 61
1月 02, 2026 9:17:12 下午 spec.jbb.JBBmain DoARun -> 信息:   started user thread for Warehouse 62
1月 02, 2026 9:17:12 下午 spec.jbb.JBBmain DoARun -> 信息:   started user thread for Warehouse 63
1月 02, 2026 9:17:12 下午 spec.jbb.JBBmain DoARun -> 信息:   started user thread for Warehouse 64
1月 02, 2026 9:17:12 下午 spec.jbb.JBBmain DoARun -> 信息:   started user thread for Warehouse 65
1月 02, 2026 9:17:12 下午 spec.jbb.JBBmain DoARun -> 信息:   started user thread for Warehouse 66
1月 02, 2026 9:17:12 下午 spec.jbb.JBBmain DoARun -> 信息:   started user thread for Warehouse 67
1月 02, 2026 9:17:12 下午 spec.jbb.JBBmain DoARun -> 信息:   started user thread for Warehouse 68
1月 02, 2026 9:17:12 下午 spec.jbb.JBBmain DoARun -> 信息:   started user thread for Warehouse 69
1月 02, 2026 9:17:12 下午 spec.jbb.JBBmain DoARun -> 信息:   started user thread for Warehouse 70
1月 02, 2026 9:17:12 下午 spec.jbb.JBBmain DoARun -> 信息:   started user thread for Warehouse 71
1月 02, 2026 9:17:12 下午 spec.jbb.JBBmain DoARun -> 信息:   started user thread for Warehouse 72
1月 02, 2026 9:17:12 下午 spec.jbb.JBBmain DoARun -> 信息:   started user thread for Warehouse 73
1月 02, 2026 9:17:12 下午 spec.jbb.JBBmain DoARun -> 信息:   started user thread for Warehouse 74
1月 02, 2026 9:17:12 下午 spec.jbb.JBBmain DoARun -> 信息:   started user thread for Warehouse 75
1月 02, 2026 9:17:12 下午 spec.jbb.JBBmain DoARun -> 信息:   started user thread for Warehouse 76
1月 02, 2026 9:17:12 下午 spec.jbb.JBBmain DoARun -> 信息:   started user thread for Warehouse 77
1月 02, 2026 9:17:12 下午 spec.jbb.JBBmain DoARun -> 信息:   started user thread for Warehouse 78
1月 02, 2026 9:17:12 下午 spec.jbb.JBBmain DoARun -> 信息:   started user thread for Warehouse 79
1月 02, 2026 9:17:12 下午 spec.jbb.JBBmain DoARun -> 信息:   started user thread for Warehouse 80
1月 02, 2026 9:17:12 下午 spec.jbb.JBBmain DoARun -> 信息:   started user thread for Warehouse 81
1月 02, 2026 9:17:12 下午 spec.jbb.JBBmain DoARun -> 信息:   started user thread for Warehouse 82
1月 02, 2026 9:17:12 下午 spec.jbb.JBBmain DoARun -> 信息:   started user thread for Warehouse 83
1月 02, 2026 9:17:12 下午 spec.jbb.JBBmain DoARun -> 信息:   started user thread for Warehouse 84
1月 02, 2026 9:17:12 下午 spec.jbb.JBBmain DoARun -> 信息:   started user thread for Warehouse 85
1月 02, 2026 9:17:12 下午 spec.jbb.JBBmain DoARun -> 信息:   started user thread for Warehouse 86
1月 02, 2026 9:17:12 下午 spec.jbb.JBBmain DoARun -> 信息:   started user thread for Warehouse 87
1月 02, 2026 9:17:12 下午 spec.jbb.JBBmain DoARun -> 信息:   started user thread for Warehouse 88
1月 02, 2026 9:17:12 下午 spec.jbb.JBBmain DoARun -> 信息:   started user thread for Warehouse 89
1月 02, 2026 9:17:12 下午 spec.jbb.JBBmain DoARun -> 信息:   started user thread for Warehouse 90
1月 02, 2026 9:17:12 下午 spec.jbb.JBBmain DoARun -> 信息:   started user thread for Warehouse 91
1月 02, 2026 9:17:12 下午 spec.jbb.JBBmain DoARun -> 信息:   started user thread for Warehouse 92
1月 02, 2026 9:17:12 下午 spec.jbb.JBBmain DoARun -> 信息:   started user thread for Warehouse 93
1月 02, 2026 9:17:12 下午 spec.jbb.JBBmain DoARun -> 信息:   started user thread for Warehouse 94
1月 02, 2026 9:17:12 下午 spec.jbb.JBBmain DoARun -> 信息:   started user thread for Warehouse 95
1月 02, 2026 9:17:12 下午 spec.jbb.JBBmain DoARun -> 信息:   started user thread for Warehouse 96
1月 02, 2026 9:17:12 下午 spec.jbb.JBBmain DoARun -> 信息:   started user thread for Warehouse 97
1月 02, 2026 9:17:12 下午 spec.jbb.JBBmain DoARun -> 信息:   started user thread for Warehouse 98
1月 02, 2026 9:17:12 下午 spec.jbb.JBBmain DoARun -> 信息:   started user thread for Warehouse 99
1月 02, 2026 9:17:12 下午 spec.jbb.JBBmain DoARun -> 信息:   started user thread for Warehouse 100
1月 02, 2026 9:17:12 下午 spec.jbb.JBBmain DoARun -> 信息:   started user thread for Warehouse 101
1月 02, 2026 9:17:12 下午 spec.jbb.Company displayResultTotals -> 信息: Timing Measurement began Fri Jan 02 21:17:12 CST 2026 for 4 minutes
1月 02, 2026 9:21:12 下午 spec.jbb.Company displayResultTotals -> 信息: Timing Measurement ended Fri Jan 02 21:21:12 CST 2026
1月 02, 2026 9:21:12 下午 spec.jbb.Company primeWithDummyData -> 信息: Loading Warehouse 102...
1月 02, 2026 9:21:12 下午 spec.jbb.JBBmain DoARun -> 信息: Start User Threads
1月 02, 2026 9:21:12 下午 spec.jbb.JBBmain DoARun -> 信息:   started user thread for Warehouse 1
1月 02, 2026 9:21:12 下午 spec.jbb.JBBmain DoARun -> 信息:   started user thread for Warehouse 2
1月 02, 2026 9:21:12 下午 spec.jbb.JBBmain DoARun -> 信息:   started user thread for Warehouse 3
1月 02, 2026 9:21:12 下午 spec.jbb.JBBmain DoARun -> 信息:   started user thread for Warehouse 4
1月 02, 2026 9:21:12 下午 spec.jbb.JBBmain DoARun -> 信息:   started user thread for Warehouse 5
1月 02, 2026 9:21:12 下午 spec.jbb.JBBmain DoARun -> 信息:   started user thread for Warehouse 6
1月 02, 2026 9:21:12 下午 spec.jbb.JBBmain DoARun -> 信息:   started user thread for Warehouse 7
1月 02, 2026 9:21:12 下午 spec.jbb.JBBmain DoARun -> 信息:   started user thread for Warehouse 8
1月 02, 2026 9:21:12 下午 spec.jbb.JBBmain DoARun -> 信息:   started user thread for Warehouse 9
1月 02, 2026 9:21:12 下午 spec.jbb.JBBmain DoARun -> 信息:   started user thread for Warehouse 10
1月 02, 2026 9:21:12 下午 spec.jbb.JBBmain DoARun -> 信息:   started user thread for Warehouse 11
1月 02, 2026 9:21:12 下午 spec.jbb.JBBmain DoARun -> 信息:   started user thread for Warehouse 12
1月 02, 2026 9:21:12 下午 spec.jbb.JBBmain DoARun -> 信息:   started user thread for Warehouse 13
1月 02, 2026 9:21:12 下午 spec.jbb.JBBmain DoARun -> 信息:   started user thread for Warehouse 14
1月 02, 2026 9:21:12 下午 spec.jbb.JBBmain DoARun -> 信息:   started user thread for Warehouse 15
1月 02, 2026 9:21:12 下午 spec.jbb.JBBmain DoARun -> 信息:   started user thread for Warehouse 16
1月 02, 2026 9:21:12 下午 spec.jbb.JBBmain DoARun -> 信息:   started user thread for Warehouse 17
1月 02, 2026 9:21:12 下午 spec.jbb.JBBmain DoARun -> 信息:   started user thread for Warehouse 18
1月 02, 2026 9:21:12 下午 spec.jbb.JBBmain DoARun -> 信息:   started user thread for Warehouse 19
1月 02, 2026 9:21:12 下午 spec.jbb.JBBmain DoARun -> 信息:   started user thread for Warehouse 20
1月 02, 2026 9:21:12 下午 spec.jbb.JBBmain DoARun -> 信息:   started user thread for Warehouse 21
1月 02, 2026 9:21:12 下午 spec.jbb.JBBmain DoARun -> 信息:   started user thread for Warehouse 22
1月 02, 2026 9:21:12 下午 spec.jbb.JBBmain DoARun -> 信息:   started user thread for Warehouse 23
1月 02, 2026 9:21:12 下午 spec.jbb.JBBmain DoARun -> 信息:   started user thread for Warehouse 24
1月 02, 2026 9:21:12 下午 spec.jbb.JBBmain DoARun -> 信息:   started user thread for Warehouse 25
1月 02, 2026 9:21:12 下午 spec.jbb.JBBmain DoARun -> 信息:   started user thread for Warehouse 26
1月 02, 2026 9:21:12 下午 spec.jbb.JBBmain DoARun -> 信息:   started user thread for Warehouse 27
1月 02, 2026 9:21:12 下午 spec.jbb.JBBmain DoARun -> 信息:   started user thread for Warehouse 28
1月 02, 2026 9:21:12 下午 spec.jbb.JBBmain DoARun -> 信息:   started user thread for Warehouse 29
1月 02, 2026 9:21:12 下午 spec.jbb.JBBmain DoARun -> 信息:   started user thread for Warehouse 30
1月 02, 2026 9:21:12 下午 spec.jbb.JBBmain DoARun -> 信息:   started user thread for Warehouse 31
1月 02, 2026 9:21:12 下午 spec.jbb.JBBmain DoARun -> 信息:   started user thread for Warehouse 32
1月 02, 2026 9:21:12 下午 spec.jbb.JBBmain DoARun -> 信息:   started user thread for Warehouse 33
1月 02, 2026 9:21:12 下午 spec.jbb.JBBmain DoARun -> 信息:   started user thread for Warehouse 34
1月 02, 2026 9:21:12 下午 spec.jbb.JBBmain DoARun -> 信息:   started user thread for Warehouse 35
1月 02, 2026 9:21:12 下午 spec.jbb.JBBmain DoARun -> 信息:   started user thread for Warehouse 36
1月 02, 2026 9:21:12 下午 spec.jbb.JBBmain DoARun -> 信息:   started user thread for Warehouse 37
1月 02, 2026 9:21:12 下午 spec.jbb.JBBmain DoARun -> 信息:   started user thread for Warehouse 38
1月 02, 2026 9:21:12 下午 spec.jbb.JBBmain DoARun -> 信息:   started user thread for Warehouse 39
1月 02, 2026 9:21:12 下午 spec.jbb.JBBmain DoARun -> 信息:   started user thread for Warehouse 40
1月 02, 2026 9:21:12 下午 spec.jbb.JBBmain DoARun -> 信息:   started user thread for Warehouse 41
1月 02, 2026 9:21:12 下午 spec.jbb.JBBmain DoARun -> 信息:   started user thread for Warehouse 42
1月 02, 2026 9:21:12 下午 spec.jbb.JBBmain DoARun -> 信息:   started user thread for Warehouse 43
1月 02, 2026 9:21:12 下午 spec.jbb.JBBmain DoARun -> 信息:   started user thread for Warehouse 44
1月 02, 2026 9:21:12 下午 spec.jbb.JBBmain DoARun -> 信息:   started user thread for Warehouse 45
1月 02, 2026 9:21:12 下午 spec.jbb.JBBmain DoARun -> 信息:   started user thread for Warehouse 46
1月 02, 2026 9:21:12 下午 spec.jbb.JBBmain DoARun -> 信息:   started user thread for Warehouse 47
1月 02, 2026 9:21:12 下午 spec.jbb.JBBmain DoARun -> 信息:   started user thread for Warehouse 48
1月 02, 2026 9:21:12 下午 spec.jbb.JBBmain DoARun -> 信息:   started user thread for Warehouse 49
1月 02, 2026 9:21:12 下午 spec.jbb.JBBmain DoARun -> 信息:   started user thread for Warehouse 50
1月 02, 2026 9:21:12 下午 spec.jbb.JBBmain DoARun -> 信息:   started user thread for Warehouse 51
1月 02, 2026 9:21:12 下午 spec.jbb.JBBmain DoARun -> 信息:   started user thread for Warehouse 52
1月 02, 2026 9:21:12 下午 spec.jbb.JBBmain DoARun -> 信息:   started user thread for Warehouse 53
1月 02, 2026 9:21:12 下午 spec.jbb.JBBmain DoARun -> 信息:   started user thread for Warehouse 54
1月 02, 2026 9:21:12 下午 spec.jbb.JBBmain DoARun -> 信息:   started user thread for Warehouse 55
1月 02, 2026 9:21:12 下午 spec.jbb.JBBmain DoARun -> 信息:   started user thread for Warehouse 56
1月 02, 2026 9:21:12 下午 spec.jbb.JBBmain DoARun -> 信息:   started user thread for Warehouse 57
1月 02, 2026 9:21:12 下午 spec.jbb.JBBmain DoARun -> 信息:   started user thread for Warehouse 58
1月 02, 2026 9:21:12 下午 spec.jbb.JBBmain DoARun -> 信息:   started user thread for Warehouse 59
1月 02, 2026 9:21:12 下午 spec.jbb.JBBmain DoARun -> 信息:   started user thread for Warehouse 60
1月 02, 2026 9:21:12 下午 spec.jbb.JBBmain DoARun -> 信息:   started user thread for Warehouse 61
1月 02, 2026 9:21:12 下午 spec.jbb.JBBmain DoARun -> 信息:   started user thread for Warehouse 62
1月 02, 2026 9:21:12 下午 spec.jbb.JBBmain DoARun -> 信息:   started user thread for Warehouse 63
1月 02, 2026 9:21:12 下午 spec.jbb.JBBmain DoARun -> 信息:   started user thread for Warehouse 64
1月 02, 2026 9:21:12 下午 spec.jbb.JBBmain DoARun -> 信息:   started user thread for Warehouse 65
1月 02, 2026 9:21:12 下午 spec.jbb.JBBmain DoARun -> 信息:   started user thread for Warehouse 66
1月 02, 2026 9:21:12 下午 spec.jbb.JBBmain DoARun -> 信息:   started user thread for Warehouse 67
1月 02, 2026 9:21:12 下午 spec.jbb.JBBmain DoARun -> 信息:   started user thread for Warehouse 68
1月 02, 2026 9:21:12 下午 spec.jbb.JBBmain DoARun -> 信息:   started user thread for Warehouse 69
1月 02, 2026 9:21:12 下午 spec.jbb.JBBmain DoARun -> 信息:   started user thread for Warehouse 70
1月 02, 2026 9:21:12 下午 spec.jbb.JBBmain DoARun -> 信息:   started user thread for Warehouse 71
1月 02, 2026 9:21:12 下午 spec.jbb.JBBmain DoARun -> 信息:   started user thread for Warehouse 72
1月 02, 2026 9:21:12 下午 spec.jbb.JBBmain DoARun -> 信息:   started user thread for Warehouse 73
1月 02, 2026 9:21:12 下午 spec.jbb.JBBmain DoARun -> 信息:   started user thread for Warehouse 74
1月 02, 2026 9:21:12 下午 spec.jbb.JBBmain DoARun -> 信息:   started user thread for Warehouse 75
1月 02, 2026 9:21:12 下午 spec.jbb.JBBmain DoARun -> 信息:   started user thread for Warehouse 76
1月 02, 2026 9:21:12 下午 spec.jbb.JBBmain DoARun -> 信息:   started user thread for Warehouse 77
1月 02, 2026 9:21:12 下午 spec.jbb.JBBmain DoARun -> 信息:   started user thread for Warehouse 78
1月 02, 2026 9:21:12 下午 spec.jbb.JBBmain DoARun -> 信息:   started user thread for Warehouse 79
1月 02, 2026 9:21:12 下午 spec.jbb.JBBmain DoARun -> 信息:   started user thread for Warehouse 80
1月 02, 2026 9:21:12 下午 spec.jbb.JBBmain DoARun -> 信息:   started user thread for Warehouse 81
1月 02, 2026 9:21:12 下午 spec.jbb.JBBmain DoARun -> 信息:   started user thread for Warehouse 82
1月 02, 2026 9:21:12 下午 spec.jbb.JBBmain DoARun -> 信息:   started user thread for Warehouse 83
1月 02, 2026 9:21:12 下午 spec.jbb.JBBmain DoARun -> 信息:   started user thread for Warehouse 84
1月 02, 2026 9:21:12 下午 spec.jbb.JBBmain DoARun -> 信息:   started user thread for Warehouse 85
1月 02, 2026 9:21:12 下午 spec.jbb.JBBmain DoARun -> 信息:   started user thread for Warehouse 86
1月 02, 2026 9:21:12 下午 spec.jbb.JBBmain DoARun -> 信息:   started user thread for Warehouse 87
1月 02, 2026 9:21:12 下午 spec.jbb.JBBmain DoARun -> 信息:   started user thread for Warehouse 88
1月 02, 2026 9:21:12 下午 spec.jbb.JBBmain DoARun -> 信息:   started user thread for Warehouse 89
1月 02, 2026 9:21:12 下午 spec.jbb.JBBmain DoARun -> 信息:   started user thread for Warehouse 90
1月 02, 2026 9:21:12 下午 spec.jbb.JBBmain DoARun -> 信息:   started user thread for Warehouse 91
1月 02, 2026 9:21:12 下午 spec.jbb.JBBmain DoARun -> 信息:   started user thread for Warehouse 92
1月 02, 2026 9:21:12 下午 spec.jbb.JBBmain DoARun -> 信息:   started user thread for Warehouse 93
1月 02, 2026 9:21:12 下午 spec.jbb.JBBmain DoARun -> 信息:   started user thread for Warehouse 94
1月 02, 2026 9:21:12 下午 spec.jbb.JBBmain DoARun -> 信息:   started user thread for Warehouse 95
1月 02, 2026 9:21:12 下午 spec.jbb.JBBmain DoARun -> 信息:   started user thread for Warehouse 96
1月 02, 2026 9:21:12 下午 spec.jbb.JBBmain DoARun -> 信息:   started user thread for Warehouse 97
1月 02, 2026 9:21:12 下午 spec.jbb.JBBmain DoARun -> 信息:   started user thread for Warehouse 98
1月 02, 2026 9:21:12 下午 spec.jbb.JBBmain DoARun -> 信息:   started user thread for Warehouse 99
1月 02, 2026 9:21:12 下午 spec.jbb.JBBmain DoARun -> 信息:   started user thread for Warehouse 100
1月 02, 2026 9:21:12 下午 spec.jbb.JBBmain DoARun -> 信息:   started user thread for Warehouse 101
1月 02, 2026 9:21:12 下午 spec.jbb.JBBmain DoARun -> 信息:   started user thread for Warehouse 102
1月 02, 2026 9:21:12 下午 spec.jbb.Company displayResultTotals -> 信息: Timing Measurement began Fri Jan 02 21:21:12 CST 2026 for 4 minutes
1月 02, 2026 9:25:12 下午 spec.jbb.Company displayResultTotals -> 信息: Timing Measurement ended Fri Jan 02 21:25:12 CST 2026
1月 02, 2026 9:25:12 下午 spec.jbb.Company primeWithDummyData -> 信息: Loading Warehouse 103...
1月 02, 2026 9:25:13 下午 spec.jbb.JBBmain DoARun -> 信息: Start User Threads
1月 02, 2026 9:25:13 下午 spec.jbb.JBBmain DoARun -> 信息:   started user thread for Warehouse 1
1月 02, 2026 9:25:13 下午 spec.jbb.JBBmain DoARun -> 信息:   started user thread for Warehouse 2
1月 02, 2026 9:25:13 下午 spec.jbb.JBBmain DoARun -> 信息:   started user thread for Warehouse 3
1月 02, 2026 9:25:13 下午 spec.jbb.JBBmain DoARun -> 信息:   started user thread for Warehouse 4
1月 02, 2026 9:25:13 下午 spec.jbb.JBBmain DoARun -> 信息:   started user thread for Warehouse 5
1月 02, 2026 9:25:13 下午 spec.jbb.JBBmain DoARun -> 信息:   started user thread for Warehouse 6
1月 02, 2026 9:25:13 下午 spec.jbb.JBBmain DoARun -> 信息:   started user thread for Warehouse 7
1月 02, 2026 9:25:13 下午 spec.jbb.JBBmain DoARun -> 信息:   started user thread for Warehouse 8
1月 02, 2026 9:25:13 下午 spec.jbb.JBBmain DoARun -> 信息:   started user thread for Warehouse 9
1月 02, 2026 9:25:13 下午 spec.jbb.JBBmain DoARun -> 信息:   started user thread for Warehouse 10
1月 02, 2026 9:25:13 下午 spec.jbb.JBBmain DoARun -> 信息:   started user thread for Warehouse 11
1月 02, 2026 9:25:13 下午 spec.jbb.JBBmain DoARun -> 信息:   started user thread for Warehouse 12
1月 02, 2026 9:25:13 下午 spec.jbb.JBBmain DoARun -> 信息:   started user thread for Warehouse 13
1月 02, 2026 9:25:13 下午 spec.jbb.JBBmain DoARun -> 信息:   started user thread for Warehouse 14
1月 02, 2026 9:25:13 下午 spec.jbb.JBBmain DoARun -> 信息:   started user thread for Warehouse 15
1月 02, 2026 9:25:13 下午 spec.jbb.JBBmain DoARun -> 信息:   started user thread for Warehouse 16
1月 02, 2026 9:25:13 下午 spec.jbb.JBBmain DoARun -> 信息:   started user thread for Warehouse 17
1月 02, 2026 9:25:13 下午 spec.jbb.JBBmain DoARun -> 信息:   started user thread for Warehouse 18
1月 02, 2026 9:25:13 下午 spec.jbb.JBBmain DoARun -> 信息:   started user thread for Warehouse 19
1月 02, 2026 9:25:13 下午 spec.jbb.JBBmain DoARun -> 信息:   started user thread for Warehouse 20
1月 02, 2026 9:25:13 下午 spec.jbb.JBBmain DoARun -> 信息:   started user thread for Warehouse 21
1月 02, 2026 9:25:13 下午 spec.jbb.JBBmain DoARun -> 信息:   started user thread for Warehouse 22
1月 02, 2026 9:25:13 下午 spec.jbb.JBBmain DoARun -> 信息:   started user thread for Warehouse 23
1月 02, 2026 9:25:13 下午 spec.jbb.JBBmain DoARun -> 信息:   started user thread for Warehouse 24
1月 02, 2026 9:25:13 下午 spec.jbb.JBBmain DoARun -> 信息:   started user thread for Warehouse 25
1月 02, 2026 9:25:13 下午 spec.jbb.JBBmain DoARun -> 信息:   started user thread for Warehouse 26
1月 02, 2026 9:25:13 下午 spec.jbb.JBBmain DoARun -> 信息:   started user thread for Warehouse 27
1月 02, 2026 9:25:13 下午 spec.jbb.JBBmain DoARun -> 信息:   started user thread for Warehouse 28
1月 02, 2026 9:25:13 下午 spec.jbb.JBBmain DoARun -> 信息:   started user thread for Warehouse 29
1月 02, 2026 9:25:13 下午 spec.jbb.JBBmain DoARun -> 信息:   started user thread for Warehouse 30
1月 02, 2026 9:25:13 下午 spec.jbb.JBBmain DoARun -> 信息:   started user thread for Warehouse 31
1月 02, 2026 9:25:13 下午 spec.jbb.JBBmain DoARun -> 信息:   started user thread for Warehouse 32
1月 02, 2026 9:25:13 下午 spec.jbb.JBBmain DoARun -> 信息:   started user thread for Warehouse 33
1月 02, 2026 9:25:13 下午 spec.jbb.JBBmain DoARun -> 信息:   started user thread for Warehouse 34
1月 02, 2026 9:25:13 下午 spec.jbb.JBBmain DoARun -> 信息:   started user thread for Warehouse 35
1月 02, 2026 9:25:13 下午 spec.jbb.JBBmain DoARun -> 信息:   started user thread for Warehouse 36
1月 02, 2026 9:25:13 下午 spec.jbb.JBBmain DoARun -> 信息:   started user thread for Warehouse 37
1月 02, 2026 9:25:13 下午 spec.jbb.JBBmain DoARun -> 信息:   started user thread for Warehouse 38
1月 02, 2026 9:25:13 下午 spec.jbb.JBBmain DoARun -> 信息:   started user thread for Warehouse 39
1月 02, 2026 9:25:13 下午 spec.jbb.JBBmain DoARun -> 信息:   started user thread for Warehouse 40
1月 02, 2026 9:25:13 下午 spec.jbb.JBBmain DoARun -> 信息:   started user thread for Warehouse 41
1月 02, 2026 9:25:13 下午 spec.jbb.JBBmain DoARun -> 信息:   started user thread for Warehouse 42
1月 02, 2026 9:25:13 下午 spec.jbb.JBBmain DoARun -> 信息:   started user thread for Warehouse 43
1月 02, 2026 9:25:13 下午 spec.jbb.JBBmain DoARun -> 信息:   started user thread for Warehouse 44
1月 02, 2026 9:25:13 下午 spec.jbb.JBBmain DoARun -> 信息:   started user thread for Warehouse 45
1月 02, 2026 9:25:13 下午 spec.jbb.JBBmain DoARun -> 信息:   started user thread for Warehouse 46
1月 02, 2026 9:25:13 下午 spec.jbb.JBBmain DoARun -> 信息:   started user thread for Warehouse 47
1月 02, 2026 9:25:13 下午 spec.jbb.JBBmain DoARun -> 信息:   started user thread for Warehouse 48
1月 02, 2026 9:25:13 下午 spec.jbb.JBBmain DoARun -> 信息:   started user thread for Warehouse 49
1月 02, 2026 9:25:13 下午 spec.jbb.JBBmain DoARun -> 信息:   started user thread for Warehouse 50
1月 02, 2026 9:25:13 下午 spec.jbb.JBBmain DoARun -> 信息:   started user thread for Warehouse 51
1月 02, 2026 9:25:13 下午 spec.jbb.JBBmain DoARun -> 信息:   started user thread for Warehouse 52
1月 02, 2026 9:25:13 下午 spec.jbb.JBBmain DoARun -> 信息:   started user thread for Warehouse 53
1月 02, 2026 9:25:13 下午 spec.jbb.JBBmain DoARun -> 信息:   started user thread for Warehouse 54
1月 02, 2026 9:25:13 下午 spec.jbb.JBBmain DoARun -> 信息:   started user thread for Warehouse 55
1月 02, 2026 9:25:13 下午 spec.jbb.JBBmain DoARun -> 信息:   started user thread for Warehouse 56
1月 02, 2026 9:25:13 下午 spec.jbb.JBBmain DoARun -> 信息:   started user thread for Warehouse 57
1月 02, 2026 9:25:13 下午 spec.jbb.JBBmain DoARun -> 信息:   started user thread for Warehouse 58
1月 02, 2026 9:25:13 下午 spec.jbb.JBBmain DoARun -> 信息:   started user thread for Warehouse 59
1月 02, 2026 9:25:13 下午 spec.jbb.JBBmain DoARun -> 信息:   started user thread for Warehouse 60
1月 02, 2026 9:25:13 下午 spec.jbb.JBBmain DoARun -> 信息:   started user thread for Warehouse 61
1月 02, 2026 9:25:13 下午 spec.jbb.JBBmain DoARun -> 信息:   started user thread for Warehouse 62
1月 02, 2026 9:25:13 下午 spec.jbb.JBBmain DoARun -> 信息:   started user thread for Warehouse 63
1月 02, 2026 9:25:13 下午 spec.jbb.JBBmain DoARun -> 信息:   started user thread for Warehouse 64
1月 02, 2026 9:25:13 下午 spec.jbb.JBBmain DoARun -> 信息:   started user thread for Warehouse 65
1月 02, 2026 9:25:13 下午 spec.jbb.JBBmain DoARun -> 信息:   started user thread for Warehouse 66
1月 02, 2026 9:25:13 下午 spec.jbb.JBBmain DoARun -> 信息:   started user thread for Warehouse 67
1月 02, 2026 9:25:13 下午 spec.jbb.JBBmain DoARun -> 信息:   started user thread for Warehouse 68
1月 02, 2026 9:25:13 下午 spec.jbb.JBBmain DoARun -> 信息:   started user thread for Warehouse 69
1月 02, 2026 9:25:13 下午 spec.jbb.JBBmain DoARun -> 信息:   started user thread for Warehouse 70
1月 02, 2026 9:25:13 下午 spec.jbb.JBBmain DoARun -> 信息:   started user thread for Warehouse 71
1月 02, 2026 9:25:13 下午 spec.jbb.JBBmain DoARun -> 信息:   started user thread for Warehouse 72
1月 02, 2026 9:25:13 下午 spec.jbb.JBBmain DoARun -> 信息:   started user thread for Warehouse 73
1月 02, 2026 9:25:13 下午 spec.jbb.JBBmain DoARun -> 信息:   started user thread for Warehouse 74
1月 02, 2026 9:25:13 下午 spec.jbb.JBBmain DoARun -> 信息:   started user thread for Warehouse 75
1月 02, 2026 9:25:13 下午 spec.jbb.JBBmain DoARun -> 信息:   started user thread for Warehouse 76
1月 02, 2026 9:25:13 下午 spec.jbb.JBBmain DoARun -> 信息:   started user thread for Warehouse 77
1月 02, 2026 9:25:13 下午 spec.jbb.JBBmain DoARun -> 信息:   started user thread for Warehouse 78
1月 02, 2026 9:25:13 下午 spec.jbb.JBBmain DoARun -> 信息:   started user thread for Warehouse 79
1月 02, 2026 9:25:13 下午 spec.jbb.JBBmain DoARun -> 信息:   started user thread for Warehouse 80
1月 02, 2026 9:25:13 下午 spec.jbb.JBBmain DoARun -> 信息:   started user thread for Warehouse 81
1月 02, 2026 9:25:13 下午 spec.jbb.JBBmain DoARun -> 信息:   started user thread for Warehouse 82
1月 02, 2026 9:25:13 下午 spec.jbb.JBBmain DoARun -> 信息:   started user thread for Warehouse 83
1月 02, 2026 9:25:13 下午 spec.jbb.JBBmain DoARun -> 信息:   started user thread for Warehouse 84
1月 02, 2026 9:25:13 下午 spec.jbb.JBBmain DoARun -> 信息:   started user thread for Warehouse 85
1月 02, 2026 9:25:13 下午 spec.jbb.JBBmain DoARun -> 信息:   started user thread for Warehouse 86
1月 02, 2026 9:25:13 下午 spec.jbb.JBBmain DoARun -> 信息:   started user thread for Warehouse 87
1月 02, 2026 9:25:13 下午 spec.jbb.JBBmain DoARun -> 信息:   started user thread for Warehouse 88
1月 02, 2026 9:25:13 下午 spec.jbb.JBBmain DoARun -> 信息:   started user thread for Warehouse 89
1月 02, 2026 9:25:13 下午 spec.jbb.JBBmain DoARun -> 信息:   started user thread for Warehouse 90
1月 02, 2026 9:25:13 下午 spec.jbb.JBBmain DoARun -> 信息:   started user thread for Warehouse 91
1月 02, 2026 9:25:13 下午 spec.jbb.JBBmain DoARun -> 信息:   started user thread for Warehouse 92
1月 02, 2026 9:25:13 下午 spec.jbb.JBBmain DoARun -> 信息:   started user thread for Warehouse 93
1月 02, 2026 9:25:13 下午 spec.jbb.JBBmain DoARun -> 信息:   started user thread for Warehouse 94
1月 02, 2026 9:25:13 下午 spec.jbb.JBBmain DoARun -> 信息:   started user thread for Warehouse 95
1月 02, 2026 9:25:13 下午 spec.jbb.JBBmain DoARun -> 信息:   started user thread for Warehouse 96
1月 02, 2026 9:25:13 下午 spec.jbb.JBBmain DoARun -> 信息:   started user thread for Warehouse 97
1月 02, 2026 9:25:13 下午 spec.jbb.JBBmain DoARun -> 信息:   started user thread for Warehouse 98
1月 02, 2026 9:25:13 下午 spec.jbb.JBBmain DoARun -> 信息:   started user thread for Warehouse 99
1月 02, 2026 9:25:13 下午 spec.jbb.JBBmain DoARun -> 信息:   started user thread for Warehouse 100
1月 02, 2026 9:25:13 下午 spec.jbb.JBBmain DoARun -> 信息:   started user thread for Warehouse 101
1月 02, 2026 9:25:13 下午 spec.jbb.JBBmain DoARun -> 信息:   started user thread for Warehouse 102
1月 02, 2026 9:25:13 下午 spec.jbb.JBBmain DoARun -> 信息:   started user thread for Warehouse 103
1月 02, 2026 9:25:13 下午 spec.jbb.Company displayResultTotals -> 信息: Timing Measurement began Fri Jan 02 21:25:13 CST 2026 for 4 minutes
1月 02, 2026 9:29:13 下午 spec.jbb.Company displayResultTotals -> 信息: Timing Measurement ended Fri Jan 02 21:29:13 CST 2026
1月 02, 2026 9:29:13 下午 spec.jbb.Company primeWithDummyData -> 信息: Loading Warehouse 104...
1月 02, 2026 9:29:13 下午 spec.jbb.JBBmain DoARun -> 信息: Start User Threads
1月 02, 2026 9:29:13 下午 spec.jbb.JBBmain DoARun -> 信息:   started user thread for Warehouse 1
1月 02, 2026 9:29:13 下午 spec.jbb.JBBmain DoARun -> 信息:   started user thread for Warehouse 2
1月 02, 2026 9:29:13 下午 spec.jbb.JBBmain DoARun -> 信息:   started user thread for Warehouse 3
1月 02, 2026 9:29:13 下午 spec.jbb.JBBmain DoARun -> 信息:   started user thread for Warehouse 4
1月 02, 2026 9:29:13 下午 spec.jbb.JBBmain DoARun -> 信息:   started user thread for Warehouse 5
1月 02, 2026 9:29:13 下午 spec.jbb.JBBmain DoARun -> 信息:   started user thread for Warehouse 6
1月 02, 2026 9:29:13 下午 spec.jbb.JBBmain DoARun -> 信息:   started user thread for Warehouse 7
1月 02, 2026 9:29:13 下午 spec.jbb.JBBmain DoARun -> 信息:   started user thread for Warehouse 8
1月 02, 2026 9:29:13 下午 spec.jbb.JBBmain DoARun -> 信息:   started user thread for Warehouse 9
1月 02, 2026 9:29:13 下午 spec.jbb.JBBmain DoARun -> 信息:   started user thread for Warehouse 10
1月 02, 2026 9:29:13 下午 spec.jbb.JBBmain DoARun -> 信息:   started user thread for Warehouse 11
1月 02, 2026 9:29:13 下午 spec.jbb.JBBmain DoARun -> 信息:   started user thread for Warehouse 12
1月 02, 2026 9:29:13 下午 spec.jbb.JBBmain DoARun -> 信息:   started user thread for Warehouse 13
1月 02, 2026 9:29:13 下午 spec.jbb.JBBmain DoARun -> 信息:   started user thread for Warehouse 14
1月 02, 2026 9:29:13 下午 spec.jbb.JBBmain DoARun -> 信息:   started user thread for Warehouse 15
1月 02, 2026 9:29:13 下午 spec.jbb.JBBmain DoARun -> 信息:   started user thread for Warehouse 16
1月 02, 2026 9:29:13 下午 spec.jbb.JBBmain DoARun -> 信息:   started user thread for Warehouse 17
1月 02, 2026 9:29:13 下午 spec.jbb.JBBmain DoARun -> 信息:   started user thread for Warehouse 18
1月 02, 2026 9:29:13 下午 spec.jbb.JBBmain DoARun -> 信息:   started user thread for Warehouse 19
1月 02, 2026 9:29:13 下午 spec.jbb.JBBmain DoARun -> 信息:   started user thread for Warehouse 20
1月 02, 2026 9:29:13 下午 spec.jbb.JBBmain DoARun -> 信息:   started user thread for Warehouse 21
1月 02, 2026 9:29:13 下午 spec.jbb.JBBmain DoARun -> 信息:   started user thread for Warehouse 22
1月 02, 2026 9:29:13 下午 spec.jbb.JBBmain DoARun -> 信息:   started user thread for Warehouse 23
1月 02, 2026 9:29:13 下午 spec.jbb.JBBmain DoARun -> 信息:   started user thread for Warehouse 24
1月 02, 2026 9:29:13 下午 spec.jbb.JBBmain DoARun -> 信息:   started user thread for Warehouse 25
1月 02, 2026 9:29:13 下午 spec.jbb.JBBmain DoARun -> 信息:   started user thread for Warehouse 26
1月 02, 2026 9:29:13 下午 spec.jbb.JBBmain DoARun -> 信息:   started user thread for Warehouse 27
1月 02, 2026 9:29:13 下午 spec.jbb.JBBmain DoARun -> 信息:   started user thread for Warehouse 28
1月 02, 2026 9:29:13 下午 spec.jbb.JBBmain DoARun -> 信息:   started user thread for Warehouse 29
1月 02, 2026 9:29:13 下午 spec.jbb.JBBmain DoARun -> 信息:   started user thread for Warehouse 30
1月 02, 2026 9:29:13 下午 spec.jbb.JBBmain DoARun -> 信息:   started user thread for Warehouse 31
1月 02, 2026 9:29:13 下午 spec.jbb.JBBmain DoARun -> 信息:   started user thread for Warehouse 32
1月 02, 2026 9:29:13 下午 spec.jbb.JBBmain DoARun -> 信息:   started user thread for Warehouse 33
1月 02, 2026 9:29:13 下午 spec.jbb.JBBmain DoARun -> 信息:   started user thread for Warehouse 34
1月 02, 2026 9:29:13 下午 spec.jbb.JBBmain DoARun -> 信息:   started user thread for Warehouse 35
1月 02, 2026 9:29:13 下午 spec.jbb.JBBmain DoARun -> 信息:   started user thread for Warehouse 36
1月 02, 2026 9:29:13 下午 spec.jbb.JBBmain DoARun -> 信息:   started user thread for Warehouse 37
1月 02, 2026 9:29:13 下午 spec.jbb.JBBmain DoARun -> 信息:   started user thread for Warehouse 38
1月 02, 2026 9:29:13 下午 spec.jbb.JBBmain DoARun -> 信息:   started user thread for Warehouse 39
1月 02, 2026 9:29:13 下午 spec.jbb.JBBmain DoARun -> 信息:   started user thread for Warehouse 40
1月 02, 2026 9:29:13 下午 spec.jbb.JBBmain DoARun -> 信息:   started user thread for Warehouse 41
1月 02, 2026 9:29:13 下午 spec.jbb.JBBmain DoARun -> 信息:   started user thread for Warehouse 42
1月 02, 2026 9:29:13 下午 spec.jbb.JBBmain DoARun -> 信息:   started user thread for Warehouse 43
1月 02, 2026 9:29:13 下午 spec.jbb.JBBmain DoARun -> 信息:   started user thread for Warehouse 44
1月 02, 2026 9:29:13 下午 spec.jbb.JBBmain DoARun -> 信息:   started user thread for Warehouse 45
1月 02, 2026 9:29:13 下午 spec.jbb.JBBmain DoARun -> 信息:   started user thread for Warehouse 46
1月 02, 2026 9:29:13 下午 spec.jbb.JBBmain DoARun -> 信息:   started user thread for Warehouse 47
1月 02, 2026 9:29:13 下午 spec.jbb.JBBmain DoARun -> 信息:   started user thread for Warehouse 48
1月 02, 2026 9:29:13 下午 spec.jbb.JBBmain DoARun -> 信息:   started user thread for Warehouse 49
1月 02, 2026 9:29:13 下午 spec.jbb.JBBmain DoARun -> 信息:   started user thread for Warehouse 50
1月 02, 2026 9:29:13 下午 spec.jbb.JBBmain DoARun -> 信息:   started user thread for Warehouse 51
1月 02, 2026 9:29:13 下午 spec.jbb.JBBmain DoARun -> 信息:   started user thread for Warehouse 52
1月 02, 2026 9:29:13 下午 spec.jbb.JBBmain DoARun -> 信息:   started user thread for Warehouse 53
1月 02, 2026 9:29:13 下午 spec.jbb.JBBmain DoARun -> 信息:   started user thread for Warehouse 54
1月 02, 2026 9:29:13 下午 spec.jbb.JBBmain DoARun -> 信息:   started user thread for Warehouse 55
1月 02, 2026 9:29:13 下午 spec.jbb.JBBmain DoARun -> 信息:   started user thread for Warehouse 56
1月 02, 2026 9:29:13 下午 spec.jbb.JBBmain DoARun -> 信息:   started user thread for Warehouse 57
1月 02, 2026 9:29:13 下午 spec.jbb.JBBmain DoARun -> 信息:   started user thread for Warehouse 58
1月 02, 2026 9:29:13 下午 spec.jbb.JBBmain DoARun -> 信息:   started user thread for Warehouse 59
1月 02, 2026 9:29:13 下午 spec.jbb.JBBmain DoARun -> 信息:   started user thread for Warehouse 60
1月 02, 2026 9:29:13 下午 spec.jbb.JBBmain DoARun -> 信息:   started user thread for Warehouse 61
1月 02, 2026 9:29:13 下午 spec.jbb.JBBmain DoARun -> 信息:   started user thread for Warehouse 62
1月 02, 2026 9:29:13 下午 spec.jbb.JBBmain DoARun -> 信息:   started user thread for Warehouse 63
1月 02, 2026 9:29:13 下午 spec.jbb.JBBmain DoARun -> 信息:   started user thread for Warehouse 64
1月 02, 2026 9:29:13 下午 spec.jbb.JBBmain DoARun -> 信息:   started user thread for Warehouse 65
1月 02, 2026 9:29:13 下午 spec.jbb.JBBmain DoARun -> 信息:   started user thread for Warehouse 66
1月 02, 2026 9:29:13 下午 spec.jbb.JBBmain DoARun -> 信息:   started user thread for Warehouse 67
1月 02, 2026 9:29:13 下午 spec.jbb.JBBmain DoARun -> 信息:   started user thread for Warehouse 68
1月 02, 2026 9:29:13 下午 spec.jbb.JBBmain DoARun -> 信息:   started user thread for Warehouse 69
1月 02, 2026 9:29:13 下午 spec.jbb.JBBmain DoARun -> 信息:   started user thread for Warehouse 70
1月 02, 2026 9:29:13 下午 spec.jbb.JBBmain DoARun -> 信息:   started user thread for Warehouse 71
1月 02, 2026 9:29:13 下午 spec.jbb.JBBmain DoARun -> 信息:   started user thread for Warehouse 72
1月 02, 2026 9:29:13 下午 spec.jbb.JBBmain DoARun -> 信息:   started user thread for Warehouse 73
1月 02, 2026 9:29:13 下午 spec.jbb.JBBmain DoARun -> 信息:   started user thread for Warehouse 74
1月 02, 2026 9:29:13 下午 spec.jbb.JBBmain DoARun -> 信息:   started user thread for Warehouse 75
1月 02, 2026 9:29:13 下午 spec.jbb.JBBmain DoARun -> 信息:   started user thread for Warehouse 76
1月 02, 2026 9:29:13 下午 spec.jbb.JBBmain DoARun -> 信息:   started user thread for Warehouse 77
1月 02, 2026 9:29:13 下午 spec.jbb.JBBmain DoARun -> 信息:   started user thread for Warehouse 78
1月 02, 2026 9:29:13 下午 spec.jbb.JBBmain DoARun -> 信息:   started user thread for Warehouse 79
1月 02, 2026 9:29:13 下午 spec.jbb.JBBmain DoARun -> 信息:   started user thread for Warehouse 80
1月 02, 2026 9:29:13 下午 spec.jbb.JBBmain DoARun -> 信息:   started user thread for Warehouse 81
1月 02, 2026 9:29:13 下午 spec.jbb.JBBmain DoARun -> 信息:   started user thread for Warehouse 82
1月 02, 2026 9:29:13 下午 spec.jbb.JBBmain DoARun -> 信息:   started user thread for Warehouse 83
1月 02, 2026 9:29:13 下午 spec.jbb.JBBmain DoARun -> 信息:   started user thread for Warehouse 84
1月 02, 2026 9:29:13 下午 spec.jbb.JBBmain DoARun -> 信息:   started user thread for Warehouse 85
1月 02, 2026 9:29:13 下午 spec.jbb.JBBmain DoARun -> 信息:   started user thread for Warehouse 86
1月 02, 2026 9:29:13 下午 spec.jbb.JBBmain DoARun -> 信息:   started user thread for Warehouse 87
1月 02, 2026 9:29:13 下午 spec.jbb.JBBmain DoARun -> 信息:   started user thread for Warehouse 88
1月 02, 2026 9:29:13 下午 spec.jbb.JBBmain DoARun -> 信息:   started user thread for Warehouse 89
1月 02, 2026 9:29:13 下午 spec.jbb.JBBmain DoARun -> 信息:   started user thread for Warehouse 90
1月 02, 2026 9:29:13 下午 spec.jbb.JBBmain DoARun -> 信息:   started user thread for Warehouse 91
1月 02, 2026 9:29:13 下午 spec.jbb.JBBmain DoARun -> 信息:   started user thread for Warehouse 92
1月 02, 2026 9:29:13 下午 spec.jbb.JBBmain DoARun -> 信息:   started user thread for Warehouse 93
1月 02, 2026 9:29:13 下午 spec.jbb.JBBmain DoARun -> 信息:   started user thread for Warehouse 94
1月 02, 2026 9:29:13 下午 spec.jbb.JBBmain DoARun -> 信息:   started user thread for Warehouse 95
1月 02, 2026 9:29:13 下午 spec.jbb.JBBmain DoARun -> 信息:   started user thread for Warehouse 96
1月 02, 2026 9:29:13 下午 spec.jbb.JBBmain DoARun -> 信息:   started user thread for Warehouse 97
1月 02, 2026 9:29:13 下午 spec.jbb.JBBmain DoARun -> 信息:   started user thread for Warehouse 98
1月 02, 2026 9:29:13 下午 spec.jbb.JBBmain DoARun -> 信息:   started user thread for Warehouse 99
1月 02, 2026 9:29:13 下午 spec.jbb.JBBmain DoARun -> 信息:   started user thread for Warehouse 100
1月 02, 2026 9:29:13 下午 spec.jbb.JBBmain DoARun -> 信息:   started user thread for Warehouse 101
1月 02, 2026 9:29:13 下午 spec.jbb.JBBmain DoARun -> 信息:   started user thread for Warehouse 102
1月 02, 2026 9:29:13 下午 spec.jbb.JBBmain DoARun -> 信息:   started user thread for Warehouse 103
1月 02, 2026 9:29:13 下午 spec.jbb.JBBmain DoARun -> 信息:   started user thread for Warehouse 104
1月 02, 2026 9:29:13 下午 spec.jbb.Company displayResultTotals -> 信息: Timing Measurement began Fri Jan 02 21:29:13 CST 2026 for 4 minutes
1月 02, 2026 9:33:13 下午 spec.jbb.Company displayResultTotals -> 信息: Timing Measurement ended Fri Jan 02 21:33:13 CST 2026
1月 02, 2026 9:33:13 下午 spec.jbb.Company primeWithDummyData -> 信息: Loading Warehouse 105...
1月 02, 2026 9:33:13 下午 spec.jbb.JBBmain DoARun -> 信息: Start User Threads
1月 02, 2026 9:33:13 下午 spec.jbb.JBBmain DoARun -> 信息:   started user thread for Warehouse 1
1月 02, 2026 9:33:13 下午 spec.jbb.JBBmain DoARun -> 信息:   started user thread for Warehouse 2
1月 02, 2026 9:33:13 下午 spec.jbb.JBBmain DoARun -> 信息:   started user thread for Warehouse 3
1月 02, 2026 9:33:13 下午 spec.jbb.JBBmain DoARun -> 信息:   started user thread for Warehouse 4
1月 02, 2026 9:33:13 下午 spec.jbb.JBBmain DoARun -> 信息:   started user thread for Warehouse 5
1月 02, 2026 9:33:13 下午 spec.jbb.JBBmain DoARun -> 信息:   started user thread for Warehouse 6
1月 02, 2026 9:33:13 下午 spec.jbb.JBBmain DoARun -> 信息:   started user thread for Warehouse 7
1月 02, 2026 9:33:13 下午 spec.jbb.JBBmain DoARun -> 信息:   started user thread for Warehouse 8
1月 02, 2026 9:33:13 下午 spec.jbb.JBBmain DoARun -> 信息:   started user thread for Warehouse 9
1月 02, 2026 9:33:13 下午 spec.jbb.JBBmain DoARun -> 信息:   started user thread for Warehouse 10
1月 02, 2026 9:33:13 下午 spec.jbb.JBBmain DoARun -> 信息:   started user thread for Warehouse 11
1月 02, 2026 9:33:13 下午 spec.jbb.JBBmain DoARun -> 信息:   started user thread for Warehouse 12
1月 02, 2026 9:33:13 下午 spec.jbb.JBBmain DoARun -> 信息:   started user thread for Warehouse 13
1月 02, 2026 9:33:13 下午 spec.jbb.JBBmain DoARun -> 信息:   started user thread for Warehouse 14
1月 02, 2026 9:33:13 下午 spec.jbb.JBBmain DoARun -> 信息:   started user thread for Warehouse 15
1月 02, 2026 9:33:13 下午 spec.jbb.JBBmain DoARun -> 信息:   started user thread for Warehouse 16
1月 02, 2026 9:33:13 下午 spec.jbb.JBBmain DoARun -> 信息:   started user thread for Warehouse 17
1月 02, 2026 9:33:13 下午 spec.jbb.JBBmain DoARun -> 信息:   started user thread for Warehouse 18
1月 02, 2026 9:33:13 下午 spec.jbb.JBBmain DoARun -> 信息:   started user thread for Warehouse 19
1月 02, 2026 9:33:13 下午 spec.jbb.JBBmain DoARun -> 信息:   started user thread for Warehouse 20
1月 02, 2026 9:33:13 下午 spec.jbb.JBBmain DoARun -> 信息:   started user thread for Warehouse 21
1月 02, 2026 9:33:13 下午 spec.jbb.JBBmain DoARun -> 信息:   started user thread for Warehouse 22
1月 02, 2026 9:33:13 下午 spec.jbb.JBBmain DoARun -> 信息:   started user thread for Warehouse 23
1月 02, 2026 9:33:13 下午 spec.jbb.JBBmain DoARun -> 信息:   started user thread for Warehouse 24
1月 02, 2026 9:33:13 下午 spec.jbb.JBBmain DoARun -> 信息:   started user thread for Warehouse 25
1月 02, 2026 9:33:13 下午 spec.jbb.JBBmain DoARun -> 信息:   started user thread for Warehouse 26
1月 02, 2026 9:33:13 下午 spec.jbb.JBBmain DoARun -> 信息:   started user thread for Warehouse 27
1月 02, 2026 9:33:13 下午 spec.jbb.JBBmain DoARun -> 信息:   started user thread for Warehouse 28
1月 02, 2026 9:33:13 下午 spec.jbb.JBBmain DoARun -> 信息:   started user thread for Warehouse 29
1月 02, 2026 9:33:13 下午 spec.jbb.JBBmain DoARun -> 信息:   started user thread for Warehouse 30
1月 02, 2026 9:33:13 下午 spec.jbb.JBBmain DoARun -> 信息:   started user thread for Warehouse 31
1月 02, 2026 9:33:13 下午 spec.jbb.JBBmain DoARun -> 信息:   started user thread for Warehouse 32
1月 02, 2026 9:33:13 下午 spec.jbb.JBBmain DoARun -> 信息:   started user thread for Warehouse 33
1月 02, 2026 9:33:13 下午 spec.jbb.JBBmain DoARun -> 信息:   started user thread for Warehouse 34
1月 02, 2026 9:33:13 下午 spec.jbb.JBBmain DoARun -> 信息:   started user thread for Warehouse 35
1月 02, 2026 9:33:13 下午 spec.jbb.JBBmain DoARun -> 信息:   started user thread for Warehouse 36
1月 02, 2026 9:33:13 下午 spec.jbb.JBBmain DoARun -> 信息:   started user thread for Warehouse 37
1月 02, 2026 9:33:13 下午 spec.jbb.JBBmain DoARun -> 信息:   started user thread for Warehouse 38
1月 02, 2026 9:33:13 下午 spec.jbb.JBBmain DoARun -> 信息:   started user thread for Warehouse 39
1月 02, 2026 9:33:13 下午 spec.jbb.JBBmain DoARun -> 信息:   started user thread for Warehouse 40
1月 02, 2026 9:33:13 下午 spec.jbb.JBBmain DoARun -> 信息:   started user thread for Warehouse 41
1月 02, 2026 9:33:13 下午 spec.jbb.JBBmain DoARun -> 信息:   started user thread for Warehouse 42
1月 02, 2026 9:33:13 下午 spec.jbb.JBBmain DoARun -> 信息:   started user thread for Warehouse 43
1月 02, 2026 9:33:13 下午 spec.jbb.JBBmain DoARun -> 信息:   started user thread for Warehouse 44
1月 02, 2026 9:33:13 下午 spec.jbb.JBBmain DoARun -> 信息:   started user thread for Warehouse 45
1月 02, 2026 9:33:13 下午 spec.jbb.JBBmain DoARun -> 信息:   started user thread for Warehouse 46
1月 02, 2026 9:33:13 下午 spec.jbb.JBBmain DoARun -> 信息:   started user thread for Warehouse 47
1月 02, 2026 9:33:13 下午 spec.jbb.JBBmain DoARun -> 信息:   started user thread for Warehouse 48
1月 02, 2026 9:33:13 下午 spec.jbb.JBBmain DoARun -> 信息:   started user thread for Warehouse 49
1月 02, 2026 9:33:13 下午 spec.jbb.JBBmain DoARun -> 信息:   started user thread for Warehouse 50
1月 02, 2026 9:33:13 下午 spec.jbb.JBBmain DoARun -> 信息:   started user thread for Warehouse 51
1月 02, 2026 9:33:13 下午 spec.jbb.JBBmain DoARun -> 信息:   started user thread for Warehouse 52
1月 02, 2026 9:33:13 下午 spec.jbb.JBBmain DoARun -> 信息:   started user thread for Warehouse 53
1月 02, 2026 9:33:13 下午 spec.jbb.JBBmain DoARun -> 信息:   started user thread for Warehouse 54
1月 02, 2026 9:33:13 下午 spec.jbb.JBBmain DoARun -> 信息:   started user thread for Warehouse 55
1月 02, 2026 9:33:13 下午 spec.jbb.JBBmain DoARun -> 信息:   started user thread for Warehouse 56
1月 02, 2026 9:33:13 下午 spec.jbb.JBBmain DoARun -> 信息:   started user thread for Warehouse 57
1月 02, 2026 9:33:13 下午 spec.jbb.JBBmain DoARun -> 信息:   started user thread for Warehouse 58
1月 02, 2026 9:33:13 下午 spec.jbb.JBBmain DoARun -> 信息:   started user thread for Warehouse 59
1月 02, 2026 9:33:13 下午 spec.jbb.JBBmain DoARun -> 信息:   started user thread for Warehouse 60
1月 02, 2026 9:33:13 下午 spec.jbb.JBBmain DoARun -> 信息:   started user thread for Warehouse 61
1月 02, 2026 9:33:13 下午 spec.jbb.JBBmain DoARun -> 信息:   started user thread for Warehouse 62
1月 02, 2026 9:33:13 下午 spec.jbb.JBBmain DoARun -> 信息:   started user thread for Warehouse 63
1月 02, 2026 9:33:13 下午 spec.jbb.JBBmain DoARun -> 信息:   started user thread for Warehouse 64
1月 02, 2026 9:33:13 下午 spec.jbb.JBBmain DoARun -> 信息:   started user thread for Warehouse 65
1月 02, 2026 9:33:13 下午 spec.jbb.JBBmain DoARun -> 信息:   started user thread for Warehouse 66
1月 02, 2026 9:33:13 下午 spec.jbb.JBBmain DoARun -> 信息:   started user thread for Warehouse 67
1月 02, 2026 9:33:13 下午 spec.jbb.JBBmain DoARun -> 信息:   started user thread for Warehouse 68
1月 02, 2026 9:33:13 下午 spec.jbb.JBBmain DoARun -> 信息:   started user thread for Warehouse 69
1月 02, 2026 9:33:13 下午 spec.jbb.JBBmain DoARun -> 信息:   started user thread for Warehouse 70
1月 02, 2026 9:33:13 下午 spec.jbb.JBBmain DoARun -> 信息:   started user thread for Warehouse 71
1月 02, 2026 9:33:13 下午 spec.jbb.JBBmain DoARun -> 信息:   started user thread for Warehouse 72
1月 02, 2026 9:33:13 下午 spec.jbb.JBBmain DoARun -> 信息:   started user thread for Warehouse 73
1月 02, 2026 9:33:13 下午 spec.jbb.JBBmain DoARun -> 信息:   started user thread for Warehouse 74
1月 02, 2026 9:33:13 下午 spec.jbb.JBBmain DoARun -> 信息:   started user thread for Warehouse 75
1月 02, 2026 9:33:13 下午 spec.jbb.JBBmain DoARun -> 信息:   started user thread for Warehouse 76
1月 02, 2026 9:33:13 下午 spec.jbb.JBBmain DoARun -> 信息:   started user thread for Warehouse 77
1月 02, 2026 9:33:13 下午 spec.jbb.JBBmain DoARun -> 信息:   started user thread for Warehouse 78
1月 02, 2026 9:33:13 下午 spec.jbb.JBBmain DoARun -> 信息:   started user thread for Warehouse 79
1月 02, 2026 9:33:13 下午 spec.jbb.JBBmain DoARun -> 信息:   started user thread for Warehouse 80
1月 02, 2026 9:33:13 下午 spec.jbb.JBBmain DoARun -> 信息:   started user thread for Warehouse 81
1月 02, 2026 9:33:13 下午 spec.jbb.JBBmain DoARun -> 信息:   started user thread for Warehouse 82
1月 02, 2026 9:33:13 下午 spec.jbb.JBBmain DoARun -> 信息:   started user thread for Warehouse 83
1月 02, 2026 9:33:13 下午 spec.jbb.JBBmain DoARun -> 信息:   started user thread for Warehouse 84
1月 02, 2026 9:33:13 下午 spec.jbb.JBBmain DoARun -> 信息:   started user thread for Warehouse 85
1月 02, 2026 9:33:13 下午 spec.jbb.JBBmain DoARun -> 信息:   started user thread for Warehouse 86
1月 02, 2026 9:33:13 下午 spec.jbb.JBBmain DoARun -> 信息:   started user thread for Warehouse 87
1月 02, 2026 9:33:13 下午 spec.jbb.JBBmain DoARun -> 信息:   started user thread for Warehouse 88
1月 02, 2026 9:33:13 下午 spec.jbb.JBBmain DoARun -> 信息:   started user thread for Warehouse 89
1月 02, 2026 9:33:13 下午 spec.jbb.JBBmain DoARun -> 信息:   started user thread for Warehouse 90
1月 02, 2026 9:33:13 下午 spec.jbb.JBBmain DoARun -> 信息:   started user thread for Warehouse 91
1月 02, 2026 9:33:13 下午 spec.jbb.JBBmain DoARun -> 信息:   started user thread for Warehouse 92
1月 02, 2026 9:33:13 下午 spec.jbb.JBBmain DoARun -> 信息:   started user thread for Warehouse 93
1月 02, 2026 9:33:13 下午 spec.jbb.JBBmain DoARun -> 信息:   started user thread for Warehouse 94
1月 02, 2026 9:33:13 下午 spec.jbb.JBBmain DoARun -> 信息:   started user thread for Warehouse 95
1月 02, 2026 9:33:13 下午 spec.jbb.JBBmain DoARun -> 信息:   started user thread for Warehouse 96
1月 02, 2026 9:33:13 下午 spec.jbb.JBBmain DoARun -> 信息:   started user thread for Warehouse 97
1月 02, 2026 9:33:13 下午 spec.jbb.JBBmain DoARun -> 信息:   started user thread for Warehouse 98
1月 02, 2026 9:33:13 下午 spec.jbb.JBBmain DoARun -> 信息:   started user thread for Warehouse 99
1月 02, 2026 9:33:13 下午 spec.jbb.JBBmain DoARun -> 信息:   started user thread for Warehouse 100
1月 02, 2026 9:33:13 下午 spec.jbb.JBBmain DoARun -> 信息:   started user thread for Warehouse 101
1月 02, 2026 9:33:13 下午 spec.jbb.JBBmain DoARun -> 信息:   started user thread for Warehouse 102
1月 02, 2026 9:33:13 下午 spec.jbb.JBBmain DoARun -> 信息:   started user thread for Warehouse 103
1月 02, 2026 9:33:13 下午 spec.jbb.JBBmain DoARun -> 信息:   started user thread for Warehouse 104
1月 02, 2026 9:33:13 下午 spec.jbb.JBBmain DoARun -> 信息:   started user thread for Warehouse 105
1月 02, 2026 9:33:13 下午 spec.jbb.Company displayResultTotals -> 信息: Timing Measurement began Fri Jan 02 21:33:13 CST 2026 for 4 minutes
1月 02, 2026 9:37:13 下午 spec.jbb.Company displayResultTotals -> 信息: Timing Measurement ended Fri Jan 02 21:37:13 CST 2026
1月 02, 2026 9:37:13 下午 spec.jbb.Company primeWithDummyData -> 信息: Loading Warehouse 106...
1月 02, 2026 9:37:14 下午 spec.jbb.JBBmain DoARun -> 信息: Start User Threads
1月 02, 2026 9:37:14 下午 spec.jbb.JBBmain DoARun -> 信息:   started user thread for Warehouse 1
1月 02, 2026 9:37:14 下午 spec.jbb.JBBmain DoARun -> 信息:   started user thread for Warehouse 2
1月 02, 2026 9:37:14 下午 spec.jbb.JBBmain DoARun -> 信息:   started user thread for Warehouse 3
1月 02, 2026 9:37:14 下午 spec.jbb.JBBmain DoARun -> 信息:   started user thread for Warehouse 4
1月 02, 2026 9:37:14 下午 spec.jbb.JBBmain DoARun -> 信息:   started user thread for Warehouse 5
1月 02, 2026 9:37:14 下午 spec.jbb.JBBmain DoARun -> 信息:   started user thread for Warehouse 6
1月 02, 2026 9:37:14 下午 spec.jbb.JBBmain DoARun -> 信息:   started user thread for Warehouse 7
1月 02, 2026 9:37:14 下午 spec.jbb.JBBmain DoARun -> 信息:   started user thread for Warehouse 8
1月 02, 2026 9:37:14 下午 spec.jbb.JBBmain DoARun -> 信息:   started user thread for Warehouse 9
1月 02, 2026 9:37:14 下午 spec.jbb.JBBmain DoARun -> 信息:   started user thread for Warehouse 10
1月 02, 2026 9:37:14 下午 spec.jbb.JBBmain DoARun -> 信息:   started user thread for Warehouse 11
1月 02, 2026 9:37:14 下午 spec.jbb.JBBmain DoARun -> 信息:   started user thread for Warehouse 12
1月 02, 2026 9:37:14 下午 spec.jbb.JBBmain DoARun -> 信息:   started user thread for Warehouse 13
1月 02, 2026 9:37:14 下午 spec.jbb.JBBmain DoARun -> 信息:   started user thread for Warehouse 14
1月 02, 2026 9:37:14 下午 spec.jbb.JBBmain DoARun -> 信息:   started user thread for Warehouse 15
1月 02, 2026 9:37:14 下午 spec.jbb.JBBmain DoARun -> 信息:   started user thread for Warehouse 16
1月 02, 2026 9:37:14 下午 spec.jbb.JBBmain DoARun -> 信息:   started user thread for Warehouse 17
1月 02, 2026 9:37:14 下午 spec.jbb.JBBmain DoARun -> 信息:   started user thread for Warehouse 18
1月 02, 2026 9:37:14 下午 spec.jbb.JBBmain DoARun -> 信息:   started user thread for Warehouse 19
1月 02, 2026 9:37:14 下午 spec.jbb.JBBmain DoARun -> 信息:   started user thread for Warehouse 20
1月 02, 2026 9:37:14 下午 spec.jbb.JBBmain DoARun -> 信息:   started user thread for Warehouse 21
1月 02, 2026 9:37:14 下午 spec.jbb.JBBmain DoARun -> 信息:   started user thread for Warehouse 22
1月 02, 2026 9:37:14 下午 spec.jbb.JBBmain DoARun -> 信息:   started user thread for Warehouse 23
1月 02, 2026 9:37:14 下午 spec.jbb.JBBmain DoARun -> 信息:   started user thread for Warehouse 24
1月 02, 2026 9:37:14 下午 spec.jbb.JBBmain DoARun -> 信息:   started user thread for Warehouse 25
1月 02, 2026 9:37:14 下午 spec.jbb.JBBmain DoARun -> 信息:   started user thread for Warehouse 26
1月 02, 2026 9:37:14 下午 spec.jbb.JBBmain DoARun -> 信息:   started user thread for Warehouse 27
1月 02, 2026 9:37:14 下午 spec.jbb.JBBmain DoARun -> 信息:   started user thread for Warehouse 28
1月 02, 2026 9:37:14 下午 spec.jbb.JBBmain DoARun -> 信息:   started user thread for Warehouse 29
1月 02, 2026 9:37:14 下午 spec.jbb.JBBmain DoARun -> 信息:   started user thread for Warehouse 30
1月 02, 2026 9:37:14 下午 spec.jbb.JBBmain DoARun -> 信息:   started user thread for Warehouse 31
1月 02, 2026 9:37:14 下午 spec.jbb.JBBmain DoARun -> 信息:   started user thread for Warehouse 32
1月 02, 2026 9:37:14 下午 spec.jbb.JBBmain DoARun -> 信息:   started user thread for Warehouse 33
1月 02, 2026 9:37:14 下午 spec.jbb.JBBmain DoARun -> 信息:   started user thread for Warehouse 34
1月 02, 2026 9:37:14 下午 spec.jbb.JBBmain DoARun -> 信息:   started user thread for Warehouse 35
1月 02, 2026 9:37:14 下午 spec.jbb.JBBmain DoARun -> 信息:   started user thread for Warehouse 36
1月 02, 2026 9:37:14 下午 spec.jbb.JBBmain DoARun -> 信息:   started user thread for Warehouse 37
1月 02, 2026 9:37:14 下午 spec.jbb.JBBmain DoARun -> 信息:   started user thread for Warehouse 38
1月 02, 2026 9:37:14 下午 spec.jbb.JBBmain DoARun -> 信息:   started user thread for Warehouse 39
1月 02, 2026 9:37:14 下午 spec.jbb.JBBmain DoARun -> 信息:   started user thread for Warehouse 40
1月 02, 2026 9:37:14 下午 spec.jbb.JBBmain DoARun -> 信息:   started user thread for Warehouse 41
1月 02, 2026 9:37:14 下午 spec.jbb.JBBmain DoARun -> 信息:   started user thread for Warehouse 42
1月 02, 2026 9:37:14 下午 spec.jbb.JBBmain DoARun -> 信息:   started user thread for Warehouse 43
1月 02, 2026 9:37:14 下午 spec.jbb.JBBmain DoARun -> 信息:   started user thread for Warehouse 44
1月 02, 2026 9:37:14 下午 spec.jbb.JBBmain DoARun -> 信息:   started user thread for Warehouse 45
1月 02, 2026 9:37:14 下午 spec.jbb.JBBmain DoARun -> 信息:   started user thread for Warehouse 46
1月 02, 2026 9:37:14 下午 spec.jbb.JBBmain DoARun -> 信息:   started user thread for Warehouse 47
1月 02, 2026 9:37:14 下午 spec.jbb.JBBmain DoARun -> 信息:   started user thread for Warehouse 48
1月 02, 2026 9:37:14 下午 spec.jbb.JBBmain DoARun -> 信息:   started user thread for Warehouse 49
1月 02, 2026 9:37:14 下午 spec.jbb.JBBmain DoARun -> 信息:   started user thread for Warehouse 50
1月 02, 2026 9:37:14 下午 spec.jbb.JBBmain DoARun -> 信息:   started user thread for Warehouse 51
1月 02, 2026 9:37:14 下午 spec.jbb.JBBmain DoARun -> 信息:   started user thread for Warehouse 52
1月 02, 2026 9:37:14 下午 spec.jbb.JBBmain DoARun -> 信息:   started user thread for Warehouse 53
1月 02, 2026 9:37:14 下午 spec.jbb.JBBmain DoARun -> 信息:   started user thread for Warehouse 54
1月 02, 2026 9:37:14 下午 spec.jbb.JBBmain DoARun -> 信息:   started user thread for Warehouse 55
1月 02, 2026 9:37:14 下午 spec.jbb.JBBmain DoARun -> 信息:   started user thread for Warehouse 56
1月 02, 2026 9:37:14 下午 spec.jbb.JBBmain DoARun -> 信息:   started user thread for Warehouse 57
1月 02, 2026 9:37:14 下午 spec.jbb.JBBmain DoARun -> 信息:   started user thread for Warehouse 58
1月 02, 2026 9:37:14 下午 spec.jbb.JBBmain DoARun -> 信息:   started user thread for Warehouse 59
1月 02, 2026 9:37:14 下午 spec.jbb.JBBmain DoARun -> 信息:   started user thread for Warehouse 60
1月 02, 2026 9:37:14 下午 spec.jbb.JBBmain DoARun -> 信息:   started user thread for Warehouse 61
1月 02, 2026 9:37:14 下午 spec.jbb.JBBmain DoARun -> 信息:   started user thread for Warehouse 62
1月 02, 2026 9:37:14 下午 spec.jbb.JBBmain DoARun -> 信息:   started user thread for Warehouse 63
1月 02, 2026 9:37:14 下午 spec.jbb.JBBmain DoARun -> 信息:   started user thread for Warehouse 64
1月 02, 2026 9:37:14 下午 spec.jbb.JBBmain DoARun -> 信息:   started user thread for Warehouse 65
1月 02, 2026 9:37:14 下午 spec.jbb.JBBmain DoARun -> 信息:   started user thread for Warehouse 66
1月 02, 2026 9:37:14 下午 spec.jbb.JBBmain DoARun -> 信息:   started user thread for Warehouse 67
1月 02, 2026 9:37:14 下午 spec.jbb.JBBmain DoARun -> 信息:   started user thread for Warehouse 68
1月 02, 2026 9:37:14 下午 spec.jbb.JBBmain DoARun -> 信息:   started user thread for Warehouse 69
1月 02, 2026 9:37:14 下午 spec.jbb.JBBmain DoARun -> 信息:   started user thread for Warehouse 70
1月 02, 2026 9:37:14 下午 spec.jbb.JBBmain DoARun -> 信息:   started user thread for Warehouse 71
1月 02, 2026 9:37:14 下午 spec.jbb.JBBmain DoARun -> 信息:   started user thread for Warehouse 72
1月 02, 2026 9:37:14 下午 spec.jbb.JBBmain DoARun -> 信息:   started user thread for Warehouse 73
1月 02, 2026 9:37:14 下午 spec.jbb.JBBmain DoARun -> 信息:   started user thread for Warehouse 74
1月 02, 2026 9:37:14 下午 spec.jbb.JBBmain DoARun -> 信息:   started user thread for Warehouse 75
1月 02, 2026 9:37:14 下午 spec.jbb.JBBmain DoARun -> 信息:   started user thread for Warehouse 76
1月 02, 2026 9:37:14 下午 spec.jbb.JBBmain DoARun -> 信息:   started user thread for Warehouse 77
1月 02, 2026 9:37:14 下午 spec.jbb.JBBmain DoARun -> 信息:   started user thread for Warehouse 78
1月 02, 2026 9:37:14 下午 spec.jbb.JBBmain DoARun -> 信息:   started user thread for Warehouse 79
1月 02, 2026 9:37:14 下午 spec.jbb.JBBmain DoARun -> 信息:   started user thread for Warehouse 80
1月 02, 2026 9:37:14 下午 spec.jbb.JBBmain DoARun -> 信息:   started user thread for Warehouse 81
1月 02, 2026 9:37:14 下午 spec.jbb.JBBmain DoARun -> 信息:   started user thread for Warehouse 82
1月 02, 2026 9:37:14 下午 spec.jbb.JBBmain DoARun -> 信息:   started user thread for Warehouse 83
1月 02, 2026 9:37:14 下午 spec.jbb.JBBmain DoARun -> 信息:   started user thread for Warehouse 84
1月 02, 2026 9:37:14 下午 spec.jbb.JBBmain DoARun -> 信息:   started user thread for Warehouse 85
1月 02, 2026 9:37:14 下午 spec.jbb.JBBmain DoARun -> 信息:   started user thread for Warehouse 86
1月 02, 2026 9:37:14 下午 spec.jbb.JBBmain DoARun -> 信息:   started user thread for Warehouse 87
1月 02, 2026 9:37:14 下午 spec.jbb.JBBmain DoARun -> 信息:   started user thread for Warehouse 88
1月 02, 2026 9:37:14 下午 spec.jbb.JBBmain DoARun -> 信息:   started user thread for Warehouse 89
1月 02, 2026 9:37:14 下午 spec.jbb.JBBmain DoARun -> 信息:   started user thread for Warehouse 90
1月 02, 2026 9:37:14 下午 spec.jbb.JBBmain DoARun -> 信息:   started user thread for Warehouse 91
1月 02, 2026 9:37:14 下午 spec.jbb.JBBmain DoARun -> 信息:   started user thread for Warehouse 92
1月 02, 2026 9:37:14 下午 spec.jbb.JBBmain DoARun -> 信息:   started user thread for Warehouse 93
1月 02, 2026 9:37:14 下午 spec.jbb.JBBmain DoARun -> 信息:   started user thread for Warehouse 94
1月 02, 2026 9:37:14 下午 spec.jbb.JBBmain DoARun -> 信息:   started user thread for Warehouse 95
1月 02, 2026 9:37:14 下午 spec.jbb.JBBmain DoARun -> 信息:   started user thread for Warehouse 96
1月 02, 2026 9:37:14 下午 spec.jbb.JBBmain DoARun -> 信息:   started user thread for Warehouse 97
1月 02, 2026 9:37:14 下午 spec.jbb.JBBmain DoARun -> 信息:   started user thread for Warehouse 98
1月 02, 2026 9:37:14 下午 spec.jbb.JBBmain DoARun -> 信息:   started user thread for Warehouse 99
1月 02, 2026 9:37:14 下午 spec.jbb.JBBmain DoARun -> 信息:   started user thread for Warehouse 100
1月 02, 2026 9:37:14 下午 spec.jbb.JBBmain DoARun -> 信息:   started user thread for Warehouse 101
1月 02, 2026 9:37:14 下午 spec.jbb.JBBmain DoARun -> 信息:   started user thread for Warehouse 102
1月 02, 2026 9:37:14 下午 spec.jbb.JBBmain DoARun -> 信息:   started user thread for Warehouse 103
1月 02, 2026 9:37:14 下午 spec.jbb.JBBmain DoARun -> 信息:   started user thread for Warehouse 104
1月 02, 2026 9:37:14 下午 spec.jbb.JBBmain DoARun -> 信息:   started user thread for Warehouse 105
1月 02, 2026 9:37:14 下午 spec.jbb.JBBmain DoARun -> 信息:   started user thread for Warehouse 106
1月 02, 2026 9:37:14 下午 spec.jbb.Company displayResultTotals -> 信息: Timing Measurement began Fri Jan 02 21:37:14 CST 2026 for 4 minutes
1月 02, 2026 9:41:14 下午 spec.jbb.Company displayResultTotals -> 信息: Timing Measurement ended Fri Jan 02 21:41:14 CST 2026
1月 02, 2026 9:41:14 下午 spec.jbb.Company primeWithDummyData -> 信息: Loading Warehouse 107...
1月 02, 2026 9:41:14 下午 spec.jbb.JBBmain DoARun -> 信息: Start User Threads
1月 02, 2026 9:41:14 下午 spec.jbb.JBBmain DoARun -> 信息:   started user thread for Warehouse 1
1月 02, 2026 9:41:14 下午 spec.jbb.JBBmain DoARun -> 信息:   started user thread for Warehouse 2
1月 02, 2026 9:41:14 下午 spec.jbb.JBBmain DoARun -> 信息:   started user thread for Warehouse 3
1月 02, 2026 9:41:14 下午 spec.jbb.JBBmain DoARun -> 信息:   started user thread for Warehouse 4
1月 02, 2026 9:41:14 下午 spec.jbb.JBBmain DoARun -> 信息:   started user thread for Warehouse 5
1月 02, 2026 9:41:14 下午 spec.jbb.JBBmain DoARun -> 信息:   started user thread for Warehouse 6
1月 02, 2026 9:41:14 下午 spec.jbb.JBBmain DoARun -> 信息:   started user thread for Warehouse 7
1月 02, 2026 9:41:14 下午 spec.jbb.JBBmain DoARun -> 信息:   started user thread for Warehouse 8
1月 02, 2026 9:41:14 下午 spec.jbb.JBBmain DoARun -> 信息:   started user thread for Warehouse 9
1月 02, 2026 9:41:14 下午 spec.jbb.JBBmain DoARun -> 信息:   started user thread for Warehouse 10
1月 02, 2026 9:41:14 下午 spec.jbb.JBBmain DoARun -> 信息:   started user thread for Warehouse 11
1月 02, 2026 9:41:14 下午 spec.jbb.JBBmain DoARun -> 信息:   started user thread for Warehouse 12
1月 02, 2026 9:41:14 下午 spec.jbb.JBBmain DoARun -> 信息:   started user thread for Warehouse 13
1月 02, 2026 9:41:14 下午 spec.jbb.JBBmain DoARun -> 信息:   started user thread for Warehouse 14
1月 02, 2026 9:41:14 下午 spec.jbb.JBBmain DoARun -> 信息:   started user thread for Warehouse 15
1月 02, 2026 9:41:14 下午 spec.jbb.JBBmain DoARun -> 信息:   started user thread for Warehouse 16
1月 02, 2026 9:41:14 下午 spec.jbb.JBBmain DoARun -> 信息:   started user thread for Warehouse 17
1月 02, 2026 9:41:14 下午 spec.jbb.JBBmain DoARun -> 信息:   started user thread for Warehouse 18
1月 02, 2026 9:41:14 下午 spec.jbb.JBBmain DoARun -> 信息:   started user thread for Warehouse 19
1月 02, 2026 9:41:14 下午 spec.jbb.JBBmain DoARun -> 信息:   started user thread for Warehouse 20
1月 02, 2026 9:41:14 下午 spec.jbb.JBBmain DoARun -> 信息:   started user thread for Warehouse 21
1月 02, 2026 9:41:14 下午 spec.jbb.JBBmain DoARun -> 信息:   started user thread for Warehouse 22
1月 02, 2026 9:41:14 下午 spec.jbb.JBBmain DoARun -> 信息:   started user thread for Warehouse 23
1月 02, 2026 9:41:14 下午 spec.jbb.JBBmain DoARun -> 信息:   started user thread for Warehouse 24
1月 02, 2026 9:41:14 下午 spec.jbb.JBBmain DoARun -> 信息:   started user thread for Warehouse 25
1月 02, 2026 9:41:14 下午 spec.jbb.JBBmain DoARun -> 信息:   started user thread for Warehouse 26
1月 02, 2026 9:41:14 下午 spec.jbb.JBBmain DoARun -> 信息:   started user thread for Warehouse 27
1月 02, 2026 9:41:14 下午 spec.jbb.JBBmain DoARun -> 信息:   started user thread for Warehouse 28
1月 02, 2026 9:41:14 下午 spec.jbb.JBBmain DoARun -> 信息:   started user thread for Warehouse 29
1月 02, 2026 9:41:14 下午 spec.jbb.JBBmain DoARun -> 信息:   started user thread for Warehouse 30
1月 02, 2026 9:41:14 下午 spec.jbb.JBBmain DoARun -> 信息:   started user thread for Warehouse 31
1月 02, 2026 9:41:14 下午 spec.jbb.JBBmain DoARun -> 信息:   started user thread for Warehouse 32
1月 02, 2026 9:41:14 下午 spec.jbb.JBBmain DoARun -> 信息:   started user thread for Warehouse 33
1月 02, 2026 9:41:14 下午 spec.jbb.JBBmain DoARun -> 信息:   started user thread for Warehouse 34
1月 02, 2026 9:41:14 下午 spec.jbb.JBBmain DoARun -> 信息:   started user thread for Warehouse 35
1月 02, 2026 9:41:14 下午 spec.jbb.JBBmain DoARun -> 信息:   started user thread for Warehouse 36
1月 02, 2026 9:41:14 下午 spec.jbb.JBBmain DoARun -> 信息:   started user thread for Warehouse 37
1月 02, 2026 9:41:14 下午 spec.jbb.JBBmain DoARun -> 信息:   started user thread for Warehouse 38
1月 02, 2026 9:41:14 下午 spec.jbb.JBBmain DoARun -> 信息:   started user thread for Warehouse 39
1月 02, 2026 9:41:14 下午 spec.jbb.JBBmain DoARun -> 信息:   started user thread for Warehouse 40
1月 02, 2026 9:41:14 下午 spec.jbb.JBBmain DoARun -> 信息:   started user thread for Warehouse 41
1月 02, 2026 9:41:14 下午 spec.jbb.JBBmain DoARun -> 信息:   started user thread for Warehouse 42
1月 02, 2026 9:41:14 下午 spec.jbb.JBBmain DoARun -> 信息:   started user thread for Warehouse 43
1月 02, 2026 9:41:14 下午 spec.jbb.JBBmain DoARun -> 信息:   started user thread for Warehouse 44
1月 02, 2026 9:41:14 下午 spec.jbb.JBBmain DoARun -> 信息:   started user thread for Warehouse 45
1月 02, 2026 9:41:14 下午 spec.jbb.JBBmain DoARun -> 信息:   started user thread for Warehouse 46
1月 02, 2026 9:41:14 下午 spec.jbb.JBBmain DoARun -> 信息:   started user thread for Warehouse 47
1月 02, 2026 9:41:14 下午 spec.jbb.JBBmain DoARun -> 信息:   started user thread for Warehouse 48
1月 02, 2026 9:41:14 下午 spec.jbb.JBBmain DoARun -> 信息:   started user thread for Warehouse 49
1月 02, 2026 9:41:14 下午 spec.jbb.JBBmain DoARun -> 信息:   started user thread for Warehouse 50
1月 02, 2026 9:41:14 下午 spec.jbb.JBBmain DoARun -> 信息:   started user thread for Warehouse 51
1月 02, 2026 9:41:14 下午 spec.jbb.JBBmain DoARun -> 信息:   started user thread for Warehouse 52
1月 02, 2026 9:41:14 下午 spec.jbb.JBBmain DoARun -> 信息:   started user thread for Warehouse 53
1月 02, 2026 9:41:14 下午 spec.jbb.JBBmain DoARun -> 信息:   started user thread for Warehouse 54
1月 02, 2026 9:41:14 下午 spec.jbb.JBBmain DoARun -> 信息:   started user thread for Warehouse 55
1月 02, 2026 9:41:14 下午 spec.jbb.JBBmain DoARun -> 信息:   started user thread for Warehouse 56
1月 02, 2026 9:41:14 下午 spec.jbb.JBBmain DoARun -> 信息:   started user thread for Warehouse 57
1月 02, 2026 9:41:14 下午 spec.jbb.JBBmain DoARun -> 信息:   started user thread for Warehouse 58
1月 02, 2026 9:41:14 下午 spec.jbb.JBBmain DoARun -> 信息:   started user thread for Warehouse 59
1月 02, 2026 9:41:14 下午 spec.jbb.JBBmain DoARun -> 信息:   started user thread for Warehouse 60
1月 02, 2026 9:41:14 下午 spec.jbb.JBBmain DoARun -> 信息:   started user thread for Warehouse 61
1月 02, 2026 9:41:14 下午 spec.jbb.JBBmain DoARun -> 信息:   started user thread for Warehouse 62
1月 02, 2026 9:41:14 下午 spec.jbb.JBBmain DoARun -> 信息:   started user thread for Warehouse 63
1月 02, 2026 9:41:14 下午 spec.jbb.JBBmain DoARun -> 信息:   started user thread for Warehouse 64
1月 02, 2026 9:41:14 下午 spec.jbb.JBBmain DoARun -> 信息:   started user thread for Warehouse 65
1月 02, 2026 9:41:14 下午 spec.jbb.JBBmain DoARun -> 信息:   started user thread for Warehouse 66
1月 02, 2026 9:41:14 下午 spec.jbb.JBBmain DoARun -> 信息:   started user thread for Warehouse 67
1月 02, 2026 9:41:14 下午 spec.jbb.JBBmain DoARun -> 信息:   started user thread for Warehouse 68
1月 02, 2026 9:41:14 下午 spec.jbb.JBBmain DoARun -> 信息:   started user thread for Warehouse 69
1月 02, 2026 9:41:14 下午 spec.jbb.JBBmain DoARun -> 信息:   started user thread for Warehouse 70
1月 02, 2026 9:41:14 下午 spec.jbb.JBBmain DoARun -> 信息:   started user thread for Warehouse 71
1月 02, 2026 9:41:14 下午 spec.jbb.JBBmain DoARun -> 信息:   started user thread for Warehouse 72
1月 02, 2026 9:41:14 下午 spec.jbb.JBBmain DoARun -> 信息:   started user thread for Warehouse 73
1月 02, 2026 9:41:14 下午 spec.jbb.JBBmain DoARun -> 信息:   started user thread for Warehouse 74
1月 02, 2026 9:41:14 下午 spec.jbb.JBBmain DoARun -> 信息:   started user thread for Warehouse 75
1月 02, 2026 9:41:14 下午 spec.jbb.JBBmain DoARun -> 信息:   started user thread for Warehouse 76
1月 02, 2026 9:41:14 下午 spec.jbb.JBBmain DoARun -> 信息:   started user thread for Warehouse 77
1月 02, 2026 9:41:14 下午 spec.jbb.JBBmain DoARun -> 信息:   started user thread for Warehouse 78
1月 02, 2026 9:41:14 下午 spec.jbb.JBBmain DoARun -> 信息:   started user thread for Warehouse 79
1月 02, 2026 9:41:14 下午 spec.jbb.JBBmain DoARun -> 信息:   started user thread for Warehouse 80
1月 02, 2026 9:41:14 下午 spec.jbb.JBBmain DoARun -> 信息:   started user thread for Warehouse 81
1月 02, 2026 9:41:14 下午 spec.jbb.JBBmain DoARun -> 信息:   started user thread for Warehouse 82
1月 02, 2026 9:41:14 下午 spec.jbb.JBBmain DoARun -> 信息:   started user thread for Warehouse 83
1月 02, 2026 9:41:14 下午 spec.jbb.JBBmain DoARun -> 信息:   started user thread for Warehouse 84
1月 02, 2026 9:41:14 下午 spec.jbb.JBBmain DoARun -> 信息:   started user thread for Warehouse 85
1月 02, 2026 9:41:14 下午 spec.jbb.JBBmain DoARun -> 信息:   started user thread for Warehouse 86
1月 02, 2026 9:41:14 下午 spec.jbb.JBBmain DoARun -> 信息:   started user thread for Warehouse 87
1月 02, 2026 9:41:14 下午 spec.jbb.JBBmain DoARun -> 信息:   started user thread for Warehouse 88
1月 02, 2026 9:41:14 下午 spec.jbb.JBBmain DoARun -> 信息:   started user thread for Warehouse 89
1月 02, 2026 9:41:14 下午 spec.jbb.JBBmain DoARun -> 信息:   started user thread for Warehouse 90
1月 02, 2026 9:41:14 下午 spec.jbb.JBBmain DoARun -> 信息:   started user thread for Warehouse 91
1月 02, 2026 9:41:14 下午 spec.jbb.JBBmain DoARun -> 信息:   started user thread for Warehouse 92
1月 02, 2026 9:41:14 下午 spec.jbb.JBBmain DoARun -> 信息:   started user thread for Warehouse 93
1月 02, 2026 9:41:14 下午 spec.jbb.JBBmain DoARun -> 信息:   started user thread for Warehouse 94
1月 02, 2026 9:41:14 下午 spec.jbb.JBBmain DoARun -> 信息:   started user thread for Warehouse 95
1月 02, 2026 9:41:14 下午 spec.jbb.JBBmain DoARun -> 信息:   started user thread for Warehouse 96
1月 02, 2026 9:41:14 下午 spec.jbb.JBBmain DoARun -> 信息:   started user thread for Warehouse 97
1月 02, 2026 9:41:14 下午 spec.jbb.JBBmain DoARun -> 信息:   started user thread for Warehouse 98
1月 02, 2026 9:41:14 下午 spec.jbb.JBBmain DoARun -> 信息:   started user thread for Warehouse 99
1月 02, 2026 9:41:14 下午 spec.jbb.JBBmain DoARun -> 信息:   started user thread for Warehouse 100
1月 02, 2026 9:41:14 下午 spec.jbb.JBBmain DoARun -> 信息:   started user thread for Warehouse 101
1月 02, 2026 9:41:14 下午 spec.jbb.JBBmain DoARun -> 信息:   started user thread for Warehouse 102
1月 02, 2026 9:41:14 下午 spec.jbb.JBBmain DoARun -> 信息:   started user thread for Warehouse 103
1月 02, 2026 9:41:14 下午 spec.jbb.JBBmain DoARun -> 信息:   started user thread for Warehouse 104
1月 02, 2026 9:41:14 下午 spec.jbb.JBBmain DoARun -> 信息:   started user thread for Warehouse 105
1月 02, 2026 9:41:14 下午 spec.jbb.JBBmain DoARun -> 信息:   started user thread for Warehouse 106
1月 02, 2026 9:41:14 下午 spec.jbb.JBBmain DoARun -> 信息:   started user thread for Warehouse 107
1月 02, 2026 9:41:14 下午 spec.jbb.Company displayResultTotals -> 信息: Timing Measurement began Fri Jan 02 21:41:14 CST 2026 for 4 minutes
1月 02, 2026 9:45:14 下午 spec.jbb.Company displayResultTotals -> 信息: Timing Measurement ended Fri Jan 02 21:45:14 CST 2026
1月 02, 2026 9:45:14 下午 spec.jbb.Company primeWithDummyData -> 信息: Loading Warehouse 108...
1月 02, 2026 9:45:14 下午 spec.jbb.JBBmain DoARun -> 信息: Start User Threads
1月 02, 2026 9:45:14 下午 spec.jbb.JBBmain DoARun -> 信息:   started user thread for Warehouse 1
1月 02, 2026 9:45:14 下午 spec.jbb.JBBmain DoARun -> 信息:   started user thread for Warehouse 2
1月 02, 2026 9:45:14 下午 spec.jbb.JBBmain DoARun -> 信息:   started user thread for Warehouse 3
1月 02, 2026 9:45:14 下午 spec.jbb.JBBmain DoARun -> 信息:   started user thread for Warehouse 4
1月 02, 2026 9:45:14 下午 spec.jbb.JBBmain DoARun -> 信息:   started user thread for Warehouse 5
1月 02, 2026 9:45:14 下午 spec.jbb.JBBmain DoARun -> 信息:   started user thread for Warehouse 6
1月 02, 2026 9:45:14 下午 spec.jbb.JBBmain DoARun -> 信息:   started user thread for Warehouse 7
1月 02, 2026 9:45:14 下午 spec.jbb.JBBmain DoARun -> 信息:   started user thread for Warehouse 8
1月 02, 2026 9:45:14 下午 spec.jbb.JBBmain DoARun -> 信息:   started user thread for Warehouse 9
1月 02, 2026 9:45:14 下午 spec.jbb.JBBmain DoARun -> 信息:   started user thread for Warehouse 10
1月 02, 2026 9:45:14 下午 spec.jbb.JBBmain DoARun -> 信息:   started user thread for Warehouse 11
1月 02, 2026 9:45:14 下午 spec.jbb.JBBmain DoARun -> 信息:   started user thread for Warehouse 12
1月 02, 2026 9:45:14 下午 spec.jbb.JBBmain DoARun -> 信息:   started user thread for Warehouse 13
1月 02, 2026 9:45:14 下午 spec.jbb.JBBmain DoARun -> 信息:   started user thread for Warehouse 14
1月 02, 2026 9:45:14 下午 spec.jbb.JBBmain DoARun -> 信息:   started user thread for Warehouse 15
1月 02, 2026 9:45:14 下午 spec.jbb.JBBmain DoARun -> 信息:   started user thread for Warehouse 16
1月 02, 2026 9:45:14 下午 spec.jbb.JBBmain DoARun -> 信息:   started user thread for Warehouse 17
1月 02, 2026 9:45:14 下午 spec.jbb.JBBmain DoARun -> 信息:   started user thread for Warehouse 18
1月 02, 2026 9:45:14 下午 spec.jbb.JBBmain DoARun -> 信息:   started user thread for Warehouse 19
1月 02, 2026 9:45:14 下午 spec.jbb.JBBmain DoARun -> 信息:   started user thread for Warehouse 20
1月 02, 2026 9:45:14 下午 spec.jbb.JBBmain DoARun -> 信息:   started user thread for Warehouse 21
1月 02, 2026 9:45:14 下午 spec.jbb.JBBmain DoARun -> 信息:   started user thread for Warehouse 22
1月 02, 2026 9:45:14 下午 spec.jbb.JBBmain DoARun -> 信息:   started user thread for Warehouse 23
1月 02, 2026 9:45:14 下午 spec.jbb.JBBmain DoARun -> 信息:   started user thread for Warehouse 24
1月 02, 2026 9:45:14 下午 spec.jbb.JBBmain DoARun -> 信息:   started user thread for Warehouse 25
1月 02, 2026 9:45:14 下午 spec.jbb.JBBmain DoARun -> 信息:   started user thread for Warehouse 26
1月 02, 2026 9:45:14 下午 spec.jbb.JBBmain DoARun -> 信息:   started user thread for Warehouse 27
1月 02, 2026 9:45:14 下午 spec.jbb.JBBmain DoARun -> 信息:   started user thread for Warehouse 28
1月 02, 2026 9:45:14 下午 spec.jbb.JBBmain DoARun -> 信息:   started user thread for Warehouse 29
1月 02, 2026 9:45:14 下午 spec.jbb.JBBmain DoARun -> 信息:   started user thread for Warehouse 30
1月 02, 2026 9:45:14 下午 spec.jbb.JBBmain DoARun -> 信息:   started user thread for Warehouse 31
1月 02, 2026 9:45:14 下午 spec.jbb.JBBmain DoARun -> 信息:   started user thread for Warehouse 32
1月 02, 2026 9:45:14 下午 spec.jbb.JBBmain DoARun -> 信息:   started user thread for Warehouse 33
1月 02, 2026 9:45:14 下午 spec.jbb.JBBmain DoARun -> 信息:   started user thread for Warehouse 34
1月 02, 2026 9:45:14 下午 spec.jbb.JBBmain DoARun -> 信息:   started user thread for Warehouse 35
1月 02, 2026 9:45:14 下午 spec.jbb.JBBmain DoARun -> 信息:   started user thread for Warehouse 36
1月 02, 2026 9:45:14 下午 spec.jbb.JBBmain DoARun -> 信息:   started user thread for Warehouse 37
1月 02, 2026 9:45:14 下午 spec.jbb.JBBmain DoARun -> 信息:   started user thread for Warehouse 38
1月 02, 2026 9:45:14 下午 spec.jbb.JBBmain DoARun -> 信息:   started user thread for Warehouse 39
1月 02, 2026 9:45:14 下午 spec.jbb.JBBmain DoARun -> 信息:   started user thread for Warehouse 40
1月 02, 2026 9:45:14 下午 spec.jbb.JBBmain DoARun -> 信息:   started user thread for Warehouse 41
1月 02, 2026 9:45:14 下午 spec.jbb.JBBmain DoARun -> 信息:   started user thread for Warehouse 42
1月 02, 2026 9:45:14 下午 spec.jbb.JBBmain DoARun -> 信息:   started user thread for Warehouse 43
1月 02, 2026 9:45:14 下午 spec.jbb.JBBmain DoARun -> 信息:   started user thread for Warehouse 44
1月 02, 2026 9:45:14 下午 spec.jbb.JBBmain DoARun -> 信息:   started user thread for Warehouse 45
1月 02, 2026 9:45:14 下午 spec.jbb.JBBmain DoARun -> 信息:   started user thread for Warehouse 46
1月 02, 2026 9:45:14 下午 spec.jbb.JBBmain DoARun -> 信息:   started user thread for Warehouse 47
1月 02, 2026 9:45:14 下午 spec.jbb.JBBmain DoARun -> 信息:   started user thread for Warehouse 48
1月 02, 2026 9:45:14 下午 spec.jbb.JBBmain DoARun -> 信息:   started user thread for Warehouse 49
1月 02, 2026 9:45:14 下午 spec.jbb.JBBmain DoARun -> 信息:   started user thread for Warehouse 50
1月 02, 2026 9:45:14 下午 spec.jbb.JBBmain DoARun -> 信息:   started user thread for Warehouse 51
1月 02, 2026 9:45:14 下午 spec.jbb.JBBmain DoARun -> 信息:   started user thread for Warehouse 52
1月 02, 2026 9:45:14 下午 spec.jbb.JBBmain DoARun -> 信息:   started user thread for Warehouse 53
1月 02, 2026 9:45:14 下午 spec.jbb.JBBmain DoARun -> 信息:   started user thread for Warehouse 54
1月 02, 2026 9:45:14 下午 spec.jbb.JBBmain DoARun -> 信息:   started user thread for Warehouse 55
1月 02, 2026 9:45:14 下午 spec.jbb.JBBmain DoARun -> 信息:   started user thread for Warehouse 56
1月 02, 2026 9:45:14 下午 spec.jbb.JBBmain DoARun -> 信息:   started user thread for Warehouse 57
1月 02, 2026 9:45:14 下午 spec.jbb.JBBmain DoARun -> 信息:   started user thread for Warehouse 58
1月 02, 2026 9:45:14 下午 spec.jbb.JBBmain DoARun -> 信息:   started user thread for Warehouse 59
1月 02, 2026 9:45:14 下午 spec.jbb.JBBmain DoARun -> 信息:   started user thread for Warehouse 60
1月 02, 2026 9:45:14 下午 spec.jbb.JBBmain DoARun -> 信息:   started user thread for Warehouse 61
1月 02, 2026 9:45:14 下午 spec.jbb.JBBmain DoARun -> 信息:   started user thread for Warehouse 62
1月 02, 2026 9:45:14 下午 spec.jbb.JBBmain DoARun -> 信息:   started user thread for Warehouse 63
1月 02, 2026 9:45:14 下午 spec.jbb.JBBmain DoARun -> 信息:   started user thread for Warehouse 64
1月 02, 2026 9:45:14 下午 spec.jbb.JBBmain DoARun -> 信息:   started user thread for Warehouse 65
1月 02, 2026 9:45:14 下午 spec.jbb.JBBmain DoARun -> 信息:   started user thread for Warehouse 66
1月 02, 2026 9:45:14 下午 spec.jbb.JBBmain DoARun -> 信息:   started user thread for Warehouse 67
1月 02, 2026 9:45:14 下午 spec.jbb.JBBmain DoARun -> 信息:   started user thread for Warehouse 68
1月 02, 2026 9:45:14 下午 spec.jbb.JBBmain DoARun -> 信息:   started user thread for Warehouse 69
1月 02, 2026 9:45:14 下午 spec.jbb.JBBmain DoARun -> 信息:   started user thread for Warehouse 70
1月 02, 2026 9:45:14 下午 spec.jbb.JBBmain DoARun -> 信息:   started user thread for Warehouse 71
1月 02, 2026 9:45:14 下午 spec.jbb.JBBmain DoARun -> 信息:   started user thread for Warehouse 72
1月 02, 2026 9:45:14 下午 spec.jbb.JBBmain DoARun -> 信息:   started user thread for Warehouse 73
1月 02, 2026 9:45:14 下午 spec.jbb.JBBmain DoARun -> 信息:   started user thread for Warehouse 74
1月 02, 2026 9:45:14 下午 spec.jbb.JBBmain DoARun -> 信息:   started user thread for Warehouse 75
1月 02, 2026 9:45:14 下午 spec.jbb.JBBmain DoARun -> 信息:   started user thread for Warehouse 76
1月 02, 2026 9:45:14 下午 spec.jbb.JBBmain DoARun -> 信息:   started user thread for Warehouse 77
1月 02, 2026 9:45:14 下午 spec.jbb.JBBmain DoARun -> 信息:   started user thread for Warehouse 78
1月 02, 2026 9:45:14 下午 spec.jbb.JBBmain DoARun -> 信息:   started user thread for Warehouse 79
1月 02, 2026 9:45:14 下午 spec.jbb.JBBmain DoARun -> 信息:   started user thread for Warehouse 80
1月 02, 2026 9:45:14 下午 spec.jbb.JBBmain DoARun -> 信息:   started user thread for Warehouse 81
1月 02, 2026 9:45:14 下午 spec.jbb.JBBmain DoARun -> 信息:   started user thread for Warehouse 82
1月 02, 2026 9:45:14 下午 spec.jbb.JBBmain DoARun -> 信息:   started user thread for Warehouse 83
1月 02, 2026 9:45:14 下午 spec.jbb.JBBmain DoARun -> 信息:   started user thread for Warehouse 84
1月 02, 2026 9:45:14 下午 spec.jbb.JBBmain DoARun -> 信息:   started user thread for Warehouse 85
1月 02, 2026 9:45:14 下午 spec.jbb.JBBmain DoARun -> 信息:   started user thread for Warehouse 86
1月 02, 2026 9:45:14 下午 spec.jbb.JBBmain DoARun -> 信息:   started user thread for Warehouse 87
1月 02, 2026 9:45:14 下午 spec.jbb.JBBmain DoARun -> 信息:   started user thread for Warehouse 88
1月 02, 2026 9:45:14 下午 spec.jbb.JBBmain DoARun -> 信息:   started user thread for Warehouse 89
1月 02, 2026 9:45:14 下午 spec.jbb.JBBmain DoARun -> 信息:   started user thread for Warehouse 90
1月 02, 2026 9:45:14 下午 spec.jbb.JBBmain DoARun -> 信息:   started user thread for Warehouse 91
1月 02, 2026 9:45:14 下午 spec.jbb.JBBmain DoARun -> 信息:   started user thread for Warehouse 92
1月 02, 2026 9:45:14 下午 spec.jbb.JBBmain DoARun -> 信息:   started user thread for Warehouse 93
1月 02, 2026 9:45:14 下午 spec.jbb.JBBmain DoARun -> 信息:   started user thread for Warehouse 94
1月 02, 2026 9:45:14 下午 spec.jbb.JBBmain DoARun -> 信息:   started user thread for Warehouse 95
1月 02, 2026 9:45:14 下午 spec.jbb.JBBmain DoARun -> 信息:   started user thread for Warehouse 96
1月 02, 2026 9:45:14 下午 spec.jbb.JBBmain DoARun -> 信息:   started user thread for Warehouse 97
1月 02, 2026 9:45:14 下午 spec.jbb.JBBmain DoARun -> 信息:   started user thread for Warehouse 98
1月 02, 2026 9:45:14 下午 spec.jbb.JBBmain DoARun -> 信息:   started user thread for Warehouse 99
1月 02, 2026 9:45:14 下午 spec.jbb.JBBmain DoARun -> 信息:   started user thread for Warehouse 100
1月 02, 2026 9:45:14 下午 spec.jbb.JBBmain DoARun -> 信息:   started user thread for Warehouse 101
1月 02, 2026 9:45:14 下午 spec.jbb.JBBmain DoARun -> 信息:   started user thread for Warehouse 102
1月 02, 2026 9:45:14 下午 spec.jbb.JBBmain DoARun -> 信息:   started user thread for Warehouse 103
1月 02, 2026 9:45:14 下午 spec.jbb.JBBmain DoARun -> 信息:   started user thread for Warehouse 104
1月 02, 2026 9:45:14 下午 spec.jbb.JBBmain DoARun -> 信息:   started user thread for Warehouse 105
1月 02, 2026 9:45:14 下午 spec.jbb.JBBmain DoARun -> 信息:   started user thread for Warehouse 106
1月 02, 2026 9:45:14 下午 spec.jbb.JBBmain DoARun -> 信息:   started user thread for Warehouse 107
1月 02, 2026 9:45:14 下午 spec.jbb.JBBmain DoARun -> 信息:   started user thread for Warehouse 108
1月 02, 2026 9:45:14 下午 spec.jbb.Company displayResultTotals -> 信息: Timing Measurement began Fri Jan 02 21:45:14 CST 2026 for 4 minutes
1月 02, 2026 9:49:14 下午 spec.jbb.Company displayResultTotals -> 信息: Timing Measurement ended Fri Jan 02 21:49:14 CST 2026
1月 02, 2026 9:49:15 下午 spec.jbb.Company primeWithDummyData -> 信息: Loading Warehouse 109...
1月 02, 2026 9:49:15 下午 spec.jbb.JBBmain DoARun -> 信息: Start User Threads
1月 02, 2026 9:49:15 下午 spec.jbb.JBBmain DoARun -> 信息:   started user thread for Warehouse 1
1月 02, 2026 9:49:15 下午 spec.jbb.JBBmain DoARun -> 信息:   started user thread for Warehouse 2
1月 02, 2026 9:49:15 下午 spec.jbb.JBBmain DoARun -> 信息:   started user thread for Warehouse 3
1月 02, 2026 9:49:15 下午 spec.jbb.JBBmain DoARun -> 信息:   started user thread for Warehouse 4
1月 02, 2026 9:49:15 下午 spec.jbb.JBBmain DoARun -> 信息:   started user thread for Warehouse 5
1月 02, 2026 9:49:15 下午 spec.jbb.JBBmain DoARun -> 信息:   started user thread for Warehouse 6
1月 02, 2026 9:49:15 下午 spec.jbb.JBBmain DoARun -> 信息:   started user thread for Warehouse 7
1月 02, 2026 9:49:15 下午 spec.jbb.JBBmain DoARun -> 信息:   started user thread for Warehouse 8
1月 02, 2026 9:49:15 下午 spec.jbb.JBBmain DoARun -> 信息:   started user thread for Warehouse 9
1月 02, 2026 9:49:15 下午 spec.jbb.JBBmain DoARun -> 信息:   started user thread for Warehouse 10
1月 02, 2026 9:49:15 下午 spec.jbb.JBBmain DoARun -> 信息:   started user thread for Warehouse 11
1月 02, 2026 9:49:15 下午 spec.jbb.JBBmain DoARun -> 信息:   started user thread for Warehouse 12
1月 02, 2026 9:49:15 下午 spec.jbb.JBBmain DoARun -> 信息:   started user thread for Warehouse 13
1月 02, 2026 9:49:15 下午 spec.jbb.JBBmain DoARun -> 信息:   started user thread for Warehouse 14
1月 02, 2026 9:49:15 下午 spec.jbb.JBBmain DoARun -> 信息:   started user thread for Warehouse 15
1月 02, 2026 9:49:15 下午 spec.jbb.JBBmain DoARun -> 信息:   started user thread for Warehouse 16
1月 02, 2026 9:49:15 下午 spec.jbb.JBBmain DoARun -> 信息:   started user thread for Warehouse 17
1月 02, 2026 9:49:15 下午 spec.jbb.JBBmain DoARun -> 信息:   started user thread for Warehouse 18
1月 02, 2026 9:49:15 下午 spec.jbb.JBBmain DoARun -> 信息:   started user thread for Warehouse 19
1月 02, 2026 9:49:15 下午 spec.jbb.JBBmain DoARun -> 信息:   started user thread for Warehouse 20
1月 02, 2026 9:49:15 下午 spec.jbb.JBBmain DoARun -> 信息:   started user thread for Warehouse 21
1月 02, 2026 9:49:15 下午 spec.jbb.JBBmain DoARun -> 信息:   started user thread for Warehouse 22
1月 02, 2026 9:49:15 下午 spec.jbb.JBBmain DoARun -> 信息:   started user thread for Warehouse 23
1月 02, 2026 9:49:15 下午 spec.jbb.JBBmain DoARun -> 信息:   started user thread for Warehouse 24
1月 02, 2026 9:49:15 下午 spec.jbb.JBBmain DoARun -> 信息:   started user thread for Warehouse 25
1月 02, 2026 9:49:15 下午 spec.jbb.JBBmain DoARun -> 信息:   started user thread for Warehouse 26
1月 02, 2026 9:49:15 下午 spec.jbb.JBBmain DoARun -> 信息:   started user thread for Warehouse 27
1月 02, 2026 9:49:15 下午 spec.jbb.JBBmain DoARun -> 信息:   started user thread for Warehouse 28
1月 02, 2026 9:49:15 下午 spec.jbb.JBBmain DoARun -> 信息:   started user thread for Warehouse 29
1月 02, 2026 9:49:15 下午 spec.jbb.JBBmain DoARun -> 信息:   started user thread for Warehouse 30
1月 02, 2026 9:49:15 下午 spec.jbb.JBBmain DoARun -> 信息:   started user thread for Warehouse 31
1月 02, 2026 9:49:15 下午 spec.jbb.JBBmain DoARun -> 信息:   started user thread for Warehouse 32
1月 02, 2026 9:49:15 下午 spec.jbb.JBBmain DoARun -> 信息:   started user thread for Warehouse 33
1月 02, 2026 9:49:15 下午 spec.jbb.JBBmain DoARun -> 信息:   started user thread for Warehouse 34
1月 02, 2026 9:49:15 下午 spec.jbb.JBBmain DoARun -> 信息:   started user thread for Warehouse 35
1月 02, 2026 9:49:15 下午 spec.jbb.JBBmain DoARun -> 信息:   started user thread for Warehouse 36
1月 02, 2026 9:49:15 下午 spec.jbb.JBBmain DoARun -> 信息:   started user thread for Warehouse 37
1月 02, 2026 9:49:15 下午 spec.jbb.JBBmain DoARun -> 信息:   started user thread for Warehouse 38
1月 02, 2026 9:49:15 下午 spec.jbb.JBBmain DoARun -> 信息:   started user thread for Warehouse 39
1月 02, 2026 9:49:15 下午 spec.jbb.JBBmain DoARun -> 信息:   started user thread for Warehouse 40
1月 02, 2026 9:49:15 下午 spec.jbb.JBBmain DoARun -> 信息:   started user thread for Warehouse 41
1月 02, 2026 9:49:15 下午 spec.jbb.JBBmain DoARun -> 信息:   started user thread for Warehouse 42
1月 02, 2026 9:49:15 下午 spec.jbb.JBBmain DoARun -> 信息:   started user thread for Warehouse 43
1月 02, 2026 9:49:15 下午 spec.jbb.JBBmain DoARun -> 信息:   started user thread for Warehouse 44
1月 02, 2026 9:49:15 下午 spec.jbb.JBBmain DoARun -> 信息:   started user thread for Warehouse 45
1月 02, 2026 9:49:15 下午 spec.jbb.JBBmain DoARun -> 信息:   started user thread for Warehouse 46
1月 02, 2026 9:49:15 下午 spec.jbb.JBBmain DoARun -> 信息:   started user thread for Warehouse 47
1月 02, 2026 9:49:15 下午 spec.jbb.JBBmain DoARun -> 信息:   started user thread for Warehouse 48
1月 02, 2026 9:49:15 下午 spec.jbb.JBBmain DoARun -> 信息:   started user thread for Warehouse 49
1月 02, 2026 9:49:15 下午 spec.jbb.JBBmain DoARun -> 信息:   started user thread for Warehouse 50
1月 02, 2026 9:49:15 下午 spec.jbb.JBBmain DoARun -> 信息:   started user thread for Warehouse 51
1月 02, 2026 9:49:15 下午 spec.jbb.JBBmain DoARun -> 信息:   started user thread for Warehouse 52
1月 02, 2026 9:49:15 下午 spec.jbb.JBBmain DoARun -> 信息:   started user thread for Warehouse 53
1月 02, 2026 9:49:15 下午 spec.jbb.JBBmain DoARun -> 信息:   started user thread for Warehouse 54
1月 02, 2026 9:49:15 下午 spec.jbb.JBBmain DoARun -> 信息:   started user thread for Warehouse 55
1月 02, 2026 9:49:15 下午 spec.jbb.JBBmain DoARun -> 信息:   started user thread for Warehouse 56
1月 02, 2026 9:49:15 下午 spec.jbb.JBBmain DoARun -> 信息:   started user thread for Warehouse 57
1月 02, 2026 9:49:15 下午 spec.jbb.JBBmain DoARun -> 信息:   started user thread for Warehouse 58
1月 02, 2026 9:49:15 下午 spec.jbb.JBBmain DoARun -> 信息:   started user thread for Warehouse 59
1月 02, 2026 9:49:15 下午 spec.jbb.JBBmain DoARun -> 信息:   started user thread for Warehouse 60
1月 02, 2026 9:49:15 下午 spec.jbb.JBBmain DoARun -> 信息:   started user thread for Warehouse 61
1月 02, 2026 9:49:15 下午 spec.jbb.JBBmain DoARun -> 信息:   started user thread for Warehouse 62
1月 02, 2026 9:49:15 下午 spec.jbb.JBBmain DoARun -> 信息:   started user thread for Warehouse 63
1月 02, 2026 9:49:15 下午 spec.jbb.JBBmain DoARun -> 信息:   started user thread for Warehouse 64
1月 02, 2026 9:49:15 下午 spec.jbb.JBBmain DoARun -> 信息:   started user thread for Warehouse 65
1月 02, 2026 9:49:15 下午 spec.jbb.JBBmain DoARun -> 信息:   started user thread for Warehouse 66
1月 02, 2026 9:49:15 下午 spec.jbb.JBBmain DoARun -> 信息:   started user thread for Warehouse 67
1月 02, 2026 9:49:15 下午 spec.jbb.JBBmain DoARun -> 信息:   started user thread for Warehouse 68
1月 02, 2026 9:49:15 下午 spec.jbb.JBBmain DoARun -> 信息:   started user thread for Warehouse 69
1月 02, 2026 9:49:15 下午 spec.jbb.JBBmain DoARun -> 信息:   started user thread for Warehouse 70
1月 02, 2026 9:49:15 下午 spec.jbb.JBBmain DoARun -> 信息:   started user thread for Warehouse 71
1月 02, 2026 9:49:15 下午 spec.jbb.JBBmain DoARun -> 信息:   started user thread for Warehouse 72
1月 02, 2026 9:49:15 下午 spec.jbb.JBBmain DoARun -> 信息:   started user thread for Warehouse 73
1月 02, 2026 9:49:15 下午 spec.jbb.JBBmain DoARun -> 信息:   started user thread for Warehouse 74
1月 02, 2026 9:49:15 下午 spec.jbb.JBBmain DoARun -> 信息:   started user thread for Warehouse 75
1月 02, 2026 9:49:15 下午 spec.jbb.JBBmain DoARun -> 信息:   started user thread for Warehouse 76
1月 02, 2026 9:49:15 下午 spec.jbb.JBBmain DoARun -> 信息:   started user thread for Warehouse 77
1月 02, 2026 9:49:15 下午 spec.jbb.JBBmain DoARun -> 信息:   started user thread for Warehouse 78
1月 02, 2026 9:49:15 下午 spec.jbb.JBBmain DoARun -> 信息:   started user thread for Warehouse 79
1月 02, 2026 9:49:15 下午 spec.jbb.JBBmain DoARun -> 信息:   started user thread for Warehouse 80
1月 02, 2026 9:49:15 下午 spec.jbb.JBBmain DoARun -> 信息:   started user thread for Warehouse 81
1月 02, 2026 9:49:15 下午 spec.jbb.JBBmain DoARun -> 信息:   started user thread for Warehouse 82
1月 02, 2026 9:49:15 下午 spec.jbb.JBBmain DoARun -> 信息:   started user thread for Warehouse 83
1月 02, 2026 9:49:15 下午 spec.jbb.JBBmain DoARun -> 信息:   started user thread for Warehouse 84
1月 02, 2026 9:49:15 下午 spec.jbb.JBBmain DoARun -> 信息:   started user thread for Warehouse 85
1月 02, 2026 9:49:15 下午 spec.jbb.JBBmain DoARun -> 信息:   started user thread for Warehouse 86
1月 02, 2026 9:49:15 下午 spec.jbb.JBBmain DoARun -> 信息:   started user thread for Warehouse 87
1月 02, 2026 9:49:15 下午 spec.jbb.JBBmain DoARun -> 信息:   started user thread for Warehouse 88
1月 02, 2026 9:49:15 下午 spec.jbb.JBBmain DoARun -> 信息:   started user thread for Warehouse 89
1月 02, 2026 9:49:15 下午 spec.jbb.JBBmain DoARun -> 信息:   started user thread for Warehouse 90
1月 02, 2026 9:49:15 下午 spec.jbb.JBBmain DoARun -> 信息:   started user thread for Warehouse 91
1月 02, 2026 9:49:15 下午 spec.jbb.JBBmain DoARun -> 信息:   started user thread for Warehouse 92
1月 02, 2026 9:49:15 下午 spec.jbb.JBBmain DoARun -> 信息:   started user thread for Warehouse 93
1月 02, 2026 9:49:15 下午 spec.jbb.JBBmain DoARun -> 信息:   started user thread for Warehouse 94
1月 02, 2026 9:49:15 下午 spec.jbb.JBBmain DoARun -> 信息:   started user thread for Warehouse 95
1月 02, 2026 9:49:15 下午 spec.jbb.JBBmain DoARun -> 信息:   started user thread for Warehouse 96
1月 02, 2026 9:49:15 下午 spec.jbb.JBBmain DoARun -> 信息:   started user thread for Warehouse 97
1月 02, 2026 9:49:15 下午 spec.jbb.JBBmain DoARun -> 信息:   started user thread for Warehouse 98
1月 02, 2026 9:49:15 下午 spec.jbb.JBBmain DoARun -> 信息:   started user thread for Warehouse 99
1月 02, 2026 9:49:15 下午 spec.jbb.JBBmain DoARun -> 信息:   started user thread for Warehouse 100
1月 02, 2026 9:49:15 下午 spec.jbb.JBBmain DoARun -> 信息:   started user thread for Warehouse 101
1月 02, 2026 9:49:15 下午 spec.jbb.JBBmain DoARun -> 信息:   started user thread for Warehouse 102
1月 02, 2026 9:49:15 下午 spec.jbb.JBBmain DoARun -> 信息:   started user thread for Warehouse 103
1月 02, 2026 9:49:15 下午 spec.jbb.JBBmain DoARun -> 信息:   started user thread for Warehouse 104
1月 02, 2026 9:49:15 下午 spec.jbb.JBBmain DoARun -> 信息:   started user thread for Warehouse 105
1月 02, 2026 9:49:15 下午 spec.jbb.JBBmain DoARun -> 信息:   started user thread for Warehouse 106
1月 02, 2026 9:49:15 下午 spec.jbb.JBBmain DoARun -> 信息:   started user thread for Warehouse 107
1月 02, 2026 9:49:15 下午 spec.jbb.JBBmain DoARun -> 信息:   started user thread for Warehouse 108
1月 02, 2026 9:49:15 下午 spec.jbb.JBBmain DoARun -> 信息:   started user thread for Warehouse 109
1月 02, 2026 9:49:15 下午 spec.jbb.Company displayResultTotals -> 信息: Timing Measurement began Fri Jan 02 21:49:15 CST 2026 for 4 minutes
1月 02, 2026 9:53:15 下午 spec.jbb.Company displayResultTotals -> 信息: Timing Measurement ended Fri Jan 02 21:53:15 CST 2026
1月 02, 2026 9:53:15 下午 spec.jbb.Company primeWithDummyData -> 信息: Loading Warehouse 110...
1月 02, 2026 9:53:15 下午 spec.jbb.JBBmain DoARun -> 信息: Start User Threads
1月 02, 2026 9:53:15 下午 spec.jbb.JBBmain DoARun -> 信息:   started user thread for Warehouse 1
1月 02, 2026 9:53:15 下午 spec.jbb.JBBmain DoARun -> 信息:   started user thread for Warehouse 2
1月 02, 2026 9:53:15 下午 spec.jbb.JBBmain DoARun -> 信息:   started user thread for Warehouse 3
1月 02, 2026 9:53:15 下午 spec.jbb.JBBmain DoARun -> 信息:   started user thread for Warehouse 4
1月 02, 2026 9:53:15 下午 spec.jbb.JBBmain DoARun -> 信息:   started user thread for Warehouse 5
1月 02, 2026 9:53:15 下午 spec.jbb.JBBmain DoARun -> 信息:   started user thread for Warehouse 6
1月 02, 2026 9:53:15 下午 spec.jbb.JBBmain DoARun -> 信息:   started user thread for Warehouse 7
1月 02, 2026 9:53:15 下午 spec.jbb.JBBmain DoARun -> 信息:   started user thread for Warehouse 8
1月 02, 2026 9:53:15 下午 spec.jbb.JBBmain DoARun -> 信息:   started user thread for Warehouse 9
1月 02, 2026 9:53:15 下午 spec.jbb.JBBmain DoARun -> 信息:   started user thread for Warehouse 10
1月 02, 2026 9:53:15 下午 spec.jbb.JBBmain DoARun -> 信息:   started user thread for Warehouse 11
1月 02, 2026 9:53:15 下午 spec.jbb.JBBmain DoARun -> 信息:   started user thread for Warehouse 12
1月 02, 2026 9:53:15 下午 spec.jbb.JBBmain DoARun -> 信息:   started user thread for Warehouse 13
1月 02, 2026 9:53:15 下午 spec.jbb.JBBmain DoARun -> 信息:   started user thread for Warehouse 14
1月 02, 2026 9:53:15 下午 spec.jbb.JBBmain DoARun -> 信息:   started user thread for Warehouse 15
1月 02, 2026 9:53:15 下午 spec.jbb.JBBmain DoARun -> 信息:   started user thread for Warehouse 16
1月 02, 2026 9:53:15 下午 spec.jbb.JBBmain DoARun -> 信息:   started user thread for Warehouse 17
1月 02, 2026 9:53:15 下午 spec.jbb.JBBmain DoARun -> 信息:   started user thread for Warehouse 18
1月 02, 2026 9:53:15 下午 spec.jbb.JBBmain DoARun -> 信息:   started user thread for Warehouse 19
1月 02, 2026 9:53:15 下午 spec.jbb.JBBmain DoARun -> 信息:   started user thread for Warehouse 20
1月 02, 2026 9:53:15 下午 spec.jbb.JBBmain DoARun -> 信息:   started user thread for Warehouse 21
1月 02, 2026 9:53:15 下午 spec.jbb.JBBmain DoARun -> 信息:   started user thread for Warehouse 22
1月 02, 2026 9:53:15 下午 spec.jbb.JBBmain DoARun -> 信息:   started user thread for Warehouse 23
1月 02, 2026 9:53:15 下午 spec.jbb.JBBmain DoARun -> 信息:   started user thread for Warehouse 24
1月 02, 2026 9:53:15 下午 spec.jbb.JBBmain DoARun -> 信息:   started user thread for Warehouse 25
1月 02, 2026 9:53:15 下午 spec.jbb.JBBmain DoARun -> 信息:   started user thread for Warehouse 26
1月 02, 2026 9:53:15 下午 spec.jbb.JBBmain DoARun -> 信息:   started user thread for Warehouse 27
1月 02, 2026 9:53:15 下午 spec.jbb.JBBmain DoARun -> 信息:   started user thread for Warehouse 28
1月 02, 2026 9:53:15 下午 spec.jbb.JBBmain DoARun -> 信息:   started user thread for Warehouse 29
1月 02, 2026 9:53:15 下午 spec.jbb.JBBmain DoARun -> 信息:   started user thread for Warehouse 30
1月 02, 2026 9:53:15 下午 spec.jbb.JBBmain DoARun -> 信息:   started user thread for Warehouse 31
1月 02, 2026 9:53:15 下午 spec.jbb.JBBmain DoARun -> 信息:   started user thread for Warehouse 32
1月 02, 2026 9:53:15 下午 spec.jbb.JBBmain DoARun -> 信息:   started user thread for Warehouse 33
1月 02, 2026 9:53:15 下午 spec.jbb.JBBmain DoARun -> 信息:   started user thread for Warehouse 34
1月 02, 2026 9:53:15 下午 spec.jbb.JBBmain DoARun -> 信息:   started user thread for Warehouse 35
1月 02, 2026 9:53:15 下午 spec.jbb.JBBmain DoARun -> 信息:   started user thread for Warehouse 36
1月 02, 2026 9:53:15 下午 spec.jbb.JBBmain DoARun -> 信息:   started user thread for Warehouse 37
1月 02, 2026 9:53:15 下午 spec.jbb.JBBmain DoARun -> 信息:   started user thread for Warehouse 38
1月 02, 2026 9:53:15 下午 spec.jbb.JBBmain DoARun -> 信息:   started user thread for Warehouse 39
1月 02, 2026 9:53:15 下午 spec.jbb.JBBmain DoARun -> 信息:   started user thread for Warehouse 40
1月 02, 2026 9:53:15 下午 spec.jbb.JBBmain DoARun -> 信息:   started user thread for Warehouse 41
1月 02, 2026 9:53:15 下午 spec.jbb.JBBmain DoARun -> 信息:   started user thread for Warehouse 42
1月 02, 2026 9:53:15 下午 spec.jbb.JBBmain DoARun -> 信息:   started user thread for Warehouse 43
1月 02, 2026 9:53:15 下午 spec.jbb.JBBmain DoARun -> 信息:   started user thread for Warehouse 44
1月 02, 2026 9:53:15 下午 spec.jbb.JBBmain DoARun -> 信息:   started user thread for Warehouse 45
1月 02, 2026 9:53:15 下午 spec.jbb.JBBmain DoARun -> 信息:   started user thread for Warehouse 46
1月 02, 2026 9:53:15 下午 spec.jbb.JBBmain DoARun -> 信息:   started user thread for Warehouse 47
1月 02, 2026 9:53:15 下午 spec.jbb.JBBmain DoARun -> 信息:   started user thread for Warehouse 48
1月 02, 2026 9:53:15 下午 spec.jbb.JBBmain DoARun -> 信息:   started user thread for Warehouse 49
1月 02, 2026 9:53:15 下午 spec.jbb.JBBmain DoARun -> 信息:   started user thread for Warehouse 50
1月 02, 2026 9:53:15 下午 spec.jbb.JBBmain DoARun -> 信息:   started user thread for Warehouse 51
1月 02, 2026 9:53:15 下午 spec.jbb.JBBmain DoARun -> 信息:   started user thread for Warehouse 52
1月 02, 2026 9:53:15 下午 spec.jbb.JBBmain DoARun -> 信息:   started user thread for Warehouse 53
1月 02, 2026 9:53:15 下午 spec.jbb.JBBmain DoARun -> 信息:   started user thread for Warehouse 54
1月 02, 2026 9:53:15 下午 spec.jbb.JBBmain DoARun -> 信息:   started user thread for Warehouse 55
1月 02, 2026 9:53:15 下午 spec.jbb.JBBmain DoARun -> 信息:   started user thread for Warehouse 56
1月 02, 2026 9:53:15 下午 spec.jbb.JBBmain DoARun -> 信息:   started user thread for Warehouse 57
1月 02, 2026 9:53:15 下午 spec.jbb.JBBmain DoARun -> 信息:   started user thread for Warehouse 58
1月 02, 2026 9:53:15 下午 spec.jbb.JBBmain DoARun -> 信息:   started user thread for Warehouse 59
1月 02, 2026 9:53:15 下午 spec.jbb.JBBmain DoARun -> 信息:   started user thread for Warehouse 60
1月 02, 2026 9:53:15 下午 spec.jbb.JBBmain DoARun -> 信息:   started user thread for Warehouse 61
1月 02, 2026 9:53:15 下午 spec.jbb.JBBmain DoARun -> 信息:   started user thread for Warehouse 62
1月 02, 2026 9:53:15 下午 spec.jbb.JBBmain DoARun -> 信息:   started user thread for Warehouse 63
1月 02, 2026 9:53:15 下午 spec.jbb.JBBmain DoARun -> 信息:   started user thread for Warehouse 64
1月 02, 2026 9:53:15 下午 spec.jbb.JBBmain DoARun -> 信息:   started user thread for Warehouse 65
1月 02, 2026 9:53:15 下午 spec.jbb.JBBmain DoARun -> 信息:   started user thread for Warehouse 66
1月 02, 2026 9:53:15 下午 spec.jbb.JBBmain DoARun -> 信息:   started user thread for Warehouse 67
1月 02, 2026 9:53:15 下午 spec.jbb.JBBmain DoARun -> 信息:   started user thread for Warehouse 68
1月 02, 2026 9:53:15 下午 spec.jbb.JBBmain DoARun -> 信息:   started user thread for Warehouse 69
1月 02, 2026 9:53:15 下午 spec.jbb.JBBmain DoARun -> 信息:   started user thread for Warehouse 70
1月 02, 2026 9:53:15 下午 spec.jbb.JBBmain DoARun -> 信息:   started user thread for Warehouse 71
1月 02, 2026 9:53:15 下午 spec.jbb.JBBmain DoARun -> 信息:   started user thread for Warehouse 72
1月 02, 2026 9:53:15 下午 spec.jbb.JBBmain DoARun -> 信息:   started user thread for Warehouse 73
1月 02, 2026 9:53:15 下午 spec.jbb.JBBmain DoARun -> 信息:   started user thread for Warehouse 74
1月 02, 2026 9:53:15 下午 spec.jbb.JBBmain DoARun -> 信息:   started user thread for Warehouse 75
1月 02, 2026 9:53:15 下午 spec.jbb.JBBmain DoARun -> 信息:   started user thread for Warehouse 76
1月 02, 2026 9:53:15 下午 spec.jbb.JBBmain DoARun -> 信息:   started user thread for Warehouse 77
1月 02, 2026 9:53:15 下午 spec.jbb.JBBmain DoARun -> 信息:   started user thread for Warehouse 78
1月 02, 2026 9:53:15 下午 spec.jbb.JBBmain DoARun -> 信息:   started user thread for Warehouse 79
1月 02, 2026 9:53:15 下午 spec.jbb.JBBmain DoARun -> 信息:   started user thread for Warehouse 80
1月 02, 2026 9:53:15 下午 spec.jbb.JBBmain DoARun -> 信息:   started user thread for Warehouse 81
1月 02, 2026 9:53:15 下午 spec.jbb.JBBmain DoARun -> 信息:   started user thread for Warehouse 82
1月 02, 2026 9:53:15 下午 spec.jbb.JBBmain DoARun -> 信息:   started user thread for Warehouse 83
1月 02, 2026 9:53:15 下午 spec.jbb.JBBmain DoARun -> 信息:   started user thread for Warehouse 84
1月 02, 2026 9:53:15 下午 spec.jbb.JBBmain DoARun -> 信息:   started user thread for Warehouse 85
1月 02, 2026 9:53:15 下午 spec.jbb.JBBmain DoARun -> 信息:   started user thread for Warehouse 86
1月 02, 2026 9:53:15 下午 spec.jbb.JBBmain DoARun -> 信息:   started user thread for Warehouse 87
1月 02, 2026 9:53:15 下午 spec.jbb.JBBmain DoARun -> 信息:   started user thread for Warehouse 88
1月 02, 2026 9:53:15 下午 spec.jbb.JBBmain DoARun -> 信息:   started user thread for Warehouse 89
1月 02, 2026 9:53:15 下午 spec.jbb.JBBmain DoARun -> 信息:   started user thread for Warehouse 90
1月 02, 2026 9:53:15 下午 spec.jbb.JBBmain DoARun -> 信息:   started user thread for Warehouse 91
1月 02, 2026 9:53:15 下午 spec.jbb.JBBmain DoARun -> 信息:   started user thread for Warehouse 92
1月 02, 2026 9:53:15 下午 spec.jbb.JBBmain DoARun -> 信息:   started user thread for Warehouse 93
1月 02, 2026 9:53:15 下午 spec.jbb.JBBmain DoARun -> 信息:   started user thread for Warehouse 94
1月 02, 2026 9:53:15 下午 spec.jbb.JBBmain DoARun -> 信息:   started user thread for Warehouse 95
1月 02, 2026 9:53:15 下午 spec.jbb.JBBmain DoARun -> 信息:   started user thread for Warehouse 96
1月 02, 2026 9:53:15 下午 spec.jbb.JBBmain DoARun -> 信息:   started user thread for Warehouse 97
1月 02, 2026 9:53:15 下午 spec.jbb.JBBmain DoARun -> 信息:   started user thread for Warehouse 98
1月 02, 2026 9:53:15 下午 spec.jbb.JBBmain DoARun -> 信息:   started user thread for Warehouse 99
1月 02, 2026 9:53:15 下午 spec.jbb.JBBmain DoARun -> 信息:   started user thread for Warehouse 100
1月 02, 2026 9:53:15 下午 spec.jbb.JBBmain DoARun -> 信息:   started user thread for Warehouse 101
1月 02, 2026 9:53:15 下午 spec.jbb.JBBmain DoARun -> 信息:   started user thread for Warehouse 102
1月 02, 2026 9:53:15 下午 spec.jbb.JBBmain DoARun -> 信息:   started user thread for Warehouse 103
1月 02, 2026 9:53:15 下午 spec.jbb.JBBmain DoARun -> 信息:   started user thread for Warehouse 104
1月 02, 2026 9:53:15 下午 spec.jbb.JBBmain DoARun -> 信息:   started user thread for Warehouse 105
1月 02, 2026 9:53:15 下午 spec.jbb.JBBmain DoARun -> 信息:   started user thread for Warehouse 106
1月 02, 2026 9:53:15 下午 spec.jbb.JBBmain DoARun -> 信息:   started user thread for Warehouse 107
1月 02, 2026 9:53:15 下午 spec.jbb.JBBmain DoARun -> 信息:   started user thread for Warehouse 108
1月 02, 2026 9:53:15 下午 spec.jbb.JBBmain DoARun -> 信息:   started user thread for Warehouse 109
1月 02, 2026 9:53:15 下午 spec.jbb.JBBmain DoARun -> 信息:   started user thread for Warehouse 110
1月 02, 2026 9:53:15 下午 spec.jbb.Company displayResultTotals -> 信息: Timing Measurement began Fri Jan 02 21:53:15 CST 2026 for 4 minutes
1月 02, 2026 9:57:15 下午 spec.jbb.Company displayResultTotals -> 信息: Timing Measurement ended Fri Jan 02 21:57:15 CST 2026
1月 02, 2026 9:57:15 下午 spec.jbb.Company primeWithDummyData -> 信息: Loading Warehouse 111...
1月 02, 2026 9:57:16 下午 spec.jbb.JBBmain DoARun -> 信息: Start User Threads
1月 02, 2026 9:57:16 下午 spec.jbb.JBBmain DoARun -> 信息:   started user thread for Warehouse 1
1月 02, 2026 9:57:16 下午 spec.jbb.JBBmain DoARun -> 信息:   started user thread for Warehouse 2
1月 02, 2026 9:57:16 下午 spec.jbb.JBBmain DoARun -> 信息:   started user thread for Warehouse 3
1月 02, 2026 9:57:16 下午 spec.jbb.JBBmain DoARun -> 信息:   started user thread for Warehouse 4
1月 02, 2026 9:57:16 下午 spec.jbb.JBBmain DoARun -> 信息:   started user thread for Warehouse 5
1月 02, 2026 9:57:16 下午 spec.jbb.JBBmain DoARun -> 信息:   started user thread for Warehouse 6
1月 02, 2026 9:57:16 下午 spec.jbb.JBBmain DoARun -> 信息:   started user thread for Warehouse 7
1月 02, 2026 9:57:16 下午 spec.jbb.JBBmain DoARun -> 信息:   started user thread for Warehouse 8
1月 02, 2026 9:57:16 下午 spec.jbb.JBBmain DoARun -> 信息:   started user thread for Warehouse 9
1月 02, 2026 9:57:16 下午 spec.jbb.JBBmain DoARun -> 信息:   started user thread for Warehouse 10
1月 02, 2026 9:57:16 下午 spec.jbb.JBBmain DoARun -> 信息:   started user thread for Warehouse 11
1月 02, 2026 9:57:16 下午 spec.jbb.JBBmain DoARun -> 信息:   started user thread for Warehouse 12
1月 02, 2026 9:57:16 下午 spec.jbb.JBBmain DoARun -> 信息:   started user thread for Warehouse 13
1月 02, 2026 9:57:16 下午 spec.jbb.JBBmain DoARun -> 信息:   started user thread for Warehouse 14
1月 02, 2026 9:57:16 下午 spec.jbb.JBBmain DoARun -> 信息:   started user thread for Warehouse 15
1月 02, 2026 9:57:16 下午 spec.jbb.JBBmain DoARun -> 信息:   started user thread for Warehouse 16
1月 02, 2026 9:57:16 下午 spec.jbb.JBBmain DoARun -> 信息:   started user thread for Warehouse 17
1月 02, 2026 9:57:16 下午 spec.jbb.JBBmain DoARun -> 信息:   started user thread for Warehouse 18
1月 02, 2026 9:57:16 下午 spec.jbb.JBBmain DoARun -> 信息:   started user thread for Warehouse 19
1月 02, 2026 9:57:16 下午 spec.jbb.JBBmain DoARun -> 信息:   started user thread for Warehouse 20
1月 02, 2026 9:57:16 下午 spec.jbb.JBBmain DoARun -> 信息:   started user thread for Warehouse 21
1月 02, 2026 9:57:16 下午 spec.jbb.JBBmain DoARun -> 信息:   started user thread for Warehouse 22
1月 02, 2026 9:57:16 下午 spec.jbb.JBBmain DoARun -> 信息:   started user thread for Warehouse 23
1月 02, 2026 9:57:16 下午 spec.jbb.JBBmain DoARun -> 信息:   started user thread for Warehouse 24
1月 02, 2026 9:57:16 下午 spec.jbb.JBBmain DoARun -> 信息:   started user thread for Warehouse 25
1月 02, 2026 9:57:16 下午 spec.jbb.JBBmain DoARun -> 信息:   started user thread for Warehouse 26
1月 02, 2026 9:57:16 下午 spec.jbb.JBBmain DoARun -> 信息:   started user thread for Warehouse 27
1月 02, 2026 9:57:16 下午 spec.jbb.JBBmain DoARun -> 信息:   started user thread for Warehouse 28
1月 02, 2026 9:57:16 下午 spec.jbb.JBBmain DoARun -> 信息:   started user thread for Warehouse 29
1月 02, 2026 9:57:16 下午 spec.jbb.JBBmain DoARun -> 信息:   started user thread for Warehouse 30
1月 02, 2026 9:57:16 下午 spec.jbb.JBBmain DoARun -> 信息:   started user thread for Warehouse 31
1月 02, 2026 9:57:16 下午 spec.jbb.JBBmain DoARun -> 信息:   started user thread for Warehouse 32
1月 02, 2026 9:57:16 下午 spec.jbb.JBBmain DoARun -> 信息:   started user thread for Warehouse 33
1月 02, 2026 9:57:16 下午 spec.jbb.JBBmain DoARun -> 信息:   started user thread for Warehouse 34
1月 02, 2026 9:57:16 下午 spec.jbb.JBBmain DoARun -> 信息:   started user thread for Warehouse 35
1月 02, 2026 9:57:16 下午 spec.jbb.JBBmain DoARun -> 信息:   started user thread for Warehouse 36
1月 02, 2026 9:57:16 下午 spec.jbb.JBBmain DoARun -> 信息:   started user thread for Warehouse 37
1月 02, 2026 9:57:16 下午 spec.jbb.JBBmain DoARun -> 信息:   started user thread for Warehouse 38
1月 02, 2026 9:57:16 下午 spec.jbb.JBBmain DoARun -> 信息:   started user thread for Warehouse 39
1月 02, 2026 9:57:16 下午 spec.jbb.JBBmain DoARun -> 信息:   started user thread for Warehouse 40
1月 02, 2026 9:57:16 下午 spec.jbb.JBBmain DoARun -> 信息:   started user thread for Warehouse 41
1月 02, 2026 9:57:16 下午 spec.jbb.JBBmain DoARun -> 信息:   started user thread for Warehouse 42
1月 02, 2026 9:57:16 下午 spec.jbb.JBBmain DoARun -> 信息:   started user thread for Warehouse 43
1月 02, 2026 9:57:16 下午 spec.jbb.JBBmain DoARun -> 信息:   started user thread for Warehouse 44
1月 02, 2026 9:57:16 下午 spec.jbb.JBBmain DoARun -> 信息:   started user thread for Warehouse 45
1月 02, 2026 9:57:16 下午 spec.jbb.JBBmain DoARun -> 信息:   started user thread for Warehouse 46
1月 02, 2026 9:57:16 下午 spec.jbb.JBBmain DoARun -> 信息:   started user thread for Warehouse 47
1月 02, 2026 9:57:16 下午 spec.jbb.JBBmain DoARun -> 信息:   started user thread for Warehouse 48
1月 02, 2026 9:57:16 下午 spec.jbb.JBBmain DoARun -> 信息:   started user thread for Warehouse 49
1月 02, 2026 9:57:16 下午 spec.jbb.JBBmain DoARun -> 信息:   started user thread for Warehouse 50
1月 02, 2026 9:57:16 下午 spec.jbb.JBBmain DoARun -> 信息:   started user thread for Warehouse 51
1月 02, 2026 9:57:16 下午 spec.jbb.JBBmain DoARun -> 信息:   started user thread for Warehouse 52
1月 02, 2026 9:57:16 下午 spec.jbb.JBBmain DoARun -> 信息:   started user thread for Warehouse 53
1月 02, 2026 9:57:16 下午 spec.jbb.JBBmain DoARun -> 信息:   started user thread for Warehouse 54
1月 02, 2026 9:57:16 下午 spec.jbb.JBBmain DoARun -> 信息:   started user thread for Warehouse 55
1月 02, 2026 9:57:16 下午 spec.jbb.JBBmain DoARun -> 信息:   started user thread for Warehouse 56
1月 02, 2026 9:57:16 下午 spec.jbb.JBBmain DoARun -> 信息:   started user thread for Warehouse 57
1月 02, 2026 9:57:16 下午 spec.jbb.JBBmain DoARun -> 信息:   started user thread for Warehouse 58
1月 02, 2026 9:57:16 下午 spec.jbb.JBBmain DoARun -> 信息:   started user thread for Warehouse 59
1月 02, 2026 9:57:16 下午 spec.jbb.JBBmain DoARun -> 信息:   started user thread for Warehouse 60
1月 02, 2026 9:57:16 下午 spec.jbb.JBBmain DoARun -> 信息:   started user thread for Warehouse 61
1月 02, 2026 9:57:16 下午 spec.jbb.JBBmain DoARun -> 信息:   started user thread for Warehouse 62
1月 02, 2026 9:57:16 下午 spec.jbb.JBBmain DoARun -> 信息:   started user thread for Warehouse 63
1月 02, 2026 9:57:16 下午 spec.jbb.JBBmain DoARun -> 信息:   started user thread for Warehouse 64
1月 02, 2026 9:57:16 下午 spec.jbb.JBBmain DoARun -> 信息:   started user thread for Warehouse 65
1月 02, 2026 9:57:16 下午 spec.jbb.JBBmain DoARun -> 信息:   started user thread for Warehouse 66
1月 02, 2026 9:57:16 下午 spec.jbb.JBBmain DoARun -> 信息:   started user thread for Warehouse 67
1月 02, 2026 9:57:16 下午 spec.jbb.JBBmain DoARun -> 信息:   started user thread for Warehouse 68
1月 02, 2026 9:57:16 下午 spec.jbb.JBBmain DoARun -> 信息:   started user thread for Warehouse 69
1月 02, 2026 9:57:16 下午 spec.jbb.JBBmain DoARun -> 信息:   started user thread for Warehouse 70
1月 02, 2026 9:57:16 下午 spec.jbb.JBBmain DoARun -> 信息:   started user thread for Warehouse 71
1月 02, 2026 9:57:16 下午 spec.jbb.JBBmain DoARun -> 信息:   started user thread for Warehouse 72
1月 02, 2026 9:57:16 下午 spec.jbb.JBBmain DoARun -> 信息:   started user thread for Warehouse 73
1月 02, 2026 9:57:16 下午 spec.jbb.JBBmain DoARun -> 信息:   started user thread for Warehouse 74
1月 02, 2026 9:57:16 下午 spec.jbb.JBBmain DoARun -> 信息:   started user thread for Warehouse 75
1月 02, 2026 9:57:16 下午 spec.jbb.JBBmain DoARun -> 信息:   started user thread for Warehouse 76
1月 02, 2026 9:57:16 下午 spec.jbb.JBBmain DoARun -> 信息:   started user thread for Warehouse 77
1月 02, 2026 9:57:16 下午 spec.jbb.JBBmain DoARun -> 信息:   started user thread for Warehouse 78
1月 02, 2026 9:57:16 下午 spec.jbb.JBBmain DoARun -> 信息:   started user thread for Warehouse 79
1月 02, 2026 9:57:16 下午 spec.jbb.JBBmain DoARun -> 信息:   started user thread for Warehouse 80
1月 02, 2026 9:57:16 下午 spec.jbb.JBBmain DoARun -> 信息:   started user thread for Warehouse 81
1月 02, 2026 9:57:16 下午 spec.jbb.JBBmain DoARun -> 信息:   started user thread for Warehouse 82
1月 02, 2026 9:57:16 下午 spec.jbb.JBBmain DoARun -> 信息:   started user thread for Warehouse 83
1月 02, 2026 9:57:16 下午 spec.jbb.JBBmain DoARun -> 信息:   started user thread for Warehouse 84
1月 02, 2026 9:57:16 下午 spec.jbb.JBBmain DoARun -> 信息:   started user thread for Warehouse 85
1月 02, 2026 9:57:16 下午 spec.jbb.JBBmain DoARun -> 信息:   started user thread for Warehouse 86
1月 02, 2026 9:57:16 下午 spec.jbb.JBBmain DoARun -> 信息:   started user thread for Warehouse 87
1月 02, 2026 9:57:16 下午 spec.jbb.JBBmain DoARun -> 信息:   started user thread for Warehouse 88
1月 02, 2026 9:57:16 下午 spec.jbb.JBBmain DoARun -> 信息:   started user thread for Warehouse 89
1月 02, 2026 9:57:16 下午 spec.jbb.JBBmain DoARun -> 信息:   started user thread for Warehouse 90
1月 02, 2026 9:57:16 下午 spec.jbb.JBBmain DoARun -> 信息:   started user thread for Warehouse 91
1月 02, 2026 9:57:16 下午 spec.jbb.JBBmain DoARun -> 信息:   started user thread for Warehouse 92
1月 02, 2026 9:57:16 下午 spec.jbb.JBBmain DoARun -> 信息:   started user thread for Warehouse 93
1月 02, 2026 9:57:16 下午 spec.jbb.JBBmain DoARun -> 信息:   started user thread for Warehouse 94
1月 02, 2026 9:57:16 下午 spec.jbb.JBBmain DoARun -> 信息:   started user thread for Warehouse 95
1月 02, 2026 9:57:16 下午 spec.jbb.JBBmain DoARun -> 信息:   started user thread for Warehouse 96
1月 02, 2026 9:57:16 下午 spec.jbb.JBBmain DoARun -> 信息:   started user thread for Warehouse 97
1月 02, 2026 9:57:16 下午 spec.jbb.JBBmain DoARun -> 信息:   started user thread for Warehouse 98
1月 02, 2026 9:57:16 下午 spec.jbb.JBBmain DoARun -> 信息:   started user thread for Warehouse 99
1月 02, 2026 9:57:16 下午 spec.jbb.JBBmain DoARun -> 信息:   started user thread for Warehouse 100
1月 02, 2026 9:57:16 下午 spec.jbb.JBBmain DoARun -> 信息:   started user thread for Warehouse 101
1月 02, 2026 9:57:16 下午 spec.jbb.JBBmain DoARun -> 信息:   started user thread for Warehouse 102
1月 02, 2026 9:57:16 下午 spec.jbb.JBBmain DoARun -> 信息:   started user thread for Warehouse 103
1月 02, 2026 9:57:16 下午 spec.jbb.JBBmain DoARun -> 信息:   started user thread for Warehouse 104
1月 02, 2026 9:57:16 下午 spec.jbb.JBBmain DoARun -> 信息:   started user thread for Warehouse 105
1月 02, 2026 9:57:16 下午 spec.jbb.JBBmain DoARun -> 信息:   started user thread for Warehouse 106
1月 02, 2026 9:57:16 下午 spec.jbb.JBBmain DoARun -> 信息:   started user thread for Warehouse 107
1月 02, 2026 9:57:16 下午 spec.jbb.JBBmain DoARun -> 信息:   started user thread for Warehouse 108
1月 02, 2026 9:57:16 下午 spec.jbb.JBBmain DoARun -> 信息:   started user thread for Warehouse 109
1月 02, 2026 9:57:16 下午 spec.jbb.JBBmain DoARun -> 信息:   started user thread for Warehouse 110
1月 02, 2026 9:57:16 下午 spec.jbb.JBBmain DoARun -> 信息:   started user thread for Warehouse 111
1月 02, 2026 9:57:16 下午 spec.jbb.Company displayResultTotals -> 信息: Timing Measurement began Fri Jan 02 21:57:16 CST 2026 for 4 minutes
1月 02, 2026 10:01:16 下午 spec.jbb.Company displayResultTotals -> 信息: Timing Measurement ended Fri Jan 02 22:01:16 CST 2026
1月 02, 2026 10:01:16 下午 spec.jbb.Company primeWithDummyData -> 信息: Loading Warehouse 112...
1月 02, 2026 10:01:16 下午 spec.jbb.JBBmain DoARun -> 信息: Start User Threads
1月 02, 2026 10:01:16 下午 spec.jbb.JBBmain DoARun -> 信息:   started user thread for Warehouse 1
1月 02, 2026 10:01:16 下午 spec.jbb.JBBmain DoARun -> 信息:   started user thread for Warehouse 2
1月 02, 2026 10:01:16 下午 spec.jbb.JBBmain DoARun -> 信息:   started user thread for Warehouse 3
1月 02, 2026 10:01:16 下午 spec.jbb.JBBmain DoARun -> 信息:   started user thread for Warehouse 4
1月 02, 2026 10:01:16 下午 spec.jbb.JBBmain DoARun -> 信息:   started user thread for Warehouse 5
1月 02, 2026 10:01:16 下午 spec.jbb.JBBmain DoARun -> 信息:   started user thread for Warehouse 6
1月 02, 2026 10:01:16 下午 spec.jbb.JBBmain DoARun -> 信息:   started user thread for Warehouse 7
1月 02, 2026 10:01:16 下午 spec.jbb.JBBmain DoARun -> 信息:   started user thread for Warehouse 8
1月 02, 2026 10:01:16 下午 spec.jbb.JBBmain DoARun -> 信息:   started user thread for Warehouse 9
1月 02, 2026 10:01:16 下午 spec.jbb.JBBmain DoARun -> 信息:   started user thread for Warehouse 10
1月 02, 2026 10:01:16 下午 spec.jbb.JBBmain DoARun -> 信息:   started user thread for Warehouse 11
1月 02, 2026 10:01:16 下午 spec.jbb.JBBmain DoARun -> 信息:   started user thread for Warehouse 12
1月 02, 2026 10:01:16 下午 spec.jbb.JBBmain DoARun -> 信息:   started user thread for Warehouse 13
1月 02, 2026 10:01:16 下午 spec.jbb.JBBmain DoARun -> 信息:   started user thread for Warehouse 14
1月 02, 2026 10:01:16 下午 spec.jbb.JBBmain DoARun -> 信息:   started user thread for Warehouse 15
1月 02, 2026 10:01:16 下午 spec.jbb.JBBmain DoARun -> 信息:   started user thread for Warehouse 16
1月 02, 2026 10:01:16 下午 spec.jbb.JBBmain DoARun -> 信息:   started user thread for Warehouse 17
1月 02, 2026 10:01:16 下午 spec.jbb.JBBmain DoARun -> 信息:   started user thread for Warehouse 18
1月 02, 2026 10:01:16 下午 spec.jbb.JBBmain DoARun -> 信息:   started user thread for Warehouse 19
1月 02, 2026 10:01:16 下午 spec.jbb.JBBmain DoARun -> 信息:   started user thread for Warehouse 20
1月 02, 2026 10:01:16 下午 spec.jbb.JBBmain DoARun -> 信息:   started user thread for Warehouse 21
1月 02, 2026 10:01:16 下午 spec.jbb.JBBmain DoARun -> 信息:   started user thread for Warehouse 22
1月 02, 2026 10:01:16 下午 spec.jbb.JBBmain DoARun -> 信息:   started user thread for Warehouse 23
1月 02, 2026 10:01:16 下午 spec.jbb.JBBmain DoARun -> 信息:   started user thread for Warehouse 24
1月 02, 2026 10:01:16 下午 spec.jbb.JBBmain DoARun -> 信息:   started user thread for Warehouse 25
1月 02, 2026 10:01:16 下午 spec.jbb.JBBmain DoARun -> 信息:   started user thread for Warehouse 26
1月 02, 2026 10:01:16 下午 spec.jbb.JBBmain DoARun -> 信息:   started user thread for Warehouse 27
1月 02, 2026 10:01:16 下午 spec.jbb.JBBmain DoARun -> 信息:   started user thread for Warehouse 28
1月 02, 2026 10:01:16 下午 spec.jbb.JBBmain DoARun -> 信息:   started user thread for Warehouse 29
1月 02, 2026 10:01:16 下午 spec.jbb.JBBmain DoARun -> 信息:   started user thread for Warehouse 30
1月 02, 2026 10:01:16 下午 spec.jbb.JBBmain DoARun -> 信息:   started user thread for Warehouse 31
1月 02, 2026 10:01:16 下午 spec.jbb.JBBmain DoARun -> 信息:   started user thread for Warehouse 32
1月 02, 2026 10:01:16 下午 spec.jbb.JBBmain DoARun -> 信息:   started user thread for Warehouse 33
1月 02, 2026 10:01:16 下午 spec.jbb.JBBmain DoARun -> 信息:   started user thread for Warehouse 34
1月 02, 2026 10:01:16 下午 spec.jbb.JBBmain DoARun -> 信息:   started user thread for Warehouse 35
1月 02, 2026 10:01:16 下午 spec.jbb.JBBmain DoARun -> 信息:   started user thread for Warehouse 36
1月 02, 2026 10:01:16 下午 spec.jbb.JBBmain DoARun -> 信息:   started user thread for Warehouse 37
1月 02, 2026 10:01:16 下午 spec.jbb.JBBmain DoARun -> 信息:   started user thread for Warehouse 38
1月 02, 2026 10:01:16 下午 spec.jbb.JBBmain DoARun -> 信息:   started user thread for Warehouse 39
1月 02, 2026 10:01:16 下午 spec.jbb.JBBmain DoARun -> 信息:   started user thread for Warehouse 40
1月 02, 2026 10:01:16 下午 spec.jbb.JBBmain DoARun -> 信息:   started user thread for Warehouse 41
1月 02, 2026 10:01:16 下午 spec.jbb.JBBmain DoARun -> 信息:   started user thread for Warehouse 42
1月 02, 2026 10:01:16 下午 spec.jbb.JBBmain DoARun -> 信息:   started user thread for Warehouse 43
1月 02, 2026 10:01:16 下午 spec.jbb.JBBmain DoARun -> 信息:   started user thread for Warehouse 44
1月 02, 2026 10:01:16 下午 spec.jbb.JBBmain DoARun -> 信息:   started user thread for Warehouse 45
1月 02, 2026 10:01:16 下午 spec.jbb.JBBmain DoARun -> 信息:   started user thread for Warehouse 46
1月 02, 2026 10:01:16 下午 spec.jbb.JBBmain DoARun -> 信息:   started user thread for Warehouse 47
1月 02, 2026 10:01:16 下午 spec.jbb.JBBmain DoARun -> 信息:   started user thread for Warehouse 48
1月 02, 2026 10:01:16 下午 spec.jbb.JBBmain DoARun -> 信息:   started user thread for Warehouse 49
1月 02, 2026 10:01:16 下午 spec.jbb.JBBmain DoARun -> 信息:   started user thread for Warehouse 50
1月 02, 2026 10:01:16 下午 spec.jbb.JBBmain DoARun -> 信息:   started user thread for Warehouse 51
1月 02, 2026 10:01:16 下午 spec.jbb.JBBmain DoARun -> 信息:   started user thread for Warehouse 52
1月 02, 2026 10:01:16 下午 spec.jbb.JBBmain DoARun -> 信息:   started user thread for Warehouse 53
1月 02, 2026 10:01:16 下午 spec.jbb.JBBmain DoARun -> 信息:   started user thread for Warehouse 54
1月 02, 2026 10:01:16 下午 spec.jbb.JBBmain DoARun -> 信息:   started user thread for Warehouse 55
1月 02, 2026 10:01:16 下午 spec.jbb.JBBmain DoARun -> 信息:   started user thread for Warehouse 56
1月 02, 2026 10:01:16 下午 spec.jbb.JBBmain DoARun -> 信息:   started user thread for Warehouse 57
1月 02, 2026 10:01:16 下午 spec.jbb.JBBmain DoARun -> 信息:   started user thread for Warehouse 58
1月 02, 2026 10:01:16 下午 spec.jbb.JBBmain DoARun -> 信息:   started user thread for Warehouse 59
1月 02, 2026 10:01:16 下午 spec.jbb.JBBmain DoARun -> 信息:   started user thread for Warehouse 60
1月 02, 2026 10:01:16 下午 spec.jbb.JBBmain DoARun -> 信息:   started user thread for Warehouse 61
1月 02, 2026 10:01:16 下午 spec.jbb.JBBmain DoARun -> 信息:   started user thread for Warehouse 62
1月 02, 2026 10:01:16 下午 spec.jbb.JBBmain DoARun -> 信息:   started user thread for Warehouse 63
1月 02, 2026 10:01:16 下午 spec.jbb.JBBmain DoARun -> 信息:   started user thread for Warehouse 64
1月 02, 2026 10:01:16 下午 spec.jbb.JBBmain DoARun -> 信息:   started user thread for Warehouse 65
1月 02, 2026 10:01:16 下午 spec.jbb.JBBmain DoARun -> 信息:   started user thread for Warehouse 66
1月 02, 2026 10:01:16 下午 spec.jbb.JBBmain DoARun -> 信息:   started user thread for Warehouse 67
1月 02, 2026 10:01:16 下午 spec.jbb.JBBmain DoARun -> 信息:   started user thread for Warehouse 68
1月 02, 2026 10:01:16 下午 spec.jbb.JBBmain DoARun -> 信息:   started user thread for Warehouse 69
1月 02, 2026 10:01:16 下午 spec.jbb.JBBmain DoARun -> 信息:   started user thread for Warehouse 70
1月 02, 2026 10:01:16 下午 spec.jbb.JBBmain DoARun -> 信息:   started user thread for Warehouse 71
1月 02, 2026 10:01:16 下午 spec.jbb.JBBmain DoARun -> 信息:   started user thread for Warehouse 72
1月 02, 2026 10:01:16 下午 spec.jbb.JBBmain DoARun -> 信息:   started user thread for Warehouse 73
1月 02, 2026 10:01:16 下午 spec.jbb.JBBmain DoARun -> 信息:   started user thread for Warehouse 74
1月 02, 2026 10:01:16 下午 spec.jbb.JBBmain DoARun -> 信息:   started user thread for Warehouse 75
1月 02, 2026 10:01:16 下午 spec.jbb.JBBmain DoARun -> 信息:   started user thread for Warehouse 76
1月 02, 2026 10:01:16 下午 spec.jbb.JBBmain DoARun -> 信息:   started user thread for Warehouse 77
1月 02, 2026 10:01:16 下午 spec.jbb.JBBmain DoARun -> 信息:   started user thread for Warehouse 78
1月 02, 2026 10:01:16 下午 spec.jbb.JBBmain DoARun -> 信息:   started user thread for Warehouse 79
1月 02, 2026 10:01:16 下午 spec.jbb.JBBmain DoARun -> 信息:   started user thread for Warehouse 80
1月 02, 2026 10:01:16 下午 spec.jbb.JBBmain DoARun -> 信息:   started user thread for Warehouse 81
1月 02, 2026 10:01:16 下午 spec.jbb.JBBmain DoARun -> 信息:   started user thread for Warehouse 82
1月 02, 2026 10:01:16 下午 spec.jbb.JBBmain DoARun -> 信息:   started user thread for Warehouse 83
1月 02, 2026 10:01:16 下午 spec.jbb.JBBmain DoARun -> 信息:   started user thread for Warehouse 84
1月 02, 2026 10:01:16 下午 spec.jbb.JBBmain DoARun -> 信息:   started user thread for Warehouse 85
1月 02, 2026 10:01:16 下午 spec.jbb.JBBmain DoARun -> 信息:   started user thread for Warehouse 86
1月 02, 2026 10:01:16 下午 spec.jbb.JBBmain DoARun -> 信息:   started user thread for Warehouse 87
1月 02, 2026 10:01:16 下午 spec.jbb.JBBmain DoARun -> 信息:   started user thread for Warehouse 88
1月 02, 2026 10:01:16 下午 spec.jbb.JBBmain DoARun -> 信息:   started user thread for Warehouse 89
1月 02, 2026 10:01:16 下午 spec.jbb.JBBmain DoARun -> 信息:   started user thread for Warehouse 90
1月 02, 2026 10:01:16 下午 spec.jbb.JBBmain DoARun -> 信息:   started user thread for Warehouse 91
1月 02, 2026 10:01:16 下午 spec.jbb.JBBmain DoARun -> 信息:   started user thread for Warehouse 92
1月 02, 2026 10:01:16 下午 spec.jbb.JBBmain DoARun -> 信息:   started user thread for Warehouse 93
1月 02, 2026 10:01:16 下午 spec.jbb.JBBmain DoARun -> 信息:   started user thread for Warehouse 94
1月 02, 2026 10:01:16 下午 spec.jbb.JBBmain DoARun -> 信息:   started user thread for Warehouse 95
1月 02, 2026 10:01:16 下午 spec.jbb.JBBmain DoARun -> 信息:   started user thread for Warehouse 96
1月 02, 2026 10:01:16 下午 spec.jbb.JBBmain DoARun -> 信息:   started user thread for Warehouse 97
1月 02, 2026 10:01:16 下午 spec.jbb.JBBmain DoARun -> 信息:   started user thread for Warehouse 98
1月 02, 2026 10:01:16 下午 spec.jbb.JBBmain DoARun -> 信息:   started user thread for Warehouse 99
1月 02, 2026 10:01:16 下午 spec.jbb.JBBmain DoARun -> 信息:   started user thread for Warehouse 100
1月 02, 2026 10:01:16 下午 spec.jbb.JBBmain DoARun -> 信息:   started user thread for Warehouse 101
1月 02, 2026 10:01:16 下午 spec.jbb.JBBmain DoARun -> 信息:   started user thread for Warehouse 102
1月 02, 2026 10:01:16 下午 spec.jbb.JBBmain DoARun -> 信息:   started user thread for Warehouse 103
1月 02, 2026 10:01:16 下午 spec.jbb.JBBmain DoARun -> 信息:   started user thread for Warehouse 104
1月 02, 2026 10:01:16 下午 spec.jbb.JBBmain DoARun -> 信息:   started user thread for Warehouse 105
1月 02, 2026 10:01:16 下午 spec.jbb.JBBmain DoARun -> 信息:   started user thread for Warehouse 106
1月 02, 2026 10:01:16 下午 spec.jbb.JBBmain DoARun -> 信息:   started user thread for Warehouse 107
1月 02, 2026 10:01:16 下午 spec.jbb.JBBmain DoARun -> 信息:   started user thread for Warehouse 108
1月 02, 2026 10:01:16 下午 spec.jbb.JBBmain DoARun -> 信息:   started user thread for Warehouse 109
1月 02, 2026 10:01:16 下午 spec.jbb.JBBmain DoARun -> 信息:   started user thread for Warehouse 110
1月 02, 2026 10:01:16 下午 spec.jbb.JBBmain DoARun -> 信息:   started user thread for Warehouse 111
1月 02, 2026 10:01:16 下午 spec.jbb.JBBmain DoARun -> 信息:   started user thread for Warehouse 112
1月 02, 2026 10:01:16 下午 spec.jbb.Company displayResultTotals -> 信息: Timing Measurement began Fri Jan 02 22:01:16 CST 2026 for 4 minutes
1月 02, 2026 10:05:16 下午 spec.jbb.Company displayResultTotals -> 信息: Timing Measurement ended Fri Jan 02 22:05:16 CST 2026
1月 02, 2026 10:05:16 下午 spec.jbb.Company primeWithDummyData -> 信息: Loading Warehouse 113...
1月 02, 2026 10:05:16 下午 spec.jbb.JBBmain DoARun -> 信息: Start User Threads
1月 02, 2026 10:05:16 下午 spec.jbb.JBBmain DoARun -> 信息:   started user thread for Warehouse 1
1月 02, 2026 10:05:16 下午 spec.jbb.JBBmain DoARun -> 信息:   started user thread for Warehouse 2
1月 02, 2026 10:05:16 下午 spec.jbb.JBBmain DoARun -> 信息:   started user thread for Warehouse 3
1月 02, 2026 10:05:16 下午 spec.jbb.JBBmain DoARun -> 信息:   started user thread for Warehouse 4
1月 02, 2026 10:05:16 下午 spec.jbb.JBBmain DoARun -> 信息:   started user thread for Warehouse 5
1月 02, 2026 10:05:16 下午 spec.jbb.JBBmain DoARun -> 信息:   started user thread for Warehouse 6
1月 02, 2026 10:05:16 下午 spec.jbb.JBBmain DoARun -> 信息:   started user thread for Warehouse 7
1月 02, 2026 10:05:16 下午 spec.jbb.JBBmain DoARun -> 信息:   started user thread for Warehouse 8
1月 02, 2026 10:05:16 下午 spec.jbb.JBBmain DoARun -> 信息:   started user thread for Warehouse 9
1月 02, 2026 10:05:16 下午 spec.jbb.JBBmain DoARun -> 信息:   started user thread for Warehouse 10
1月 02, 2026 10:05:16 下午 spec.jbb.JBBmain DoARun -> 信息:   started user thread for Warehouse 11
1月 02, 2026 10:05:16 下午 spec.jbb.JBBmain DoARun -> 信息:   started user thread for Warehouse 12
1月 02, 2026 10:05:16 下午 spec.jbb.JBBmain DoARun -> 信息:   started user thread for Warehouse 13
1月 02, 2026 10:05:16 下午 spec.jbb.JBBmain DoARun -> 信息:   started user thread for Warehouse 14
1月 02, 2026 10:05:16 下午 spec.jbb.JBBmain DoARun -> 信息:   started user thread for Warehouse 15
1月 02, 2026 10:05:16 下午 spec.jbb.JBBmain DoARun -> 信息:   started user thread for Warehouse 16
1月 02, 2026 10:05:16 下午 spec.jbb.JBBmain DoARun -> 信息:   started user thread for Warehouse 17
1月 02, 2026 10:05:16 下午 spec.jbb.JBBmain DoARun -> 信息:   started user thread for Warehouse 18
1月 02, 2026 10:05:16 下午 spec.jbb.JBBmain DoARun -> 信息:   started user thread for Warehouse 19
1月 02, 2026 10:05:16 下午 spec.jbb.JBBmain DoARun -> 信息:   started user thread for Warehouse 20
1月 02, 2026 10:05:16 下午 spec.jbb.JBBmain DoARun -> 信息:   started user thread for Warehouse 21
1月 02, 2026 10:05:16 下午 spec.jbb.JBBmain DoARun -> 信息:   started user thread for Warehouse 22
1月 02, 2026 10:05:16 下午 spec.jbb.JBBmain DoARun -> 信息:   started user thread for Warehouse 23
1月 02, 2026 10:05:16 下午 spec.jbb.JBBmain DoARun -> 信息:   started user thread for Warehouse 24
1月 02, 2026 10:05:16 下午 spec.jbb.JBBmain DoARun -> 信息:   started user thread for Warehouse 25
1月 02, 2026 10:05:16 下午 spec.jbb.JBBmain DoARun -> 信息:   started user thread for Warehouse 26
1月 02, 2026 10:05:16 下午 spec.jbb.JBBmain DoARun -> 信息:   started user thread for Warehouse 27
1月 02, 2026 10:05:16 下午 spec.jbb.JBBmain DoARun -> 信息:   started user thread for Warehouse 28
1月 02, 2026 10:05:16 下午 spec.jbb.JBBmain DoARun -> 信息:   started user thread for Warehouse 29
1月 02, 2026 10:05:16 下午 spec.jbb.JBBmain DoARun -> 信息:   started user thread for Warehouse 30
1月 02, 2026 10:05:16 下午 spec.jbb.JBBmain DoARun -> 信息:   started user thread for Warehouse 31
1月 02, 2026 10:05:16 下午 spec.jbb.JBBmain DoARun -> 信息:   started user thread for Warehouse 32
1月 02, 2026 10:05:16 下午 spec.jbb.JBBmain DoARun -> 信息:   started user thread for Warehouse 33
1月 02, 2026 10:05:16 下午 spec.jbb.JBBmain DoARun -> 信息:   started user thread for Warehouse 34
1月 02, 2026 10:05:16 下午 spec.jbb.JBBmain DoARun -> 信息:   started user thread for Warehouse 35
1月 02, 2026 10:05:16 下午 spec.jbb.JBBmain DoARun -> 信息:   started user thread for Warehouse 36
1月 02, 2026 10:05:16 下午 spec.jbb.JBBmain DoARun -> 信息:   started user thread for Warehouse 37
1月 02, 2026 10:05:16 下午 spec.jbb.JBBmain DoARun -> 信息:   started user thread for Warehouse 38
1月 02, 2026 10:05:16 下午 spec.jbb.JBBmain DoARun -> 信息:   started user thread for Warehouse 39
1月 02, 2026 10:05:16 下午 spec.jbb.JBBmain DoARun -> 信息:   started user thread for Warehouse 40
1月 02, 2026 10:05:16 下午 spec.jbb.JBBmain DoARun -> 信息:   started user thread for Warehouse 41
1月 02, 2026 10:05:16 下午 spec.jbb.JBBmain DoARun -> 信息:   started user thread for Warehouse 42
1月 02, 2026 10:05:16 下午 spec.jbb.JBBmain DoARun -> 信息:   started user thread for Warehouse 43
1月 02, 2026 10:05:16 下午 spec.jbb.JBBmain DoARun -> 信息:   started user thread for Warehouse 44
1月 02, 2026 10:05:16 下午 spec.jbb.JBBmain DoARun -> 信息:   started user thread for Warehouse 45
1月 02, 2026 10:05:16 下午 spec.jbb.JBBmain DoARun -> 信息:   started user thread for Warehouse 46
1月 02, 2026 10:05:16 下午 spec.jbb.JBBmain DoARun -> 信息:   started user thread for Warehouse 47
1月 02, 2026 10:05:16 下午 spec.jbb.JBBmain DoARun -> 信息:   started user thread for Warehouse 48
1月 02, 2026 10:05:16 下午 spec.jbb.JBBmain DoARun -> 信息:   started user thread for Warehouse 49
1月 02, 2026 10:05:16 下午 spec.jbb.JBBmain DoARun -> 信息:   started user thread for Warehouse 50
1月 02, 2026 10:05:16 下午 spec.jbb.JBBmain DoARun -> 信息:   started user thread for Warehouse 51
1月 02, 2026 10:05:16 下午 spec.jbb.JBBmain DoARun -> 信息:   started user thread for Warehouse 52
1月 02, 2026 10:05:16 下午 spec.jbb.JBBmain DoARun -> 信息:   started user thread for Warehouse 53
1月 02, 2026 10:05:16 下午 spec.jbb.JBBmain DoARun -> 信息:   started user thread for Warehouse 54
1月 02, 2026 10:05:16 下午 spec.jbb.JBBmain DoARun -> 信息:   started user thread for Warehouse 55
1月 02, 2026 10:05:16 下午 spec.jbb.JBBmain DoARun -> 信息:   started user thread for Warehouse 56
1月 02, 2026 10:05:16 下午 spec.jbb.JBBmain DoARun -> 信息:   started user thread for Warehouse 57
1月 02, 2026 10:05:16 下午 spec.jbb.JBBmain DoARun -> 信息:   started user thread for Warehouse 58
1月 02, 2026 10:05:16 下午 spec.jbb.JBBmain DoARun -> 信息:   started user thread for Warehouse 59
1月 02, 2026 10:05:16 下午 spec.jbb.JBBmain DoARun -> 信息:   started user thread for Warehouse 60
1月 02, 2026 10:05:16 下午 spec.jbb.JBBmain DoARun -> 信息:   started user thread for Warehouse 61
1月 02, 2026 10:05:16 下午 spec.jbb.JBBmain DoARun -> 信息:   started user thread for Warehouse 62
1月 02, 2026 10:05:16 下午 spec.jbb.JBBmain DoARun -> 信息:   started user thread for Warehouse 63
1月 02, 2026 10:05:16 下午 spec.jbb.JBBmain DoARun -> 信息:   started user thread for Warehouse 64
1月 02, 2026 10:05:16 下午 spec.jbb.JBBmain DoARun -> 信息:   started user thread for Warehouse 65
1月 02, 2026 10:05:16 下午 spec.jbb.JBBmain DoARun -> 信息:   started user thread for Warehouse 66
1月 02, 2026 10:05:16 下午 spec.jbb.JBBmain DoARun -> 信息:   started user thread for Warehouse 67
1月 02, 2026 10:05:16 下午 spec.jbb.JBBmain DoARun -> 信息:   started user thread for Warehouse 68
1月 02, 2026 10:05:16 下午 spec.jbb.JBBmain DoARun -> 信息:   started user thread for Warehouse 69
1月 02, 2026 10:05:16 下午 spec.jbb.JBBmain DoARun -> 信息:   started user thread for Warehouse 70
1月 02, 2026 10:05:16 下午 spec.jbb.JBBmain DoARun -> 信息:   started user thread for Warehouse 71
1月 02, 2026 10:05:16 下午 spec.jbb.JBBmain DoARun -> 信息:   started user thread for Warehouse 72
1月 02, 2026 10:05:16 下午 spec.jbb.JBBmain DoARun -> 信息:   started user thread for Warehouse 73
1月 02, 2026 10:05:16 下午 spec.jbb.JBBmain DoARun -> 信息:   started user thread for Warehouse 74
1月 02, 2026 10:05:16 下午 spec.jbb.JBBmain DoARun -> 信息:   started user thread for Warehouse 75
1月 02, 2026 10:05:16 下午 spec.jbb.JBBmain DoARun -> 信息:   started user thread for Warehouse 76
1月 02, 2026 10:05:16 下午 spec.jbb.JBBmain DoARun -> 信息:   started user thread for Warehouse 77
1月 02, 2026 10:05:16 下午 spec.jbb.JBBmain DoARun -> 信息:   started user thread for Warehouse 78
1月 02, 2026 10:05:16 下午 spec.jbb.JBBmain DoARun -> 信息:   started user thread for Warehouse 79
1月 02, 2026 10:05:16 下午 spec.jbb.JBBmain DoARun -> 信息:   started user thread for Warehouse 80
1月 02, 2026 10:05:16 下午 spec.jbb.JBBmain DoARun -> 信息:   started user thread for Warehouse 81
1月 02, 2026 10:05:16 下午 spec.jbb.JBBmain DoARun -> 信息:   started user thread for Warehouse 82
1月 02, 2026 10:05:16 下午 spec.jbb.JBBmain DoARun -> 信息:   started user thread for Warehouse 83
1月 02, 2026 10:05:16 下午 spec.jbb.JBBmain DoARun -> 信息:   started user thread for Warehouse 84
1月 02, 2026 10:05:16 下午 spec.jbb.JBBmain DoARun -> 信息:   started user thread for Warehouse 85
1月 02, 2026 10:05:16 下午 spec.jbb.JBBmain DoARun -> 信息:   started user thread for Warehouse 86
1月 02, 2026 10:05:16 下午 spec.jbb.JBBmain DoARun -> 信息:   started user thread for Warehouse 87
1月 02, 2026 10:05:16 下午 spec.jbb.JBBmain DoARun -> 信息:   started user thread for Warehouse 88
1月 02, 2026 10:05:16 下午 spec.jbb.JBBmain DoARun -> 信息:   started user thread for Warehouse 89
1月 02, 2026 10:05:16 下午 spec.jbb.JBBmain DoARun -> 信息:   started user thread for Warehouse 90
1月 02, 2026 10:05:16 下午 spec.jbb.JBBmain DoARun -> 信息:   started user thread for Warehouse 91
1月 02, 2026 10:05:16 下午 spec.jbb.JBBmain DoARun -> 信息:   started user thread for Warehouse 92
1月 02, 2026 10:05:16 下午 spec.jbb.JBBmain DoARun -> 信息:   started user thread for Warehouse 93
1月 02, 2026 10:05:16 下午 spec.jbb.JBBmain DoARun -> 信息:   started user thread for Warehouse 94
1月 02, 2026 10:05:16 下午 spec.jbb.JBBmain DoARun -> 信息:   started user thread for Warehouse 95
1月 02, 2026 10:05:16 下午 spec.jbb.JBBmain DoARun -> 信息:   started user thread for Warehouse 96
1月 02, 2026 10:05:16 下午 spec.jbb.JBBmain DoARun -> 信息:   started user thread for Warehouse 97
1月 02, 2026 10:05:16 下午 spec.jbb.JBBmain DoARun -> 信息:   started user thread for Warehouse 98
1月 02, 2026 10:05:16 下午 spec.jbb.JBBmain DoARun -> 信息:   started user thread for Warehouse 99
1月 02, 2026 10:05:16 下午 spec.jbb.JBBmain DoARun -> 信息:   started user thread for Warehouse 100
1月 02, 2026 10:05:16 下午 spec.jbb.JBBmain DoARun -> 信息:   started user thread for Warehouse 101
1月 02, 2026 10:05:16 下午 spec.jbb.JBBmain DoARun -> 信息:   started user thread for Warehouse 102
1月 02, 2026 10:05:16 下午 spec.jbb.JBBmain DoARun -> 信息:   started user thread for Warehouse 103
1月 02, 2026 10:05:16 下午 spec.jbb.JBBmain DoARun -> 信息:   started user thread for Warehouse 104
1月 02, 2026 10:05:16 下午 spec.jbb.JBBmain DoARun -> 信息:   started user thread for Warehouse 105
1月 02, 2026 10:05:16 下午 spec.jbb.JBBmain DoARun -> 信息:   started user thread for Warehouse 106
1月 02, 2026 10:05:16 下午 spec.jbb.JBBmain DoARun -> 信息:   started user thread for Warehouse 107
1月 02, 2026 10:05:16 下午 spec.jbb.JBBmain DoARun -> 信息:   started user thread for Warehouse 108
1月 02, 2026 10:05:16 下午 spec.jbb.JBBmain DoARun -> 信息:   started user thread for Warehouse 109
1月 02, 2026 10:05:16 下午 spec.jbb.JBBmain DoARun -> 信息:   started user thread for Warehouse 110
1月 02, 2026 10:05:16 下午 spec.jbb.JBBmain DoARun -> 信息:   started user thread for Warehouse 111
1月 02, 2026 10:05:16 下午 spec.jbb.JBBmain DoARun -> 信息:   started user thread for Warehouse 112
1月 02, 2026 10:05:16 下午 spec.jbb.JBBmain DoARun -> 信息:   started user thread for Warehouse 113
1月 02, 2026 10:05:16 下午 spec.jbb.Company displayResultTotals -> 信息: Timing Measurement began Fri Jan 02 22:05:16 CST 2026 for 4 minutes
1月 02, 2026 10:09:16 下午 spec.jbb.Company displayResultTotals -> 信息: Timing Measurement ended Fri Jan 02 22:09:16 CST 2026
1月 02, 2026 10:09:16 下午 spec.jbb.Company primeWithDummyData -> 信息: Loading Warehouse 114...
1月 02, 2026 10:09:17 下午 spec.jbb.JBBmain DoARun -> 信息: Start User Threads
1月 02, 2026 10:09:17 下午 spec.jbb.JBBmain DoARun -> 信息:   started user thread for Warehouse 1
1月 02, 2026 10:09:17 下午 spec.jbb.JBBmain DoARun -> 信息:   started user thread for Warehouse 2
1月 02, 2026 10:09:17 下午 spec.jbb.JBBmain DoARun -> 信息:   started user thread for Warehouse 3
1月 02, 2026 10:09:17 下午 spec.jbb.JBBmain DoARun -> 信息:   started user thread for Warehouse 4
1月 02, 2026 10:09:17 下午 spec.jbb.JBBmain DoARun -> 信息:   started user thread for Warehouse 5
1月 02, 2026 10:09:17 下午 spec.jbb.JBBmain DoARun -> 信息:   started user thread for Warehouse 6
1月 02, 2026 10:09:17 下午 spec.jbb.JBBmain DoARun -> 信息:   started user thread for Warehouse 7
1月 02, 2026 10:09:17 下午 spec.jbb.JBBmain DoARun -> 信息:   started user thread for Warehouse 8
1月 02, 2026 10:09:17 下午 spec.jbb.JBBmain DoARun -> 信息:   started user thread for Warehouse 9
1月 02, 2026 10:09:17 下午 spec.jbb.JBBmain DoARun -> 信息:   started user thread for Warehouse 10
1月 02, 2026 10:09:17 下午 spec.jbb.JBBmain DoARun -> 信息:   started user thread for Warehouse 11
1月 02, 2026 10:09:17 下午 spec.jbb.JBBmain DoARun -> 信息:   started user thread for Warehouse 12
1月 02, 2026 10:09:17 下午 spec.jbb.JBBmain DoARun -> 信息:   started user thread for Warehouse 13
1月 02, 2026 10:09:17 下午 spec.jbb.JBBmain DoARun -> 信息:   started user thread for Warehouse 14
1月 02, 2026 10:09:17 下午 spec.jbb.JBBmain DoARun -> 信息:   started user thread for Warehouse 15
1月 02, 2026 10:09:17 下午 spec.jbb.JBBmain DoARun -> 信息:   started user thread for Warehouse 16
1月 02, 2026 10:09:17 下午 spec.jbb.JBBmain DoARun -> 信息:   started user thread for Warehouse 17
1月 02, 2026 10:09:17 下午 spec.jbb.JBBmain DoARun -> 信息:   started user thread for Warehouse 18
1月 02, 2026 10:09:17 下午 spec.jbb.JBBmain DoARun -> 信息:   started user thread for Warehouse 19
1月 02, 2026 10:09:17 下午 spec.jbb.JBBmain DoARun -> 信息:   started user thread for Warehouse 20
1月 02, 2026 10:09:17 下午 spec.jbb.JBBmain DoARun -> 信息:   started user thread for Warehouse 21
1月 02, 2026 10:09:17 下午 spec.jbb.JBBmain DoARun -> 信息:   started user thread for Warehouse 22
1月 02, 2026 10:09:17 下午 spec.jbb.JBBmain DoARun -> 信息:   started user thread for Warehouse 23
1月 02, 2026 10:09:17 下午 spec.jbb.JBBmain DoARun -> 信息:   started user thread for Warehouse 24
1月 02, 2026 10:09:17 下午 spec.jbb.JBBmain DoARun -> 信息:   started user thread for Warehouse 25
1月 02, 2026 10:09:17 下午 spec.jbb.JBBmain DoARun -> 信息:   started user thread for Warehouse 26
1月 02, 2026 10:09:17 下午 spec.jbb.JBBmain DoARun -> 信息:   started user thread for Warehouse 27
1月 02, 2026 10:09:17 下午 spec.jbb.JBBmain DoARun -> 信息:   started user thread for Warehouse 28
1月 02, 2026 10:09:17 下午 spec.jbb.JBBmain DoARun -> 信息:   started user thread for Warehouse 29
1月 02, 2026 10:09:17 下午 spec.jbb.JBBmain DoARun -> 信息:   started user thread for Warehouse 30
1月 02, 2026 10:09:17 下午 spec.jbb.JBBmain DoARun -> 信息:   started user thread for Warehouse 31
1月 02, 2026 10:09:17 下午 spec.jbb.JBBmain DoARun -> 信息:   started user thread for Warehouse 32
1月 02, 2026 10:09:17 下午 spec.jbb.JBBmain DoARun -> 信息:   started user thread for Warehouse 33
1月 02, 2026 10:09:17 下午 spec.jbb.JBBmain DoARun -> 信息:   started user thread for Warehouse 34
1月 02, 2026 10:09:17 下午 spec.jbb.JBBmain DoARun -> 信息:   started user thread for Warehouse 35
1月 02, 2026 10:09:17 下午 spec.jbb.JBBmain DoARun -> 信息:   started user thread for Warehouse 36
1月 02, 2026 10:09:17 下午 spec.jbb.JBBmain DoARun -> 信息:   started user thread for Warehouse 37
1月 02, 2026 10:09:17 下午 spec.jbb.JBBmain DoARun -> 信息:   started user thread for Warehouse 38
1月 02, 2026 10:09:17 下午 spec.jbb.JBBmain DoARun -> 信息:   started user thread for Warehouse 39
1月 02, 2026 10:09:17 下午 spec.jbb.JBBmain DoARun -> 信息:   started user thread for Warehouse 40
1月 02, 2026 10:09:17 下午 spec.jbb.JBBmain DoARun -> 信息:   started user thread for Warehouse 41
1月 02, 2026 10:09:17 下午 spec.jbb.JBBmain DoARun -> 信息:   started user thread for Warehouse 42
1月 02, 2026 10:09:17 下午 spec.jbb.JBBmain DoARun -> 信息:   started user thread for Warehouse 43
1月 02, 2026 10:09:17 下午 spec.jbb.JBBmain DoARun -> 信息:   started user thread for Warehouse 44
1月 02, 2026 10:09:17 下午 spec.jbb.JBBmain DoARun -> 信息:   started user thread for Warehouse 45
1月 02, 2026 10:09:17 下午 spec.jbb.JBBmain DoARun -> 信息:   started user thread for Warehouse 46
1月 02, 2026 10:09:17 下午 spec.jbb.JBBmain DoARun -> 信息:   started user thread for Warehouse 47
1月 02, 2026 10:09:17 下午 spec.jbb.JBBmain DoARun -> 信息:   started user thread for Warehouse 48
1月 02, 2026 10:09:17 下午 spec.jbb.JBBmain DoARun -> 信息:   started user thread for Warehouse 49
1月 02, 2026 10:09:17 下午 spec.jbb.JBBmain DoARun -> 信息:   started user thread for Warehouse 50
1月 02, 2026 10:09:17 下午 spec.jbb.JBBmain DoARun -> 信息:   started user thread for Warehouse 51
1月 02, 2026 10:09:17 下午 spec.jbb.JBBmain DoARun -> 信息:   started user thread for Warehouse 52
1月 02, 2026 10:09:17 下午 spec.jbb.JBBmain DoARun -> 信息:   started user thread for Warehouse 53
1月 02, 2026 10:09:17 下午 spec.jbb.JBBmain DoARun -> 信息:   started user thread for Warehouse 54
1月 02, 2026 10:09:17 下午 spec.jbb.JBBmain DoARun -> 信息:   started user thread for Warehouse 55
1月 02, 2026 10:09:17 下午 spec.jbb.JBBmain DoARun -> 信息:   started user thread for Warehouse 56
1月 02, 2026 10:09:17 下午 spec.jbb.JBBmain DoARun -> 信息:   started user thread for Warehouse 57
1月 02, 2026 10:09:17 下午 spec.jbb.JBBmain DoARun -> 信息:   started user thread for Warehouse 58
1月 02, 2026 10:09:17 下午 spec.jbb.JBBmain DoARun -> 信息:   started user thread for Warehouse 59
1月 02, 2026 10:09:17 下午 spec.jbb.JBBmain DoARun -> 信息:   started user thread for Warehouse 60
1月 02, 2026 10:09:17 下午 spec.jbb.JBBmain DoARun -> 信息:   started user thread for Warehouse 61
1月 02, 2026 10:09:17 下午 spec.jbb.JBBmain DoARun -> 信息:   started user thread for Warehouse 62
1月 02, 2026 10:09:17 下午 spec.jbb.JBBmain DoARun -> 信息:   started user thread for Warehouse 63
1月 02, 2026 10:09:17 下午 spec.jbb.JBBmain DoARun -> 信息:   started user thread for Warehouse 64
1月 02, 2026 10:09:17 下午 spec.jbb.JBBmain DoARun -> 信息:   started user thread for Warehouse 65
1月 02, 2026 10:09:17 下午 spec.jbb.JBBmain DoARun -> 信息:   started user thread for Warehouse 66
1月 02, 2026 10:09:17 下午 spec.jbb.JBBmain DoARun -> 信息:   started user thread for Warehouse 67
1月 02, 2026 10:09:17 下午 spec.jbb.JBBmain DoARun -> 信息:   started user thread for Warehouse 68
1月 02, 2026 10:09:17 下午 spec.jbb.JBBmain DoARun -> 信息:   started user thread for Warehouse 69
1月 02, 2026 10:09:17 下午 spec.jbb.JBBmain DoARun -> 信息:   started user thread for Warehouse 70
1月 02, 2026 10:09:17 下午 spec.jbb.JBBmain DoARun -> 信息:   started user thread for Warehouse 71
1月 02, 2026 10:09:17 下午 spec.jbb.JBBmain DoARun -> 信息:   started user thread for Warehouse 72
1月 02, 2026 10:09:17 下午 spec.jbb.JBBmain DoARun -> 信息:   started user thread for Warehouse 73
1月 02, 2026 10:09:17 下午 spec.jbb.JBBmain DoARun -> 信息:   started user thread for Warehouse 74
1月 02, 2026 10:09:17 下午 spec.jbb.JBBmain DoARun -> 信息:   started user thread for Warehouse 75
1月 02, 2026 10:09:17 下午 spec.jbb.JBBmain DoARun -> 信息:   started user thread for Warehouse 76
1月 02, 2026 10:09:17 下午 spec.jbb.JBBmain DoARun -> 信息:   started user thread for Warehouse 77
1月 02, 2026 10:09:17 下午 spec.jbb.JBBmain DoARun -> 信息:   started user thread for Warehouse 78
1月 02, 2026 10:09:17 下午 spec.jbb.JBBmain DoARun -> 信息:   started user thread for Warehouse 79
1月 02, 2026 10:09:17 下午 spec.jbb.JBBmain DoARun -> 信息:   started user thread for Warehouse 80
1月 02, 2026 10:09:17 下午 spec.jbb.JBBmain DoARun -> 信息:   started user thread for Warehouse 81
1月 02, 2026 10:09:17 下午 spec.jbb.JBBmain DoARun -> 信息:   started user thread for Warehouse 82
1月 02, 2026 10:09:17 下午 spec.jbb.JBBmain DoARun -> 信息:   started user thread for Warehouse 83
1月 02, 2026 10:09:17 下午 spec.jbb.JBBmain DoARun -> 信息:   started user thread for Warehouse 84
1月 02, 2026 10:09:17 下午 spec.jbb.JBBmain DoARun -> 信息:   started user thread for Warehouse 85
1月 02, 2026 10:09:17 下午 spec.jbb.JBBmain DoARun -> 信息:   started user thread for Warehouse 86
1月 02, 2026 10:09:17 下午 spec.jbb.JBBmain DoARun -> 信息:   started user thread for Warehouse 87
1月 02, 2026 10:09:17 下午 spec.jbb.JBBmain DoARun -> 信息:   started user thread for Warehouse 88
1月 02, 2026 10:09:17 下午 spec.jbb.JBBmain DoARun -> 信息:   started user thread for Warehouse 89
1月 02, 2026 10:09:17 下午 spec.jbb.JBBmain DoARun -> 信息:   started user thread for Warehouse 90
1月 02, 2026 10:09:17 下午 spec.jbb.JBBmain DoARun -> 信息:   started user thread for Warehouse 91
1月 02, 2026 10:09:17 下午 spec.jbb.JBBmain DoARun -> 信息:   started user thread for Warehouse 92
1月 02, 2026 10:09:17 下午 spec.jbb.JBBmain DoARun -> 信息:   started user thread for Warehouse 93
1月 02, 2026 10:09:17 下午 spec.jbb.JBBmain DoARun -> 信息:   started user thread for Warehouse 94
1月 02, 2026 10:09:17 下午 spec.jbb.JBBmain DoARun -> 信息:   started user thread for Warehouse 95
1月 02, 2026 10:09:17 下午 spec.jbb.JBBmain DoARun -> 信息:   started user thread for Warehouse 96
1月 02, 2026 10:09:17 下午 spec.jbb.JBBmain DoARun -> 信息:   started user thread for Warehouse 97
1月 02, 2026 10:09:17 下午 spec.jbb.JBBmain DoARun -> 信息:   started user thread for Warehouse 98
1月 02, 2026 10:09:17 下午 spec.jbb.JBBmain DoARun -> 信息:   started user thread for Warehouse 99
1月 02, 2026 10:09:17 下午 spec.jbb.JBBmain DoARun -> 信息:   started user thread for Warehouse 100
1月 02, 2026 10:09:17 下午 spec.jbb.JBBmain DoARun -> 信息:   started user thread for Warehouse 101
1月 02, 2026 10:09:17 下午 spec.jbb.JBBmain DoARun -> 信息:   started user thread for Warehouse 102
1月 02, 2026 10:09:17 下午 spec.jbb.JBBmain DoARun -> 信息:   started user thread for Warehouse 103
1月 02, 2026 10:09:17 下午 spec.jbb.JBBmain DoARun -> 信息:   started user thread for Warehouse 104
1月 02, 2026 10:09:17 下午 spec.jbb.JBBmain DoARun -> 信息:   started user thread for Warehouse 105
1月 02, 2026 10:09:17 下午 spec.jbb.JBBmain DoARun -> 信息:   started user thread for Warehouse 106
1月 02, 2026 10:09:17 下午 spec.jbb.JBBmain DoARun -> 信息:   started user thread for Warehouse 107
1月 02, 2026 10:09:17 下午 spec.jbb.JBBmain DoARun -> 信息:   started user thread for Warehouse 108
1月 02, 2026 10:09:17 下午 spec.jbb.JBBmain DoARun -> 信息:   started user thread for Warehouse 109
1月 02, 2026 10:09:17 下午 spec.jbb.JBBmain DoARun -> 信息:   started user thread for Warehouse 110
1月 02, 2026 10:09:17 下午 spec.jbb.JBBmain DoARun -> 信息:   started user thread for Warehouse 111
1月 02, 2026 10:09:17 下午 spec.jbb.JBBmain DoARun -> 信息:   started user thread for Warehouse 112
1月 02, 2026 10:09:17 下午 spec.jbb.JBBmain DoARun -> 信息:   started user thread for Warehouse 113
1月 02, 2026 10:09:17 下午 spec.jbb.JBBmain DoARun -> 信息:   started user thread for Warehouse 114
1月 02, 2026 10:09:17 下午 spec.jbb.Company displayResultTotals -> 信息: Timing Measurement began Fri Jan 02 22:09:17 CST 2026 for 4 minutes
1月 02, 2026 10:13:17 下午 spec.jbb.Company displayResultTotals -> 信息: Timing Measurement ended Fri Jan 02 22:13:17 CST 2026
1月 02, 2026 10:13:17 下午 spec.jbb.Company primeWithDummyData -> 信息: Loading Warehouse 115...
1月 02, 2026 10:13:17 下午 spec.jbb.JBBmain DoARun -> 信息: Start User Threads
1月 02, 2026 10:13:17 下午 spec.jbb.JBBmain DoARun -> 信息:   started user thread for Warehouse 1
1月 02, 2026 10:13:17 下午 spec.jbb.JBBmain DoARun -> 信息:   started user thread for Warehouse 2
1月 02, 2026 10:13:17 下午 spec.jbb.JBBmain DoARun -> 信息:   started user thread for Warehouse 3
1月 02, 2026 10:13:17 下午 spec.jbb.JBBmain DoARun -> 信息:   started user thread for Warehouse 4
1月 02, 2026 10:13:17 下午 spec.jbb.JBBmain DoARun -> 信息:   started user thread for Warehouse 5
1月 02, 2026 10:13:17 下午 spec.jbb.JBBmain DoARun -> 信息:   started user thread for Warehouse 6
1月 02, 2026 10:13:17 下午 spec.jbb.JBBmain DoARun -> 信息:   started user thread for Warehouse 7
1月 02, 2026 10:13:17 下午 spec.jbb.JBBmain DoARun -> 信息:   started user thread for Warehouse 8
1月 02, 2026 10:13:17 下午 spec.jbb.JBBmain DoARun -> 信息:   started user thread for Warehouse 9
1月 02, 2026 10:13:17 下午 spec.jbb.JBBmain DoARun -> 信息:   started user thread for Warehouse 10
1月 02, 2026 10:13:17 下午 spec.jbb.JBBmain DoARun -> 信息:   started user thread for Warehouse 11
1月 02, 2026 10:13:17 下午 spec.jbb.JBBmain DoARun -> 信息:   started user thread for Warehouse 12
1月 02, 2026 10:13:17 下午 spec.jbb.JBBmain DoARun -> 信息:   started user thread for Warehouse 13
1月 02, 2026 10:13:17 下午 spec.jbb.JBBmain DoARun -> 信息:   started user thread for Warehouse 14
1月 02, 2026 10:13:17 下午 spec.jbb.JBBmain DoARun -> 信息:   started user thread for Warehouse 15
1月 02, 2026 10:13:17 下午 spec.jbb.JBBmain DoARun -> 信息:   started user thread for Warehouse 16
1月 02, 2026 10:13:17 下午 spec.jbb.JBBmain DoARun -> 信息:   started user thread for Warehouse 17
1月 02, 2026 10:13:17 下午 spec.jbb.JBBmain DoARun -> 信息:   started user thread for Warehouse 18
1月 02, 2026 10:13:17 下午 spec.jbb.JBBmain DoARun -> 信息:   started user thread for Warehouse 19
1月 02, 2026 10:13:17 下午 spec.jbb.JBBmain DoARun -> 信息:   started user thread for Warehouse 20
1月 02, 2026 10:13:17 下午 spec.jbb.JBBmain DoARun -> 信息:   started user thread for Warehouse 21
1月 02, 2026 10:13:17 下午 spec.jbb.JBBmain DoARun -> 信息:   started user thread for Warehouse 22
1月 02, 2026 10:13:17 下午 spec.jbb.JBBmain DoARun -> 信息:   started user thread for Warehouse 23
1月 02, 2026 10:13:17 下午 spec.jbb.JBBmain DoARun -> 信息:   started user thread for Warehouse 24
1月 02, 2026 10:13:17 下午 spec.jbb.JBBmain DoARun -> 信息:   started user thread for Warehouse 25
1月 02, 2026 10:13:17 下午 spec.jbb.JBBmain DoARun -> 信息:   started user thread for Warehouse 26
1月 02, 2026 10:13:17 下午 spec.jbb.JBBmain DoARun -> 信息:   started user thread for Warehouse 27
1月 02, 2026 10:13:17 下午 spec.jbb.JBBmain DoARun -> 信息:   started user thread for Warehouse 28
1月 02, 2026 10:13:17 下午 spec.jbb.JBBmain DoARun -> 信息:   started user thread for Warehouse 29
1月 02, 2026 10:13:17 下午 spec.jbb.JBBmain DoARun -> 信息:   started user thread for Warehouse 30
1月 02, 2026 10:13:17 下午 spec.jbb.JBBmain DoARun -> 信息:   started user thread for Warehouse 31
1月 02, 2026 10:13:17 下午 spec.jbb.JBBmain DoARun -> 信息:   started user thread for Warehouse 32
1月 02, 2026 10:13:17 下午 spec.jbb.JBBmain DoARun -> 信息:   started user thread for Warehouse 33
1月 02, 2026 10:13:17 下午 spec.jbb.JBBmain DoARun -> 信息:   started user thread for Warehouse 34
1月 02, 2026 10:13:17 下午 spec.jbb.JBBmain DoARun -> 信息:   started user thread for Warehouse 35
1月 02, 2026 10:13:17 下午 spec.jbb.JBBmain DoARun -> 信息:   started user thread for Warehouse 36
1月 02, 2026 10:13:17 下午 spec.jbb.JBBmain DoARun -> 信息:   started user thread for Warehouse 37
1月 02, 2026 10:13:17 下午 spec.jbb.JBBmain DoARun -> 信息:   started user thread for Warehouse 38
1月 02, 2026 10:13:17 下午 spec.jbb.JBBmain DoARun -> 信息:   started user thread for Warehouse 39
1月 02, 2026 10:13:17 下午 spec.jbb.JBBmain DoARun -> 信息:   started user thread for Warehouse 40
1月 02, 2026 10:13:17 下午 spec.jbb.JBBmain DoARun -> 信息:   started user thread for Warehouse 41
1月 02, 2026 10:13:17 下午 spec.jbb.JBBmain DoARun -> 信息:   started user thread for Warehouse 42
1月 02, 2026 10:13:17 下午 spec.jbb.JBBmain DoARun -> 信息:   started user thread for Warehouse 43
1月 02, 2026 10:13:17 下午 spec.jbb.JBBmain DoARun -> 信息:   started user thread for Warehouse 44
1月 02, 2026 10:13:17 下午 spec.jbb.JBBmain DoARun -> 信息:   started user thread for Warehouse 45
1月 02, 2026 10:13:17 下午 spec.jbb.JBBmain DoARun -> 信息:   started user thread for Warehouse 46
1月 02, 2026 10:13:17 下午 spec.jbb.JBBmain DoARun -> 信息:   started user thread for Warehouse 47
1月 02, 2026 10:13:17 下午 spec.jbb.JBBmain DoARun -> 信息:   started user thread for Warehouse 48
1月 02, 2026 10:13:17 下午 spec.jbb.JBBmain DoARun -> 信息:   started user thread for Warehouse 49
1月 02, 2026 10:13:17 下午 spec.jbb.JBBmain DoARun -> 信息:   started user thread for Warehouse 50
1月 02, 2026 10:13:17 下午 spec.jbb.JBBmain DoARun -> 信息:   started user thread for Warehouse 51
1月 02, 2026 10:13:17 下午 spec.jbb.JBBmain DoARun -> 信息:   started user thread for Warehouse 52
1月 02, 2026 10:13:17 下午 spec.jbb.JBBmain DoARun -> 信息:   started user thread for Warehouse 53
1月 02, 2026 10:13:17 下午 spec.jbb.JBBmain DoARun -> 信息:   started user thread for Warehouse 54
1月 02, 2026 10:13:17 下午 spec.jbb.JBBmain DoARun -> 信息:   started user thread for Warehouse 55
1月 02, 2026 10:13:17 下午 spec.jbb.JBBmain DoARun -> 信息:   started user thread for Warehouse 56
1月 02, 2026 10:13:17 下午 spec.jbb.JBBmain DoARun -> 信息:   started user thread for Warehouse 57
1月 02, 2026 10:13:17 下午 spec.jbb.JBBmain DoARun -> 信息:   started user thread for Warehouse 58
1月 02, 2026 10:13:17 下午 spec.jbb.JBBmain DoARun -> 信息:   started user thread for Warehouse 59
1月 02, 2026 10:13:17 下午 spec.jbb.JBBmain DoARun -> 信息:   started user thread for Warehouse 60
1月 02, 2026 10:13:17 下午 spec.jbb.JBBmain DoARun -> 信息:   started user thread for Warehouse 61
1月 02, 2026 10:13:17 下午 spec.jbb.JBBmain DoARun -> 信息:   started user thread for Warehouse 62
1月 02, 2026 10:13:17 下午 spec.jbb.JBBmain DoARun -> 信息:   started user thread for Warehouse 63
1月 02, 2026 10:13:17 下午 spec.jbb.JBBmain DoARun -> 信息:   started user thread for Warehouse 64
1月 02, 2026 10:13:17 下午 spec.jbb.JBBmain DoARun -> 信息:   started user thread for Warehouse 65
1月 02, 2026 10:13:17 下午 spec.jbb.JBBmain DoARun -> 信息:   started user thread for Warehouse 66
1月 02, 2026 10:13:17 下午 spec.jbb.JBBmain DoARun -> 信息:   started user thread for Warehouse 67
1月 02, 2026 10:13:17 下午 spec.jbb.JBBmain DoARun -> 信息:   started user thread for Warehouse 68
1月 02, 2026 10:13:17 下午 spec.jbb.JBBmain DoARun -> 信息:   started user thread for Warehouse 69
1月 02, 2026 10:13:17 下午 spec.jbb.JBBmain DoARun -> 信息:   started user thread for Warehouse 70
1月 02, 2026 10:13:17 下午 spec.jbb.JBBmain DoARun -> 信息:   started user thread for Warehouse 71
1月 02, 2026 10:13:17 下午 spec.jbb.JBBmain DoARun -> 信息:   started user thread for Warehouse 72
1月 02, 2026 10:13:17 下午 spec.jbb.JBBmain DoARun -> 信息:   started user thread for Warehouse 73
1月 02, 2026 10:13:17 下午 spec.jbb.JBBmain DoARun -> 信息:   started user thread for Warehouse 74
1月 02, 2026 10:13:17 下午 spec.jbb.JBBmain DoARun -> 信息:   started user thread for Warehouse 75
1月 02, 2026 10:13:17 下午 spec.jbb.JBBmain DoARun -> 信息:   started user thread for Warehouse 76
1月 02, 2026 10:13:17 下午 spec.jbb.JBBmain DoARun -> 信息:   started user thread for Warehouse 77
1月 02, 2026 10:13:17 下午 spec.jbb.JBBmain DoARun -> 信息:   started user thread for Warehouse 78
1月 02, 2026 10:13:17 下午 spec.jbb.JBBmain DoARun -> 信息:   started user thread for Warehouse 79
1月 02, 2026 10:13:17 下午 spec.jbb.JBBmain DoARun -> 信息:   started user thread for Warehouse 80
1月 02, 2026 10:13:17 下午 spec.jbb.JBBmain DoARun -> 信息:   started user thread for Warehouse 81
1月 02, 2026 10:13:17 下午 spec.jbb.JBBmain DoARun -> 信息:   started user thread for Warehouse 82
1月 02, 2026 10:13:17 下午 spec.jbb.JBBmain DoARun -> 信息:   started user thread for Warehouse 83
1月 02, 2026 10:13:17 下午 spec.jbb.JBBmain DoARun -> 信息:   started user thread for Warehouse 84
1月 02, 2026 10:13:17 下午 spec.jbb.JBBmain DoARun -> 信息:   started user thread for Warehouse 85
1月 02, 2026 10:13:17 下午 spec.jbb.JBBmain DoARun -> 信息:   started user thread for Warehouse 86
1月 02, 2026 10:13:17 下午 spec.jbb.JBBmain DoARun -> 信息:   started user thread for Warehouse 87
1月 02, 2026 10:13:17 下午 spec.jbb.JBBmain DoARun -> 信息:   started user thread for Warehouse 88
1月 02, 2026 10:13:17 下午 spec.jbb.JBBmain DoARun -> 信息:   started user thread for Warehouse 89
1月 02, 2026 10:13:17 下午 spec.jbb.JBBmain DoARun -> 信息:   started user thread for Warehouse 90
1月 02, 2026 10:13:17 下午 spec.jbb.JBBmain DoARun -> 信息:   started user thread for Warehouse 91
1月 02, 2026 10:13:17 下午 spec.jbb.JBBmain DoARun -> 信息:   started user thread for Warehouse 92
1月 02, 2026 10:13:17 下午 spec.jbb.JBBmain DoARun -> 信息:   started user thread for Warehouse 93
1月 02, 2026 10:13:17 下午 spec.jbb.JBBmain DoARun -> 信息:   started user thread for Warehouse 94
1月 02, 2026 10:13:17 下午 spec.jbb.JBBmain DoARun -> 信息:   started user thread for Warehouse 95
1月 02, 2026 10:13:17 下午 spec.jbb.JBBmain DoARun -> 信息:   started user thread for Warehouse 96
1月 02, 2026 10:13:17 下午 spec.jbb.JBBmain DoARun -> 信息:   started user thread for Warehouse 97
1月 02, 2026 10:13:17 下午 spec.jbb.JBBmain DoARun -> 信息:   started user thread for Warehouse 98
1月 02, 2026 10:13:17 下午 spec.jbb.JBBmain DoARun -> 信息:   started user thread for Warehouse 99
1月 02, 2026 10:13:17 下午 spec.jbb.JBBmain DoARun -> 信息:   started user thread for Warehouse 100
1月 02, 2026 10:13:17 下午 spec.jbb.JBBmain DoARun -> 信息:   started user thread for Warehouse 101
1月 02, 2026 10:13:17 下午 spec.jbb.JBBmain DoARun -> 信息:   started user thread for Warehouse 102
1月 02, 2026 10:13:17 下午 spec.jbb.JBBmain DoARun -> 信息:   started user thread for Warehouse 103
1月 02, 2026 10:13:17 下午 spec.jbb.JBBmain DoARun -> 信息:   started user thread for Warehouse 104
1月 02, 2026 10:13:17 下午 spec.jbb.JBBmain DoARun -> 信息:   started user thread for Warehouse 105
1月 02, 2026 10:13:17 下午 spec.jbb.JBBmain DoARun -> 信息:   started user thread for Warehouse 106
1月 02, 2026 10:13:17 下午 spec.jbb.JBBmain DoARun -> 信息:   started user thread for Warehouse 107
1月 02, 2026 10:13:17 下午 spec.jbb.JBBmain DoARun -> 信息:   started user thread for Warehouse 108
1月 02, 2026 10:13:17 下午 spec.jbb.JBBmain DoARun -> 信息:   started user thread for Warehouse 109
1月 02, 2026 10:13:17 下午 spec.jbb.JBBmain DoARun -> 信息:   started user thread for Warehouse 110
1月 02, 2026 10:13:17 下午 spec.jbb.JBBmain DoARun -> 信息:   started user thread for Warehouse 111
1月 02, 2026 10:13:17 下午 spec.jbb.JBBmain DoARun -> 信息:   started user thread for Warehouse 112
1月 02, 2026 10:13:17 下午 spec.jbb.JBBmain DoARun -> 信息:   started user thread for Warehouse 113
1月 02, 2026 10:13:17 下午 spec.jbb.JBBmain DoARun -> 信息:   started user thread for Warehouse 114
1月 02, 2026 10:13:17 下午 spec.jbb.JBBmain DoARun -> 信息:   started user thread for Warehouse 115
1月 02, 2026 10:13:17 下午 spec.jbb.Company displayResultTotals -> 信息: Timing Measurement began Fri Jan 02 22:13:17 CST 2026 for 4 minutes
1月 02, 2026 10:17:17 下午 spec.jbb.Company displayResultTotals -> 信息: Timing Measurement ended Fri Jan 02 22:17:17 CST 2026
1月 02, 2026 10:17:17 下午 spec.jbb.Company primeWithDummyData -> 信息: Loading Warehouse 116...
1月 02, 2026 10:17:17 下午 spec.jbb.JBBmain DoARun -> 信息: Start User Threads
1月 02, 2026 10:17:17 下午 spec.jbb.JBBmain DoARun -> 信息:   started user thread for Warehouse 1
1月 02, 2026 10:17:17 下午 spec.jbb.JBBmain DoARun -> 信息:   started user thread for Warehouse 2
1月 02, 2026 10:17:17 下午 spec.jbb.JBBmain DoARun -> 信息:   started user thread for Warehouse 3
1月 02, 2026 10:17:17 下午 spec.jbb.JBBmain DoARun -> 信息:   started user thread for Warehouse 4
1月 02, 2026 10:17:17 下午 spec.jbb.JBBmain DoARun -> 信息:   started user thread for Warehouse 5
1月 02, 2026 10:17:17 下午 spec.jbb.JBBmain DoARun -> 信息:   started user thread for Warehouse 6
1月 02, 2026 10:17:17 下午 spec.jbb.JBBmain DoARun -> 信息:   started user thread for Warehouse 7
1月 02, 2026 10:17:17 下午 spec.jbb.JBBmain DoARun -> 信息:   started user thread for Warehouse 8
1月 02, 2026 10:17:17 下午 spec.jbb.JBBmain DoARun -> 信息:   started user thread for Warehouse 9
1月 02, 2026 10:17:17 下午 spec.jbb.JBBmain DoARun -> 信息:   started user thread for Warehouse 10
1月 02, 2026 10:17:17 下午 spec.jbb.JBBmain DoARun -> 信息:   started user thread for Warehouse 11
1月 02, 2026 10:17:17 下午 spec.jbb.JBBmain DoARun -> 信息:   started user thread for Warehouse 12
1月 02, 2026 10:17:17 下午 spec.jbb.JBBmain DoARun -> 信息:   started user thread for Warehouse 13
1月 02, 2026 10:17:17 下午 spec.jbb.JBBmain DoARun -> 信息:   started user thread for Warehouse 14
1月 02, 2026 10:17:17 下午 spec.jbb.JBBmain DoARun -> 信息:   started user thread for Warehouse 15
1月 02, 2026 10:17:17 下午 spec.jbb.JBBmain DoARun -> 信息:   started user thread for Warehouse 16
1月 02, 2026 10:17:17 下午 spec.jbb.JBBmain DoARun -> 信息:   started user thread for Warehouse 17
1月 02, 2026 10:17:17 下午 spec.jbb.JBBmain DoARun -> 信息:   started user thread for Warehouse 18
1月 02, 2026 10:17:17 下午 spec.jbb.JBBmain DoARun -> 信息:   started user thread for Warehouse 19
1月 02, 2026 10:17:17 下午 spec.jbb.JBBmain DoARun -> 信息:   started user thread for Warehouse 20
1月 02, 2026 10:17:17 下午 spec.jbb.JBBmain DoARun -> 信息:   started user thread for Warehouse 21
1月 02, 2026 10:17:17 下午 spec.jbb.JBBmain DoARun -> 信息:   started user thread for Warehouse 22
1月 02, 2026 10:17:17 下午 spec.jbb.JBBmain DoARun -> 信息:   started user thread for Warehouse 23
1月 02, 2026 10:17:17 下午 spec.jbb.JBBmain DoARun -> 信息:   started user thread for Warehouse 24
1月 02, 2026 10:17:17 下午 spec.jbb.JBBmain DoARun -> 信息:   started user thread for Warehouse 25
1月 02, 2026 10:17:17 下午 spec.jbb.JBBmain DoARun -> 信息:   started user thread for Warehouse 26
1月 02, 2026 10:17:17 下午 spec.jbb.JBBmain DoARun -> 信息:   started user thread for Warehouse 27
1月 02, 2026 10:17:17 下午 spec.jbb.JBBmain DoARun -> 信息:   started user thread for Warehouse 28
1月 02, 2026 10:17:17 下午 spec.jbb.JBBmain DoARun -> 信息:   started user thread for Warehouse 29
1月 02, 2026 10:17:17 下午 spec.jbb.JBBmain DoARun -> 信息:   started user thread for Warehouse 30
1月 02, 2026 10:17:17 下午 spec.jbb.JBBmain DoARun -> 信息:   started user thread for Warehouse 31
1月 02, 2026 10:17:17 下午 spec.jbb.JBBmain DoARun -> 信息:   started user thread for Warehouse 32
1月 02, 2026 10:17:17 下午 spec.jbb.JBBmain DoARun -> 信息:   started user thread for Warehouse 33
1月 02, 2026 10:17:17 下午 spec.jbb.JBBmain DoARun -> 信息:   started user thread for Warehouse 34
1月 02, 2026 10:17:17 下午 spec.jbb.JBBmain DoARun -> 信息:   started user thread for Warehouse 35
1月 02, 2026 10:17:17 下午 spec.jbb.JBBmain DoARun -> 信息:   started user thread for Warehouse 36
1月 02, 2026 10:17:17 下午 spec.jbb.JBBmain DoARun -> 信息:   started user thread for Warehouse 37
1月 02, 2026 10:17:17 下午 spec.jbb.JBBmain DoARun -> 信息:   started user thread for Warehouse 38
1月 02, 2026 10:17:17 下午 spec.jbb.JBBmain DoARun -> 信息:   started user thread for Warehouse 39
1月 02, 2026 10:17:17 下午 spec.jbb.JBBmain DoARun -> 信息:   started user thread for Warehouse 40
1月 02, 2026 10:17:17 下午 spec.jbb.JBBmain DoARun -> 信息:   started user thread for Warehouse 41
1月 02, 2026 10:17:17 下午 spec.jbb.JBBmain DoARun -> 信息:   started user thread for Warehouse 42
1月 02, 2026 10:17:17 下午 spec.jbb.JBBmain DoARun -> 信息:   started user thread for Warehouse 43
1月 02, 2026 10:17:17 下午 spec.jbb.JBBmain DoARun -> 信息:   started user thread for Warehouse 44
1月 02, 2026 10:17:17 下午 spec.jbb.JBBmain DoARun -> 信息:   started user thread for Warehouse 45
1月 02, 2026 10:17:17 下午 spec.jbb.JBBmain DoARun -> 信息:   started user thread for Warehouse 46
1月 02, 2026 10:17:17 下午 spec.jbb.JBBmain DoARun -> 信息:   started user thread for Warehouse 47
1月 02, 2026 10:17:17 下午 spec.jbb.JBBmain DoARun -> 信息:   started user thread for Warehouse 48
1月 02, 2026 10:17:17 下午 spec.jbb.JBBmain DoARun -> 信息:   started user thread for Warehouse 49
1月 02, 2026 10:17:17 下午 spec.jbb.JBBmain DoARun -> 信息:   started user thread for Warehouse 50
1月 02, 2026 10:17:17 下午 spec.jbb.JBBmain DoARun -> 信息:   started user thread for Warehouse 51
1月 02, 2026 10:17:17 下午 spec.jbb.JBBmain DoARun -> 信息:   started user thread for Warehouse 52
1月 02, 2026 10:17:17 下午 spec.jbb.JBBmain DoARun -> 信息:   started user thread for Warehouse 53
1月 02, 2026 10:17:17 下午 spec.jbb.JBBmain DoARun -> 信息:   started user thread for Warehouse 54
1月 02, 2026 10:17:17 下午 spec.jbb.JBBmain DoARun -> 信息:   started user thread for Warehouse 55
1月 02, 2026 10:17:17 下午 spec.jbb.JBBmain DoARun -> 信息:   started user thread for Warehouse 56
1月 02, 2026 10:17:17 下午 spec.jbb.JBBmain DoARun -> 信息:   started user thread for Warehouse 57
1月 02, 2026 10:17:17 下午 spec.jbb.JBBmain DoARun -> 信息:   started user thread for Warehouse 58
1月 02, 2026 10:17:17 下午 spec.jbb.JBBmain DoARun -> 信息:   started user thread for Warehouse 59
1月 02, 2026 10:17:17 下午 spec.jbb.JBBmain DoARun -> 信息:   started user thread for Warehouse 60
1月 02, 2026 10:17:17 下午 spec.jbb.JBBmain DoARun -> 信息:   started user thread for Warehouse 61
1月 02, 2026 10:17:17 下午 spec.jbb.JBBmain DoARun -> 信息:   started user thread for Warehouse 62
1月 02, 2026 10:17:17 下午 spec.jbb.JBBmain DoARun -> 信息:   started user thread for Warehouse 63
1月 02, 2026 10:17:17 下午 spec.jbb.JBBmain DoARun -> 信息:   started user thread for Warehouse 64
1月 02, 2026 10:17:17 下午 spec.jbb.JBBmain DoARun -> 信息:   started user thread for Warehouse 65
1月 02, 2026 10:17:17 下午 spec.jbb.JBBmain DoARun -> 信息:   started user thread for Warehouse 66
1月 02, 2026 10:17:17 下午 spec.jbb.JBBmain DoARun -> 信息:   started user thread for Warehouse 67
1月 02, 2026 10:17:17 下午 spec.jbb.JBBmain DoARun -> 信息:   started user thread for Warehouse 68
1月 02, 2026 10:17:17 下午 spec.jbb.JBBmain DoARun -> 信息:   started user thread for Warehouse 69
1月 02, 2026 10:17:17 下午 spec.jbb.JBBmain DoARun -> 信息:   started user thread for Warehouse 70
1月 02, 2026 10:17:17 下午 spec.jbb.JBBmain DoARun -> 信息:   started user thread for Warehouse 71
1月 02, 2026 10:17:17 下午 spec.jbb.JBBmain DoARun -> 信息:   started user thread for Warehouse 72
1月 02, 2026 10:17:17 下午 spec.jbb.JBBmain DoARun -> 信息:   started user thread for Warehouse 73
1月 02, 2026 10:17:17 下午 spec.jbb.JBBmain DoARun -> 信息:   started user thread for Warehouse 74
1月 02, 2026 10:17:17 下午 spec.jbb.JBBmain DoARun -> 信息:   started user thread for Warehouse 75
1月 02, 2026 10:17:17 下午 spec.jbb.JBBmain DoARun -> 信息:   started user thread for Warehouse 76
1月 02, 2026 10:17:17 下午 spec.jbb.JBBmain DoARun -> 信息:   started user thread for Warehouse 77
1月 02, 2026 10:17:17 下午 spec.jbb.JBBmain DoARun -> 信息:   started user thread for Warehouse 78
1月 02, 2026 10:17:17 下午 spec.jbb.JBBmain DoARun -> 信息:   started user thread for Warehouse 79
1月 02, 2026 10:17:17 下午 spec.jbb.JBBmain DoARun -> 信息:   started user thread for Warehouse 80
1月 02, 2026 10:17:17 下午 spec.jbb.JBBmain DoARun -> 信息:   started user thread for Warehouse 81
1月 02, 2026 10:17:17 下午 spec.jbb.JBBmain DoARun -> 信息:   started user thread for Warehouse 82
1月 02, 2026 10:17:17 下午 spec.jbb.JBBmain DoARun -> 信息:   started user thread for Warehouse 83
1月 02, 2026 10:17:17 下午 spec.jbb.JBBmain DoARun -> 信息:   started user thread for Warehouse 84
1月 02, 2026 10:17:17 下午 spec.jbb.JBBmain DoARun -> 信息:   started user thread for Warehouse 85
1月 02, 2026 10:17:17 下午 spec.jbb.JBBmain DoARun -> 信息:   started user thread for Warehouse 86
1月 02, 2026 10:17:17 下午 spec.jbb.JBBmain DoARun -> 信息:   started user thread for Warehouse 87
1月 02, 2026 10:17:17 下午 spec.jbb.JBBmain DoARun -> 信息:   started user thread for Warehouse 88
1月 02, 2026 10:17:17 下午 spec.jbb.JBBmain DoARun -> 信息:   started user thread for Warehouse 89
1月 02, 2026 10:17:17 下午 spec.jbb.JBBmain DoARun -> 信息:   started user thread for Warehouse 90
1月 02, 2026 10:17:17 下午 spec.jbb.JBBmain DoARun -> 信息:   started user thread for Warehouse 91
1月 02, 2026 10:17:17 下午 spec.jbb.JBBmain DoARun -> 信息:   started user thread for Warehouse 92
1月 02, 2026 10:17:17 下午 spec.jbb.JBBmain DoARun -> 信息:   started user thread for Warehouse 93
1月 02, 2026 10:17:17 下午 spec.jbb.JBBmain DoARun -> 信息:   started user thread for Warehouse 94
1月 02, 2026 10:17:17 下午 spec.jbb.JBBmain DoARun -> 信息:   started user thread for Warehouse 95
1月 02, 2026 10:17:17 下午 spec.jbb.JBBmain DoARun -> 信息:   started user thread for Warehouse 96
1月 02, 2026 10:17:17 下午 spec.jbb.JBBmain DoARun -> 信息:   started user thread for Warehouse 97
1月 02, 2026 10:17:17 下午 spec.jbb.JBBmain DoARun -> 信息:   started user thread for Warehouse 98
1月 02, 2026 10:17:17 下午 spec.jbb.JBBmain DoARun -> 信息:   started user thread for Warehouse 99
1月 02, 2026 10:17:17 下午 spec.jbb.JBBmain DoARun -> 信息:   started user thread for Warehouse 100
1月 02, 2026 10:17:17 下午 spec.jbb.JBBmain DoARun -> 信息:   started user thread for Warehouse 101
1月 02, 2026 10:17:17 下午 spec.jbb.JBBmain DoARun -> 信息:   started user thread for Warehouse 102
1月 02, 2026 10:17:17 下午 spec.jbb.JBBmain DoARun -> 信息:   started user thread for Warehouse 103
1月 02, 2026 10:17:17 下午 spec.jbb.JBBmain DoARun -> 信息:   started user thread for Warehouse 104
1月 02, 2026 10:17:17 下午 spec.jbb.JBBmain DoARun -> 信息:   started user thread for Warehouse 105
1月 02, 2026 10:17:17 下午 spec.jbb.JBBmain DoARun -> 信息:   started user thread for Warehouse 106
1月 02, 2026 10:17:17 下午 spec.jbb.JBBmain DoARun -> 信息:   started user thread for Warehouse 107
1月 02, 2026 10:17:17 下午 spec.jbb.JBBmain DoARun -> 信息:   started user thread for Warehouse 108
1月 02, 2026 10:17:17 下午 spec.jbb.JBBmain DoARun -> 信息:   started user thread for Warehouse 109
1月 02, 2026 10:17:17 下午 spec.jbb.JBBmain DoARun -> 信息:   started user thread for Warehouse 110
1月 02, 2026 10:17:17 下午 spec.jbb.JBBmain DoARun -> 信息:   started user thread for Warehouse 111
1月 02, 2026 10:17:17 下午 spec.jbb.JBBmain DoARun -> 信息:   started user thread for Warehouse 112
1月 02, 2026 10:17:17 下午 spec.jbb.JBBmain DoARun -> 信息:   started user thread for Warehouse 113
1月 02, 2026 10:17:17 下午 spec.jbb.JBBmain DoARun -> 信息:   started user thread for Warehouse 114
1月 02, 2026 10:17:17 下午 spec.jbb.JBBmain DoARun -> 信息:   started user thread for Warehouse 115
1月 02, 2026 10:17:17 下午 spec.jbb.JBBmain DoARun -> 信息:   started user thread for Warehouse 116
1月 02, 2026 10:17:17 下午 spec.jbb.Company displayResultTotals -> 信息: Timing Measurement began Fri Jan 02 22:17:17 CST 2026 for 4 minutes
1月 02, 2026 10:21:17 下午 spec.jbb.Company displayResultTotals -> 信息: Timing Measurement ended Fri Jan 02 22:21:17 CST 2026
1月 02, 2026 10:21:18 下午 spec.jbb.Company primeWithDummyData -> 信息: Loading Warehouse 117...
1月 02, 2026 10:21:18 下午 spec.jbb.JBBmain DoARun -> 信息: Start User Threads
1月 02, 2026 10:21:18 下午 spec.jbb.JBBmain DoARun -> 信息:   started user thread for Warehouse 1
1月 02, 2026 10:21:18 下午 spec.jbb.JBBmain DoARun -> 信息:   started user thread for Warehouse 2
1月 02, 2026 10:21:18 下午 spec.jbb.JBBmain DoARun -> 信息:   started user thread for Warehouse 3
1月 02, 2026 10:21:18 下午 spec.jbb.JBBmain DoARun -> 信息:   started user thread for Warehouse 4
1月 02, 2026 10:21:18 下午 spec.jbb.JBBmain DoARun -> 信息:   started user thread for Warehouse 5
1月 02, 2026 10:21:18 下午 spec.jbb.JBBmain DoARun -> 信息:   started user thread for Warehouse 6
1月 02, 2026 10:21:18 下午 spec.jbb.JBBmain DoARun -> 信息:   started user thread for Warehouse 7
1月 02, 2026 10:21:18 下午 spec.jbb.JBBmain DoARun -> 信息:   started user thread for Warehouse 8
1月 02, 2026 10:21:18 下午 spec.jbb.JBBmain DoARun -> 信息:   started user thread for Warehouse 9
1月 02, 2026 10:21:18 下午 spec.jbb.JBBmain DoARun -> 信息:   started user thread for Warehouse 10
1月 02, 2026 10:21:18 下午 spec.jbb.JBBmain DoARun -> 信息:   started user thread for Warehouse 11
1月 02, 2026 10:21:18 下午 spec.jbb.JBBmain DoARun -> 信息:   started user thread for Warehouse 12
1月 02, 2026 10:21:18 下午 spec.jbb.JBBmain DoARun -> 信息:   started user thread for Warehouse 13
1月 02, 2026 10:21:18 下午 spec.jbb.JBBmain DoARun -> 信息:   started user thread for Warehouse 14
1月 02, 2026 10:21:18 下午 spec.jbb.JBBmain DoARun -> 信息:   started user thread for Warehouse 15
1月 02, 2026 10:21:18 下午 spec.jbb.JBBmain DoARun -> 信息:   started user thread for Warehouse 16
1月 02, 2026 10:21:18 下午 spec.jbb.JBBmain DoARun -> 信息:   started user thread for Warehouse 17
1月 02, 2026 10:21:18 下午 spec.jbb.JBBmain DoARun -> 信息:   started user thread for Warehouse 18
1月 02, 2026 10:21:18 下午 spec.jbb.JBBmain DoARun -> 信息:   started user thread for Warehouse 19
1月 02, 2026 10:21:18 下午 spec.jbb.JBBmain DoARun -> 信息:   started user thread for Warehouse 20
1月 02, 2026 10:21:18 下午 spec.jbb.JBBmain DoARun -> 信息:   started user thread for Warehouse 21
1月 02, 2026 10:21:18 下午 spec.jbb.JBBmain DoARun -> 信息:   started user thread for Warehouse 22
1月 02, 2026 10:21:18 下午 spec.jbb.JBBmain DoARun -> 信息:   started user thread for Warehouse 23
1月 02, 2026 10:21:18 下午 spec.jbb.JBBmain DoARun -> 信息:   started user thread for Warehouse 24
1月 02, 2026 10:21:18 下午 spec.jbb.JBBmain DoARun -> 信息:   started user thread for Warehouse 25
1月 02, 2026 10:21:18 下午 spec.jbb.JBBmain DoARun -> 信息:   started user thread for Warehouse 26
1月 02, 2026 10:21:18 下午 spec.jbb.JBBmain DoARun -> 信息:   started user thread for Warehouse 27
1月 02, 2026 10:21:18 下午 spec.jbb.JBBmain DoARun -> 信息:   started user thread for Warehouse 28
1月 02, 2026 10:21:18 下午 spec.jbb.JBBmain DoARun -> 信息:   started user thread for Warehouse 29
1月 02, 2026 10:21:18 下午 spec.jbb.JBBmain DoARun -> 信息:   started user thread for Warehouse 30
1月 02, 2026 10:21:18 下午 spec.jbb.JBBmain DoARun -> 信息:   started user thread for Warehouse 31
1月 02, 2026 10:21:18 下午 spec.jbb.JBBmain DoARun -> 信息:   started user thread for Warehouse 32
1月 02, 2026 10:21:18 下午 spec.jbb.JBBmain DoARun -> 信息:   started user thread for Warehouse 33
1月 02, 2026 10:21:18 下午 spec.jbb.JBBmain DoARun -> 信息:   started user thread for Warehouse 34
1月 02, 2026 10:21:18 下午 spec.jbb.JBBmain DoARun -> 信息:   started user thread for Warehouse 35
1月 02, 2026 10:21:18 下午 spec.jbb.JBBmain DoARun -> 信息:   started user thread for Warehouse 36
1月 02, 2026 10:21:18 下午 spec.jbb.JBBmain DoARun -> 信息:   started user thread for Warehouse 37
1月 02, 2026 10:21:18 下午 spec.jbb.JBBmain DoARun -> 信息:   started user thread for Warehouse 38
1月 02, 2026 10:21:18 下午 spec.jbb.JBBmain DoARun -> 信息:   started user thread for Warehouse 39
1月 02, 2026 10:21:18 下午 spec.jbb.JBBmain DoARun -> 信息:   started user thread for Warehouse 40
1月 02, 2026 10:21:18 下午 spec.jbb.JBBmain DoARun -> 信息:   started user thread for Warehouse 41
1月 02, 2026 10:21:18 下午 spec.jbb.JBBmain DoARun -> 信息:   started user thread for Warehouse 42
1月 02, 2026 10:21:18 下午 spec.jbb.JBBmain DoARun -> 信息:   started user thread for Warehouse 43
1月 02, 2026 10:21:18 下午 spec.jbb.JBBmain DoARun -> 信息:   started user thread for Warehouse 44
1月 02, 2026 10:21:18 下午 spec.jbb.JBBmain DoARun -> 信息:   started user thread for Warehouse 45
1月 02, 2026 10:21:18 下午 spec.jbb.JBBmain DoARun -> 信息:   started user thread for Warehouse 46
1月 02, 2026 10:21:18 下午 spec.jbb.JBBmain DoARun -> 信息:   started user thread for Warehouse 47
1月 02, 2026 10:21:18 下午 spec.jbb.JBBmain DoARun -> 信息:   started user thread for Warehouse 48
1月 02, 2026 10:21:18 下午 spec.jbb.JBBmain DoARun -> 信息:   started user thread for Warehouse 49
1月 02, 2026 10:21:18 下午 spec.jbb.JBBmain DoARun -> 信息:   started user thread for Warehouse 50
1月 02, 2026 10:21:18 下午 spec.jbb.JBBmain DoARun -> 信息:   started user thread for Warehouse 51
1月 02, 2026 10:21:18 下午 spec.jbb.JBBmain DoARun -> 信息:   started user thread for Warehouse 52
1月 02, 2026 10:21:18 下午 spec.jbb.JBBmain DoARun -> 信息:   started user thread for Warehouse 53
1月 02, 2026 10:21:18 下午 spec.jbb.JBBmain DoARun -> 信息:   started user thread for Warehouse 54
1月 02, 2026 10:21:18 下午 spec.jbb.JBBmain DoARun -> 信息:   started user thread for Warehouse 55
1月 02, 2026 10:21:18 下午 spec.jbb.JBBmain DoARun -> 信息:   started user thread for Warehouse 56
1月 02, 2026 10:21:18 下午 spec.jbb.JBBmain DoARun -> 信息:   started user thread for Warehouse 57
1月 02, 2026 10:21:18 下午 spec.jbb.JBBmain DoARun -> 信息:   started user thread for Warehouse 58
1月 02, 2026 10:21:18 下午 spec.jbb.JBBmain DoARun -> 信息:   started user thread for Warehouse 59
1月 02, 2026 10:21:18 下午 spec.jbb.JBBmain DoARun -> 信息:   started user thread for Warehouse 60
1月 02, 2026 10:21:18 下午 spec.jbb.JBBmain DoARun -> 信息:   started user thread for Warehouse 61
1月 02, 2026 10:21:18 下午 spec.jbb.JBBmain DoARun -> 信息:   started user thread for Warehouse 62
1月 02, 2026 10:21:18 下午 spec.jbb.JBBmain DoARun -> 信息:   started user thread for Warehouse 63
1月 02, 2026 10:21:18 下午 spec.jbb.JBBmain DoARun -> 信息:   started user thread for Warehouse 64
1月 02, 2026 10:21:18 下午 spec.jbb.JBBmain DoARun -> 信息:   started user thread for Warehouse 65
1月 02, 2026 10:21:18 下午 spec.jbb.JBBmain DoARun -> 信息:   started user thread for Warehouse 66
1月 02, 2026 10:21:18 下午 spec.jbb.JBBmain DoARun -> 信息:   started user thread for Warehouse 67
1月 02, 2026 10:21:18 下午 spec.jbb.JBBmain DoARun -> 信息:   started user thread for Warehouse 68
1月 02, 2026 10:21:18 下午 spec.jbb.JBBmain DoARun -> 信息:   started user thread for Warehouse 69
1月 02, 2026 10:21:18 下午 spec.jbb.JBBmain DoARun -> 信息:   started user thread for Warehouse 70
1月 02, 2026 10:21:18 下午 spec.jbb.JBBmain DoARun -> 信息:   started user thread for Warehouse 71
1月 02, 2026 10:21:18 下午 spec.jbb.JBBmain DoARun -> 信息:   started user thread for Warehouse 72
1月 02, 2026 10:21:18 下午 spec.jbb.JBBmain DoARun -> 信息:   started user thread for Warehouse 73
1月 02, 2026 10:21:18 下午 spec.jbb.JBBmain DoARun -> 信息:   started user thread for Warehouse 74
1月 02, 2026 10:21:18 下午 spec.jbb.JBBmain DoARun -> 信息:   started user thread for Warehouse 75
1月 02, 2026 10:21:18 下午 spec.jbb.JBBmain DoARun -> 信息:   started user thread for Warehouse 76
1月 02, 2026 10:21:18 下午 spec.jbb.JBBmain DoARun -> 信息:   started user thread for Warehouse 77
1月 02, 2026 10:21:18 下午 spec.jbb.JBBmain DoARun -> 信息:   started user thread for Warehouse 78
1月 02, 2026 10:21:18 下午 spec.jbb.JBBmain DoARun -> 信息:   started user thread for Warehouse 79
1月 02, 2026 10:21:18 下午 spec.jbb.JBBmain DoARun -> 信息:   started user thread for Warehouse 80
1月 02, 2026 10:21:18 下午 spec.jbb.JBBmain DoARun -> 信息:   started user thread for Warehouse 81
1月 02, 2026 10:21:18 下午 spec.jbb.JBBmain DoARun -> 信息:   started user thread for Warehouse 82
1月 02, 2026 10:21:18 下午 spec.jbb.JBBmain DoARun -> 信息:   started user thread for Warehouse 83
1月 02, 2026 10:21:18 下午 spec.jbb.JBBmain DoARun -> 信息:   started user thread for Warehouse 84
1月 02, 2026 10:21:18 下午 spec.jbb.JBBmain DoARun -> 信息:   started user thread for Warehouse 85
1月 02, 2026 10:21:18 下午 spec.jbb.JBBmain DoARun -> 信息:   started user thread for Warehouse 86
1月 02, 2026 10:21:18 下午 spec.jbb.JBBmain DoARun -> 信息:   started user thread for Warehouse 87
1月 02, 2026 10:21:18 下午 spec.jbb.JBBmain DoARun -> 信息:   started user thread for Warehouse 88
1月 02, 2026 10:21:18 下午 spec.jbb.JBBmain DoARun -> 信息:   started user thread for Warehouse 89
1月 02, 2026 10:21:18 下午 spec.jbb.JBBmain DoARun -> 信息:   started user thread for Warehouse 90
1月 02, 2026 10:21:18 下午 spec.jbb.JBBmain DoARun -> 信息:   started user thread for Warehouse 91
1月 02, 2026 10:21:18 下午 spec.jbb.JBBmain DoARun -> 信息:   started user thread for Warehouse 92
1月 02, 2026 10:21:18 下午 spec.jbb.JBBmain DoARun -> 信息:   started user thread for Warehouse 93
1月 02, 2026 10:21:18 下午 spec.jbb.JBBmain DoARun -> 信息:   started user thread for Warehouse 94
1月 02, 2026 10:21:18 下午 spec.jbb.JBBmain DoARun -> 信息:   started user thread for Warehouse 95
1月 02, 2026 10:21:18 下午 spec.jbb.JBBmain DoARun -> 信息:   started user thread for Warehouse 96
1月 02, 2026 10:21:18 下午 spec.jbb.JBBmain DoARun -> 信息:   started user thread for Warehouse 97
1月 02, 2026 10:21:18 下午 spec.jbb.JBBmain DoARun -> 信息:   started user thread for Warehouse 98
1月 02, 2026 10:21:18 下午 spec.jbb.JBBmain DoARun -> 信息:   started user thread for Warehouse 99
1月 02, 2026 10:21:18 下午 spec.jbb.JBBmain DoARun -> 信息:   started user thread for Warehouse 100
1月 02, 2026 10:21:18 下午 spec.jbb.JBBmain DoARun -> 信息:   started user thread for Warehouse 101
1月 02, 2026 10:21:18 下午 spec.jbb.JBBmain DoARun -> 信息:   started user thread for Warehouse 102
1月 02, 2026 10:21:18 下午 spec.jbb.JBBmain DoARun -> 信息:   started user thread for Warehouse 103
1月 02, 2026 10:21:18 下午 spec.jbb.JBBmain DoARun -> 信息:   started user thread for Warehouse 104
1月 02, 2026 10:21:18 下午 spec.jbb.JBBmain DoARun -> 信息:   started user thread for Warehouse 105
1月 02, 2026 10:21:18 下午 spec.jbb.JBBmain DoARun -> 信息:   started user thread for Warehouse 106
1月 02, 2026 10:21:18 下午 spec.jbb.JBBmain DoARun -> 信息:   started user thread for Warehouse 107
1月 02, 2026 10:21:18 下午 spec.jbb.JBBmain DoARun -> 信息:   started user thread for Warehouse 108
1月 02, 2026 10:21:18 下午 spec.jbb.JBBmain DoARun -> 信息:   started user thread for Warehouse 109
1月 02, 2026 10:21:18 下午 spec.jbb.JBBmain DoARun -> 信息:   started user thread for Warehouse 110
1月 02, 2026 10:21:18 下午 spec.jbb.JBBmain DoARun -> 信息:   started user thread for Warehouse 111
1月 02, 2026 10:21:18 下午 spec.jbb.JBBmain DoARun -> 信息:   started user thread for Warehouse 112
1月 02, 2026 10:21:18 下午 spec.jbb.JBBmain DoARun -> 信息:   started user thread for Warehouse 113
1月 02, 2026 10:21:18 下午 spec.jbb.JBBmain DoARun -> 信息:   started user thread for Warehouse 114
1月 02, 2026 10:21:18 下午 spec.jbb.JBBmain DoARun -> 信息:   started user thread for Warehouse 115
1月 02, 2026 10:21:18 下午 spec.jbb.JBBmain DoARun -> 信息:   started user thread for Warehouse 116
1月 02, 2026 10:21:18 下午 spec.jbb.JBBmain DoARun -> 信息:   started user thread for Warehouse 117
1月 02, 2026 10:21:18 下午 spec.jbb.Company displayResultTotals -> 信息: Timing Measurement began Fri Jan 02 22:21:18 CST 2026 for 4 minutes
1月 02, 2026 10:25:18 下午 spec.jbb.Company displayResultTotals -> 信息: Timing Measurement ended Fri Jan 02 22:25:18 CST 2026
1月 02, 2026 10:25:18 下午 spec.jbb.Company primeWithDummyData -> 信息: Loading Warehouse 118...
1月 02, 2026 10:25:18 下午 spec.jbb.JBBmain DoARun -> 信息: Start User Threads
1月 02, 2026 10:25:18 下午 spec.jbb.JBBmain DoARun -> 信息:   started user thread for Warehouse 1
1月 02, 2026 10:25:18 下午 spec.jbb.JBBmain DoARun -> 信息:   started user thread for Warehouse 2
1月 02, 2026 10:25:18 下午 spec.jbb.JBBmain DoARun -> 信息:   started user thread for Warehouse 3
1月 02, 2026 10:25:18 下午 spec.jbb.JBBmain DoARun -> 信息:   started user thread for Warehouse 4
1月 02, 2026 10:25:18 下午 spec.jbb.JBBmain DoARun -> 信息:   started user thread for Warehouse 5
1月 02, 2026 10:25:18 下午 spec.jbb.JBBmain DoARun -> 信息:   started user thread for Warehouse 6
1月 02, 2026 10:25:18 下午 spec.jbb.JBBmain DoARun -> 信息:   started user thread for Warehouse 7
1月 02, 2026 10:25:18 下午 spec.jbb.JBBmain DoARun -> 信息:   started user thread for Warehouse 8
1月 02, 2026 10:25:18 下午 spec.jbb.JBBmain DoARun -> 信息:   started user thread for Warehouse 9
1月 02, 2026 10:25:18 下午 spec.jbb.JBBmain DoARun -> 信息:   started user thread for Warehouse 10
1月 02, 2026 10:25:18 下午 spec.jbb.JBBmain DoARun -> 信息:   started user thread for Warehouse 11
1月 02, 2026 10:25:18 下午 spec.jbb.JBBmain DoARun -> 信息:   started user thread for Warehouse 12
1月 02, 2026 10:25:18 下午 spec.jbb.JBBmain DoARun -> 信息:   started user thread for Warehouse 13
1月 02, 2026 10:25:18 下午 spec.jbb.JBBmain DoARun -> 信息:   started user thread for Warehouse 14
1月 02, 2026 10:25:18 下午 spec.jbb.JBBmain DoARun -> 信息:   started user thread for Warehouse 15
1月 02, 2026 10:25:18 下午 spec.jbb.JBBmain DoARun -> 信息:   started user thread for Warehouse 16
1月 02, 2026 10:25:18 下午 spec.jbb.JBBmain DoARun -> 信息:   started user thread for Warehouse 17
1月 02, 2026 10:25:18 下午 spec.jbb.JBBmain DoARun -> 信息:   started user thread for Warehouse 18
1月 02, 2026 10:25:18 下午 spec.jbb.JBBmain DoARun -> 信息:   started user thread for Warehouse 19
1月 02, 2026 10:25:18 下午 spec.jbb.JBBmain DoARun -> 信息:   started user thread for Warehouse 20
1月 02, 2026 10:25:18 下午 spec.jbb.JBBmain DoARun -> 信息:   started user thread for Warehouse 21
1月 02, 2026 10:25:18 下午 spec.jbb.JBBmain DoARun -> 信息:   started user thread for Warehouse 22
1月 02, 2026 10:25:18 下午 spec.jbb.JBBmain DoARun -> 信息:   started user thread for Warehouse 23
1月 02, 2026 10:25:18 下午 spec.jbb.JBBmain DoARun -> 信息:   started user thread for Warehouse 24
1月 02, 2026 10:25:18 下午 spec.jbb.JBBmain DoARun -> 信息:   started user thread for Warehouse 25
1月 02, 2026 10:25:18 下午 spec.jbb.JBBmain DoARun -> 信息:   started user thread for Warehouse 26
1月 02, 2026 10:25:18 下午 spec.jbb.JBBmain DoARun -> 信息:   started user thread for Warehouse 27
1月 02, 2026 10:25:18 下午 spec.jbb.JBBmain DoARun -> 信息:   started user thread for Warehouse 28
1月 02, 2026 10:25:18 下午 spec.jbb.JBBmain DoARun -> 信息:   started user thread for Warehouse 29
1月 02, 2026 10:25:18 下午 spec.jbb.JBBmain DoARun -> 信息:   started user thread for Warehouse 30
1月 02, 2026 10:25:18 下午 spec.jbb.JBBmain DoARun -> 信息:   started user thread for Warehouse 31
1月 02, 2026 10:25:18 下午 spec.jbb.JBBmain DoARun -> 信息:   started user thread for Warehouse 32
1月 02, 2026 10:25:18 下午 spec.jbb.JBBmain DoARun -> 信息:   started user thread for Warehouse 33
1月 02, 2026 10:25:18 下午 spec.jbb.JBBmain DoARun -> 信息:   started user thread for Warehouse 34
1月 02, 2026 10:25:18 下午 spec.jbb.JBBmain DoARun -> 信息:   started user thread for Warehouse 35
1月 02, 2026 10:25:18 下午 spec.jbb.JBBmain DoARun -> 信息:   started user thread for Warehouse 36
1月 02, 2026 10:25:18 下午 spec.jbb.JBBmain DoARun -> 信息:   started user thread for Warehouse 37
1月 02, 2026 10:25:18 下午 spec.jbb.JBBmain DoARun -> 信息:   started user thread for Warehouse 38
1月 02, 2026 10:25:18 下午 spec.jbb.JBBmain DoARun -> 信息:   started user thread for Warehouse 39
1月 02, 2026 10:25:18 下午 spec.jbb.JBBmain DoARun -> 信息:   started user thread for Warehouse 40
1月 02, 2026 10:25:18 下午 spec.jbb.JBBmain DoARun -> 信息:   started user thread for Warehouse 41
1月 02, 2026 10:25:18 下午 spec.jbb.JBBmain DoARun -> 信息:   started user thread for Warehouse 42
1月 02, 2026 10:25:18 下午 spec.jbb.JBBmain DoARun -> 信息:   started user thread for Warehouse 43
1月 02, 2026 10:25:18 下午 spec.jbb.JBBmain DoARun -> 信息:   started user thread for Warehouse 44
1月 02, 2026 10:25:18 下午 spec.jbb.JBBmain DoARun -> 信息:   started user thread for Warehouse 45
1月 02, 2026 10:25:18 下午 spec.jbb.JBBmain DoARun -> 信息:   started user thread for Warehouse 46
1月 02, 2026 10:25:18 下午 spec.jbb.JBBmain DoARun -> 信息:   started user thread for Warehouse 47
1月 02, 2026 10:25:18 下午 spec.jbb.JBBmain DoARun -> 信息:   started user thread for Warehouse 48
1月 02, 2026 10:25:18 下午 spec.jbb.JBBmain DoARun -> 信息:   started user thread for Warehouse 49
1月 02, 2026 10:25:18 下午 spec.jbb.JBBmain DoARun -> 信息:   started user thread for Warehouse 50
1月 02, 2026 10:25:18 下午 spec.jbb.JBBmain DoARun -> 信息:   started user thread for Warehouse 51
1月 02, 2026 10:25:18 下午 spec.jbb.JBBmain DoARun -> 信息:   started user thread for Warehouse 52
1月 02, 2026 10:25:18 下午 spec.jbb.JBBmain DoARun -> 信息:   started user thread for Warehouse 53
1月 02, 2026 10:25:18 下午 spec.jbb.JBBmain DoARun -> 信息:   started user thread for Warehouse 54
1月 02, 2026 10:25:18 下午 spec.jbb.JBBmain DoARun -> 信息:   started user thread for Warehouse 55
1月 02, 2026 10:25:18 下午 spec.jbb.JBBmain DoARun -> 信息:   started user thread for Warehouse 56
1月 02, 2026 10:25:18 下午 spec.jbb.JBBmain DoARun -> 信息:   started user thread for Warehouse 57
1月 02, 2026 10:25:18 下午 spec.jbb.JBBmain DoARun -> 信息:   started user thread for Warehouse 58
1月 02, 2026 10:25:18 下午 spec.jbb.JBBmain DoARun -> 信息:   started user thread for Warehouse 59
1月 02, 2026 10:25:18 下午 spec.jbb.JBBmain DoARun -> 信息:   started user thread for Warehouse 60
1月 02, 2026 10:25:18 下午 spec.jbb.JBBmain DoARun -> 信息:   started user thread for Warehouse 61
1月 02, 2026 10:25:18 下午 spec.jbb.JBBmain DoARun -> 信息:   started user thread for Warehouse 62
1月 02, 2026 10:25:18 下午 spec.jbb.JBBmain DoARun -> 信息:   started user thread for Warehouse 63
1月 02, 2026 10:25:18 下午 spec.jbb.JBBmain DoARun -> 信息:   started user thread for Warehouse 64
1月 02, 2026 10:25:18 下午 spec.jbb.JBBmain DoARun -> 信息:   started user thread for Warehouse 65
1月 02, 2026 10:25:18 下午 spec.jbb.JBBmain DoARun -> 信息:   started user thread for Warehouse 66
1月 02, 2026 10:25:18 下午 spec.jbb.JBBmain DoARun -> 信息:   started user thread for Warehouse 67
1月 02, 2026 10:25:18 下午 spec.jbb.JBBmain DoARun -> 信息:   started user thread for Warehouse 68
1月 02, 2026 10:25:18 下午 spec.jbb.JBBmain DoARun -> 信息:   started user thread for Warehouse 69
1月 02, 2026 10:25:18 下午 spec.jbb.JBBmain DoARun -> 信息:   started user thread for Warehouse 70
1月 02, 2026 10:25:18 下午 spec.jbb.JBBmain DoARun -> 信息:   started user thread for Warehouse 71
1月 02, 2026 10:25:18 下午 spec.jbb.JBBmain DoARun -> 信息:   started user thread for Warehouse 72
1月 02, 2026 10:25:18 下午 spec.jbb.JBBmain DoARun -> 信息:   started user thread for Warehouse 73
1月 02, 2026 10:25:18 下午 spec.jbb.JBBmain DoARun -> 信息:   started user thread for Warehouse 74
1月 02, 2026 10:25:18 下午 spec.jbb.JBBmain DoARun -> 信息:   started user thread for Warehouse 75
1月 02, 2026 10:25:18 下午 spec.jbb.JBBmain DoARun -> 信息:   started user thread for Warehouse 76
1月 02, 2026 10:25:18 下午 spec.jbb.JBBmain DoARun -> 信息:   started user thread for Warehouse 77
1月 02, 2026 10:25:18 下午 spec.jbb.JBBmain DoARun -> 信息:   started user thread for Warehouse 78
1月 02, 2026 10:25:18 下午 spec.jbb.JBBmain DoARun -> 信息:   started user thread for Warehouse 79
1月 02, 2026 10:25:18 下午 spec.jbb.JBBmain DoARun -> 信息:   started user thread for Warehouse 80
1月 02, 2026 10:25:18 下午 spec.jbb.JBBmain DoARun -> 信息:   started user thread for Warehouse 81
1月 02, 2026 10:25:18 下午 spec.jbb.JBBmain DoARun -> 信息:   started user thread for Warehouse 82
1月 02, 2026 10:25:18 下午 spec.jbb.JBBmain DoARun -> 信息:   started user thread for Warehouse 83
1月 02, 2026 10:25:18 下午 spec.jbb.JBBmain DoARun -> 信息:   started user thread for Warehouse 84
1月 02, 2026 10:25:18 下午 spec.jbb.JBBmain DoARun -> 信息:   started user thread for Warehouse 85
1月 02, 2026 10:25:18 下午 spec.jbb.JBBmain DoARun -> 信息:   started user thread for Warehouse 86
1月 02, 2026 10:25:18 下午 spec.jbb.JBBmain DoARun -> 信息:   started user thread for Warehouse 87
1月 02, 2026 10:25:18 下午 spec.jbb.JBBmain DoARun -> 信息:   started user thread for Warehouse 88
1月 02, 2026 10:25:18 下午 spec.jbb.JBBmain DoARun -> 信息:   started user thread for Warehouse 89
1月 02, 2026 10:25:18 下午 spec.jbb.JBBmain DoARun -> 信息:   started user thread for Warehouse 90
1月 02, 2026 10:25:18 下午 spec.jbb.JBBmain DoARun -> 信息:   started user thread for Warehouse 91
1月 02, 2026 10:25:18 下午 spec.jbb.JBBmain DoARun -> 信息:   started user thread for Warehouse 92
1月 02, 2026 10:25:18 下午 spec.jbb.JBBmain DoARun -> 信息:   started user thread for Warehouse 93
1月 02, 2026 10:25:18 下午 spec.jbb.JBBmain DoARun -> 信息:   started user thread for Warehouse 94
1月 02, 2026 10:25:18 下午 spec.jbb.JBBmain DoARun -> 信息:   started user thread for Warehouse 95
1月 02, 2026 10:25:18 下午 spec.jbb.JBBmain DoARun -> 信息:   started user thread for Warehouse 96
1月 02, 2026 10:25:18 下午 spec.jbb.JBBmain DoARun -> 信息:   started user thread for Warehouse 97
1月 02, 2026 10:25:18 下午 spec.jbb.JBBmain DoARun -> 信息:   started user thread for Warehouse 98
1月 02, 2026 10:25:18 下午 spec.jbb.JBBmain DoARun -> 信息:   started user thread for Warehouse 99
1月 02, 2026 10:25:18 下午 spec.jbb.JBBmain DoARun -> 信息:   started user thread for Warehouse 100
1月 02, 2026 10:25:18 下午 spec.jbb.JBBmain DoARun -> 信息:   started user thread for Warehouse 101
1月 02, 2026 10:25:18 下午 spec.jbb.JBBmain DoARun -> 信息:   started user thread for Warehouse 102
1月 02, 2026 10:25:18 下午 spec.jbb.JBBmain DoARun -> 信息:   started user thread for Warehouse 103
1月 02, 2026 10:25:18 下午 spec.jbb.JBBmain DoARun -> 信息:   started user thread for Warehouse 104
1月 02, 2026 10:25:18 下午 spec.jbb.JBBmain DoARun -> 信息:   started user thread for Warehouse 105
1月 02, 2026 10:25:18 下午 spec.jbb.JBBmain DoARun -> 信息:   started user thread for Warehouse 106
1月 02, 2026 10:25:18 下午 spec.jbb.JBBmain DoARun -> 信息:   started user thread for Warehouse 107
1月 02, 2026 10:25:18 下午 spec.jbb.JBBmain DoARun -> 信息:   started user thread for Warehouse 108
1月 02, 2026 10:25:18 下午 spec.jbb.JBBmain DoARun -> 信息:   started user thread for Warehouse 109
1月 02, 2026 10:25:18 下午 spec.jbb.JBBmain DoARun -> 信息:   started user thread for Warehouse 110
1月 02, 2026 10:25:18 下午 spec.jbb.JBBmain DoARun -> 信息:   started user thread for Warehouse 111
1月 02, 2026 10:25:18 下午 spec.jbb.JBBmain DoARun -> 信息:   started user thread for Warehouse 112
1月 02, 2026 10:25:18 下午 spec.jbb.JBBmain DoARun -> 信息:   started user thread for Warehouse 113
1月 02, 2026 10:25:18 下午 spec.jbb.JBBmain DoARun -> 信息:   started user thread for Warehouse 114
1月 02, 2026 10:25:18 下午 spec.jbb.JBBmain DoARun -> 信息:   started user thread for Warehouse 115
1月 02, 2026 10:25:18 下午 spec.jbb.JBBmain DoARun -> 信息:   started user thread for Warehouse 116
1月 02, 2026 10:25:18 下午 spec.jbb.JBBmain DoARun -> 信息:   started user thread for Warehouse 117
1月 02, 2026 10:25:18 下午 spec.jbb.JBBmain DoARun -> 信息:   started user thread for Warehouse 118
1月 02, 2026 10:25:18 下午 spec.jbb.Company displayResultTotals -> 信息: Timing Measurement began Fri Jan 02 22:25:18 CST 2026 for 4 minutes
1月 02, 2026 10:29:18 下午 spec.jbb.Company displayResultTotals -> 信息: Timing Measurement ended Fri Jan 02 22:29:18 CST 2026
1月 02, 2026 10:29:18 下午 spec.jbb.Company primeWithDummyData -> 信息: Loading Warehouse 119...
1月 02, 2026 10:29:19 下午 spec.jbb.JBBmain DoARun -> 信息: Start User Threads
1月 02, 2026 10:29:19 下午 spec.jbb.JBBmain DoARun -> 信息:   started user thread for Warehouse 1
1月 02, 2026 10:29:19 下午 spec.jbb.JBBmain DoARun -> 信息:   started user thread for Warehouse 2
1月 02, 2026 10:29:19 下午 spec.jbb.JBBmain DoARun -> 信息:   started user thread for Warehouse 3
1月 02, 2026 10:29:19 下午 spec.jbb.JBBmain DoARun -> 信息:   started user thread for Warehouse 4
1月 02, 2026 10:29:19 下午 spec.jbb.JBBmain DoARun -> 信息:   started user thread for Warehouse 5
1月 02, 2026 10:29:19 下午 spec.jbb.JBBmain DoARun -> 信息:   started user thread for Warehouse 6
1月 02, 2026 10:29:19 下午 spec.jbb.JBBmain DoARun -> 信息:   started user thread for Warehouse 7
1月 02, 2026 10:29:19 下午 spec.jbb.JBBmain DoARun -> 信息:   started user thread for Warehouse 8
1月 02, 2026 10:29:19 下午 spec.jbb.JBBmain DoARun -> 信息:   started user thread for Warehouse 9
1月 02, 2026 10:29:19 下午 spec.jbb.JBBmain DoARun -> 信息:   started user thread for Warehouse 10
1月 02, 2026 10:29:19 下午 spec.jbb.JBBmain DoARun -> 信息:   started user thread for Warehouse 11
1月 02, 2026 10:29:19 下午 spec.jbb.JBBmain DoARun -> 信息:   started user thread for Warehouse 12
1月 02, 2026 10:29:19 下午 spec.jbb.JBBmain DoARun -> 信息:   started user thread for Warehouse 13
1月 02, 2026 10:29:19 下午 spec.jbb.JBBmain DoARun -> 信息:   started user thread for Warehouse 14
1月 02, 2026 10:29:19 下午 spec.jbb.JBBmain DoARun -> 信息:   started user thread for Warehouse 15
1月 02, 2026 10:29:19 下午 spec.jbb.JBBmain DoARun -> 信息:   started user thread for Warehouse 16
1月 02, 2026 10:29:19 下午 spec.jbb.JBBmain DoARun -> 信息:   started user thread for Warehouse 17
1月 02, 2026 10:29:19 下午 spec.jbb.JBBmain DoARun -> 信息:   started user thread for Warehouse 18
1月 02, 2026 10:29:19 下午 spec.jbb.JBBmain DoARun -> 信息:   started user thread for Warehouse 19
1月 02, 2026 10:29:19 下午 spec.jbb.JBBmain DoARun -> 信息:   started user thread for Warehouse 20
1月 02, 2026 10:29:19 下午 spec.jbb.JBBmain DoARun -> 信息:   started user thread for Warehouse 21
1月 02, 2026 10:29:19 下午 spec.jbb.JBBmain DoARun -> 信息:   started user thread for Warehouse 22
1月 02, 2026 10:29:19 下午 spec.jbb.JBBmain DoARun -> 信息:   started user thread for Warehouse 23
1月 02, 2026 10:29:19 下午 spec.jbb.JBBmain DoARun -> 信息:   started user thread for Warehouse 24
1月 02, 2026 10:29:19 下午 spec.jbb.JBBmain DoARun -> 信息:   started user thread for Warehouse 25
1月 02, 2026 10:29:19 下午 spec.jbb.JBBmain DoARun -> 信息:   started user thread for Warehouse 26
1月 02, 2026 10:29:19 下午 spec.jbb.JBBmain DoARun -> 信息:   started user thread for Warehouse 27
1月 02, 2026 10:29:19 下午 spec.jbb.JBBmain DoARun -> 信息:   started user thread for Warehouse 28
1月 02, 2026 10:29:19 下午 spec.jbb.JBBmain DoARun -> 信息:   started user thread for Warehouse 29
1月 02, 2026 10:29:19 下午 spec.jbb.JBBmain DoARun -> 信息:   started user thread for Warehouse 30
1月 02, 2026 10:29:19 下午 spec.jbb.JBBmain DoARun -> 信息:   started user thread for Warehouse 31
1月 02, 2026 10:29:19 下午 spec.jbb.JBBmain DoARun -> 信息:   started user thread for Warehouse 32
1月 02, 2026 10:29:19 下午 spec.jbb.JBBmain DoARun -> 信息:   started user thread for Warehouse 33
1月 02, 2026 10:29:19 下午 spec.jbb.JBBmain DoARun -> 信息:   started user thread for Warehouse 34
1月 02, 2026 10:29:19 下午 spec.jbb.JBBmain DoARun -> 信息:   started user thread for Warehouse 35
1月 02, 2026 10:29:19 下午 spec.jbb.JBBmain DoARun -> 信息:   started user thread for Warehouse 36
1月 02, 2026 10:29:19 下午 spec.jbb.JBBmain DoARun -> 信息:   started user thread for Warehouse 37
1月 02, 2026 10:29:19 下午 spec.jbb.JBBmain DoARun -> 信息:   started user thread for Warehouse 38
1月 02, 2026 10:29:19 下午 spec.jbb.JBBmain DoARun -> 信息:   started user thread for Warehouse 39
1月 02, 2026 10:29:19 下午 spec.jbb.JBBmain DoARun -> 信息:   started user thread for Warehouse 40
1月 02, 2026 10:29:19 下午 spec.jbb.JBBmain DoARun -> 信息:   started user thread for Warehouse 41
1月 02, 2026 10:29:19 下午 spec.jbb.JBBmain DoARun -> 信息:   started user thread for Warehouse 42
1月 02, 2026 10:29:19 下午 spec.jbb.JBBmain DoARun -> 信息:   started user thread for Warehouse 43
1月 02, 2026 10:29:19 下午 spec.jbb.JBBmain DoARun -> 信息:   started user thread for Warehouse 44
1月 02, 2026 10:29:19 下午 spec.jbb.JBBmain DoARun -> 信息:   started user thread for Warehouse 45
1月 02, 2026 10:29:19 下午 spec.jbb.JBBmain DoARun -> 信息:   started user thread for Warehouse 46
1月 02, 2026 10:29:19 下午 spec.jbb.JBBmain DoARun -> 信息:   started user thread for Warehouse 47
1月 02, 2026 10:29:19 下午 spec.jbb.JBBmain DoARun -> 信息:   started user thread for Warehouse 48
1月 02, 2026 10:29:19 下午 spec.jbb.JBBmain DoARun -> 信息:   started user thread for Warehouse 49
1月 02, 2026 10:29:19 下午 spec.jbb.JBBmain DoARun -> 信息:   started user thread for Warehouse 50
1月 02, 2026 10:29:19 下午 spec.jbb.JBBmain DoARun -> 信息:   started user thread for Warehouse 51
1月 02, 2026 10:29:19 下午 spec.jbb.JBBmain DoARun -> 信息:   started user thread for Warehouse 52
1月 02, 2026 10:29:19 下午 spec.jbb.JBBmain DoARun -> 信息:   started user thread for Warehouse 53
1月 02, 2026 10:29:19 下午 spec.jbb.JBBmain DoARun -> 信息:   started user thread for Warehouse 54
1月 02, 2026 10:29:19 下午 spec.jbb.JBBmain DoARun -> 信息:   started user thread for Warehouse 55
1月 02, 2026 10:29:19 下午 spec.jbb.JBBmain DoARun -> 信息:   started user thread for Warehouse 56
1月 02, 2026 10:29:19 下午 spec.jbb.JBBmain DoARun -> 信息:   started user thread for Warehouse 57
1月 02, 2026 10:29:19 下午 spec.jbb.JBBmain DoARun -> 信息:   started user thread for Warehouse 58
1月 02, 2026 10:29:19 下午 spec.jbb.JBBmain DoARun -> 信息:   started user thread for Warehouse 59
1月 02, 2026 10:29:19 下午 spec.jbb.JBBmain DoARun -> 信息:   started user thread for Warehouse 60
1月 02, 2026 10:29:19 下午 spec.jbb.JBBmain DoARun -> 信息:   started user thread for Warehouse 61
1月 02, 2026 10:29:19 下午 spec.jbb.JBBmain DoARun -> 信息:   started user thread for Warehouse 62
1月 02, 2026 10:29:19 下午 spec.jbb.JBBmain DoARun -> 信息:   started user thread for Warehouse 63
1月 02, 2026 10:29:19 下午 spec.jbb.JBBmain DoARun -> 信息:   started user thread for Warehouse 64
1月 02, 2026 10:29:19 下午 spec.jbb.JBBmain DoARun -> 信息:   started user thread for Warehouse 65
1月 02, 2026 10:29:19 下午 spec.jbb.JBBmain DoARun -> 信息:   started user thread for Warehouse 66
1月 02, 2026 10:29:19 下午 spec.jbb.JBBmain DoARun -> 信息:   started user thread for Warehouse 67
1月 02, 2026 10:29:19 下午 spec.jbb.JBBmain DoARun -> 信息:   started user thread for Warehouse 68
1月 02, 2026 10:29:19 下午 spec.jbb.JBBmain DoARun -> 信息:   started user thread for Warehouse 69
1月 02, 2026 10:29:19 下午 spec.jbb.JBBmain DoARun -> 信息:   started user thread for Warehouse 70
1月 02, 2026 10:29:19 下午 spec.jbb.JBBmain DoARun -> 信息:   started user thread for Warehouse 71
1月 02, 2026 10:29:19 下午 spec.jbb.JBBmain DoARun -> 信息:   started user thread for Warehouse 72
1月 02, 2026 10:29:19 下午 spec.jbb.JBBmain DoARun -> 信息:   started user thread for Warehouse 73
1月 02, 2026 10:29:19 下午 spec.jbb.JBBmain DoARun -> 信息:   started user thread for Warehouse 74
1月 02, 2026 10:29:19 下午 spec.jbb.JBBmain DoARun -> 信息:   started user thread for Warehouse 75
1月 02, 2026 10:29:19 下午 spec.jbb.JBBmain DoARun -> 信息:   started user thread for Warehouse 76
1月 02, 2026 10:29:19 下午 spec.jbb.JBBmain DoARun -> 信息:   started user thread for Warehouse 77
1月 02, 2026 10:29:19 下午 spec.jbb.JBBmain DoARun -> 信息:   started user thread for Warehouse 78
1月 02, 2026 10:29:19 下午 spec.jbb.JBBmain DoARun -> 信息:   started user thread for Warehouse 79
1月 02, 2026 10:29:19 下午 spec.jbb.JBBmain DoARun -> 信息:   started user thread for Warehouse 80
1月 02, 2026 10:29:19 下午 spec.jbb.JBBmain DoARun -> 信息:   started user thread for Warehouse 81
1月 02, 2026 10:29:19 下午 spec.jbb.JBBmain DoARun -> 信息:   started user thread for Warehouse 82
1月 02, 2026 10:29:19 下午 spec.jbb.JBBmain DoARun -> 信息:   started user thread for Warehouse 83
1月 02, 2026 10:29:19 下午 spec.jbb.JBBmain DoARun -> 信息:   started user thread for Warehouse 84
1月 02, 2026 10:29:19 下午 spec.jbb.JBBmain DoARun -> 信息:   started user thread for Warehouse 85
1月 02, 2026 10:29:19 下午 spec.jbb.JBBmain DoARun -> 信息:   started user thread for Warehouse 86
1月 02, 2026 10:29:19 下午 spec.jbb.JBBmain DoARun -> 信息:   started user thread for Warehouse 87
1月 02, 2026 10:29:19 下午 spec.jbb.JBBmain DoARun -> 信息:   started user thread for Warehouse 88
1月 02, 2026 10:29:19 下午 spec.jbb.JBBmain DoARun -> 信息:   started user thread for Warehouse 89
1月 02, 2026 10:29:19 下午 spec.jbb.JBBmain DoARun -> 信息:   started user thread for Warehouse 90
1月 02, 2026 10:29:19 下午 spec.jbb.JBBmain DoARun -> 信息:   started user thread for Warehouse 91
1月 02, 2026 10:29:19 下午 spec.jbb.JBBmain DoARun -> 信息:   started user thread for Warehouse 92
1月 02, 2026 10:29:19 下午 spec.jbb.JBBmain DoARun -> 信息:   started user thread for Warehouse 93
1月 02, 2026 10:29:19 下午 spec.jbb.JBBmain DoARun -> 信息:   started user thread for Warehouse 94
1月 02, 2026 10:29:19 下午 spec.jbb.JBBmain DoARun -> 信息:   started user thread for Warehouse 95
1月 02, 2026 10:29:19 下午 spec.jbb.JBBmain DoARun -> 信息:   started user thread for Warehouse 96
1月 02, 2026 10:29:19 下午 spec.jbb.JBBmain DoARun -> 信息:   started user thread for Warehouse 97
1月 02, 2026 10:29:19 下午 spec.jbb.JBBmain DoARun -> 信息:   started user thread for Warehouse 98
1月 02, 2026 10:29:19 下午 spec.jbb.JBBmain DoARun -> 信息:   started user thread for Warehouse 99
1月 02, 2026 10:29:19 下午 spec.jbb.JBBmain DoARun -> 信息:   started user thread for Warehouse 100
1月 02, 2026 10:29:19 下午 spec.jbb.JBBmain DoARun -> 信息:   started user thread for Warehouse 101
1月 02, 2026 10:29:19 下午 spec.jbb.JBBmain DoARun -> 信息:   started user thread for Warehouse 102
1月 02, 2026 10:29:19 下午 spec.jbb.JBBmain DoARun -> 信息:   started user thread for Warehouse 103
1月 02, 2026 10:29:19 下午 spec.jbb.JBBmain DoARun -> 信息:   started user thread for Warehouse 104
1月 02, 2026 10:29:19 下午 spec.jbb.JBBmain DoARun -> 信息:   started user thread for Warehouse 105
1月 02, 2026 10:29:19 下午 spec.jbb.JBBmain DoARun -> 信息:   started user thread for Warehouse 106
1月 02, 2026 10:29:19 下午 spec.jbb.JBBmain DoARun -> 信息:   started user thread for Warehouse 107
1月 02, 2026 10:29:19 下午 spec.jbb.JBBmain DoARun -> 信息:   started user thread for Warehouse 108
1月 02, 2026 10:29:19 下午 spec.jbb.JBBmain DoARun -> 信息:   started user thread for Warehouse 109
1月 02, 2026 10:29:19 下午 spec.jbb.JBBmain DoARun -> 信息:   started user thread for Warehouse 110
1月 02, 2026 10:29:19 下午 spec.jbb.JBBmain DoARun -> 信息:   started user thread for Warehouse 111
1月 02, 2026 10:29:19 下午 spec.jbb.JBBmain DoARun -> 信息:   started user thread for Warehouse 112
1月 02, 2026 10:29:19 下午 spec.jbb.JBBmain DoARun -> 信息:   started user thread for Warehouse 113
1月 02, 2026 10:29:19 下午 spec.jbb.JBBmain DoARun -> 信息:   started user thread for Warehouse 114
1月 02, 2026 10:29:19 下午 spec.jbb.JBBmain DoARun -> 信息:   started user thread for Warehouse 115
1月 02, 2026 10:29:19 下午 spec.jbb.JBBmain DoARun -> 信息:   started user thread for Warehouse 116
1月 02, 2026 10:29:19 下午 spec.jbb.JBBmain DoARun -> 信息:   started user thread for Warehouse 117
1月 02, 2026 10:29:19 下午 spec.jbb.JBBmain DoARun -> 信息:   started user thread for Warehouse 118
1月 02, 2026 10:29:19 下午 spec.jbb.JBBmain DoARun -> 信息:   started user thread for Warehouse 119
1月 02, 2026 10:29:19 下午 spec.jbb.Company displayResultTotals -> 信息: Timing Measurement began Fri Jan 02 22:29:19 CST 2026 for 4 minutes
1月 02, 2026 10:33:19 下午 spec.jbb.Company displayResultTotals -> 信息: Timing Measurement ended Fri Jan 02 22:33:19 CST 2026
1月 02, 2026 10:33:19 下午 spec.jbb.Company primeWithDummyData -> 信息: Loading Warehouse 120...
1月 02, 2026 10:33:19 下午 spec.jbb.JBBmain DoARun -> 信息: Start User Threads
1月 02, 2026 10:33:19 下午 spec.jbb.JBBmain DoARun -> 信息:   started user thread for Warehouse 1
1月 02, 2026 10:33:19 下午 spec.jbb.JBBmain DoARun -> 信息:   started user thread for Warehouse 2
1月 02, 2026 10:33:19 下午 spec.jbb.JBBmain DoARun -> 信息:   started user thread for Warehouse 3
1月 02, 2026 10:33:19 下午 spec.jbb.JBBmain DoARun -> 信息:   started user thread for Warehouse 4
1月 02, 2026 10:33:19 下午 spec.jbb.JBBmain DoARun -> 信息:   started user thread for Warehouse 5
1月 02, 2026 10:33:19 下午 spec.jbb.JBBmain DoARun -> 信息:   started user thread for Warehouse 6
1月 02, 2026 10:33:19 下午 spec.jbb.JBBmain DoARun -> 信息:   started user thread for Warehouse 7
1月 02, 2026 10:33:19 下午 spec.jbb.JBBmain DoARun -> 信息:   started user thread for Warehouse 8
1月 02, 2026 10:33:19 下午 spec.jbb.JBBmain DoARun -> 信息:   started user thread for Warehouse 9
1月 02, 2026 10:33:19 下午 spec.jbb.JBBmain DoARun -> 信息:   started user thread for Warehouse 10
1月 02, 2026 10:33:19 下午 spec.jbb.JBBmain DoARun -> 信息:   started user thread for Warehouse 11
1月 02, 2026 10:33:19 下午 spec.jbb.JBBmain DoARun -> 信息:   started user thread for Warehouse 12
1月 02, 2026 10:33:19 下午 spec.jbb.JBBmain DoARun -> 信息:   started user thread for Warehouse 13
1月 02, 2026 10:33:19 下午 spec.jbb.JBBmain DoARun -> 信息:   started user thread for Warehouse 14
1月 02, 2026 10:33:19 下午 spec.jbb.JBBmain DoARun -> 信息:   started user thread for Warehouse 15
1月 02, 2026 10:33:19 下午 spec.jbb.JBBmain DoARun -> 信息:   started user thread for Warehouse 16
1月 02, 2026 10:33:19 下午 spec.jbb.JBBmain DoARun -> 信息:   started user thread for Warehouse 17
1月 02, 2026 10:33:19 下午 spec.jbb.JBBmain DoARun -> 信息:   started user thread for Warehouse 18
1月 02, 2026 10:33:19 下午 spec.jbb.JBBmain DoARun -> 信息:   started user thread for Warehouse 19
1月 02, 2026 10:33:19 下午 spec.jbb.JBBmain DoARun -> 信息:   started user thread for Warehouse 20
1月 02, 2026 10:33:19 下午 spec.jbb.JBBmain DoARun -> 信息:   started user thread for Warehouse 21
1月 02, 2026 10:33:19 下午 spec.jbb.JBBmain DoARun -> 信息:   started user thread for Warehouse 22
1月 02, 2026 10:33:19 下午 spec.jbb.JBBmain DoARun -> 信息:   started user thread for Warehouse 23
1月 02, 2026 10:33:19 下午 spec.jbb.JBBmain DoARun -> 信息:   started user thread for Warehouse 24
1月 02, 2026 10:33:19 下午 spec.jbb.JBBmain DoARun -> 信息:   started user thread for Warehouse 25
1月 02, 2026 10:33:19 下午 spec.jbb.JBBmain DoARun -> 信息:   started user thread for Warehouse 26
1月 02, 2026 10:33:19 下午 spec.jbb.JBBmain DoARun -> 信息:   started user thread for Warehouse 27
1月 02, 2026 10:33:19 下午 spec.jbb.JBBmain DoARun -> 信息:   started user thread for Warehouse 28
1月 02, 2026 10:33:19 下午 spec.jbb.JBBmain DoARun -> 信息:   started user thread for Warehouse 29
1月 02, 2026 10:33:19 下午 spec.jbb.JBBmain DoARun -> 信息:   started user thread for Warehouse 30
1月 02, 2026 10:33:19 下午 spec.jbb.JBBmain DoARun -> 信息:   started user thread for Warehouse 31
1月 02, 2026 10:33:19 下午 spec.jbb.JBBmain DoARun -> 信息:   started user thread for Warehouse 32
1月 02, 2026 10:33:19 下午 spec.jbb.JBBmain DoARun -> 信息:   started user thread for Warehouse 33
1月 02, 2026 10:33:19 下午 spec.jbb.JBBmain DoARun -> 信息:   started user thread for Warehouse 34
1月 02, 2026 10:33:19 下午 spec.jbb.JBBmain DoARun -> 信息:   started user thread for Warehouse 35
1月 02, 2026 10:33:19 下午 spec.jbb.JBBmain DoARun -> 信息:   started user thread for Warehouse 36
1月 02, 2026 10:33:19 下午 spec.jbb.JBBmain DoARun -> 信息:   started user thread for Warehouse 37
1月 02, 2026 10:33:19 下午 spec.jbb.JBBmain DoARun -> 信息:   started user thread for Warehouse 38
1月 02, 2026 10:33:19 下午 spec.jbb.JBBmain DoARun -> 信息:   started user thread for Warehouse 39
1月 02, 2026 10:33:19 下午 spec.jbb.JBBmain DoARun -> 信息:   started user thread for Warehouse 40
1月 02, 2026 10:33:19 下午 spec.jbb.JBBmain DoARun -> 信息:   started user thread for Warehouse 41
1月 02, 2026 10:33:19 下午 spec.jbb.JBBmain DoARun -> 信息:   started user thread for Warehouse 42
1月 02, 2026 10:33:19 下午 spec.jbb.JBBmain DoARun -> 信息:   started user thread for Warehouse 43
1月 02, 2026 10:33:19 下午 spec.jbb.JBBmain DoARun -> 信息:   started user thread for Warehouse 44
1月 02, 2026 10:33:19 下午 spec.jbb.JBBmain DoARun -> 信息:   started user thread for Warehouse 45
1月 02, 2026 10:33:19 下午 spec.jbb.JBBmain DoARun -> 信息:   started user thread for Warehouse 46
1月 02, 2026 10:33:19 下午 spec.jbb.JBBmain DoARun -> 信息:   started user thread for Warehouse 47
1月 02, 2026 10:33:19 下午 spec.jbb.JBBmain DoARun -> 信息:   started user thread for Warehouse 48
1月 02, 2026 10:33:19 下午 spec.jbb.JBBmain DoARun -> 信息:   started user thread for Warehouse 49
1月 02, 2026 10:33:19 下午 spec.jbb.JBBmain DoARun -> 信息:   started user thread for Warehouse 50
1月 02, 2026 10:33:19 下午 spec.jbb.JBBmain DoARun -> 信息:   started user thread for Warehouse 51
1月 02, 2026 10:33:19 下午 spec.jbb.JBBmain DoARun -> 信息:   started user thread for Warehouse 52
1月 02, 2026 10:33:19 下午 spec.jbb.JBBmain DoARun -> 信息:   started user thread for Warehouse 53
1月 02, 2026 10:33:19 下午 spec.jbb.JBBmain DoARun -> 信息:   started user thread for Warehouse 54
1月 02, 2026 10:33:19 下午 spec.jbb.JBBmain DoARun -> 信息:   started user thread for Warehouse 55
1月 02, 2026 10:33:19 下午 spec.jbb.JBBmain DoARun -> 信息:   started user thread for Warehouse 56
1月 02, 2026 10:33:19 下午 spec.jbb.JBBmain DoARun -> 信息:   started user thread for Warehouse 57
1月 02, 2026 10:33:19 下午 spec.jbb.JBBmain DoARun -> 信息:   started user thread for Warehouse 58
1月 02, 2026 10:33:19 下午 spec.jbb.JBBmain DoARun -> 信息:   started user thread for Warehouse 59
1月 02, 2026 10:33:19 下午 spec.jbb.JBBmain DoARun -> 信息:   started user thread for Warehouse 60
1月 02, 2026 10:33:19 下午 spec.jbb.JBBmain DoARun -> 信息:   started user thread for Warehouse 61
1月 02, 2026 10:33:19 下午 spec.jbb.JBBmain DoARun -> 信息:   started user thread for Warehouse 62
1月 02, 2026 10:33:19 下午 spec.jbb.JBBmain DoARun -> 信息:   started user thread for Warehouse 63
1月 02, 2026 10:33:19 下午 spec.jbb.JBBmain DoARun -> 信息:   started user thread for Warehouse 64
1月 02, 2026 10:33:19 下午 spec.jbb.JBBmain DoARun -> 信息:   started user thread for Warehouse 65
1月 02, 2026 10:33:19 下午 spec.jbb.JBBmain DoARun -> 信息:   started user thread for Warehouse 66
1月 02, 2026 10:33:19 下午 spec.jbb.JBBmain DoARun -> 信息:   started user thread for Warehouse 67
1月 02, 2026 10:33:19 下午 spec.jbb.JBBmain DoARun -> 信息:   started user thread for Warehouse 68
1月 02, 2026 10:33:19 下午 spec.jbb.JBBmain DoARun -> 信息:   started user thread for Warehouse 69
1月 02, 2026 10:33:19 下午 spec.jbb.JBBmain DoARun -> 信息:   started user thread for Warehouse 70
1月 02, 2026 10:33:19 下午 spec.jbb.JBBmain DoARun -> 信息:   started user thread for Warehouse 71
1月 02, 2026 10:33:19 下午 spec.jbb.JBBmain DoARun -> 信息:   started user thread for Warehouse 72
1月 02, 2026 10:33:19 下午 spec.jbb.JBBmain DoARun -> 信息:   started user thread for Warehouse 73
1月 02, 2026 10:33:19 下午 spec.jbb.JBBmain DoARun -> 信息:   started user thread for Warehouse 74
1月 02, 2026 10:33:19 下午 spec.jbb.JBBmain DoARun -> 信息:   started user thread for Warehouse 75
1月 02, 2026 10:33:19 下午 spec.jbb.JBBmain DoARun -> 信息:   started user thread for Warehouse 76
1月 02, 2026 10:33:19 下午 spec.jbb.JBBmain DoARun -> 信息:   started user thread for Warehouse 77
1月 02, 2026 10:33:19 下午 spec.jbb.JBBmain DoARun -> 信息:   started user thread for Warehouse 78
1月 02, 2026 10:33:19 下午 spec.jbb.JBBmain DoARun -> 信息:   started user thread for Warehouse 79
1月 02, 2026 10:33:19 下午 spec.jbb.JBBmain DoARun -> 信息:   started user thread for Warehouse 80
1月 02, 2026 10:33:19 下午 spec.jbb.JBBmain DoARun -> 信息:   started user thread for Warehouse 81
1月 02, 2026 10:33:19 下午 spec.jbb.JBBmain DoARun -> 信息:   started user thread for Warehouse 82
1月 02, 2026 10:33:19 下午 spec.jbb.JBBmain DoARun -> 信息:   started user thread for Warehouse 83
1月 02, 2026 10:33:19 下午 spec.jbb.JBBmain DoARun -> 信息:   started user thread for Warehouse 84
1月 02, 2026 10:33:19 下午 spec.jbb.JBBmain DoARun -> 信息:   started user thread for Warehouse 85
1月 02, 2026 10:33:19 下午 spec.jbb.JBBmain DoARun -> 信息:   started user thread for Warehouse 86
1月 02, 2026 10:33:19 下午 spec.jbb.JBBmain DoARun -> 信息:   started user thread for Warehouse 87
1月 02, 2026 10:33:19 下午 spec.jbb.JBBmain DoARun -> 信息:   started user thread for Warehouse 88
1月 02, 2026 10:33:19 下午 spec.jbb.JBBmain DoARun -> 信息:   started user thread for Warehouse 89
1月 02, 2026 10:33:19 下午 spec.jbb.JBBmain DoARun -> 信息:   started user thread for Warehouse 90
1月 02, 2026 10:33:19 下午 spec.jbb.JBBmain DoARun -> 信息:   started user thread for Warehouse 91
1月 02, 2026 10:33:19 下午 spec.jbb.JBBmain DoARun -> 信息:   started user thread for Warehouse 92
1月 02, 2026 10:33:19 下午 spec.jbb.JBBmain DoARun -> 信息:   started user thread for Warehouse 93
1月 02, 2026 10:33:19 下午 spec.jbb.JBBmain DoARun -> 信息:   started user thread for Warehouse 94
1月 02, 2026 10:33:19 下午 spec.jbb.JBBmain DoARun -> 信息:   started user thread for Warehouse 95
1月 02, 2026 10:33:19 下午 spec.jbb.JBBmain DoARun -> 信息:   started user thread for Warehouse 96
1月 02, 2026 10:33:19 下午 spec.jbb.JBBmain DoARun -> 信息:   started user thread for Warehouse 97
1月 02, 2026 10:33:19 下午 spec.jbb.JBBmain DoARun -> 信息:   started user thread for Warehouse 98
1月 02, 2026 10:33:19 下午 spec.jbb.JBBmain DoARun -> 信息:   started user thread for Warehouse 99
1月 02, 2026 10:33:19 下午 spec.jbb.JBBmain DoARun -> 信息:   started user thread for Warehouse 100
1月 02, 2026 10:33:19 下午 spec.jbb.JBBmain DoARun -> 信息:   started user thread for Warehouse 101
1月 02, 2026 10:33:19 下午 spec.jbb.JBBmain DoARun -> 信息:   started user thread for Warehouse 102
1月 02, 2026 10:33:19 下午 spec.jbb.JBBmain DoARun -> 信息:   started user thread for Warehouse 103
1月 02, 2026 10:33:19 下午 spec.jbb.JBBmain DoARun -> 信息:   started user thread for Warehouse 104
1月 02, 2026 10:33:19 下午 spec.jbb.JBBmain DoARun -> 信息:   started user thread for Warehouse 105
1月 02, 2026 10:33:19 下午 spec.jbb.JBBmain DoARun -> 信息:   started user thread for Warehouse 106
1月 02, 2026 10:33:19 下午 spec.jbb.JBBmain DoARun -> 信息:   started user thread for Warehouse 107
1月 02, 2026 10:33:19 下午 spec.jbb.JBBmain DoARun -> 信息:   started user thread for Warehouse 108
1月 02, 2026 10:33:19 下午 spec.jbb.JBBmain DoARun -> 信息:   started user thread for Warehouse 109
1月 02, 2026 10:33:19 下午 spec.jbb.JBBmain DoARun -> 信息:   started user thread for Warehouse 110
1月 02, 2026 10:33:19 下午 spec.jbb.JBBmain DoARun -> 信息:   started user thread for Warehouse 111
1月 02, 2026 10:33:19 下午 spec.jbb.JBBmain DoARun -> 信息:   started user thread for Warehouse 112
1月 02, 2026 10:33:19 下午 spec.jbb.JBBmain DoARun -> 信息:   started user thread for Warehouse 113
1月 02, 2026 10:33:19 下午 spec.jbb.JBBmain DoARun -> 信息:   started user thread for Warehouse 114
1月 02, 2026 10:33:19 下午 spec.jbb.JBBmain DoARun -> 信息:   started user thread for Warehouse 115
1月 02, 2026 10:33:19 下午 spec.jbb.JBBmain DoARun -> 信息:   started user thread for Warehouse 116
1月 02, 2026 10:33:19 下午 spec.jbb.JBBmain DoARun -> 信息:   started user thread for Warehouse 117
1月 02, 2026 10:33:19 下午 spec.jbb.JBBmain DoARun -> 信息:   started user thread for Warehouse 118
1月 02, 2026 10:33:19 下午 spec.jbb.JBBmain DoARun -> 信息:   started user thread for Warehouse 119
1月 02, 2026 10:33:19 下午 spec.jbb.JBBmain DoARun -> 信息:   started user thread for Warehouse 120
1月 02, 2026 10:33:19 下午 spec.jbb.Company displayResultTotals -> 信息: Timing Measurement began Fri Jan 02 22:33:19 CST 2026 for 4 minutes
1月 02, 2026 10:37:19 下午 spec.jbb.Company displayResultTotals -> 信息: Timing Measurement ended Fri Jan 02 22:37:19 CST 2026
1月 02, 2026 10:37:19 下午 spec.jbb.Company primeWithDummyData -> 信息: Loading Warehouse 121...
1月 02, 2026 10:37:19 下午 spec.jbb.JBBmain DoARun -> 信息: Start User Threads
1月 02, 2026 10:37:19 下午 spec.jbb.JBBmain DoARun -> 信息:   started user thread for Warehouse 1
1月 02, 2026 10:37:19 下午 spec.jbb.JBBmain DoARun -> 信息:   started user thread for Warehouse 2
1月 02, 2026 10:37:19 下午 spec.jbb.JBBmain DoARun -> 信息:   started user thread for Warehouse 3
1月 02, 2026 10:37:19 下午 spec.jbb.JBBmain DoARun -> 信息:   started user thread for Warehouse 4
1月 02, 2026 10:37:19 下午 spec.jbb.JBBmain DoARun -> 信息:   started user thread for Warehouse 5
1月 02, 2026 10:37:19 下午 spec.jbb.JBBmain DoARun -> 信息:   started user thread for Warehouse 6
1月 02, 2026 10:37:19 下午 spec.jbb.JBBmain DoARun -> 信息:   started user thread for Warehouse 7
1月 02, 2026 10:37:19 下午 spec.jbb.JBBmain DoARun -> 信息:   started user thread for Warehouse 8
1月 02, 2026 10:37:19 下午 spec.jbb.JBBmain DoARun -> 信息:   started user thread for Warehouse 9
1月 02, 2026 10:37:19 下午 spec.jbb.JBBmain DoARun -> 信息:   started user thread for Warehouse 10
1月 02, 2026 10:37:19 下午 spec.jbb.JBBmain DoARun -> 信息:   started user thread for Warehouse 11
1月 02, 2026 10:37:19 下午 spec.jbb.JBBmain DoARun -> 信息:   started user thread for Warehouse 12
1月 02, 2026 10:37:19 下午 spec.jbb.JBBmain DoARun -> 信息:   started user thread for Warehouse 13
1月 02, 2026 10:37:19 下午 spec.jbb.JBBmain DoARun -> 信息:   started user thread for Warehouse 14
1月 02, 2026 10:37:19 下午 spec.jbb.JBBmain DoARun -> 信息:   started user thread for Warehouse 15
1月 02, 2026 10:37:19 下午 spec.jbb.JBBmain DoARun -> 信息:   started user thread for Warehouse 16
1月 02, 2026 10:37:19 下午 spec.jbb.JBBmain DoARun -> 信息:   started user thread for Warehouse 17
1月 02, 2026 10:37:19 下午 spec.jbb.JBBmain DoARun -> 信息:   started user thread for Warehouse 18
1月 02, 2026 10:37:19 下午 spec.jbb.JBBmain DoARun -> 信息:   started user thread for Warehouse 19
1月 02, 2026 10:37:19 下午 spec.jbb.JBBmain DoARun -> 信息:   started user thread for Warehouse 20
1月 02, 2026 10:37:19 下午 spec.jbb.JBBmain DoARun -> 信息:   started user thread for Warehouse 21
1月 02, 2026 10:37:19 下午 spec.jbb.JBBmain DoARun -> 信息:   started user thread for Warehouse 22
1月 02, 2026 10:37:19 下午 spec.jbb.JBBmain DoARun -> 信息:   started user thread for Warehouse 23
1月 02, 2026 10:37:19 下午 spec.jbb.JBBmain DoARun -> 信息:   started user thread for Warehouse 24
1月 02, 2026 10:37:19 下午 spec.jbb.JBBmain DoARun -> 信息:   started user thread for Warehouse 25
1月 02, 2026 10:37:19 下午 spec.jbb.JBBmain DoARun -> 信息:   started user thread for Warehouse 26
1月 02, 2026 10:37:19 下午 spec.jbb.JBBmain DoARun -> 信息:   started user thread for Warehouse 27
1月 02, 2026 10:37:19 下午 spec.jbb.JBBmain DoARun -> 信息:   started user thread for Warehouse 28
1月 02, 2026 10:37:19 下午 spec.jbb.JBBmain DoARun -> 信息:   started user thread for Warehouse 29
1月 02, 2026 10:37:19 下午 spec.jbb.JBBmain DoARun -> 信息:   started user thread for Warehouse 30
1月 02, 2026 10:37:19 下午 spec.jbb.JBBmain DoARun -> 信息:   started user thread for Warehouse 31
1月 02, 2026 10:37:19 下午 spec.jbb.JBBmain DoARun -> 信息:   started user thread for Warehouse 32
1月 02, 2026 10:37:19 下午 spec.jbb.JBBmain DoARun -> 信息:   started user thread for Warehouse 33
1月 02, 2026 10:37:19 下午 spec.jbb.JBBmain DoARun -> 信息:   started user thread for Warehouse 34
1月 02, 2026 10:37:19 下午 spec.jbb.JBBmain DoARun -> 信息:   started user thread for Warehouse 35
1月 02, 2026 10:37:19 下午 spec.jbb.JBBmain DoARun -> 信息:   started user thread for Warehouse 36
1月 02, 2026 10:37:19 下午 spec.jbb.JBBmain DoARun -> 信息:   started user thread for Warehouse 37
1月 02, 2026 10:37:19 下午 spec.jbb.JBBmain DoARun -> 信息:   started user thread for Warehouse 38
1月 02, 2026 10:37:19 下午 spec.jbb.JBBmain DoARun -> 信息:   started user thread for Warehouse 39
1月 02, 2026 10:37:19 下午 spec.jbb.JBBmain DoARun -> 信息:   started user thread for Warehouse 40
1月 02, 2026 10:37:19 下午 spec.jbb.JBBmain DoARun -> 信息:   started user thread for Warehouse 41
1月 02, 2026 10:37:19 下午 spec.jbb.JBBmain DoARun -> 信息:   started user thread for Warehouse 42
1月 02, 2026 10:37:19 下午 spec.jbb.JBBmain DoARun -> 信息:   started user thread for Warehouse 43
1月 02, 2026 10:37:19 下午 spec.jbb.JBBmain DoARun -> 信息:   started user thread for Warehouse 44
1月 02, 2026 10:37:19 下午 spec.jbb.JBBmain DoARun -> 信息:   started user thread for Warehouse 45
1月 02, 2026 10:37:19 下午 spec.jbb.JBBmain DoARun -> 信息:   started user thread for Warehouse 46
1月 02, 2026 10:37:19 下午 spec.jbb.JBBmain DoARun -> 信息:   started user thread for Warehouse 47
1月 02, 2026 10:37:19 下午 spec.jbb.JBBmain DoARun -> 信息:   started user thread for Warehouse 48
1月 02, 2026 10:37:19 下午 spec.jbb.JBBmain DoARun -> 信息:   started user thread for Warehouse 49
1月 02, 2026 10:37:19 下午 spec.jbb.JBBmain DoARun -> 信息:   started user thread for Warehouse 50
1月 02, 2026 10:37:19 下午 spec.jbb.JBBmain DoARun -> 信息:   started user thread for Warehouse 51
1月 02, 2026 10:37:19 下午 spec.jbb.JBBmain DoARun -> 信息:   started user thread for Warehouse 52
1月 02, 2026 10:37:19 下午 spec.jbb.JBBmain DoARun -> 信息:   started user thread for Warehouse 53
1月 02, 2026 10:37:19 下午 spec.jbb.JBBmain DoARun -> 信息:   started user thread for Warehouse 54
1月 02, 2026 10:37:19 下午 spec.jbb.JBBmain DoARun -> 信息:   started user thread for Warehouse 55
1月 02, 2026 10:37:19 下午 spec.jbb.JBBmain DoARun -> 信息:   started user thread for Warehouse 56
1月 02, 2026 10:37:19 下午 spec.jbb.JBBmain DoARun -> 信息:   started user thread for Warehouse 57
1月 02, 2026 10:37:19 下午 spec.jbb.JBBmain DoARun -> 信息:   started user thread for Warehouse 58
1月 02, 2026 10:37:19 下午 spec.jbb.JBBmain DoARun -> 信息:   started user thread for Warehouse 59
1月 02, 2026 10:37:19 下午 spec.jbb.JBBmain DoARun -> 信息:   started user thread for Warehouse 60
1月 02, 2026 10:37:19 下午 spec.jbb.JBBmain DoARun -> 信息:   started user thread for Warehouse 61
1月 02, 2026 10:37:19 下午 spec.jbb.JBBmain DoARun -> 信息:   started user thread for Warehouse 62
1月 02, 2026 10:37:19 下午 spec.jbb.JBBmain DoARun -> 信息:   started user thread for Warehouse 63
1月 02, 2026 10:37:19 下午 spec.jbb.JBBmain DoARun -> 信息:   started user thread for Warehouse 64
1月 02, 2026 10:37:19 下午 spec.jbb.JBBmain DoARun -> 信息:   started user thread for Warehouse 65
1月 02, 2026 10:37:19 下午 spec.jbb.JBBmain DoARun -> 信息:   started user thread for Warehouse 66
1月 02, 2026 10:37:19 下午 spec.jbb.JBBmain DoARun -> 信息:   started user thread for Warehouse 67
1月 02, 2026 10:37:19 下午 spec.jbb.JBBmain DoARun -> 信息:   started user thread for Warehouse 68
1月 02, 2026 10:37:19 下午 spec.jbb.JBBmain DoARun -> 信息:   started user thread for Warehouse 69
1月 02, 2026 10:37:19 下午 spec.jbb.JBBmain DoARun -> 信息:   started user thread for Warehouse 70
1月 02, 2026 10:37:19 下午 spec.jbb.JBBmain DoARun -> 信息:   started user thread for Warehouse 71
1月 02, 2026 10:37:19 下午 spec.jbb.JBBmain DoARun -> 信息:   started user thread for Warehouse 72
1月 02, 2026 10:37:19 下午 spec.jbb.JBBmain DoARun -> 信息:   started user thread for Warehouse 73
1月 02, 2026 10:37:19 下午 spec.jbb.JBBmain DoARun -> 信息:   started user thread for Warehouse 74
1月 02, 2026 10:37:19 下午 spec.jbb.JBBmain DoARun -> 信息:   started user thread for Warehouse 75
1月 02, 2026 10:37:19 下午 spec.jbb.JBBmain DoARun -> 信息:   started user thread for Warehouse 76
1月 02, 2026 10:37:19 下午 spec.jbb.JBBmain DoARun -> 信息:   started user thread for Warehouse 77
1月 02, 2026 10:37:19 下午 spec.jbb.JBBmain DoARun -> 信息:   started user thread for Warehouse 78
1月 02, 2026 10:37:19 下午 spec.jbb.JBBmain DoARun -> 信息:   started user thread for Warehouse 79
1月 02, 2026 10:37:19 下午 spec.jbb.JBBmain DoARun -> 信息:   started user thread for Warehouse 80
1月 02, 2026 10:37:19 下午 spec.jbb.JBBmain DoARun -> 信息:   started user thread for Warehouse 81
1月 02, 2026 10:37:19 下午 spec.jbb.JBBmain DoARun -> 信息:   started user thread for Warehouse 82
1月 02, 2026 10:37:19 下午 spec.jbb.JBBmain DoARun -> 信息:   started user thread for Warehouse 83
1月 02, 2026 10:37:19 下午 spec.jbb.JBBmain DoARun -> 信息:   started user thread for Warehouse 84
1月 02, 2026 10:37:19 下午 spec.jbb.JBBmain DoARun -> 信息:   started user thread for Warehouse 85
1月 02, 2026 10:37:19 下午 spec.jbb.JBBmain DoARun -> 信息:   started user thread for Warehouse 86
1月 02, 2026 10:37:19 下午 spec.jbb.JBBmain DoARun -> 信息:   started user thread for Warehouse 87
1月 02, 2026 10:37:19 下午 spec.jbb.JBBmain DoARun -> 信息:   started user thread for Warehouse 88
1月 02, 2026 10:37:19 下午 spec.jbb.JBBmain DoARun -> 信息:   started user thread for Warehouse 89
1月 02, 2026 10:37:19 下午 spec.jbb.JBBmain DoARun -> 信息:   started user thread for Warehouse 90
1月 02, 2026 10:37:19 下午 spec.jbb.JBBmain DoARun -> 信息:   started user thread for Warehouse 91
1月 02, 2026 10:37:19 下午 spec.jbb.JBBmain DoARun -> 信息:   started user thread for Warehouse 92
1月 02, 2026 10:37:19 下午 spec.jbb.JBBmain DoARun -> 信息:   started user thread for Warehouse 93
1月 02, 2026 10:37:19 下午 spec.jbb.JBBmain DoARun -> 信息:   started user thread for Warehouse 94
1月 02, 2026 10:37:19 下午 spec.jbb.JBBmain DoARun -> 信息:   started user thread for Warehouse 95
1月 02, 2026 10:37:19 下午 spec.jbb.JBBmain DoARun -> 信息:   started user thread for Warehouse 96
1月 02, 2026 10:37:19 下午 spec.jbb.JBBmain DoARun -> 信息:   started user thread for Warehouse 97
1月 02, 2026 10:37:19 下午 spec.jbb.JBBmain DoARun -> 信息:   started user thread for Warehouse 98
1月 02, 2026 10:37:19 下午 spec.jbb.JBBmain DoARun -> 信息:   started user thread for Warehouse 99
1月 02, 2026 10:37:19 下午 spec.jbb.JBBmain DoARun -> 信息:   started user thread for Warehouse 100
1月 02, 2026 10:37:19 下午 spec.jbb.JBBmain DoARun -> 信息:   started user thread for Warehouse 101
1月 02, 2026 10:37:19 下午 spec.jbb.JBBmain DoARun -> 信息:   started user thread for Warehouse 102
1月 02, 2026 10:37:19 下午 spec.jbb.JBBmain DoARun -> 信息:   started user thread for Warehouse 103
1月 02, 2026 10:37:19 下午 spec.jbb.JBBmain DoARun -> 信息:   started user thread for Warehouse 104
1月 02, 2026 10:37:19 下午 spec.jbb.JBBmain DoARun -> 信息:   started user thread for Warehouse 105
1月 02, 2026 10:37:19 下午 spec.jbb.JBBmain DoARun -> 信息:   started user thread for Warehouse 106
1月 02, 2026 10:37:19 下午 spec.jbb.JBBmain DoARun -> 信息:   started user thread for Warehouse 107
1月 02, 2026 10:37:19 下午 spec.jbb.JBBmain DoARun -> 信息:   started user thread for Warehouse 108
1月 02, 2026 10:37:19 下午 spec.jbb.JBBmain DoARun -> 信息:   started user thread for Warehouse 109
1月 02, 2026 10:37:19 下午 spec.jbb.JBBmain DoARun -> 信息:   started user thread for Warehouse 110
1月 02, 2026 10:37:19 下午 spec.jbb.JBBmain DoARun -> 信息:   started user thread for Warehouse 111
1月 02, 2026 10:37:19 下午 spec.jbb.JBBmain DoARun -> 信息:   started user thread for Warehouse 112
1月 02, 2026 10:37:19 下午 spec.jbb.JBBmain DoARun -> 信息:   started user thread for Warehouse 113
1月 02, 2026 10:37:19 下午 spec.jbb.JBBmain DoARun -> 信息:   started user thread for Warehouse 114
1月 02, 2026 10:37:19 下午 spec.jbb.JBBmain DoARun -> 信息:   started user thread for Warehouse 115
1月 02, 2026 10:37:19 下午 spec.jbb.JBBmain DoARun -> 信息:   started user thread for Warehouse 116
1月 02, 2026 10:37:19 下午 spec.jbb.JBBmain DoARun -> 信息:   started user thread for Warehouse 117
1月 02, 2026 10:37:19 下午 spec.jbb.JBBmain DoARun -> 信息:   started user thread for Warehouse 118
1月 02, 2026 10:37:19 下午 spec.jbb.JBBmain DoARun -> 信息:   started user thread for Warehouse 119
1月 02, 2026 10:37:19 下午 spec.jbb.JBBmain DoARun -> 信息:   started user thread for Warehouse 120
1月 02, 2026 10:37:19 下午 spec.jbb.JBBmain DoARun -> 信息:   started user thread for Warehouse 121
1月 02, 2026 10:37:19 下午 spec.jbb.Company displayResultTotals -> 信息: Timing Measurement began Fri Jan 02 22:37:19 CST 2026 for 4 minutes
1月 02, 2026 10:41:19 下午 spec.jbb.Company displayResultTotals -> 信息: Timing Measurement ended Fri Jan 02 22:41:19 CST 2026
1月 02, 2026 10:41:20 下午 spec.jbb.Company primeWithDummyData -> 信息: Loading Warehouse 122...
1月 02, 2026 10:41:20 下午 spec.jbb.JBBmain DoARun -> 信息: Start User Threads
1月 02, 2026 10:41:20 下午 spec.jbb.JBBmain DoARun -> 信息:   started user thread for Warehouse 1
1月 02, 2026 10:41:20 下午 spec.jbb.JBBmain DoARun -> 信息:   started user thread for Warehouse 2
1月 02, 2026 10:41:20 下午 spec.jbb.JBBmain DoARun -> 信息:   started user thread for Warehouse 3
1月 02, 2026 10:41:20 下午 spec.jbb.JBBmain DoARun -> 信息:   started user thread for Warehouse 4
1月 02, 2026 10:41:20 下午 spec.jbb.JBBmain DoARun -> 信息:   started user thread for Warehouse 5
1月 02, 2026 10:41:20 下午 spec.jbb.JBBmain DoARun -> 信息:   started user thread for Warehouse 6
1月 02, 2026 10:41:20 下午 spec.jbb.JBBmain DoARun -> 信息:   started user thread for Warehouse 7
1月 02, 2026 10:41:20 下午 spec.jbb.JBBmain DoARun -> 信息:   started user thread for Warehouse 8
1月 02, 2026 10:41:20 下午 spec.jbb.JBBmain DoARun -> 信息:   started user thread for Warehouse 9
1月 02, 2026 10:41:20 下午 spec.jbb.JBBmain DoARun -> 信息:   started user thread for Warehouse 10
1月 02, 2026 10:41:20 下午 spec.jbb.JBBmain DoARun -> 信息:   started user thread for Warehouse 11
1月 02, 2026 10:41:20 下午 spec.jbb.JBBmain DoARun -> 信息:   started user thread for Warehouse 12
1月 02, 2026 10:41:20 下午 spec.jbb.JBBmain DoARun -> 信息:   started user thread for Warehouse 13
1月 02, 2026 10:41:20 下午 spec.jbb.JBBmain DoARun -> 信息:   started user thread for Warehouse 14
1月 02, 2026 10:41:20 下午 spec.jbb.JBBmain DoARun -> 信息:   started user thread for Warehouse 15
1月 02, 2026 10:41:20 下午 spec.jbb.JBBmain DoARun -> 信息:   started user thread for Warehouse 16
1月 02, 2026 10:41:20 下午 spec.jbb.JBBmain DoARun -> 信息:   started user thread for Warehouse 17
1月 02, 2026 10:41:20 下午 spec.jbb.JBBmain DoARun -> 信息:   started user thread for Warehouse 18
1月 02, 2026 10:41:20 下午 spec.jbb.JBBmain DoARun -> 信息:   started user thread for Warehouse 19
1月 02, 2026 10:41:20 下午 spec.jbb.JBBmain DoARun -> 信息:   started user thread for Warehouse 20
1月 02, 2026 10:41:20 下午 spec.jbb.JBBmain DoARun -> 信息:   started user thread for Warehouse 21
1月 02, 2026 10:41:20 下午 spec.jbb.JBBmain DoARun -> 信息:   started user thread for Warehouse 22
1月 02, 2026 10:41:20 下午 spec.jbb.JBBmain DoARun -> 信息:   started user thread for Warehouse 23
1月 02, 2026 10:41:20 下午 spec.jbb.JBBmain DoARun -> 信息:   started user thread for Warehouse 24
1月 02, 2026 10:41:20 下午 spec.jbb.JBBmain DoARun -> 信息:   started user thread for Warehouse 25
1月 02, 2026 10:41:20 下午 spec.jbb.JBBmain DoARun -> 信息:   started user thread for Warehouse 26
1月 02, 2026 10:41:20 下午 spec.jbb.JBBmain DoARun -> 信息:   started user thread for Warehouse 27
1月 02, 2026 10:41:20 下午 spec.jbb.JBBmain DoARun -> 信息:   started user thread for Warehouse 28
1月 02, 2026 10:41:20 下午 spec.jbb.JBBmain DoARun -> 信息:   started user thread for Warehouse 29
1月 02, 2026 10:41:20 下午 spec.jbb.JBBmain DoARun -> 信息:   started user thread for Warehouse 30
1月 02, 2026 10:41:20 下午 spec.jbb.JBBmain DoARun -> 信息:   started user thread for Warehouse 31
1月 02, 2026 10:41:20 下午 spec.jbb.JBBmain DoARun -> 信息:   started user thread for Warehouse 32
1月 02, 2026 10:41:20 下午 spec.jbb.JBBmain DoARun -> 信息:   started user thread for Warehouse 33
1月 02, 2026 10:41:20 下午 spec.jbb.JBBmain DoARun -> 信息:   started user thread for Warehouse 34
1月 02, 2026 10:41:20 下午 spec.jbb.JBBmain DoARun -> 信息:   started user thread for Warehouse 35
1月 02, 2026 10:41:20 下午 spec.jbb.JBBmain DoARun -> 信息:   started user thread for Warehouse 36
1月 02, 2026 10:41:20 下午 spec.jbb.JBBmain DoARun -> 信息:   started user thread for Warehouse 37
1月 02, 2026 10:41:20 下午 spec.jbb.JBBmain DoARun -> 信息:   started user thread for Warehouse 38
1月 02, 2026 10:41:20 下午 spec.jbb.JBBmain DoARun -> 信息:   started user thread for Warehouse 39
1月 02, 2026 10:41:20 下午 spec.jbb.JBBmain DoARun -> 信息:   started user thread for Warehouse 40
1月 02, 2026 10:41:20 下午 spec.jbb.JBBmain DoARun -> 信息:   started user thread for Warehouse 41
1月 02, 2026 10:41:20 下午 spec.jbb.JBBmain DoARun -> 信息:   started user thread for Warehouse 42
1月 02, 2026 10:41:20 下午 spec.jbb.JBBmain DoARun -> 信息:   started user thread for Warehouse 43
1月 02, 2026 10:41:20 下午 spec.jbb.JBBmain DoARun -> 信息:   started user thread for Warehouse 44
1月 02, 2026 10:41:20 下午 spec.jbb.JBBmain DoARun -> 信息:   started user thread for Warehouse 45
1月 02, 2026 10:41:20 下午 spec.jbb.JBBmain DoARun -> 信息:   started user thread for Warehouse 46
1月 02, 2026 10:41:20 下午 spec.jbb.JBBmain DoARun -> 信息:   started user thread for Warehouse 47
1月 02, 2026 10:41:20 下午 spec.jbb.JBBmain DoARun -> 信息:   started user thread for Warehouse 48
1月 02, 2026 10:41:20 下午 spec.jbb.JBBmain DoARun -> 信息:   started user thread for Warehouse 49
1月 02, 2026 10:41:20 下午 spec.jbb.JBBmain DoARun -> 信息:   started user thread for Warehouse 50
1月 02, 2026 10:41:20 下午 spec.jbb.JBBmain DoARun -> 信息:   started user thread for Warehouse 51
1月 02, 2026 10:41:20 下午 spec.jbb.JBBmain DoARun -> 信息:   started user thread for Warehouse 52
1月 02, 2026 10:41:20 下午 spec.jbb.JBBmain DoARun -> 信息:   started user thread for Warehouse 53
1月 02, 2026 10:41:20 下午 spec.jbb.JBBmain DoARun -> 信息:   started user thread for Warehouse 54
1月 02, 2026 10:41:20 下午 spec.jbb.JBBmain DoARun -> 信息:   started user thread for Warehouse 55
1月 02, 2026 10:41:20 下午 spec.jbb.JBBmain DoARun -> 信息:   started user thread for Warehouse 56
1月 02, 2026 10:41:20 下午 spec.jbb.JBBmain DoARun -> 信息:   started user thread for Warehouse 57
1月 02, 2026 10:41:20 下午 spec.jbb.JBBmain DoARun -> 信息:   started user thread for Warehouse 58
1月 02, 2026 10:41:20 下午 spec.jbb.JBBmain DoARun -> 信息:   started user thread for Warehouse 59
1月 02, 2026 10:41:20 下午 spec.jbb.JBBmain DoARun -> 信息:   started user thread for Warehouse 60
1月 02, 2026 10:41:20 下午 spec.jbb.JBBmain DoARun -> 信息:   started user thread for Warehouse 61
1月 02, 2026 10:41:20 下午 spec.jbb.JBBmain DoARun -> 信息:   started user thread for Warehouse 62
1月 02, 2026 10:41:20 下午 spec.jbb.JBBmain DoARun -> 信息:   started user thread for Warehouse 63
1月 02, 2026 10:41:20 下午 spec.jbb.JBBmain DoARun -> 信息:   started user thread for Warehouse 64
1月 02, 2026 10:41:20 下午 spec.jbb.JBBmain DoARun -> 信息:   started user thread for Warehouse 65
1月 02, 2026 10:41:20 下午 spec.jbb.JBBmain DoARun -> 信息:   started user thread for Warehouse 66
1月 02, 2026 10:41:20 下午 spec.jbb.JBBmain DoARun -> 信息:   started user thread for Warehouse 67
1月 02, 2026 10:41:20 下午 spec.jbb.JBBmain DoARun -> 信息:   started user thread for Warehouse 68
1月 02, 2026 10:41:20 下午 spec.jbb.JBBmain DoARun -> 信息:   started user thread for Warehouse 69
1月 02, 2026 10:41:20 下午 spec.jbb.JBBmain DoARun -> 信息:   started user thread for Warehouse 70
1月 02, 2026 10:41:20 下午 spec.jbb.JBBmain DoARun -> 信息:   started user thread for Warehouse 71
1月 02, 2026 10:41:20 下午 spec.jbb.JBBmain DoARun -> 信息:   started user thread for Warehouse 72
1月 02, 2026 10:41:20 下午 spec.jbb.JBBmain DoARun -> 信息:   started user thread for Warehouse 73
1月 02, 2026 10:41:20 下午 spec.jbb.JBBmain DoARun -> 信息:   started user thread for Warehouse 74
1月 02, 2026 10:41:20 下午 spec.jbb.JBBmain DoARun -> 信息:   started user thread for Warehouse 75
1月 02, 2026 10:41:20 下午 spec.jbb.JBBmain DoARun -> 信息:   started user thread for Warehouse 76
1月 02, 2026 10:41:20 下午 spec.jbb.JBBmain DoARun -> 信息:   started user thread for Warehouse 77
1月 02, 2026 10:41:20 下午 spec.jbb.JBBmain DoARun -> 信息:   started user thread for Warehouse 78
1月 02, 2026 10:41:20 下午 spec.jbb.JBBmain DoARun -> 信息:   started user thread for Warehouse 79
1月 02, 2026 10:41:20 下午 spec.jbb.JBBmain DoARun -> 信息:   started user thread for Warehouse 80
1月 02, 2026 10:41:20 下午 spec.jbb.JBBmain DoARun -> 信息:   started user thread for Warehouse 81
1月 02, 2026 10:41:20 下午 spec.jbb.JBBmain DoARun -> 信息:   started user thread for Warehouse 82
1月 02, 2026 10:41:20 下午 spec.jbb.JBBmain DoARun -> 信息:   started user thread for Warehouse 83
1月 02, 2026 10:41:20 下午 spec.jbb.JBBmain DoARun -> 信息:   started user thread for Warehouse 84
1月 02, 2026 10:41:20 下午 spec.jbb.JBBmain DoARun -> 信息:   started user thread for Warehouse 85
1月 02, 2026 10:41:20 下午 spec.jbb.JBBmain DoARun -> 信息:   started user thread for Warehouse 86
1月 02, 2026 10:41:20 下午 spec.jbb.JBBmain DoARun -> 信息:   started user thread for Warehouse 87
1月 02, 2026 10:41:20 下午 spec.jbb.JBBmain DoARun -> 信息:   started user thread for Warehouse 88
1月 02, 2026 10:41:20 下午 spec.jbb.JBBmain DoARun -> 信息:   started user thread for Warehouse 89
1月 02, 2026 10:41:20 下午 spec.jbb.JBBmain DoARun -> 信息:   started user thread for Warehouse 90
1月 02, 2026 10:41:20 下午 spec.jbb.JBBmain DoARun -> 信息:   started user thread for Warehouse 91
1月 02, 2026 10:41:20 下午 spec.jbb.JBBmain DoARun -> 信息:   started user thread for Warehouse 92
1月 02, 2026 10:41:20 下午 spec.jbb.JBBmain DoARun -> 信息:   started user thread for Warehouse 93
1月 02, 2026 10:41:20 下午 spec.jbb.JBBmain DoARun -> 信息:   started user thread for Warehouse 94
1月 02, 2026 10:41:20 下午 spec.jbb.JBBmain DoARun -> 信息:   started user thread for Warehouse 95
1月 02, 2026 10:41:20 下午 spec.jbb.JBBmain DoARun -> 信息:   started user thread for Warehouse 96
1月 02, 2026 10:41:20 下午 spec.jbb.JBBmain DoARun -> 信息:   started user thread for Warehouse 97
1月 02, 2026 10:41:20 下午 spec.jbb.JBBmain DoARun -> 信息:   started user thread for Warehouse 98
1月 02, 2026 10:41:20 下午 spec.jbb.JBBmain DoARun -> 信息:   started user thread for Warehouse 99
1月 02, 2026 10:41:20 下午 spec.jbb.JBBmain DoARun -> 信息:   started user thread for Warehouse 100
1月 02, 2026 10:41:20 下午 spec.jbb.JBBmain DoARun -> 信息:   started user thread for Warehouse 101
1月 02, 2026 10:41:20 下午 spec.jbb.JBBmain DoARun -> 信息:   started user thread for Warehouse 102
1月 02, 2026 10:41:20 下午 spec.jbb.JBBmain DoARun -> 信息:   started user thread for Warehouse 103
1月 02, 2026 10:41:20 下午 spec.jbb.JBBmain DoARun -> 信息:   started user thread for Warehouse 104
1月 02, 2026 10:41:20 下午 spec.jbb.JBBmain DoARun -> 信息:   started user thread for Warehouse 105
1月 02, 2026 10:41:20 下午 spec.jbb.JBBmain DoARun -> 信息:   started user thread for Warehouse 106
1月 02, 2026 10:41:20 下午 spec.jbb.JBBmain DoARun -> 信息:   started user thread for Warehouse 107
1月 02, 2026 10:41:20 下午 spec.jbb.JBBmain DoARun -> 信息:   started user thread for Warehouse 108
1月 02, 2026 10:41:20 下午 spec.jbb.JBBmain DoARun -> 信息:   started user thread for Warehouse 109
1月 02, 2026 10:41:20 下午 spec.jbb.JBBmain DoARun -> 信息:   started user thread for Warehouse 110
1月 02, 2026 10:41:20 下午 spec.jbb.JBBmain DoARun -> 信息:   started user thread for Warehouse 111
1月 02, 2026 10:41:20 下午 spec.jbb.JBBmain DoARun -> 信息:   started user thread for Warehouse 112
1月 02, 2026 10:41:20 下午 spec.jbb.JBBmain DoARun -> 信息:   started user thread for Warehouse 113
1月 02, 2026 10:41:20 下午 spec.jbb.JBBmain DoARun -> 信息:   started user thread for Warehouse 114
1月 02, 2026 10:41:20 下午 spec.jbb.JBBmain DoARun -> 信息:   started user thread for Warehouse 115
1月 02, 2026 10:41:20 下午 spec.jbb.JBBmain DoARun -> 信息:   started user thread for Warehouse 116
1月 02, 2026 10:41:20 下午 spec.jbb.JBBmain DoARun -> 信息:   started user thread for Warehouse 117
1月 02, 2026 10:41:20 下午 spec.jbb.JBBmain DoARun -> 信息:   started user thread for Warehouse 118
1月 02, 2026 10:41:20 下午 spec.jbb.JBBmain DoARun -> 信息:   started user thread for Warehouse 119
1月 02, 2026 10:41:20 下午 spec.jbb.JBBmain DoARun -> 信息:   started user thread for Warehouse 120
1月 02, 2026 10:41:20 下午 spec.jbb.JBBmain DoARun -> 信息:   started user thread for Warehouse 121
1月 02, 2026 10:41:20 下午 spec.jbb.JBBmain DoARun -> 信息:   started user thread for Warehouse 122
1月 02, 2026 10:41:20 下午 spec.jbb.Company displayResultTotals -> 信息: Timing Measurement began Fri Jan 02 22:41:20 CST 2026 for 4 minutes
1月 02, 2026 10:45:20 下午 spec.jbb.Company displayResultTotals -> 信息: Timing Measurement ended Fri Jan 02 22:45:20 CST 2026
1月 02, 2026 10:45:20 下午 spec.jbb.Company primeWithDummyData -> 信息: Loading Warehouse 123...
1月 02, 2026 10:45:20 下午 spec.jbb.JBBmain DoARun -> 信息: Start User Threads
1月 02, 2026 10:45:20 下午 spec.jbb.JBBmain DoARun -> 信息:   started user thread for Warehouse 1
1月 02, 2026 10:45:20 下午 spec.jbb.JBBmain DoARun -> 信息:   started user thread for Warehouse 2
1月 02, 2026 10:45:20 下午 spec.jbb.JBBmain DoARun -> 信息:   started user thread for Warehouse 3
1月 02, 2026 10:45:20 下午 spec.jbb.JBBmain DoARun -> 信息:   started user thread for Warehouse 4
1月 02, 2026 10:45:20 下午 spec.jbb.JBBmain DoARun -> 信息:   started user thread for Warehouse 5
1月 02, 2026 10:45:20 下午 spec.jbb.JBBmain DoARun -> 信息:   started user thread for Warehouse 6
1月 02, 2026 10:45:20 下午 spec.jbb.JBBmain DoARun -> 信息:   started user thread for Warehouse 7
1月 02, 2026 10:45:20 下午 spec.jbb.JBBmain DoARun -> 信息:   started user thread for Warehouse 8
1月 02, 2026 10:45:20 下午 spec.jbb.JBBmain DoARun -> 信息:   started user thread for Warehouse 9
1月 02, 2026 10:45:20 下午 spec.jbb.JBBmain DoARun -> 信息:   started user thread for Warehouse 10
1月 02, 2026 10:45:20 下午 spec.jbb.JBBmain DoARun -> 信息:   started user thread for Warehouse 11
1月 02, 2026 10:45:20 下午 spec.jbb.JBBmain DoARun -> 信息:   started user thread for Warehouse 12
1月 02, 2026 10:45:20 下午 spec.jbb.JBBmain DoARun -> 信息:   started user thread for Warehouse 13
1月 02, 2026 10:45:20 下午 spec.jbb.JBBmain DoARun -> 信息:   started user thread for Warehouse 14
1月 02, 2026 10:45:20 下午 spec.jbb.JBBmain DoARun -> 信息:   started user thread for Warehouse 15
1月 02, 2026 10:45:20 下午 spec.jbb.JBBmain DoARun -> 信息:   started user thread for Warehouse 16
1月 02, 2026 10:45:20 下午 spec.jbb.JBBmain DoARun -> 信息:   started user thread for Warehouse 17
1月 02, 2026 10:45:20 下午 spec.jbb.JBBmain DoARun -> 信息:   started user thread for Warehouse 18
1月 02, 2026 10:45:20 下午 spec.jbb.JBBmain DoARun -> 信息:   started user thread for Warehouse 19
1月 02, 2026 10:45:20 下午 spec.jbb.JBBmain DoARun -> 信息:   started user thread for Warehouse 20
1月 02, 2026 10:45:20 下午 spec.jbb.JBBmain DoARun -> 信息:   started user thread for Warehouse 21
1月 02, 2026 10:45:20 下午 spec.jbb.JBBmain DoARun -> 信息:   started user thread for Warehouse 22
1月 02, 2026 10:45:20 下午 spec.jbb.JBBmain DoARun -> 信息:   started user thread for Warehouse 23
1月 02, 2026 10:45:20 下午 spec.jbb.JBBmain DoARun -> 信息:   started user thread for Warehouse 24
1月 02, 2026 10:45:20 下午 spec.jbb.JBBmain DoARun -> 信息:   started user thread for Warehouse 25
1月 02, 2026 10:45:20 下午 spec.jbb.JBBmain DoARun -> 信息:   started user thread for Warehouse 26
1月 02, 2026 10:45:20 下午 spec.jbb.JBBmain DoARun -> 信息:   started user thread for Warehouse 27
1月 02, 2026 10:45:20 下午 spec.jbb.JBBmain DoARun -> 信息:   started user thread for Warehouse 28
1月 02, 2026 10:45:20 下午 spec.jbb.JBBmain DoARun -> 信息:   started user thread for Warehouse 29
1月 02, 2026 10:45:20 下午 spec.jbb.JBBmain DoARun -> 信息:   started user thread for Warehouse 30
1月 02, 2026 10:45:20 下午 spec.jbb.JBBmain DoARun -> 信息:   started user thread for Warehouse 31
1月 02, 2026 10:45:20 下午 spec.jbb.JBBmain DoARun -> 信息:   started user thread for Warehouse 32
1月 02, 2026 10:45:20 下午 spec.jbb.JBBmain DoARun -> 信息:   started user thread for Warehouse 33
1月 02, 2026 10:45:20 下午 spec.jbb.JBBmain DoARun -> 信息:   started user thread for Warehouse 34
1月 02, 2026 10:45:20 下午 spec.jbb.JBBmain DoARun -> 信息:   started user thread for Warehouse 35
1月 02, 2026 10:45:20 下午 spec.jbb.JBBmain DoARun -> 信息:   started user thread for Warehouse 36
1月 02, 2026 10:45:20 下午 spec.jbb.JBBmain DoARun -> 信息:   started user thread for Warehouse 37
1月 02, 2026 10:45:20 下午 spec.jbb.JBBmain DoARun -> 信息:   started user thread for Warehouse 38
1月 02, 2026 10:45:20 下午 spec.jbb.JBBmain DoARun -> 信息:   started user thread for Warehouse 39
1月 02, 2026 10:45:20 下午 spec.jbb.JBBmain DoARun -> 信息:   started user thread for Warehouse 40
1月 02, 2026 10:45:20 下午 spec.jbb.JBBmain DoARun -> 信息:   started user thread for Warehouse 41
1月 02, 2026 10:45:20 下午 spec.jbb.JBBmain DoARun -> 信息:   started user thread for Warehouse 42
1月 02, 2026 10:45:20 下午 spec.jbb.JBBmain DoARun -> 信息:   started user thread for Warehouse 43
1月 02, 2026 10:45:20 下午 spec.jbb.JBBmain DoARun -> 信息:   started user thread for Warehouse 44
1月 02, 2026 10:45:20 下午 spec.jbb.JBBmain DoARun -> 信息:   started user thread for Warehouse 45
1月 02, 2026 10:45:20 下午 spec.jbb.JBBmain DoARun -> 信息:   started user thread for Warehouse 46
1月 02, 2026 10:45:20 下午 spec.jbb.JBBmain DoARun -> 信息:   started user thread for Warehouse 47
1月 02, 2026 10:45:20 下午 spec.jbb.JBBmain DoARun -> 信息:   started user thread for Warehouse 48
1月 02, 2026 10:45:20 下午 spec.jbb.JBBmain DoARun -> 信息:   started user thread for Warehouse 49
1月 02, 2026 10:45:20 下午 spec.jbb.JBBmain DoARun -> 信息:   started user thread for Warehouse 50
1月 02, 2026 10:45:20 下午 spec.jbb.JBBmain DoARun -> 信息:   started user thread for Warehouse 51
1月 02, 2026 10:45:20 下午 spec.jbb.JBBmain DoARun -> 信息:   started user thread for Warehouse 52
1月 02, 2026 10:45:20 下午 spec.jbb.JBBmain DoARun -> 信息:   started user thread for Warehouse 53
1月 02, 2026 10:45:20 下午 spec.jbb.JBBmain DoARun -> 信息:   started user thread for Warehouse 54
1月 02, 2026 10:45:20 下午 spec.jbb.JBBmain DoARun -> 信息:   started user thread for Warehouse 55
1月 02, 2026 10:45:20 下午 spec.jbb.JBBmain DoARun -> 信息:   started user thread for Warehouse 56
1月 02, 2026 10:45:20 下午 spec.jbb.JBBmain DoARun -> 信息:   started user thread for Warehouse 57
1月 02, 2026 10:45:20 下午 spec.jbb.JBBmain DoARun -> 信息:   started user thread for Warehouse 58
1月 02, 2026 10:45:20 下午 spec.jbb.JBBmain DoARun -> 信息:   started user thread for Warehouse 59
1月 02, 2026 10:45:20 下午 spec.jbb.JBBmain DoARun -> 信息:   started user thread for Warehouse 60
1月 02, 2026 10:45:20 下午 spec.jbb.JBBmain DoARun -> 信息:   started user thread for Warehouse 61
1月 02, 2026 10:45:20 下午 spec.jbb.JBBmain DoARun -> 信息:   started user thread for Warehouse 62
1月 02, 2026 10:45:20 下午 spec.jbb.JBBmain DoARun -> 信息:   started user thread for Warehouse 63
1月 02, 2026 10:45:20 下午 spec.jbb.JBBmain DoARun -> 信息:   started user thread for Warehouse 64
1月 02, 2026 10:45:20 下午 spec.jbb.JBBmain DoARun -> 信息:   started user thread for Warehouse 65
1月 02, 2026 10:45:20 下午 spec.jbb.JBBmain DoARun -> 信息:   started user thread for Warehouse 66
1月 02, 2026 10:45:20 下午 spec.jbb.JBBmain DoARun -> 信息:   started user thread for Warehouse 67
1月 02, 2026 10:45:20 下午 spec.jbb.JBBmain DoARun -> 信息:   started user thread for Warehouse 68
1月 02, 2026 10:45:20 下午 spec.jbb.JBBmain DoARun -> 信息:   started user thread for Warehouse 69
1月 02, 2026 10:45:20 下午 spec.jbb.JBBmain DoARun -> 信息:   started user thread for Warehouse 70
1月 02, 2026 10:45:20 下午 spec.jbb.JBBmain DoARun -> 信息:   started user thread for Warehouse 71
1月 02, 2026 10:45:20 下午 spec.jbb.JBBmain DoARun -> 信息:   started user thread for Warehouse 72
1月 02, 2026 10:45:20 下午 spec.jbb.JBBmain DoARun -> 信息:   started user thread for Warehouse 73
1月 02, 2026 10:45:20 下午 spec.jbb.JBBmain DoARun -> 信息:   started user thread for Warehouse 74
1月 02, 2026 10:45:20 下午 spec.jbb.JBBmain DoARun -> 信息:   started user thread for Warehouse 75
1月 02, 2026 10:45:20 下午 spec.jbb.JBBmain DoARun -> 信息:   started user thread for Warehouse 76
1月 02, 2026 10:45:20 下午 spec.jbb.JBBmain DoARun -> 信息:   started user thread for Warehouse 77
1月 02, 2026 10:45:20 下午 spec.jbb.JBBmain DoARun -> 信息:   started user thread for Warehouse 78
1月 02, 2026 10:45:20 下午 spec.jbb.JBBmain DoARun -> 信息:   started user thread for Warehouse 79
1月 02, 2026 10:45:20 下午 spec.jbb.JBBmain DoARun -> 信息:   started user thread for Warehouse 80
1月 02, 2026 10:45:20 下午 spec.jbb.JBBmain DoARun -> 信息:   started user thread for Warehouse 81
1月 02, 2026 10:45:20 下午 spec.jbb.JBBmain DoARun -> 信息:   started user thread for Warehouse 82
1月 02, 2026 10:45:20 下午 spec.jbb.JBBmain DoARun -> 信息:   started user thread for Warehouse 83
1月 02, 2026 10:45:20 下午 spec.jbb.JBBmain DoARun -> 信息:   started user thread for Warehouse 84
1月 02, 2026 10:45:20 下午 spec.jbb.JBBmain DoARun -> 信息:   started user thread for Warehouse 85
1月 02, 2026 10:45:20 下午 spec.jbb.JBBmain DoARun -> 信息:   started user thread for Warehouse 86
1月 02, 2026 10:45:20 下午 spec.jbb.JBBmain DoARun -> 信息:   started user thread for Warehouse 87
1月 02, 2026 10:45:20 下午 spec.jbb.JBBmain DoARun -> 信息:   started user thread for Warehouse 88
1月 02, 2026 10:45:20 下午 spec.jbb.JBBmain DoARun -> 信息:   started user thread for Warehouse 89
1月 02, 2026 10:45:20 下午 spec.jbb.JBBmain DoARun -> 信息:   started user thread for Warehouse 90
1月 02, 2026 10:45:20 下午 spec.jbb.JBBmain DoARun -> 信息:   started user thread for Warehouse 91
1月 02, 2026 10:45:20 下午 spec.jbb.JBBmain DoARun -> 信息:   started user thread for Warehouse 92
1月 02, 2026 10:45:20 下午 spec.jbb.JBBmain DoARun -> 信息:   started user thread for Warehouse 93
1月 02, 2026 10:45:20 下午 spec.jbb.JBBmain DoARun -> 信息:   started user thread for Warehouse 94
1月 02, 2026 10:45:20 下午 spec.jbb.JBBmain DoARun -> 信息:   started user thread for Warehouse 95
1月 02, 2026 10:45:20 下午 spec.jbb.JBBmain DoARun -> 信息:   started user thread for Warehouse 96
1月 02, 2026 10:45:20 下午 spec.jbb.JBBmain DoARun -> 信息:   started user thread for Warehouse 97
1月 02, 2026 10:45:20 下午 spec.jbb.JBBmain DoARun -> 信息:   started user thread for Warehouse 98
1月 02, 2026 10:45:20 下午 spec.jbb.JBBmain DoARun -> 信息:   started user thread for Warehouse 99
1月 02, 2026 10:45:20 下午 spec.jbb.JBBmain DoARun -> 信息:   started user thread for Warehouse 100
1月 02, 2026 10:45:20 下午 spec.jbb.JBBmain DoARun -> 信息:   started user thread for Warehouse 101
1月 02, 2026 10:45:20 下午 spec.jbb.JBBmain DoARun -> 信息:   started user thread for Warehouse 102
1月 02, 2026 10:45:20 下午 spec.jbb.JBBmain DoARun -> 信息:   started user thread for Warehouse 103
1月 02, 2026 10:45:20 下午 spec.jbb.JBBmain DoARun -> 信息:   started user thread for Warehouse 104
1月 02, 2026 10:45:20 下午 spec.jbb.JBBmain DoARun -> 信息:   started user thread for Warehouse 105
1月 02, 2026 10:45:20 下午 spec.jbb.JBBmain DoARun -> 信息:   started user thread for Warehouse 106
1月 02, 2026 10:45:20 下午 spec.jbb.JBBmain DoARun -> 信息:   started user thread for Warehouse 107
1月 02, 2026 10:45:20 下午 spec.jbb.JBBmain DoARun -> 信息:   started user thread for Warehouse 108
1月 02, 2026 10:45:20 下午 spec.jbb.JBBmain DoARun -> 信息:   started user thread for Warehouse 109
1月 02, 2026 10:45:20 下午 spec.jbb.JBBmain DoARun -> 信息:   started user thread for Warehouse 110
1月 02, 2026 10:45:20 下午 spec.jbb.JBBmain DoARun -> 信息:   started user thread for Warehouse 111
1月 02, 2026 10:45:20 下午 spec.jbb.JBBmain DoARun -> 信息:   started user thread for Warehouse 112
1月 02, 2026 10:45:20 下午 spec.jbb.JBBmain DoARun -> 信息:   started user thread for Warehouse 113
1月 02, 2026 10:45:20 下午 spec.jbb.JBBmain DoARun -> 信息:   started user thread for Warehouse 114
1月 02, 2026 10:45:20 下午 spec.jbb.JBBmain DoARun -> 信息:   started user thread for Warehouse 115
1月 02, 2026 10:45:20 下午 spec.jbb.JBBmain DoARun -> 信息:   started user thread for Warehouse 116
1月 02, 2026 10:45:20 下午 spec.jbb.JBBmain DoARun -> 信息:   started user thread for Warehouse 117
1月 02, 2026 10:45:20 下午 spec.jbb.JBBmain DoARun -> 信息:   started user thread for Warehouse 118
1月 02, 2026 10:45:20 下午 spec.jbb.JBBmain DoARun -> 信息:   started user thread for Warehouse 119
1月 02, 2026 10:45:20 下午 spec.jbb.JBBmain DoARun -> 信息:   started user thread for Warehouse 120
1月 02, 2026 10:45:20 下午 spec.jbb.JBBmain DoARun -> 信息:   started user thread for Warehouse 121
1月 02, 2026 10:45:20 下午 spec.jbb.JBBmain DoARun -> 信息:   started user thread for Warehouse 122
1月 02, 2026 10:45:20 下午 spec.jbb.JBBmain DoARun -> 信息:   started user thread for Warehouse 123
1月 02, 2026 10:45:20 下午 spec.jbb.Company displayResultTotals -> 信息: Timing Measurement began Fri Jan 02 22:45:20 CST 2026 for 4 minutes
1月 02, 2026 10:49:20 下午 spec.jbb.Company displayResultTotals -> 信息: Timing Measurement ended Fri Jan 02 22:49:20 CST 2026
1月 02, 2026 10:49:20 下午 spec.jbb.Company primeWithDummyData -> 信息: Loading Warehouse 124...
1月 02, 2026 10:49:20 下午 spec.jbb.JBBmain DoARun -> 信息: Start User Threads
1月 02, 2026 10:49:20 下午 spec.jbb.JBBmain DoARun -> 信息:   started user thread for Warehouse 1
1月 02, 2026 10:49:20 下午 spec.jbb.JBBmain DoARun -> 信息:   started user thread for Warehouse 2
1月 02, 2026 10:49:20 下午 spec.jbb.JBBmain DoARun -> 信息:   started user thread for Warehouse 3
1月 02, 2026 10:49:20 下午 spec.jbb.JBBmain DoARun -> 信息:   started user thread for Warehouse 4
1月 02, 2026 10:49:20 下午 spec.jbb.JBBmain DoARun -> 信息:   started user thread for Warehouse 5
1月 02, 2026 10:49:20 下午 spec.jbb.JBBmain DoARun -> 信息:   started user thread for Warehouse 6
1月 02, 2026 10:49:20 下午 spec.jbb.JBBmain DoARun -> 信息:   started user thread for Warehouse 7
1月 02, 2026 10:49:20 下午 spec.jbb.JBBmain DoARun -> 信息:   started user thread for Warehouse 8
1月 02, 2026 10:49:20 下午 spec.jbb.JBBmain DoARun -> 信息:   started user thread for Warehouse 9
1月 02, 2026 10:49:20 下午 spec.jbb.JBBmain DoARun -> 信息:   started user thread for Warehouse 10
1月 02, 2026 10:49:20 下午 spec.jbb.JBBmain DoARun -> 信息:   started user thread for Warehouse 11
1月 02, 2026 10:49:20 下午 spec.jbb.JBBmain DoARun -> 信息:   started user thread for Warehouse 12
1月 02, 2026 10:49:20 下午 spec.jbb.JBBmain DoARun -> 信息:   started user thread for Warehouse 13
1月 02, 2026 10:49:20 下午 spec.jbb.JBBmain DoARun -> 信息:   started user thread for Warehouse 14
1月 02, 2026 10:49:20 下午 spec.jbb.JBBmain DoARun -> 信息:   started user thread for Warehouse 15
1月 02, 2026 10:49:20 下午 spec.jbb.JBBmain DoARun -> 信息:   started user thread for Warehouse 16
1月 02, 2026 10:49:20 下午 spec.jbb.JBBmain DoARun -> 信息:   started user thread for Warehouse 17
1月 02, 2026 10:49:20 下午 spec.jbb.JBBmain DoARun -> 信息:   started user thread for Warehouse 18
1月 02, 2026 10:49:20 下午 spec.jbb.JBBmain DoARun -> 信息:   started user thread for Warehouse 19
1月 02, 2026 10:49:20 下午 spec.jbb.JBBmain DoARun -> 信息:   started user thread for Warehouse 20
1月 02, 2026 10:49:20 下午 spec.jbb.JBBmain DoARun -> 信息:   started user thread for Warehouse 21
1月 02, 2026 10:49:20 下午 spec.jbb.JBBmain DoARun -> 信息:   started user thread for Warehouse 22
1月 02, 2026 10:49:20 下午 spec.jbb.JBBmain DoARun -> 信息:   started user thread for Warehouse 23
1月 02, 2026 10:49:20 下午 spec.jbb.JBBmain DoARun -> 信息:   started user thread for Warehouse 24
1月 02, 2026 10:49:20 下午 spec.jbb.JBBmain DoARun -> 信息:   started user thread for Warehouse 25
1月 02, 2026 10:49:20 下午 spec.jbb.JBBmain DoARun -> 信息:   started user thread for Warehouse 26
1月 02, 2026 10:49:20 下午 spec.jbb.JBBmain DoARun -> 信息:   started user thread for Warehouse 27
1月 02, 2026 10:49:20 下午 spec.jbb.JBBmain DoARun -> 信息:   started user thread for Warehouse 28
1月 02, 2026 10:49:20 下午 spec.jbb.JBBmain DoARun -> 信息:   started user thread for Warehouse 29
1月 02, 2026 10:49:20 下午 spec.jbb.JBBmain DoARun -> 信息:   started user thread for Warehouse 30
1月 02, 2026 10:49:20 下午 spec.jbb.JBBmain DoARun -> 信息:   started user thread for Warehouse 31
1月 02, 2026 10:49:20 下午 spec.jbb.JBBmain DoARun -> 信息:   started user thread for Warehouse 32
1月 02, 2026 10:49:20 下午 spec.jbb.JBBmain DoARun -> 信息:   started user thread for Warehouse 33
1月 02, 2026 10:49:20 下午 spec.jbb.JBBmain DoARun -> 信息:   started user thread for Warehouse 34
1月 02, 2026 10:49:20 下午 spec.jbb.JBBmain DoARun -> 信息:   started user thread for Warehouse 35
1月 02, 2026 10:49:20 下午 spec.jbb.JBBmain DoARun -> 信息:   started user thread for Warehouse 36
1月 02, 2026 10:49:20 下午 spec.jbb.JBBmain DoARun -> 信息:   started user thread for Warehouse 37
1月 02, 2026 10:49:20 下午 spec.jbb.JBBmain DoARun -> 信息:   started user thread for Warehouse 38
1月 02, 2026 10:49:21 下午 spec.jbb.JBBmain DoARun -> 信息:   started user thread for Warehouse 39
1月 02, 2026 10:49:21 下午 spec.jbb.JBBmain DoARun -> 信息:   started user thread for Warehouse 40
1月 02, 2026 10:49:21 下午 spec.jbb.JBBmain DoARun -> 信息:   started user thread for Warehouse 41
1月 02, 2026 10:49:21 下午 spec.jbb.JBBmain DoARun -> 信息:   started user thread for Warehouse 42
1月 02, 2026 10:49:21 下午 spec.jbb.JBBmain DoARun -> 信息:   started user thread for Warehouse 43
1月 02, 2026 10:49:21 下午 spec.jbb.JBBmain DoARun -> 信息:   started user thread for Warehouse 44
1月 02, 2026 10:49:21 下午 spec.jbb.JBBmain DoARun -> 信息:   started user thread for Warehouse 45
1月 02, 2026 10:49:21 下午 spec.jbb.JBBmain DoARun -> 信息:   started user thread for Warehouse 46
1月 02, 2026 10:49:21 下午 spec.jbb.JBBmain DoARun -> 信息:   started user thread for Warehouse 47
1月 02, 2026 10:49:21 下午 spec.jbb.JBBmain DoARun -> 信息:   started user thread for Warehouse 48
1月 02, 2026 10:49:21 下午 spec.jbb.JBBmain DoARun -> 信息:   started user thread for Warehouse 49
1月 02, 2026 10:49:21 下午 spec.jbb.JBBmain DoARun -> 信息:   started user thread for Warehouse 50
1月 02, 2026 10:49:21 下午 spec.jbb.JBBmain DoARun -> 信息:   started user thread for Warehouse 51
1月 02, 2026 10:49:21 下午 spec.jbb.JBBmain DoARun -> 信息:   started user thread for Warehouse 52
1月 02, 2026 10:49:21 下午 spec.jbb.JBBmain DoARun -> 信息:   started user thread for Warehouse 53
1月 02, 2026 10:49:21 下午 spec.jbb.JBBmain DoARun -> 信息:   started user thread for Warehouse 54
1月 02, 2026 10:49:21 下午 spec.jbb.JBBmain DoARun -> 信息:   started user thread for Warehouse 55
1月 02, 2026 10:49:21 下午 spec.jbb.JBBmain DoARun -> 信息:   started user thread for Warehouse 56
1月 02, 2026 10:49:21 下午 spec.jbb.JBBmain DoARun -> 信息:   started user thread for Warehouse 57
1月 02, 2026 10:49:21 下午 spec.jbb.JBBmain DoARun -> 信息:   started user thread for Warehouse 58
1月 02, 2026 10:49:21 下午 spec.jbb.JBBmain DoARun -> 信息:   started user thread for Warehouse 59
1月 02, 2026 10:49:21 下午 spec.jbb.JBBmain DoARun -> 信息:   started user thread for Warehouse 60
1月 02, 2026 10:49:21 下午 spec.jbb.JBBmain DoARun -> 信息:   started user thread for Warehouse 61
1月 02, 2026 10:49:21 下午 spec.jbb.JBBmain DoARun -> 信息:   started user thread for Warehouse 62
1月 02, 2026 10:49:21 下午 spec.jbb.JBBmain DoARun -> 信息:   started user thread for Warehouse 63
1月 02, 2026 10:49:21 下午 spec.jbb.JBBmain DoARun -> 信息:   started user thread for Warehouse 64
1月 02, 2026 10:49:21 下午 spec.jbb.JBBmain DoARun -> 信息:   started user thread for Warehouse 65
1月 02, 2026 10:49:21 下午 spec.jbb.JBBmain DoARun -> 信息:   started user thread for Warehouse 66
1月 02, 2026 10:49:21 下午 spec.jbb.JBBmain DoARun -> 信息:   started user thread for Warehouse 67
1月 02, 2026 10:49:21 下午 spec.jbb.JBBmain DoARun -> 信息:   started user thread for Warehouse 68
1月 02, 2026 10:49:21 下午 spec.jbb.JBBmain DoARun -> 信息:   started user thread for Warehouse 69
1月 02, 2026 10:49:21 下午 spec.jbb.JBBmain DoARun -> 信息:   started user thread for Warehouse 70
1月 02, 2026 10:49:21 下午 spec.jbb.JBBmain DoARun -> 信息:   started user thread for Warehouse 71
1月 02, 2026 10:49:21 下午 spec.jbb.JBBmain DoARun -> 信息:   started user thread for Warehouse 72
1月 02, 2026 10:49:21 下午 spec.jbb.JBBmain DoARun -> 信息:   started user thread for Warehouse 73
1月 02, 2026 10:49:21 下午 spec.jbb.JBBmain DoARun -> 信息:   started user thread for Warehouse 74
1月 02, 2026 10:49:21 下午 spec.jbb.JBBmain DoARun -> 信息:   started user thread for Warehouse 75
1月 02, 2026 10:49:21 下午 spec.jbb.JBBmain DoARun -> 信息:   started user thread for Warehouse 76
1月 02, 2026 10:49:21 下午 spec.jbb.JBBmain DoARun -> 信息:   started user thread for Warehouse 77
1月 02, 2026 10:49:21 下午 spec.jbb.JBBmain DoARun -> 信息:   started user thread for Warehouse 78
1月 02, 2026 10:49:21 下午 spec.jbb.JBBmain DoARun -> 信息:   started user thread for Warehouse 79
1月 02, 2026 10:49:21 下午 spec.jbb.JBBmain DoARun -> 信息:   started user thread for Warehouse 80
1月 02, 2026 10:49:21 下午 spec.jbb.JBBmain DoARun -> 信息:   started user thread for Warehouse 81
1月 02, 2026 10:49:21 下午 spec.jbb.JBBmain DoARun -> 信息:   started user thread for Warehouse 82
1月 02, 2026 10:49:21 下午 spec.jbb.JBBmain DoARun -> 信息:   started user thread for Warehouse 83
1月 02, 2026 10:49:21 下午 spec.jbb.JBBmain DoARun -> 信息:   started user thread for Warehouse 84
1月 02, 2026 10:49:21 下午 spec.jbb.JBBmain DoARun -> 信息:   started user thread for Warehouse 85
1月 02, 2026 10:49:21 下午 spec.jbb.JBBmain DoARun -> 信息:   started user thread for Warehouse 86
1月 02, 2026 10:49:21 下午 spec.jbb.JBBmain DoARun -> 信息:   started user thread for Warehouse 87
1月 02, 2026 10:49:21 下午 spec.jbb.JBBmain DoARun -> 信息:   started user thread for Warehouse 88
1月 02, 2026 10:49:21 下午 spec.jbb.JBBmain DoARun -> 信息:   started user thread for Warehouse 89
1月 02, 2026 10:49:21 下午 spec.jbb.JBBmain DoARun -> 信息:   started user thread for Warehouse 90
1月 02, 2026 10:49:21 下午 spec.jbb.JBBmain DoARun -> 信息:   started user thread for Warehouse 91
1月 02, 2026 10:49:21 下午 spec.jbb.JBBmain DoARun -> 信息:   started user thread for Warehouse 92
1月 02, 2026 10:49:21 下午 spec.jbb.JBBmain DoARun -> 信息:   started user thread for Warehouse 93
1月 02, 2026 10:49:21 下午 spec.jbb.JBBmain DoARun -> 信息:   started user thread for Warehouse 94
1月 02, 2026 10:49:21 下午 spec.jbb.JBBmain DoARun -> 信息:   started user thread for Warehouse 95
1月 02, 2026 10:49:21 下午 spec.jbb.JBBmain DoARun -> 信息:   started user thread for Warehouse 96
1月 02, 2026 10:49:21 下午 spec.jbb.JBBmain DoARun -> 信息:   started user thread for Warehouse 97
1月 02, 2026 10:49:21 下午 spec.jbb.JBBmain DoARun -> 信息:   started user thread for Warehouse 98
1月 02, 2026 10:49:21 下午 spec.jbb.JBBmain DoARun -> 信息:   started user thread for Warehouse 99
1月 02, 2026 10:49:21 下午 spec.jbb.JBBmain DoARun -> 信息:   started user thread for Warehouse 100
1月 02, 2026 10:49:21 下午 spec.jbb.JBBmain DoARun -> 信息:   started user thread for Warehouse 101
1月 02, 2026 10:49:21 下午 spec.jbb.JBBmain DoARun -> 信息:   started user thread for Warehouse 102
1月 02, 2026 10:49:21 下午 spec.jbb.JBBmain DoARun -> 信息:   started user thread for Warehouse 103
1月 02, 2026 10:49:21 下午 spec.jbb.JBBmain DoARun -> 信息:   started user thread for Warehouse 104
1月 02, 2026 10:49:21 下午 spec.jbb.JBBmain DoARun -> 信息:   started user thread for Warehouse 105
1月 02, 2026 10:49:21 下午 spec.jbb.JBBmain DoARun -> 信息:   started user thread for Warehouse 106
1月 02, 2026 10:49:21 下午 spec.jbb.JBBmain DoARun -> 信息:   started user thread for Warehouse 107
1月 02, 2026 10:49:21 下午 spec.jbb.JBBmain DoARun -> 信息:   started user thread for Warehouse 108
1月 02, 2026 10:49:21 下午 spec.jbb.JBBmain DoARun -> 信息:   started user thread for Warehouse 109
1月 02, 2026 10:49:21 下午 spec.jbb.JBBmain DoARun -> 信息:   started user thread for Warehouse 110
1月 02, 2026 10:49:21 下午 spec.jbb.JBBmain DoARun -> 信息:   started user thread for Warehouse 111
1月 02, 2026 10:49:21 下午 spec.jbb.JBBmain DoARun -> 信息:   started user thread for Warehouse 112
1月 02, 2026 10:49:21 下午 spec.jbb.JBBmain DoARun -> 信息:   started user thread for Warehouse 113
1月 02, 2026 10:49:21 下午 spec.jbb.JBBmain DoARun -> 信息:   started user thread for Warehouse 114
1月 02, 2026 10:49:21 下午 spec.jbb.JBBmain DoARun -> 信息:   started user thread for Warehouse 115
1月 02, 2026 10:49:21 下午 spec.jbb.JBBmain DoARun -> 信息:   started user thread for Warehouse 116
1月 02, 2026 10:49:21 下午 spec.jbb.JBBmain DoARun -> 信息:   started user thread for Warehouse 117
1月 02, 2026 10:49:21 下午 spec.jbb.JBBmain DoARun -> 信息:   started user thread for Warehouse 118
1月 02, 2026 10:49:21 下午 spec.jbb.JBBmain DoARun -> 信息:   started user thread for Warehouse 119
1月 02, 2026 10:49:21 下午 spec.jbb.JBBmain DoARun -> 信息:   started user thread for Warehouse 120
1月 02, 2026 10:49:21 下午 spec.jbb.JBBmain DoARun -> 信息:   started user thread for Warehouse 121
1月 02, 2026 10:49:21 下午 spec.jbb.JBBmain DoARun -> 信息:   started user thread for Warehouse 122
1月 02, 2026 10:49:21 下午 spec.jbb.JBBmain DoARun -> 信息:   started user thread for Warehouse 123
1月 02, 2026 10:49:21 下午 spec.jbb.JBBmain DoARun -> 信息:   started user thread for Warehouse 124
1月 02, 2026 10:49:21 下午 spec.jbb.Company displayResultTotals -> 信息: Timing Measurement began Fri Jan 02 22:49:21 CST 2026 for 4 minutes
1月 02, 2026 10:53:21 下午 spec.jbb.Company displayResultTotals -> 信息: Timing Measurement ended Fri Jan 02 22:53:21 CST 2026
1月 02, 2026 10:53:21 下午 spec.jbb.Company primeWithDummyData -> 信息: Loading Warehouse 125...
1月 02, 2026 10:53:21 下午 spec.jbb.JBBmain DoARun -> 信息: Start User Threads
1月 02, 2026 10:53:21 下午 spec.jbb.JBBmain DoARun -> 信息:   started user thread for Warehouse 1
1月 02, 2026 10:53:21 下午 spec.jbb.JBBmain DoARun -> 信息:   started user thread for Warehouse 2
1月 02, 2026 10:53:21 下午 spec.jbb.JBBmain DoARun -> 信息:   started user thread for Warehouse 3
1月 02, 2026 10:53:21 下午 spec.jbb.JBBmain DoARun -> 信息:   started user thread for Warehouse 4
1月 02, 2026 10:53:21 下午 spec.jbb.JBBmain DoARun -> 信息:   started user thread for Warehouse 5
1月 02, 2026 10:53:21 下午 spec.jbb.JBBmain DoARun -> 信息:   started user thread for Warehouse 6
1月 02, 2026 10:53:21 下午 spec.jbb.JBBmain DoARun -> 信息:   started user thread for Warehouse 7
1月 02, 2026 10:53:21 下午 spec.jbb.JBBmain DoARun -> 信息:   started user thread for Warehouse 8
1月 02, 2026 10:53:21 下午 spec.jbb.JBBmain DoARun -> 信息:   started user thread for Warehouse 9
1月 02, 2026 10:53:21 下午 spec.jbb.JBBmain DoARun -> 信息:   started user thread for Warehouse 10
1月 02, 2026 10:53:21 下午 spec.jbb.JBBmain DoARun -> 信息:   started user thread for Warehouse 11
1月 02, 2026 10:53:21 下午 spec.jbb.JBBmain DoARun -> 信息:   started user thread for Warehouse 12
1月 02, 2026 10:53:21 下午 spec.jbb.JBBmain DoARun -> 信息:   started user thread for Warehouse 13
1月 02, 2026 10:53:21 下午 spec.jbb.JBBmain DoARun -> 信息:   started user thread for Warehouse 14
1月 02, 2026 10:53:21 下午 spec.jbb.JBBmain DoARun -> 信息:   started user thread for Warehouse 15
1月 02, 2026 10:53:21 下午 spec.jbb.JBBmain DoARun -> 信息:   started user thread for Warehouse 16
1月 02, 2026 10:53:21 下午 spec.jbb.JBBmain DoARun -> 信息:   started user thread for Warehouse 17
1月 02, 2026 10:53:21 下午 spec.jbb.JBBmain DoARun -> 信息:   started user thread for Warehouse 18
1月 02, 2026 10:53:21 下午 spec.jbb.JBBmain DoARun -> 信息:   started user thread for Warehouse 19
1月 02, 2026 10:53:21 下午 spec.jbb.JBBmain DoARun -> 信息:   started user thread for Warehouse 20
1月 02, 2026 10:53:21 下午 spec.jbb.JBBmain DoARun -> 信息:   started user thread for Warehouse 21
1月 02, 2026 10:53:21 下午 spec.jbb.JBBmain DoARun -> 信息:   started user thread for Warehouse 22
1月 02, 2026 10:53:21 下午 spec.jbb.JBBmain DoARun -> 信息:   started user thread for Warehouse 23
1月 02, 2026 10:53:21 下午 spec.jbb.JBBmain DoARun -> 信息:   started user thread for Warehouse 24
1月 02, 2026 10:53:21 下午 spec.jbb.JBBmain DoARun -> 信息:   started user thread for Warehouse 25
1月 02, 2026 10:53:21 下午 spec.jbb.JBBmain DoARun -> 信息:   started user thread for Warehouse 26
1月 02, 2026 10:53:21 下午 spec.jbb.JBBmain DoARun -> 信息:   started user thread for Warehouse 27
1月 02, 2026 10:53:21 下午 spec.jbb.JBBmain DoARun -> 信息:   started user thread for Warehouse 28
1月 02, 2026 10:53:21 下午 spec.jbb.JBBmain DoARun -> 信息:   started user thread for Warehouse 29
1月 02, 2026 10:53:21 下午 spec.jbb.JBBmain DoARun -> 信息:   started user thread for Warehouse 30
1月 02, 2026 10:53:21 下午 spec.jbb.JBBmain DoARun -> 信息:   started user thread for Warehouse 31
1月 02, 2026 10:53:21 下午 spec.jbb.JBBmain DoARun -> 信息:   started user thread for Warehouse 32
1月 02, 2026 10:53:21 下午 spec.jbb.JBBmain DoARun -> 信息:   started user thread for Warehouse 33
1月 02, 2026 10:53:21 下午 spec.jbb.JBBmain DoARun -> 信息:   started user thread for Warehouse 34
1月 02, 2026 10:53:21 下午 spec.jbb.JBBmain DoARun -> 信息:   started user thread for Warehouse 35
1月 02, 2026 10:53:21 下午 spec.jbb.JBBmain DoARun -> 信息:   started user thread for Warehouse 36
1月 02, 2026 10:53:21 下午 spec.jbb.JBBmain DoARun -> 信息:   started user thread for Warehouse 37
1月 02, 2026 10:53:21 下午 spec.jbb.JBBmain DoARun -> 信息:   started user thread for Warehouse 38
1月 02, 2026 10:53:21 下午 spec.jbb.JBBmain DoARun -> 信息:   started user thread for Warehouse 39
1月 02, 2026 10:53:21 下午 spec.jbb.JBBmain DoARun -> 信息:   started user thread for Warehouse 40
1月 02, 2026 10:53:21 下午 spec.jbb.JBBmain DoARun -> 信息:   started user thread for Warehouse 41
1月 02, 2026 10:53:21 下午 spec.jbb.JBBmain DoARun -> 信息:   started user thread for Warehouse 42
1月 02, 2026 10:53:21 下午 spec.jbb.JBBmain DoARun -> 信息:   started user thread for Warehouse 43
1月 02, 2026 10:53:21 下午 spec.jbb.JBBmain DoARun -> 信息:   started user thread for Warehouse 44
1月 02, 2026 10:53:21 下午 spec.jbb.JBBmain DoARun -> 信息:   started user thread for Warehouse 45
1月 02, 2026 10:53:21 下午 spec.jbb.JBBmain DoARun -> 信息:   started user thread for Warehouse 46
1月 02, 2026 10:53:21 下午 spec.jbb.JBBmain DoARun -> 信息:   started user thread for Warehouse 47
1月 02, 2026 10:53:21 下午 spec.jbb.JBBmain DoARun -> 信息:   started user thread for Warehouse 48
1月 02, 2026 10:53:21 下午 spec.jbb.JBBmain DoARun -> 信息:   started user thread for Warehouse 49
1月 02, 2026 10:53:21 下午 spec.jbb.JBBmain DoARun -> 信息:   started user thread for Warehouse 50
1月 02, 2026 10:53:21 下午 spec.jbb.JBBmain DoARun -> 信息:   started user thread for Warehouse 51
1月 02, 2026 10:53:21 下午 spec.jbb.JBBmain DoARun -> 信息:   started user thread for Warehouse 52
1月 02, 2026 10:53:21 下午 spec.jbb.JBBmain DoARun -> 信息:   started user thread for Warehouse 53
1月 02, 2026 10:53:21 下午 spec.jbb.JBBmain DoARun -> 信息:   started user thread for Warehouse 54
1月 02, 2026 10:53:21 下午 spec.jbb.JBBmain DoARun -> 信息:   started user thread for Warehouse 55
1月 02, 2026 10:53:21 下午 spec.jbb.JBBmain DoARun -> 信息:   started user thread for Warehouse 56
1月 02, 2026 10:53:21 下午 spec.jbb.JBBmain DoARun -> 信息:   started user thread for Warehouse 57
1月 02, 2026 10:53:21 下午 spec.jbb.JBBmain DoARun -> 信息:   started user thread for Warehouse 58
1月 02, 2026 10:53:21 下午 spec.jbb.JBBmain DoARun -> 信息:   started user thread for Warehouse 59
1月 02, 2026 10:53:21 下午 spec.jbb.JBBmain DoARun -> 信息:   started user thread for Warehouse 60
1月 02, 2026 10:53:21 下午 spec.jbb.JBBmain DoARun -> 信息:   started user thread for Warehouse 61
1月 02, 2026 10:53:21 下午 spec.jbb.JBBmain DoARun -> 信息:   started user thread for Warehouse 62
1月 02, 2026 10:53:21 下午 spec.jbb.JBBmain DoARun -> 信息:   started user thread for Warehouse 63
1月 02, 2026 10:53:21 下午 spec.jbb.JBBmain DoARun -> 信息:   started user thread for Warehouse 64
1月 02, 2026 10:53:21 下午 spec.jbb.JBBmain DoARun -> 信息:   started user thread for Warehouse 65
1月 02, 2026 10:53:21 下午 spec.jbb.JBBmain DoARun -> 信息:   started user thread for Warehouse 66
1月 02, 2026 10:53:21 下午 spec.jbb.JBBmain DoARun -> 信息:   started user thread for Warehouse 67
1月 02, 2026 10:53:21 下午 spec.jbb.JBBmain DoARun -> 信息:   started user thread for Warehouse 68
1月 02, 2026 10:53:21 下午 spec.jbb.JBBmain DoARun -> 信息:   started user thread for Warehouse 69
1月 02, 2026 10:53:21 下午 spec.jbb.JBBmain DoARun -> 信息:   started user thread for Warehouse 70
1月 02, 2026 10:53:21 下午 spec.jbb.JBBmain DoARun -> 信息:   started user thread for Warehouse 71
1月 02, 2026 10:53:21 下午 spec.jbb.JBBmain DoARun -> 信息:   started user thread for Warehouse 72
1月 02, 2026 10:53:21 下午 spec.jbb.JBBmain DoARun -> 信息:   started user thread for Warehouse 73
1月 02, 2026 10:53:21 下午 spec.jbb.JBBmain DoARun -> 信息:   started user thread for Warehouse 74
1月 02, 2026 10:53:21 下午 spec.jbb.JBBmain DoARun -> 信息:   started user thread for Warehouse 75
1月 02, 2026 10:53:21 下午 spec.jbb.JBBmain DoARun -> 信息:   started user thread for Warehouse 76
1月 02, 2026 10:53:21 下午 spec.jbb.JBBmain DoARun -> 信息:   started user thread for Warehouse 77
1月 02, 2026 10:53:21 下午 spec.jbb.JBBmain DoARun -> 信息:   started user thread for Warehouse 78
1月 02, 2026 10:53:21 下午 spec.jbb.JBBmain DoARun -> 信息:   started user thread for Warehouse 79
1月 02, 2026 10:53:21 下午 spec.jbb.JBBmain DoARun -> 信息:   started user thread for Warehouse 80
1月 02, 2026 10:53:21 下午 spec.jbb.JBBmain DoARun -> 信息:   started user thread for Warehouse 81
1月 02, 2026 10:53:21 下午 spec.jbb.JBBmain DoARun -> 信息:   started user thread for Warehouse 82
1月 02, 2026 10:53:21 下午 spec.jbb.JBBmain DoARun -> 信息:   started user thread for Warehouse 83
1月 02, 2026 10:53:21 下午 spec.jbb.JBBmain DoARun -> 信息:   started user thread for Warehouse 84
1月 02, 2026 10:53:21 下午 spec.jbb.JBBmain DoARun -> 信息:   started user thread for Warehouse 85
1月 02, 2026 10:53:21 下午 spec.jbb.JBBmain DoARun -> 信息:   started user thread for Warehouse 86
1月 02, 2026 10:53:21 下午 spec.jbb.JBBmain DoARun -> 信息:   started user thread for Warehouse 87
1月 02, 2026 10:53:21 下午 spec.jbb.JBBmain DoARun -> 信息:   started user thread for Warehouse 88
1月 02, 2026 10:53:21 下午 spec.jbb.JBBmain DoARun -> 信息:   started user thread for Warehouse 89
1月 02, 2026 10:53:21 下午 spec.jbb.JBBmain DoARun -> 信息:   started user thread for Warehouse 90
1月 02, 2026 10:53:21 下午 spec.jbb.JBBmain DoARun -> 信息:   started user thread for Warehouse 91
1月 02, 2026 10:53:21 下午 spec.jbb.JBBmain DoARun -> 信息:   started user thread for Warehouse 92
1月 02, 2026 10:53:21 下午 spec.jbb.JBBmain DoARun -> 信息:   started user thread for Warehouse 93
1月 02, 2026 10:53:21 下午 spec.jbb.JBBmain DoARun -> 信息:   started user thread for Warehouse 94
1月 02, 2026 10:53:21 下午 spec.jbb.JBBmain DoARun -> 信息:   started user thread for Warehouse 95
1月 02, 2026 10:53:21 下午 spec.jbb.JBBmain DoARun -> 信息:   started user thread for Warehouse 96
1月 02, 2026 10:53:21 下午 spec.jbb.JBBmain DoARun -> 信息:   started user thread for Warehouse 97
1月 02, 2026 10:53:21 下午 spec.jbb.JBBmain DoARun -> 信息:   started user thread for Warehouse 98
1月 02, 2026 10:53:21 下午 spec.jbb.JBBmain DoARun -> 信息:   started user thread for Warehouse 99
1月 02, 2026 10:53:21 下午 spec.jbb.JBBmain DoARun -> 信息:   started user thread for Warehouse 100
1月 02, 2026 10:53:21 下午 spec.jbb.JBBmain DoARun -> 信息:   started user thread for Warehouse 101
1月 02, 2026 10:53:21 下午 spec.jbb.JBBmain DoARun -> 信息:   started user thread for Warehouse 102
1月 02, 2026 10:53:21 下午 spec.jbb.JBBmain DoARun -> 信息:   started user thread for Warehouse 103
1月 02, 2026 10:53:21 下午 spec.jbb.JBBmain DoARun -> 信息:   started user thread for Warehouse 104
1月 02, 2026 10:53:21 下午 spec.jbb.JBBmain DoARun -> 信息:   started user thread for Warehouse 105
1月 02, 2026 10:53:21 下午 spec.jbb.JBBmain DoARun -> 信息:   started user thread for Warehouse 106
1月 02, 2026 10:53:21 下午 spec.jbb.JBBmain DoARun -> 信息:   started user thread for Warehouse 107
1月 02, 2026 10:53:21 下午 spec.jbb.JBBmain DoARun -> 信息:   started user thread for Warehouse 108
1月 02, 2026 10:53:21 下午 spec.jbb.JBBmain DoARun -> 信息:   started user thread for Warehouse 109
1月 02, 2026 10:53:21 下午 spec.jbb.JBBmain DoARun -> 信息:   started user thread for Warehouse 110
1月 02, 2026 10:53:21 下午 spec.jbb.JBBmain DoARun -> 信息:   started user thread for Warehouse 111
1月 02, 2026 10:53:21 下午 spec.jbb.JBBmain DoARun -> 信息:   started user thread for Warehouse 112
1月 02, 2026 10:53:21 下午 spec.jbb.JBBmain DoARun -> 信息:   started user thread for Warehouse 113
1月 02, 2026 10:53:21 下午 spec.jbb.JBBmain DoARun -> 信息:   started user thread for Warehouse 114
1月 02, 2026 10:53:21 下午 spec.jbb.JBBmain DoARun -> 信息:   started user thread for Warehouse 115
1月 02, 2026 10:53:21 下午 spec.jbb.JBBmain DoARun -> 信息:   started user thread for Warehouse 116
1月 02, 2026 10:53:21 下午 spec.jbb.JBBmain DoARun -> 信息:   started user thread for Warehouse 117
1月 02, 2026 10:53:21 下午 spec.jbb.JBBmain DoARun -> 信息:   started user thread for Warehouse 118
1月 02, 2026 10:53:21 下午 spec.jbb.JBBmain DoARun -> 信息:   started user thread for Warehouse 119
1月 02, 2026 10:53:21 下午 spec.jbb.JBBmain DoARun -> 信息:   started user thread for Warehouse 120
1月 02, 2026 10:53:21 下午 spec.jbb.JBBmain DoARun -> 信息:   started user thread for Warehouse 121
1月 02, 2026 10:53:21 下午 spec.jbb.JBBmain DoARun -> 信息:   started user thread for Warehouse 122
1月 02, 2026 10:53:21 下午 spec.jbb.JBBmain DoARun -> 信息:   started user thread for Warehouse 123
1月 02, 2026 10:53:21 下午 spec.jbb.JBBmain DoARun -> 信息:   started user thread for Warehouse 124
1月 02, 2026 10:53:21 下午 spec.jbb.JBBmain DoARun -> 信息:   started user thread for Warehouse 125
1月 02, 2026 10:53:21 下午 spec.jbb.Company displayResultTotals -> 信息: Timing Measurement began Fri Jan 02 22:53:21 CST 2026 for 4 minutes
1月 02, 2026 10:57:21 下午 spec.jbb.Company displayResultTotals -> 信息: Timing Measurement ended Fri Jan 02 22:57:21 CST 2026
1月 02, 2026 10:57:21 下午 spec.jbb.Company primeWithDummyData -> 信息: Loading Warehouse 126...
1月 02, 2026 10:57:21 下午 spec.jbb.JBBmain DoARun -> 信息: Start User Threads
1月 02, 2026 10:57:21 下午 spec.jbb.JBBmain DoARun -> 信息:   started user thread for Warehouse 1
1月 02, 2026 10:57:21 下午 spec.jbb.JBBmain DoARun -> 信息:   started user thread for Warehouse 2
1月 02, 2026 10:57:21 下午 spec.jbb.JBBmain DoARun -> 信息:   started user thread for Warehouse 3
1月 02, 2026 10:57:21 下午 spec.jbb.JBBmain DoARun -> 信息:   started user thread for Warehouse 4
1月 02, 2026 10:57:21 下午 spec.jbb.JBBmain DoARun -> 信息:   started user thread for Warehouse 5
1月 02, 2026 10:57:21 下午 spec.jbb.JBBmain DoARun -> 信息:   started user thread for Warehouse 6
1月 02, 2026 10:57:21 下午 spec.jbb.JBBmain DoARun -> 信息:   started user thread for Warehouse 7
1月 02, 2026 10:57:21 下午 spec.jbb.JBBmain DoARun -> 信息:   started user thread for Warehouse 8
1月 02, 2026 10:57:21 下午 spec.jbb.JBBmain DoARun -> 信息:   started user thread for Warehouse 9
1月 02, 2026 10:57:21 下午 spec.jbb.JBBmain DoARun -> 信息:   started user thread for Warehouse 10
1月 02, 2026 10:57:21 下午 spec.jbb.JBBmain DoARun -> 信息:   started user thread for Warehouse 11
1月 02, 2026 10:57:21 下午 spec.jbb.JBBmain DoARun -> 信息:   started user thread for Warehouse 12
1月 02, 2026 10:57:21 下午 spec.jbb.JBBmain DoARun -> 信息:   started user thread for Warehouse 13
1月 02, 2026 10:57:21 下午 spec.jbb.JBBmain DoARun -> 信息:   started user thread for Warehouse 14
1月 02, 2026 10:57:21 下午 spec.jbb.JBBmain DoARun -> 信息:   started user thread for Warehouse 15
1月 02, 2026 10:57:21 下午 spec.jbb.JBBmain DoARun -> 信息:   started user thread for Warehouse 16
1月 02, 2026 10:57:21 下午 spec.jbb.JBBmain DoARun -> 信息:   started user thread for Warehouse 17
1月 02, 2026 10:57:21 下午 spec.jbb.JBBmain DoARun -> 信息:   started user thread for Warehouse 18
1月 02, 2026 10:57:21 下午 spec.jbb.JBBmain DoARun -> 信息:   started user thread for Warehouse 19
1月 02, 2026 10:57:21 下午 spec.jbb.JBBmain DoARun -> 信息:   started user thread for Warehouse 20
1月 02, 2026 10:57:21 下午 spec.jbb.JBBmain DoARun -> 信息:   started user thread for Warehouse 21
1月 02, 2026 10:57:21 下午 spec.jbb.JBBmain DoARun -> 信息:   started user thread for Warehouse 22
1月 02, 2026 10:57:21 下午 spec.jbb.JBBmain DoARun -> 信息:   started user thread for Warehouse 23
1月 02, 2026 10:57:21 下午 spec.jbb.JBBmain DoARun -> 信息:   started user thread for Warehouse 24
1月 02, 2026 10:57:21 下午 spec.jbb.JBBmain DoARun -> 信息:   started user thread for Warehouse 25
1月 02, 2026 10:57:21 下午 spec.jbb.JBBmain DoARun -> 信息:   started user thread for Warehouse 26
1月 02, 2026 10:57:21 下午 spec.jbb.JBBmain DoARun -> 信息:   started user thread for Warehouse 27
1月 02, 2026 10:57:21 下午 spec.jbb.JBBmain DoARun -> 信息:   started user thread for Warehouse 28
1月 02, 2026 10:57:21 下午 spec.jbb.JBBmain DoARun -> 信息:   started user thread for Warehouse 29
1月 02, 2026 10:57:21 下午 spec.jbb.JBBmain DoARun -> 信息:   started user thread for Warehouse 30
1月 02, 2026 10:57:21 下午 spec.jbb.JBBmain DoARun -> 信息:   started user thread for Warehouse 31
1月 02, 2026 10:57:21 下午 spec.jbb.JBBmain DoARun -> 信息:   started user thread for Warehouse 32
1月 02, 2026 10:57:21 下午 spec.jbb.JBBmain DoARun -> 信息:   started user thread for Warehouse 33
1月 02, 2026 10:57:21 下午 spec.jbb.JBBmain DoARun -> 信息:   started user thread for Warehouse 34
1月 02, 2026 10:57:21 下午 spec.jbb.JBBmain DoARun -> 信息:   started user thread for Warehouse 35
1月 02, 2026 10:57:21 下午 spec.jbb.JBBmain DoARun -> 信息:   started user thread for Warehouse 36
1月 02, 2026 10:57:21 下午 spec.jbb.JBBmain DoARun -> 信息:   started user thread for Warehouse 37
1月 02, 2026 10:57:21 下午 spec.jbb.JBBmain DoARun -> 信息:   started user thread for Warehouse 38
1月 02, 2026 10:57:21 下午 spec.jbb.JBBmain DoARun -> 信息:   started user thread for Warehouse 39
1月 02, 2026 10:57:21 下午 spec.jbb.JBBmain DoARun -> 信息:   started user thread for Warehouse 40
1月 02, 2026 10:57:21 下午 spec.jbb.JBBmain DoARun -> 信息:   started user thread for Warehouse 41
1月 02, 2026 10:57:21 下午 spec.jbb.JBBmain DoARun -> 信息:   started user thread for Warehouse 42
1月 02, 2026 10:57:21 下午 spec.jbb.JBBmain DoARun -> 信息:   started user thread for Warehouse 43
1月 02, 2026 10:57:21 下午 spec.jbb.JBBmain DoARun -> 信息:   started user thread for Warehouse 44
1月 02, 2026 10:57:21 下午 spec.jbb.JBBmain DoARun -> 信息:   started user thread for Warehouse 45
1月 02, 2026 10:57:21 下午 spec.jbb.JBBmain DoARun -> 信息:   started user thread for Warehouse 46
1月 02, 2026 10:57:21 下午 spec.jbb.JBBmain DoARun -> 信息:   started user thread for Warehouse 47
1月 02, 2026 10:57:21 下午 spec.jbb.JBBmain DoARun -> 信息:   started user thread for Warehouse 48
1月 02, 2026 10:57:21 下午 spec.jbb.JBBmain DoARun -> 信息:   started user thread for Warehouse 49
1月 02, 2026 10:57:21 下午 spec.jbb.JBBmain DoARun -> 信息:   started user thread for Warehouse 50
1月 02, 2026 10:57:21 下午 spec.jbb.JBBmain DoARun -> 信息:   started user thread for Warehouse 51
1月 02, 2026 10:57:21 下午 spec.jbb.JBBmain DoARun -> 信息:   started user thread for Warehouse 52
1月 02, 2026 10:57:21 下午 spec.jbb.JBBmain DoARun -> 信息:   started user thread for Warehouse 53
1月 02, 2026 10:57:21 下午 spec.jbb.JBBmain DoARun -> 信息:   started user thread for Warehouse 54
1月 02, 2026 10:57:21 下午 spec.jbb.JBBmain DoARun -> 信息:   started user thread for Warehouse 55
1月 02, 2026 10:57:21 下午 spec.jbb.JBBmain DoARun -> 信息:   started user thread for Warehouse 56
1月 02, 2026 10:57:21 下午 spec.jbb.JBBmain DoARun -> 信息:   started user thread for Warehouse 57
1月 02, 2026 10:57:21 下午 spec.jbb.JBBmain DoARun -> 信息:   started user thread for Warehouse 58
1月 02, 2026 10:57:21 下午 spec.jbb.JBBmain DoARun -> 信息:   started user thread for Warehouse 59
1月 02, 2026 10:57:21 下午 spec.jbb.JBBmain DoARun -> 信息:   started user thread for Warehouse 60
1月 02, 2026 10:57:21 下午 spec.jbb.JBBmain DoARun -> 信息:   started user thread for Warehouse 61
1月 02, 2026 10:57:21 下午 spec.jbb.JBBmain DoARun -> 信息:   started user thread for Warehouse 62
1月 02, 2026 10:57:21 下午 spec.jbb.JBBmain DoARun -> 信息:   started user thread for Warehouse 63
1月 02, 2026 10:57:21 下午 spec.jbb.JBBmain DoARun -> 信息:   started user thread for Warehouse 64
1月 02, 2026 10:57:21 下午 spec.jbb.JBBmain DoARun -> 信息:   started user thread for Warehouse 65
1月 02, 2026 10:57:21 下午 spec.jbb.JBBmain DoARun -> 信息:   started user thread for Warehouse 66
1月 02, 2026 10:57:21 下午 spec.jbb.JBBmain DoARun -> 信息:   started user thread for Warehouse 67
1月 02, 2026 10:57:21 下午 spec.jbb.JBBmain DoARun -> 信息:   started user thread for Warehouse 68
1月 02, 2026 10:57:21 下午 spec.jbb.JBBmain DoARun -> 信息:   started user thread for Warehouse 69
1月 02, 2026 10:57:21 下午 spec.jbb.JBBmain DoARun -> 信息:   started user thread for Warehouse 70
1月 02, 2026 10:57:21 下午 spec.jbb.JBBmain DoARun -> 信息:   started user thread for Warehouse 71
1月 02, 2026 10:57:21 下午 spec.jbb.JBBmain DoARun -> 信息:   started user thread for Warehouse 72
1月 02, 2026 10:57:21 下午 spec.jbb.JBBmain DoARun -> 信息:   started user thread for Warehouse 73
1月 02, 2026 10:57:21 下午 spec.jbb.JBBmain DoARun -> 信息:   started user thread for Warehouse 74
1月 02, 2026 10:57:21 下午 spec.jbb.JBBmain DoARun -> 信息:   started user thread for Warehouse 75
1月 02, 2026 10:57:21 下午 spec.jbb.JBBmain DoARun -> 信息:   started user thread for Warehouse 76
1月 02, 2026 10:57:21 下午 spec.jbb.JBBmain DoARun -> 信息:   started user thread for Warehouse 77
1月 02, 2026 10:57:21 下午 spec.jbb.JBBmain DoARun -> 信息:   started user thread for Warehouse 78
1月 02, 2026 10:57:21 下午 spec.jbb.JBBmain DoARun -> 信息:   started user thread for Warehouse 79
1月 02, 2026 10:57:21 下午 spec.jbb.JBBmain DoARun -> 信息:   started user thread for Warehouse 80
1月 02, 2026 10:57:21 下午 spec.jbb.JBBmain DoARun -> 信息:   started user thread for Warehouse 81
1月 02, 2026 10:57:21 下午 spec.jbb.JBBmain DoARun -> 信息:   started user thread for Warehouse 82
1月 02, 2026 10:57:21 下午 spec.jbb.JBBmain DoARun -> 信息:   started user thread for Warehouse 83
1月 02, 2026 10:57:21 下午 spec.jbb.JBBmain DoARun -> 信息:   started user thread for Warehouse 84
1月 02, 2026 10:57:21 下午 spec.jbb.JBBmain DoARun -> 信息:   started user thread for Warehouse 85
1月 02, 2026 10:57:21 下午 spec.jbb.JBBmain DoARun -> 信息:   started user thread for Warehouse 86
1月 02, 2026 10:57:21 下午 spec.jbb.JBBmain DoARun -> 信息:   started user thread for Warehouse 87
1月 02, 2026 10:57:21 下午 spec.jbb.JBBmain DoARun -> 信息:   started user thread for Warehouse 88
1月 02, 2026 10:57:21 下午 spec.jbb.JBBmain DoARun -> 信息:   started user thread for Warehouse 89
1月 02, 2026 10:57:21 下午 spec.jbb.JBBmain DoARun -> 信息:   started user thread for Warehouse 90
1月 02, 2026 10:57:21 下午 spec.jbb.JBBmain DoARun -> 信息:   started user thread for Warehouse 91
1月 02, 2026 10:57:21 下午 spec.jbb.JBBmain DoARun -> 信息:   started user thread for Warehouse 92
1月 02, 2026 10:57:21 下午 spec.jbb.JBBmain DoARun -> 信息:   started user thread for Warehouse 93
1月 02, 2026 10:57:21 下午 spec.jbb.JBBmain DoARun -> 信息:   started user thread for Warehouse 94
1月 02, 2026 10:57:21 下午 spec.jbb.JBBmain DoARun -> 信息:   started user thread for Warehouse 95
1月 02, 2026 10:57:21 下午 spec.jbb.JBBmain DoARun -> 信息:   started user thread for Warehouse 96
1月 02, 2026 10:57:21 下午 spec.jbb.JBBmain DoARun -> 信息:   started user thread for Warehouse 97
1月 02, 2026 10:57:21 下午 spec.jbb.JBBmain DoARun -> 信息:   started user thread for Warehouse 98
1月 02, 2026 10:57:21 下午 spec.jbb.JBBmain DoARun -> 信息:   started user thread for Warehouse 99
1月 02, 2026 10:57:21 下午 spec.jbb.JBBmain DoARun -> 信息:   started user thread for Warehouse 100
1月 02, 2026 10:57:21 下午 spec.jbb.JBBmain DoARun -> 信息:   started user thread for Warehouse 101
1月 02, 2026 10:57:21 下午 spec.jbb.JBBmain DoARun -> 信息:   started user thread for Warehouse 102
1月 02, 2026 10:57:21 下午 spec.jbb.JBBmain DoARun -> 信息:   started user thread for Warehouse 103
1月 02, 2026 10:57:21 下午 spec.jbb.JBBmain DoARun -> 信息:   started user thread for Warehouse 104
1月 02, 2026 10:57:21 下午 spec.jbb.JBBmain DoARun -> 信息:   started user thread for Warehouse 105
1月 02, 2026 10:57:21 下午 spec.jbb.JBBmain DoARun -> 信息:   started user thread for Warehouse 106
1月 02, 2026 10:57:21 下午 spec.jbb.JBBmain DoARun -> 信息:   started user thread for Warehouse 107
1月 02, 2026 10:57:21 下午 spec.jbb.JBBmain DoARun -> 信息:   started user thread for Warehouse 108
1月 02, 2026 10:57:21 下午 spec.jbb.JBBmain DoARun -> 信息:   started user thread for Warehouse 109
1月 02, 2026 10:57:21 下午 spec.jbb.JBBmain DoARun -> 信息:   started user thread for Warehouse 110
1月 02, 2026 10:57:21 下午 spec.jbb.JBBmain DoARun -> 信息:   started user thread for Warehouse 111
1月 02, 2026 10:57:21 下午 spec.jbb.JBBmain DoARun -> 信息:   started user thread for Warehouse 112
1月 02, 2026 10:57:21 下午 spec.jbb.JBBmain DoARun -> 信息:   started user thread for Warehouse 113
1月 02, 2026 10:57:21 下午 spec.jbb.JBBmain DoARun -> 信息:   started user thread for Warehouse 114
1月 02, 2026 10:57:21 下午 spec.jbb.JBBmain DoARun -> 信息:   started user thread for Warehouse 115
1月 02, 2026 10:57:21 下午 spec.jbb.JBBmain DoARun -> 信息:   started user thread for Warehouse 116
1月 02, 2026 10:57:21 下午 spec.jbb.JBBmain DoARun -> 信息:   started user thread for Warehouse 117
1月 02, 2026 10:57:21 下午 spec.jbb.JBBmain DoARun -> 信息:   started user thread for Warehouse 118
1月 02, 2026 10:57:21 下午 spec.jbb.JBBmain DoARun -> 信息:   started user thread for Warehouse 119
1月 02, 2026 10:57:21 下午 spec.jbb.JBBmain DoARun -> 信息:   started user thread for Warehouse 120
1月 02, 2026 10:57:21 下午 spec.jbb.JBBmain DoARun -> 信息:   started user thread for Warehouse 121
1月 02, 2026 10:57:21 下午 spec.jbb.JBBmain DoARun -> 信息:   started user thread for Warehouse 122
1月 02, 2026 10:57:21 下午 spec.jbb.JBBmain DoARun -> 信息:   started user thread for Warehouse 123
1月 02, 2026 10:57:21 下午 spec.jbb.JBBmain DoARun -> 信息:   started user thread for Warehouse 124
1月 02, 2026 10:57:21 下午 spec.jbb.JBBmain DoARun -> 信息:   started user thread for Warehouse 125
1月 02, 2026 10:57:21 下午 spec.jbb.JBBmain DoARun -> 信息:   started user thread for Warehouse 126
1月 02, 2026 10:57:21 下午 spec.jbb.Company displayResultTotals -> 信息: Timing Measurement began Fri Jan 02 22:57:21 CST 2026 for 4 minutes
1月 02, 2026 11:01:21 下午 spec.jbb.Company displayResultTotals -> 信息: Timing Measurement ended Fri Jan 02 23:01:21 CST 2026
1月 02, 2026 11:01:21 下午 spec.jbb.Company primeWithDummyData -> 信息: Loading Warehouse 127...
1月 02, 2026 11:01:22 下午 spec.jbb.JBBmain DoARun -> 信息: Start User Threads
1月 02, 2026 11:01:22 下午 spec.jbb.JBBmain DoARun -> 信息:   started user thread for Warehouse 1
1月 02, 2026 11:01:22 下午 spec.jbb.JBBmain DoARun -> 信息:   started user thread for Warehouse 2
1月 02, 2026 11:01:22 下午 spec.jbb.JBBmain DoARun -> 信息:   started user thread for Warehouse 3
1月 02, 2026 11:01:22 下午 spec.jbb.JBBmain DoARun -> 信息:   started user thread for Warehouse 4
1月 02, 2026 11:01:22 下午 spec.jbb.JBBmain DoARun -> 信息:   started user thread for Warehouse 5
1月 02, 2026 11:01:22 下午 spec.jbb.JBBmain DoARun -> 信息:   started user thread for Warehouse 6
1月 02, 2026 11:01:22 下午 spec.jbb.JBBmain DoARun -> 信息:   started user thread for Warehouse 7
1月 02, 2026 11:01:22 下午 spec.jbb.JBBmain DoARun -> 信息:   started user thread for Warehouse 8
1月 02, 2026 11:01:22 下午 spec.jbb.JBBmain DoARun -> 信息:   started user thread for Warehouse 9
1月 02, 2026 11:01:22 下午 spec.jbb.JBBmain DoARun -> 信息:   started user thread for Warehouse 10
1月 02, 2026 11:01:22 下午 spec.jbb.JBBmain DoARun -> 信息:   started user thread for Warehouse 11
1月 02, 2026 11:01:22 下午 spec.jbb.JBBmain DoARun -> 信息:   started user thread for Warehouse 12
1月 02, 2026 11:01:22 下午 spec.jbb.JBBmain DoARun -> 信息:   started user thread for Warehouse 13
1月 02, 2026 11:01:22 下午 spec.jbb.JBBmain DoARun -> 信息:   started user thread for Warehouse 14
1月 02, 2026 11:01:22 下午 spec.jbb.JBBmain DoARun -> 信息:   started user thread for Warehouse 15
1月 02, 2026 11:01:22 下午 spec.jbb.JBBmain DoARun -> 信息:   started user thread for Warehouse 16
1月 02, 2026 11:01:22 下午 spec.jbb.JBBmain DoARun -> 信息:   started user thread for Warehouse 17
1月 02, 2026 11:01:22 下午 spec.jbb.JBBmain DoARun -> 信息:   started user thread for Warehouse 18
1月 02, 2026 11:01:22 下午 spec.jbb.JBBmain DoARun -> 信息:   started user thread for Warehouse 19
1月 02, 2026 11:01:22 下午 spec.jbb.JBBmain DoARun -> 信息:   started user thread for Warehouse 20
1月 02, 2026 11:01:22 下午 spec.jbb.JBBmain DoARun -> 信息:   started user thread for Warehouse 21
1月 02, 2026 11:01:22 下午 spec.jbb.JBBmain DoARun -> 信息:   started user thread for Warehouse 22
1月 02, 2026 11:01:22 下午 spec.jbb.JBBmain DoARun -> 信息:   started user thread for Warehouse 23
1月 02, 2026 11:01:22 下午 spec.jbb.JBBmain DoARun -> 信息:   started user thread for Warehouse 24
1月 02, 2026 11:01:22 下午 spec.jbb.JBBmain DoARun -> 信息:   started user thread for Warehouse 25
1月 02, 2026 11:01:22 下午 spec.jbb.JBBmain DoARun -> 信息:   started user thread for Warehouse 26
1月 02, 2026 11:01:22 下午 spec.jbb.JBBmain DoARun -> 信息:   started user thread for Warehouse 27
1月 02, 2026 11:01:22 下午 spec.jbb.JBBmain DoARun -> 信息:   started user thread for Warehouse 28
1月 02, 2026 11:01:22 下午 spec.jbb.JBBmain DoARun -> 信息:   started user thread for Warehouse 29
1月 02, 2026 11:01:22 下午 spec.jbb.JBBmain DoARun -> 信息:   started user thread for Warehouse 30
1月 02, 2026 11:01:22 下午 spec.jbb.JBBmain DoARun -> 信息:   started user thread for Warehouse 31
1月 02, 2026 11:01:22 下午 spec.jbb.JBBmain DoARun -> 信息:   started user thread for Warehouse 32
1月 02, 2026 11:01:22 下午 spec.jbb.JBBmain DoARun -> 信息:   started user thread for Warehouse 33
1月 02, 2026 11:01:22 下午 spec.jbb.JBBmain DoARun -> 信息:   started user thread for Warehouse 34
1月 02, 2026 11:01:22 下午 spec.jbb.JBBmain DoARun -> 信息:   started user thread for Warehouse 35
1月 02, 2026 11:01:22 下午 spec.jbb.JBBmain DoARun -> 信息:   started user thread for Warehouse 36
1月 02, 2026 11:01:22 下午 spec.jbb.JBBmain DoARun -> 信息:   started user thread for Warehouse 37
1月 02, 2026 11:01:22 下午 spec.jbb.JBBmain DoARun -> 信息:   started user thread for Warehouse 38
1月 02, 2026 11:01:22 下午 spec.jbb.JBBmain DoARun -> 信息:   started user thread for Warehouse 39
1月 02, 2026 11:01:22 下午 spec.jbb.JBBmain DoARun -> 信息:   started user thread for Warehouse 40
1月 02, 2026 11:01:22 下午 spec.jbb.JBBmain DoARun -> 信息:   started user thread for Warehouse 41
1月 02, 2026 11:01:22 下午 spec.jbb.JBBmain DoARun -> 信息:   started user thread for Warehouse 42
1月 02, 2026 11:01:22 下午 spec.jbb.JBBmain DoARun -> 信息:   started user thread for Warehouse 43
1月 02, 2026 11:01:22 下午 spec.jbb.JBBmain DoARun -> 信息:   started user thread for Warehouse 44
1月 02, 2026 11:01:22 下午 spec.jbb.JBBmain DoARun -> 信息:   started user thread for Warehouse 45
1月 02, 2026 11:01:22 下午 spec.jbb.JBBmain DoARun -> 信息:   started user thread for Warehouse 46
1月 02, 2026 11:01:22 下午 spec.jbb.JBBmain DoARun -> 信息:   started user thread for Warehouse 47
1月 02, 2026 11:01:22 下午 spec.jbb.JBBmain DoARun -> 信息:   started user thread for Warehouse 48
1月 02, 2026 11:01:22 下午 spec.jbb.JBBmain DoARun -> 信息:   started user thread for Warehouse 49
1月 02, 2026 11:01:22 下午 spec.jbb.JBBmain DoARun -> 信息:   started user thread for Warehouse 50
1月 02, 2026 11:01:22 下午 spec.jbb.JBBmain DoARun -> 信息:   started user thread for Warehouse 51
1月 02, 2026 11:01:22 下午 spec.jbb.JBBmain DoARun -> 信息:   started user thread for Warehouse 52
1月 02, 2026 11:01:22 下午 spec.jbb.JBBmain DoARun -> 信息:   started user thread for Warehouse 53
1月 02, 2026 11:01:22 下午 spec.jbb.JBBmain DoARun -> 信息:   started user thread for Warehouse 54
1月 02, 2026 11:01:22 下午 spec.jbb.JBBmain DoARun -> 信息:   started user thread for Warehouse 55
1月 02, 2026 11:01:22 下午 spec.jbb.JBBmain DoARun -> 信息:   started user thread for Warehouse 56
1月 02, 2026 11:01:22 下午 spec.jbb.JBBmain DoARun -> 信息:   started user thread for Warehouse 57
1月 02, 2026 11:01:22 下午 spec.jbb.JBBmain DoARun -> 信息:   started user thread for Warehouse 58
1月 02, 2026 11:01:22 下午 spec.jbb.JBBmain DoARun -> 信息:   started user thread for Warehouse 59
1月 02, 2026 11:01:22 下午 spec.jbb.JBBmain DoARun -> 信息:   started user thread for Warehouse 60
1月 02, 2026 11:01:22 下午 spec.jbb.JBBmain DoARun -> 信息:   started user thread for Warehouse 61
1月 02, 2026 11:01:22 下午 spec.jbb.JBBmain DoARun -> 信息:   started user thread for Warehouse 62
1月 02, 2026 11:01:22 下午 spec.jbb.JBBmain DoARun -> 信息:   started user thread for Warehouse 63
1月 02, 2026 11:01:22 下午 spec.jbb.JBBmain DoARun -> 信息:   started user thread for Warehouse 64
1月 02, 2026 11:01:22 下午 spec.jbb.JBBmain DoARun -> 信息:   started user thread for Warehouse 65
1月 02, 2026 11:01:22 下午 spec.jbb.JBBmain DoARun -> 信息:   started user thread for Warehouse 66
1月 02, 2026 11:01:22 下午 spec.jbb.JBBmain DoARun -> 信息:   started user thread for Warehouse 67
1月 02, 2026 11:01:22 下午 spec.jbb.JBBmain DoARun -> 信息:   started user thread for Warehouse 68
1月 02, 2026 11:01:22 下午 spec.jbb.JBBmain DoARun -> 信息:   started user thread for Warehouse 69
1月 02, 2026 11:01:22 下午 spec.jbb.JBBmain DoARun -> 信息:   started user thread for Warehouse 70
1月 02, 2026 11:01:22 下午 spec.jbb.JBBmain DoARun -> 信息:   started user thread for Warehouse 71
1月 02, 2026 11:01:22 下午 spec.jbb.JBBmain DoARun -> 信息:   started user thread for Warehouse 72
1月 02, 2026 11:01:22 下午 spec.jbb.JBBmain DoARun -> 信息:   started user thread for Warehouse 73
1月 02, 2026 11:01:22 下午 spec.jbb.JBBmain DoARun -> 信息:   started user thread for Warehouse 74
1月 02, 2026 11:01:22 下午 spec.jbb.JBBmain DoARun -> 信息:   started user thread for Warehouse 75
1月 02, 2026 11:01:22 下午 spec.jbb.JBBmain DoARun -> 信息:   started user thread for Warehouse 76
1月 02, 2026 11:01:22 下午 spec.jbb.JBBmain DoARun -> 信息:   started user thread for Warehouse 77
1月 02, 2026 11:01:22 下午 spec.jbb.JBBmain DoARun -> 信息:   started user thread for Warehouse 78
1月 02, 2026 11:01:22 下午 spec.jbb.JBBmain DoARun -> 信息:   started user thread for Warehouse 79
1月 02, 2026 11:01:22 下午 spec.jbb.JBBmain DoARun -> 信息:   started user thread for Warehouse 80
1月 02, 2026 11:01:22 下午 spec.jbb.JBBmain DoARun -> 信息:   started user thread for Warehouse 81
1月 02, 2026 11:01:22 下午 spec.jbb.JBBmain DoARun -> 信息:   started user thread for Warehouse 82
1月 02, 2026 11:01:22 下午 spec.jbb.JBBmain DoARun -> 信息:   started user thread for Warehouse 83
1月 02, 2026 11:01:22 下午 spec.jbb.JBBmain DoARun -> 信息:   started user thread for Warehouse 84
1月 02, 2026 11:01:22 下午 spec.jbb.JBBmain DoARun -> 信息:   started user thread for Warehouse 85
1月 02, 2026 11:01:22 下午 spec.jbb.JBBmain DoARun -> 信息:   started user thread for Warehouse 86
1月 02, 2026 11:01:22 下午 spec.jbb.JBBmain DoARun -> 信息:   started user thread for Warehouse 87
1月 02, 2026 11:01:22 下午 spec.jbb.JBBmain DoARun -> 信息:   started user thread for Warehouse 88
1月 02, 2026 11:01:22 下午 spec.jbb.JBBmain DoARun -> 信息:   started user thread for Warehouse 89
1月 02, 2026 11:01:22 下午 spec.jbb.JBBmain DoARun -> 信息:   started user thread for Warehouse 90
1月 02, 2026 11:01:22 下午 spec.jbb.JBBmain DoARun -> 信息:   started user thread for Warehouse 91
1月 02, 2026 11:01:22 下午 spec.jbb.JBBmain DoARun -> 信息:   started user thread for Warehouse 92
1月 02, 2026 11:01:22 下午 spec.jbb.JBBmain DoARun -> 信息:   started user thread for Warehouse 93
1月 02, 2026 11:01:22 下午 spec.jbb.JBBmain DoARun -> 信息:   started user thread for Warehouse 94
1月 02, 2026 11:01:22 下午 spec.jbb.JBBmain DoARun -> 信息:   started user thread for Warehouse 95
1月 02, 2026 11:01:22 下午 spec.jbb.JBBmain DoARun -> 信息:   started user thread for Warehouse 96
1月 02, 2026 11:01:22 下午 spec.jbb.JBBmain DoARun -> 信息:   started user thread for Warehouse 97
1月 02, 2026 11:01:22 下午 spec.jbb.JBBmain DoARun -> 信息:   started user thread for Warehouse 98
1月 02, 2026 11:01:22 下午 spec.jbb.JBBmain DoARun -> 信息:   started user thread for Warehouse 99
1月 02, 2026 11:01:22 下午 spec.jbb.JBBmain DoARun -> 信息:   started user thread for Warehouse 100
1月 02, 2026 11:01:22 下午 spec.jbb.JBBmain DoARun -> 信息:   started user thread for Warehouse 101
1月 02, 2026 11:01:22 下午 spec.jbb.JBBmain DoARun -> 信息:   started user thread for Warehouse 102
1月 02, 2026 11:01:22 下午 spec.jbb.JBBmain DoARun -> 信息:   started user thread for Warehouse 103
1月 02, 2026 11:01:22 下午 spec.jbb.JBBmain DoARun -> 信息:   started user thread for Warehouse 104
1月 02, 2026 11:01:22 下午 spec.jbb.JBBmain DoARun -> 信息:   started user thread for Warehouse 105
1月 02, 2026 11:01:22 下午 spec.jbb.JBBmain DoARun -> 信息:   started user thread for Warehouse 106
1月 02, 2026 11:01:22 下午 spec.jbb.JBBmain DoARun -> 信息:   started user thread for Warehouse 107
1月 02, 2026 11:01:22 下午 spec.jbb.JBBmain DoARun -> 信息:   started user thread for Warehouse 108
1月 02, 2026 11:01:22 下午 spec.jbb.JBBmain DoARun -> 信息:   started user thread for Warehouse 109
1月 02, 2026 11:01:22 下午 spec.jbb.JBBmain DoARun -> 信息:   started user thread for Warehouse 110
1月 02, 2026 11:01:22 下午 spec.jbb.JBBmain DoARun -> 信息:   started user thread for Warehouse 111
1月 02, 2026 11:01:22 下午 spec.jbb.JBBmain DoARun -> 信息:   started user thread for Warehouse 112
1月 02, 2026 11:01:22 下午 spec.jbb.JBBmain DoARun -> 信息:   started user thread for Warehouse 113
1月 02, 2026 11:01:22 下午 spec.jbb.JBBmain DoARun -> 信息:   started user thread for Warehouse 114
1月 02, 2026 11:01:22 下午 spec.jbb.JBBmain DoARun -> 信息:   started user thread for Warehouse 115
1月 02, 2026 11:01:22 下午 spec.jbb.JBBmain DoARun -> 信息:   started user thread for Warehouse 116
1月 02, 2026 11:01:22 下午 spec.jbb.JBBmain DoARun -> 信息:   started user thread for Warehouse 117
1月 02, 2026 11:01:22 下午 spec.jbb.JBBmain DoARun -> 信息:   started user thread for Warehouse 118
1月 02, 2026 11:01:22 下午 spec.jbb.JBBmain DoARun -> 信息:   started user thread for Warehouse 119
1月 02, 2026 11:01:22 下午 spec.jbb.JBBmain DoARun -> 信息:   started user thread for Warehouse 120
1月 02, 2026 11:01:22 下午 spec.jbb.JBBmain DoARun -> 信息:   started user thread for Warehouse 121
1月 02, 2026 11:01:22 下午 spec.jbb.JBBmain DoARun -> 信息:   started user thread for Warehouse 122
1月 02, 2026 11:01:22 下午 spec.jbb.JBBmain DoARun -> 信息:   started user thread for Warehouse 123
1月 02, 2026 11:01:22 下午 spec.jbb.JBBmain DoARun -> 信息:   started user thread for Warehouse 124
1月 02, 2026 11:01:22 下午 spec.jbb.JBBmain DoARun -> 信息:   started user thread for Warehouse 125
1月 02, 2026 11:01:22 下午 spec.jbb.JBBmain DoARun -> 信息:   started user thread for Warehouse 126
1月 02, 2026 11:01:22 下午 spec.jbb.JBBmain DoARun -> 信息:   started user thread for Warehouse 127
1月 02, 2026 11:01:22 下午 spec.jbb.Company displayResultTotals -> 信息: Timing Measurement began Fri Jan 02 23:01:22 CST 2026 for 4 minutes
1月 02, 2026 11:05:22 下午 spec.jbb.Company displayResultTotals -> 信息: Timing Measurement ended Fri Jan 02 23:05:22 CST 2026
1月 02, 2026 11:05:22 下午 spec.jbb.Company primeWithDummyData -> 信息: Loading Warehouse 128...
1月 02, 2026 11:05:22 下午 spec.jbb.JBBmain DoARun -> 信息: Start User Threads
1月 02, 2026 11:05:22 下午 spec.jbb.JBBmain DoARun -> 信息:   started user thread for Warehouse 1
1月 02, 2026 11:05:22 下午 spec.jbb.JBBmain DoARun -> 信息:   started user thread for Warehouse 2
1月 02, 2026 11:05:22 下午 spec.jbb.JBBmain DoARun -> 信息:   started user thread for Warehouse 3
1月 02, 2026 11:05:22 下午 spec.jbb.JBBmain DoARun -> 信息:   started user thread for Warehouse 4
1月 02, 2026 11:05:22 下午 spec.jbb.JBBmain DoARun -> 信息:   started user thread for Warehouse 5
1月 02, 2026 11:05:22 下午 spec.jbb.JBBmain DoARun -> 信息:   started user thread for Warehouse 6
1月 02, 2026 11:05:22 下午 spec.jbb.JBBmain DoARun -> 信息:   started user thread for Warehouse 7
1月 02, 2026 11:05:22 下午 spec.jbb.JBBmain DoARun -> 信息:   started user thread for Warehouse 8
1月 02, 2026 11:05:22 下午 spec.jbb.JBBmain DoARun -> 信息:   started user thread for Warehouse 9
1月 02, 2026 11:05:22 下午 spec.jbb.JBBmain DoARun -> 信息:   started user thread for Warehouse 10
1月 02, 2026 11:05:22 下午 spec.jbb.JBBmain DoARun -> 信息:   started user thread for Warehouse 11
1月 02, 2026 11:05:22 下午 spec.jbb.JBBmain DoARun -> 信息:   started user thread for Warehouse 12
1月 02, 2026 11:05:22 下午 spec.jbb.JBBmain DoARun -> 信息:   started user thread for Warehouse 13
1月 02, 2026 11:05:22 下午 spec.jbb.JBBmain DoARun -> 信息:   started user thread for Warehouse 14
1月 02, 2026 11:05:22 下午 spec.jbb.JBBmain DoARun -> 信息:   started user thread for Warehouse 15
1月 02, 2026 11:05:22 下午 spec.jbb.JBBmain DoARun -> 信息:   started user thread for Warehouse 16
1月 02, 2026 11:05:22 下午 spec.jbb.JBBmain DoARun -> 信息:   started user thread for Warehouse 17
1月 02, 2026 11:05:22 下午 spec.jbb.JBBmain DoARun -> 信息:   started user thread for Warehouse 18
1月 02, 2026 11:05:22 下午 spec.jbb.JBBmain DoARun -> 信息:   started user thread for Warehouse 19
1月 02, 2026 11:05:22 下午 spec.jbb.JBBmain DoARun -> 信息:   started user thread for Warehouse 20
1月 02, 2026 11:05:22 下午 spec.jbb.JBBmain DoARun -> 信息:   started user thread for Warehouse 21
1月 02, 2026 11:05:22 下午 spec.jbb.JBBmain DoARun -> 信息:   started user thread for Warehouse 22
1月 02, 2026 11:05:22 下午 spec.jbb.JBBmain DoARun -> 信息:   started user thread for Warehouse 23
1月 02, 2026 11:05:22 下午 spec.jbb.JBBmain DoARun -> 信息:   started user thread for Warehouse 24
1月 02, 2026 11:05:22 下午 spec.jbb.JBBmain DoARun -> 信息:   started user thread for Warehouse 25
1月 02, 2026 11:05:22 下午 spec.jbb.JBBmain DoARun -> 信息:   started user thread for Warehouse 26
1月 02, 2026 11:05:22 下午 spec.jbb.JBBmain DoARun -> 信息:   started user thread for Warehouse 27
1月 02, 2026 11:05:22 下午 spec.jbb.JBBmain DoARun -> 信息:   started user thread for Warehouse 28
1月 02, 2026 11:05:22 下午 spec.jbb.JBBmain DoARun -> 信息:   started user thread for Warehouse 29
1月 02, 2026 11:05:22 下午 spec.jbb.JBBmain DoARun -> 信息:   started user thread for Warehouse 30
1月 02, 2026 11:05:22 下午 spec.jbb.JBBmain DoARun -> 信息:   started user thread for Warehouse 31
1月 02, 2026 11:05:22 下午 spec.jbb.JBBmain DoARun -> 信息:   started user thread for Warehouse 32
1月 02, 2026 11:05:22 下午 spec.jbb.JBBmain DoARun -> 信息:   started user thread for Warehouse 33
1月 02, 2026 11:05:22 下午 spec.jbb.JBBmain DoARun -> 信息:   started user thread for Warehouse 34
1月 02, 2026 11:05:22 下午 spec.jbb.JBBmain DoARun -> 信息:   started user thread for Warehouse 35
1月 02, 2026 11:05:22 下午 spec.jbb.JBBmain DoARun -> 信息:   started user thread for Warehouse 36
1月 02, 2026 11:05:22 下午 spec.jbb.JBBmain DoARun -> 信息:   started user thread for Warehouse 37
1月 02, 2026 11:05:22 下午 spec.jbb.JBBmain DoARun -> 信息:   started user thread for Warehouse 38
1月 02, 2026 11:05:22 下午 spec.jbb.JBBmain DoARun -> 信息:   started user thread for Warehouse 39
1月 02, 2026 11:05:22 下午 spec.jbb.JBBmain DoARun -> 信息:   started user thread for Warehouse 40
1月 02, 2026 11:05:22 下午 spec.jbb.JBBmain DoARun -> 信息:   started user thread for Warehouse 41
1月 02, 2026 11:05:22 下午 spec.jbb.JBBmain DoARun -> 信息:   started user thread for Warehouse 42
1月 02, 2026 11:05:22 下午 spec.jbb.JBBmain DoARun -> 信息:   started user thread for Warehouse 43
1月 02, 2026 11:05:22 下午 spec.jbb.JBBmain DoARun -> 信息:   started user thread for Warehouse 44
1月 02, 2026 11:05:22 下午 spec.jbb.JBBmain DoARun -> 信息:   started user thread for Warehouse 45
1月 02, 2026 11:05:22 下午 spec.jbb.JBBmain DoARun -> 信息:   started user thread for Warehouse 46
1月 02, 2026 11:05:22 下午 spec.jbb.JBBmain DoARun -> 信息:   started user thread for Warehouse 47
1月 02, 2026 11:05:22 下午 spec.jbb.JBBmain DoARun -> 信息:   started user thread for Warehouse 48
1月 02, 2026 11:05:22 下午 spec.jbb.JBBmain DoARun -> 信息:   started user thread for Warehouse 49
1月 02, 2026 11:05:22 下午 spec.jbb.JBBmain DoARun -> 信息:   started user thread for Warehouse 50
1月 02, 2026 11:05:22 下午 spec.jbb.JBBmain DoARun -> 信息:   started user thread for Warehouse 51
1月 02, 2026 11:05:22 下午 spec.jbb.JBBmain DoARun -> 信息:   started user thread for Warehouse 52
1月 02, 2026 11:05:22 下午 spec.jbb.JBBmain DoARun -> 信息:   started user thread for Warehouse 53
1月 02, 2026 11:05:22 下午 spec.jbb.JBBmain DoARun -> 信息:   started user thread for Warehouse 54
1月 02, 2026 11:05:22 下午 spec.jbb.JBBmain DoARun -> 信息:   started user thread for Warehouse 55
1月 02, 2026 11:05:22 下午 spec.jbb.JBBmain DoARun -> 信息:   started user thread for Warehouse 56
1月 02, 2026 11:05:22 下午 spec.jbb.JBBmain DoARun -> 信息:   started user thread for Warehouse 57
1月 02, 2026 11:05:22 下午 spec.jbb.JBBmain DoARun -> 信息:   started user thread for Warehouse 58
1月 02, 2026 11:05:22 下午 spec.jbb.JBBmain DoARun -> 信息:   started user thread for Warehouse 59
1月 02, 2026 11:05:22 下午 spec.jbb.JBBmain DoARun -> 信息:   started user thread for Warehouse 60
1月 02, 2026 11:05:22 下午 spec.jbb.JBBmain DoARun -> 信息:   started user thread for Warehouse 61
1月 02, 2026 11:05:22 下午 spec.jbb.JBBmain DoARun -> 信息:   started user thread for Warehouse 62
1月 02, 2026 11:05:22 下午 spec.jbb.JBBmain DoARun -> 信息:   started user thread for Warehouse 63
1月 02, 2026 11:05:22 下午 spec.jbb.JBBmain DoARun -> 信息:   started user thread for Warehouse 64
1月 02, 2026 11:05:22 下午 spec.jbb.JBBmain DoARun -> 信息:   started user thread for Warehouse 65
1月 02, 2026 11:05:22 下午 spec.jbb.JBBmain DoARun -> 信息:   started user thread for Warehouse 66
1月 02, 2026 11:05:22 下午 spec.jbb.JBBmain DoARun -> 信息:   started user thread for Warehouse 67
1月 02, 2026 11:05:22 下午 spec.jbb.JBBmain DoARun -> 信息:   started user thread for Warehouse 68
1月 02, 2026 11:05:22 下午 spec.jbb.JBBmain DoARun -> 信息:   started user thread for Warehouse 69
1月 02, 2026 11:05:22 下午 spec.jbb.JBBmain DoARun -> 信息:   started user thread for Warehouse 70
1月 02, 2026 11:05:22 下午 spec.jbb.JBBmain DoARun -> 信息:   started user thread for Warehouse 71
1月 02, 2026 11:05:22 下午 spec.jbb.JBBmain DoARun -> 信息:   started user thread for Warehouse 72
1月 02, 2026 11:05:22 下午 spec.jbb.JBBmain DoARun -> 信息:   started user thread for Warehouse 73
1月 02, 2026 11:05:22 下午 spec.jbb.JBBmain DoARun -> 信息:   started user thread for Warehouse 74
1月 02, 2026 11:05:22 下午 spec.jbb.JBBmain DoARun -> 信息:   started user thread for Warehouse 75
1月 02, 2026 11:05:22 下午 spec.jbb.JBBmain DoARun -> 信息:   started user thread for Warehouse 76
1月 02, 2026 11:05:22 下午 spec.jbb.JBBmain DoARun -> 信息:   started user thread for Warehouse 77
1月 02, 2026 11:05:22 下午 spec.jbb.JBBmain DoARun -> 信息:   started user thread for Warehouse 78
1月 02, 2026 11:05:22 下午 spec.jbb.JBBmain DoARun -> 信息:   started user thread for Warehouse 79
1月 02, 2026 11:05:22 下午 spec.jbb.JBBmain DoARun -> 信息:   started user thread for Warehouse 80
1月 02, 2026 11:05:22 下午 spec.jbb.JBBmain DoARun -> 信息:   started user thread for Warehouse 81
1月 02, 2026 11:05:22 下午 spec.jbb.JBBmain DoARun -> 信息:   started user thread for Warehouse 82
1月 02, 2026 11:05:22 下午 spec.jbb.JBBmain DoARun -> 信息:   started user thread for Warehouse 83
1月 02, 2026 11:05:22 下午 spec.jbb.JBBmain DoARun -> 信息:   started user thread for Warehouse 84
1月 02, 2026 11:05:22 下午 spec.jbb.JBBmain DoARun -> 信息:   started user thread for Warehouse 85
1月 02, 2026 11:05:22 下午 spec.jbb.JBBmain DoARun -> 信息:   started user thread for Warehouse 86
1月 02, 2026 11:05:22 下午 spec.jbb.JBBmain DoARun -> 信息:   started user thread for Warehouse 87
1月 02, 2026 11:05:22 下午 spec.jbb.JBBmain DoARun -> 信息:   started user thread for Warehouse 88
1月 02, 2026 11:05:22 下午 spec.jbb.JBBmain DoARun -> 信息:   started user thread for Warehouse 89
1月 02, 2026 11:05:22 下午 spec.jbb.JBBmain DoARun -> 信息:   started user thread for Warehouse 90
1月 02, 2026 11:05:22 下午 spec.jbb.JBBmain DoARun -> 信息:   started user thread for Warehouse 91
1月 02, 2026 11:05:22 下午 spec.jbb.JBBmain DoARun -> 信息:   started user thread for Warehouse 92
1月 02, 2026 11:05:22 下午 spec.jbb.JBBmain DoARun -> 信息:   started user thread for Warehouse 93
1月 02, 2026 11:05:22 下午 spec.jbb.JBBmain DoARun -> 信息:   started user thread for Warehouse 94
1月 02, 2026 11:05:22 下午 spec.jbb.JBBmain DoARun -> 信息:   started user thread for Warehouse 95
1月 02, 2026 11:05:22 下午 spec.jbb.JBBmain DoARun -> 信息:   started user thread for Warehouse 96
1月 02, 2026 11:05:22 下午 spec.jbb.JBBmain DoARun -> 信息:   started user thread for Warehouse 97
1月 02, 2026 11:05:22 下午 spec.jbb.JBBmain DoARun -> 信息:   started user thread for Warehouse 98
1月 02, 2026 11:05:22 下午 spec.jbb.JBBmain DoARun -> 信息:   started user thread for Warehouse 99
1月 02, 2026 11:05:22 下午 spec.jbb.JBBmain DoARun -> 信息:   started user thread for Warehouse 100
1月 02, 2026 11:05:22 下午 spec.jbb.JBBmain DoARun -> 信息:   started user thread for Warehouse 101
1月 02, 2026 11:05:22 下午 spec.jbb.JBBmain DoARun -> 信息:   started user thread for Warehouse 102
1月 02, 2026 11:05:22 下午 spec.jbb.JBBmain DoARun -> 信息:   started user thread for Warehouse 103
1月 02, 2026 11:05:22 下午 spec.jbb.JBBmain DoARun -> 信息:   started user thread for Warehouse 104
1月 02, 2026 11:05:22 下午 spec.jbb.JBBmain DoARun -> 信息:   started user thread for Warehouse 105
1月 02, 2026 11:05:22 下午 spec.jbb.JBBmain DoARun -> 信息:   started user thread for Warehouse 106
1月 02, 2026 11:05:22 下午 spec.jbb.JBBmain DoARun -> 信息:   started user thread for Warehouse 107
1月 02, 2026 11:05:22 下午 spec.jbb.JBBmain DoARun -> 信息:   started user thread for Warehouse 108
1月 02, 2026 11:05:22 下午 spec.jbb.JBBmain DoARun -> 信息:   started user thread for Warehouse 109
1月 02, 2026 11:05:22 下午 spec.jbb.JBBmain DoARun -> 信息:   started user thread for Warehouse 110
1月 02, 2026 11:05:22 下午 spec.jbb.JBBmain DoARun -> 信息:   started user thread for Warehouse 111
1月 02, 2026 11:05:22 下午 spec.jbb.JBBmain DoARun -> 信息:   started user thread for Warehouse 112
1月 02, 2026 11:05:22 下午 spec.jbb.JBBmain DoARun -> 信息:   started user thread for Warehouse 113
1月 02, 2026 11:05:22 下午 spec.jbb.JBBmain DoARun -> 信息:   started user thread for Warehouse 114
1月 02, 2026 11:05:22 下午 spec.jbb.JBBmain DoARun -> 信息:   started user thread for Warehouse 115
1月 02, 2026 11:05:22 下午 spec.jbb.JBBmain DoARun -> 信息:   started user thread for Warehouse 116
1月 02, 2026 11:05:22 下午 spec.jbb.JBBmain DoARun -> 信息:   started user thread for Warehouse 117
1月 02, 2026 11:05:22 下午 spec.jbb.JBBmain DoARun -> 信息:   started user thread for Warehouse 118
1月 02, 2026 11:05:22 下午 spec.jbb.JBBmain DoARun -> 信息:   started user thread for Warehouse 119
1月 02, 2026 11:05:22 下午 spec.jbb.JBBmain DoARun -> 信息:   started user thread for Warehouse 120
1月 02, 2026 11:05:22 下午 spec.jbb.JBBmain DoARun -> 信息:   started user thread for Warehouse 121
1月 02, 2026 11:05:22 下午 spec.jbb.JBBmain DoARun -> 信息:   started user thread for Warehouse 122
1月 02, 2026 11:05:22 下午 spec.jbb.JBBmain DoARun -> 信息:   started user thread for Warehouse 123
1月 02, 2026 11:05:22 下午 spec.jbb.JBBmain DoARun -> 信息:   started user thread for Warehouse 124
1月 02, 2026 11:05:22 下午 spec.jbb.JBBmain DoARun -> 信息:   started user thread for Warehouse 125
1月 02, 2026 11:05:22 下午 spec.jbb.JBBmain DoARun -> 信息:   started user thread for Warehouse 126
1月 02, 2026 11:05:22 下午 spec.jbb.JBBmain DoARun -> 信息:   started user thread for Warehouse 127
1月 02, 2026 11:05:22 下午 spec.jbb.JBBmain DoARun -> 信息:   started user thread for Warehouse 128
1月 02, 2026 11:05:22 下午 spec.jbb.Company displayResultTotals -> 信息: Timing Measurement began Fri Jan 02 23:05:22 CST 2026 for 4 minutes
1月 02, 2026 11:09:22 下午 spec.jbb.Company displayResultTotals -> 信息: Timing Measurement ended Fri Jan 02 23:09:22 CST 2026
1月 02, 2026 11:09:22 下午 spec.jbb.JBBmain callReporter -> 信息: Calling Reporter
1月 02, 2026 11:09:23 下午 spec.jbb.JBBmain main -> 信息: Logging ended
