2月 14, 2026 12:43:25 上午 spec.jbb.JBBmain main -> 信息: Logging started
2月 14, 2026 12:43:25 上午 spec.jbb.Company primeWithDummyData -> 信息: Loading Warehouse 1...
2月 14, 2026 12:43:25 上午 spec.jbb.JBBmain DoARun -> 信息: Start User Threads
2月 14, 2026 12:43:25 上午 spec.jbb.JBBmain DoARun -> 信息:   started user thread for Warehouse 1
2月 14, 2026 12:43:25 上午 spec.jbb.Company displayResultTotals -> 信息: Timing Measurement began Sat Feb 14 00:43:25 CST 2026 for 0.5 minutes
2月 14, 2026 12:43:55 上午 spec.jbb.Company displayResultTotals -> 信息: Timing Measurement ended Sat Feb 14 00:43:55 CST 2026
2月 14, 2026 12:43:55 上午 spec.jbb.Company primeWithDummyData -> 信息: Loading Warehouse 2...
2月 14, 2026 12:43:56 上午 spec.jbb.JBBmain DoARun -> 信息: Start User Threads
2月 14, 2026 12:43:56 上午 spec.jbb.JBBmain DoARun -> 信息:   started user thread for Warehouse 1
2月 14, 2026 12:43:56 上午 spec.jbb.JBBmain DoARun -> 信息:   started user thread for Warehouse 2
2月 14, 2026 12:43:56 上午 spec.jbb.Company displayResultTotals -> 信息: Timing Measurement began Sat Feb 14 00:43:56 CST 2026 for 0.5 minutes
2月 14, 2026 12:44:26 上午 spec.jbb.Company displayResultTotals -> 信息: Timing Measurement ended Sat Feb 14 00:44:26 CST 2026
2月 14, 2026 12:44:26 上午 spec.jbb.Company primeWithDummyData -> 信息: Loading Warehouse 3...
2月 14, 2026 12:44:26 上午 spec.jbb.JBBmain DoARun -> 信息: Start User Threads
2月 14, 2026 12:44:26 上午 spec.jbb.JBBmain DoARun -> 信息:   started user thread for Warehouse 1
2月 14, 2026 12:44:26 上午 spec.jbb.JBBmain DoARun -> 信息:   started user thread for Warehouse 2
2月 14, 2026 12:44:26 上午 spec.jbb.JBBmain DoARun -> 信息:   started user thread for Warehouse 3
2月 14, 2026 12:44:26 上午 spec.jbb.Company displayResultTotals -> 信息: Timing Measurement began Sat Feb 14 00:44:26 CST 2026 for 0.5 minutes
2月 14, 2026 12:44:56 上午 spec.jbb.Company displayResultTotals -> 信息: Timing Measurement ended Sat Feb 14 00:44:56 CST 2026
2月 14, 2026 12:44:56 上午 spec.jbb.Company primeWithDummyData -> 信息: Loading Warehouse 4...
2月 14, 2026 12:44:56 上午 spec.jbb.JBBmain DoARun -> 信息: Start User Threads
2月 14, 2026 12:44:56 上午 spec.jbb.JBBmain DoARun -> 信息:   started user thread for Warehouse 1
2月 14, 2026 12:44:56 上午 spec.jbb.JBBmain DoARun -> 信息:   started user thread for Warehouse 2
2月 14, 2026 12:44:56 上午 spec.jbb.JBBmain DoARun -> 信息:   started user thread for Warehouse 3
2月 14, 2026 12:44:56 上午 spec.jbb.JBBmain DoARun -> 信息:   started user thread for Warehouse 4
2月 14, 2026 12:44:56 上午 spec.jbb.Company displayResultTotals -> 信息: Timing Measurement began Sat Feb 14 00:44:56 CST 2026 for 0.5 minutes
2月 14, 2026 12:45:26 上午 spec.jbb.Company displayResultTotals -> 信息: Timing Measurement ended Sat Feb 14 00:45:26 CST 2026
2月 14, 2026 12:45:26 上午 spec.jbb.Company primeWithDummyData -> 信息: Loading Warehouse 5...
2月 14, 2026 12:45:26 上午 spec.jbb.JBBmain DoARun -> 信息: Start User Threads
2月 14, 2026 12:45:26 上午 spec.jbb.JBBmain DoARun -> 信息:   started user thread for Warehouse 1
2月 14, 2026 12:45:26 上午 spec.jbb.JBBmain DoARun -> 信息:   started user thread for Warehouse 2
2月 14, 2026 12:45:26 上午 spec.jbb.JBBmain DoARun -> 信息:   started user thread for Warehouse 3
2月 14, 2026 12:45:26 上午 spec.jbb.JBBmain DoARun -> 信息:   started user thread for Warehouse 4
2月 14, 2026 12:45:26 上午 spec.jbb.JBBmain DoARun -> 信息:   started user thread for Warehouse 5
2月 14, 2026 12:45:26 上午 spec.jbb.Company displayResultTotals -> 信息: Timing Measurement began Sat Feb 14 00:45:26 CST 2026 for 0.5 minutes
2月 14, 2026 12:45:56 上午 spec.jbb.Company displayResultTotals -> 信息: Timing Measurement ended Sat Feb 14 00:45:56 CST 2026
2月 14, 2026 12:45:56 上午 spec.jbb.Company primeWithDummyData -> 信息: Loading Warehouse 6...
2月 14, 2026 12:45:56 上午 spec.jbb.JBBmain DoARun -> 信息: Start User Threads
2月 14, 2026 12:45:56 上午 spec.jbb.JBBmain DoARun -> 信息:   started user thread for Warehouse 1
2月 14, 2026 12:45:56 上午 spec.jbb.JBBmain DoARun -> 信息:   started user thread for Warehouse 2
2月 14, 2026 12:45:56 上午 spec.jbb.JBBmain DoARun -> 信息:   started user thread for Warehouse 3
2月 14, 2026 12:45:56 上午 spec.jbb.JBBmain DoARun -> 信息:   started user thread for Warehouse 4
2月 14, 2026 12:45:56 上午 spec.jbb.JBBmain DoARun -> 信息:   started user thread for Warehouse 5
2月 14, 2026 12:45:56 上午 spec.jbb.JBBmain DoARun -> 信息:   started user thread for Warehouse 6
2月 14, 2026 12:45:56 上午 spec.jbb.Company displayResultTotals -> 信息: Timing Measurement began Sat Feb 14 00:45:56 CST 2026 for 0.5 minutes
2月 14, 2026 12:46:26 上午 spec.jbb.Company displayResultTotals -> 信息: Timing Measurement ended Sat Feb 14 00:46:26 CST 2026
2月 14, 2026 12:46:26 上午 spec.jbb.Company primeWithDummyData -> 信息: Loading Warehouse 7...
2月 14, 2026 12:46:26 上午 spec.jbb.JBBmain DoARun -> 信息: Start User Threads
2月 14, 2026 12:46:26 上午 spec.jbb.JBBmain DoARun -> 信息:   started user thread for Warehouse 1
2月 14, 2026 12:46:26 上午 spec.jbb.JBBmain DoARun -> 信息:   started user thread for Warehouse 2
2月 14, 2026 12:46:26 上午 spec.jbb.JBBmain DoARun -> 信息:   started user thread for Warehouse 3
2月 14, 2026 12:46:26 上午 spec.jbb.JBBmain DoARun -> 信息:   started user thread for Warehouse 4
2月 14, 2026 12:46:26 上午 spec.jbb.JBBmain DoARun -> 信息:   started user thread for Warehouse 5
2月 14, 2026 12:46:26 上午 spec.jbb.JBBmain DoARun -> 信息:   started user thread for Warehouse 6
2月 14, 2026 12:46:26 上午 spec.jbb.JBBmain DoARun -> 信息:   started user thread for Warehouse 7
2月 14, 2026 12:46:26 上午 spec.jbb.Company displayResultTotals -> 信息: Timing Measurement began Sat Feb 14 00:46:26 CST 2026 for 0.5 minutes
2月 14, 2026 12:46:56 上午 spec.jbb.Company displayResultTotals -> 信息: Timing Measurement ended Sat Feb 14 00:46:56 CST 2026
2月 14, 2026 12:46:56 上午 spec.jbb.Company primeWithDummyData -> 信息: Loading Warehouse 8...
2月 14, 2026 12:46:57 上午 spec.jbb.JBBmain DoARun -> 信息: Start User Threads
2月 14, 2026 12:46:57 上午 spec.jbb.JBBmain DoARun -> 信息:   started user thread for Warehouse 1
2月 14, 2026 12:46:57 上午 spec.jbb.JBBmain DoARun -> 信息:   started user thread for Warehouse 2
2月 14, 2026 12:46:57 上午 spec.jbb.JBBmain DoARun -> 信息:   started user thread for Warehouse 3
2月 14, 2026 12:46:57 上午 spec.jbb.JBBmain DoARun -> 信息:   started user thread for Warehouse 4
2月 14, 2026 12:46:57 上午 spec.jbb.JBBmain DoARun -> 信息:   started user thread for Warehouse 5
2月 14, 2026 12:46:57 上午 spec.jbb.JBBmain DoARun -> 信息:   started user thread for Warehouse 6
2月 14, 2026 12:46:57 上午 spec.jbb.JBBmain DoARun -> 信息:   started user thread for Warehouse 7
2月 14, 2026 12:46:57 上午 spec.jbb.JBBmain DoARun -> 信息:   started user thread for Warehouse 8
2月 14, 2026 12:46:57 上午 spec.jbb.Company displayResultTotals -> 信息: Timing Measurement began Sat Feb 14 00:46:57 CST 2026 for 0.5 minutes
2月 14, 2026 12:47:27 上午 spec.jbb.Company displayResultTotals -> 信息: Timing Measurement ended Sat Feb 14 00:47:27 CST 2026
2月 14, 2026 12:47:27 上午 spec.jbb.Company primeWithDummyData -> 信息: Loading Warehouse 9...
2月 14, 2026 12:47:27 上午 spec.jbb.JBBmain DoARun -> 信息: Start User Threads
2月 14, 2026 12:47:27 上午 spec.jbb.JBBmain DoARun -> 信息:   started user thread for Warehouse 1
2月 14, 2026 12:47:27 上午 spec.jbb.JBBmain DoARun -> 信息:   started user thread for Warehouse 2
2月 14, 2026 12:47:27 上午 spec.jbb.JBBmain DoARun -> 信息:   started user thread for Warehouse 3
2月 14, 2026 12:47:27 上午 spec.jbb.JBBmain DoARun -> 信息:   started user thread for Warehouse 4
2月 14, 2026 12:47:27 上午 spec.jbb.JBBmain DoARun -> 信息:   started user thread for Warehouse 5
2月 14, 2026 12:47:27 上午 spec.jbb.JBBmain DoARun -> 信息:   started user thread for Warehouse 6
2月 14, 2026 12:47:27 上午 spec.jbb.JBBmain DoARun -> 信息:   started user thread for Warehouse 7
2月 14, 2026 12:47:27 上午 spec.jbb.JBBmain DoARun -> 信息:   started user thread for Warehouse 8
2月 14, 2026 12:47:27 上午 spec.jbb.JBBmain DoARun -> 信息:   started user thread for Warehouse 9
2月 14, 2026 12:47:27 上午 spec.jbb.Company displayResultTotals -> 信息: Timing Measurement began Sat Feb 14 00:47:27 CST 2026 for 0.5 minutes
2月 14, 2026 12:47:57 上午 spec.jbb.Company displayResultTotals -> 信息: Timing Measurement ended Sat Feb 14 00:47:57 CST 2026
2月 14, 2026 12:47:57 上午 spec.jbb.Company primeWithDummyData -> 信息: Loading Warehouse 10...
2月 14, 2026 12:47:57 上午 spec.jbb.JBBmain DoARun -> 信息: Start User Threads
2月 14, 2026 12:47:57 上午 spec.jbb.JBBmain DoARun -> 信息:   started user thread for Warehouse 1
2月 14, 2026 12:47:57 上午 spec.jbb.JBBmain DoARun -> 信息:   started user thread for Warehouse 2
2月 14, 2026 12:47:57 上午 spec.jbb.JBBmain DoARun -> 信息:   started user thread for Warehouse 3
2月 14, 2026 12:47:57 上午 spec.jbb.JBBmain DoARun -> 信息:   started user thread for Warehouse 4
2月 14, 2026 12:47:57 上午 spec.jbb.JBBmain DoARun -> 信息:   started user thread for Warehouse 5
2月 14, 2026 12:47:57 上午 spec.jbb.JBBmain DoARun -> 信息:   started user thread for Warehouse 6
2月 14, 2026 12:47:57 上午 spec.jbb.JBBmain DoARun -> 信息:   started user thread for Warehouse 7
2月 14, 2026 12:47:57 上午 spec.jbb.JBBmain DoARun -> 信息:   started user thread for Warehouse 8
2月 14, 2026 12:47:57 上午 spec.jbb.JBBmain DoARun -> 信息:   started user thread for Warehouse 9
2月 14, 2026 12:47:57 上午 spec.jbb.JBBmain DoARun -> 信息:   started user thread for Warehouse 10
2月 14, 2026 12:47:57 上午 spec.jbb.Company displayResultTotals -> 信息: Timing Measurement began Sat Feb 14 00:47:57 CST 2026 for 0.5 minutes
2月 14, 2026 12:48:27 上午 spec.jbb.Company displayResultTotals -> 信息: Timing Measurement ended Sat Feb 14 00:48:27 CST 2026
2月 14, 2026 12:48:27 上午 spec.jbb.Company primeWithDummyData -> 信息: Loading Warehouse 11...
2月 14, 2026 12:48:27 上午 spec.jbb.JBBmain DoARun -> 信息: Start User Threads
2月 14, 2026 12:48:27 上午 spec.jbb.JBBmain DoARun -> 信息:   started user thread for Warehouse 1
2月 14, 2026 12:48:27 上午 spec.jbb.JBBmain DoARun -> 信息:   started user thread for Warehouse 2
2月 14, 2026 12:48:27 上午 spec.jbb.JBBmain DoARun -> 信息:   started user thread for Warehouse 3
2月 14, 2026 12:48:27 上午 spec.jbb.JBBmain DoARun -> 信息:   started user thread for Warehouse 4
2月 14, 2026 12:48:27 上午 spec.jbb.JBBmain DoARun -> 信息:   started user thread for Warehouse 5
2月 14, 2026 12:48:27 上午 spec.jbb.JBBmain DoARun -> 信息:   started user thread for Warehouse 6
2月 14, 2026 12:48:27 上午 spec.jbb.JBBmain DoARun -> 信息:   started user thread for Warehouse 7
2月 14, 2026 12:48:27 上午 spec.jbb.JBBmain DoARun -> 信息:   started user thread for Warehouse 8
2月 14, 2026 12:48:27 上午 spec.jbb.JBBmain DoARun -> 信息:   started user thread for Warehouse 9
2月 14, 2026 12:48:27 上午 spec.jbb.JBBmain DoARun -> 信息:   started user thread for Warehouse 10
2月 14, 2026 12:48:27 上午 spec.jbb.JBBmain DoARun -> 信息:   started user thread for Warehouse 11
2月 14, 2026 12:48:27 上午 spec.jbb.Company displayResultTotals -> 信息: Timing Measurement began Sat Feb 14 00:48:27 CST 2026 for 0.5 minutes
2月 14, 2026 12:48:57 上午 spec.jbb.Company displayResultTotals -> 信息: Timing Measurement ended Sat Feb 14 00:48:57 CST 2026
2月 14, 2026 12:48:57 上午 spec.jbb.Company primeWithDummyData -> 信息: Loading Warehouse 12...
2月 14, 2026 12:48:57 上午 spec.jbb.JBBmain DoARun -> 信息: Start User Threads
2月 14, 2026 12:48:57 上午 spec.jbb.JBBmain DoARun -> 信息:   started user thread for Warehouse 1
2月 14, 2026 12:48:57 上午 spec.jbb.JBBmain DoARun -> 信息:   started user thread for Warehouse 2
2月 14, 2026 12:48:57 上午 spec.jbb.JBBmain DoARun -> 信息:   started user thread for Warehouse 3
2月 14, 2026 12:48:57 上午 spec.jbb.JBBmain DoARun -> 信息:   started user thread for Warehouse 4
2月 14, 2026 12:48:57 上午 spec.jbb.JBBmain DoARun -> 信息:   started user thread for Warehouse 5
2月 14, 2026 12:48:57 上午 spec.jbb.JBBmain DoARun -> 信息:   started user thread for Warehouse 6
2月 14, 2026 12:48:57 上午 spec.jbb.JBBmain DoARun -> 信息:   started user thread for Warehouse 7
2月 14, 2026 12:48:57 上午 spec.jbb.JBBmain DoARun -> 信息:   started user thread for Warehouse 8
2月 14, 2026 12:48:57 上午 spec.jbb.JBBmain DoARun -> 信息:   started user thread for Warehouse 9
2月 14, 2026 12:48:57 上午 spec.jbb.JBBmain DoARun -> 信息:   started user thread for Warehouse 10
2月 14, 2026 12:48:57 上午 spec.jbb.JBBmain DoARun -> 信息:   started user thread for Warehouse 11
2月 14, 2026 12:48:57 上午 spec.jbb.JBBmain DoARun -> 信息:   started user thread for Warehouse 12
2月 14, 2026 12:48:57 上午 spec.jbb.Company displayResultTotals -> 信息: Timing Measurement began Sat Feb 14 00:48:57 CST 2026 for 0.5 minutes
2月 14, 2026 12:49:27 上午 spec.jbb.Company displayResultTotals -> 信息: Timing Measurement ended Sat Feb 14 00:49:27 CST 2026
2月 14, 2026 12:49:27 上午 spec.jbb.Company primeWithDummyData -> 信息: Loading Warehouse 13...
2月 14, 2026 12:49:27 上午 spec.jbb.JBBmain DoARun -> 信息: Start User Threads
2月 14, 2026 12:49:27 上午 spec.jbb.JBBmain DoARun -> 信息:   started user thread for Warehouse 1
2月 14, 2026 12:49:27 上午 spec.jbb.JBBmain DoARun -> 信息:   started user thread for Warehouse 2
2月 14, 2026 12:49:27 上午 spec.jbb.JBBmain DoARun -> 信息:   started user thread for Warehouse 3
2月 14, 2026 12:49:27 上午 spec.jbb.JBBmain DoARun -> 信息:   started user thread for Warehouse 4
2月 14, 2026 12:49:27 上午 spec.jbb.JBBmain DoARun -> 信息:   started user thread for Warehouse 5
2月 14, 2026 12:49:27 上午 spec.jbb.JBBmain DoARun -> 信息:   started user thread for Warehouse 6
2月 14, 2026 12:49:27 上午 spec.jbb.JBBmain DoARun -> 信息:   started user thread for Warehouse 7
2月 14, 2026 12:49:27 上午 spec.jbb.JBBmain DoARun -> 信息:   started user thread for Warehouse 8
2月 14, 2026 12:49:27 上午 spec.jbb.JBBmain DoARun -> 信息:   started user thread for Warehouse 9
2月 14, 2026 12:49:27 上午 spec.jbb.JBBmain DoARun -> 信息:   started user thread for Warehouse 10
2月 14, 2026 12:49:27 上午 spec.jbb.JBBmain DoARun -> 信息:   started user thread for Warehouse 11
2月 14, 2026 12:49:27 上午 spec.jbb.JBBmain DoARun -> 信息:   started user thread for Warehouse 12
2月 14, 2026 12:49:27 上午 spec.jbb.JBBmain DoARun -> 信息:   started user thread for Warehouse 13
2月 14, 2026 12:49:27 上午 spec.jbb.Company displayResultTotals -> 信息: Timing Measurement began Sat Feb 14 00:49:27 CST 2026 for 0.5 minutes
2月 14, 2026 12:49:57 上午 spec.jbb.Company displayResultTotals -> 信息: Timing Measurement ended Sat Feb 14 00:49:57 CST 2026
2月 14, 2026 12:49:57 上午 spec.jbb.Company primeWithDummyData -> 信息: Loading Warehouse 14...
2月 14, 2026 12:49:58 上午 spec.jbb.JBBmain DoARun -> 信息: Start User Threads
2月 14, 2026 12:49:58 上午 spec.jbb.JBBmain DoARun -> 信息:   started user thread for Warehouse 1
2月 14, 2026 12:49:58 上午 spec.jbb.JBBmain DoARun -> 信息:   started user thread for Warehouse 2
2月 14, 2026 12:49:58 上午 spec.jbb.JBBmain DoARun -> 信息:   started user thread for Warehouse 3
2月 14, 2026 12:49:58 上午 spec.jbb.JBBmain DoARun -> 信息:   started user thread for Warehouse 4
2月 14, 2026 12:49:58 上午 spec.jbb.JBBmain DoARun -> 信息:   started user thread for Warehouse 5
2月 14, 2026 12:49:58 上午 spec.jbb.JBBmain DoARun -> 信息:   started user thread for Warehouse 6
2月 14, 2026 12:49:58 上午 spec.jbb.JBBmain DoARun -> 信息:   started user thread for Warehouse 7
2月 14, 2026 12:49:58 上午 spec.jbb.JBBmain DoARun -> 信息:   started user thread for Warehouse 8
2月 14, 2026 12:49:58 上午 spec.jbb.JBBmain DoARun -> 信息:   started user thread for Warehouse 9
2月 14, 2026 12:49:58 上午 spec.jbb.JBBmain DoARun -> 信息:   started user thread for Warehouse 10
2月 14, 2026 12:49:58 上午 spec.jbb.JBBmain DoARun -> 信息:   started user thread for Warehouse 11
2月 14, 2026 12:49:58 上午 spec.jbb.JBBmain DoARun -> 信息:   started user thread for Warehouse 12
2月 14, 2026 12:49:58 上午 spec.jbb.JBBmain DoARun -> 信息:   started user thread for Warehouse 13
2月 14, 2026 12:49:58 上午 spec.jbb.JBBmain DoARun -> 信息:   started user thread for Warehouse 14
2月 14, 2026 12:49:58 上午 spec.jbb.Company displayResultTotals -> 信息: Timing Measurement began Sat Feb 14 00:49:58 CST 2026 for 0.5 minutes
2月 14, 2026 12:50:28 上午 spec.jbb.Company displayResultTotals -> 信息: Timing Measurement ended Sat Feb 14 00:50:28 CST 2026
2月 14, 2026 12:50:28 上午 spec.jbb.Company primeWithDummyData -> 信息: Loading Warehouse 15...
2月 14, 2026 12:50:28 上午 spec.jbb.JBBmain DoARun -> 信息: Start User Threads
2月 14, 2026 12:50:28 上午 spec.jbb.JBBmain DoARun -> 信息:   started user thread for Warehouse 1
2月 14, 2026 12:50:28 上午 spec.jbb.JBBmain DoARun -> 信息:   started user thread for Warehouse 2
2月 14, 2026 12:50:28 上午 spec.jbb.JBBmain DoARun -> 信息:   started user thread for Warehouse 3
2月 14, 2026 12:50:28 上午 spec.jbb.JBBmain DoARun -> 信息:   started user thread for Warehouse 4
2月 14, 2026 12:50:28 上午 spec.jbb.JBBmain DoARun -> 信息:   started user thread for Warehouse 5
2月 14, 2026 12:50:28 上午 spec.jbb.JBBmain DoARun -> 信息:   started user thread for Warehouse 6
2月 14, 2026 12:50:28 上午 spec.jbb.JBBmain DoARun -> 信息:   started user thread for Warehouse 7
2月 14, 2026 12:50:28 上午 spec.jbb.JBBmain DoARun -> 信息:   started user thread for Warehouse 8
2月 14, 2026 12:50:28 上午 spec.jbb.JBBmain DoARun -> 信息:   started user thread for Warehouse 9
2月 14, 2026 12:50:28 上午 spec.jbb.JBBmain DoARun -> 信息:   started user thread for Warehouse 10
2月 14, 2026 12:50:28 上午 spec.jbb.JBBmain DoARun -> 信息:   started user thread for Warehouse 11
2月 14, 2026 12:50:28 上午 spec.jbb.JBBmain DoARun -> 信息:   started user thread for Warehouse 12
2月 14, 2026 12:50:28 上午 spec.jbb.JBBmain DoARun -> 信息:   started user thread for Warehouse 13
2月 14, 2026 12:50:28 上午 spec.jbb.JBBmain DoARun -> 信息:   started user thread for Warehouse 14
2月 14, 2026 12:50:28 上午 spec.jbb.JBBmain DoARun -> 信息:   started user thread for Warehouse 15
2月 14, 2026 12:50:28 上午 spec.jbb.Company displayResultTotals -> 信息: Timing Measurement began Sat Feb 14 00:50:28 CST 2026 for 0.5 minutes
2月 14, 2026 12:50:58 上午 spec.jbb.Company displayResultTotals -> 信息: Timing Measurement ended Sat Feb 14 00:50:58 CST 2026
2月 14, 2026 12:50:58 上午 spec.jbb.Company primeWithDummyData -> 信息: Loading Warehouse 16...
2月 14, 2026 12:50:58 上午 spec.jbb.JBBmain DoARun -> 信息: Start User Threads
2月 14, 2026 12:50:58 上午 spec.jbb.JBBmain DoARun -> 信息:   started user thread for Warehouse 1
2月 14, 2026 12:50:58 上午 spec.jbb.JBBmain DoARun -> 信息:   started user thread for Warehouse 2
2月 14, 2026 12:50:58 上午 spec.jbb.JBBmain DoARun -> 信息:   started user thread for Warehouse 3
2月 14, 2026 12:50:58 上午 spec.jbb.JBBmain DoARun -> 信息:   started user thread for Warehouse 4
2月 14, 2026 12:50:58 上午 spec.jbb.JBBmain DoARun -> 信息:   started user thread for Warehouse 5
2月 14, 2026 12:50:58 上午 spec.jbb.JBBmain DoARun -> 信息:   started user thread for Warehouse 6
2月 14, 2026 12:50:58 上午 spec.jbb.JBBmain DoARun -> 信息:   started user thread for Warehouse 7
2月 14, 2026 12:50:58 上午 spec.jbb.JBBmain DoARun -> 信息:   started user thread for Warehouse 8
2月 14, 2026 12:50:58 上午 spec.jbb.JBBmain DoARun -> 信息:   started user thread for Warehouse 9
2月 14, 2026 12:50:58 上午 spec.jbb.JBBmain DoARun -> 信息:   started user thread for Warehouse 10
2月 14, 2026 12:50:58 上午 spec.jbb.JBBmain DoARun -> 信息:   started user thread for Warehouse 11
2月 14, 2026 12:50:58 上午 spec.jbb.JBBmain DoARun -> 信息:   started user thread for Warehouse 12
2月 14, 2026 12:50:58 上午 spec.jbb.JBBmain DoARun -> 信息:   started user thread for Warehouse 13
2月 14, 2026 12:50:58 上午 spec.jbb.JBBmain DoARun -> 信息:   started user thread for Warehouse 14
2月 14, 2026 12:50:58 上午 spec.jbb.JBBmain DoARun -> 信息:   started user thread for Warehouse 15
2月 14, 2026 12:50:58 上午 spec.jbb.JBBmain DoARun -> 信息:   started user thread for Warehouse 16
2月 14, 2026 12:50:58 上午 spec.jbb.Company displayResultTotals -> 信息: Timing Measurement began Sat Feb 14 00:50:58 CST 2026 for 0.5 minutes
2月 14, 2026 12:51:28 上午 spec.jbb.Company displayResultTotals -> 信息: Timing Measurement ended Sat Feb 14 00:51:28 CST 2026
2月 14, 2026 12:51:28 上午 spec.jbb.Company primeWithDummyData -> 信息: Loading Warehouse 17...
2月 14, 2026 12:51:28 上午 spec.jbb.JBBmain DoARun -> 信息: Start User Threads
2月 14, 2026 12:51:28 上午 spec.jbb.JBBmain DoARun -> 信息:   started user thread for Warehouse 1
2月 14, 2026 12:51:28 上午 spec.jbb.JBBmain DoARun -> 信息:   started user thread for Warehouse 2
2月 14, 2026 12:51:28 上午 spec.jbb.JBBmain DoARun -> 信息:   started user thread for Warehouse 3
2月 14, 2026 12:51:28 上午 spec.jbb.JBBmain DoARun -> 信息:   started user thread for Warehouse 4
2月 14, 2026 12:51:28 上午 spec.jbb.JBBmain DoARun -> 信息:   started user thread for Warehouse 5
2月 14, 2026 12:51:28 上午 spec.jbb.JBBmain DoARun -> 信息:   started user thread for Warehouse 6
2月 14, 2026 12:51:28 上午 spec.jbb.JBBmain DoARun -> 信息:   started user thread for Warehouse 7
2月 14, 2026 12:51:28 上午 spec.jbb.JBBmain DoARun -> 信息:   started user thread for Warehouse 8
2月 14, 2026 12:51:28 上午 spec.jbb.JBBmain DoARun -> 信息:   started user thread for Warehouse 9
2月 14, 2026 12:51:28 上午 spec.jbb.JBBmain DoARun -> 信息:   started user thread for Warehouse 10
2月 14, 2026 12:51:28 上午 spec.jbb.JBBmain DoARun -> 信息:   started user thread for Warehouse 11
2月 14, 2026 12:51:28 上午 spec.jbb.JBBmain DoARun -> 信息:   started user thread for Warehouse 12
2月 14, 2026 12:51:28 上午 spec.jbb.JBBmain DoARun -> 信息:   started user thread for Warehouse 13
2月 14, 2026 12:51:28 上午 spec.jbb.JBBmain DoARun -> 信息:   started user thread for Warehouse 14
2月 14, 2026 12:51:28 上午 spec.jbb.JBBmain DoARun -> 信息:   started user thread for Warehouse 15
2月 14, 2026 12:51:28 上午 spec.jbb.JBBmain DoARun -> 信息:   started user thread for Warehouse 16
2月 14, 2026 12:51:28 上午 spec.jbb.JBBmain DoARun -> 信息:   started user thread for Warehouse 17
2月 14, 2026 12:51:28 上午 spec.jbb.Company displayResultTotals -> 信息: Timing Measurement began Sat Feb 14 00:51:28 CST 2026 for 0.5 minutes
2月 14, 2026 12:51:58 上午 spec.jbb.Company displayResultTotals -> 信息: Timing Measurement ended Sat Feb 14 00:51:58 CST 2026
2月 14, 2026 12:51:58 上午 spec.jbb.Company primeWithDummyData -> 信息: Loading Warehouse 18...
2月 14, 2026 12:51:58 上午 spec.jbb.JBBmain DoARun -> 信息: Start User Threads
2月 14, 2026 12:51:58 上午 spec.jbb.JBBmain DoARun -> 信息:   started user thread for Warehouse 1
2月 14, 2026 12:51:58 上午 spec.jbb.JBBmain DoARun -> 信息:   started user thread for Warehouse 2
2月 14, 2026 12:51:58 上午 spec.jbb.JBBmain DoARun -> 信息:   started user thread for Warehouse 3
2月 14, 2026 12:51:58 上午 spec.jbb.JBBmain DoARun -> 信息:   started user thread for Warehouse 4
2月 14, 2026 12:51:58 上午 spec.jbb.JBBmain DoARun -> 信息:   started user thread for Warehouse 5
2月 14, 2026 12:51:58 上午 spec.jbb.JBBmain DoARun -> 信息:   started user thread for Warehouse 6
2月 14, 2026 12:51:58 上午 spec.jbb.JBBmain DoARun -> 信息:   started user thread for Warehouse 7
2月 14, 2026 12:51:58 上午 spec.jbb.JBBmain DoARun -> 信息:   started user thread for Warehouse 8
2月 14, 2026 12:51:58 上午 spec.jbb.JBBmain DoARun -> 信息:   started user thread for Warehouse 9
2月 14, 2026 12:51:58 上午 spec.jbb.JBBmain DoARun -> 信息:   started user thread for Warehouse 10
2月 14, 2026 12:51:58 上午 spec.jbb.JBBmain DoARun -> 信息:   started user thread for Warehouse 11
2月 14, 2026 12:51:58 上午 spec.jbb.JBBmain DoARun -> 信息:   started user thread for Warehouse 12
2月 14, 2026 12:51:58 上午 spec.jbb.JBBmain DoARun -> 信息:   started user thread for Warehouse 13
2月 14, 2026 12:51:58 上午 spec.jbb.JBBmain DoARun -> 信息:   started user thread for Warehouse 14
2月 14, 2026 12:51:58 上午 spec.jbb.JBBmain DoARun -> 信息:   started user thread for Warehouse 15
2月 14, 2026 12:51:58 上午 spec.jbb.JBBmain DoARun -> 信息:   started user thread for Warehouse 16
2月 14, 2026 12:51:58 上午 spec.jbb.JBBmain DoARun -> 信息:   started user thread for Warehouse 17
2月 14, 2026 12:51:58 上午 spec.jbb.JBBmain DoARun -> 信息:   started user thread for Warehouse 18
2月 14, 2026 12:51:58 上午 spec.jbb.Company displayResultTotals -> 信息: Timing Measurement began Sat Feb 14 00:51:58 CST 2026 for 0.5 minutes
2月 14, 2026 12:52:28 上午 spec.jbb.Company displayResultTotals -> 信息: Timing Measurement ended Sat Feb 14 00:52:28 CST 2026
2月 14, 2026 12:52:28 上午 spec.jbb.Company primeWithDummyData -> 信息: Loading Warehouse 19...
2月 14, 2026 12:52:28 上午 spec.jbb.JBBmain DoARun -> 信息: Start User Threads
2月 14, 2026 12:52:28 上午 spec.jbb.JBBmain DoARun -> 信息:   started user thread for Warehouse 1
2月 14, 2026 12:52:28 上午 spec.jbb.JBBmain DoARun -> 信息:   started user thread for Warehouse 2
2月 14, 2026 12:52:28 上午 spec.jbb.JBBmain DoARun -> 信息:   started user thread for Warehouse 3
2月 14, 2026 12:52:28 上午 spec.jbb.JBBmain DoARun -> 信息:   started user thread for Warehouse 4
2月 14, 2026 12:52:28 上午 spec.jbb.JBBmain DoARun -> 信息:   started user thread for Warehouse 5
2月 14, 2026 12:52:28 上午 spec.jbb.JBBmain DoARun -> 信息:   started user thread for Warehouse 6
2月 14, 2026 12:52:28 上午 spec.jbb.JBBmain DoARun -> 信息:   started user thread for Warehouse 7
2月 14, 2026 12:52:28 上午 spec.jbb.JBBmain DoARun -> 信息:   started user thread for Warehouse 8
2月 14, 2026 12:52:28 上午 spec.jbb.JBBmain DoARun -> 信息:   started user thread for Warehouse 9
2月 14, 2026 12:52:28 上午 spec.jbb.JBBmain DoARun -> 信息:   started user thread for Warehouse 10
2月 14, 2026 12:52:28 上午 spec.jbb.JBBmain DoARun -> 信息:   started user thread for Warehouse 11
2月 14, 2026 12:52:28 上午 spec.jbb.JBBmain DoARun -> 信息:   started user thread for Warehouse 12
2月 14, 2026 12:52:28 上午 spec.jbb.JBBmain DoARun -> 信息:   started user thread for Warehouse 13
2月 14, 2026 12:52:28 上午 spec.jbb.JBBmain DoARun -> 信息:   started user thread for Warehouse 14
2月 14, 2026 12:52:28 上午 spec.jbb.JBBmain DoARun -> 信息:   started user thread for Warehouse 15
2月 14, 2026 12:52:28 上午 spec.jbb.JBBmain DoARun -> 信息:   started user thread for Warehouse 16
2月 14, 2026 12:52:28 上午 spec.jbb.JBBmain DoARun -> 信息:   started user thread for Warehouse 17
2月 14, 2026 12:52:28 上午 spec.jbb.JBBmain DoARun -> 信息:   started user thread for Warehouse 18
2月 14, 2026 12:52:28 上午 spec.jbb.JBBmain DoARun -> 信息:   started user thread for Warehouse 19
2月 14, 2026 12:52:28 上午 spec.jbb.Company displayResultTotals -> 信息: Timing Measurement began Sat Feb 14 00:52:28 CST 2026 for 0.5 minutes
2月 14, 2026 12:52:58 上午 spec.jbb.Company displayResultTotals -> 信息: Timing Measurement ended Sat Feb 14 00:52:58 CST 2026
2月 14, 2026 12:52:58 上午 spec.jbb.Company primeWithDummyData -> 信息: Loading Warehouse 20...
2月 14, 2026 12:52:59 上午 spec.jbb.JBBmain DoARun -> 信息: Start User Threads
2月 14, 2026 12:52:59 上午 spec.jbb.JBBmain DoARun -> 信息:   started user thread for Warehouse 1
2月 14, 2026 12:52:59 上午 spec.jbb.JBBmain DoARun -> 信息:   started user thread for Warehouse 2
2月 14, 2026 12:52:59 上午 spec.jbb.JBBmain DoARun -> 信息:   started user thread for Warehouse 3
2月 14, 2026 12:52:59 上午 spec.jbb.JBBmain DoARun -> 信息:   started user thread for Warehouse 4
2月 14, 2026 12:52:59 上午 spec.jbb.JBBmain DoARun -> 信息:   started user thread for Warehouse 5
2月 14, 2026 12:52:59 上午 spec.jbb.JBBmain DoARun -> 信息:   started user thread for Warehouse 6
2月 14, 2026 12:52:59 上午 spec.jbb.JBBmain DoARun -> 信息:   started user thread for Warehouse 7
2月 14, 2026 12:52:59 上午 spec.jbb.JBBmain DoARun -> 信息:   started user thread for Warehouse 8
2月 14, 2026 12:52:59 上午 spec.jbb.JBBmain DoARun -> 信息:   started user thread for Warehouse 9
2月 14, 2026 12:52:59 上午 spec.jbb.JBBmain DoARun -> 信息:   started user thread for Warehouse 10
2月 14, 2026 12:52:59 上午 spec.jbb.JBBmain DoARun -> 信息:   started user thread for Warehouse 11
2月 14, 2026 12:52:59 上午 spec.jbb.JBBmain DoARun -> 信息:   started user thread for Warehouse 12
2月 14, 2026 12:52:59 上午 spec.jbb.JBBmain DoARun -> 信息:   started user thread for Warehouse 13
2月 14, 2026 12:52:59 上午 spec.jbb.JBBmain DoARun -> 信息:   started user thread for Warehouse 14
2月 14, 2026 12:52:59 上午 spec.jbb.JBBmain DoARun -> 信息:   started user thread for Warehouse 15
2月 14, 2026 12:52:59 上午 spec.jbb.JBBmain DoARun -> 信息:   started user thread for Warehouse 16
2月 14, 2026 12:52:59 上午 spec.jbb.JBBmain DoARun -> 信息:   started user thread for Warehouse 17
2月 14, 2026 12:52:59 上午 spec.jbb.JBBmain DoARun -> 信息:   started user thread for Warehouse 18
2月 14, 2026 12:52:59 上午 spec.jbb.JBBmain DoARun -> 信息:   started user thread for Warehouse 19
2月 14, 2026 12:52:59 上午 spec.jbb.JBBmain DoARun -> 信息:   started user thread for Warehouse 20
2月 14, 2026 12:52:59 上午 spec.jbb.Company displayResultTotals -> 信息: Timing Measurement began Sat Feb 14 00:52:59 CST 2026 for 0.5 minutes
2月 14, 2026 12:53:29 上午 spec.jbb.Company displayResultTotals -> 信息: Timing Measurement ended Sat Feb 14 00:53:29 CST 2026
2月 14, 2026 12:53:29 上午 spec.jbb.Company primeWithDummyData -> 信息: Loading Warehouse 21...
2月 14, 2026 12:53:29 上午 spec.jbb.JBBmain DoARun -> 信息: Start User Threads
2月 14, 2026 12:53:29 上午 spec.jbb.JBBmain DoARun -> 信息:   started user thread for Warehouse 1
2月 14, 2026 12:53:29 上午 spec.jbb.JBBmain DoARun -> 信息:   started user thread for Warehouse 2
2月 14, 2026 12:53:29 上午 spec.jbb.JBBmain DoARun -> 信息:   started user thread for Warehouse 3
2月 14, 2026 12:53:29 上午 spec.jbb.JBBmain DoARun -> 信息:   started user thread for Warehouse 4
2月 14, 2026 12:53:29 上午 spec.jbb.JBBmain DoARun -> 信息:   started user thread for Warehouse 5
2月 14, 2026 12:53:29 上午 spec.jbb.JBBmain DoARun -> 信息:   started user thread for Warehouse 6
2月 14, 2026 12:53:29 上午 spec.jbb.JBBmain DoARun -> 信息:   started user thread for Warehouse 7
2月 14, 2026 12:53:29 上午 spec.jbb.JBBmain DoARun -> 信息:   started user thread for Warehouse 8
2月 14, 2026 12:53:29 上午 spec.jbb.JBBmain DoARun -> 信息:   started user thread for Warehouse 9
2月 14, 2026 12:53:29 上午 spec.jbb.JBBmain DoARun -> 信息:   started user thread for Warehouse 10
2月 14, 2026 12:53:29 上午 spec.jbb.JBBmain DoARun -> 信息:   started user thread for Warehouse 11
2月 14, 2026 12:53:29 上午 spec.jbb.JBBmain DoARun -> 信息:   started user thread for Warehouse 12
2月 14, 2026 12:53:29 上午 spec.jbb.JBBmain DoARun -> 信息:   started user thread for Warehouse 13
2月 14, 2026 12:53:29 上午 spec.jbb.JBBmain DoARun -> 信息:   started user thread for Warehouse 14
2月 14, 2026 12:53:29 上午 spec.jbb.JBBmain DoARun -> 信息:   started user thread for Warehouse 15
2月 14, 2026 12:53:29 上午 spec.jbb.JBBmain DoARun -> 信息:   started user thread for Warehouse 16
2月 14, 2026 12:53:29 上午 spec.jbb.JBBmain DoARun -> 信息:   started user thread for Warehouse 17
2月 14, 2026 12:53:29 上午 spec.jbb.JBBmain DoARun -> 信息:   started user thread for Warehouse 18
2月 14, 2026 12:53:29 上午 spec.jbb.JBBmain DoARun -> 信息:   started user thread for Warehouse 19
2月 14, 2026 12:53:29 上午 spec.jbb.JBBmain DoARun -> 信息:   started user thread for Warehouse 20
2月 14, 2026 12:53:29 上午 spec.jbb.JBBmain DoARun -> 信息:   started user thread for Warehouse 21
2月 14, 2026 12:53:29 上午 spec.jbb.Company displayResultTotals -> 信息: Timing Measurement began Sat Feb 14 00:53:29 CST 2026 for 0.5 minutes
2月 14, 2026 12:53:59 上午 spec.jbb.Company displayResultTotals -> 信息: Timing Measurement ended Sat Feb 14 00:53:59 CST 2026
2月 14, 2026 12:53:59 上午 spec.jbb.Company primeWithDummyData -> 信息: Loading Warehouse 22...
2月 14, 2026 12:53:59 上午 spec.jbb.JBBmain DoARun -> 信息: Start User Threads
2月 14, 2026 12:53:59 上午 spec.jbb.JBBmain DoARun -> 信息:   started user thread for Warehouse 1
2月 14, 2026 12:53:59 上午 spec.jbb.JBBmain DoARun -> 信息:   started user thread for Warehouse 2
2月 14, 2026 12:53:59 上午 spec.jbb.JBBmain DoARun -> 信息:   started user thread for Warehouse 3
2月 14, 2026 12:53:59 上午 spec.jbb.JBBmain DoARun -> 信息:   started user thread for Warehouse 4
2月 14, 2026 12:53:59 上午 spec.jbb.JBBmain DoARun -> 信息:   started user thread for Warehouse 5
2月 14, 2026 12:53:59 上午 spec.jbb.JBBmain DoARun -> 信息:   started user thread for Warehouse 6
2月 14, 2026 12:53:59 上午 spec.jbb.JBBmain DoARun -> 信息:   started user thread for Warehouse 7
2月 14, 2026 12:53:59 上午 spec.jbb.JBBmain DoARun -> 信息:   started user thread for Warehouse 8
2月 14, 2026 12:53:59 上午 spec.jbb.JBBmain DoARun -> 信息:   started user thread for Warehouse 9
2月 14, 2026 12:53:59 上午 spec.jbb.JBBmain DoARun -> 信息:   started user thread for Warehouse 10
2月 14, 2026 12:53:59 上午 spec.jbb.JBBmain DoARun -> 信息:   started user thread for Warehouse 11
2月 14, 2026 12:53:59 上午 spec.jbb.JBBmain DoARun -> 信息:   started user thread for Warehouse 12
2月 14, 2026 12:53:59 上午 spec.jbb.JBBmain DoARun -> 信息:   started user thread for Warehouse 13
2月 14, 2026 12:53:59 上午 spec.jbb.JBBmain DoARun -> 信息:   started user thread for Warehouse 14
2月 14, 2026 12:53:59 上午 spec.jbb.JBBmain DoARun -> 信息:   started user thread for Warehouse 15
2月 14, 2026 12:53:59 上午 spec.jbb.JBBmain DoARun -> 信息:   started user thread for Warehouse 16
2月 14, 2026 12:53:59 上午 spec.jbb.JBBmain DoARun -> 信息:   started user thread for Warehouse 17
2月 14, 2026 12:53:59 上午 spec.jbb.JBBmain DoARun -> 信息:   started user thread for Warehouse 18
2月 14, 2026 12:53:59 上午 spec.jbb.JBBmain DoARun -> 信息:   started user thread for Warehouse 19
2月 14, 2026 12:53:59 上午 spec.jbb.JBBmain DoARun -> 信息:   started user thread for Warehouse 20
2月 14, 2026 12:53:59 上午 spec.jbb.JBBmain DoARun -> 信息:   started user thread for Warehouse 21
2月 14, 2026 12:53:59 上午 spec.jbb.JBBmain DoARun -> 信息:   started user thread for Warehouse 22
2月 14, 2026 12:53:59 上午 spec.jbb.Company displayResultTotals -> 信息: Timing Measurement began Sat Feb 14 00:53:59 CST 2026 for 0.5 minutes
2月 14, 2026 12:54:29 上午 spec.jbb.Company displayResultTotals -> 信息: Timing Measurement ended Sat Feb 14 00:54:29 CST 2026
2月 14, 2026 12:54:29 上午 spec.jbb.Company primeWithDummyData -> 信息: Loading Warehouse 23...
2月 14, 2026 12:54:29 上午 spec.jbb.JBBmain DoARun -> 信息: Start User Threads
2月 14, 2026 12:54:29 上午 spec.jbb.JBBmain DoARun -> 信息:   started user thread for Warehouse 1
2月 14, 2026 12:54:29 上午 spec.jbb.JBBmain DoARun -> 信息:   started user thread for Warehouse 2
2月 14, 2026 12:54:29 上午 spec.jbb.JBBmain DoARun -> 信息:   started user thread for Warehouse 3
2月 14, 2026 12:54:29 上午 spec.jbb.JBBmain DoARun -> 信息:   started user thread for Warehouse 4
2月 14, 2026 12:54:29 上午 spec.jbb.JBBmain DoARun -> 信息:   started user thread for Warehouse 5
2月 14, 2026 12:54:29 上午 spec.jbb.JBBmain DoARun -> 信息:   started user thread for Warehouse 6
2月 14, 2026 12:54:29 上午 spec.jbb.JBBmain DoARun -> 信息:   started user thread for Warehouse 7
2月 14, 2026 12:54:29 上午 spec.jbb.JBBmain DoARun -> 信息:   started user thread for Warehouse 8
2月 14, 2026 12:54:29 上午 spec.jbb.JBBmain DoARun -> 信息:   started user thread for Warehouse 9
2月 14, 2026 12:54:29 上午 spec.jbb.JBBmain DoARun -> 信息:   started user thread for Warehouse 10
2月 14, 2026 12:54:29 上午 spec.jbb.JBBmain DoARun -> 信息:   started user thread for Warehouse 11
2月 14, 2026 12:54:29 上午 spec.jbb.JBBmain DoARun -> 信息:   started user thread for Warehouse 12
2月 14, 2026 12:54:29 上午 spec.jbb.JBBmain DoARun -> 信息:   started user thread for Warehouse 13
2月 14, 2026 12:54:29 上午 spec.jbb.JBBmain DoARun -> 信息:   started user thread for Warehouse 14
2月 14, 2026 12:54:29 上午 spec.jbb.JBBmain DoARun -> 信息:   started user thread for Warehouse 15
2月 14, 2026 12:54:29 上午 spec.jbb.JBBmain DoARun -> 信息:   started user thread for Warehouse 16
2月 14, 2026 12:54:29 上午 spec.jbb.JBBmain DoARun -> 信息:   started user thread for Warehouse 17
2月 14, 2026 12:54:29 上午 spec.jbb.JBBmain DoARun -> 信息:   started user thread for Warehouse 18
2月 14, 2026 12:54:29 上午 spec.jbb.JBBmain DoARun -> 信息:   started user thread for Warehouse 19
2月 14, 2026 12:54:29 上午 spec.jbb.JBBmain DoARun -> 信息:   started user thread for Warehouse 20
2月 14, 2026 12:54:29 上午 spec.jbb.JBBmain DoARun -> 信息:   started user thread for Warehouse 21
2月 14, 2026 12:54:29 上午 spec.jbb.JBBmain DoARun -> 信息:   started user thread for Warehouse 22
2月 14, 2026 12:54:29 上午 spec.jbb.JBBmain DoARun -> 信息:   started user thread for Warehouse 23
2月 14, 2026 12:54:29 上午 spec.jbb.Company displayResultTotals -> 信息: Timing Measurement began Sat Feb 14 00:54:29 CST 2026 for 0.5 minutes
2月 14, 2026 12:54:59 上午 spec.jbb.Company displayResultTotals -> 信息: Timing Measurement ended Sat Feb 14 00:54:59 CST 2026
2月 14, 2026 12:54:59 上午 spec.jbb.Company primeWithDummyData -> 信息: Loading Warehouse 24...
2月 14, 2026 12:54:59 上午 spec.jbb.JBBmain DoARun -> 信息: Start User Threads
2月 14, 2026 12:54:59 上午 spec.jbb.JBBmain DoARun -> 信息:   started user thread for Warehouse 1
2月 14, 2026 12:54:59 上午 spec.jbb.JBBmain DoARun -> 信息:   started user thread for Warehouse 2
2月 14, 2026 12:54:59 上午 spec.jbb.JBBmain DoARun -> 信息:   started user thread for Warehouse 3
2月 14, 2026 12:54:59 上午 spec.jbb.JBBmain DoARun -> 信息:   started user thread for Warehouse 4
2月 14, 2026 12:54:59 上午 spec.jbb.JBBmain DoARun -> 信息:   started user thread for Warehouse 5
2月 14, 2026 12:54:59 上午 spec.jbb.JBBmain DoARun -> 信息:   started user thread for Warehouse 6
2月 14, 2026 12:54:59 上午 spec.jbb.JBBmain DoARun -> 信息:   started user thread for Warehouse 7
2月 14, 2026 12:54:59 上午 spec.jbb.JBBmain DoARun -> 信息:   started user thread for Warehouse 8
2月 14, 2026 12:54:59 上午 spec.jbb.JBBmain DoARun -> 信息:   started user thread for Warehouse 9
2月 14, 2026 12:54:59 上午 spec.jbb.JBBmain DoARun -> 信息:   started user thread for Warehouse 10
2月 14, 2026 12:54:59 上午 spec.jbb.JBBmain DoARun -> 信息:   started user thread for Warehouse 11
2月 14, 2026 12:54:59 上午 spec.jbb.JBBmain DoARun -> 信息:   started user thread for Warehouse 12
2月 14, 2026 12:54:59 上午 spec.jbb.JBBmain DoARun -> 信息:   started user thread for Warehouse 13
2月 14, 2026 12:54:59 上午 spec.jbb.JBBmain DoARun -> 信息:   started user thread for Warehouse 14
2月 14, 2026 12:54:59 上午 spec.jbb.JBBmain DoARun -> 信息:   started user thread for Warehouse 15
2月 14, 2026 12:54:59 上午 spec.jbb.JBBmain DoARun -> 信息:   started user thread for Warehouse 16
2月 14, 2026 12:54:59 上午 spec.jbb.JBBmain DoARun -> 信息:   started user thread for Warehouse 17
2月 14, 2026 12:54:59 上午 spec.jbb.JBBmain DoARun -> 信息:   started user thread for Warehouse 18
2月 14, 2026 12:54:59 上午 spec.jbb.JBBmain DoARun -> 信息:   started user thread for Warehouse 19
2月 14, 2026 12:54:59 上午 spec.jbb.JBBmain DoARun -> 信息:   started user thread for Warehouse 20
2月 14, 2026 12:54:59 上午 spec.jbb.JBBmain DoARun -> 信息:   started user thread for Warehouse 21
2月 14, 2026 12:54:59 上午 spec.jbb.JBBmain DoARun -> 信息:   started user thread for Warehouse 22
2月 14, 2026 12:54:59 上午 spec.jbb.JBBmain DoARun -> 信息:   started user thread for Warehouse 23
2月 14, 2026 12:54:59 上午 spec.jbb.JBBmain DoARun -> 信息:   started user thread for Warehouse 24
2月 14, 2026 12:54:59 上午 spec.jbb.Company displayResultTotals -> 信息: Timing Measurement began Sat Feb 14 00:54:59 CST 2026 for 0.5 minutes
2月 14, 2026 12:55:29 上午 spec.jbb.Company displayResultTotals -> 信息: Timing Measurement ended Sat Feb 14 00:55:29 CST 2026
2月 14, 2026 12:55:29 上午 spec.jbb.Company primeWithDummyData -> 信息: Loading Warehouse 25...
2月 14, 2026 12:55:29 上午 spec.jbb.JBBmain DoARun -> 信息: Start User Threads
2月 14, 2026 12:55:29 上午 spec.jbb.JBBmain DoARun -> 信息:   started user thread for Warehouse 1
2月 14, 2026 12:55:29 上午 spec.jbb.JBBmain DoARun -> 信息:   started user thread for Warehouse 2
2月 14, 2026 12:55:29 上午 spec.jbb.JBBmain DoARun -> 信息:   started user thread for Warehouse 3
2月 14, 2026 12:55:29 上午 spec.jbb.JBBmain DoARun -> 信息:   started user thread for Warehouse 4
2月 14, 2026 12:55:29 上午 spec.jbb.JBBmain DoARun -> 信息:   started user thread for Warehouse 5
2月 14, 2026 12:55:29 上午 spec.jbb.JBBmain DoARun -> 信息:   started user thread for Warehouse 6
2月 14, 2026 12:55:29 上午 spec.jbb.JBBmain DoARun -> 信息:   started user thread for Warehouse 7
2月 14, 2026 12:55:29 上午 spec.jbb.JBBmain DoARun -> 信息:   started user thread for Warehouse 8
2月 14, 2026 12:55:29 上午 spec.jbb.JBBmain DoARun -> 信息:   started user thread for Warehouse 9
2月 14, 2026 12:55:29 上午 spec.jbb.JBBmain DoARun -> 信息:   started user thread for Warehouse 10
2月 14, 2026 12:55:29 上午 spec.jbb.JBBmain DoARun -> 信息:   started user thread for Warehouse 11
2月 14, 2026 12:55:29 上午 spec.jbb.JBBmain DoARun -> 信息:   started user thread for Warehouse 12
2月 14, 2026 12:55:29 上午 spec.jbb.JBBmain DoARun -> 信息:   started user thread for Warehouse 13
2月 14, 2026 12:55:29 上午 spec.jbb.JBBmain DoARun -> 信息:   started user thread for Warehouse 14
2月 14, 2026 12:55:29 上午 spec.jbb.JBBmain DoARun -> 信息:   started user thread for Warehouse 15
2月 14, 2026 12:55:29 上午 spec.jbb.JBBmain DoARun -> 信息:   started user thread for Warehouse 16
2月 14, 2026 12:55:29 上午 spec.jbb.JBBmain DoARun -> 信息:   started user thread for Warehouse 17
2月 14, 2026 12:55:29 上午 spec.jbb.JBBmain DoARun -> 信息:   started user thread for Warehouse 18
2月 14, 2026 12:55:29 上午 spec.jbb.JBBmain DoARun -> 信息:   started user thread for Warehouse 19
2月 14, 2026 12:55:29 上午 spec.jbb.JBBmain DoARun -> 信息:   started user thread for Warehouse 20
2月 14, 2026 12:55:29 上午 spec.jbb.JBBmain DoARun -> 信息:   started user thread for Warehouse 21
2月 14, 2026 12:55:29 上午 spec.jbb.JBBmain DoARun -> 信息:   started user thread for Warehouse 22
2月 14, 2026 12:55:29 上午 spec.jbb.JBBmain DoARun -> 信息:   started user thread for Warehouse 23
2月 14, 2026 12:55:29 上午 spec.jbb.JBBmain DoARun -> 信息:   started user thread for Warehouse 24
2月 14, 2026 12:55:29 上午 spec.jbb.JBBmain DoARun -> 信息:   started user thread for Warehouse 25
2月 14, 2026 12:55:29 上午 spec.jbb.Company displayResultTotals -> 信息: Timing Measurement began Sat Feb 14 00:55:29 CST 2026 for 0.5 minutes
2月 14, 2026 12:55:59 上午 spec.jbb.Company displayResultTotals -> 信息: Timing Measurement ended Sat Feb 14 00:55:59 CST 2026
2月 14, 2026 12:55:59 上午 spec.jbb.Company primeWithDummyData -> 信息: Loading Warehouse 26...
2月 14, 2026 12:55:59 上午 spec.jbb.JBBmain DoARun -> 信息: Start User Threads
2月 14, 2026 12:55:59 上午 spec.jbb.JBBmain DoARun -> 信息:   started user thread for Warehouse 1
2月 14, 2026 12:55:59 上午 spec.jbb.JBBmain DoARun -> 信息:   started user thread for Warehouse 2
2月 14, 2026 12:55:59 上午 spec.jbb.JBBmain DoARun -> 信息:   started user thread for Warehouse 3
2月 14, 2026 12:55:59 上午 spec.jbb.JBBmain DoARun -> 信息:   started user thread for Warehouse 4
2月 14, 2026 12:55:59 上午 spec.jbb.JBBmain DoARun -> 信息:   started user thread for Warehouse 5
2月 14, 2026 12:55:59 上午 spec.jbb.JBBmain DoARun -> 信息:   started user thread for Warehouse 6
2月 14, 2026 12:55:59 上午 spec.jbb.JBBmain DoARun -> 信息:   started user thread for Warehouse 7
2月 14, 2026 12:55:59 上午 spec.jbb.JBBmain DoARun -> 信息:   started user thread for Warehouse 8
2月 14, 2026 12:55:59 上午 spec.jbb.JBBmain DoARun -> 信息:   started user thread for Warehouse 9
2月 14, 2026 12:55:59 上午 spec.jbb.JBBmain DoARun -> 信息:   started user thread for Warehouse 10
2月 14, 2026 12:55:59 上午 spec.jbb.JBBmain DoARun -> 信息:   started user thread for Warehouse 11
2月 14, 2026 12:55:59 上午 spec.jbb.JBBmain DoARun -> 信息:   started user thread for Warehouse 12
2月 14, 2026 12:55:59 上午 spec.jbb.JBBmain DoARun -> 信息:   started user thread for Warehouse 13
2月 14, 2026 12:55:59 上午 spec.jbb.JBBmain DoARun -> 信息:   started user thread for Warehouse 14
2月 14, 2026 12:55:59 上午 spec.jbb.JBBmain DoARun -> 信息:   started user thread for Warehouse 15
2月 14, 2026 12:55:59 上午 spec.jbb.JBBmain DoARun -> 信息:   started user thread for Warehouse 16
2月 14, 2026 12:55:59 上午 spec.jbb.JBBmain DoARun -> 信息:   started user thread for Warehouse 17
2月 14, 2026 12:55:59 上午 spec.jbb.JBBmain DoARun -> 信息:   started user thread for Warehouse 18
2月 14, 2026 12:55:59 上午 spec.jbb.JBBmain DoARun -> 信息:   started user thread for Warehouse 19
2月 14, 2026 12:55:59 上午 spec.jbb.JBBmain DoARun -> 信息:   started user thread for Warehouse 20
2月 14, 2026 12:55:59 上午 spec.jbb.JBBmain DoARun -> 信息:   started user thread for Warehouse 21
2月 14, 2026 12:55:59 上午 spec.jbb.JBBmain DoARun -> 信息:   started user thread for Warehouse 22
2月 14, 2026 12:55:59 上午 spec.jbb.JBBmain DoARun -> 信息:   started user thread for Warehouse 23
2月 14, 2026 12:55:59 上午 spec.jbb.JBBmain DoARun -> 信息:   started user thread for Warehouse 24
2月 14, 2026 12:55:59 上午 spec.jbb.JBBmain DoARun -> 信息:   started user thread for Warehouse 25
2月 14, 2026 12:55:59 上午 spec.jbb.JBBmain DoARun -> 信息:   started user thread for Warehouse 26
2月 14, 2026 12:55:59 上午 spec.jbb.Company displayResultTotals -> 信息: Timing Measurement began Sat Feb 14 00:55:59 CST 2026 for 0.5 minutes
2月 14, 2026 12:56:29 上午 spec.jbb.Company displayResultTotals -> 信息: Timing Measurement ended Sat Feb 14 00:56:29 CST 2026
2月 14, 2026 12:56:29 上午 spec.jbb.Company primeWithDummyData -> 信息: Loading Warehouse 27...
2月 14, 2026 12:56:30 上午 spec.jbb.JBBmain DoARun -> 信息: Start User Threads
2月 14, 2026 12:56:30 上午 spec.jbb.JBBmain DoARun -> 信息:   started user thread for Warehouse 1
2月 14, 2026 12:56:30 上午 spec.jbb.JBBmain DoARun -> 信息:   started user thread for Warehouse 2
2月 14, 2026 12:56:30 上午 spec.jbb.JBBmain DoARun -> 信息:   started user thread for Warehouse 3
2月 14, 2026 12:56:30 上午 spec.jbb.JBBmain DoARun -> 信息:   started user thread for Warehouse 4
2月 14, 2026 12:56:30 上午 spec.jbb.JBBmain DoARun -> 信息:   started user thread for Warehouse 5
2月 14, 2026 12:56:30 上午 spec.jbb.JBBmain DoARun -> 信息:   started user thread for Warehouse 6
2月 14, 2026 12:56:30 上午 spec.jbb.JBBmain DoARun -> 信息:   started user thread for Warehouse 7
2月 14, 2026 12:56:30 上午 spec.jbb.JBBmain DoARun -> 信息:   started user thread for Warehouse 8
2月 14, 2026 12:56:30 上午 spec.jbb.JBBmain DoARun -> 信息:   started user thread for Warehouse 9
2月 14, 2026 12:56:30 上午 spec.jbb.JBBmain DoARun -> 信息:   started user thread for Warehouse 10
2月 14, 2026 12:56:30 上午 spec.jbb.JBBmain DoARun -> 信息:   started user thread for Warehouse 11
2月 14, 2026 12:56:30 上午 spec.jbb.JBBmain DoARun -> 信息:   started user thread for Warehouse 12
2月 14, 2026 12:56:30 上午 spec.jbb.JBBmain DoARun -> 信息:   started user thread for Warehouse 13
2月 14, 2026 12:56:30 上午 spec.jbb.JBBmain DoARun -> 信息:   started user thread for Warehouse 14
2月 14, 2026 12:56:30 上午 spec.jbb.JBBmain DoARun -> 信息:   started user thread for Warehouse 15
2月 14, 2026 12:56:30 上午 spec.jbb.JBBmain DoARun -> 信息:   started user thread for Warehouse 16
2月 14, 2026 12:56:30 上午 spec.jbb.JBBmain DoARun -> 信息:   started user thread for Warehouse 17
2月 14, 2026 12:56:30 上午 spec.jbb.JBBmain DoARun -> 信息:   started user thread for Warehouse 18
2月 14, 2026 12:56:30 上午 spec.jbb.JBBmain DoARun -> 信息:   started user thread for Warehouse 19
2月 14, 2026 12:56:30 上午 spec.jbb.JBBmain DoARun -> 信息:   started user thread for Warehouse 20
2月 14, 2026 12:56:30 上午 spec.jbb.JBBmain DoARun -> 信息:   started user thread for Warehouse 21
2月 14, 2026 12:56:30 上午 spec.jbb.JBBmain DoARun -> 信息:   started user thread for Warehouse 22
2月 14, 2026 12:56:30 上午 spec.jbb.JBBmain DoARun -> 信息:   started user thread for Warehouse 23
2月 14, 2026 12:56:30 上午 spec.jbb.JBBmain DoARun -> 信息:   started user thread for Warehouse 24
2月 14, 2026 12:56:30 上午 spec.jbb.JBBmain DoARun -> 信息:   started user thread for Warehouse 25
2月 14, 2026 12:56:30 上午 spec.jbb.JBBmain DoARun -> 信息:   started user thread for Warehouse 26
2月 14, 2026 12:56:30 上午 spec.jbb.JBBmain DoARun -> 信息:   started user thread for Warehouse 27
2月 14, 2026 12:56:30 上午 spec.jbb.Company displayResultTotals -> 信息: Timing Measurement began Sat Feb 14 00:56:30 CST 2026 for 0.5 minutes
2月 14, 2026 12:57:00 上午 spec.jbb.Company displayResultTotals -> 信息: Timing Measurement ended Sat Feb 14 00:57:00 CST 2026
2月 14, 2026 12:57:00 上午 spec.jbb.Company primeWithDummyData -> 信息: Loading Warehouse 28...
2月 14, 2026 12:57:00 上午 spec.jbb.JBBmain DoARun -> 信息: Start User Threads
2月 14, 2026 12:57:00 上午 spec.jbb.JBBmain DoARun -> 信息:   started user thread for Warehouse 1
2月 14, 2026 12:57:00 上午 spec.jbb.JBBmain DoARun -> 信息:   started user thread for Warehouse 2
2月 14, 2026 12:57:00 上午 spec.jbb.JBBmain DoARun -> 信息:   started user thread for Warehouse 3
2月 14, 2026 12:57:00 上午 spec.jbb.JBBmain DoARun -> 信息:   started user thread for Warehouse 4
2月 14, 2026 12:57:00 上午 spec.jbb.JBBmain DoARun -> 信息:   started user thread for Warehouse 5
2月 14, 2026 12:57:00 上午 spec.jbb.JBBmain DoARun -> 信息:   started user thread for Warehouse 6
2月 14, 2026 12:57:00 上午 spec.jbb.JBBmain DoARun -> 信息:   started user thread for Warehouse 7
2月 14, 2026 12:57:00 上午 spec.jbb.JBBmain DoARun -> 信息:   started user thread for Warehouse 8
2月 14, 2026 12:57:00 上午 spec.jbb.JBBmain DoARun -> 信息:   started user thread for Warehouse 9
2月 14, 2026 12:57:00 上午 spec.jbb.JBBmain DoARun -> 信息:   started user thread for Warehouse 10
2月 14, 2026 12:57:00 上午 spec.jbb.JBBmain DoARun -> 信息:   started user thread for Warehouse 11
2月 14, 2026 12:57:00 上午 spec.jbb.JBBmain DoARun -> 信息:   started user thread for Warehouse 12
2月 14, 2026 12:57:00 上午 spec.jbb.JBBmain DoARun -> 信息:   started user thread for Warehouse 13
2月 14, 2026 12:57:00 上午 spec.jbb.JBBmain DoARun -> 信息:   started user thread for Warehouse 14
2月 14, 2026 12:57:00 上午 spec.jbb.JBBmain DoARun -> 信息:   started user thread for Warehouse 15
2月 14, 2026 12:57:00 上午 spec.jbb.JBBmain DoARun -> 信息:   started user thread for Warehouse 16
2月 14, 2026 12:57:00 上午 spec.jbb.JBBmain DoARun -> 信息:   started user thread for Warehouse 17
2月 14, 2026 12:57:00 上午 spec.jbb.JBBmain DoARun -> 信息:   started user thread for Warehouse 18
2月 14, 2026 12:57:00 上午 spec.jbb.JBBmain DoARun -> 信息:   started user thread for Warehouse 19
2月 14, 2026 12:57:00 上午 spec.jbb.JBBmain DoARun -> 信息:   started user thread for Warehouse 20
2月 14, 2026 12:57:00 上午 spec.jbb.JBBmain DoARun -> 信息:   started user thread for Warehouse 21
2月 14, 2026 12:57:00 上午 spec.jbb.JBBmain DoARun -> 信息:   started user thread for Warehouse 22
2月 14, 2026 12:57:00 上午 spec.jbb.JBBmain DoARun -> 信息:   started user thread for Warehouse 23
2月 14, 2026 12:57:00 上午 spec.jbb.JBBmain DoARun -> 信息:   started user thread for Warehouse 24
2月 14, 2026 12:57:00 上午 spec.jbb.JBBmain DoARun -> 信息:   started user thread for Warehouse 25
2月 14, 2026 12:57:00 上午 spec.jbb.JBBmain DoARun -> 信息:   started user thread for Warehouse 26
2月 14, 2026 12:57:00 上午 spec.jbb.JBBmain DoARun -> 信息:   started user thread for Warehouse 27
2月 14, 2026 12:57:00 上午 spec.jbb.JBBmain DoARun -> 信息:   started user thread for Warehouse 28
2月 14, 2026 12:57:00 上午 spec.jbb.Company displayResultTotals -> 信息: Timing Measurement began Sat Feb 14 00:57:00 CST 2026 for 0.5 minutes
2月 14, 2026 12:57:30 上午 spec.jbb.Company displayResultTotals -> 信息: Timing Measurement ended Sat Feb 14 00:57:30 CST 2026
2月 14, 2026 12:57:30 上午 spec.jbb.Company primeWithDummyData -> 信息: Loading Warehouse 29...
2月 14, 2026 12:57:30 上午 spec.jbb.JBBmain DoARun -> 信息: Start User Threads
2月 14, 2026 12:57:30 上午 spec.jbb.JBBmain DoARun -> 信息:   started user thread for Warehouse 1
2月 14, 2026 12:57:30 上午 spec.jbb.JBBmain DoARun -> 信息:   started user thread for Warehouse 2
2月 14, 2026 12:57:30 上午 spec.jbb.JBBmain DoARun -> 信息:   started user thread for Warehouse 3
2月 14, 2026 12:57:30 上午 spec.jbb.JBBmain DoARun -> 信息:   started user thread for Warehouse 4
2月 14, 2026 12:57:30 上午 spec.jbb.JBBmain DoARun -> 信息:   started user thread for Warehouse 5
2月 14, 2026 12:57:30 上午 spec.jbb.JBBmain DoARun -> 信息:   started user thread for Warehouse 6
2月 14, 2026 12:57:30 上午 spec.jbb.JBBmain DoARun -> 信息:   started user thread for Warehouse 7
2月 14, 2026 12:57:30 上午 spec.jbb.JBBmain DoARun -> 信息:   started user thread for Warehouse 8
2月 14, 2026 12:57:30 上午 spec.jbb.JBBmain DoARun -> 信息:   started user thread for Warehouse 9
2月 14, 2026 12:57:30 上午 spec.jbb.JBBmain DoARun -> 信息:   started user thread for Warehouse 10
2月 14, 2026 12:57:30 上午 spec.jbb.JBBmain DoARun -> 信息:   started user thread for Warehouse 11
2月 14, 2026 12:57:30 上午 spec.jbb.JBBmain DoARun -> 信息:   started user thread for Warehouse 12
2月 14, 2026 12:57:30 上午 spec.jbb.JBBmain DoARun -> 信息:   started user thread for Warehouse 13
2月 14, 2026 12:57:30 上午 spec.jbb.JBBmain DoARun -> 信息:   started user thread for Warehouse 14
2月 14, 2026 12:57:30 上午 spec.jbb.JBBmain DoARun -> 信息:   started user thread for Warehouse 15
2月 14, 2026 12:57:30 上午 spec.jbb.JBBmain DoARun -> 信息:   started user thread for Warehouse 16
2月 14, 2026 12:57:30 上午 spec.jbb.JBBmain DoARun -> 信息:   started user thread for Warehouse 17
2月 14, 2026 12:57:30 上午 spec.jbb.JBBmain DoARun -> 信息:   started user thread for Warehouse 18
2月 14, 2026 12:57:30 上午 spec.jbb.JBBmain DoARun -> 信息:   started user thread for Warehouse 19
2月 14, 2026 12:57:30 上午 spec.jbb.JBBmain DoARun -> 信息:   started user thread for Warehouse 20
2月 14, 2026 12:57:30 上午 spec.jbb.JBBmain DoARun -> 信息:   started user thread for Warehouse 21
2月 14, 2026 12:57:30 上午 spec.jbb.JBBmain DoARun -> 信息:   started user thread for Warehouse 22
2月 14, 2026 12:57:30 上午 spec.jbb.JBBmain DoARun -> 信息:   started user thread for Warehouse 23
2月 14, 2026 12:57:30 上午 spec.jbb.JBBmain DoARun -> 信息:   started user thread for Warehouse 24
2月 14, 2026 12:57:30 上午 spec.jbb.JBBmain DoARun -> 信息:   started user thread for Warehouse 25
2月 14, 2026 12:57:30 上午 spec.jbb.JBBmain DoARun -> 信息:   started user thread for Warehouse 26
2月 14, 2026 12:57:30 上午 spec.jbb.JBBmain DoARun -> 信息:   started user thread for Warehouse 27
2月 14, 2026 12:57:30 上午 spec.jbb.JBBmain DoARun -> 信息:   started user thread for Warehouse 28
2月 14, 2026 12:57:30 上午 spec.jbb.JBBmain DoARun -> 信息:   started user thread for Warehouse 29
2月 14, 2026 12:57:30 上午 spec.jbb.Company displayResultTotals -> 信息: Timing Measurement began Sat Feb 14 00:57:30 CST 2026 for 0.5 minutes
2月 14, 2026 12:58:00 上午 spec.jbb.Company displayResultTotals -> 信息: Timing Measurement ended Sat Feb 14 00:58:00 CST 2026
2月 14, 2026 12:58:00 上午 spec.jbb.Company primeWithDummyData -> 信息: Loading Warehouse 30...
2月 14, 2026 12:58:00 上午 spec.jbb.JBBmain DoARun -> 信息: Start User Threads
2月 14, 2026 12:58:00 上午 spec.jbb.JBBmain DoARun -> 信息:   started user thread for Warehouse 1
2月 14, 2026 12:58:00 上午 spec.jbb.JBBmain DoARun -> 信息:   started user thread for Warehouse 2
2月 14, 2026 12:58:00 上午 spec.jbb.JBBmain DoARun -> 信息:   started user thread for Warehouse 3
2月 14, 2026 12:58:00 上午 spec.jbb.JBBmain DoARun -> 信息:   started user thread for Warehouse 4
2月 14, 2026 12:58:00 上午 spec.jbb.JBBmain DoARun -> 信息:   started user thread for Warehouse 5
2月 14, 2026 12:58:00 上午 spec.jbb.JBBmain DoARun -> 信息:   started user thread for Warehouse 6
2月 14, 2026 12:58:00 上午 spec.jbb.JBBmain DoARun -> 信息:   started user thread for Warehouse 7
2月 14, 2026 12:58:00 上午 spec.jbb.JBBmain DoARun -> 信息:   started user thread for Warehouse 8
2月 14, 2026 12:58:00 上午 spec.jbb.JBBmain DoARun -> 信息:   started user thread for Warehouse 9
2月 14, 2026 12:58:00 上午 spec.jbb.JBBmain DoARun -> 信息:   started user thread for Warehouse 10
2月 14, 2026 12:58:00 上午 spec.jbb.JBBmain DoARun -> 信息:   started user thread for Warehouse 11
2月 14, 2026 12:58:00 上午 spec.jbb.JBBmain DoARun -> 信息:   started user thread for Warehouse 12
2月 14, 2026 12:58:00 上午 spec.jbb.JBBmain DoARun -> 信息:   started user thread for Warehouse 13
2月 14, 2026 12:58:00 上午 spec.jbb.JBBmain DoARun -> 信息:   started user thread for Warehouse 14
2月 14, 2026 12:58:00 上午 spec.jbb.JBBmain DoARun -> 信息:   started user thread for Warehouse 15
2月 14, 2026 12:58:00 上午 spec.jbb.JBBmain DoARun -> 信息:   started user thread for Warehouse 16
2月 14, 2026 12:58:00 上午 spec.jbb.JBBmain DoARun -> 信息:   started user thread for Warehouse 17
2月 14, 2026 12:58:00 上午 spec.jbb.JBBmain DoARun -> 信息:   started user thread for Warehouse 18
2月 14, 2026 12:58:00 上午 spec.jbb.JBBmain DoARun -> 信息:   started user thread for Warehouse 19
2月 14, 2026 12:58:00 上午 spec.jbb.JBBmain DoARun -> 信息:   started user thread for Warehouse 20
2月 14, 2026 12:58:00 上午 spec.jbb.JBBmain DoARun -> 信息:   started user thread for Warehouse 21
2月 14, 2026 12:58:00 上午 spec.jbb.JBBmain DoARun -> 信息:   started user thread for Warehouse 22
2月 14, 2026 12:58:00 上午 spec.jbb.JBBmain DoARun -> 信息:   started user thread for Warehouse 23
2月 14, 2026 12:58:00 上午 spec.jbb.JBBmain DoARun -> 信息:   started user thread for Warehouse 24
2月 14, 2026 12:58:00 上午 spec.jbb.JBBmain DoARun -> 信息:   started user thread for Warehouse 25
2月 14, 2026 12:58:00 上午 spec.jbb.JBBmain DoARun -> 信息:   started user thread for Warehouse 26
2月 14, 2026 12:58:00 上午 spec.jbb.JBBmain DoARun -> 信息:   started user thread for Warehouse 27
2月 14, 2026 12:58:00 上午 spec.jbb.JBBmain DoARun -> 信息:   started user thread for Warehouse 28
2月 14, 2026 12:58:00 上午 spec.jbb.JBBmain DoARun -> 信息:   started user thread for Warehouse 29
2月 14, 2026 12:58:00 上午 spec.jbb.JBBmain DoARun -> 信息:   started user thread for Warehouse 30
2月 14, 2026 12:58:00 上午 spec.jbb.Company displayResultTotals -> 信息: Timing Measurement began Sat Feb 14 00:58:00 CST 2026 for 0.5 minutes
2月 14, 2026 12:58:30 上午 spec.jbb.Company displayResultTotals -> 信息: Timing Measurement ended Sat Feb 14 00:58:30 CST 2026
2月 14, 2026 12:58:30 上午 spec.jbb.Company primeWithDummyData -> 信息: Loading Warehouse 31...
2月 14, 2026 12:58:30 上午 spec.jbb.JBBmain DoARun -> 信息: Start User Threads
2月 14, 2026 12:58:30 上午 spec.jbb.JBBmain DoARun -> 信息:   started user thread for Warehouse 1
2月 14, 2026 12:58:30 上午 spec.jbb.JBBmain DoARun -> 信息:   started user thread for Warehouse 2
2月 14, 2026 12:58:30 上午 spec.jbb.JBBmain DoARun -> 信息:   started user thread for Warehouse 3
2月 14, 2026 12:58:30 上午 spec.jbb.JBBmain DoARun -> 信息:   started user thread for Warehouse 4
2月 14, 2026 12:58:30 上午 spec.jbb.JBBmain DoARun -> 信息:   started user thread for Warehouse 5
2月 14, 2026 12:58:30 上午 spec.jbb.JBBmain DoARun -> 信息:   started user thread for Warehouse 6
2月 14, 2026 12:58:30 上午 spec.jbb.JBBmain DoARun -> 信息:   started user thread for Warehouse 7
2月 14, 2026 12:58:30 上午 spec.jbb.JBBmain DoARun -> 信息:   started user thread for Warehouse 8
2月 14, 2026 12:58:30 上午 spec.jbb.JBBmain DoARun -> 信息:   started user thread for Warehouse 9
2月 14, 2026 12:58:30 上午 spec.jbb.JBBmain DoARun -> 信息:   started user thread for Warehouse 10
2月 14, 2026 12:58:30 上午 spec.jbb.JBBmain DoARun -> 信息:   started user thread for Warehouse 11
2月 14, 2026 12:58:30 上午 spec.jbb.JBBmain DoARun -> 信息:   started user thread for Warehouse 12
2月 14, 2026 12:58:30 上午 spec.jbb.JBBmain DoARun -> 信息:   started user thread for Warehouse 13
2月 14, 2026 12:58:30 上午 spec.jbb.JBBmain DoARun -> 信息:   started user thread for Warehouse 14
2月 14, 2026 12:58:30 上午 spec.jbb.JBBmain DoARun -> 信息:   started user thread for Warehouse 15
2月 14, 2026 12:58:30 上午 spec.jbb.JBBmain DoARun -> 信息:   started user thread for Warehouse 16
2月 14, 2026 12:58:30 上午 spec.jbb.JBBmain DoARun -> 信息:   started user thread for Warehouse 17
2月 14, 2026 12:58:30 上午 spec.jbb.JBBmain DoARun -> 信息:   started user thread for Warehouse 18
2月 14, 2026 12:58:30 上午 spec.jbb.JBBmain DoARun -> 信息:   started user thread for Warehouse 19
2月 14, 2026 12:58:30 上午 spec.jbb.JBBmain DoARun -> 信息:   started user thread for Warehouse 20
2月 14, 2026 12:58:30 上午 spec.jbb.JBBmain DoARun -> 信息:   started user thread for Warehouse 21
2月 14, 2026 12:58:30 上午 spec.jbb.JBBmain DoARun -> 信息:   started user thread for Warehouse 22
2月 14, 2026 12:58:30 上午 spec.jbb.JBBmain DoARun -> 信息:   started user thread for Warehouse 23
2月 14, 2026 12:58:30 上午 spec.jbb.JBBmain DoARun -> 信息:   started user thread for Warehouse 24
2月 14, 2026 12:58:30 上午 spec.jbb.JBBmain DoARun -> 信息:   started user thread for Warehouse 25
2月 14, 2026 12:58:30 上午 spec.jbb.JBBmain DoARun -> 信息:   started user thread for Warehouse 26
2月 14, 2026 12:58:30 上午 spec.jbb.JBBmain DoARun -> 信息:   started user thread for Warehouse 27
2月 14, 2026 12:58:30 上午 spec.jbb.JBBmain DoARun -> 信息:   started user thread for Warehouse 28
2月 14, 2026 12:58:30 上午 spec.jbb.JBBmain DoARun -> 信息:   started user thread for Warehouse 29
2月 14, 2026 12:58:30 上午 spec.jbb.JBBmain DoARun -> 信息:   started user thread for Warehouse 30
2月 14, 2026 12:58:30 上午 spec.jbb.JBBmain DoARun -> 信息:   started user thread for Warehouse 31
2月 14, 2026 12:58:30 上午 spec.jbb.Company displayResultTotals -> 信息: Timing Measurement began Sat Feb 14 00:58:30 CST 2026 for 0.5 minutes
2月 14, 2026 12:59:00 上午 spec.jbb.Company displayResultTotals -> 信息: Timing Measurement ended Sat Feb 14 00:59:00 CST 2026
2月 14, 2026 12:59:00 上午 spec.jbb.Company primeWithDummyData -> 信息: Loading Warehouse 32...
2月 14, 2026 12:59:00 上午 spec.jbb.JBBmain DoARun -> 信息: Start User Threads
2月 14, 2026 12:59:00 上午 spec.jbb.JBBmain DoARun -> 信息:   started user thread for Warehouse 1
2月 14, 2026 12:59:00 上午 spec.jbb.JBBmain DoARun -> 信息:   started user thread for Warehouse 2
2月 14, 2026 12:59:00 上午 spec.jbb.JBBmain DoARun -> 信息:   started user thread for Warehouse 3
2月 14, 2026 12:59:00 上午 spec.jbb.JBBmain DoARun -> 信息:   started user thread for Warehouse 4
2月 14, 2026 12:59:00 上午 spec.jbb.JBBmain DoARun -> 信息:   started user thread for Warehouse 5
2月 14, 2026 12:59:00 上午 spec.jbb.JBBmain DoARun -> 信息:   started user thread for Warehouse 6
2月 14, 2026 12:59:00 上午 spec.jbb.JBBmain DoARun -> 信息:   started user thread for Warehouse 7
2月 14, 2026 12:59:00 上午 spec.jbb.JBBmain DoARun -> 信息:   started user thread for Warehouse 8
2月 14, 2026 12:59:00 上午 spec.jbb.JBBmain DoARun -> 信息:   started user thread for Warehouse 9
2月 14, 2026 12:59:00 上午 spec.jbb.JBBmain DoARun -> 信息:   started user thread for Warehouse 10
2月 14, 2026 12:59:00 上午 spec.jbb.JBBmain DoARun -> 信息:   started user thread for Warehouse 11
2月 14, 2026 12:59:00 上午 spec.jbb.JBBmain DoARun -> 信息:   started user thread for Warehouse 12
2月 14, 2026 12:59:00 上午 spec.jbb.JBBmain DoARun -> 信息:   started user thread for Warehouse 13
2月 14, 2026 12:59:00 上午 spec.jbb.JBBmain DoARun -> 信息:   started user thread for Warehouse 14
2月 14, 2026 12:59:00 上午 spec.jbb.JBBmain DoARun -> 信息:   started user thread for Warehouse 15
2月 14, 2026 12:59:00 上午 spec.jbb.JBBmain DoARun -> 信息:   started user thread for Warehouse 16
2月 14, 2026 12:59:00 上午 spec.jbb.JBBmain DoARun -> 信息:   started user thread for Warehouse 17
2月 14, 2026 12:59:00 上午 spec.jbb.JBBmain DoARun -> 信息:   started user thread for Warehouse 18
2月 14, 2026 12:59:00 上午 spec.jbb.JBBmain DoARun -> 信息:   started user thread for Warehouse 19
2月 14, 2026 12:59:00 上午 spec.jbb.JBBmain DoARun -> 信息:   started user thread for Warehouse 20
2月 14, 2026 12:59:00 上午 spec.jbb.JBBmain DoARun -> 信息:   started user thread for Warehouse 21
2月 14, 2026 12:59:00 上午 spec.jbb.JBBmain DoARun -> 信息:   started user thread for Warehouse 22
2月 14, 2026 12:59:00 上午 spec.jbb.JBBmain DoARun -> 信息:   started user thread for Warehouse 23
2月 14, 2026 12:59:00 上午 spec.jbb.JBBmain DoARun -> 信息:   started user thread for Warehouse 24
2月 14, 2026 12:59:00 上午 spec.jbb.JBBmain DoARun -> 信息:   started user thread for Warehouse 25
2月 14, 2026 12:59:00 上午 spec.jbb.JBBmain DoARun -> 信息:   started user thread for Warehouse 26
2月 14, 2026 12:59:00 上午 spec.jbb.JBBmain DoARun -> 信息:   started user thread for Warehouse 27
2月 14, 2026 12:59:00 上午 spec.jbb.JBBmain DoARun -> 信息:   started user thread for Warehouse 28
2月 14, 2026 12:59:00 上午 spec.jbb.JBBmain DoARun -> 信息:   started user thread for Warehouse 29
2月 14, 2026 12:59:00 上午 spec.jbb.JBBmain DoARun -> 信息:   started user thread for Warehouse 30
2月 14, 2026 12:59:00 上午 spec.jbb.JBBmain DoARun -> 信息:   started user thread for Warehouse 31
2月 14, 2026 12:59:00 上午 spec.jbb.JBBmain DoARun -> 信息:   started user thread for Warehouse 32
2月 14, 2026 12:59:00 上午 spec.jbb.Company displayResultTotals -> 信息: Timing Measurement began Sat Feb 14 00:59:00 CST 2026 for 0.5 minutes
2月 14, 2026 12:59:30 上午 spec.jbb.Company displayResultTotals -> 信息: Timing Measurement ended Sat Feb 14 00:59:30 CST 2026
2月 14, 2026 12:59:30 上午 spec.jbb.Company primeWithDummyData -> 信息: Loading Warehouse 33...
2月 14, 2026 12:59:31 上午 spec.jbb.JBBmain DoARun -> 信息: Start User Threads
2月 14, 2026 12:59:31 上午 spec.jbb.JBBmain DoARun -> 信息:   started user thread for Warehouse 1
2月 14, 2026 12:59:31 上午 spec.jbb.JBBmain DoARun -> 信息:   started user thread for Warehouse 2
2月 14, 2026 12:59:31 上午 spec.jbb.JBBmain DoARun -> 信息:   started user thread for Warehouse 3
2月 14, 2026 12:59:31 上午 spec.jbb.JBBmain DoARun -> 信息:   started user thread for Warehouse 4
2月 14, 2026 12:59:31 上午 spec.jbb.JBBmain DoARun -> 信息:   started user thread for Warehouse 5
2月 14, 2026 12:59:31 上午 spec.jbb.JBBmain DoARun -> 信息:   started user thread for Warehouse 6
2月 14, 2026 12:59:31 上午 spec.jbb.JBBmain DoARun -> 信息:   started user thread for Warehouse 7
2月 14, 2026 12:59:31 上午 spec.jbb.JBBmain DoARun -> 信息:   started user thread for Warehouse 8
2月 14, 2026 12:59:31 上午 spec.jbb.JBBmain DoARun -> 信息:   started user thread for Warehouse 9
2月 14, 2026 12:59:31 上午 spec.jbb.JBBmain DoARun -> 信息:   started user thread for Warehouse 10
2月 14, 2026 12:59:31 上午 spec.jbb.JBBmain DoARun -> 信息:   started user thread for Warehouse 11
2月 14, 2026 12:59:31 上午 spec.jbb.JBBmain DoARun -> 信息:   started user thread for Warehouse 12
2月 14, 2026 12:59:31 上午 spec.jbb.JBBmain DoARun -> 信息:   started user thread for Warehouse 13
2月 14, 2026 12:59:31 上午 spec.jbb.JBBmain DoARun -> 信息:   started user thread for Warehouse 14
2月 14, 2026 12:59:31 上午 spec.jbb.JBBmain DoARun -> 信息:   started user thread for Warehouse 15
2月 14, 2026 12:59:31 上午 spec.jbb.JBBmain DoARun -> 信息:   started user thread for Warehouse 16
2月 14, 2026 12:59:31 上午 spec.jbb.JBBmain DoARun -> 信息:   started user thread for Warehouse 17
2月 14, 2026 12:59:31 上午 spec.jbb.JBBmain DoARun -> 信息:   started user thread for Warehouse 18
2月 14, 2026 12:59:31 上午 spec.jbb.JBBmain DoARun -> 信息:   started user thread for Warehouse 19
2月 14, 2026 12:59:31 上午 spec.jbb.JBBmain DoARun -> 信息:   started user thread for Warehouse 20
2月 14, 2026 12:59:31 上午 spec.jbb.JBBmain DoARun -> 信息:   started user thread for Warehouse 21
2月 14, 2026 12:59:31 上午 spec.jbb.JBBmain DoARun -> 信息:   started user thread for Warehouse 22
2月 14, 2026 12:59:31 上午 spec.jbb.JBBmain DoARun -> 信息:   started user thread for Warehouse 23
2月 14, 2026 12:59:31 上午 spec.jbb.JBBmain DoARun -> 信息:   started user thread for Warehouse 24
2月 14, 2026 12:59:31 上午 spec.jbb.JBBmain DoARun -> 信息:   started user thread for Warehouse 25
2月 14, 2026 12:59:31 上午 spec.jbb.JBBmain DoARun -> 信息:   started user thread for Warehouse 26
2月 14, 2026 12:59:31 上午 spec.jbb.JBBmain DoARun -> 信息:   started user thread for Warehouse 27
2月 14, 2026 12:59:31 上午 spec.jbb.JBBmain DoARun -> 信息:   started user thread for Warehouse 28
2月 14, 2026 12:59:31 上午 spec.jbb.JBBmain DoARun -> 信息:   started user thread for Warehouse 29
2月 14, 2026 12:59:31 上午 spec.jbb.JBBmain DoARun -> 信息:   started user thread for Warehouse 30
2月 14, 2026 12:59:31 上午 spec.jbb.JBBmain DoARun -> 信息:   started user thread for Warehouse 31
2月 14, 2026 12:59:31 上午 spec.jbb.JBBmain DoARun -> 信息:   started user thread for Warehouse 32
2月 14, 2026 12:59:31 上午 spec.jbb.JBBmain DoARun -> 信息:   started user thread for Warehouse 33
2月 14, 2026 12:59:31 上午 spec.jbb.Company displayResultTotals -> 信息: Timing Measurement began Sat Feb 14 00:59:31 CST 2026 for 0.5 minutes
2月 14, 2026 1:00:01 上午 spec.jbb.Company displayResultTotals -> 信息: Timing Measurement ended Sat Feb 14 01:00:01 CST 2026
2月 14, 2026 1:00:01 上午 spec.jbb.Company primeWithDummyData -> 信息: Loading Warehouse 34...
2月 14, 2026 1:00:01 上午 spec.jbb.JBBmain DoARun -> 信息: Start User Threads
2月 14, 2026 1:00:01 上午 spec.jbb.JBBmain DoARun -> 信息:   started user thread for Warehouse 1
2月 14, 2026 1:00:01 上午 spec.jbb.JBBmain DoARun -> 信息:   started user thread for Warehouse 2
2月 14, 2026 1:00:01 上午 spec.jbb.JBBmain DoARun -> 信息:   started user thread for Warehouse 3
2月 14, 2026 1:00:01 上午 spec.jbb.JBBmain DoARun -> 信息:   started user thread for Warehouse 4
2月 14, 2026 1:00:01 上午 spec.jbb.JBBmain DoARun -> 信息:   started user thread for Warehouse 5
2月 14, 2026 1:00:01 上午 spec.jbb.JBBmain DoARun -> 信息:   started user thread for Warehouse 6
2月 14, 2026 1:00:01 上午 spec.jbb.JBBmain DoARun -> 信息:   started user thread for Warehouse 7
2月 14, 2026 1:00:01 上午 spec.jbb.JBBmain DoARun -> 信息:   started user thread for Warehouse 8
2月 14, 2026 1:00:01 上午 spec.jbb.JBBmain DoARun -> 信息:   started user thread for Warehouse 9
2月 14, 2026 1:00:01 上午 spec.jbb.JBBmain DoARun -> 信息:   started user thread for Warehouse 10
2月 14, 2026 1:00:01 上午 spec.jbb.JBBmain DoARun -> 信息:   started user thread for Warehouse 11
2月 14, 2026 1:00:01 上午 spec.jbb.JBBmain DoARun -> 信息:   started user thread for Warehouse 12
2月 14, 2026 1:00:01 上午 spec.jbb.JBBmain DoARun -> 信息:   started user thread for Warehouse 13
2月 14, 2026 1:00:01 上午 spec.jbb.JBBmain DoARun -> 信息:   started user thread for Warehouse 14
2月 14, 2026 1:00:01 上午 spec.jbb.JBBmain DoARun -> 信息:   started user thread for Warehouse 15
2月 14, 2026 1:00:01 上午 spec.jbb.JBBmain DoARun -> 信息:   started user thread for Warehouse 16
2月 14, 2026 1:00:01 上午 spec.jbb.JBBmain DoARun -> 信息:   started user thread for Warehouse 17
2月 14, 2026 1:00:01 上午 spec.jbb.JBBmain DoARun -> 信息:   started user thread for Warehouse 18
2月 14, 2026 1:00:01 上午 spec.jbb.JBBmain DoARun -> 信息:   started user thread for Warehouse 19
2月 14, 2026 1:00:01 上午 spec.jbb.JBBmain DoARun -> 信息:   started user thread for Warehouse 20
2月 14, 2026 1:00:01 上午 spec.jbb.JBBmain DoARun -> 信息:   started user thread for Warehouse 21
2月 14, 2026 1:00:01 上午 spec.jbb.JBBmain DoARun -> 信息:   started user thread for Warehouse 22
2月 14, 2026 1:00:01 上午 spec.jbb.JBBmain DoARun -> 信息:   started user thread for Warehouse 23
2月 14, 2026 1:00:01 上午 spec.jbb.JBBmain DoARun -> 信息:   started user thread for Warehouse 24
2月 14, 2026 1:00:01 上午 spec.jbb.JBBmain DoARun -> 信息:   started user thread for Warehouse 25
2月 14, 2026 1:00:01 上午 spec.jbb.JBBmain DoARun -> 信息:   started user thread for Warehouse 26
2月 14, 2026 1:00:01 上午 spec.jbb.JBBmain DoARun -> 信息:   started user thread for Warehouse 27
2月 14, 2026 1:00:01 上午 spec.jbb.JBBmain DoARun -> 信息:   started user thread for Warehouse 28
2月 14, 2026 1:00:01 上午 spec.jbb.JBBmain DoARun -> 信息:   started user thread for Warehouse 29
2月 14, 2026 1:00:01 上午 spec.jbb.JBBmain DoARun -> 信息:   started user thread for Warehouse 30
2月 14, 2026 1:00:01 上午 spec.jbb.JBBmain DoARun -> 信息:   started user thread for Warehouse 31
2月 14, 2026 1:00:01 上午 spec.jbb.JBBmain DoARun -> 信息:   started user thread for Warehouse 32
2月 14, 2026 1:00:01 上午 spec.jbb.JBBmain DoARun -> 信息:   started user thread for Warehouse 33
2月 14, 2026 1:00:01 上午 spec.jbb.JBBmain DoARun -> 信息:   started user thread for Warehouse 34
2月 14, 2026 1:00:01 上午 spec.jbb.Company displayResultTotals -> 信息: Timing Measurement began Sat Feb 14 01:00:01 CST 2026 for 0.5 minutes
2月 14, 2026 1:00:31 上午 spec.jbb.Company displayResultTotals -> 信息: Timing Measurement ended Sat Feb 14 01:00:31 CST 2026
2月 14, 2026 1:00:31 上午 spec.jbb.Company primeWithDummyData -> 信息: Loading Warehouse 35...
2月 14, 2026 1:00:31 上午 spec.jbb.JBBmain DoARun -> 信息: Start User Threads
2月 14, 2026 1:00:31 上午 spec.jbb.JBBmain DoARun -> 信息:   started user thread for Warehouse 1
2月 14, 2026 1:00:31 上午 spec.jbb.JBBmain DoARun -> 信息:   started user thread for Warehouse 2
2月 14, 2026 1:00:31 上午 spec.jbb.JBBmain DoARun -> 信息:   started user thread for Warehouse 3
2月 14, 2026 1:00:31 上午 spec.jbb.JBBmain DoARun -> 信息:   started user thread for Warehouse 4
2月 14, 2026 1:00:31 上午 spec.jbb.JBBmain DoARun -> 信息:   started user thread for Warehouse 5
2月 14, 2026 1:00:31 上午 spec.jbb.JBBmain DoARun -> 信息:   started user thread for Warehouse 6
2月 14, 2026 1:00:31 上午 spec.jbb.JBBmain DoARun -> 信息:   started user thread for Warehouse 7
2月 14, 2026 1:00:31 上午 spec.jbb.JBBmain DoARun -> 信息:   started user thread for Warehouse 8
2月 14, 2026 1:00:31 上午 spec.jbb.JBBmain DoARun -> 信息:   started user thread for Warehouse 9
2月 14, 2026 1:00:31 上午 spec.jbb.JBBmain DoARun -> 信息:   started user thread for Warehouse 10
2月 14, 2026 1:00:31 上午 spec.jbb.JBBmain DoARun -> 信息:   started user thread for Warehouse 11
2月 14, 2026 1:00:31 上午 spec.jbb.JBBmain DoARun -> 信息:   started user thread for Warehouse 12
2月 14, 2026 1:00:31 上午 spec.jbb.JBBmain DoARun -> 信息:   started user thread for Warehouse 13
2月 14, 2026 1:00:31 上午 spec.jbb.JBBmain DoARun -> 信息:   started user thread for Warehouse 14
2月 14, 2026 1:00:31 上午 spec.jbb.JBBmain DoARun -> 信息:   started user thread for Warehouse 15
2月 14, 2026 1:00:31 上午 spec.jbb.JBBmain DoARun -> 信息:   started user thread for Warehouse 16
2月 14, 2026 1:00:31 上午 spec.jbb.JBBmain DoARun -> 信息:   started user thread for Warehouse 17
2月 14, 2026 1:00:31 上午 spec.jbb.JBBmain DoARun -> 信息:   started user thread for Warehouse 18
2月 14, 2026 1:00:31 上午 spec.jbb.JBBmain DoARun -> 信息:   started user thread for Warehouse 19
2月 14, 2026 1:00:31 上午 spec.jbb.JBBmain DoARun -> 信息:   started user thread for Warehouse 20
2月 14, 2026 1:00:31 上午 spec.jbb.JBBmain DoARun -> 信息:   started user thread for Warehouse 21
2月 14, 2026 1:00:31 上午 spec.jbb.JBBmain DoARun -> 信息:   started user thread for Warehouse 22
2月 14, 2026 1:00:31 上午 spec.jbb.JBBmain DoARun -> 信息:   started user thread for Warehouse 23
2月 14, 2026 1:00:31 上午 spec.jbb.JBBmain DoARun -> 信息:   started user thread for Warehouse 24
2月 14, 2026 1:00:31 上午 spec.jbb.JBBmain DoARun -> 信息:   started user thread for Warehouse 25
2月 14, 2026 1:00:31 上午 spec.jbb.JBBmain DoARun -> 信息:   started user thread for Warehouse 26
2月 14, 2026 1:00:31 上午 spec.jbb.JBBmain DoARun -> 信息:   started user thread for Warehouse 27
2月 14, 2026 1:00:31 上午 spec.jbb.JBBmain DoARun -> 信息:   started user thread for Warehouse 28
2月 14, 2026 1:00:31 上午 spec.jbb.JBBmain DoARun -> 信息:   started user thread for Warehouse 29
2月 14, 2026 1:00:31 上午 spec.jbb.JBBmain DoARun -> 信息:   started user thread for Warehouse 30
2月 14, 2026 1:00:31 上午 spec.jbb.JBBmain DoARun -> 信息:   started user thread for Warehouse 31
2月 14, 2026 1:00:31 上午 spec.jbb.JBBmain DoARun -> 信息:   started user thread for Warehouse 32
2月 14, 2026 1:00:31 上午 spec.jbb.JBBmain DoARun -> 信息:   started user thread for Warehouse 33
2月 14, 2026 1:00:31 上午 spec.jbb.JBBmain DoARun -> 信息:   started user thread for Warehouse 34
2月 14, 2026 1:00:31 上午 spec.jbb.JBBmain DoARun -> 信息:   started user thread for Warehouse 35
2月 14, 2026 1:00:31 上午 spec.jbb.Company displayResultTotals -> 信息: Timing Measurement began Sat Feb 14 01:00:31 CST 2026 for 0.5 minutes
2月 14, 2026 1:01:01 上午 spec.jbb.Company displayResultTotals -> 信息: Timing Measurement ended Sat Feb 14 01:01:01 CST 2026
2月 14, 2026 1:01:01 上午 spec.jbb.Company primeWithDummyData -> 信息: Loading Warehouse 36...
2月 14, 2026 1:01:01 上午 spec.jbb.JBBmain DoARun -> 信息: Start User Threads
2月 14, 2026 1:01:01 上午 spec.jbb.JBBmain DoARun -> 信息:   started user thread for Warehouse 1
2月 14, 2026 1:01:01 上午 spec.jbb.JBBmain DoARun -> 信息:   started user thread for Warehouse 2
2月 14, 2026 1:01:01 上午 spec.jbb.JBBmain DoARun -> 信息:   started user thread for Warehouse 3
2月 14, 2026 1:01:01 上午 spec.jbb.JBBmain DoARun -> 信息:   started user thread for Warehouse 4
2月 14, 2026 1:01:01 上午 spec.jbb.JBBmain DoARun -> 信息:   started user thread for Warehouse 5
2月 14, 2026 1:01:01 上午 spec.jbb.JBBmain DoARun -> 信息:   started user thread for Warehouse 6
2月 14, 2026 1:01:01 上午 spec.jbb.JBBmain DoARun -> 信息:   started user thread for Warehouse 7
2月 14, 2026 1:01:01 上午 spec.jbb.JBBmain DoARun -> 信息:   started user thread for Warehouse 8
2月 14, 2026 1:01:01 上午 spec.jbb.JBBmain DoARun -> 信息:   started user thread for Warehouse 9
2月 14, 2026 1:01:01 上午 spec.jbb.JBBmain DoARun -> 信息:   started user thread for Warehouse 10
2月 14, 2026 1:01:01 上午 spec.jbb.JBBmain DoARun -> 信息:   started user thread for Warehouse 11
2月 14, 2026 1:01:01 上午 spec.jbb.JBBmain DoARun -> 信息:   started user thread for Warehouse 12
2月 14, 2026 1:01:01 上午 spec.jbb.JBBmain DoARun -> 信息:   started user thread for Warehouse 13
2月 14, 2026 1:01:01 上午 spec.jbb.JBBmain DoARun -> 信息:   started user thread for Warehouse 14
2月 14, 2026 1:01:01 上午 spec.jbb.JBBmain DoARun -> 信息:   started user thread for Warehouse 15
2月 14, 2026 1:01:01 上午 spec.jbb.JBBmain DoARun -> 信息:   started user thread for Warehouse 16
2月 14, 2026 1:01:01 上午 spec.jbb.JBBmain DoARun -> 信息:   started user thread for Warehouse 17
2月 14, 2026 1:01:01 上午 spec.jbb.JBBmain DoARun -> 信息:   started user thread for Warehouse 18
2月 14, 2026 1:01:01 上午 spec.jbb.JBBmain DoARun -> 信息:   started user thread for Warehouse 19
2月 14, 2026 1:01:01 上午 spec.jbb.JBBmain DoARun -> 信息:   started user thread for Warehouse 20
2月 14, 2026 1:01:01 上午 spec.jbb.JBBmain DoARun -> 信息:   started user thread for Warehouse 21
2月 14, 2026 1:01:01 上午 spec.jbb.JBBmain DoARun -> 信息:   started user thread for Warehouse 22
2月 14, 2026 1:01:01 上午 spec.jbb.JBBmain DoARun -> 信息:   started user thread for Warehouse 23
2月 14, 2026 1:01:01 上午 spec.jbb.JBBmain DoARun -> 信息:   started user thread for Warehouse 24
2月 14, 2026 1:01:01 上午 spec.jbb.JBBmain DoARun -> 信息:   started user thread for Warehouse 25
2月 14, 2026 1:01:01 上午 spec.jbb.JBBmain DoARun -> 信息:   started user thread for Warehouse 26
2月 14, 2026 1:01:01 上午 spec.jbb.JBBmain DoARun -> 信息:   started user thread for Warehouse 27
2月 14, 2026 1:01:01 上午 spec.jbb.JBBmain DoARun -> 信息:   started user thread for Warehouse 28
2月 14, 2026 1:01:01 上午 spec.jbb.JBBmain DoARun -> 信息:   started user thread for Warehouse 29
2月 14, 2026 1:01:01 上午 spec.jbb.JBBmain DoARun -> 信息:   started user thread for Warehouse 30
2月 14, 2026 1:01:01 上午 spec.jbb.JBBmain DoARun -> 信息:   started user thread for Warehouse 31
2月 14, 2026 1:01:01 上午 spec.jbb.JBBmain DoARun -> 信息:   started user thread for Warehouse 32
2月 14, 2026 1:01:01 上午 spec.jbb.JBBmain DoARun -> 信息:   started user thread for Warehouse 33
2月 14, 2026 1:01:01 上午 spec.jbb.JBBmain DoARun -> 信息:   started user thread for Warehouse 34
2月 14, 2026 1:01:01 上午 spec.jbb.JBBmain DoARun -> 信息:   started user thread for Warehouse 35
2月 14, 2026 1:01:01 上午 spec.jbb.JBBmain DoARun -> 信息:   started user thread for Warehouse 36
2月 14, 2026 1:01:01 上午 spec.jbb.Company displayResultTotals -> 信息: Timing Measurement began Sat Feb 14 01:01:01 CST 2026 for 0.5 minutes
2月 14, 2026 1:01:31 上午 spec.jbb.Company displayResultTotals -> 信息: Timing Measurement ended Sat Feb 14 01:01:31 CST 2026
2月 14, 2026 1:01:31 上午 spec.jbb.Company primeWithDummyData -> 信息: Loading Warehouse 37...
2月 14, 2026 1:01:31 上午 spec.jbb.JBBmain DoARun -> 信息: Start User Threads
2月 14, 2026 1:01:31 上午 spec.jbb.JBBmain DoARun -> 信息:   started user thread for Warehouse 1
2月 14, 2026 1:01:31 上午 spec.jbb.JBBmain DoARun -> 信息:   started user thread for Warehouse 2
2月 14, 2026 1:01:31 上午 spec.jbb.JBBmain DoARun -> 信息:   started user thread for Warehouse 3
2月 14, 2026 1:01:31 上午 spec.jbb.JBBmain DoARun -> 信息:   started user thread for Warehouse 4
2月 14, 2026 1:01:31 上午 spec.jbb.JBBmain DoARun -> 信息:   started user thread for Warehouse 5
2月 14, 2026 1:01:31 上午 spec.jbb.JBBmain DoARun -> 信息:   started user thread for Warehouse 6
2月 14, 2026 1:01:31 上午 spec.jbb.JBBmain DoARun -> 信息:   started user thread for Warehouse 7
2月 14, 2026 1:01:31 上午 spec.jbb.JBBmain DoARun -> 信息:   started user thread for Warehouse 8
2月 14, 2026 1:01:31 上午 spec.jbb.JBBmain DoARun -> 信息:   started user thread for Warehouse 9
2月 14, 2026 1:01:31 上午 spec.jbb.JBBmain DoARun -> 信息:   started user thread for Warehouse 10
2月 14, 2026 1:01:31 上午 spec.jbb.JBBmain DoARun -> 信息:   started user thread for Warehouse 11
2月 14, 2026 1:01:31 上午 spec.jbb.JBBmain DoARun -> 信息:   started user thread for Warehouse 12
2月 14, 2026 1:01:31 上午 spec.jbb.JBBmain DoARun -> 信息:   started user thread for Warehouse 13
2月 14, 2026 1:01:31 上午 spec.jbb.JBBmain DoARun -> 信息:   started user thread for Warehouse 14
2月 14, 2026 1:01:31 上午 spec.jbb.JBBmain DoARun -> 信息:   started user thread for Warehouse 15
2月 14, 2026 1:01:31 上午 spec.jbb.JBBmain DoARun -> 信息:   started user thread for Warehouse 16
2月 14, 2026 1:01:31 上午 spec.jbb.JBBmain DoARun -> 信息:   started user thread for Warehouse 17
2月 14, 2026 1:01:31 上午 spec.jbb.JBBmain DoARun -> 信息:   started user thread for Warehouse 18
2月 14, 2026 1:01:31 上午 spec.jbb.JBBmain DoARun -> 信息:   started user thread for Warehouse 19
2月 14, 2026 1:01:31 上午 spec.jbb.JBBmain DoARun -> 信息:   started user thread for Warehouse 20
2月 14, 2026 1:01:31 上午 spec.jbb.JBBmain DoARun -> 信息:   started user thread for Warehouse 21
2月 14, 2026 1:01:31 上午 spec.jbb.JBBmain DoARun -> 信息:   started user thread for Warehouse 22
2月 14, 2026 1:01:31 上午 spec.jbb.JBBmain DoARun -> 信息:   started user thread for Warehouse 23
2月 14, 2026 1:01:31 上午 spec.jbb.JBBmain DoARun -> 信息:   started user thread for Warehouse 24
2月 14, 2026 1:01:31 上午 spec.jbb.JBBmain DoARun -> 信息:   started user thread for Warehouse 25
2月 14, 2026 1:01:31 上午 spec.jbb.JBBmain DoARun -> 信息:   started user thread for Warehouse 26
2月 14, 2026 1:01:31 上午 spec.jbb.JBBmain DoARun -> 信息:   started user thread for Warehouse 27
2月 14, 2026 1:01:31 上午 spec.jbb.JBBmain DoARun -> 信息:   started user thread for Warehouse 28
2月 14, 2026 1:01:31 上午 spec.jbb.JBBmain DoARun -> 信息:   started user thread for Warehouse 29
2月 14, 2026 1:01:31 上午 spec.jbb.JBBmain DoARun -> 信息:   started user thread for Warehouse 30
2月 14, 2026 1:01:31 上午 spec.jbb.JBBmain DoARun -> 信息:   started user thread for Warehouse 31
2月 14, 2026 1:01:31 上午 spec.jbb.JBBmain DoARun -> 信息:   started user thread for Warehouse 32
2月 14, 2026 1:01:31 上午 spec.jbb.JBBmain DoARun -> 信息:   started user thread for Warehouse 33
2月 14, 2026 1:01:31 上午 spec.jbb.JBBmain DoARun -> 信息:   started user thread for Warehouse 34
2月 14, 2026 1:01:31 上午 spec.jbb.JBBmain DoARun -> 信息:   started user thread for Warehouse 35
2月 14, 2026 1:01:31 上午 spec.jbb.JBBmain DoARun -> 信息:   started user thread for Warehouse 36
2月 14, 2026 1:01:31 上午 spec.jbb.JBBmain DoARun -> 信息:   started user thread for Warehouse 37
2月 14, 2026 1:01:31 上午 spec.jbb.Company displayResultTotals -> 信息: Timing Measurement began Sat Feb 14 01:01:31 CST 2026 for 0.5 minutes
2月 14, 2026 1:02:01 上午 spec.jbb.Company displayResultTotals -> 信息: Timing Measurement ended Sat Feb 14 01:02:01 CST 2026
2月 14, 2026 1:02:01 上午 spec.jbb.Company primeWithDummyData -> 信息: Loading Warehouse 38...
2月 14, 2026 1:02:01 上午 spec.jbb.JBBmain DoARun -> 信息: Start User Threads
2月 14, 2026 1:02:01 上午 spec.jbb.JBBmain DoARun -> 信息:   started user thread for Warehouse 1
2月 14, 2026 1:02:01 上午 spec.jbb.JBBmain DoARun -> 信息:   started user thread for Warehouse 2
2月 14, 2026 1:02:01 上午 spec.jbb.JBBmain DoARun -> 信息:   started user thread for Warehouse 3
2月 14, 2026 1:02:01 上午 spec.jbb.JBBmain DoARun -> 信息:   started user thread for Warehouse 4
2月 14, 2026 1:02:01 上午 spec.jbb.JBBmain DoARun -> 信息:   started user thread for Warehouse 5
2月 14, 2026 1:02:01 上午 spec.jbb.JBBmain DoARun -> 信息:   started user thread for Warehouse 6
2月 14, 2026 1:02:01 上午 spec.jbb.JBBmain DoARun -> 信息:   started user thread for Warehouse 7
2月 14, 2026 1:02:01 上午 spec.jbb.JBBmain DoARun -> 信息:   started user thread for Warehouse 8
2月 14, 2026 1:02:01 上午 spec.jbb.JBBmain DoARun -> 信息:   started user thread for Warehouse 9
2月 14, 2026 1:02:01 上午 spec.jbb.JBBmain DoARun -> 信息:   started user thread for Warehouse 10
2月 14, 2026 1:02:01 上午 spec.jbb.JBBmain DoARun -> 信息:   started user thread for Warehouse 11
2月 14, 2026 1:02:01 上午 spec.jbb.JBBmain DoARun -> 信息:   started user thread for Warehouse 12
2月 14, 2026 1:02:01 上午 spec.jbb.JBBmain DoARun -> 信息:   started user thread for Warehouse 13
2月 14, 2026 1:02:01 上午 spec.jbb.JBBmain DoARun -> 信息:   started user thread for Warehouse 14
2月 14, 2026 1:02:01 上午 spec.jbb.JBBmain DoARun -> 信息:   started user thread for Warehouse 15
2月 14, 2026 1:02:01 上午 spec.jbb.JBBmain DoARun -> 信息:   started user thread for Warehouse 16
2月 14, 2026 1:02:01 上午 spec.jbb.JBBmain DoARun -> 信息:   started user thread for Warehouse 17
2月 14, 2026 1:02:01 上午 spec.jbb.JBBmain DoARun -> 信息:   started user thread for Warehouse 18
2月 14, 2026 1:02:01 上午 spec.jbb.JBBmain DoARun -> 信息:   started user thread for Warehouse 19
2月 14, 2026 1:02:01 上午 spec.jbb.JBBmain DoARun -> 信息:   started user thread for Warehouse 20
2月 14, 2026 1:02:01 上午 spec.jbb.JBBmain DoARun -> 信息:   started user thread for Warehouse 21
2月 14, 2026 1:02:01 上午 spec.jbb.JBBmain DoARun -> 信息:   started user thread for Warehouse 22
2月 14, 2026 1:02:01 上午 spec.jbb.JBBmain DoARun -> 信息:   started user thread for Warehouse 23
2月 14, 2026 1:02:01 上午 spec.jbb.JBBmain DoARun -> 信息:   started user thread for Warehouse 24
2月 14, 2026 1:02:01 上午 spec.jbb.JBBmain DoARun -> 信息:   started user thread for Warehouse 25
2月 14, 2026 1:02:01 上午 spec.jbb.JBBmain DoARun -> 信息:   started user thread for Warehouse 26
2月 14, 2026 1:02:01 上午 spec.jbb.JBBmain DoARun -> 信息:   started user thread for Warehouse 27
2月 14, 2026 1:02:01 上午 spec.jbb.JBBmain DoARun -> 信息:   started user thread for Warehouse 28
2月 14, 2026 1:02:01 上午 spec.jbb.JBBmain DoARun -> 信息:   started user thread for Warehouse 29
2月 14, 2026 1:02:01 上午 spec.jbb.JBBmain DoARun -> 信息:   started user thread for Warehouse 30
2月 14, 2026 1:02:01 上午 spec.jbb.JBBmain DoARun -> 信息:   started user thread for Warehouse 31
2月 14, 2026 1:02:01 上午 spec.jbb.JBBmain DoARun -> 信息:   started user thread for Warehouse 32
2月 14, 2026 1:02:01 上午 spec.jbb.JBBmain DoARun -> 信息:   started user thread for Warehouse 33
2月 14, 2026 1:02:01 上午 spec.jbb.JBBmain DoARun -> 信息:   started user thread for Warehouse 34
2月 14, 2026 1:02:01 上午 spec.jbb.JBBmain DoARun -> 信息:   started user thread for Warehouse 35
2月 14, 2026 1:02:01 上午 spec.jbb.JBBmain DoARun -> 信息:   started user thread for Warehouse 36
2月 14, 2026 1:02:01 上午 spec.jbb.JBBmain DoARun -> 信息:   started user thread for Warehouse 37
2月 14, 2026 1:02:01 上午 spec.jbb.JBBmain DoARun -> 信息:   started user thread for Warehouse 38
2月 14, 2026 1:02:01 上午 spec.jbb.Company displayResultTotals -> 信息: Timing Measurement began Sat Feb 14 01:02:01 CST 2026 for 0.5 minutes
2月 14, 2026 1:02:31 上午 spec.jbb.Company displayResultTotals -> 信息: Timing Measurement ended Sat Feb 14 01:02:31 CST 2026
2月 14, 2026 1:02:31 上午 spec.jbb.Company primeWithDummyData -> 信息: Loading Warehouse 39...
2月 14, 2026 1:02:32 上午 spec.jbb.JBBmain DoARun -> 信息: Start User Threads
2月 14, 2026 1:02:32 上午 spec.jbb.JBBmain DoARun -> 信息:   started user thread for Warehouse 1
2月 14, 2026 1:02:32 上午 spec.jbb.JBBmain DoARun -> 信息:   started user thread for Warehouse 2
2月 14, 2026 1:02:32 上午 spec.jbb.JBBmain DoARun -> 信息:   started user thread for Warehouse 3
2月 14, 2026 1:02:32 上午 spec.jbb.JBBmain DoARun -> 信息:   started user thread for Warehouse 4
2月 14, 2026 1:02:32 上午 spec.jbb.JBBmain DoARun -> 信息:   started user thread for Warehouse 5
2月 14, 2026 1:02:32 上午 spec.jbb.JBBmain DoARun -> 信息:   started user thread for Warehouse 6
2月 14, 2026 1:02:32 上午 spec.jbb.JBBmain DoARun -> 信息:   started user thread for Warehouse 7
2月 14, 2026 1:02:32 上午 spec.jbb.JBBmain DoARun -> 信息:   started user thread for Warehouse 8
2月 14, 2026 1:02:32 上午 spec.jbb.JBBmain DoARun -> 信息:   started user thread for Warehouse 9
2月 14, 2026 1:02:32 上午 spec.jbb.JBBmain DoARun -> 信息:   started user thread for Warehouse 10
2月 14, 2026 1:02:32 上午 spec.jbb.JBBmain DoARun -> 信息:   started user thread for Warehouse 11
2月 14, 2026 1:02:32 上午 spec.jbb.JBBmain DoARun -> 信息:   started user thread for Warehouse 12
2月 14, 2026 1:02:32 上午 spec.jbb.JBBmain DoARun -> 信息:   started user thread for Warehouse 13
2月 14, 2026 1:02:32 上午 spec.jbb.JBBmain DoARun -> 信息:   started user thread for Warehouse 14
2月 14, 2026 1:02:32 上午 spec.jbb.JBBmain DoARun -> 信息:   started user thread for Warehouse 15
2月 14, 2026 1:02:32 上午 spec.jbb.JBBmain DoARun -> 信息:   started user thread for Warehouse 16
2月 14, 2026 1:02:32 上午 spec.jbb.JBBmain DoARun -> 信息:   started user thread for Warehouse 17
2月 14, 2026 1:02:32 上午 spec.jbb.JBBmain DoARun -> 信息:   started user thread for Warehouse 18
2月 14, 2026 1:02:32 上午 spec.jbb.JBBmain DoARun -> 信息:   started user thread for Warehouse 19
2月 14, 2026 1:02:32 上午 spec.jbb.JBBmain DoARun -> 信息:   started user thread for Warehouse 20
2月 14, 2026 1:02:32 上午 spec.jbb.JBBmain DoARun -> 信息:   started user thread for Warehouse 21
2月 14, 2026 1:02:32 上午 spec.jbb.JBBmain DoARun -> 信息:   started user thread for Warehouse 22
2月 14, 2026 1:02:32 上午 spec.jbb.JBBmain DoARun -> 信息:   started user thread for Warehouse 23
2月 14, 2026 1:02:32 上午 spec.jbb.JBBmain DoARun -> 信息:   started user thread for Warehouse 24
2月 14, 2026 1:02:32 上午 spec.jbb.JBBmain DoARun -> 信息:   started user thread for Warehouse 25
2月 14, 2026 1:02:32 上午 spec.jbb.JBBmain DoARun -> 信息:   started user thread for Warehouse 26
2月 14, 2026 1:02:32 上午 spec.jbb.JBBmain DoARun -> 信息:   started user thread for Warehouse 27
2月 14, 2026 1:02:32 上午 spec.jbb.JBBmain DoARun -> 信息:   started user thread for Warehouse 28
2月 14, 2026 1:02:32 上午 spec.jbb.JBBmain DoARun -> 信息:   started user thread for Warehouse 29
2月 14, 2026 1:02:32 上午 spec.jbb.JBBmain DoARun -> 信息:   started user thread for Warehouse 30
2月 14, 2026 1:02:32 上午 spec.jbb.JBBmain DoARun -> 信息:   started user thread for Warehouse 31
2月 14, 2026 1:02:32 上午 spec.jbb.JBBmain DoARun -> 信息:   started user thread for Warehouse 32
2月 14, 2026 1:02:32 上午 spec.jbb.JBBmain DoARun -> 信息:   started user thread for Warehouse 33
2月 14, 2026 1:02:32 上午 spec.jbb.JBBmain DoARun -> 信息:   started user thread for Warehouse 34
2月 14, 2026 1:02:32 上午 spec.jbb.JBBmain DoARun -> 信息:   started user thread for Warehouse 35
2月 14, 2026 1:02:32 上午 spec.jbb.JBBmain DoARun -> 信息:   started user thread for Warehouse 36
2月 14, 2026 1:02:32 上午 spec.jbb.JBBmain DoARun -> 信息:   started user thread for Warehouse 37
2月 14, 2026 1:02:32 上午 spec.jbb.JBBmain DoARun -> 信息:   started user thread for Warehouse 38
2月 14, 2026 1:02:32 上午 spec.jbb.JBBmain DoARun -> 信息:   started user thread for Warehouse 39
2月 14, 2026 1:02:32 上午 spec.jbb.Company displayResultTotals -> 信息: Timing Measurement began Sat Feb 14 01:02:32 CST 2026 for 0.5 minutes
2月 14, 2026 1:03:02 上午 spec.jbb.Company displayResultTotals -> 信息: Timing Measurement ended Sat Feb 14 01:03:02 CST 2026
2月 14, 2026 1:03:02 上午 spec.jbb.Company primeWithDummyData -> 信息: Loading Warehouse 40...
2月 14, 2026 1:03:02 上午 spec.jbb.JBBmain DoARun -> 信息: Start User Threads
2月 14, 2026 1:03:02 上午 spec.jbb.JBBmain DoARun -> 信息:   started user thread for Warehouse 1
2月 14, 2026 1:03:02 上午 spec.jbb.JBBmain DoARun -> 信息:   started user thread for Warehouse 2
2月 14, 2026 1:03:02 上午 spec.jbb.JBBmain DoARun -> 信息:   started user thread for Warehouse 3
2月 14, 2026 1:03:02 上午 spec.jbb.JBBmain DoARun -> 信息:   started user thread for Warehouse 4
2月 14, 2026 1:03:02 上午 spec.jbb.JBBmain DoARun -> 信息:   started user thread for Warehouse 5
2月 14, 2026 1:03:02 上午 spec.jbb.JBBmain DoARun -> 信息:   started user thread for Warehouse 6
2月 14, 2026 1:03:02 上午 spec.jbb.JBBmain DoARun -> 信息:   started user thread for Warehouse 7
2月 14, 2026 1:03:02 上午 spec.jbb.JBBmain DoARun -> 信息:   started user thread for Warehouse 8
2月 14, 2026 1:03:02 上午 spec.jbb.JBBmain DoARun -> 信息:   started user thread for Warehouse 9
2月 14, 2026 1:03:02 上午 spec.jbb.JBBmain DoARun -> 信息:   started user thread for Warehouse 10
2月 14, 2026 1:03:02 上午 spec.jbb.JBBmain DoARun -> 信息:   started user thread for Warehouse 11
2月 14, 2026 1:03:02 上午 spec.jbb.JBBmain DoARun -> 信息:   started user thread for Warehouse 12
2月 14, 2026 1:03:02 上午 spec.jbb.JBBmain DoARun -> 信息:   started user thread for Warehouse 13
2月 14, 2026 1:03:02 上午 spec.jbb.JBBmain DoARun -> 信息:   started user thread for Warehouse 14
2月 14, 2026 1:03:02 上午 spec.jbb.JBBmain DoARun -> 信息:   started user thread for Warehouse 15
2月 14, 2026 1:03:02 上午 spec.jbb.JBBmain DoARun -> 信息:   started user thread for Warehouse 16
2月 14, 2026 1:03:02 上午 spec.jbb.JBBmain DoARun -> 信息:   started user thread for Warehouse 17
2月 14, 2026 1:03:02 上午 spec.jbb.JBBmain DoARun -> 信息:   started user thread for Warehouse 18
2月 14, 2026 1:03:02 上午 spec.jbb.JBBmain DoARun -> 信息:   started user thread for Warehouse 19
2月 14, 2026 1:03:02 上午 spec.jbb.JBBmain DoARun -> 信息:   started user thread for Warehouse 20
2月 14, 2026 1:03:02 上午 spec.jbb.JBBmain DoARun -> 信息:   started user thread for Warehouse 21
2月 14, 2026 1:03:02 上午 spec.jbb.JBBmain DoARun -> 信息:   started user thread for Warehouse 22
2月 14, 2026 1:03:02 上午 spec.jbb.JBBmain DoARun -> 信息:   started user thread for Warehouse 23
2月 14, 2026 1:03:02 上午 spec.jbb.JBBmain DoARun -> 信息:   started user thread for Warehouse 24
2月 14, 2026 1:03:02 上午 spec.jbb.JBBmain DoARun -> 信息:   started user thread for Warehouse 25
2月 14, 2026 1:03:02 上午 spec.jbb.JBBmain DoARun -> 信息:   started user thread for Warehouse 26
2月 14, 2026 1:03:02 上午 spec.jbb.JBBmain DoARun -> 信息:   started user thread for Warehouse 27
2月 14, 2026 1:03:02 上午 spec.jbb.JBBmain DoARun -> 信息:   started user thread for Warehouse 28
2月 14, 2026 1:03:02 上午 spec.jbb.JBBmain DoARun -> 信息:   started user thread for Warehouse 29
2月 14, 2026 1:03:02 上午 spec.jbb.JBBmain DoARun -> 信息:   started user thread for Warehouse 30
2月 14, 2026 1:03:02 上午 spec.jbb.JBBmain DoARun -> 信息:   started user thread for Warehouse 31
2月 14, 2026 1:03:02 上午 spec.jbb.JBBmain DoARun -> 信息:   started user thread for Warehouse 32
2月 14, 2026 1:03:02 上午 spec.jbb.JBBmain DoARun -> 信息:   started user thread for Warehouse 33
2月 14, 2026 1:03:02 上午 spec.jbb.JBBmain DoARun -> 信息:   started user thread for Warehouse 34
2月 14, 2026 1:03:02 上午 spec.jbb.JBBmain DoARun -> 信息:   started user thread for Warehouse 35
2月 14, 2026 1:03:02 上午 spec.jbb.JBBmain DoARun -> 信息:   started user thread for Warehouse 36
2月 14, 2026 1:03:02 上午 spec.jbb.JBBmain DoARun -> 信息:   started user thread for Warehouse 37
2月 14, 2026 1:03:02 上午 spec.jbb.JBBmain DoARun -> 信息:   started user thread for Warehouse 38
2月 14, 2026 1:03:02 上午 spec.jbb.JBBmain DoARun -> 信息:   started user thread for Warehouse 39
2月 14, 2026 1:03:02 上午 spec.jbb.JBBmain DoARun -> 信息:   started user thread for Warehouse 40
2月 14, 2026 1:03:02 上午 spec.jbb.Company displayResultTotals -> 信息: Timing Measurement began Sat Feb 14 01:03:02 CST 2026 for 0.5 minutes
2月 14, 2026 1:03:32 上午 spec.jbb.Company displayResultTotals -> 信息: Timing Measurement ended Sat Feb 14 01:03:32 CST 2026
2月 14, 2026 1:03:32 上午 spec.jbb.Company primeWithDummyData -> 信息: Loading Warehouse 41...
2月 14, 2026 1:03:32 上午 spec.jbb.JBBmain DoARun -> 信息: Start User Threads
2月 14, 2026 1:03:32 上午 spec.jbb.JBBmain DoARun -> 信息:   started user thread for Warehouse 1
2月 14, 2026 1:03:32 上午 spec.jbb.JBBmain DoARun -> 信息:   started user thread for Warehouse 2
2月 14, 2026 1:03:32 上午 spec.jbb.JBBmain DoARun -> 信息:   started user thread for Warehouse 3
2月 14, 2026 1:03:32 上午 spec.jbb.JBBmain DoARun -> 信息:   started user thread for Warehouse 4
2月 14, 2026 1:03:32 上午 spec.jbb.JBBmain DoARun -> 信息:   started user thread for Warehouse 5
2月 14, 2026 1:03:32 上午 spec.jbb.JBBmain DoARun -> 信息:   started user thread for Warehouse 6
2月 14, 2026 1:03:32 上午 spec.jbb.JBBmain DoARun -> 信息:   started user thread for Warehouse 7
2月 14, 2026 1:03:32 上午 spec.jbb.JBBmain DoARun -> 信息:   started user thread for Warehouse 8
2月 14, 2026 1:03:32 上午 spec.jbb.JBBmain DoARun -> 信息:   started user thread for Warehouse 9
2月 14, 2026 1:03:32 上午 spec.jbb.JBBmain DoARun -> 信息:   started user thread for Warehouse 10
2月 14, 2026 1:03:32 上午 spec.jbb.JBBmain DoARun -> 信息:   started user thread for Warehouse 11
2月 14, 2026 1:03:32 上午 spec.jbb.JBBmain DoARun -> 信息:   started user thread for Warehouse 12
2月 14, 2026 1:03:32 上午 spec.jbb.JBBmain DoARun -> 信息:   started user thread for Warehouse 13
2月 14, 2026 1:03:32 上午 spec.jbb.JBBmain DoARun -> 信息:   started user thread for Warehouse 14
2月 14, 2026 1:03:32 上午 spec.jbb.JBBmain DoARun -> 信息:   started user thread for Warehouse 15
2月 14, 2026 1:03:32 上午 spec.jbb.JBBmain DoARun -> 信息:   started user thread for Warehouse 16
2月 14, 2026 1:03:32 上午 spec.jbb.JBBmain DoARun -> 信息:   started user thread for Warehouse 17
2月 14, 2026 1:03:32 上午 spec.jbb.JBBmain DoARun -> 信息:   started user thread for Warehouse 18
2月 14, 2026 1:03:32 上午 spec.jbb.JBBmain DoARun -> 信息:   started user thread for Warehouse 19
2月 14, 2026 1:03:32 上午 spec.jbb.JBBmain DoARun -> 信息:   started user thread for Warehouse 20
2月 14, 2026 1:03:32 上午 spec.jbb.JBBmain DoARun -> 信息:   started user thread for Warehouse 21
2月 14, 2026 1:03:32 上午 spec.jbb.JBBmain DoARun -> 信息:   started user thread for Warehouse 22
2月 14, 2026 1:03:32 上午 spec.jbb.JBBmain DoARun -> 信息:   started user thread for Warehouse 23
2月 14, 2026 1:03:32 上午 spec.jbb.JBBmain DoARun -> 信息:   started user thread for Warehouse 24
2月 14, 2026 1:03:32 上午 spec.jbb.JBBmain DoARun -> 信息:   started user thread for Warehouse 25
2月 14, 2026 1:03:32 上午 spec.jbb.JBBmain DoARun -> 信息:   started user thread for Warehouse 26
2月 14, 2026 1:03:32 上午 spec.jbb.JBBmain DoARun -> 信息:   started user thread for Warehouse 27
2月 14, 2026 1:03:32 上午 spec.jbb.JBBmain DoARun -> 信息:   started user thread for Warehouse 28
2月 14, 2026 1:03:32 上午 spec.jbb.JBBmain DoARun -> 信息:   started user thread for Warehouse 29
2月 14, 2026 1:03:32 上午 spec.jbb.JBBmain DoARun -> 信息:   started user thread for Warehouse 30
2月 14, 2026 1:03:32 上午 spec.jbb.JBBmain DoARun -> 信息:   started user thread for Warehouse 31
2月 14, 2026 1:03:32 上午 spec.jbb.JBBmain DoARun -> 信息:   started user thread for Warehouse 32
2月 14, 2026 1:03:32 上午 spec.jbb.JBBmain DoARun -> 信息:   started user thread for Warehouse 33
2月 14, 2026 1:03:32 上午 spec.jbb.JBBmain DoARun -> 信息:   started user thread for Warehouse 34
2月 14, 2026 1:03:32 上午 spec.jbb.JBBmain DoARun -> 信息:   started user thread for Warehouse 35
2月 14, 2026 1:03:32 上午 spec.jbb.JBBmain DoARun -> 信息:   started user thread for Warehouse 36
2月 14, 2026 1:03:32 上午 spec.jbb.JBBmain DoARun -> 信息:   started user thread for Warehouse 37
2月 14, 2026 1:03:32 上午 spec.jbb.JBBmain DoARun -> 信息:   started user thread for Warehouse 38
2月 14, 2026 1:03:32 上午 spec.jbb.JBBmain DoARun -> 信息:   started user thread for Warehouse 39
2月 14, 2026 1:03:32 上午 spec.jbb.JBBmain DoARun -> 信息:   started user thread for Warehouse 40
2月 14, 2026 1:03:32 上午 spec.jbb.JBBmain DoARun -> 信息:   started user thread for Warehouse 41
2月 14, 2026 1:03:32 上午 spec.jbb.Company displayResultTotals -> 信息: Timing Measurement began Sat Feb 14 01:03:32 CST 2026 for 0.5 minutes
2月 14, 2026 1:04:02 上午 spec.jbb.Company displayResultTotals -> 信息: Timing Measurement ended Sat Feb 14 01:04:02 CST 2026
2月 14, 2026 1:04:02 上午 spec.jbb.Company primeWithDummyData -> 信息: Loading Warehouse 42...
2月 14, 2026 1:04:02 上午 spec.jbb.JBBmain DoARun -> 信息: Start User Threads
2月 14, 2026 1:04:02 上午 spec.jbb.JBBmain DoARun -> 信息:   started user thread for Warehouse 1
2月 14, 2026 1:04:02 上午 spec.jbb.JBBmain DoARun -> 信息:   started user thread for Warehouse 2
2月 14, 2026 1:04:02 上午 spec.jbb.JBBmain DoARun -> 信息:   started user thread for Warehouse 3
2月 14, 2026 1:04:02 上午 spec.jbb.JBBmain DoARun -> 信息:   started user thread for Warehouse 4
2月 14, 2026 1:04:02 上午 spec.jbb.JBBmain DoARun -> 信息:   started user thread for Warehouse 5
2月 14, 2026 1:04:02 上午 spec.jbb.JBBmain DoARun -> 信息:   started user thread for Warehouse 6
2月 14, 2026 1:04:02 上午 spec.jbb.JBBmain DoARun -> 信息:   started user thread for Warehouse 7
2月 14, 2026 1:04:02 上午 spec.jbb.JBBmain DoARun -> 信息:   started user thread for Warehouse 8
2月 14, 2026 1:04:02 上午 spec.jbb.JBBmain DoARun -> 信息:   started user thread for Warehouse 9
2月 14, 2026 1:04:02 上午 spec.jbb.JBBmain DoARun -> 信息:   started user thread for Warehouse 10
2月 14, 2026 1:04:02 上午 spec.jbb.JBBmain DoARun -> 信息:   started user thread for Warehouse 11
2月 14, 2026 1:04:02 上午 spec.jbb.JBBmain DoARun -> 信息:   started user thread for Warehouse 12
2月 14, 2026 1:04:02 上午 spec.jbb.JBBmain DoARun -> 信息:   started user thread for Warehouse 13
2月 14, 2026 1:04:02 上午 spec.jbb.JBBmain DoARun -> 信息:   started user thread for Warehouse 14
2月 14, 2026 1:04:02 上午 spec.jbb.JBBmain DoARun -> 信息:   started user thread for Warehouse 15
2月 14, 2026 1:04:02 上午 spec.jbb.JBBmain DoARun -> 信息:   started user thread for Warehouse 16
2月 14, 2026 1:04:02 上午 spec.jbb.JBBmain DoARun -> 信息:   started user thread for Warehouse 17
2月 14, 2026 1:04:02 上午 spec.jbb.JBBmain DoARun -> 信息:   started user thread for Warehouse 18
2月 14, 2026 1:04:02 上午 spec.jbb.JBBmain DoARun -> 信息:   started user thread for Warehouse 19
2月 14, 2026 1:04:02 上午 spec.jbb.JBBmain DoARun -> 信息:   started user thread for Warehouse 20
2月 14, 2026 1:04:02 上午 spec.jbb.JBBmain DoARun -> 信息:   started user thread for Warehouse 21
2月 14, 2026 1:04:02 上午 spec.jbb.JBBmain DoARun -> 信息:   started user thread for Warehouse 22
2月 14, 2026 1:04:02 上午 spec.jbb.JBBmain DoARun -> 信息:   started user thread for Warehouse 23
2月 14, 2026 1:04:02 上午 spec.jbb.JBBmain DoARun -> 信息:   started user thread for Warehouse 24
2月 14, 2026 1:04:02 上午 spec.jbb.JBBmain DoARun -> 信息:   started user thread for Warehouse 25
2月 14, 2026 1:04:02 上午 spec.jbb.JBBmain DoARun -> 信息:   started user thread for Warehouse 26
2月 14, 2026 1:04:02 上午 spec.jbb.JBBmain DoARun -> 信息:   started user thread for Warehouse 27
2月 14, 2026 1:04:02 上午 spec.jbb.JBBmain DoARun -> 信息:   started user thread for Warehouse 28
2月 14, 2026 1:04:02 上午 spec.jbb.JBBmain DoARun -> 信息:   started user thread for Warehouse 29
2月 14, 2026 1:04:02 上午 spec.jbb.JBBmain DoARun -> 信息:   started user thread for Warehouse 30
2月 14, 2026 1:04:02 上午 spec.jbb.JBBmain DoARun -> 信息:   started user thread for Warehouse 31
2月 14, 2026 1:04:02 上午 spec.jbb.JBBmain DoARun -> 信息:   started user thread for Warehouse 32
2月 14, 2026 1:04:02 上午 spec.jbb.JBBmain DoARun -> 信息:   started user thread for Warehouse 33
2月 14, 2026 1:04:02 上午 spec.jbb.JBBmain DoARun -> 信息:   started user thread for Warehouse 34
2月 14, 2026 1:04:02 上午 spec.jbb.JBBmain DoARun -> 信息:   started user thread for Warehouse 35
2月 14, 2026 1:04:02 上午 spec.jbb.JBBmain DoARun -> 信息:   started user thread for Warehouse 36
2月 14, 2026 1:04:02 上午 spec.jbb.JBBmain DoARun -> 信息:   started user thread for Warehouse 37
2月 14, 2026 1:04:02 上午 spec.jbb.JBBmain DoARun -> 信息:   started user thread for Warehouse 38
2月 14, 2026 1:04:02 上午 spec.jbb.JBBmain DoARun -> 信息:   started user thread for Warehouse 39
2月 14, 2026 1:04:02 上午 spec.jbb.JBBmain DoARun -> 信息:   started user thread for Warehouse 40
2月 14, 2026 1:04:02 上午 spec.jbb.JBBmain DoARun -> 信息:   started user thread for Warehouse 41
2月 14, 2026 1:04:02 上午 spec.jbb.JBBmain DoARun -> 信息:   started user thread for Warehouse 42
2月 14, 2026 1:04:02 上午 spec.jbb.Company displayResultTotals -> 信息: Timing Measurement began Sat Feb 14 01:04:02 CST 2026 for 0.5 minutes
2月 14, 2026 1:04:32 上午 spec.jbb.Company displayResultTotals -> 信息: Timing Measurement ended Sat Feb 14 01:04:32 CST 2026
2月 14, 2026 1:04:32 上午 spec.jbb.Company primeWithDummyData -> 信息: Loading Warehouse 43...
2月 14, 2026 1:04:32 上午 spec.jbb.JBBmain DoARun -> 信息: Start User Threads
2月 14, 2026 1:04:32 上午 spec.jbb.JBBmain DoARun -> 信息:   started user thread for Warehouse 1
2月 14, 2026 1:04:32 上午 spec.jbb.JBBmain DoARun -> 信息:   started user thread for Warehouse 2
2月 14, 2026 1:04:32 上午 spec.jbb.JBBmain DoARun -> 信息:   started user thread for Warehouse 3
2月 14, 2026 1:04:32 上午 spec.jbb.JBBmain DoARun -> 信息:   started user thread for Warehouse 4
2月 14, 2026 1:04:32 上午 spec.jbb.JBBmain DoARun -> 信息:   started user thread for Warehouse 5
2月 14, 2026 1:04:32 上午 spec.jbb.JBBmain DoARun -> 信息:   started user thread for Warehouse 6
2月 14, 2026 1:04:32 上午 spec.jbb.JBBmain DoARun -> 信息:   started user thread for Warehouse 7
2月 14, 2026 1:04:32 上午 spec.jbb.JBBmain DoARun -> 信息:   started user thread for Warehouse 8
2月 14, 2026 1:04:32 上午 spec.jbb.JBBmain DoARun -> 信息:   started user thread for Warehouse 9
2月 14, 2026 1:04:32 上午 spec.jbb.JBBmain DoARun -> 信息:   started user thread for Warehouse 10
2月 14, 2026 1:04:32 上午 spec.jbb.JBBmain DoARun -> 信息:   started user thread for Warehouse 11
2月 14, 2026 1:04:32 上午 spec.jbb.JBBmain DoARun -> 信息:   started user thread for Warehouse 12
2月 14, 2026 1:04:32 上午 spec.jbb.JBBmain DoARun -> 信息:   started user thread for Warehouse 13
2月 14, 2026 1:04:32 上午 spec.jbb.JBBmain DoARun -> 信息:   started user thread for Warehouse 14
2月 14, 2026 1:04:32 上午 spec.jbb.JBBmain DoARun -> 信息:   started user thread for Warehouse 15
2月 14, 2026 1:04:32 上午 spec.jbb.JBBmain DoARun -> 信息:   started user thread for Warehouse 16
2月 14, 2026 1:04:32 上午 spec.jbb.JBBmain DoARun -> 信息:   started user thread for Warehouse 17
2月 14, 2026 1:04:32 上午 spec.jbb.JBBmain DoARun -> 信息:   started user thread for Warehouse 18
2月 14, 2026 1:04:32 上午 spec.jbb.JBBmain DoARun -> 信息:   started user thread for Warehouse 19
2月 14, 2026 1:04:32 上午 spec.jbb.JBBmain DoARun -> 信息:   started user thread for Warehouse 20
2月 14, 2026 1:04:32 上午 spec.jbb.JBBmain DoARun -> 信息:   started user thread for Warehouse 21
2月 14, 2026 1:04:32 上午 spec.jbb.JBBmain DoARun -> 信息:   started user thread for Warehouse 22
2月 14, 2026 1:04:32 上午 spec.jbb.JBBmain DoARun -> 信息:   started user thread for Warehouse 23
2月 14, 2026 1:04:32 上午 spec.jbb.JBBmain DoARun -> 信息:   started user thread for Warehouse 24
2月 14, 2026 1:04:32 上午 spec.jbb.JBBmain DoARun -> 信息:   started user thread for Warehouse 25
2月 14, 2026 1:04:32 上午 spec.jbb.JBBmain DoARun -> 信息:   started user thread for Warehouse 26
2月 14, 2026 1:04:32 上午 spec.jbb.JBBmain DoARun -> 信息:   started user thread for Warehouse 27
2月 14, 2026 1:04:32 上午 spec.jbb.JBBmain DoARun -> 信息:   started user thread for Warehouse 28
2月 14, 2026 1:04:32 上午 spec.jbb.JBBmain DoARun -> 信息:   started user thread for Warehouse 29
2月 14, 2026 1:04:32 上午 spec.jbb.JBBmain DoARun -> 信息:   started user thread for Warehouse 30
2月 14, 2026 1:04:32 上午 spec.jbb.JBBmain DoARun -> 信息:   started user thread for Warehouse 31
2月 14, 2026 1:04:32 上午 spec.jbb.JBBmain DoARun -> 信息:   started user thread for Warehouse 32
2月 14, 2026 1:04:32 上午 spec.jbb.JBBmain DoARun -> 信息:   started user thread for Warehouse 33
2月 14, 2026 1:04:32 上午 spec.jbb.JBBmain DoARun -> 信息:   started user thread for Warehouse 34
2月 14, 2026 1:04:32 上午 spec.jbb.JBBmain DoARun -> 信息:   started user thread for Warehouse 35
2月 14, 2026 1:04:32 上午 spec.jbb.JBBmain DoARun -> 信息:   started user thread for Warehouse 36
2月 14, 2026 1:04:32 上午 spec.jbb.JBBmain DoARun -> 信息:   started user thread for Warehouse 37
2月 14, 2026 1:04:32 上午 spec.jbb.JBBmain DoARun -> 信息:   started user thread for Warehouse 38
2月 14, 2026 1:04:32 上午 spec.jbb.JBBmain DoARun -> 信息:   started user thread for Warehouse 39
2月 14, 2026 1:04:32 上午 spec.jbb.JBBmain DoARun -> 信息:   started user thread for Warehouse 40
2月 14, 2026 1:04:32 上午 spec.jbb.JBBmain DoARun -> 信息:   started user thread for Warehouse 41
2月 14, 2026 1:04:32 上午 spec.jbb.JBBmain DoARun -> 信息:   started user thread for Warehouse 42
2月 14, 2026 1:04:32 上午 spec.jbb.JBBmain DoARun -> 信息:   started user thread for Warehouse 43
2月 14, 2026 1:04:32 上午 spec.jbb.Company displayResultTotals -> 信息: Timing Measurement began Sat Feb 14 01:04:32 CST 2026 for 0.5 minutes
2月 14, 2026 1:05:02 上午 spec.jbb.Company displayResultTotals -> 信息: Timing Measurement ended Sat Feb 14 01:05:02 CST 2026
2月 14, 2026 1:05:02 上午 spec.jbb.Company primeWithDummyData -> 信息: Loading Warehouse 44...
2月 14, 2026 1:05:02 上午 spec.jbb.JBBmain DoARun -> 信息: Start User Threads
2月 14, 2026 1:05:02 上午 spec.jbb.JBBmain DoARun -> 信息:   started user thread for Warehouse 1
2月 14, 2026 1:05:02 上午 spec.jbb.JBBmain DoARun -> 信息:   started user thread for Warehouse 2
2月 14, 2026 1:05:02 上午 spec.jbb.JBBmain DoARun -> 信息:   started user thread for Warehouse 3
2月 14, 2026 1:05:02 上午 spec.jbb.JBBmain DoARun -> 信息:   started user thread for Warehouse 4
2月 14, 2026 1:05:02 上午 spec.jbb.JBBmain DoARun -> 信息:   started user thread for Warehouse 5
2月 14, 2026 1:05:02 上午 spec.jbb.JBBmain DoARun -> 信息:   started user thread for Warehouse 6
2月 14, 2026 1:05:02 上午 spec.jbb.JBBmain DoARun -> 信息:   started user thread for Warehouse 7
2月 14, 2026 1:05:02 上午 spec.jbb.JBBmain DoARun -> 信息:   started user thread for Warehouse 8
2月 14, 2026 1:05:02 上午 spec.jbb.JBBmain DoARun -> 信息:   started user thread for Warehouse 9
2月 14, 2026 1:05:02 上午 spec.jbb.JBBmain DoARun -> 信息:   started user thread for Warehouse 10
2月 14, 2026 1:05:02 上午 spec.jbb.JBBmain DoARun -> 信息:   started user thread for Warehouse 11
2月 14, 2026 1:05:02 上午 spec.jbb.JBBmain DoARun -> 信息:   started user thread for Warehouse 12
2月 14, 2026 1:05:02 上午 spec.jbb.JBBmain DoARun -> 信息:   started user thread for Warehouse 13
2月 14, 2026 1:05:02 上午 spec.jbb.JBBmain DoARun -> 信息:   started user thread for Warehouse 14
2月 14, 2026 1:05:02 上午 spec.jbb.JBBmain DoARun -> 信息:   started user thread for Warehouse 15
2月 14, 2026 1:05:02 上午 spec.jbb.JBBmain DoARun -> 信息:   started user thread for Warehouse 16
2月 14, 2026 1:05:02 上午 spec.jbb.JBBmain DoARun -> 信息:   started user thread for Warehouse 17
2月 14, 2026 1:05:02 上午 spec.jbb.JBBmain DoARun -> 信息:   started user thread for Warehouse 18
2月 14, 2026 1:05:02 上午 spec.jbb.JBBmain DoARun -> 信息:   started user thread for Warehouse 19
2月 14, 2026 1:05:02 上午 spec.jbb.JBBmain DoARun -> 信息:   started user thread for Warehouse 20
2月 14, 2026 1:05:02 上午 spec.jbb.JBBmain DoARun -> 信息:   started user thread for Warehouse 21
2月 14, 2026 1:05:02 上午 spec.jbb.JBBmain DoARun -> 信息:   started user thread for Warehouse 22
2月 14, 2026 1:05:02 上午 spec.jbb.JBBmain DoARun -> 信息:   started user thread for Warehouse 23
2月 14, 2026 1:05:02 上午 spec.jbb.JBBmain DoARun -> 信息:   started user thread for Warehouse 24
2月 14, 2026 1:05:02 上午 spec.jbb.JBBmain DoARun -> 信息:   started user thread for Warehouse 25
2月 14, 2026 1:05:02 上午 spec.jbb.JBBmain DoARun -> 信息:   started user thread for Warehouse 26
2月 14, 2026 1:05:02 上午 spec.jbb.JBBmain DoARun -> 信息:   started user thread for Warehouse 27
2月 14, 2026 1:05:02 上午 spec.jbb.JBBmain DoARun -> 信息:   started user thread for Warehouse 28
2月 14, 2026 1:05:02 上午 spec.jbb.JBBmain DoARun -> 信息:   started user thread for Warehouse 29
2月 14, 2026 1:05:02 上午 spec.jbb.JBBmain DoARun -> 信息:   started user thread for Warehouse 30
2月 14, 2026 1:05:02 上午 spec.jbb.JBBmain DoARun -> 信息:   started user thread for Warehouse 31
2月 14, 2026 1:05:02 上午 spec.jbb.JBBmain DoARun -> 信息:   started user thread for Warehouse 32
2月 14, 2026 1:05:02 上午 spec.jbb.JBBmain DoARun -> 信息:   started user thread for Warehouse 33
2月 14, 2026 1:05:02 上午 spec.jbb.JBBmain DoARun -> 信息:   started user thread for Warehouse 34
2月 14, 2026 1:05:02 上午 spec.jbb.JBBmain DoARun -> 信息:   started user thread for Warehouse 35
2月 14, 2026 1:05:02 上午 spec.jbb.JBBmain DoARun -> 信息:   started user thread for Warehouse 36
2月 14, 2026 1:05:02 上午 spec.jbb.JBBmain DoARun -> 信息:   started user thread for Warehouse 37
2月 14, 2026 1:05:02 上午 spec.jbb.JBBmain DoARun -> 信息:   started user thread for Warehouse 38
2月 14, 2026 1:05:02 上午 spec.jbb.JBBmain DoARun -> 信息:   started user thread for Warehouse 39
2月 14, 2026 1:05:02 上午 spec.jbb.JBBmain DoARun -> 信息:   started user thread for Warehouse 40
2月 14, 2026 1:05:02 上午 spec.jbb.JBBmain DoARun -> 信息:   started user thread for Warehouse 41
2月 14, 2026 1:05:02 上午 spec.jbb.JBBmain DoARun -> 信息:   started user thread for Warehouse 42
2月 14, 2026 1:05:02 上午 spec.jbb.JBBmain DoARun -> 信息:   started user thread for Warehouse 43
2月 14, 2026 1:05:02 上午 spec.jbb.JBBmain DoARun -> 信息:   started user thread for Warehouse 44
2月 14, 2026 1:05:02 上午 spec.jbb.Company displayResultTotals -> 信息: Timing Measurement began Sat Feb 14 01:05:02 CST 2026 for 0.5 minutes
2月 14, 2026 1:05:32 上午 spec.jbb.Company displayResultTotals -> 信息: Timing Measurement ended Sat Feb 14 01:05:32 CST 2026
2月 14, 2026 1:05:32 上午 spec.jbb.Company primeWithDummyData -> 信息: Loading Warehouse 45...
2月 14, 2026 1:05:33 上午 spec.jbb.JBBmain DoARun -> 信息: Start User Threads
2月 14, 2026 1:05:33 上午 spec.jbb.JBBmain DoARun -> 信息:   started user thread for Warehouse 1
2月 14, 2026 1:05:33 上午 spec.jbb.JBBmain DoARun -> 信息:   started user thread for Warehouse 2
2月 14, 2026 1:05:33 上午 spec.jbb.JBBmain DoARun -> 信息:   started user thread for Warehouse 3
2月 14, 2026 1:05:33 上午 spec.jbb.JBBmain DoARun -> 信息:   started user thread for Warehouse 4
2月 14, 2026 1:05:33 上午 spec.jbb.JBBmain DoARun -> 信息:   started user thread for Warehouse 5
2月 14, 2026 1:05:33 上午 spec.jbb.JBBmain DoARun -> 信息:   started user thread for Warehouse 6
2月 14, 2026 1:05:33 上午 spec.jbb.JBBmain DoARun -> 信息:   started user thread for Warehouse 7
2月 14, 2026 1:05:33 上午 spec.jbb.JBBmain DoARun -> 信息:   started user thread for Warehouse 8
2月 14, 2026 1:05:33 上午 spec.jbb.JBBmain DoARun -> 信息:   started user thread for Warehouse 9
2月 14, 2026 1:05:33 上午 spec.jbb.JBBmain DoARun -> 信息:   started user thread for Warehouse 10
2月 14, 2026 1:05:33 上午 spec.jbb.JBBmain DoARun -> 信息:   started user thread for Warehouse 11
2月 14, 2026 1:05:33 上午 spec.jbb.JBBmain DoARun -> 信息:   started user thread for Warehouse 12
2月 14, 2026 1:05:33 上午 spec.jbb.JBBmain DoARun -> 信息:   started user thread for Warehouse 13
2月 14, 2026 1:05:33 上午 spec.jbb.JBBmain DoARun -> 信息:   started user thread for Warehouse 14
2月 14, 2026 1:05:33 上午 spec.jbb.JBBmain DoARun -> 信息:   started user thread for Warehouse 15
2月 14, 2026 1:05:33 上午 spec.jbb.JBBmain DoARun -> 信息:   started user thread for Warehouse 16
2月 14, 2026 1:05:33 上午 spec.jbb.JBBmain DoARun -> 信息:   started user thread for Warehouse 17
2月 14, 2026 1:05:33 上午 spec.jbb.JBBmain DoARun -> 信息:   started user thread for Warehouse 18
2月 14, 2026 1:05:33 上午 spec.jbb.JBBmain DoARun -> 信息:   started user thread for Warehouse 19
2月 14, 2026 1:05:33 上午 spec.jbb.JBBmain DoARun -> 信息:   started user thread for Warehouse 20
2月 14, 2026 1:05:33 上午 spec.jbb.JBBmain DoARun -> 信息:   started user thread for Warehouse 21
2月 14, 2026 1:05:33 上午 spec.jbb.JBBmain DoARun -> 信息:   started user thread for Warehouse 22
2月 14, 2026 1:05:33 上午 spec.jbb.JBBmain DoARun -> 信息:   started user thread for Warehouse 23
2月 14, 2026 1:05:33 上午 spec.jbb.JBBmain DoARun -> 信息:   started user thread for Warehouse 24
2月 14, 2026 1:05:33 上午 spec.jbb.JBBmain DoARun -> 信息:   started user thread for Warehouse 25
2月 14, 2026 1:05:33 上午 spec.jbb.JBBmain DoARun -> 信息:   started user thread for Warehouse 26
2月 14, 2026 1:05:33 上午 spec.jbb.JBBmain DoARun -> 信息:   started user thread for Warehouse 27
2月 14, 2026 1:05:33 上午 spec.jbb.JBBmain DoARun -> 信息:   started user thread for Warehouse 28
2月 14, 2026 1:05:33 上午 spec.jbb.JBBmain DoARun -> 信息:   started user thread for Warehouse 29
2月 14, 2026 1:05:33 上午 spec.jbb.JBBmain DoARun -> 信息:   started user thread for Warehouse 30
2月 14, 2026 1:05:33 上午 spec.jbb.JBBmain DoARun -> 信息:   started user thread for Warehouse 31
2月 14, 2026 1:05:33 上午 spec.jbb.JBBmain DoARun -> 信息:   started user thread for Warehouse 32
2月 14, 2026 1:05:33 上午 spec.jbb.JBBmain DoARun -> 信息:   started user thread for Warehouse 33
2月 14, 2026 1:05:33 上午 spec.jbb.JBBmain DoARun -> 信息:   started user thread for Warehouse 34
2月 14, 2026 1:05:33 上午 spec.jbb.JBBmain DoARun -> 信息:   started user thread for Warehouse 35
2月 14, 2026 1:05:33 上午 spec.jbb.JBBmain DoARun -> 信息:   started user thread for Warehouse 36
2月 14, 2026 1:05:33 上午 spec.jbb.JBBmain DoARun -> 信息:   started user thread for Warehouse 37
2月 14, 2026 1:05:33 上午 spec.jbb.JBBmain DoARun -> 信息:   started user thread for Warehouse 38
2月 14, 2026 1:05:33 上午 spec.jbb.JBBmain DoARun -> 信息:   started user thread for Warehouse 39
2月 14, 2026 1:05:33 上午 spec.jbb.JBBmain DoARun -> 信息:   started user thread for Warehouse 40
2月 14, 2026 1:05:33 上午 spec.jbb.JBBmain DoARun -> 信息:   started user thread for Warehouse 41
2月 14, 2026 1:05:33 上午 spec.jbb.JBBmain DoARun -> 信息:   started user thread for Warehouse 42
2月 14, 2026 1:05:33 上午 spec.jbb.JBBmain DoARun -> 信息:   started user thread for Warehouse 43
2月 14, 2026 1:05:33 上午 spec.jbb.JBBmain DoARun -> 信息:   started user thread for Warehouse 44
2月 14, 2026 1:05:33 上午 spec.jbb.JBBmain DoARun -> 信息:   started user thread for Warehouse 45
2月 14, 2026 1:05:33 上午 spec.jbb.Company displayResultTotals -> 信息: Timing Measurement began Sat Feb 14 01:05:33 CST 2026 for 0.5 minutes
2月 14, 2026 1:06:03 上午 spec.jbb.Company displayResultTotals -> 信息: Timing Measurement ended Sat Feb 14 01:06:03 CST 2026
2月 14, 2026 1:06:03 上午 spec.jbb.Company primeWithDummyData -> 信息: Loading Warehouse 46...
2月 14, 2026 1:06:03 上午 spec.jbb.JBBmain DoARun -> 信息: Start User Threads
2月 14, 2026 1:06:03 上午 spec.jbb.JBBmain DoARun -> 信息:   started user thread for Warehouse 1
2月 14, 2026 1:06:03 上午 spec.jbb.JBBmain DoARun -> 信息:   started user thread for Warehouse 2
2月 14, 2026 1:06:03 上午 spec.jbb.JBBmain DoARun -> 信息:   started user thread for Warehouse 3
2月 14, 2026 1:06:03 上午 spec.jbb.JBBmain DoARun -> 信息:   started user thread for Warehouse 4
2月 14, 2026 1:06:03 上午 spec.jbb.JBBmain DoARun -> 信息:   started user thread for Warehouse 5
2月 14, 2026 1:06:03 上午 spec.jbb.JBBmain DoARun -> 信息:   started user thread for Warehouse 6
2月 14, 2026 1:06:03 上午 spec.jbb.JBBmain DoARun -> 信息:   started user thread for Warehouse 7
2月 14, 2026 1:06:03 上午 spec.jbb.JBBmain DoARun -> 信息:   started user thread for Warehouse 8
2月 14, 2026 1:06:03 上午 spec.jbb.JBBmain DoARun -> 信息:   started user thread for Warehouse 9
2月 14, 2026 1:06:03 上午 spec.jbb.JBBmain DoARun -> 信息:   started user thread for Warehouse 10
2月 14, 2026 1:06:03 上午 spec.jbb.JBBmain DoARun -> 信息:   started user thread for Warehouse 11
2月 14, 2026 1:06:03 上午 spec.jbb.JBBmain DoARun -> 信息:   started user thread for Warehouse 12
2月 14, 2026 1:06:03 上午 spec.jbb.JBBmain DoARun -> 信息:   started user thread for Warehouse 13
2月 14, 2026 1:06:03 上午 spec.jbb.JBBmain DoARun -> 信息:   started user thread for Warehouse 14
2月 14, 2026 1:06:03 上午 spec.jbb.JBBmain DoARun -> 信息:   started user thread for Warehouse 15
2月 14, 2026 1:06:03 上午 spec.jbb.JBBmain DoARun -> 信息:   started user thread for Warehouse 16
2月 14, 2026 1:06:03 上午 spec.jbb.JBBmain DoARun -> 信息:   started user thread for Warehouse 17
2月 14, 2026 1:06:03 上午 spec.jbb.JBBmain DoARun -> 信息:   started user thread for Warehouse 18
2月 14, 2026 1:06:03 上午 spec.jbb.JBBmain DoARun -> 信息:   started user thread for Warehouse 19
2月 14, 2026 1:06:03 上午 spec.jbb.JBBmain DoARun -> 信息:   started user thread for Warehouse 20
2月 14, 2026 1:06:03 上午 spec.jbb.JBBmain DoARun -> 信息:   started user thread for Warehouse 21
2月 14, 2026 1:06:03 上午 spec.jbb.JBBmain DoARun -> 信息:   started user thread for Warehouse 22
2月 14, 2026 1:06:03 上午 spec.jbb.JBBmain DoARun -> 信息:   started user thread for Warehouse 23
2月 14, 2026 1:06:03 上午 spec.jbb.JBBmain DoARun -> 信息:   started user thread for Warehouse 24
2月 14, 2026 1:06:03 上午 spec.jbb.JBBmain DoARun -> 信息:   started user thread for Warehouse 25
2月 14, 2026 1:06:03 上午 spec.jbb.JBBmain DoARun -> 信息:   started user thread for Warehouse 26
2月 14, 2026 1:06:03 上午 spec.jbb.JBBmain DoARun -> 信息:   started user thread for Warehouse 27
2月 14, 2026 1:06:03 上午 spec.jbb.JBBmain DoARun -> 信息:   started user thread for Warehouse 28
2月 14, 2026 1:06:03 上午 spec.jbb.JBBmain DoARun -> 信息:   started user thread for Warehouse 29
2月 14, 2026 1:06:03 上午 spec.jbb.JBBmain DoARun -> 信息:   started user thread for Warehouse 30
2月 14, 2026 1:06:03 上午 spec.jbb.JBBmain DoARun -> 信息:   started user thread for Warehouse 31
2月 14, 2026 1:06:03 上午 spec.jbb.JBBmain DoARun -> 信息:   started user thread for Warehouse 32
2月 14, 2026 1:06:03 上午 spec.jbb.JBBmain DoARun -> 信息:   started user thread for Warehouse 33
2月 14, 2026 1:06:03 上午 spec.jbb.JBBmain DoARun -> 信息:   started user thread for Warehouse 34
2月 14, 2026 1:06:03 上午 spec.jbb.JBBmain DoARun -> 信息:   started user thread for Warehouse 35
2月 14, 2026 1:06:03 上午 spec.jbb.JBBmain DoARun -> 信息:   started user thread for Warehouse 36
2月 14, 2026 1:06:03 上午 spec.jbb.JBBmain DoARun -> 信息:   started user thread for Warehouse 37
2月 14, 2026 1:06:03 上午 spec.jbb.JBBmain DoARun -> 信息:   started user thread for Warehouse 38
2月 14, 2026 1:06:03 上午 spec.jbb.JBBmain DoARun -> 信息:   started user thread for Warehouse 39
2月 14, 2026 1:06:03 上午 spec.jbb.JBBmain DoARun -> 信息:   started user thread for Warehouse 40
2月 14, 2026 1:06:03 上午 spec.jbb.JBBmain DoARun -> 信息:   started user thread for Warehouse 41
2月 14, 2026 1:06:03 上午 spec.jbb.JBBmain DoARun -> 信息:   started user thread for Warehouse 42
2月 14, 2026 1:06:03 上午 spec.jbb.JBBmain DoARun -> 信息:   started user thread for Warehouse 43
2月 14, 2026 1:06:03 上午 spec.jbb.JBBmain DoARun -> 信息:   started user thread for Warehouse 44
2月 14, 2026 1:06:03 上午 spec.jbb.JBBmain DoARun -> 信息:   started user thread for Warehouse 45
2月 14, 2026 1:06:03 上午 spec.jbb.JBBmain DoARun -> 信息:   started user thread for Warehouse 46
2月 14, 2026 1:06:03 上午 spec.jbb.Company displayResultTotals -> 信息: Timing Measurement began Sat Feb 14 01:06:03 CST 2026 for 0.5 minutes
2月 14, 2026 1:06:33 上午 spec.jbb.Company displayResultTotals -> 信息: Timing Measurement ended Sat Feb 14 01:06:33 CST 2026
2月 14, 2026 1:06:33 上午 spec.jbb.Company primeWithDummyData -> 信息: Loading Warehouse 47...
2月 14, 2026 1:06:33 上午 spec.jbb.JBBmain DoARun -> 信息: Start User Threads
2月 14, 2026 1:06:33 上午 spec.jbb.JBBmain DoARun -> 信息:   started user thread for Warehouse 1
2月 14, 2026 1:06:33 上午 spec.jbb.JBBmain DoARun -> 信息:   started user thread for Warehouse 2
2月 14, 2026 1:06:33 上午 spec.jbb.JBBmain DoARun -> 信息:   started user thread for Warehouse 3
2月 14, 2026 1:06:33 上午 spec.jbb.JBBmain DoARun -> 信息:   started user thread for Warehouse 4
2月 14, 2026 1:06:33 上午 spec.jbb.JBBmain DoARun -> 信息:   started user thread for Warehouse 5
2月 14, 2026 1:06:33 上午 spec.jbb.JBBmain DoARun -> 信息:   started user thread for Warehouse 6
2月 14, 2026 1:06:33 上午 spec.jbb.JBBmain DoARun -> 信息:   started user thread for Warehouse 7
2月 14, 2026 1:06:33 上午 spec.jbb.JBBmain DoARun -> 信息:   started user thread for Warehouse 8
2月 14, 2026 1:06:33 上午 spec.jbb.JBBmain DoARun -> 信息:   started user thread for Warehouse 9
2月 14, 2026 1:06:33 上午 spec.jbb.JBBmain DoARun -> 信息:   started user thread for Warehouse 10
2月 14, 2026 1:06:33 上午 spec.jbb.JBBmain DoARun -> 信息:   started user thread for Warehouse 11
2月 14, 2026 1:06:33 上午 spec.jbb.JBBmain DoARun -> 信息:   started user thread for Warehouse 12
2月 14, 2026 1:06:33 上午 spec.jbb.JBBmain DoARun -> 信息:   started user thread for Warehouse 13
2月 14, 2026 1:06:33 上午 spec.jbb.JBBmain DoARun -> 信息:   started user thread for Warehouse 14
2月 14, 2026 1:06:33 上午 spec.jbb.JBBmain DoARun -> 信息:   started user thread for Warehouse 15
2月 14, 2026 1:06:33 上午 spec.jbb.JBBmain DoARun -> 信息:   started user thread for Warehouse 16
2月 14, 2026 1:06:33 上午 spec.jbb.JBBmain DoARun -> 信息:   started user thread for Warehouse 17
2月 14, 2026 1:06:33 上午 spec.jbb.JBBmain DoARun -> 信息:   started user thread for Warehouse 18
2月 14, 2026 1:06:33 上午 spec.jbb.JBBmain DoARun -> 信息:   started user thread for Warehouse 19
2月 14, 2026 1:06:33 上午 spec.jbb.JBBmain DoARun -> 信息:   started user thread for Warehouse 20
2月 14, 2026 1:06:33 上午 spec.jbb.JBBmain DoARun -> 信息:   started user thread for Warehouse 21
2月 14, 2026 1:06:33 上午 spec.jbb.JBBmain DoARun -> 信息:   started user thread for Warehouse 22
2月 14, 2026 1:06:33 上午 spec.jbb.JBBmain DoARun -> 信息:   started user thread for Warehouse 23
2月 14, 2026 1:06:33 上午 spec.jbb.JBBmain DoARun -> 信息:   started user thread for Warehouse 24
2月 14, 2026 1:06:33 上午 spec.jbb.JBBmain DoARun -> 信息:   started user thread for Warehouse 25
2月 14, 2026 1:06:33 上午 spec.jbb.JBBmain DoARun -> 信息:   started user thread for Warehouse 26
2月 14, 2026 1:06:33 上午 spec.jbb.JBBmain DoARun -> 信息:   started user thread for Warehouse 27
2月 14, 2026 1:06:33 上午 spec.jbb.JBBmain DoARun -> 信息:   started user thread for Warehouse 28
2月 14, 2026 1:06:33 上午 spec.jbb.JBBmain DoARun -> 信息:   started user thread for Warehouse 29
2月 14, 2026 1:06:33 上午 spec.jbb.JBBmain DoARun -> 信息:   started user thread for Warehouse 30
2月 14, 2026 1:06:33 上午 spec.jbb.JBBmain DoARun -> 信息:   started user thread for Warehouse 31
2月 14, 2026 1:06:33 上午 spec.jbb.JBBmain DoARun -> 信息:   started user thread for Warehouse 32
2月 14, 2026 1:06:33 上午 spec.jbb.JBBmain DoARun -> 信息:   started user thread for Warehouse 33
2月 14, 2026 1:06:33 上午 spec.jbb.JBBmain DoARun -> 信息:   started user thread for Warehouse 34
2月 14, 2026 1:06:33 上午 spec.jbb.JBBmain DoARun -> 信息:   started user thread for Warehouse 35
2月 14, 2026 1:06:33 上午 spec.jbb.JBBmain DoARun -> 信息:   started user thread for Warehouse 36
2月 14, 2026 1:06:33 上午 spec.jbb.JBBmain DoARun -> 信息:   started user thread for Warehouse 37
2月 14, 2026 1:06:33 上午 spec.jbb.JBBmain DoARun -> 信息:   started user thread for Warehouse 38
2月 14, 2026 1:06:33 上午 spec.jbb.JBBmain DoARun -> 信息:   started user thread for Warehouse 39
2月 14, 2026 1:06:33 上午 spec.jbb.JBBmain DoARun -> 信息:   started user thread for Warehouse 40
2月 14, 2026 1:06:33 上午 spec.jbb.JBBmain DoARun -> 信息:   started user thread for Warehouse 41
2月 14, 2026 1:06:33 上午 spec.jbb.JBBmain DoARun -> 信息:   started user thread for Warehouse 42
2月 14, 2026 1:06:33 上午 spec.jbb.JBBmain DoARun -> 信息:   started user thread for Warehouse 43
2月 14, 2026 1:06:33 上午 spec.jbb.JBBmain DoARun -> 信息:   started user thread for Warehouse 44
2月 14, 2026 1:06:33 上午 spec.jbb.JBBmain DoARun -> 信息:   started user thread for Warehouse 45
2月 14, 2026 1:06:33 上午 spec.jbb.JBBmain DoARun -> 信息:   started user thread for Warehouse 46
2月 14, 2026 1:06:33 上午 spec.jbb.JBBmain DoARun -> 信息:   started user thread for Warehouse 47
2月 14, 2026 1:06:33 上午 spec.jbb.Company displayResultTotals -> 信息: Timing Measurement began Sat Feb 14 01:06:33 CST 2026 for 0.5 minutes
2月 14, 2026 1:07:03 上午 spec.jbb.Company displayResultTotals -> 信息: Timing Measurement ended Sat Feb 14 01:07:03 CST 2026
2月 14, 2026 1:07:03 上午 spec.jbb.Company primeWithDummyData -> 信息: Loading Warehouse 48...
2月 14, 2026 1:07:03 上午 spec.jbb.JBBmain DoARun -> 信息: Start User Threads
2月 14, 2026 1:07:03 上午 spec.jbb.JBBmain DoARun -> 信息:   started user thread for Warehouse 1
2月 14, 2026 1:07:03 上午 spec.jbb.JBBmain DoARun -> 信息:   started user thread for Warehouse 2
2月 14, 2026 1:07:03 上午 spec.jbb.JBBmain DoARun -> 信息:   started user thread for Warehouse 3
2月 14, 2026 1:07:03 上午 spec.jbb.JBBmain DoARun -> 信息:   started user thread for Warehouse 4
2月 14, 2026 1:07:03 上午 spec.jbb.JBBmain DoARun -> 信息:   started user thread for Warehouse 5
2月 14, 2026 1:07:03 上午 spec.jbb.JBBmain DoARun -> 信息:   started user thread for Warehouse 6
2月 14, 2026 1:07:03 上午 spec.jbb.JBBmain DoARun -> 信息:   started user thread for Warehouse 7
2月 14, 2026 1:07:03 上午 spec.jbb.JBBmain DoARun -> 信息:   started user thread for Warehouse 8
2月 14, 2026 1:07:03 上午 spec.jbb.JBBmain DoARun -> 信息:   started user thread for Warehouse 9
2月 14, 2026 1:07:03 上午 spec.jbb.JBBmain DoARun -> 信息:   started user thread for Warehouse 10
2月 14, 2026 1:07:03 上午 spec.jbb.JBBmain DoARun -> 信息:   started user thread for Warehouse 11
2月 14, 2026 1:07:03 上午 spec.jbb.JBBmain DoARun -> 信息:   started user thread for Warehouse 12
2月 14, 2026 1:07:03 上午 spec.jbb.JBBmain DoARun -> 信息:   started user thread for Warehouse 13
2月 14, 2026 1:07:03 上午 spec.jbb.JBBmain DoARun -> 信息:   started user thread for Warehouse 14
2月 14, 2026 1:07:03 上午 spec.jbb.JBBmain DoARun -> 信息:   started user thread for Warehouse 15
2月 14, 2026 1:07:03 上午 spec.jbb.JBBmain DoARun -> 信息:   started user thread for Warehouse 16
2月 14, 2026 1:07:03 上午 spec.jbb.JBBmain DoARun -> 信息:   started user thread for Warehouse 17
2月 14, 2026 1:07:03 上午 spec.jbb.JBBmain DoARun -> 信息:   started user thread for Warehouse 18
2月 14, 2026 1:07:03 上午 spec.jbb.JBBmain DoARun -> 信息:   started user thread for Warehouse 19
2月 14, 2026 1:07:03 上午 spec.jbb.JBBmain DoARun -> 信息:   started user thread for Warehouse 20
2月 14, 2026 1:07:03 上午 spec.jbb.JBBmain DoARun -> 信息:   started user thread for Warehouse 21
2月 14, 2026 1:07:03 上午 spec.jbb.JBBmain DoARun -> 信息:   started user thread for Warehouse 22
2月 14, 2026 1:07:03 上午 spec.jbb.JBBmain DoARun -> 信息:   started user thread for Warehouse 23
2月 14, 2026 1:07:03 上午 spec.jbb.JBBmain DoARun -> 信息:   started user thread for Warehouse 24
2月 14, 2026 1:07:03 上午 spec.jbb.JBBmain DoARun -> 信息:   started user thread for Warehouse 25
2月 14, 2026 1:07:03 上午 spec.jbb.JBBmain DoARun -> 信息:   started user thread for Warehouse 26
2月 14, 2026 1:07:03 上午 spec.jbb.JBBmain DoARun -> 信息:   started user thread for Warehouse 27
2月 14, 2026 1:07:03 上午 spec.jbb.JBBmain DoARun -> 信息:   started user thread for Warehouse 28
2月 14, 2026 1:07:03 上午 spec.jbb.JBBmain DoARun -> 信息:   started user thread for Warehouse 29
2月 14, 2026 1:07:03 上午 spec.jbb.JBBmain DoARun -> 信息:   started user thread for Warehouse 30
2月 14, 2026 1:07:03 上午 spec.jbb.JBBmain DoARun -> 信息:   started user thread for Warehouse 31
2月 14, 2026 1:07:03 上午 spec.jbb.JBBmain DoARun -> 信息:   started user thread for Warehouse 32
2月 14, 2026 1:07:03 上午 spec.jbb.JBBmain DoARun -> 信息:   started user thread for Warehouse 33
2月 14, 2026 1:07:03 上午 spec.jbb.JBBmain DoARun -> 信息:   started user thread for Warehouse 34
2月 14, 2026 1:07:03 上午 spec.jbb.JBBmain DoARun -> 信息:   started user thread for Warehouse 35
2月 14, 2026 1:07:03 上午 spec.jbb.JBBmain DoARun -> 信息:   started user thread for Warehouse 36
2月 14, 2026 1:07:03 上午 spec.jbb.JBBmain DoARun -> 信息:   started user thread for Warehouse 37
2月 14, 2026 1:07:03 上午 spec.jbb.JBBmain DoARun -> 信息:   started user thread for Warehouse 38
2月 14, 2026 1:07:03 上午 spec.jbb.JBBmain DoARun -> 信息:   started user thread for Warehouse 39
2月 14, 2026 1:07:03 上午 spec.jbb.JBBmain DoARun -> 信息:   started user thread for Warehouse 40
2月 14, 2026 1:07:03 上午 spec.jbb.JBBmain DoARun -> 信息:   started user thread for Warehouse 41
2月 14, 2026 1:07:03 上午 spec.jbb.JBBmain DoARun -> 信息:   started user thread for Warehouse 42
2月 14, 2026 1:07:03 上午 spec.jbb.JBBmain DoARun -> 信息:   started user thread for Warehouse 43
2月 14, 2026 1:07:03 上午 spec.jbb.JBBmain DoARun -> 信息:   started user thread for Warehouse 44
2月 14, 2026 1:07:03 上午 spec.jbb.JBBmain DoARun -> 信息:   started user thread for Warehouse 45
2月 14, 2026 1:07:03 上午 spec.jbb.JBBmain DoARun -> 信息:   started user thread for Warehouse 46
2月 14, 2026 1:07:03 上午 spec.jbb.JBBmain DoARun -> 信息:   started user thread for Warehouse 47
2月 14, 2026 1:07:03 上午 spec.jbb.JBBmain DoARun -> 信息:   started user thread for Warehouse 48
2月 14, 2026 1:07:03 上午 spec.jbb.Company displayResultTotals -> 信息: Timing Measurement began Sat Feb 14 01:07:03 CST 2026 for 0.5 minutes
2月 14, 2026 1:07:33 上午 spec.jbb.Company displayResultTotals -> 信息: Timing Measurement ended Sat Feb 14 01:07:33 CST 2026
2月 14, 2026 1:07:33 上午 spec.jbb.Company primeWithDummyData -> 信息: Loading Warehouse 49...
2月 14, 2026 1:07:33 上午 spec.jbb.JBBmain DoARun -> 信息: Start User Threads
2月 14, 2026 1:07:33 上午 spec.jbb.JBBmain DoARun -> 信息:   started user thread for Warehouse 1
2月 14, 2026 1:07:33 上午 spec.jbb.JBBmain DoARun -> 信息:   started user thread for Warehouse 2
2月 14, 2026 1:07:33 上午 spec.jbb.JBBmain DoARun -> 信息:   started user thread for Warehouse 3
2月 14, 2026 1:07:33 上午 spec.jbb.JBBmain DoARun -> 信息:   started user thread for Warehouse 4
2月 14, 2026 1:07:33 上午 spec.jbb.JBBmain DoARun -> 信息:   started user thread for Warehouse 5
2月 14, 2026 1:07:33 上午 spec.jbb.JBBmain DoARun -> 信息:   started user thread for Warehouse 6
2月 14, 2026 1:07:33 上午 spec.jbb.JBBmain DoARun -> 信息:   started user thread for Warehouse 7
2月 14, 2026 1:07:33 上午 spec.jbb.JBBmain DoARun -> 信息:   started user thread for Warehouse 8
2月 14, 2026 1:07:33 上午 spec.jbb.JBBmain DoARun -> 信息:   started user thread for Warehouse 9
2月 14, 2026 1:07:33 上午 spec.jbb.JBBmain DoARun -> 信息:   started user thread for Warehouse 10
2月 14, 2026 1:07:33 上午 spec.jbb.JBBmain DoARun -> 信息:   started user thread for Warehouse 11
2月 14, 2026 1:07:33 上午 spec.jbb.JBBmain DoARun -> 信息:   started user thread for Warehouse 12
2月 14, 2026 1:07:33 上午 spec.jbb.JBBmain DoARun -> 信息:   started user thread for Warehouse 13
2月 14, 2026 1:07:33 上午 spec.jbb.JBBmain DoARun -> 信息:   started user thread for Warehouse 14
2月 14, 2026 1:07:33 上午 spec.jbb.JBBmain DoARun -> 信息:   started user thread for Warehouse 15
2月 14, 2026 1:07:33 上午 spec.jbb.JBBmain DoARun -> 信息:   started user thread for Warehouse 16
2月 14, 2026 1:07:33 上午 spec.jbb.JBBmain DoARun -> 信息:   started user thread for Warehouse 17
2月 14, 2026 1:07:33 上午 spec.jbb.JBBmain DoARun -> 信息:   started user thread for Warehouse 18
2月 14, 2026 1:07:33 上午 spec.jbb.JBBmain DoARun -> 信息:   started user thread for Warehouse 19
2月 14, 2026 1:07:33 上午 spec.jbb.JBBmain DoARun -> 信息:   started user thread for Warehouse 20
2月 14, 2026 1:07:33 上午 spec.jbb.JBBmain DoARun -> 信息:   started user thread for Warehouse 21
2月 14, 2026 1:07:33 上午 spec.jbb.JBBmain DoARun -> 信息:   started user thread for Warehouse 22
2月 14, 2026 1:07:33 上午 spec.jbb.JBBmain DoARun -> 信息:   started user thread for Warehouse 23
2月 14, 2026 1:07:33 上午 spec.jbb.JBBmain DoARun -> 信息:   started user thread for Warehouse 24
2月 14, 2026 1:07:33 上午 spec.jbb.JBBmain DoARun -> 信息:   started user thread for Warehouse 25
2月 14, 2026 1:07:33 上午 spec.jbb.JBBmain DoARun -> 信息:   started user thread for Warehouse 26
2月 14, 2026 1:07:33 上午 spec.jbb.JBBmain DoARun -> 信息:   started user thread for Warehouse 27
2月 14, 2026 1:07:33 上午 spec.jbb.JBBmain DoARun -> 信息:   started user thread for Warehouse 28
2月 14, 2026 1:07:33 上午 spec.jbb.JBBmain DoARun -> 信息:   started user thread for Warehouse 29
2月 14, 2026 1:07:33 上午 spec.jbb.JBBmain DoARun -> 信息:   started user thread for Warehouse 30
2月 14, 2026 1:07:33 上午 spec.jbb.JBBmain DoARun -> 信息:   started user thread for Warehouse 31
2月 14, 2026 1:07:33 上午 spec.jbb.JBBmain DoARun -> 信息:   started user thread for Warehouse 32
2月 14, 2026 1:07:33 上午 spec.jbb.JBBmain DoARun -> 信息:   started user thread for Warehouse 33
2月 14, 2026 1:07:33 上午 spec.jbb.JBBmain DoARun -> 信息:   started user thread for Warehouse 34
2月 14, 2026 1:07:33 上午 spec.jbb.JBBmain DoARun -> 信息:   started user thread for Warehouse 35
2月 14, 2026 1:07:33 上午 spec.jbb.JBBmain DoARun -> 信息:   started user thread for Warehouse 36
2月 14, 2026 1:07:33 上午 spec.jbb.JBBmain DoARun -> 信息:   started user thread for Warehouse 37
2月 14, 2026 1:07:33 上午 spec.jbb.JBBmain DoARun -> 信息:   started user thread for Warehouse 38
2月 14, 2026 1:07:33 上午 spec.jbb.JBBmain DoARun -> 信息:   started user thread for Warehouse 39
2月 14, 2026 1:07:33 上午 spec.jbb.JBBmain DoARun -> 信息:   started user thread for Warehouse 40
2月 14, 2026 1:07:33 上午 spec.jbb.JBBmain DoARun -> 信息:   started user thread for Warehouse 41
2月 14, 2026 1:07:33 上午 spec.jbb.JBBmain DoARun -> 信息:   started user thread for Warehouse 42
2月 14, 2026 1:07:33 上午 spec.jbb.JBBmain DoARun -> 信息:   started user thread for Warehouse 43
2月 14, 2026 1:07:33 上午 spec.jbb.JBBmain DoARun -> 信息:   started user thread for Warehouse 44
2月 14, 2026 1:07:33 上午 spec.jbb.JBBmain DoARun -> 信息:   started user thread for Warehouse 45
2月 14, 2026 1:07:33 上午 spec.jbb.JBBmain DoARun -> 信息:   started user thread for Warehouse 46
2月 14, 2026 1:07:33 上午 spec.jbb.JBBmain DoARun -> 信息:   started user thread for Warehouse 47
2月 14, 2026 1:07:33 上午 spec.jbb.JBBmain DoARun -> 信息:   started user thread for Warehouse 48
2月 14, 2026 1:07:33 上午 spec.jbb.JBBmain DoARun -> 信息:   started user thread for Warehouse 49
2月 14, 2026 1:07:33 上午 spec.jbb.Company displayResultTotals -> 信息: Timing Measurement began Sat Feb 14 01:07:33 CST 2026 for 0.5 minutes
2月 14, 2026 1:08:03 上午 spec.jbb.Company displayResultTotals -> 信息: Timing Measurement ended Sat Feb 14 01:08:03 CST 2026
2月 14, 2026 1:08:03 上午 spec.jbb.Company primeWithDummyData -> 信息: Loading Warehouse 50...
2月 14, 2026 1:08:03 上午 spec.jbb.JBBmain DoARun -> 信息: Start User Threads
2月 14, 2026 1:08:03 上午 spec.jbb.JBBmain DoARun -> 信息:   started user thread for Warehouse 1
2月 14, 2026 1:08:03 上午 spec.jbb.JBBmain DoARun -> 信息:   started user thread for Warehouse 2
2月 14, 2026 1:08:03 上午 spec.jbb.JBBmain DoARun -> 信息:   started user thread for Warehouse 3
2月 14, 2026 1:08:03 上午 spec.jbb.JBBmain DoARun -> 信息:   started user thread for Warehouse 4
2月 14, 2026 1:08:03 上午 spec.jbb.JBBmain DoARun -> 信息:   started user thread for Warehouse 5
2月 14, 2026 1:08:03 上午 spec.jbb.JBBmain DoARun -> 信息:   started user thread for Warehouse 6
2月 14, 2026 1:08:03 上午 spec.jbb.JBBmain DoARun -> 信息:   started user thread for Warehouse 7
2月 14, 2026 1:08:03 上午 spec.jbb.JBBmain DoARun -> 信息:   started user thread for Warehouse 8
2月 14, 2026 1:08:03 上午 spec.jbb.JBBmain DoARun -> 信息:   started user thread for Warehouse 9
2月 14, 2026 1:08:03 上午 spec.jbb.JBBmain DoARun -> 信息:   started user thread for Warehouse 10
2月 14, 2026 1:08:03 上午 spec.jbb.JBBmain DoARun -> 信息:   started user thread for Warehouse 11
2月 14, 2026 1:08:03 上午 spec.jbb.JBBmain DoARun -> 信息:   started user thread for Warehouse 12
2月 14, 2026 1:08:03 上午 spec.jbb.JBBmain DoARun -> 信息:   started user thread for Warehouse 13
2月 14, 2026 1:08:03 上午 spec.jbb.JBBmain DoARun -> 信息:   started user thread for Warehouse 14
2月 14, 2026 1:08:03 上午 spec.jbb.JBBmain DoARun -> 信息:   started user thread for Warehouse 15
2月 14, 2026 1:08:03 上午 spec.jbb.JBBmain DoARun -> 信息:   started user thread for Warehouse 16
2月 14, 2026 1:08:03 上午 spec.jbb.JBBmain DoARun -> 信息:   started user thread for Warehouse 17
2月 14, 2026 1:08:03 上午 spec.jbb.JBBmain DoARun -> 信息:   started user thread for Warehouse 18
2月 14, 2026 1:08:03 上午 spec.jbb.JBBmain DoARun -> 信息:   started user thread for Warehouse 19
2月 14, 2026 1:08:03 上午 spec.jbb.JBBmain DoARun -> 信息:   started user thread for Warehouse 20
2月 14, 2026 1:08:03 上午 spec.jbb.JBBmain DoARun -> 信息:   started user thread for Warehouse 21
2月 14, 2026 1:08:03 上午 spec.jbb.JBBmain DoARun -> 信息:   started user thread for Warehouse 22
2月 14, 2026 1:08:03 上午 spec.jbb.JBBmain DoARun -> 信息:   started user thread for Warehouse 23
2月 14, 2026 1:08:03 上午 spec.jbb.JBBmain DoARun -> 信息:   started user thread for Warehouse 24
2月 14, 2026 1:08:03 上午 spec.jbb.JBBmain DoARun -> 信息:   started user thread for Warehouse 25
2月 14, 2026 1:08:03 上午 spec.jbb.JBBmain DoARun -> 信息:   started user thread for Warehouse 26
2月 14, 2026 1:08:03 上午 spec.jbb.JBBmain DoARun -> 信息:   started user thread for Warehouse 27
2月 14, 2026 1:08:03 上午 spec.jbb.JBBmain DoARun -> 信息:   started user thread for Warehouse 28
2月 14, 2026 1:08:03 上午 spec.jbb.JBBmain DoARun -> 信息:   started user thread for Warehouse 29
2月 14, 2026 1:08:03 上午 spec.jbb.JBBmain DoARun -> 信息:   started user thread for Warehouse 30
2月 14, 2026 1:08:03 上午 spec.jbb.JBBmain DoARun -> 信息:   started user thread for Warehouse 31
2月 14, 2026 1:08:03 上午 spec.jbb.JBBmain DoARun -> 信息:   started user thread for Warehouse 32
2月 14, 2026 1:08:03 上午 spec.jbb.JBBmain DoARun -> 信息:   started user thread for Warehouse 33
2月 14, 2026 1:08:03 上午 spec.jbb.JBBmain DoARun -> 信息:   started user thread for Warehouse 34
2月 14, 2026 1:08:03 上午 spec.jbb.JBBmain DoARun -> 信息:   started user thread for Warehouse 35
2月 14, 2026 1:08:03 上午 spec.jbb.JBBmain DoARun -> 信息:   started user thread for Warehouse 36
2月 14, 2026 1:08:03 上午 spec.jbb.JBBmain DoARun -> 信息:   started user thread for Warehouse 37
2月 14, 2026 1:08:03 上午 spec.jbb.JBBmain DoARun -> 信息:   started user thread for Warehouse 38
2月 14, 2026 1:08:03 上午 spec.jbb.JBBmain DoARun -> 信息:   started user thread for Warehouse 39
2月 14, 2026 1:08:03 上午 spec.jbb.JBBmain DoARun -> 信息:   started user thread for Warehouse 40
2月 14, 2026 1:08:03 上午 spec.jbb.JBBmain DoARun -> 信息:   started user thread for Warehouse 41
2月 14, 2026 1:08:03 上午 spec.jbb.JBBmain DoARun -> 信息:   started user thread for Warehouse 42
2月 14, 2026 1:08:03 上午 spec.jbb.JBBmain DoARun -> 信息:   started user thread for Warehouse 43
2月 14, 2026 1:08:03 上午 spec.jbb.JBBmain DoARun -> 信息:   started user thread for Warehouse 44
2月 14, 2026 1:08:03 上午 spec.jbb.JBBmain DoARun -> 信息:   started user thread for Warehouse 45
2月 14, 2026 1:08:03 上午 spec.jbb.JBBmain DoARun -> 信息:   started user thread for Warehouse 46
2月 14, 2026 1:08:03 上午 spec.jbb.JBBmain DoARun -> 信息:   started user thread for Warehouse 47
2月 14, 2026 1:08:03 上午 spec.jbb.JBBmain DoARun -> 信息:   started user thread for Warehouse 48
2月 14, 2026 1:08:03 上午 spec.jbb.JBBmain DoARun -> 信息:   started user thread for Warehouse 49
2月 14, 2026 1:08:03 上午 spec.jbb.JBBmain DoARun -> 信息:   started user thread for Warehouse 50
2月 14, 2026 1:08:03 上午 spec.jbb.Company displayResultTotals -> 信息: Timing Measurement began Sat Feb 14 01:08:03 CST 2026 for 0.5 minutes
2月 14, 2026 1:08:33 上午 spec.jbb.Company displayResultTotals -> 信息: Timing Measurement ended Sat Feb 14 01:08:33 CST 2026
2月 14, 2026 1:08:33 上午 spec.jbb.Company primeWithDummyData -> 信息: Loading Warehouse 51...
2月 14, 2026 1:08:34 上午 spec.jbb.JBBmain DoARun -> 信息: Start User Threads
2月 14, 2026 1:08:34 上午 spec.jbb.JBBmain DoARun -> 信息:   started user thread for Warehouse 1
2月 14, 2026 1:08:34 上午 spec.jbb.JBBmain DoARun -> 信息:   started user thread for Warehouse 2
2月 14, 2026 1:08:34 上午 spec.jbb.JBBmain DoARun -> 信息:   started user thread for Warehouse 3
2月 14, 2026 1:08:34 上午 spec.jbb.JBBmain DoARun -> 信息:   started user thread for Warehouse 4
2月 14, 2026 1:08:34 上午 spec.jbb.JBBmain DoARun -> 信息:   started user thread for Warehouse 5
2月 14, 2026 1:08:34 上午 spec.jbb.JBBmain DoARun -> 信息:   started user thread for Warehouse 6
2月 14, 2026 1:08:34 上午 spec.jbb.JBBmain DoARun -> 信息:   started user thread for Warehouse 7
2月 14, 2026 1:08:34 上午 spec.jbb.JBBmain DoARun -> 信息:   started user thread for Warehouse 8
2月 14, 2026 1:08:34 上午 spec.jbb.JBBmain DoARun -> 信息:   started user thread for Warehouse 9
2月 14, 2026 1:08:34 上午 spec.jbb.JBBmain DoARun -> 信息:   started user thread for Warehouse 10
2月 14, 2026 1:08:34 上午 spec.jbb.JBBmain DoARun -> 信息:   started user thread for Warehouse 11
2月 14, 2026 1:08:34 上午 spec.jbb.JBBmain DoARun -> 信息:   started user thread for Warehouse 12
2月 14, 2026 1:08:34 上午 spec.jbb.JBBmain DoARun -> 信息:   started user thread for Warehouse 13
2月 14, 2026 1:08:34 上午 spec.jbb.JBBmain DoARun -> 信息:   started user thread for Warehouse 14
2月 14, 2026 1:08:34 上午 spec.jbb.JBBmain DoARun -> 信息:   started user thread for Warehouse 15
2月 14, 2026 1:08:34 上午 spec.jbb.JBBmain DoARun -> 信息:   started user thread for Warehouse 16
2月 14, 2026 1:08:34 上午 spec.jbb.JBBmain DoARun -> 信息:   started user thread for Warehouse 17
2月 14, 2026 1:08:34 上午 spec.jbb.JBBmain DoARun -> 信息:   started user thread for Warehouse 18
2月 14, 2026 1:08:34 上午 spec.jbb.JBBmain DoARun -> 信息:   started user thread for Warehouse 19
2月 14, 2026 1:08:34 上午 spec.jbb.JBBmain DoARun -> 信息:   started user thread for Warehouse 20
2月 14, 2026 1:08:34 上午 spec.jbb.JBBmain DoARun -> 信息:   started user thread for Warehouse 21
2月 14, 2026 1:08:34 上午 spec.jbb.JBBmain DoARun -> 信息:   started user thread for Warehouse 22
2月 14, 2026 1:08:34 上午 spec.jbb.JBBmain DoARun -> 信息:   started user thread for Warehouse 23
2月 14, 2026 1:08:34 上午 spec.jbb.JBBmain DoARun -> 信息:   started user thread for Warehouse 24
2月 14, 2026 1:08:34 上午 spec.jbb.JBBmain DoARun -> 信息:   started user thread for Warehouse 25
2月 14, 2026 1:08:34 上午 spec.jbb.JBBmain DoARun -> 信息:   started user thread for Warehouse 26
2月 14, 2026 1:08:34 上午 spec.jbb.JBBmain DoARun -> 信息:   started user thread for Warehouse 27
2月 14, 2026 1:08:34 上午 spec.jbb.JBBmain DoARun -> 信息:   started user thread for Warehouse 28
2月 14, 2026 1:08:34 上午 spec.jbb.JBBmain DoARun -> 信息:   started user thread for Warehouse 29
2月 14, 2026 1:08:34 上午 spec.jbb.JBBmain DoARun -> 信息:   started user thread for Warehouse 30
2月 14, 2026 1:08:34 上午 spec.jbb.JBBmain DoARun -> 信息:   started user thread for Warehouse 31
2月 14, 2026 1:08:34 上午 spec.jbb.JBBmain DoARun -> 信息:   started user thread for Warehouse 32
2月 14, 2026 1:08:34 上午 spec.jbb.JBBmain DoARun -> 信息:   started user thread for Warehouse 33
2月 14, 2026 1:08:34 上午 spec.jbb.JBBmain DoARun -> 信息:   started user thread for Warehouse 34
2月 14, 2026 1:08:34 上午 spec.jbb.JBBmain DoARun -> 信息:   started user thread for Warehouse 35
2月 14, 2026 1:08:34 上午 spec.jbb.JBBmain DoARun -> 信息:   started user thread for Warehouse 36
2月 14, 2026 1:08:34 上午 spec.jbb.JBBmain DoARun -> 信息:   started user thread for Warehouse 37
2月 14, 2026 1:08:34 上午 spec.jbb.JBBmain DoARun -> 信息:   started user thread for Warehouse 38
2月 14, 2026 1:08:34 上午 spec.jbb.JBBmain DoARun -> 信息:   started user thread for Warehouse 39
2月 14, 2026 1:08:34 上午 spec.jbb.JBBmain DoARun -> 信息:   started user thread for Warehouse 40
2月 14, 2026 1:08:34 上午 spec.jbb.JBBmain DoARun -> 信息:   started user thread for Warehouse 41
2月 14, 2026 1:08:34 上午 spec.jbb.JBBmain DoARun -> 信息:   started user thread for Warehouse 42
2月 14, 2026 1:08:34 上午 spec.jbb.JBBmain DoARun -> 信息:   started user thread for Warehouse 43
2月 14, 2026 1:08:34 上午 spec.jbb.JBBmain DoARun -> 信息:   started user thread for Warehouse 44
2月 14, 2026 1:08:34 上午 spec.jbb.JBBmain DoARun -> 信息:   started user thread for Warehouse 45
2月 14, 2026 1:08:34 上午 spec.jbb.JBBmain DoARun -> 信息:   started user thread for Warehouse 46
2月 14, 2026 1:08:34 上午 spec.jbb.JBBmain DoARun -> 信息:   started user thread for Warehouse 47
2月 14, 2026 1:08:34 上午 spec.jbb.JBBmain DoARun -> 信息:   started user thread for Warehouse 48
2月 14, 2026 1:08:34 上午 spec.jbb.JBBmain DoARun -> 信息:   started user thread for Warehouse 49
2月 14, 2026 1:08:34 上午 spec.jbb.JBBmain DoARun -> 信息:   started user thread for Warehouse 50
2月 14, 2026 1:08:34 上午 spec.jbb.JBBmain DoARun -> 信息:   started user thread for Warehouse 51
2月 14, 2026 1:08:34 上午 spec.jbb.Company displayResultTotals -> 信息: Timing Measurement began Sat Feb 14 01:08:34 CST 2026 for 0.5 minutes
2月 14, 2026 1:09:04 上午 spec.jbb.Company displayResultTotals -> 信息: Timing Measurement ended Sat Feb 14 01:09:04 CST 2026
2月 14, 2026 1:09:04 上午 spec.jbb.Company primeWithDummyData -> 信息: Loading Warehouse 52...
2月 14, 2026 1:09:04 上午 spec.jbb.JBBmain DoARun -> 信息: Start User Threads
2月 14, 2026 1:09:04 上午 spec.jbb.JBBmain DoARun -> 信息:   started user thread for Warehouse 1
2月 14, 2026 1:09:04 上午 spec.jbb.JBBmain DoARun -> 信息:   started user thread for Warehouse 2
2月 14, 2026 1:09:04 上午 spec.jbb.JBBmain DoARun -> 信息:   started user thread for Warehouse 3
2月 14, 2026 1:09:04 上午 spec.jbb.JBBmain DoARun -> 信息:   started user thread for Warehouse 4
2月 14, 2026 1:09:04 上午 spec.jbb.JBBmain DoARun -> 信息:   started user thread for Warehouse 5
2月 14, 2026 1:09:04 上午 spec.jbb.JBBmain DoARun -> 信息:   started user thread for Warehouse 6
2月 14, 2026 1:09:04 上午 spec.jbb.JBBmain DoARun -> 信息:   started user thread for Warehouse 7
2月 14, 2026 1:09:04 上午 spec.jbb.JBBmain DoARun -> 信息:   started user thread for Warehouse 8
2月 14, 2026 1:09:04 上午 spec.jbb.JBBmain DoARun -> 信息:   started user thread for Warehouse 9
2月 14, 2026 1:09:04 上午 spec.jbb.JBBmain DoARun -> 信息:   started user thread for Warehouse 10
2月 14, 2026 1:09:04 上午 spec.jbb.JBBmain DoARun -> 信息:   started user thread for Warehouse 11
2月 14, 2026 1:09:04 上午 spec.jbb.JBBmain DoARun -> 信息:   started user thread for Warehouse 12
2月 14, 2026 1:09:04 上午 spec.jbb.JBBmain DoARun -> 信息:   started user thread for Warehouse 13
2月 14, 2026 1:09:04 上午 spec.jbb.JBBmain DoARun -> 信息:   started user thread for Warehouse 14
2月 14, 2026 1:09:04 上午 spec.jbb.JBBmain DoARun -> 信息:   started user thread for Warehouse 15
2月 14, 2026 1:09:04 上午 spec.jbb.JBBmain DoARun -> 信息:   started user thread for Warehouse 16
2月 14, 2026 1:09:04 上午 spec.jbb.JBBmain DoARun -> 信息:   started user thread for Warehouse 17
2月 14, 2026 1:09:04 上午 spec.jbb.JBBmain DoARun -> 信息:   started user thread for Warehouse 18
2月 14, 2026 1:09:04 上午 spec.jbb.JBBmain DoARun -> 信息:   started user thread for Warehouse 19
2月 14, 2026 1:09:04 上午 spec.jbb.JBBmain DoARun -> 信息:   started user thread for Warehouse 20
2月 14, 2026 1:09:04 上午 spec.jbb.JBBmain DoARun -> 信息:   started user thread for Warehouse 21
2月 14, 2026 1:09:04 上午 spec.jbb.JBBmain DoARun -> 信息:   started user thread for Warehouse 22
2月 14, 2026 1:09:04 上午 spec.jbb.JBBmain DoARun -> 信息:   started user thread for Warehouse 23
2月 14, 2026 1:09:04 上午 spec.jbb.JBBmain DoARun -> 信息:   started user thread for Warehouse 24
2月 14, 2026 1:09:04 上午 spec.jbb.JBBmain DoARun -> 信息:   started user thread for Warehouse 25
2月 14, 2026 1:09:04 上午 spec.jbb.JBBmain DoARun -> 信息:   started user thread for Warehouse 26
2月 14, 2026 1:09:04 上午 spec.jbb.JBBmain DoARun -> 信息:   started user thread for Warehouse 27
2月 14, 2026 1:09:04 上午 spec.jbb.JBBmain DoARun -> 信息:   started user thread for Warehouse 28
2月 14, 2026 1:09:04 上午 spec.jbb.JBBmain DoARun -> 信息:   started user thread for Warehouse 29
2月 14, 2026 1:09:04 上午 spec.jbb.JBBmain DoARun -> 信息:   started user thread for Warehouse 30
2月 14, 2026 1:09:04 上午 spec.jbb.JBBmain DoARun -> 信息:   started user thread for Warehouse 31
2月 14, 2026 1:09:04 上午 spec.jbb.JBBmain DoARun -> 信息:   started user thread for Warehouse 32
2月 14, 2026 1:09:04 上午 spec.jbb.JBBmain DoARun -> 信息:   started user thread for Warehouse 33
2月 14, 2026 1:09:04 上午 spec.jbb.JBBmain DoARun -> 信息:   started user thread for Warehouse 34
2月 14, 2026 1:09:04 上午 spec.jbb.JBBmain DoARun -> 信息:   started user thread for Warehouse 35
2月 14, 2026 1:09:04 上午 spec.jbb.JBBmain DoARun -> 信息:   started user thread for Warehouse 36
2月 14, 2026 1:09:04 上午 spec.jbb.JBBmain DoARun -> 信息:   started user thread for Warehouse 37
2月 14, 2026 1:09:04 上午 spec.jbb.JBBmain DoARun -> 信息:   started user thread for Warehouse 38
2月 14, 2026 1:09:04 上午 spec.jbb.JBBmain DoARun -> 信息:   started user thread for Warehouse 39
2月 14, 2026 1:09:04 上午 spec.jbb.JBBmain DoARun -> 信息:   started user thread for Warehouse 40
2月 14, 2026 1:09:04 上午 spec.jbb.JBBmain DoARun -> 信息:   started user thread for Warehouse 41
2月 14, 2026 1:09:04 上午 spec.jbb.JBBmain DoARun -> 信息:   started user thread for Warehouse 42
2月 14, 2026 1:09:04 上午 spec.jbb.JBBmain DoARun -> 信息:   started user thread for Warehouse 43
2月 14, 2026 1:09:04 上午 spec.jbb.JBBmain DoARun -> 信息:   started user thread for Warehouse 44
2月 14, 2026 1:09:04 上午 spec.jbb.JBBmain DoARun -> 信息:   started user thread for Warehouse 45
2月 14, 2026 1:09:04 上午 spec.jbb.JBBmain DoARun -> 信息:   started user thread for Warehouse 46
2月 14, 2026 1:09:04 上午 spec.jbb.JBBmain DoARun -> 信息:   started user thread for Warehouse 47
2月 14, 2026 1:09:04 上午 spec.jbb.JBBmain DoARun -> 信息:   started user thread for Warehouse 48
2月 14, 2026 1:09:04 上午 spec.jbb.JBBmain DoARun -> 信息:   started user thread for Warehouse 49
2月 14, 2026 1:09:04 上午 spec.jbb.JBBmain DoARun -> 信息:   started user thread for Warehouse 50
2月 14, 2026 1:09:04 上午 spec.jbb.JBBmain DoARun -> 信息:   started user thread for Warehouse 51
2月 14, 2026 1:09:04 上午 spec.jbb.JBBmain DoARun -> 信息:   started user thread for Warehouse 52
2月 14, 2026 1:09:04 上午 spec.jbb.Company displayResultTotals -> 信息: Timing Measurement began Sat Feb 14 01:09:04 CST 2026 for 0.5 minutes
2月 14, 2026 1:09:34 上午 spec.jbb.Company displayResultTotals -> 信息: Timing Measurement ended Sat Feb 14 01:09:34 CST 2026
2月 14, 2026 1:09:34 上午 spec.jbb.Company primeWithDummyData -> 信息: Loading Warehouse 53...
2月 14, 2026 1:09:34 上午 spec.jbb.JBBmain DoARun -> 信息: Start User Threads
2月 14, 2026 1:09:34 上午 spec.jbb.JBBmain DoARun -> 信息:   started user thread for Warehouse 1
2月 14, 2026 1:09:34 上午 spec.jbb.JBBmain DoARun -> 信息:   started user thread for Warehouse 2
2月 14, 2026 1:09:34 上午 spec.jbb.JBBmain DoARun -> 信息:   started user thread for Warehouse 3
2月 14, 2026 1:09:34 上午 spec.jbb.JBBmain DoARun -> 信息:   started user thread for Warehouse 4
2月 14, 2026 1:09:34 上午 spec.jbb.JBBmain DoARun -> 信息:   started user thread for Warehouse 5
2月 14, 2026 1:09:34 上午 spec.jbb.JBBmain DoARun -> 信息:   started user thread for Warehouse 6
2月 14, 2026 1:09:34 上午 spec.jbb.JBBmain DoARun -> 信息:   started user thread for Warehouse 7
2月 14, 2026 1:09:34 上午 spec.jbb.JBBmain DoARun -> 信息:   started user thread for Warehouse 8
2月 14, 2026 1:09:34 上午 spec.jbb.JBBmain DoARun -> 信息:   started user thread for Warehouse 9
2月 14, 2026 1:09:34 上午 spec.jbb.JBBmain DoARun -> 信息:   started user thread for Warehouse 10
2月 14, 2026 1:09:34 上午 spec.jbb.JBBmain DoARun -> 信息:   started user thread for Warehouse 11
2月 14, 2026 1:09:34 上午 spec.jbb.JBBmain DoARun -> 信息:   started user thread for Warehouse 12
2月 14, 2026 1:09:34 上午 spec.jbb.JBBmain DoARun -> 信息:   started user thread for Warehouse 13
2月 14, 2026 1:09:34 上午 spec.jbb.JBBmain DoARun -> 信息:   started user thread for Warehouse 14
2月 14, 2026 1:09:34 上午 spec.jbb.JBBmain DoARun -> 信息:   started user thread for Warehouse 15
2月 14, 2026 1:09:34 上午 spec.jbb.JBBmain DoARun -> 信息:   started user thread for Warehouse 16
2月 14, 2026 1:09:34 上午 spec.jbb.JBBmain DoARun -> 信息:   started user thread for Warehouse 17
2月 14, 2026 1:09:34 上午 spec.jbb.JBBmain DoARun -> 信息:   started user thread for Warehouse 18
2月 14, 2026 1:09:34 上午 spec.jbb.JBBmain DoARun -> 信息:   started user thread for Warehouse 19
2月 14, 2026 1:09:34 上午 spec.jbb.JBBmain DoARun -> 信息:   started user thread for Warehouse 20
2月 14, 2026 1:09:34 上午 spec.jbb.JBBmain DoARun -> 信息:   started user thread for Warehouse 21
2月 14, 2026 1:09:34 上午 spec.jbb.JBBmain DoARun -> 信息:   started user thread for Warehouse 22
2月 14, 2026 1:09:34 上午 spec.jbb.JBBmain DoARun -> 信息:   started user thread for Warehouse 23
2月 14, 2026 1:09:34 上午 spec.jbb.JBBmain DoARun -> 信息:   started user thread for Warehouse 24
2月 14, 2026 1:09:34 上午 spec.jbb.JBBmain DoARun -> 信息:   started user thread for Warehouse 25
2月 14, 2026 1:09:34 上午 spec.jbb.JBBmain DoARun -> 信息:   started user thread for Warehouse 26
2月 14, 2026 1:09:34 上午 spec.jbb.JBBmain DoARun -> 信息:   started user thread for Warehouse 27
2月 14, 2026 1:09:34 上午 spec.jbb.JBBmain DoARun -> 信息:   started user thread for Warehouse 28
2月 14, 2026 1:09:34 上午 spec.jbb.JBBmain DoARun -> 信息:   started user thread for Warehouse 29
2月 14, 2026 1:09:34 上午 spec.jbb.JBBmain DoARun -> 信息:   started user thread for Warehouse 30
2月 14, 2026 1:09:34 上午 spec.jbb.JBBmain DoARun -> 信息:   started user thread for Warehouse 31
2月 14, 2026 1:09:34 上午 spec.jbb.JBBmain DoARun -> 信息:   started user thread for Warehouse 32
2月 14, 2026 1:09:34 上午 spec.jbb.JBBmain DoARun -> 信息:   started user thread for Warehouse 33
2月 14, 2026 1:09:34 上午 spec.jbb.JBBmain DoARun -> 信息:   started user thread for Warehouse 34
2月 14, 2026 1:09:34 上午 spec.jbb.JBBmain DoARun -> 信息:   started user thread for Warehouse 35
2月 14, 2026 1:09:34 上午 spec.jbb.JBBmain DoARun -> 信息:   started user thread for Warehouse 36
2月 14, 2026 1:09:34 上午 spec.jbb.JBBmain DoARun -> 信息:   started user thread for Warehouse 37
2月 14, 2026 1:09:34 上午 spec.jbb.JBBmain DoARun -> 信息:   started user thread for Warehouse 38
2月 14, 2026 1:09:34 上午 spec.jbb.JBBmain DoARun -> 信息:   started user thread for Warehouse 39
2月 14, 2026 1:09:34 上午 spec.jbb.JBBmain DoARun -> 信息:   started user thread for Warehouse 40
2月 14, 2026 1:09:34 上午 spec.jbb.JBBmain DoARun -> 信息:   started user thread for Warehouse 41
2月 14, 2026 1:09:34 上午 spec.jbb.JBBmain DoARun -> 信息:   started user thread for Warehouse 42
2月 14, 2026 1:09:34 上午 spec.jbb.JBBmain DoARun -> 信息:   started user thread for Warehouse 43
2月 14, 2026 1:09:34 上午 spec.jbb.JBBmain DoARun -> 信息:   started user thread for Warehouse 44
2月 14, 2026 1:09:34 上午 spec.jbb.JBBmain DoARun -> 信息:   started user thread for Warehouse 45
2月 14, 2026 1:09:34 上午 spec.jbb.JBBmain DoARun -> 信息:   started user thread for Warehouse 46
2月 14, 2026 1:09:34 上午 spec.jbb.JBBmain DoARun -> 信息:   started user thread for Warehouse 47
2月 14, 2026 1:09:34 上午 spec.jbb.JBBmain DoARun -> 信息:   started user thread for Warehouse 48
2月 14, 2026 1:09:34 上午 spec.jbb.JBBmain DoARun -> 信息:   started user thread for Warehouse 49
2月 14, 2026 1:09:34 上午 spec.jbb.JBBmain DoARun -> 信息:   started user thread for Warehouse 50
2月 14, 2026 1:09:34 上午 spec.jbb.JBBmain DoARun -> 信息:   started user thread for Warehouse 51
2月 14, 2026 1:09:34 上午 spec.jbb.JBBmain DoARun -> 信息:   started user thread for Warehouse 52
2月 14, 2026 1:09:34 上午 spec.jbb.JBBmain DoARun -> 信息:   started user thread for Warehouse 53
2月 14, 2026 1:09:34 上午 spec.jbb.Company displayResultTotals -> 信息: Timing Measurement began Sat Feb 14 01:09:34 CST 2026 for 0.5 minutes
2月 14, 2026 1:10:04 上午 spec.jbb.Company displayResultTotals -> 信息: Timing Measurement ended Sat Feb 14 01:10:04 CST 2026
2月 14, 2026 1:10:04 上午 spec.jbb.Company primeWithDummyData -> 信息: Loading Warehouse 54...
2月 14, 2026 1:10:04 上午 spec.jbb.JBBmain DoARun -> 信息: Start User Threads
2月 14, 2026 1:10:04 上午 spec.jbb.JBBmain DoARun -> 信息:   started user thread for Warehouse 1
2月 14, 2026 1:10:04 上午 spec.jbb.JBBmain DoARun -> 信息:   started user thread for Warehouse 2
2月 14, 2026 1:10:04 上午 spec.jbb.JBBmain DoARun -> 信息:   started user thread for Warehouse 3
2月 14, 2026 1:10:04 上午 spec.jbb.JBBmain DoARun -> 信息:   started user thread for Warehouse 4
2月 14, 2026 1:10:04 上午 spec.jbb.JBBmain DoARun -> 信息:   started user thread for Warehouse 5
2月 14, 2026 1:10:04 上午 spec.jbb.JBBmain DoARun -> 信息:   started user thread for Warehouse 6
2月 14, 2026 1:10:04 上午 spec.jbb.JBBmain DoARun -> 信息:   started user thread for Warehouse 7
2月 14, 2026 1:10:04 上午 spec.jbb.JBBmain DoARun -> 信息:   started user thread for Warehouse 8
2月 14, 2026 1:10:04 上午 spec.jbb.JBBmain DoARun -> 信息:   started user thread for Warehouse 9
2月 14, 2026 1:10:04 上午 spec.jbb.JBBmain DoARun -> 信息:   started user thread for Warehouse 10
2月 14, 2026 1:10:04 上午 spec.jbb.JBBmain DoARun -> 信息:   started user thread for Warehouse 11
2月 14, 2026 1:10:04 上午 spec.jbb.JBBmain DoARun -> 信息:   started user thread for Warehouse 12
2月 14, 2026 1:10:04 上午 spec.jbb.JBBmain DoARun -> 信息:   started user thread for Warehouse 13
2月 14, 2026 1:10:04 上午 spec.jbb.JBBmain DoARun -> 信息:   started user thread for Warehouse 14
2月 14, 2026 1:10:04 上午 spec.jbb.JBBmain DoARun -> 信息:   started user thread for Warehouse 15
2月 14, 2026 1:10:04 上午 spec.jbb.JBBmain DoARun -> 信息:   started user thread for Warehouse 16
2月 14, 2026 1:10:04 上午 spec.jbb.JBBmain DoARun -> 信息:   started user thread for Warehouse 17
2月 14, 2026 1:10:04 上午 spec.jbb.JBBmain DoARun -> 信息:   started user thread for Warehouse 18
2月 14, 2026 1:10:04 上午 spec.jbb.JBBmain DoARun -> 信息:   started user thread for Warehouse 19
2月 14, 2026 1:10:04 上午 spec.jbb.JBBmain DoARun -> 信息:   started user thread for Warehouse 20
2月 14, 2026 1:10:04 上午 spec.jbb.JBBmain DoARun -> 信息:   started user thread for Warehouse 21
2月 14, 2026 1:10:04 上午 spec.jbb.JBBmain DoARun -> 信息:   started user thread for Warehouse 22
2月 14, 2026 1:10:04 上午 spec.jbb.JBBmain DoARun -> 信息:   started user thread for Warehouse 23
2月 14, 2026 1:10:04 上午 spec.jbb.JBBmain DoARun -> 信息:   started user thread for Warehouse 24
2月 14, 2026 1:10:04 上午 spec.jbb.JBBmain DoARun -> 信息:   started user thread for Warehouse 25
2月 14, 2026 1:10:04 上午 spec.jbb.JBBmain DoARun -> 信息:   started user thread for Warehouse 26
2月 14, 2026 1:10:04 上午 spec.jbb.JBBmain DoARun -> 信息:   started user thread for Warehouse 27
2月 14, 2026 1:10:04 上午 spec.jbb.JBBmain DoARun -> 信息:   started user thread for Warehouse 28
2月 14, 2026 1:10:04 上午 spec.jbb.JBBmain DoARun -> 信息:   started user thread for Warehouse 29
2月 14, 2026 1:10:04 上午 spec.jbb.JBBmain DoARun -> 信息:   started user thread for Warehouse 30
2月 14, 2026 1:10:04 上午 spec.jbb.JBBmain DoARun -> 信息:   started user thread for Warehouse 31
2月 14, 2026 1:10:04 上午 spec.jbb.JBBmain DoARun -> 信息:   started user thread for Warehouse 32
2月 14, 2026 1:10:04 上午 spec.jbb.JBBmain DoARun -> 信息:   started user thread for Warehouse 33
2月 14, 2026 1:10:04 上午 spec.jbb.JBBmain DoARun -> 信息:   started user thread for Warehouse 34
2月 14, 2026 1:10:04 上午 spec.jbb.JBBmain DoARun -> 信息:   started user thread for Warehouse 35
2月 14, 2026 1:10:04 上午 spec.jbb.JBBmain DoARun -> 信息:   started user thread for Warehouse 36
2月 14, 2026 1:10:04 上午 spec.jbb.JBBmain DoARun -> 信息:   started user thread for Warehouse 37
2月 14, 2026 1:10:04 上午 spec.jbb.JBBmain DoARun -> 信息:   started user thread for Warehouse 38
2月 14, 2026 1:10:04 上午 spec.jbb.JBBmain DoARun -> 信息:   started user thread for Warehouse 39
2月 14, 2026 1:10:04 上午 spec.jbb.JBBmain DoARun -> 信息:   started user thread for Warehouse 40
2月 14, 2026 1:10:04 上午 spec.jbb.JBBmain DoARun -> 信息:   started user thread for Warehouse 41
2月 14, 2026 1:10:04 上午 spec.jbb.JBBmain DoARun -> 信息:   started user thread for Warehouse 42
2月 14, 2026 1:10:04 上午 spec.jbb.JBBmain DoARun -> 信息:   started user thread for Warehouse 43
2月 14, 2026 1:10:04 上午 spec.jbb.JBBmain DoARun -> 信息:   started user thread for Warehouse 44
2月 14, 2026 1:10:04 上午 spec.jbb.JBBmain DoARun -> 信息:   started user thread for Warehouse 45
2月 14, 2026 1:10:04 上午 spec.jbb.JBBmain DoARun -> 信息:   started user thread for Warehouse 46
2月 14, 2026 1:10:04 上午 spec.jbb.JBBmain DoARun -> 信息:   started user thread for Warehouse 47
2月 14, 2026 1:10:04 上午 spec.jbb.JBBmain DoARun -> 信息:   started user thread for Warehouse 48
2月 14, 2026 1:10:04 上午 spec.jbb.JBBmain DoARun -> 信息:   started user thread for Warehouse 49
2月 14, 2026 1:10:04 上午 spec.jbb.JBBmain DoARun -> 信息:   started user thread for Warehouse 50
2月 14, 2026 1:10:04 上午 spec.jbb.JBBmain DoARun -> 信息:   started user thread for Warehouse 51
2月 14, 2026 1:10:04 上午 spec.jbb.JBBmain DoARun -> 信息:   started user thread for Warehouse 52
2月 14, 2026 1:10:04 上午 spec.jbb.JBBmain DoARun -> 信息:   started user thread for Warehouse 53
2月 14, 2026 1:10:04 上午 spec.jbb.JBBmain DoARun -> 信息:   started user thread for Warehouse 54
2月 14, 2026 1:10:04 上午 spec.jbb.Company displayResultTotals -> 信息: Timing Measurement began Sat Feb 14 01:10:04 CST 2026 for 0.5 minutes
2月 14, 2026 1:10:34 上午 spec.jbb.Company displayResultTotals -> 信息: Timing Measurement ended Sat Feb 14 01:10:34 CST 2026
2月 14, 2026 1:10:34 上午 spec.jbb.Company primeWithDummyData -> 信息: Loading Warehouse 55...
2月 14, 2026 1:10:34 上午 spec.jbb.JBBmain DoARun -> 信息: Start User Threads
2月 14, 2026 1:10:34 上午 spec.jbb.JBBmain DoARun -> 信息:   started user thread for Warehouse 1
2月 14, 2026 1:10:34 上午 spec.jbb.JBBmain DoARun -> 信息:   started user thread for Warehouse 2
2月 14, 2026 1:10:34 上午 spec.jbb.JBBmain DoARun -> 信息:   started user thread for Warehouse 3
2月 14, 2026 1:10:34 上午 spec.jbb.JBBmain DoARun -> 信息:   started user thread for Warehouse 4
2月 14, 2026 1:10:34 上午 spec.jbb.JBBmain DoARun -> 信息:   started user thread for Warehouse 5
2月 14, 2026 1:10:34 上午 spec.jbb.JBBmain DoARun -> 信息:   started user thread for Warehouse 6
2月 14, 2026 1:10:34 上午 spec.jbb.JBBmain DoARun -> 信息:   started user thread for Warehouse 7
2月 14, 2026 1:10:34 上午 spec.jbb.JBBmain DoARun -> 信息:   started user thread for Warehouse 8
2月 14, 2026 1:10:34 上午 spec.jbb.JBBmain DoARun -> 信息:   started user thread for Warehouse 9
2月 14, 2026 1:10:34 上午 spec.jbb.JBBmain DoARun -> 信息:   started user thread for Warehouse 10
2月 14, 2026 1:10:34 上午 spec.jbb.JBBmain DoARun -> 信息:   started user thread for Warehouse 11
2月 14, 2026 1:10:34 上午 spec.jbb.JBBmain DoARun -> 信息:   started user thread for Warehouse 12
2月 14, 2026 1:10:34 上午 spec.jbb.JBBmain DoARun -> 信息:   started user thread for Warehouse 13
2月 14, 2026 1:10:34 上午 spec.jbb.JBBmain DoARun -> 信息:   started user thread for Warehouse 14
2月 14, 2026 1:10:34 上午 spec.jbb.JBBmain DoARun -> 信息:   started user thread for Warehouse 15
2月 14, 2026 1:10:34 上午 spec.jbb.JBBmain DoARun -> 信息:   started user thread for Warehouse 16
2月 14, 2026 1:10:34 上午 spec.jbb.JBBmain DoARun -> 信息:   started user thread for Warehouse 17
2月 14, 2026 1:10:34 上午 spec.jbb.JBBmain DoARun -> 信息:   started user thread for Warehouse 18
2月 14, 2026 1:10:34 上午 spec.jbb.JBBmain DoARun -> 信息:   started user thread for Warehouse 19
2月 14, 2026 1:10:34 上午 spec.jbb.JBBmain DoARun -> 信息:   started user thread for Warehouse 20
2月 14, 2026 1:10:34 上午 spec.jbb.JBBmain DoARun -> 信息:   started user thread for Warehouse 21
2月 14, 2026 1:10:34 上午 spec.jbb.JBBmain DoARun -> 信息:   started user thread for Warehouse 22
2月 14, 2026 1:10:34 上午 spec.jbb.JBBmain DoARun -> 信息:   started user thread for Warehouse 23
2月 14, 2026 1:10:34 上午 spec.jbb.JBBmain DoARun -> 信息:   started user thread for Warehouse 24
2月 14, 2026 1:10:34 上午 spec.jbb.JBBmain DoARun -> 信息:   started user thread for Warehouse 25
2月 14, 2026 1:10:34 上午 spec.jbb.JBBmain DoARun -> 信息:   started user thread for Warehouse 26
2月 14, 2026 1:10:34 上午 spec.jbb.JBBmain DoARun -> 信息:   started user thread for Warehouse 27
2月 14, 2026 1:10:34 上午 spec.jbb.JBBmain DoARun -> 信息:   started user thread for Warehouse 28
2月 14, 2026 1:10:34 上午 spec.jbb.JBBmain DoARun -> 信息:   started user thread for Warehouse 29
2月 14, 2026 1:10:34 上午 spec.jbb.JBBmain DoARun -> 信息:   started user thread for Warehouse 30
2月 14, 2026 1:10:34 上午 spec.jbb.JBBmain DoARun -> 信息:   started user thread for Warehouse 31
2月 14, 2026 1:10:34 上午 spec.jbb.JBBmain DoARun -> 信息:   started user thread for Warehouse 32
2月 14, 2026 1:10:34 上午 spec.jbb.JBBmain DoARun -> 信息:   started user thread for Warehouse 33
2月 14, 2026 1:10:34 上午 spec.jbb.JBBmain DoARun -> 信息:   started user thread for Warehouse 34
2月 14, 2026 1:10:34 上午 spec.jbb.JBBmain DoARun -> 信息:   started user thread for Warehouse 35
2月 14, 2026 1:10:34 上午 spec.jbb.JBBmain DoARun -> 信息:   started user thread for Warehouse 36
2月 14, 2026 1:10:34 上午 spec.jbb.JBBmain DoARun -> 信息:   started user thread for Warehouse 37
2月 14, 2026 1:10:34 上午 spec.jbb.JBBmain DoARun -> 信息:   started user thread for Warehouse 38
2月 14, 2026 1:10:34 上午 spec.jbb.JBBmain DoARun -> 信息:   started user thread for Warehouse 39
2月 14, 2026 1:10:34 上午 spec.jbb.JBBmain DoARun -> 信息:   started user thread for Warehouse 40
2月 14, 2026 1:10:34 上午 spec.jbb.JBBmain DoARun -> 信息:   started user thread for Warehouse 41
2月 14, 2026 1:10:34 上午 spec.jbb.JBBmain DoARun -> 信息:   started user thread for Warehouse 42
2月 14, 2026 1:10:34 上午 spec.jbb.JBBmain DoARun -> 信息:   started user thread for Warehouse 43
2月 14, 2026 1:10:34 上午 spec.jbb.JBBmain DoARun -> 信息:   started user thread for Warehouse 44
2月 14, 2026 1:10:34 上午 spec.jbb.JBBmain DoARun -> 信息:   started user thread for Warehouse 45
2月 14, 2026 1:10:34 上午 spec.jbb.JBBmain DoARun -> 信息:   started user thread for Warehouse 46
2月 14, 2026 1:10:34 上午 spec.jbb.JBBmain DoARun -> 信息:   started user thread for Warehouse 47
2月 14, 2026 1:10:34 上午 spec.jbb.JBBmain DoARun -> 信息:   started user thread for Warehouse 48
2月 14, 2026 1:10:34 上午 spec.jbb.JBBmain DoARun -> 信息:   started user thread for Warehouse 49
2月 14, 2026 1:10:34 上午 spec.jbb.JBBmain DoARun -> 信息:   started user thread for Warehouse 50
2月 14, 2026 1:10:34 上午 spec.jbb.JBBmain DoARun -> 信息:   started user thread for Warehouse 51
2月 14, 2026 1:10:34 上午 spec.jbb.JBBmain DoARun -> 信息:   started user thread for Warehouse 52
2月 14, 2026 1:10:34 上午 spec.jbb.JBBmain DoARun -> 信息:   started user thread for Warehouse 53
2月 14, 2026 1:10:34 上午 spec.jbb.JBBmain DoARun -> 信息:   started user thread for Warehouse 54
2月 14, 2026 1:10:34 上午 spec.jbb.JBBmain DoARun -> 信息:   started user thread for Warehouse 55
2月 14, 2026 1:10:34 上午 spec.jbb.Company displayResultTotals -> 信息: Timing Measurement began Sat Feb 14 01:10:34 CST 2026 for 0.5 minutes
2月 14, 2026 1:11:04 上午 spec.jbb.Company displayResultTotals -> 信息: Timing Measurement ended Sat Feb 14 01:11:04 CST 2026
2月 14, 2026 1:11:04 上午 spec.jbb.Company primeWithDummyData -> 信息: Loading Warehouse 56...
2月 14, 2026 1:11:04 上午 spec.jbb.JBBmain DoARun -> 信息: Start User Threads
2月 14, 2026 1:11:04 上午 spec.jbb.JBBmain DoARun -> 信息:   started user thread for Warehouse 1
2月 14, 2026 1:11:04 上午 spec.jbb.JBBmain DoARun -> 信息:   started user thread for Warehouse 2
2月 14, 2026 1:11:04 上午 spec.jbb.JBBmain DoARun -> 信息:   started user thread for Warehouse 3
2月 14, 2026 1:11:04 上午 spec.jbb.JBBmain DoARun -> 信息:   started user thread for Warehouse 4
2月 14, 2026 1:11:04 上午 spec.jbb.JBBmain DoARun -> 信息:   started user thread for Warehouse 5
2月 14, 2026 1:11:04 上午 spec.jbb.JBBmain DoARun -> 信息:   started user thread for Warehouse 6
2月 14, 2026 1:11:04 上午 spec.jbb.JBBmain DoARun -> 信息:   started user thread for Warehouse 7
2月 14, 2026 1:11:04 上午 spec.jbb.JBBmain DoARun -> 信息:   started user thread for Warehouse 8
2月 14, 2026 1:11:04 上午 spec.jbb.JBBmain DoARun -> 信息:   started user thread for Warehouse 9
2月 14, 2026 1:11:04 上午 spec.jbb.JBBmain DoARun -> 信息:   started user thread for Warehouse 10
2月 14, 2026 1:11:04 上午 spec.jbb.JBBmain DoARun -> 信息:   started user thread for Warehouse 11
2月 14, 2026 1:11:04 上午 spec.jbb.JBBmain DoARun -> 信息:   started user thread for Warehouse 12
2月 14, 2026 1:11:04 上午 spec.jbb.JBBmain DoARun -> 信息:   started user thread for Warehouse 13
2月 14, 2026 1:11:04 上午 spec.jbb.JBBmain DoARun -> 信息:   started user thread for Warehouse 14
2月 14, 2026 1:11:04 上午 spec.jbb.JBBmain DoARun -> 信息:   started user thread for Warehouse 15
2月 14, 2026 1:11:04 上午 spec.jbb.JBBmain DoARun -> 信息:   started user thread for Warehouse 16
2月 14, 2026 1:11:04 上午 spec.jbb.JBBmain DoARun -> 信息:   started user thread for Warehouse 17
2月 14, 2026 1:11:04 上午 spec.jbb.JBBmain DoARun -> 信息:   started user thread for Warehouse 18
2月 14, 2026 1:11:04 上午 spec.jbb.JBBmain DoARun -> 信息:   started user thread for Warehouse 19
2月 14, 2026 1:11:04 上午 spec.jbb.JBBmain DoARun -> 信息:   started user thread for Warehouse 20
2月 14, 2026 1:11:04 上午 spec.jbb.JBBmain DoARun -> 信息:   started user thread for Warehouse 21
2月 14, 2026 1:11:04 上午 spec.jbb.JBBmain DoARun -> 信息:   started user thread for Warehouse 22
2月 14, 2026 1:11:04 上午 spec.jbb.JBBmain DoARun -> 信息:   started user thread for Warehouse 23
2月 14, 2026 1:11:04 上午 spec.jbb.JBBmain DoARun -> 信息:   started user thread for Warehouse 24
2月 14, 2026 1:11:04 上午 spec.jbb.JBBmain DoARun -> 信息:   started user thread for Warehouse 25
2月 14, 2026 1:11:04 上午 spec.jbb.JBBmain DoARun -> 信息:   started user thread for Warehouse 26
2月 14, 2026 1:11:04 上午 spec.jbb.JBBmain DoARun -> 信息:   started user thread for Warehouse 27
2月 14, 2026 1:11:04 上午 spec.jbb.JBBmain DoARun -> 信息:   started user thread for Warehouse 28
2月 14, 2026 1:11:04 上午 spec.jbb.JBBmain DoARun -> 信息:   started user thread for Warehouse 29
2月 14, 2026 1:11:04 上午 spec.jbb.JBBmain DoARun -> 信息:   started user thread for Warehouse 30
2月 14, 2026 1:11:04 上午 spec.jbb.JBBmain DoARun -> 信息:   started user thread for Warehouse 31
2月 14, 2026 1:11:04 上午 spec.jbb.JBBmain DoARun -> 信息:   started user thread for Warehouse 32
2月 14, 2026 1:11:04 上午 spec.jbb.JBBmain DoARun -> 信息:   started user thread for Warehouse 33
2月 14, 2026 1:11:04 上午 spec.jbb.JBBmain DoARun -> 信息:   started user thread for Warehouse 34
2月 14, 2026 1:11:04 上午 spec.jbb.JBBmain DoARun -> 信息:   started user thread for Warehouse 35
2月 14, 2026 1:11:04 上午 spec.jbb.JBBmain DoARun -> 信息:   started user thread for Warehouse 36
2月 14, 2026 1:11:04 上午 spec.jbb.JBBmain DoARun -> 信息:   started user thread for Warehouse 37
2月 14, 2026 1:11:04 上午 spec.jbb.JBBmain DoARun -> 信息:   started user thread for Warehouse 38
2月 14, 2026 1:11:04 上午 spec.jbb.JBBmain DoARun -> 信息:   started user thread for Warehouse 39
2月 14, 2026 1:11:04 上午 spec.jbb.JBBmain DoARun -> 信息:   started user thread for Warehouse 40
2月 14, 2026 1:11:04 上午 spec.jbb.JBBmain DoARun -> 信息:   started user thread for Warehouse 41
2月 14, 2026 1:11:04 上午 spec.jbb.JBBmain DoARun -> 信息:   started user thread for Warehouse 42
2月 14, 2026 1:11:04 上午 spec.jbb.JBBmain DoARun -> 信息:   started user thread for Warehouse 43
2月 14, 2026 1:11:04 上午 spec.jbb.JBBmain DoARun -> 信息:   started user thread for Warehouse 44
2月 14, 2026 1:11:04 上午 spec.jbb.JBBmain DoARun -> 信息:   started user thread for Warehouse 45
2月 14, 2026 1:11:04 上午 spec.jbb.JBBmain DoARun -> 信息:   started user thread for Warehouse 46
2月 14, 2026 1:11:04 上午 spec.jbb.JBBmain DoARun -> 信息:   started user thread for Warehouse 47
2月 14, 2026 1:11:04 上午 spec.jbb.JBBmain DoARun -> 信息:   started user thread for Warehouse 48
2月 14, 2026 1:11:04 上午 spec.jbb.JBBmain DoARun -> 信息:   started user thread for Warehouse 49
2月 14, 2026 1:11:04 上午 spec.jbb.JBBmain DoARun -> 信息:   started user thread for Warehouse 50
2月 14, 2026 1:11:04 上午 spec.jbb.JBBmain DoARun -> 信息:   started user thread for Warehouse 51
2月 14, 2026 1:11:04 上午 spec.jbb.JBBmain DoARun -> 信息:   started user thread for Warehouse 52
2月 14, 2026 1:11:04 上午 spec.jbb.JBBmain DoARun -> 信息:   started user thread for Warehouse 53
2月 14, 2026 1:11:04 上午 spec.jbb.JBBmain DoARun -> 信息:   started user thread for Warehouse 54
2月 14, 2026 1:11:04 上午 spec.jbb.JBBmain DoARun -> 信息:   started user thread for Warehouse 55
2月 14, 2026 1:11:04 上午 spec.jbb.JBBmain DoARun -> 信息:   started user thread for Warehouse 56
2月 14, 2026 1:11:04 上午 spec.jbb.Company displayResultTotals -> 信息: Timing Measurement began Sat Feb 14 01:11:04 CST 2026 for 0.5 minutes
2月 14, 2026 1:11:34 上午 spec.jbb.Company displayResultTotals -> 信息: Timing Measurement ended Sat Feb 14 01:11:34 CST 2026
2月 14, 2026 1:11:34 上午 spec.jbb.Company primeWithDummyData -> 信息: Loading Warehouse 57...
2月 14, 2026 1:11:35 上午 spec.jbb.JBBmain DoARun -> 信息: Start User Threads
2月 14, 2026 1:11:35 上午 spec.jbb.JBBmain DoARun -> 信息:   started user thread for Warehouse 1
2月 14, 2026 1:11:35 上午 spec.jbb.JBBmain DoARun -> 信息:   started user thread for Warehouse 2
2月 14, 2026 1:11:35 上午 spec.jbb.JBBmain DoARun -> 信息:   started user thread for Warehouse 3
2月 14, 2026 1:11:35 上午 spec.jbb.JBBmain DoARun -> 信息:   started user thread for Warehouse 4
2月 14, 2026 1:11:35 上午 spec.jbb.JBBmain DoARun -> 信息:   started user thread for Warehouse 5
2月 14, 2026 1:11:35 上午 spec.jbb.JBBmain DoARun -> 信息:   started user thread for Warehouse 6
2月 14, 2026 1:11:35 上午 spec.jbb.JBBmain DoARun -> 信息:   started user thread for Warehouse 7
2月 14, 2026 1:11:35 上午 spec.jbb.JBBmain DoARun -> 信息:   started user thread for Warehouse 8
2月 14, 2026 1:11:35 上午 spec.jbb.JBBmain DoARun -> 信息:   started user thread for Warehouse 9
2月 14, 2026 1:11:35 上午 spec.jbb.JBBmain DoARun -> 信息:   started user thread for Warehouse 10
2月 14, 2026 1:11:35 上午 spec.jbb.JBBmain DoARun -> 信息:   started user thread for Warehouse 11
2月 14, 2026 1:11:35 上午 spec.jbb.JBBmain DoARun -> 信息:   started user thread for Warehouse 12
2月 14, 2026 1:11:35 上午 spec.jbb.JBBmain DoARun -> 信息:   started user thread for Warehouse 13
2月 14, 2026 1:11:35 上午 spec.jbb.JBBmain DoARun -> 信息:   started user thread for Warehouse 14
2月 14, 2026 1:11:35 上午 spec.jbb.JBBmain DoARun -> 信息:   started user thread for Warehouse 15
2月 14, 2026 1:11:35 上午 spec.jbb.JBBmain DoARun -> 信息:   started user thread for Warehouse 16
2月 14, 2026 1:11:35 上午 spec.jbb.JBBmain DoARun -> 信息:   started user thread for Warehouse 17
2月 14, 2026 1:11:35 上午 spec.jbb.JBBmain DoARun -> 信息:   started user thread for Warehouse 18
2月 14, 2026 1:11:35 上午 spec.jbb.JBBmain DoARun -> 信息:   started user thread for Warehouse 19
2月 14, 2026 1:11:35 上午 spec.jbb.JBBmain DoARun -> 信息:   started user thread for Warehouse 20
2月 14, 2026 1:11:35 上午 spec.jbb.JBBmain DoARun -> 信息:   started user thread for Warehouse 21
2月 14, 2026 1:11:35 上午 spec.jbb.JBBmain DoARun -> 信息:   started user thread for Warehouse 22
2月 14, 2026 1:11:35 上午 spec.jbb.JBBmain DoARun -> 信息:   started user thread for Warehouse 23
2月 14, 2026 1:11:35 上午 spec.jbb.JBBmain DoARun -> 信息:   started user thread for Warehouse 24
2月 14, 2026 1:11:35 上午 spec.jbb.JBBmain DoARun -> 信息:   started user thread for Warehouse 25
2月 14, 2026 1:11:35 上午 spec.jbb.JBBmain DoARun -> 信息:   started user thread for Warehouse 26
2月 14, 2026 1:11:35 上午 spec.jbb.JBBmain DoARun -> 信息:   started user thread for Warehouse 27
2月 14, 2026 1:11:35 上午 spec.jbb.JBBmain DoARun -> 信息:   started user thread for Warehouse 28
2月 14, 2026 1:11:35 上午 spec.jbb.JBBmain DoARun -> 信息:   started user thread for Warehouse 29
2月 14, 2026 1:11:35 上午 spec.jbb.JBBmain DoARun -> 信息:   started user thread for Warehouse 30
2月 14, 2026 1:11:35 上午 spec.jbb.JBBmain DoARun -> 信息:   started user thread for Warehouse 31
2月 14, 2026 1:11:35 上午 spec.jbb.JBBmain DoARun -> 信息:   started user thread for Warehouse 32
2月 14, 2026 1:11:35 上午 spec.jbb.JBBmain DoARun -> 信息:   started user thread for Warehouse 33
2月 14, 2026 1:11:35 上午 spec.jbb.JBBmain DoARun -> 信息:   started user thread for Warehouse 34
2月 14, 2026 1:11:35 上午 spec.jbb.JBBmain DoARun -> 信息:   started user thread for Warehouse 35
2月 14, 2026 1:11:35 上午 spec.jbb.JBBmain DoARun -> 信息:   started user thread for Warehouse 36
2月 14, 2026 1:11:35 上午 spec.jbb.JBBmain DoARun -> 信息:   started user thread for Warehouse 37
2月 14, 2026 1:11:35 上午 spec.jbb.JBBmain DoARun -> 信息:   started user thread for Warehouse 38
2月 14, 2026 1:11:35 上午 spec.jbb.JBBmain DoARun -> 信息:   started user thread for Warehouse 39
2月 14, 2026 1:11:35 上午 spec.jbb.JBBmain DoARun -> 信息:   started user thread for Warehouse 40
2月 14, 2026 1:11:35 上午 spec.jbb.JBBmain DoARun -> 信息:   started user thread for Warehouse 41
2月 14, 2026 1:11:35 上午 spec.jbb.JBBmain DoARun -> 信息:   started user thread for Warehouse 42
2月 14, 2026 1:11:35 上午 spec.jbb.JBBmain DoARun -> 信息:   started user thread for Warehouse 43
2月 14, 2026 1:11:35 上午 spec.jbb.JBBmain DoARun -> 信息:   started user thread for Warehouse 44
2月 14, 2026 1:11:35 上午 spec.jbb.JBBmain DoARun -> 信息:   started user thread for Warehouse 45
2月 14, 2026 1:11:35 上午 spec.jbb.JBBmain DoARun -> 信息:   started user thread for Warehouse 46
2月 14, 2026 1:11:35 上午 spec.jbb.JBBmain DoARun -> 信息:   started user thread for Warehouse 47
2月 14, 2026 1:11:35 上午 spec.jbb.JBBmain DoARun -> 信息:   started user thread for Warehouse 48
2月 14, 2026 1:11:35 上午 spec.jbb.JBBmain DoARun -> 信息:   started user thread for Warehouse 49
2月 14, 2026 1:11:35 上午 spec.jbb.JBBmain DoARun -> 信息:   started user thread for Warehouse 50
2月 14, 2026 1:11:35 上午 spec.jbb.JBBmain DoARun -> 信息:   started user thread for Warehouse 51
2月 14, 2026 1:11:35 上午 spec.jbb.JBBmain DoARun -> 信息:   started user thread for Warehouse 52
2月 14, 2026 1:11:35 上午 spec.jbb.JBBmain DoARun -> 信息:   started user thread for Warehouse 53
2月 14, 2026 1:11:35 上午 spec.jbb.JBBmain DoARun -> 信息:   started user thread for Warehouse 54
2月 14, 2026 1:11:35 上午 spec.jbb.JBBmain DoARun -> 信息:   started user thread for Warehouse 55
2月 14, 2026 1:11:35 上午 spec.jbb.JBBmain DoARun -> 信息:   started user thread for Warehouse 56
2月 14, 2026 1:11:35 上午 spec.jbb.JBBmain DoARun -> 信息:   started user thread for Warehouse 57
2月 14, 2026 1:11:35 上午 spec.jbb.Company displayResultTotals -> 信息: Timing Measurement began Sat Feb 14 01:11:35 CST 2026 for 0.5 minutes
2月 14, 2026 1:12:05 上午 spec.jbb.Company displayResultTotals -> 信息: Timing Measurement ended Sat Feb 14 01:12:05 CST 2026
2月 14, 2026 1:12:05 上午 spec.jbb.Company primeWithDummyData -> 信息: Loading Warehouse 58...
2月 14, 2026 1:12:05 上午 spec.jbb.JBBmain DoARun -> 信息: Start User Threads
2月 14, 2026 1:12:05 上午 spec.jbb.JBBmain DoARun -> 信息:   started user thread for Warehouse 1
2月 14, 2026 1:12:05 上午 spec.jbb.JBBmain DoARun -> 信息:   started user thread for Warehouse 2
2月 14, 2026 1:12:05 上午 spec.jbb.JBBmain DoARun -> 信息:   started user thread for Warehouse 3
2月 14, 2026 1:12:05 上午 spec.jbb.JBBmain DoARun -> 信息:   started user thread for Warehouse 4
2月 14, 2026 1:12:05 上午 spec.jbb.JBBmain DoARun -> 信息:   started user thread for Warehouse 5
2月 14, 2026 1:12:05 上午 spec.jbb.JBBmain DoARun -> 信息:   started user thread for Warehouse 6
2月 14, 2026 1:12:05 上午 spec.jbb.JBBmain DoARun -> 信息:   started user thread for Warehouse 7
2月 14, 2026 1:12:05 上午 spec.jbb.JBBmain DoARun -> 信息:   started user thread for Warehouse 8
2月 14, 2026 1:12:05 上午 spec.jbb.JBBmain DoARun -> 信息:   started user thread for Warehouse 9
2月 14, 2026 1:12:05 上午 spec.jbb.JBBmain DoARun -> 信息:   started user thread for Warehouse 10
2月 14, 2026 1:12:05 上午 spec.jbb.JBBmain DoARun -> 信息:   started user thread for Warehouse 11
2月 14, 2026 1:12:05 上午 spec.jbb.JBBmain DoARun -> 信息:   started user thread for Warehouse 12
2月 14, 2026 1:12:05 上午 spec.jbb.JBBmain DoARun -> 信息:   started user thread for Warehouse 13
2月 14, 2026 1:12:05 上午 spec.jbb.JBBmain DoARun -> 信息:   started user thread for Warehouse 14
2月 14, 2026 1:12:05 上午 spec.jbb.JBBmain DoARun -> 信息:   started user thread for Warehouse 15
2月 14, 2026 1:12:05 上午 spec.jbb.JBBmain DoARun -> 信息:   started user thread for Warehouse 16
2月 14, 2026 1:12:05 上午 spec.jbb.JBBmain DoARun -> 信息:   started user thread for Warehouse 17
2月 14, 2026 1:12:05 上午 spec.jbb.JBBmain DoARun -> 信息:   started user thread for Warehouse 18
2月 14, 2026 1:12:05 上午 spec.jbb.JBBmain DoARun -> 信息:   started user thread for Warehouse 19
2月 14, 2026 1:12:05 上午 spec.jbb.JBBmain DoARun -> 信息:   started user thread for Warehouse 20
2月 14, 2026 1:12:05 上午 spec.jbb.JBBmain DoARun -> 信息:   started user thread for Warehouse 21
2月 14, 2026 1:12:05 上午 spec.jbb.JBBmain DoARun -> 信息:   started user thread for Warehouse 22
2月 14, 2026 1:12:05 上午 spec.jbb.JBBmain DoARun -> 信息:   started user thread for Warehouse 23
2月 14, 2026 1:12:05 上午 spec.jbb.JBBmain DoARun -> 信息:   started user thread for Warehouse 24
2月 14, 2026 1:12:05 上午 spec.jbb.JBBmain DoARun -> 信息:   started user thread for Warehouse 25
2月 14, 2026 1:12:05 上午 spec.jbb.JBBmain DoARun -> 信息:   started user thread for Warehouse 26
2月 14, 2026 1:12:05 上午 spec.jbb.JBBmain DoARun -> 信息:   started user thread for Warehouse 27
2月 14, 2026 1:12:05 上午 spec.jbb.JBBmain DoARun -> 信息:   started user thread for Warehouse 28
2月 14, 2026 1:12:05 上午 spec.jbb.JBBmain DoARun -> 信息:   started user thread for Warehouse 29
2月 14, 2026 1:12:05 上午 spec.jbb.JBBmain DoARun -> 信息:   started user thread for Warehouse 30
2月 14, 2026 1:12:05 上午 spec.jbb.JBBmain DoARun -> 信息:   started user thread for Warehouse 31
2月 14, 2026 1:12:05 上午 spec.jbb.JBBmain DoARun -> 信息:   started user thread for Warehouse 32
2月 14, 2026 1:12:05 上午 spec.jbb.JBBmain DoARun -> 信息:   started user thread for Warehouse 33
2月 14, 2026 1:12:05 上午 spec.jbb.JBBmain DoARun -> 信息:   started user thread for Warehouse 34
2月 14, 2026 1:12:05 上午 spec.jbb.JBBmain DoARun -> 信息:   started user thread for Warehouse 35
2月 14, 2026 1:12:05 上午 spec.jbb.JBBmain DoARun -> 信息:   started user thread for Warehouse 36
2月 14, 2026 1:12:05 上午 spec.jbb.JBBmain DoARun -> 信息:   started user thread for Warehouse 37
2月 14, 2026 1:12:05 上午 spec.jbb.JBBmain DoARun -> 信息:   started user thread for Warehouse 38
2月 14, 2026 1:12:05 上午 spec.jbb.JBBmain DoARun -> 信息:   started user thread for Warehouse 39
2月 14, 2026 1:12:05 上午 spec.jbb.JBBmain DoARun -> 信息:   started user thread for Warehouse 40
2月 14, 2026 1:12:05 上午 spec.jbb.JBBmain DoARun -> 信息:   started user thread for Warehouse 41
2月 14, 2026 1:12:05 上午 spec.jbb.JBBmain DoARun -> 信息:   started user thread for Warehouse 42
2月 14, 2026 1:12:05 上午 spec.jbb.JBBmain DoARun -> 信息:   started user thread for Warehouse 43
2月 14, 2026 1:12:05 上午 spec.jbb.JBBmain DoARun -> 信息:   started user thread for Warehouse 44
2月 14, 2026 1:12:05 上午 spec.jbb.JBBmain DoARun -> 信息:   started user thread for Warehouse 45
2月 14, 2026 1:12:05 上午 spec.jbb.JBBmain DoARun -> 信息:   started user thread for Warehouse 46
2月 14, 2026 1:12:05 上午 spec.jbb.JBBmain DoARun -> 信息:   started user thread for Warehouse 47
2月 14, 2026 1:12:05 上午 spec.jbb.JBBmain DoARun -> 信息:   started user thread for Warehouse 48
2月 14, 2026 1:12:05 上午 spec.jbb.JBBmain DoARun -> 信息:   started user thread for Warehouse 49
2月 14, 2026 1:12:05 上午 spec.jbb.JBBmain DoARun -> 信息:   started user thread for Warehouse 50
2月 14, 2026 1:12:05 上午 spec.jbb.JBBmain DoARun -> 信息:   started user thread for Warehouse 51
2月 14, 2026 1:12:05 上午 spec.jbb.JBBmain DoARun -> 信息:   started user thread for Warehouse 52
2月 14, 2026 1:12:05 上午 spec.jbb.JBBmain DoARun -> 信息:   started user thread for Warehouse 53
2月 14, 2026 1:12:05 上午 spec.jbb.JBBmain DoARun -> 信息:   started user thread for Warehouse 54
2月 14, 2026 1:12:05 上午 spec.jbb.JBBmain DoARun -> 信息:   started user thread for Warehouse 55
2月 14, 2026 1:12:05 上午 spec.jbb.JBBmain DoARun -> 信息:   started user thread for Warehouse 56
2月 14, 2026 1:12:05 上午 spec.jbb.JBBmain DoARun -> 信息:   started user thread for Warehouse 57
2月 14, 2026 1:12:05 上午 spec.jbb.JBBmain DoARun -> 信息:   started user thread for Warehouse 58
2月 14, 2026 1:12:05 上午 spec.jbb.Company displayResultTotals -> 信息: Timing Measurement began Sat Feb 14 01:12:05 CST 2026 for 0.5 minutes
2月 14, 2026 1:12:35 上午 spec.jbb.Company displayResultTotals -> 信息: Timing Measurement ended Sat Feb 14 01:12:35 CST 2026
2月 14, 2026 1:12:35 上午 spec.jbb.Company primeWithDummyData -> 信息: Loading Warehouse 59...
2月 14, 2026 1:12:35 上午 spec.jbb.JBBmain DoARun -> 信息: Start User Threads
2月 14, 2026 1:12:35 上午 spec.jbb.JBBmain DoARun -> 信息:   started user thread for Warehouse 1
2月 14, 2026 1:12:35 上午 spec.jbb.JBBmain DoARun -> 信息:   started user thread for Warehouse 2
2月 14, 2026 1:12:35 上午 spec.jbb.JBBmain DoARun -> 信息:   started user thread for Warehouse 3
2月 14, 2026 1:12:35 上午 spec.jbb.JBBmain DoARun -> 信息:   started user thread for Warehouse 4
2月 14, 2026 1:12:35 上午 spec.jbb.JBBmain DoARun -> 信息:   started user thread for Warehouse 5
2月 14, 2026 1:12:35 上午 spec.jbb.JBBmain DoARun -> 信息:   started user thread for Warehouse 6
2月 14, 2026 1:12:35 上午 spec.jbb.JBBmain DoARun -> 信息:   started user thread for Warehouse 7
2月 14, 2026 1:12:35 上午 spec.jbb.JBBmain DoARun -> 信息:   started user thread for Warehouse 8
2月 14, 2026 1:12:35 上午 spec.jbb.JBBmain DoARun -> 信息:   started user thread for Warehouse 9
2月 14, 2026 1:12:35 上午 spec.jbb.JBBmain DoARun -> 信息:   started user thread for Warehouse 10
2月 14, 2026 1:12:35 上午 spec.jbb.JBBmain DoARun -> 信息:   started user thread for Warehouse 11
2月 14, 2026 1:12:35 上午 spec.jbb.JBBmain DoARun -> 信息:   started user thread for Warehouse 12
2月 14, 2026 1:12:35 上午 spec.jbb.JBBmain DoARun -> 信息:   started user thread for Warehouse 13
2月 14, 2026 1:12:35 上午 spec.jbb.JBBmain DoARun -> 信息:   started user thread for Warehouse 14
2月 14, 2026 1:12:35 上午 spec.jbb.JBBmain DoARun -> 信息:   started user thread for Warehouse 15
2月 14, 2026 1:12:35 上午 spec.jbb.JBBmain DoARun -> 信息:   started user thread for Warehouse 16
2月 14, 2026 1:12:35 上午 spec.jbb.JBBmain DoARun -> 信息:   started user thread for Warehouse 17
2月 14, 2026 1:12:35 上午 spec.jbb.JBBmain DoARun -> 信息:   started user thread for Warehouse 18
2月 14, 2026 1:12:35 上午 spec.jbb.JBBmain DoARun -> 信息:   started user thread for Warehouse 19
2月 14, 2026 1:12:35 上午 spec.jbb.JBBmain DoARun -> 信息:   started user thread for Warehouse 20
2月 14, 2026 1:12:35 上午 spec.jbb.JBBmain DoARun -> 信息:   started user thread for Warehouse 21
2月 14, 2026 1:12:35 上午 spec.jbb.JBBmain DoARun -> 信息:   started user thread for Warehouse 22
2月 14, 2026 1:12:35 上午 spec.jbb.JBBmain DoARun -> 信息:   started user thread for Warehouse 23
2月 14, 2026 1:12:35 上午 spec.jbb.JBBmain DoARun -> 信息:   started user thread for Warehouse 24
2月 14, 2026 1:12:35 上午 spec.jbb.JBBmain DoARun -> 信息:   started user thread for Warehouse 25
2月 14, 2026 1:12:35 上午 spec.jbb.JBBmain DoARun -> 信息:   started user thread for Warehouse 26
2月 14, 2026 1:12:35 上午 spec.jbb.JBBmain DoARun -> 信息:   started user thread for Warehouse 27
2月 14, 2026 1:12:35 上午 spec.jbb.JBBmain DoARun -> 信息:   started user thread for Warehouse 28
2月 14, 2026 1:12:35 上午 spec.jbb.JBBmain DoARun -> 信息:   started user thread for Warehouse 29
2月 14, 2026 1:12:35 上午 spec.jbb.JBBmain DoARun -> 信息:   started user thread for Warehouse 30
2月 14, 2026 1:12:35 上午 spec.jbb.JBBmain DoARun -> 信息:   started user thread for Warehouse 31
2月 14, 2026 1:12:35 上午 spec.jbb.JBBmain DoARun -> 信息:   started user thread for Warehouse 32
2月 14, 2026 1:12:35 上午 spec.jbb.JBBmain DoARun -> 信息:   started user thread for Warehouse 33
2月 14, 2026 1:12:35 上午 spec.jbb.JBBmain DoARun -> 信息:   started user thread for Warehouse 34
2月 14, 2026 1:12:35 上午 spec.jbb.JBBmain DoARun -> 信息:   started user thread for Warehouse 35
2月 14, 2026 1:12:35 上午 spec.jbb.JBBmain DoARun -> 信息:   started user thread for Warehouse 36
2月 14, 2026 1:12:35 上午 spec.jbb.JBBmain DoARun -> 信息:   started user thread for Warehouse 37
2月 14, 2026 1:12:35 上午 spec.jbb.JBBmain DoARun -> 信息:   started user thread for Warehouse 38
2月 14, 2026 1:12:35 上午 spec.jbb.JBBmain DoARun -> 信息:   started user thread for Warehouse 39
2月 14, 2026 1:12:35 上午 spec.jbb.JBBmain DoARun -> 信息:   started user thread for Warehouse 40
2月 14, 2026 1:12:35 上午 spec.jbb.JBBmain DoARun -> 信息:   started user thread for Warehouse 41
2月 14, 2026 1:12:35 上午 spec.jbb.JBBmain DoARun -> 信息:   started user thread for Warehouse 42
2月 14, 2026 1:12:35 上午 spec.jbb.JBBmain DoARun -> 信息:   started user thread for Warehouse 43
2月 14, 2026 1:12:35 上午 spec.jbb.JBBmain DoARun -> 信息:   started user thread for Warehouse 44
2月 14, 2026 1:12:35 上午 spec.jbb.JBBmain DoARun -> 信息:   started user thread for Warehouse 45
2月 14, 2026 1:12:35 上午 spec.jbb.JBBmain DoARun -> 信息:   started user thread for Warehouse 46
2月 14, 2026 1:12:35 上午 spec.jbb.JBBmain DoARun -> 信息:   started user thread for Warehouse 47
2月 14, 2026 1:12:35 上午 spec.jbb.JBBmain DoARun -> 信息:   started user thread for Warehouse 48
2月 14, 2026 1:12:35 上午 spec.jbb.JBBmain DoARun -> 信息:   started user thread for Warehouse 49
2月 14, 2026 1:12:35 上午 spec.jbb.JBBmain DoARun -> 信息:   started user thread for Warehouse 50
2月 14, 2026 1:12:35 上午 spec.jbb.JBBmain DoARun -> 信息:   started user thread for Warehouse 51
2月 14, 2026 1:12:35 上午 spec.jbb.JBBmain DoARun -> 信息:   started user thread for Warehouse 52
2月 14, 2026 1:12:35 上午 spec.jbb.JBBmain DoARun -> 信息:   started user thread for Warehouse 53
2月 14, 2026 1:12:35 上午 spec.jbb.JBBmain DoARun -> 信息:   started user thread for Warehouse 54
2月 14, 2026 1:12:35 上午 spec.jbb.JBBmain DoARun -> 信息:   started user thread for Warehouse 55
2月 14, 2026 1:12:35 上午 spec.jbb.JBBmain DoARun -> 信息:   started user thread for Warehouse 56
2月 14, 2026 1:12:35 上午 spec.jbb.JBBmain DoARun -> 信息:   started user thread for Warehouse 57
2月 14, 2026 1:12:35 上午 spec.jbb.JBBmain DoARun -> 信息:   started user thread for Warehouse 58
2月 14, 2026 1:12:35 上午 spec.jbb.JBBmain DoARun -> 信息:   started user thread for Warehouse 59
2月 14, 2026 1:12:35 上午 spec.jbb.Company displayResultTotals -> 信息: Timing Measurement began Sat Feb 14 01:12:35 CST 2026 for 0.5 minutes
2月 14, 2026 1:13:05 上午 spec.jbb.Company displayResultTotals -> 信息: Timing Measurement ended Sat Feb 14 01:13:05 CST 2026
2月 14, 2026 1:13:05 上午 spec.jbb.Company primeWithDummyData -> 信息: Loading Warehouse 60...
2月 14, 2026 1:13:05 上午 spec.jbb.JBBmain DoARun -> 信息: Start User Threads
2月 14, 2026 1:13:05 上午 spec.jbb.JBBmain DoARun -> 信息:   started user thread for Warehouse 1
2月 14, 2026 1:13:05 上午 spec.jbb.JBBmain DoARun -> 信息:   started user thread for Warehouse 2
2月 14, 2026 1:13:05 上午 spec.jbb.JBBmain DoARun -> 信息:   started user thread for Warehouse 3
2月 14, 2026 1:13:05 上午 spec.jbb.JBBmain DoARun -> 信息:   started user thread for Warehouse 4
2月 14, 2026 1:13:05 上午 spec.jbb.JBBmain DoARun -> 信息:   started user thread for Warehouse 5
2月 14, 2026 1:13:05 上午 spec.jbb.JBBmain DoARun -> 信息:   started user thread for Warehouse 6
2月 14, 2026 1:13:05 上午 spec.jbb.JBBmain DoARun -> 信息:   started user thread for Warehouse 7
2月 14, 2026 1:13:05 上午 spec.jbb.JBBmain DoARun -> 信息:   started user thread for Warehouse 8
2月 14, 2026 1:13:05 上午 spec.jbb.JBBmain DoARun -> 信息:   started user thread for Warehouse 9
2月 14, 2026 1:13:05 上午 spec.jbb.JBBmain DoARun -> 信息:   started user thread for Warehouse 10
2月 14, 2026 1:13:05 上午 spec.jbb.JBBmain DoARun -> 信息:   started user thread for Warehouse 11
2月 14, 2026 1:13:05 上午 spec.jbb.JBBmain DoARun -> 信息:   started user thread for Warehouse 12
2月 14, 2026 1:13:05 上午 spec.jbb.JBBmain DoARun -> 信息:   started user thread for Warehouse 13
2月 14, 2026 1:13:05 上午 spec.jbb.JBBmain DoARun -> 信息:   started user thread for Warehouse 14
2月 14, 2026 1:13:05 上午 spec.jbb.JBBmain DoARun -> 信息:   started user thread for Warehouse 15
2月 14, 2026 1:13:05 上午 spec.jbb.JBBmain DoARun -> 信息:   started user thread for Warehouse 16
2月 14, 2026 1:13:05 上午 spec.jbb.JBBmain DoARun -> 信息:   started user thread for Warehouse 17
2月 14, 2026 1:13:05 上午 spec.jbb.JBBmain DoARun -> 信息:   started user thread for Warehouse 18
2月 14, 2026 1:13:05 上午 spec.jbb.JBBmain DoARun -> 信息:   started user thread for Warehouse 19
2月 14, 2026 1:13:05 上午 spec.jbb.JBBmain DoARun -> 信息:   started user thread for Warehouse 20
2月 14, 2026 1:13:05 上午 spec.jbb.JBBmain DoARun -> 信息:   started user thread for Warehouse 21
2月 14, 2026 1:13:05 上午 spec.jbb.JBBmain DoARun -> 信息:   started user thread for Warehouse 22
2月 14, 2026 1:13:05 上午 spec.jbb.JBBmain DoARun -> 信息:   started user thread for Warehouse 23
2月 14, 2026 1:13:05 上午 spec.jbb.JBBmain DoARun -> 信息:   started user thread for Warehouse 24
2月 14, 2026 1:13:05 上午 spec.jbb.JBBmain DoARun -> 信息:   started user thread for Warehouse 25
2月 14, 2026 1:13:05 上午 spec.jbb.JBBmain DoARun -> 信息:   started user thread for Warehouse 26
2月 14, 2026 1:13:05 上午 spec.jbb.JBBmain DoARun -> 信息:   started user thread for Warehouse 27
2月 14, 2026 1:13:05 上午 spec.jbb.JBBmain DoARun -> 信息:   started user thread for Warehouse 28
2月 14, 2026 1:13:05 上午 spec.jbb.JBBmain DoARun -> 信息:   started user thread for Warehouse 29
2月 14, 2026 1:13:05 上午 spec.jbb.JBBmain DoARun -> 信息:   started user thread for Warehouse 30
2月 14, 2026 1:13:05 上午 spec.jbb.JBBmain DoARun -> 信息:   started user thread for Warehouse 31
2月 14, 2026 1:13:05 上午 spec.jbb.JBBmain DoARun -> 信息:   started user thread for Warehouse 32
2月 14, 2026 1:13:05 上午 spec.jbb.JBBmain DoARun -> 信息:   started user thread for Warehouse 33
2月 14, 2026 1:13:05 上午 spec.jbb.JBBmain DoARun -> 信息:   started user thread for Warehouse 34
2月 14, 2026 1:13:05 上午 spec.jbb.JBBmain DoARun -> 信息:   started user thread for Warehouse 35
2月 14, 2026 1:13:05 上午 spec.jbb.JBBmain DoARun -> 信息:   started user thread for Warehouse 36
2月 14, 2026 1:13:05 上午 spec.jbb.JBBmain DoARun -> 信息:   started user thread for Warehouse 37
2月 14, 2026 1:13:05 上午 spec.jbb.JBBmain DoARun -> 信息:   started user thread for Warehouse 38
2月 14, 2026 1:13:05 上午 spec.jbb.JBBmain DoARun -> 信息:   started user thread for Warehouse 39
2月 14, 2026 1:13:05 上午 spec.jbb.JBBmain DoARun -> 信息:   started user thread for Warehouse 40
2月 14, 2026 1:13:05 上午 spec.jbb.JBBmain DoARun -> 信息:   started user thread for Warehouse 41
2月 14, 2026 1:13:05 上午 spec.jbb.JBBmain DoARun -> 信息:   started user thread for Warehouse 42
2月 14, 2026 1:13:05 上午 spec.jbb.JBBmain DoARun -> 信息:   started user thread for Warehouse 43
2月 14, 2026 1:13:05 上午 spec.jbb.JBBmain DoARun -> 信息:   started user thread for Warehouse 44
2月 14, 2026 1:13:05 上午 spec.jbb.JBBmain DoARun -> 信息:   started user thread for Warehouse 45
2月 14, 2026 1:13:05 上午 spec.jbb.JBBmain DoARun -> 信息:   started user thread for Warehouse 46
2月 14, 2026 1:13:05 上午 spec.jbb.JBBmain DoARun -> 信息:   started user thread for Warehouse 47
2月 14, 2026 1:13:05 上午 spec.jbb.JBBmain DoARun -> 信息:   started user thread for Warehouse 48
2月 14, 2026 1:13:05 上午 spec.jbb.JBBmain DoARun -> 信息:   started user thread for Warehouse 49
2月 14, 2026 1:13:05 上午 spec.jbb.JBBmain DoARun -> 信息:   started user thread for Warehouse 50
2月 14, 2026 1:13:05 上午 spec.jbb.JBBmain DoARun -> 信息:   started user thread for Warehouse 51
2月 14, 2026 1:13:05 上午 spec.jbb.JBBmain DoARun -> 信息:   started user thread for Warehouse 52
2月 14, 2026 1:13:05 上午 spec.jbb.JBBmain DoARun -> 信息:   started user thread for Warehouse 53
2月 14, 2026 1:13:05 上午 spec.jbb.JBBmain DoARun -> 信息:   started user thread for Warehouse 54
2月 14, 2026 1:13:05 上午 spec.jbb.JBBmain DoARun -> 信息:   started user thread for Warehouse 55
2月 14, 2026 1:13:05 上午 spec.jbb.JBBmain DoARun -> 信息:   started user thread for Warehouse 56
2月 14, 2026 1:13:05 上午 spec.jbb.JBBmain DoARun -> 信息:   started user thread for Warehouse 57
2月 14, 2026 1:13:05 上午 spec.jbb.JBBmain DoARun -> 信息:   started user thread for Warehouse 58
2月 14, 2026 1:13:05 上午 spec.jbb.JBBmain DoARun -> 信息:   started user thread for Warehouse 59
2月 14, 2026 1:13:05 上午 spec.jbb.JBBmain DoARun -> 信息:   started user thread for Warehouse 60
2月 14, 2026 1:13:05 上午 spec.jbb.Company displayResultTotals -> 信息: Timing Measurement began Sat Feb 14 01:13:05 CST 2026 for 0.5 minutes
2月 14, 2026 1:13:35 上午 spec.jbb.Company displayResultTotals -> 信息: Timing Measurement ended Sat Feb 14 01:13:35 CST 2026
2月 14, 2026 1:13:35 上午 spec.jbb.Company primeWithDummyData -> 信息: Loading Warehouse 61...
2月 14, 2026 1:13:35 上午 spec.jbb.JBBmain DoARun -> 信息: Start User Threads
2月 14, 2026 1:13:35 上午 spec.jbb.JBBmain DoARun -> 信息:   started user thread for Warehouse 1
2月 14, 2026 1:13:35 上午 spec.jbb.JBBmain DoARun -> 信息:   started user thread for Warehouse 2
2月 14, 2026 1:13:35 上午 spec.jbb.JBBmain DoARun -> 信息:   started user thread for Warehouse 3
2月 14, 2026 1:13:35 上午 spec.jbb.JBBmain DoARun -> 信息:   started user thread for Warehouse 4
2月 14, 2026 1:13:35 上午 spec.jbb.JBBmain DoARun -> 信息:   started user thread for Warehouse 5
2月 14, 2026 1:13:35 上午 spec.jbb.JBBmain DoARun -> 信息:   started user thread for Warehouse 6
2月 14, 2026 1:13:35 上午 spec.jbb.JBBmain DoARun -> 信息:   started user thread for Warehouse 7
2月 14, 2026 1:13:35 上午 spec.jbb.JBBmain DoARun -> 信息:   started user thread for Warehouse 8
2月 14, 2026 1:13:35 上午 spec.jbb.JBBmain DoARun -> 信息:   started user thread for Warehouse 9
2月 14, 2026 1:13:35 上午 spec.jbb.JBBmain DoARun -> 信息:   started user thread for Warehouse 10
2月 14, 2026 1:13:35 上午 spec.jbb.JBBmain DoARun -> 信息:   started user thread for Warehouse 11
2月 14, 2026 1:13:35 上午 spec.jbb.JBBmain DoARun -> 信息:   started user thread for Warehouse 12
2月 14, 2026 1:13:35 上午 spec.jbb.JBBmain DoARun -> 信息:   started user thread for Warehouse 13
2月 14, 2026 1:13:35 上午 spec.jbb.JBBmain DoARun -> 信息:   started user thread for Warehouse 14
2月 14, 2026 1:13:35 上午 spec.jbb.JBBmain DoARun -> 信息:   started user thread for Warehouse 15
2月 14, 2026 1:13:35 上午 spec.jbb.JBBmain DoARun -> 信息:   started user thread for Warehouse 16
2月 14, 2026 1:13:35 上午 spec.jbb.JBBmain DoARun -> 信息:   started user thread for Warehouse 17
2月 14, 2026 1:13:35 上午 spec.jbb.JBBmain DoARun -> 信息:   started user thread for Warehouse 18
2月 14, 2026 1:13:35 上午 spec.jbb.JBBmain DoARun -> 信息:   started user thread for Warehouse 19
2月 14, 2026 1:13:35 上午 spec.jbb.JBBmain DoARun -> 信息:   started user thread for Warehouse 20
2月 14, 2026 1:13:35 上午 spec.jbb.JBBmain DoARun -> 信息:   started user thread for Warehouse 21
2月 14, 2026 1:13:35 上午 spec.jbb.JBBmain DoARun -> 信息:   started user thread for Warehouse 22
2月 14, 2026 1:13:35 上午 spec.jbb.JBBmain DoARun -> 信息:   started user thread for Warehouse 23
2月 14, 2026 1:13:35 上午 spec.jbb.JBBmain DoARun -> 信息:   started user thread for Warehouse 24
2月 14, 2026 1:13:35 上午 spec.jbb.JBBmain DoARun -> 信息:   started user thread for Warehouse 25
2月 14, 2026 1:13:35 上午 spec.jbb.JBBmain DoARun -> 信息:   started user thread for Warehouse 26
2月 14, 2026 1:13:35 上午 spec.jbb.JBBmain DoARun -> 信息:   started user thread for Warehouse 27
2月 14, 2026 1:13:35 上午 spec.jbb.JBBmain DoARun -> 信息:   started user thread for Warehouse 28
2月 14, 2026 1:13:35 上午 spec.jbb.JBBmain DoARun -> 信息:   started user thread for Warehouse 29
2月 14, 2026 1:13:35 上午 spec.jbb.JBBmain DoARun -> 信息:   started user thread for Warehouse 30
2月 14, 2026 1:13:35 上午 spec.jbb.JBBmain DoARun -> 信息:   started user thread for Warehouse 31
2月 14, 2026 1:13:35 上午 spec.jbb.JBBmain DoARun -> 信息:   started user thread for Warehouse 32
2月 14, 2026 1:13:35 上午 spec.jbb.JBBmain DoARun -> 信息:   started user thread for Warehouse 33
2月 14, 2026 1:13:35 上午 spec.jbb.JBBmain DoARun -> 信息:   started user thread for Warehouse 34
2月 14, 2026 1:13:35 上午 spec.jbb.JBBmain DoARun -> 信息:   started user thread for Warehouse 35
2月 14, 2026 1:13:35 上午 spec.jbb.JBBmain DoARun -> 信息:   started user thread for Warehouse 36
2月 14, 2026 1:13:35 上午 spec.jbb.JBBmain DoARun -> 信息:   started user thread for Warehouse 37
2月 14, 2026 1:13:35 上午 spec.jbb.JBBmain DoARun -> 信息:   started user thread for Warehouse 38
2月 14, 2026 1:13:35 上午 spec.jbb.JBBmain DoARun -> 信息:   started user thread for Warehouse 39
2月 14, 2026 1:13:35 上午 spec.jbb.JBBmain DoARun -> 信息:   started user thread for Warehouse 40
2月 14, 2026 1:13:35 上午 spec.jbb.JBBmain DoARun -> 信息:   started user thread for Warehouse 41
2月 14, 2026 1:13:35 上午 spec.jbb.JBBmain DoARun -> 信息:   started user thread for Warehouse 42
2月 14, 2026 1:13:35 上午 spec.jbb.JBBmain DoARun -> 信息:   started user thread for Warehouse 43
2月 14, 2026 1:13:35 上午 spec.jbb.JBBmain DoARun -> 信息:   started user thread for Warehouse 44
2月 14, 2026 1:13:35 上午 spec.jbb.JBBmain DoARun -> 信息:   started user thread for Warehouse 45
2月 14, 2026 1:13:35 上午 spec.jbb.JBBmain DoARun -> 信息:   started user thread for Warehouse 46
2月 14, 2026 1:13:35 上午 spec.jbb.JBBmain DoARun -> 信息:   started user thread for Warehouse 47
2月 14, 2026 1:13:35 上午 spec.jbb.JBBmain DoARun -> 信息:   started user thread for Warehouse 48
2月 14, 2026 1:13:35 上午 spec.jbb.JBBmain DoARun -> 信息:   started user thread for Warehouse 49
2月 14, 2026 1:13:35 上午 spec.jbb.JBBmain DoARun -> 信息:   started user thread for Warehouse 50
2月 14, 2026 1:13:35 上午 spec.jbb.JBBmain DoARun -> 信息:   started user thread for Warehouse 51
2月 14, 2026 1:13:35 上午 spec.jbb.JBBmain DoARun -> 信息:   started user thread for Warehouse 52
2月 14, 2026 1:13:35 上午 spec.jbb.JBBmain DoARun -> 信息:   started user thread for Warehouse 53
2月 14, 2026 1:13:35 上午 spec.jbb.JBBmain DoARun -> 信息:   started user thread for Warehouse 54
2月 14, 2026 1:13:35 上午 spec.jbb.JBBmain DoARun -> 信息:   started user thread for Warehouse 55
2月 14, 2026 1:13:35 上午 spec.jbb.JBBmain DoARun -> 信息:   started user thread for Warehouse 56
2月 14, 2026 1:13:35 上午 spec.jbb.JBBmain DoARun -> 信息:   started user thread for Warehouse 57
2月 14, 2026 1:13:35 上午 spec.jbb.JBBmain DoARun -> 信息:   started user thread for Warehouse 58
2月 14, 2026 1:13:35 上午 spec.jbb.JBBmain DoARun -> 信息:   started user thread for Warehouse 59
2月 14, 2026 1:13:35 上午 spec.jbb.JBBmain DoARun -> 信息:   started user thread for Warehouse 60
2月 14, 2026 1:13:35 上午 spec.jbb.JBBmain DoARun -> 信息:   started user thread for Warehouse 61
2月 14, 2026 1:13:35 上午 spec.jbb.Company displayResultTotals -> 信息: Timing Measurement began Sat Feb 14 01:13:35 CST 2026 for 0.5 minutes
2月 14, 2026 1:14:05 上午 spec.jbb.Company displayResultTotals -> 信息: Timing Measurement ended Sat Feb 14 01:14:05 CST 2026
2月 14, 2026 1:14:05 上午 spec.jbb.Company primeWithDummyData -> 信息: Loading Warehouse 62...
2月 14, 2026 1:14:05 上午 spec.jbb.JBBmain DoARun -> 信息: Start User Threads
2月 14, 2026 1:14:05 上午 spec.jbb.JBBmain DoARun -> 信息:   started user thread for Warehouse 1
2月 14, 2026 1:14:05 上午 spec.jbb.JBBmain DoARun -> 信息:   started user thread for Warehouse 2
2月 14, 2026 1:14:05 上午 spec.jbb.JBBmain DoARun -> 信息:   started user thread for Warehouse 3
2月 14, 2026 1:14:05 上午 spec.jbb.JBBmain DoARun -> 信息:   started user thread for Warehouse 4
2月 14, 2026 1:14:05 上午 spec.jbb.JBBmain DoARun -> 信息:   started user thread for Warehouse 5
2月 14, 2026 1:14:05 上午 spec.jbb.JBBmain DoARun -> 信息:   started user thread for Warehouse 6
2月 14, 2026 1:14:05 上午 spec.jbb.JBBmain DoARun -> 信息:   started user thread for Warehouse 7
2月 14, 2026 1:14:05 上午 spec.jbb.JBBmain DoARun -> 信息:   started user thread for Warehouse 8
2月 14, 2026 1:14:05 上午 spec.jbb.JBBmain DoARun -> 信息:   started user thread for Warehouse 9
2月 14, 2026 1:14:05 上午 spec.jbb.JBBmain DoARun -> 信息:   started user thread for Warehouse 10
2月 14, 2026 1:14:05 上午 spec.jbb.JBBmain DoARun -> 信息:   started user thread for Warehouse 11
2月 14, 2026 1:14:05 上午 spec.jbb.JBBmain DoARun -> 信息:   started user thread for Warehouse 12
2月 14, 2026 1:14:05 上午 spec.jbb.JBBmain DoARun -> 信息:   started user thread for Warehouse 13
2月 14, 2026 1:14:05 上午 spec.jbb.JBBmain DoARun -> 信息:   started user thread for Warehouse 14
2月 14, 2026 1:14:05 上午 spec.jbb.JBBmain DoARun -> 信息:   started user thread for Warehouse 15
2月 14, 2026 1:14:05 上午 spec.jbb.JBBmain DoARun -> 信息:   started user thread for Warehouse 16
2月 14, 2026 1:14:05 上午 spec.jbb.JBBmain DoARun -> 信息:   started user thread for Warehouse 17
2月 14, 2026 1:14:05 上午 spec.jbb.JBBmain DoARun -> 信息:   started user thread for Warehouse 18
2月 14, 2026 1:14:05 上午 spec.jbb.JBBmain DoARun -> 信息:   started user thread for Warehouse 19
2月 14, 2026 1:14:05 上午 spec.jbb.JBBmain DoARun -> 信息:   started user thread for Warehouse 20
2月 14, 2026 1:14:05 上午 spec.jbb.JBBmain DoARun -> 信息:   started user thread for Warehouse 21
2月 14, 2026 1:14:05 上午 spec.jbb.JBBmain DoARun -> 信息:   started user thread for Warehouse 22
2月 14, 2026 1:14:05 上午 spec.jbb.JBBmain DoARun -> 信息:   started user thread for Warehouse 23
2月 14, 2026 1:14:05 上午 spec.jbb.JBBmain DoARun -> 信息:   started user thread for Warehouse 24
2月 14, 2026 1:14:05 上午 spec.jbb.JBBmain DoARun -> 信息:   started user thread for Warehouse 25
2月 14, 2026 1:14:05 上午 spec.jbb.JBBmain DoARun -> 信息:   started user thread for Warehouse 26
2月 14, 2026 1:14:05 上午 spec.jbb.JBBmain DoARun -> 信息:   started user thread for Warehouse 27
2月 14, 2026 1:14:05 上午 spec.jbb.JBBmain DoARun -> 信息:   started user thread for Warehouse 28
2月 14, 2026 1:14:05 上午 spec.jbb.JBBmain DoARun -> 信息:   started user thread for Warehouse 29
2月 14, 2026 1:14:05 上午 spec.jbb.JBBmain DoARun -> 信息:   started user thread for Warehouse 30
2月 14, 2026 1:14:05 上午 spec.jbb.JBBmain DoARun -> 信息:   started user thread for Warehouse 31
2月 14, 2026 1:14:05 上午 spec.jbb.JBBmain DoARun -> 信息:   started user thread for Warehouse 32
2月 14, 2026 1:14:05 上午 spec.jbb.JBBmain DoARun -> 信息:   started user thread for Warehouse 33
2月 14, 2026 1:14:05 上午 spec.jbb.JBBmain DoARun -> 信息:   started user thread for Warehouse 34
2月 14, 2026 1:14:05 上午 spec.jbb.JBBmain DoARun -> 信息:   started user thread for Warehouse 35
2月 14, 2026 1:14:05 上午 spec.jbb.JBBmain DoARun -> 信息:   started user thread for Warehouse 36
2月 14, 2026 1:14:05 上午 spec.jbb.JBBmain DoARun -> 信息:   started user thread for Warehouse 37
2月 14, 2026 1:14:05 上午 spec.jbb.JBBmain DoARun -> 信息:   started user thread for Warehouse 38
2月 14, 2026 1:14:05 上午 spec.jbb.JBBmain DoARun -> 信息:   started user thread for Warehouse 39
2月 14, 2026 1:14:05 上午 spec.jbb.JBBmain DoARun -> 信息:   started user thread for Warehouse 40
2月 14, 2026 1:14:05 上午 spec.jbb.JBBmain DoARun -> 信息:   started user thread for Warehouse 41
2月 14, 2026 1:14:05 上午 spec.jbb.JBBmain DoARun -> 信息:   started user thread for Warehouse 42
2月 14, 2026 1:14:05 上午 spec.jbb.JBBmain DoARun -> 信息:   started user thread for Warehouse 43
2月 14, 2026 1:14:05 上午 spec.jbb.JBBmain DoARun -> 信息:   started user thread for Warehouse 44
2月 14, 2026 1:14:05 上午 spec.jbb.JBBmain DoARun -> 信息:   started user thread for Warehouse 45
2月 14, 2026 1:14:05 上午 spec.jbb.JBBmain DoARun -> 信息:   started user thread for Warehouse 46
2月 14, 2026 1:14:05 上午 spec.jbb.JBBmain DoARun -> 信息:   started user thread for Warehouse 47
2月 14, 2026 1:14:05 上午 spec.jbb.JBBmain DoARun -> 信息:   started user thread for Warehouse 48
2月 14, 2026 1:14:05 上午 spec.jbb.JBBmain DoARun -> 信息:   started user thread for Warehouse 49
2月 14, 2026 1:14:05 上午 spec.jbb.JBBmain DoARun -> 信息:   started user thread for Warehouse 50
2月 14, 2026 1:14:05 上午 spec.jbb.JBBmain DoARun -> 信息:   started user thread for Warehouse 51
2月 14, 2026 1:14:05 上午 spec.jbb.JBBmain DoARun -> 信息:   started user thread for Warehouse 52
2月 14, 2026 1:14:05 上午 spec.jbb.JBBmain DoARun -> 信息:   started user thread for Warehouse 53
2月 14, 2026 1:14:05 上午 spec.jbb.JBBmain DoARun -> 信息:   started user thread for Warehouse 54
2月 14, 2026 1:14:05 上午 spec.jbb.JBBmain DoARun -> 信息:   started user thread for Warehouse 55
2月 14, 2026 1:14:05 上午 spec.jbb.JBBmain DoARun -> 信息:   started user thread for Warehouse 56
2月 14, 2026 1:14:05 上午 spec.jbb.JBBmain DoARun -> 信息:   started user thread for Warehouse 57
2月 14, 2026 1:14:05 上午 spec.jbb.JBBmain DoARun -> 信息:   started user thread for Warehouse 58
2月 14, 2026 1:14:05 上午 spec.jbb.JBBmain DoARun -> 信息:   started user thread for Warehouse 59
2月 14, 2026 1:14:05 上午 spec.jbb.JBBmain DoARun -> 信息:   started user thread for Warehouse 60
2月 14, 2026 1:14:05 上午 spec.jbb.JBBmain DoARun -> 信息:   started user thread for Warehouse 61
2月 14, 2026 1:14:05 上午 spec.jbb.JBBmain DoARun -> 信息:   started user thread for Warehouse 62
2月 14, 2026 1:14:05 上午 spec.jbb.Company displayResultTotals -> 信息: Timing Measurement began Sat Feb 14 01:14:05 CST 2026 for 0.5 minutes
2月 14, 2026 1:14:35 上午 spec.jbb.Company displayResultTotals -> 信息: Timing Measurement ended Sat Feb 14 01:14:35 CST 2026
2月 14, 2026 1:14:36 上午 spec.jbb.Company primeWithDummyData -> 信息: Loading Warehouse 63...
2月 14, 2026 1:14:36 上午 spec.jbb.JBBmain DoARun -> 信息: Start User Threads
2月 14, 2026 1:14:36 上午 spec.jbb.JBBmain DoARun -> 信息:   started user thread for Warehouse 1
2月 14, 2026 1:14:36 上午 spec.jbb.JBBmain DoARun -> 信息:   started user thread for Warehouse 2
2月 14, 2026 1:14:36 上午 spec.jbb.JBBmain DoARun -> 信息:   started user thread for Warehouse 3
2月 14, 2026 1:14:36 上午 spec.jbb.JBBmain DoARun -> 信息:   started user thread for Warehouse 4
2月 14, 2026 1:14:36 上午 spec.jbb.JBBmain DoARun -> 信息:   started user thread for Warehouse 5
2月 14, 2026 1:14:36 上午 spec.jbb.JBBmain DoARun -> 信息:   started user thread for Warehouse 6
2月 14, 2026 1:14:36 上午 spec.jbb.JBBmain DoARun -> 信息:   started user thread for Warehouse 7
2月 14, 2026 1:14:36 上午 spec.jbb.JBBmain DoARun -> 信息:   started user thread for Warehouse 8
2月 14, 2026 1:14:36 上午 spec.jbb.JBBmain DoARun -> 信息:   started user thread for Warehouse 9
2月 14, 2026 1:14:36 上午 spec.jbb.JBBmain DoARun -> 信息:   started user thread for Warehouse 10
2月 14, 2026 1:14:36 上午 spec.jbb.JBBmain DoARun -> 信息:   started user thread for Warehouse 11
2月 14, 2026 1:14:36 上午 spec.jbb.JBBmain DoARun -> 信息:   started user thread for Warehouse 12
2月 14, 2026 1:14:36 上午 spec.jbb.JBBmain DoARun -> 信息:   started user thread for Warehouse 13
2月 14, 2026 1:14:36 上午 spec.jbb.JBBmain DoARun -> 信息:   started user thread for Warehouse 14
2月 14, 2026 1:14:36 上午 spec.jbb.JBBmain DoARun -> 信息:   started user thread for Warehouse 15
2月 14, 2026 1:14:36 上午 spec.jbb.JBBmain DoARun -> 信息:   started user thread for Warehouse 16
2月 14, 2026 1:14:36 上午 spec.jbb.JBBmain DoARun -> 信息:   started user thread for Warehouse 17
2月 14, 2026 1:14:36 上午 spec.jbb.JBBmain DoARun -> 信息:   started user thread for Warehouse 18
2月 14, 2026 1:14:36 上午 spec.jbb.JBBmain DoARun -> 信息:   started user thread for Warehouse 19
2月 14, 2026 1:14:36 上午 spec.jbb.JBBmain DoARun -> 信息:   started user thread for Warehouse 20
2月 14, 2026 1:14:36 上午 spec.jbb.JBBmain DoARun -> 信息:   started user thread for Warehouse 21
2月 14, 2026 1:14:36 上午 spec.jbb.JBBmain DoARun -> 信息:   started user thread for Warehouse 22
2月 14, 2026 1:14:36 上午 spec.jbb.JBBmain DoARun -> 信息:   started user thread for Warehouse 23
2月 14, 2026 1:14:36 上午 spec.jbb.JBBmain DoARun -> 信息:   started user thread for Warehouse 24
2月 14, 2026 1:14:36 上午 spec.jbb.JBBmain DoARun -> 信息:   started user thread for Warehouse 25
2月 14, 2026 1:14:36 上午 spec.jbb.JBBmain DoARun -> 信息:   started user thread for Warehouse 26
2月 14, 2026 1:14:36 上午 spec.jbb.JBBmain DoARun -> 信息:   started user thread for Warehouse 27
2月 14, 2026 1:14:36 上午 spec.jbb.JBBmain DoARun -> 信息:   started user thread for Warehouse 28
2月 14, 2026 1:14:36 上午 spec.jbb.JBBmain DoARun -> 信息:   started user thread for Warehouse 29
2月 14, 2026 1:14:36 上午 spec.jbb.JBBmain DoARun -> 信息:   started user thread for Warehouse 30
2月 14, 2026 1:14:36 上午 spec.jbb.JBBmain DoARun -> 信息:   started user thread for Warehouse 31
2月 14, 2026 1:14:36 上午 spec.jbb.JBBmain DoARun -> 信息:   started user thread for Warehouse 32
2月 14, 2026 1:14:36 上午 spec.jbb.JBBmain DoARun -> 信息:   started user thread for Warehouse 33
2月 14, 2026 1:14:36 上午 spec.jbb.JBBmain DoARun -> 信息:   started user thread for Warehouse 34
2月 14, 2026 1:14:36 上午 spec.jbb.JBBmain DoARun -> 信息:   started user thread for Warehouse 35
2月 14, 2026 1:14:36 上午 spec.jbb.JBBmain DoARun -> 信息:   started user thread for Warehouse 36
2月 14, 2026 1:14:36 上午 spec.jbb.JBBmain DoARun -> 信息:   started user thread for Warehouse 37
2月 14, 2026 1:14:36 上午 spec.jbb.JBBmain DoARun -> 信息:   started user thread for Warehouse 38
2月 14, 2026 1:14:36 上午 spec.jbb.JBBmain DoARun -> 信息:   started user thread for Warehouse 39
2月 14, 2026 1:14:36 上午 spec.jbb.JBBmain DoARun -> 信息:   started user thread for Warehouse 40
2月 14, 2026 1:14:36 上午 spec.jbb.JBBmain DoARun -> 信息:   started user thread for Warehouse 41
2月 14, 2026 1:14:36 上午 spec.jbb.JBBmain DoARun -> 信息:   started user thread for Warehouse 42
2月 14, 2026 1:14:36 上午 spec.jbb.JBBmain DoARun -> 信息:   started user thread for Warehouse 43
2月 14, 2026 1:14:36 上午 spec.jbb.JBBmain DoARun -> 信息:   started user thread for Warehouse 44
2月 14, 2026 1:14:36 上午 spec.jbb.JBBmain DoARun -> 信息:   started user thread for Warehouse 45
2月 14, 2026 1:14:36 上午 spec.jbb.JBBmain DoARun -> 信息:   started user thread for Warehouse 46
2月 14, 2026 1:14:36 上午 spec.jbb.JBBmain DoARun -> 信息:   started user thread for Warehouse 47
2月 14, 2026 1:14:36 上午 spec.jbb.JBBmain DoARun -> 信息:   started user thread for Warehouse 48
2月 14, 2026 1:14:36 上午 spec.jbb.JBBmain DoARun -> 信息:   started user thread for Warehouse 49
2月 14, 2026 1:14:36 上午 spec.jbb.JBBmain DoARun -> 信息:   started user thread for Warehouse 50
2月 14, 2026 1:14:36 上午 spec.jbb.JBBmain DoARun -> 信息:   started user thread for Warehouse 51
2月 14, 2026 1:14:36 上午 spec.jbb.JBBmain DoARun -> 信息:   started user thread for Warehouse 52
2月 14, 2026 1:14:36 上午 spec.jbb.JBBmain DoARun -> 信息:   started user thread for Warehouse 53
2月 14, 2026 1:14:36 上午 spec.jbb.JBBmain DoARun -> 信息:   started user thread for Warehouse 54
2月 14, 2026 1:14:36 上午 spec.jbb.JBBmain DoARun -> 信息:   started user thread for Warehouse 55
2月 14, 2026 1:14:36 上午 spec.jbb.JBBmain DoARun -> 信息:   started user thread for Warehouse 56
2月 14, 2026 1:14:36 上午 spec.jbb.JBBmain DoARun -> 信息:   started user thread for Warehouse 57
2月 14, 2026 1:14:36 上午 spec.jbb.JBBmain DoARun -> 信息:   started user thread for Warehouse 58
2月 14, 2026 1:14:36 上午 spec.jbb.JBBmain DoARun -> 信息:   started user thread for Warehouse 59
2月 14, 2026 1:14:36 上午 spec.jbb.JBBmain DoARun -> 信息:   started user thread for Warehouse 60
2月 14, 2026 1:14:36 上午 spec.jbb.JBBmain DoARun -> 信息:   started user thread for Warehouse 61
2月 14, 2026 1:14:36 上午 spec.jbb.JBBmain DoARun -> 信息:   started user thread for Warehouse 62
2月 14, 2026 1:14:36 上午 spec.jbb.JBBmain DoARun -> 信息:   started user thread for Warehouse 63
2月 14, 2026 1:14:36 上午 spec.jbb.Company displayResultTotals -> 信息: Timing Measurement began Sat Feb 14 01:14:36 CST 2026 for 0.5 minutes
2月 14, 2026 1:15:06 上午 spec.jbb.Company displayResultTotals -> 信息: Timing Measurement ended Sat Feb 14 01:15:06 CST 2026
2月 14, 2026 1:15:06 上午 spec.jbb.Company primeWithDummyData -> 信息: Loading Warehouse 64...
2月 14, 2026 1:15:06 上午 spec.jbb.JBBmain DoARun -> 信息: Start User Threads
2月 14, 2026 1:15:06 上午 spec.jbb.JBBmain DoARun -> 信息:   started user thread for Warehouse 1
2月 14, 2026 1:15:06 上午 spec.jbb.JBBmain DoARun -> 信息:   started user thread for Warehouse 2
2月 14, 2026 1:15:06 上午 spec.jbb.JBBmain DoARun -> 信息:   started user thread for Warehouse 3
2月 14, 2026 1:15:06 上午 spec.jbb.JBBmain DoARun -> 信息:   started user thread for Warehouse 4
2月 14, 2026 1:15:06 上午 spec.jbb.JBBmain DoARun -> 信息:   started user thread for Warehouse 5
2月 14, 2026 1:15:06 上午 spec.jbb.JBBmain DoARun -> 信息:   started user thread for Warehouse 6
2月 14, 2026 1:15:06 上午 spec.jbb.JBBmain DoARun -> 信息:   started user thread for Warehouse 7
2月 14, 2026 1:15:06 上午 spec.jbb.JBBmain DoARun -> 信息:   started user thread for Warehouse 8
2月 14, 2026 1:15:06 上午 spec.jbb.JBBmain DoARun -> 信息:   started user thread for Warehouse 9
2月 14, 2026 1:15:06 上午 spec.jbb.JBBmain DoARun -> 信息:   started user thread for Warehouse 10
2月 14, 2026 1:15:06 上午 spec.jbb.JBBmain DoARun -> 信息:   started user thread for Warehouse 11
2月 14, 2026 1:15:06 上午 spec.jbb.JBBmain DoARun -> 信息:   started user thread for Warehouse 12
2月 14, 2026 1:15:06 上午 spec.jbb.JBBmain DoARun -> 信息:   started user thread for Warehouse 13
2月 14, 2026 1:15:06 上午 spec.jbb.JBBmain DoARun -> 信息:   started user thread for Warehouse 14
2月 14, 2026 1:15:06 上午 spec.jbb.JBBmain DoARun -> 信息:   started user thread for Warehouse 15
2月 14, 2026 1:15:06 上午 spec.jbb.JBBmain DoARun -> 信息:   started user thread for Warehouse 16
2月 14, 2026 1:15:06 上午 spec.jbb.JBBmain DoARun -> 信息:   started user thread for Warehouse 17
2月 14, 2026 1:15:06 上午 spec.jbb.JBBmain DoARun -> 信息:   started user thread for Warehouse 18
2月 14, 2026 1:15:06 上午 spec.jbb.JBBmain DoARun -> 信息:   started user thread for Warehouse 19
2月 14, 2026 1:15:06 上午 spec.jbb.JBBmain DoARun -> 信息:   started user thread for Warehouse 20
2月 14, 2026 1:15:06 上午 spec.jbb.JBBmain DoARun -> 信息:   started user thread for Warehouse 21
2月 14, 2026 1:15:06 上午 spec.jbb.JBBmain DoARun -> 信息:   started user thread for Warehouse 22
2月 14, 2026 1:15:06 上午 spec.jbb.JBBmain DoARun -> 信息:   started user thread for Warehouse 23
2月 14, 2026 1:15:06 上午 spec.jbb.JBBmain DoARun -> 信息:   started user thread for Warehouse 24
2月 14, 2026 1:15:06 上午 spec.jbb.JBBmain DoARun -> 信息:   started user thread for Warehouse 25
2月 14, 2026 1:15:06 上午 spec.jbb.JBBmain DoARun -> 信息:   started user thread for Warehouse 26
2月 14, 2026 1:15:06 上午 spec.jbb.JBBmain DoARun -> 信息:   started user thread for Warehouse 27
2月 14, 2026 1:15:06 上午 spec.jbb.JBBmain DoARun -> 信息:   started user thread for Warehouse 28
2月 14, 2026 1:15:06 上午 spec.jbb.JBBmain DoARun -> 信息:   started user thread for Warehouse 29
2月 14, 2026 1:15:06 上午 spec.jbb.JBBmain DoARun -> 信息:   started user thread for Warehouse 30
2月 14, 2026 1:15:06 上午 spec.jbb.JBBmain DoARun -> 信息:   started user thread for Warehouse 31
2月 14, 2026 1:15:06 上午 spec.jbb.JBBmain DoARun -> 信息:   started user thread for Warehouse 32
2月 14, 2026 1:15:06 上午 spec.jbb.JBBmain DoARun -> 信息:   started user thread for Warehouse 33
2月 14, 2026 1:15:06 上午 spec.jbb.JBBmain DoARun -> 信息:   started user thread for Warehouse 34
2月 14, 2026 1:15:06 上午 spec.jbb.JBBmain DoARun -> 信息:   started user thread for Warehouse 35
2月 14, 2026 1:15:06 上午 spec.jbb.JBBmain DoARun -> 信息:   started user thread for Warehouse 36
2月 14, 2026 1:15:06 上午 spec.jbb.JBBmain DoARun -> 信息:   started user thread for Warehouse 37
2月 14, 2026 1:15:06 上午 spec.jbb.JBBmain DoARun -> 信息:   started user thread for Warehouse 38
2月 14, 2026 1:15:06 上午 spec.jbb.JBBmain DoARun -> 信息:   started user thread for Warehouse 39
2月 14, 2026 1:15:06 上午 spec.jbb.JBBmain DoARun -> 信息:   started user thread for Warehouse 40
2月 14, 2026 1:15:06 上午 spec.jbb.JBBmain DoARun -> 信息:   started user thread for Warehouse 41
2月 14, 2026 1:15:06 上午 spec.jbb.JBBmain DoARun -> 信息:   started user thread for Warehouse 42
2月 14, 2026 1:15:06 上午 spec.jbb.JBBmain DoARun -> 信息:   started user thread for Warehouse 43
2月 14, 2026 1:15:06 上午 spec.jbb.JBBmain DoARun -> 信息:   started user thread for Warehouse 44
2月 14, 2026 1:15:06 上午 spec.jbb.JBBmain DoARun -> 信息:   started user thread for Warehouse 45
2月 14, 2026 1:15:06 上午 spec.jbb.JBBmain DoARun -> 信息:   started user thread for Warehouse 46
2月 14, 2026 1:15:06 上午 spec.jbb.JBBmain DoARun -> 信息:   started user thread for Warehouse 47
2月 14, 2026 1:15:06 上午 spec.jbb.JBBmain DoARun -> 信息:   started user thread for Warehouse 48
2月 14, 2026 1:15:06 上午 spec.jbb.JBBmain DoARun -> 信息:   started user thread for Warehouse 49
2月 14, 2026 1:15:06 上午 spec.jbb.JBBmain DoARun -> 信息:   started user thread for Warehouse 50
2月 14, 2026 1:15:06 上午 spec.jbb.JBBmain DoARun -> 信息:   started user thread for Warehouse 51
2月 14, 2026 1:15:06 上午 spec.jbb.JBBmain DoARun -> 信息:   started user thread for Warehouse 52
2月 14, 2026 1:15:06 上午 spec.jbb.JBBmain DoARun -> 信息:   started user thread for Warehouse 53
2月 14, 2026 1:15:06 上午 spec.jbb.JBBmain DoARun -> 信息:   started user thread for Warehouse 54
2月 14, 2026 1:15:06 上午 spec.jbb.JBBmain DoARun -> 信息:   started user thread for Warehouse 55
2月 14, 2026 1:15:06 上午 spec.jbb.JBBmain DoARun -> 信息:   started user thread for Warehouse 56
2月 14, 2026 1:15:06 上午 spec.jbb.JBBmain DoARun -> 信息:   started user thread for Warehouse 57
2月 14, 2026 1:15:06 上午 spec.jbb.JBBmain DoARun -> 信息:   started user thread for Warehouse 58
2月 14, 2026 1:15:06 上午 spec.jbb.JBBmain DoARun -> 信息:   started user thread for Warehouse 59
2月 14, 2026 1:15:06 上午 spec.jbb.JBBmain DoARun -> 信息:   started user thread for Warehouse 60
2月 14, 2026 1:15:06 上午 spec.jbb.JBBmain DoARun -> 信息:   started user thread for Warehouse 61
2月 14, 2026 1:15:06 上午 spec.jbb.JBBmain DoARun -> 信息:   started user thread for Warehouse 62
2月 14, 2026 1:15:06 上午 spec.jbb.JBBmain DoARun -> 信息:   started user thread for Warehouse 63
2月 14, 2026 1:15:06 上午 spec.jbb.JBBmain DoARun -> 信息:   started user thread for Warehouse 64
2月 14, 2026 1:15:06 上午 spec.jbb.Company displayResultTotals -> 信息: Timing Measurement began Sat Feb 14 01:15:06 CST 2026 for 4 minutes
2月 14, 2026 1:19:06 上午 spec.jbb.Company displayResultTotals -> 信息: Timing Measurement ended Sat Feb 14 01:19:06 CST 2026
2月 14, 2026 1:19:06 上午 spec.jbb.Company primeWithDummyData -> 信息: Loading Warehouse 65...
2月 14, 2026 1:19:06 上午 spec.jbb.JBBmain DoARun -> 信息: Start User Threads
2月 14, 2026 1:19:06 上午 spec.jbb.JBBmain DoARun -> 信息:   started user thread for Warehouse 1
2月 14, 2026 1:19:06 上午 spec.jbb.JBBmain DoARun -> 信息:   started user thread for Warehouse 2
2月 14, 2026 1:19:06 上午 spec.jbb.JBBmain DoARun -> 信息:   started user thread for Warehouse 3
2月 14, 2026 1:19:06 上午 spec.jbb.JBBmain DoARun -> 信息:   started user thread for Warehouse 4
2月 14, 2026 1:19:06 上午 spec.jbb.JBBmain DoARun -> 信息:   started user thread for Warehouse 5
2月 14, 2026 1:19:06 上午 spec.jbb.JBBmain DoARun -> 信息:   started user thread for Warehouse 6
2月 14, 2026 1:19:06 上午 spec.jbb.JBBmain DoARun -> 信息:   started user thread for Warehouse 7
2月 14, 2026 1:19:06 上午 spec.jbb.JBBmain DoARun -> 信息:   started user thread for Warehouse 8
2月 14, 2026 1:19:06 上午 spec.jbb.JBBmain DoARun -> 信息:   started user thread for Warehouse 9
2月 14, 2026 1:19:06 上午 spec.jbb.JBBmain DoARun -> 信息:   started user thread for Warehouse 10
2月 14, 2026 1:19:06 上午 spec.jbb.JBBmain DoARun -> 信息:   started user thread for Warehouse 11
2月 14, 2026 1:19:06 上午 spec.jbb.JBBmain DoARun -> 信息:   started user thread for Warehouse 12
2月 14, 2026 1:19:06 上午 spec.jbb.JBBmain DoARun -> 信息:   started user thread for Warehouse 13
2月 14, 2026 1:19:06 上午 spec.jbb.JBBmain DoARun -> 信息:   started user thread for Warehouse 14
2月 14, 2026 1:19:06 上午 spec.jbb.JBBmain DoARun -> 信息:   started user thread for Warehouse 15
2月 14, 2026 1:19:06 上午 spec.jbb.JBBmain DoARun -> 信息:   started user thread for Warehouse 16
2月 14, 2026 1:19:06 上午 spec.jbb.JBBmain DoARun -> 信息:   started user thread for Warehouse 17
2月 14, 2026 1:19:06 上午 spec.jbb.JBBmain DoARun -> 信息:   started user thread for Warehouse 18
2月 14, 2026 1:19:06 上午 spec.jbb.JBBmain DoARun -> 信息:   started user thread for Warehouse 19
2月 14, 2026 1:19:06 上午 spec.jbb.JBBmain DoARun -> 信息:   started user thread for Warehouse 20
2月 14, 2026 1:19:06 上午 spec.jbb.JBBmain DoARun -> 信息:   started user thread for Warehouse 21
2月 14, 2026 1:19:06 上午 spec.jbb.JBBmain DoARun -> 信息:   started user thread for Warehouse 22
2月 14, 2026 1:19:06 上午 spec.jbb.JBBmain DoARun -> 信息:   started user thread for Warehouse 23
2月 14, 2026 1:19:06 上午 spec.jbb.JBBmain DoARun -> 信息:   started user thread for Warehouse 24
2月 14, 2026 1:19:06 上午 spec.jbb.JBBmain DoARun -> 信息:   started user thread for Warehouse 25
2月 14, 2026 1:19:06 上午 spec.jbb.JBBmain DoARun -> 信息:   started user thread for Warehouse 26
2月 14, 2026 1:19:06 上午 spec.jbb.JBBmain DoARun -> 信息:   started user thread for Warehouse 27
2月 14, 2026 1:19:06 上午 spec.jbb.JBBmain DoARun -> 信息:   started user thread for Warehouse 28
2月 14, 2026 1:19:06 上午 spec.jbb.JBBmain DoARun -> 信息:   started user thread for Warehouse 29
2月 14, 2026 1:19:06 上午 spec.jbb.JBBmain DoARun -> 信息:   started user thread for Warehouse 30
2月 14, 2026 1:19:06 上午 spec.jbb.JBBmain DoARun -> 信息:   started user thread for Warehouse 31
2月 14, 2026 1:19:06 上午 spec.jbb.JBBmain DoARun -> 信息:   started user thread for Warehouse 32
2月 14, 2026 1:19:06 上午 spec.jbb.JBBmain DoARun -> 信息:   started user thread for Warehouse 33
2月 14, 2026 1:19:06 上午 spec.jbb.JBBmain DoARun -> 信息:   started user thread for Warehouse 34
2月 14, 2026 1:19:06 上午 spec.jbb.JBBmain DoARun -> 信息:   started user thread for Warehouse 35
2月 14, 2026 1:19:06 上午 spec.jbb.JBBmain DoARun -> 信息:   started user thread for Warehouse 36
2月 14, 2026 1:19:06 上午 spec.jbb.JBBmain DoARun -> 信息:   started user thread for Warehouse 37
2月 14, 2026 1:19:06 上午 spec.jbb.JBBmain DoARun -> 信息:   started user thread for Warehouse 38
2月 14, 2026 1:19:06 上午 spec.jbb.JBBmain DoARun -> 信息:   started user thread for Warehouse 39
2月 14, 2026 1:19:06 上午 spec.jbb.JBBmain DoARun -> 信息:   started user thread for Warehouse 40
2月 14, 2026 1:19:06 上午 spec.jbb.JBBmain DoARun -> 信息:   started user thread for Warehouse 41
2月 14, 2026 1:19:06 上午 spec.jbb.JBBmain DoARun -> 信息:   started user thread for Warehouse 42
2月 14, 2026 1:19:06 上午 spec.jbb.JBBmain DoARun -> 信息:   started user thread for Warehouse 43
2月 14, 2026 1:19:06 上午 spec.jbb.JBBmain DoARun -> 信息:   started user thread for Warehouse 44
2月 14, 2026 1:19:06 上午 spec.jbb.JBBmain DoARun -> 信息:   started user thread for Warehouse 45
2月 14, 2026 1:19:06 上午 spec.jbb.JBBmain DoARun -> 信息:   started user thread for Warehouse 46
2月 14, 2026 1:19:06 上午 spec.jbb.JBBmain DoARun -> 信息:   started user thread for Warehouse 47
2月 14, 2026 1:19:06 上午 spec.jbb.JBBmain DoARun -> 信息:   started user thread for Warehouse 48
2月 14, 2026 1:19:06 上午 spec.jbb.JBBmain DoARun -> 信息:   started user thread for Warehouse 49
2月 14, 2026 1:19:06 上午 spec.jbb.JBBmain DoARun -> 信息:   started user thread for Warehouse 50
2月 14, 2026 1:19:06 上午 spec.jbb.JBBmain DoARun -> 信息:   started user thread for Warehouse 51
2月 14, 2026 1:19:06 上午 spec.jbb.JBBmain DoARun -> 信息:   started user thread for Warehouse 52
2月 14, 2026 1:19:06 上午 spec.jbb.JBBmain DoARun -> 信息:   started user thread for Warehouse 53
2月 14, 2026 1:19:06 上午 spec.jbb.JBBmain DoARun -> 信息:   started user thread for Warehouse 54
2月 14, 2026 1:19:06 上午 spec.jbb.JBBmain DoARun -> 信息:   started user thread for Warehouse 55
2月 14, 2026 1:19:06 上午 spec.jbb.JBBmain DoARun -> 信息:   started user thread for Warehouse 56
2月 14, 2026 1:19:06 上午 spec.jbb.JBBmain DoARun -> 信息:   started user thread for Warehouse 57
2月 14, 2026 1:19:06 上午 spec.jbb.JBBmain DoARun -> 信息:   started user thread for Warehouse 58
2月 14, 2026 1:19:06 上午 spec.jbb.JBBmain DoARun -> 信息:   started user thread for Warehouse 59
2月 14, 2026 1:19:06 上午 spec.jbb.JBBmain DoARun -> 信息:   started user thread for Warehouse 60
2月 14, 2026 1:19:06 上午 spec.jbb.JBBmain DoARun -> 信息:   started user thread for Warehouse 61
2月 14, 2026 1:19:06 上午 spec.jbb.JBBmain DoARun -> 信息:   started user thread for Warehouse 62
2月 14, 2026 1:19:06 上午 spec.jbb.JBBmain DoARun -> 信息:   started user thread for Warehouse 63
2月 14, 2026 1:19:06 上午 spec.jbb.JBBmain DoARun -> 信息:   started user thread for Warehouse 64
2月 14, 2026 1:19:06 上午 spec.jbb.JBBmain DoARun -> 信息:   started user thread for Warehouse 65
2月 14, 2026 1:19:06 上午 spec.jbb.Company displayResultTotals -> 信息: Timing Measurement began Sat Feb 14 01:19:06 CST 2026 for 4 minutes
2月 14, 2026 1:23:06 上午 spec.jbb.Company displayResultTotals -> 信息: Timing Measurement ended Sat Feb 14 01:23:06 CST 2026
2月 14, 2026 1:23:06 上午 spec.jbb.Company primeWithDummyData -> 信息: Loading Warehouse 66...
2月 14, 2026 1:23:06 上午 spec.jbb.JBBmain DoARun -> 信息: Start User Threads
2月 14, 2026 1:23:06 上午 spec.jbb.JBBmain DoARun -> 信息:   started user thread for Warehouse 1
2月 14, 2026 1:23:06 上午 spec.jbb.JBBmain DoARun -> 信息:   started user thread for Warehouse 2
2月 14, 2026 1:23:06 上午 spec.jbb.JBBmain DoARun -> 信息:   started user thread for Warehouse 3
2月 14, 2026 1:23:06 上午 spec.jbb.JBBmain DoARun -> 信息:   started user thread for Warehouse 4
2月 14, 2026 1:23:06 上午 spec.jbb.JBBmain DoARun -> 信息:   started user thread for Warehouse 5
2月 14, 2026 1:23:06 上午 spec.jbb.JBBmain DoARun -> 信息:   started user thread for Warehouse 6
2月 14, 2026 1:23:06 上午 spec.jbb.JBBmain DoARun -> 信息:   started user thread for Warehouse 7
2月 14, 2026 1:23:06 上午 spec.jbb.JBBmain DoARun -> 信息:   started user thread for Warehouse 8
2月 14, 2026 1:23:06 上午 spec.jbb.JBBmain DoARun -> 信息:   started user thread for Warehouse 9
2月 14, 2026 1:23:06 上午 spec.jbb.JBBmain DoARun -> 信息:   started user thread for Warehouse 10
2月 14, 2026 1:23:06 上午 spec.jbb.JBBmain DoARun -> 信息:   started user thread for Warehouse 11
2月 14, 2026 1:23:06 上午 spec.jbb.JBBmain DoARun -> 信息:   started user thread for Warehouse 12
2月 14, 2026 1:23:06 上午 spec.jbb.JBBmain DoARun -> 信息:   started user thread for Warehouse 13
2月 14, 2026 1:23:06 上午 spec.jbb.JBBmain DoARun -> 信息:   started user thread for Warehouse 14
2月 14, 2026 1:23:06 上午 spec.jbb.JBBmain DoARun -> 信息:   started user thread for Warehouse 15
2月 14, 2026 1:23:06 上午 spec.jbb.JBBmain DoARun -> 信息:   started user thread for Warehouse 16
2月 14, 2026 1:23:06 上午 spec.jbb.JBBmain DoARun -> 信息:   started user thread for Warehouse 17
2月 14, 2026 1:23:06 上午 spec.jbb.JBBmain DoARun -> 信息:   started user thread for Warehouse 18
2月 14, 2026 1:23:06 上午 spec.jbb.JBBmain DoARun -> 信息:   started user thread for Warehouse 19
2月 14, 2026 1:23:06 上午 spec.jbb.JBBmain DoARun -> 信息:   started user thread for Warehouse 20
2月 14, 2026 1:23:06 上午 spec.jbb.JBBmain DoARun -> 信息:   started user thread for Warehouse 21
2月 14, 2026 1:23:06 上午 spec.jbb.JBBmain DoARun -> 信息:   started user thread for Warehouse 22
2月 14, 2026 1:23:06 上午 spec.jbb.JBBmain DoARun -> 信息:   started user thread for Warehouse 23
2月 14, 2026 1:23:06 上午 spec.jbb.JBBmain DoARun -> 信息:   started user thread for Warehouse 24
2月 14, 2026 1:23:06 上午 spec.jbb.JBBmain DoARun -> 信息:   started user thread for Warehouse 25
2月 14, 2026 1:23:06 上午 spec.jbb.JBBmain DoARun -> 信息:   started user thread for Warehouse 26
2月 14, 2026 1:23:06 上午 spec.jbb.JBBmain DoARun -> 信息:   started user thread for Warehouse 27
2月 14, 2026 1:23:06 上午 spec.jbb.JBBmain DoARun -> 信息:   started user thread for Warehouse 28
2月 14, 2026 1:23:06 上午 spec.jbb.JBBmain DoARun -> 信息:   started user thread for Warehouse 29
2月 14, 2026 1:23:06 上午 spec.jbb.JBBmain DoARun -> 信息:   started user thread for Warehouse 30
2月 14, 2026 1:23:06 上午 spec.jbb.JBBmain DoARun -> 信息:   started user thread for Warehouse 31
2月 14, 2026 1:23:06 上午 spec.jbb.JBBmain DoARun -> 信息:   started user thread for Warehouse 32
2月 14, 2026 1:23:06 上午 spec.jbb.JBBmain DoARun -> 信息:   started user thread for Warehouse 33
2月 14, 2026 1:23:06 上午 spec.jbb.JBBmain DoARun -> 信息:   started user thread for Warehouse 34
2月 14, 2026 1:23:06 上午 spec.jbb.JBBmain DoARun -> 信息:   started user thread for Warehouse 35
2月 14, 2026 1:23:06 上午 spec.jbb.JBBmain DoARun -> 信息:   started user thread for Warehouse 36
2月 14, 2026 1:23:06 上午 spec.jbb.JBBmain DoARun -> 信息:   started user thread for Warehouse 37
2月 14, 2026 1:23:06 上午 spec.jbb.JBBmain DoARun -> 信息:   started user thread for Warehouse 38
2月 14, 2026 1:23:06 上午 spec.jbb.JBBmain DoARun -> 信息:   started user thread for Warehouse 39
2月 14, 2026 1:23:06 上午 spec.jbb.JBBmain DoARun -> 信息:   started user thread for Warehouse 40
2月 14, 2026 1:23:06 上午 spec.jbb.JBBmain DoARun -> 信息:   started user thread for Warehouse 41
2月 14, 2026 1:23:06 上午 spec.jbb.JBBmain DoARun -> 信息:   started user thread for Warehouse 42
2月 14, 2026 1:23:06 上午 spec.jbb.JBBmain DoARun -> 信息:   started user thread for Warehouse 43
2月 14, 2026 1:23:06 上午 spec.jbb.JBBmain DoARun -> 信息:   started user thread for Warehouse 44
2月 14, 2026 1:23:06 上午 spec.jbb.JBBmain DoARun -> 信息:   started user thread for Warehouse 45
2月 14, 2026 1:23:06 上午 spec.jbb.JBBmain DoARun -> 信息:   started user thread for Warehouse 46
2月 14, 2026 1:23:06 上午 spec.jbb.JBBmain DoARun -> 信息:   started user thread for Warehouse 47
2月 14, 2026 1:23:06 上午 spec.jbb.JBBmain DoARun -> 信息:   started user thread for Warehouse 48
2月 14, 2026 1:23:06 上午 spec.jbb.JBBmain DoARun -> 信息:   started user thread for Warehouse 49
2月 14, 2026 1:23:06 上午 spec.jbb.JBBmain DoARun -> 信息:   started user thread for Warehouse 50
2月 14, 2026 1:23:06 上午 spec.jbb.JBBmain DoARun -> 信息:   started user thread for Warehouse 51
2月 14, 2026 1:23:06 上午 spec.jbb.JBBmain DoARun -> 信息:   started user thread for Warehouse 52
2月 14, 2026 1:23:06 上午 spec.jbb.JBBmain DoARun -> 信息:   started user thread for Warehouse 53
2月 14, 2026 1:23:06 上午 spec.jbb.JBBmain DoARun -> 信息:   started user thread for Warehouse 54
2月 14, 2026 1:23:06 上午 spec.jbb.JBBmain DoARun -> 信息:   started user thread for Warehouse 55
2月 14, 2026 1:23:06 上午 spec.jbb.JBBmain DoARun -> 信息:   started user thread for Warehouse 56
2月 14, 2026 1:23:06 上午 spec.jbb.JBBmain DoARun -> 信息:   started user thread for Warehouse 57
2月 14, 2026 1:23:06 上午 spec.jbb.JBBmain DoARun -> 信息:   started user thread for Warehouse 58
2月 14, 2026 1:23:06 上午 spec.jbb.JBBmain DoARun -> 信息:   started user thread for Warehouse 59
2月 14, 2026 1:23:06 上午 spec.jbb.JBBmain DoARun -> 信息:   started user thread for Warehouse 60
2月 14, 2026 1:23:06 上午 spec.jbb.JBBmain DoARun -> 信息:   started user thread for Warehouse 61
2月 14, 2026 1:23:06 上午 spec.jbb.JBBmain DoARun -> 信息:   started user thread for Warehouse 62
2月 14, 2026 1:23:06 上午 spec.jbb.JBBmain DoARun -> 信息:   started user thread for Warehouse 63
2月 14, 2026 1:23:06 上午 spec.jbb.JBBmain DoARun -> 信息:   started user thread for Warehouse 64
2月 14, 2026 1:23:06 上午 spec.jbb.JBBmain DoARun -> 信息:   started user thread for Warehouse 65
2月 14, 2026 1:23:06 上午 spec.jbb.JBBmain DoARun -> 信息:   started user thread for Warehouse 66
2月 14, 2026 1:23:06 上午 spec.jbb.Company displayResultTotals -> 信息: Timing Measurement began Sat Feb 14 01:23:06 CST 2026 for 4 minutes
2月 14, 2026 1:27:06 上午 spec.jbb.Company displayResultTotals -> 信息: Timing Measurement ended Sat Feb 14 01:27:06 CST 2026
2月 14, 2026 1:27:06 上午 spec.jbb.Company primeWithDummyData -> 信息: Loading Warehouse 67...
2月 14, 2026 1:27:06 上午 spec.jbb.JBBmain DoARun -> 信息: Start User Threads
2月 14, 2026 1:27:06 上午 spec.jbb.JBBmain DoARun -> 信息:   started user thread for Warehouse 1
2月 14, 2026 1:27:06 上午 spec.jbb.JBBmain DoARun -> 信息:   started user thread for Warehouse 2
2月 14, 2026 1:27:06 上午 spec.jbb.JBBmain DoARun -> 信息:   started user thread for Warehouse 3
2月 14, 2026 1:27:06 上午 spec.jbb.JBBmain DoARun -> 信息:   started user thread for Warehouse 4
2月 14, 2026 1:27:06 上午 spec.jbb.JBBmain DoARun -> 信息:   started user thread for Warehouse 5
2月 14, 2026 1:27:06 上午 spec.jbb.JBBmain DoARun -> 信息:   started user thread for Warehouse 6
2月 14, 2026 1:27:06 上午 spec.jbb.JBBmain DoARun -> 信息:   started user thread for Warehouse 7
2月 14, 2026 1:27:06 上午 spec.jbb.JBBmain DoARun -> 信息:   started user thread for Warehouse 8
2月 14, 2026 1:27:06 上午 spec.jbb.JBBmain DoARun -> 信息:   started user thread for Warehouse 9
2月 14, 2026 1:27:06 上午 spec.jbb.JBBmain DoARun -> 信息:   started user thread for Warehouse 10
2月 14, 2026 1:27:06 上午 spec.jbb.JBBmain DoARun -> 信息:   started user thread for Warehouse 11
2月 14, 2026 1:27:06 上午 spec.jbb.JBBmain DoARun -> 信息:   started user thread for Warehouse 12
2月 14, 2026 1:27:06 上午 spec.jbb.JBBmain DoARun -> 信息:   started user thread for Warehouse 13
2月 14, 2026 1:27:06 上午 spec.jbb.JBBmain DoARun -> 信息:   started user thread for Warehouse 14
2月 14, 2026 1:27:06 上午 spec.jbb.JBBmain DoARun -> 信息:   started user thread for Warehouse 15
2月 14, 2026 1:27:06 上午 spec.jbb.JBBmain DoARun -> 信息:   started user thread for Warehouse 16
2月 14, 2026 1:27:06 上午 spec.jbb.JBBmain DoARun -> 信息:   started user thread for Warehouse 17
2月 14, 2026 1:27:06 上午 spec.jbb.JBBmain DoARun -> 信息:   started user thread for Warehouse 18
2月 14, 2026 1:27:06 上午 spec.jbb.JBBmain DoARun -> 信息:   started user thread for Warehouse 19
2月 14, 2026 1:27:06 上午 spec.jbb.JBBmain DoARun -> 信息:   started user thread for Warehouse 20
2月 14, 2026 1:27:06 上午 spec.jbb.JBBmain DoARun -> 信息:   started user thread for Warehouse 21
2月 14, 2026 1:27:06 上午 spec.jbb.JBBmain DoARun -> 信息:   started user thread for Warehouse 22
2月 14, 2026 1:27:06 上午 spec.jbb.JBBmain DoARun -> 信息:   started user thread for Warehouse 23
2月 14, 2026 1:27:06 上午 spec.jbb.JBBmain DoARun -> 信息:   started user thread for Warehouse 24
2月 14, 2026 1:27:06 上午 spec.jbb.JBBmain DoARun -> 信息:   started user thread for Warehouse 25
2月 14, 2026 1:27:06 上午 spec.jbb.JBBmain DoARun -> 信息:   started user thread for Warehouse 26
2月 14, 2026 1:27:06 上午 spec.jbb.JBBmain DoARun -> 信息:   started user thread for Warehouse 27
2月 14, 2026 1:27:06 上午 spec.jbb.JBBmain DoARun -> 信息:   started user thread for Warehouse 28
2月 14, 2026 1:27:06 上午 spec.jbb.JBBmain DoARun -> 信息:   started user thread for Warehouse 29
2月 14, 2026 1:27:06 上午 spec.jbb.JBBmain DoARun -> 信息:   started user thread for Warehouse 30
2月 14, 2026 1:27:06 上午 spec.jbb.JBBmain DoARun -> 信息:   started user thread for Warehouse 31
2月 14, 2026 1:27:06 上午 spec.jbb.JBBmain DoARun -> 信息:   started user thread for Warehouse 32
2月 14, 2026 1:27:06 上午 spec.jbb.JBBmain DoARun -> 信息:   started user thread for Warehouse 33
2月 14, 2026 1:27:06 上午 spec.jbb.JBBmain DoARun -> 信息:   started user thread for Warehouse 34
2月 14, 2026 1:27:06 上午 spec.jbb.JBBmain DoARun -> 信息:   started user thread for Warehouse 35
2月 14, 2026 1:27:06 上午 spec.jbb.JBBmain DoARun -> 信息:   started user thread for Warehouse 36
2月 14, 2026 1:27:06 上午 spec.jbb.JBBmain DoARun -> 信息:   started user thread for Warehouse 37
2月 14, 2026 1:27:06 上午 spec.jbb.JBBmain DoARun -> 信息:   started user thread for Warehouse 38
2月 14, 2026 1:27:06 上午 spec.jbb.JBBmain DoARun -> 信息:   started user thread for Warehouse 39
2月 14, 2026 1:27:06 上午 spec.jbb.JBBmain DoARun -> 信息:   started user thread for Warehouse 40
2月 14, 2026 1:27:06 上午 spec.jbb.JBBmain DoARun -> 信息:   started user thread for Warehouse 41
2月 14, 2026 1:27:06 上午 spec.jbb.JBBmain DoARun -> 信息:   started user thread for Warehouse 42
2月 14, 2026 1:27:06 上午 spec.jbb.JBBmain DoARun -> 信息:   started user thread for Warehouse 43
2月 14, 2026 1:27:06 上午 spec.jbb.JBBmain DoARun -> 信息:   started user thread for Warehouse 44
2月 14, 2026 1:27:06 上午 spec.jbb.JBBmain DoARun -> 信息:   started user thread for Warehouse 45
2月 14, 2026 1:27:06 上午 spec.jbb.JBBmain DoARun -> 信息:   started user thread for Warehouse 46
2月 14, 2026 1:27:06 上午 spec.jbb.JBBmain DoARun -> 信息:   started user thread for Warehouse 47
2月 14, 2026 1:27:06 上午 spec.jbb.JBBmain DoARun -> 信息:   started user thread for Warehouse 48
2月 14, 2026 1:27:06 上午 spec.jbb.JBBmain DoARun -> 信息:   started user thread for Warehouse 49
2月 14, 2026 1:27:06 上午 spec.jbb.JBBmain DoARun -> 信息:   started user thread for Warehouse 50
2月 14, 2026 1:27:06 上午 spec.jbb.JBBmain DoARun -> 信息:   started user thread for Warehouse 51
2月 14, 2026 1:27:06 上午 spec.jbb.JBBmain DoARun -> 信息:   started user thread for Warehouse 52
2月 14, 2026 1:27:06 上午 spec.jbb.JBBmain DoARun -> 信息:   started user thread for Warehouse 53
2月 14, 2026 1:27:06 上午 spec.jbb.JBBmain DoARun -> 信息:   started user thread for Warehouse 54
2月 14, 2026 1:27:06 上午 spec.jbb.JBBmain DoARun -> 信息:   started user thread for Warehouse 55
2月 14, 2026 1:27:06 上午 spec.jbb.JBBmain DoARun -> 信息:   started user thread for Warehouse 56
2月 14, 2026 1:27:06 上午 spec.jbb.JBBmain DoARun -> 信息:   started user thread for Warehouse 57
2月 14, 2026 1:27:06 上午 spec.jbb.JBBmain DoARun -> 信息:   started user thread for Warehouse 58
2月 14, 2026 1:27:06 上午 spec.jbb.JBBmain DoARun -> 信息:   started user thread for Warehouse 59
2月 14, 2026 1:27:06 上午 spec.jbb.JBBmain DoARun -> 信息:   started user thread for Warehouse 60
2月 14, 2026 1:27:06 上午 spec.jbb.JBBmain DoARun -> 信息:   started user thread for Warehouse 61
2月 14, 2026 1:27:06 上午 spec.jbb.JBBmain DoARun -> 信息:   started user thread for Warehouse 62
2月 14, 2026 1:27:06 上午 spec.jbb.JBBmain DoARun -> 信息:   started user thread for Warehouse 63
2月 14, 2026 1:27:06 上午 spec.jbb.JBBmain DoARun -> 信息:   started user thread for Warehouse 64
2月 14, 2026 1:27:06 上午 spec.jbb.JBBmain DoARun -> 信息:   started user thread for Warehouse 65
2月 14, 2026 1:27:06 上午 spec.jbb.JBBmain DoARun -> 信息:   started user thread for Warehouse 66
2月 14, 2026 1:27:06 上午 spec.jbb.JBBmain DoARun -> 信息:   started user thread for Warehouse 67
2月 14, 2026 1:27:06 上午 spec.jbb.Company displayResultTotals -> 信息: Timing Measurement began Sat Feb 14 01:27:06 CST 2026 for 4 minutes
2月 14, 2026 1:31:06 上午 spec.jbb.Company displayResultTotals -> 信息: Timing Measurement ended Sat Feb 14 01:31:06 CST 2026
2月 14, 2026 1:31:06 上午 spec.jbb.Company primeWithDummyData -> 信息: Loading Warehouse 68...
2月 14, 2026 1:31:07 上午 spec.jbb.JBBmain DoARun -> 信息: Start User Threads
2月 14, 2026 1:31:07 上午 spec.jbb.JBBmain DoARun -> 信息:   started user thread for Warehouse 1
2月 14, 2026 1:31:07 上午 spec.jbb.JBBmain DoARun -> 信息:   started user thread for Warehouse 2
2月 14, 2026 1:31:07 上午 spec.jbb.JBBmain DoARun -> 信息:   started user thread for Warehouse 3
2月 14, 2026 1:31:07 上午 spec.jbb.JBBmain DoARun -> 信息:   started user thread for Warehouse 4
2月 14, 2026 1:31:07 上午 spec.jbb.JBBmain DoARun -> 信息:   started user thread for Warehouse 5
2月 14, 2026 1:31:07 上午 spec.jbb.JBBmain DoARun -> 信息:   started user thread for Warehouse 6
2月 14, 2026 1:31:07 上午 spec.jbb.JBBmain DoARun -> 信息:   started user thread for Warehouse 7
2月 14, 2026 1:31:07 上午 spec.jbb.JBBmain DoARun -> 信息:   started user thread for Warehouse 8
2月 14, 2026 1:31:07 上午 spec.jbb.JBBmain DoARun -> 信息:   started user thread for Warehouse 9
2月 14, 2026 1:31:07 上午 spec.jbb.JBBmain DoARun -> 信息:   started user thread for Warehouse 10
2月 14, 2026 1:31:07 上午 spec.jbb.JBBmain DoARun -> 信息:   started user thread for Warehouse 11
2月 14, 2026 1:31:07 上午 spec.jbb.JBBmain DoARun -> 信息:   started user thread for Warehouse 12
2月 14, 2026 1:31:07 上午 spec.jbb.JBBmain DoARun -> 信息:   started user thread for Warehouse 13
2月 14, 2026 1:31:07 上午 spec.jbb.JBBmain DoARun -> 信息:   started user thread for Warehouse 14
2月 14, 2026 1:31:07 上午 spec.jbb.JBBmain DoARun -> 信息:   started user thread for Warehouse 15
2月 14, 2026 1:31:07 上午 spec.jbb.JBBmain DoARun -> 信息:   started user thread for Warehouse 16
2月 14, 2026 1:31:07 上午 spec.jbb.JBBmain DoARun -> 信息:   started user thread for Warehouse 17
2月 14, 2026 1:31:07 上午 spec.jbb.JBBmain DoARun -> 信息:   started user thread for Warehouse 18
2月 14, 2026 1:31:07 上午 spec.jbb.JBBmain DoARun -> 信息:   started user thread for Warehouse 19
2月 14, 2026 1:31:07 上午 spec.jbb.JBBmain DoARun -> 信息:   started user thread for Warehouse 20
2月 14, 2026 1:31:07 上午 spec.jbb.JBBmain DoARun -> 信息:   started user thread for Warehouse 21
2月 14, 2026 1:31:07 上午 spec.jbb.JBBmain DoARun -> 信息:   started user thread for Warehouse 22
2月 14, 2026 1:31:07 上午 spec.jbb.JBBmain DoARun -> 信息:   started user thread for Warehouse 23
2月 14, 2026 1:31:07 上午 spec.jbb.JBBmain DoARun -> 信息:   started user thread for Warehouse 24
2月 14, 2026 1:31:07 上午 spec.jbb.JBBmain DoARun -> 信息:   started user thread for Warehouse 25
2月 14, 2026 1:31:07 上午 spec.jbb.JBBmain DoARun -> 信息:   started user thread for Warehouse 26
2月 14, 2026 1:31:07 上午 spec.jbb.JBBmain DoARun -> 信息:   started user thread for Warehouse 27
2月 14, 2026 1:31:07 上午 spec.jbb.JBBmain DoARun -> 信息:   started user thread for Warehouse 28
2月 14, 2026 1:31:07 上午 spec.jbb.JBBmain DoARun -> 信息:   started user thread for Warehouse 29
2月 14, 2026 1:31:07 上午 spec.jbb.JBBmain DoARun -> 信息:   started user thread for Warehouse 30
2月 14, 2026 1:31:07 上午 spec.jbb.JBBmain DoARun -> 信息:   started user thread for Warehouse 31
2月 14, 2026 1:31:07 上午 spec.jbb.JBBmain DoARun -> 信息:   started user thread for Warehouse 32
2月 14, 2026 1:31:07 上午 spec.jbb.JBBmain DoARun -> 信息:   started user thread for Warehouse 33
2月 14, 2026 1:31:07 上午 spec.jbb.JBBmain DoARun -> 信息:   started user thread for Warehouse 34
2月 14, 2026 1:31:07 上午 spec.jbb.JBBmain DoARun -> 信息:   started user thread for Warehouse 35
2月 14, 2026 1:31:07 上午 spec.jbb.JBBmain DoARun -> 信息:   started user thread for Warehouse 36
2月 14, 2026 1:31:07 上午 spec.jbb.JBBmain DoARun -> 信息:   started user thread for Warehouse 37
2月 14, 2026 1:31:07 上午 spec.jbb.JBBmain DoARun -> 信息:   started user thread for Warehouse 38
2月 14, 2026 1:31:07 上午 spec.jbb.JBBmain DoARun -> 信息:   started user thread for Warehouse 39
2月 14, 2026 1:31:07 上午 spec.jbb.JBBmain DoARun -> 信息:   started user thread for Warehouse 40
2月 14, 2026 1:31:07 上午 spec.jbb.JBBmain DoARun -> 信息:   started user thread for Warehouse 41
2月 14, 2026 1:31:07 上午 spec.jbb.JBBmain DoARun -> 信息:   started user thread for Warehouse 42
2月 14, 2026 1:31:07 上午 spec.jbb.JBBmain DoARun -> 信息:   started user thread for Warehouse 43
2月 14, 2026 1:31:07 上午 spec.jbb.JBBmain DoARun -> 信息:   started user thread for Warehouse 44
2月 14, 2026 1:31:07 上午 spec.jbb.JBBmain DoARun -> 信息:   started user thread for Warehouse 45
2月 14, 2026 1:31:07 上午 spec.jbb.JBBmain DoARun -> 信息:   started user thread for Warehouse 46
2月 14, 2026 1:31:07 上午 spec.jbb.JBBmain DoARun -> 信息:   started user thread for Warehouse 47
2月 14, 2026 1:31:07 上午 spec.jbb.JBBmain DoARun -> 信息:   started user thread for Warehouse 48
2月 14, 2026 1:31:07 上午 spec.jbb.JBBmain DoARun -> 信息:   started user thread for Warehouse 49
2月 14, 2026 1:31:07 上午 spec.jbb.JBBmain DoARun -> 信息:   started user thread for Warehouse 50
2月 14, 2026 1:31:07 上午 spec.jbb.JBBmain DoARun -> 信息:   started user thread for Warehouse 51
2月 14, 2026 1:31:07 上午 spec.jbb.JBBmain DoARun -> 信息:   started user thread for Warehouse 52
2月 14, 2026 1:31:07 上午 spec.jbb.JBBmain DoARun -> 信息:   started user thread for Warehouse 53
2月 14, 2026 1:31:07 上午 spec.jbb.JBBmain DoARun -> 信息:   started user thread for Warehouse 54
2月 14, 2026 1:31:07 上午 spec.jbb.JBBmain DoARun -> 信息:   started user thread for Warehouse 55
2月 14, 2026 1:31:07 上午 spec.jbb.JBBmain DoARun -> 信息:   started user thread for Warehouse 56
2月 14, 2026 1:31:07 上午 spec.jbb.JBBmain DoARun -> 信息:   started user thread for Warehouse 57
2月 14, 2026 1:31:07 上午 spec.jbb.JBBmain DoARun -> 信息:   started user thread for Warehouse 58
2月 14, 2026 1:31:07 上午 spec.jbb.JBBmain DoARun -> 信息:   started user thread for Warehouse 59
2月 14, 2026 1:31:07 上午 spec.jbb.JBBmain DoARun -> 信息:   started user thread for Warehouse 60
2月 14, 2026 1:31:07 上午 spec.jbb.JBBmain DoARun -> 信息:   started user thread for Warehouse 61
2月 14, 2026 1:31:07 上午 spec.jbb.JBBmain DoARun -> 信息:   started user thread for Warehouse 62
2月 14, 2026 1:31:07 上午 spec.jbb.JBBmain DoARun -> 信息:   started user thread for Warehouse 63
2月 14, 2026 1:31:07 上午 spec.jbb.JBBmain DoARun -> 信息:   started user thread for Warehouse 64
2月 14, 2026 1:31:07 上午 spec.jbb.JBBmain DoARun -> 信息:   started user thread for Warehouse 65
2月 14, 2026 1:31:07 上午 spec.jbb.JBBmain DoARun -> 信息:   started user thread for Warehouse 66
2月 14, 2026 1:31:07 上午 spec.jbb.JBBmain DoARun -> 信息:   started user thread for Warehouse 67
2月 14, 2026 1:31:07 上午 spec.jbb.JBBmain DoARun -> 信息:   started user thread for Warehouse 68
2月 14, 2026 1:31:07 上午 spec.jbb.Company displayResultTotals -> 信息: Timing Measurement began Sat Feb 14 01:31:07 CST 2026 for 4 minutes
2月 14, 2026 1:35:07 上午 spec.jbb.Company displayResultTotals -> 信息: Timing Measurement ended Sat Feb 14 01:35:07 CST 2026
2月 14, 2026 1:35:07 上午 spec.jbb.Company primeWithDummyData -> 信息: Loading Warehouse 69...
2月 14, 2026 1:35:07 上午 spec.jbb.JBBmain DoARun -> 信息: Start User Threads
2月 14, 2026 1:35:07 上午 spec.jbb.JBBmain DoARun -> 信息:   started user thread for Warehouse 1
2月 14, 2026 1:35:07 上午 spec.jbb.JBBmain DoARun -> 信息:   started user thread for Warehouse 2
2月 14, 2026 1:35:07 上午 spec.jbb.JBBmain DoARun -> 信息:   started user thread for Warehouse 3
2月 14, 2026 1:35:07 上午 spec.jbb.JBBmain DoARun -> 信息:   started user thread for Warehouse 4
2月 14, 2026 1:35:07 上午 spec.jbb.JBBmain DoARun -> 信息:   started user thread for Warehouse 5
2月 14, 2026 1:35:07 上午 spec.jbb.JBBmain DoARun -> 信息:   started user thread for Warehouse 6
2月 14, 2026 1:35:07 上午 spec.jbb.JBBmain DoARun -> 信息:   started user thread for Warehouse 7
2月 14, 2026 1:35:07 上午 spec.jbb.JBBmain DoARun -> 信息:   started user thread for Warehouse 8
2月 14, 2026 1:35:07 上午 spec.jbb.JBBmain DoARun -> 信息:   started user thread for Warehouse 9
2月 14, 2026 1:35:07 上午 spec.jbb.JBBmain DoARun -> 信息:   started user thread for Warehouse 10
2月 14, 2026 1:35:07 上午 spec.jbb.JBBmain DoARun -> 信息:   started user thread for Warehouse 11
2月 14, 2026 1:35:07 上午 spec.jbb.JBBmain DoARun -> 信息:   started user thread for Warehouse 12
2月 14, 2026 1:35:07 上午 spec.jbb.JBBmain DoARun -> 信息:   started user thread for Warehouse 13
2月 14, 2026 1:35:07 上午 spec.jbb.JBBmain DoARun -> 信息:   started user thread for Warehouse 14
2月 14, 2026 1:35:07 上午 spec.jbb.JBBmain DoARun -> 信息:   started user thread for Warehouse 15
2月 14, 2026 1:35:07 上午 spec.jbb.JBBmain DoARun -> 信息:   started user thread for Warehouse 16
2月 14, 2026 1:35:07 上午 spec.jbb.JBBmain DoARun -> 信息:   started user thread for Warehouse 17
2月 14, 2026 1:35:07 上午 spec.jbb.JBBmain DoARun -> 信息:   started user thread for Warehouse 18
2月 14, 2026 1:35:07 上午 spec.jbb.JBBmain DoARun -> 信息:   started user thread for Warehouse 19
2月 14, 2026 1:35:07 上午 spec.jbb.JBBmain DoARun -> 信息:   started user thread for Warehouse 20
2月 14, 2026 1:35:07 上午 spec.jbb.JBBmain DoARun -> 信息:   started user thread for Warehouse 21
2月 14, 2026 1:35:07 上午 spec.jbb.JBBmain DoARun -> 信息:   started user thread for Warehouse 22
2月 14, 2026 1:35:07 上午 spec.jbb.JBBmain DoARun -> 信息:   started user thread for Warehouse 23
2月 14, 2026 1:35:07 上午 spec.jbb.JBBmain DoARun -> 信息:   started user thread for Warehouse 24
2月 14, 2026 1:35:07 上午 spec.jbb.JBBmain DoARun -> 信息:   started user thread for Warehouse 25
2月 14, 2026 1:35:07 上午 spec.jbb.JBBmain DoARun -> 信息:   started user thread for Warehouse 26
2月 14, 2026 1:35:07 上午 spec.jbb.JBBmain DoARun -> 信息:   started user thread for Warehouse 27
2月 14, 2026 1:35:07 上午 spec.jbb.JBBmain DoARun -> 信息:   started user thread for Warehouse 28
2月 14, 2026 1:35:07 上午 spec.jbb.JBBmain DoARun -> 信息:   started user thread for Warehouse 29
2月 14, 2026 1:35:07 上午 spec.jbb.JBBmain DoARun -> 信息:   started user thread for Warehouse 30
2月 14, 2026 1:35:07 上午 spec.jbb.JBBmain DoARun -> 信息:   started user thread for Warehouse 31
2月 14, 2026 1:35:07 上午 spec.jbb.JBBmain DoARun -> 信息:   started user thread for Warehouse 32
2月 14, 2026 1:35:07 上午 spec.jbb.JBBmain DoARun -> 信息:   started user thread for Warehouse 33
2月 14, 2026 1:35:07 上午 spec.jbb.JBBmain DoARun -> 信息:   started user thread for Warehouse 34
2月 14, 2026 1:35:07 上午 spec.jbb.JBBmain DoARun -> 信息:   started user thread for Warehouse 35
2月 14, 2026 1:35:07 上午 spec.jbb.JBBmain DoARun -> 信息:   started user thread for Warehouse 36
2月 14, 2026 1:35:07 上午 spec.jbb.JBBmain DoARun -> 信息:   started user thread for Warehouse 37
2月 14, 2026 1:35:07 上午 spec.jbb.JBBmain DoARun -> 信息:   started user thread for Warehouse 38
2月 14, 2026 1:35:07 上午 spec.jbb.JBBmain DoARun -> 信息:   started user thread for Warehouse 39
2月 14, 2026 1:35:07 上午 spec.jbb.JBBmain DoARun -> 信息:   started user thread for Warehouse 40
2月 14, 2026 1:35:07 上午 spec.jbb.JBBmain DoARun -> 信息:   started user thread for Warehouse 41
2月 14, 2026 1:35:07 上午 spec.jbb.JBBmain DoARun -> 信息:   started user thread for Warehouse 42
2月 14, 2026 1:35:07 上午 spec.jbb.JBBmain DoARun -> 信息:   started user thread for Warehouse 43
2月 14, 2026 1:35:07 上午 spec.jbb.JBBmain DoARun -> 信息:   started user thread for Warehouse 44
2月 14, 2026 1:35:07 上午 spec.jbb.JBBmain DoARun -> 信息:   started user thread for Warehouse 45
2月 14, 2026 1:35:07 上午 spec.jbb.JBBmain DoARun -> 信息:   started user thread for Warehouse 46
2月 14, 2026 1:35:07 上午 spec.jbb.JBBmain DoARun -> 信息:   started user thread for Warehouse 47
2月 14, 2026 1:35:07 上午 spec.jbb.JBBmain DoARun -> 信息:   started user thread for Warehouse 48
2月 14, 2026 1:35:07 上午 spec.jbb.JBBmain DoARun -> 信息:   started user thread for Warehouse 49
2月 14, 2026 1:35:07 上午 spec.jbb.JBBmain DoARun -> 信息:   started user thread for Warehouse 50
2月 14, 2026 1:35:07 上午 spec.jbb.JBBmain DoARun -> 信息:   started user thread for Warehouse 51
2月 14, 2026 1:35:07 上午 spec.jbb.JBBmain DoARun -> 信息:   started user thread for Warehouse 52
2月 14, 2026 1:35:07 上午 spec.jbb.JBBmain DoARun -> 信息:   started user thread for Warehouse 53
2月 14, 2026 1:35:07 上午 spec.jbb.JBBmain DoARun -> 信息:   started user thread for Warehouse 54
2月 14, 2026 1:35:07 上午 spec.jbb.JBBmain DoARun -> 信息:   started user thread for Warehouse 55
2月 14, 2026 1:35:07 上午 spec.jbb.JBBmain DoARun -> 信息:   started user thread for Warehouse 56
2月 14, 2026 1:35:07 上午 spec.jbb.JBBmain DoARun -> 信息:   started user thread for Warehouse 57
2月 14, 2026 1:35:07 上午 spec.jbb.JBBmain DoARun -> 信息:   started user thread for Warehouse 58
2月 14, 2026 1:35:07 上午 spec.jbb.JBBmain DoARun -> 信息:   started user thread for Warehouse 59
2月 14, 2026 1:35:07 上午 spec.jbb.JBBmain DoARun -> 信息:   started user thread for Warehouse 60
2月 14, 2026 1:35:07 上午 spec.jbb.JBBmain DoARun -> 信息:   started user thread for Warehouse 61
2月 14, 2026 1:35:07 上午 spec.jbb.JBBmain DoARun -> 信息:   started user thread for Warehouse 62
2月 14, 2026 1:35:07 上午 spec.jbb.JBBmain DoARun -> 信息:   started user thread for Warehouse 63
2月 14, 2026 1:35:07 上午 spec.jbb.JBBmain DoARun -> 信息:   started user thread for Warehouse 64
2月 14, 2026 1:35:07 上午 spec.jbb.JBBmain DoARun -> 信息:   started user thread for Warehouse 65
2月 14, 2026 1:35:07 上午 spec.jbb.JBBmain DoARun -> 信息:   started user thread for Warehouse 66
2月 14, 2026 1:35:07 上午 spec.jbb.JBBmain DoARun -> 信息:   started user thread for Warehouse 67
2月 14, 2026 1:35:07 上午 spec.jbb.JBBmain DoARun -> 信息:   started user thread for Warehouse 68
2月 14, 2026 1:35:07 上午 spec.jbb.JBBmain DoARun -> 信息:   started user thread for Warehouse 69
2月 14, 2026 1:35:07 上午 spec.jbb.Company displayResultTotals -> 信息: Timing Measurement began Sat Feb 14 01:35:07 CST 2026 for 4 minutes
2月 14, 2026 1:39:07 上午 spec.jbb.Company displayResultTotals -> 信息: Timing Measurement ended Sat Feb 14 01:39:07 CST 2026
2月 14, 2026 1:39:07 上午 spec.jbb.Company primeWithDummyData -> 信息: Loading Warehouse 70...
2月 14, 2026 1:39:07 上午 spec.jbb.JBBmain DoARun -> 信息: Start User Threads
2月 14, 2026 1:39:07 上午 spec.jbb.JBBmain DoARun -> 信息:   started user thread for Warehouse 1
2月 14, 2026 1:39:07 上午 spec.jbb.JBBmain DoARun -> 信息:   started user thread for Warehouse 2
2月 14, 2026 1:39:07 上午 spec.jbb.JBBmain DoARun -> 信息:   started user thread for Warehouse 3
2月 14, 2026 1:39:07 上午 spec.jbb.JBBmain DoARun -> 信息:   started user thread for Warehouse 4
2月 14, 2026 1:39:07 上午 spec.jbb.JBBmain DoARun -> 信息:   started user thread for Warehouse 5
2月 14, 2026 1:39:07 上午 spec.jbb.JBBmain DoARun -> 信息:   started user thread for Warehouse 6
2月 14, 2026 1:39:07 上午 spec.jbb.JBBmain DoARun -> 信息:   started user thread for Warehouse 7
2月 14, 2026 1:39:07 上午 spec.jbb.JBBmain DoARun -> 信息:   started user thread for Warehouse 8
2月 14, 2026 1:39:07 上午 spec.jbb.JBBmain DoARun -> 信息:   started user thread for Warehouse 9
2月 14, 2026 1:39:07 上午 spec.jbb.JBBmain DoARun -> 信息:   started user thread for Warehouse 10
2月 14, 2026 1:39:07 上午 spec.jbb.JBBmain DoARun -> 信息:   started user thread for Warehouse 11
2月 14, 2026 1:39:07 上午 spec.jbb.JBBmain DoARun -> 信息:   started user thread for Warehouse 12
2月 14, 2026 1:39:07 上午 spec.jbb.JBBmain DoARun -> 信息:   started user thread for Warehouse 13
2月 14, 2026 1:39:07 上午 spec.jbb.JBBmain DoARun -> 信息:   started user thread for Warehouse 14
2月 14, 2026 1:39:07 上午 spec.jbb.JBBmain DoARun -> 信息:   started user thread for Warehouse 15
2月 14, 2026 1:39:07 上午 spec.jbb.JBBmain DoARun -> 信息:   started user thread for Warehouse 16
2月 14, 2026 1:39:07 上午 spec.jbb.JBBmain DoARun -> 信息:   started user thread for Warehouse 17
2月 14, 2026 1:39:07 上午 spec.jbb.JBBmain DoARun -> 信息:   started user thread for Warehouse 18
2月 14, 2026 1:39:07 上午 spec.jbb.JBBmain DoARun -> 信息:   started user thread for Warehouse 19
2月 14, 2026 1:39:07 上午 spec.jbb.JBBmain DoARun -> 信息:   started user thread for Warehouse 20
2月 14, 2026 1:39:07 上午 spec.jbb.JBBmain DoARun -> 信息:   started user thread for Warehouse 21
2月 14, 2026 1:39:07 上午 spec.jbb.JBBmain DoARun -> 信息:   started user thread for Warehouse 22
2月 14, 2026 1:39:07 上午 spec.jbb.JBBmain DoARun -> 信息:   started user thread for Warehouse 23
2月 14, 2026 1:39:07 上午 spec.jbb.JBBmain DoARun -> 信息:   started user thread for Warehouse 24
2月 14, 2026 1:39:07 上午 spec.jbb.JBBmain DoARun -> 信息:   started user thread for Warehouse 25
2月 14, 2026 1:39:07 上午 spec.jbb.JBBmain DoARun -> 信息:   started user thread for Warehouse 26
2月 14, 2026 1:39:07 上午 spec.jbb.JBBmain DoARun -> 信息:   started user thread for Warehouse 27
2月 14, 2026 1:39:07 上午 spec.jbb.JBBmain DoARun -> 信息:   started user thread for Warehouse 28
2月 14, 2026 1:39:07 上午 spec.jbb.JBBmain DoARun -> 信息:   started user thread for Warehouse 29
2月 14, 2026 1:39:07 上午 spec.jbb.JBBmain DoARun -> 信息:   started user thread for Warehouse 30
2月 14, 2026 1:39:07 上午 spec.jbb.JBBmain DoARun -> 信息:   started user thread for Warehouse 31
2月 14, 2026 1:39:07 上午 spec.jbb.JBBmain DoARun -> 信息:   started user thread for Warehouse 32
2月 14, 2026 1:39:07 上午 spec.jbb.JBBmain DoARun -> 信息:   started user thread for Warehouse 33
2月 14, 2026 1:39:07 上午 spec.jbb.JBBmain DoARun -> 信息:   started user thread for Warehouse 34
2月 14, 2026 1:39:07 上午 spec.jbb.JBBmain DoARun -> 信息:   started user thread for Warehouse 35
2月 14, 2026 1:39:07 上午 spec.jbb.JBBmain DoARun -> 信息:   started user thread for Warehouse 36
2月 14, 2026 1:39:07 上午 spec.jbb.JBBmain DoARun -> 信息:   started user thread for Warehouse 37
2月 14, 2026 1:39:07 上午 spec.jbb.JBBmain DoARun -> 信息:   started user thread for Warehouse 38
2月 14, 2026 1:39:07 上午 spec.jbb.JBBmain DoARun -> 信息:   started user thread for Warehouse 39
2月 14, 2026 1:39:07 上午 spec.jbb.JBBmain DoARun -> 信息:   started user thread for Warehouse 40
2月 14, 2026 1:39:07 上午 spec.jbb.JBBmain DoARun -> 信息:   started user thread for Warehouse 41
2月 14, 2026 1:39:07 上午 spec.jbb.JBBmain DoARun -> 信息:   started user thread for Warehouse 42
2月 14, 2026 1:39:07 上午 spec.jbb.JBBmain DoARun -> 信息:   started user thread for Warehouse 43
2月 14, 2026 1:39:07 上午 spec.jbb.JBBmain DoARun -> 信息:   started user thread for Warehouse 44
2月 14, 2026 1:39:07 上午 spec.jbb.JBBmain DoARun -> 信息:   started user thread for Warehouse 45
2月 14, 2026 1:39:07 上午 spec.jbb.JBBmain DoARun -> 信息:   started user thread for Warehouse 46
2月 14, 2026 1:39:07 上午 spec.jbb.JBBmain DoARun -> 信息:   started user thread for Warehouse 47
2月 14, 2026 1:39:07 上午 spec.jbb.JBBmain DoARun -> 信息:   started user thread for Warehouse 48
2月 14, 2026 1:39:07 上午 spec.jbb.JBBmain DoARun -> 信息:   started user thread for Warehouse 49
2月 14, 2026 1:39:07 上午 spec.jbb.JBBmain DoARun -> 信息:   started user thread for Warehouse 50
2月 14, 2026 1:39:07 上午 spec.jbb.JBBmain DoARun -> 信息:   started user thread for Warehouse 51
2月 14, 2026 1:39:07 上午 spec.jbb.JBBmain DoARun -> 信息:   started user thread for Warehouse 52
2月 14, 2026 1:39:07 上午 spec.jbb.JBBmain DoARun -> 信息:   started user thread for Warehouse 53
2月 14, 2026 1:39:07 上午 spec.jbb.JBBmain DoARun -> 信息:   started user thread for Warehouse 54
2月 14, 2026 1:39:07 上午 spec.jbb.JBBmain DoARun -> 信息:   started user thread for Warehouse 55
2月 14, 2026 1:39:07 上午 spec.jbb.JBBmain DoARun -> 信息:   started user thread for Warehouse 56
2月 14, 2026 1:39:07 上午 spec.jbb.JBBmain DoARun -> 信息:   started user thread for Warehouse 57
2月 14, 2026 1:39:07 上午 spec.jbb.JBBmain DoARun -> 信息:   started user thread for Warehouse 58
2月 14, 2026 1:39:07 上午 spec.jbb.JBBmain DoARun -> 信息:   started user thread for Warehouse 59
2月 14, 2026 1:39:07 上午 spec.jbb.JBBmain DoARun -> 信息:   started user thread for Warehouse 60
2月 14, 2026 1:39:07 上午 spec.jbb.JBBmain DoARun -> 信息:   started user thread for Warehouse 61
2月 14, 2026 1:39:07 上午 spec.jbb.JBBmain DoARun -> 信息:   started user thread for Warehouse 62
2月 14, 2026 1:39:07 上午 spec.jbb.JBBmain DoARun -> 信息:   started user thread for Warehouse 63
2月 14, 2026 1:39:07 上午 spec.jbb.JBBmain DoARun -> 信息:   started user thread for Warehouse 64
2月 14, 2026 1:39:07 上午 spec.jbb.JBBmain DoARun -> 信息:   started user thread for Warehouse 65
2月 14, 2026 1:39:07 上午 spec.jbb.JBBmain DoARun -> 信息:   started user thread for Warehouse 66
2月 14, 2026 1:39:07 上午 spec.jbb.JBBmain DoARun -> 信息:   started user thread for Warehouse 67
2月 14, 2026 1:39:07 上午 spec.jbb.JBBmain DoARun -> 信息:   started user thread for Warehouse 68
2月 14, 2026 1:39:07 上午 spec.jbb.JBBmain DoARun -> 信息:   started user thread for Warehouse 69
2月 14, 2026 1:39:07 上午 spec.jbb.JBBmain DoARun -> 信息:   started user thread for Warehouse 70
2月 14, 2026 1:39:07 上午 spec.jbb.Company displayResultTotals -> 信息: Timing Measurement began Sat Feb 14 01:39:07 CST 2026 for 4 minutes
2月 14, 2026 1:43:07 上午 spec.jbb.Company displayResultTotals -> 信息: Timing Measurement ended Sat Feb 14 01:43:07 CST 2026
2月 14, 2026 1:43:07 上午 spec.jbb.Company primeWithDummyData -> 信息: Loading Warehouse 71...
2月 14, 2026 1:43:07 上午 spec.jbb.JBBmain DoARun -> 信息: Start User Threads
2月 14, 2026 1:43:07 上午 spec.jbb.JBBmain DoARun -> 信息:   started user thread for Warehouse 1
2月 14, 2026 1:43:07 上午 spec.jbb.JBBmain DoARun -> 信息:   started user thread for Warehouse 2
2月 14, 2026 1:43:07 上午 spec.jbb.JBBmain DoARun -> 信息:   started user thread for Warehouse 3
2月 14, 2026 1:43:07 上午 spec.jbb.JBBmain DoARun -> 信息:   started user thread for Warehouse 4
2月 14, 2026 1:43:07 上午 spec.jbb.JBBmain DoARun -> 信息:   started user thread for Warehouse 5
2月 14, 2026 1:43:07 上午 spec.jbb.JBBmain DoARun -> 信息:   started user thread for Warehouse 6
2月 14, 2026 1:43:07 上午 spec.jbb.JBBmain DoARun -> 信息:   started user thread for Warehouse 7
2月 14, 2026 1:43:07 上午 spec.jbb.JBBmain DoARun -> 信息:   started user thread for Warehouse 8
2月 14, 2026 1:43:07 上午 spec.jbb.JBBmain DoARun -> 信息:   started user thread for Warehouse 9
2月 14, 2026 1:43:07 上午 spec.jbb.JBBmain DoARun -> 信息:   started user thread for Warehouse 10
2月 14, 2026 1:43:07 上午 spec.jbb.JBBmain DoARun -> 信息:   started user thread for Warehouse 11
2月 14, 2026 1:43:07 上午 spec.jbb.JBBmain DoARun -> 信息:   started user thread for Warehouse 12
2月 14, 2026 1:43:07 上午 spec.jbb.JBBmain DoARun -> 信息:   started user thread for Warehouse 13
2月 14, 2026 1:43:07 上午 spec.jbb.JBBmain DoARun -> 信息:   started user thread for Warehouse 14
2月 14, 2026 1:43:07 上午 spec.jbb.JBBmain DoARun -> 信息:   started user thread for Warehouse 15
2月 14, 2026 1:43:07 上午 spec.jbb.JBBmain DoARun -> 信息:   started user thread for Warehouse 16
2月 14, 2026 1:43:07 上午 spec.jbb.JBBmain DoARun -> 信息:   started user thread for Warehouse 17
2月 14, 2026 1:43:07 上午 spec.jbb.JBBmain DoARun -> 信息:   started user thread for Warehouse 18
2月 14, 2026 1:43:07 上午 spec.jbb.JBBmain DoARun -> 信息:   started user thread for Warehouse 19
2月 14, 2026 1:43:07 上午 spec.jbb.JBBmain DoARun -> 信息:   started user thread for Warehouse 20
2月 14, 2026 1:43:07 上午 spec.jbb.JBBmain DoARun -> 信息:   started user thread for Warehouse 21
2月 14, 2026 1:43:07 上午 spec.jbb.JBBmain DoARun -> 信息:   started user thread for Warehouse 22
2月 14, 2026 1:43:07 上午 spec.jbb.JBBmain DoARun -> 信息:   started user thread for Warehouse 23
2月 14, 2026 1:43:07 上午 spec.jbb.JBBmain DoARun -> 信息:   started user thread for Warehouse 24
2月 14, 2026 1:43:07 上午 spec.jbb.JBBmain DoARun -> 信息:   started user thread for Warehouse 25
2月 14, 2026 1:43:07 上午 spec.jbb.JBBmain DoARun -> 信息:   started user thread for Warehouse 26
2月 14, 2026 1:43:07 上午 spec.jbb.JBBmain DoARun -> 信息:   started user thread for Warehouse 27
2月 14, 2026 1:43:07 上午 spec.jbb.JBBmain DoARun -> 信息:   started user thread for Warehouse 28
2月 14, 2026 1:43:07 上午 spec.jbb.JBBmain DoARun -> 信息:   started user thread for Warehouse 29
2月 14, 2026 1:43:07 上午 spec.jbb.JBBmain DoARun -> 信息:   started user thread for Warehouse 30
2月 14, 2026 1:43:07 上午 spec.jbb.JBBmain DoARun -> 信息:   started user thread for Warehouse 31
2月 14, 2026 1:43:07 上午 spec.jbb.JBBmain DoARun -> 信息:   started user thread for Warehouse 32
2月 14, 2026 1:43:07 上午 spec.jbb.JBBmain DoARun -> 信息:   started user thread for Warehouse 33
2月 14, 2026 1:43:07 上午 spec.jbb.JBBmain DoARun -> 信息:   started user thread for Warehouse 34
2月 14, 2026 1:43:07 上午 spec.jbb.JBBmain DoARun -> 信息:   started user thread for Warehouse 35
2月 14, 2026 1:43:07 上午 spec.jbb.JBBmain DoARun -> 信息:   started user thread for Warehouse 36
2月 14, 2026 1:43:07 上午 spec.jbb.JBBmain DoARun -> 信息:   started user thread for Warehouse 37
2月 14, 2026 1:43:07 上午 spec.jbb.JBBmain DoARun -> 信息:   started user thread for Warehouse 38
2月 14, 2026 1:43:07 上午 spec.jbb.JBBmain DoARun -> 信息:   started user thread for Warehouse 39
2月 14, 2026 1:43:07 上午 spec.jbb.JBBmain DoARun -> 信息:   started user thread for Warehouse 40
2月 14, 2026 1:43:07 上午 spec.jbb.JBBmain DoARun -> 信息:   started user thread for Warehouse 41
2月 14, 2026 1:43:07 上午 spec.jbb.JBBmain DoARun -> 信息:   started user thread for Warehouse 42
2月 14, 2026 1:43:07 上午 spec.jbb.JBBmain DoARun -> 信息:   started user thread for Warehouse 43
2月 14, 2026 1:43:07 上午 spec.jbb.JBBmain DoARun -> 信息:   started user thread for Warehouse 44
2月 14, 2026 1:43:07 上午 spec.jbb.JBBmain DoARun -> 信息:   started user thread for Warehouse 45
2月 14, 2026 1:43:07 上午 spec.jbb.JBBmain DoARun -> 信息:   started user thread for Warehouse 46
2月 14, 2026 1:43:07 上午 spec.jbb.JBBmain DoARun -> 信息:   started user thread for Warehouse 47
2月 14, 2026 1:43:07 上午 spec.jbb.JBBmain DoARun -> 信息:   started user thread for Warehouse 48
2月 14, 2026 1:43:07 上午 spec.jbb.JBBmain DoARun -> 信息:   started user thread for Warehouse 49
2月 14, 2026 1:43:07 上午 spec.jbb.JBBmain DoARun -> 信息:   started user thread for Warehouse 50
2月 14, 2026 1:43:07 上午 spec.jbb.JBBmain DoARun -> 信息:   started user thread for Warehouse 51
2月 14, 2026 1:43:07 上午 spec.jbb.JBBmain DoARun -> 信息:   started user thread for Warehouse 52
2月 14, 2026 1:43:07 上午 spec.jbb.JBBmain DoARun -> 信息:   started user thread for Warehouse 53
2月 14, 2026 1:43:07 上午 spec.jbb.JBBmain DoARun -> 信息:   started user thread for Warehouse 54
2月 14, 2026 1:43:07 上午 spec.jbb.JBBmain DoARun -> 信息:   started user thread for Warehouse 55
2月 14, 2026 1:43:07 上午 spec.jbb.JBBmain DoARun -> 信息:   started user thread for Warehouse 56
2月 14, 2026 1:43:07 上午 spec.jbb.JBBmain DoARun -> 信息:   started user thread for Warehouse 57
2月 14, 2026 1:43:07 上午 spec.jbb.JBBmain DoARun -> 信息:   started user thread for Warehouse 58
2月 14, 2026 1:43:07 上午 spec.jbb.JBBmain DoARun -> 信息:   started user thread for Warehouse 59
2月 14, 2026 1:43:07 上午 spec.jbb.JBBmain DoARun -> 信息:   started user thread for Warehouse 60
2月 14, 2026 1:43:07 上午 spec.jbb.JBBmain DoARun -> 信息:   started user thread for Warehouse 61
2月 14, 2026 1:43:07 上午 spec.jbb.JBBmain DoARun -> 信息:   started user thread for Warehouse 62
2月 14, 2026 1:43:07 上午 spec.jbb.JBBmain DoARun -> 信息:   started user thread for Warehouse 63
2月 14, 2026 1:43:07 上午 spec.jbb.JBBmain DoARun -> 信息:   started user thread for Warehouse 64
2月 14, 2026 1:43:07 上午 spec.jbb.JBBmain DoARun -> 信息:   started user thread for Warehouse 65
2月 14, 2026 1:43:07 上午 spec.jbb.JBBmain DoARun -> 信息:   started user thread for Warehouse 66
2月 14, 2026 1:43:07 上午 spec.jbb.JBBmain DoARun -> 信息:   started user thread for Warehouse 67
2月 14, 2026 1:43:07 上午 spec.jbb.JBBmain DoARun -> 信息:   started user thread for Warehouse 68
2月 14, 2026 1:43:07 上午 spec.jbb.JBBmain DoARun -> 信息:   started user thread for Warehouse 69
2月 14, 2026 1:43:07 上午 spec.jbb.JBBmain DoARun -> 信息:   started user thread for Warehouse 70
2月 14, 2026 1:43:07 上午 spec.jbb.JBBmain DoARun -> 信息:   started user thread for Warehouse 71
2月 14, 2026 1:43:07 上午 spec.jbb.Company displayResultTotals -> 信息: Timing Measurement began Sat Feb 14 01:43:07 CST 2026 for 4 minutes
2月 14, 2026 1:47:07 上午 spec.jbb.Company displayResultTotals -> 信息: Timing Measurement ended Sat Feb 14 01:47:07 CST 2026
2月 14, 2026 1:47:07 上午 spec.jbb.Company primeWithDummyData -> 信息: Loading Warehouse 72...
2月 14, 2026 1:47:07 上午 spec.jbb.JBBmain DoARun -> 信息: Start User Threads
2月 14, 2026 1:47:07 上午 spec.jbb.JBBmain DoARun -> 信息:   started user thread for Warehouse 1
2月 14, 2026 1:47:07 上午 spec.jbb.JBBmain DoARun -> 信息:   started user thread for Warehouse 2
2月 14, 2026 1:47:07 上午 spec.jbb.JBBmain DoARun -> 信息:   started user thread for Warehouse 3
2月 14, 2026 1:47:07 上午 spec.jbb.JBBmain DoARun -> 信息:   started user thread for Warehouse 4
2月 14, 2026 1:47:07 上午 spec.jbb.JBBmain DoARun -> 信息:   started user thread for Warehouse 5
2月 14, 2026 1:47:07 上午 spec.jbb.JBBmain DoARun -> 信息:   started user thread for Warehouse 6
2月 14, 2026 1:47:07 上午 spec.jbb.JBBmain DoARun -> 信息:   started user thread for Warehouse 7
2月 14, 2026 1:47:07 上午 spec.jbb.JBBmain DoARun -> 信息:   started user thread for Warehouse 8
2月 14, 2026 1:47:07 上午 spec.jbb.JBBmain DoARun -> 信息:   started user thread for Warehouse 9
2月 14, 2026 1:47:07 上午 spec.jbb.JBBmain DoARun -> 信息:   started user thread for Warehouse 10
2月 14, 2026 1:47:07 上午 spec.jbb.JBBmain DoARun -> 信息:   started user thread for Warehouse 11
2月 14, 2026 1:47:07 上午 spec.jbb.JBBmain DoARun -> 信息:   started user thread for Warehouse 12
2月 14, 2026 1:47:07 上午 spec.jbb.JBBmain DoARun -> 信息:   started user thread for Warehouse 13
2月 14, 2026 1:47:07 上午 spec.jbb.JBBmain DoARun -> 信息:   started user thread for Warehouse 14
2月 14, 2026 1:47:07 上午 spec.jbb.JBBmain DoARun -> 信息:   started user thread for Warehouse 15
2月 14, 2026 1:47:07 上午 spec.jbb.JBBmain DoARun -> 信息:   started user thread for Warehouse 16
2月 14, 2026 1:47:07 上午 spec.jbb.JBBmain DoARun -> 信息:   started user thread for Warehouse 17
2月 14, 2026 1:47:07 上午 spec.jbb.JBBmain DoARun -> 信息:   started user thread for Warehouse 18
2月 14, 2026 1:47:07 上午 spec.jbb.JBBmain DoARun -> 信息:   started user thread for Warehouse 19
2月 14, 2026 1:47:07 上午 spec.jbb.JBBmain DoARun -> 信息:   started user thread for Warehouse 20
2月 14, 2026 1:47:07 上午 spec.jbb.JBBmain DoARun -> 信息:   started user thread for Warehouse 21
2月 14, 2026 1:47:07 上午 spec.jbb.JBBmain DoARun -> 信息:   started user thread for Warehouse 22
2月 14, 2026 1:47:07 上午 spec.jbb.JBBmain DoARun -> 信息:   started user thread for Warehouse 23
2月 14, 2026 1:47:07 上午 spec.jbb.JBBmain DoARun -> 信息:   started user thread for Warehouse 24
2月 14, 2026 1:47:07 上午 spec.jbb.JBBmain DoARun -> 信息:   started user thread for Warehouse 25
2月 14, 2026 1:47:07 上午 spec.jbb.JBBmain DoARun -> 信息:   started user thread for Warehouse 26
2月 14, 2026 1:47:07 上午 spec.jbb.JBBmain DoARun -> 信息:   started user thread for Warehouse 27
2月 14, 2026 1:47:07 上午 spec.jbb.JBBmain DoARun -> 信息:   started user thread for Warehouse 28
2月 14, 2026 1:47:07 上午 spec.jbb.JBBmain DoARun -> 信息:   started user thread for Warehouse 29
2月 14, 2026 1:47:07 上午 spec.jbb.JBBmain DoARun -> 信息:   started user thread for Warehouse 30
2月 14, 2026 1:47:07 上午 spec.jbb.JBBmain DoARun -> 信息:   started user thread for Warehouse 31
2月 14, 2026 1:47:07 上午 spec.jbb.JBBmain DoARun -> 信息:   started user thread for Warehouse 32
2月 14, 2026 1:47:07 上午 spec.jbb.JBBmain DoARun -> 信息:   started user thread for Warehouse 33
2月 14, 2026 1:47:07 上午 spec.jbb.JBBmain DoARun -> 信息:   started user thread for Warehouse 34
2月 14, 2026 1:47:07 上午 spec.jbb.JBBmain DoARun -> 信息:   started user thread for Warehouse 35
2月 14, 2026 1:47:07 上午 spec.jbb.JBBmain DoARun -> 信息:   started user thread for Warehouse 36
2月 14, 2026 1:47:07 上午 spec.jbb.JBBmain DoARun -> 信息:   started user thread for Warehouse 37
2月 14, 2026 1:47:07 上午 spec.jbb.JBBmain DoARun -> 信息:   started user thread for Warehouse 38
2月 14, 2026 1:47:07 上午 spec.jbb.JBBmain DoARun -> 信息:   started user thread for Warehouse 39
2月 14, 2026 1:47:07 上午 spec.jbb.JBBmain DoARun -> 信息:   started user thread for Warehouse 40
2月 14, 2026 1:47:07 上午 spec.jbb.JBBmain DoARun -> 信息:   started user thread for Warehouse 41
2月 14, 2026 1:47:07 上午 spec.jbb.JBBmain DoARun -> 信息:   started user thread for Warehouse 42
2月 14, 2026 1:47:07 上午 spec.jbb.JBBmain DoARun -> 信息:   started user thread for Warehouse 43
2月 14, 2026 1:47:07 上午 spec.jbb.JBBmain DoARun -> 信息:   started user thread for Warehouse 44
2月 14, 2026 1:47:07 上午 spec.jbb.JBBmain DoARun -> 信息:   started user thread for Warehouse 45
2月 14, 2026 1:47:07 上午 spec.jbb.JBBmain DoARun -> 信息:   started user thread for Warehouse 46
2月 14, 2026 1:47:07 上午 spec.jbb.JBBmain DoARun -> 信息:   started user thread for Warehouse 47
2月 14, 2026 1:47:07 上午 spec.jbb.JBBmain DoARun -> 信息:   started user thread for Warehouse 48
2月 14, 2026 1:47:07 上午 spec.jbb.JBBmain DoARun -> 信息:   started user thread for Warehouse 49
2月 14, 2026 1:47:07 上午 spec.jbb.JBBmain DoARun -> 信息:   started user thread for Warehouse 50
2月 14, 2026 1:47:07 上午 spec.jbb.JBBmain DoARun -> 信息:   started user thread for Warehouse 51
2月 14, 2026 1:47:07 上午 spec.jbb.JBBmain DoARun -> 信息:   started user thread for Warehouse 52
2月 14, 2026 1:47:07 上午 spec.jbb.JBBmain DoARun -> 信息:   started user thread for Warehouse 53
2月 14, 2026 1:47:07 上午 spec.jbb.JBBmain DoARun -> 信息:   started user thread for Warehouse 54
2月 14, 2026 1:47:07 上午 spec.jbb.JBBmain DoARun -> 信息:   started user thread for Warehouse 55
2月 14, 2026 1:47:07 上午 spec.jbb.JBBmain DoARun -> 信息:   started user thread for Warehouse 56
2月 14, 2026 1:47:07 上午 spec.jbb.JBBmain DoARun -> 信息:   started user thread for Warehouse 57
2月 14, 2026 1:47:07 上午 spec.jbb.JBBmain DoARun -> 信息:   started user thread for Warehouse 58
2月 14, 2026 1:47:07 上午 spec.jbb.JBBmain DoARun -> 信息:   started user thread for Warehouse 59
2月 14, 2026 1:47:07 上午 spec.jbb.JBBmain DoARun -> 信息:   started user thread for Warehouse 60
2月 14, 2026 1:47:07 上午 spec.jbb.JBBmain DoARun -> 信息:   started user thread for Warehouse 61
2月 14, 2026 1:47:07 上午 spec.jbb.JBBmain DoARun -> 信息:   started user thread for Warehouse 62
2月 14, 2026 1:47:07 上午 spec.jbb.JBBmain DoARun -> 信息:   started user thread for Warehouse 63
2月 14, 2026 1:47:07 上午 spec.jbb.JBBmain DoARun -> 信息:   started user thread for Warehouse 64
2月 14, 2026 1:47:07 上午 spec.jbb.JBBmain DoARun -> 信息:   started user thread for Warehouse 65
2月 14, 2026 1:47:07 上午 spec.jbb.JBBmain DoARun -> 信息:   started user thread for Warehouse 66
2月 14, 2026 1:47:07 上午 spec.jbb.JBBmain DoARun -> 信息:   started user thread for Warehouse 67
2月 14, 2026 1:47:07 上午 spec.jbb.JBBmain DoARun -> 信息:   started user thread for Warehouse 68
2月 14, 2026 1:47:07 上午 spec.jbb.JBBmain DoARun -> 信息:   started user thread for Warehouse 69
2月 14, 2026 1:47:07 上午 spec.jbb.JBBmain DoARun -> 信息:   started user thread for Warehouse 70
2月 14, 2026 1:47:07 上午 spec.jbb.JBBmain DoARun -> 信息:   started user thread for Warehouse 71
2月 14, 2026 1:47:07 上午 spec.jbb.JBBmain DoARun -> 信息:   started user thread for Warehouse 72
2月 14, 2026 1:47:07 上午 spec.jbb.Company displayResultTotals -> 信息: Timing Measurement began Sat Feb 14 01:47:07 CST 2026 for 4 minutes
2月 14, 2026 1:51:07 上午 spec.jbb.Company displayResultTotals -> 信息: Timing Measurement ended Sat Feb 14 01:51:07 CST 2026
2月 14, 2026 1:51:07 上午 spec.jbb.Company primeWithDummyData -> 信息: Loading Warehouse 73...
2月 14, 2026 1:51:08 上午 spec.jbb.JBBmain DoARun -> 信息: Start User Threads
2月 14, 2026 1:51:08 上午 spec.jbb.JBBmain DoARun -> 信息:   started user thread for Warehouse 1
2月 14, 2026 1:51:08 上午 spec.jbb.JBBmain DoARun -> 信息:   started user thread for Warehouse 2
2月 14, 2026 1:51:08 上午 spec.jbb.JBBmain DoARun -> 信息:   started user thread for Warehouse 3
2月 14, 2026 1:51:08 上午 spec.jbb.JBBmain DoARun -> 信息:   started user thread for Warehouse 4
2月 14, 2026 1:51:08 上午 spec.jbb.JBBmain DoARun -> 信息:   started user thread for Warehouse 5
2月 14, 2026 1:51:08 上午 spec.jbb.JBBmain DoARun -> 信息:   started user thread for Warehouse 6
2月 14, 2026 1:51:08 上午 spec.jbb.JBBmain DoARun -> 信息:   started user thread for Warehouse 7
2月 14, 2026 1:51:08 上午 spec.jbb.JBBmain DoARun -> 信息:   started user thread for Warehouse 8
2月 14, 2026 1:51:08 上午 spec.jbb.JBBmain DoARun -> 信息:   started user thread for Warehouse 9
2月 14, 2026 1:51:08 上午 spec.jbb.JBBmain DoARun -> 信息:   started user thread for Warehouse 10
2月 14, 2026 1:51:08 上午 spec.jbb.JBBmain DoARun -> 信息:   started user thread for Warehouse 11
2月 14, 2026 1:51:08 上午 spec.jbb.JBBmain DoARun -> 信息:   started user thread for Warehouse 12
2月 14, 2026 1:51:08 上午 spec.jbb.JBBmain DoARun -> 信息:   started user thread for Warehouse 13
2月 14, 2026 1:51:08 上午 spec.jbb.JBBmain DoARun -> 信息:   started user thread for Warehouse 14
2月 14, 2026 1:51:08 上午 spec.jbb.JBBmain DoARun -> 信息:   started user thread for Warehouse 15
2月 14, 2026 1:51:08 上午 spec.jbb.JBBmain DoARun -> 信息:   started user thread for Warehouse 16
2月 14, 2026 1:51:08 上午 spec.jbb.JBBmain DoARun -> 信息:   started user thread for Warehouse 17
2月 14, 2026 1:51:08 上午 spec.jbb.JBBmain DoARun -> 信息:   started user thread for Warehouse 18
2月 14, 2026 1:51:08 上午 spec.jbb.JBBmain DoARun -> 信息:   started user thread for Warehouse 19
2月 14, 2026 1:51:08 上午 spec.jbb.JBBmain DoARun -> 信息:   started user thread for Warehouse 20
2月 14, 2026 1:51:08 上午 spec.jbb.JBBmain DoARun -> 信息:   started user thread for Warehouse 21
2月 14, 2026 1:51:08 上午 spec.jbb.JBBmain DoARun -> 信息:   started user thread for Warehouse 22
2月 14, 2026 1:51:08 上午 spec.jbb.JBBmain DoARun -> 信息:   started user thread for Warehouse 23
2月 14, 2026 1:51:08 上午 spec.jbb.JBBmain DoARun -> 信息:   started user thread for Warehouse 24
2月 14, 2026 1:51:08 上午 spec.jbb.JBBmain DoARun -> 信息:   started user thread for Warehouse 25
2月 14, 2026 1:51:08 上午 spec.jbb.JBBmain DoARun -> 信息:   started user thread for Warehouse 26
2月 14, 2026 1:51:08 上午 spec.jbb.JBBmain DoARun -> 信息:   started user thread for Warehouse 27
2月 14, 2026 1:51:08 上午 spec.jbb.JBBmain DoARun -> 信息:   started user thread for Warehouse 28
2月 14, 2026 1:51:08 上午 spec.jbb.JBBmain DoARun -> 信息:   started user thread for Warehouse 29
2月 14, 2026 1:51:08 上午 spec.jbb.JBBmain DoARun -> 信息:   started user thread for Warehouse 30
2月 14, 2026 1:51:08 上午 spec.jbb.JBBmain DoARun -> 信息:   started user thread for Warehouse 31
2月 14, 2026 1:51:08 上午 spec.jbb.JBBmain DoARun -> 信息:   started user thread for Warehouse 32
2月 14, 2026 1:51:08 上午 spec.jbb.JBBmain DoARun -> 信息:   started user thread for Warehouse 33
2月 14, 2026 1:51:08 上午 spec.jbb.JBBmain DoARun -> 信息:   started user thread for Warehouse 34
2月 14, 2026 1:51:08 上午 spec.jbb.JBBmain DoARun -> 信息:   started user thread for Warehouse 35
2月 14, 2026 1:51:08 上午 spec.jbb.JBBmain DoARun -> 信息:   started user thread for Warehouse 36
2月 14, 2026 1:51:08 上午 spec.jbb.JBBmain DoARun -> 信息:   started user thread for Warehouse 37
2月 14, 2026 1:51:08 上午 spec.jbb.JBBmain DoARun -> 信息:   started user thread for Warehouse 38
2月 14, 2026 1:51:08 上午 spec.jbb.JBBmain DoARun -> 信息:   started user thread for Warehouse 39
2月 14, 2026 1:51:08 上午 spec.jbb.JBBmain DoARun -> 信息:   started user thread for Warehouse 40
2月 14, 2026 1:51:08 上午 spec.jbb.JBBmain DoARun -> 信息:   started user thread for Warehouse 41
2月 14, 2026 1:51:08 上午 spec.jbb.JBBmain DoARun -> 信息:   started user thread for Warehouse 42
2月 14, 2026 1:51:08 上午 spec.jbb.JBBmain DoARun -> 信息:   started user thread for Warehouse 43
2月 14, 2026 1:51:08 上午 spec.jbb.JBBmain DoARun -> 信息:   started user thread for Warehouse 44
2月 14, 2026 1:51:08 上午 spec.jbb.JBBmain DoARun -> 信息:   started user thread for Warehouse 45
2月 14, 2026 1:51:08 上午 spec.jbb.JBBmain DoARun -> 信息:   started user thread for Warehouse 46
2月 14, 2026 1:51:08 上午 spec.jbb.JBBmain DoARun -> 信息:   started user thread for Warehouse 47
2月 14, 2026 1:51:08 上午 spec.jbb.JBBmain DoARun -> 信息:   started user thread for Warehouse 48
2月 14, 2026 1:51:08 上午 spec.jbb.JBBmain DoARun -> 信息:   started user thread for Warehouse 49
2月 14, 2026 1:51:08 上午 spec.jbb.JBBmain DoARun -> 信息:   started user thread for Warehouse 50
2月 14, 2026 1:51:08 上午 spec.jbb.JBBmain DoARun -> 信息:   started user thread for Warehouse 51
2月 14, 2026 1:51:08 上午 spec.jbb.JBBmain DoARun -> 信息:   started user thread for Warehouse 52
2月 14, 2026 1:51:08 上午 spec.jbb.JBBmain DoARun -> 信息:   started user thread for Warehouse 53
2月 14, 2026 1:51:08 上午 spec.jbb.JBBmain DoARun -> 信息:   started user thread for Warehouse 54
2月 14, 2026 1:51:08 上午 spec.jbb.JBBmain DoARun -> 信息:   started user thread for Warehouse 55
2月 14, 2026 1:51:08 上午 spec.jbb.JBBmain DoARun -> 信息:   started user thread for Warehouse 56
2月 14, 2026 1:51:08 上午 spec.jbb.JBBmain DoARun -> 信息:   started user thread for Warehouse 57
2月 14, 2026 1:51:08 上午 spec.jbb.JBBmain DoARun -> 信息:   started user thread for Warehouse 58
2月 14, 2026 1:51:08 上午 spec.jbb.JBBmain DoARun -> 信息:   started user thread for Warehouse 59
2月 14, 2026 1:51:08 上午 spec.jbb.JBBmain DoARun -> 信息:   started user thread for Warehouse 60
2月 14, 2026 1:51:08 上午 spec.jbb.JBBmain DoARun -> 信息:   started user thread for Warehouse 61
2月 14, 2026 1:51:08 上午 spec.jbb.JBBmain DoARun -> 信息:   started user thread for Warehouse 62
2月 14, 2026 1:51:08 上午 spec.jbb.JBBmain DoARun -> 信息:   started user thread for Warehouse 63
2月 14, 2026 1:51:08 上午 spec.jbb.JBBmain DoARun -> 信息:   started user thread for Warehouse 64
2月 14, 2026 1:51:08 上午 spec.jbb.JBBmain DoARun -> 信息:   started user thread for Warehouse 65
2月 14, 2026 1:51:08 上午 spec.jbb.JBBmain DoARun -> 信息:   started user thread for Warehouse 66
2月 14, 2026 1:51:08 上午 spec.jbb.JBBmain DoARun -> 信息:   started user thread for Warehouse 67
2月 14, 2026 1:51:08 上午 spec.jbb.JBBmain DoARun -> 信息:   started user thread for Warehouse 68
2月 14, 2026 1:51:08 上午 spec.jbb.JBBmain DoARun -> 信息:   started user thread for Warehouse 69
2月 14, 2026 1:51:08 上午 spec.jbb.JBBmain DoARun -> 信息:   started user thread for Warehouse 70
2月 14, 2026 1:51:08 上午 spec.jbb.JBBmain DoARun -> 信息:   started user thread for Warehouse 71
2月 14, 2026 1:51:08 上午 spec.jbb.JBBmain DoARun -> 信息:   started user thread for Warehouse 72
2月 14, 2026 1:51:08 上午 spec.jbb.JBBmain DoARun -> 信息:   started user thread for Warehouse 73
2月 14, 2026 1:51:08 上午 spec.jbb.Company displayResultTotals -> 信息: Timing Measurement began Sat Feb 14 01:51:08 CST 2026 for 4 minutes
2月 14, 2026 1:55:08 上午 spec.jbb.Company displayResultTotals -> 信息: Timing Measurement ended Sat Feb 14 01:55:08 CST 2026
2月 14, 2026 1:55:08 上午 spec.jbb.Company primeWithDummyData -> 信息: Loading Warehouse 74...
2月 14, 2026 1:55:08 上午 spec.jbb.JBBmain DoARun -> 信息: Start User Threads
2月 14, 2026 1:55:08 上午 spec.jbb.JBBmain DoARun -> 信息:   started user thread for Warehouse 1
2月 14, 2026 1:55:08 上午 spec.jbb.JBBmain DoARun -> 信息:   started user thread for Warehouse 2
2月 14, 2026 1:55:08 上午 spec.jbb.JBBmain DoARun -> 信息:   started user thread for Warehouse 3
2月 14, 2026 1:55:08 上午 spec.jbb.JBBmain DoARun -> 信息:   started user thread for Warehouse 4
2月 14, 2026 1:55:08 上午 spec.jbb.JBBmain DoARun -> 信息:   started user thread for Warehouse 5
2月 14, 2026 1:55:08 上午 spec.jbb.JBBmain DoARun -> 信息:   started user thread for Warehouse 6
2月 14, 2026 1:55:08 上午 spec.jbb.JBBmain DoARun -> 信息:   started user thread for Warehouse 7
2月 14, 2026 1:55:08 上午 spec.jbb.JBBmain DoARun -> 信息:   started user thread for Warehouse 8
2月 14, 2026 1:55:08 上午 spec.jbb.JBBmain DoARun -> 信息:   started user thread for Warehouse 9
2月 14, 2026 1:55:08 上午 spec.jbb.JBBmain DoARun -> 信息:   started user thread for Warehouse 10
2月 14, 2026 1:55:08 上午 spec.jbb.JBBmain DoARun -> 信息:   started user thread for Warehouse 11
2月 14, 2026 1:55:08 上午 spec.jbb.JBBmain DoARun -> 信息:   started user thread for Warehouse 12
2月 14, 2026 1:55:08 上午 spec.jbb.JBBmain DoARun -> 信息:   started user thread for Warehouse 13
2月 14, 2026 1:55:08 上午 spec.jbb.JBBmain DoARun -> 信息:   started user thread for Warehouse 14
2月 14, 2026 1:55:08 上午 spec.jbb.JBBmain DoARun -> 信息:   started user thread for Warehouse 15
2月 14, 2026 1:55:08 上午 spec.jbb.JBBmain DoARun -> 信息:   started user thread for Warehouse 16
2月 14, 2026 1:55:08 上午 spec.jbb.JBBmain DoARun -> 信息:   started user thread for Warehouse 17
2月 14, 2026 1:55:08 上午 spec.jbb.JBBmain DoARun -> 信息:   started user thread for Warehouse 18
2月 14, 2026 1:55:08 上午 spec.jbb.JBBmain DoARun -> 信息:   started user thread for Warehouse 19
2月 14, 2026 1:55:08 上午 spec.jbb.JBBmain DoARun -> 信息:   started user thread for Warehouse 20
2月 14, 2026 1:55:08 上午 spec.jbb.JBBmain DoARun -> 信息:   started user thread for Warehouse 21
2月 14, 2026 1:55:08 上午 spec.jbb.JBBmain DoARun -> 信息:   started user thread for Warehouse 22
2月 14, 2026 1:55:08 上午 spec.jbb.JBBmain DoARun -> 信息:   started user thread for Warehouse 23
2月 14, 2026 1:55:08 上午 spec.jbb.JBBmain DoARun -> 信息:   started user thread for Warehouse 24
2月 14, 2026 1:55:08 上午 spec.jbb.JBBmain DoARun -> 信息:   started user thread for Warehouse 25
2月 14, 2026 1:55:08 上午 spec.jbb.JBBmain DoARun -> 信息:   started user thread for Warehouse 26
2月 14, 2026 1:55:08 上午 spec.jbb.JBBmain DoARun -> 信息:   started user thread for Warehouse 27
2月 14, 2026 1:55:08 上午 spec.jbb.JBBmain DoARun -> 信息:   started user thread for Warehouse 28
2月 14, 2026 1:55:08 上午 spec.jbb.JBBmain DoARun -> 信息:   started user thread for Warehouse 29
2月 14, 2026 1:55:08 上午 spec.jbb.JBBmain DoARun -> 信息:   started user thread for Warehouse 30
2月 14, 2026 1:55:08 上午 spec.jbb.JBBmain DoARun -> 信息:   started user thread for Warehouse 31
2月 14, 2026 1:55:08 上午 spec.jbb.JBBmain DoARun -> 信息:   started user thread for Warehouse 32
2月 14, 2026 1:55:08 上午 spec.jbb.JBBmain DoARun -> 信息:   started user thread for Warehouse 33
2月 14, 2026 1:55:08 上午 spec.jbb.JBBmain DoARun -> 信息:   started user thread for Warehouse 34
2月 14, 2026 1:55:08 上午 spec.jbb.JBBmain DoARun -> 信息:   started user thread for Warehouse 35
2月 14, 2026 1:55:08 上午 spec.jbb.JBBmain DoARun -> 信息:   started user thread for Warehouse 36
2月 14, 2026 1:55:08 上午 spec.jbb.JBBmain DoARun -> 信息:   started user thread for Warehouse 37
2月 14, 2026 1:55:08 上午 spec.jbb.JBBmain DoARun -> 信息:   started user thread for Warehouse 38
2月 14, 2026 1:55:08 上午 spec.jbb.JBBmain DoARun -> 信息:   started user thread for Warehouse 39
2月 14, 2026 1:55:08 上午 spec.jbb.JBBmain DoARun -> 信息:   started user thread for Warehouse 40
2月 14, 2026 1:55:08 上午 spec.jbb.JBBmain DoARun -> 信息:   started user thread for Warehouse 41
2月 14, 2026 1:55:08 上午 spec.jbb.JBBmain DoARun -> 信息:   started user thread for Warehouse 42
2月 14, 2026 1:55:08 上午 spec.jbb.JBBmain DoARun -> 信息:   started user thread for Warehouse 43
2月 14, 2026 1:55:08 上午 spec.jbb.JBBmain DoARun -> 信息:   started user thread for Warehouse 44
2月 14, 2026 1:55:08 上午 spec.jbb.JBBmain DoARun -> 信息:   started user thread for Warehouse 45
2月 14, 2026 1:55:08 上午 spec.jbb.JBBmain DoARun -> 信息:   started user thread for Warehouse 46
2月 14, 2026 1:55:08 上午 spec.jbb.JBBmain DoARun -> 信息:   started user thread for Warehouse 47
2月 14, 2026 1:55:08 上午 spec.jbb.JBBmain DoARun -> 信息:   started user thread for Warehouse 48
2月 14, 2026 1:55:08 上午 spec.jbb.JBBmain DoARun -> 信息:   started user thread for Warehouse 49
2月 14, 2026 1:55:08 上午 spec.jbb.JBBmain DoARun -> 信息:   started user thread for Warehouse 50
2月 14, 2026 1:55:08 上午 spec.jbb.JBBmain DoARun -> 信息:   started user thread for Warehouse 51
2月 14, 2026 1:55:08 上午 spec.jbb.JBBmain DoARun -> 信息:   started user thread for Warehouse 52
2月 14, 2026 1:55:08 上午 spec.jbb.JBBmain DoARun -> 信息:   started user thread for Warehouse 53
2月 14, 2026 1:55:08 上午 spec.jbb.JBBmain DoARun -> 信息:   started user thread for Warehouse 54
2月 14, 2026 1:55:08 上午 spec.jbb.JBBmain DoARun -> 信息:   started user thread for Warehouse 55
2月 14, 2026 1:55:08 上午 spec.jbb.JBBmain DoARun -> 信息:   started user thread for Warehouse 56
2月 14, 2026 1:55:08 上午 spec.jbb.JBBmain DoARun -> 信息:   started user thread for Warehouse 57
2月 14, 2026 1:55:08 上午 spec.jbb.JBBmain DoARun -> 信息:   started user thread for Warehouse 58
2月 14, 2026 1:55:08 上午 spec.jbb.JBBmain DoARun -> 信息:   started user thread for Warehouse 59
2月 14, 2026 1:55:08 上午 spec.jbb.JBBmain DoARun -> 信息:   started user thread for Warehouse 60
2月 14, 2026 1:55:08 上午 spec.jbb.JBBmain DoARun -> 信息:   started user thread for Warehouse 61
2月 14, 2026 1:55:08 上午 spec.jbb.JBBmain DoARun -> 信息:   started user thread for Warehouse 62
2月 14, 2026 1:55:08 上午 spec.jbb.JBBmain DoARun -> 信息:   started user thread for Warehouse 63
2月 14, 2026 1:55:08 上午 spec.jbb.JBBmain DoARun -> 信息:   started user thread for Warehouse 64
2月 14, 2026 1:55:08 上午 spec.jbb.JBBmain DoARun -> 信息:   started user thread for Warehouse 65
2月 14, 2026 1:55:08 上午 spec.jbb.JBBmain DoARun -> 信息:   started user thread for Warehouse 66
2月 14, 2026 1:55:08 上午 spec.jbb.JBBmain DoARun -> 信息:   started user thread for Warehouse 67
2月 14, 2026 1:55:08 上午 spec.jbb.JBBmain DoARun -> 信息:   started user thread for Warehouse 68
2月 14, 2026 1:55:08 上午 spec.jbb.JBBmain DoARun -> 信息:   started user thread for Warehouse 69
2月 14, 2026 1:55:08 上午 spec.jbb.JBBmain DoARun -> 信息:   started user thread for Warehouse 70
2月 14, 2026 1:55:08 上午 spec.jbb.JBBmain DoARun -> 信息:   started user thread for Warehouse 71
2月 14, 2026 1:55:08 上午 spec.jbb.JBBmain DoARun -> 信息:   started user thread for Warehouse 72
2月 14, 2026 1:55:08 上午 spec.jbb.JBBmain DoARun -> 信息:   started user thread for Warehouse 73
2月 14, 2026 1:55:08 上午 spec.jbb.JBBmain DoARun -> 信息:   started user thread for Warehouse 74
2月 14, 2026 1:55:08 上午 spec.jbb.Company displayResultTotals -> 信息: Timing Measurement began Sat Feb 14 01:55:08 CST 2026 for 4 minutes
2月 14, 2026 1:59:08 上午 spec.jbb.Company displayResultTotals -> 信息: Timing Measurement ended Sat Feb 14 01:59:08 CST 2026
2月 14, 2026 1:59:08 上午 spec.jbb.Company primeWithDummyData -> 信息: Loading Warehouse 75...
2月 14, 2026 1:59:08 上午 spec.jbb.JBBmain DoARun -> 信息: Start User Threads
2月 14, 2026 1:59:08 上午 spec.jbb.JBBmain DoARun -> 信息:   started user thread for Warehouse 1
2月 14, 2026 1:59:08 上午 spec.jbb.JBBmain DoARun -> 信息:   started user thread for Warehouse 2
2月 14, 2026 1:59:08 上午 spec.jbb.JBBmain DoARun -> 信息:   started user thread for Warehouse 3
2月 14, 2026 1:59:08 上午 spec.jbb.JBBmain DoARun -> 信息:   started user thread for Warehouse 4
2月 14, 2026 1:59:08 上午 spec.jbb.JBBmain DoARun -> 信息:   started user thread for Warehouse 5
2月 14, 2026 1:59:08 上午 spec.jbb.JBBmain DoARun -> 信息:   started user thread for Warehouse 6
2月 14, 2026 1:59:08 上午 spec.jbb.JBBmain DoARun -> 信息:   started user thread for Warehouse 7
2月 14, 2026 1:59:08 上午 spec.jbb.JBBmain DoARun -> 信息:   started user thread for Warehouse 8
2月 14, 2026 1:59:08 上午 spec.jbb.JBBmain DoARun -> 信息:   started user thread for Warehouse 9
2月 14, 2026 1:59:08 上午 spec.jbb.JBBmain DoARun -> 信息:   started user thread for Warehouse 10
2月 14, 2026 1:59:08 上午 spec.jbb.JBBmain DoARun -> 信息:   started user thread for Warehouse 11
2月 14, 2026 1:59:08 上午 spec.jbb.JBBmain DoARun -> 信息:   started user thread for Warehouse 12
2月 14, 2026 1:59:08 上午 spec.jbb.JBBmain DoARun -> 信息:   started user thread for Warehouse 13
2月 14, 2026 1:59:08 上午 spec.jbb.JBBmain DoARun -> 信息:   started user thread for Warehouse 14
2月 14, 2026 1:59:08 上午 spec.jbb.JBBmain DoARun -> 信息:   started user thread for Warehouse 15
2月 14, 2026 1:59:08 上午 spec.jbb.JBBmain DoARun -> 信息:   started user thread for Warehouse 16
2月 14, 2026 1:59:08 上午 spec.jbb.JBBmain DoARun -> 信息:   started user thread for Warehouse 17
2月 14, 2026 1:59:08 上午 spec.jbb.JBBmain DoARun -> 信息:   started user thread for Warehouse 18
2月 14, 2026 1:59:08 上午 spec.jbb.JBBmain DoARun -> 信息:   started user thread for Warehouse 19
2月 14, 2026 1:59:08 上午 spec.jbb.JBBmain DoARun -> 信息:   started user thread for Warehouse 20
2月 14, 2026 1:59:08 上午 spec.jbb.JBBmain DoARun -> 信息:   started user thread for Warehouse 21
2月 14, 2026 1:59:08 上午 spec.jbb.JBBmain DoARun -> 信息:   started user thread for Warehouse 22
2月 14, 2026 1:59:08 上午 spec.jbb.JBBmain DoARun -> 信息:   started user thread for Warehouse 23
2月 14, 2026 1:59:08 上午 spec.jbb.JBBmain DoARun -> 信息:   started user thread for Warehouse 24
2月 14, 2026 1:59:08 上午 spec.jbb.JBBmain DoARun -> 信息:   started user thread for Warehouse 25
2月 14, 2026 1:59:08 上午 spec.jbb.JBBmain DoARun -> 信息:   started user thread for Warehouse 26
2月 14, 2026 1:59:08 上午 spec.jbb.JBBmain DoARun -> 信息:   started user thread for Warehouse 27
2月 14, 2026 1:59:08 上午 spec.jbb.JBBmain DoARun -> 信息:   started user thread for Warehouse 28
2月 14, 2026 1:59:08 上午 spec.jbb.JBBmain DoARun -> 信息:   started user thread for Warehouse 29
2月 14, 2026 1:59:08 上午 spec.jbb.JBBmain DoARun -> 信息:   started user thread for Warehouse 30
2月 14, 2026 1:59:08 上午 spec.jbb.JBBmain DoARun -> 信息:   started user thread for Warehouse 31
2月 14, 2026 1:59:08 上午 spec.jbb.JBBmain DoARun -> 信息:   started user thread for Warehouse 32
2月 14, 2026 1:59:08 上午 spec.jbb.JBBmain DoARun -> 信息:   started user thread for Warehouse 33
2月 14, 2026 1:59:08 上午 spec.jbb.JBBmain DoARun -> 信息:   started user thread for Warehouse 34
2月 14, 2026 1:59:08 上午 spec.jbb.JBBmain DoARun -> 信息:   started user thread for Warehouse 35
2月 14, 2026 1:59:08 上午 spec.jbb.JBBmain DoARun -> 信息:   started user thread for Warehouse 36
2月 14, 2026 1:59:08 上午 spec.jbb.JBBmain DoARun -> 信息:   started user thread for Warehouse 37
2月 14, 2026 1:59:08 上午 spec.jbb.JBBmain DoARun -> 信息:   started user thread for Warehouse 38
2月 14, 2026 1:59:08 上午 spec.jbb.JBBmain DoARun -> 信息:   started user thread for Warehouse 39
2月 14, 2026 1:59:08 上午 spec.jbb.JBBmain DoARun -> 信息:   started user thread for Warehouse 40
2月 14, 2026 1:59:08 上午 spec.jbb.JBBmain DoARun -> 信息:   started user thread for Warehouse 41
2月 14, 2026 1:59:08 上午 spec.jbb.JBBmain DoARun -> 信息:   started user thread for Warehouse 42
2月 14, 2026 1:59:08 上午 spec.jbb.JBBmain DoARun -> 信息:   started user thread for Warehouse 43
2月 14, 2026 1:59:08 上午 spec.jbb.JBBmain DoARun -> 信息:   started user thread for Warehouse 44
2月 14, 2026 1:59:08 上午 spec.jbb.JBBmain DoARun -> 信息:   started user thread for Warehouse 45
2月 14, 2026 1:59:08 上午 spec.jbb.JBBmain DoARun -> 信息:   started user thread for Warehouse 46
2月 14, 2026 1:59:08 上午 spec.jbb.JBBmain DoARun -> 信息:   started user thread for Warehouse 47
2月 14, 2026 1:59:08 上午 spec.jbb.JBBmain DoARun -> 信息:   started user thread for Warehouse 48
2月 14, 2026 1:59:08 上午 spec.jbb.JBBmain DoARun -> 信息:   started user thread for Warehouse 49
2月 14, 2026 1:59:08 上午 spec.jbb.JBBmain DoARun -> 信息:   started user thread for Warehouse 50
2月 14, 2026 1:59:08 上午 spec.jbb.JBBmain DoARun -> 信息:   started user thread for Warehouse 51
2月 14, 2026 1:59:08 上午 spec.jbb.JBBmain DoARun -> 信息:   started user thread for Warehouse 52
2月 14, 2026 1:59:08 上午 spec.jbb.JBBmain DoARun -> 信息:   started user thread for Warehouse 53
2月 14, 2026 1:59:08 上午 spec.jbb.JBBmain DoARun -> 信息:   started user thread for Warehouse 54
2月 14, 2026 1:59:08 上午 spec.jbb.JBBmain DoARun -> 信息:   started user thread for Warehouse 55
2月 14, 2026 1:59:08 上午 spec.jbb.JBBmain DoARun -> 信息:   started user thread for Warehouse 56
2月 14, 2026 1:59:08 上午 spec.jbb.JBBmain DoARun -> 信息:   started user thread for Warehouse 57
2月 14, 2026 1:59:08 上午 spec.jbb.JBBmain DoARun -> 信息:   started user thread for Warehouse 58
2月 14, 2026 1:59:08 上午 spec.jbb.JBBmain DoARun -> 信息:   started user thread for Warehouse 59
2月 14, 2026 1:59:08 上午 spec.jbb.JBBmain DoARun -> 信息:   started user thread for Warehouse 60
2月 14, 2026 1:59:08 上午 spec.jbb.JBBmain DoARun -> 信息:   started user thread for Warehouse 61
2月 14, 2026 1:59:08 上午 spec.jbb.JBBmain DoARun -> 信息:   started user thread for Warehouse 62
2月 14, 2026 1:59:08 上午 spec.jbb.JBBmain DoARun -> 信息:   started user thread for Warehouse 63
2月 14, 2026 1:59:08 上午 spec.jbb.JBBmain DoARun -> 信息:   started user thread for Warehouse 64
2月 14, 2026 1:59:08 上午 spec.jbb.JBBmain DoARun -> 信息:   started user thread for Warehouse 65
2月 14, 2026 1:59:08 上午 spec.jbb.JBBmain DoARun -> 信息:   started user thread for Warehouse 66
2月 14, 2026 1:59:08 上午 spec.jbb.JBBmain DoARun -> 信息:   started user thread for Warehouse 67
2月 14, 2026 1:59:08 上午 spec.jbb.JBBmain DoARun -> 信息:   started user thread for Warehouse 68
2月 14, 2026 1:59:08 上午 spec.jbb.JBBmain DoARun -> 信息:   started user thread for Warehouse 69
2月 14, 2026 1:59:08 上午 spec.jbb.JBBmain DoARun -> 信息:   started user thread for Warehouse 70
2月 14, 2026 1:59:08 上午 spec.jbb.JBBmain DoARun -> 信息:   started user thread for Warehouse 71
2月 14, 2026 1:59:08 上午 spec.jbb.JBBmain DoARun -> 信息:   started user thread for Warehouse 72
2月 14, 2026 1:59:08 上午 spec.jbb.JBBmain DoARun -> 信息:   started user thread for Warehouse 73
2月 14, 2026 1:59:08 上午 spec.jbb.JBBmain DoARun -> 信息:   started user thread for Warehouse 74
2月 14, 2026 1:59:08 上午 spec.jbb.JBBmain DoARun -> 信息:   started user thread for Warehouse 75
2月 14, 2026 1:59:08 上午 spec.jbb.Company displayResultTotals -> 信息: Timing Measurement began Sat Feb 14 01:59:08 CST 2026 for 4 minutes
2月 14, 2026 2:03:08 上午 spec.jbb.Company displayResultTotals -> 信息: Timing Measurement ended Sat Feb 14 02:03:08 CST 2026
2月 14, 2026 2:03:08 上午 spec.jbb.Company primeWithDummyData -> 信息: Loading Warehouse 76...
2月 14, 2026 2:03:08 上午 spec.jbb.JBBmain DoARun -> 信息: Start User Threads
2月 14, 2026 2:03:08 上午 spec.jbb.JBBmain DoARun -> 信息:   started user thread for Warehouse 1
2月 14, 2026 2:03:08 上午 spec.jbb.JBBmain DoARun -> 信息:   started user thread for Warehouse 2
2月 14, 2026 2:03:08 上午 spec.jbb.JBBmain DoARun -> 信息:   started user thread for Warehouse 3
2月 14, 2026 2:03:08 上午 spec.jbb.JBBmain DoARun -> 信息:   started user thread for Warehouse 4
2月 14, 2026 2:03:08 上午 spec.jbb.JBBmain DoARun -> 信息:   started user thread for Warehouse 5
2月 14, 2026 2:03:08 上午 spec.jbb.JBBmain DoARun -> 信息:   started user thread for Warehouse 6
2月 14, 2026 2:03:08 上午 spec.jbb.JBBmain DoARun -> 信息:   started user thread for Warehouse 7
2月 14, 2026 2:03:08 上午 spec.jbb.JBBmain DoARun -> 信息:   started user thread for Warehouse 8
2月 14, 2026 2:03:08 上午 spec.jbb.JBBmain DoARun -> 信息:   started user thread for Warehouse 9
2月 14, 2026 2:03:08 上午 spec.jbb.JBBmain DoARun -> 信息:   started user thread for Warehouse 10
2月 14, 2026 2:03:08 上午 spec.jbb.JBBmain DoARun -> 信息:   started user thread for Warehouse 11
2月 14, 2026 2:03:08 上午 spec.jbb.JBBmain DoARun -> 信息:   started user thread for Warehouse 12
2月 14, 2026 2:03:08 上午 spec.jbb.JBBmain DoARun -> 信息:   started user thread for Warehouse 13
2月 14, 2026 2:03:08 上午 spec.jbb.JBBmain DoARun -> 信息:   started user thread for Warehouse 14
2月 14, 2026 2:03:08 上午 spec.jbb.JBBmain DoARun -> 信息:   started user thread for Warehouse 15
2月 14, 2026 2:03:08 上午 spec.jbb.JBBmain DoARun -> 信息:   started user thread for Warehouse 16
2月 14, 2026 2:03:08 上午 spec.jbb.JBBmain DoARun -> 信息:   started user thread for Warehouse 17
2月 14, 2026 2:03:08 上午 spec.jbb.JBBmain DoARun -> 信息:   started user thread for Warehouse 18
2月 14, 2026 2:03:08 上午 spec.jbb.JBBmain DoARun -> 信息:   started user thread for Warehouse 19
2月 14, 2026 2:03:08 上午 spec.jbb.JBBmain DoARun -> 信息:   started user thread for Warehouse 20
2月 14, 2026 2:03:08 上午 spec.jbb.JBBmain DoARun -> 信息:   started user thread for Warehouse 21
2月 14, 2026 2:03:08 上午 spec.jbb.JBBmain DoARun -> 信息:   started user thread for Warehouse 22
2月 14, 2026 2:03:08 上午 spec.jbb.JBBmain DoARun -> 信息:   started user thread for Warehouse 23
2月 14, 2026 2:03:08 上午 spec.jbb.JBBmain DoARun -> 信息:   started user thread for Warehouse 24
2月 14, 2026 2:03:08 上午 spec.jbb.JBBmain DoARun -> 信息:   started user thread for Warehouse 25
2月 14, 2026 2:03:08 上午 spec.jbb.JBBmain DoARun -> 信息:   started user thread for Warehouse 26
2月 14, 2026 2:03:08 上午 spec.jbb.JBBmain DoARun -> 信息:   started user thread for Warehouse 27
2月 14, 2026 2:03:08 上午 spec.jbb.JBBmain DoARun -> 信息:   started user thread for Warehouse 28
2月 14, 2026 2:03:08 上午 spec.jbb.JBBmain DoARun -> 信息:   started user thread for Warehouse 29
2月 14, 2026 2:03:08 上午 spec.jbb.JBBmain DoARun -> 信息:   started user thread for Warehouse 30
2月 14, 2026 2:03:08 上午 spec.jbb.JBBmain DoARun -> 信息:   started user thread for Warehouse 31
2月 14, 2026 2:03:08 上午 spec.jbb.JBBmain DoARun -> 信息:   started user thread for Warehouse 32
2月 14, 2026 2:03:08 上午 spec.jbb.JBBmain DoARun -> 信息:   started user thread for Warehouse 33
2月 14, 2026 2:03:08 上午 spec.jbb.JBBmain DoARun -> 信息:   started user thread for Warehouse 34
2月 14, 2026 2:03:08 上午 spec.jbb.JBBmain DoARun -> 信息:   started user thread for Warehouse 35
2月 14, 2026 2:03:08 上午 spec.jbb.JBBmain DoARun -> 信息:   started user thread for Warehouse 36
2月 14, 2026 2:03:08 上午 spec.jbb.JBBmain DoARun -> 信息:   started user thread for Warehouse 37
2月 14, 2026 2:03:08 上午 spec.jbb.JBBmain DoARun -> 信息:   started user thread for Warehouse 38
2月 14, 2026 2:03:08 上午 spec.jbb.JBBmain DoARun -> 信息:   started user thread for Warehouse 39
2月 14, 2026 2:03:08 上午 spec.jbb.JBBmain DoARun -> 信息:   started user thread for Warehouse 40
2月 14, 2026 2:03:08 上午 spec.jbb.JBBmain DoARun -> 信息:   started user thread for Warehouse 41
2月 14, 2026 2:03:08 上午 spec.jbb.JBBmain DoARun -> 信息:   started user thread for Warehouse 42
2月 14, 2026 2:03:08 上午 spec.jbb.JBBmain DoARun -> 信息:   started user thread for Warehouse 43
2月 14, 2026 2:03:08 上午 spec.jbb.JBBmain DoARun -> 信息:   started user thread for Warehouse 44
2月 14, 2026 2:03:08 上午 spec.jbb.JBBmain DoARun -> 信息:   started user thread for Warehouse 45
2月 14, 2026 2:03:08 上午 spec.jbb.JBBmain DoARun -> 信息:   started user thread for Warehouse 46
2月 14, 2026 2:03:08 上午 spec.jbb.JBBmain DoARun -> 信息:   started user thread for Warehouse 47
2月 14, 2026 2:03:08 上午 spec.jbb.JBBmain DoARun -> 信息:   started user thread for Warehouse 48
2月 14, 2026 2:03:08 上午 spec.jbb.JBBmain DoARun -> 信息:   started user thread for Warehouse 49
2月 14, 2026 2:03:08 上午 spec.jbb.JBBmain DoARun -> 信息:   started user thread for Warehouse 50
2月 14, 2026 2:03:08 上午 spec.jbb.JBBmain DoARun -> 信息:   started user thread for Warehouse 51
2月 14, 2026 2:03:08 上午 spec.jbb.JBBmain DoARun -> 信息:   started user thread for Warehouse 52
2月 14, 2026 2:03:08 上午 spec.jbb.JBBmain DoARun -> 信息:   started user thread for Warehouse 53
2月 14, 2026 2:03:08 上午 spec.jbb.JBBmain DoARun -> 信息:   started user thread for Warehouse 54
2月 14, 2026 2:03:08 上午 spec.jbb.JBBmain DoARun -> 信息:   started user thread for Warehouse 55
2月 14, 2026 2:03:08 上午 spec.jbb.JBBmain DoARun -> 信息:   started user thread for Warehouse 56
2月 14, 2026 2:03:08 上午 spec.jbb.JBBmain DoARun -> 信息:   started user thread for Warehouse 57
2月 14, 2026 2:03:08 上午 spec.jbb.JBBmain DoARun -> 信息:   started user thread for Warehouse 58
2月 14, 2026 2:03:08 上午 spec.jbb.JBBmain DoARun -> 信息:   started user thread for Warehouse 59
2月 14, 2026 2:03:08 上午 spec.jbb.JBBmain DoARun -> 信息:   started user thread for Warehouse 60
2月 14, 2026 2:03:08 上午 spec.jbb.JBBmain DoARun -> 信息:   started user thread for Warehouse 61
2月 14, 2026 2:03:08 上午 spec.jbb.JBBmain DoARun -> 信息:   started user thread for Warehouse 62
2月 14, 2026 2:03:08 上午 spec.jbb.JBBmain DoARun -> 信息:   started user thread for Warehouse 63
2月 14, 2026 2:03:08 上午 spec.jbb.JBBmain DoARun -> 信息:   started user thread for Warehouse 64
2月 14, 2026 2:03:08 上午 spec.jbb.JBBmain DoARun -> 信息:   started user thread for Warehouse 65
2月 14, 2026 2:03:08 上午 spec.jbb.JBBmain DoARun -> 信息:   started user thread for Warehouse 66
2月 14, 2026 2:03:08 上午 spec.jbb.JBBmain DoARun -> 信息:   started user thread for Warehouse 67
2月 14, 2026 2:03:08 上午 spec.jbb.JBBmain DoARun -> 信息:   started user thread for Warehouse 68
2月 14, 2026 2:03:08 上午 spec.jbb.JBBmain DoARun -> 信息:   started user thread for Warehouse 69
2月 14, 2026 2:03:08 上午 spec.jbb.JBBmain DoARun -> 信息:   started user thread for Warehouse 70
2月 14, 2026 2:03:08 上午 spec.jbb.JBBmain DoARun -> 信息:   started user thread for Warehouse 71
2月 14, 2026 2:03:08 上午 spec.jbb.JBBmain DoARun -> 信息:   started user thread for Warehouse 72
2月 14, 2026 2:03:08 上午 spec.jbb.JBBmain DoARun -> 信息:   started user thread for Warehouse 73
2月 14, 2026 2:03:08 上午 spec.jbb.JBBmain DoARun -> 信息:   started user thread for Warehouse 74
2月 14, 2026 2:03:08 上午 spec.jbb.JBBmain DoARun -> 信息:   started user thread for Warehouse 75
2月 14, 2026 2:03:08 上午 spec.jbb.JBBmain DoARun -> 信息:   started user thread for Warehouse 76
2月 14, 2026 2:03:08 上午 spec.jbb.Company displayResultTotals -> 信息: Timing Measurement began Sat Feb 14 02:03:08 CST 2026 for 4 minutes
2月 14, 2026 2:07:08 上午 spec.jbb.Company displayResultTotals -> 信息: Timing Measurement ended Sat Feb 14 02:07:08 CST 2026
2月 14, 2026 2:07:08 上午 spec.jbb.Company primeWithDummyData -> 信息: Loading Warehouse 77...
2月 14, 2026 2:07:08 上午 spec.jbb.JBBmain DoARun -> 信息: Start User Threads
2月 14, 2026 2:07:08 上午 spec.jbb.JBBmain DoARun -> 信息:   started user thread for Warehouse 1
2月 14, 2026 2:07:08 上午 spec.jbb.JBBmain DoARun -> 信息:   started user thread for Warehouse 2
2月 14, 2026 2:07:08 上午 spec.jbb.JBBmain DoARun -> 信息:   started user thread for Warehouse 3
2月 14, 2026 2:07:08 上午 spec.jbb.JBBmain DoARun -> 信息:   started user thread for Warehouse 4
2月 14, 2026 2:07:08 上午 spec.jbb.JBBmain DoARun -> 信息:   started user thread for Warehouse 5
2月 14, 2026 2:07:08 上午 spec.jbb.JBBmain DoARun -> 信息:   started user thread for Warehouse 6
2月 14, 2026 2:07:08 上午 spec.jbb.JBBmain DoARun -> 信息:   started user thread for Warehouse 7
2月 14, 2026 2:07:08 上午 spec.jbb.JBBmain DoARun -> 信息:   started user thread for Warehouse 8
2月 14, 2026 2:07:08 上午 spec.jbb.JBBmain DoARun -> 信息:   started user thread for Warehouse 9
2月 14, 2026 2:07:08 上午 spec.jbb.JBBmain DoARun -> 信息:   started user thread for Warehouse 10
2月 14, 2026 2:07:08 上午 spec.jbb.JBBmain DoARun -> 信息:   started user thread for Warehouse 11
2月 14, 2026 2:07:08 上午 spec.jbb.JBBmain DoARun -> 信息:   started user thread for Warehouse 12
2月 14, 2026 2:07:08 上午 spec.jbb.JBBmain DoARun -> 信息:   started user thread for Warehouse 13
2月 14, 2026 2:07:08 上午 spec.jbb.JBBmain DoARun -> 信息:   started user thread for Warehouse 14
2月 14, 2026 2:07:08 上午 spec.jbb.JBBmain DoARun -> 信息:   started user thread for Warehouse 15
2月 14, 2026 2:07:08 上午 spec.jbb.JBBmain DoARun -> 信息:   started user thread for Warehouse 16
2月 14, 2026 2:07:08 上午 spec.jbb.JBBmain DoARun -> 信息:   started user thread for Warehouse 17
2月 14, 2026 2:07:08 上午 spec.jbb.JBBmain DoARun -> 信息:   started user thread for Warehouse 18
2月 14, 2026 2:07:08 上午 spec.jbb.JBBmain DoARun -> 信息:   started user thread for Warehouse 19
2月 14, 2026 2:07:08 上午 spec.jbb.JBBmain DoARun -> 信息:   started user thread for Warehouse 20
2月 14, 2026 2:07:08 上午 spec.jbb.JBBmain DoARun -> 信息:   started user thread for Warehouse 21
2月 14, 2026 2:07:08 上午 spec.jbb.JBBmain DoARun -> 信息:   started user thread for Warehouse 22
2月 14, 2026 2:07:08 上午 spec.jbb.JBBmain DoARun -> 信息:   started user thread for Warehouse 23
2月 14, 2026 2:07:08 上午 spec.jbb.JBBmain DoARun -> 信息:   started user thread for Warehouse 24
2月 14, 2026 2:07:08 上午 spec.jbb.JBBmain DoARun -> 信息:   started user thread for Warehouse 25
2月 14, 2026 2:07:08 上午 spec.jbb.JBBmain DoARun -> 信息:   started user thread for Warehouse 26
2月 14, 2026 2:07:08 上午 spec.jbb.JBBmain DoARun -> 信息:   started user thread for Warehouse 27
2月 14, 2026 2:07:08 上午 spec.jbb.JBBmain DoARun -> 信息:   started user thread for Warehouse 28
2月 14, 2026 2:07:08 上午 spec.jbb.JBBmain DoARun -> 信息:   started user thread for Warehouse 29
2月 14, 2026 2:07:08 上午 spec.jbb.JBBmain DoARun -> 信息:   started user thread for Warehouse 30
2月 14, 2026 2:07:08 上午 spec.jbb.JBBmain DoARun -> 信息:   started user thread for Warehouse 31
2月 14, 2026 2:07:08 上午 spec.jbb.JBBmain DoARun -> 信息:   started user thread for Warehouse 32
2月 14, 2026 2:07:08 上午 spec.jbb.JBBmain DoARun -> 信息:   started user thread for Warehouse 33
2月 14, 2026 2:07:08 上午 spec.jbb.JBBmain DoARun -> 信息:   started user thread for Warehouse 34
2月 14, 2026 2:07:08 上午 spec.jbb.JBBmain DoARun -> 信息:   started user thread for Warehouse 35
2月 14, 2026 2:07:08 上午 spec.jbb.JBBmain DoARun -> 信息:   started user thread for Warehouse 36
2月 14, 2026 2:07:08 上午 spec.jbb.JBBmain DoARun -> 信息:   started user thread for Warehouse 37
2月 14, 2026 2:07:08 上午 spec.jbb.JBBmain DoARun -> 信息:   started user thread for Warehouse 38
2月 14, 2026 2:07:08 上午 spec.jbb.JBBmain DoARun -> 信息:   started user thread for Warehouse 39
2月 14, 2026 2:07:08 上午 spec.jbb.JBBmain DoARun -> 信息:   started user thread for Warehouse 40
2月 14, 2026 2:07:08 上午 spec.jbb.JBBmain DoARun -> 信息:   started user thread for Warehouse 41
2月 14, 2026 2:07:08 上午 spec.jbb.JBBmain DoARun -> 信息:   started user thread for Warehouse 42
2月 14, 2026 2:07:08 上午 spec.jbb.JBBmain DoARun -> 信息:   started user thread for Warehouse 43
2月 14, 2026 2:07:08 上午 spec.jbb.JBBmain DoARun -> 信息:   started user thread for Warehouse 44
2月 14, 2026 2:07:08 上午 spec.jbb.JBBmain DoARun -> 信息:   started user thread for Warehouse 45
2月 14, 2026 2:07:08 上午 spec.jbb.JBBmain DoARun -> 信息:   started user thread for Warehouse 46
2月 14, 2026 2:07:08 上午 spec.jbb.JBBmain DoARun -> 信息:   started user thread for Warehouse 47
2月 14, 2026 2:07:08 上午 spec.jbb.JBBmain DoARun -> 信息:   started user thread for Warehouse 48
2月 14, 2026 2:07:08 上午 spec.jbb.JBBmain DoARun -> 信息:   started user thread for Warehouse 49
2月 14, 2026 2:07:08 上午 spec.jbb.JBBmain DoARun -> 信息:   started user thread for Warehouse 50
2月 14, 2026 2:07:08 上午 spec.jbb.JBBmain DoARun -> 信息:   started user thread for Warehouse 51
2月 14, 2026 2:07:08 上午 spec.jbb.JBBmain DoARun -> 信息:   started user thread for Warehouse 52
2月 14, 2026 2:07:08 上午 spec.jbb.JBBmain DoARun -> 信息:   started user thread for Warehouse 53
2月 14, 2026 2:07:08 上午 spec.jbb.JBBmain DoARun -> 信息:   started user thread for Warehouse 54
2月 14, 2026 2:07:08 上午 spec.jbb.JBBmain DoARun -> 信息:   started user thread for Warehouse 55
2月 14, 2026 2:07:09 上午 spec.jbb.JBBmain DoARun -> 信息:   started user thread for Warehouse 56
2月 14, 2026 2:07:09 上午 spec.jbb.JBBmain DoARun -> 信息:   started user thread for Warehouse 57
2月 14, 2026 2:07:09 上午 spec.jbb.JBBmain DoARun -> 信息:   started user thread for Warehouse 58
2月 14, 2026 2:07:09 上午 spec.jbb.JBBmain DoARun -> 信息:   started user thread for Warehouse 59
2月 14, 2026 2:07:09 上午 spec.jbb.JBBmain DoARun -> 信息:   started user thread for Warehouse 60
2月 14, 2026 2:07:09 上午 spec.jbb.JBBmain DoARun -> 信息:   started user thread for Warehouse 61
2月 14, 2026 2:07:09 上午 spec.jbb.JBBmain DoARun -> 信息:   started user thread for Warehouse 62
2月 14, 2026 2:07:09 上午 spec.jbb.JBBmain DoARun -> 信息:   started user thread for Warehouse 63
2月 14, 2026 2:07:09 上午 spec.jbb.JBBmain DoARun -> 信息:   started user thread for Warehouse 64
2月 14, 2026 2:07:09 上午 spec.jbb.JBBmain DoARun -> 信息:   started user thread for Warehouse 65
2月 14, 2026 2:07:09 上午 spec.jbb.JBBmain DoARun -> 信息:   started user thread for Warehouse 66
2月 14, 2026 2:07:09 上午 spec.jbb.JBBmain DoARun -> 信息:   started user thread for Warehouse 67
2月 14, 2026 2:07:09 上午 spec.jbb.JBBmain DoARun -> 信息:   started user thread for Warehouse 68
2月 14, 2026 2:07:09 上午 spec.jbb.JBBmain DoARun -> 信息:   started user thread for Warehouse 69
2月 14, 2026 2:07:09 上午 spec.jbb.JBBmain DoARun -> 信息:   started user thread for Warehouse 70
2月 14, 2026 2:07:09 上午 spec.jbb.JBBmain DoARun -> 信息:   started user thread for Warehouse 71
2月 14, 2026 2:07:09 上午 spec.jbb.JBBmain DoARun -> 信息:   started user thread for Warehouse 72
2月 14, 2026 2:07:09 上午 spec.jbb.JBBmain DoARun -> 信息:   started user thread for Warehouse 73
2月 14, 2026 2:07:09 上午 spec.jbb.JBBmain DoARun -> 信息:   started user thread for Warehouse 74
2月 14, 2026 2:07:09 上午 spec.jbb.JBBmain DoARun -> 信息:   started user thread for Warehouse 75
2月 14, 2026 2:07:09 上午 spec.jbb.JBBmain DoARun -> 信息:   started user thread for Warehouse 76
2月 14, 2026 2:07:09 上午 spec.jbb.JBBmain DoARun -> 信息:   started user thread for Warehouse 77
2月 14, 2026 2:07:09 上午 spec.jbb.Company displayResultTotals -> 信息: Timing Measurement began Sat Feb 14 02:07:09 CST 2026 for 4 minutes
2月 14, 2026 2:11:09 上午 spec.jbb.Company displayResultTotals -> 信息: Timing Measurement ended Sat Feb 14 02:11:09 CST 2026
2月 14, 2026 2:11:09 上午 spec.jbb.Company primeWithDummyData -> 信息: Loading Warehouse 78...
2月 14, 2026 2:11:09 上午 spec.jbb.JBBmain DoARun -> 信息: Start User Threads
2月 14, 2026 2:11:09 上午 spec.jbb.JBBmain DoARun -> 信息:   started user thread for Warehouse 1
2月 14, 2026 2:11:09 上午 spec.jbb.JBBmain DoARun -> 信息:   started user thread for Warehouse 2
2月 14, 2026 2:11:09 上午 spec.jbb.JBBmain DoARun -> 信息:   started user thread for Warehouse 3
2月 14, 2026 2:11:09 上午 spec.jbb.JBBmain DoARun -> 信息:   started user thread for Warehouse 4
2月 14, 2026 2:11:09 上午 spec.jbb.JBBmain DoARun -> 信息:   started user thread for Warehouse 5
2月 14, 2026 2:11:09 上午 spec.jbb.JBBmain DoARun -> 信息:   started user thread for Warehouse 6
2月 14, 2026 2:11:09 上午 spec.jbb.JBBmain DoARun -> 信息:   started user thread for Warehouse 7
2月 14, 2026 2:11:09 上午 spec.jbb.JBBmain DoARun -> 信息:   started user thread for Warehouse 8
2月 14, 2026 2:11:09 上午 spec.jbb.JBBmain DoARun -> 信息:   started user thread for Warehouse 9
2月 14, 2026 2:11:09 上午 spec.jbb.JBBmain DoARun -> 信息:   started user thread for Warehouse 10
2月 14, 2026 2:11:09 上午 spec.jbb.JBBmain DoARun -> 信息:   started user thread for Warehouse 11
2月 14, 2026 2:11:09 上午 spec.jbb.JBBmain DoARun -> 信息:   started user thread for Warehouse 12
2月 14, 2026 2:11:09 上午 spec.jbb.JBBmain DoARun -> 信息:   started user thread for Warehouse 13
2月 14, 2026 2:11:09 上午 spec.jbb.JBBmain DoARun -> 信息:   started user thread for Warehouse 14
2月 14, 2026 2:11:09 上午 spec.jbb.JBBmain DoARun -> 信息:   started user thread for Warehouse 15
2月 14, 2026 2:11:09 上午 spec.jbb.JBBmain DoARun -> 信息:   started user thread for Warehouse 16
2月 14, 2026 2:11:09 上午 spec.jbb.JBBmain DoARun -> 信息:   started user thread for Warehouse 17
2月 14, 2026 2:11:09 上午 spec.jbb.JBBmain DoARun -> 信息:   started user thread for Warehouse 18
2月 14, 2026 2:11:09 上午 spec.jbb.JBBmain DoARun -> 信息:   started user thread for Warehouse 19
2月 14, 2026 2:11:09 上午 spec.jbb.JBBmain DoARun -> 信息:   started user thread for Warehouse 20
2月 14, 2026 2:11:09 上午 spec.jbb.JBBmain DoARun -> 信息:   started user thread for Warehouse 21
2月 14, 2026 2:11:09 上午 spec.jbb.JBBmain DoARun -> 信息:   started user thread for Warehouse 22
2月 14, 2026 2:11:09 上午 spec.jbb.JBBmain DoARun -> 信息:   started user thread for Warehouse 23
2月 14, 2026 2:11:09 上午 spec.jbb.JBBmain DoARun -> 信息:   started user thread for Warehouse 24
2月 14, 2026 2:11:09 上午 spec.jbb.JBBmain DoARun -> 信息:   started user thread for Warehouse 25
2月 14, 2026 2:11:09 上午 spec.jbb.JBBmain DoARun -> 信息:   started user thread for Warehouse 26
2月 14, 2026 2:11:09 上午 spec.jbb.JBBmain DoARun -> 信息:   started user thread for Warehouse 27
2月 14, 2026 2:11:09 上午 spec.jbb.JBBmain DoARun -> 信息:   started user thread for Warehouse 28
2月 14, 2026 2:11:09 上午 spec.jbb.JBBmain DoARun -> 信息:   started user thread for Warehouse 29
2月 14, 2026 2:11:09 上午 spec.jbb.JBBmain DoARun -> 信息:   started user thread for Warehouse 30
2月 14, 2026 2:11:09 上午 spec.jbb.JBBmain DoARun -> 信息:   started user thread for Warehouse 31
2月 14, 2026 2:11:09 上午 spec.jbb.JBBmain DoARun -> 信息:   started user thread for Warehouse 32
2月 14, 2026 2:11:09 上午 spec.jbb.JBBmain DoARun -> 信息:   started user thread for Warehouse 33
2月 14, 2026 2:11:09 上午 spec.jbb.JBBmain DoARun -> 信息:   started user thread for Warehouse 34
2月 14, 2026 2:11:09 上午 spec.jbb.JBBmain DoARun -> 信息:   started user thread for Warehouse 35
2月 14, 2026 2:11:09 上午 spec.jbb.JBBmain DoARun -> 信息:   started user thread for Warehouse 36
2月 14, 2026 2:11:09 上午 spec.jbb.JBBmain DoARun -> 信息:   started user thread for Warehouse 37
2月 14, 2026 2:11:09 上午 spec.jbb.JBBmain DoARun -> 信息:   started user thread for Warehouse 38
2月 14, 2026 2:11:09 上午 spec.jbb.JBBmain DoARun -> 信息:   started user thread for Warehouse 39
2月 14, 2026 2:11:09 上午 spec.jbb.JBBmain DoARun -> 信息:   started user thread for Warehouse 40
2月 14, 2026 2:11:09 上午 spec.jbb.JBBmain DoARun -> 信息:   started user thread for Warehouse 41
2月 14, 2026 2:11:09 上午 spec.jbb.JBBmain DoARun -> 信息:   started user thread for Warehouse 42
2月 14, 2026 2:11:09 上午 spec.jbb.JBBmain DoARun -> 信息:   started user thread for Warehouse 43
2月 14, 2026 2:11:09 上午 spec.jbb.JBBmain DoARun -> 信息:   started user thread for Warehouse 44
2月 14, 2026 2:11:09 上午 spec.jbb.JBBmain DoARun -> 信息:   started user thread for Warehouse 45
2月 14, 2026 2:11:09 上午 spec.jbb.JBBmain DoARun -> 信息:   started user thread for Warehouse 46
2月 14, 2026 2:11:09 上午 spec.jbb.JBBmain DoARun -> 信息:   started user thread for Warehouse 47
2月 14, 2026 2:11:09 上午 spec.jbb.JBBmain DoARun -> 信息:   started user thread for Warehouse 48
2月 14, 2026 2:11:09 上午 spec.jbb.JBBmain DoARun -> 信息:   started user thread for Warehouse 49
2月 14, 2026 2:11:09 上午 spec.jbb.JBBmain DoARun -> 信息:   started user thread for Warehouse 50
2月 14, 2026 2:11:09 上午 spec.jbb.JBBmain DoARun -> 信息:   started user thread for Warehouse 51
2月 14, 2026 2:11:09 上午 spec.jbb.JBBmain DoARun -> 信息:   started user thread for Warehouse 52
2月 14, 2026 2:11:09 上午 spec.jbb.JBBmain DoARun -> 信息:   started user thread for Warehouse 53
2月 14, 2026 2:11:09 上午 spec.jbb.JBBmain DoARun -> 信息:   started user thread for Warehouse 54
2月 14, 2026 2:11:09 上午 spec.jbb.JBBmain DoARun -> 信息:   started user thread for Warehouse 55
2月 14, 2026 2:11:09 上午 spec.jbb.JBBmain DoARun -> 信息:   started user thread for Warehouse 56
2月 14, 2026 2:11:09 上午 spec.jbb.JBBmain DoARun -> 信息:   started user thread for Warehouse 57
2月 14, 2026 2:11:09 上午 spec.jbb.JBBmain DoARun -> 信息:   started user thread for Warehouse 58
2月 14, 2026 2:11:09 上午 spec.jbb.JBBmain DoARun -> 信息:   started user thread for Warehouse 59
2月 14, 2026 2:11:09 上午 spec.jbb.JBBmain DoARun -> 信息:   started user thread for Warehouse 60
2月 14, 2026 2:11:09 上午 spec.jbb.JBBmain DoARun -> 信息:   started user thread for Warehouse 61
2月 14, 2026 2:11:09 上午 spec.jbb.JBBmain DoARun -> 信息:   started user thread for Warehouse 62
2月 14, 2026 2:11:09 上午 spec.jbb.JBBmain DoARun -> 信息:   started user thread for Warehouse 63
2月 14, 2026 2:11:09 上午 spec.jbb.JBBmain DoARun -> 信息:   started user thread for Warehouse 64
2月 14, 2026 2:11:09 上午 spec.jbb.JBBmain DoARun -> 信息:   started user thread for Warehouse 65
2月 14, 2026 2:11:09 上午 spec.jbb.JBBmain DoARun -> 信息:   started user thread for Warehouse 66
2月 14, 2026 2:11:09 上午 spec.jbb.JBBmain DoARun -> 信息:   started user thread for Warehouse 67
2月 14, 2026 2:11:09 上午 spec.jbb.JBBmain DoARun -> 信息:   started user thread for Warehouse 68
2月 14, 2026 2:11:09 上午 spec.jbb.JBBmain DoARun -> 信息:   started user thread for Warehouse 69
2月 14, 2026 2:11:09 上午 spec.jbb.JBBmain DoARun -> 信息:   started user thread for Warehouse 70
2月 14, 2026 2:11:09 上午 spec.jbb.JBBmain DoARun -> 信息:   started user thread for Warehouse 71
2月 14, 2026 2:11:09 上午 spec.jbb.JBBmain DoARun -> 信息:   started user thread for Warehouse 72
2月 14, 2026 2:11:09 上午 spec.jbb.JBBmain DoARun -> 信息:   started user thread for Warehouse 73
2月 14, 2026 2:11:09 上午 spec.jbb.JBBmain DoARun -> 信息:   started user thread for Warehouse 74
2月 14, 2026 2:11:09 上午 spec.jbb.JBBmain DoARun -> 信息:   started user thread for Warehouse 75
2月 14, 2026 2:11:09 上午 spec.jbb.JBBmain DoARun -> 信息:   started user thread for Warehouse 76
2月 14, 2026 2:11:09 上午 spec.jbb.JBBmain DoARun -> 信息:   started user thread for Warehouse 77
2月 14, 2026 2:11:09 上午 spec.jbb.JBBmain DoARun -> 信息:   started user thread for Warehouse 78
2月 14, 2026 2:11:09 上午 spec.jbb.Company displayResultTotals -> 信息: Timing Measurement began Sat Feb 14 02:11:09 CST 2026 for 4 minutes
2月 14, 2026 2:15:09 上午 spec.jbb.Company displayResultTotals -> 信息: Timing Measurement ended Sat Feb 14 02:15:09 CST 2026
2月 14, 2026 2:15:09 上午 spec.jbb.Company primeWithDummyData -> 信息: Loading Warehouse 79...
2月 14, 2026 2:15:09 上午 spec.jbb.JBBmain DoARun -> 信息: Start User Threads
2月 14, 2026 2:15:09 上午 spec.jbb.JBBmain DoARun -> 信息:   started user thread for Warehouse 1
2月 14, 2026 2:15:09 上午 spec.jbb.JBBmain DoARun -> 信息:   started user thread for Warehouse 2
2月 14, 2026 2:15:09 上午 spec.jbb.JBBmain DoARun -> 信息:   started user thread for Warehouse 3
2月 14, 2026 2:15:09 上午 spec.jbb.JBBmain DoARun -> 信息:   started user thread for Warehouse 4
2月 14, 2026 2:15:09 上午 spec.jbb.JBBmain DoARun -> 信息:   started user thread for Warehouse 5
2月 14, 2026 2:15:09 上午 spec.jbb.JBBmain DoARun -> 信息:   started user thread for Warehouse 6
2月 14, 2026 2:15:09 上午 spec.jbb.JBBmain DoARun -> 信息:   started user thread for Warehouse 7
2月 14, 2026 2:15:09 上午 spec.jbb.JBBmain DoARun -> 信息:   started user thread for Warehouse 8
2月 14, 2026 2:15:09 上午 spec.jbb.JBBmain DoARun -> 信息:   started user thread for Warehouse 9
2月 14, 2026 2:15:09 上午 spec.jbb.JBBmain DoARun -> 信息:   started user thread for Warehouse 10
2月 14, 2026 2:15:09 上午 spec.jbb.JBBmain DoARun -> 信息:   started user thread for Warehouse 11
2月 14, 2026 2:15:09 上午 spec.jbb.JBBmain DoARun -> 信息:   started user thread for Warehouse 12
2月 14, 2026 2:15:09 上午 spec.jbb.JBBmain DoARun -> 信息:   started user thread for Warehouse 13
2月 14, 2026 2:15:09 上午 spec.jbb.JBBmain DoARun -> 信息:   started user thread for Warehouse 14
2月 14, 2026 2:15:09 上午 spec.jbb.JBBmain DoARun -> 信息:   started user thread for Warehouse 15
2月 14, 2026 2:15:09 上午 spec.jbb.JBBmain DoARun -> 信息:   started user thread for Warehouse 16
2月 14, 2026 2:15:09 上午 spec.jbb.JBBmain DoARun -> 信息:   started user thread for Warehouse 17
2月 14, 2026 2:15:09 上午 spec.jbb.JBBmain DoARun -> 信息:   started user thread for Warehouse 18
2月 14, 2026 2:15:09 上午 spec.jbb.JBBmain DoARun -> 信息:   started user thread for Warehouse 19
2月 14, 2026 2:15:09 上午 spec.jbb.JBBmain DoARun -> 信息:   started user thread for Warehouse 20
2月 14, 2026 2:15:09 上午 spec.jbb.JBBmain DoARun -> 信息:   started user thread for Warehouse 21
2月 14, 2026 2:15:09 上午 spec.jbb.JBBmain DoARun -> 信息:   started user thread for Warehouse 22
2月 14, 2026 2:15:09 上午 spec.jbb.JBBmain DoARun -> 信息:   started user thread for Warehouse 23
2月 14, 2026 2:15:09 上午 spec.jbb.JBBmain DoARun -> 信息:   started user thread for Warehouse 24
2月 14, 2026 2:15:09 上午 spec.jbb.JBBmain DoARun -> 信息:   started user thread for Warehouse 25
2月 14, 2026 2:15:09 上午 spec.jbb.JBBmain DoARun -> 信息:   started user thread for Warehouse 26
2月 14, 2026 2:15:09 上午 spec.jbb.JBBmain DoARun -> 信息:   started user thread for Warehouse 27
2月 14, 2026 2:15:09 上午 spec.jbb.JBBmain DoARun -> 信息:   started user thread for Warehouse 28
2月 14, 2026 2:15:09 上午 spec.jbb.JBBmain DoARun -> 信息:   started user thread for Warehouse 29
2月 14, 2026 2:15:09 上午 spec.jbb.JBBmain DoARun -> 信息:   started user thread for Warehouse 30
2月 14, 2026 2:15:09 上午 spec.jbb.JBBmain DoARun -> 信息:   started user thread for Warehouse 31
2月 14, 2026 2:15:09 上午 spec.jbb.JBBmain DoARun -> 信息:   started user thread for Warehouse 32
2月 14, 2026 2:15:09 上午 spec.jbb.JBBmain DoARun -> 信息:   started user thread for Warehouse 33
2月 14, 2026 2:15:09 上午 spec.jbb.JBBmain DoARun -> 信息:   started user thread for Warehouse 34
2月 14, 2026 2:15:09 上午 spec.jbb.JBBmain DoARun -> 信息:   started user thread for Warehouse 35
2月 14, 2026 2:15:09 上午 spec.jbb.JBBmain DoARun -> 信息:   started user thread for Warehouse 36
2月 14, 2026 2:15:09 上午 spec.jbb.JBBmain DoARun -> 信息:   started user thread for Warehouse 37
2月 14, 2026 2:15:09 上午 spec.jbb.JBBmain DoARun -> 信息:   started user thread for Warehouse 38
2月 14, 2026 2:15:09 上午 spec.jbb.JBBmain DoARun -> 信息:   started user thread for Warehouse 39
2月 14, 2026 2:15:09 上午 spec.jbb.JBBmain DoARun -> 信息:   started user thread for Warehouse 40
2月 14, 2026 2:15:09 上午 spec.jbb.JBBmain DoARun -> 信息:   started user thread for Warehouse 41
2月 14, 2026 2:15:09 上午 spec.jbb.JBBmain DoARun -> 信息:   started user thread for Warehouse 42
2月 14, 2026 2:15:09 上午 spec.jbb.JBBmain DoARun -> 信息:   started user thread for Warehouse 43
2月 14, 2026 2:15:09 上午 spec.jbb.JBBmain DoARun -> 信息:   started user thread for Warehouse 44
2月 14, 2026 2:15:09 上午 spec.jbb.JBBmain DoARun -> 信息:   started user thread for Warehouse 45
2月 14, 2026 2:15:09 上午 spec.jbb.JBBmain DoARun -> 信息:   started user thread for Warehouse 46
2月 14, 2026 2:15:09 上午 spec.jbb.JBBmain DoARun -> 信息:   started user thread for Warehouse 47
2月 14, 2026 2:15:09 上午 spec.jbb.JBBmain DoARun -> 信息:   started user thread for Warehouse 48
2月 14, 2026 2:15:09 上午 spec.jbb.JBBmain DoARun -> 信息:   started user thread for Warehouse 49
2月 14, 2026 2:15:09 上午 spec.jbb.JBBmain DoARun -> 信息:   started user thread for Warehouse 50
2月 14, 2026 2:15:09 上午 spec.jbb.JBBmain DoARun -> 信息:   started user thread for Warehouse 51
2月 14, 2026 2:15:09 上午 spec.jbb.JBBmain DoARun -> 信息:   started user thread for Warehouse 52
2月 14, 2026 2:15:09 上午 spec.jbb.JBBmain DoARun -> 信息:   started user thread for Warehouse 53
2月 14, 2026 2:15:09 上午 spec.jbb.JBBmain DoARun -> 信息:   started user thread for Warehouse 54
2月 14, 2026 2:15:09 上午 spec.jbb.JBBmain DoARun -> 信息:   started user thread for Warehouse 55
2月 14, 2026 2:15:09 上午 spec.jbb.JBBmain DoARun -> 信息:   started user thread for Warehouse 56
2月 14, 2026 2:15:09 上午 spec.jbb.JBBmain DoARun -> 信息:   started user thread for Warehouse 57
2月 14, 2026 2:15:09 上午 spec.jbb.JBBmain DoARun -> 信息:   started user thread for Warehouse 58
2月 14, 2026 2:15:09 上午 spec.jbb.JBBmain DoARun -> 信息:   started user thread for Warehouse 59
2月 14, 2026 2:15:09 上午 spec.jbb.JBBmain DoARun -> 信息:   started user thread for Warehouse 60
2月 14, 2026 2:15:09 上午 spec.jbb.JBBmain DoARun -> 信息:   started user thread for Warehouse 61
2月 14, 2026 2:15:09 上午 spec.jbb.JBBmain DoARun -> 信息:   started user thread for Warehouse 62
2月 14, 2026 2:15:09 上午 spec.jbb.JBBmain DoARun -> 信息:   started user thread for Warehouse 63
2月 14, 2026 2:15:09 上午 spec.jbb.JBBmain DoARun -> 信息:   started user thread for Warehouse 64
2月 14, 2026 2:15:09 上午 spec.jbb.JBBmain DoARun -> 信息:   started user thread for Warehouse 65
2月 14, 2026 2:15:09 上午 spec.jbb.JBBmain DoARun -> 信息:   started user thread for Warehouse 66
2月 14, 2026 2:15:09 上午 spec.jbb.JBBmain DoARun -> 信息:   started user thread for Warehouse 67
2月 14, 2026 2:15:09 上午 spec.jbb.JBBmain DoARun -> 信息:   started user thread for Warehouse 68
2月 14, 2026 2:15:09 上午 spec.jbb.JBBmain DoARun -> 信息:   started user thread for Warehouse 69
2月 14, 2026 2:15:09 上午 spec.jbb.JBBmain DoARun -> 信息:   started user thread for Warehouse 70
2月 14, 2026 2:15:09 上午 spec.jbb.JBBmain DoARun -> 信息:   started user thread for Warehouse 71
2月 14, 2026 2:15:09 上午 spec.jbb.JBBmain DoARun -> 信息:   started user thread for Warehouse 72
2月 14, 2026 2:15:09 上午 spec.jbb.JBBmain DoARun -> 信息:   started user thread for Warehouse 73
2月 14, 2026 2:15:09 上午 spec.jbb.JBBmain DoARun -> 信息:   started user thread for Warehouse 74
2月 14, 2026 2:15:09 上午 spec.jbb.JBBmain DoARun -> 信息:   started user thread for Warehouse 75
2月 14, 2026 2:15:09 上午 spec.jbb.JBBmain DoARun -> 信息:   started user thread for Warehouse 76
2月 14, 2026 2:15:09 上午 spec.jbb.JBBmain DoARun -> 信息:   started user thread for Warehouse 77
2月 14, 2026 2:15:09 上午 spec.jbb.JBBmain DoARun -> 信息:   started user thread for Warehouse 78
2月 14, 2026 2:15:09 上午 spec.jbb.JBBmain DoARun -> 信息:   started user thread for Warehouse 79
2月 14, 2026 2:15:09 上午 spec.jbb.Company displayResultTotals -> 信息: Timing Measurement began Sat Feb 14 02:15:09 CST 2026 for 4 minutes
2月 14, 2026 2:19:09 上午 spec.jbb.Company displayResultTotals -> 信息: Timing Measurement ended Sat Feb 14 02:19:09 CST 2026
2月 14, 2026 2:19:09 上午 spec.jbb.Company primeWithDummyData -> 信息: Loading Warehouse 80...
2月 14, 2026 2:19:09 上午 spec.jbb.JBBmain DoARun -> 信息: Start User Threads
2月 14, 2026 2:19:09 上午 spec.jbb.JBBmain DoARun -> 信息:   started user thread for Warehouse 1
2月 14, 2026 2:19:09 上午 spec.jbb.JBBmain DoARun -> 信息:   started user thread for Warehouse 2
2月 14, 2026 2:19:09 上午 spec.jbb.JBBmain DoARun -> 信息:   started user thread for Warehouse 3
2月 14, 2026 2:19:09 上午 spec.jbb.JBBmain DoARun -> 信息:   started user thread for Warehouse 4
2月 14, 2026 2:19:09 上午 spec.jbb.JBBmain DoARun -> 信息:   started user thread for Warehouse 5
2月 14, 2026 2:19:09 上午 spec.jbb.JBBmain DoARun -> 信息:   started user thread for Warehouse 6
2月 14, 2026 2:19:09 上午 spec.jbb.JBBmain DoARun -> 信息:   started user thread for Warehouse 7
2月 14, 2026 2:19:09 上午 spec.jbb.JBBmain DoARun -> 信息:   started user thread for Warehouse 8
2月 14, 2026 2:19:09 上午 spec.jbb.JBBmain DoARun -> 信息:   started user thread for Warehouse 9
2月 14, 2026 2:19:09 上午 spec.jbb.JBBmain DoARun -> 信息:   started user thread for Warehouse 10
2月 14, 2026 2:19:09 上午 spec.jbb.JBBmain DoARun -> 信息:   started user thread for Warehouse 11
2月 14, 2026 2:19:09 上午 spec.jbb.JBBmain DoARun -> 信息:   started user thread for Warehouse 12
2月 14, 2026 2:19:09 上午 spec.jbb.JBBmain DoARun -> 信息:   started user thread for Warehouse 13
2月 14, 2026 2:19:09 上午 spec.jbb.JBBmain DoARun -> 信息:   started user thread for Warehouse 14
2月 14, 2026 2:19:09 上午 spec.jbb.JBBmain DoARun -> 信息:   started user thread for Warehouse 15
2月 14, 2026 2:19:09 上午 spec.jbb.JBBmain DoARun -> 信息:   started user thread for Warehouse 16
2月 14, 2026 2:19:09 上午 spec.jbb.JBBmain DoARun -> 信息:   started user thread for Warehouse 17
2月 14, 2026 2:19:09 上午 spec.jbb.JBBmain DoARun -> 信息:   started user thread for Warehouse 18
2月 14, 2026 2:19:09 上午 spec.jbb.JBBmain DoARun -> 信息:   started user thread for Warehouse 19
2月 14, 2026 2:19:09 上午 spec.jbb.JBBmain DoARun -> 信息:   started user thread for Warehouse 20
2月 14, 2026 2:19:09 上午 spec.jbb.JBBmain DoARun -> 信息:   started user thread for Warehouse 21
2月 14, 2026 2:19:09 上午 spec.jbb.JBBmain DoARun -> 信息:   started user thread for Warehouse 22
2月 14, 2026 2:19:09 上午 spec.jbb.JBBmain DoARun -> 信息:   started user thread for Warehouse 23
2月 14, 2026 2:19:09 上午 spec.jbb.JBBmain DoARun -> 信息:   started user thread for Warehouse 24
2月 14, 2026 2:19:09 上午 spec.jbb.JBBmain DoARun -> 信息:   started user thread for Warehouse 25
2月 14, 2026 2:19:09 上午 spec.jbb.JBBmain DoARun -> 信息:   started user thread for Warehouse 26
2月 14, 2026 2:19:09 上午 spec.jbb.JBBmain DoARun -> 信息:   started user thread for Warehouse 27
2月 14, 2026 2:19:09 上午 spec.jbb.JBBmain DoARun -> 信息:   started user thread for Warehouse 28
2月 14, 2026 2:19:09 上午 spec.jbb.JBBmain DoARun -> 信息:   started user thread for Warehouse 29
2月 14, 2026 2:19:09 上午 spec.jbb.JBBmain DoARun -> 信息:   started user thread for Warehouse 30
2月 14, 2026 2:19:09 上午 spec.jbb.JBBmain DoARun -> 信息:   started user thread for Warehouse 31
2月 14, 2026 2:19:09 上午 spec.jbb.JBBmain DoARun -> 信息:   started user thread for Warehouse 32
2月 14, 2026 2:19:09 上午 spec.jbb.JBBmain DoARun -> 信息:   started user thread for Warehouse 33
2月 14, 2026 2:19:09 上午 spec.jbb.JBBmain DoARun -> 信息:   started user thread for Warehouse 34
2月 14, 2026 2:19:09 上午 spec.jbb.JBBmain DoARun -> 信息:   started user thread for Warehouse 35
2月 14, 2026 2:19:09 上午 spec.jbb.JBBmain DoARun -> 信息:   started user thread for Warehouse 36
2月 14, 2026 2:19:09 上午 spec.jbb.JBBmain DoARun -> 信息:   started user thread for Warehouse 37
2月 14, 2026 2:19:09 上午 spec.jbb.JBBmain DoARun -> 信息:   started user thread for Warehouse 38
2月 14, 2026 2:19:09 上午 spec.jbb.JBBmain DoARun -> 信息:   started user thread for Warehouse 39
2月 14, 2026 2:19:09 上午 spec.jbb.JBBmain DoARun -> 信息:   started user thread for Warehouse 40
2月 14, 2026 2:19:09 上午 spec.jbb.JBBmain DoARun -> 信息:   started user thread for Warehouse 41
2月 14, 2026 2:19:09 上午 spec.jbb.JBBmain DoARun -> 信息:   started user thread for Warehouse 42
2月 14, 2026 2:19:09 上午 spec.jbb.JBBmain DoARun -> 信息:   started user thread for Warehouse 43
2月 14, 2026 2:19:09 上午 spec.jbb.JBBmain DoARun -> 信息:   started user thread for Warehouse 44
2月 14, 2026 2:19:09 上午 spec.jbb.JBBmain DoARun -> 信息:   started user thread for Warehouse 45
2月 14, 2026 2:19:09 上午 spec.jbb.JBBmain DoARun -> 信息:   started user thread for Warehouse 46
2月 14, 2026 2:19:09 上午 spec.jbb.JBBmain DoARun -> 信息:   started user thread for Warehouse 47
2月 14, 2026 2:19:09 上午 spec.jbb.JBBmain DoARun -> 信息:   started user thread for Warehouse 48
2月 14, 2026 2:19:09 上午 spec.jbb.JBBmain DoARun -> 信息:   started user thread for Warehouse 49
2月 14, 2026 2:19:09 上午 spec.jbb.JBBmain DoARun -> 信息:   started user thread for Warehouse 50
2月 14, 2026 2:19:09 上午 spec.jbb.JBBmain DoARun -> 信息:   started user thread for Warehouse 51
2月 14, 2026 2:19:09 上午 spec.jbb.JBBmain DoARun -> 信息:   started user thread for Warehouse 52
2月 14, 2026 2:19:09 上午 spec.jbb.JBBmain DoARun -> 信息:   started user thread for Warehouse 53
2月 14, 2026 2:19:09 上午 spec.jbb.JBBmain DoARun -> 信息:   started user thread for Warehouse 54
2月 14, 2026 2:19:09 上午 spec.jbb.JBBmain DoARun -> 信息:   started user thread for Warehouse 55
2月 14, 2026 2:19:09 上午 spec.jbb.JBBmain DoARun -> 信息:   started user thread for Warehouse 56
2月 14, 2026 2:19:09 上午 spec.jbb.JBBmain DoARun -> 信息:   started user thread for Warehouse 57
2月 14, 2026 2:19:09 上午 spec.jbb.JBBmain DoARun -> 信息:   started user thread for Warehouse 58
2月 14, 2026 2:19:09 上午 spec.jbb.JBBmain DoARun -> 信息:   started user thread for Warehouse 59
2月 14, 2026 2:19:09 上午 spec.jbb.JBBmain DoARun -> 信息:   started user thread for Warehouse 60
2月 14, 2026 2:19:09 上午 spec.jbb.JBBmain DoARun -> 信息:   started user thread for Warehouse 61
2月 14, 2026 2:19:09 上午 spec.jbb.JBBmain DoARun -> 信息:   started user thread for Warehouse 62
2月 14, 2026 2:19:09 上午 spec.jbb.JBBmain DoARun -> 信息:   started user thread for Warehouse 63
2月 14, 2026 2:19:09 上午 spec.jbb.JBBmain DoARun -> 信息:   started user thread for Warehouse 64
2月 14, 2026 2:19:09 上午 spec.jbb.JBBmain DoARun -> 信息:   started user thread for Warehouse 65
2月 14, 2026 2:19:09 上午 spec.jbb.JBBmain DoARun -> 信息:   started user thread for Warehouse 66
2月 14, 2026 2:19:09 上午 spec.jbb.JBBmain DoARun -> 信息:   started user thread for Warehouse 67
2月 14, 2026 2:19:09 上午 spec.jbb.JBBmain DoARun -> 信息:   started user thread for Warehouse 68
2月 14, 2026 2:19:09 上午 spec.jbb.JBBmain DoARun -> 信息:   started user thread for Warehouse 69
2月 14, 2026 2:19:09 上午 spec.jbb.JBBmain DoARun -> 信息:   started user thread for Warehouse 70
2月 14, 2026 2:19:09 上午 spec.jbb.JBBmain DoARun -> 信息:   started user thread for Warehouse 71
2月 14, 2026 2:19:09 上午 spec.jbb.JBBmain DoARun -> 信息:   started user thread for Warehouse 72
2月 14, 2026 2:19:09 上午 spec.jbb.JBBmain DoARun -> 信息:   started user thread for Warehouse 73
2月 14, 2026 2:19:09 上午 spec.jbb.JBBmain DoARun -> 信息:   started user thread for Warehouse 74
2月 14, 2026 2:19:09 上午 spec.jbb.JBBmain DoARun -> 信息:   started user thread for Warehouse 75
2月 14, 2026 2:19:09 上午 spec.jbb.JBBmain DoARun -> 信息:   started user thread for Warehouse 76
2月 14, 2026 2:19:09 上午 spec.jbb.JBBmain DoARun -> 信息:   started user thread for Warehouse 77
2月 14, 2026 2:19:09 上午 spec.jbb.JBBmain DoARun -> 信息:   started user thread for Warehouse 78
2月 14, 2026 2:19:09 上午 spec.jbb.JBBmain DoARun -> 信息:   started user thread for Warehouse 79
2月 14, 2026 2:19:09 上午 spec.jbb.JBBmain DoARun -> 信息:   started user thread for Warehouse 80
2月 14, 2026 2:19:09 上午 spec.jbb.Company displayResultTotals -> 信息: Timing Measurement began Sat Feb 14 02:19:09 CST 2026 for 4 minutes
2月 14, 2026 2:23:09 上午 spec.jbb.Company displayResultTotals -> 信息: Timing Measurement ended Sat Feb 14 02:23:09 CST 2026
2月 14, 2026 2:23:09 上午 spec.jbb.Company primeWithDummyData -> 信息: Loading Warehouse 81...
2月 14, 2026 2:23:09 上午 spec.jbb.JBBmain DoARun -> 信息: Start User Threads
2月 14, 2026 2:23:09 上午 spec.jbb.JBBmain DoARun -> 信息:   started user thread for Warehouse 1
2月 14, 2026 2:23:09 上午 spec.jbb.JBBmain DoARun -> 信息:   started user thread for Warehouse 2
2月 14, 2026 2:23:09 上午 spec.jbb.JBBmain DoARun -> 信息:   started user thread for Warehouse 3
2月 14, 2026 2:23:09 上午 spec.jbb.JBBmain DoARun -> 信息:   started user thread for Warehouse 4
2月 14, 2026 2:23:09 上午 spec.jbb.JBBmain DoARun -> 信息:   started user thread for Warehouse 5
2月 14, 2026 2:23:09 上午 spec.jbb.JBBmain DoARun -> 信息:   started user thread for Warehouse 6
2月 14, 2026 2:23:09 上午 spec.jbb.JBBmain DoARun -> 信息:   started user thread for Warehouse 7
2月 14, 2026 2:23:09 上午 spec.jbb.JBBmain DoARun -> 信息:   started user thread for Warehouse 8
2月 14, 2026 2:23:09 上午 spec.jbb.JBBmain DoARun -> 信息:   started user thread for Warehouse 9
2月 14, 2026 2:23:09 上午 spec.jbb.JBBmain DoARun -> 信息:   started user thread for Warehouse 10
2月 14, 2026 2:23:09 上午 spec.jbb.JBBmain DoARun -> 信息:   started user thread for Warehouse 11
2月 14, 2026 2:23:09 上午 spec.jbb.JBBmain DoARun -> 信息:   started user thread for Warehouse 12
2月 14, 2026 2:23:09 上午 spec.jbb.JBBmain DoARun -> 信息:   started user thread for Warehouse 13
2月 14, 2026 2:23:09 上午 spec.jbb.JBBmain DoARun -> 信息:   started user thread for Warehouse 14
2月 14, 2026 2:23:09 上午 spec.jbb.JBBmain DoARun -> 信息:   started user thread for Warehouse 15
2月 14, 2026 2:23:09 上午 spec.jbb.JBBmain DoARun -> 信息:   started user thread for Warehouse 16
2月 14, 2026 2:23:09 上午 spec.jbb.JBBmain DoARun -> 信息:   started user thread for Warehouse 17
2月 14, 2026 2:23:09 上午 spec.jbb.JBBmain DoARun -> 信息:   started user thread for Warehouse 18
2月 14, 2026 2:23:09 上午 spec.jbb.JBBmain DoARun -> 信息:   started user thread for Warehouse 19
2月 14, 2026 2:23:09 上午 spec.jbb.JBBmain DoARun -> 信息:   started user thread for Warehouse 20
2月 14, 2026 2:23:09 上午 spec.jbb.JBBmain DoARun -> 信息:   started user thread for Warehouse 21
2月 14, 2026 2:23:09 上午 spec.jbb.JBBmain DoARun -> 信息:   started user thread for Warehouse 22
2月 14, 2026 2:23:09 上午 spec.jbb.JBBmain DoARun -> 信息:   started user thread for Warehouse 23
2月 14, 2026 2:23:09 上午 spec.jbb.JBBmain DoARun -> 信息:   started user thread for Warehouse 24
2月 14, 2026 2:23:09 上午 spec.jbb.JBBmain DoARun -> 信息:   started user thread for Warehouse 25
2月 14, 2026 2:23:09 上午 spec.jbb.JBBmain DoARun -> 信息:   started user thread for Warehouse 26
2月 14, 2026 2:23:09 上午 spec.jbb.JBBmain DoARun -> 信息:   started user thread for Warehouse 27
2月 14, 2026 2:23:09 上午 spec.jbb.JBBmain DoARun -> 信息:   started user thread for Warehouse 28
2月 14, 2026 2:23:09 上午 spec.jbb.JBBmain DoARun -> 信息:   started user thread for Warehouse 29
2月 14, 2026 2:23:09 上午 spec.jbb.JBBmain DoARun -> 信息:   started user thread for Warehouse 30
2月 14, 2026 2:23:09 上午 spec.jbb.JBBmain DoARun -> 信息:   started user thread for Warehouse 31
2月 14, 2026 2:23:09 上午 spec.jbb.JBBmain DoARun -> 信息:   started user thread for Warehouse 32
2月 14, 2026 2:23:09 上午 spec.jbb.JBBmain DoARun -> 信息:   started user thread for Warehouse 33
2月 14, 2026 2:23:09 上午 spec.jbb.JBBmain DoARun -> 信息:   started user thread for Warehouse 34
2月 14, 2026 2:23:09 上午 spec.jbb.JBBmain DoARun -> 信息:   started user thread for Warehouse 35
2月 14, 2026 2:23:09 上午 spec.jbb.JBBmain DoARun -> 信息:   started user thread for Warehouse 36
2月 14, 2026 2:23:09 上午 spec.jbb.JBBmain DoARun -> 信息:   started user thread for Warehouse 37
2月 14, 2026 2:23:09 上午 spec.jbb.JBBmain DoARun -> 信息:   started user thread for Warehouse 38
2月 14, 2026 2:23:09 上午 spec.jbb.JBBmain DoARun -> 信息:   started user thread for Warehouse 39
2月 14, 2026 2:23:09 上午 spec.jbb.JBBmain DoARun -> 信息:   started user thread for Warehouse 40
2月 14, 2026 2:23:09 上午 spec.jbb.JBBmain DoARun -> 信息:   started user thread for Warehouse 41
2月 14, 2026 2:23:09 上午 spec.jbb.JBBmain DoARun -> 信息:   started user thread for Warehouse 42
2月 14, 2026 2:23:09 上午 spec.jbb.JBBmain DoARun -> 信息:   started user thread for Warehouse 43
2月 14, 2026 2:23:09 上午 spec.jbb.JBBmain DoARun -> 信息:   started user thread for Warehouse 44
2月 14, 2026 2:23:09 上午 spec.jbb.JBBmain DoARun -> 信息:   started user thread for Warehouse 45
2月 14, 2026 2:23:09 上午 spec.jbb.JBBmain DoARun -> 信息:   started user thread for Warehouse 46
2月 14, 2026 2:23:09 上午 spec.jbb.JBBmain DoARun -> 信息:   started user thread for Warehouse 47
2月 14, 2026 2:23:09 上午 spec.jbb.JBBmain DoARun -> 信息:   started user thread for Warehouse 48
2月 14, 2026 2:23:09 上午 spec.jbb.JBBmain DoARun -> 信息:   started user thread for Warehouse 49
2月 14, 2026 2:23:09 上午 spec.jbb.JBBmain DoARun -> 信息:   started user thread for Warehouse 50
2月 14, 2026 2:23:09 上午 spec.jbb.JBBmain DoARun -> 信息:   started user thread for Warehouse 51
2月 14, 2026 2:23:09 上午 spec.jbb.JBBmain DoARun -> 信息:   started user thread for Warehouse 52
2月 14, 2026 2:23:09 上午 spec.jbb.JBBmain DoARun -> 信息:   started user thread for Warehouse 53
2月 14, 2026 2:23:09 上午 spec.jbb.JBBmain DoARun -> 信息:   started user thread for Warehouse 54
2月 14, 2026 2:23:09 上午 spec.jbb.JBBmain DoARun -> 信息:   started user thread for Warehouse 55
2月 14, 2026 2:23:09 上午 spec.jbb.JBBmain DoARun -> 信息:   started user thread for Warehouse 56
2月 14, 2026 2:23:09 上午 spec.jbb.JBBmain DoARun -> 信息:   started user thread for Warehouse 57
2月 14, 2026 2:23:09 上午 spec.jbb.JBBmain DoARun -> 信息:   started user thread for Warehouse 58
2月 14, 2026 2:23:09 上午 spec.jbb.JBBmain DoARun -> 信息:   started user thread for Warehouse 59
2月 14, 2026 2:23:09 上午 spec.jbb.JBBmain DoARun -> 信息:   started user thread for Warehouse 60
2月 14, 2026 2:23:09 上午 spec.jbb.JBBmain DoARun -> 信息:   started user thread for Warehouse 61
2月 14, 2026 2:23:09 上午 spec.jbb.JBBmain DoARun -> 信息:   started user thread for Warehouse 62
2月 14, 2026 2:23:09 上午 spec.jbb.JBBmain DoARun -> 信息:   started user thread for Warehouse 63
2月 14, 2026 2:23:09 上午 spec.jbb.JBBmain DoARun -> 信息:   started user thread for Warehouse 64
2月 14, 2026 2:23:09 上午 spec.jbb.JBBmain DoARun -> 信息:   started user thread for Warehouse 65
2月 14, 2026 2:23:09 上午 spec.jbb.JBBmain DoARun -> 信息:   started user thread for Warehouse 66
2月 14, 2026 2:23:09 上午 spec.jbb.JBBmain DoARun -> 信息:   started user thread for Warehouse 67
2月 14, 2026 2:23:09 上午 spec.jbb.JBBmain DoARun -> 信息:   started user thread for Warehouse 68
2月 14, 2026 2:23:09 上午 spec.jbb.JBBmain DoARun -> 信息:   started user thread for Warehouse 69
2月 14, 2026 2:23:09 上午 spec.jbb.JBBmain DoARun -> 信息:   started user thread for Warehouse 70
2月 14, 2026 2:23:09 上午 spec.jbb.JBBmain DoARun -> 信息:   started user thread for Warehouse 71
2月 14, 2026 2:23:09 上午 spec.jbb.JBBmain DoARun -> 信息:   started user thread for Warehouse 72
2月 14, 2026 2:23:09 上午 spec.jbb.JBBmain DoARun -> 信息:   started user thread for Warehouse 73
2月 14, 2026 2:23:09 上午 spec.jbb.JBBmain DoARun -> 信息:   started user thread for Warehouse 74
2月 14, 2026 2:23:09 上午 spec.jbb.JBBmain DoARun -> 信息:   started user thread for Warehouse 75
2月 14, 2026 2:23:09 上午 spec.jbb.JBBmain DoARun -> 信息:   started user thread for Warehouse 76
2月 14, 2026 2:23:09 上午 spec.jbb.JBBmain DoARun -> 信息:   started user thread for Warehouse 77
2月 14, 2026 2:23:09 上午 spec.jbb.JBBmain DoARun -> 信息:   started user thread for Warehouse 78
2月 14, 2026 2:23:09 上午 spec.jbb.JBBmain DoARun -> 信息:   started user thread for Warehouse 79
2月 14, 2026 2:23:09 上午 spec.jbb.JBBmain DoARun -> 信息:   started user thread for Warehouse 80
2月 14, 2026 2:23:09 上午 spec.jbb.JBBmain DoARun -> 信息:   started user thread for Warehouse 81
2月 14, 2026 2:23:09 上午 spec.jbb.Company displayResultTotals -> 信息: Timing Measurement began Sat Feb 14 02:23:09 CST 2026 for 4 minutes
2月 14, 2026 2:27:09 上午 spec.jbb.Company displayResultTotals -> 信息: Timing Measurement ended Sat Feb 14 02:27:09 CST 2026
2月 14, 2026 2:27:10 上午 spec.jbb.Company primeWithDummyData -> 信息: Loading Warehouse 82...
2月 14, 2026 2:27:10 上午 spec.jbb.JBBmain DoARun -> 信息: Start User Threads
2月 14, 2026 2:27:10 上午 spec.jbb.JBBmain DoARun -> 信息:   started user thread for Warehouse 1
2月 14, 2026 2:27:10 上午 spec.jbb.JBBmain DoARun -> 信息:   started user thread for Warehouse 2
2月 14, 2026 2:27:10 上午 spec.jbb.JBBmain DoARun -> 信息:   started user thread for Warehouse 3
2月 14, 2026 2:27:10 上午 spec.jbb.JBBmain DoARun -> 信息:   started user thread for Warehouse 4
2月 14, 2026 2:27:10 上午 spec.jbb.JBBmain DoARun -> 信息:   started user thread for Warehouse 5
2月 14, 2026 2:27:10 上午 spec.jbb.JBBmain DoARun -> 信息:   started user thread for Warehouse 6
2月 14, 2026 2:27:10 上午 spec.jbb.JBBmain DoARun -> 信息:   started user thread for Warehouse 7
2月 14, 2026 2:27:10 上午 spec.jbb.JBBmain DoARun -> 信息:   started user thread for Warehouse 8
2月 14, 2026 2:27:10 上午 spec.jbb.JBBmain DoARun -> 信息:   started user thread for Warehouse 9
2月 14, 2026 2:27:10 上午 spec.jbb.JBBmain DoARun -> 信息:   started user thread for Warehouse 10
2月 14, 2026 2:27:10 上午 spec.jbb.JBBmain DoARun -> 信息:   started user thread for Warehouse 11
2月 14, 2026 2:27:10 上午 spec.jbb.JBBmain DoARun -> 信息:   started user thread for Warehouse 12
2月 14, 2026 2:27:10 上午 spec.jbb.JBBmain DoARun -> 信息:   started user thread for Warehouse 13
2月 14, 2026 2:27:10 上午 spec.jbb.JBBmain DoARun -> 信息:   started user thread for Warehouse 14
2月 14, 2026 2:27:10 上午 spec.jbb.JBBmain DoARun -> 信息:   started user thread for Warehouse 15
2月 14, 2026 2:27:10 上午 spec.jbb.JBBmain DoARun -> 信息:   started user thread for Warehouse 16
2月 14, 2026 2:27:10 上午 spec.jbb.JBBmain DoARun -> 信息:   started user thread for Warehouse 17
2月 14, 2026 2:27:10 上午 spec.jbb.JBBmain DoARun -> 信息:   started user thread for Warehouse 18
2月 14, 2026 2:27:10 上午 spec.jbb.JBBmain DoARun -> 信息:   started user thread for Warehouse 19
2月 14, 2026 2:27:10 上午 spec.jbb.JBBmain DoARun -> 信息:   started user thread for Warehouse 20
2月 14, 2026 2:27:10 上午 spec.jbb.JBBmain DoARun -> 信息:   started user thread for Warehouse 21
2月 14, 2026 2:27:10 上午 spec.jbb.JBBmain DoARun -> 信息:   started user thread for Warehouse 22
2月 14, 2026 2:27:10 上午 spec.jbb.JBBmain DoARun -> 信息:   started user thread for Warehouse 23
2月 14, 2026 2:27:10 上午 spec.jbb.JBBmain DoARun -> 信息:   started user thread for Warehouse 24
2月 14, 2026 2:27:10 上午 spec.jbb.JBBmain DoARun -> 信息:   started user thread for Warehouse 25
2月 14, 2026 2:27:10 上午 spec.jbb.JBBmain DoARun -> 信息:   started user thread for Warehouse 26
2月 14, 2026 2:27:10 上午 spec.jbb.JBBmain DoARun -> 信息:   started user thread for Warehouse 27
2月 14, 2026 2:27:10 上午 spec.jbb.JBBmain DoARun -> 信息:   started user thread for Warehouse 28
2月 14, 2026 2:27:10 上午 spec.jbb.JBBmain DoARun -> 信息:   started user thread for Warehouse 29
2月 14, 2026 2:27:10 上午 spec.jbb.JBBmain DoARun -> 信息:   started user thread for Warehouse 30
2月 14, 2026 2:27:10 上午 spec.jbb.JBBmain DoARun -> 信息:   started user thread for Warehouse 31
2月 14, 2026 2:27:10 上午 spec.jbb.JBBmain DoARun -> 信息:   started user thread for Warehouse 32
2月 14, 2026 2:27:10 上午 spec.jbb.JBBmain DoARun -> 信息:   started user thread for Warehouse 33
2月 14, 2026 2:27:10 上午 spec.jbb.JBBmain DoARun -> 信息:   started user thread for Warehouse 34
2月 14, 2026 2:27:10 上午 spec.jbb.JBBmain DoARun -> 信息:   started user thread for Warehouse 35
2月 14, 2026 2:27:10 上午 spec.jbb.JBBmain DoARun -> 信息:   started user thread for Warehouse 36
2月 14, 2026 2:27:10 上午 spec.jbb.JBBmain DoARun -> 信息:   started user thread for Warehouse 37
2月 14, 2026 2:27:10 上午 spec.jbb.JBBmain DoARun -> 信息:   started user thread for Warehouse 38
2月 14, 2026 2:27:10 上午 spec.jbb.JBBmain DoARun -> 信息:   started user thread for Warehouse 39
2月 14, 2026 2:27:10 上午 spec.jbb.JBBmain DoARun -> 信息:   started user thread for Warehouse 40
2月 14, 2026 2:27:10 上午 spec.jbb.JBBmain DoARun -> 信息:   started user thread for Warehouse 41
2月 14, 2026 2:27:10 上午 spec.jbb.JBBmain DoARun -> 信息:   started user thread for Warehouse 42
2月 14, 2026 2:27:10 上午 spec.jbb.JBBmain DoARun -> 信息:   started user thread for Warehouse 43
2月 14, 2026 2:27:10 上午 spec.jbb.JBBmain DoARun -> 信息:   started user thread for Warehouse 44
2月 14, 2026 2:27:10 上午 spec.jbb.JBBmain DoARun -> 信息:   started user thread for Warehouse 45
2月 14, 2026 2:27:10 上午 spec.jbb.JBBmain DoARun -> 信息:   started user thread for Warehouse 46
2月 14, 2026 2:27:10 上午 spec.jbb.JBBmain DoARun -> 信息:   started user thread for Warehouse 47
2月 14, 2026 2:27:10 上午 spec.jbb.JBBmain DoARun -> 信息:   started user thread for Warehouse 48
2月 14, 2026 2:27:10 上午 spec.jbb.JBBmain DoARun -> 信息:   started user thread for Warehouse 49
2月 14, 2026 2:27:10 上午 spec.jbb.JBBmain DoARun -> 信息:   started user thread for Warehouse 50
2月 14, 2026 2:27:10 上午 spec.jbb.JBBmain DoARun -> 信息:   started user thread for Warehouse 51
2月 14, 2026 2:27:10 上午 spec.jbb.JBBmain DoARun -> 信息:   started user thread for Warehouse 52
2月 14, 2026 2:27:10 上午 spec.jbb.JBBmain DoARun -> 信息:   started user thread for Warehouse 53
2月 14, 2026 2:27:10 上午 spec.jbb.JBBmain DoARun -> 信息:   started user thread for Warehouse 54
2月 14, 2026 2:27:10 上午 spec.jbb.JBBmain DoARun -> 信息:   started user thread for Warehouse 55
2月 14, 2026 2:27:10 上午 spec.jbb.JBBmain DoARun -> 信息:   started user thread for Warehouse 56
2月 14, 2026 2:27:10 上午 spec.jbb.JBBmain DoARun -> 信息:   started user thread for Warehouse 57
2月 14, 2026 2:27:10 上午 spec.jbb.JBBmain DoARun -> 信息:   started user thread for Warehouse 58
2月 14, 2026 2:27:10 上午 spec.jbb.JBBmain DoARun -> 信息:   started user thread for Warehouse 59
2月 14, 2026 2:27:10 上午 spec.jbb.JBBmain DoARun -> 信息:   started user thread for Warehouse 60
2月 14, 2026 2:27:10 上午 spec.jbb.JBBmain DoARun -> 信息:   started user thread for Warehouse 61
2月 14, 2026 2:27:10 上午 spec.jbb.JBBmain DoARun -> 信息:   started user thread for Warehouse 62
2月 14, 2026 2:27:10 上午 spec.jbb.JBBmain DoARun -> 信息:   started user thread for Warehouse 63
2月 14, 2026 2:27:10 上午 spec.jbb.JBBmain DoARun -> 信息:   started user thread for Warehouse 64
2月 14, 2026 2:27:10 上午 spec.jbb.JBBmain DoARun -> 信息:   started user thread for Warehouse 65
2月 14, 2026 2:27:10 上午 spec.jbb.JBBmain DoARun -> 信息:   started user thread for Warehouse 66
2月 14, 2026 2:27:10 上午 spec.jbb.JBBmain DoARun -> 信息:   started user thread for Warehouse 67
2月 14, 2026 2:27:10 上午 spec.jbb.JBBmain DoARun -> 信息:   started user thread for Warehouse 68
2月 14, 2026 2:27:10 上午 spec.jbb.JBBmain DoARun -> 信息:   started user thread for Warehouse 69
2月 14, 2026 2:27:10 上午 spec.jbb.JBBmain DoARun -> 信息:   started user thread for Warehouse 70
2月 14, 2026 2:27:10 上午 spec.jbb.JBBmain DoARun -> 信息:   started user thread for Warehouse 71
2月 14, 2026 2:27:10 上午 spec.jbb.JBBmain DoARun -> 信息:   started user thread for Warehouse 72
2月 14, 2026 2:27:10 上午 spec.jbb.JBBmain DoARun -> 信息:   started user thread for Warehouse 73
2月 14, 2026 2:27:10 上午 spec.jbb.JBBmain DoARun -> 信息:   started user thread for Warehouse 74
2月 14, 2026 2:27:10 上午 spec.jbb.JBBmain DoARun -> 信息:   started user thread for Warehouse 75
2月 14, 2026 2:27:10 上午 spec.jbb.JBBmain DoARun -> 信息:   started user thread for Warehouse 76
2月 14, 2026 2:27:10 上午 spec.jbb.JBBmain DoARun -> 信息:   started user thread for Warehouse 77
2月 14, 2026 2:27:10 上午 spec.jbb.JBBmain DoARun -> 信息:   started user thread for Warehouse 78
2月 14, 2026 2:27:10 上午 spec.jbb.JBBmain DoARun -> 信息:   started user thread for Warehouse 79
2月 14, 2026 2:27:10 上午 spec.jbb.JBBmain DoARun -> 信息:   started user thread for Warehouse 80
2月 14, 2026 2:27:10 上午 spec.jbb.JBBmain DoARun -> 信息:   started user thread for Warehouse 81
2月 14, 2026 2:27:10 上午 spec.jbb.JBBmain DoARun -> 信息:   started user thread for Warehouse 82
2月 14, 2026 2:27:10 上午 spec.jbb.Company displayResultTotals -> 信息: Timing Measurement began Sat Feb 14 02:27:10 CST 2026 for 4 minutes
2月 14, 2026 2:31:10 上午 spec.jbb.Company displayResultTotals -> 信息: Timing Measurement ended Sat Feb 14 02:31:10 CST 2026
2月 14, 2026 2:31:10 上午 spec.jbb.Company primeWithDummyData -> 信息: Loading Warehouse 83...
2月 14, 2026 2:31:10 上午 spec.jbb.JBBmain DoARun -> 信息: Start User Threads
2月 14, 2026 2:31:10 上午 spec.jbb.JBBmain DoARun -> 信息:   started user thread for Warehouse 1
2月 14, 2026 2:31:10 上午 spec.jbb.JBBmain DoARun -> 信息:   started user thread for Warehouse 2
2月 14, 2026 2:31:10 上午 spec.jbb.JBBmain DoARun -> 信息:   started user thread for Warehouse 3
2月 14, 2026 2:31:10 上午 spec.jbb.JBBmain DoARun -> 信息:   started user thread for Warehouse 4
2月 14, 2026 2:31:10 上午 spec.jbb.JBBmain DoARun -> 信息:   started user thread for Warehouse 5
2月 14, 2026 2:31:10 上午 spec.jbb.JBBmain DoARun -> 信息:   started user thread for Warehouse 6
2月 14, 2026 2:31:10 上午 spec.jbb.JBBmain DoARun -> 信息:   started user thread for Warehouse 7
2月 14, 2026 2:31:10 上午 spec.jbb.JBBmain DoARun -> 信息:   started user thread for Warehouse 8
2月 14, 2026 2:31:10 上午 spec.jbb.JBBmain DoARun -> 信息:   started user thread for Warehouse 9
2月 14, 2026 2:31:10 上午 spec.jbb.JBBmain DoARun -> 信息:   started user thread for Warehouse 10
2月 14, 2026 2:31:10 上午 spec.jbb.JBBmain DoARun -> 信息:   started user thread for Warehouse 11
2月 14, 2026 2:31:10 上午 spec.jbb.JBBmain DoARun -> 信息:   started user thread for Warehouse 12
2月 14, 2026 2:31:10 上午 spec.jbb.JBBmain DoARun -> 信息:   started user thread for Warehouse 13
2月 14, 2026 2:31:10 上午 spec.jbb.JBBmain DoARun -> 信息:   started user thread for Warehouse 14
2月 14, 2026 2:31:10 上午 spec.jbb.JBBmain DoARun -> 信息:   started user thread for Warehouse 15
2月 14, 2026 2:31:10 上午 spec.jbb.JBBmain DoARun -> 信息:   started user thread for Warehouse 16
2月 14, 2026 2:31:10 上午 spec.jbb.JBBmain DoARun -> 信息:   started user thread for Warehouse 17
2月 14, 2026 2:31:10 上午 spec.jbb.JBBmain DoARun -> 信息:   started user thread for Warehouse 18
2月 14, 2026 2:31:10 上午 spec.jbb.JBBmain DoARun -> 信息:   started user thread for Warehouse 19
2月 14, 2026 2:31:10 上午 spec.jbb.JBBmain DoARun -> 信息:   started user thread for Warehouse 20
2月 14, 2026 2:31:10 上午 spec.jbb.JBBmain DoARun -> 信息:   started user thread for Warehouse 21
2月 14, 2026 2:31:10 上午 spec.jbb.JBBmain DoARun -> 信息:   started user thread for Warehouse 22
2月 14, 2026 2:31:10 上午 spec.jbb.JBBmain DoARun -> 信息:   started user thread for Warehouse 23
2月 14, 2026 2:31:10 上午 spec.jbb.JBBmain DoARun -> 信息:   started user thread for Warehouse 24
2月 14, 2026 2:31:10 上午 spec.jbb.JBBmain DoARun -> 信息:   started user thread for Warehouse 25
2月 14, 2026 2:31:10 上午 spec.jbb.JBBmain DoARun -> 信息:   started user thread for Warehouse 26
2月 14, 2026 2:31:10 上午 spec.jbb.JBBmain DoARun -> 信息:   started user thread for Warehouse 27
2月 14, 2026 2:31:10 上午 spec.jbb.JBBmain DoARun -> 信息:   started user thread for Warehouse 28
2月 14, 2026 2:31:10 上午 spec.jbb.JBBmain DoARun -> 信息:   started user thread for Warehouse 29
2月 14, 2026 2:31:10 上午 spec.jbb.JBBmain DoARun -> 信息:   started user thread for Warehouse 30
2月 14, 2026 2:31:10 上午 spec.jbb.JBBmain DoARun -> 信息:   started user thread for Warehouse 31
2月 14, 2026 2:31:10 上午 spec.jbb.JBBmain DoARun -> 信息:   started user thread for Warehouse 32
2月 14, 2026 2:31:10 上午 spec.jbb.JBBmain DoARun -> 信息:   started user thread for Warehouse 33
2月 14, 2026 2:31:10 上午 spec.jbb.JBBmain DoARun -> 信息:   started user thread for Warehouse 34
2月 14, 2026 2:31:10 上午 spec.jbb.JBBmain DoARun -> 信息:   started user thread for Warehouse 35
2月 14, 2026 2:31:10 上午 spec.jbb.JBBmain DoARun -> 信息:   started user thread for Warehouse 36
2月 14, 2026 2:31:10 上午 spec.jbb.JBBmain DoARun -> 信息:   started user thread for Warehouse 37
2月 14, 2026 2:31:10 上午 spec.jbb.JBBmain DoARun -> 信息:   started user thread for Warehouse 38
2月 14, 2026 2:31:10 上午 spec.jbb.JBBmain DoARun -> 信息:   started user thread for Warehouse 39
2月 14, 2026 2:31:10 上午 spec.jbb.JBBmain DoARun -> 信息:   started user thread for Warehouse 40
2月 14, 2026 2:31:10 上午 spec.jbb.JBBmain DoARun -> 信息:   started user thread for Warehouse 41
2月 14, 2026 2:31:10 上午 spec.jbb.JBBmain DoARun -> 信息:   started user thread for Warehouse 42
2月 14, 2026 2:31:10 上午 spec.jbb.JBBmain DoARun -> 信息:   started user thread for Warehouse 43
2月 14, 2026 2:31:10 上午 spec.jbb.JBBmain DoARun -> 信息:   started user thread for Warehouse 44
2月 14, 2026 2:31:10 上午 spec.jbb.JBBmain DoARun -> 信息:   started user thread for Warehouse 45
2月 14, 2026 2:31:10 上午 spec.jbb.JBBmain DoARun -> 信息:   started user thread for Warehouse 46
2月 14, 2026 2:31:10 上午 spec.jbb.JBBmain DoARun -> 信息:   started user thread for Warehouse 47
2月 14, 2026 2:31:10 上午 spec.jbb.JBBmain DoARun -> 信息:   started user thread for Warehouse 48
2月 14, 2026 2:31:10 上午 spec.jbb.JBBmain DoARun -> 信息:   started user thread for Warehouse 49
2月 14, 2026 2:31:10 上午 spec.jbb.JBBmain DoARun -> 信息:   started user thread for Warehouse 50
2月 14, 2026 2:31:10 上午 spec.jbb.JBBmain DoARun -> 信息:   started user thread for Warehouse 51
2月 14, 2026 2:31:10 上午 spec.jbb.JBBmain DoARun -> 信息:   started user thread for Warehouse 52
2月 14, 2026 2:31:10 上午 spec.jbb.JBBmain DoARun -> 信息:   started user thread for Warehouse 53
2月 14, 2026 2:31:10 上午 spec.jbb.JBBmain DoARun -> 信息:   started user thread for Warehouse 54
2月 14, 2026 2:31:10 上午 spec.jbb.JBBmain DoARun -> 信息:   started user thread for Warehouse 55
2月 14, 2026 2:31:10 上午 spec.jbb.JBBmain DoARun -> 信息:   started user thread for Warehouse 56
2月 14, 2026 2:31:10 上午 spec.jbb.JBBmain DoARun -> 信息:   started user thread for Warehouse 57
2月 14, 2026 2:31:10 上午 spec.jbb.JBBmain DoARun -> 信息:   started user thread for Warehouse 58
2月 14, 2026 2:31:10 上午 spec.jbb.JBBmain DoARun -> 信息:   started user thread for Warehouse 59
2月 14, 2026 2:31:10 上午 spec.jbb.JBBmain DoARun -> 信息:   started user thread for Warehouse 60
2月 14, 2026 2:31:10 上午 spec.jbb.JBBmain DoARun -> 信息:   started user thread for Warehouse 61
2月 14, 2026 2:31:10 上午 spec.jbb.JBBmain DoARun -> 信息:   started user thread for Warehouse 62
2月 14, 2026 2:31:10 上午 spec.jbb.JBBmain DoARun -> 信息:   started user thread for Warehouse 63
2月 14, 2026 2:31:10 上午 spec.jbb.JBBmain DoARun -> 信息:   started user thread for Warehouse 64
2月 14, 2026 2:31:10 上午 spec.jbb.JBBmain DoARun -> 信息:   started user thread for Warehouse 65
2月 14, 2026 2:31:10 上午 spec.jbb.JBBmain DoARun -> 信息:   started user thread for Warehouse 66
2月 14, 2026 2:31:10 上午 spec.jbb.JBBmain DoARun -> 信息:   started user thread for Warehouse 67
2月 14, 2026 2:31:10 上午 spec.jbb.JBBmain DoARun -> 信息:   started user thread for Warehouse 68
2月 14, 2026 2:31:10 上午 spec.jbb.JBBmain DoARun -> 信息:   started user thread for Warehouse 69
2月 14, 2026 2:31:10 上午 spec.jbb.JBBmain DoARun -> 信息:   started user thread for Warehouse 70
2月 14, 2026 2:31:10 上午 spec.jbb.JBBmain DoARun -> 信息:   started user thread for Warehouse 71
2月 14, 2026 2:31:10 上午 spec.jbb.JBBmain DoARun -> 信息:   started user thread for Warehouse 72
2月 14, 2026 2:31:10 上午 spec.jbb.JBBmain DoARun -> 信息:   started user thread for Warehouse 73
2月 14, 2026 2:31:10 上午 spec.jbb.JBBmain DoARun -> 信息:   started user thread for Warehouse 74
2月 14, 2026 2:31:10 上午 spec.jbb.JBBmain DoARun -> 信息:   started user thread for Warehouse 75
2月 14, 2026 2:31:10 上午 spec.jbb.JBBmain DoARun -> 信息:   started user thread for Warehouse 76
2月 14, 2026 2:31:10 上午 spec.jbb.JBBmain DoARun -> 信息:   started user thread for Warehouse 77
2月 14, 2026 2:31:10 上午 spec.jbb.JBBmain DoARun -> 信息:   started user thread for Warehouse 78
2月 14, 2026 2:31:10 上午 spec.jbb.JBBmain DoARun -> 信息:   started user thread for Warehouse 79
2月 14, 2026 2:31:10 上午 spec.jbb.JBBmain DoARun -> 信息:   started user thread for Warehouse 80
2月 14, 2026 2:31:10 上午 spec.jbb.JBBmain DoARun -> 信息:   started user thread for Warehouse 81
2月 14, 2026 2:31:10 上午 spec.jbb.JBBmain DoARun -> 信息:   started user thread for Warehouse 82
2月 14, 2026 2:31:10 上午 spec.jbb.JBBmain DoARun -> 信息:   started user thread for Warehouse 83
2月 14, 2026 2:31:10 上午 spec.jbb.Company displayResultTotals -> 信息: Timing Measurement began Sat Feb 14 02:31:10 CST 2026 for 4 minutes
2月 14, 2026 2:35:10 上午 spec.jbb.Company displayResultTotals -> 信息: Timing Measurement ended Sat Feb 14 02:35:10 CST 2026
2月 14, 2026 2:35:10 上午 spec.jbb.Company primeWithDummyData -> 信息: Loading Warehouse 84...
2月 14, 2026 2:35:10 上午 spec.jbb.JBBmain DoARun -> 信息: Start User Threads
2月 14, 2026 2:35:10 上午 spec.jbb.JBBmain DoARun -> 信息:   started user thread for Warehouse 1
2月 14, 2026 2:35:10 上午 spec.jbb.JBBmain DoARun -> 信息:   started user thread for Warehouse 2
2月 14, 2026 2:35:10 上午 spec.jbb.JBBmain DoARun -> 信息:   started user thread for Warehouse 3
2月 14, 2026 2:35:10 上午 spec.jbb.JBBmain DoARun -> 信息:   started user thread for Warehouse 4
2月 14, 2026 2:35:10 上午 spec.jbb.JBBmain DoARun -> 信息:   started user thread for Warehouse 5
2月 14, 2026 2:35:10 上午 spec.jbb.JBBmain DoARun -> 信息:   started user thread for Warehouse 6
2月 14, 2026 2:35:10 上午 spec.jbb.JBBmain DoARun -> 信息:   started user thread for Warehouse 7
2月 14, 2026 2:35:10 上午 spec.jbb.JBBmain DoARun -> 信息:   started user thread for Warehouse 8
2月 14, 2026 2:35:10 上午 spec.jbb.JBBmain DoARun -> 信息:   started user thread for Warehouse 9
2月 14, 2026 2:35:10 上午 spec.jbb.JBBmain DoARun -> 信息:   started user thread for Warehouse 10
2月 14, 2026 2:35:10 上午 spec.jbb.JBBmain DoARun -> 信息:   started user thread for Warehouse 11
2月 14, 2026 2:35:10 上午 spec.jbb.JBBmain DoARun -> 信息:   started user thread for Warehouse 12
2月 14, 2026 2:35:10 上午 spec.jbb.JBBmain DoARun -> 信息:   started user thread for Warehouse 13
2月 14, 2026 2:35:10 上午 spec.jbb.JBBmain DoARun -> 信息:   started user thread for Warehouse 14
2月 14, 2026 2:35:10 上午 spec.jbb.JBBmain DoARun -> 信息:   started user thread for Warehouse 15
2月 14, 2026 2:35:10 上午 spec.jbb.JBBmain DoARun -> 信息:   started user thread for Warehouse 16
2月 14, 2026 2:35:10 上午 spec.jbb.JBBmain DoARun -> 信息:   started user thread for Warehouse 17
2月 14, 2026 2:35:10 上午 spec.jbb.JBBmain DoARun -> 信息:   started user thread for Warehouse 18
2月 14, 2026 2:35:10 上午 spec.jbb.JBBmain DoARun -> 信息:   started user thread for Warehouse 19
2月 14, 2026 2:35:10 上午 spec.jbb.JBBmain DoARun -> 信息:   started user thread for Warehouse 20
2月 14, 2026 2:35:10 上午 spec.jbb.JBBmain DoARun -> 信息:   started user thread for Warehouse 21
2月 14, 2026 2:35:10 上午 spec.jbb.JBBmain DoARun -> 信息:   started user thread for Warehouse 22
2月 14, 2026 2:35:10 上午 spec.jbb.JBBmain DoARun -> 信息:   started user thread for Warehouse 23
2月 14, 2026 2:35:10 上午 spec.jbb.JBBmain DoARun -> 信息:   started user thread for Warehouse 24
2月 14, 2026 2:35:10 上午 spec.jbb.JBBmain DoARun -> 信息:   started user thread for Warehouse 25
2月 14, 2026 2:35:10 上午 spec.jbb.JBBmain DoARun -> 信息:   started user thread for Warehouse 26
2月 14, 2026 2:35:10 上午 spec.jbb.JBBmain DoARun -> 信息:   started user thread for Warehouse 27
2月 14, 2026 2:35:10 上午 spec.jbb.JBBmain DoARun -> 信息:   started user thread for Warehouse 28
2月 14, 2026 2:35:10 上午 spec.jbb.JBBmain DoARun -> 信息:   started user thread for Warehouse 29
2月 14, 2026 2:35:10 上午 spec.jbb.JBBmain DoARun -> 信息:   started user thread for Warehouse 30
2月 14, 2026 2:35:10 上午 spec.jbb.JBBmain DoARun -> 信息:   started user thread for Warehouse 31
2月 14, 2026 2:35:10 上午 spec.jbb.JBBmain DoARun -> 信息:   started user thread for Warehouse 32
2月 14, 2026 2:35:10 上午 spec.jbb.JBBmain DoARun -> 信息:   started user thread for Warehouse 33
2月 14, 2026 2:35:10 上午 spec.jbb.JBBmain DoARun -> 信息:   started user thread for Warehouse 34
2月 14, 2026 2:35:10 上午 spec.jbb.JBBmain DoARun -> 信息:   started user thread for Warehouse 35
2月 14, 2026 2:35:10 上午 spec.jbb.JBBmain DoARun -> 信息:   started user thread for Warehouse 36
2月 14, 2026 2:35:10 上午 spec.jbb.JBBmain DoARun -> 信息:   started user thread for Warehouse 37
2月 14, 2026 2:35:10 上午 spec.jbb.JBBmain DoARun -> 信息:   started user thread for Warehouse 38
2月 14, 2026 2:35:10 上午 spec.jbb.JBBmain DoARun -> 信息:   started user thread for Warehouse 39
2月 14, 2026 2:35:10 上午 spec.jbb.JBBmain DoARun -> 信息:   started user thread for Warehouse 40
2月 14, 2026 2:35:10 上午 spec.jbb.JBBmain DoARun -> 信息:   started user thread for Warehouse 41
2月 14, 2026 2:35:10 上午 spec.jbb.JBBmain DoARun -> 信息:   started user thread for Warehouse 42
2月 14, 2026 2:35:10 上午 spec.jbb.JBBmain DoARun -> 信息:   started user thread for Warehouse 43
2月 14, 2026 2:35:10 上午 spec.jbb.JBBmain DoARun -> 信息:   started user thread for Warehouse 44
2月 14, 2026 2:35:10 上午 spec.jbb.JBBmain DoARun -> 信息:   started user thread for Warehouse 45
2月 14, 2026 2:35:10 上午 spec.jbb.JBBmain DoARun -> 信息:   started user thread for Warehouse 46
2月 14, 2026 2:35:10 上午 spec.jbb.JBBmain DoARun -> 信息:   started user thread for Warehouse 47
2月 14, 2026 2:35:10 上午 spec.jbb.JBBmain DoARun -> 信息:   started user thread for Warehouse 48
2月 14, 2026 2:35:10 上午 spec.jbb.JBBmain DoARun -> 信息:   started user thread for Warehouse 49
2月 14, 2026 2:35:10 上午 spec.jbb.JBBmain DoARun -> 信息:   started user thread for Warehouse 50
2月 14, 2026 2:35:10 上午 spec.jbb.JBBmain DoARun -> 信息:   started user thread for Warehouse 51
2月 14, 2026 2:35:10 上午 spec.jbb.JBBmain DoARun -> 信息:   started user thread for Warehouse 52
2月 14, 2026 2:35:10 上午 spec.jbb.JBBmain DoARun -> 信息:   started user thread for Warehouse 53
2月 14, 2026 2:35:10 上午 spec.jbb.JBBmain DoARun -> 信息:   started user thread for Warehouse 54
2月 14, 2026 2:35:10 上午 spec.jbb.JBBmain DoARun -> 信息:   started user thread for Warehouse 55
2月 14, 2026 2:35:10 上午 spec.jbb.JBBmain DoARun -> 信息:   started user thread for Warehouse 56
2月 14, 2026 2:35:10 上午 spec.jbb.JBBmain DoARun -> 信息:   started user thread for Warehouse 57
2月 14, 2026 2:35:10 上午 spec.jbb.JBBmain DoARun -> 信息:   started user thread for Warehouse 58
2月 14, 2026 2:35:10 上午 spec.jbb.JBBmain DoARun -> 信息:   started user thread for Warehouse 59
2月 14, 2026 2:35:10 上午 spec.jbb.JBBmain DoARun -> 信息:   started user thread for Warehouse 60
2月 14, 2026 2:35:10 上午 spec.jbb.JBBmain DoARun -> 信息:   started user thread for Warehouse 61
2月 14, 2026 2:35:10 上午 spec.jbb.JBBmain DoARun -> 信息:   started user thread for Warehouse 62
2月 14, 2026 2:35:10 上午 spec.jbb.JBBmain DoARun -> 信息:   started user thread for Warehouse 63
2月 14, 2026 2:35:10 上午 spec.jbb.JBBmain DoARun -> 信息:   started user thread for Warehouse 64
2月 14, 2026 2:35:10 上午 spec.jbb.JBBmain DoARun -> 信息:   started user thread for Warehouse 65
2月 14, 2026 2:35:10 上午 spec.jbb.JBBmain DoARun -> 信息:   started user thread for Warehouse 66
2月 14, 2026 2:35:10 上午 spec.jbb.JBBmain DoARun -> 信息:   started user thread for Warehouse 67
2月 14, 2026 2:35:10 上午 spec.jbb.JBBmain DoARun -> 信息:   started user thread for Warehouse 68
2月 14, 2026 2:35:10 上午 spec.jbb.JBBmain DoARun -> 信息:   started user thread for Warehouse 69
2月 14, 2026 2:35:10 上午 spec.jbb.JBBmain DoARun -> 信息:   started user thread for Warehouse 70
2月 14, 2026 2:35:10 上午 spec.jbb.JBBmain DoARun -> 信息:   started user thread for Warehouse 71
2月 14, 2026 2:35:10 上午 spec.jbb.JBBmain DoARun -> 信息:   started user thread for Warehouse 72
2月 14, 2026 2:35:10 上午 spec.jbb.JBBmain DoARun -> 信息:   started user thread for Warehouse 73
2月 14, 2026 2:35:10 上午 spec.jbb.JBBmain DoARun -> 信息:   started user thread for Warehouse 74
2月 14, 2026 2:35:10 上午 spec.jbb.JBBmain DoARun -> 信息:   started user thread for Warehouse 75
2月 14, 2026 2:35:10 上午 spec.jbb.JBBmain DoARun -> 信息:   started user thread for Warehouse 76
2月 14, 2026 2:35:10 上午 spec.jbb.JBBmain DoARun -> 信息:   started user thread for Warehouse 77
2月 14, 2026 2:35:10 上午 spec.jbb.JBBmain DoARun -> 信息:   started user thread for Warehouse 78
2月 14, 2026 2:35:10 上午 spec.jbb.JBBmain DoARun -> 信息:   started user thread for Warehouse 79
2月 14, 2026 2:35:10 上午 spec.jbb.JBBmain DoARun -> 信息:   started user thread for Warehouse 80
2月 14, 2026 2:35:10 上午 spec.jbb.JBBmain DoARun -> 信息:   started user thread for Warehouse 81
2月 14, 2026 2:35:10 上午 spec.jbb.JBBmain DoARun -> 信息:   started user thread for Warehouse 82
2月 14, 2026 2:35:10 上午 spec.jbb.JBBmain DoARun -> 信息:   started user thread for Warehouse 83
2月 14, 2026 2:35:10 上午 spec.jbb.JBBmain DoARun -> 信息:   started user thread for Warehouse 84
2月 14, 2026 2:35:10 上午 spec.jbb.Company displayResultTotals -> 信息: Timing Measurement began Sat Feb 14 02:35:10 CST 2026 for 4 minutes
2月 14, 2026 2:39:10 上午 spec.jbb.Company displayResultTotals -> 信息: Timing Measurement ended Sat Feb 14 02:39:10 CST 2026
2月 14, 2026 2:39:10 上午 spec.jbb.Company primeWithDummyData -> 信息: Loading Warehouse 85...
2月 14, 2026 2:39:10 上午 spec.jbb.JBBmain DoARun -> 信息: Start User Threads
2月 14, 2026 2:39:10 上午 spec.jbb.JBBmain DoARun -> 信息:   started user thread for Warehouse 1
2月 14, 2026 2:39:10 上午 spec.jbb.JBBmain DoARun -> 信息:   started user thread for Warehouse 2
2月 14, 2026 2:39:10 上午 spec.jbb.JBBmain DoARun -> 信息:   started user thread for Warehouse 3
2月 14, 2026 2:39:10 上午 spec.jbb.JBBmain DoARun -> 信息:   started user thread for Warehouse 4
2月 14, 2026 2:39:10 上午 spec.jbb.JBBmain DoARun -> 信息:   started user thread for Warehouse 5
2月 14, 2026 2:39:10 上午 spec.jbb.JBBmain DoARun -> 信息:   started user thread for Warehouse 6
2月 14, 2026 2:39:10 上午 spec.jbb.JBBmain DoARun -> 信息:   started user thread for Warehouse 7
2月 14, 2026 2:39:10 上午 spec.jbb.JBBmain DoARun -> 信息:   started user thread for Warehouse 8
2月 14, 2026 2:39:10 上午 spec.jbb.JBBmain DoARun -> 信息:   started user thread for Warehouse 9
2月 14, 2026 2:39:10 上午 spec.jbb.JBBmain DoARun -> 信息:   started user thread for Warehouse 10
2月 14, 2026 2:39:10 上午 spec.jbb.JBBmain DoARun -> 信息:   started user thread for Warehouse 11
2月 14, 2026 2:39:10 上午 spec.jbb.JBBmain DoARun -> 信息:   started user thread for Warehouse 12
2月 14, 2026 2:39:10 上午 spec.jbb.JBBmain DoARun -> 信息:   started user thread for Warehouse 13
2月 14, 2026 2:39:10 上午 spec.jbb.JBBmain DoARun -> 信息:   started user thread for Warehouse 14
2月 14, 2026 2:39:10 上午 spec.jbb.JBBmain DoARun -> 信息:   started user thread for Warehouse 15
2月 14, 2026 2:39:10 上午 spec.jbb.JBBmain DoARun -> 信息:   started user thread for Warehouse 16
2月 14, 2026 2:39:10 上午 spec.jbb.JBBmain DoARun -> 信息:   started user thread for Warehouse 17
2月 14, 2026 2:39:10 上午 spec.jbb.JBBmain DoARun -> 信息:   started user thread for Warehouse 18
2月 14, 2026 2:39:10 上午 spec.jbb.JBBmain DoARun -> 信息:   started user thread for Warehouse 19
2月 14, 2026 2:39:10 上午 spec.jbb.JBBmain DoARun -> 信息:   started user thread for Warehouse 20
2月 14, 2026 2:39:10 上午 spec.jbb.JBBmain DoARun -> 信息:   started user thread for Warehouse 21
2月 14, 2026 2:39:10 上午 spec.jbb.JBBmain DoARun -> 信息:   started user thread for Warehouse 22
2月 14, 2026 2:39:10 上午 spec.jbb.JBBmain DoARun -> 信息:   started user thread for Warehouse 23
2月 14, 2026 2:39:10 上午 spec.jbb.JBBmain DoARun -> 信息:   started user thread for Warehouse 24
2月 14, 2026 2:39:10 上午 spec.jbb.JBBmain DoARun -> 信息:   started user thread for Warehouse 25
2月 14, 2026 2:39:10 上午 spec.jbb.JBBmain DoARun -> 信息:   started user thread for Warehouse 26
2月 14, 2026 2:39:10 上午 spec.jbb.JBBmain DoARun -> 信息:   started user thread for Warehouse 27
2月 14, 2026 2:39:10 上午 spec.jbb.JBBmain DoARun -> 信息:   started user thread for Warehouse 28
2月 14, 2026 2:39:10 上午 spec.jbb.JBBmain DoARun -> 信息:   started user thread for Warehouse 29
2月 14, 2026 2:39:10 上午 spec.jbb.JBBmain DoARun -> 信息:   started user thread for Warehouse 30
2月 14, 2026 2:39:10 上午 spec.jbb.JBBmain DoARun -> 信息:   started user thread for Warehouse 31
2月 14, 2026 2:39:10 上午 spec.jbb.JBBmain DoARun -> 信息:   started user thread for Warehouse 32
2月 14, 2026 2:39:10 上午 spec.jbb.JBBmain DoARun -> 信息:   started user thread for Warehouse 33
2月 14, 2026 2:39:10 上午 spec.jbb.JBBmain DoARun -> 信息:   started user thread for Warehouse 34
2月 14, 2026 2:39:10 上午 spec.jbb.JBBmain DoARun -> 信息:   started user thread for Warehouse 35
2月 14, 2026 2:39:10 上午 spec.jbb.JBBmain DoARun -> 信息:   started user thread for Warehouse 36
2月 14, 2026 2:39:10 上午 spec.jbb.JBBmain DoARun -> 信息:   started user thread for Warehouse 37
2月 14, 2026 2:39:10 上午 spec.jbb.JBBmain DoARun -> 信息:   started user thread for Warehouse 38
2月 14, 2026 2:39:10 上午 spec.jbb.JBBmain DoARun -> 信息:   started user thread for Warehouse 39
2月 14, 2026 2:39:10 上午 spec.jbb.JBBmain DoARun -> 信息:   started user thread for Warehouse 40
2月 14, 2026 2:39:10 上午 spec.jbb.JBBmain DoARun -> 信息:   started user thread for Warehouse 41
2月 14, 2026 2:39:10 上午 spec.jbb.JBBmain DoARun -> 信息:   started user thread for Warehouse 42
2月 14, 2026 2:39:10 上午 spec.jbb.JBBmain DoARun -> 信息:   started user thread for Warehouse 43
2月 14, 2026 2:39:10 上午 spec.jbb.JBBmain DoARun -> 信息:   started user thread for Warehouse 44
2月 14, 2026 2:39:10 上午 spec.jbb.JBBmain DoARun -> 信息:   started user thread for Warehouse 45
2月 14, 2026 2:39:10 上午 spec.jbb.JBBmain DoARun -> 信息:   started user thread for Warehouse 46
2月 14, 2026 2:39:10 上午 spec.jbb.JBBmain DoARun -> 信息:   started user thread for Warehouse 47
2月 14, 2026 2:39:10 上午 spec.jbb.JBBmain DoARun -> 信息:   started user thread for Warehouse 48
2月 14, 2026 2:39:10 上午 spec.jbb.JBBmain DoARun -> 信息:   started user thread for Warehouse 49
2月 14, 2026 2:39:10 上午 spec.jbb.JBBmain DoARun -> 信息:   started user thread for Warehouse 50
2月 14, 2026 2:39:10 上午 spec.jbb.JBBmain DoARun -> 信息:   started user thread for Warehouse 51
2月 14, 2026 2:39:10 上午 spec.jbb.JBBmain DoARun -> 信息:   started user thread for Warehouse 52
2月 14, 2026 2:39:10 上午 spec.jbb.JBBmain DoARun -> 信息:   started user thread for Warehouse 53
2月 14, 2026 2:39:10 上午 spec.jbb.JBBmain DoARun -> 信息:   started user thread for Warehouse 54
2月 14, 2026 2:39:10 上午 spec.jbb.JBBmain DoARun -> 信息:   started user thread for Warehouse 55
2月 14, 2026 2:39:10 上午 spec.jbb.JBBmain DoARun -> 信息:   started user thread for Warehouse 56
2月 14, 2026 2:39:10 上午 spec.jbb.JBBmain DoARun -> 信息:   started user thread for Warehouse 57
2月 14, 2026 2:39:10 上午 spec.jbb.JBBmain DoARun -> 信息:   started user thread for Warehouse 58
2月 14, 2026 2:39:10 上午 spec.jbb.JBBmain DoARun -> 信息:   started user thread for Warehouse 59
2月 14, 2026 2:39:10 上午 spec.jbb.JBBmain DoARun -> 信息:   started user thread for Warehouse 60
2月 14, 2026 2:39:10 上午 spec.jbb.JBBmain DoARun -> 信息:   started user thread for Warehouse 61
2月 14, 2026 2:39:10 上午 spec.jbb.JBBmain DoARun -> 信息:   started user thread for Warehouse 62
2月 14, 2026 2:39:10 上午 spec.jbb.JBBmain DoARun -> 信息:   started user thread for Warehouse 63
2月 14, 2026 2:39:10 上午 spec.jbb.JBBmain DoARun -> 信息:   started user thread for Warehouse 64
2月 14, 2026 2:39:10 上午 spec.jbb.JBBmain DoARun -> 信息:   started user thread for Warehouse 65
2月 14, 2026 2:39:10 上午 spec.jbb.JBBmain DoARun -> 信息:   started user thread for Warehouse 66
2月 14, 2026 2:39:10 上午 spec.jbb.JBBmain DoARun -> 信息:   started user thread for Warehouse 67
2月 14, 2026 2:39:10 上午 spec.jbb.JBBmain DoARun -> 信息:   started user thread for Warehouse 68
2月 14, 2026 2:39:10 上午 spec.jbb.JBBmain DoARun -> 信息:   started user thread for Warehouse 69
2月 14, 2026 2:39:10 上午 spec.jbb.JBBmain DoARun -> 信息:   started user thread for Warehouse 70
2月 14, 2026 2:39:10 上午 spec.jbb.JBBmain DoARun -> 信息:   started user thread for Warehouse 71
2月 14, 2026 2:39:10 上午 spec.jbb.JBBmain DoARun -> 信息:   started user thread for Warehouse 72
2月 14, 2026 2:39:10 上午 spec.jbb.JBBmain DoARun -> 信息:   started user thread for Warehouse 73
2月 14, 2026 2:39:10 上午 spec.jbb.JBBmain DoARun -> 信息:   started user thread for Warehouse 74
2月 14, 2026 2:39:10 上午 spec.jbb.JBBmain DoARun -> 信息:   started user thread for Warehouse 75
2月 14, 2026 2:39:10 上午 spec.jbb.JBBmain DoARun -> 信息:   started user thread for Warehouse 76
2月 14, 2026 2:39:10 上午 spec.jbb.JBBmain DoARun -> 信息:   started user thread for Warehouse 77
2月 14, 2026 2:39:10 上午 spec.jbb.JBBmain DoARun -> 信息:   started user thread for Warehouse 78
2月 14, 2026 2:39:10 上午 spec.jbb.JBBmain DoARun -> 信息:   started user thread for Warehouse 79
2月 14, 2026 2:39:10 上午 spec.jbb.JBBmain DoARun -> 信息:   started user thread for Warehouse 80
2月 14, 2026 2:39:10 上午 spec.jbb.JBBmain DoARun -> 信息:   started user thread for Warehouse 81
2月 14, 2026 2:39:10 上午 spec.jbb.JBBmain DoARun -> 信息:   started user thread for Warehouse 82
2月 14, 2026 2:39:10 上午 spec.jbb.JBBmain DoARun -> 信息:   started user thread for Warehouse 83
2月 14, 2026 2:39:10 上午 spec.jbb.JBBmain DoARun -> 信息:   started user thread for Warehouse 84
2月 14, 2026 2:39:10 上午 spec.jbb.JBBmain DoARun -> 信息:   started user thread for Warehouse 85
2月 14, 2026 2:39:10 上午 spec.jbb.Company displayResultTotals -> 信息: Timing Measurement began Sat Feb 14 02:39:10 CST 2026 for 4 minutes
2月 14, 2026 2:43:10 上午 spec.jbb.Company displayResultTotals -> 信息: Timing Measurement ended Sat Feb 14 02:43:10 CST 2026
2月 14, 2026 2:43:11 上午 spec.jbb.Company primeWithDummyData -> 信息: Loading Warehouse 86...
2月 14, 2026 2:43:11 上午 spec.jbb.JBBmain DoARun -> 信息: Start User Threads
2月 14, 2026 2:43:11 上午 spec.jbb.JBBmain DoARun -> 信息:   started user thread for Warehouse 1
2月 14, 2026 2:43:11 上午 spec.jbb.JBBmain DoARun -> 信息:   started user thread for Warehouse 2
2月 14, 2026 2:43:11 上午 spec.jbb.JBBmain DoARun -> 信息:   started user thread for Warehouse 3
2月 14, 2026 2:43:11 上午 spec.jbb.JBBmain DoARun -> 信息:   started user thread for Warehouse 4
2月 14, 2026 2:43:11 上午 spec.jbb.JBBmain DoARun -> 信息:   started user thread for Warehouse 5
2月 14, 2026 2:43:11 上午 spec.jbb.JBBmain DoARun -> 信息:   started user thread for Warehouse 6
2月 14, 2026 2:43:11 上午 spec.jbb.JBBmain DoARun -> 信息:   started user thread for Warehouse 7
2月 14, 2026 2:43:11 上午 spec.jbb.JBBmain DoARun -> 信息:   started user thread for Warehouse 8
2月 14, 2026 2:43:11 上午 spec.jbb.JBBmain DoARun -> 信息:   started user thread for Warehouse 9
2月 14, 2026 2:43:11 上午 spec.jbb.JBBmain DoARun -> 信息:   started user thread for Warehouse 10
2月 14, 2026 2:43:11 上午 spec.jbb.JBBmain DoARun -> 信息:   started user thread for Warehouse 11
2月 14, 2026 2:43:11 上午 spec.jbb.JBBmain DoARun -> 信息:   started user thread for Warehouse 12
2月 14, 2026 2:43:11 上午 spec.jbb.JBBmain DoARun -> 信息:   started user thread for Warehouse 13
2月 14, 2026 2:43:11 上午 spec.jbb.JBBmain DoARun -> 信息:   started user thread for Warehouse 14
2月 14, 2026 2:43:11 上午 spec.jbb.JBBmain DoARun -> 信息:   started user thread for Warehouse 15
2月 14, 2026 2:43:11 上午 spec.jbb.JBBmain DoARun -> 信息:   started user thread for Warehouse 16
2月 14, 2026 2:43:11 上午 spec.jbb.JBBmain DoARun -> 信息:   started user thread for Warehouse 17
2月 14, 2026 2:43:11 上午 spec.jbb.JBBmain DoARun -> 信息:   started user thread for Warehouse 18
2月 14, 2026 2:43:11 上午 spec.jbb.JBBmain DoARun -> 信息:   started user thread for Warehouse 19
2月 14, 2026 2:43:11 上午 spec.jbb.JBBmain DoARun -> 信息:   started user thread for Warehouse 20
2月 14, 2026 2:43:11 上午 spec.jbb.JBBmain DoARun -> 信息:   started user thread for Warehouse 21
2月 14, 2026 2:43:11 上午 spec.jbb.JBBmain DoARun -> 信息:   started user thread for Warehouse 22
2月 14, 2026 2:43:11 上午 spec.jbb.JBBmain DoARun -> 信息:   started user thread for Warehouse 23
2月 14, 2026 2:43:11 上午 spec.jbb.JBBmain DoARun -> 信息:   started user thread for Warehouse 24
2月 14, 2026 2:43:11 上午 spec.jbb.JBBmain DoARun -> 信息:   started user thread for Warehouse 25
2月 14, 2026 2:43:11 上午 spec.jbb.JBBmain DoARun -> 信息:   started user thread for Warehouse 26
2月 14, 2026 2:43:11 上午 spec.jbb.JBBmain DoARun -> 信息:   started user thread for Warehouse 27
2月 14, 2026 2:43:11 上午 spec.jbb.JBBmain DoARun -> 信息:   started user thread for Warehouse 28
2月 14, 2026 2:43:11 上午 spec.jbb.JBBmain DoARun -> 信息:   started user thread for Warehouse 29
2月 14, 2026 2:43:11 上午 spec.jbb.JBBmain DoARun -> 信息:   started user thread for Warehouse 30
2月 14, 2026 2:43:11 上午 spec.jbb.JBBmain DoARun -> 信息:   started user thread for Warehouse 31
2月 14, 2026 2:43:11 上午 spec.jbb.JBBmain DoARun -> 信息:   started user thread for Warehouse 32
2月 14, 2026 2:43:11 上午 spec.jbb.JBBmain DoARun -> 信息:   started user thread for Warehouse 33
2月 14, 2026 2:43:11 上午 spec.jbb.JBBmain DoARun -> 信息:   started user thread for Warehouse 34
2月 14, 2026 2:43:11 上午 spec.jbb.JBBmain DoARun -> 信息:   started user thread for Warehouse 35
2月 14, 2026 2:43:11 上午 spec.jbb.JBBmain DoARun -> 信息:   started user thread for Warehouse 36
2月 14, 2026 2:43:11 上午 spec.jbb.JBBmain DoARun -> 信息:   started user thread for Warehouse 37
2月 14, 2026 2:43:11 上午 spec.jbb.JBBmain DoARun -> 信息:   started user thread for Warehouse 38
2月 14, 2026 2:43:11 上午 spec.jbb.JBBmain DoARun -> 信息:   started user thread for Warehouse 39
2月 14, 2026 2:43:11 上午 spec.jbb.JBBmain DoARun -> 信息:   started user thread for Warehouse 40
2月 14, 2026 2:43:11 上午 spec.jbb.JBBmain DoARun -> 信息:   started user thread for Warehouse 41
2月 14, 2026 2:43:11 上午 spec.jbb.JBBmain DoARun -> 信息:   started user thread for Warehouse 42
2月 14, 2026 2:43:11 上午 spec.jbb.JBBmain DoARun -> 信息:   started user thread for Warehouse 43
2月 14, 2026 2:43:11 上午 spec.jbb.JBBmain DoARun -> 信息:   started user thread for Warehouse 44
2月 14, 2026 2:43:11 上午 spec.jbb.JBBmain DoARun -> 信息:   started user thread for Warehouse 45
2月 14, 2026 2:43:11 上午 spec.jbb.JBBmain DoARun -> 信息:   started user thread for Warehouse 46
2月 14, 2026 2:43:11 上午 spec.jbb.JBBmain DoARun -> 信息:   started user thread for Warehouse 47
2月 14, 2026 2:43:11 上午 spec.jbb.JBBmain DoARun -> 信息:   started user thread for Warehouse 48
2月 14, 2026 2:43:11 上午 spec.jbb.JBBmain DoARun -> 信息:   started user thread for Warehouse 49
2月 14, 2026 2:43:11 上午 spec.jbb.JBBmain DoARun -> 信息:   started user thread for Warehouse 50
2月 14, 2026 2:43:11 上午 spec.jbb.JBBmain DoARun -> 信息:   started user thread for Warehouse 51
2月 14, 2026 2:43:11 上午 spec.jbb.JBBmain DoARun -> 信息:   started user thread for Warehouse 52
2月 14, 2026 2:43:11 上午 spec.jbb.JBBmain DoARun -> 信息:   started user thread for Warehouse 53
2月 14, 2026 2:43:11 上午 spec.jbb.JBBmain DoARun -> 信息:   started user thread for Warehouse 54
2月 14, 2026 2:43:11 上午 spec.jbb.JBBmain DoARun -> 信息:   started user thread for Warehouse 55
2月 14, 2026 2:43:11 上午 spec.jbb.JBBmain DoARun -> 信息:   started user thread for Warehouse 56
2月 14, 2026 2:43:11 上午 spec.jbb.JBBmain DoARun -> 信息:   started user thread for Warehouse 57
2月 14, 2026 2:43:11 上午 spec.jbb.JBBmain DoARun -> 信息:   started user thread for Warehouse 58
2月 14, 2026 2:43:11 上午 spec.jbb.JBBmain DoARun -> 信息:   started user thread for Warehouse 59
2月 14, 2026 2:43:11 上午 spec.jbb.JBBmain DoARun -> 信息:   started user thread for Warehouse 60
2月 14, 2026 2:43:11 上午 spec.jbb.JBBmain DoARun -> 信息:   started user thread for Warehouse 61
2月 14, 2026 2:43:11 上午 spec.jbb.JBBmain DoARun -> 信息:   started user thread for Warehouse 62
2月 14, 2026 2:43:11 上午 spec.jbb.JBBmain DoARun -> 信息:   started user thread for Warehouse 63
2月 14, 2026 2:43:11 上午 spec.jbb.JBBmain DoARun -> 信息:   started user thread for Warehouse 64
2月 14, 2026 2:43:11 上午 spec.jbb.JBBmain DoARun -> 信息:   started user thread for Warehouse 65
2月 14, 2026 2:43:11 上午 spec.jbb.JBBmain DoARun -> 信息:   started user thread for Warehouse 66
2月 14, 2026 2:43:11 上午 spec.jbb.JBBmain DoARun -> 信息:   started user thread for Warehouse 67
2月 14, 2026 2:43:11 上午 spec.jbb.JBBmain DoARun -> 信息:   started user thread for Warehouse 68
2月 14, 2026 2:43:11 上午 spec.jbb.JBBmain DoARun -> 信息:   started user thread for Warehouse 69
2月 14, 2026 2:43:11 上午 spec.jbb.JBBmain DoARun -> 信息:   started user thread for Warehouse 70
2月 14, 2026 2:43:11 上午 spec.jbb.JBBmain DoARun -> 信息:   started user thread for Warehouse 71
2月 14, 2026 2:43:11 上午 spec.jbb.JBBmain DoARun -> 信息:   started user thread for Warehouse 72
2月 14, 2026 2:43:11 上午 spec.jbb.JBBmain DoARun -> 信息:   started user thread for Warehouse 73
2月 14, 2026 2:43:11 上午 spec.jbb.JBBmain DoARun -> 信息:   started user thread for Warehouse 74
2月 14, 2026 2:43:11 上午 spec.jbb.JBBmain DoARun -> 信息:   started user thread for Warehouse 75
2月 14, 2026 2:43:11 上午 spec.jbb.JBBmain DoARun -> 信息:   started user thread for Warehouse 76
2月 14, 2026 2:43:11 上午 spec.jbb.JBBmain DoARun -> 信息:   started user thread for Warehouse 77
2月 14, 2026 2:43:11 上午 spec.jbb.JBBmain DoARun -> 信息:   started user thread for Warehouse 78
2月 14, 2026 2:43:11 上午 spec.jbb.JBBmain DoARun -> 信息:   started user thread for Warehouse 79
2月 14, 2026 2:43:11 上午 spec.jbb.JBBmain DoARun -> 信息:   started user thread for Warehouse 80
2月 14, 2026 2:43:11 上午 spec.jbb.JBBmain DoARun -> 信息:   started user thread for Warehouse 81
2月 14, 2026 2:43:11 上午 spec.jbb.JBBmain DoARun -> 信息:   started user thread for Warehouse 82
2月 14, 2026 2:43:11 上午 spec.jbb.JBBmain DoARun -> 信息:   started user thread for Warehouse 83
2月 14, 2026 2:43:11 上午 spec.jbb.JBBmain DoARun -> 信息:   started user thread for Warehouse 84
2月 14, 2026 2:43:11 上午 spec.jbb.JBBmain DoARun -> 信息:   started user thread for Warehouse 85
2月 14, 2026 2:43:11 上午 spec.jbb.JBBmain DoARun -> 信息:   started user thread for Warehouse 86
2月 14, 2026 2:43:11 上午 spec.jbb.Company displayResultTotals -> 信息: Timing Measurement began Sat Feb 14 02:43:11 CST 2026 for 4 minutes
2月 14, 2026 2:47:11 上午 spec.jbb.Company displayResultTotals -> 信息: Timing Measurement ended Sat Feb 14 02:47:11 CST 2026
2月 14, 2026 2:47:11 上午 spec.jbb.Company primeWithDummyData -> 信息: Loading Warehouse 87...
2月 14, 2026 2:47:11 上午 spec.jbb.JBBmain DoARun -> 信息: Start User Threads
2月 14, 2026 2:47:11 上午 spec.jbb.JBBmain DoARun -> 信息:   started user thread for Warehouse 1
2月 14, 2026 2:47:11 上午 spec.jbb.JBBmain DoARun -> 信息:   started user thread for Warehouse 2
2月 14, 2026 2:47:11 上午 spec.jbb.JBBmain DoARun -> 信息:   started user thread for Warehouse 3
2月 14, 2026 2:47:11 上午 spec.jbb.JBBmain DoARun -> 信息:   started user thread for Warehouse 4
2月 14, 2026 2:47:11 上午 spec.jbb.JBBmain DoARun -> 信息:   started user thread for Warehouse 5
2月 14, 2026 2:47:11 上午 spec.jbb.JBBmain DoARun -> 信息:   started user thread for Warehouse 6
2月 14, 2026 2:47:11 上午 spec.jbb.JBBmain DoARun -> 信息:   started user thread for Warehouse 7
2月 14, 2026 2:47:11 上午 spec.jbb.JBBmain DoARun -> 信息:   started user thread for Warehouse 8
2月 14, 2026 2:47:11 上午 spec.jbb.JBBmain DoARun -> 信息:   started user thread for Warehouse 9
2月 14, 2026 2:47:11 上午 spec.jbb.JBBmain DoARun -> 信息:   started user thread for Warehouse 10
2月 14, 2026 2:47:11 上午 spec.jbb.JBBmain DoARun -> 信息:   started user thread for Warehouse 11
2月 14, 2026 2:47:11 上午 spec.jbb.JBBmain DoARun -> 信息:   started user thread for Warehouse 12
2月 14, 2026 2:47:11 上午 spec.jbb.JBBmain DoARun -> 信息:   started user thread for Warehouse 13
2月 14, 2026 2:47:11 上午 spec.jbb.JBBmain DoARun -> 信息:   started user thread for Warehouse 14
2月 14, 2026 2:47:11 上午 spec.jbb.JBBmain DoARun -> 信息:   started user thread for Warehouse 15
2月 14, 2026 2:47:11 上午 spec.jbb.JBBmain DoARun -> 信息:   started user thread for Warehouse 16
2月 14, 2026 2:47:11 上午 spec.jbb.JBBmain DoARun -> 信息:   started user thread for Warehouse 17
2月 14, 2026 2:47:11 上午 spec.jbb.JBBmain DoARun -> 信息:   started user thread for Warehouse 18
2月 14, 2026 2:47:11 上午 spec.jbb.JBBmain DoARun -> 信息:   started user thread for Warehouse 19
2月 14, 2026 2:47:11 上午 spec.jbb.JBBmain DoARun -> 信息:   started user thread for Warehouse 20
2月 14, 2026 2:47:11 上午 spec.jbb.JBBmain DoARun -> 信息:   started user thread for Warehouse 21
2月 14, 2026 2:47:11 上午 spec.jbb.JBBmain DoARun -> 信息:   started user thread for Warehouse 22
2月 14, 2026 2:47:11 上午 spec.jbb.JBBmain DoARun -> 信息:   started user thread for Warehouse 23
2月 14, 2026 2:47:11 上午 spec.jbb.JBBmain DoARun -> 信息:   started user thread for Warehouse 24
2月 14, 2026 2:47:11 上午 spec.jbb.JBBmain DoARun -> 信息:   started user thread for Warehouse 25
2月 14, 2026 2:47:11 上午 spec.jbb.JBBmain DoARun -> 信息:   started user thread for Warehouse 26
2月 14, 2026 2:47:11 上午 spec.jbb.JBBmain DoARun -> 信息:   started user thread for Warehouse 27
2月 14, 2026 2:47:11 上午 spec.jbb.JBBmain DoARun -> 信息:   started user thread for Warehouse 28
2月 14, 2026 2:47:11 上午 spec.jbb.JBBmain DoARun -> 信息:   started user thread for Warehouse 29
2月 14, 2026 2:47:11 上午 spec.jbb.JBBmain DoARun -> 信息:   started user thread for Warehouse 30
2月 14, 2026 2:47:11 上午 spec.jbb.JBBmain DoARun -> 信息:   started user thread for Warehouse 31
2月 14, 2026 2:47:11 上午 spec.jbb.JBBmain DoARun -> 信息:   started user thread for Warehouse 32
2月 14, 2026 2:47:11 上午 spec.jbb.JBBmain DoARun -> 信息:   started user thread for Warehouse 33
2月 14, 2026 2:47:11 上午 spec.jbb.JBBmain DoARun -> 信息:   started user thread for Warehouse 34
2月 14, 2026 2:47:11 上午 spec.jbb.JBBmain DoARun -> 信息:   started user thread for Warehouse 35
2月 14, 2026 2:47:11 上午 spec.jbb.JBBmain DoARun -> 信息:   started user thread for Warehouse 36
2月 14, 2026 2:47:11 上午 spec.jbb.JBBmain DoARun -> 信息:   started user thread for Warehouse 37
2月 14, 2026 2:47:11 上午 spec.jbb.JBBmain DoARun -> 信息:   started user thread for Warehouse 38
2月 14, 2026 2:47:11 上午 spec.jbb.JBBmain DoARun -> 信息:   started user thread for Warehouse 39
2月 14, 2026 2:47:11 上午 spec.jbb.JBBmain DoARun -> 信息:   started user thread for Warehouse 40
2月 14, 2026 2:47:11 上午 spec.jbb.JBBmain DoARun -> 信息:   started user thread for Warehouse 41
2月 14, 2026 2:47:11 上午 spec.jbb.JBBmain DoARun -> 信息:   started user thread for Warehouse 42
2月 14, 2026 2:47:11 上午 spec.jbb.JBBmain DoARun -> 信息:   started user thread for Warehouse 43
2月 14, 2026 2:47:11 上午 spec.jbb.JBBmain DoARun -> 信息:   started user thread for Warehouse 44
2月 14, 2026 2:47:11 上午 spec.jbb.JBBmain DoARun -> 信息:   started user thread for Warehouse 45
2月 14, 2026 2:47:11 上午 spec.jbb.JBBmain DoARun -> 信息:   started user thread for Warehouse 46
2月 14, 2026 2:47:11 上午 spec.jbb.JBBmain DoARun -> 信息:   started user thread for Warehouse 47
2月 14, 2026 2:47:11 上午 spec.jbb.JBBmain DoARun -> 信息:   started user thread for Warehouse 48
2月 14, 2026 2:47:11 上午 spec.jbb.JBBmain DoARun -> 信息:   started user thread for Warehouse 49
2月 14, 2026 2:47:11 上午 spec.jbb.JBBmain DoARun -> 信息:   started user thread for Warehouse 50
2月 14, 2026 2:47:11 上午 spec.jbb.JBBmain DoARun -> 信息:   started user thread for Warehouse 51
2月 14, 2026 2:47:11 上午 spec.jbb.JBBmain DoARun -> 信息:   started user thread for Warehouse 52
2月 14, 2026 2:47:11 上午 spec.jbb.JBBmain DoARun -> 信息:   started user thread for Warehouse 53
2月 14, 2026 2:47:11 上午 spec.jbb.JBBmain DoARun -> 信息:   started user thread for Warehouse 54
2月 14, 2026 2:47:11 上午 spec.jbb.JBBmain DoARun -> 信息:   started user thread for Warehouse 55
2月 14, 2026 2:47:11 上午 spec.jbb.JBBmain DoARun -> 信息:   started user thread for Warehouse 56
2月 14, 2026 2:47:11 上午 spec.jbb.JBBmain DoARun -> 信息:   started user thread for Warehouse 57
2月 14, 2026 2:47:11 上午 spec.jbb.JBBmain DoARun -> 信息:   started user thread for Warehouse 58
2月 14, 2026 2:47:11 上午 spec.jbb.JBBmain DoARun -> 信息:   started user thread for Warehouse 59
2月 14, 2026 2:47:11 上午 spec.jbb.JBBmain DoARun -> 信息:   started user thread for Warehouse 60
2月 14, 2026 2:47:11 上午 spec.jbb.JBBmain DoARun -> 信息:   started user thread for Warehouse 61
2月 14, 2026 2:47:11 上午 spec.jbb.JBBmain DoARun -> 信息:   started user thread for Warehouse 62
2月 14, 2026 2:47:11 上午 spec.jbb.JBBmain DoARun -> 信息:   started user thread for Warehouse 63
2月 14, 2026 2:47:11 上午 spec.jbb.JBBmain DoARun -> 信息:   started user thread for Warehouse 64
2月 14, 2026 2:47:11 上午 spec.jbb.JBBmain DoARun -> 信息:   started user thread for Warehouse 65
2月 14, 2026 2:47:11 上午 spec.jbb.JBBmain DoARun -> 信息:   started user thread for Warehouse 66
2月 14, 2026 2:47:11 上午 spec.jbb.JBBmain DoARun -> 信息:   started user thread for Warehouse 67
2月 14, 2026 2:47:11 上午 spec.jbb.JBBmain DoARun -> 信息:   started user thread for Warehouse 68
2月 14, 2026 2:47:11 上午 spec.jbb.JBBmain DoARun -> 信息:   started user thread for Warehouse 69
2月 14, 2026 2:47:11 上午 spec.jbb.JBBmain DoARun -> 信息:   started user thread for Warehouse 70
2月 14, 2026 2:47:11 上午 spec.jbb.JBBmain DoARun -> 信息:   started user thread for Warehouse 71
2月 14, 2026 2:47:11 上午 spec.jbb.JBBmain DoARun -> 信息:   started user thread for Warehouse 72
2月 14, 2026 2:47:11 上午 spec.jbb.JBBmain DoARun -> 信息:   started user thread for Warehouse 73
2月 14, 2026 2:47:11 上午 spec.jbb.JBBmain DoARun -> 信息:   started user thread for Warehouse 74
2月 14, 2026 2:47:11 上午 spec.jbb.JBBmain DoARun -> 信息:   started user thread for Warehouse 75
2月 14, 2026 2:47:11 上午 spec.jbb.JBBmain DoARun -> 信息:   started user thread for Warehouse 76
2月 14, 2026 2:47:11 上午 spec.jbb.JBBmain DoARun -> 信息:   started user thread for Warehouse 77
2月 14, 2026 2:47:11 上午 spec.jbb.JBBmain DoARun -> 信息:   started user thread for Warehouse 78
2月 14, 2026 2:47:11 上午 spec.jbb.JBBmain DoARun -> 信息:   started user thread for Warehouse 79
2月 14, 2026 2:47:11 上午 spec.jbb.JBBmain DoARun -> 信息:   started user thread for Warehouse 80
2月 14, 2026 2:47:11 上午 spec.jbb.JBBmain DoARun -> 信息:   started user thread for Warehouse 81
2月 14, 2026 2:47:11 上午 spec.jbb.JBBmain DoARun -> 信息:   started user thread for Warehouse 82
2月 14, 2026 2:47:11 上午 spec.jbb.JBBmain DoARun -> 信息:   started user thread for Warehouse 83
2月 14, 2026 2:47:11 上午 spec.jbb.JBBmain DoARun -> 信息:   started user thread for Warehouse 84
2月 14, 2026 2:47:11 上午 spec.jbb.JBBmain DoARun -> 信息:   started user thread for Warehouse 85
2月 14, 2026 2:47:11 上午 spec.jbb.JBBmain DoARun -> 信息:   started user thread for Warehouse 86
2月 14, 2026 2:47:11 上午 spec.jbb.JBBmain DoARun -> 信息:   started user thread for Warehouse 87
2月 14, 2026 2:47:11 上午 spec.jbb.Company displayResultTotals -> 信息: Timing Measurement began Sat Feb 14 02:47:11 CST 2026 for 4 minutes
2月 14, 2026 2:51:11 上午 spec.jbb.Company displayResultTotals -> 信息: Timing Measurement ended Sat Feb 14 02:51:11 CST 2026
2月 14, 2026 2:51:11 上午 spec.jbb.Company primeWithDummyData -> 信息: Loading Warehouse 88...
2月 14, 2026 2:51:11 上午 spec.jbb.JBBmain DoARun -> 信息: Start User Threads
2月 14, 2026 2:51:11 上午 spec.jbb.JBBmain DoARun -> 信息:   started user thread for Warehouse 1
2月 14, 2026 2:51:11 上午 spec.jbb.JBBmain DoARun -> 信息:   started user thread for Warehouse 2
2月 14, 2026 2:51:11 上午 spec.jbb.JBBmain DoARun -> 信息:   started user thread for Warehouse 3
2月 14, 2026 2:51:11 上午 spec.jbb.JBBmain DoARun -> 信息:   started user thread for Warehouse 4
2月 14, 2026 2:51:11 上午 spec.jbb.JBBmain DoARun -> 信息:   started user thread for Warehouse 5
2月 14, 2026 2:51:11 上午 spec.jbb.JBBmain DoARun -> 信息:   started user thread for Warehouse 6
2月 14, 2026 2:51:11 上午 spec.jbb.JBBmain DoARun -> 信息:   started user thread for Warehouse 7
2月 14, 2026 2:51:11 上午 spec.jbb.JBBmain DoARun -> 信息:   started user thread for Warehouse 8
2月 14, 2026 2:51:11 上午 spec.jbb.JBBmain DoARun -> 信息:   started user thread for Warehouse 9
2月 14, 2026 2:51:11 上午 spec.jbb.JBBmain DoARun -> 信息:   started user thread for Warehouse 10
2月 14, 2026 2:51:11 上午 spec.jbb.JBBmain DoARun -> 信息:   started user thread for Warehouse 11
2月 14, 2026 2:51:11 上午 spec.jbb.JBBmain DoARun -> 信息:   started user thread for Warehouse 12
2月 14, 2026 2:51:11 上午 spec.jbb.JBBmain DoARun -> 信息:   started user thread for Warehouse 13
2月 14, 2026 2:51:11 上午 spec.jbb.JBBmain DoARun -> 信息:   started user thread for Warehouse 14
2月 14, 2026 2:51:11 上午 spec.jbb.JBBmain DoARun -> 信息:   started user thread for Warehouse 15
2月 14, 2026 2:51:11 上午 spec.jbb.JBBmain DoARun -> 信息:   started user thread for Warehouse 16
2月 14, 2026 2:51:11 上午 spec.jbb.JBBmain DoARun -> 信息:   started user thread for Warehouse 17
2月 14, 2026 2:51:11 上午 spec.jbb.JBBmain DoARun -> 信息:   started user thread for Warehouse 18
2月 14, 2026 2:51:11 上午 spec.jbb.JBBmain DoARun -> 信息:   started user thread for Warehouse 19
2月 14, 2026 2:51:11 上午 spec.jbb.JBBmain DoARun -> 信息:   started user thread for Warehouse 20
2月 14, 2026 2:51:11 上午 spec.jbb.JBBmain DoARun -> 信息:   started user thread for Warehouse 21
2月 14, 2026 2:51:11 上午 spec.jbb.JBBmain DoARun -> 信息:   started user thread for Warehouse 22
2月 14, 2026 2:51:11 上午 spec.jbb.JBBmain DoARun -> 信息:   started user thread for Warehouse 23
2月 14, 2026 2:51:11 上午 spec.jbb.JBBmain DoARun -> 信息:   started user thread for Warehouse 24
2月 14, 2026 2:51:11 上午 spec.jbb.JBBmain DoARun -> 信息:   started user thread for Warehouse 25
2月 14, 2026 2:51:11 上午 spec.jbb.JBBmain DoARun -> 信息:   started user thread for Warehouse 26
2月 14, 2026 2:51:11 上午 spec.jbb.JBBmain DoARun -> 信息:   started user thread for Warehouse 27
2月 14, 2026 2:51:11 上午 spec.jbb.JBBmain DoARun -> 信息:   started user thread for Warehouse 28
2月 14, 2026 2:51:11 上午 spec.jbb.JBBmain DoARun -> 信息:   started user thread for Warehouse 29
2月 14, 2026 2:51:11 上午 spec.jbb.JBBmain DoARun -> 信息:   started user thread for Warehouse 30
2月 14, 2026 2:51:11 上午 spec.jbb.JBBmain DoARun -> 信息:   started user thread for Warehouse 31
2月 14, 2026 2:51:11 上午 spec.jbb.JBBmain DoARun -> 信息:   started user thread for Warehouse 32
2月 14, 2026 2:51:11 上午 spec.jbb.JBBmain DoARun -> 信息:   started user thread for Warehouse 33
2月 14, 2026 2:51:11 上午 spec.jbb.JBBmain DoARun -> 信息:   started user thread for Warehouse 34
2月 14, 2026 2:51:11 上午 spec.jbb.JBBmain DoARun -> 信息:   started user thread for Warehouse 35
2月 14, 2026 2:51:11 上午 spec.jbb.JBBmain DoARun -> 信息:   started user thread for Warehouse 36
2月 14, 2026 2:51:11 上午 spec.jbb.JBBmain DoARun -> 信息:   started user thread for Warehouse 37
2月 14, 2026 2:51:11 上午 spec.jbb.JBBmain DoARun -> 信息:   started user thread for Warehouse 38
2月 14, 2026 2:51:11 上午 spec.jbb.JBBmain DoARun -> 信息:   started user thread for Warehouse 39
2月 14, 2026 2:51:11 上午 spec.jbb.JBBmain DoARun -> 信息:   started user thread for Warehouse 40
2月 14, 2026 2:51:11 上午 spec.jbb.JBBmain DoARun -> 信息:   started user thread for Warehouse 41
2月 14, 2026 2:51:11 上午 spec.jbb.JBBmain DoARun -> 信息:   started user thread for Warehouse 42
2月 14, 2026 2:51:11 上午 spec.jbb.JBBmain DoARun -> 信息:   started user thread for Warehouse 43
2月 14, 2026 2:51:11 上午 spec.jbb.JBBmain DoARun -> 信息:   started user thread for Warehouse 44
2月 14, 2026 2:51:11 上午 spec.jbb.JBBmain DoARun -> 信息:   started user thread for Warehouse 45
2月 14, 2026 2:51:11 上午 spec.jbb.JBBmain DoARun -> 信息:   started user thread for Warehouse 46
2月 14, 2026 2:51:11 上午 spec.jbb.JBBmain DoARun -> 信息:   started user thread for Warehouse 47
2月 14, 2026 2:51:11 上午 spec.jbb.JBBmain DoARun -> 信息:   started user thread for Warehouse 48
2月 14, 2026 2:51:11 上午 spec.jbb.JBBmain DoARun -> 信息:   started user thread for Warehouse 49
2月 14, 2026 2:51:11 上午 spec.jbb.JBBmain DoARun -> 信息:   started user thread for Warehouse 50
2月 14, 2026 2:51:11 上午 spec.jbb.JBBmain DoARun -> 信息:   started user thread for Warehouse 51
2月 14, 2026 2:51:11 上午 spec.jbb.JBBmain DoARun -> 信息:   started user thread for Warehouse 52
2月 14, 2026 2:51:11 上午 spec.jbb.JBBmain DoARun -> 信息:   started user thread for Warehouse 53
2月 14, 2026 2:51:11 上午 spec.jbb.JBBmain DoARun -> 信息:   started user thread for Warehouse 54
2月 14, 2026 2:51:11 上午 spec.jbb.JBBmain DoARun -> 信息:   started user thread for Warehouse 55
2月 14, 2026 2:51:11 上午 spec.jbb.JBBmain DoARun -> 信息:   started user thread for Warehouse 56
2月 14, 2026 2:51:11 上午 spec.jbb.JBBmain DoARun -> 信息:   started user thread for Warehouse 57
2月 14, 2026 2:51:11 上午 spec.jbb.JBBmain DoARun -> 信息:   started user thread for Warehouse 58
2月 14, 2026 2:51:11 上午 spec.jbb.JBBmain DoARun -> 信息:   started user thread for Warehouse 59
2月 14, 2026 2:51:11 上午 spec.jbb.JBBmain DoARun -> 信息:   started user thread for Warehouse 60
2月 14, 2026 2:51:11 上午 spec.jbb.JBBmain DoARun -> 信息:   started user thread for Warehouse 61
2月 14, 2026 2:51:11 上午 spec.jbb.JBBmain DoARun -> 信息:   started user thread for Warehouse 62
2月 14, 2026 2:51:11 上午 spec.jbb.JBBmain DoARun -> 信息:   started user thread for Warehouse 63
2月 14, 2026 2:51:11 上午 spec.jbb.JBBmain DoARun -> 信息:   started user thread for Warehouse 64
2月 14, 2026 2:51:11 上午 spec.jbb.JBBmain DoARun -> 信息:   started user thread for Warehouse 65
2月 14, 2026 2:51:11 上午 spec.jbb.JBBmain DoARun -> 信息:   started user thread for Warehouse 66
2月 14, 2026 2:51:11 上午 spec.jbb.JBBmain DoARun -> 信息:   started user thread for Warehouse 67
2月 14, 2026 2:51:11 上午 spec.jbb.JBBmain DoARun -> 信息:   started user thread for Warehouse 68
2月 14, 2026 2:51:11 上午 spec.jbb.JBBmain DoARun -> 信息:   started user thread for Warehouse 69
2月 14, 2026 2:51:11 上午 spec.jbb.JBBmain DoARun -> 信息:   started user thread for Warehouse 70
2月 14, 2026 2:51:11 上午 spec.jbb.JBBmain DoARun -> 信息:   started user thread for Warehouse 71
2月 14, 2026 2:51:11 上午 spec.jbb.JBBmain DoARun -> 信息:   started user thread for Warehouse 72
2月 14, 2026 2:51:11 上午 spec.jbb.JBBmain DoARun -> 信息:   started user thread for Warehouse 73
2月 14, 2026 2:51:11 上午 spec.jbb.JBBmain DoARun -> 信息:   started user thread for Warehouse 74
2月 14, 2026 2:51:11 上午 spec.jbb.JBBmain DoARun -> 信息:   started user thread for Warehouse 75
2月 14, 2026 2:51:11 上午 spec.jbb.JBBmain DoARun -> 信息:   started user thread for Warehouse 76
2月 14, 2026 2:51:11 上午 spec.jbb.JBBmain DoARun -> 信息:   started user thread for Warehouse 77
2月 14, 2026 2:51:11 上午 spec.jbb.JBBmain DoARun -> 信息:   started user thread for Warehouse 78
2月 14, 2026 2:51:11 上午 spec.jbb.JBBmain DoARun -> 信息:   started user thread for Warehouse 79
2月 14, 2026 2:51:11 上午 spec.jbb.JBBmain DoARun -> 信息:   started user thread for Warehouse 80
2月 14, 2026 2:51:11 上午 spec.jbb.JBBmain DoARun -> 信息:   started user thread for Warehouse 81
2月 14, 2026 2:51:11 上午 spec.jbb.JBBmain DoARun -> 信息:   started user thread for Warehouse 82
2月 14, 2026 2:51:11 上午 spec.jbb.JBBmain DoARun -> 信息:   started user thread for Warehouse 83
2月 14, 2026 2:51:11 上午 spec.jbb.JBBmain DoARun -> 信息:   started user thread for Warehouse 84
2月 14, 2026 2:51:11 上午 spec.jbb.JBBmain DoARun -> 信息:   started user thread for Warehouse 85
2月 14, 2026 2:51:11 上午 spec.jbb.JBBmain DoARun -> 信息:   started user thread for Warehouse 86
2月 14, 2026 2:51:11 上午 spec.jbb.JBBmain DoARun -> 信息:   started user thread for Warehouse 87
2月 14, 2026 2:51:11 上午 spec.jbb.JBBmain DoARun -> 信息:   started user thread for Warehouse 88
2月 14, 2026 2:51:11 上午 spec.jbb.Company displayResultTotals -> 信息: Timing Measurement began Sat Feb 14 02:51:11 CST 2026 for 4 minutes
2月 14, 2026 2:55:11 上午 spec.jbb.Company displayResultTotals -> 信息: Timing Measurement ended Sat Feb 14 02:55:11 CST 2026
2月 14, 2026 2:55:11 上午 spec.jbb.Company primeWithDummyData -> 信息: Loading Warehouse 89...
2月 14, 2026 2:55:11 上午 spec.jbb.JBBmain DoARun -> 信息: Start User Threads
2月 14, 2026 2:55:11 上午 spec.jbb.JBBmain DoARun -> 信息:   started user thread for Warehouse 1
2月 14, 2026 2:55:11 上午 spec.jbb.JBBmain DoARun -> 信息:   started user thread for Warehouse 2
2月 14, 2026 2:55:11 上午 spec.jbb.JBBmain DoARun -> 信息:   started user thread for Warehouse 3
2月 14, 2026 2:55:11 上午 spec.jbb.JBBmain DoARun -> 信息:   started user thread for Warehouse 4
2月 14, 2026 2:55:11 上午 spec.jbb.JBBmain DoARun -> 信息:   started user thread for Warehouse 5
2月 14, 2026 2:55:12 上午 spec.jbb.JBBmain DoARun -> 信息:   started user thread for Warehouse 6
2月 14, 2026 2:55:12 上午 spec.jbb.JBBmain DoARun -> 信息:   started user thread for Warehouse 7
2月 14, 2026 2:55:12 上午 spec.jbb.JBBmain DoARun -> 信息:   started user thread for Warehouse 8
2月 14, 2026 2:55:12 上午 spec.jbb.JBBmain DoARun -> 信息:   started user thread for Warehouse 9
2月 14, 2026 2:55:12 上午 spec.jbb.JBBmain DoARun -> 信息:   started user thread for Warehouse 10
2月 14, 2026 2:55:12 上午 spec.jbb.JBBmain DoARun -> 信息:   started user thread for Warehouse 11
2月 14, 2026 2:55:12 上午 spec.jbb.JBBmain DoARun -> 信息:   started user thread for Warehouse 12
2月 14, 2026 2:55:12 上午 spec.jbb.JBBmain DoARun -> 信息:   started user thread for Warehouse 13
2月 14, 2026 2:55:12 上午 spec.jbb.JBBmain DoARun -> 信息:   started user thread for Warehouse 14
2月 14, 2026 2:55:12 上午 spec.jbb.JBBmain DoARun -> 信息:   started user thread for Warehouse 15
2月 14, 2026 2:55:12 上午 spec.jbb.JBBmain DoARun -> 信息:   started user thread for Warehouse 16
2月 14, 2026 2:55:12 上午 spec.jbb.JBBmain DoARun -> 信息:   started user thread for Warehouse 17
2月 14, 2026 2:55:12 上午 spec.jbb.JBBmain DoARun -> 信息:   started user thread for Warehouse 18
2月 14, 2026 2:55:12 上午 spec.jbb.JBBmain DoARun -> 信息:   started user thread for Warehouse 19
2月 14, 2026 2:55:12 上午 spec.jbb.JBBmain DoARun -> 信息:   started user thread for Warehouse 20
2月 14, 2026 2:55:12 上午 spec.jbb.JBBmain DoARun -> 信息:   started user thread for Warehouse 21
2月 14, 2026 2:55:12 上午 spec.jbb.JBBmain DoARun -> 信息:   started user thread for Warehouse 22
2月 14, 2026 2:55:12 上午 spec.jbb.JBBmain DoARun -> 信息:   started user thread for Warehouse 23
2月 14, 2026 2:55:12 上午 spec.jbb.JBBmain DoARun -> 信息:   started user thread for Warehouse 24
2月 14, 2026 2:55:12 上午 spec.jbb.JBBmain DoARun -> 信息:   started user thread for Warehouse 25
2月 14, 2026 2:55:12 上午 spec.jbb.JBBmain DoARun -> 信息:   started user thread for Warehouse 26
2月 14, 2026 2:55:12 上午 spec.jbb.JBBmain DoARun -> 信息:   started user thread for Warehouse 27
2月 14, 2026 2:55:12 上午 spec.jbb.JBBmain DoARun -> 信息:   started user thread for Warehouse 28
2月 14, 2026 2:55:12 上午 spec.jbb.JBBmain DoARun -> 信息:   started user thread for Warehouse 29
2月 14, 2026 2:55:12 上午 spec.jbb.JBBmain DoARun -> 信息:   started user thread for Warehouse 30
2月 14, 2026 2:55:12 上午 spec.jbb.JBBmain DoARun -> 信息:   started user thread for Warehouse 31
2月 14, 2026 2:55:12 上午 spec.jbb.JBBmain DoARun -> 信息:   started user thread for Warehouse 32
2月 14, 2026 2:55:12 上午 spec.jbb.JBBmain DoARun -> 信息:   started user thread for Warehouse 33
2月 14, 2026 2:55:12 上午 spec.jbb.JBBmain DoARun -> 信息:   started user thread for Warehouse 34
2月 14, 2026 2:55:12 上午 spec.jbb.JBBmain DoARun -> 信息:   started user thread for Warehouse 35
2月 14, 2026 2:55:12 上午 spec.jbb.JBBmain DoARun -> 信息:   started user thread for Warehouse 36
2月 14, 2026 2:55:12 上午 spec.jbb.JBBmain DoARun -> 信息:   started user thread for Warehouse 37
2月 14, 2026 2:55:12 上午 spec.jbb.JBBmain DoARun -> 信息:   started user thread for Warehouse 38
2月 14, 2026 2:55:12 上午 spec.jbb.JBBmain DoARun -> 信息:   started user thread for Warehouse 39
2月 14, 2026 2:55:12 上午 spec.jbb.JBBmain DoARun -> 信息:   started user thread for Warehouse 40
2月 14, 2026 2:55:12 上午 spec.jbb.JBBmain DoARun -> 信息:   started user thread for Warehouse 41
2月 14, 2026 2:55:12 上午 spec.jbb.JBBmain DoARun -> 信息:   started user thread for Warehouse 42
2月 14, 2026 2:55:12 上午 spec.jbb.JBBmain DoARun -> 信息:   started user thread for Warehouse 43
2月 14, 2026 2:55:12 上午 spec.jbb.JBBmain DoARun -> 信息:   started user thread for Warehouse 44
2月 14, 2026 2:55:12 上午 spec.jbb.JBBmain DoARun -> 信息:   started user thread for Warehouse 45
2月 14, 2026 2:55:12 上午 spec.jbb.JBBmain DoARun -> 信息:   started user thread for Warehouse 46
2月 14, 2026 2:55:12 上午 spec.jbb.JBBmain DoARun -> 信息:   started user thread for Warehouse 47
2月 14, 2026 2:55:12 上午 spec.jbb.JBBmain DoARun -> 信息:   started user thread for Warehouse 48
2月 14, 2026 2:55:12 上午 spec.jbb.JBBmain DoARun -> 信息:   started user thread for Warehouse 49
2月 14, 2026 2:55:12 上午 spec.jbb.JBBmain DoARun -> 信息:   started user thread for Warehouse 50
2月 14, 2026 2:55:12 上午 spec.jbb.JBBmain DoARun -> 信息:   started user thread for Warehouse 51
2月 14, 2026 2:55:12 上午 spec.jbb.JBBmain DoARun -> 信息:   started user thread for Warehouse 52
2月 14, 2026 2:55:12 上午 spec.jbb.JBBmain DoARun -> 信息:   started user thread for Warehouse 53
2月 14, 2026 2:55:12 上午 spec.jbb.JBBmain DoARun -> 信息:   started user thread for Warehouse 54
2月 14, 2026 2:55:12 上午 spec.jbb.JBBmain DoARun -> 信息:   started user thread for Warehouse 55
2月 14, 2026 2:55:12 上午 spec.jbb.JBBmain DoARun -> 信息:   started user thread for Warehouse 56
2月 14, 2026 2:55:12 上午 spec.jbb.JBBmain DoARun -> 信息:   started user thread for Warehouse 57
2月 14, 2026 2:55:12 上午 spec.jbb.JBBmain DoARun -> 信息:   started user thread for Warehouse 58
2月 14, 2026 2:55:12 上午 spec.jbb.JBBmain DoARun -> 信息:   started user thread for Warehouse 59
2月 14, 2026 2:55:12 上午 spec.jbb.JBBmain DoARun -> 信息:   started user thread for Warehouse 60
2月 14, 2026 2:55:12 上午 spec.jbb.JBBmain DoARun -> 信息:   started user thread for Warehouse 61
2月 14, 2026 2:55:12 上午 spec.jbb.JBBmain DoARun -> 信息:   started user thread for Warehouse 62
2月 14, 2026 2:55:12 上午 spec.jbb.JBBmain DoARun -> 信息:   started user thread for Warehouse 63
2月 14, 2026 2:55:12 上午 spec.jbb.JBBmain DoARun -> 信息:   started user thread for Warehouse 64
2月 14, 2026 2:55:12 上午 spec.jbb.JBBmain DoARun -> 信息:   started user thread for Warehouse 65
2月 14, 2026 2:55:12 上午 spec.jbb.JBBmain DoARun -> 信息:   started user thread for Warehouse 66
2月 14, 2026 2:55:12 上午 spec.jbb.JBBmain DoARun -> 信息:   started user thread for Warehouse 67
2月 14, 2026 2:55:12 上午 spec.jbb.JBBmain DoARun -> 信息:   started user thread for Warehouse 68
2月 14, 2026 2:55:12 上午 spec.jbb.JBBmain DoARun -> 信息:   started user thread for Warehouse 69
2月 14, 2026 2:55:12 上午 spec.jbb.JBBmain DoARun -> 信息:   started user thread for Warehouse 70
2月 14, 2026 2:55:12 上午 spec.jbb.JBBmain DoARun -> 信息:   started user thread for Warehouse 71
2月 14, 2026 2:55:12 上午 spec.jbb.JBBmain DoARun -> 信息:   started user thread for Warehouse 72
2月 14, 2026 2:55:12 上午 spec.jbb.JBBmain DoARun -> 信息:   started user thread for Warehouse 73
2月 14, 2026 2:55:12 上午 spec.jbb.JBBmain DoARun -> 信息:   started user thread for Warehouse 74
2月 14, 2026 2:55:12 上午 spec.jbb.JBBmain DoARun -> 信息:   started user thread for Warehouse 75
2月 14, 2026 2:55:12 上午 spec.jbb.JBBmain DoARun -> 信息:   started user thread for Warehouse 76
2月 14, 2026 2:55:12 上午 spec.jbb.JBBmain DoARun -> 信息:   started user thread for Warehouse 77
2月 14, 2026 2:55:12 上午 spec.jbb.JBBmain DoARun -> 信息:   started user thread for Warehouse 78
2月 14, 2026 2:55:12 上午 spec.jbb.JBBmain DoARun -> 信息:   started user thread for Warehouse 79
2月 14, 2026 2:55:12 上午 spec.jbb.JBBmain DoARun -> 信息:   started user thread for Warehouse 80
2月 14, 2026 2:55:12 上午 spec.jbb.JBBmain DoARun -> 信息:   started user thread for Warehouse 81
2月 14, 2026 2:55:12 上午 spec.jbb.JBBmain DoARun -> 信息:   started user thread for Warehouse 82
2月 14, 2026 2:55:12 上午 spec.jbb.JBBmain DoARun -> 信息:   started user thread for Warehouse 83
2月 14, 2026 2:55:12 上午 spec.jbb.JBBmain DoARun -> 信息:   started user thread for Warehouse 84
2月 14, 2026 2:55:12 上午 spec.jbb.JBBmain DoARun -> 信息:   started user thread for Warehouse 85
2月 14, 2026 2:55:12 上午 spec.jbb.JBBmain DoARun -> 信息:   started user thread for Warehouse 86
2月 14, 2026 2:55:12 上午 spec.jbb.JBBmain DoARun -> 信息:   started user thread for Warehouse 87
2月 14, 2026 2:55:12 上午 spec.jbb.JBBmain DoARun -> 信息:   started user thread for Warehouse 88
2月 14, 2026 2:55:12 上午 spec.jbb.JBBmain DoARun -> 信息:   started user thread for Warehouse 89
2月 14, 2026 2:55:12 上午 spec.jbb.Company displayResultTotals -> 信息: Timing Measurement began Sat Feb 14 02:55:12 CST 2026 for 4 minutes
2月 14, 2026 2:59:12 上午 spec.jbb.Company displayResultTotals -> 信息: Timing Measurement ended Sat Feb 14 02:59:12 CST 2026
2月 14, 2026 2:59:12 上午 spec.jbb.Company primeWithDummyData -> 信息: Loading Warehouse 90...
2月 14, 2026 2:59:12 上午 spec.jbb.JBBmain DoARun -> 信息: Start User Threads
2月 14, 2026 2:59:12 上午 spec.jbb.JBBmain DoARun -> 信息:   started user thread for Warehouse 1
2月 14, 2026 2:59:12 上午 spec.jbb.JBBmain DoARun -> 信息:   started user thread for Warehouse 2
2月 14, 2026 2:59:12 上午 spec.jbb.JBBmain DoARun -> 信息:   started user thread for Warehouse 3
2月 14, 2026 2:59:12 上午 spec.jbb.JBBmain DoARun -> 信息:   started user thread for Warehouse 4
2月 14, 2026 2:59:12 上午 spec.jbb.JBBmain DoARun -> 信息:   started user thread for Warehouse 5
2月 14, 2026 2:59:12 上午 spec.jbb.JBBmain DoARun -> 信息:   started user thread for Warehouse 6
2月 14, 2026 2:59:12 上午 spec.jbb.JBBmain DoARun -> 信息:   started user thread for Warehouse 7
2月 14, 2026 2:59:12 上午 spec.jbb.JBBmain DoARun -> 信息:   started user thread for Warehouse 8
2月 14, 2026 2:59:12 上午 spec.jbb.JBBmain DoARun -> 信息:   started user thread for Warehouse 9
2月 14, 2026 2:59:12 上午 spec.jbb.JBBmain DoARun -> 信息:   started user thread for Warehouse 10
2月 14, 2026 2:59:12 上午 spec.jbb.JBBmain DoARun -> 信息:   started user thread for Warehouse 11
2月 14, 2026 2:59:12 上午 spec.jbb.JBBmain DoARun -> 信息:   started user thread for Warehouse 12
2月 14, 2026 2:59:12 上午 spec.jbb.JBBmain DoARun -> 信息:   started user thread for Warehouse 13
2月 14, 2026 2:59:12 上午 spec.jbb.JBBmain DoARun -> 信息:   started user thread for Warehouse 14
2月 14, 2026 2:59:12 上午 spec.jbb.JBBmain DoARun -> 信息:   started user thread for Warehouse 15
2月 14, 2026 2:59:12 上午 spec.jbb.JBBmain DoARun -> 信息:   started user thread for Warehouse 16
2月 14, 2026 2:59:12 上午 spec.jbb.JBBmain DoARun -> 信息:   started user thread for Warehouse 17
2月 14, 2026 2:59:12 上午 spec.jbb.JBBmain DoARun -> 信息:   started user thread for Warehouse 18
2月 14, 2026 2:59:12 上午 spec.jbb.JBBmain DoARun -> 信息:   started user thread for Warehouse 19
2月 14, 2026 2:59:12 上午 spec.jbb.JBBmain DoARun -> 信息:   started user thread for Warehouse 20
2月 14, 2026 2:59:12 上午 spec.jbb.JBBmain DoARun -> 信息:   started user thread for Warehouse 21
2月 14, 2026 2:59:12 上午 spec.jbb.JBBmain DoARun -> 信息:   started user thread for Warehouse 22
2月 14, 2026 2:59:12 上午 spec.jbb.JBBmain DoARun -> 信息:   started user thread for Warehouse 23
2月 14, 2026 2:59:12 上午 spec.jbb.JBBmain DoARun -> 信息:   started user thread for Warehouse 24
2月 14, 2026 2:59:12 上午 spec.jbb.JBBmain DoARun -> 信息:   started user thread for Warehouse 25
2月 14, 2026 2:59:12 上午 spec.jbb.JBBmain DoARun -> 信息:   started user thread for Warehouse 26
2月 14, 2026 2:59:12 上午 spec.jbb.JBBmain DoARun -> 信息:   started user thread for Warehouse 27
2月 14, 2026 2:59:12 上午 spec.jbb.JBBmain DoARun -> 信息:   started user thread for Warehouse 28
2月 14, 2026 2:59:12 上午 spec.jbb.JBBmain DoARun -> 信息:   started user thread for Warehouse 29
2月 14, 2026 2:59:12 上午 spec.jbb.JBBmain DoARun -> 信息:   started user thread for Warehouse 30
2月 14, 2026 2:59:12 上午 spec.jbb.JBBmain DoARun -> 信息:   started user thread for Warehouse 31
2月 14, 2026 2:59:12 上午 spec.jbb.JBBmain DoARun -> 信息:   started user thread for Warehouse 32
2月 14, 2026 2:59:12 上午 spec.jbb.JBBmain DoARun -> 信息:   started user thread for Warehouse 33
2月 14, 2026 2:59:12 上午 spec.jbb.JBBmain DoARun -> 信息:   started user thread for Warehouse 34
2月 14, 2026 2:59:12 上午 spec.jbb.JBBmain DoARun -> 信息:   started user thread for Warehouse 35
2月 14, 2026 2:59:12 上午 spec.jbb.JBBmain DoARun -> 信息:   started user thread for Warehouse 36
2月 14, 2026 2:59:12 上午 spec.jbb.JBBmain DoARun -> 信息:   started user thread for Warehouse 37
2月 14, 2026 2:59:12 上午 spec.jbb.JBBmain DoARun -> 信息:   started user thread for Warehouse 38
2月 14, 2026 2:59:12 上午 spec.jbb.JBBmain DoARun -> 信息:   started user thread for Warehouse 39
2月 14, 2026 2:59:12 上午 spec.jbb.JBBmain DoARun -> 信息:   started user thread for Warehouse 40
2月 14, 2026 2:59:12 上午 spec.jbb.JBBmain DoARun -> 信息:   started user thread for Warehouse 41
2月 14, 2026 2:59:12 上午 spec.jbb.JBBmain DoARun -> 信息:   started user thread for Warehouse 42
2月 14, 2026 2:59:12 上午 spec.jbb.JBBmain DoARun -> 信息:   started user thread for Warehouse 43
2月 14, 2026 2:59:12 上午 spec.jbb.JBBmain DoARun -> 信息:   started user thread for Warehouse 44
2月 14, 2026 2:59:12 上午 spec.jbb.JBBmain DoARun -> 信息:   started user thread for Warehouse 45
2月 14, 2026 2:59:12 上午 spec.jbb.JBBmain DoARun -> 信息:   started user thread for Warehouse 46
2月 14, 2026 2:59:12 上午 spec.jbb.JBBmain DoARun -> 信息:   started user thread for Warehouse 47
2月 14, 2026 2:59:12 上午 spec.jbb.JBBmain DoARun -> 信息:   started user thread for Warehouse 48
2月 14, 2026 2:59:12 上午 spec.jbb.JBBmain DoARun -> 信息:   started user thread for Warehouse 49
2月 14, 2026 2:59:12 上午 spec.jbb.JBBmain DoARun -> 信息:   started user thread for Warehouse 50
2月 14, 2026 2:59:12 上午 spec.jbb.JBBmain DoARun -> 信息:   started user thread for Warehouse 51
2月 14, 2026 2:59:12 上午 spec.jbb.JBBmain DoARun -> 信息:   started user thread for Warehouse 52
2月 14, 2026 2:59:12 上午 spec.jbb.JBBmain DoARun -> 信息:   started user thread for Warehouse 53
2月 14, 2026 2:59:12 上午 spec.jbb.JBBmain DoARun -> 信息:   started user thread for Warehouse 54
2月 14, 2026 2:59:12 上午 spec.jbb.JBBmain DoARun -> 信息:   started user thread for Warehouse 55
2月 14, 2026 2:59:12 上午 spec.jbb.JBBmain DoARun -> 信息:   started user thread for Warehouse 56
2月 14, 2026 2:59:12 上午 spec.jbb.JBBmain DoARun -> 信息:   started user thread for Warehouse 57
2月 14, 2026 2:59:12 上午 spec.jbb.JBBmain DoARun -> 信息:   started user thread for Warehouse 58
2月 14, 2026 2:59:12 上午 spec.jbb.JBBmain DoARun -> 信息:   started user thread for Warehouse 59
2月 14, 2026 2:59:12 上午 spec.jbb.JBBmain DoARun -> 信息:   started user thread for Warehouse 60
2月 14, 2026 2:59:12 上午 spec.jbb.JBBmain DoARun -> 信息:   started user thread for Warehouse 61
2月 14, 2026 2:59:12 上午 spec.jbb.JBBmain DoARun -> 信息:   started user thread for Warehouse 62
2月 14, 2026 2:59:12 上午 spec.jbb.JBBmain DoARun -> 信息:   started user thread for Warehouse 63
2月 14, 2026 2:59:12 上午 spec.jbb.JBBmain DoARun -> 信息:   started user thread for Warehouse 64
2月 14, 2026 2:59:12 上午 spec.jbb.JBBmain DoARun -> 信息:   started user thread for Warehouse 65
2月 14, 2026 2:59:12 上午 spec.jbb.JBBmain DoARun -> 信息:   started user thread for Warehouse 66
2月 14, 2026 2:59:12 上午 spec.jbb.JBBmain DoARun -> 信息:   started user thread for Warehouse 67
2月 14, 2026 2:59:12 上午 spec.jbb.JBBmain DoARun -> 信息:   started user thread for Warehouse 68
2月 14, 2026 2:59:12 上午 spec.jbb.JBBmain DoARun -> 信息:   started user thread for Warehouse 69
2月 14, 2026 2:59:12 上午 spec.jbb.JBBmain DoARun -> 信息:   started user thread for Warehouse 70
2月 14, 2026 2:59:12 上午 spec.jbb.JBBmain DoARun -> 信息:   started user thread for Warehouse 71
2月 14, 2026 2:59:12 上午 spec.jbb.JBBmain DoARun -> 信息:   started user thread for Warehouse 72
2月 14, 2026 2:59:12 上午 spec.jbb.JBBmain DoARun -> 信息:   started user thread for Warehouse 73
2月 14, 2026 2:59:12 上午 spec.jbb.JBBmain DoARun -> 信息:   started user thread for Warehouse 74
2月 14, 2026 2:59:12 上午 spec.jbb.JBBmain DoARun -> 信息:   started user thread for Warehouse 75
2月 14, 2026 2:59:12 上午 spec.jbb.JBBmain DoARun -> 信息:   started user thread for Warehouse 76
2月 14, 2026 2:59:12 上午 spec.jbb.JBBmain DoARun -> 信息:   started user thread for Warehouse 77
2月 14, 2026 2:59:12 上午 spec.jbb.JBBmain DoARun -> 信息:   started user thread for Warehouse 78
2月 14, 2026 2:59:12 上午 spec.jbb.JBBmain DoARun -> 信息:   started user thread for Warehouse 79
2月 14, 2026 2:59:12 上午 spec.jbb.JBBmain DoARun -> 信息:   started user thread for Warehouse 80
2月 14, 2026 2:59:12 上午 spec.jbb.JBBmain DoARun -> 信息:   started user thread for Warehouse 81
2月 14, 2026 2:59:12 上午 spec.jbb.JBBmain DoARun -> 信息:   started user thread for Warehouse 82
2月 14, 2026 2:59:12 上午 spec.jbb.JBBmain DoARun -> 信息:   started user thread for Warehouse 83
2月 14, 2026 2:59:12 上午 spec.jbb.JBBmain DoARun -> 信息:   started user thread for Warehouse 84
2月 14, 2026 2:59:12 上午 spec.jbb.JBBmain DoARun -> 信息:   started user thread for Warehouse 85
2月 14, 2026 2:59:12 上午 spec.jbb.JBBmain DoARun -> 信息:   started user thread for Warehouse 86
2月 14, 2026 2:59:12 上午 spec.jbb.JBBmain DoARun -> 信息:   started user thread for Warehouse 87
2月 14, 2026 2:59:12 上午 spec.jbb.JBBmain DoARun -> 信息:   started user thread for Warehouse 88
2月 14, 2026 2:59:12 上午 spec.jbb.JBBmain DoARun -> 信息:   started user thread for Warehouse 89
2月 14, 2026 2:59:12 上午 spec.jbb.JBBmain DoARun -> 信息:   started user thread for Warehouse 90
2月 14, 2026 2:59:12 上午 spec.jbb.Company displayResultTotals -> 信息: Timing Measurement began Sat Feb 14 02:59:12 CST 2026 for 4 minutes
2月 14, 2026 3:03:12 上午 spec.jbb.Company displayResultTotals -> 信息: Timing Measurement ended Sat Feb 14 03:03:12 CST 2026
2月 14, 2026 3:03:12 上午 spec.jbb.Company primeWithDummyData -> 信息: Loading Warehouse 91...
2月 14, 2026 3:03:12 上午 spec.jbb.JBBmain DoARun -> 信息: Start User Threads
2月 14, 2026 3:03:12 上午 spec.jbb.JBBmain DoARun -> 信息:   started user thread for Warehouse 1
2月 14, 2026 3:03:12 上午 spec.jbb.JBBmain DoARun -> 信息:   started user thread for Warehouse 2
2月 14, 2026 3:03:12 上午 spec.jbb.JBBmain DoARun -> 信息:   started user thread for Warehouse 3
2月 14, 2026 3:03:12 上午 spec.jbb.JBBmain DoARun -> 信息:   started user thread for Warehouse 4
2月 14, 2026 3:03:12 上午 spec.jbb.JBBmain DoARun -> 信息:   started user thread for Warehouse 5
2月 14, 2026 3:03:12 上午 spec.jbb.JBBmain DoARun -> 信息:   started user thread for Warehouse 6
2月 14, 2026 3:03:12 上午 spec.jbb.JBBmain DoARun -> 信息:   started user thread for Warehouse 7
2月 14, 2026 3:03:12 上午 spec.jbb.JBBmain DoARun -> 信息:   started user thread for Warehouse 8
2月 14, 2026 3:03:12 上午 spec.jbb.JBBmain DoARun -> 信息:   started user thread for Warehouse 9
2月 14, 2026 3:03:12 上午 spec.jbb.JBBmain DoARun -> 信息:   started user thread for Warehouse 10
2月 14, 2026 3:03:12 上午 spec.jbb.JBBmain DoARun -> 信息:   started user thread for Warehouse 11
2月 14, 2026 3:03:12 上午 spec.jbb.JBBmain DoARun -> 信息:   started user thread for Warehouse 12
2月 14, 2026 3:03:12 上午 spec.jbb.JBBmain DoARun -> 信息:   started user thread for Warehouse 13
2月 14, 2026 3:03:12 上午 spec.jbb.JBBmain DoARun -> 信息:   started user thread for Warehouse 14
2月 14, 2026 3:03:12 上午 spec.jbb.JBBmain DoARun -> 信息:   started user thread for Warehouse 15
2月 14, 2026 3:03:12 上午 spec.jbb.JBBmain DoARun -> 信息:   started user thread for Warehouse 16
2月 14, 2026 3:03:12 上午 spec.jbb.JBBmain DoARun -> 信息:   started user thread for Warehouse 17
2月 14, 2026 3:03:12 上午 spec.jbb.JBBmain DoARun -> 信息:   started user thread for Warehouse 18
2月 14, 2026 3:03:12 上午 spec.jbb.JBBmain DoARun -> 信息:   started user thread for Warehouse 19
2月 14, 2026 3:03:12 上午 spec.jbb.JBBmain DoARun -> 信息:   started user thread for Warehouse 20
2月 14, 2026 3:03:12 上午 spec.jbb.JBBmain DoARun -> 信息:   started user thread for Warehouse 21
2月 14, 2026 3:03:12 上午 spec.jbb.JBBmain DoARun -> 信息:   started user thread for Warehouse 22
2月 14, 2026 3:03:12 上午 spec.jbb.JBBmain DoARun -> 信息:   started user thread for Warehouse 23
2月 14, 2026 3:03:12 上午 spec.jbb.JBBmain DoARun -> 信息:   started user thread for Warehouse 24
2月 14, 2026 3:03:12 上午 spec.jbb.JBBmain DoARun -> 信息:   started user thread for Warehouse 25
2月 14, 2026 3:03:12 上午 spec.jbb.JBBmain DoARun -> 信息:   started user thread for Warehouse 26
2月 14, 2026 3:03:12 上午 spec.jbb.JBBmain DoARun -> 信息:   started user thread for Warehouse 27
2月 14, 2026 3:03:12 上午 spec.jbb.JBBmain DoARun -> 信息:   started user thread for Warehouse 28
2月 14, 2026 3:03:12 上午 spec.jbb.JBBmain DoARun -> 信息:   started user thread for Warehouse 29
2月 14, 2026 3:03:12 上午 spec.jbb.JBBmain DoARun -> 信息:   started user thread for Warehouse 30
2月 14, 2026 3:03:12 上午 spec.jbb.JBBmain DoARun -> 信息:   started user thread for Warehouse 31
2月 14, 2026 3:03:12 上午 spec.jbb.JBBmain DoARun -> 信息:   started user thread for Warehouse 32
2月 14, 2026 3:03:12 上午 spec.jbb.JBBmain DoARun -> 信息:   started user thread for Warehouse 33
2月 14, 2026 3:03:12 上午 spec.jbb.JBBmain DoARun -> 信息:   started user thread for Warehouse 34
2月 14, 2026 3:03:12 上午 spec.jbb.JBBmain DoARun -> 信息:   started user thread for Warehouse 35
2月 14, 2026 3:03:12 上午 spec.jbb.JBBmain DoARun -> 信息:   started user thread for Warehouse 36
2月 14, 2026 3:03:12 上午 spec.jbb.JBBmain DoARun -> 信息:   started user thread for Warehouse 37
2月 14, 2026 3:03:12 上午 spec.jbb.JBBmain DoARun -> 信息:   started user thread for Warehouse 38
2月 14, 2026 3:03:12 上午 spec.jbb.JBBmain DoARun -> 信息:   started user thread for Warehouse 39
2月 14, 2026 3:03:12 上午 spec.jbb.JBBmain DoARun -> 信息:   started user thread for Warehouse 40
2月 14, 2026 3:03:12 上午 spec.jbb.JBBmain DoARun -> 信息:   started user thread for Warehouse 41
2月 14, 2026 3:03:12 上午 spec.jbb.JBBmain DoARun -> 信息:   started user thread for Warehouse 42
2月 14, 2026 3:03:12 上午 spec.jbb.JBBmain DoARun -> 信息:   started user thread for Warehouse 43
2月 14, 2026 3:03:12 上午 spec.jbb.JBBmain DoARun -> 信息:   started user thread for Warehouse 44
2月 14, 2026 3:03:12 上午 spec.jbb.JBBmain DoARun -> 信息:   started user thread for Warehouse 45
2月 14, 2026 3:03:12 上午 spec.jbb.JBBmain DoARun -> 信息:   started user thread for Warehouse 46
2月 14, 2026 3:03:12 上午 spec.jbb.JBBmain DoARun -> 信息:   started user thread for Warehouse 47
2月 14, 2026 3:03:12 上午 spec.jbb.JBBmain DoARun -> 信息:   started user thread for Warehouse 48
2月 14, 2026 3:03:12 上午 spec.jbb.JBBmain DoARun -> 信息:   started user thread for Warehouse 49
2月 14, 2026 3:03:12 上午 spec.jbb.JBBmain DoARun -> 信息:   started user thread for Warehouse 50
2月 14, 2026 3:03:12 上午 spec.jbb.JBBmain DoARun -> 信息:   started user thread for Warehouse 51
2月 14, 2026 3:03:12 上午 spec.jbb.JBBmain DoARun -> 信息:   started user thread for Warehouse 52
2月 14, 2026 3:03:12 上午 spec.jbb.JBBmain DoARun -> 信息:   started user thread for Warehouse 53
2月 14, 2026 3:03:12 上午 spec.jbb.JBBmain DoARun -> 信息:   started user thread for Warehouse 54
2月 14, 2026 3:03:12 上午 spec.jbb.JBBmain DoARun -> 信息:   started user thread for Warehouse 55
2月 14, 2026 3:03:12 上午 spec.jbb.JBBmain DoARun -> 信息:   started user thread for Warehouse 56
2月 14, 2026 3:03:12 上午 spec.jbb.JBBmain DoARun -> 信息:   started user thread for Warehouse 57
2月 14, 2026 3:03:12 上午 spec.jbb.JBBmain DoARun -> 信息:   started user thread for Warehouse 58
2月 14, 2026 3:03:12 上午 spec.jbb.JBBmain DoARun -> 信息:   started user thread for Warehouse 59
2月 14, 2026 3:03:12 上午 spec.jbb.JBBmain DoARun -> 信息:   started user thread for Warehouse 60
2月 14, 2026 3:03:12 上午 spec.jbb.JBBmain DoARun -> 信息:   started user thread for Warehouse 61
2月 14, 2026 3:03:12 上午 spec.jbb.JBBmain DoARun -> 信息:   started user thread for Warehouse 62
2月 14, 2026 3:03:12 上午 spec.jbb.JBBmain DoARun -> 信息:   started user thread for Warehouse 63
2月 14, 2026 3:03:12 上午 spec.jbb.JBBmain DoARun -> 信息:   started user thread for Warehouse 64
2月 14, 2026 3:03:12 上午 spec.jbb.JBBmain DoARun -> 信息:   started user thread for Warehouse 65
2月 14, 2026 3:03:12 上午 spec.jbb.JBBmain DoARun -> 信息:   started user thread for Warehouse 66
2月 14, 2026 3:03:12 上午 spec.jbb.JBBmain DoARun -> 信息:   started user thread for Warehouse 67
2月 14, 2026 3:03:12 上午 spec.jbb.JBBmain DoARun -> 信息:   started user thread for Warehouse 68
2月 14, 2026 3:03:12 上午 spec.jbb.JBBmain DoARun -> 信息:   started user thread for Warehouse 69
2月 14, 2026 3:03:12 上午 spec.jbb.JBBmain DoARun -> 信息:   started user thread for Warehouse 70
2月 14, 2026 3:03:12 上午 spec.jbb.JBBmain DoARun -> 信息:   started user thread for Warehouse 71
2月 14, 2026 3:03:12 上午 spec.jbb.JBBmain DoARun -> 信息:   started user thread for Warehouse 72
2月 14, 2026 3:03:12 上午 spec.jbb.JBBmain DoARun -> 信息:   started user thread for Warehouse 73
2月 14, 2026 3:03:12 上午 spec.jbb.JBBmain DoARun -> 信息:   started user thread for Warehouse 74
2月 14, 2026 3:03:12 上午 spec.jbb.JBBmain DoARun -> 信息:   started user thread for Warehouse 75
2月 14, 2026 3:03:12 上午 spec.jbb.JBBmain DoARun -> 信息:   started user thread for Warehouse 76
2月 14, 2026 3:03:12 上午 spec.jbb.JBBmain DoARun -> 信息:   started user thread for Warehouse 77
2月 14, 2026 3:03:12 上午 spec.jbb.JBBmain DoARun -> 信息:   started user thread for Warehouse 78
2月 14, 2026 3:03:12 上午 spec.jbb.JBBmain DoARun -> 信息:   started user thread for Warehouse 79
2月 14, 2026 3:03:12 上午 spec.jbb.JBBmain DoARun -> 信息:   started user thread for Warehouse 80
2月 14, 2026 3:03:12 上午 spec.jbb.JBBmain DoARun -> 信息:   started user thread for Warehouse 81
2月 14, 2026 3:03:12 上午 spec.jbb.JBBmain DoARun -> 信息:   started user thread for Warehouse 82
2月 14, 2026 3:03:12 上午 spec.jbb.JBBmain DoARun -> 信息:   started user thread for Warehouse 83
2月 14, 2026 3:03:12 上午 spec.jbb.JBBmain DoARun -> 信息:   started user thread for Warehouse 84
2月 14, 2026 3:03:12 上午 spec.jbb.JBBmain DoARun -> 信息:   started user thread for Warehouse 85
2月 14, 2026 3:03:12 上午 spec.jbb.JBBmain DoARun -> 信息:   started user thread for Warehouse 86
2月 14, 2026 3:03:12 上午 spec.jbb.JBBmain DoARun -> 信息:   started user thread for Warehouse 87
2月 14, 2026 3:03:12 上午 spec.jbb.JBBmain DoARun -> 信息:   started user thread for Warehouse 88
2月 14, 2026 3:03:12 上午 spec.jbb.JBBmain DoARun -> 信息:   started user thread for Warehouse 89
2月 14, 2026 3:03:12 上午 spec.jbb.JBBmain DoARun -> 信息:   started user thread for Warehouse 90
2月 14, 2026 3:03:12 上午 spec.jbb.JBBmain DoARun -> 信息:   started user thread for Warehouse 91
2月 14, 2026 3:03:12 上午 spec.jbb.Company displayResultTotals -> 信息: Timing Measurement began Sat Feb 14 03:03:12 CST 2026 for 4 minutes
2月 14, 2026 3:07:12 上午 spec.jbb.Company displayResultTotals -> 信息: Timing Measurement ended Sat Feb 14 03:07:12 CST 2026
2月 14, 2026 3:07:12 上午 spec.jbb.Company primeWithDummyData -> 信息: Loading Warehouse 92...
2月 14, 2026 3:07:12 上午 spec.jbb.JBBmain DoARun -> 信息: Start User Threads
2月 14, 2026 3:07:12 上午 spec.jbb.JBBmain DoARun -> 信息:   started user thread for Warehouse 1
2月 14, 2026 3:07:12 上午 spec.jbb.JBBmain DoARun -> 信息:   started user thread for Warehouse 2
2月 14, 2026 3:07:12 上午 spec.jbb.JBBmain DoARun -> 信息:   started user thread for Warehouse 3
2月 14, 2026 3:07:12 上午 spec.jbb.JBBmain DoARun -> 信息:   started user thread for Warehouse 4
2月 14, 2026 3:07:12 上午 spec.jbb.JBBmain DoARun -> 信息:   started user thread for Warehouse 5
2月 14, 2026 3:07:12 上午 spec.jbb.JBBmain DoARun -> 信息:   started user thread for Warehouse 6
2月 14, 2026 3:07:12 上午 spec.jbb.JBBmain DoARun -> 信息:   started user thread for Warehouse 7
2月 14, 2026 3:07:12 上午 spec.jbb.JBBmain DoARun -> 信息:   started user thread for Warehouse 8
2月 14, 2026 3:07:12 上午 spec.jbb.JBBmain DoARun -> 信息:   started user thread for Warehouse 9
2月 14, 2026 3:07:12 上午 spec.jbb.JBBmain DoARun -> 信息:   started user thread for Warehouse 10
2月 14, 2026 3:07:12 上午 spec.jbb.JBBmain DoARun -> 信息:   started user thread for Warehouse 11
2月 14, 2026 3:07:12 上午 spec.jbb.JBBmain DoARun -> 信息:   started user thread for Warehouse 12
2月 14, 2026 3:07:12 上午 spec.jbb.JBBmain DoARun -> 信息:   started user thread for Warehouse 13
2月 14, 2026 3:07:12 上午 spec.jbb.JBBmain DoARun -> 信息:   started user thread for Warehouse 14
2月 14, 2026 3:07:12 上午 spec.jbb.JBBmain DoARun -> 信息:   started user thread for Warehouse 15
2月 14, 2026 3:07:12 上午 spec.jbb.JBBmain DoARun -> 信息:   started user thread for Warehouse 16
2月 14, 2026 3:07:12 上午 spec.jbb.JBBmain DoARun -> 信息:   started user thread for Warehouse 17
2月 14, 2026 3:07:12 上午 spec.jbb.JBBmain DoARun -> 信息:   started user thread for Warehouse 18
2月 14, 2026 3:07:12 上午 spec.jbb.JBBmain DoARun -> 信息:   started user thread for Warehouse 19
2月 14, 2026 3:07:12 上午 spec.jbb.JBBmain DoARun -> 信息:   started user thread for Warehouse 20
2月 14, 2026 3:07:12 上午 spec.jbb.JBBmain DoARun -> 信息:   started user thread for Warehouse 21
2月 14, 2026 3:07:12 上午 spec.jbb.JBBmain DoARun -> 信息:   started user thread for Warehouse 22
2月 14, 2026 3:07:12 上午 spec.jbb.JBBmain DoARun -> 信息:   started user thread for Warehouse 23
2月 14, 2026 3:07:12 上午 spec.jbb.JBBmain DoARun -> 信息:   started user thread for Warehouse 24
2月 14, 2026 3:07:12 上午 spec.jbb.JBBmain DoARun -> 信息:   started user thread for Warehouse 25
2月 14, 2026 3:07:12 上午 spec.jbb.JBBmain DoARun -> 信息:   started user thread for Warehouse 26
2月 14, 2026 3:07:12 上午 spec.jbb.JBBmain DoARun -> 信息:   started user thread for Warehouse 27
2月 14, 2026 3:07:12 上午 spec.jbb.JBBmain DoARun -> 信息:   started user thread for Warehouse 28
2月 14, 2026 3:07:12 上午 spec.jbb.JBBmain DoARun -> 信息:   started user thread for Warehouse 29
2月 14, 2026 3:07:12 上午 spec.jbb.JBBmain DoARun -> 信息:   started user thread for Warehouse 30
2月 14, 2026 3:07:12 上午 spec.jbb.JBBmain DoARun -> 信息:   started user thread for Warehouse 31
2月 14, 2026 3:07:12 上午 spec.jbb.JBBmain DoARun -> 信息:   started user thread for Warehouse 32
2月 14, 2026 3:07:12 上午 spec.jbb.JBBmain DoARun -> 信息:   started user thread for Warehouse 33
2月 14, 2026 3:07:12 上午 spec.jbb.JBBmain DoARun -> 信息:   started user thread for Warehouse 34
2月 14, 2026 3:07:12 上午 spec.jbb.JBBmain DoARun -> 信息:   started user thread for Warehouse 35
2月 14, 2026 3:07:12 上午 spec.jbb.JBBmain DoARun -> 信息:   started user thread for Warehouse 36
2月 14, 2026 3:07:12 上午 spec.jbb.JBBmain DoARun -> 信息:   started user thread for Warehouse 37
2月 14, 2026 3:07:12 上午 spec.jbb.JBBmain DoARun -> 信息:   started user thread for Warehouse 38
2月 14, 2026 3:07:12 上午 spec.jbb.JBBmain DoARun -> 信息:   started user thread for Warehouse 39
2月 14, 2026 3:07:12 上午 spec.jbb.JBBmain DoARun -> 信息:   started user thread for Warehouse 40
2月 14, 2026 3:07:12 上午 spec.jbb.JBBmain DoARun -> 信息:   started user thread for Warehouse 41
2月 14, 2026 3:07:12 上午 spec.jbb.JBBmain DoARun -> 信息:   started user thread for Warehouse 42
2月 14, 2026 3:07:12 上午 spec.jbb.JBBmain DoARun -> 信息:   started user thread for Warehouse 43
2月 14, 2026 3:07:12 上午 spec.jbb.JBBmain DoARun -> 信息:   started user thread for Warehouse 44
2月 14, 2026 3:07:12 上午 spec.jbb.JBBmain DoARun -> 信息:   started user thread for Warehouse 45
2月 14, 2026 3:07:12 上午 spec.jbb.JBBmain DoARun -> 信息:   started user thread for Warehouse 46
2月 14, 2026 3:07:12 上午 spec.jbb.JBBmain DoARun -> 信息:   started user thread for Warehouse 47
2月 14, 2026 3:07:12 上午 spec.jbb.JBBmain DoARun -> 信息:   started user thread for Warehouse 48
2月 14, 2026 3:07:12 上午 spec.jbb.JBBmain DoARun -> 信息:   started user thread for Warehouse 49
2月 14, 2026 3:07:12 上午 spec.jbb.JBBmain DoARun -> 信息:   started user thread for Warehouse 50
2月 14, 2026 3:07:12 上午 spec.jbb.JBBmain DoARun -> 信息:   started user thread for Warehouse 51
2月 14, 2026 3:07:12 上午 spec.jbb.JBBmain DoARun -> 信息:   started user thread for Warehouse 52
2月 14, 2026 3:07:12 上午 spec.jbb.JBBmain DoARun -> 信息:   started user thread for Warehouse 53
2月 14, 2026 3:07:12 上午 spec.jbb.JBBmain DoARun -> 信息:   started user thread for Warehouse 54
2月 14, 2026 3:07:12 上午 spec.jbb.JBBmain DoARun -> 信息:   started user thread for Warehouse 55
2月 14, 2026 3:07:12 上午 spec.jbb.JBBmain DoARun -> 信息:   started user thread for Warehouse 56
2月 14, 2026 3:07:12 上午 spec.jbb.JBBmain DoARun -> 信息:   started user thread for Warehouse 57
2月 14, 2026 3:07:12 上午 spec.jbb.JBBmain DoARun -> 信息:   started user thread for Warehouse 58
2月 14, 2026 3:07:12 上午 spec.jbb.JBBmain DoARun -> 信息:   started user thread for Warehouse 59
2月 14, 2026 3:07:12 上午 spec.jbb.JBBmain DoARun -> 信息:   started user thread for Warehouse 60
2月 14, 2026 3:07:12 上午 spec.jbb.JBBmain DoARun -> 信息:   started user thread for Warehouse 61
2月 14, 2026 3:07:12 上午 spec.jbb.JBBmain DoARun -> 信息:   started user thread for Warehouse 62
2月 14, 2026 3:07:12 上午 spec.jbb.JBBmain DoARun -> 信息:   started user thread for Warehouse 63
2月 14, 2026 3:07:12 上午 spec.jbb.JBBmain DoARun -> 信息:   started user thread for Warehouse 64
2月 14, 2026 3:07:12 上午 spec.jbb.JBBmain DoARun -> 信息:   started user thread for Warehouse 65
2月 14, 2026 3:07:12 上午 spec.jbb.JBBmain DoARun -> 信息:   started user thread for Warehouse 66
2月 14, 2026 3:07:12 上午 spec.jbb.JBBmain DoARun -> 信息:   started user thread for Warehouse 67
2月 14, 2026 3:07:12 上午 spec.jbb.JBBmain DoARun -> 信息:   started user thread for Warehouse 68
2月 14, 2026 3:07:12 上午 spec.jbb.JBBmain DoARun -> 信息:   started user thread for Warehouse 69
2月 14, 2026 3:07:12 上午 spec.jbb.JBBmain DoARun -> 信息:   started user thread for Warehouse 70
2月 14, 2026 3:07:12 上午 spec.jbb.JBBmain DoARun -> 信息:   started user thread for Warehouse 71
2月 14, 2026 3:07:12 上午 spec.jbb.JBBmain DoARun -> 信息:   started user thread for Warehouse 72
2月 14, 2026 3:07:12 上午 spec.jbb.JBBmain DoARun -> 信息:   started user thread for Warehouse 73
2月 14, 2026 3:07:12 上午 spec.jbb.JBBmain DoARun -> 信息:   started user thread for Warehouse 74
2月 14, 2026 3:07:12 上午 spec.jbb.JBBmain DoARun -> 信息:   started user thread for Warehouse 75
2月 14, 2026 3:07:12 上午 spec.jbb.JBBmain DoARun -> 信息:   started user thread for Warehouse 76
2月 14, 2026 3:07:12 上午 spec.jbb.JBBmain DoARun -> 信息:   started user thread for Warehouse 77
2月 14, 2026 3:07:12 上午 spec.jbb.JBBmain DoARun -> 信息:   started user thread for Warehouse 78
2月 14, 2026 3:07:12 上午 spec.jbb.JBBmain DoARun -> 信息:   started user thread for Warehouse 79
2月 14, 2026 3:07:12 上午 spec.jbb.JBBmain DoARun -> 信息:   started user thread for Warehouse 80
2月 14, 2026 3:07:12 上午 spec.jbb.JBBmain DoARun -> 信息:   started user thread for Warehouse 81
2月 14, 2026 3:07:12 上午 spec.jbb.JBBmain DoARun -> 信息:   started user thread for Warehouse 82
2月 14, 2026 3:07:12 上午 spec.jbb.JBBmain DoARun -> 信息:   started user thread for Warehouse 83
2月 14, 2026 3:07:12 上午 spec.jbb.JBBmain DoARun -> 信息:   started user thread for Warehouse 84
2月 14, 2026 3:07:12 上午 spec.jbb.JBBmain DoARun -> 信息:   started user thread for Warehouse 85
2月 14, 2026 3:07:12 上午 spec.jbb.JBBmain DoARun -> 信息:   started user thread for Warehouse 86
2月 14, 2026 3:07:12 上午 spec.jbb.JBBmain DoARun -> 信息:   started user thread for Warehouse 87
2月 14, 2026 3:07:12 上午 spec.jbb.JBBmain DoARun -> 信息:   started user thread for Warehouse 88
2月 14, 2026 3:07:12 上午 spec.jbb.JBBmain DoARun -> 信息:   started user thread for Warehouse 89
2月 14, 2026 3:07:12 上午 spec.jbb.JBBmain DoARun -> 信息:   started user thread for Warehouse 90
2月 14, 2026 3:07:12 上午 spec.jbb.JBBmain DoARun -> 信息:   started user thread for Warehouse 91
2月 14, 2026 3:07:12 上午 spec.jbb.JBBmain DoARun -> 信息:   started user thread for Warehouse 92
2月 14, 2026 3:07:12 上午 spec.jbb.Company displayResultTotals -> 信息: Timing Measurement began Sat Feb 14 03:07:12 CST 2026 for 4 minutes
2月 14, 2026 3:11:12 上午 spec.jbb.Company displayResultTotals -> 信息: Timing Measurement ended Sat Feb 14 03:11:12 CST 2026
2月 14, 2026 3:11:12 上午 spec.jbb.Company primeWithDummyData -> 信息: Loading Warehouse 93...
2月 14, 2026 3:11:12 上午 spec.jbb.JBBmain DoARun -> 信息: Start User Threads
2月 14, 2026 3:11:12 上午 spec.jbb.JBBmain DoARun -> 信息:   started user thread for Warehouse 1
2月 14, 2026 3:11:12 上午 spec.jbb.JBBmain DoARun -> 信息:   started user thread for Warehouse 2
2月 14, 2026 3:11:12 上午 spec.jbb.JBBmain DoARun -> 信息:   started user thread for Warehouse 3
2月 14, 2026 3:11:12 上午 spec.jbb.JBBmain DoARun -> 信息:   started user thread for Warehouse 4
2月 14, 2026 3:11:12 上午 spec.jbb.JBBmain DoARun -> 信息:   started user thread for Warehouse 5
2月 14, 2026 3:11:12 上午 spec.jbb.JBBmain DoARun -> 信息:   started user thread for Warehouse 6
2月 14, 2026 3:11:12 上午 spec.jbb.JBBmain DoARun -> 信息:   started user thread for Warehouse 7
2月 14, 2026 3:11:12 上午 spec.jbb.JBBmain DoARun -> 信息:   started user thread for Warehouse 8
2月 14, 2026 3:11:12 上午 spec.jbb.JBBmain DoARun -> 信息:   started user thread for Warehouse 9
2月 14, 2026 3:11:12 上午 spec.jbb.JBBmain DoARun -> 信息:   started user thread for Warehouse 10
2月 14, 2026 3:11:12 上午 spec.jbb.JBBmain DoARun -> 信息:   started user thread for Warehouse 11
2月 14, 2026 3:11:12 上午 spec.jbb.JBBmain DoARun -> 信息:   started user thread for Warehouse 12
2月 14, 2026 3:11:12 上午 spec.jbb.JBBmain DoARun -> 信息:   started user thread for Warehouse 13
2月 14, 2026 3:11:12 上午 spec.jbb.JBBmain DoARun -> 信息:   started user thread for Warehouse 14
2月 14, 2026 3:11:12 上午 spec.jbb.JBBmain DoARun -> 信息:   started user thread for Warehouse 15
2月 14, 2026 3:11:12 上午 spec.jbb.JBBmain DoARun -> 信息:   started user thread for Warehouse 16
2月 14, 2026 3:11:12 上午 spec.jbb.JBBmain DoARun -> 信息:   started user thread for Warehouse 17
2月 14, 2026 3:11:12 上午 spec.jbb.JBBmain DoARun -> 信息:   started user thread for Warehouse 18
2月 14, 2026 3:11:12 上午 spec.jbb.JBBmain DoARun -> 信息:   started user thread for Warehouse 19
2月 14, 2026 3:11:12 上午 spec.jbb.JBBmain DoARun -> 信息:   started user thread for Warehouse 20
2月 14, 2026 3:11:12 上午 spec.jbb.JBBmain DoARun -> 信息:   started user thread for Warehouse 21
2月 14, 2026 3:11:12 上午 spec.jbb.JBBmain DoARun -> 信息:   started user thread for Warehouse 22
2月 14, 2026 3:11:12 上午 spec.jbb.JBBmain DoARun -> 信息:   started user thread for Warehouse 23
2月 14, 2026 3:11:12 上午 spec.jbb.JBBmain DoARun -> 信息:   started user thread for Warehouse 24
2月 14, 2026 3:11:12 上午 spec.jbb.JBBmain DoARun -> 信息:   started user thread for Warehouse 25
2月 14, 2026 3:11:12 上午 spec.jbb.JBBmain DoARun -> 信息:   started user thread for Warehouse 26
2月 14, 2026 3:11:12 上午 spec.jbb.JBBmain DoARun -> 信息:   started user thread for Warehouse 27
2月 14, 2026 3:11:12 上午 spec.jbb.JBBmain DoARun -> 信息:   started user thread for Warehouse 28
2月 14, 2026 3:11:12 上午 spec.jbb.JBBmain DoARun -> 信息:   started user thread for Warehouse 29
2月 14, 2026 3:11:12 上午 spec.jbb.JBBmain DoARun -> 信息:   started user thread for Warehouse 30
2月 14, 2026 3:11:12 上午 spec.jbb.JBBmain DoARun -> 信息:   started user thread for Warehouse 31
2月 14, 2026 3:11:12 上午 spec.jbb.JBBmain DoARun -> 信息:   started user thread for Warehouse 32
2月 14, 2026 3:11:12 上午 spec.jbb.JBBmain DoARun -> 信息:   started user thread for Warehouse 33
2月 14, 2026 3:11:12 上午 spec.jbb.JBBmain DoARun -> 信息:   started user thread for Warehouse 34
2月 14, 2026 3:11:12 上午 spec.jbb.JBBmain DoARun -> 信息:   started user thread for Warehouse 35
2月 14, 2026 3:11:12 上午 spec.jbb.JBBmain DoARun -> 信息:   started user thread for Warehouse 36
2月 14, 2026 3:11:12 上午 spec.jbb.JBBmain DoARun -> 信息:   started user thread for Warehouse 37
2月 14, 2026 3:11:12 上午 spec.jbb.JBBmain DoARun -> 信息:   started user thread for Warehouse 38
2月 14, 2026 3:11:12 上午 spec.jbb.JBBmain DoARun -> 信息:   started user thread for Warehouse 39
2月 14, 2026 3:11:12 上午 spec.jbb.JBBmain DoARun -> 信息:   started user thread for Warehouse 40
2月 14, 2026 3:11:12 上午 spec.jbb.JBBmain DoARun -> 信息:   started user thread for Warehouse 41
2月 14, 2026 3:11:12 上午 spec.jbb.JBBmain DoARun -> 信息:   started user thread for Warehouse 42
2月 14, 2026 3:11:12 上午 spec.jbb.JBBmain DoARun -> 信息:   started user thread for Warehouse 43
2月 14, 2026 3:11:12 上午 spec.jbb.JBBmain DoARun -> 信息:   started user thread for Warehouse 44
2月 14, 2026 3:11:12 上午 spec.jbb.JBBmain DoARun -> 信息:   started user thread for Warehouse 45
2月 14, 2026 3:11:12 上午 spec.jbb.JBBmain DoARun -> 信息:   started user thread for Warehouse 46
2月 14, 2026 3:11:12 上午 spec.jbb.JBBmain DoARun -> 信息:   started user thread for Warehouse 47
2月 14, 2026 3:11:12 上午 spec.jbb.JBBmain DoARun -> 信息:   started user thread for Warehouse 48
2月 14, 2026 3:11:12 上午 spec.jbb.JBBmain DoARun -> 信息:   started user thread for Warehouse 49
2月 14, 2026 3:11:12 上午 spec.jbb.JBBmain DoARun -> 信息:   started user thread for Warehouse 50
2月 14, 2026 3:11:12 上午 spec.jbb.JBBmain DoARun -> 信息:   started user thread for Warehouse 51
2月 14, 2026 3:11:12 上午 spec.jbb.JBBmain DoARun -> 信息:   started user thread for Warehouse 52
2月 14, 2026 3:11:12 上午 spec.jbb.JBBmain DoARun -> 信息:   started user thread for Warehouse 53
2月 14, 2026 3:11:12 上午 spec.jbb.JBBmain DoARun -> 信息:   started user thread for Warehouse 54
2月 14, 2026 3:11:12 上午 spec.jbb.JBBmain DoARun -> 信息:   started user thread for Warehouse 55
2月 14, 2026 3:11:12 上午 spec.jbb.JBBmain DoARun -> 信息:   started user thread for Warehouse 56
2月 14, 2026 3:11:12 上午 spec.jbb.JBBmain DoARun -> 信息:   started user thread for Warehouse 57
2月 14, 2026 3:11:12 上午 spec.jbb.JBBmain DoARun -> 信息:   started user thread for Warehouse 58
2月 14, 2026 3:11:12 上午 spec.jbb.JBBmain DoARun -> 信息:   started user thread for Warehouse 59
2月 14, 2026 3:11:12 上午 spec.jbb.JBBmain DoARun -> 信息:   started user thread for Warehouse 60
2月 14, 2026 3:11:12 上午 spec.jbb.JBBmain DoARun -> 信息:   started user thread for Warehouse 61
2月 14, 2026 3:11:12 上午 spec.jbb.JBBmain DoARun -> 信息:   started user thread for Warehouse 62
2月 14, 2026 3:11:12 上午 spec.jbb.JBBmain DoARun -> 信息:   started user thread for Warehouse 63
2月 14, 2026 3:11:12 上午 spec.jbb.JBBmain DoARun -> 信息:   started user thread for Warehouse 64
2月 14, 2026 3:11:12 上午 spec.jbb.JBBmain DoARun -> 信息:   started user thread for Warehouse 65
2月 14, 2026 3:11:12 上午 spec.jbb.JBBmain DoARun -> 信息:   started user thread for Warehouse 66
2月 14, 2026 3:11:12 上午 spec.jbb.JBBmain DoARun -> 信息:   started user thread for Warehouse 67
2月 14, 2026 3:11:12 上午 spec.jbb.JBBmain DoARun -> 信息:   started user thread for Warehouse 68
2月 14, 2026 3:11:12 上午 spec.jbb.JBBmain DoARun -> 信息:   started user thread for Warehouse 69
2月 14, 2026 3:11:12 上午 spec.jbb.JBBmain DoARun -> 信息:   started user thread for Warehouse 70
2月 14, 2026 3:11:12 上午 spec.jbb.JBBmain DoARun -> 信息:   started user thread for Warehouse 71
2月 14, 2026 3:11:12 上午 spec.jbb.JBBmain DoARun -> 信息:   started user thread for Warehouse 72
2月 14, 2026 3:11:12 上午 spec.jbb.JBBmain DoARun -> 信息:   started user thread for Warehouse 73
2月 14, 2026 3:11:12 上午 spec.jbb.JBBmain DoARun -> 信息:   started user thread for Warehouse 74
2月 14, 2026 3:11:12 上午 spec.jbb.JBBmain DoARun -> 信息:   started user thread for Warehouse 75
2月 14, 2026 3:11:12 上午 spec.jbb.JBBmain DoARun -> 信息:   started user thread for Warehouse 76
2月 14, 2026 3:11:12 上午 spec.jbb.JBBmain DoARun -> 信息:   started user thread for Warehouse 77
2月 14, 2026 3:11:12 上午 spec.jbb.JBBmain DoARun -> 信息:   started user thread for Warehouse 78
2月 14, 2026 3:11:12 上午 spec.jbb.JBBmain DoARun -> 信息:   started user thread for Warehouse 79
2月 14, 2026 3:11:12 上午 spec.jbb.JBBmain DoARun -> 信息:   started user thread for Warehouse 80
2月 14, 2026 3:11:12 上午 spec.jbb.JBBmain DoARun -> 信息:   started user thread for Warehouse 81
2月 14, 2026 3:11:12 上午 spec.jbb.JBBmain DoARun -> 信息:   started user thread for Warehouse 82
2月 14, 2026 3:11:12 上午 spec.jbb.JBBmain DoARun -> 信息:   started user thread for Warehouse 83
2月 14, 2026 3:11:12 上午 spec.jbb.JBBmain DoARun -> 信息:   started user thread for Warehouse 84
2月 14, 2026 3:11:12 上午 spec.jbb.JBBmain DoARun -> 信息:   started user thread for Warehouse 85
2月 14, 2026 3:11:12 上午 spec.jbb.JBBmain DoARun -> 信息:   started user thread for Warehouse 86
2月 14, 2026 3:11:12 上午 spec.jbb.JBBmain DoARun -> 信息:   started user thread for Warehouse 87
2月 14, 2026 3:11:12 上午 spec.jbb.JBBmain DoARun -> 信息:   started user thread for Warehouse 88
2月 14, 2026 3:11:12 上午 spec.jbb.JBBmain DoARun -> 信息:   started user thread for Warehouse 89
2月 14, 2026 3:11:12 上午 spec.jbb.JBBmain DoARun -> 信息:   started user thread for Warehouse 90
2月 14, 2026 3:11:12 上午 spec.jbb.JBBmain DoARun -> 信息:   started user thread for Warehouse 91
2月 14, 2026 3:11:12 上午 spec.jbb.JBBmain DoARun -> 信息:   started user thread for Warehouse 92
2月 14, 2026 3:11:12 上午 spec.jbb.JBBmain DoARun -> 信息:   started user thread for Warehouse 93
2月 14, 2026 3:11:12 上午 spec.jbb.Company displayResultTotals -> 信息: Timing Measurement began Sat Feb 14 03:11:12 CST 2026 for 4 minutes
2月 14, 2026 3:15:13 上午 spec.jbb.Company displayResultTotals -> 信息: Timing Measurement ended Sat Feb 14 03:15:13 CST 2026
2月 14, 2026 3:15:13 上午 spec.jbb.Company primeWithDummyData -> 信息: Loading Warehouse 94...
2月 14, 2026 3:15:13 上午 spec.jbb.JBBmain DoARun -> 信息: Start User Threads
2月 14, 2026 3:15:13 上午 spec.jbb.JBBmain DoARun -> 信息:   started user thread for Warehouse 1
2月 14, 2026 3:15:13 上午 spec.jbb.JBBmain DoARun -> 信息:   started user thread for Warehouse 2
2月 14, 2026 3:15:13 上午 spec.jbb.JBBmain DoARun -> 信息:   started user thread for Warehouse 3
2月 14, 2026 3:15:13 上午 spec.jbb.JBBmain DoARun -> 信息:   started user thread for Warehouse 4
2月 14, 2026 3:15:13 上午 spec.jbb.JBBmain DoARun -> 信息:   started user thread for Warehouse 5
2月 14, 2026 3:15:13 上午 spec.jbb.JBBmain DoARun -> 信息:   started user thread for Warehouse 6
2月 14, 2026 3:15:13 上午 spec.jbb.JBBmain DoARun -> 信息:   started user thread for Warehouse 7
2月 14, 2026 3:15:13 上午 spec.jbb.JBBmain DoARun -> 信息:   started user thread for Warehouse 8
2月 14, 2026 3:15:13 上午 spec.jbb.JBBmain DoARun -> 信息:   started user thread for Warehouse 9
2月 14, 2026 3:15:13 上午 spec.jbb.JBBmain DoARun -> 信息:   started user thread for Warehouse 10
2月 14, 2026 3:15:13 上午 spec.jbb.JBBmain DoARun -> 信息:   started user thread for Warehouse 11
2月 14, 2026 3:15:13 上午 spec.jbb.JBBmain DoARun -> 信息:   started user thread for Warehouse 12
2月 14, 2026 3:15:13 上午 spec.jbb.JBBmain DoARun -> 信息:   started user thread for Warehouse 13
2月 14, 2026 3:15:13 上午 spec.jbb.JBBmain DoARun -> 信息:   started user thread for Warehouse 14
2月 14, 2026 3:15:13 上午 spec.jbb.JBBmain DoARun -> 信息:   started user thread for Warehouse 15
2月 14, 2026 3:15:13 上午 spec.jbb.JBBmain DoARun -> 信息:   started user thread for Warehouse 16
2月 14, 2026 3:15:13 上午 spec.jbb.JBBmain DoARun -> 信息:   started user thread for Warehouse 17
2月 14, 2026 3:15:13 上午 spec.jbb.JBBmain DoARun -> 信息:   started user thread for Warehouse 18
2月 14, 2026 3:15:13 上午 spec.jbb.JBBmain DoARun -> 信息:   started user thread for Warehouse 19
2月 14, 2026 3:15:13 上午 spec.jbb.JBBmain DoARun -> 信息:   started user thread for Warehouse 20
2月 14, 2026 3:15:13 上午 spec.jbb.JBBmain DoARun -> 信息:   started user thread for Warehouse 21
2月 14, 2026 3:15:13 上午 spec.jbb.JBBmain DoARun -> 信息:   started user thread for Warehouse 22
2月 14, 2026 3:15:13 上午 spec.jbb.JBBmain DoARun -> 信息:   started user thread for Warehouse 23
2月 14, 2026 3:15:13 上午 spec.jbb.JBBmain DoARun -> 信息:   started user thread for Warehouse 24
2月 14, 2026 3:15:13 上午 spec.jbb.JBBmain DoARun -> 信息:   started user thread for Warehouse 25
2月 14, 2026 3:15:13 上午 spec.jbb.JBBmain DoARun -> 信息:   started user thread for Warehouse 26
2月 14, 2026 3:15:13 上午 spec.jbb.JBBmain DoARun -> 信息:   started user thread for Warehouse 27
2月 14, 2026 3:15:13 上午 spec.jbb.JBBmain DoARun -> 信息:   started user thread for Warehouse 28
2月 14, 2026 3:15:13 上午 spec.jbb.JBBmain DoARun -> 信息:   started user thread for Warehouse 29
2月 14, 2026 3:15:13 上午 spec.jbb.JBBmain DoARun -> 信息:   started user thread for Warehouse 30
2月 14, 2026 3:15:13 上午 spec.jbb.JBBmain DoARun -> 信息:   started user thread for Warehouse 31
2月 14, 2026 3:15:13 上午 spec.jbb.JBBmain DoARun -> 信息:   started user thread for Warehouse 32
2月 14, 2026 3:15:13 上午 spec.jbb.JBBmain DoARun -> 信息:   started user thread for Warehouse 33
2月 14, 2026 3:15:13 上午 spec.jbb.JBBmain DoARun -> 信息:   started user thread for Warehouse 34
2月 14, 2026 3:15:13 上午 spec.jbb.JBBmain DoARun -> 信息:   started user thread for Warehouse 35
2月 14, 2026 3:15:13 上午 spec.jbb.JBBmain DoARun -> 信息:   started user thread for Warehouse 36
2月 14, 2026 3:15:13 上午 spec.jbb.JBBmain DoARun -> 信息:   started user thread for Warehouse 37
2月 14, 2026 3:15:13 上午 spec.jbb.JBBmain DoARun -> 信息:   started user thread for Warehouse 38
2月 14, 2026 3:15:13 上午 spec.jbb.JBBmain DoARun -> 信息:   started user thread for Warehouse 39
2月 14, 2026 3:15:13 上午 spec.jbb.JBBmain DoARun -> 信息:   started user thread for Warehouse 40
2月 14, 2026 3:15:13 上午 spec.jbb.JBBmain DoARun -> 信息:   started user thread for Warehouse 41
2月 14, 2026 3:15:13 上午 spec.jbb.JBBmain DoARun -> 信息:   started user thread for Warehouse 42
2月 14, 2026 3:15:13 上午 spec.jbb.JBBmain DoARun -> 信息:   started user thread for Warehouse 43
2月 14, 2026 3:15:13 上午 spec.jbb.JBBmain DoARun -> 信息:   started user thread for Warehouse 44
2月 14, 2026 3:15:13 上午 spec.jbb.JBBmain DoARun -> 信息:   started user thread for Warehouse 45
2月 14, 2026 3:15:13 上午 spec.jbb.JBBmain DoARun -> 信息:   started user thread for Warehouse 46
2月 14, 2026 3:15:13 上午 spec.jbb.JBBmain DoARun -> 信息:   started user thread for Warehouse 47
2月 14, 2026 3:15:13 上午 spec.jbb.JBBmain DoARun -> 信息:   started user thread for Warehouse 48
2月 14, 2026 3:15:13 上午 spec.jbb.JBBmain DoARun -> 信息:   started user thread for Warehouse 49
2月 14, 2026 3:15:13 上午 spec.jbb.JBBmain DoARun -> 信息:   started user thread for Warehouse 50
2月 14, 2026 3:15:13 上午 spec.jbb.JBBmain DoARun -> 信息:   started user thread for Warehouse 51
2月 14, 2026 3:15:13 上午 spec.jbb.JBBmain DoARun -> 信息:   started user thread for Warehouse 52
2月 14, 2026 3:15:13 上午 spec.jbb.JBBmain DoARun -> 信息:   started user thread for Warehouse 53
2月 14, 2026 3:15:13 上午 spec.jbb.JBBmain DoARun -> 信息:   started user thread for Warehouse 54
2月 14, 2026 3:15:13 上午 spec.jbb.JBBmain DoARun -> 信息:   started user thread for Warehouse 55
2月 14, 2026 3:15:13 上午 spec.jbb.JBBmain DoARun -> 信息:   started user thread for Warehouse 56
2月 14, 2026 3:15:13 上午 spec.jbb.JBBmain DoARun -> 信息:   started user thread for Warehouse 57
2月 14, 2026 3:15:13 上午 spec.jbb.JBBmain DoARun -> 信息:   started user thread for Warehouse 58
2月 14, 2026 3:15:13 上午 spec.jbb.JBBmain DoARun -> 信息:   started user thread for Warehouse 59
2月 14, 2026 3:15:13 上午 spec.jbb.JBBmain DoARun -> 信息:   started user thread for Warehouse 60
2月 14, 2026 3:15:13 上午 spec.jbb.JBBmain DoARun -> 信息:   started user thread for Warehouse 61
2月 14, 2026 3:15:13 上午 spec.jbb.JBBmain DoARun -> 信息:   started user thread for Warehouse 62
2月 14, 2026 3:15:13 上午 spec.jbb.JBBmain DoARun -> 信息:   started user thread for Warehouse 63
2月 14, 2026 3:15:13 上午 spec.jbb.JBBmain DoARun -> 信息:   started user thread for Warehouse 64
2月 14, 2026 3:15:13 上午 spec.jbb.JBBmain DoARun -> 信息:   started user thread for Warehouse 65
2月 14, 2026 3:15:13 上午 spec.jbb.JBBmain DoARun -> 信息:   started user thread for Warehouse 66
2月 14, 2026 3:15:13 上午 spec.jbb.JBBmain DoARun -> 信息:   started user thread for Warehouse 67
2月 14, 2026 3:15:13 上午 spec.jbb.JBBmain DoARun -> 信息:   started user thread for Warehouse 68
2月 14, 2026 3:15:13 上午 spec.jbb.JBBmain DoARun -> 信息:   started user thread for Warehouse 69
2月 14, 2026 3:15:13 上午 spec.jbb.JBBmain DoARun -> 信息:   started user thread for Warehouse 70
2月 14, 2026 3:15:13 上午 spec.jbb.JBBmain DoARun -> 信息:   started user thread for Warehouse 71
2月 14, 2026 3:15:13 上午 spec.jbb.JBBmain DoARun -> 信息:   started user thread for Warehouse 72
2月 14, 2026 3:15:13 上午 spec.jbb.JBBmain DoARun -> 信息:   started user thread for Warehouse 73
2月 14, 2026 3:15:13 上午 spec.jbb.JBBmain DoARun -> 信息:   started user thread for Warehouse 74
2月 14, 2026 3:15:13 上午 spec.jbb.JBBmain DoARun -> 信息:   started user thread for Warehouse 75
2月 14, 2026 3:15:13 上午 spec.jbb.JBBmain DoARun -> 信息:   started user thread for Warehouse 76
2月 14, 2026 3:15:13 上午 spec.jbb.JBBmain DoARun -> 信息:   started user thread for Warehouse 77
2月 14, 2026 3:15:13 上午 spec.jbb.JBBmain DoARun -> 信息:   started user thread for Warehouse 78
2月 14, 2026 3:15:13 上午 spec.jbb.JBBmain DoARun -> 信息:   started user thread for Warehouse 79
2月 14, 2026 3:15:13 上午 spec.jbb.JBBmain DoARun -> 信息:   started user thread for Warehouse 80
2月 14, 2026 3:15:13 上午 spec.jbb.JBBmain DoARun -> 信息:   started user thread for Warehouse 81
2月 14, 2026 3:15:13 上午 spec.jbb.JBBmain DoARun -> 信息:   started user thread for Warehouse 82
2月 14, 2026 3:15:13 上午 spec.jbb.JBBmain DoARun -> 信息:   started user thread for Warehouse 83
2月 14, 2026 3:15:13 上午 spec.jbb.JBBmain DoARun -> 信息:   started user thread for Warehouse 84
2月 14, 2026 3:15:13 上午 spec.jbb.JBBmain DoARun -> 信息:   started user thread for Warehouse 85
2月 14, 2026 3:15:13 上午 spec.jbb.JBBmain DoARun -> 信息:   started user thread for Warehouse 86
2月 14, 2026 3:15:13 上午 spec.jbb.JBBmain DoARun -> 信息:   started user thread for Warehouse 87
2月 14, 2026 3:15:13 上午 spec.jbb.JBBmain DoARun -> 信息:   started user thread for Warehouse 88
2月 14, 2026 3:15:13 上午 spec.jbb.JBBmain DoARun -> 信息:   started user thread for Warehouse 89
2月 14, 2026 3:15:13 上午 spec.jbb.JBBmain DoARun -> 信息:   started user thread for Warehouse 90
2月 14, 2026 3:15:13 上午 spec.jbb.JBBmain DoARun -> 信息:   started user thread for Warehouse 91
2月 14, 2026 3:15:13 上午 spec.jbb.JBBmain DoARun -> 信息:   started user thread for Warehouse 92
2月 14, 2026 3:15:13 上午 spec.jbb.JBBmain DoARun -> 信息:   started user thread for Warehouse 93
2月 14, 2026 3:15:13 上午 spec.jbb.JBBmain DoARun -> 信息:   started user thread for Warehouse 94
2月 14, 2026 3:15:13 上午 spec.jbb.Company displayResultTotals -> 信息: Timing Measurement began Sat Feb 14 03:15:13 CST 2026 for 4 minutes
2月 14, 2026 3:19:13 上午 spec.jbb.Company displayResultTotals -> 信息: Timing Measurement ended Sat Feb 14 03:19:13 CST 2026
2月 14, 2026 3:19:13 上午 spec.jbb.Company primeWithDummyData -> 信息: Loading Warehouse 95...
2月 14, 2026 3:19:13 上午 spec.jbb.JBBmain DoARun -> 信息: Start User Threads
2月 14, 2026 3:19:13 上午 spec.jbb.JBBmain DoARun -> 信息:   started user thread for Warehouse 1
2月 14, 2026 3:19:13 上午 spec.jbb.JBBmain DoARun -> 信息:   started user thread for Warehouse 2
2月 14, 2026 3:19:13 上午 spec.jbb.JBBmain DoARun -> 信息:   started user thread for Warehouse 3
2月 14, 2026 3:19:13 上午 spec.jbb.JBBmain DoARun -> 信息:   started user thread for Warehouse 4
2月 14, 2026 3:19:13 上午 spec.jbb.JBBmain DoARun -> 信息:   started user thread for Warehouse 5
2月 14, 2026 3:19:13 上午 spec.jbb.JBBmain DoARun -> 信息:   started user thread for Warehouse 6
2月 14, 2026 3:19:13 上午 spec.jbb.JBBmain DoARun -> 信息:   started user thread for Warehouse 7
2月 14, 2026 3:19:13 上午 spec.jbb.JBBmain DoARun -> 信息:   started user thread for Warehouse 8
2月 14, 2026 3:19:13 上午 spec.jbb.JBBmain DoARun -> 信息:   started user thread for Warehouse 9
2月 14, 2026 3:19:13 上午 spec.jbb.JBBmain DoARun -> 信息:   started user thread for Warehouse 10
2月 14, 2026 3:19:13 上午 spec.jbb.JBBmain DoARun -> 信息:   started user thread for Warehouse 11
2月 14, 2026 3:19:13 上午 spec.jbb.JBBmain DoARun -> 信息:   started user thread for Warehouse 12
2月 14, 2026 3:19:13 上午 spec.jbb.JBBmain DoARun -> 信息:   started user thread for Warehouse 13
2月 14, 2026 3:19:13 上午 spec.jbb.JBBmain DoARun -> 信息:   started user thread for Warehouse 14
2月 14, 2026 3:19:13 上午 spec.jbb.JBBmain DoARun -> 信息:   started user thread for Warehouse 15
2月 14, 2026 3:19:13 上午 spec.jbb.JBBmain DoARun -> 信息:   started user thread for Warehouse 16
2月 14, 2026 3:19:13 上午 spec.jbb.JBBmain DoARun -> 信息:   started user thread for Warehouse 17
2月 14, 2026 3:19:13 上午 spec.jbb.JBBmain DoARun -> 信息:   started user thread for Warehouse 18
2月 14, 2026 3:19:13 上午 spec.jbb.JBBmain DoARun -> 信息:   started user thread for Warehouse 19
2月 14, 2026 3:19:13 上午 spec.jbb.JBBmain DoARun -> 信息:   started user thread for Warehouse 20
2月 14, 2026 3:19:13 上午 spec.jbb.JBBmain DoARun -> 信息:   started user thread for Warehouse 21
2月 14, 2026 3:19:13 上午 spec.jbb.JBBmain DoARun -> 信息:   started user thread for Warehouse 22
2月 14, 2026 3:19:13 上午 spec.jbb.JBBmain DoARun -> 信息:   started user thread for Warehouse 23
2月 14, 2026 3:19:13 上午 spec.jbb.JBBmain DoARun -> 信息:   started user thread for Warehouse 24
2月 14, 2026 3:19:13 上午 spec.jbb.JBBmain DoARun -> 信息:   started user thread for Warehouse 25
2月 14, 2026 3:19:13 上午 spec.jbb.JBBmain DoARun -> 信息:   started user thread for Warehouse 26
2月 14, 2026 3:19:13 上午 spec.jbb.JBBmain DoARun -> 信息:   started user thread for Warehouse 27
2月 14, 2026 3:19:13 上午 spec.jbb.JBBmain DoARun -> 信息:   started user thread for Warehouse 28
2月 14, 2026 3:19:13 上午 spec.jbb.JBBmain DoARun -> 信息:   started user thread for Warehouse 29
2月 14, 2026 3:19:13 上午 spec.jbb.JBBmain DoARun -> 信息:   started user thread for Warehouse 30
2月 14, 2026 3:19:13 上午 spec.jbb.JBBmain DoARun -> 信息:   started user thread for Warehouse 31
2月 14, 2026 3:19:13 上午 spec.jbb.JBBmain DoARun -> 信息:   started user thread for Warehouse 32
2月 14, 2026 3:19:13 上午 spec.jbb.JBBmain DoARun -> 信息:   started user thread for Warehouse 33
2月 14, 2026 3:19:13 上午 spec.jbb.JBBmain DoARun -> 信息:   started user thread for Warehouse 34
2月 14, 2026 3:19:13 上午 spec.jbb.JBBmain DoARun -> 信息:   started user thread for Warehouse 35
2月 14, 2026 3:19:13 上午 spec.jbb.JBBmain DoARun -> 信息:   started user thread for Warehouse 36
2月 14, 2026 3:19:13 上午 spec.jbb.JBBmain DoARun -> 信息:   started user thread for Warehouse 37
2月 14, 2026 3:19:13 上午 spec.jbb.JBBmain DoARun -> 信息:   started user thread for Warehouse 38
2月 14, 2026 3:19:13 上午 spec.jbb.JBBmain DoARun -> 信息:   started user thread for Warehouse 39
2月 14, 2026 3:19:13 上午 spec.jbb.JBBmain DoARun -> 信息:   started user thread for Warehouse 40
2月 14, 2026 3:19:13 上午 spec.jbb.JBBmain DoARun -> 信息:   started user thread for Warehouse 41
2月 14, 2026 3:19:13 上午 spec.jbb.JBBmain DoARun -> 信息:   started user thread for Warehouse 42
2月 14, 2026 3:19:13 上午 spec.jbb.JBBmain DoARun -> 信息:   started user thread for Warehouse 43
2月 14, 2026 3:19:13 上午 spec.jbb.JBBmain DoARun -> 信息:   started user thread for Warehouse 44
2月 14, 2026 3:19:13 上午 spec.jbb.JBBmain DoARun -> 信息:   started user thread for Warehouse 45
2月 14, 2026 3:19:13 上午 spec.jbb.JBBmain DoARun -> 信息:   started user thread for Warehouse 46
2月 14, 2026 3:19:13 上午 spec.jbb.JBBmain DoARun -> 信息:   started user thread for Warehouse 47
2月 14, 2026 3:19:13 上午 spec.jbb.JBBmain DoARun -> 信息:   started user thread for Warehouse 48
2月 14, 2026 3:19:13 上午 spec.jbb.JBBmain DoARun -> 信息:   started user thread for Warehouse 49
2月 14, 2026 3:19:13 上午 spec.jbb.JBBmain DoARun -> 信息:   started user thread for Warehouse 50
2月 14, 2026 3:19:13 上午 spec.jbb.JBBmain DoARun -> 信息:   started user thread for Warehouse 51
2月 14, 2026 3:19:13 上午 spec.jbb.JBBmain DoARun -> 信息:   started user thread for Warehouse 52
2月 14, 2026 3:19:13 上午 spec.jbb.JBBmain DoARun -> 信息:   started user thread for Warehouse 53
2月 14, 2026 3:19:13 上午 spec.jbb.JBBmain DoARun -> 信息:   started user thread for Warehouse 54
2月 14, 2026 3:19:13 上午 spec.jbb.JBBmain DoARun -> 信息:   started user thread for Warehouse 55
2月 14, 2026 3:19:13 上午 spec.jbb.JBBmain DoARun -> 信息:   started user thread for Warehouse 56
2月 14, 2026 3:19:13 上午 spec.jbb.JBBmain DoARun -> 信息:   started user thread for Warehouse 57
2月 14, 2026 3:19:13 上午 spec.jbb.JBBmain DoARun -> 信息:   started user thread for Warehouse 58
2月 14, 2026 3:19:13 上午 spec.jbb.JBBmain DoARun -> 信息:   started user thread for Warehouse 59
2月 14, 2026 3:19:13 上午 spec.jbb.JBBmain DoARun -> 信息:   started user thread for Warehouse 60
2月 14, 2026 3:19:13 上午 spec.jbb.JBBmain DoARun -> 信息:   started user thread for Warehouse 61
2月 14, 2026 3:19:13 上午 spec.jbb.JBBmain DoARun -> 信息:   started user thread for Warehouse 62
2月 14, 2026 3:19:13 上午 spec.jbb.JBBmain DoARun -> 信息:   started user thread for Warehouse 63
2月 14, 2026 3:19:13 上午 spec.jbb.JBBmain DoARun -> 信息:   started user thread for Warehouse 64
2月 14, 2026 3:19:13 上午 spec.jbb.JBBmain DoARun -> 信息:   started user thread for Warehouse 65
2月 14, 2026 3:19:13 上午 spec.jbb.JBBmain DoARun -> 信息:   started user thread for Warehouse 66
2月 14, 2026 3:19:13 上午 spec.jbb.JBBmain DoARun -> 信息:   started user thread for Warehouse 67
2月 14, 2026 3:19:13 上午 spec.jbb.JBBmain DoARun -> 信息:   started user thread for Warehouse 68
2月 14, 2026 3:19:13 上午 spec.jbb.JBBmain DoARun -> 信息:   started user thread for Warehouse 69
2月 14, 2026 3:19:13 上午 spec.jbb.JBBmain DoARun -> 信息:   started user thread for Warehouse 70
2月 14, 2026 3:19:13 上午 spec.jbb.JBBmain DoARun -> 信息:   started user thread for Warehouse 71
2月 14, 2026 3:19:13 上午 spec.jbb.JBBmain DoARun -> 信息:   started user thread for Warehouse 72
2月 14, 2026 3:19:13 上午 spec.jbb.JBBmain DoARun -> 信息:   started user thread for Warehouse 73
2月 14, 2026 3:19:13 上午 spec.jbb.JBBmain DoARun -> 信息:   started user thread for Warehouse 74
2月 14, 2026 3:19:13 上午 spec.jbb.JBBmain DoARun -> 信息:   started user thread for Warehouse 75
2月 14, 2026 3:19:13 上午 spec.jbb.JBBmain DoARun -> 信息:   started user thread for Warehouse 76
2月 14, 2026 3:19:13 上午 spec.jbb.JBBmain DoARun -> 信息:   started user thread for Warehouse 77
2月 14, 2026 3:19:13 上午 spec.jbb.JBBmain DoARun -> 信息:   started user thread for Warehouse 78
2月 14, 2026 3:19:13 上午 spec.jbb.JBBmain DoARun -> 信息:   started user thread for Warehouse 79
2月 14, 2026 3:19:13 上午 spec.jbb.JBBmain DoARun -> 信息:   started user thread for Warehouse 80
2月 14, 2026 3:19:13 上午 spec.jbb.JBBmain DoARun -> 信息:   started user thread for Warehouse 81
2月 14, 2026 3:19:13 上午 spec.jbb.JBBmain DoARun -> 信息:   started user thread for Warehouse 82
2月 14, 2026 3:19:13 上午 spec.jbb.JBBmain DoARun -> 信息:   started user thread for Warehouse 83
2月 14, 2026 3:19:13 上午 spec.jbb.JBBmain DoARun -> 信息:   started user thread for Warehouse 84
2月 14, 2026 3:19:13 上午 spec.jbb.JBBmain DoARun -> 信息:   started user thread for Warehouse 85
2月 14, 2026 3:19:13 上午 spec.jbb.JBBmain DoARun -> 信息:   started user thread for Warehouse 86
2月 14, 2026 3:19:13 上午 spec.jbb.JBBmain DoARun -> 信息:   started user thread for Warehouse 87
2月 14, 2026 3:19:13 上午 spec.jbb.JBBmain DoARun -> 信息:   started user thread for Warehouse 88
2月 14, 2026 3:19:13 上午 spec.jbb.JBBmain DoARun -> 信息:   started user thread for Warehouse 89
2月 14, 2026 3:19:13 上午 spec.jbb.JBBmain DoARun -> 信息:   started user thread for Warehouse 90
2月 14, 2026 3:19:13 上午 spec.jbb.JBBmain DoARun -> 信息:   started user thread for Warehouse 91
2月 14, 2026 3:19:13 上午 spec.jbb.JBBmain DoARun -> 信息:   started user thread for Warehouse 92
2月 14, 2026 3:19:13 上午 spec.jbb.JBBmain DoARun -> 信息:   started user thread for Warehouse 93
2月 14, 2026 3:19:13 上午 spec.jbb.JBBmain DoARun -> 信息:   started user thread for Warehouse 94
2月 14, 2026 3:19:13 上午 spec.jbb.JBBmain DoARun -> 信息:   started user thread for Warehouse 95
2月 14, 2026 3:19:13 上午 spec.jbb.Company displayResultTotals -> 信息: Timing Measurement began Sat Feb 14 03:19:13 CST 2026 for 4 minutes
2月 14, 2026 3:23:13 上午 spec.jbb.Company displayResultTotals -> 信息: Timing Measurement ended Sat Feb 14 03:23:13 CST 2026
2月 14, 2026 3:23:13 上午 spec.jbb.Company primeWithDummyData -> 信息: Loading Warehouse 96...
2月 14, 2026 3:23:13 上午 spec.jbb.JBBmain DoARun -> 信息: Start User Threads
2月 14, 2026 3:23:13 上午 spec.jbb.JBBmain DoARun -> 信息:   started user thread for Warehouse 1
2月 14, 2026 3:23:13 上午 spec.jbb.JBBmain DoARun -> 信息:   started user thread for Warehouse 2
2月 14, 2026 3:23:13 上午 spec.jbb.JBBmain DoARun -> 信息:   started user thread for Warehouse 3
2月 14, 2026 3:23:13 上午 spec.jbb.JBBmain DoARun -> 信息:   started user thread for Warehouse 4
2月 14, 2026 3:23:13 上午 spec.jbb.JBBmain DoARun -> 信息:   started user thread for Warehouse 5
2月 14, 2026 3:23:13 上午 spec.jbb.JBBmain DoARun -> 信息:   started user thread for Warehouse 6
2月 14, 2026 3:23:13 上午 spec.jbb.JBBmain DoARun -> 信息:   started user thread for Warehouse 7
2月 14, 2026 3:23:13 上午 spec.jbb.JBBmain DoARun -> 信息:   started user thread for Warehouse 8
2月 14, 2026 3:23:13 上午 spec.jbb.JBBmain DoARun -> 信息:   started user thread for Warehouse 9
2月 14, 2026 3:23:13 上午 spec.jbb.JBBmain DoARun -> 信息:   started user thread for Warehouse 10
2月 14, 2026 3:23:13 上午 spec.jbb.JBBmain DoARun -> 信息:   started user thread for Warehouse 11
2月 14, 2026 3:23:13 上午 spec.jbb.JBBmain DoARun -> 信息:   started user thread for Warehouse 12
2月 14, 2026 3:23:13 上午 spec.jbb.JBBmain DoARun -> 信息:   started user thread for Warehouse 13
2月 14, 2026 3:23:13 上午 spec.jbb.JBBmain DoARun -> 信息:   started user thread for Warehouse 14
2月 14, 2026 3:23:13 上午 spec.jbb.JBBmain DoARun -> 信息:   started user thread for Warehouse 15
2月 14, 2026 3:23:13 上午 spec.jbb.JBBmain DoARun -> 信息:   started user thread for Warehouse 16
2月 14, 2026 3:23:13 上午 spec.jbb.JBBmain DoARun -> 信息:   started user thread for Warehouse 17
2月 14, 2026 3:23:13 上午 spec.jbb.JBBmain DoARun -> 信息:   started user thread for Warehouse 18
2月 14, 2026 3:23:13 上午 spec.jbb.JBBmain DoARun -> 信息:   started user thread for Warehouse 19
2月 14, 2026 3:23:13 上午 spec.jbb.JBBmain DoARun -> 信息:   started user thread for Warehouse 20
2月 14, 2026 3:23:13 上午 spec.jbb.JBBmain DoARun -> 信息:   started user thread for Warehouse 21
2月 14, 2026 3:23:13 上午 spec.jbb.JBBmain DoARun -> 信息:   started user thread for Warehouse 22
2月 14, 2026 3:23:13 上午 spec.jbb.JBBmain DoARun -> 信息:   started user thread for Warehouse 23
2月 14, 2026 3:23:13 上午 spec.jbb.JBBmain DoARun -> 信息:   started user thread for Warehouse 24
2月 14, 2026 3:23:13 上午 spec.jbb.JBBmain DoARun -> 信息:   started user thread for Warehouse 25
2月 14, 2026 3:23:13 上午 spec.jbb.JBBmain DoARun -> 信息:   started user thread for Warehouse 26
2月 14, 2026 3:23:13 上午 spec.jbb.JBBmain DoARun -> 信息:   started user thread for Warehouse 27
2月 14, 2026 3:23:13 上午 spec.jbb.JBBmain DoARun -> 信息:   started user thread for Warehouse 28
2月 14, 2026 3:23:13 上午 spec.jbb.JBBmain DoARun -> 信息:   started user thread for Warehouse 29
2月 14, 2026 3:23:13 上午 spec.jbb.JBBmain DoARun -> 信息:   started user thread for Warehouse 30
2月 14, 2026 3:23:13 上午 spec.jbb.JBBmain DoARun -> 信息:   started user thread for Warehouse 31
2月 14, 2026 3:23:13 上午 spec.jbb.JBBmain DoARun -> 信息:   started user thread for Warehouse 32
2月 14, 2026 3:23:13 上午 spec.jbb.JBBmain DoARun -> 信息:   started user thread for Warehouse 33
2月 14, 2026 3:23:13 上午 spec.jbb.JBBmain DoARun -> 信息:   started user thread for Warehouse 34
2月 14, 2026 3:23:13 上午 spec.jbb.JBBmain DoARun -> 信息:   started user thread for Warehouse 35
2月 14, 2026 3:23:13 上午 spec.jbb.JBBmain DoARun -> 信息:   started user thread for Warehouse 36
2月 14, 2026 3:23:13 上午 spec.jbb.JBBmain DoARun -> 信息:   started user thread for Warehouse 37
2月 14, 2026 3:23:13 上午 spec.jbb.JBBmain DoARun -> 信息:   started user thread for Warehouse 38
2月 14, 2026 3:23:13 上午 spec.jbb.JBBmain DoARun -> 信息:   started user thread for Warehouse 39
2月 14, 2026 3:23:13 上午 spec.jbb.JBBmain DoARun -> 信息:   started user thread for Warehouse 40
2月 14, 2026 3:23:13 上午 spec.jbb.JBBmain DoARun -> 信息:   started user thread for Warehouse 41
2月 14, 2026 3:23:13 上午 spec.jbb.JBBmain DoARun -> 信息:   started user thread for Warehouse 42
2月 14, 2026 3:23:13 上午 spec.jbb.JBBmain DoARun -> 信息:   started user thread for Warehouse 43
2月 14, 2026 3:23:13 上午 spec.jbb.JBBmain DoARun -> 信息:   started user thread for Warehouse 44
2月 14, 2026 3:23:13 上午 spec.jbb.JBBmain DoARun -> 信息:   started user thread for Warehouse 45
2月 14, 2026 3:23:13 上午 spec.jbb.JBBmain DoARun -> 信息:   started user thread for Warehouse 46
2月 14, 2026 3:23:13 上午 spec.jbb.JBBmain DoARun -> 信息:   started user thread for Warehouse 47
2月 14, 2026 3:23:13 上午 spec.jbb.JBBmain DoARun -> 信息:   started user thread for Warehouse 48
2月 14, 2026 3:23:13 上午 spec.jbb.JBBmain DoARun -> 信息:   started user thread for Warehouse 49
2月 14, 2026 3:23:13 上午 spec.jbb.JBBmain DoARun -> 信息:   started user thread for Warehouse 50
2月 14, 2026 3:23:13 上午 spec.jbb.JBBmain DoARun -> 信息:   started user thread for Warehouse 51
2月 14, 2026 3:23:13 上午 spec.jbb.JBBmain DoARun -> 信息:   started user thread for Warehouse 52
2月 14, 2026 3:23:13 上午 spec.jbb.JBBmain DoARun -> 信息:   started user thread for Warehouse 53
2月 14, 2026 3:23:13 上午 spec.jbb.JBBmain DoARun -> 信息:   started user thread for Warehouse 54
2月 14, 2026 3:23:13 上午 spec.jbb.JBBmain DoARun -> 信息:   started user thread for Warehouse 55
2月 14, 2026 3:23:13 上午 spec.jbb.JBBmain DoARun -> 信息:   started user thread for Warehouse 56
2月 14, 2026 3:23:13 上午 spec.jbb.JBBmain DoARun -> 信息:   started user thread for Warehouse 57
2月 14, 2026 3:23:13 上午 spec.jbb.JBBmain DoARun -> 信息:   started user thread for Warehouse 58
2月 14, 2026 3:23:13 上午 spec.jbb.JBBmain DoARun -> 信息:   started user thread for Warehouse 59
2月 14, 2026 3:23:13 上午 spec.jbb.JBBmain DoARun -> 信息:   started user thread for Warehouse 60
2月 14, 2026 3:23:13 上午 spec.jbb.JBBmain DoARun -> 信息:   started user thread for Warehouse 61
2月 14, 2026 3:23:13 上午 spec.jbb.JBBmain DoARun -> 信息:   started user thread for Warehouse 62
2月 14, 2026 3:23:13 上午 spec.jbb.JBBmain DoARun -> 信息:   started user thread for Warehouse 63
2月 14, 2026 3:23:13 上午 spec.jbb.JBBmain DoARun -> 信息:   started user thread for Warehouse 64
2月 14, 2026 3:23:13 上午 spec.jbb.JBBmain DoARun -> 信息:   started user thread for Warehouse 65
2月 14, 2026 3:23:13 上午 spec.jbb.JBBmain DoARun -> 信息:   started user thread for Warehouse 66
2月 14, 2026 3:23:13 上午 spec.jbb.JBBmain DoARun -> 信息:   started user thread for Warehouse 67
2月 14, 2026 3:23:13 上午 spec.jbb.JBBmain DoARun -> 信息:   started user thread for Warehouse 68
2月 14, 2026 3:23:13 上午 spec.jbb.JBBmain DoARun -> 信息:   started user thread for Warehouse 69
2月 14, 2026 3:23:13 上午 spec.jbb.JBBmain DoARun -> 信息:   started user thread for Warehouse 70
2月 14, 2026 3:23:13 上午 spec.jbb.JBBmain DoARun -> 信息:   started user thread for Warehouse 71
2月 14, 2026 3:23:13 上午 spec.jbb.JBBmain DoARun -> 信息:   started user thread for Warehouse 72
2月 14, 2026 3:23:13 上午 spec.jbb.JBBmain DoARun -> 信息:   started user thread for Warehouse 73
2月 14, 2026 3:23:13 上午 spec.jbb.JBBmain DoARun -> 信息:   started user thread for Warehouse 74
2月 14, 2026 3:23:13 上午 spec.jbb.JBBmain DoARun -> 信息:   started user thread for Warehouse 75
2月 14, 2026 3:23:13 上午 spec.jbb.JBBmain DoARun -> 信息:   started user thread for Warehouse 76
2月 14, 2026 3:23:13 上午 spec.jbb.JBBmain DoARun -> 信息:   started user thread for Warehouse 77
2月 14, 2026 3:23:13 上午 spec.jbb.JBBmain DoARun -> 信息:   started user thread for Warehouse 78
2月 14, 2026 3:23:13 上午 spec.jbb.JBBmain DoARun -> 信息:   started user thread for Warehouse 79
2月 14, 2026 3:23:13 上午 spec.jbb.JBBmain DoARun -> 信息:   started user thread for Warehouse 80
2月 14, 2026 3:23:13 上午 spec.jbb.JBBmain DoARun -> 信息:   started user thread for Warehouse 81
2月 14, 2026 3:23:13 上午 spec.jbb.JBBmain DoARun -> 信息:   started user thread for Warehouse 82
2月 14, 2026 3:23:13 上午 spec.jbb.JBBmain DoARun -> 信息:   started user thread for Warehouse 83
2月 14, 2026 3:23:13 上午 spec.jbb.JBBmain DoARun -> 信息:   started user thread for Warehouse 84
2月 14, 2026 3:23:13 上午 spec.jbb.JBBmain DoARun -> 信息:   started user thread for Warehouse 85
2月 14, 2026 3:23:13 上午 spec.jbb.JBBmain DoARun -> 信息:   started user thread for Warehouse 86
2月 14, 2026 3:23:13 上午 spec.jbb.JBBmain DoARun -> 信息:   started user thread for Warehouse 87
2月 14, 2026 3:23:13 上午 spec.jbb.JBBmain DoARun -> 信息:   started user thread for Warehouse 88
2月 14, 2026 3:23:13 上午 spec.jbb.JBBmain DoARun -> 信息:   started user thread for Warehouse 89
2月 14, 2026 3:23:13 上午 spec.jbb.JBBmain DoARun -> 信息:   started user thread for Warehouse 90
2月 14, 2026 3:23:13 上午 spec.jbb.JBBmain DoARun -> 信息:   started user thread for Warehouse 91
2月 14, 2026 3:23:13 上午 spec.jbb.JBBmain DoARun -> 信息:   started user thread for Warehouse 92
2月 14, 2026 3:23:13 上午 spec.jbb.JBBmain DoARun -> 信息:   started user thread for Warehouse 93
2月 14, 2026 3:23:13 上午 spec.jbb.JBBmain DoARun -> 信息:   started user thread for Warehouse 94
2月 14, 2026 3:23:13 上午 spec.jbb.JBBmain DoARun -> 信息:   started user thread for Warehouse 95
2月 14, 2026 3:23:13 上午 spec.jbb.JBBmain DoARun -> 信息:   started user thread for Warehouse 96
2月 14, 2026 3:23:13 上午 spec.jbb.Company displayResultTotals -> 信息: Timing Measurement began Sat Feb 14 03:23:13 CST 2026 for 4 minutes
2月 14, 2026 3:27:13 上午 spec.jbb.Company displayResultTotals -> 信息: Timing Measurement ended Sat Feb 14 03:27:13 CST 2026
2月 14, 2026 3:27:13 上午 spec.jbb.Company primeWithDummyData -> 信息: Loading Warehouse 97...
2月 14, 2026 3:27:13 上午 spec.jbb.JBBmain DoARun -> 信息: Start User Threads
2月 14, 2026 3:27:13 上午 spec.jbb.JBBmain DoARun -> 信息:   started user thread for Warehouse 1
2月 14, 2026 3:27:13 上午 spec.jbb.JBBmain DoARun -> 信息:   started user thread for Warehouse 2
2月 14, 2026 3:27:13 上午 spec.jbb.JBBmain DoARun -> 信息:   started user thread for Warehouse 3
2月 14, 2026 3:27:13 上午 spec.jbb.JBBmain DoARun -> 信息:   started user thread for Warehouse 4
2月 14, 2026 3:27:13 上午 spec.jbb.JBBmain DoARun -> 信息:   started user thread for Warehouse 5
2月 14, 2026 3:27:13 上午 spec.jbb.JBBmain DoARun -> 信息:   started user thread for Warehouse 6
2月 14, 2026 3:27:13 上午 spec.jbb.JBBmain DoARun -> 信息:   started user thread for Warehouse 7
2月 14, 2026 3:27:13 上午 spec.jbb.JBBmain DoARun -> 信息:   started user thread for Warehouse 8
2月 14, 2026 3:27:13 上午 spec.jbb.JBBmain DoARun -> 信息:   started user thread for Warehouse 9
2月 14, 2026 3:27:13 上午 spec.jbb.JBBmain DoARun -> 信息:   started user thread for Warehouse 10
2月 14, 2026 3:27:13 上午 spec.jbb.JBBmain DoARun -> 信息:   started user thread for Warehouse 11
2月 14, 2026 3:27:13 上午 spec.jbb.JBBmain DoARun -> 信息:   started user thread for Warehouse 12
2月 14, 2026 3:27:13 上午 spec.jbb.JBBmain DoARun -> 信息:   started user thread for Warehouse 13
2月 14, 2026 3:27:13 上午 spec.jbb.JBBmain DoARun -> 信息:   started user thread for Warehouse 14
2月 14, 2026 3:27:13 上午 spec.jbb.JBBmain DoARun -> 信息:   started user thread for Warehouse 15
2月 14, 2026 3:27:13 上午 spec.jbb.JBBmain DoARun -> 信息:   started user thread for Warehouse 16
2月 14, 2026 3:27:13 上午 spec.jbb.JBBmain DoARun -> 信息:   started user thread for Warehouse 17
2月 14, 2026 3:27:13 上午 spec.jbb.JBBmain DoARun -> 信息:   started user thread for Warehouse 18
2月 14, 2026 3:27:13 上午 spec.jbb.JBBmain DoARun -> 信息:   started user thread for Warehouse 19
2月 14, 2026 3:27:13 上午 spec.jbb.JBBmain DoARun -> 信息:   started user thread for Warehouse 20
2月 14, 2026 3:27:13 上午 spec.jbb.JBBmain DoARun -> 信息:   started user thread for Warehouse 21
2月 14, 2026 3:27:13 上午 spec.jbb.JBBmain DoARun -> 信息:   started user thread for Warehouse 22
2月 14, 2026 3:27:13 上午 spec.jbb.JBBmain DoARun -> 信息:   started user thread for Warehouse 23
2月 14, 2026 3:27:13 上午 spec.jbb.JBBmain DoARun -> 信息:   started user thread for Warehouse 24
2月 14, 2026 3:27:13 上午 spec.jbb.JBBmain DoARun -> 信息:   started user thread for Warehouse 25
2月 14, 2026 3:27:13 上午 spec.jbb.JBBmain DoARun -> 信息:   started user thread for Warehouse 26
2月 14, 2026 3:27:13 上午 spec.jbb.JBBmain DoARun -> 信息:   started user thread for Warehouse 27
2月 14, 2026 3:27:13 上午 spec.jbb.JBBmain DoARun -> 信息:   started user thread for Warehouse 28
2月 14, 2026 3:27:13 上午 spec.jbb.JBBmain DoARun -> 信息:   started user thread for Warehouse 29
2月 14, 2026 3:27:13 上午 spec.jbb.JBBmain DoARun -> 信息:   started user thread for Warehouse 30
2月 14, 2026 3:27:13 上午 spec.jbb.JBBmain DoARun -> 信息:   started user thread for Warehouse 31
2月 14, 2026 3:27:13 上午 spec.jbb.JBBmain DoARun -> 信息:   started user thread for Warehouse 32
2月 14, 2026 3:27:13 上午 spec.jbb.JBBmain DoARun -> 信息:   started user thread for Warehouse 33
2月 14, 2026 3:27:13 上午 spec.jbb.JBBmain DoARun -> 信息:   started user thread for Warehouse 34
2月 14, 2026 3:27:13 上午 spec.jbb.JBBmain DoARun -> 信息:   started user thread for Warehouse 35
2月 14, 2026 3:27:13 上午 spec.jbb.JBBmain DoARun -> 信息:   started user thread for Warehouse 36
2月 14, 2026 3:27:13 上午 spec.jbb.JBBmain DoARun -> 信息:   started user thread for Warehouse 37
2月 14, 2026 3:27:13 上午 spec.jbb.JBBmain DoARun -> 信息:   started user thread for Warehouse 38
2月 14, 2026 3:27:13 上午 spec.jbb.JBBmain DoARun -> 信息:   started user thread for Warehouse 39
2月 14, 2026 3:27:13 上午 spec.jbb.JBBmain DoARun -> 信息:   started user thread for Warehouse 40
2月 14, 2026 3:27:13 上午 spec.jbb.JBBmain DoARun -> 信息:   started user thread for Warehouse 41
2月 14, 2026 3:27:13 上午 spec.jbb.JBBmain DoARun -> 信息:   started user thread for Warehouse 42
2月 14, 2026 3:27:13 上午 spec.jbb.JBBmain DoARun -> 信息:   started user thread for Warehouse 43
2月 14, 2026 3:27:13 上午 spec.jbb.JBBmain DoARun -> 信息:   started user thread for Warehouse 44
2月 14, 2026 3:27:13 上午 spec.jbb.JBBmain DoARun -> 信息:   started user thread for Warehouse 45
2月 14, 2026 3:27:13 上午 spec.jbb.JBBmain DoARun -> 信息:   started user thread for Warehouse 46
2月 14, 2026 3:27:13 上午 spec.jbb.JBBmain DoARun -> 信息:   started user thread for Warehouse 47
2月 14, 2026 3:27:13 上午 spec.jbb.JBBmain DoARun -> 信息:   started user thread for Warehouse 48
2月 14, 2026 3:27:13 上午 spec.jbb.JBBmain DoARun -> 信息:   started user thread for Warehouse 49
2月 14, 2026 3:27:13 上午 spec.jbb.JBBmain DoARun -> 信息:   started user thread for Warehouse 50
2月 14, 2026 3:27:13 上午 spec.jbb.JBBmain DoARun -> 信息:   started user thread for Warehouse 51
2月 14, 2026 3:27:13 上午 spec.jbb.JBBmain DoARun -> 信息:   started user thread for Warehouse 52
2月 14, 2026 3:27:13 上午 spec.jbb.JBBmain DoARun -> 信息:   started user thread for Warehouse 53
2月 14, 2026 3:27:13 上午 spec.jbb.JBBmain DoARun -> 信息:   started user thread for Warehouse 54
2月 14, 2026 3:27:13 上午 spec.jbb.JBBmain DoARun -> 信息:   started user thread for Warehouse 55
2月 14, 2026 3:27:13 上午 spec.jbb.JBBmain DoARun -> 信息:   started user thread for Warehouse 56
2月 14, 2026 3:27:13 上午 spec.jbb.JBBmain DoARun -> 信息:   started user thread for Warehouse 57
2月 14, 2026 3:27:13 上午 spec.jbb.JBBmain DoARun -> 信息:   started user thread for Warehouse 58
2月 14, 2026 3:27:13 上午 spec.jbb.JBBmain DoARun -> 信息:   started user thread for Warehouse 59
2月 14, 2026 3:27:13 上午 spec.jbb.JBBmain DoARun -> 信息:   started user thread for Warehouse 60
2月 14, 2026 3:27:13 上午 spec.jbb.JBBmain DoARun -> 信息:   started user thread for Warehouse 61
2月 14, 2026 3:27:13 上午 spec.jbb.JBBmain DoARun -> 信息:   started user thread for Warehouse 62
2月 14, 2026 3:27:13 上午 spec.jbb.JBBmain DoARun -> 信息:   started user thread for Warehouse 63
2月 14, 2026 3:27:13 上午 spec.jbb.JBBmain DoARun -> 信息:   started user thread for Warehouse 64
2月 14, 2026 3:27:13 上午 spec.jbb.JBBmain DoARun -> 信息:   started user thread for Warehouse 65
2月 14, 2026 3:27:13 上午 spec.jbb.JBBmain DoARun -> 信息:   started user thread for Warehouse 66
2月 14, 2026 3:27:13 上午 spec.jbb.JBBmain DoARun -> 信息:   started user thread for Warehouse 67
2月 14, 2026 3:27:13 上午 spec.jbb.JBBmain DoARun -> 信息:   started user thread for Warehouse 68
2月 14, 2026 3:27:13 上午 spec.jbb.JBBmain DoARun -> 信息:   started user thread for Warehouse 69
2月 14, 2026 3:27:13 上午 spec.jbb.JBBmain DoARun -> 信息:   started user thread for Warehouse 70
2月 14, 2026 3:27:13 上午 spec.jbb.JBBmain DoARun -> 信息:   started user thread for Warehouse 71
2月 14, 2026 3:27:13 上午 spec.jbb.JBBmain DoARun -> 信息:   started user thread for Warehouse 72
2月 14, 2026 3:27:13 上午 spec.jbb.JBBmain DoARun -> 信息:   started user thread for Warehouse 73
2月 14, 2026 3:27:13 上午 spec.jbb.JBBmain DoARun -> 信息:   started user thread for Warehouse 74
2月 14, 2026 3:27:13 上午 spec.jbb.JBBmain DoARun -> 信息:   started user thread for Warehouse 75
2月 14, 2026 3:27:13 上午 spec.jbb.JBBmain DoARun -> 信息:   started user thread for Warehouse 76
2月 14, 2026 3:27:13 上午 spec.jbb.JBBmain DoARun -> 信息:   started user thread for Warehouse 77
2月 14, 2026 3:27:13 上午 spec.jbb.JBBmain DoARun -> 信息:   started user thread for Warehouse 78
2月 14, 2026 3:27:13 上午 spec.jbb.JBBmain DoARun -> 信息:   started user thread for Warehouse 79
2月 14, 2026 3:27:13 上午 spec.jbb.JBBmain DoARun -> 信息:   started user thread for Warehouse 80
2月 14, 2026 3:27:13 上午 spec.jbb.JBBmain DoARun -> 信息:   started user thread for Warehouse 81
2月 14, 2026 3:27:13 上午 spec.jbb.JBBmain DoARun -> 信息:   started user thread for Warehouse 82
2月 14, 2026 3:27:13 上午 spec.jbb.JBBmain DoARun -> 信息:   started user thread for Warehouse 83
2月 14, 2026 3:27:13 上午 spec.jbb.JBBmain DoARun -> 信息:   started user thread for Warehouse 84
2月 14, 2026 3:27:13 上午 spec.jbb.JBBmain DoARun -> 信息:   started user thread for Warehouse 85
2月 14, 2026 3:27:13 上午 spec.jbb.JBBmain DoARun -> 信息:   started user thread for Warehouse 86
2月 14, 2026 3:27:13 上午 spec.jbb.JBBmain DoARun -> 信息:   started user thread for Warehouse 87
2月 14, 2026 3:27:13 上午 spec.jbb.JBBmain DoARun -> 信息:   started user thread for Warehouse 88
2月 14, 2026 3:27:13 上午 spec.jbb.JBBmain DoARun -> 信息:   started user thread for Warehouse 89
2月 14, 2026 3:27:13 上午 spec.jbb.JBBmain DoARun -> 信息:   started user thread for Warehouse 90
2月 14, 2026 3:27:13 上午 spec.jbb.JBBmain DoARun -> 信息:   started user thread for Warehouse 91
2月 14, 2026 3:27:13 上午 spec.jbb.JBBmain DoARun -> 信息:   started user thread for Warehouse 92
2月 14, 2026 3:27:13 上午 spec.jbb.JBBmain DoARun -> 信息:   started user thread for Warehouse 93
2月 14, 2026 3:27:13 上午 spec.jbb.JBBmain DoARun -> 信息:   started user thread for Warehouse 94
2月 14, 2026 3:27:13 上午 spec.jbb.JBBmain DoARun -> 信息:   started user thread for Warehouse 95
2月 14, 2026 3:27:13 上午 spec.jbb.JBBmain DoARun -> 信息:   started user thread for Warehouse 96
2月 14, 2026 3:27:13 上午 spec.jbb.JBBmain DoARun -> 信息:   started user thread for Warehouse 97
2月 14, 2026 3:27:13 上午 spec.jbb.Company displayResultTotals -> 信息: Timing Measurement began Sat Feb 14 03:27:13 CST 2026 for 4 minutes
2月 14, 2026 3:31:13 上午 spec.jbb.Company displayResultTotals -> 信息: Timing Measurement ended Sat Feb 14 03:31:13 CST 2026
2月 14, 2026 3:31:13 上午 spec.jbb.Company primeWithDummyData -> 信息: Loading Warehouse 98...
2月 14, 2026 3:31:14 上午 spec.jbb.JBBmain DoARun -> 信息: Start User Threads
2月 14, 2026 3:31:14 上午 spec.jbb.JBBmain DoARun -> 信息:   started user thread for Warehouse 1
2月 14, 2026 3:31:14 上午 spec.jbb.JBBmain DoARun -> 信息:   started user thread for Warehouse 2
2月 14, 2026 3:31:14 上午 spec.jbb.JBBmain DoARun -> 信息:   started user thread for Warehouse 3
2月 14, 2026 3:31:14 上午 spec.jbb.JBBmain DoARun -> 信息:   started user thread for Warehouse 4
2月 14, 2026 3:31:14 上午 spec.jbb.JBBmain DoARun -> 信息:   started user thread for Warehouse 5
2月 14, 2026 3:31:14 上午 spec.jbb.JBBmain DoARun -> 信息:   started user thread for Warehouse 6
2月 14, 2026 3:31:14 上午 spec.jbb.JBBmain DoARun -> 信息:   started user thread for Warehouse 7
2月 14, 2026 3:31:14 上午 spec.jbb.JBBmain DoARun -> 信息:   started user thread for Warehouse 8
2月 14, 2026 3:31:14 上午 spec.jbb.JBBmain DoARun -> 信息:   started user thread for Warehouse 9
2月 14, 2026 3:31:14 上午 spec.jbb.JBBmain DoARun -> 信息:   started user thread for Warehouse 10
2月 14, 2026 3:31:14 上午 spec.jbb.JBBmain DoARun -> 信息:   started user thread for Warehouse 11
2月 14, 2026 3:31:14 上午 spec.jbb.JBBmain DoARun -> 信息:   started user thread for Warehouse 12
2月 14, 2026 3:31:14 上午 spec.jbb.JBBmain DoARun -> 信息:   started user thread for Warehouse 13
2月 14, 2026 3:31:14 上午 spec.jbb.JBBmain DoARun -> 信息:   started user thread for Warehouse 14
2月 14, 2026 3:31:14 上午 spec.jbb.JBBmain DoARun -> 信息:   started user thread for Warehouse 15
2月 14, 2026 3:31:14 上午 spec.jbb.JBBmain DoARun -> 信息:   started user thread for Warehouse 16
2月 14, 2026 3:31:14 上午 spec.jbb.JBBmain DoARun -> 信息:   started user thread for Warehouse 17
2月 14, 2026 3:31:14 上午 spec.jbb.JBBmain DoARun -> 信息:   started user thread for Warehouse 18
2月 14, 2026 3:31:14 上午 spec.jbb.JBBmain DoARun -> 信息:   started user thread for Warehouse 19
2月 14, 2026 3:31:14 上午 spec.jbb.JBBmain DoARun -> 信息:   started user thread for Warehouse 20
2月 14, 2026 3:31:14 上午 spec.jbb.JBBmain DoARun -> 信息:   started user thread for Warehouse 21
2月 14, 2026 3:31:14 上午 spec.jbb.JBBmain DoARun -> 信息:   started user thread for Warehouse 22
2月 14, 2026 3:31:14 上午 spec.jbb.JBBmain DoARun -> 信息:   started user thread for Warehouse 23
2月 14, 2026 3:31:14 上午 spec.jbb.JBBmain DoARun -> 信息:   started user thread for Warehouse 24
2月 14, 2026 3:31:14 上午 spec.jbb.JBBmain DoARun -> 信息:   started user thread for Warehouse 25
2月 14, 2026 3:31:14 上午 spec.jbb.JBBmain DoARun -> 信息:   started user thread for Warehouse 26
2月 14, 2026 3:31:14 上午 spec.jbb.JBBmain DoARun -> 信息:   started user thread for Warehouse 27
2月 14, 2026 3:31:14 上午 spec.jbb.JBBmain DoARun -> 信息:   started user thread for Warehouse 28
2月 14, 2026 3:31:14 上午 spec.jbb.JBBmain DoARun -> 信息:   started user thread for Warehouse 29
2月 14, 2026 3:31:14 上午 spec.jbb.JBBmain DoARun -> 信息:   started user thread for Warehouse 30
2月 14, 2026 3:31:14 上午 spec.jbb.JBBmain DoARun -> 信息:   started user thread for Warehouse 31
2月 14, 2026 3:31:14 上午 spec.jbb.JBBmain DoARun -> 信息:   started user thread for Warehouse 32
2月 14, 2026 3:31:14 上午 spec.jbb.JBBmain DoARun -> 信息:   started user thread for Warehouse 33
2月 14, 2026 3:31:14 上午 spec.jbb.JBBmain DoARun -> 信息:   started user thread for Warehouse 34
2月 14, 2026 3:31:14 上午 spec.jbb.JBBmain DoARun -> 信息:   started user thread for Warehouse 35
2月 14, 2026 3:31:14 上午 spec.jbb.JBBmain DoARun -> 信息:   started user thread for Warehouse 36
2月 14, 2026 3:31:14 上午 spec.jbb.JBBmain DoARun -> 信息:   started user thread for Warehouse 37
2月 14, 2026 3:31:14 上午 spec.jbb.JBBmain DoARun -> 信息:   started user thread for Warehouse 38
2月 14, 2026 3:31:14 上午 spec.jbb.JBBmain DoARun -> 信息:   started user thread for Warehouse 39
2月 14, 2026 3:31:14 上午 spec.jbb.JBBmain DoARun -> 信息:   started user thread for Warehouse 40
2月 14, 2026 3:31:14 上午 spec.jbb.JBBmain DoARun -> 信息:   started user thread for Warehouse 41
2月 14, 2026 3:31:14 上午 spec.jbb.JBBmain DoARun -> 信息:   started user thread for Warehouse 42
2月 14, 2026 3:31:14 上午 spec.jbb.JBBmain DoARun -> 信息:   started user thread for Warehouse 43
2月 14, 2026 3:31:14 上午 spec.jbb.JBBmain DoARun -> 信息:   started user thread for Warehouse 44
2月 14, 2026 3:31:14 上午 spec.jbb.JBBmain DoARun -> 信息:   started user thread for Warehouse 45
2月 14, 2026 3:31:14 上午 spec.jbb.JBBmain DoARun -> 信息:   started user thread for Warehouse 46
2月 14, 2026 3:31:14 上午 spec.jbb.JBBmain DoARun -> 信息:   started user thread for Warehouse 47
2月 14, 2026 3:31:14 上午 spec.jbb.JBBmain DoARun -> 信息:   started user thread for Warehouse 48
2月 14, 2026 3:31:14 上午 spec.jbb.JBBmain DoARun -> 信息:   started user thread for Warehouse 49
2月 14, 2026 3:31:14 上午 spec.jbb.JBBmain DoARun -> 信息:   started user thread for Warehouse 50
2月 14, 2026 3:31:14 上午 spec.jbb.JBBmain DoARun -> 信息:   started user thread for Warehouse 51
2月 14, 2026 3:31:14 上午 spec.jbb.JBBmain DoARun -> 信息:   started user thread for Warehouse 52
2月 14, 2026 3:31:14 上午 spec.jbb.JBBmain DoARun -> 信息:   started user thread for Warehouse 53
2月 14, 2026 3:31:14 上午 spec.jbb.JBBmain DoARun -> 信息:   started user thread for Warehouse 54
2月 14, 2026 3:31:14 上午 spec.jbb.JBBmain DoARun -> 信息:   started user thread for Warehouse 55
2月 14, 2026 3:31:14 上午 spec.jbb.JBBmain DoARun -> 信息:   started user thread for Warehouse 56
2月 14, 2026 3:31:14 上午 spec.jbb.JBBmain DoARun -> 信息:   started user thread for Warehouse 57
2月 14, 2026 3:31:14 上午 spec.jbb.JBBmain DoARun -> 信息:   started user thread for Warehouse 58
2月 14, 2026 3:31:14 上午 spec.jbb.JBBmain DoARun -> 信息:   started user thread for Warehouse 59
2月 14, 2026 3:31:14 上午 spec.jbb.JBBmain DoARun -> 信息:   started user thread for Warehouse 60
2月 14, 2026 3:31:14 上午 spec.jbb.JBBmain DoARun -> 信息:   started user thread for Warehouse 61
2月 14, 2026 3:31:14 上午 spec.jbb.JBBmain DoARun -> 信息:   started user thread for Warehouse 62
2月 14, 2026 3:31:14 上午 spec.jbb.JBBmain DoARun -> 信息:   started user thread for Warehouse 63
2月 14, 2026 3:31:14 上午 spec.jbb.JBBmain DoARun -> 信息:   started user thread for Warehouse 64
2月 14, 2026 3:31:14 上午 spec.jbb.JBBmain DoARun -> 信息:   started user thread for Warehouse 65
2月 14, 2026 3:31:14 上午 spec.jbb.JBBmain DoARun -> 信息:   started user thread for Warehouse 66
2月 14, 2026 3:31:14 上午 spec.jbb.JBBmain DoARun -> 信息:   started user thread for Warehouse 67
2月 14, 2026 3:31:14 上午 spec.jbb.JBBmain DoARun -> 信息:   started user thread for Warehouse 68
2月 14, 2026 3:31:14 上午 spec.jbb.JBBmain DoARun -> 信息:   started user thread for Warehouse 69
2月 14, 2026 3:31:14 上午 spec.jbb.JBBmain DoARun -> 信息:   started user thread for Warehouse 70
2月 14, 2026 3:31:14 上午 spec.jbb.JBBmain DoARun -> 信息:   started user thread for Warehouse 71
2月 14, 2026 3:31:14 上午 spec.jbb.JBBmain DoARun -> 信息:   started user thread for Warehouse 72
2月 14, 2026 3:31:14 上午 spec.jbb.JBBmain DoARun -> 信息:   started user thread for Warehouse 73
2月 14, 2026 3:31:14 上午 spec.jbb.JBBmain DoARun -> 信息:   started user thread for Warehouse 74
2月 14, 2026 3:31:14 上午 spec.jbb.JBBmain DoARun -> 信息:   started user thread for Warehouse 75
2月 14, 2026 3:31:14 上午 spec.jbb.JBBmain DoARun -> 信息:   started user thread for Warehouse 76
2月 14, 2026 3:31:14 上午 spec.jbb.JBBmain DoARun -> 信息:   started user thread for Warehouse 77
2月 14, 2026 3:31:14 上午 spec.jbb.JBBmain DoARun -> 信息:   started user thread for Warehouse 78
2月 14, 2026 3:31:14 上午 spec.jbb.JBBmain DoARun -> 信息:   started user thread for Warehouse 79
2月 14, 2026 3:31:14 上午 spec.jbb.JBBmain DoARun -> 信息:   started user thread for Warehouse 80
2月 14, 2026 3:31:14 上午 spec.jbb.JBBmain DoARun -> 信息:   started user thread for Warehouse 81
2月 14, 2026 3:31:14 上午 spec.jbb.JBBmain DoARun -> 信息:   started user thread for Warehouse 82
2月 14, 2026 3:31:14 上午 spec.jbb.JBBmain DoARun -> 信息:   started user thread for Warehouse 83
2月 14, 2026 3:31:14 上午 spec.jbb.JBBmain DoARun -> 信息:   started user thread for Warehouse 84
2月 14, 2026 3:31:14 上午 spec.jbb.JBBmain DoARun -> 信息:   started user thread for Warehouse 85
2月 14, 2026 3:31:14 上午 spec.jbb.JBBmain DoARun -> 信息:   started user thread for Warehouse 86
2月 14, 2026 3:31:14 上午 spec.jbb.JBBmain DoARun -> 信息:   started user thread for Warehouse 87
2月 14, 2026 3:31:14 上午 spec.jbb.JBBmain DoARun -> 信息:   started user thread for Warehouse 88
2月 14, 2026 3:31:14 上午 spec.jbb.JBBmain DoARun -> 信息:   started user thread for Warehouse 89
2月 14, 2026 3:31:14 上午 spec.jbb.JBBmain DoARun -> 信息:   started user thread for Warehouse 90
2月 14, 2026 3:31:14 上午 spec.jbb.JBBmain DoARun -> 信息:   started user thread for Warehouse 91
2月 14, 2026 3:31:14 上午 spec.jbb.JBBmain DoARun -> 信息:   started user thread for Warehouse 92
2月 14, 2026 3:31:14 上午 spec.jbb.JBBmain DoARun -> 信息:   started user thread for Warehouse 93
2月 14, 2026 3:31:14 上午 spec.jbb.JBBmain DoARun -> 信息:   started user thread for Warehouse 94
2月 14, 2026 3:31:14 上午 spec.jbb.JBBmain DoARun -> 信息:   started user thread for Warehouse 95
2月 14, 2026 3:31:14 上午 spec.jbb.JBBmain DoARun -> 信息:   started user thread for Warehouse 96
2月 14, 2026 3:31:14 上午 spec.jbb.JBBmain DoARun -> 信息:   started user thread for Warehouse 97
2月 14, 2026 3:31:14 上午 spec.jbb.JBBmain DoARun -> 信息:   started user thread for Warehouse 98
2月 14, 2026 3:31:14 上午 spec.jbb.Company displayResultTotals -> 信息: Timing Measurement began Sat Feb 14 03:31:14 CST 2026 for 4 minutes
2月 14, 2026 3:35:14 上午 spec.jbb.Company displayResultTotals -> 信息: Timing Measurement ended Sat Feb 14 03:35:14 CST 2026
2月 14, 2026 3:35:14 上午 spec.jbb.Company primeWithDummyData -> 信息: Loading Warehouse 99...
2月 14, 2026 3:35:14 上午 spec.jbb.JBBmain DoARun -> 信息: Start User Threads
2月 14, 2026 3:35:14 上午 spec.jbb.JBBmain DoARun -> 信息:   started user thread for Warehouse 1
2月 14, 2026 3:35:14 上午 spec.jbb.JBBmain DoARun -> 信息:   started user thread for Warehouse 2
2月 14, 2026 3:35:14 上午 spec.jbb.JBBmain DoARun -> 信息:   started user thread for Warehouse 3
2月 14, 2026 3:35:14 上午 spec.jbb.JBBmain DoARun -> 信息:   started user thread for Warehouse 4
2月 14, 2026 3:35:14 上午 spec.jbb.JBBmain DoARun -> 信息:   started user thread for Warehouse 5
2月 14, 2026 3:35:14 上午 spec.jbb.JBBmain DoARun -> 信息:   started user thread for Warehouse 6
2月 14, 2026 3:35:14 上午 spec.jbb.JBBmain DoARun -> 信息:   started user thread for Warehouse 7
2月 14, 2026 3:35:14 上午 spec.jbb.JBBmain DoARun -> 信息:   started user thread for Warehouse 8
2月 14, 2026 3:35:14 上午 spec.jbb.JBBmain DoARun -> 信息:   started user thread for Warehouse 9
2月 14, 2026 3:35:14 上午 spec.jbb.JBBmain DoARun -> 信息:   started user thread for Warehouse 10
2月 14, 2026 3:35:14 上午 spec.jbb.JBBmain DoARun -> 信息:   started user thread for Warehouse 11
2月 14, 2026 3:35:14 上午 spec.jbb.JBBmain DoARun -> 信息:   started user thread for Warehouse 12
2月 14, 2026 3:35:14 上午 spec.jbb.JBBmain DoARun -> 信息:   started user thread for Warehouse 13
2月 14, 2026 3:35:14 上午 spec.jbb.JBBmain DoARun -> 信息:   started user thread for Warehouse 14
2月 14, 2026 3:35:14 上午 spec.jbb.JBBmain DoARun -> 信息:   started user thread for Warehouse 15
2月 14, 2026 3:35:14 上午 spec.jbb.JBBmain DoARun -> 信息:   started user thread for Warehouse 16
2月 14, 2026 3:35:14 上午 spec.jbb.JBBmain DoARun -> 信息:   started user thread for Warehouse 17
2月 14, 2026 3:35:14 上午 spec.jbb.JBBmain DoARun -> 信息:   started user thread for Warehouse 18
2月 14, 2026 3:35:14 上午 spec.jbb.JBBmain DoARun -> 信息:   started user thread for Warehouse 19
2月 14, 2026 3:35:14 上午 spec.jbb.JBBmain DoARun -> 信息:   started user thread for Warehouse 20
2月 14, 2026 3:35:14 上午 spec.jbb.JBBmain DoARun -> 信息:   started user thread for Warehouse 21
2月 14, 2026 3:35:14 上午 spec.jbb.JBBmain DoARun -> 信息:   started user thread for Warehouse 22
2月 14, 2026 3:35:14 上午 spec.jbb.JBBmain DoARun -> 信息:   started user thread for Warehouse 23
2月 14, 2026 3:35:14 上午 spec.jbb.JBBmain DoARun -> 信息:   started user thread for Warehouse 24
2月 14, 2026 3:35:14 上午 spec.jbb.JBBmain DoARun -> 信息:   started user thread for Warehouse 25
2月 14, 2026 3:35:14 上午 spec.jbb.JBBmain DoARun -> 信息:   started user thread for Warehouse 26
2月 14, 2026 3:35:14 上午 spec.jbb.JBBmain DoARun -> 信息:   started user thread for Warehouse 27
2月 14, 2026 3:35:14 上午 spec.jbb.JBBmain DoARun -> 信息:   started user thread for Warehouse 28
2月 14, 2026 3:35:14 上午 spec.jbb.JBBmain DoARun -> 信息:   started user thread for Warehouse 29
2月 14, 2026 3:35:14 上午 spec.jbb.JBBmain DoARun -> 信息:   started user thread for Warehouse 30
2月 14, 2026 3:35:14 上午 spec.jbb.JBBmain DoARun -> 信息:   started user thread for Warehouse 31
2月 14, 2026 3:35:14 上午 spec.jbb.JBBmain DoARun -> 信息:   started user thread for Warehouse 32
2月 14, 2026 3:35:14 上午 spec.jbb.JBBmain DoARun -> 信息:   started user thread for Warehouse 33
2月 14, 2026 3:35:14 上午 spec.jbb.JBBmain DoARun -> 信息:   started user thread for Warehouse 34
2月 14, 2026 3:35:14 上午 spec.jbb.JBBmain DoARun -> 信息:   started user thread for Warehouse 35
2月 14, 2026 3:35:14 上午 spec.jbb.JBBmain DoARun -> 信息:   started user thread for Warehouse 36
2月 14, 2026 3:35:14 上午 spec.jbb.JBBmain DoARun -> 信息:   started user thread for Warehouse 37
2月 14, 2026 3:35:14 上午 spec.jbb.JBBmain DoARun -> 信息:   started user thread for Warehouse 38
2月 14, 2026 3:35:14 上午 spec.jbb.JBBmain DoARun -> 信息:   started user thread for Warehouse 39
2月 14, 2026 3:35:14 上午 spec.jbb.JBBmain DoARun -> 信息:   started user thread for Warehouse 40
2月 14, 2026 3:35:14 上午 spec.jbb.JBBmain DoARun -> 信息:   started user thread for Warehouse 41
2月 14, 2026 3:35:14 上午 spec.jbb.JBBmain DoARun -> 信息:   started user thread for Warehouse 42
2月 14, 2026 3:35:14 上午 spec.jbb.JBBmain DoARun -> 信息:   started user thread for Warehouse 43
2月 14, 2026 3:35:14 上午 spec.jbb.JBBmain DoARun -> 信息:   started user thread for Warehouse 44
2月 14, 2026 3:35:14 上午 spec.jbb.JBBmain DoARun -> 信息:   started user thread for Warehouse 45
2月 14, 2026 3:35:14 上午 spec.jbb.JBBmain DoARun -> 信息:   started user thread for Warehouse 46
2月 14, 2026 3:35:14 上午 spec.jbb.JBBmain DoARun -> 信息:   started user thread for Warehouse 47
2月 14, 2026 3:35:14 上午 spec.jbb.JBBmain DoARun -> 信息:   started user thread for Warehouse 48
2月 14, 2026 3:35:14 上午 spec.jbb.JBBmain DoARun -> 信息:   started user thread for Warehouse 49
2月 14, 2026 3:35:14 上午 spec.jbb.JBBmain DoARun -> 信息:   started user thread for Warehouse 50
2月 14, 2026 3:35:14 上午 spec.jbb.JBBmain DoARun -> 信息:   started user thread for Warehouse 51
2月 14, 2026 3:35:14 上午 spec.jbb.JBBmain DoARun -> 信息:   started user thread for Warehouse 52
2月 14, 2026 3:35:14 上午 spec.jbb.JBBmain DoARun -> 信息:   started user thread for Warehouse 53
2月 14, 2026 3:35:14 上午 spec.jbb.JBBmain DoARun -> 信息:   started user thread for Warehouse 54
2月 14, 2026 3:35:14 上午 spec.jbb.JBBmain DoARun -> 信息:   started user thread for Warehouse 55
2月 14, 2026 3:35:14 上午 spec.jbb.JBBmain DoARun -> 信息:   started user thread for Warehouse 56
2月 14, 2026 3:35:14 上午 spec.jbb.JBBmain DoARun -> 信息:   started user thread for Warehouse 57
2月 14, 2026 3:35:14 上午 spec.jbb.JBBmain DoARun -> 信息:   started user thread for Warehouse 58
2月 14, 2026 3:35:14 上午 spec.jbb.JBBmain DoARun -> 信息:   started user thread for Warehouse 59
2月 14, 2026 3:35:14 上午 spec.jbb.JBBmain DoARun -> 信息:   started user thread for Warehouse 60
2月 14, 2026 3:35:14 上午 spec.jbb.JBBmain DoARun -> 信息:   started user thread for Warehouse 61
2月 14, 2026 3:35:14 上午 spec.jbb.JBBmain DoARun -> 信息:   started user thread for Warehouse 62
2月 14, 2026 3:35:14 上午 spec.jbb.JBBmain DoARun -> 信息:   started user thread for Warehouse 63
2月 14, 2026 3:35:14 上午 spec.jbb.JBBmain DoARun -> 信息:   started user thread for Warehouse 64
2月 14, 2026 3:35:14 上午 spec.jbb.JBBmain DoARun -> 信息:   started user thread for Warehouse 65
2月 14, 2026 3:35:14 上午 spec.jbb.JBBmain DoARun -> 信息:   started user thread for Warehouse 66
2月 14, 2026 3:35:14 上午 spec.jbb.JBBmain DoARun -> 信息:   started user thread for Warehouse 67
2月 14, 2026 3:35:14 上午 spec.jbb.JBBmain DoARun -> 信息:   started user thread for Warehouse 68
2月 14, 2026 3:35:14 上午 spec.jbb.JBBmain DoARun -> 信息:   started user thread for Warehouse 69
2月 14, 2026 3:35:14 上午 spec.jbb.JBBmain DoARun -> 信息:   started user thread for Warehouse 70
2月 14, 2026 3:35:14 上午 spec.jbb.JBBmain DoARun -> 信息:   started user thread for Warehouse 71
2月 14, 2026 3:35:14 上午 spec.jbb.JBBmain DoARun -> 信息:   started user thread for Warehouse 72
2月 14, 2026 3:35:14 上午 spec.jbb.JBBmain DoARun -> 信息:   started user thread for Warehouse 73
2月 14, 2026 3:35:14 上午 spec.jbb.JBBmain DoARun -> 信息:   started user thread for Warehouse 74
2月 14, 2026 3:35:14 上午 spec.jbb.JBBmain DoARun -> 信息:   started user thread for Warehouse 75
2月 14, 2026 3:35:14 上午 spec.jbb.JBBmain DoARun -> 信息:   started user thread for Warehouse 76
2月 14, 2026 3:35:14 上午 spec.jbb.JBBmain DoARun -> 信息:   started user thread for Warehouse 77
2月 14, 2026 3:35:14 上午 spec.jbb.JBBmain DoARun -> 信息:   started user thread for Warehouse 78
2月 14, 2026 3:35:14 上午 spec.jbb.JBBmain DoARun -> 信息:   started user thread for Warehouse 79
2月 14, 2026 3:35:14 上午 spec.jbb.JBBmain DoARun -> 信息:   started user thread for Warehouse 80
2月 14, 2026 3:35:14 上午 spec.jbb.JBBmain DoARun -> 信息:   started user thread for Warehouse 81
2月 14, 2026 3:35:14 上午 spec.jbb.JBBmain DoARun -> 信息:   started user thread for Warehouse 82
2月 14, 2026 3:35:14 上午 spec.jbb.JBBmain DoARun -> 信息:   started user thread for Warehouse 83
2月 14, 2026 3:35:14 上午 spec.jbb.JBBmain DoARun -> 信息:   started user thread for Warehouse 84
2月 14, 2026 3:35:14 上午 spec.jbb.JBBmain DoARun -> 信息:   started user thread for Warehouse 85
2月 14, 2026 3:35:14 上午 spec.jbb.JBBmain DoARun -> 信息:   started user thread for Warehouse 86
2月 14, 2026 3:35:14 上午 spec.jbb.JBBmain DoARun -> 信息:   started user thread for Warehouse 87
2月 14, 2026 3:35:14 上午 spec.jbb.JBBmain DoARun -> 信息:   started user thread for Warehouse 88
2月 14, 2026 3:35:14 上午 spec.jbb.JBBmain DoARun -> 信息:   started user thread for Warehouse 89
2月 14, 2026 3:35:14 上午 spec.jbb.JBBmain DoARun -> 信息:   started user thread for Warehouse 90
2月 14, 2026 3:35:14 上午 spec.jbb.JBBmain DoARun -> 信息:   started user thread for Warehouse 91
2月 14, 2026 3:35:14 上午 spec.jbb.JBBmain DoARun -> 信息:   started user thread for Warehouse 92
2月 14, 2026 3:35:14 上午 spec.jbb.JBBmain DoARun -> 信息:   started user thread for Warehouse 93
2月 14, 2026 3:35:14 上午 spec.jbb.JBBmain DoARun -> 信息:   started user thread for Warehouse 94
2月 14, 2026 3:35:14 上午 spec.jbb.JBBmain DoARun -> 信息:   started user thread for Warehouse 95
2月 14, 2026 3:35:14 上午 spec.jbb.JBBmain DoARun -> 信息:   started user thread for Warehouse 96
2月 14, 2026 3:35:14 上午 spec.jbb.JBBmain DoARun -> 信息:   started user thread for Warehouse 97
2月 14, 2026 3:35:14 上午 spec.jbb.JBBmain DoARun -> 信息:   started user thread for Warehouse 98
2月 14, 2026 3:35:14 上午 spec.jbb.JBBmain DoARun -> 信息:   started user thread for Warehouse 99
2月 14, 2026 3:35:14 上午 spec.jbb.Company displayResultTotals -> 信息: Timing Measurement began Sat Feb 14 03:35:14 CST 2026 for 4 minutes
2月 14, 2026 3:39:14 上午 spec.jbb.Company displayResultTotals -> 信息: Timing Measurement ended Sat Feb 14 03:39:14 CST 2026
2月 14, 2026 3:39:14 上午 spec.jbb.Company primeWithDummyData -> 信息: Loading Warehouse 100...
2月 14, 2026 3:39:14 上午 spec.jbb.JBBmain DoARun -> 信息: Start User Threads
2月 14, 2026 3:39:14 上午 spec.jbb.JBBmain DoARun -> 信息:   started user thread for Warehouse 1
2月 14, 2026 3:39:14 上午 spec.jbb.JBBmain DoARun -> 信息:   started user thread for Warehouse 2
2月 14, 2026 3:39:14 上午 spec.jbb.JBBmain DoARun -> 信息:   started user thread for Warehouse 3
2月 14, 2026 3:39:14 上午 spec.jbb.JBBmain DoARun -> 信息:   started user thread for Warehouse 4
2月 14, 2026 3:39:14 上午 spec.jbb.JBBmain DoARun -> 信息:   started user thread for Warehouse 5
2月 14, 2026 3:39:14 上午 spec.jbb.JBBmain DoARun -> 信息:   started user thread for Warehouse 6
2月 14, 2026 3:39:14 上午 spec.jbb.JBBmain DoARun -> 信息:   started user thread for Warehouse 7
2月 14, 2026 3:39:14 上午 spec.jbb.JBBmain DoARun -> 信息:   started user thread for Warehouse 8
2月 14, 2026 3:39:14 上午 spec.jbb.JBBmain DoARun -> 信息:   started user thread for Warehouse 9
2月 14, 2026 3:39:14 上午 spec.jbb.JBBmain DoARun -> 信息:   started user thread for Warehouse 10
2月 14, 2026 3:39:14 上午 spec.jbb.JBBmain DoARun -> 信息:   started user thread for Warehouse 11
2月 14, 2026 3:39:14 上午 spec.jbb.JBBmain DoARun -> 信息:   started user thread for Warehouse 12
2月 14, 2026 3:39:14 上午 spec.jbb.JBBmain DoARun -> 信息:   started user thread for Warehouse 13
2月 14, 2026 3:39:14 上午 spec.jbb.JBBmain DoARun -> 信息:   started user thread for Warehouse 14
2月 14, 2026 3:39:14 上午 spec.jbb.JBBmain DoARun -> 信息:   started user thread for Warehouse 15
2月 14, 2026 3:39:14 上午 spec.jbb.JBBmain DoARun -> 信息:   started user thread for Warehouse 16
2月 14, 2026 3:39:14 上午 spec.jbb.JBBmain DoARun -> 信息:   started user thread for Warehouse 17
2月 14, 2026 3:39:14 上午 spec.jbb.JBBmain DoARun -> 信息:   started user thread for Warehouse 18
2月 14, 2026 3:39:14 上午 spec.jbb.JBBmain DoARun -> 信息:   started user thread for Warehouse 19
2月 14, 2026 3:39:14 上午 spec.jbb.JBBmain DoARun -> 信息:   started user thread for Warehouse 20
2月 14, 2026 3:39:14 上午 spec.jbb.JBBmain DoARun -> 信息:   started user thread for Warehouse 21
2月 14, 2026 3:39:14 上午 spec.jbb.JBBmain DoARun -> 信息:   started user thread for Warehouse 22
2月 14, 2026 3:39:14 上午 spec.jbb.JBBmain DoARun -> 信息:   started user thread for Warehouse 23
2月 14, 2026 3:39:14 上午 spec.jbb.JBBmain DoARun -> 信息:   started user thread for Warehouse 24
2月 14, 2026 3:39:14 上午 spec.jbb.JBBmain DoARun -> 信息:   started user thread for Warehouse 25
2月 14, 2026 3:39:14 上午 spec.jbb.JBBmain DoARun -> 信息:   started user thread for Warehouse 26
2月 14, 2026 3:39:14 上午 spec.jbb.JBBmain DoARun -> 信息:   started user thread for Warehouse 27
2月 14, 2026 3:39:14 上午 spec.jbb.JBBmain DoARun -> 信息:   started user thread for Warehouse 28
2月 14, 2026 3:39:14 上午 spec.jbb.JBBmain DoARun -> 信息:   started user thread for Warehouse 29
2月 14, 2026 3:39:14 上午 spec.jbb.JBBmain DoARun -> 信息:   started user thread for Warehouse 30
2月 14, 2026 3:39:14 上午 spec.jbb.JBBmain DoARun -> 信息:   started user thread for Warehouse 31
2月 14, 2026 3:39:14 上午 spec.jbb.JBBmain DoARun -> 信息:   started user thread for Warehouse 32
2月 14, 2026 3:39:14 上午 spec.jbb.JBBmain DoARun -> 信息:   started user thread for Warehouse 33
2月 14, 2026 3:39:14 上午 spec.jbb.JBBmain DoARun -> 信息:   started user thread for Warehouse 34
2月 14, 2026 3:39:14 上午 spec.jbb.JBBmain DoARun -> 信息:   started user thread for Warehouse 35
2月 14, 2026 3:39:14 上午 spec.jbb.JBBmain DoARun -> 信息:   started user thread for Warehouse 36
2月 14, 2026 3:39:14 上午 spec.jbb.JBBmain DoARun -> 信息:   started user thread for Warehouse 37
2月 14, 2026 3:39:14 上午 spec.jbb.JBBmain DoARun -> 信息:   started user thread for Warehouse 38
2月 14, 2026 3:39:14 上午 spec.jbb.JBBmain DoARun -> 信息:   started user thread for Warehouse 39
2月 14, 2026 3:39:14 上午 spec.jbb.JBBmain DoARun -> 信息:   started user thread for Warehouse 40
2月 14, 2026 3:39:14 上午 spec.jbb.JBBmain DoARun -> 信息:   started user thread for Warehouse 41
2月 14, 2026 3:39:14 上午 spec.jbb.JBBmain DoARun -> 信息:   started user thread for Warehouse 42
2月 14, 2026 3:39:14 上午 spec.jbb.JBBmain DoARun -> 信息:   started user thread for Warehouse 43
2月 14, 2026 3:39:14 上午 spec.jbb.JBBmain DoARun -> 信息:   started user thread for Warehouse 44
2月 14, 2026 3:39:14 上午 spec.jbb.JBBmain DoARun -> 信息:   started user thread for Warehouse 45
2月 14, 2026 3:39:14 上午 spec.jbb.JBBmain DoARun -> 信息:   started user thread for Warehouse 46
2月 14, 2026 3:39:14 上午 spec.jbb.JBBmain DoARun -> 信息:   started user thread for Warehouse 47
2月 14, 2026 3:39:14 上午 spec.jbb.JBBmain DoARun -> 信息:   started user thread for Warehouse 48
2月 14, 2026 3:39:14 上午 spec.jbb.JBBmain DoARun -> 信息:   started user thread for Warehouse 49
2月 14, 2026 3:39:14 上午 spec.jbb.JBBmain DoARun -> 信息:   started user thread for Warehouse 50
2月 14, 2026 3:39:14 上午 spec.jbb.JBBmain DoARun -> 信息:   started user thread for Warehouse 51
2月 14, 2026 3:39:14 上午 spec.jbb.JBBmain DoARun -> 信息:   started user thread for Warehouse 52
2月 14, 2026 3:39:14 上午 spec.jbb.JBBmain DoARun -> 信息:   started user thread for Warehouse 53
2月 14, 2026 3:39:14 上午 spec.jbb.JBBmain DoARun -> 信息:   started user thread for Warehouse 54
2月 14, 2026 3:39:14 上午 spec.jbb.JBBmain DoARun -> 信息:   started user thread for Warehouse 55
2月 14, 2026 3:39:14 上午 spec.jbb.JBBmain DoARun -> 信息:   started user thread for Warehouse 56
2月 14, 2026 3:39:14 上午 spec.jbb.JBBmain DoARun -> 信息:   started user thread for Warehouse 57
2月 14, 2026 3:39:14 上午 spec.jbb.JBBmain DoARun -> 信息:   started user thread for Warehouse 58
2月 14, 2026 3:39:14 上午 spec.jbb.JBBmain DoARun -> 信息:   started user thread for Warehouse 59
2月 14, 2026 3:39:14 上午 spec.jbb.JBBmain DoARun -> 信息:   started user thread for Warehouse 60
2月 14, 2026 3:39:14 上午 spec.jbb.JBBmain DoARun -> 信息:   started user thread for Warehouse 61
2月 14, 2026 3:39:14 上午 spec.jbb.JBBmain DoARun -> 信息:   started user thread for Warehouse 62
2月 14, 2026 3:39:14 上午 spec.jbb.JBBmain DoARun -> 信息:   started user thread for Warehouse 63
2月 14, 2026 3:39:14 上午 spec.jbb.JBBmain DoARun -> 信息:   started user thread for Warehouse 64
2月 14, 2026 3:39:14 上午 spec.jbb.JBBmain DoARun -> 信息:   started user thread for Warehouse 65
2月 14, 2026 3:39:14 上午 spec.jbb.JBBmain DoARun -> 信息:   started user thread for Warehouse 66
2月 14, 2026 3:39:14 上午 spec.jbb.JBBmain DoARun -> 信息:   started user thread for Warehouse 67
2月 14, 2026 3:39:14 上午 spec.jbb.JBBmain DoARun -> 信息:   started user thread for Warehouse 68
2月 14, 2026 3:39:14 上午 spec.jbb.JBBmain DoARun -> 信息:   started user thread for Warehouse 69
2月 14, 2026 3:39:14 上午 spec.jbb.JBBmain DoARun -> 信息:   started user thread for Warehouse 70
2月 14, 2026 3:39:14 上午 spec.jbb.JBBmain DoARun -> 信息:   started user thread for Warehouse 71
2月 14, 2026 3:39:14 上午 spec.jbb.JBBmain DoARun -> 信息:   started user thread for Warehouse 72
2月 14, 2026 3:39:14 上午 spec.jbb.JBBmain DoARun -> 信息:   started user thread for Warehouse 73
2月 14, 2026 3:39:14 上午 spec.jbb.JBBmain DoARun -> 信息:   started user thread for Warehouse 74
2月 14, 2026 3:39:14 上午 spec.jbb.JBBmain DoARun -> 信息:   started user thread for Warehouse 75
2月 14, 2026 3:39:14 上午 spec.jbb.JBBmain DoARun -> 信息:   started user thread for Warehouse 76
2月 14, 2026 3:39:14 上午 spec.jbb.JBBmain DoARun -> 信息:   started user thread for Warehouse 77
2月 14, 2026 3:39:14 上午 spec.jbb.JBBmain DoARun -> 信息:   started user thread for Warehouse 78
2月 14, 2026 3:39:14 上午 spec.jbb.JBBmain DoARun -> 信息:   started user thread for Warehouse 79
2月 14, 2026 3:39:14 上午 spec.jbb.JBBmain DoARun -> 信息:   started user thread for Warehouse 80
2月 14, 2026 3:39:14 上午 spec.jbb.JBBmain DoARun -> 信息:   started user thread for Warehouse 81
2月 14, 2026 3:39:14 上午 spec.jbb.JBBmain DoARun -> 信息:   started user thread for Warehouse 82
2月 14, 2026 3:39:14 上午 spec.jbb.JBBmain DoARun -> 信息:   started user thread for Warehouse 83
2月 14, 2026 3:39:14 上午 spec.jbb.JBBmain DoARun -> 信息:   started user thread for Warehouse 84
2月 14, 2026 3:39:14 上午 spec.jbb.JBBmain DoARun -> 信息:   started user thread for Warehouse 85
2月 14, 2026 3:39:14 上午 spec.jbb.JBBmain DoARun -> 信息:   started user thread for Warehouse 86
2月 14, 2026 3:39:14 上午 spec.jbb.JBBmain DoARun -> 信息:   started user thread for Warehouse 87
2月 14, 2026 3:39:14 上午 spec.jbb.JBBmain DoARun -> 信息:   started user thread for Warehouse 88
2月 14, 2026 3:39:14 上午 spec.jbb.JBBmain DoARun -> 信息:   started user thread for Warehouse 89
2月 14, 2026 3:39:14 上午 spec.jbb.JBBmain DoARun -> 信息:   started user thread for Warehouse 90
2月 14, 2026 3:39:14 上午 spec.jbb.JBBmain DoARun -> 信息:   started user thread for Warehouse 91
2月 14, 2026 3:39:14 上午 spec.jbb.JBBmain DoARun -> 信息:   started user thread for Warehouse 92
2月 14, 2026 3:39:14 上午 spec.jbb.JBBmain DoARun -> 信息:   started user thread for Warehouse 93
2月 14, 2026 3:39:14 上午 spec.jbb.JBBmain DoARun -> 信息:   started user thread for Warehouse 94
2月 14, 2026 3:39:14 上午 spec.jbb.JBBmain DoARun -> 信息:   started user thread for Warehouse 95
2月 14, 2026 3:39:14 上午 spec.jbb.JBBmain DoARun -> 信息:   started user thread for Warehouse 96
2月 14, 2026 3:39:14 上午 spec.jbb.JBBmain DoARun -> 信息:   started user thread for Warehouse 97
2月 14, 2026 3:39:14 上午 spec.jbb.JBBmain DoARun -> 信息:   started user thread for Warehouse 98
2月 14, 2026 3:39:14 上午 spec.jbb.JBBmain DoARun -> 信息:   started user thread for Warehouse 99
2月 14, 2026 3:39:14 上午 spec.jbb.JBBmain DoARun -> 信息:   started user thread for Warehouse 100
2月 14, 2026 3:39:14 上午 spec.jbb.Company displayResultTotals -> 信息: Timing Measurement began Sat Feb 14 03:39:14 CST 2026 for 4 minutes
2月 14, 2026 3:43:14 上午 spec.jbb.Company displayResultTotals -> 信息: Timing Measurement ended Sat Feb 14 03:43:14 CST 2026
2月 14, 2026 3:43:14 上午 spec.jbb.Company primeWithDummyData -> 信息: Loading Warehouse 101...
2月 14, 2026 3:43:14 上午 spec.jbb.JBBmain DoARun -> 信息: Start User Threads
2月 14, 2026 3:43:14 上午 spec.jbb.JBBmain DoARun -> 信息:   started user thread for Warehouse 1
2月 14, 2026 3:43:14 上午 spec.jbb.JBBmain DoARun -> 信息:   started user thread for Warehouse 2
2月 14, 2026 3:43:14 上午 spec.jbb.JBBmain DoARun -> 信息:   started user thread for Warehouse 3
2月 14, 2026 3:43:14 上午 spec.jbb.JBBmain DoARun -> 信息:   started user thread for Warehouse 4
2月 14, 2026 3:43:14 上午 spec.jbb.JBBmain DoARun -> 信息:   started user thread for Warehouse 5
2月 14, 2026 3:43:14 上午 spec.jbb.JBBmain DoARun -> 信息:   started user thread for Warehouse 6
2月 14, 2026 3:43:14 上午 spec.jbb.JBBmain DoARun -> 信息:   started user thread for Warehouse 7
2月 14, 2026 3:43:14 上午 spec.jbb.JBBmain DoARun -> 信息:   started user thread for Warehouse 8
2月 14, 2026 3:43:14 上午 spec.jbb.JBBmain DoARun -> 信息:   started user thread for Warehouse 9
2月 14, 2026 3:43:14 上午 spec.jbb.JBBmain DoARun -> 信息:   started user thread for Warehouse 10
2月 14, 2026 3:43:14 上午 spec.jbb.JBBmain DoARun -> 信息:   started user thread for Warehouse 11
2月 14, 2026 3:43:14 上午 spec.jbb.JBBmain DoARun -> 信息:   started user thread for Warehouse 12
2月 14, 2026 3:43:14 上午 spec.jbb.JBBmain DoARun -> 信息:   started user thread for Warehouse 13
2月 14, 2026 3:43:14 上午 spec.jbb.JBBmain DoARun -> 信息:   started user thread for Warehouse 14
2月 14, 2026 3:43:14 上午 spec.jbb.JBBmain DoARun -> 信息:   started user thread for Warehouse 15
2月 14, 2026 3:43:14 上午 spec.jbb.JBBmain DoARun -> 信息:   started user thread for Warehouse 16
2月 14, 2026 3:43:14 上午 spec.jbb.JBBmain DoARun -> 信息:   started user thread for Warehouse 17
2月 14, 2026 3:43:14 上午 spec.jbb.JBBmain DoARun -> 信息:   started user thread for Warehouse 18
2月 14, 2026 3:43:14 上午 spec.jbb.JBBmain DoARun -> 信息:   started user thread for Warehouse 19
2月 14, 2026 3:43:14 上午 spec.jbb.JBBmain DoARun -> 信息:   started user thread for Warehouse 20
2月 14, 2026 3:43:14 上午 spec.jbb.JBBmain DoARun -> 信息:   started user thread for Warehouse 21
2月 14, 2026 3:43:14 上午 spec.jbb.JBBmain DoARun -> 信息:   started user thread for Warehouse 22
2月 14, 2026 3:43:14 上午 spec.jbb.JBBmain DoARun -> 信息:   started user thread for Warehouse 23
2月 14, 2026 3:43:14 上午 spec.jbb.JBBmain DoARun -> 信息:   started user thread for Warehouse 24
2月 14, 2026 3:43:14 上午 spec.jbb.JBBmain DoARun -> 信息:   started user thread for Warehouse 25
2月 14, 2026 3:43:14 上午 spec.jbb.JBBmain DoARun -> 信息:   started user thread for Warehouse 26
2月 14, 2026 3:43:14 上午 spec.jbb.JBBmain DoARun -> 信息:   started user thread for Warehouse 27
2月 14, 2026 3:43:14 上午 spec.jbb.JBBmain DoARun -> 信息:   started user thread for Warehouse 28
2月 14, 2026 3:43:14 上午 spec.jbb.JBBmain DoARun -> 信息:   started user thread for Warehouse 29
2月 14, 2026 3:43:14 上午 spec.jbb.JBBmain DoARun -> 信息:   started user thread for Warehouse 30
2月 14, 2026 3:43:14 上午 spec.jbb.JBBmain DoARun -> 信息:   started user thread for Warehouse 31
2月 14, 2026 3:43:14 上午 spec.jbb.JBBmain DoARun -> 信息:   started user thread for Warehouse 32
2月 14, 2026 3:43:14 上午 spec.jbb.JBBmain DoARun -> 信息:   started user thread for Warehouse 33
2月 14, 2026 3:43:14 上午 spec.jbb.JBBmain DoARun -> 信息:   started user thread for Warehouse 34
2月 14, 2026 3:43:14 上午 spec.jbb.JBBmain DoARun -> 信息:   started user thread for Warehouse 35
2月 14, 2026 3:43:14 上午 spec.jbb.JBBmain DoARun -> 信息:   started user thread for Warehouse 36
2月 14, 2026 3:43:14 上午 spec.jbb.JBBmain DoARun -> 信息:   started user thread for Warehouse 37
2月 14, 2026 3:43:14 上午 spec.jbb.JBBmain DoARun -> 信息:   started user thread for Warehouse 38
2月 14, 2026 3:43:14 上午 spec.jbb.JBBmain DoARun -> 信息:   started user thread for Warehouse 39
2月 14, 2026 3:43:14 上午 spec.jbb.JBBmain DoARun -> 信息:   started user thread for Warehouse 40
2月 14, 2026 3:43:14 上午 spec.jbb.JBBmain DoARun -> 信息:   started user thread for Warehouse 41
2月 14, 2026 3:43:14 上午 spec.jbb.JBBmain DoARun -> 信息:   started user thread for Warehouse 42
2月 14, 2026 3:43:14 上午 spec.jbb.JBBmain DoARun -> 信息:   started user thread for Warehouse 43
2月 14, 2026 3:43:14 上午 spec.jbb.JBBmain DoARun -> 信息:   started user thread for Warehouse 44
2月 14, 2026 3:43:14 上午 spec.jbb.JBBmain DoARun -> 信息:   started user thread for Warehouse 45
2月 14, 2026 3:43:14 上午 spec.jbb.JBBmain DoARun -> 信息:   started user thread for Warehouse 46
2月 14, 2026 3:43:14 上午 spec.jbb.JBBmain DoARun -> 信息:   started user thread for Warehouse 47
2月 14, 2026 3:43:14 上午 spec.jbb.JBBmain DoARun -> 信息:   started user thread for Warehouse 48
2月 14, 2026 3:43:14 上午 spec.jbb.JBBmain DoARun -> 信息:   started user thread for Warehouse 49
2月 14, 2026 3:43:14 上午 spec.jbb.JBBmain DoARun -> 信息:   started user thread for Warehouse 50
2月 14, 2026 3:43:14 上午 spec.jbb.JBBmain DoARun -> 信息:   started user thread for Warehouse 51
2月 14, 2026 3:43:14 上午 spec.jbb.JBBmain DoARun -> 信息:   started user thread for Warehouse 52
2月 14, 2026 3:43:14 上午 spec.jbb.JBBmain DoARun -> 信息:   started user thread for Warehouse 53
2月 14, 2026 3:43:14 上午 spec.jbb.JBBmain DoARun -> 信息:   started user thread for Warehouse 54
2月 14, 2026 3:43:14 上午 spec.jbb.JBBmain DoARun -> 信息:   started user thread for Warehouse 55
2月 14, 2026 3:43:14 上午 spec.jbb.JBBmain DoARun -> 信息:   started user thread for Warehouse 56
2月 14, 2026 3:43:14 上午 spec.jbb.JBBmain DoARun -> 信息:   started user thread for Warehouse 57
2月 14, 2026 3:43:14 上午 spec.jbb.JBBmain DoARun -> 信息:   started user thread for Warehouse 58
2月 14, 2026 3:43:14 上午 spec.jbb.JBBmain DoARun -> 信息:   started user thread for Warehouse 59
2月 14, 2026 3:43:14 上午 spec.jbb.JBBmain DoARun -> 信息:   started user thread for Warehouse 60
2月 14, 2026 3:43:14 上午 spec.jbb.JBBmain DoARun -> 信息:   started user thread for Warehouse 61
2月 14, 2026 3:43:14 上午 spec.jbb.JBBmain DoARun -> 信息:   started user thread for Warehouse 62
2月 14, 2026 3:43:14 上午 spec.jbb.JBBmain DoARun -> 信息:   started user thread for Warehouse 63
2月 14, 2026 3:43:14 上午 spec.jbb.JBBmain DoARun -> 信息:   started user thread for Warehouse 64
2月 14, 2026 3:43:14 上午 spec.jbb.JBBmain DoARun -> 信息:   started user thread for Warehouse 65
2月 14, 2026 3:43:14 上午 spec.jbb.JBBmain DoARun -> 信息:   started user thread for Warehouse 66
2月 14, 2026 3:43:14 上午 spec.jbb.JBBmain DoARun -> 信息:   started user thread for Warehouse 67
2月 14, 2026 3:43:14 上午 spec.jbb.JBBmain DoARun -> 信息:   started user thread for Warehouse 68
2月 14, 2026 3:43:14 上午 spec.jbb.JBBmain DoARun -> 信息:   started user thread for Warehouse 69
2月 14, 2026 3:43:14 上午 spec.jbb.JBBmain DoARun -> 信息:   started user thread for Warehouse 70
2月 14, 2026 3:43:14 上午 spec.jbb.JBBmain DoARun -> 信息:   started user thread for Warehouse 71
2月 14, 2026 3:43:14 上午 spec.jbb.JBBmain DoARun -> 信息:   started user thread for Warehouse 72
2月 14, 2026 3:43:14 上午 spec.jbb.JBBmain DoARun -> 信息:   started user thread for Warehouse 73
2月 14, 2026 3:43:14 上午 spec.jbb.JBBmain DoARun -> 信息:   started user thread for Warehouse 74
2月 14, 2026 3:43:14 上午 spec.jbb.JBBmain DoARun -> 信息:   started user thread for Warehouse 75
2月 14, 2026 3:43:14 上午 spec.jbb.JBBmain DoARun -> 信息:   started user thread for Warehouse 76
2月 14, 2026 3:43:14 上午 spec.jbb.JBBmain DoARun -> 信息:   started user thread for Warehouse 77
2月 14, 2026 3:43:14 上午 spec.jbb.JBBmain DoARun -> 信息:   started user thread for Warehouse 78
2月 14, 2026 3:43:14 上午 spec.jbb.JBBmain DoARun -> 信息:   started user thread for Warehouse 79
2月 14, 2026 3:43:14 上午 spec.jbb.JBBmain DoARun -> 信息:   started user thread for Warehouse 80
2月 14, 2026 3:43:14 上午 spec.jbb.JBBmain DoARun -> 信息:   started user thread for Warehouse 81
2月 14, 2026 3:43:14 上午 spec.jbb.JBBmain DoARun -> 信息:   started user thread for Warehouse 82
2月 14, 2026 3:43:14 上午 spec.jbb.JBBmain DoARun -> 信息:   started user thread for Warehouse 83
2月 14, 2026 3:43:14 上午 spec.jbb.JBBmain DoARun -> 信息:   started user thread for Warehouse 84
2月 14, 2026 3:43:14 上午 spec.jbb.JBBmain DoARun -> 信息:   started user thread for Warehouse 85
2月 14, 2026 3:43:14 上午 spec.jbb.JBBmain DoARun -> 信息:   started user thread for Warehouse 86
2月 14, 2026 3:43:14 上午 spec.jbb.JBBmain DoARun -> 信息:   started user thread for Warehouse 87
2月 14, 2026 3:43:14 上午 spec.jbb.JBBmain DoARun -> 信息:   started user thread for Warehouse 88
2月 14, 2026 3:43:14 上午 spec.jbb.JBBmain DoARun -> 信息:   started user thread for Warehouse 89
2月 14, 2026 3:43:14 上午 spec.jbb.JBBmain DoARun -> 信息:   started user thread for Warehouse 90
2月 14, 2026 3:43:14 上午 spec.jbb.JBBmain DoARun -> 信息:   started user thread for Warehouse 91
2月 14, 2026 3:43:14 上午 spec.jbb.JBBmain DoARun -> 信息:   started user thread for Warehouse 92
2月 14, 2026 3:43:14 上午 spec.jbb.JBBmain DoARun -> 信息:   started user thread for Warehouse 93
2月 14, 2026 3:43:14 上午 spec.jbb.JBBmain DoARun -> 信息:   started user thread for Warehouse 94
2月 14, 2026 3:43:14 上午 spec.jbb.JBBmain DoARun -> 信息:   started user thread for Warehouse 95
2月 14, 2026 3:43:14 上午 spec.jbb.JBBmain DoARun -> 信息:   started user thread for Warehouse 96
2月 14, 2026 3:43:14 上午 spec.jbb.JBBmain DoARun -> 信息:   started user thread for Warehouse 97
2月 14, 2026 3:43:14 上午 spec.jbb.JBBmain DoARun -> 信息:   started user thread for Warehouse 98
2月 14, 2026 3:43:14 上午 spec.jbb.JBBmain DoARun -> 信息:   started user thread for Warehouse 99
2月 14, 2026 3:43:14 上午 spec.jbb.JBBmain DoARun -> 信息:   started user thread for Warehouse 100
2月 14, 2026 3:43:14 上午 spec.jbb.JBBmain DoARun -> 信息:   started user thread for Warehouse 101
2月 14, 2026 3:43:14 上午 spec.jbb.Company displayResultTotals -> 信息: Timing Measurement began Sat Feb 14 03:43:14 CST 2026 for 4 minutes
2月 14, 2026 3:47:14 上午 spec.jbb.Company displayResultTotals -> 信息: Timing Measurement ended Sat Feb 14 03:47:14 CST 2026
2月 14, 2026 3:47:14 上午 spec.jbb.Company primeWithDummyData -> 信息: Loading Warehouse 102...
2月 14, 2026 3:47:15 上午 spec.jbb.JBBmain DoARun -> 信息: Start User Threads
2月 14, 2026 3:47:15 上午 spec.jbb.JBBmain DoARun -> 信息:   started user thread for Warehouse 1
2月 14, 2026 3:47:15 上午 spec.jbb.JBBmain DoARun -> 信息:   started user thread for Warehouse 2
2月 14, 2026 3:47:15 上午 spec.jbb.JBBmain DoARun -> 信息:   started user thread for Warehouse 3
2月 14, 2026 3:47:15 上午 spec.jbb.JBBmain DoARun -> 信息:   started user thread for Warehouse 4
2月 14, 2026 3:47:15 上午 spec.jbb.JBBmain DoARun -> 信息:   started user thread for Warehouse 5
2月 14, 2026 3:47:15 上午 spec.jbb.JBBmain DoARun -> 信息:   started user thread for Warehouse 6
2月 14, 2026 3:47:15 上午 spec.jbb.JBBmain DoARun -> 信息:   started user thread for Warehouse 7
2月 14, 2026 3:47:15 上午 spec.jbb.JBBmain DoARun -> 信息:   started user thread for Warehouse 8
2月 14, 2026 3:47:15 上午 spec.jbb.JBBmain DoARun -> 信息:   started user thread for Warehouse 9
2月 14, 2026 3:47:15 上午 spec.jbb.JBBmain DoARun -> 信息:   started user thread for Warehouse 10
2月 14, 2026 3:47:15 上午 spec.jbb.JBBmain DoARun -> 信息:   started user thread for Warehouse 11
2月 14, 2026 3:47:15 上午 spec.jbb.JBBmain DoARun -> 信息:   started user thread for Warehouse 12
2月 14, 2026 3:47:15 上午 spec.jbb.JBBmain DoARun -> 信息:   started user thread for Warehouse 13
2月 14, 2026 3:47:15 上午 spec.jbb.JBBmain DoARun -> 信息:   started user thread for Warehouse 14
2月 14, 2026 3:47:15 上午 spec.jbb.JBBmain DoARun -> 信息:   started user thread for Warehouse 15
2月 14, 2026 3:47:15 上午 spec.jbb.JBBmain DoARun -> 信息:   started user thread for Warehouse 16
2月 14, 2026 3:47:15 上午 spec.jbb.JBBmain DoARun -> 信息:   started user thread for Warehouse 17
2月 14, 2026 3:47:15 上午 spec.jbb.JBBmain DoARun -> 信息:   started user thread for Warehouse 18
2月 14, 2026 3:47:15 上午 spec.jbb.JBBmain DoARun -> 信息:   started user thread for Warehouse 19
2月 14, 2026 3:47:15 上午 spec.jbb.JBBmain DoARun -> 信息:   started user thread for Warehouse 20
2月 14, 2026 3:47:15 上午 spec.jbb.JBBmain DoARun -> 信息:   started user thread for Warehouse 21
2月 14, 2026 3:47:15 上午 spec.jbb.JBBmain DoARun -> 信息:   started user thread for Warehouse 22
2月 14, 2026 3:47:15 上午 spec.jbb.JBBmain DoARun -> 信息:   started user thread for Warehouse 23
2月 14, 2026 3:47:15 上午 spec.jbb.JBBmain DoARun -> 信息:   started user thread for Warehouse 24
2月 14, 2026 3:47:15 上午 spec.jbb.JBBmain DoARun -> 信息:   started user thread for Warehouse 25
2月 14, 2026 3:47:15 上午 spec.jbb.JBBmain DoARun -> 信息:   started user thread for Warehouse 26
2月 14, 2026 3:47:15 上午 spec.jbb.JBBmain DoARun -> 信息:   started user thread for Warehouse 27
2月 14, 2026 3:47:15 上午 spec.jbb.JBBmain DoARun -> 信息:   started user thread for Warehouse 28
2月 14, 2026 3:47:15 上午 spec.jbb.JBBmain DoARun -> 信息:   started user thread for Warehouse 29
2月 14, 2026 3:47:15 上午 spec.jbb.JBBmain DoARun -> 信息:   started user thread for Warehouse 30
2月 14, 2026 3:47:15 上午 spec.jbb.JBBmain DoARun -> 信息:   started user thread for Warehouse 31
2月 14, 2026 3:47:15 上午 spec.jbb.JBBmain DoARun -> 信息:   started user thread for Warehouse 32
2月 14, 2026 3:47:15 上午 spec.jbb.JBBmain DoARun -> 信息:   started user thread for Warehouse 33
2月 14, 2026 3:47:15 上午 spec.jbb.JBBmain DoARun -> 信息:   started user thread for Warehouse 34
2月 14, 2026 3:47:15 上午 spec.jbb.JBBmain DoARun -> 信息:   started user thread for Warehouse 35
2月 14, 2026 3:47:15 上午 spec.jbb.JBBmain DoARun -> 信息:   started user thread for Warehouse 36
2月 14, 2026 3:47:15 上午 spec.jbb.JBBmain DoARun -> 信息:   started user thread for Warehouse 37
2月 14, 2026 3:47:15 上午 spec.jbb.JBBmain DoARun -> 信息:   started user thread for Warehouse 38
2月 14, 2026 3:47:15 上午 spec.jbb.JBBmain DoARun -> 信息:   started user thread for Warehouse 39
2月 14, 2026 3:47:15 上午 spec.jbb.JBBmain DoARun -> 信息:   started user thread for Warehouse 40
2月 14, 2026 3:47:15 上午 spec.jbb.JBBmain DoARun -> 信息:   started user thread for Warehouse 41
2月 14, 2026 3:47:15 上午 spec.jbb.JBBmain DoARun -> 信息:   started user thread for Warehouse 42
2月 14, 2026 3:47:15 上午 spec.jbb.JBBmain DoARun -> 信息:   started user thread for Warehouse 43
2月 14, 2026 3:47:15 上午 spec.jbb.JBBmain DoARun -> 信息:   started user thread for Warehouse 44
2月 14, 2026 3:47:15 上午 spec.jbb.JBBmain DoARun -> 信息:   started user thread for Warehouse 45
2月 14, 2026 3:47:15 上午 spec.jbb.JBBmain DoARun -> 信息:   started user thread for Warehouse 46
2月 14, 2026 3:47:15 上午 spec.jbb.JBBmain DoARun -> 信息:   started user thread for Warehouse 47
2月 14, 2026 3:47:15 上午 spec.jbb.JBBmain DoARun -> 信息:   started user thread for Warehouse 48
2月 14, 2026 3:47:15 上午 spec.jbb.JBBmain DoARun -> 信息:   started user thread for Warehouse 49
2月 14, 2026 3:47:15 上午 spec.jbb.JBBmain DoARun -> 信息:   started user thread for Warehouse 50
2月 14, 2026 3:47:15 上午 spec.jbb.JBBmain DoARun -> 信息:   started user thread for Warehouse 51
2月 14, 2026 3:47:15 上午 spec.jbb.JBBmain DoARun -> 信息:   started user thread for Warehouse 52
2月 14, 2026 3:47:15 上午 spec.jbb.JBBmain DoARun -> 信息:   started user thread for Warehouse 53
2月 14, 2026 3:47:15 上午 spec.jbb.JBBmain DoARun -> 信息:   started user thread for Warehouse 54
2月 14, 2026 3:47:15 上午 spec.jbb.JBBmain DoARun -> 信息:   started user thread for Warehouse 55
2月 14, 2026 3:47:15 上午 spec.jbb.JBBmain DoARun -> 信息:   started user thread for Warehouse 56
2月 14, 2026 3:47:15 上午 spec.jbb.JBBmain DoARun -> 信息:   started user thread for Warehouse 57
2月 14, 2026 3:47:15 上午 spec.jbb.JBBmain DoARun -> 信息:   started user thread for Warehouse 58
2月 14, 2026 3:47:15 上午 spec.jbb.JBBmain DoARun -> 信息:   started user thread for Warehouse 59
2月 14, 2026 3:47:15 上午 spec.jbb.JBBmain DoARun -> 信息:   started user thread for Warehouse 60
2月 14, 2026 3:47:15 上午 spec.jbb.JBBmain DoARun -> 信息:   started user thread for Warehouse 61
2月 14, 2026 3:47:15 上午 spec.jbb.JBBmain DoARun -> 信息:   started user thread for Warehouse 62
2月 14, 2026 3:47:15 上午 spec.jbb.JBBmain DoARun -> 信息:   started user thread for Warehouse 63
2月 14, 2026 3:47:15 上午 spec.jbb.JBBmain DoARun -> 信息:   started user thread for Warehouse 64
2月 14, 2026 3:47:15 上午 spec.jbb.JBBmain DoARun -> 信息:   started user thread for Warehouse 65
2月 14, 2026 3:47:15 上午 spec.jbb.JBBmain DoARun -> 信息:   started user thread for Warehouse 66
2月 14, 2026 3:47:15 上午 spec.jbb.JBBmain DoARun -> 信息:   started user thread for Warehouse 67
2月 14, 2026 3:47:15 上午 spec.jbb.JBBmain DoARun -> 信息:   started user thread for Warehouse 68
2月 14, 2026 3:47:15 上午 spec.jbb.JBBmain DoARun -> 信息:   started user thread for Warehouse 69
2月 14, 2026 3:47:15 上午 spec.jbb.JBBmain DoARun -> 信息:   started user thread for Warehouse 70
2月 14, 2026 3:47:15 上午 spec.jbb.JBBmain DoARun -> 信息:   started user thread for Warehouse 71
2月 14, 2026 3:47:15 上午 spec.jbb.JBBmain DoARun -> 信息:   started user thread for Warehouse 72
2月 14, 2026 3:47:15 上午 spec.jbb.JBBmain DoARun -> 信息:   started user thread for Warehouse 73
2月 14, 2026 3:47:15 上午 spec.jbb.JBBmain DoARun -> 信息:   started user thread for Warehouse 74
2月 14, 2026 3:47:15 上午 spec.jbb.JBBmain DoARun -> 信息:   started user thread for Warehouse 75
2月 14, 2026 3:47:15 上午 spec.jbb.JBBmain DoARun -> 信息:   started user thread for Warehouse 76
2月 14, 2026 3:47:15 上午 spec.jbb.JBBmain DoARun -> 信息:   started user thread for Warehouse 77
2月 14, 2026 3:47:15 上午 spec.jbb.JBBmain DoARun -> 信息:   started user thread for Warehouse 78
2月 14, 2026 3:47:15 上午 spec.jbb.JBBmain DoARun -> 信息:   started user thread for Warehouse 79
2月 14, 2026 3:47:15 上午 spec.jbb.JBBmain DoARun -> 信息:   started user thread for Warehouse 80
2月 14, 2026 3:47:15 上午 spec.jbb.JBBmain DoARun -> 信息:   started user thread for Warehouse 81
2月 14, 2026 3:47:15 上午 spec.jbb.JBBmain DoARun -> 信息:   started user thread for Warehouse 82
2月 14, 2026 3:47:15 上午 spec.jbb.JBBmain DoARun -> 信息:   started user thread for Warehouse 83
2月 14, 2026 3:47:15 上午 spec.jbb.JBBmain DoARun -> 信息:   started user thread for Warehouse 84
2月 14, 2026 3:47:15 上午 spec.jbb.JBBmain DoARun -> 信息:   started user thread for Warehouse 85
2月 14, 2026 3:47:15 上午 spec.jbb.JBBmain DoARun -> 信息:   started user thread for Warehouse 86
2月 14, 2026 3:47:15 上午 spec.jbb.JBBmain DoARun -> 信息:   started user thread for Warehouse 87
2月 14, 2026 3:47:15 上午 spec.jbb.JBBmain DoARun -> 信息:   started user thread for Warehouse 88
2月 14, 2026 3:47:15 上午 spec.jbb.JBBmain DoARun -> 信息:   started user thread for Warehouse 89
2月 14, 2026 3:47:15 上午 spec.jbb.JBBmain DoARun -> 信息:   started user thread for Warehouse 90
2月 14, 2026 3:47:15 上午 spec.jbb.JBBmain DoARun -> 信息:   started user thread for Warehouse 91
2月 14, 2026 3:47:15 上午 spec.jbb.JBBmain DoARun -> 信息:   started user thread for Warehouse 92
2月 14, 2026 3:47:15 上午 spec.jbb.JBBmain DoARun -> 信息:   started user thread for Warehouse 93
2月 14, 2026 3:47:15 上午 spec.jbb.JBBmain DoARun -> 信息:   started user thread for Warehouse 94
2月 14, 2026 3:47:15 上午 spec.jbb.JBBmain DoARun -> 信息:   started user thread for Warehouse 95
2月 14, 2026 3:47:15 上午 spec.jbb.JBBmain DoARun -> 信息:   started user thread for Warehouse 96
2月 14, 2026 3:47:15 上午 spec.jbb.JBBmain DoARun -> 信息:   started user thread for Warehouse 97
2月 14, 2026 3:47:15 上午 spec.jbb.JBBmain DoARun -> 信息:   started user thread for Warehouse 98
2月 14, 2026 3:47:15 上午 spec.jbb.JBBmain DoARun -> 信息:   started user thread for Warehouse 99
2月 14, 2026 3:47:15 上午 spec.jbb.JBBmain DoARun -> 信息:   started user thread for Warehouse 100
2月 14, 2026 3:47:15 上午 spec.jbb.JBBmain DoARun -> 信息:   started user thread for Warehouse 101
2月 14, 2026 3:47:15 上午 spec.jbb.JBBmain DoARun -> 信息:   started user thread for Warehouse 102
2月 14, 2026 3:47:15 上午 spec.jbb.Company displayResultTotals -> 信息: Timing Measurement began Sat Feb 14 03:47:15 CST 2026 for 4 minutes
2月 14, 2026 3:51:15 上午 spec.jbb.Company displayResultTotals -> 信息: Timing Measurement ended Sat Feb 14 03:51:15 CST 2026
2月 14, 2026 3:51:15 上午 spec.jbb.Company primeWithDummyData -> 信息: Loading Warehouse 103...
2月 14, 2026 3:51:15 上午 spec.jbb.JBBmain DoARun -> 信息: Start User Threads
2月 14, 2026 3:51:15 上午 spec.jbb.JBBmain DoARun -> 信息:   started user thread for Warehouse 1
2月 14, 2026 3:51:15 上午 spec.jbb.JBBmain DoARun -> 信息:   started user thread for Warehouse 2
2月 14, 2026 3:51:15 上午 spec.jbb.JBBmain DoARun -> 信息:   started user thread for Warehouse 3
2月 14, 2026 3:51:15 上午 spec.jbb.JBBmain DoARun -> 信息:   started user thread for Warehouse 4
2月 14, 2026 3:51:15 上午 spec.jbb.JBBmain DoARun -> 信息:   started user thread for Warehouse 5
2月 14, 2026 3:51:15 上午 spec.jbb.JBBmain DoARun -> 信息:   started user thread for Warehouse 6
2月 14, 2026 3:51:15 上午 spec.jbb.JBBmain DoARun -> 信息:   started user thread for Warehouse 7
2月 14, 2026 3:51:15 上午 spec.jbb.JBBmain DoARun -> 信息:   started user thread for Warehouse 8
2月 14, 2026 3:51:15 上午 spec.jbb.JBBmain DoARun -> 信息:   started user thread for Warehouse 9
2月 14, 2026 3:51:15 上午 spec.jbb.JBBmain DoARun -> 信息:   started user thread for Warehouse 10
2月 14, 2026 3:51:15 上午 spec.jbb.JBBmain DoARun -> 信息:   started user thread for Warehouse 11
2月 14, 2026 3:51:15 上午 spec.jbb.JBBmain DoARun -> 信息:   started user thread for Warehouse 12
2月 14, 2026 3:51:15 上午 spec.jbb.JBBmain DoARun -> 信息:   started user thread for Warehouse 13
2月 14, 2026 3:51:15 上午 spec.jbb.JBBmain DoARun -> 信息:   started user thread for Warehouse 14
2月 14, 2026 3:51:15 上午 spec.jbb.JBBmain DoARun -> 信息:   started user thread for Warehouse 15
2月 14, 2026 3:51:15 上午 spec.jbb.JBBmain DoARun -> 信息:   started user thread for Warehouse 16
2月 14, 2026 3:51:15 上午 spec.jbb.JBBmain DoARun -> 信息:   started user thread for Warehouse 17
2月 14, 2026 3:51:15 上午 spec.jbb.JBBmain DoARun -> 信息:   started user thread for Warehouse 18
2月 14, 2026 3:51:15 上午 spec.jbb.JBBmain DoARun -> 信息:   started user thread for Warehouse 19
2月 14, 2026 3:51:15 上午 spec.jbb.JBBmain DoARun -> 信息:   started user thread for Warehouse 20
2月 14, 2026 3:51:15 上午 spec.jbb.JBBmain DoARun -> 信息:   started user thread for Warehouse 21
2月 14, 2026 3:51:15 上午 spec.jbb.JBBmain DoARun -> 信息:   started user thread for Warehouse 22
2月 14, 2026 3:51:15 上午 spec.jbb.JBBmain DoARun -> 信息:   started user thread for Warehouse 23
2月 14, 2026 3:51:15 上午 spec.jbb.JBBmain DoARun -> 信息:   started user thread for Warehouse 24
2月 14, 2026 3:51:15 上午 spec.jbb.JBBmain DoARun -> 信息:   started user thread for Warehouse 25
2月 14, 2026 3:51:15 上午 spec.jbb.JBBmain DoARun -> 信息:   started user thread for Warehouse 26
2月 14, 2026 3:51:15 上午 spec.jbb.JBBmain DoARun -> 信息:   started user thread for Warehouse 27
2月 14, 2026 3:51:15 上午 spec.jbb.JBBmain DoARun -> 信息:   started user thread for Warehouse 28
2月 14, 2026 3:51:15 上午 spec.jbb.JBBmain DoARun -> 信息:   started user thread for Warehouse 29
2月 14, 2026 3:51:15 上午 spec.jbb.JBBmain DoARun -> 信息:   started user thread for Warehouse 30
2月 14, 2026 3:51:15 上午 spec.jbb.JBBmain DoARun -> 信息:   started user thread for Warehouse 31
2月 14, 2026 3:51:15 上午 spec.jbb.JBBmain DoARun -> 信息:   started user thread for Warehouse 32
2月 14, 2026 3:51:15 上午 spec.jbb.JBBmain DoARun -> 信息:   started user thread for Warehouse 33
2月 14, 2026 3:51:15 上午 spec.jbb.JBBmain DoARun -> 信息:   started user thread for Warehouse 34
2月 14, 2026 3:51:15 上午 spec.jbb.JBBmain DoARun -> 信息:   started user thread for Warehouse 35
2月 14, 2026 3:51:15 上午 spec.jbb.JBBmain DoARun -> 信息:   started user thread for Warehouse 36
2月 14, 2026 3:51:15 上午 spec.jbb.JBBmain DoARun -> 信息:   started user thread for Warehouse 37
2月 14, 2026 3:51:15 上午 spec.jbb.JBBmain DoARun -> 信息:   started user thread for Warehouse 38
2月 14, 2026 3:51:15 上午 spec.jbb.JBBmain DoARun -> 信息:   started user thread for Warehouse 39
2月 14, 2026 3:51:15 上午 spec.jbb.JBBmain DoARun -> 信息:   started user thread for Warehouse 40
2月 14, 2026 3:51:15 上午 spec.jbb.JBBmain DoARun -> 信息:   started user thread for Warehouse 41
2月 14, 2026 3:51:15 上午 spec.jbb.JBBmain DoARun -> 信息:   started user thread for Warehouse 42
2月 14, 2026 3:51:15 上午 spec.jbb.JBBmain DoARun -> 信息:   started user thread for Warehouse 43
2月 14, 2026 3:51:15 上午 spec.jbb.JBBmain DoARun -> 信息:   started user thread for Warehouse 44
2月 14, 2026 3:51:15 上午 spec.jbb.JBBmain DoARun -> 信息:   started user thread for Warehouse 45
2月 14, 2026 3:51:15 上午 spec.jbb.JBBmain DoARun -> 信息:   started user thread for Warehouse 46
2月 14, 2026 3:51:15 上午 spec.jbb.JBBmain DoARun -> 信息:   started user thread for Warehouse 47
2月 14, 2026 3:51:15 上午 spec.jbb.JBBmain DoARun -> 信息:   started user thread for Warehouse 48
2月 14, 2026 3:51:15 上午 spec.jbb.JBBmain DoARun -> 信息:   started user thread for Warehouse 49
2月 14, 2026 3:51:15 上午 spec.jbb.JBBmain DoARun -> 信息:   started user thread for Warehouse 50
2月 14, 2026 3:51:15 上午 spec.jbb.JBBmain DoARun -> 信息:   started user thread for Warehouse 51
2月 14, 2026 3:51:15 上午 spec.jbb.JBBmain DoARun -> 信息:   started user thread for Warehouse 52
2月 14, 2026 3:51:15 上午 spec.jbb.JBBmain DoARun -> 信息:   started user thread for Warehouse 53
2月 14, 2026 3:51:15 上午 spec.jbb.JBBmain DoARun -> 信息:   started user thread for Warehouse 54
2月 14, 2026 3:51:15 上午 spec.jbb.JBBmain DoARun -> 信息:   started user thread for Warehouse 55
2月 14, 2026 3:51:15 上午 spec.jbb.JBBmain DoARun -> 信息:   started user thread for Warehouse 56
2月 14, 2026 3:51:15 上午 spec.jbb.JBBmain DoARun -> 信息:   started user thread for Warehouse 57
2月 14, 2026 3:51:15 上午 spec.jbb.JBBmain DoARun -> 信息:   started user thread for Warehouse 58
2月 14, 2026 3:51:15 上午 spec.jbb.JBBmain DoARun -> 信息:   started user thread for Warehouse 59
2月 14, 2026 3:51:15 上午 spec.jbb.JBBmain DoARun -> 信息:   started user thread for Warehouse 60
2月 14, 2026 3:51:15 上午 spec.jbb.JBBmain DoARun -> 信息:   started user thread for Warehouse 61
2月 14, 2026 3:51:15 上午 spec.jbb.JBBmain DoARun -> 信息:   started user thread for Warehouse 62
2月 14, 2026 3:51:15 上午 spec.jbb.JBBmain DoARun -> 信息:   started user thread for Warehouse 63
2月 14, 2026 3:51:15 上午 spec.jbb.JBBmain DoARun -> 信息:   started user thread for Warehouse 64
2月 14, 2026 3:51:15 上午 spec.jbb.JBBmain DoARun -> 信息:   started user thread for Warehouse 65
2月 14, 2026 3:51:15 上午 spec.jbb.JBBmain DoARun -> 信息:   started user thread for Warehouse 66
2月 14, 2026 3:51:15 上午 spec.jbb.JBBmain DoARun -> 信息:   started user thread for Warehouse 67
2月 14, 2026 3:51:15 上午 spec.jbb.JBBmain DoARun -> 信息:   started user thread for Warehouse 68
2月 14, 2026 3:51:15 上午 spec.jbb.JBBmain DoARun -> 信息:   started user thread for Warehouse 69
2月 14, 2026 3:51:15 上午 spec.jbb.JBBmain DoARun -> 信息:   started user thread for Warehouse 70
2月 14, 2026 3:51:15 上午 spec.jbb.JBBmain DoARun -> 信息:   started user thread for Warehouse 71
2月 14, 2026 3:51:15 上午 spec.jbb.JBBmain DoARun -> 信息:   started user thread for Warehouse 72
2月 14, 2026 3:51:15 上午 spec.jbb.JBBmain DoARun -> 信息:   started user thread for Warehouse 73
2月 14, 2026 3:51:15 上午 spec.jbb.JBBmain DoARun -> 信息:   started user thread for Warehouse 74
2月 14, 2026 3:51:15 上午 spec.jbb.JBBmain DoARun -> 信息:   started user thread for Warehouse 75
2月 14, 2026 3:51:15 上午 spec.jbb.JBBmain DoARun -> 信息:   started user thread for Warehouse 76
2月 14, 2026 3:51:15 上午 spec.jbb.JBBmain DoARun -> 信息:   started user thread for Warehouse 77
2月 14, 2026 3:51:15 上午 spec.jbb.JBBmain DoARun -> 信息:   started user thread for Warehouse 78
2月 14, 2026 3:51:15 上午 spec.jbb.JBBmain DoARun -> 信息:   started user thread for Warehouse 79
2月 14, 2026 3:51:15 上午 spec.jbb.JBBmain DoARun -> 信息:   started user thread for Warehouse 80
2月 14, 2026 3:51:15 上午 spec.jbb.JBBmain DoARun -> 信息:   started user thread for Warehouse 81
2月 14, 2026 3:51:15 上午 spec.jbb.JBBmain DoARun -> 信息:   started user thread for Warehouse 82
2月 14, 2026 3:51:15 上午 spec.jbb.JBBmain DoARun -> 信息:   started user thread for Warehouse 83
2月 14, 2026 3:51:15 上午 spec.jbb.JBBmain DoARun -> 信息:   started user thread for Warehouse 84
2月 14, 2026 3:51:15 上午 spec.jbb.JBBmain DoARun -> 信息:   started user thread for Warehouse 85
2月 14, 2026 3:51:15 上午 spec.jbb.JBBmain DoARun -> 信息:   started user thread for Warehouse 86
2月 14, 2026 3:51:15 上午 spec.jbb.JBBmain DoARun -> 信息:   started user thread for Warehouse 87
2月 14, 2026 3:51:15 上午 spec.jbb.JBBmain DoARun -> 信息:   started user thread for Warehouse 88
2月 14, 2026 3:51:15 上午 spec.jbb.JBBmain DoARun -> 信息:   started user thread for Warehouse 89
2月 14, 2026 3:51:15 上午 spec.jbb.JBBmain DoARun -> 信息:   started user thread for Warehouse 90
2月 14, 2026 3:51:15 上午 spec.jbb.JBBmain DoARun -> 信息:   started user thread for Warehouse 91
2月 14, 2026 3:51:15 上午 spec.jbb.JBBmain DoARun -> 信息:   started user thread for Warehouse 92
2月 14, 2026 3:51:15 上午 spec.jbb.JBBmain DoARun -> 信息:   started user thread for Warehouse 93
2月 14, 2026 3:51:15 上午 spec.jbb.JBBmain DoARun -> 信息:   started user thread for Warehouse 94
2月 14, 2026 3:51:15 上午 spec.jbb.JBBmain DoARun -> 信息:   started user thread for Warehouse 95
2月 14, 2026 3:51:15 上午 spec.jbb.JBBmain DoARun -> 信息:   started user thread for Warehouse 96
2月 14, 2026 3:51:15 上午 spec.jbb.JBBmain DoARun -> 信息:   started user thread for Warehouse 97
2月 14, 2026 3:51:15 上午 spec.jbb.JBBmain DoARun -> 信息:   started user thread for Warehouse 98
2月 14, 2026 3:51:15 上午 spec.jbb.JBBmain DoARun -> 信息:   started user thread for Warehouse 99
2月 14, 2026 3:51:15 上午 spec.jbb.JBBmain DoARun -> 信息:   started user thread for Warehouse 100
2月 14, 2026 3:51:15 上午 spec.jbb.JBBmain DoARun -> 信息:   started user thread for Warehouse 101
2月 14, 2026 3:51:15 上午 spec.jbb.JBBmain DoARun -> 信息:   started user thread for Warehouse 102
2月 14, 2026 3:51:15 上午 spec.jbb.JBBmain DoARun -> 信息:   started user thread for Warehouse 103
2月 14, 2026 3:51:15 上午 spec.jbb.Company displayResultTotals -> 信息: Timing Measurement began Sat Feb 14 03:51:15 CST 2026 for 4 minutes
2月 14, 2026 3:55:15 上午 spec.jbb.Company displayResultTotals -> 信息: Timing Measurement ended Sat Feb 14 03:55:15 CST 2026
2月 14, 2026 3:55:15 上午 spec.jbb.Company primeWithDummyData -> 信息: Loading Warehouse 104...
2月 14, 2026 3:55:15 上午 spec.jbb.JBBmain DoARun -> 信息: Start User Threads
2月 14, 2026 3:55:15 上午 spec.jbb.JBBmain DoARun -> 信息:   started user thread for Warehouse 1
2月 14, 2026 3:55:15 上午 spec.jbb.JBBmain DoARun -> 信息:   started user thread for Warehouse 2
2月 14, 2026 3:55:15 上午 spec.jbb.JBBmain DoARun -> 信息:   started user thread for Warehouse 3
2月 14, 2026 3:55:15 上午 spec.jbb.JBBmain DoARun -> 信息:   started user thread for Warehouse 4
2月 14, 2026 3:55:15 上午 spec.jbb.JBBmain DoARun -> 信息:   started user thread for Warehouse 5
2月 14, 2026 3:55:15 上午 spec.jbb.JBBmain DoARun -> 信息:   started user thread for Warehouse 6
2月 14, 2026 3:55:15 上午 spec.jbb.JBBmain DoARun -> 信息:   started user thread for Warehouse 7
2月 14, 2026 3:55:15 上午 spec.jbb.JBBmain DoARun -> 信息:   started user thread for Warehouse 8
2月 14, 2026 3:55:15 上午 spec.jbb.JBBmain DoARun -> 信息:   started user thread for Warehouse 9
2月 14, 2026 3:55:15 上午 spec.jbb.JBBmain DoARun -> 信息:   started user thread for Warehouse 10
2月 14, 2026 3:55:15 上午 spec.jbb.JBBmain DoARun -> 信息:   started user thread for Warehouse 11
2月 14, 2026 3:55:15 上午 spec.jbb.JBBmain DoARun -> 信息:   started user thread for Warehouse 12
2月 14, 2026 3:55:15 上午 spec.jbb.JBBmain DoARun -> 信息:   started user thread for Warehouse 13
2月 14, 2026 3:55:15 上午 spec.jbb.JBBmain DoARun -> 信息:   started user thread for Warehouse 14
2月 14, 2026 3:55:15 上午 spec.jbb.JBBmain DoARun -> 信息:   started user thread for Warehouse 15
2月 14, 2026 3:55:15 上午 spec.jbb.JBBmain DoARun -> 信息:   started user thread for Warehouse 16
2月 14, 2026 3:55:15 上午 spec.jbb.JBBmain DoARun -> 信息:   started user thread for Warehouse 17
2月 14, 2026 3:55:15 上午 spec.jbb.JBBmain DoARun -> 信息:   started user thread for Warehouse 18
2月 14, 2026 3:55:15 上午 spec.jbb.JBBmain DoARun -> 信息:   started user thread for Warehouse 19
2月 14, 2026 3:55:15 上午 spec.jbb.JBBmain DoARun -> 信息:   started user thread for Warehouse 20
2月 14, 2026 3:55:15 上午 spec.jbb.JBBmain DoARun -> 信息:   started user thread for Warehouse 21
2月 14, 2026 3:55:15 上午 spec.jbb.JBBmain DoARun -> 信息:   started user thread for Warehouse 22
2月 14, 2026 3:55:15 上午 spec.jbb.JBBmain DoARun -> 信息:   started user thread for Warehouse 23
2月 14, 2026 3:55:15 上午 spec.jbb.JBBmain DoARun -> 信息:   started user thread for Warehouse 24
2月 14, 2026 3:55:15 上午 spec.jbb.JBBmain DoARun -> 信息:   started user thread for Warehouse 25
2月 14, 2026 3:55:15 上午 spec.jbb.JBBmain DoARun -> 信息:   started user thread for Warehouse 26
2月 14, 2026 3:55:15 上午 spec.jbb.JBBmain DoARun -> 信息:   started user thread for Warehouse 27
2月 14, 2026 3:55:15 上午 spec.jbb.JBBmain DoARun -> 信息:   started user thread for Warehouse 28
2月 14, 2026 3:55:15 上午 spec.jbb.JBBmain DoARun -> 信息:   started user thread for Warehouse 29
2月 14, 2026 3:55:15 上午 spec.jbb.JBBmain DoARun -> 信息:   started user thread for Warehouse 30
2月 14, 2026 3:55:15 上午 spec.jbb.JBBmain DoARun -> 信息:   started user thread for Warehouse 31
2月 14, 2026 3:55:15 上午 spec.jbb.JBBmain DoARun -> 信息:   started user thread for Warehouse 32
2月 14, 2026 3:55:15 上午 spec.jbb.JBBmain DoARun -> 信息:   started user thread for Warehouse 33
2月 14, 2026 3:55:15 上午 spec.jbb.JBBmain DoARun -> 信息:   started user thread for Warehouse 34
2月 14, 2026 3:55:15 上午 spec.jbb.JBBmain DoARun -> 信息:   started user thread for Warehouse 35
2月 14, 2026 3:55:15 上午 spec.jbb.JBBmain DoARun -> 信息:   started user thread for Warehouse 36
2月 14, 2026 3:55:15 上午 spec.jbb.JBBmain DoARun -> 信息:   started user thread for Warehouse 37
2月 14, 2026 3:55:15 上午 spec.jbb.JBBmain DoARun -> 信息:   started user thread for Warehouse 38
2月 14, 2026 3:55:15 上午 spec.jbb.JBBmain DoARun -> 信息:   started user thread for Warehouse 39
2月 14, 2026 3:55:15 上午 spec.jbb.JBBmain DoARun -> 信息:   started user thread for Warehouse 40
2月 14, 2026 3:55:15 上午 spec.jbb.JBBmain DoARun -> 信息:   started user thread for Warehouse 41
2月 14, 2026 3:55:15 上午 spec.jbb.JBBmain DoARun -> 信息:   started user thread for Warehouse 42
2月 14, 2026 3:55:15 上午 spec.jbb.JBBmain DoARun -> 信息:   started user thread for Warehouse 43
2月 14, 2026 3:55:15 上午 spec.jbb.JBBmain DoARun -> 信息:   started user thread for Warehouse 44
2月 14, 2026 3:55:15 上午 spec.jbb.JBBmain DoARun -> 信息:   started user thread for Warehouse 45
2月 14, 2026 3:55:15 上午 spec.jbb.JBBmain DoARun -> 信息:   started user thread for Warehouse 46
2月 14, 2026 3:55:15 上午 spec.jbb.JBBmain DoARun -> 信息:   started user thread for Warehouse 47
2月 14, 2026 3:55:15 上午 spec.jbb.JBBmain DoARun -> 信息:   started user thread for Warehouse 48
2月 14, 2026 3:55:15 上午 spec.jbb.JBBmain DoARun -> 信息:   started user thread for Warehouse 49
2月 14, 2026 3:55:15 上午 spec.jbb.JBBmain DoARun -> 信息:   started user thread for Warehouse 50
2月 14, 2026 3:55:15 上午 spec.jbb.JBBmain DoARun -> 信息:   started user thread for Warehouse 51
2月 14, 2026 3:55:15 上午 spec.jbb.JBBmain DoARun -> 信息:   started user thread for Warehouse 52
2月 14, 2026 3:55:15 上午 spec.jbb.JBBmain DoARun -> 信息:   started user thread for Warehouse 53
2月 14, 2026 3:55:15 上午 spec.jbb.JBBmain DoARun -> 信息:   started user thread for Warehouse 54
2月 14, 2026 3:55:15 上午 spec.jbb.JBBmain DoARun -> 信息:   started user thread for Warehouse 55
2月 14, 2026 3:55:15 上午 spec.jbb.JBBmain DoARun -> 信息:   started user thread for Warehouse 56
2月 14, 2026 3:55:15 上午 spec.jbb.JBBmain DoARun -> 信息:   started user thread for Warehouse 57
2月 14, 2026 3:55:15 上午 spec.jbb.JBBmain DoARun -> 信息:   started user thread for Warehouse 58
2月 14, 2026 3:55:15 上午 spec.jbb.JBBmain DoARun -> 信息:   started user thread for Warehouse 59
2月 14, 2026 3:55:15 上午 spec.jbb.JBBmain DoARun -> 信息:   started user thread for Warehouse 60
2月 14, 2026 3:55:15 上午 spec.jbb.JBBmain DoARun -> 信息:   started user thread for Warehouse 61
2月 14, 2026 3:55:15 上午 spec.jbb.JBBmain DoARun -> 信息:   started user thread for Warehouse 62
2月 14, 2026 3:55:15 上午 spec.jbb.JBBmain DoARun -> 信息:   started user thread for Warehouse 63
2月 14, 2026 3:55:15 上午 spec.jbb.JBBmain DoARun -> 信息:   started user thread for Warehouse 64
2月 14, 2026 3:55:15 上午 spec.jbb.JBBmain DoARun -> 信息:   started user thread for Warehouse 65
2月 14, 2026 3:55:15 上午 spec.jbb.JBBmain DoARun -> 信息:   started user thread for Warehouse 66
2月 14, 2026 3:55:15 上午 spec.jbb.JBBmain DoARun -> 信息:   started user thread for Warehouse 67
2月 14, 2026 3:55:15 上午 spec.jbb.JBBmain DoARun -> 信息:   started user thread for Warehouse 68
2月 14, 2026 3:55:15 上午 spec.jbb.JBBmain DoARun -> 信息:   started user thread for Warehouse 69
2月 14, 2026 3:55:15 上午 spec.jbb.JBBmain DoARun -> 信息:   started user thread for Warehouse 70
2月 14, 2026 3:55:15 上午 spec.jbb.JBBmain DoARun -> 信息:   started user thread for Warehouse 71
2月 14, 2026 3:55:15 上午 spec.jbb.JBBmain DoARun -> 信息:   started user thread for Warehouse 72
2月 14, 2026 3:55:15 上午 spec.jbb.JBBmain DoARun -> 信息:   started user thread for Warehouse 73
2月 14, 2026 3:55:15 上午 spec.jbb.JBBmain DoARun -> 信息:   started user thread for Warehouse 74
2月 14, 2026 3:55:15 上午 spec.jbb.JBBmain DoARun -> 信息:   started user thread for Warehouse 75
2月 14, 2026 3:55:15 上午 spec.jbb.JBBmain DoARun -> 信息:   started user thread for Warehouse 76
2月 14, 2026 3:55:15 上午 spec.jbb.JBBmain DoARun -> 信息:   started user thread for Warehouse 77
2月 14, 2026 3:55:15 上午 spec.jbb.JBBmain DoARun -> 信息:   started user thread for Warehouse 78
2月 14, 2026 3:55:15 上午 spec.jbb.JBBmain DoARun -> 信息:   started user thread for Warehouse 79
2月 14, 2026 3:55:15 上午 spec.jbb.JBBmain DoARun -> 信息:   started user thread for Warehouse 80
2月 14, 2026 3:55:15 上午 spec.jbb.JBBmain DoARun -> 信息:   started user thread for Warehouse 81
2月 14, 2026 3:55:15 上午 spec.jbb.JBBmain DoARun -> 信息:   started user thread for Warehouse 82
2月 14, 2026 3:55:15 上午 spec.jbb.JBBmain DoARun -> 信息:   started user thread for Warehouse 83
2月 14, 2026 3:55:15 上午 spec.jbb.JBBmain DoARun -> 信息:   started user thread for Warehouse 84
2月 14, 2026 3:55:15 上午 spec.jbb.JBBmain DoARun -> 信息:   started user thread for Warehouse 85
2月 14, 2026 3:55:15 上午 spec.jbb.JBBmain DoARun -> 信息:   started user thread for Warehouse 86
2月 14, 2026 3:55:15 上午 spec.jbb.JBBmain DoARun -> 信息:   started user thread for Warehouse 87
2月 14, 2026 3:55:15 上午 spec.jbb.JBBmain DoARun -> 信息:   started user thread for Warehouse 88
2月 14, 2026 3:55:15 上午 spec.jbb.JBBmain DoARun -> 信息:   started user thread for Warehouse 89
2月 14, 2026 3:55:15 上午 spec.jbb.JBBmain DoARun -> 信息:   started user thread for Warehouse 90
2月 14, 2026 3:55:15 上午 spec.jbb.JBBmain DoARun -> 信息:   started user thread for Warehouse 91
2月 14, 2026 3:55:15 上午 spec.jbb.JBBmain DoARun -> 信息:   started user thread for Warehouse 92
2月 14, 2026 3:55:15 上午 spec.jbb.JBBmain DoARun -> 信息:   started user thread for Warehouse 93
2月 14, 2026 3:55:15 上午 spec.jbb.JBBmain DoARun -> 信息:   started user thread for Warehouse 94
2月 14, 2026 3:55:15 上午 spec.jbb.JBBmain DoARun -> 信息:   started user thread for Warehouse 95
2月 14, 2026 3:55:15 上午 spec.jbb.JBBmain DoARun -> 信息:   started user thread for Warehouse 96
2月 14, 2026 3:55:15 上午 spec.jbb.JBBmain DoARun -> 信息:   started user thread for Warehouse 97
2月 14, 2026 3:55:15 上午 spec.jbb.JBBmain DoARun -> 信息:   started user thread for Warehouse 98
2月 14, 2026 3:55:15 上午 spec.jbb.JBBmain DoARun -> 信息:   started user thread for Warehouse 99
2月 14, 2026 3:55:15 上午 spec.jbb.JBBmain DoARun -> 信息:   started user thread for Warehouse 100
2月 14, 2026 3:55:15 上午 spec.jbb.JBBmain DoARun -> 信息:   started user thread for Warehouse 101
2月 14, 2026 3:55:15 上午 spec.jbb.JBBmain DoARun -> 信息:   started user thread for Warehouse 102
2月 14, 2026 3:55:15 上午 spec.jbb.JBBmain DoARun -> 信息:   started user thread for Warehouse 103
2月 14, 2026 3:55:15 上午 spec.jbb.JBBmain DoARun -> 信息:   started user thread for Warehouse 104
2月 14, 2026 3:55:15 上午 spec.jbb.Company displayResultTotals -> 信息: Timing Measurement began Sat Feb 14 03:55:15 CST 2026 for 4 minutes
2月 14, 2026 3:59:15 上午 spec.jbb.Company displayResultTotals -> 信息: Timing Measurement ended Sat Feb 14 03:59:15 CST 2026
2月 14, 2026 3:59:15 上午 spec.jbb.Company primeWithDummyData -> 信息: Loading Warehouse 105...
2月 14, 2026 3:59:15 上午 spec.jbb.JBBmain DoARun -> 信息: Start User Threads
2月 14, 2026 3:59:15 上午 spec.jbb.JBBmain DoARun -> 信息:   started user thread for Warehouse 1
2月 14, 2026 3:59:15 上午 spec.jbb.JBBmain DoARun -> 信息:   started user thread for Warehouse 2
2月 14, 2026 3:59:15 上午 spec.jbb.JBBmain DoARun -> 信息:   started user thread for Warehouse 3
2月 14, 2026 3:59:15 上午 spec.jbb.JBBmain DoARun -> 信息:   started user thread for Warehouse 4
2月 14, 2026 3:59:15 上午 spec.jbb.JBBmain DoARun -> 信息:   started user thread for Warehouse 5
2月 14, 2026 3:59:15 上午 spec.jbb.JBBmain DoARun -> 信息:   started user thread for Warehouse 6
2月 14, 2026 3:59:15 上午 spec.jbb.JBBmain DoARun -> 信息:   started user thread for Warehouse 7
2月 14, 2026 3:59:15 上午 spec.jbb.JBBmain DoARun -> 信息:   started user thread for Warehouse 8
2月 14, 2026 3:59:15 上午 spec.jbb.JBBmain DoARun -> 信息:   started user thread for Warehouse 9
2月 14, 2026 3:59:15 上午 spec.jbb.JBBmain DoARun -> 信息:   started user thread for Warehouse 10
2月 14, 2026 3:59:15 上午 spec.jbb.JBBmain DoARun -> 信息:   started user thread for Warehouse 11
2月 14, 2026 3:59:15 上午 spec.jbb.JBBmain DoARun -> 信息:   started user thread for Warehouse 12
2月 14, 2026 3:59:15 上午 spec.jbb.JBBmain DoARun -> 信息:   started user thread for Warehouse 13
2月 14, 2026 3:59:15 上午 spec.jbb.JBBmain DoARun -> 信息:   started user thread for Warehouse 14
2月 14, 2026 3:59:15 上午 spec.jbb.JBBmain DoARun -> 信息:   started user thread for Warehouse 15
2月 14, 2026 3:59:15 上午 spec.jbb.JBBmain DoARun -> 信息:   started user thread for Warehouse 16
2月 14, 2026 3:59:15 上午 spec.jbb.JBBmain DoARun -> 信息:   started user thread for Warehouse 17
2月 14, 2026 3:59:15 上午 spec.jbb.JBBmain DoARun -> 信息:   started user thread for Warehouse 18
2月 14, 2026 3:59:15 上午 spec.jbb.JBBmain DoARun -> 信息:   started user thread for Warehouse 19
2月 14, 2026 3:59:15 上午 spec.jbb.JBBmain DoARun -> 信息:   started user thread for Warehouse 20
2月 14, 2026 3:59:15 上午 spec.jbb.JBBmain DoARun -> 信息:   started user thread for Warehouse 21
2月 14, 2026 3:59:15 上午 spec.jbb.JBBmain DoARun -> 信息:   started user thread for Warehouse 22
2月 14, 2026 3:59:15 上午 spec.jbb.JBBmain DoARun -> 信息:   started user thread for Warehouse 23
2月 14, 2026 3:59:15 上午 spec.jbb.JBBmain DoARun -> 信息:   started user thread for Warehouse 24
2月 14, 2026 3:59:15 上午 spec.jbb.JBBmain DoARun -> 信息:   started user thread for Warehouse 25
2月 14, 2026 3:59:15 上午 spec.jbb.JBBmain DoARun -> 信息:   started user thread for Warehouse 26
2月 14, 2026 3:59:15 上午 spec.jbb.JBBmain DoARun -> 信息:   started user thread for Warehouse 27
2月 14, 2026 3:59:15 上午 spec.jbb.JBBmain DoARun -> 信息:   started user thread for Warehouse 28
2月 14, 2026 3:59:15 上午 spec.jbb.JBBmain DoARun -> 信息:   started user thread for Warehouse 29
2月 14, 2026 3:59:15 上午 spec.jbb.JBBmain DoARun -> 信息:   started user thread for Warehouse 30
2月 14, 2026 3:59:15 上午 spec.jbb.JBBmain DoARun -> 信息:   started user thread for Warehouse 31
2月 14, 2026 3:59:15 上午 spec.jbb.JBBmain DoARun -> 信息:   started user thread for Warehouse 32
2月 14, 2026 3:59:15 上午 spec.jbb.JBBmain DoARun -> 信息:   started user thread for Warehouse 33
2月 14, 2026 3:59:15 上午 spec.jbb.JBBmain DoARun -> 信息:   started user thread for Warehouse 34
2月 14, 2026 3:59:15 上午 spec.jbb.JBBmain DoARun -> 信息:   started user thread for Warehouse 35
2月 14, 2026 3:59:15 上午 spec.jbb.JBBmain DoARun -> 信息:   started user thread for Warehouse 36
2月 14, 2026 3:59:15 上午 spec.jbb.JBBmain DoARun -> 信息:   started user thread for Warehouse 37
2月 14, 2026 3:59:15 上午 spec.jbb.JBBmain DoARun -> 信息:   started user thread for Warehouse 38
2月 14, 2026 3:59:15 上午 spec.jbb.JBBmain DoARun -> 信息:   started user thread for Warehouse 39
2月 14, 2026 3:59:15 上午 spec.jbb.JBBmain DoARun -> 信息:   started user thread for Warehouse 40
2月 14, 2026 3:59:15 上午 spec.jbb.JBBmain DoARun -> 信息:   started user thread for Warehouse 41
2月 14, 2026 3:59:15 上午 spec.jbb.JBBmain DoARun -> 信息:   started user thread for Warehouse 42
2月 14, 2026 3:59:15 上午 spec.jbb.JBBmain DoARun -> 信息:   started user thread for Warehouse 43
2月 14, 2026 3:59:15 上午 spec.jbb.JBBmain DoARun -> 信息:   started user thread for Warehouse 44
2月 14, 2026 3:59:15 上午 spec.jbb.JBBmain DoARun -> 信息:   started user thread for Warehouse 45
2月 14, 2026 3:59:15 上午 spec.jbb.JBBmain DoARun -> 信息:   started user thread for Warehouse 46
2月 14, 2026 3:59:15 上午 spec.jbb.JBBmain DoARun -> 信息:   started user thread for Warehouse 47
2月 14, 2026 3:59:15 上午 spec.jbb.JBBmain DoARun -> 信息:   started user thread for Warehouse 48
2月 14, 2026 3:59:15 上午 spec.jbb.JBBmain DoARun -> 信息:   started user thread for Warehouse 49
2月 14, 2026 3:59:15 上午 spec.jbb.JBBmain DoARun -> 信息:   started user thread for Warehouse 50
2月 14, 2026 3:59:15 上午 spec.jbb.JBBmain DoARun -> 信息:   started user thread for Warehouse 51
2月 14, 2026 3:59:15 上午 spec.jbb.JBBmain DoARun -> 信息:   started user thread for Warehouse 52
2月 14, 2026 3:59:15 上午 spec.jbb.JBBmain DoARun -> 信息:   started user thread for Warehouse 53
2月 14, 2026 3:59:15 上午 spec.jbb.JBBmain DoARun -> 信息:   started user thread for Warehouse 54
2月 14, 2026 3:59:15 上午 spec.jbb.JBBmain DoARun -> 信息:   started user thread for Warehouse 55
2月 14, 2026 3:59:15 上午 spec.jbb.JBBmain DoARun -> 信息:   started user thread for Warehouse 56
2月 14, 2026 3:59:15 上午 spec.jbb.JBBmain DoARun -> 信息:   started user thread for Warehouse 57
2月 14, 2026 3:59:15 上午 spec.jbb.JBBmain DoARun -> 信息:   started user thread for Warehouse 58
2月 14, 2026 3:59:15 上午 spec.jbb.JBBmain DoARun -> 信息:   started user thread for Warehouse 59
2月 14, 2026 3:59:15 上午 spec.jbb.JBBmain DoARun -> 信息:   started user thread for Warehouse 60
2月 14, 2026 3:59:15 上午 spec.jbb.JBBmain DoARun -> 信息:   started user thread for Warehouse 61
2月 14, 2026 3:59:15 上午 spec.jbb.JBBmain DoARun -> 信息:   started user thread for Warehouse 62
2月 14, 2026 3:59:15 上午 spec.jbb.JBBmain DoARun -> 信息:   started user thread for Warehouse 63
2月 14, 2026 3:59:15 上午 spec.jbb.JBBmain DoARun -> 信息:   started user thread for Warehouse 64
2月 14, 2026 3:59:15 上午 spec.jbb.JBBmain DoARun -> 信息:   started user thread for Warehouse 65
2月 14, 2026 3:59:15 上午 spec.jbb.JBBmain DoARun -> 信息:   started user thread for Warehouse 66
2月 14, 2026 3:59:15 上午 spec.jbb.JBBmain DoARun -> 信息:   started user thread for Warehouse 67
2月 14, 2026 3:59:15 上午 spec.jbb.JBBmain DoARun -> 信息:   started user thread for Warehouse 68
2月 14, 2026 3:59:15 上午 spec.jbb.JBBmain DoARun -> 信息:   started user thread for Warehouse 69
2月 14, 2026 3:59:15 上午 spec.jbb.JBBmain DoARun -> 信息:   started user thread for Warehouse 70
2月 14, 2026 3:59:15 上午 spec.jbb.JBBmain DoARun -> 信息:   started user thread for Warehouse 71
2月 14, 2026 3:59:15 上午 spec.jbb.JBBmain DoARun -> 信息:   started user thread for Warehouse 72
2月 14, 2026 3:59:15 上午 spec.jbb.JBBmain DoARun -> 信息:   started user thread for Warehouse 73
2月 14, 2026 3:59:15 上午 spec.jbb.JBBmain DoARun -> 信息:   started user thread for Warehouse 74
2月 14, 2026 3:59:15 上午 spec.jbb.JBBmain DoARun -> 信息:   started user thread for Warehouse 75
2月 14, 2026 3:59:15 上午 spec.jbb.JBBmain DoARun -> 信息:   started user thread for Warehouse 76
2月 14, 2026 3:59:15 上午 spec.jbb.JBBmain DoARun -> 信息:   started user thread for Warehouse 77
2月 14, 2026 3:59:15 上午 spec.jbb.JBBmain DoARun -> 信息:   started user thread for Warehouse 78
2月 14, 2026 3:59:15 上午 spec.jbb.JBBmain DoARun -> 信息:   started user thread for Warehouse 79
2月 14, 2026 3:59:15 上午 spec.jbb.JBBmain DoARun -> 信息:   started user thread for Warehouse 80
2月 14, 2026 3:59:15 上午 spec.jbb.JBBmain DoARun -> 信息:   started user thread for Warehouse 81
2月 14, 2026 3:59:15 上午 spec.jbb.JBBmain DoARun -> 信息:   started user thread for Warehouse 82
2月 14, 2026 3:59:15 上午 spec.jbb.JBBmain DoARun -> 信息:   started user thread for Warehouse 83
2月 14, 2026 3:59:15 上午 spec.jbb.JBBmain DoARun -> 信息:   started user thread for Warehouse 84
2月 14, 2026 3:59:15 上午 spec.jbb.JBBmain DoARun -> 信息:   started user thread for Warehouse 85
2月 14, 2026 3:59:15 上午 spec.jbb.JBBmain DoARun -> 信息:   started user thread for Warehouse 86
2月 14, 2026 3:59:15 上午 spec.jbb.JBBmain DoARun -> 信息:   started user thread for Warehouse 87
2月 14, 2026 3:59:15 上午 spec.jbb.JBBmain DoARun -> 信息:   started user thread for Warehouse 88
2月 14, 2026 3:59:15 上午 spec.jbb.JBBmain DoARun -> 信息:   started user thread for Warehouse 89
2月 14, 2026 3:59:15 上午 spec.jbb.JBBmain DoARun -> 信息:   started user thread for Warehouse 90
2月 14, 2026 3:59:15 上午 spec.jbb.JBBmain DoARun -> 信息:   started user thread for Warehouse 91
2月 14, 2026 3:59:15 上午 spec.jbb.JBBmain DoARun -> 信息:   started user thread for Warehouse 92
2月 14, 2026 3:59:15 上午 spec.jbb.JBBmain DoARun -> 信息:   started user thread for Warehouse 93
2月 14, 2026 3:59:15 上午 spec.jbb.JBBmain DoARun -> 信息:   started user thread for Warehouse 94
2月 14, 2026 3:59:15 上午 spec.jbb.JBBmain DoARun -> 信息:   started user thread for Warehouse 95
2月 14, 2026 3:59:15 上午 spec.jbb.JBBmain DoARun -> 信息:   started user thread for Warehouse 96
2月 14, 2026 3:59:15 上午 spec.jbb.JBBmain DoARun -> 信息:   started user thread for Warehouse 97
2月 14, 2026 3:59:15 上午 spec.jbb.JBBmain DoARun -> 信息:   started user thread for Warehouse 98
2月 14, 2026 3:59:15 上午 spec.jbb.JBBmain DoARun -> 信息:   started user thread for Warehouse 99
2月 14, 2026 3:59:15 上午 spec.jbb.JBBmain DoARun -> 信息:   started user thread for Warehouse 100
2月 14, 2026 3:59:15 上午 spec.jbb.JBBmain DoARun -> 信息:   started user thread for Warehouse 101
2月 14, 2026 3:59:15 上午 spec.jbb.JBBmain DoARun -> 信息:   started user thread for Warehouse 102
2月 14, 2026 3:59:15 上午 spec.jbb.JBBmain DoARun -> 信息:   started user thread for Warehouse 103
2月 14, 2026 3:59:15 上午 spec.jbb.JBBmain DoARun -> 信息:   started user thread for Warehouse 104
2月 14, 2026 3:59:15 上午 spec.jbb.JBBmain DoARun -> 信息:   started user thread for Warehouse 105
2月 14, 2026 3:59:15 上午 spec.jbb.Company displayResultTotals -> 信息: Timing Measurement began Sat Feb 14 03:59:15 CST 2026 for 4 minutes
2月 14, 2026 4:03:15 上午 spec.jbb.Company displayResultTotals -> 信息: Timing Measurement ended Sat Feb 14 04:03:15 CST 2026
2月 14, 2026 4:03:15 上午 spec.jbb.Company primeWithDummyData -> 信息: Loading Warehouse 106...
2月 14, 2026 4:03:16 上午 spec.jbb.JBBmain DoARun -> 信息: Start User Threads
2月 14, 2026 4:03:16 上午 spec.jbb.JBBmain DoARun -> 信息:   started user thread for Warehouse 1
2月 14, 2026 4:03:16 上午 spec.jbb.JBBmain DoARun -> 信息:   started user thread for Warehouse 2
2月 14, 2026 4:03:16 上午 spec.jbb.JBBmain DoARun -> 信息:   started user thread for Warehouse 3
2月 14, 2026 4:03:16 上午 spec.jbb.JBBmain DoARun -> 信息:   started user thread for Warehouse 4
2月 14, 2026 4:03:16 上午 spec.jbb.JBBmain DoARun -> 信息:   started user thread for Warehouse 5
2月 14, 2026 4:03:16 上午 spec.jbb.JBBmain DoARun -> 信息:   started user thread for Warehouse 6
2月 14, 2026 4:03:16 上午 spec.jbb.JBBmain DoARun -> 信息:   started user thread for Warehouse 7
2月 14, 2026 4:03:16 上午 spec.jbb.JBBmain DoARun -> 信息:   started user thread for Warehouse 8
2月 14, 2026 4:03:16 上午 spec.jbb.JBBmain DoARun -> 信息:   started user thread for Warehouse 9
2月 14, 2026 4:03:16 上午 spec.jbb.JBBmain DoARun -> 信息:   started user thread for Warehouse 10
2月 14, 2026 4:03:16 上午 spec.jbb.JBBmain DoARun -> 信息:   started user thread for Warehouse 11
2月 14, 2026 4:03:16 上午 spec.jbb.JBBmain DoARun -> 信息:   started user thread for Warehouse 12
2月 14, 2026 4:03:16 上午 spec.jbb.JBBmain DoARun -> 信息:   started user thread for Warehouse 13
2月 14, 2026 4:03:16 上午 spec.jbb.JBBmain DoARun -> 信息:   started user thread for Warehouse 14
2月 14, 2026 4:03:16 上午 spec.jbb.JBBmain DoARun -> 信息:   started user thread for Warehouse 15
2月 14, 2026 4:03:16 上午 spec.jbb.JBBmain DoARun -> 信息:   started user thread for Warehouse 16
2月 14, 2026 4:03:16 上午 spec.jbb.JBBmain DoARun -> 信息:   started user thread for Warehouse 17
2月 14, 2026 4:03:16 上午 spec.jbb.JBBmain DoARun -> 信息:   started user thread for Warehouse 18
2月 14, 2026 4:03:16 上午 spec.jbb.JBBmain DoARun -> 信息:   started user thread for Warehouse 19
2月 14, 2026 4:03:16 上午 spec.jbb.JBBmain DoARun -> 信息:   started user thread for Warehouse 20
2月 14, 2026 4:03:16 上午 spec.jbb.JBBmain DoARun -> 信息:   started user thread for Warehouse 21
2月 14, 2026 4:03:16 上午 spec.jbb.JBBmain DoARun -> 信息:   started user thread for Warehouse 22
2月 14, 2026 4:03:16 上午 spec.jbb.JBBmain DoARun -> 信息:   started user thread for Warehouse 23
2月 14, 2026 4:03:16 上午 spec.jbb.JBBmain DoARun -> 信息:   started user thread for Warehouse 24
2月 14, 2026 4:03:16 上午 spec.jbb.JBBmain DoARun -> 信息:   started user thread for Warehouse 25
2月 14, 2026 4:03:16 上午 spec.jbb.JBBmain DoARun -> 信息:   started user thread for Warehouse 26
2月 14, 2026 4:03:16 上午 spec.jbb.JBBmain DoARun -> 信息:   started user thread for Warehouse 27
2月 14, 2026 4:03:16 上午 spec.jbb.JBBmain DoARun -> 信息:   started user thread for Warehouse 28
2月 14, 2026 4:03:16 上午 spec.jbb.JBBmain DoARun -> 信息:   started user thread for Warehouse 29
2月 14, 2026 4:03:16 上午 spec.jbb.JBBmain DoARun -> 信息:   started user thread for Warehouse 30
2月 14, 2026 4:03:16 上午 spec.jbb.JBBmain DoARun -> 信息:   started user thread for Warehouse 31
2月 14, 2026 4:03:16 上午 spec.jbb.JBBmain DoARun -> 信息:   started user thread for Warehouse 32
2月 14, 2026 4:03:16 上午 spec.jbb.JBBmain DoARun -> 信息:   started user thread for Warehouse 33
2月 14, 2026 4:03:16 上午 spec.jbb.JBBmain DoARun -> 信息:   started user thread for Warehouse 34
2月 14, 2026 4:03:16 上午 spec.jbb.JBBmain DoARun -> 信息:   started user thread for Warehouse 35
2月 14, 2026 4:03:16 上午 spec.jbb.JBBmain DoARun -> 信息:   started user thread for Warehouse 36
2月 14, 2026 4:03:16 上午 spec.jbb.JBBmain DoARun -> 信息:   started user thread for Warehouse 37
2月 14, 2026 4:03:16 上午 spec.jbb.JBBmain DoARun -> 信息:   started user thread for Warehouse 38
2月 14, 2026 4:03:16 上午 spec.jbb.JBBmain DoARun -> 信息:   started user thread for Warehouse 39
2月 14, 2026 4:03:16 上午 spec.jbb.JBBmain DoARun -> 信息:   started user thread for Warehouse 40
2月 14, 2026 4:03:16 上午 spec.jbb.JBBmain DoARun -> 信息:   started user thread for Warehouse 41
2月 14, 2026 4:03:16 上午 spec.jbb.JBBmain DoARun -> 信息:   started user thread for Warehouse 42
2月 14, 2026 4:03:16 上午 spec.jbb.JBBmain DoARun -> 信息:   started user thread for Warehouse 43
2月 14, 2026 4:03:16 上午 spec.jbb.JBBmain DoARun -> 信息:   started user thread for Warehouse 44
2月 14, 2026 4:03:16 上午 spec.jbb.JBBmain DoARun -> 信息:   started user thread for Warehouse 45
2月 14, 2026 4:03:16 上午 spec.jbb.JBBmain DoARun -> 信息:   started user thread for Warehouse 46
2月 14, 2026 4:03:16 上午 spec.jbb.JBBmain DoARun -> 信息:   started user thread for Warehouse 47
2月 14, 2026 4:03:16 上午 spec.jbb.JBBmain DoARun -> 信息:   started user thread for Warehouse 48
2月 14, 2026 4:03:16 上午 spec.jbb.JBBmain DoARun -> 信息:   started user thread for Warehouse 49
2月 14, 2026 4:03:16 上午 spec.jbb.JBBmain DoARun -> 信息:   started user thread for Warehouse 50
2月 14, 2026 4:03:16 上午 spec.jbb.JBBmain DoARun -> 信息:   started user thread for Warehouse 51
2月 14, 2026 4:03:16 上午 spec.jbb.JBBmain DoARun -> 信息:   started user thread for Warehouse 52
2月 14, 2026 4:03:16 上午 spec.jbb.JBBmain DoARun -> 信息:   started user thread for Warehouse 53
2月 14, 2026 4:03:16 上午 spec.jbb.JBBmain DoARun -> 信息:   started user thread for Warehouse 54
2月 14, 2026 4:03:16 上午 spec.jbb.JBBmain DoARun -> 信息:   started user thread for Warehouse 55
2月 14, 2026 4:03:16 上午 spec.jbb.JBBmain DoARun -> 信息:   started user thread for Warehouse 56
2月 14, 2026 4:03:16 上午 spec.jbb.JBBmain DoARun -> 信息:   started user thread for Warehouse 57
2月 14, 2026 4:03:16 上午 spec.jbb.JBBmain DoARun -> 信息:   started user thread for Warehouse 58
2月 14, 2026 4:03:16 上午 spec.jbb.JBBmain DoARun -> 信息:   started user thread for Warehouse 59
2月 14, 2026 4:03:16 上午 spec.jbb.JBBmain DoARun -> 信息:   started user thread for Warehouse 60
2月 14, 2026 4:03:16 上午 spec.jbb.JBBmain DoARun -> 信息:   started user thread for Warehouse 61
2月 14, 2026 4:03:16 上午 spec.jbb.JBBmain DoARun -> 信息:   started user thread for Warehouse 62
2月 14, 2026 4:03:16 上午 spec.jbb.JBBmain DoARun -> 信息:   started user thread for Warehouse 63
2月 14, 2026 4:03:16 上午 spec.jbb.JBBmain DoARun -> 信息:   started user thread for Warehouse 64
2月 14, 2026 4:03:16 上午 spec.jbb.JBBmain DoARun -> 信息:   started user thread for Warehouse 65
2月 14, 2026 4:03:16 上午 spec.jbb.JBBmain DoARun -> 信息:   started user thread for Warehouse 66
2月 14, 2026 4:03:16 上午 spec.jbb.JBBmain DoARun -> 信息:   started user thread for Warehouse 67
2月 14, 2026 4:03:16 上午 spec.jbb.JBBmain DoARun -> 信息:   started user thread for Warehouse 68
2月 14, 2026 4:03:16 上午 spec.jbb.JBBmain DoARun -> 信息:   started user thread for Warehouse 69
2月 14, 2026 4:03:16 上午 spec.jbb.JBBmain DoARun -> 信息:   started user thread for Warehouse 70
2月 14, 2026 4:03:16 上午 spec.jbb.JBBmain DoARun -> 信息:   started user thread for Warehouse 71
2月 14, 2026 4:03:16 上午 spec.jbb.JBBmain DoARun -> 信息:   started user thread for Warehouse 72
2月 14, 2026 4:03:16 上午 spec.jbb.JBBmain DoARun -> 信息:   started user thread for Warehouse 73
2月 14, 2026 4:03:16 上午 spec.jbb.JBBmain DoARun -> 信息:   started user thread for Warehouse 74
2月 14, 2026 4:03:16 上午 spec.jbb.JBBmain DoARun -> 信息:   started user thread for Warehouse 75
2月 14, 2026 4:03:16 上午 spec.jbb.JBBmain DoARun -> 信息:   started user thread for Warehouse 76
2月 14, 2026 4:03:16 上午 spec.jbb.JBBmain DoARun -> 信息:   started user thread for Warehouse 77
2月 14, 2026 4:03:16 上午 spec.jbb.JBBmain DoARun -> 信息:   started user thread for Warehouse 78
2月 14, 2026 4:03:16 上午 spec.jbb.JBBmain DoARun -> 信息:   started user thread for Warehouse 79
2月 14, 2026 4:03:16 上午 spec.jbb.JBBmain DoARun -> 信息:   started user thread for Warehouse 80
2月 14, 2026 4:03:16 上午 spec.jbb.JBBmain DoARun -> 信息:   started user thread for Warehouse 81
2月 14, 2026 4:03:16 上午 spec.jbb.JBBmain DoARun -> 信息:   started user thread for Warehouse 82
2月 14, 2026 4:03:16 上午 spec.jbb.JBBmain DoARun -> 信息:   started user thread for Warehouse 83
2月 14, 2026 4:03:16 上午 spec.jbb.JBBmain DoARun -> 信息:   started user thread for Warehouse 84
2月 14, 2026 4:03:16 上午 spec.jbb.JBBmain DoARun -> 信息:   started user thread for Warehouse 85
2月 14, 2026 4:03:16 上午 spec.jbb.JBBmain DoARun -> 信息:   started user thread for Warehouse 86
2月 14, 2026 4:03:16 上午 spec.jbb.JBBmain DoARun -> 信息:   started user thread for Warehouse 87
2月 14, 2026 4:03:16 上午 spec.jbb.JBBmain DoARun -> 信息:   started user thread for Warehouse 88
2月 14, 2026 4:03:16 上午 spec.jbb.JBBmain DoARun -> 信息:   started user thread for Warehouse 89
2月 14, 2026 4:03:16 上午 spec.jbb.JBBmain DoARun -> 信息:   started user thread for Warehouse 90
2月 14, 2026 4:03:16 上午 spec.jbb.JBBmain DoARun -> 信息:   started user thread for Warehouse 91
2月 14, 2026 4:03:16 上午 spec.jbb.JBBmain DoARun -> 信息:   started user thread for Warehouse 92
2月 14, 2026 4:03:16 上午 spec.jbb.JBBmain DoARun -> 信息:   started user thread for Warehouse 93
2月 14, 2026 4:03:16 上午 spec.jbb.JBBmain DoARun -> 信息:   started user thread for Warehouse 94
2月 14, 2026 4:03:16 上午 spec.jbb.JBBmain DoARun -> 信息:   started user thread for Warehouse 95
2月 14, 2026 4:03:16 上午 spec.jbb.JBBmain DoARun -> 信息:   started user thread for Warehouse 96
2月 14, 2026 4:03:16 上午 spec.jbb.JBBmain DoARun -> 信息:   started user thread for Warehouse 97
2月 14, 2026 4:03:16 上午 spec.jbb.JBBmain DoARun -> 信息:   started user thread for Warehouse 98
2月 14, 2026 4:03:16 上午 spec.jbb.JBBmain DoARun -> 信息:   started user thread for Warehouse 99
2月 14, 2026 4:03:16 上午 spec.jbb.JBBmain DoARun -> 信息:   started user thread for Warehouse 100
2月 14, 2026 4:03:16 上午 spec.jbb.JBBmain DoARun -> 信息:   started user thread for Warehouse 101
2月 14, 2026 4:03:16 上午 spec.jbb.JBBmain DoARun -> 信息:   started user thread for Warehouse 102
2月 14, 2026 4:03:16 上午 spec.jbb.JBBmain DoARun -> 信息:   started user thread for Warehouse 103
2月 14, 2026 4:03:16 上午 spec.jbb.JBBmain DoARun -> 信息:   started user thread for Warehouse 104
2月 14, 2026 4:03:16 上午 spec.jbb.JBBmain DoARun -> 信息:   started user thread for Warehouse 105
2月 14, 2026 4:03:16 上午 spec.jbb.JBBmain DoARun -> 信息:   started user thread for Warehouse 106
2月 14, 2026 4:03:16 上午 spec.jbb.Company displayResultTotals -> 信息: Timing Measurement began Sat Feb 14 04:03:16 CST 2026 for 4 minutes
2月 14, 2026 4:07:16 上午 spec.jbb.Company displayResultTotals -> 信息: Timing Measurement ended Sat Feb 14 04:07:16 CST 2026
2月 14, 2026 4:07:16 上午 spec.jbb.Company primeWithDummyData -> 信息: Loading Warehouse 107...
2月 14, 2026 4:07:16 上午 spec.jbb.JBBmain DoARun -> 信息: Start User Threads
2月 14, 2026 4:07:16 上午 spec.jbb.JBBmain DoARun -> 信息:   started user thread for Warehouse 1
2月 14, 2026 4:07:16 上午 spec.jbb.JBBmain DoARun -> 信息:   started user thread for Warehouse 2
2月 14, 2026 4:07:16 上午 spec.jbb.JBBmain DoARun -> 信息:   started user thread for Warehouse 3
2月 14, 2026 4:07:16 上午 spec.jbb.JBBmain DoARun -> 信息:   started user thread for Warehouse 4
2月 14, 2026 4:07:16 上午 spec.jbb.JBBmain DoARun -> 信息:   started user thread for Warehouse 5
2月 14, 2026 4:07:16 上午 spec.jbb.JBBmain DoARun -> 信息:   started user thread for Warehouse 6
2月 14, 2026 4:07:16 上午 spec.jbb.JBBmain DoARun -> 信息:   started user thread for Warehouse 7
2月 14, 2026 4:07:16 上午 spec.jbb.JBBmain DoARun -> 信息:   started user thread for Warehouse 8
2月 14, 2026 4:07:16 上午 spec.jbb.JBBmain DoARun -> 信息:   started user thread for Warehouse 9
2月 14, 2026 4:07:16 上午 spec.jbb.JBBmain DoARun -> 信息:   started user thread for Warehouse 10
2月 14, 2026 4:07:16 上午 spec.jbb.JBBmain DoARun -> 信息:   started user thread for Warehouse 11
2月 14, 2026 4:07:16 上午 spec.jbb.JBBmain DoARun -> 信息:   started user thread for Warehouse 12
2月 14, 2026 4:07:16 上午 spec.jbb.JBBmain DoARun -> 信息:   started user thread for Warehouse 13
2月 14, 2026 4:07:16 上午 spec.jbb.JBBmain DoARun -> 信息:   started user thread for Warehouse 14
2月 14, 2026 4:07:16 上午 spec.jbb.JBBmain DoARun -> 信息:   started user thread for Warehouse 15
2月 14, 2026 4:07:16 上午 spec.jbb.JBBmain DoARun -> 信息:   started user thread for Warehouse 16
2月 14, 2026 4:07:16 上午 spec.jbb.JBBmain DoARun -> 信息:   started user thread for Warehouse 17
2月 14, 2026 4:07:16 上午 spec.jbb.JBBmain DoARun -> 信息:   started user thread for Warehouse 18
2月 14, 2026 4:07:16 上午 spec.jbb.JBBmain DoARun -> 信息:   started user thread for Warehouse 19
2月 14, 2026 4:07:16 上午 spec.jbb.JBBmain DoARun -> 信息:   started user thread for Warehouse 20
2月 14, 2026 4:07:16 上午 spec.jbb.JBBmain DoARun -> 信息:   started user thread for Warehouse 21
2月 14, 2026 4:07:16 上午 spec.jbb.JBBmain DoARun -> 信息:   started user thread for Warehouse 22
2月 14, 2026 4:07:16 上午 spec.jbb.JBBmain DoARun -> 信息:   started user thread for Warehouse 23
2月 14, 2026 4:07:16 上午 spec.jbb.JBBmain DoARun -> 信息:   started user thread for Warehouse 24
2月 14, 2026 4:07:16 上午 spec.jbb.JBBmain DoARun -> 信息:   started user thread for Warehouse 25
2月 14, 2026 4:07:16 上午 spec.jbb.JBBmain DoARun -> 信息:   started user thread for Warehouse 26
2月 14, 2026 4:07:16 上午 spec.jbb.JBBmain DoARun -> 信息:   started user thread for Warehouse 27
2月 14, 2026 4:07:16 上午 spec.jbb.JBBmain DoARun -> 信息:   started user thread for Warehouse 28
2月 14, 2026 4:07:16 上午 spec.jbb.JBBmain DoARun -> 信息:   started user thread for Warehouse 29
2月 14, 2026 4:07:16 上午 spec.jbb.JBBmain DoARun -> 信息:   started user thread for Warehouse 30
2月 14, 2026 4:07:16 上午 spec.jbb.JBBmain DoARun -> 信息:   started user thread for Warehouse 31
2月 14, 2026 4:07:16 上午 spec.jbb.JBBmain DoARun -> 信息:   started user thread for Warehouse 32
2月 14, 2026 4:07:16 上午 spec.jbb.JBBmain DoARun -> 信息:   started user thread for Warehouse 33
2月 14, 2026 4:07:16 上午 spec.jbb.JBBmain DoARun -> 信息:   started user thread for Warehouse 34
2月 14, 2026 4:07:16 上午 spec.jbb.JBBmain DoARun -> 信息:   started user thread for Warehouse 35
2月 14, 2026 4:07:16 上午 spec.jbb.JBBmain DoARun -> 信息:   started user thread for Warehouse 36
2月 14, 2026 4:07:16 上午 spec.jbb.JBBmain DoARun -> 信息:   started user thread for Warehouse 37
2月 14, 2026 4:07:16 上午 spec.jbb.JBBmain DoARun -> 信息:   started user thread for Warehouse 38
2月 14, 2026 4:07:16 上午 spec.jbb.JBBmain DoARun -> 信息:   started user thread for Warehouse 39
2月 14, 2026 4:07:16 上午 spec.jbb.JBBmain DoARun -> 信息:   started user thread for Warehouse 40
2月 14, 2026 4:07:16 上午 spec.jbb.JBBmain DoARun -> 信息:   started user thread for Warehouse 41
2月 14, 2026 4:07:16 上午 spec.jbb.JBBmain DoARun -> 信息:   started user thread for Warehouse 42
2月 14, 2026 4:07:16 上午 spec.jbb.JBBmain DoARun -> 信息:   started user thread for Warehouse 43
2月 14, 2026 4:07:16 上午 spec.jbb.JBBmain DoARun -> 信息:   started user thread for Warehouse 44
2月 14, 2026 4:07:16 上午 spec.jbb.JBBmain DoARun -> 信息:   started user thread for Warehouse 45
2月 14, 2026 4:07:16 上午 spec.jbb.JBBmain DoARun -> 信息:   started user thread for Warehouse 46
2月 14, 2026 4:07:16 上午 spec.jbb.JBBmain DoARun -> 信息:   started user thread for Warehouse 47
2月 14, 2026 4:07:16 上午 spec.jbb.JBBmain DoARun -> 信息:   started user thread for Warehouse 48
2月 14, 2026 4:07:16 上午 spec.jbb.JBBmain DoARun -> 信息:   started user thread for Warehouse 49
2月 14, 2026 4:07:16 上午 spec.jbb.JBBmain DoARun -> 信息:   started user thread for Warehouse 50
2月 14, 2026 4:07:16 上午 spec.jbb.JBBmain DoARun -> 信息:   started user thread for Warehouse 51
2月 14, 2026 4:07:16 上午 spec.jbb.JBBmain DoARun -> 信息:   started user thread for Warehouse 52
2月 14, 2026 4:07:16 上午 spec.jbb.JBBmain DoARun -> 信息:   started user thread for Warehouse 53
2月 14, 2026 4:07:16 上午 spec.jbb.JBBmain DoARun -> 信息:   started user thread for Warehouse 54
2月 14, 2026 4:07:16 上午 spec.jbb.JBBmain DoARun -> 信息:   started user thread for Warehouse 55
2月 14, 2026 4:07:16 上午 spec.jbb.JBBmain DoARun -> 信息:   started user thread for Warehouse 56
2月 14, 2026 4:07:16 上午 spec.jbb.JBBmain DoARun -> 信息:   started user thread for Warehouse 57
2月 14, 2026 4:07:16 上午 spec.jbb.JBBmain DoARun -> 信息:   started user thread for Warehouse 58
2月 14, 2026 4:07:16 上午 spec.jbb.JBBmain DoARun -> 信息:   started user thread for Warehouse 59
2月 14, 2026 4:07:16 上午 spec.jbb.JBBmain DoARun -> 信息:   started user thread for Warehouse 60
2月 14, 2026 4:07:16 上午 spec.jbb.JBBmain DoARun -> 信息:   started user thread for Warehouse 61
2月 14, 2026 4:07:16 上午 spec.jbb.JBBmain DoARun -> 信息:   started user thread for Warehouse 62
2月 14, 2026 4:07:16 上午 spec.jbb.JBBmain DoARun -> 信息:   started user thread for Warehouse 63
2月 14, 2026 4:07:16 上午 spec.jbb.JBBmain DoARun -> 信息:   started user thread for Warehouse 64
2月 14, 2026 4:07:16 上午 spec.jbb.JBBmain DoARun -> 信息:   started user thread for Warehouse 65
2月 14, 2026 4:07:16 上午 spec.jbb.JBBmain DoARun -> 信息:   started user thread for Warehouse 66
2月 14, 2026 4:07:16 上午 spec.jbb.JBBmain DoARun -> 信息:   started user thread for Warehouse 67
2月 14, 2026 4:07:16 上午 spec.jbb.JBBmain DoARun -> 信息:   started user thread for Warehouse 68
2月 14, 2026 4:07:16 上午 spec.jbb.JBBmain DoARun -> 信息:   started user thread for Warehouse 69
2月 14, 2026 4:07:16 上午 spec.jbb.JBBmain DoARun -> 信息:   started user thread for Warehouse 70
2月 14, 2026 4:07:16 上午 spec.jbb.JBBmain DoARun -> 信息:   started user thread for Warehouse 71
2月 14, 2026 4:07:16 上午 spec.jbb.JBBmain DoARun -> 信息:   started user thread for Warehouse 72
2月 14, 2026 4:07:16 上午 spec.jbb.JBBmain DoARun -> 信息:   started user thread for Warehouse 73
2月 14, 2026 4:07:16 上午 spec.jbb.JBBmain DoARun -> 信息:   started user thread for Warehouse 74
2月 14, 2026 4:07:16 上午 spec.jbb.JBBmain DoARun -> 信息:   started user thread for Warehouse 75
2月 14, 2026 4:07:16 上午 spec.jbb.JBBmain DoARun -> 信息:   started user thread for Warehouse 76
2月 14, 2026 4:07:16 上午 spec.jbb.JBBmain DoARun -> 信息:   started user thread for Warehouse 77
2月 14, 2026 4:07:16 上午 spec.jbb.JBBmain DoARun -> 信息:   started user thread for Warehouse 78
2月 14, 2026 4:07:16 上午 spec.jbb.JBBmain DoARun -> 信息:   started user thread for Warehouse 79
2月 14, 2026 4:07:16 上午 spec.jbb.JBBmain DoARun -> 信息:   started user thread for Warehouse 80
2月 14, 2026 4:07:16 上午 spec.jbb.JBBmain DoARun -> 信息:   started user thread for Warehouse 81
2月 14, 2026 4:07:16 上午 spec.jbb.JBBmain DoARun -> 信息:   started user thread for Warehouse 82
2月 14, 2026 4:07:16 上午 spec.jbb.JBBmain DoARun -> 信息:   started user thread for Warehouse 83
2月 14, 2026 4:07:16 上午 spec.jbb.JBBmain DoARun -> 信息:   started user thread for Warehouse 84
2月 14, 2026 4:07:16 上午 spec.jbb.JBBmain DoARun -> 信息:   started user thread for Warehouse 85
2月 14, 2026 4:07:16 上午 spec.jbb.JBBmain DoARun -> 信息:   started user thread for Warehouse 86
2月 14, 2026 4:07:16 上午 spec.jbb.JBBmain DoARun -> 信息:   started user thread for Warehouse 87
2月 14, 2026 4:07:16 上午 spec.jbb.JBBmain DoARun -> 信息:   started user thread for Warehouse 88
2月 14, 2026 4:07:16 上午 spec.jbb.JBBmain DoARun -> 信息:   started user thread for Warehouse 89
2月 14, 2026 4:07:16 上午 spec.jbb.JBBmain DoARun -> 信息:   started user thread for Warehouse 90
2月 14, 2026 4:07:16 上午 spec.jbb.JBBmain DoARun -> 信息:   started user thread for Warehouse 91
2月 14, 2026 4:07:16 上午 spec.jbb.JBBmain DoARun -> 信息:   started user thread for Warehouse 92
2月 14, 2026 4:07:16 上午 spec.jbb.JBBmain DoARun -> 信息:   started user thread for Warehouse 93
2月 14, 2026 4:07:16 上午 spec.jbb.JBBmain DoARun -> 信息:   started user thread for Warehouse 94
2月 14, 2026 4:07:16 上午 spec.jbb.JBBmain DoARun -> 信息:   started user thread for Warehouse 95
2月 14, 2026 4:07:16 上午 spec.jbb.JBBmain DoARun -> 信息:   started user thread for Warehouse 96
2月 14, 2026 4:07:16 上午 spec.jbb.JBBmain DoARun -> 信息:   started user thread for Warehouse 97
2月 14, 2026 4:07:16 上午 spec.jbb.JBBmain DoARun -> 信息:   started user thread for Warehouse 98
2月 14, 2026 4:07:16 上午 spec.jbb.JBBmain DoARun -> 信息:   started user thread for Warehouse 99
2月 14, 2026 4:07:16 上午 spec.jbb.JBBmain DoARun -> 信息:   started user thread for Warehouse 100
2月 14, 2026 4:07:16 上午 spec.jbb.JBBmain DoARun -> 信息:   started user thread for Warehouse 101
2月 14, 2026 4:07:16 上午 spec.jbb.JBBmain DoARun -> 信息:   started user thread for Warehouse 102
2月 14, 2026 4:07:16 上午 spec.jbb.JBBmain DoARun -> 信息:   started user thread for Warehouse 103
2月 14, 2026 4:07:16 上午 spec.jbb.JBBmain DoARun -> 信息:   started user thread for Warehouse 104
2月 14, 2026 4:07:16 上午 spec.jbb.JBBmain DoARun -> 信息:   started user thread for Warehouse 105
2月 14, 2026 4:07:16 上午 spec.jbb.JBBmain DoARun -> 信息:   started user thread for Warehouse 106
2月 14, 2026 4:07:16 上午 spec.jbb.JBBmain DoARun -> 信息:   started user thread for Warehouse 107
2月 14, 2026 4:07:16 上午 spec.jbb.Company displayResultTotals -> 信息: Timing Measurement began Sat Feb 14 04:07:16 CST 2026 for 4 minutes
2月 14, 2026 4:11:16 上午 spec.jbb.Company displayResultTotals -> 信息: Timing Measurement ended Sat Feb 14 04:11:16 CST 2026
2月 14, 2026 4:11:16 上午 spec.jbb.Company primeWithDummyData -> 信息: Loading Warehouse 108...
2月 14, 2026 4:11:16 上午 spec.jbb.JBBmain DoARun -> 信息: Start User Threads
2月 14, 2026 4:11:16 上午 spec.jbb.JBBmain DoARun -> 信息:   started user thread for Warehouse 1
2月 14, 2026 4:11:16 上午 spec.jbb.JBBmain DoARun -> 信息:   started user thread for Warehouse 2
2月 14, 2026 4:11:16 上午 spec.jbb.JBBmain DoARun -> 信息:   started user thread for Warehouse 3
2月 14, 2026 4:11:16 上午 spec.jbb.JBBmain DoARun -> 信息:   started user thread for Warehouse 4
2月 14, 2026 4:11:16 上午 spec.jbb.JBBmain DoARun -> 信息:   started user thread for Warehouse 5
2月 14, 2026 4:11:16 上午 spec.jbb.JBBmain DoARun -> 信息:   started user thread for Warehouse 6
2月 14, 2026 4:11:16 上午 spec.jbb.JBBmain DoARun -> 信息:   started user thread for Warehouse 7
2月 14, 2026 4:11:16 上午 spec.jbb.JBBmain DoARun -> 信息:   started user thread for Warehouse 8
2月 14, 2026 4:11:16 上午 spec.jbb.JBBmain DoARun -> 信息:   started user thread for Warehouse 9
2月 14, 2026 4:11:16 上午 spec.jbb.JBBmain DoARun -> 信息:   started user thread for Warehouse 10
2月 14, 2026 4:11:16 上午 spec.jbb.JBBmain DoARun -> 信息:   started user thread for Warehouse 11
2月 14, 2026 4:11:16 上午 spec.jbb.JBBmain DoARun -> 信息:   started user thread for Warehouse 12
2月 14, 2026 4:11:16 上午 spec.jbb.JBBmain DoARun -> 信息:   started user thread for Warehouse 13
2月 14, 2026 4:11:16 上午 spec.jbb.JBBmain DoARun -> 信息:   started user thread for Warehouse 14
2月 14, 2026 4:11:16 上午 spec.jbb.JBBmain DoARun -> 信息:   started user thread for Warehouse 15
2月 14, 2026 4:11:16 上午 spec.jbb.JBBmain DoARun -> 信息:   started user thread for Warehouse 16
2月 14, 2026 4:11:16 上午 spec.jbb.JBBmain DoARun -> 信息:   started user thread for Warehouse 17
2月 14, 2026 4:11:16 上午 spec.jbb.JBBmain DoARun -> 信息:   started user thread for Warehouse 18
2月 14, 2026 4:11:16 上午 spec.jbb.JBBmain DoARun -> 信息:   started user thread for Warehouse 19
2月 14, 2026 4:11:16 上午 spec.jbb.JBBmain DoARun -> 信息:   started user thread for Warehouse 20
2月 14, 2026 4:11:16 上午 spec.jbb.JBBmain DoARun -> 信息:   started user thread for Warehouse 21
2月 14, 2026 4:11:16 上午 spec.jbb.JBBmain DoARun -> 信息:   started user thread for Warehouse 22
2月 14, 2026 4:11:16 上午 spec.jbb.JBBmain DoARun -> 信息:   started user thread for Warehouse 23
2月 14, 2026 4:11:16 上午 spec.jbb.JBBmain DoARun -> 信息:   started user thread for Warehouse 24
2月 14, 2026 4:11:16 上午 spec.jbb.JBBmain DoARun -> 信息:   started user thread for Warehouse 25
2月 14, 2026 4:11:16 上午 spec.jbb.JBBmain DoARun -> 信息:   started user thread for Warehouse 26
2月 14, 2026 4:11:16 上午 spec.jbb.JBBmain DoARun -> 信息:   started user thread for Warehouse 27
2月 14, 2026 4:11:16 上午 spec.jbb.JBBmain DoARun -> 信息:   started user thread for Warehouse 28
2月 14, 2026 4:11:16 上午 spec.jbb.JBBmain DoARun -> 信息:   started user thread for Warehouse 29
2月 14, 2026 4:11:16 上午 spec.jbb.JBBmain DoARun -> 信息:   started user thread for Warehouse 30
2月 14, 2026 4:11:16 上午 spec.jbb.JBBmain DoARun -> 信息:   started user thread for Warehouse 31
2月 14, 2026 4:11:16 上午 spec.jbb.JBBmain DoARun -> 信息:   started user thread for Warehouse 32
2月 14, 2026 4:11:16 上午 spec.jbb.JBBmain DoARun -> 信息:   started user thread for Warehouse 33
2月 14, 2026 4:11:16 上午 spec.jbb.JBBmain DoARun -> 信息:   started user thread for Warehouse 34
2月 14, 2026 4:11:16 上午 spec.jbb.JBBmain DoARun -> 信息:   started user thread for Warehouse 35
2月 14, 2026 4:11:16 上午 spec.jbb.JBBmain DoARun -> 信息:   started user thread for Warehouse 36
2月 14, 2026 4:11:16 上午 spec.jbb.JBBmain DoARun -> 信息:   started user thread for Warehouse 37
2月 14, 2026 4:11:16 上午 spec.jbb.JBBmain DoARun -> 信息:   started user thread for Warehouse 38
2月 14, 2026 4:11:16 上午 spec.jbb.JBBmain DoARun -> 信息:   started user thread for Warehouse 39
2月 14, 2026 4:11:16 上午 spec.jbb.JBBmain DoARun -> 信息:   started user thread for Warehouse 40
2月 14, 2026 4:11:16 上午 spec.jbb.JBBmain DoARun -> 信息:   started user thread for Warehouse 41
2月 14, 2026 4:11:16 上午 spec.jbb.JBBmain DoARun -> 信息:   started user thread for Warehouse 42
2月 14, 2026 4:11:16 上午 spec.jbb.JBBmain DoARun -> 信息:   started user thread for Warehouse 43
2月 14, 2026 4:11:16 上午 spec.jbb.JBBmain DoARun -> 信息:   started user thread for Warehouse 44
2月 14, 2026 4:11:16 上午 spec.jbb.JBBmain DoARun -> 信息:   started user thread for Warehouse 45
2月 14, 2026 4:11:16 上午 spec.jbb.JBBmain DoARun -> 信息:   started user thread for Warehouse 46
2月 14, 2026 4:11:16 上午 spec.jbb.JBBmain DoARun -> 信息:   started user thread for Warehouse 47
2月 14, 2026 4:11:16 上午 spec.jbb.JBBmain DoARun -> 信息:   started user thread for Warehouse 48
2月 14, 2026 4:11:16 上午 spec.jbb.JBBmain DoARun -> 信息:   started user thread for Warehouse 49
2月 14, 2026 4:11:16 上午 spec.jbb.JBBmain DoARun -> 信息:   started user thread for Warehouse 50
2月 14, 2026 4:11:16 上午 spec.jbb.JBBmain DoARun -> 信息:   started user thread for Warehouse 51
2月 14, 2026 4:11:16 上午 spec.jbb.JBBmain DoARun -> 信息:   started user thread for Warehouse 52
2月 14, 2026 4:11:16 上午 spec.jbb.JBBmain DoARun -> 信息:   started user thread for Warehouse 53
2月 14, 2026 4:11:16 上午 spec.jbb.JBBmain DoARun -> 信息:   started user thread for Warehouse 54
2月 14, 2026 4:11:16 上午 spec.jbb.JBBmain DoARun -> 信息:   started user thread for Warehouse 55
2月 14, 2026 4:11:16 上午 spec.jbb.JBBmain DoARun -> 信息:   started user thread for Warehouse 56
2月 14, 2026 4:11:16 上午 spec.jbb.JBBmain DoARun -> 信息:   started user thread for Warehouse 57
2月 14, 2026 4:11:16 上午 spec.jbb.JBBmain DoARun -> 信息:   started user thread for Warehouse 58
2月 14, 2026 4:11:16 上午 spec.jbb.JBBmain DoARun -> 信息:   started user thread for Warehouse 59
2月 14, 2026 4:11:16 上午 spec.jbb.JBBmain DoARun -> 信息:   started user thread for Warehouse 60
2月 14, 2026 4:11:16 上午 spec.jbb.JBBmain DoARun -> 信息:   started user thread for Warehouse 61
2月 14, 2026 4:11:16 上午 spec.jbb.JBBmain DoARun -> 信息:   started user thread for Warehouse 62
2月 14, 2026 4:11:16 上午 spec.jbb.JBBmain DoARun -> 信息:   started user thread for Warehouse 63
2月 14, 2026 4:11:16 上午 spec.jbb.JBBmain DoARun -> 信息:   started user thread for Warehouse 64
2月 14, 2026 4:11:16 上午 spec.jbb.JBBmain DoARun -> 信息:   started user thread for Warehouse 65
2月 14, 2026 4:11:16 上午 spec.jbb.JBBmain DoARun -> 信息:   started user thread for Warehouse 66
2月 14, 2026 4:11:16 上午 spec.jbb.JBBmain DoARun -> 信息:   started user thread for Warehouse 67
2月 14, 2026 4:11:16 上午 spec.jbb.JBBmain DoARun -> 信息:   started user thread for Warehouse 68
2月 14, 2026 4:11:16 上午 spec.jbb.JBBmain DoARun -> 信息:   started user thread for Warehouse 69
2月 14, 2026 4:11:16 上午 spec.jbb.JBBmain DoARun -> 信息:   started user thread for Warehouse 70
2月 14, 2026 4:11:16 上午 spec.jbb.JBBmain DoARun -> 信息:   started user thread for Warehouse 71
2月 14, 2026 4:11:16 上午 spec.jbb.JBBmain DoARun -> 信息:   started user thread for Warehouse 72
2月 14, 2026 4:11:16 上午 spec.jbb.JBBmain DoARun -> 信息:   started user thread for Warehouse 73
2月 14, 2026 4:11:16 上午 spec.jbb.JBBmain DoARun -> 信息:   started user thread for Warehouse 74
2月 14, 2026 4:11:16 上午 spec.jbb.JBBmain DoARun -> 信息:   started user thread for Warehouse 75
2月 14, 2026 4:11:16 上午 spec.jbb.JBBmain DoARun -> 信息:   started user thread for Warehouse 76
2月 14, 2026 4:11:16 上午 spec.jbb.JBBmain DoARun -> 信息:   started user thread for Warehouse 77
2月 14, 2026 4:11:16 上午 spec.jbb.JBBmain DoARun -> 信息:   started user thread for Warehouse 78
2月 14, 2026 4:11:16 上午 spec.jbb.JBBmain DoARun -> 信息:   started user thread for Warehouse 79
2月 14, 2026 4:11:16 上午 spec.jbb.JBBmain DoARun -> 信息:   started user thread for Warehouse 80
2月 14, 2026 4:11:16 上午 spec.jbb.JBBmain DoARun -> 信息:   started user thread for Warehouse 81
2月 14, 2026 4:11:16 上午 spec.jbb.JBBmain DoARun -> 信息:   started user thread for Warehouse 82
2月 14, 2026 4:11:16 上午 spec.jbb.JBBmain DoARun -> 信息:   started user thread for Warehouse 83
2月 14, 2026 4:11:16 上午 spec.jbb.JBBmain DoARun -> 信息:   started user thread for Warehouse 84
2月 14, 2026 4:11:16 上午 spec.jbb.JBBmain DoARun -> 信息:   started user thread for Warehouse 85
2月 14, 2026 4:11:16 上午 spec.jbb.JBBmain DoARun -> 信息:   started user thread for Warehouse 86
2月 14, 2026 4:11:16 上午 spec.jbb.JBBmain DoARun -> 信息:   started user thread for Warehouse 87
2月 14, 2026 4:11:16 上午 spec.jbb.JBBmain DoARun -> 信息:   started user thread for Warehouse 88
2月 14, 2026 4:11:16 上午 spec.jbb.JBBmain DoARun -> 信息:   started user thread for Warehouse 89
2月 14, 2026 4:11:16 上午 spec.jbb.JBBmain DoARun -> 信息:   started user thread for Warehouse 90
2月 14, 2026 4:11:16 上午 spec.jbb.JBBmain DoARun -> 信息:   started user thread for Warehouse 91
2月 14, 2026 4:11:16 上午 spec.jbb.JBBmain DoARun -> 信息:   started user thread for Warehouse 92
2月 14, 2026 4:11:16 上午 spec.jbb.JBBmain DoARun -> 信息:   started user thread for Warehouse 93
2月 14, 2026 4:11:16 上午 spec.jbb.JBBmain DoARun -> 信息:   started user thread for Warehouse 94
2月 14, 2026 4:11:16 上午 spec.jbb.JBBmain DoARun -> 信息:   started user thread for Warehouse 95
2月 14, 2026 4:11:16 上午 spec.jbb.JBBmain DoARun -> 信息:   started user thread for Warehouse 96
2月 14, 2026 4:11:16 上午 spec.jbb.JBBmain DoARun -> 信息:   started user thread for Warehouse 97
2月 14, 2026 4:11:16 上午 spec.jbb.JBBmain DoARun -> 信息:   started user thread for Warehouse 98
2月 14, 2026 4:11:16 上午 spec.jbb.JBBmain DoARun -> 信息:   started user thread for Warehouse 99
2月 14, 2026 4:11:16 上午 spec.jbb.JBBmain DoARun -> 信息:   started user thread for Warehouse 100
2月 14, 2026 4:11:16 上午 spec.jbb.JBBmain DoARun -> 信息:   started user thread for Warehouse 101
2月 14, 2026 4:11:16 上午 spec.jbb.JBBmain DoARun -> 信息:   started user thread for Warehouse 102
2月 14, 2026 4:11:16 上午 spec.jbb.JBBmain DoARun -> 信息:   started user thread for Warehouse 103
2月 14, 2026 4:11:16 上午 spec.jbb.JBBmain DoARun -> 信息:   started user thread for Warehouse 104
2月 14, 2026 4:11:16 上午 spec.jbb.JBBmain DoARun -> 信息:   started user thread for Warehouse 105
2月 14, 2026 4:11:16 上午 spec.jbb.JBBmain DoARun -> 信息:   started user thread for Warehouse 106
2月 14, 2026 4:11:16 上午 spec.jbb.JBBmain DoARun -> 信息:   started user thread for Warehouse 107
2月 14, 2026 4:11:16 上午 spec.jbb.JBBmain DoARun -> 信息:   started user thread for Warehouse 108
2月 14, 2026 4:11:16 上午 spec.jbb.Company displayResultTotals -> 信息: Timing Measurement began Sat Feb 14 04:11:16 CST 2026 for 4 minutes
2月 14, 2026 4:15:16 上午 spec.jbb.Company displayResultTotals -> 信息: Timing Measurement ended Sat Feb 14 04:15:16 CST 2026
2月 14, 2026 4:15:16 上午 spec.jbb.Company primeWithDummyData -> 信息: Loading Warehouse 109...
2月 14, 2026 4:15:17 上午 spec.jbb.JBBmain DoARun -> 信息: Start User Threads
2月 14, 2026 4:15:17 上午 spec.jbb.JBBmain DoARun -> 信息:   started user thread for Warehouse 1
2月 14, 2026 4:15:17 上午 spec.jbb.JBBmain DoARun -> 信息:   started user thread for Warehouse 2
2月 14, 2026 4:15:17 上午 spec.jbb.JBBmain DoARun -> 信息:   started user thread for Warehouse 3
2月 14, 2026 4:15:17 上午 spec.jbb.JBBmain DoARun -> 信息:   started user thread for Warehouse 4
2月 14, 2026 4:15:17 上午 spec.jbb.JBBmain DoARun -> 信息:   started user thread for Warehouse 5
2月 14, 2026 4:15:17 上午 spec.jbb.JBBmain DoARun -> 信息:   started user thread for Warehouse 6
2月 14, 2026 4:15:17 上午 spec.jbb.JBBmain DoARun -> 信息:   started user thread for Warehouse 7
2月 14, 2026 4:15:17 上午 spec.jbb.JBBmain DoARun -> 信息:   started user thread for Warehouse 8
2月 14, 2026 4:15:17 上午 spec.jbb.JBBmain DoARun -> 信息:   started user thread for Warehouse 9
2月 14, 2026 4:15:17 上午 spec.jbb.JBBmain DoARun -> 信息:   started user thread for Warehouse 10
2月 14, 2026 4:15:17 上午 spec.jbb.JBBmain DoARun -> 信息:   started user thread for Warehouse 11
2月 14, 2026 4:15:17 上午 spec.jbb.JBBmain DoARun -> 信息:   started user thread for Warehouse 12
2月 14, 2026 4:15:17 上午 spec.jbb.JBBmain DoARun -> 信息:   started user thread for Warehouse 13
2月 14, 2026 4:15:17 上午 spec.jbb.JBBmain DoARun -> 信息:   started user thread for Warehouse 14
2月 14, 2026 4:15:17 上午 spec.jbb.JBBmain DoARun -> 信息:   started user thread for Warehouse 15
2月 14, 2026 4:15:17 上午 spec.jbb.JBBmain DoARun -> 信息:   started user thread for Warehouse 16
2月 14, 2026 4:15:17 上午 spec.jbb.JBBmain DoARun -> 信息:   started user thread for Warehouse 17
2月 14, 2026 4:15:17 上午 spec.jbb.JBBmain DoARun -> 信息:   started user thread for Warehouse 18
2月 14, 2026 4:15:17 上午 spec.jbb.JBBmain DoARun -> 信息:   started user thread for Warehouse 19
2月 14, 2026 4:15:17 上午 spec.jbb.JBBmain DoARun -> 信息:   started user thread for Warehouse 20
2月 14, 2026 4:15:17 上午 spec.jbb.JBBmain DoARun -> 信息:   started user thread for Warehouse 21
2月 14, 2026 4:15:17 上午 spec.jbb.JBBmain DoARun -> 信息:   started user thread for Warehouse 22
2月 14, 2026 4:15:17 上午 spec.jbb.JBBmain DoARun -> 信息:   started user thread for Warehouse 23
2月 14, 2026 4:15:17 上午 spec.jbb.JBBmain DoARun -> 信息:   started user thread for Warehouse 24
2月 14, 2026 4:15:17 上午 spec.jbb.JBBmain DoARun -> 信息:   started user thread for Warehouse 25
2月 14, 2026 4:15:17 上午 spec.jbb.JBBmain DoARun -> 信息:   started user thread for Warehouse 26
2月 14, 2026 4:15:17 上午 spec.jbb.JBBmain DoARun -> 信息:   started user thread for Warehouse 27
2月 14, 2026 4:15:17 上午 spec.jbb.JBBmain DoARun -> 信息:   started user thread for Warehouse 28
2月 14, 2026 4:15:17 上午 spec.jbb.JBBmain DoARun -> 信息:   started user thread for Warehouse 29
2月 14, 2026 4:15:17 上午 spec.jbb.JBBmain DoARun -> 信息:   started user thread for Warehouse 30
2月 14, 2026 4:15:17 上午 spec.jbb.JBBmain DoARun -> 信息:   started user thread for Warehouse 31
2月 14, 2026 4:15:17 上午 spec.jbb.JBBmain DoARun -> 信息:   started user thread for Warehouse 32
2月 14, 2026 4:15:17 上午 spec.jbb.JBBmain DoARun -> 信息:   started user thread for Warehouse 33
2月 14, 2026 4:15:17 上午 spec.jbb.JBBmain DoARun -> 信息:   started user thread for Warehouse 34
2月 14, 2026 4:15:17 上午 spec.jbb.JBBmain DoARun -> 信息:   started user thread for Warehouse 35
2月 14, 2026 4:15:17 上午 spec.jbb.JBBmain DoARun -> 信息:   started user thread for Warehouse 36
2月 14, 2026 4:15:17 上午 spec.jbb.JBBmain DoARun -> 信息:   started user thread for Warehouse 37
2月 14, 2026 4:15:17 上午 spec.jbb.JBBmain DoARun -> 信息:   started user thread for Warehouse 38
2月 14, 2026 4:15:17 上午 spec.jbb.JBBmain DoARun -> 信息:   started user thread for Warehouse 39
2月 14, 2026 4:15:17 上午 spec.jbb.JBBmain DoARun -> 信息:   started user thread for Warehouse 40
2月 14, 2026 4:15:17 上午 spec.jbb.JBBmain DoARun -> 信息:   started user thread for Warehouse 41
2月 14, 2026 4:15:17 上午 spec.jbb.JBBmain DoARun -> 信息:   started user thread for Warehouse 42
2月 14, 2026 4:15:17 上午 spec.jbb.JBBmain DoARun -> 信息:   started user thread for Warehouse 43
2月 14, 2026 4:15:17 上午 spec.jbb.JBBmain DoARun -> 信息:   started user thread for Warehouse 44
2月 14, 2026 4:15:17 上午 spec.jbb.JBBmain DoARun -> 信息:   started user thread for Warehouse 45
2月 14, 2026 4:15:17 上午 spec.jbb.JBBmain DoARun -> 信息:   started user thread for Warehouse 46
2月 14, 2026 4:15:17 上午 spec.jbb.JBBmain DoARun -> 信息:   started user thread for Warehouse 47
2月 14, 2026 4:15:17 上午 spec.jbb.JBBmain DoARun -> 信息:   started user thread for Warehouse 48
2月 14, 2026 4:15:17 上午 spec.jbb.JBBmain DoARun -> 信息:   started user thread for Warehouse 49
2月 14, 2026 4:15:17 上午 spec.jbb.JBBmain DoARun -> 信息:   started user thread for Warehouse 50
2月 14, 2026 4:15:17 上午 spec.jbb.JBBmain DoARun -> 信息:   started user thread for Warehouse 51
2月 14, 2026 4:15:17 上午 spec.jbb.JBBmain DoARun -> 信息:   started user thread for Warehouse 52
2月 14, 2026 4:15:17 上午 spec.jbb.JBBmain DoARun -> 信息:   started user thread for Warehouse 53
2月 14, 2026 4:15:17 上午 spec.jbb.JBBmain DoARun -> 信息:   started user thread for Warehouse 54
2月 14, 2026 4:15:17 上午 spec.jbb.JBBmain DoARun -> 信息:   started user thread for Warehouse 55
2月 14, 2026 4:15:17 上午 spec.jbb.JBBmain DoARun -> 信息:   started user thread for Warehouse 56
2月 14, 2026 4:15:17 上午 spec.jbb.JBBmain DoARun -> 信息:   started user thread for Warehouse 57
2月 14, 2026 4:15:17 上午 spec.jbb.JBBmain DoARun -> 信息:   started user thread for Warehouse 58
2月 14, 2026 4:15:17 上午 spec.jbb.JBBmain DoARun -> 信息:   started user thread for Warehouse 59
2月 14, 2026 4:15:17 上午 spec.jbb.JBBmain DoARun -> 信息:   started user thread for Warehouse 60
2月 14, 2026 4:15:17 上午 spec.jbb.JBBmain DoARun -> 信息:   started user thread for Warehouse 61
2月 14, 2026 4:15:17 上午 spec.jbb.JBBmain DoARun -> 信息:   started user thread for Warehouse 62
2月 14, 2026 4:15:17 上午 spec.jbb.JBBmain DoARun -> 信息:   started user thread for Warehouse 63
2月 14, 2026 4:15:17 上午 spec.jbb.JBBmain DoARun -> 信息:   started user thread for Warehouse 64
2月 14, 2026 4:15:17 上午 spec.jbb.JBBmain DoARun -> 信息:   started user thread for Warehouse 65
2月 14, 2026 4:15:17 上午 spec.jbb.JBBmain DoARun -> 信息:   started user thread for Warehouse 66
2月 14, 2026 4:15:17 上午 spec.jbb.JBBmain DoARun -> 信息:   started user thread for Warehouse 67
2月 14, 2026 4:15:17 上午 spec.jbb.JBBmain DoARun -> 信息:   started user thread for Warehouse 68
2月 14, 2026 4:15:17 上午 spec.jbb.JBBmain DoARun -> 信息:   started user thread for Warehouse 69
2月 14, 2026 4:15:17 上午 spec.jbb.JBBmain DoARun -> 信息:   started user thread for Warehouse 70
2月 14, 2026 4:15:17 上午 spec.jbb.JBBmain DoARun -> 信息:   started user thread for Warehouse 71
2月 14, 2026 4:15:17 上午 spec.jbb.JBBmain DoARun -> 信息:   started user thread for Warehouse 72
2月 14, 2026 4:15:17 上午 spec.jbb.JBBmain DoARun -> 信息:   started user thread for Warehouse 73
2月 14, 2026 4:15:17 上午 spec.jbb.JBBmain DoARun -> 信息:   started user thread for Warehouse 74
2月 14, 2026 4:15:17 上午 spec.jbb.JBBmain DoARun -> 信息:   started user thread for Warehouse 75
2月 14, 2026 4:15:17 上午 spec.jbb.JBBmain DoARun -> 信息:   started user thread for Warehouse 76
2月 14, 2026 4:15:17 上午 spec.jbb.JBBmain DoARun -> 信息:   started user thread for Warehouse 77
2月 14, 2026 4:15:17 上午 spec.jbb.JBBmain DoARun -> 信息:   started user thread for Warehouse 78
2月 14, 2026 4:15:17 上午 spec.jbb.JBBmain DoARun -> 信息:   started user thread for Warehouse 79
2月 14, 2026 4:15:17 上午 spec.jbb.JBBmain DoARun -> 信息:   started user thread for Warehouse 80
2月 14, 2026 4:15:17 上午 spec.jbb.JBBmain DoARun -> 信息:   started user thread for Warehouse 81
2月 14, 2026 4:15:17 上午 spec.jbb.JBBmain DoARun -> 信息:   started user thread for Warehouse 82
2月 14, 2026 4:15:17 上午 spec.jbb.JBBmain DoARun -> 信息:   started user thread for Warehouse 83
2月 14, 2026 4:15:17 上午 spec.jbb.JBBmain DoARun -> 信息:   started user thread for Warehouse 84
2月 14, 2026 4:15:17 上午 spec.jbb.JBBmain DoARun -> 信息:   started user thread for Warehouse 85
2月 14, 2026 4:15:17 上午 spec.jbb.JBBmain DoARun -> 信息:   started user thread for Warehouse 86
2月 14, 2026 4:15:17 上午 spec.jbb.JBBmain DoARun -> 信息:   started user thread for Warehouse 87
2月 14, 2026 4:15:17 上午 spec.jbb.JBBmain DoARun -> 信息:   started user thread for Warehouse 88
2月 14, 2026 4:15:17 上午 spec.jbb.JBBmain DoARun -> 信息:   started user thread for Warehouse 89
2月 14, 2026 4:15:17 上午 spec.jbb.JBBmain DoARun -> 信息:   started user thread for Warehouse 90
2月 14, 2026 4:15:17 上午 spec.jbb.JBBmain DoARun -> 信息:   started user thread for Warehouse 91
2月 14, 2026 4:15:17 上午 spec.jbb.JBBmain DoARun -> 信息:   started user thread for Warehouse 92
2月 14, 2026 4:15:17 上午 spec.jbb.JBBmain DoARun -> 信息:   started user thread for Warehouse 93
2月 14, 2026 4:15:17 上午 spec.jbb.JBBmain DoARun -> 信息:   started user thread for Warehouse 94
2月 14, 2026 4:15:17 上午 spec.jbb.JBBmain DoARun -> 信息:   started user thread for Warehouse 95
2月 14, 2026 4:15:17 上午 spec.jbb.JBBmain DoARun -> 信息:   started user thread for Warehouse 96
2月 14, 2026 4:15:17 上午 spec.jbb.JBBmain DoARun -> 信息:   started user thread for Warehouse 97
2月 14, 2026 4:15:17 上午 spec.jbb.JBBmain DoARun -> 信息:   started user thread for Warehouse 98
2月 14, 2026 4:15:17 上午 spec.jbb.JBBmain DoARun -> 信息:   started user thread for Warehouse 99
2月 14, 2026 4:15:17 上午 spec.jbb.JBBmain DoARun -> 信息:   started user thread for Warehouse 100
2月 14, 2026 4:15:17 上午 spec.jbb.JBBmain DoARun -> 信息:   started user thread for Warehouse 101
2月 14, 2026 4:15:17 上午 spec.jbb.JBBmain DoARun -> 信息:   started user thread for Warehouse 102
2月 14, 2026 4:15:17 上午 spec.jbb.JBBmain DoARun -> 信息:   started user thread for Warehouse 103
2月 14, 2026 4:15:17 上午 spec.jbb.JBBmain DoARun -> 信息:   started user thread for Warehouse 104
2月 14, 2026 4:15:17 上午 spec.jbb.JBBmain DoARun -> 信息:   started user thread for Warehouse 105
2月 14, 2026 4:15:17 上午 spec.jbb.JBBmain DoARun -> 信息:   started user thread for Warehouse 106
2月 14, 2026 4:15:17 上午 spec.jbb.JBBmain DoARun -> 信息:   started user thread for Warehouse 107
2月 14, 2026 4:15:17 上午 spec.jbb.JBBmain DoARun -> 信息:   started user thread for Warehouse 108
2月 14, 2026 4:15:17 上午 spec.jbb.JBBmain DoARun -> 信息:   started user thread for Warehouse 109
2月 14, 2026 4:15:17 上午 spec.jbb.Company displayResultTotals -> 信息: Timing Measurement began Sat Feb 14 04:15:17 CST 2026 for 4 minutes
2月 14, 2026 4:19:17 上午 spec.jbb.Company displayResultTotals -> 信息: Timing Measurement ended Sat Feb 14 04:19:17 CST 2026
2月 14, 2026 4:19:17 上午 spec.jbb.Company primeWithDummyData -> 信息: Loading Warehouse 110...
2月 14, 2026 4:19:17 上午 spec.jbb.JBBmain DoARun -> 信息: Start User Threads
2月 14, 2026 4:19:17 上午 spec.jbb.JBBmain DoARun -> 信息:   started user thread for Warehouse 1
2月 14, 2026 4:19:17 上午 spec.jbb.JBBmain DoARun -> 信息:   started user thread for Warehouse 2
2月 14, 2026 4:19:17 上午 spec.jbb.JBBmain DoARun -> 信息:   started user thread for Warehouse 3
2月 14, 2026 4:19:17 上午 spec.jbb.JBBmain DoARun -> 信息:   started user thread for Warehouse 4
2月 14, 2026 4:19:17 上午 spec.jbb.JBBmain DoARun -> 信息:   started user thread for Warehouse 5
2月 14, 2026 4:19:17 上午 spec.jbb.JBBmain DoARun -> 信息:   started user thread for Warehouse 6
2月 14, 2026 4:19:17 上午 spec.jbb.JBBmain DoARun -> 信息:   started user thread for Warehouse 7
2月 14, 2026 4:19:17 上午 spec.jbb.JBBmain DoARun -> 信息:   started user thread for Warehouse 8
2月 14, 2026 4:19:17 上午 spec.jbb.JBBmain DoARun -> 信息:   started user thread for Warehouse 9
2月 14, 2026 4:19:17 上午 spec.jbb.JBBmain DoARun -> 信息:   started user thread for Warehouse 10
2月 14, 2026 4:19:17 上午 spec.jbb.JBBmain DoARun -> 信息:   started user thread for Warehouse 11
2月 14, 2026 4:19:17 上午 spec.jbb.JBBmain DoARun -> 信息:   started user thread for Warehouse 12
2月 14, 2026 4:19:17 上午 spec.jbb.JBBmain DoARun -> 信息:   started user thread for Warehouse 13
2月 14, 2026 4:19:17 上午 spec.jbb.JBBmain DoARun -> 信息:   started user thread for Warehouse 14
2月 14, 2026 4:19:17 上午 spec.jbb.JBBmain DoARun -> 信息:   started user thread for Warehouse 15
2月 14, 2026 4:19:17 上午 spec.jbb.JBBmain DoARun -> 信息:   started user thread for Warehouse 16
2月 14, 2026 4:19:17 上午 spec.jbb.JBBmain DoARun -> 信息:   started user thread for Warehouse 17
2月 14, 2026 4:19:17 上午 spec.jbb.JBBmain DoARun -> 信息:   started user thread for Warehouse 18
2月 14, 2026 4:19:17 上午 spec.jbb.JBBmain DoARun -> 信息:   started user thread for Warehouse 19
2月 14, 2026 4:19:17 上午 spec.jbb.JBBmain DoARun -> 信息:   started user thread for Warehouse 20
2月 14, 2026 4:19:17 上午 spec.jbb.JBBmain DoARun -> 信息:   started user thread for Warehouse 21
2月 14, 2026 4:19:17 上午 spec.jbb.JBBmain DoARun -> 信息:   started user thread for Warehouse 22
2月 14, 2026 4:19:17 上午 spec.jbb.JBBmain DoARun -> 信息:   started user thread for Warehouse 23
2月 14, 2026 4:19:17 上午 spec.jbb.JBBmain DoARun -> 信息:   started user thread for Warehouse 24
2月 14, 2026 4:19:17 上午 spec.jbb.JBBmain DoARun -> 信息:   started user thread for Warehouse 25
2月 14, 2026 4:19:17 上午 spec.jbb.JBBmain DoARun -> 信息:   started user thread for Warehouse 26
2月 14, 2026 4:19:17 上午 spec.jbb.JBBmain DoARun -> 信息:   started user thread for Warehouse 27
2月 14, 2026 4:19:17 上午 spec.jbb.JBBmain DoARun -> 信息:   started user thread for Warehouse 28
2月 14, 2026 4:19:17 上午 spec.jbb.JBBmain DoARun -> 信息:   started user thread for Warehouse 29
2月 14, 2026 4:19:17 上午 spec.jbb.JBBmain DoARun -> 信息:   started user thread for Warehouse 30
2月 14, 2026 4:19:17 上午 spec.jbb.JBBmain DoARun -> 信息:   started user thread for Warehouse 31
2月 14, 2026 4:19:17 上午 spec.jbb.JBBmain DoARun -> 信息:   started user thread for Warehouse 32
2月 14, 2026 4:19:17 上午 spec.jbb.JBBmain DoARun -> 信息:   started user thread for Warehouse 33
2月 14, 2026 4:19:17 上午 spec.jbb.JBBmain DoARun -> 信息:   started user thread for Warehouse 34
2月 14, 2026 4:19:17 上午 spec.jbb.JBBmain DoARun -> 信息:   started user thread for Warehouse 35
2月 14, 2026 4:19:17 上午 spec.jbb.JBBmain DoARun -> 信息:   started user thread for Warehouse 36
2月 14, 2026 4:19:17 上午 spec.jbb.JBBmain DoARun -> 信息:   started user thread for Warehouse 37
2月 14, 2026 4:19:17 上午 spec.jbb.JBBmain DoARun -> 信息:   started user thread for Warehouse 38
2月 14, 2026 4:19:17 上午 spec.jbb.JBBmain DoARun -> 信息:   started user thread for Warehouse 39
2月 14, 2026 4:19:17 上午 spec.jbb.JBBmain DoARun -> 信息:   started user thread for Warehouse 40
2月 14, 2026 4:19:17 上午 spec.jbb.JBBmain DoARun -> 信息:   started user thread for Warehouse 41
2月 14, 2026 4:19:17 上午 spec.jbb.JBBmain DoARun -> 信息:   started user thread for Warehouse 42
2月 14, 2026 4:19:17 上午 spec.jbb.JBBmain DoARun -> 信息:   started user thread for Warehouse 43
2月 14, 2026 4:19:17 上午 spec.jbb.JBBmain DoARun -> 信息:   started user thread for Warehouse 44
2月 14, 2026 4:19:17 上午 spec.jbb.JBBmain DoARun -> 信息:   started user thread for Warehouse 45
2月 14, 2026 4:19:17 上午 spec.jbb.JBBmain DoARun -> 信息:   started user thread for Warehouse 46
2月 14, 2026 4:19:17 上午 spec.jbb.JBBmain DoARun -> 信息:   started user thread for Warehouse 47
2月 14, 2026 4:19:17 上午 spec.jbb.JBBmain DoARun -> 信息:   started user thread for Warehouse 48
2月 14, 2026 4:19:17 上午 spec.jbb.JBBmain DoARun -> 信息:   started user thread for Warehouse 49
2月 14, 2026 4:19:17 上午 spec.jbb.JBBmain DoARun -> 信息:   started user thread for Warehouse 50
2月 14, 2026 4:19:17 上午 spec.jbb.JBBmain DoARun -> 信息:   started user thread for Warehouse 51
2月 14, 2026 4:19:17 上午 spec.jbb.JBBmain DoARun -> 信息:   started user thread for Warehouse 52
2月 14, 2026 4:19:17 上午 spec.jbb.JBBmain DoARun -> 信息:   started user thread for Warehouse 53
2月 14, 2026 4:19:17 上午 spec.jbb.JBBmain DoARun -> 信息:   started user thread for Warehouse 54
2月 14, 2026 4:19:17 上午 spec.jbb.JBBmain DoARun -> 信息:   started user thread for Warehouse 55
2月 14, 2026 4:19:17 上午 spec.jbb.JBBmain DoARun -> 信息:   started user thread for Warehouse 56
2月 14, 2026 4:19:17 上午 spec.jbb.JBBmain DoARun -> 信息:   started user thread for Warehouse 57
2月 14, 2026 4:19:17 上午 spec.jbb.JBBmain DoARun -> 信息:   started user thread for Warehouse 58
2月 14, 2026 4:19:17 上午 spec.jbb.JBBmain DoARun -> 信息:   started user thread for Warehouse 59
2月 14, 2026 4:19:17 上午 spec.jbb.JBBmain DoARun -> 信息:   started user thread for Warehouse 60
2月 14, 2026 4:19:17 上午 spec.jbb.JBBmain DoARun -> 信息:   started user thread for Warehouse 61
2月 14, 2026 4:19:17 上午 spec.jbb.JBBmain DoARun -> 信息:   started user thread for Warehouse 62
2月 14, 2026 4:19:17 上午 spec.jbb.JBBmain DoARun -> 信息:   started user thread for Warehouse 63
2月 14, 2026 4:19:17 上午 spec.jbb.JBBmain DoARun -> 信息:   started user thread for Warehouse 64
2月 14, 2026 4:19:17 上午 spec.jbb.JBBmain DoARun -> 信息:   started user thread for Warehouse 65
2月 14, 2026 4:19:17 上午 spec.jbb.JBBmain DoARun -> 信息:   started user thread for Warehouse 66
2月 14, 2026 4:19:17 上午 spec.jbb.JBBmain DoARun -> 信息:   started user thread for Warehouse 67
2月 14, 2026 4:19:17 上午 spec.jbb.JBBmain DoARun -> 信息:   started user thread for Warehouse 68
2月 14, 2026 4:19:17 上午 spec.jbb.JBBmain DoARun -> 信息:   started user thread for Warehouse 69
2月 14, 2026 4:19:17 上午 spec.jbb.JBBmain DoARun -> 信息:   started user thread for Warehouse 70
2月 14, 2026 4:19:17 上午 spec.jbb.JBBmain DoARun -> 信息:   started user thread for Warehouse 71
2月 14, 2026 4:19:17 上午 spec.jbb.JBBmain DoARun -> 信息:   started user thread for Warehouse 72
2月 14, 2026 4:19:17 上午 spec.jbb.JBBmain DoARun -> 信息:   started user thread for Warehouse 73
2月 14, 2026 4:19:17 上午 spec.jbb.JBBmain DoARun -> 信息:   started user thread for Warehouse 74
2月 14, 2026 4:19:17 上午 spec.jbb.JBBmain DoARun -> 信息:   started user thread for Warehouse 75
2月 14, 2026 4:19:17 上午 spec.jbb.JBBmain DoARun -> 信息:   started user thread for Warehouse 76
2月 14, 2026 4:19:17 上午 spec.jbb.JBBmain DoARun -> 信息:   started user thread for Warehouse 77
2月 14, 2026 4:19:17 上午 spec.jbb.JBBmain DoARun -> 信息:   started user thread for Warehouse 78
2月 14, 2026 4:19:17 上午 spec.jbb.JBBmain DoARun -> 信息:   started user thread for Warehouse 79
2月 14, 2026 4:19:17 上午 spec.jbb.JBBmain DoARun -> 信息:   started user thread for Warehouse 80
2月 14, 2026 4:19:17 上午 spec.jbb.JBBmain DoARun -> 信息:   started user thread for Warehouse 81
2月 14, 2026 4:19:17 上午 spec.jbb.JBBmain DoARun -> 信息:   started user thread for Warehouse 82
2月 14, 2026 4:19:17 上午 spec.jbb.JBBmain DoARun -> 信息:   started user thread for Warehouse 83
2月 14, 2026 4:19:17 上午 spec.jbb.JBBmain DoARun -> 信息:   started user thread for Warehouse 84
2月 14, 2026 4:19:17 上午 spec.jbb.JBBmain DoARun -> 信息:   started user thread for Warehouse 85
2月 14, 2026 4:19:17 上午 spec.jbb.JBBmain DoARun -> 信息:   started user thread for Warehouse 86
2月 14, 2026 4:19:17 上午 spec.jbb.JBBmain DoARun -> 信息:   started user thread for Warehouse 87
2月 14, 2026 4:19:17 上午 spec.jbb.JBBmain DoARun -> 信息:   started user thread for Warehouse 88
2月 14, 2026 4:19:17 上午 spec.jbb.JBBmain DoARun -> 信息:   started user thread for Warehouse 89
2月 14, 2026 4:19:17 上午 spec.jbb.JBBmain DoARun -> 信息:   started user thread for Warehouse 90
2月 14, 2026 4:19:17 上午 spec.jbb.JBBmain DoARun -> 信息:   started user thread for Warehouse 91
2月 14, 2026 4:19:17 上午 spec.jbb.JBBmain DoARun -> 信息:   started user thread for Warehouse 92
2月 14, 2026 4:19:17 上午 spec.jbb.JBBmain DoARun -> 信息:   started user thread for Warehouse 93
2月 14, 2026 4:19:17 上午 spec.jbb.JBBmain DoARun -> 信息:   started user thread for Warehouse 94
2月 14, 2026 4:19:17 上午 spec.jbb.JBBmain DoARun -> 信息:   started user thread for Warehouse 95
2月 14, 2026 4:19:17 上午 spec.jbb.JBBmain DoARun -> 信息:   started user thread for Warehouse 96
2月 14, 2026 4:19:17 上午 spec.jbb.JBBmain DoARun -> 信息:   started user thread for Warehouse 97
2月 14, 2026 4:19:17 上午 spec.jbb.JBBmain DoARun -> 信息:   started user thread for Warehouse 98
2月 14, 2026 4:19:17 上午 spec.jbb.JBBmain DoARun -> 信息:   started user thread for Warehouse 99
2月 14, 2026 4:19:17 上午 spec.jbb.JBBmain DoARun -> 信息:   started user thread for Warehouse 100
2月 14, 2026 4:19:17 上午 spec.jbb.JBBmain DoARun -> 信息:   started user thread for Warehouse 101
2月 14, 2026 4:19:17 上午 spec.jbb.JBBmain DoARun -> 信息:   started user thread for Warehouse 102
2月 14, 2026 4:19:17 上午 spec.jbb.JBBmain DoARun -> 信息:   started user thread for Warehouse 103
2月 14, 2026 4:19:17 上午 spec.jbb.JBBmain DoARun -> 信息:   started user thread for Warehouse 104
2月 14, 2026 4:19:17 上午 spec.jbb.JBBmain DoARun -> 信息:   started user thread for Warehouse 105
2月 14, 2026 4:19:17 上午 spec.jbb.JBBmain DoARun -> 信息:   started user thread for Warehouse 106
2月 14, 2026 4:19:17 上午 spec.jbb.JBBmain DoARun -> 信息:   started user thread for Warehouse 107
2月 14, 2026 4:19:17 上午 spec.jbb.JBBmain DoARun -> 信息:   started user thread for Warehouse 108
2月 14, 2026 4:19:17 上午 spec.jbb.JBBmain DoARun -> 信息:   started user thread for Warehouse 109
2月 14, 2026 4:19:17 上午 spec.jbb.JBBmain DoARun -> 信息:   started user thread for Warehouse 110
2月 14, 2026 4:19:17 上午 spec.jbb.Company displayResultTotals -> 信息: Timing Measurement began Sat Feb 14 04:19:17 CST 2026 for 4 minutes
2月 14, 2026 4:23:17 上午 spec.jbb.Company displayResultTotals -> 信息: Timing Measurement ended Sat Feb 14 04:23:17 CST 2026
2月 14, 2026 4:23:17 上午 spec.jbb.Company primeWithDummyData -> 信息: Loading Warehouse 111...
2月 14, 2026 4:23:17 上午 spec.jbb.JBBmain DoARun -> 信息: Start User Threads
2月 14, 2026 4:23:17 上午 spec.jbb.JBBmain DoARun -> 信息:   started user thread for Warehouse 1
2月 14, 2026 4:23:17 上午 spec.jbb.JBBmain DoARun -> 信息:   started user thread for Warehouse 2
2月 14, 2026 4:23:17 上午 spec.jbb.JBBmain DoARun -> 信息:   started user thread for Warehouse 3
2月 14, 2026 4:23:17 上午 spec.jbb.JBBmain DoARun -> 信息:   started user thread for Warehouse 4
2月 14, 2026 4:23:17 上午 spec.jbb.JBBmain DoARun -> 信息:   started user thread for Warehouse 5
2月 14, 2026 4:23:17 上午 spec.jbb.JBBmain DoARun -> 信息:   started user thread for Warehouse 6
2月 14, 2026 4:23:17 上午 spec.jbb.JBBmain DoARun -> 信息:   started user thread for Warehouse 7
2月 14, 2026 4:23:17 上午 spec.jbb.JBBmain DoARun -> 信息:   started user thread for Warehouse 8
2月 14, 2026 4:23:17 上午 spec.jbb.JBBmain DoARun -> 信息:   started user thread for Warehouse 9
2月 14, 2026 4:23:17 上午 spec.jbb.JBBmain DoARun -> 信息:   started user thread for Warehouse 10
2月 14, 2026 4:23:17 上午 spec.jbb.JBBmain DoARun -> 信息:   started user thread for Warehouse 11
2月 14, 2026 4:23:17 上午 spec.jbb.JBBmain DoARun -> 信息:   started user thread for Warehouse 12
2月 14, 2026 4:23:17 上午 spec.jbb.JBBmain DoARun -> 信息:   started user thread for Warehouse 13
2月 14, 2026 4:23:17 上午 spec.jbb.JBBmain DoARun -> 信息:   started user thread for Warehouse 14
2月 14, 2026 4:23:17 上午 spec.jbb.JBBmain DoARun -> 信息:   started user thread for Warehouse 15
2月 14, 2026 4:23:17 上午 spec.jbb.JBBmain DoARun -> 信息:   started user thread for Warehouse 16
2月 14, 2026 4:23:17 上午 spec.jbb.JBBmain DoARun -> 信息:   started user thread for Warehouse 17
2月 14, 2026 4:23:17 上午 spec.jbb.JBBmain DoARun -> 信息:   started user thread for Warehouse 18
2月 14, 2026 4:23:17 上午 spec.jbb.JBBmain DoARun -> 信息:   started user thread for Warehouse 19
2月 14, 2026 4:23:17 上午 spec.jbb.JBBmain DoARun -> 信息:   started user thread for Warehouse 20
2月 14, 2026 4:23:17 上午 spec.jbb.JBBmain DoARun -> 信息:   started user thread for Warehouse 21
2月 14, 2026 4:23:17 上午 spec.jbb.JBBmain DoARun -> 信息:   started user thread for Warehouse 22
2月 14, 2026 4:23:17 上午 spec.jbb.JBBmain DoARun -> 信息:   started user thread for Warehouse 23
2月 14, 2026 4:23:17 上午 spec.jbb.JBBmain DoARun -> 信息:   started user thread for Warehouse 24
2月 14, 2026 4:23:17 上午 spec.jbb.JBBmain DoARun -> 信息:   started user thread for Warehouse 25
2月 14, 2026 4:23:17 上午 spec.jbb.JBBmain DoARun -> 信息:   started user thread for Warehouse 26
2月 14, 2026 4:23:17 上午 spec.jbb.JBBmain DoARun -> 信息:   started user thread for Warehouse 27
2月 14, 2026 4:23:17 上午 spec.jbb.JBBmain DoARun -> 信息:   started user thread for Warehouse 28
2月 14, 2026 4:23:17 上午 spec.jbb.JBBmain DoARun -> 信息:   started user thread for Warehouse 29
2月 14, 2026 4:23:17 上午 spec.jbb.JBBmain DoARun -> 信息:   started user thread for Warehouse 30
2月 14, 2026 4:23:17 上午 spec.jbb.JBBmain DoARun -> 信息:   started user thread for Warehouse 31
2月 14, 2026 4:23:17 上午 spec.jbb.JBBmain DoARun -> 信息:   started user thread for Warehouse 32
2月 14, 2026 4:23:17 上午 spec.jbb.JBBmain DoARun -> 信息:   started user thread for Warehouse 33
2月 14, 2026 4:23:17 上午 spec.jbb.JBBmain DoARun -> 信息:   started user thread for Warehouse 34
2月 14, 2026 4:23:17 上午 spec.jbb.JBBmain DoARun -> 信息:   started user thread for Warehouse 35
2月 14, 2026 4:23:17 上午 spec.jbb.JBBmain DoARun -> 信息:   started user thread for Warehouse 36
2月 14, 2026 4:23:17 上午 spec.jbb.JBBmain DoARun -> 信息:   started user thread for Warehouse 37
2月 14, 2026 4:23:17 上午 spec.jbb.JBBmain DoARun -> 信息:   started user thread for Warehouse 38
2月 14, 2026 4:23:17 上午 spec.jbb.JBBmain DoARun -> 信息:   started user thread for Warehouse 39
2月 14, 2026 4:23:17 上午 spec.jbb.JBBmain DoARun -> 信息:   started user thread for Warehouse 40
2月 14, 2026 4:23:17 上午 spec.jbb.JBBmain DoARun -> 信息:   started user thread for Warehouse 41
2月 14, 2026 4:23:17 上午 spec.jbb.JBBmain DoARun -> 信息:   started user thread for Warehouse 42
2月 14, 2026 4:23:17 上午 spec.jbb.JBBmain DoARun -> 信息:   started user thread for Warehouse 43
2月 14, 2026 4:23:17 上午 spec.jbb.JBBmain DoARun -> 信息:   started user thread for Warehouse 44
2月 14, 2026 4:23:17 上午 spec.jbb.JBBmain DoARun -> 信息:   started user thread for Warehouse 45
2月 14, 2026 4:23:17 上午 spec.jbb.JBBmain DoARun -> 信息:   started user thread for Warehouse 46
2月 14, 2026 4:23:17 上午 spec.jbb.JBBmain DoARun -> 信息:   started user thread for Warehouse 47
2月 14, 2026 4:23:17 上午 spec.jbb.JBBmain DoARun -> 信息:   started user thread for Warehouse 48
2月 14, 2026 4:23:17 上午 spec.jbb.JBBmain DoARun -> 信息:   started user thread for Warehouse 49
2月 14, 2026 4:23:17 上午 spec.jbb.JBBmain DoARun -> 信息:   started user thread for Warehouse 50
2月 14, 2026 4:23:17 上午 spec.jbb.JBBmain DoARun -> 信息:   started user thread for Warehouse 51
2月 14, 2026 4:23:17 上午 spec.jbb.JBBmain DoARun -> 信息:   started user thread for Warehouse 52
2月 14, 2026 4:23:17 上午 spec.jbb.JBBmain DoARun -> 信息:   started user thread for Warehouse 53
2月 14, 2026 4:23:17 上午 spec.jbb.JBBmain DoARun -> 信息:   started user thread for Warehouse 54
2月 14, 2026 4:23:17 上午 spec.jbb.JBBmain DoARun -> 信息:   started user thread for Warehouse 55
2月 14, 2026 4:23:17 上午 spec.jbb.JBBmain DoARun -> 信息:   started user thread for Warehouse 56
2月 14, 2026 4:23:17 上午 spec.jbb.JBBmain DoARun -> 信息:   started user thread for Warehouse 57
2月 14, 2026 4:23:17 上午 spec.jbb.JBBmain DoARun -> 信息:   started user thread for Warehouse 58
2月 14, 2026 4:23:17 上午 spec.jbb.JBBmain DoARun -> 信息:   started user thread for Warehouse 59
2月 14, 2026 4:23:17 上午 spec.jbb.JBBmain DoARun -> 信息:   started user thread for Warehouse 60
2月 14, 2026 4:23:17 上午 spec.jbb.JBBmain DoARun -> 信息:   started user thread for Warehouse 61
2月 14, 2026 4:23:17 上午 spec.jbb.JBBmain DoARun -> 信息:   started user thread for Warehouse 62
2月 14, 2026 4:23:17 上午 spec.jbb.JBBmain DoARun -> 信息:   started user thread for Warehouse 63
2月 14, 2026 4:23:17 上午 spec.jbb.JBBmain DoARun -> 信息:   started user thread for Warehouse 64
2月 14, 2026 4:23:17 上午 spec.jbb.JBBmain DoARun -> 信息:   started user thread for Warehouse 65
2月 14, 2026 4:23:17 上午 spec.jbb.JBBmain DoARun -> 信息:   started user thread for Warehouse 66
2月 14, 2026 4:23:17 上午 spec.jbb.JBBmain DoARun -> 信息:   started user thread for Warehouse 67
2月 14, 2026 4:23:17 上午 spec.jbb.JBBmain DoARun -> 信息:   started user thread for Warehouse 68
2月 14, 2026 4:23:17 上午 spec.jbb.JBBmain DoARun -> 信息:   started user thread for Warehouse 69
2月 14, 2026 4:23:17 上午 spec.jbb.JBBmain DoARun -> 信息:   started user thread for Warehouse 70
2月 14, 2026 4:23:17 上午 spec.jbb.JBBmain DoARun -> 信息:   started user thread for Warehouse 71
2月 14, 2026 4:23:17 上午 spec.jbb.JBBmain DoARun -> 信息:   started user thread for Warehouse 72
2月 14, 2026 4:23:17 上午 spec.jbb.JBBmain DoARun -> 信息:   started user thread for Warehouse 73
2月 14, 2026 4:23:17 上午 spec.jbb.JBBmain DoARun -> 信息:   started user thread for Warehouse 74
2月 14, 2026 4:23:17 上午 spec.jbb.JBBmain DoARun -> 信息:   started user thread for Warehouse 75
2月 14, 2026 4:23:17 上午 spec.jbb.JBBmain DoARun -> 信息:   started user thread for Warehouse 76
2月 14, 2026 4:23:17 上午 spec.jbb.JBBmain DoARun -> 信息:   started user thread for Warehouse 77
2月 14, 2026 4:23:17 上午 spec.jbb.JBBmain DoARun -> 信息:   started user thread for Warehouse 78
2月 14, 2026 4:23:17 上午 spec.jbb.JBBmain DoARun -> 信息:   started user thread for Warehouse 79
2月 14, 2026 4:23:17 上午 spec.jbb.JBBmain DoARun -> 信息:   started user thread for Warehouse 80
2月 14, 2026 4:23:17 上午 spec.jbb.JBBmain DoARun -> 信息:   started user thread for Warehouse 81
2月 14, 2026 4:23:17 上午 spec.jbb.JBBmain DoARun -> 信息:   started user thread for Warehouse 82
2月 14, 2026 4:23:17 上午 spec.jbb.JBBmain DoARun -> 信息:   started user thread for Warehouse 83
2月 14, 2026 4:23:17 上午 spec.jbb.JBBmain DoARun -> 信息:   started user thread for Warehouse 84
2月 14, 2026 4:23:17 上午 spec.jbb.JBBmain DoARun -> 信息:   started user thread for Warehouse 85
2月 14, 2026 4:23:17 上午 spec.jbb.JBBmain DoARun -> 信息:   started user thread for Warehouse 86
2月 14, 2026 4:23:17 上午 spec.jbb.JBBmain DoARun -> 信息:   started user thread for Warehouse 87
2月 14, 2026 4:23:17 上午 spec.jbb.JBBmain DoARun -> 信息:   started user thread for Warehouse 88
2月 14, 2026 4:23:17 上午 spec.jbb.JBBmain DoARun -> 信息:   started user thread for Warehouse 89
2月 14, 2026 4:23:17 上午 spec.jbb.JBBmain DoARun -> 信息:   started user thread for Warehouse 90
2月 14, 2026 4:23:17 上午 spec.jbb.JBBmain DoARun -> 信息:   started user thread for Warehouse 91
2月 14, 2026 4:23:17 上午 spec.jbb.JBBmain DoARun -> 信息:   started user thread for Warehouse 92
2月 14, 2026 4:23:17 上午 spec.jbb.JBBmain DoARun -> 信息:   started user thread for Warehouse 93
2月 14, 2026 4:23:17 上午 spec.jbb.JBBmain DoARun -> 信息:   started user thread for Warehouse 94
2月 14, 2026 4:23:17 上午 spec.jbb.JBBmain DoARun -> 信息:   started user thread for Warehouse 95
2月 14, 2026 4:23:17 上午 spec.jbb.JBBmain DoARun -> 信息:   started user thread for Warehouse 96
2月 14, 2026 4:23:17 上午 spec.jbb.JBBmain DoARun -> 信息:   started user thread for Warehouse 97
2月 14, 2026 4:23:17 上午 spec.jbb.JBBmain DoARun -> 信息:   started user thread for Warehouse 98
2月 14, 2026 4:23:17 上午 spec.jbb.JBBmain DoARun -> 信息:   started user thread for Warehouse 99
2月 14, 2026 4:23:17 上午 spec.jbb.JBBmain DoARun -> 信息:   started user thread for Warehouse 100
2月 14, 2026 4:23:17 上午 spec.jbb.JBBmain DoARun -> 信息:   started user thread for Warehouse 101
2月 14, 2026 4:23:17 上午 spec.jbb.JBBmain DoARun -> 信息:   started user thread for Warehouse 102
2月 14, 2026 4:23:17 上午 spec.jbb.JBBmain DoARun -> 信息:   started user thread for Warehouse 103
2月 14, 2026 4:23:17 上午 spec.jbb.JBBmain DoARun -> 信息:   started user thread for Warehouse 104
2月 14, 2026 4:23:17 上午 spec.jbb.JBBmain DoARun -> 信息:   started user thread for Warehouse 105
2月 14, 2026 4:23:17 上午 spec.jbb.JBBmain DoARun -> 信息:   started user thread for Warehouse 106
2月 14, 2026 4:23:17 上午 spec.jbb.JBBmain DoARun -> 信息:   started user thread for Warehouse 107
2月 14, 2026 4:23:17 上午 spec.jbb.JBBmain DoARun -> 信息:   started user thread for Warehouse 108
2月 14, 2026 4:23:17 上午 spec.jbb.JBBmain DoARun -> 信息:   started user thread for Warehouse 109
2月 14, 2026 4:23:17 上午 spec.jbb.JBBmain DoARun -> 信息:   started user thread for Warehouse 110
2月 14, 2026 4:23:17 上午 spec.jbb.JBBmain DoARun -> 信息:   started user thread for Warehouse 111
2月 14, 2026 4:23:17 上午 spec.jbb.Company displayResultTotals -> 信息: Timing Measurement began Sat Feb 14 04:23:17 CST 2026 for 4 minutes
2月 14, 2026 4:27:17 上午 spec.jbb.Company displayResultTotals -> 信息: Timing Measurement ended Sat Feb 14 04:27:17 CST 2026
2月 14, 2026 4:27:17 上午 spec.jbb.Company primeWithDummyData -> 信息: Loading Warehouse 112...
2月 14, 2026 4:27:17 上午 spec.jbb.JBBmain DoARun -> 信息: Start User Threads
2月 14, 2026 4:27:17 上午 spec.jbb.JBBmain DoARun -> 信息:   started user thread for Warehouse 1
2月 14, 2026 4:27:17 上午 spec.jbb.JBBmain DoARun -> 信息:   started user thread for Warehouse 2
2月 14, 2026 4:27:17 上午 spec.jbb.JBBmain DoARun -> 信息:   started user thread for Warehouse 3
2月 14, 2026 4:27:17 上午 spec.jbb.JBBmain DoARun -> 信息:   started user thread for Warehouse 4
2月 14, 2026 4:27:17 上午 spec.jbb.JBBmain DoARun -> 信息:   started user thread for Warehouse 5
2月 14, 2026 4:27:17 上午 spec.jbb.JBBmain DoARun -> 信息:   started user thread for Warehouse 6
2月 14, 2026 4:27:17 上午 spec.jbb.JBBmain DoARun -> 信息:   started user thread for Warehouse 7
2月 14, 2026 4:27:17 上午 spec.jbb.JBBmain DoARun -> 信息:   started user thread for Warehouse 8
2月 14, 2026 4:27:17 上午 spec.jbb.JBBmain DoARun -> 信息:   started user thread for Warehouse 9
2月 14, 2026 4:27:17 上午 spec.jbb.JBBmain DoARun -> 信息:   started user thread for Warehouse 10
2月 14, 2026 4:27:17 上午 spec.jbb.JBBmain DoARun -> 信息:   started user thread for Warehouse 11
2月 14, 2026 4:27:17 上午 spec.jbb.JBBmain DoARun -> 信息:   started user thread for Warehouse 12
2月 14, 2026 4:27:17 上午 spec.jbb.JBBmain DoARun -> 信息:   started user thread for Warehouse 13
2月 14, 2026 4:27:17 上午 spec.jbb.JBBmain DoARun -> 信息:   started user thread for Warehouse 14
2月 14, 2026 4:27:17 上午 spec.jbb.JBBmain DoARun -> 信息:   started user thread for Warehouse 15
2月 14, 2026 4:27:17 上午 spec.jbb.JBBmain DoARun -> 信息:   started user thread for Warehouse 16
2月 14, 2026 4:27:17 上午 spec.jbb.JBBmain DoARun -> 信息:   started user thread for Warehouse 17
2月 14, 2026 4:27:17 上午 spec.jbb.JBBmain DoARun -> 信息:   started user thread for Warehouse 18
2月 14, 2026 4:27:17 上午 spec.jbb.JBBmain DoARun -> 信息:   started user thread for Warehouse 19
2月 14, 2026 4:27:17 上午 spec.jbb.JBBmain DoARun -> 信息:   started user thread for Warehouse 20
2月 14, 2026 4:27:17 上午 spec.jbb.JBBmain DoARun -> 信息:   started user thread for Warehouse 21
2月 14, 2026 4:27:17 上午 spec.jbb.JBBmain DoARun -> 信息:   started user thread for Warehouse 22
2月 14, 2026 4:27:17 上午 spec.jbb.JBBmain DoARun -> 信息:   started user thread for Warehouse 23
2月 14, 2026 4:27:17 上午 spec.jbb.JBBmain DoARun -> 信息:   started user thread for Warehouse 24
2月 14, 2026 4:27:17 上午 spec.jbb.JBBmain DoARun -> 信息:   started user thread for Warehouse 25
2月 14, 2026 4:27:17 上午 spec.jbb.JBBmain DoARun -> 信息:   started user thread for Warehouse 26
2月 14, 2026 4:27:17 上午 spec.jbb.JBBmain DoARun -> 信息:   started user thread for Warehouse 27
2月 14, 2026 4:27:17 上午 spec.jbb.JBBmain DoARun -> 信息:   started user thread for Warehouse 28
2月 14, 2026 4:27:17 上午 spec.jbb.JBBmain DoARun -> 信息:   started user thread for Warehouse 29
2月 14, 2026 4:27:17 上午 spec.jbb.JBBmain DoARun -> 信息:   started user thread for Warehouse 30
2月 14, 2026 4:27:17 上午 spec.jbb.JBBmain DoARun -> 信息:   started user thread for Warehouse 31
2月 14, 2026 4:27:17 上午 spec.jbb.JBBmain DoARun -> 信息:   started user thread for Warehouse 32
2月 14, 2026 4:27:17 上午 spec.jbb.JBBmain DoARun -> 信息:   started user thread for Warehouse 33
2月 14, 2026 4:27:17 上午 spec.jbb.JBBmain DoARun -> 信息:   started user thread for Warehouse 34
2月 14, 2026 4:27:17 上午 spec.jbb.JBBmain DoARun -> 信息:   started user thread for Warehouse 35
2月 14, 2026 4:27:17 上午 spec.jbb.JBBmain DoARun -> 信息:   started user thread for Warehouse 36
2月 14, 2026 4:27:17 上午 spec.jbb.JBBmain DoARun -> 信息:   started user thread for Warehouse 37
2月 14, 2026 4:27:17 上午 spec.jbb.JBBmain DoARun -> 信息:   started user thread for Warehouse 38
2月 14, 2026 4:27:17 上午 spec.jbb.JBBmain DoARun -> 信息:   started user thread for Warehouse 39
2月 14, 2026 4:27:17 上午 spec.jbb.JBBmain DoARun -> 信息:   started user thread for Warehouse 40
2月 14, 2026 4:27:17 上午 spec.jbb.JBBmain DoARun -> 信息:   started user thread for Warehouse 41
2月 14, 2026 4:27:17 上午 spec.jbb.JBBmain DoARun -> 信息:   started user thread for Warehouse 42
2月 14, 2026 4:27:17 上午 spec.jbb.JBBmain DoARun -> 信息:   started user thread for Warehouse 43
2月 14, 2026 4:27:17 上午 spec.jbb.JBBmain DoARun -> 信息:   started user thread for Warehouse 44
2月 14, 2026 4:27:17 上午 spec.jbb.JBBmain DoARun -> 信息:   started user thread for Warehouse 45
2月 14, 2026 4:27:17 上午 spec.jbb.JBBmain DoARun -> 信息:   started user thread for Warehouse 46
2月 14, 2026 4:27:17 上午 spec.jbb.JBBmain DoARun -> 信息:   started user thread for Warehouse 47
2月 14, 2026 4:27:17 上午 spec.jbb.JBBmain DoARun -> 信息:   started user thread for Warehouse 48
2月 14, 2026 4:27:17 上午 spec.jbb.JBBmain DoARun -> 信息:   started user thread for Warehouse 49
2月 14, 2026 4:27:17 上午 spec.jbb.JBBmain DoARun -> 信息:   started user thread for Warehouse 50
2月 14, 2026 4:27:17 上午 spec.jbb.JBBmain DoARun -> 信息:   started user thread for Warehouse 51
2月 14, 2026 4:27:17 上午 spec.jbb.JBBmain DoARun -> 信息:   started user thread for Warehouse 52
2月 14, 2026 4:27:17 上午 spec.jbb.JBBmain DoARun -> 信息:   started user thread for Warehouse 53
2月 14, 2026 4:27:17 上午 spec.jbb.JBBmain DoARun -> 信息:   started user thread for Warehouse 54
2月 14, 2026 4:27:17 上午 spec.jbb.JBBmain DoARun -> 信息:   started user thread for Warehouse 55
2月 14, 2026 4:27:17 上午 spec.jbb.JBBmain DoARun -> 信息:   started user thread for Warehouse 56
2月 14, 2026 4:27:17 上午 spec.jbb.JBBmain DoARun -> 信息:   started user thread for Warehouse 57
2月 14, 2026 4:27:17 上午 spec.jbb.JBBmain DoARun -> 信息:   started user thread for Warehouse 58
2月 14, 2026 4:27:17 上午 spec.jbb.JBBmain DoARun -> 信息:   started user thread for Warehouse 59
2月 14, 2026 4:27:17 上午 spec.jbb.JBBmain DoARun -> 信息:   started user thread for Warehouse 60
2月 14, 2026 4:27:17 上午 spec.jbb.JBBmain DoARun -> 信息:   started user thread for Warehouse 61
2月 14, 2026 4:27:17 上午 spec.jbb.JBBmain DoARun -> 信息:   started user thread for Warehouse 62
2月 14, 2026 4:27:17 上午 spec.jbb.JBBmain DoARun -> 信息:   started user thread for Warehouse 63
2月 14, 2026 4:27:17 上午 spec.jbb.JBBmain DoARun -> 信息:   started user thread for Warehouse 64
2月 14, 2026 4:27:17 上午 spec.jbb.JBBmain DoARun -> 信息:   started user thread for Warehouse 65
2月 14, 2026 4:27:17 上午 spec.jbb.JBBmain DoARun -> 信息:   started user thread for Warehouse 66
2月 14, 2026 4:27:17 上午 spec.jbb.JBBmain DoARun -> 信息:   started user thread for Warehouse 67
2月 14, 2026 4:27:17 上午 spec.jbb.JBBmain DoARun -> 信息:   started user thread for Warehouse 68
2月 14, 2026 4:27:17 上午 spec.jbb.JBBmain DoARun -> 信息:   started user thread for Warehouse 69
2月 14, 2026 4:27:17 上午 spec.jbb.JBBmain DoARun -> 信息:   started user thread for Warehouse 70
2月 14, 2026 4:27:17 上午 spec.jbb.JBBmain DoARun -> 信息:   started user thread for Warehouse 71
2月 14, 2026 4:27:17 上午 spec.jbb.JBBmain DoARun -> 信息:   started user thread for Warehouse 72
2月 14, 2026 4:27:17 上午 spec.jbb.JBBmain DoARun -> 信息:   started user thread for Warehouse 73
2月 14, 2026 4:27:17 上午 spec.jbb.JBBmain DoARun -> 信息:   started user thread for Warehouse 74
2月 14, 2026 4:27:17 上午 spec.jbb.JBBmain DoARun -> 信息:   started user thread for Warehouse 75
2月 14, 2026 4:27:17 上午 spec.jbb.JBBmain DoARun -> 信息:   started user thread for Warehouse 76
2月 14, 2026 4:27:17 上午 spec.jbb.JBBmain DoARun -> 信息:   started user thread for Warehouse 77
2月 14, 2026 4:27:17 上午 spec.jbb.JBBmain DoARun -> 信息:   started user thread for Warehouse 78
2月 14, 2026 4:27:17 上午 spec.jbb.JBBmain DoARun -> 信息:   started user thread for Warehouse 79
2月 14, 2026 4:27:17 上午 spec.jbb.JBBmain DoARun -> 信息:   started user thread for Warehouse 80
2月 14, 2026 4:27:17 上午 spec.jbb.JBBmain DoARun -> 信息:   started user thread for Warehouse 81
2月 14, 2026 4:27:17 上午 spec.jbb.JBBmain DoARun -> 信息:   started user thread for Warehouse 82
2月 14, 2026 4:27:17 上午 spec.jbb.JBBmain DoARun -> 信息:   started user thread for Warehouse 83
2月 14, 2026 4:27:17 上午 spec.jbb.JBBmain DoARun -> 信息:   started user thread for Warehouse 84
2月 14, 2026 4:27:17 上午 spec.jbb.JBBmain DoARun -> 信息:   started user thread for Warehouse 85
2月 14, 2026 4:27:17 上午 spec.jbb.JBBmain DoARun -> 信息:   started user thread for Warehouse 86
2月 14, 2026 4:27:17 上午 spec.jbb.JBBmain DoARun -> 信息:   started user thread for Warehouse 87
2月 14, 2026 4:27:17 上午 spec.jbb.JBBmain DoARun -> 信息:   started user thread for Warehouse 88
2月 14, 2026 4:27:17 上午 spec.jbb.JBBmain DoARun -> 信息:   started user thread for Warehouse 89
2月 14, 2026 4:27:17 上午 spec.jbb.JBBmain DoARun -> 信息:   started user thread for Warehouse 90
2月 14, 2026 4:27:17 上午 spec.jbb.JBBmain DoARun -> 信息:   started user thread for Warehouse 91
2月 14, 2026 4:27:17 上午 spec.jbb.JBBmain DoARun -> 信息:   started user thread for Warehouse 92
2月 14, 2026 4:27:17 上午 spec.jbb.JBBmain DoARun -> 信息:   started user thread for Warehouse 93
2月 14, 2026 4:27:17 上午 spec.jbb.JBBmain DoARun -> 信息:   started user thread for Warehouse 94
2月 14, 2026 4:27:17 上午 spec.jbb.JBBmain DoARun -> 信息:   started user thread for Warehouse 95
2月 14, 2026 4:27:17 上午 spec.jbb.JBBmain DoARun -> 信息:   started user thread for Warehouse 96
2月 14, 2026 4:27:17 上午 spec.jbb.JBBmain DoARun -> 信息:   started user thread for Warehouse 97
2月 14, 2026 4:27:17 上午 spec.jbb.JBBmain DoARun -> 信息:   started user thread for Warehouse 98
2月 14, 2026 4:27:17 上午 spec.jbb.JBBmain DoARun -> 信息:   started user thread for Warehouse 99
2月 14, 2026 4:27:17 上午 spec.jbb.JBBmain DoARun -> 信息:   started user thread for Warehouse 100
2月 14, 2026 4:27:17 上午 spec.jbb.JBBmain DoARun -> 信息:   started user thread for Warehouse 101
2月 14, 2026 4:27:17 上午 spec.jbb.JBBmain DoARun -> 信息:   started user thread for Warehouse 102
2月 14, 2026 4:27:17 上午 spec.jbb.JBBmain DoARun -> 信息:   started user thread for Warehouse 103
2月 14, 2026 4:27:17 上午 spec.jbb.JBBmain DoARun -> 信息:   started user thread for Warehouse 104
2月 14, 2026 4:27:17 上午 spec.jbb.JBBmain DoARun -> 信息:   started user thread for Warehouse 105
2月 14, 2026 4:27:17 上午 spec.jbb.JBBmain DoARun -> 信息:   started user thread for Warehouse 106
2月 14, 2026 4:27:17 上午 spec.jbb.JBBmain DoARun -> 信息:   started user thread for Warehouse 107
2月 14, 2026 4:27:17 上午 spec.jbb.JBBmain DoARun -> 信息:   started user thread for Warehouse 108
2月 14, 2026 4:27:17 上午 spec.jbb.JBBmain DoARun -> 信息:   started user thread for Warehouse 109
2月 14, 2026 4:27:17 上午 spec.jbb.JBBmain DoARun -> 信息:   started user thread for Warehouse 110
2月 14, 2026 4:27:17 上午 spec.jbb.JBBmain DoARun -> 信息:   started user thread for Warehouse 111
2月 14, 2026 4:27:17 上午 spec.jbb.JBBmain DoARun -> 信息:   started user thread for Warehouse 112
2月 14, 2026 4:27:17 上午 spec.jbb.Company displayResultTotals -> 信息: Timing Measurement began Sat Feb 14 04:27:17 CST 2026 for 4 minutes
2月 14, 2026 4:31:17 上午 spec.jbb.Company displayResultTotals -> 信息: Timing Measurement ended Sat Feb 14 04:31:17 CST 2026
2月 14, 2026 4:31:18 上午 spec.jbb.Company primeWithDummyData -> 信息: Loading Warehouse 113...
2月 14, 2026 4:31:18 上午 spec.jbb.JBBmain DoARun -> 信息: Start User Threads
2月 14, 2026 4:31:18 上午 spec.jbb.JBBmain DoARun -> 信息:   started user thread for Warehouse 1
2月 14, 2026 4:31:18 上午 spec.jbb.JBBmain DoARun -> 信息:   started user thread for Warehouse 2
2月 14, 2026 4:31:18 上午 spec.jbb.JBBmain DoARun -> 信息:   started user thread for Warehouse 3
2月 14, 2026 4:31:18 上午 spec.jbb.JBBmain DoARun -> 信息:   started user thread for Warehouse 4
2月 14, 2026 4:31:18 上午 spec.jbb.JBBmain DoARun -> 信息:   started user thread for Warehouse 5
2月 14, 2026 4:31:18 上午 spec.jbb.JBBmain DoARun -> 信息:   started user thread for Warehouse 6
2月 14, 2026 4:31:18 上午 spec.jbb.JBBmain DoARun -> 信息:   started user thread for Warehouse 7
2月 14, 2026 4:31:18 上午 spec.jbb.JBBmain DoARun -> 信息:   started user thread for Warehouse 8
2月 14, 2026 4:31:18 上午 spec.jbb.JBBmain DoARun -> 信息:   started user thread for Warehouse 9
2月 14, 2026 4:31:18 上午 spec.jbb.JBBmain DoARun -> 信息:   started user thread for Warehouse 10
2月 14, 2026 4:31:18 上午 spec.jbb.JBBmain DoARun -> 信息:   started user thread for Warehouse 11
2月 14, 2026 4:31:18 上午 spec.jbb.JBBmain DoARun -> 信息:   started user thread for Warehouse 12
2月 14, 2026 4:31:18 上午 spec.jbb.JBBmain DoARun -> 信息:   started user thread for Warehouse 13
2月 14, 2026 4:31:18 上午 spec.jbb.JBBmain DoARun -> 信息:   started user thread for Warehouse 14
2月 14, 2026 4:31:18 上午 spec.jbb.JBBmain DoARun -> 信息:   started user thread for Warehouse 15
2月 14, 2026 4:31:18 上午 spec.jbb.JBBmain DoARun -> 信息:   started user thread for Warehouse 16
2月 14, 2026 4:31:18 上午 spec.jbb.JBBmain DoARun -> 信息:   started user thread for Warehouse 17
2月 14, 2026 4:31:18 上午 spec.jbb.JBBmain DoARun -> 信息:   started user thread for Warehouse 18
2月 14, 2026 4:31:18 上午 spec.jbb.JBBmain DoARun -> 信息:   started user thread for Warehouse 19
2月 14, 2026 4:31:18 上午 spec.jbb.JBBmain DoARun -> 信息:   started user thread for Warehouse 20
2月 14, 2026 4:31:18 上午 spec.jbb.JBBmain DoARun -> 信息:   started user thread for Warehouse 21
2月 14, 2026 4:31:18 上午 spec.jbb.JBBmain DoARun -> 信息:   started user thread for Warehouse 22
2月 14, 2026 4:31:18 上午 spec.jbb.JBBmain DoARun -> 信息:   started user thread for Warehouse 23
2月 14, 2026 4:31:18 上午 spec.jbb.JBBmain DoARun -> 信息:   started user thread for Warehouse 24
2月 14, 2026 4:31:18 上午 spec.jbb.JBBmain DoARun -> 信息:   started user thread for Warehouse 25
2月 14, 2026 4:31:18 上午 spec.jbb.JBBmain DoARun -> 信息:   started user thread for Warehouse 26
2月 14, 2026 4:31:18 上午 spec.jbb.JBBmain DoARun -> 信息:   started user thread for Warehouse 27
2月 14, 2026 4:31:18 上午 spec.jbb.JBBmain DoARun -> 信息:   started user thread for Warehouse 28
2月 14, 2026 4:31:18 上午 spec.jbb.JBBmain DoARun -> 信息:   started user thread for Warehouse 29
2月 14, 2026 4:31:18 上午 spec.jbb.JBBmain DoARun -> 信息:   started user thread for Warehouse 30
2月 14, 2026 4:31:18 上午 spec.jbb.JBBmain DoARun -> 信息:   started user thread for Warehouse 31
2月 14, 2026 4:31:18 上午 spec.jbb.JBBmain DoARun -> 信息:   started user thread for Warehouse 32
2月 14, 2026 4:31:18 上午 spec.jbb.JBBmain DoARun -> 信息:   started user thread for Warehouse 33
2月 14, 2026 4:31:18 上午 spec.jbb.JBBmain DoARun -> 信息:   started user thread for Warehouse 34
2月 14, 2026 4:31:18 上午 spec.jbb.JBBmain DoARun -> 信息:   started user thread for Warehouse 35
2月 14, 2026 4:31:18 上午 spec.jbb.JBBmain DoARun -> 信息:   started user thread for Warehouse 36
2月 14, 2026 4:31:18 上午 spec.jbb.JBBmain DoARun -> 信息:   started user thread for Warehouse 37
2月 14, 2026 4:31:18 上午 spec.jbb.JBBmain DoARun -> 信息:   started user thread for Warehouse 38
2月 14, 2026 4:31:18 上午 spec.jbb.JBBmain DoARun -> 信息:   started user thread for Warehouse 39
2月 14, 2026 4:31:18 上午 spec.jbb.JBBmain DoARun -> 信息:   started user thread for Warehouse 40
2月 14, 2026 4:31:18 上午 spec.jbb.JBBmain DoARun -> 信息:   started user thread for Warehouse 41
2月 14, 2026 4:31:18 上午 spec.jbb.JBBmain DoARun -> 信息:   started user thread for Warehouse 42
2月 14, 2026 4:31:18 上午 spec.jbb.JBBmain DoARun -> 信息:   started user thread for Warehouse 43
2月 14, 2026 4:31:18 上午 spec.jbb.JBBmain DoARun -> 信息:   started user thread for Warehouse 44
2月 14, 2026 4:31:18 上午 spec.jbb.JBBmain DoARun -> 信息:   started user thread for Warehouse 45
2月 14, 2026 4:31:18 上午 spec.jbb.JBBmain DoARun -> 信息:   started user thread for Warehouse 46
2月 14, 2026 4:31:18 上午 spec.jbb.JBBmain DoARun -> 信息:   started user thread for Warehouse 47
2月 14, 2026 4:31:18 上午 spec.jbb.JBBmain DoARun -> 信息:   started user thread for Warehouse 48
2月 14, 2026 4:31:18 上午 spec.jbb.JBBmain DoARun -> 信息:   started user thread for Warehouse 49
2月 14, 2026 4:31:18 上午 spec.jbb.JBBmain DoARun -> 信息:   started user thread for Warehouse 50
2月 14, 2026 4:31:18 上午 spec.jbb.JBBmain DoARun -> 信息:   started user thread for Warehouse 51
2月 14, 2026 4:31:18 上午 spec.jbb.JBBmain DoARun -> 信息:   started user thread for Warehouse 52
2月 14, 2026 4:31:18 上午 spec.jbb.JBBmain DoARun -> 信息:   started user thread for Warehouse 53
2月 14, 2026 4:31:18 上午 spec.jbb.JBBmain DoARun -> 信息:   started user thread for Warehouse 54
2月 14, 2026 4:31:18 上午 spec.jbb.JBBmain DoARun -> 信息:   started user thread for Warehouse 55
2月 14, 2026 4:31:18 上午 spec.jbb.JBBmain DoARun -> 信息:   started user thread for Warehouse 56
2月 14, 2026 4:31:18 上午 spec.jbb.JBBmain DoARun -> 信息:   started user thread for Warehouse 57
2月 14, 2026 4:31:18 上午 spec.jbb.JBBmain DoARun -> 信息:   started user thread for Warehouse 58
2月 14, 2026 4:31:18 上午 spec.jbb.JBBmain DoARun -> 信息:   started user thread for Warehouse 59
2月 14, 2026 4:31:18 上午 spec.jbb.JBBmain DoARun -> 信息:   started user thread for Warehouse 60
2月 14, 2026 4:31:18 上午 spec.jbb.JBBmain DoARun -> 信息:   started user thread for Warehouse 61
2月 14, 2026 4:31:18 上午 spec.jbb.JBBmain DoARun -> 信息:   started user thread for Warehouse 62
2月 14, 2026 4:31:18 上午 spec.jbb.JBBmain DoARun -> 信息:   started user thread for Warehouse 63
2月 14, 2026 4:31:18 上午 spec.jbb.JBBmain DoARun -> 信息:   started user thread for Warehouse 64
2月 14, 2026 4:31:18 上午 spec.jbb.JBBmain DoARun -> 信息:   started user thread for Warehouse 65
2月 14, 2026 4:31:18 上午 spec.jbb.JBBmain DoARun -> 信息:   started user thread for Warehouse 66
2月 14, 2026 4:31:18 上午 spec.jbb.JBBmain DoARun -> 信息:   started user thread for Warehouse 67
2月 14, 2026 4:31:18 上午 spec.jbb.JBBmain DoARun -> 信息:   started user thread for Warehouse 68
2月 14, 2026 4:31:18 上午 spec.jbb.JBBmain DoARun -> 信息:   started user thread for Warehouse 69
2月 14, 2026 4:31:18 上午 spec.jbb.JBBmain DoARun -> 信息:   started user thread for Warehouse 70
2月 14, 2026 4:31:18 上午 spec.jbb.JBBmain DoARun -> 信息:   started user thread for Warehouse 71
2月 14, 2026 4:31:18 上午 spec.jbb.JBBmain DoARun -> 信息:   started user thread for Warehouse 72
2月 14, 2026 4:31:18 上午 spec.jbb.JBBmain DoARun -> 信息:   started user thread for Warehouse 73
2月 14, 2026 4:31:18 上午 spec.jbb.JBBmain DoARun -> 信息:   started user thread for Warehouse 74
2月 14, 2026 4:31:18 上午 spec.jbb.JBBmain DoARun -> 信息:   started user thread for Warehouse 75
2月 14, 2026 4:31:18 上午 spec.jbb.JBBmain DoARun -> 信息:   started user thread for Warehouse 76
2月 14, 2026 4:31:18 上午 spec.jbb.JBBmain DoARun -> 信息:   started user thread for Warehouse 77
2月 14, 2026 4:31:18 上午 spec.jbb.JBBmain DoARun -> 信息:   started user thread for Warehouse 78
2月 14, 2026 4:31:18 上午 spec.jbb.JBBmain DoARun -> 信息:   started user thread for Warehouse 79
2月 14, 2026 4:31:18 上午 spec.jbb.JBBmain DoARun -> 信息:   started user thread for Warehouse 80
2月 14, 2026 4:31:18 上午 spec.jbb.JBBmain DoARun -> 信息:   started user thread for Warehouse 81
2月 14, 2026 4:31:18 上午 spec.jbb.JBBmain DoARun -> 信息:   started user thread for Warehouse 82
2月 14, 2026 4:31:18 上午 spec.jbb.JBBmain DoARun -> 信息:   started user thread for Warehouse 83
2月 14, 2026 4:31:18 上午 spec.jbb.JBBmain DoARun -> 信息:   started user thread for Warehouse 84
2月 14, 2026 4:31:18 上午 spec.jbb.JBBmain DoARun -> 信息:   started user thread for Warehouse 85
2月 14, 2026 4:31:18 上午 spec.jbb.JBBmain DoARun -> 信息:   started user thread for Warehouse 86
2月 14, 2026 4:31:18 上午 spec.jbb.JBBmain DoARun -> 信息:   started user thread for Warehouse 87
2月 14, 2026 4:31:18 上午 spec.jbb.JBBmain DoARun -> 信息:   started user thread for Warehouse 88
2月 14, 2026 4:31:18 上午 spec.jbb.JBBmain DoARun -> 信息:   started user thread for Warehouse 89
2月 14, 2026 4:31:18 上午 spec.jbb.JBBmain DoARun -> 信息:   started user thread for Warehouse 90
2月 14, 2026 4:31:18 上午 spec.jbb.JBBmain DoARun -> 信息:   started user thread for Warehouse 91
2月 14, 2026 4:31:18 上午 spec.jbb.JBBmain DoARun -> 信息:   started user thread for Warehouse 92
2月 14, 2026 4:31:18 上午 spec.jbb.JBBmain DoARun -> 信息:   started user thread for Warehouse 93
2月 14, 2026 4:31:18 上午 spec.jbb.JBBmain DoARun -> 信息:   started user thread for Warehouse 94
2月 14, 2026 4:31:18 上午 spec.jbb.JBBmain DoARun -> 信息:   started user thread for Warehouse 95
2月 14, 2026 4:31:18 上午 spec.jbb.JBBmain DoARun -> 信息:   started user thread for Warehouse 96
2月 14, 2026 4:31:18 上午 spec.jbb.JBBmain DoARun -> 信息:   started user thread for Warehouse 97
2月 14, 2026 4:31:18 上午 spec.jbb.JBBmain DoARun -> 信息:   started user thread for Warehouse 98
2月 14, 2026 4:31:18 上午 spec.jbb.JBBmain DoARun -> 信息:   started user thread for Warehouse 99
2月 14, 2026 4:31:18 上午 spec.jbb.JBBmain DoARun -> 信息:   started user thread for Warehouse 100
2月 14, 2026 4:31:18 上午 spec.jbb.JBBmain DoARun -> 信息:   started user thread for Warehouse 101
2月 14, 2026 4:31:18 上午 spec.jbb.JBBmain DoARun -> 信息:   started user thread for Warehouse 102
2月 14, 2026 4:31:18 上午 spec.jbb.JBBmain DoARun -> 信息:   started user thread for Warehouse 103
2月 14, 2026 4:31:18 上午 spec.jbb.JBBmain DoARun -> 信息:   started user thread for Warehouse 104
2月 14, 2026 4:31:18 上午 spec.jbb.JBBmain DoARun -> 信息:   started user thread for Warehouse 105
2月 14, 2026 4:31:18 上午 spec.jbb.JBBmain DoARun -> 信息:   started user thread for Warehouse 106
2月 14, 2026 4:31:18 上午 spec.jbb.JBBmain DoARun -> 信息:   started user thread for Warehouse 107
2月 14, 2026 4:31:18 上午 spec.jbb.JBBmain DoARun -> 信息:   started user thread for Warehouse 108
2月 14, 2026 4:31:18 上午 spec.jbb.JBBmain DoARun -> 信息:   started user thread for Warehouse 109
2月 14, 2026 4:31:18 上午 spec.jbb.JBBmain DoARun -> 信息:   started user thread for Warehouse 110
2月 14, 2026 4:31:18 上午 spec.jbb.JBBmain DoARun -> 信息:   started user thread for Warehouse 111
2月 14, 2026 4:31:18 上午 spec.jbb.JBBmain DoARun -> 信息:   started user thread for Warehouse 112
2月 14, 2026 4:31:18 上午 spec.jbb.JBBmain DoARun -> 信息:   started user thread for Warehouse 113
2月 14, 2026 4:31:18 上午 spec.jbb.Company displayResultTotals -> 信息: Timing Measurement began Sat Feb 14 04:31:18 CST 2026 for 4 minutes
2月 14, 2026 4:35:18 上午 spec.jbb.Company displayResultTotals -> 信息: Timing Measurement ended Sat Feb 14 04:35:18 CST 2026
2月 14, 2026 4:35:18 上午 spec.jbb.Company primeWithDummyData -> 信息: Loading Warehouse 114...
2月 14, 2026 4:35:18 上午 spec.jbb.JBBmain DoARun -> 信息: Start User Threads
2月 14, 2026 4:35:18 上午 spec.jbb.JBBmain DoARun -> 信息:   started user thread for Warehouse 1
2月 14, 2026 4:35:18 上午 spec.jbb.JBBmain DoARun -> 信息:   started user thread for Warehouse 2
2月 14, 2026 4:35:18 上午 spec.jbb.JBBmain DoARun -> 信息:   started user thread for Warehouse 3
2月 14, 2026 4:35:18 上午 spec.jbb.JBBmain DoARun -> 信息:   started user thread for Warehouse 4
2月 14, 2026 4:35:18 上午 spec.jbb.JBBmain DoARun -> 信息:   started user thread for Warehouse 5
2月 14, 2026 4:35:18 上午 spec.jbb.JBBmain DoARun -> 信息:   started user thread for Warehouse 6
2月 14, 2026 4:35:18 上午 spec.jbb.JBBmain DoARun -> 信息:   started user thread for Warehouse 7
2月 14, 2026 4:35:18 上午 spec.jbb.JBBmain DoARun -> 信息:   started user thread for Warehouse 8
2月 14, 2026 4:35:18 上午 spec.jbb.JBBmain DoARun -> 信息:   started user thread for Warehouse 9
2月 14, 2026 4:35:18 上午 spec.jbb.JBBmain DoARun -> 信息:   started user thread for Warehouse 10
2月 14, 2026 4:35:18 上午 spec.jbb.JBBmain DoARun -> 信息:   started user thread for Warehouse 11
2月 14, 2026 4:35:18 上午 spec.jbb.JBBmain DoARun -> 信息:   started user thread for Warehouse 12
2月 14, 2026 4:35:18 上午 spec.jbb.JBBmain DoARun -> 信息:   started user thread for Warehouse 13
2月 14, 2026 4:35:18 上午 spec.jbb.JBBmain DoARun -> 信息:   started user thread for Warehouse 14
2月 14, 2026 4:35:18 上午 spec.jbb.JBBmain DoARun -> 信息:   started user thread for Warehouse 15
2月 14, 2026 4:35:18 上午 spec.jbb.JBBmain DoARun -> 信息:   started user thread for Warehouse 16
2月 14, 2026 4:35:18 上午 spec.jbb.JBBmain DoARun -> 信息:   started user thread for Warehouse 17
2月 14, 2026 4:35:18 上午 spec.jbb.JBBmain DoARun -> 信息:   started user thread for Warehouse 18
2月 14, 2026 4:35:18 上午 spec.jbb.JBBmain DoARun -> 信息:   started user thread for Warehouse 19
2月 14, 2026 4:35:18 上午 spec.jbb.JBBmain DoARun -> 信息:   started user thread for Warehouse 20
2月 14, 2026 4:35:18 上午 spec.jbb.JBBmain DoARun -> 信息:   started user thread for Warehouse 21
2月 14, 2026 4:35:18 上午 spec.jbb.JBBmain DoARun -> 信息:   started user thread for Warehouse 22
2月 14, 2026 4:35:18 上午 spec.jbb.JBBmain DoARun -> 信息:   started user thread for Warehouse 23
2月 14, 2026 4:35:18 上午 spec.jbb.JBBmain DoARun -> 信息:   started user thread for Warehouse 24
2月 14, 2026 4:35:18 上午 spec.jbb.JBBmain DoARun -> 信息:   started user thread for Warehouse 25
2月 14, 2026 4:35:18 上午 spec.jbb.JBBmain DoARun -> 信息:   started user thread for Warehouse 26
2月 14, 2026 4:35:18 上午 spec.jbb.JBBmain DoARun -> 信息:   started user thread for Warehouse 27
2月 14, 2026 4:35:18 上午 spec.jbb.JBBmain DoARun -> 信息:   started user thread for Warehouse 28
2月 14, 2026 4:35:18 上午 spec.jbb.JBBmain DoARun -> 信息:   started user thread for Warehouse 29
2月 14, 2026 4:35:18 上午 spec.jbb.JBBmain DoARun -> 信息:   started user thread for Warehouse 30
2月 14, 2026 4:35:18 上午 spec.jbb.JBBmain DoARun -> 信息:   started user thread for Warehouse 31
2月 14, 2026 4:35:18 上午 spec.jbb.JBBmain DoARun -> 信息:   started user thread for Warehouse 32
2月 14, 2026 4:35:18 上午 spec.jbb.JBBmain DoARun -> 信息:   started user thread for Warehouse 33
2月 14, 2026 4:35:18 上午 spec.jbb.JBBmain DoARun -> 信息:   started user thread for Warehouse 34
2月 14, 2026 4:35:18 上午 spec.jbb.JBBmain DoARun -> 信息:   started user thread for Warehouse 35
2月 14, 2026 4:35:18 上午 spec.jbb.JBBmain DoARun -> 信息:   started user thread for Warehouse 36
2月 14, 2026 4:35:18 上午 spec.jbb.JBBmain DoARun -> 信息:   started user thread for Warehouse 37
2月 14, 2026 4:35:18 上午 spec.jbb.JBBmain DoARun -> 信息:   started user thread for Warehouse 38
2月 14, 2026 4:35:18 上午 spec.jbb.JBBmain DoARun -> 信息:   started user thread for Warehouse 39
2月 14, 2026 4:35:18 上午 spec.jbb.JBBmain DoARun -> 信息:   started user thread for Warehouse 40
2月 14, 2026 4:35:18 上午 spec.jbb.JBBmain DoARun -> 信息:   started user thread for Warehouse 41
2月 14, 2026 4:35:18 上午 spec.jbb.JBBmain DoARun -> 信息:   started user thread for Warehouse 42
2月 14, 2026 4:35:18 上午 spec.jbb.JBBmain DoARun -> 信息:   started user thread for Warehouse 43
2月 14, 2026 4:35:18 上午 spec.jbb.JBBmain DoARun -> 信息:   started user thread for Warehouse 44
2月 14, 2026 4:35:18 上午 spec.jbb.JBBmain DoARun -> 信息:   started user thread for Warehouse 45
2月 14, 2026 4:35:18 上午 spec.jbb.JBBmain DoARun -> 信息:   started user thread for Warehouse 46
2月 14, 2026 4:35:18 上午 spec.jbb.JBBmain DoARun -> 信息:   started user thread for Warehouse 47
2月 14, 2026 4:35:18 上午 spec.jbb.JBBmain DoARun -> 信息:   started user thread for Warehouse 48
2月 14, 2026 4:35:18 上午 spec.jbb.JBBmain DoARun -> 信息:   started user thread for Warehouse 49
2月 14, 2026 4:35:18 上午 spec.jbb.JBBmain DoARun -> 信息:   started user thread for Warehouse 50
2月 14, 2026 4:35:18 上午 spec.jbb.JBBmain DoARun -> 信息:   started user thread for Warehouse 51
2月 14, 2026 4:35:18 上午 spec.jbb.JBBmain DoARun -> 信息:   started user thread for Warehouse 52
2月 14, 2026 4:35:18 上午 spec.jbb.JBBmain DoARun -> 信息:   started user thread for Warehouse 53
2月 14, 2026 4:35:18 上午 spec.jbb.JBBmain DoARun -> 信息:   started user thread for Warehouse 54
2月 14, 2026 4:35:18 上午 spec.jbb.JBBmain DoARun -> 信息:   started user thread for Warehouse 55
2月 14, 2026 4:35:18 上午 spec.jbb.JBBmain DoARun -> 信息:   started user thread for Warehouse 56
2月 14, 2026 4:35:18 上午 spec.jbb.JBBmain DoARun -> 信息:   started user thread for Warehouse 57
2月 14, 2026 4:35:18 上午 spec.jbb.JBBmain DoARun -> 信息:   started user thread for Warehouse 58
2月 14, 2026 4:35:18 上午 spec.jbb.JBBmain DoARun -> 信息:   started user thread for Warehouse 59
2月 14, 2026 4:35:18 上午 spec.jbb.JBBmain DoARun -> 信息:   started user thread for Warehouse 60
2月 14, 2026 4:35:18 上午 spec.jbb.JBBmain DoARun -> 信息:   started user thread for Warehouse 61
2月 14, 2026 4:35:18 上午 spec.jbb.JBBmain DoARun -> 信息:   started user thread for Warehouse 62
2月 14, 2026 4:35:18 上午 spec.jbb.JBBmain DoARun -> 信息:   started user thread for Warehouse 63
2月 14, 2026 4:35:18 上午 spec.jbb.JBBmain DoARun -> 信息:   started user thread for Warehouse 64
2月 14, 2026 4:35:18 上午 spec.jbb.JBBmain DoARun -> 信息:   started user thread for Warehouse 65
2月 14, 2026 4:35:18 上午 spec.jbb.JBBmain DoARun -> 信息:   started user thread for Warehouse 66
2月 14, 2026 4:35:18 上午 spec.jbb.JBBmain DoARun -> 信息:   started user thread for Warehouse 67
2月 14, 2026 4:35:18 上午 spec.jbb.JBBmain DoARun -> 信息:   started user thread for Warehouse 68
2月 14, 2026 4:35:18 上午 spec.jbb.JBBmain DoARun -> 信息:   started user thread for Warehouse 69
2月 14, 2026 4:35:18 上午 spec.jbb.JBBmain DoARun -> 信息:   started user thread for Warehouse 70
2月 14, 2026 4:35:18 上午 spec.jbb.JBBmain DoARun -> 信息:   started user thread for Warehouse 71
2月 14, 2026 4:35:18 上午 spec.jbb.JBBmain DoARun -> 信息:   started user thread for Warehouse 72
2月 14, 2026 4:35:18 上午 spec.jbb.JBBmain DoARun -> 信息:   started user thread for Warehouse 73
2月 14, 2026 4:35:18 上午 spec.jbb.JBBmain DoARun -> 信息:   started user thread for Warehouse 74
2月 14, 2026 4:35:18 上午 spec.jbb.JBBmain DoARun -> 信息:   started user thread for Warehouse 75
2月 14, 2026 4:35:18 上午 spec.jbb.JBBmain DoARun -> 信息:   started user thread for Warehouse 76
2月 14, 2026 4:35:18 上午 spec.jbb.JBBmain DoARun -> 信息:   started user thread for Warehouse 77
2月 14, 2026 4:35:18 上午 spec.jbb.JBBmain DoARun -> 信息:   started user thread for Warehouse 78
2月 14, 2026 4:35:18 上午 spec.jbb.JBBmain DoARun -> 信息:   started user thread for Warehouse 79
2月 14, 2026 4:35:18 上午 spec.jbb.JBBmain DoARun -> 信息:   started user thread for Warehouse 80
2月 14, 2026 4:35:18 上午 spec.jbb.JBBmain DoARun -> 信息:   started user thread for Warehouse 81
2月 14, 2026 4:35:18 上午 spec.jbb.JBBmain DoARun -> 信息:   started user thread for Warehouse 82
2月 14, 2026 4:35:18 上午 spec.jbb.JBBmain DoARun -> 信息:   started user thread for Warehouse 83
2月 14, 2026 4:35:18 上午 spec.jbb.JBBmain DoARun -> 信息:   started user thread for Warehouse 84
2月 14, 2026 4:35:18 上午 spec.jbb.JBBmain DoARun -> 信息:   started user thread for Warehouse 85
2月 14, 2026 4:35:18 上午 spec.jbb.JBBmain DoARun -> 信息:   started user thread for Warehouse 86
2月 14, 2026 4:35:18 上午 spec.jbb.JBBmain DoARun -> 信息:   started user thread for Warehouse 87
2月 14, 2026 4:35:18 上午 spec.jbb.JBBmain DoARun -> 信息:   started user thread for Warehouse 88
2月 14, 2026 4:35:18 上午 spec.jbb.JBBmain DoARun -> 信息:   started user thread for Warehouse 89
2月 14, 2026 4:35:18 上午 spec.jbb.JBBmain DoARun -> 信息:   started user thread for Warehouse 90
2月 14, 2026 4:35:18 上午 spec.jbb.JBBmain DoARun -> 信息:   started user thread for Warehouse 91
2月 14, 2026 4:35:18 上午 spec.jbb.JBBmain DoARun -> 信息:   started user thread for Warehouse 92
2月 14, 2026 4:35:18 上午 spec.jbb.JBBmain DoARun -> 信息:   started user thread for Warehouse 93
2月 14, 2026 4:35:18 上午 spec.jbb.JBBmain DoARun -> 信息:   started user thread for Warehouse 94
2月 14, 2026 4:35:18 上午 spec.jbb.JBBmain DoARun -> 信息:   started user thread for Warehouse 95
2月 14, 2026 4:35:18 上午 spec.jbb.JBBmain DoARun -> 信息:   started user thread for Warehouse 96
2月 14, 2026 4:35:18 上午 spec.jbb.JBBmain DoARun -> 信息:   started user thread for Warehouse 97
2月 14, 2026 4:35:18 上午 spec.jbb.JBBmain DoARun -> 信息:   started user thread for Warehouse 98
2月 14, 2026 4:35:18 上午 spec.jbb.JBBmain DoARun -> 信息:   started user thread for Warehouse 99
2月 14, 2026 4:35:18 上午 spec.jbb.JBBmain DoARun -> 信息:   started user thread for Warehouse 100
2月 14, 2026 4:35:18 上午 spec.jbb.JBBmain DoARun -> 信息:   started user thread for Warehouse 101
2月 14, 2026 4:35:18 上午 spec.jbb.JBBmain DoARun -> 信息:   started user thread for Warehouse 102
2月 14, 2026 4:35:18 上午 spec.jbb.JBBmain DoARun -> 信息:   started user thread for Warehouse 103
2月 14, 2026 4:35:18 上午 spec.jbb.JBBmain DoARun -> 信息:   started user thread for Warehouse 104
2月 14, 2026 4:35:18 上午 spec.jbb.JBBmain DoARun -> 信息:   started user thread for Warehouse 105
2月 14, 2026 4:35:18 上午 spec.jbb.JBBmain DoARun -> 信息:   started user thread for Warehouse 106
2月 14, 2026 4:35:18 上午 spec.jbb.JBBmain DoARun -> 信息:   started user thread for Warehouse 107
2月 14, 2026 4:35:18 上午 spec.jbb.JBBmain DoARun -> 信息:   started user thread for Warehouse 108
2月 14, 2026 4:35:18 上午 spec.jbb.JBBmain DoARun -> 信息:   started user thread for Warehouse 109
2月 14, 2026 4:35:18 上午 spec.jbb.JBBmain DoARun -> 信息:   started user thread for Warehouse 110
2月 14, 2026 4:35:18 上午 spec.jbb.JBBmain DoARun -> 信息:   started user thread for Warehouse 111
2月 14, 2026 4:35:18 上午 spec.jbb.JBBmain DoARun -> 信息:   started user thread for Warehouse 112
2月 14, 2026 4:35:18 上午 spec.jbb.JBBmain DoARun -> 信息:   started user thread for Warehouse 113
2月 14, 2026 4:35:18 上午 spec.jbb.JBBmain DoARun -> 信息:   started user thread for Warehouse 114
2月 14, 2026 4:35:18 上午 spec.jbb.Company displayResultTotals -> 信息: Timing Measurement began Sat Feb 14 04:35:18 CST 2026 for 4 minutes
2月 14, 2026 4:39:18 上午 spec.jbb.Company displayResultTotals -> 信息: Timing Measurement ended Sat Feb 14 04:39:18 CST 2026
2月 14, 2026 4:39:18 上午 spec.jbb.Company primeWithDummyData -> 信息: Loading Warehouse 115...
2月 14, 2026 4:39:18 上午 spec.jbb.JBBmain DoARun -> 信息: Start User Threads
2月 14, 2026 4:39:18 上午 spec.jbb.JBBmain DoARun -> 信息:   started user thread for Warehouse 1
2月 14, 2026 4:39:18 上午 spec.jbb.JBBmain DoARun -> 信息:   started user thread for Warehouse 2
2月 14, 2026 4:39:18 上午 spec.jbb.JBBmain DoARun -> 信息:   started user thread for Warehouse 3
2月 14, 2026 4:39:18 上午 spec.jbb.JBBmain DoARun -> 信息:   started user thread for Warehouse 4
2月 14, 2026 4:39:18 上午 spec.jbb.JBBmain DoARun -> 信息:   started user thread for Warehouse 5
2月 14, 2026 4:39:18 上午 spec.jbb.JBBmain DoARun -> 信息:   started user thread for Warehouse 6
2月 14, 2026 4:39:18 上午 spec.jbb.JBBmain DoARun -> 信息:   started user thread for Warehouse 7
2月 14, 2026 4:39:18 上午 spec.jbb.JBBmain DoARun -> 信息:   started user thread for Warehouse 8
2月 14, 2026 4:39:18 上午 spec.jbb.JBBmain DoARun -> 信息:   started user thread for Warehouse 9
2月 14, 2026 4:39:18 上午 spec.jbb.JBBmain DoARun -> 信息:   started user thread for Warehouse 10
2月 14, 2026 4:39:18 上午 spec.jbb.JBBmain DoARun -> 信息:   started user thread for Warehouse 11
2月 14, 2026 4:39:18 上午 spec.jbb.JBBmain DoARun -> 信息:   started user thread for Warehouse 12
2月 14, 2026 4:39:18 上午 spec.jbb.JBBmain DoARun -> 信息:   started user thread for Warehouse 13
2月 14, 2026 4:39:18 上午 spec.jbb.JBBmain DoARun -> 信息:   started user thread for Warehouse 14
2月 14, 2026 4:39:18 上午 spec.jbb.JBBmain DoARun -> 信息:   started user thread for Warehouse 15
2月 14, 2026 4:39:18 上午 spec.jbb.JBBmain DoARun -> 信息:   started user thread for Warehouse 16
2月 14, 2026 4:39:18 上午 spec.jbb.JBBmain DoARun -> 信息:   started user thread for Warehouse 17
2月 14, 2026 4:39:18 上午 spec.jbb.JBBmain DoARun -> 信息:   started user thread for Warehouse 18
2月 14, 2026 4:39:18 上午 spec.jbb.JBBmain DoARun -> 信息:   started user thread for Warehouse 19
2月 14, 2026 4:39:18 上午 spec.jbb.JBBmain DoARun -> 信息:   started user thread for Warehouse 20
2月 14, 2026 4:39:18 上午 spec.jbb.JBBmain DoARun -> 信息:   started user thread for Warehouse 21
2月 14, 2026 4:39:18 上午 spec.jbb.JBBmain DoARun -> 信息:   started user thread for Warehouse 22
2月 14, 2026 4:39:18 上午 spec.jbb.JBBmain DoARun -> 信息:   started user thread for Warehouse 23
2月 14, 2026 4:39:18 上午 spec.jbb.JBBmain DoARun -> 信息:   started user thread for Warehouse 24
2月 14, 2026 4:39:18 上午 spec.jbb.JBBmain DoARun -> 信息:   started user thread for Warehouse 25
2月 14, 2026 4:39:18 上午 spec.jbb.JBBmain DoARun -> 信息:   started user thread for Warehouse 26
2月 14, 2026 4:39:18 上午 spec.jbb.JBBmain DoARun -> 信息:   started user thread for Warehouse 27
2月 14, 2026 4:39:18 上午 spec.jbb.JBBmain DoARun -> 信息:   started user thread for Warehouse 28
2月 14, 2026 4:39:18 上午 spec.jbb.JBBmain DoARun -> 信息:   started user thread for Warehouse 29
2月 14, 2026 4:39:18 上午 spec.jbb.JBBmain DoARun -> 信息:   started user thread for Warehouse 30
2月 14, 2026 4:39:18 上午 spec.jbb.JBBmain DoARun -> 信息:   started user thread for Warehouse 31
2月 14, 2026 4:39:18 上午 spec.jbb.JBBmain DoARun -> 信息:   started user thread for Warehouse 32
2月 14, 2026 4:39:18 上午 spec.jbb.JBBmain DoARun -> 信息:   started user thread for Warehouse 33
2月 14, 2026 4:39:18 上午 spec.jbb.JBBmain DoARun -> 信息:   started user thread for Warehouse 34
2月 14, 2026 4:39:18 上午 spec.jbb.JBBmain DoARun -> 信息:   started user thread for Warehouse 35
2月 14, 2026 4:39:18 上午 spec.jbb.JBBmain DoARun -> 信息:   started user thread for Warehouse 36
2月 14, 2026 4:39:18 上午 spec.jbb.JBBmain DoARun -> 信息:   started user thread for Warehouse 37
2月 14, 2026 4:39:18 上午 spec.jbb.JBBmain DoARun -> 信息:   started user thread for Warehouse 38
2月 14, 2026 4:39:18 上午 spec.jbb.JBBmain DoARun -> 信息:   started user thread for Warehouse 39
2月 14, 2026 4:39:18 上午 spec.jbb.JBBmain DoARun -> 信息:   started user thread for Warehouse 40
2月 14, 2026 4:39:18 上午 spec.jbb.JBBmain DoARun -> 信息:   started user thread for Warehouse 41
2月 14, 2026 4:39:18 上午 spec.jbb.JBBmain DoARun -> 信息:   started user thread for Warehouse 42
2月 14, 2026 4:39:18 上午 spec.jbb.JBBmain DoARun -> 信息:   started user thread for Warehouse 43
2月 14, 2026 4:39:18 上午 spec.jbb.JBBmain DoARun -> 信息:   started user thread for Warehouse 44
2月 14, 2026 4:39:18 上午 spec.jbb.JBBmain DoARun -> 信息:   started user thread for Warehouse 45
2月 14, 2026 4:39:18 上午 spec.jbb.JBBmain DoARun -> 信息:   started user thread for Warehouse 46
2月 14, 2026 4:39:18 上午 spec.jbb.JBBmain DoARun -> 信息:   started user thread for Warehouse 47
2月 14, 2026 4:39:18 上午 spec.jbb.JBBmain DoARun -> 信息:   started user thread for Warehouse 48
2月 14, 2026 4:39:18 上午 spec.jbb.JBBmain DoARun -> 信息:   started user thread for Warehouse 49
2月 14, 2026 4:39:18 上午 spec.jbb.JBBmain DoARun -> 信息:   started user thread for Warehouse 50
2月 14, 2026 4:39:18 上午 spec.jbb.JBBmain DoARun -> 信息:   started user thread for Warehouse 51
2月 14, 2026 4:39:18 上午 spec.jbb.JBBmain DoARun -> 信息:   started user thread for Warehouse 52
2月 14, 2026 4:39:18 上午 spec.jbb.JBBmain DoARun -> 信息:   started user thread for Warehouse 53
2月 14, 2026 4:39:18 上午 spec.jbb.JBBmain DoARun -> 信息:   started user thread for Warehouse 54
2月 14, 2026 4:39:18 上午 spec.jbb.JBBmain DoARun -> 信息:   started user thread for Warehouse 55
2月 14, 2026 4:39:18 上午 spec.jbb.JBBmain DoARun -> 信息:   started user thread for Warehouse 56
2月 14, 2026 4:39:18 上午 spec.jbb.JBBmain DoARun -> 信息:   started user thread for Warehouse 57
2月 14, 2026 4:39:18 上午 spec.jbb.JBBmain DoARun -> 信息:   started user thread for Warehouse 58
2月 14, 2026 4:39:18 上午 spec.jbb.JBBmain DoARun -> 信息:   started user thread for Warehouse 59
2月 14, 2026 4:39:18 上午 spec.jbb.JBBmain DoARun -> 信息:   started user thread for Warehouse 60
2月 14, 2026 4:39:18 上午 spec.jbb.JBBmain DoARun -> 信息:   started user thread for Warehouse 61
2月 14, 2026 4:39:18 上午 spec.jbb.JBBmain DoARun -> 信息:   started user thread for Warehouse 62
2月 14, 2026 4:39:18 上午 spec.jbb.JBBmain DoARun -> 信息:   started user thread for Warehouse 63
2月 14, 2026 4:39:18 上午 spec.jbb.JBBmain DoARun -> 信息:   started user thread for Warehouse 64
2月 14, 2026 4:39:18 上午 spec.jbb.JBBmain DoARun -> 信息:   started user thread for Warehouse 65
2月 14, 2026 4:39:18 上午 spec.jbb.JBBmain DoARun -> 信息:   started user thread for Warehouse 66
2月 14, 2026 4:39:18 上午 spec.jbb.JBBmain DoARun -> 信息:   started user thread for Warehouse 67
2月 14, 2026 4:39:18 上午 spec.jbb.JBBmain DoARun -> 信息:   started user thread for Warehouse 68
2月 14, 2026 4:39:18 上午 spec.jbb.JBBmain DoARun -> 信息:   started user thread for Warehouse 69
2月 14, 2026 4:39:18 上午 spec.jbb.JBBmain DoARun -> 信息:   started user thread for Warehouse 70
2月 14, 2026 4:39:18 上午 spec.jbb.JBBmain DoARun -> 信息:   started user thread for Warehouse 71
2月 14, 2026 4:39:18 上午 spec.jbb.JBBmain DoARun -> 信息:   started user thread for Warehouse 72
2月 14, 2026 4:39:18 上午 spec.jbb.JBBmain DoARun -> 信息:   started user thread for Warehouse 73
2月 14, 2026 4:39:18 上午 spec.jbb.JBBmain DoARun -> 信息:   started user thread for Warehouse 74
2月 14, 2026 4:39:18 上午 spec.jbb.JBBmain DoARun -> 信息:   started user thread for Warehouse 75
2月 14, 2026 4:39:18 上午 spec.jbb.JBBmain DoARun -> 信息:   started user thread for Warehouse 76
2月 14, 2026 4:39:18 上午 spec.jbb.JBBmain DoARun -> 信息:   started user thread for Warehouse 77
2月 14, 2026 4:39:18 上午 spec.jbb.JBBmain DoARun -> 信息:   started user thread for Warehouse 78
2月 14, 2026 4:39:18 上午 spec.jbb.JBBmain DoARun -> 信息:   started user thread for Warehouse 79
2月 14, 2026 4:39:18 上午 spec.jbb.JBBmain DoARun -> 信息:   started user thread for Warehouse 80
2月 14, 2026 4:39:18 上午 spec.jbb.JBBmain DoARun -> 信息:   started user thread for Warehouse 81
2月 14, 2026 4:39:18 上午 spec.jbb.JBBmain DoARun -> 信息:   started user thread for Warehouse 82
2月 14, 2026 4:39:18 上午 spec.jbb.JBBmain DoARun -> 信息:   started user thread for Warehouse 83
2月 14, 2026 4:39:18 上午 spec.jbb.JBBmain DoARun -> 信息:   started user thread for Warehouse 84
2月 14, 2026 4:39:18 上午 spec.jbb.JBBmain DoARun -> 信息:   started user thread for Warehouse 85
2月 14, 2026 4:39:18 上午 spec.jbb.JBBmain DoARun -> 信息:   started user thread for Warehouse 86
2月 14, 2026 4:39:18 上午 spec.jbb.JBBmain DoARun -> 信息:   started user thread for Warehouse 87
2月 14, 2026 4:39:18 上午 spec.jbb.JBBmain DoARun -> 信息:   started user thread for Warehouse 88
2月 14, 2026 4:39:18 上午 spec.jbb.JBBmain DoARun -> 信息:   started user thread for Warehouse 89
2月 14, 2026 4:39:18 上午 spec.jbb.JBBmain DoARun -> 信息:   started user thread for Warehouse 90
2月 14, 2026 4:39:18 上午 spec.jbb.JBBmain DoARun -> 信息:   started user thread for Warehouse 91
2月 14, 2026 4:39:18 上午 spec.jbb.JBBmain DoARun -> 信息:   started user thread for Warehouse 92
2月 14, 2026 4:39:18 上午 spec.jbb.JBBmain DoARun -> 信息:   started user thread for Warehouse 93
2月 14, 2026 4:39:18 上午 spec.jbb.JBBmain DoARun -> 信息:   started user thread for Warehouse 94
2月 14, 2026 4:39:18 上午 spec.jbb.JBBmain DoARun -> 信息:   started user thread for Warehouse 95
2月 14, 2026 4:39:18 上午 spec.jbb.JBBmain DoARun -> 信息:   started user thread for Warehouse 96
2月 14, 2026 4:39:18 上午 spec.jbb.JBBmain DoARun -> 信息:   started user thread for Warehouse 97
2月 14, 2026 4:39:18 上午 spec.jbb.JBBmain DoARun -> 信息:   started user thread for Warehouse 98
2月 14, 2026 4:39:18 上午 spec.jbb.JBBmain DoARun -> 信息:   started user thread for Warehouse 99
2月 14, 2026 4:39:18 上午 spec.jbb.JBBmain DoARun -> 信息:   started user thread for Warehouse 100
2月 14, 2026 4:39:18 上午 spec.jbb.JBBmain DoARun -> 信息:   started user thread for Warehouse 101
2月 14, 2026 4:39:18 上午 spec.jbb.JBBmain DoARun -> 信息:   started user thread for Warehouse 102
2月 14, 2026 4:39:18 上午 spec.jbb.JBBmain DoARun -> 信息:   started user thread for Warehouse 103
2月 14, 2026 4:39:18 上午 spec.jbb.JBBmain DoARun -> 信息:   started user thread for Warehouse 104
2月 14, 2026 4:39:18 上午 spec.jbb.JBBmain DoARun -> 信息:   started user thread for Warehouse 105
2月 14, 2026 4:39:18 上午 spec.jbb.JBBmain DoARun -> 信息:   started user thread for Warehouse 106
2月 14, 2026 4:39:18 上午 spec.jbb.JBBmain DoARun -> 信息:   started user thread for Warehouse 107
2月 14, 2026 4:39:18 上午 spec.jbb.JBBmain DoARun -> 信息:   started user thread for Warehouse 108
2月 14, 2026 4:39:18 上午 spec.jbb.JBBmain DoARun -> 信息:   started user thread for Warehouse 109
2月 14, 2026 4:39:18 上午 spec.jbb.JBBmain DoARun -> 信息:   started user thread for Warehouse 110
2月 14, 2026 4:39:18 上午 spec.jbb.JBBmain DoARun -> 信息:   started user thread for Warehouse 111
2月 14, 2026 4:39:18 上午 spec.jbb.JBBmain DoARun -> 信息:   started user thread for Warehouse 112
2月 14, 2026 4:39:18 上午 spec.jbb.JBBmain DoARun -> 信息:   started user thread for Warehouse 113
2月 14, 2026 4:39:18 上午 spec.jbb.JBBmain DoARun -> 信息:   started user thread for Warehouse 114
2月 14, 2026 4:39:18 上午 spec.jbb.JBBmain DoARun -> 信息:   started user thread for Warehouse 115
2月 14, 2026 4:39:18 上午 spec.jbb.Company displayResultTotals -> 信息: Timing Measurement began Sat Feb 14 04:39:18 CST 2026 for 4 minutes
2月 14, 2026 4:43:18 上午 spec.jbb.Company displayResultTotals -> 信息: Timing Measurement ended Sat Feb 14 04:43:18 CST 2026
2月 14, 2026 4:43:18 上午 spec.jbb.Company primeWithDummyData -> 信息: Loading Warehouse 116...
2月 14, 2026 4:43:18 上午 spec.jbb.JBBmain DoARun -> 信息: Start User Threads
2月 14, 2026 4:43:18 上午 spec.jbb.JBBmain DoARun -> 信息:   started user thread for Warehouse 1
2月 14, 2026 4:43:18 上午 spec.jbb.JBBmain DoARun -> 信息:   started user thread for Warehouse 2
2月 14, 2026 4:43:18 上午 spec.jbb.JBBmain DoARun -> 信息:   started user thread for Warehouse 3
2月 14, 2026 4:43:18 上午 spec.jbb.JBBmain DoARun -> 信息:   started user thread for Warehouse 4
2月 14, 2026 4:43:18 上午 spec.jbb.JBBmain DoARun -> 信息:   started user thread for Warehouse 5
2月 14, 2026 4:43:18 上午 spec.jbb.JBBmain DoARun -> 信息:   started user thread for Warehouse 6
2月 14, 2026 4:43:18 上午 spec.jbb.JBBmain DoARun -> 信息:   started user thread for Warehouse 7
2月 14, 2026 4:43:18 上午 spec.jbb.JBBmain DoARun -> 信息:   started user thread for Warehouse 8
2月 14, 2026 4:43:18 上午 spec.jbb.JBBmain DoARun -> 信息:   started user thread for Warehouse 9
2月 14, 2026 4:43:18 上午 spec.jbb.JBBmain DoARun -> 信息:   started user thread for Warehouse 10
2月 14, 2026 4:43:18 上午 spec.jbb.JBBmain DoARun -> 信息:   started user thread for Warehouse 11
2月 14, 2026 4:43:18 上午 spec.jbb.JBBmain DoARun -> 信息:   started user thread for Warehouse 12
2月 14, 2026 4:43:18 上午 spec.jbb.JBBmain DoARun -> 信息:   started user thread for Warehouse 13
2月 14, 2026 4:43:18 上午 spec.jbb.JBBmain DoARun -> 信息:   started user thread for Warehouse 14
2月 14, 2026 4:43:18 上午 spec.jbb.JBBmain DoARun -> 信息:   started user thread for Warehouse 15
2月 14, 2026 4:43:18 上午 spec.jbb.JBBmain DoARun -> 信息:   started user thread for Warehouse 16
2月 14, 2026 4:43:18 上午 spec.jbb.JBBmain DoARun -> 信息:   started user thread for Warehouse 17
2月 14, 2026 4:43:18 上午 spec.jbb.JBBmain DoARun -> 信息:   started user thread for Warehouse 18
2月 14, 2026 4:43:18 上午 spec.jbb.JBBmain DoARun -> 信息:   started user thread for Warehouse 19
2月 14, 2026 4:43:18 上午 spec.jbb.JBBmain DoARun -> 信息:   started user thread for Warehouse 20
2月 14, 2026 4:43:18 上午 spec.jbb.JBBmain DoARun -> 信息:   started user thread for Warehouse 21
2月 14, 2026 4:43:18 上午 spec.jbb.JBBmain DoARun -> 信息:   started user thread for Warehouse 22
2月 14, 2026 4:43:18 上午 spec.jbb.JBBmain DoARun -> 信息:   started user thread for Warehouse 23
2月 14, 2026 4:43:18 上午 spec.jbb.JBBmain DoARun -> 信息:   started user thread for Warehouse 24
2月 14, 2026 4:43:18 上午 spec.jbb.JBBmain DoARun -> 信息:   started user thread for Warehouse 25
2月 14, 2026 4:43:18 上午 spec.jbb.JBBmain DoARun -> 信息:   started user thread for Warehouse 26
2月 14, 2026 4:43:18 上午 spec.jbb.JBBmain DoARun -> 信息:   started user thread for Warehouse 27
2月 14, 2026 4:43:18 上午 spec.jbb.JBBmain DoARun -> 信息:   started user thread for Warehouse 28
2月 14, 2026 4:43:18 上午 spec.jbb.JBBmain DoARun -> 信息:   started user thread for Warehouse 29
2月 14, 2026 4:43:18 上午 spec.jbb.JBBmain DoARun -> 信息:   started user thread for Warehouse 30
2月 14, 2026 4:43:18 上午 spec.jbb.JBBmain DoARun -> 信息:   started user thread for Warehouse 31
2月 14, 2026 4:43:18 上午 spec.jbb.JBBmain DoARun -> 信息:   started user thread for Warehouse 32
2月 14, 2026 4:43:18 上午 spec.jbb.JBBmain DoARun -> 信息:   started user thread for Warehouse 33
2月 14, 2026 4:43:18 上午 spec.jbb.JBBmain DoARun -> 信息:   started user thread for Warehouse 34
2月 14, 2026 4:43:18 上午 spec.jbb.JBBmain DoARun -> 信息:   started user thread for Warehouse 35
2月 14, 2026 4:43:18 上午 spec.jbb.JBBmain DoARun -> 信息:   started user thread for Warehouse 36
2月 14, 2026 4:43:18 上午 spec.jbb.JBBmain DoARun -> 信息:   started user thread for Warehouse 37
2月 14, 2026 4:43:18 上午 spec.jbb.JBBmain DoARun -> 信息:   started user thread for Warehouse 38
2月 14, 2026 4:43:18 上午 spec.jbb.JBBmain DoARun -> 信息:   started user thread for Warehouse 39
2月 14, 2026 4:43:18 上午 spec.jbb.JBBmain DoARun -> 信息:   started user thread for Warehouse 40
2月 14, 2026 4:43:18 上午 spec.jbb.JBBmain DoARun -> 信息:   started user thread for Warehouse 41
2月 14, 2026 4:43:18 上午 spec.jbb.JBBmain DoARun -> 信息:   started user thread for Warehouse 42
2月 14, 2026 4:43:18 上午 spec.jbb.JBBmain DoARun -> 信息:   started user thread for Warehouse 43
2月 14, 2026 4:43:18 上午 spec.jbb.JBBmain DoARun -> 信息:   started user thread for Warehouse 44
2月 14, 2026 4:43:18 上午 spec.jbb.JBBmain DoARun -> 信息:   started user thread for Warehouse 45
2月 14, 2026 4:43:18 上午 spec.jbb.JBBmain DoARun -> 信息:   started user thread for Warehouse 46
2月 14, 2026 4:43:18 上午 spec.jbb.JBBmain DoARun -> 信息:   started user thread for Warehouse 47
2月 14, 2026 4:43:18 上午 spec.jbb.JBBmain DoARun -> 信息:   started user thread for Warehouse 48
2月 14, 2026 4:43:18 上午 spec.jbb.JBBmain DoARun -> 信息:   started user thread for Warehouse 49
2月 14, 2026 4:43:18 上午 spec.jbb.JBBmain DoARun -> 信息:   started user thread for Warehouse 50
2月 14, 2026 4:43:18 上午 spec.jbb.JBBmain DoARun -> 信息:   started user thread for Warehouse 51
2月 14, 2026 4:43:18 上午 spec.jbb.JBBmain DoARun -> 信息:   started user thread for Warehouse 52
2月 14, 2026 4:43:18 上午 spec.jbb.JBBmain DoARun -> 信息:   started user thread for Warehouse 53
2月 14, 2026 4:43:18 上午 spec.jbb.JBBmain DoARun -> 信息:   started user thread for Warehouse 54
2月 14, 2026 4:43:18 上午 spec.jbb.JBBmain DoARun -> 信息:   started user thread for Warehouse 55
2月 14, 2026 4:43:18 上午 spec.jbb.JBBmain DoARun -> 信息:   started user thread for Warehouse 56
2月 14, 2026 4:43:18 上午 spec.jbb.JBBmain DoARun -> 信息:   started user thread for Warehouse 57
2月 14, 2026 4:43:18 上午 spec.jbb.JBBmain DoARun -> 信息:   started user thread for Warehouse 58
2月 14, 2026 4:43:18 上午 spec.jbb.JBBmain DoARun -> 信息:   started user thread for Warehouse 59
2月 14, 2026 4:43:18 上午 spec.jbb.JBBmain DoARun -> 信息:   started user thread for Warehouse 60
2月 14, 2026 4:43:18 上午 spec.jbb.JBBmain DoARun -> 信息:   started user thread for Warehouse 61
2月 14, 2026 4:43:18 上午 spec.jbb.JBBmain DoARun -> 信息:   started user thread for Warehouse 62
2月 14, 2026 4:43:18 上午 spec.jbb.JBBmain DoARun -> 信息:   started user thread for Warehouse 63
2月 14, 2026 4:43:18 上午 spec.jbb.JBBmain DoARun -> 信息:   started user thread for Warehouse 64
2月 14, 2026 4:43:18 上午 spec.jbb.JBBmain DoARun -> 信息:   started user thread for Warehouse 65
2月 14, 2026 4:43:18 上午 spec.jbb.JBBmain DoARun -> 信息:   started user thread for Warehouse 66
2月 14, 2026 4:43:18 上午 spec.jbb.JBBmain DoARun -> 信息:   started user thread for Warehouse 67
2月 14, 2026 4:43:18 上午 spec.jbb.JBBmain DoARun -> 信息:   started user thread for Warehouse 68
2月 14, 2026 4:43:18 上午 spec.jbb.JBBmain DoARun -> 信息:   started user thread for Warehouse 69
2月 14, 2026 4:43:18 上午 spec.jbb.JBBmain DoARun -> 信息:   started user thread for Warehouse 70
2月 14, 2026 4:43:18 上午 spec.jbb.JBBmain DoARun -> 信息:   started user thread for Warehouse 71
2月 14, 2026 4:43:18 上午 spec.jbb.JBBmain DoARun -> 信息:   started user thread for Warehouse 72
2月 14, 2026 4:43:18 上午 spec.jbb.JBBmain DoARun -> 信息:   started user thread for Warehouse 73
2月 14, 2026 4:43:18 上午 spec.jbb.JBBmain DoARun -> 信息:   started user thread for Warehouse 74
2月 14, 2026 4:43:18 上午 spec.jbb.JBBmain DoARun -> 信息:   started user thread for Warehouse 75
2月 14, 2026 4:43:18 上午 spec.jbb.JBBmain DoARun -> 信息:   started user thread for Warehouse 76
2月 14, 2026 4:43:18 上午 spec.jbb.JBBmain DoARun -> 信息:   started user thread for Warehouse 77
2月 14, 2026 4:43:18 上午 spec.jbb.JBBmain DoARun -> 信息:   started user thread for Warehouse 78
2月 14, 2026 4:43:18 上午 spec.jbb.JBBmain DoARun -> 信息:   started user thread for Warehouse 79
2月 14, 2026 4:43:18 上午 spec.jbb.JBBmain DoARun -> 信息:   started user thread for Warehouse 80
2月 14, 2026 4:43:18 上午 spec.jbb.JBBmain DoARun -> 信息:   started user thread for Warehouse 81
2月 14, 2026 4:43:18 上午 spec.jbb.JBBmain DoARun -> 信息:   started user thread for Warehouse 82
2月 14, 2026 4:43:18 上午 spec.jbb.JBBmain DoARun -> 信息:   started user thread for Warehouse 83
2月 14, 2026 4:43:18 上午 spec.jbb.JBBmain DoARun -> 信息:   started user thread for Warehouse 84
2月 14, 2026 4:43:18 上午 spec.jbb.JBBmain DoARun -> 信息:   started user thread for Warehouse 85
2月 14, 2026 4:43:18 上午 spec.jbb.JBBmain DoARun -> 信息:   started user thread for Warehouse 86
2月 14, 2026 4:43:18 上午 spec.jbb.JBBmain DoARun -> 信息:   started user thread for Warehouse 87
2月 14, 2026 4:43:18 上午 spec.jbb.JBBmain DoARun -> 信息:   started user thread for Warehouse 88
2月 14, 2026 4:43:18 上午 spec.jbb.JBBmain DoARun -> 信息:   started user thread for Warehouse 89
2月 14, 2026 4:43:18 上午 spec.jbb.JBBmain DoARun -> 信息:   started user thread for Warehouse 90
2月 14, 2026 4:43:18 上午 spec.jbb.JBBmain DoARun -> 信息:   started user thread for Warehouse 91
2月 14, 2026 4:43:18 上午 spec.jbb.JBBmain DoARun -> 信息:   started user thread for Warehouse 92
2月 14, 2026 4:43:18 上午 spec.jbb.JBBmain DoARun -> 信息:   started user thread for Warehouse 93
2月 14, 2026 4:43:18 上午 spec.jbb.JBBmain DoARun -> 信息:   started user thread for Warehouse 94
2月 14, 2026 4:43:18 上午 spec.jbb.JBBmain DoARun -> 信息:   started user thread for Warehouse 95
2月 14, 2026 4:43:18 上午 spec.jbb.JBBmain DoARun -> 信息:   started user thread for Warehouse 96
2月 14, 2026 4:43:18 上午 spec.jbb.JBBmain DoARun -> 信息:   started user thread for Warehouse 97
2月 14, 2026 4:43:18 上午 spec.jbb.JBBmain DoARun -> 信息:   started user thread for Warehouse 98
2月 14, 2026 4:43:18 上午 spec.jbb.JBBmain DoARun -> 信息:   started user thread for Warehouse 99
2月 14, 2026 4:43:18 上午 spec.jbb.JBBmain DoARun -> 信息:   started user thread for Warehouse 100
2月 14, 2026 4:43:18 上午 spec.jbb.JBBmain DoARun -> 信息:   started user thread for Warehouse 101
2月 14, 2026 4:43:18 上午 spec.jbb.JBBmain DoARun -> 信息:   started user thread for Warehouse 102
2月 14, 2026 4:43:18 上午 spec.jbb.JBBmain DoARun -> 信息:   started user thread for Warehouse 103
2月 14, 2026 4:43:18 上午 spec.jbb.JBBmain DoARun -> 信息:   started user thread for Warehouse 104
2月 14, 2026 4:43:18 上午 spec.jbb.JBBmain DoARun -> 信息:   started user thread for Warehouse 105
2月 14, 2026 4:43:18 上午 spec.jbb.JBBmain DoARun -> 信息:   started user thread for Warehouse 106
2月 14, 2026 4:43:18 上午 spec.jbb.JBBmain DoARun -> 信息:   started user thread for Warehouse 107
2月 14, 2026 4:43:18 上午 spec.jbb.JBBmain DoARun -> 信息:   started user thread for Warehouse 108
2月 14, 2026 4:43:18 上午 spec.jbb.JBBmain DoARun -> 信息:   started user thread for Warehouse 109
2月 14, 2026 4:43:18 上午 spec.jbb.JBBmain DoARun -> 信息:   started user thread for Warehouse 110
2月 14, 2026 4:43:18 上午 spec.jbb.JBBmain DoARun -> 信息:   started user thread for Warehouse 111
2月 14, 2026 4:43:18 上午 spec.jbb.JBBmain DoARun -> 信息:   started user thread for Warehouse 112
2月 14, 2026 4:43:18 上午 spec.jbb.JBBmain DoARun -> 信息:   started user thread for Warehouse 113
2月 14, 2026 4:43:18 上午 spec.jbb.JBBmain DoARun -> 信息:   started user thread for Warehouse 114
2月 14, 2026 4:43:18 上午 spec.jbb.JBBmain DoARun -> 信息:   started user thread for Warehouse 115
2月 14, 2026 4:43:18 上午 spec.jbb.JBBmain DoARun -> 信息:   started user thread for Warehouse 116
2月 14, 2026 4:43:18 上午 spec.jbb.Company displayResultTotals -> 信息: Timing Measurement began Sat Feb 14 04:43:18 CST 2026 for 4 minutes
2月 14, 2026 4:47:18 上午 spec.jbb.Company displayResultTotals -> 信息: Timing Measurement ended Sat Feb 14 04:47:18 CST 2026
2月 14, 2026 4:47:19 上午 spec.jbb.Company primeWithDummyData -> 信息: Loading Warehouse 117...
2月 14, 2026 4:47:19 上午 spec.jbb.JBBmain DoARun -> 信息: Start User Threads
2月 14, 2026 4:47:19 上午 spec.jbb.JBBmain DoARun -> 信息:   started user thread for Warehouse 1
2月 14, 2026 4:47:19 上午 spec.jbb.JBBmain DoARun -> 信息:   started user thread for Warehouse 2
2月 14, 2026 4:47:19 上午 spec.jbb.JBBmain DoARun -> 信息:   started user thread for Warehouse 3
2月 14, 2026 4:47:19 上午 spec.jbb.JBBmain DoARun -> 信息:   started user thread for Warehouse 4
2月 14, 2026 4:47:19 上午 spec.jbb.JBBmain DoARun -> 信息:   started user thread for Warehouse 5
2月 14, 2026 4:47:19 上午 spec.jbb.JBBmain DoARun -> 信息:   started user thread for Warehouse 6
2月 14, 2026 4:47:19 上午 spec.jbb.JBBmain DoARun -> 信息:   started user thread for Warehouse 7
2月 14, 2026 4:47:19 上午 spec.jbb.JBBmain DoARun -> 信息:   started user thread for Warehouse 8
2月 14, 2026 4:47:19 上午 spec.jbb.JBBmain DoARun -> 信息:   started user thread for Warehouse 9
2月 14, 2026 4:47:19 上午 spec.jbb.JBBmain DoARun -> 信息:   started user thread for Warehouse 10
2月 14, 2026 4:47:19 上午 spec.jbb.JBBmain DoARun -> 信息:   started user thread for Warehouse 11
2月 14, 2026 4:47:19 上午 spec.jbb.JBBmain DoARun -> 信息:   started user thread for Warehouse 12
2月 14, 2026 4:47:19 上午 spec.jbb.JBBmain DoARun -> 信息:   started user thread for Warehouse 13
2月 14, 2026 4:47:19 上午 spec.jbb.JBBmain DoARun -> 信息:   started user thread for Warehouse 14
2月 14, 2026 4:47:19 上午 spec.jbb.JBBmain DoARun -> 信息:   started user thread for Warehouse 15
2月 14, 2026 4:47:19 上午 spec.jbb.JBBmain DoARun -> 信息:   started user thread for Warehouse 16
2月 14, 2026 4:47:19 上午 spec.jbb.JBBmain DoARun -> 信息:   started user thread for Warehouse 17
2月 14, 2026 4:47:19 上午 spec.jbb.JBBmain DoARun -> 信息:   started user thread for Warehouse 18
2月 14, 2026 4:47:19 上午 spec.jbb.JBBmain DoARun -> 信息:   started user thread for Warehouse 19
2月 14, 2026 4:47:19 上午 spec.jbb.JBBmain DoARun -> 信息:   started user thread for Warehouse 20
2月 14, 2026 4:47:19 上午 spec.jbb.JBBmain DoARun -> 信息:   started user thread for Warehouse 21
2月 14, 2026 4:47:19 上午 spec.jbb.JBBmain DoARun -> 信息:   started user thread for Warehouse 22
2月 14, 2026 4:47:19 上午 spec.jbb.JBBmain DoARun -> 信息:   started user thread for Warehouse 23
2月 14, 2026 4:47:19 上午 spec.jbb.JBBmain DoARun -> 信息:   started user thread for Warehouse 24
2月 14, 2026 4:47:19 上午 spec.jbb.JBBmain DoARun -> 信息:   started user thread for Warehouse 25
2月 14, 2026 4:47:19 上午 spec.jbb.JBBmain DoARun -> 信息:   started user thread for Warehouse 26
2月 14, 2026 4:47:19 上午 spec.jbb.JBBmain DoARun -> 信息:   started user thread for Warehouse 27
2月 14, 2026 4:47:19 上午 spec.jbb.JBBmain DoARun -> 信息:   started user thread for Warehouse 28
2月 14, 2026 4:47:19 上午 spec.jbb.JBBmain DoARun -> 信息:   started user thread for Warehouse 29
2月 14, 2026 4:47:19 上午 spec.jbb.JBBmain DoARun -> 信息:   started user thread for Warehouse 30
2月 14, 2026 4:47:19 上午 spec.jbb.JBBmain DoARun -> 信息:   started user thread for Warehouse 31
2月 14, 2026 4:47:19 上午 spec.jbb.JBBmain DoARun -> 信息:   started user thread for Warehouse 32
2月 14, 2026 4:47:19 上午 spec.jbb.JBBmain DoARun -> 信息:   started user thread for Warehouse 33
2月 14, 2026 4:47:19 上午 spec.jbb.JBBmain DoARun -> 信息:   started user thread for Warehouse 34
2月 14, 2026 4:47:19 上午 spec.jbb.JBBmain DoARun -> 信息:   started user thread for Warehouse 35
2月 14, 2026 4:47:19 上午 spec.jbb.JBBmain DoARun -> 信息:   started user thread for Warehouse 36
2月 14, 2026 4:47:19 上午 spec.jbb.JBBmain DoARun -> 信息:   started user thread for Warehouse 37
2月 14, 2026 4:47:19 上午 spec.jbb.JBBmain DoARun -> 信息:   started user thread for Warehouse 38
2月 14, 2026 4:47:19 上午 spec.jbb.JBBmain DoARun -> 信息:   started user thread for Warehouse 39
2月 14, 2026 4:47:19 上午 spec.jbb.JBBmain DoARun -> 信息:   started user thread for Warehouse 40
2月 14, 2026 4:47:19 上午 spec.jbb.JBBmain DoARun -> 信息:   started user thread for Warehouse 41
2月 14, 2026 4:47:19 上午 spec.jbb.JBBmain DoARun -> 信息:   started user thread for Warehouse 42
2月 14, 2026 4:47:19 上午 spec.jbb.JBBmain DoARun -> 信息:   started user thread for Warehouse 43
2月 14, 2026 4:47:19 上午 spec.jbb.JBBmain DoARun -> 信息:   started user thread for Warehouse 44
2月 14, 2026 4:47:19 上午 spec.jbb.JBBmain DoARun -> 信息:   started user thread for Warehouse 45
2月 14, 2026 4:47:19 上午 spec.jbb.JBBmain DoARun -> 信息:   started user thread for Warehouse 46
2月 14, 2026 4:47:19 上午 spec.jbb.JBBmain DoARun -> 信息:   started user thread for Warehouse 47
2月 14, 2026 4:47:19 上午 spec.jbb.JBBmain DoARun -> 信息:   started user thread for Warehouse 48
2月 14, 2026 4:47:19 上午 spec.jbb.JBBmain DoARun -> 信息:   started user thread for Warehouse 49
2月 14, 2026 4:47:19 上午 spec.jbb.JBBmain DoARun -> 信息:   started user thread for Warehouse 50
2月 14, 2026 4:47:19 上午 spec.jbb.JBBmain DoARun -> 信息:   started user thread for Warehouse 51
2月 14, 2026 4:47:19 上午 spec.jbb.JBBmain DoARun -> 信息:   started user thread for Warehouse 52
2月 14, 2026 4:47:19 上午 spec.jbb.JBBmain DoARun -> 信息:   started user thread for Warehouse 53
2月 14, 2026 4:47:19 上午 spec.jbb.JBBmain DoARun -> 信息:   started user thread for Warehouse 54
2月 14, 2026 4:47:19 上午 spec.jbb.JBBmain DoARun -> 信息:   started user thread for Warehouse 55
2月 14, 2026 4:47:19 上午 spec.jbb.JBBmain DoARun -> 信息:   started user thread for Warehouse 56
2月 14, 2026 4:47:19 上午 spec.jbb.JBBmain DoARun -> 信息:   started user thread for Warehouse 57
2月 14, 2026 4:47:19 上午 spec.jbb.JBBmain DoARun -> 信息:   started user thread for Warehouse 58
2月 14, 2026 4:47:19 上午 spec.jbb.JBBmain DoARun -> 信息:   started user thread for Warehouse 59
2月 14, 2026 4:47:19 上午 spec.jbb.JBBmain DoARun -> 信息:   started user thread for Warehouse 60
2月 14, 2026 4:47:19 上午 spec.jbb.JBBmain DoARun -> 信息:   started user thread for Warehouse 61
2月 14, 2026 4:47:19 上午 spec.jbb.JBBmain DoARun -> 信息:   started user thread for Warehouse 62
2月 14, 2026 4:47:19 上午 spec.jbb.JBBmain DoARun -> 信息:   started user thread for Warehouse 63
2月 14, 2026 4:47:19 上午 spec.jbb.JBBmain DoARun -> 信息:   started user thread for Warehouse 64
2月 14, 2026 4:47:19 上午 spec.jbb.JBBmain DoARun -> 信息:   started user thread for Warehouse 65
2月 14, 2026 4:47:19 上午 spec.jbb.JBBmain DoARun -> 信息:   started user thread for Warehouse 66
2月 14, 2026 4:47:19 上午 spec.jbb.JBBmain DoARun -> 信息:   started user thread for Warehouse 67
2月 14, 2026 4:47:19 上午 spec.jbb.JBBmain DoARun -> 信息:   started user thread for Warehouse 68
2月 14, 2026 4:47:19 上午 spec.jbb.JBBmain DoARun -> 信息:   started user thread for Warehouse 69
2月 14, 2026 4:47:19 上午 spec.jbb.JBBmain DoARun -> 信息:   started user thread for Warehouse 70
2月 14, 2026 4:47:19 上午 spec.jbb.JBBmain DoARun -> 信息:   started user thread for Warehouse 71
2月 14, 2026 4:47:19 上午 spec.jbb.JBBmain DoARun -> 信息:   started user thread for Warehouse 72
2月 14, 2026 4:47:19 上午 spec.jbb.JBBmain DoARun -> 信息:   started user thread for Warehouse 73
2月 14, 2026 4:47:19 上午 spec.jbb.JBBmain DoARun -> 信息:   started user thread for Warehouse 74
2月 14, 2026 4:47:19 上午 spec.jbb.JBBmain DoARun -> 信息:   started user thread for Warehouse 75
2月 14, 2026 4:47:19 上午 spec.jbb.JBBmain DoARun -> 信息:   started user thread for Warehouse 76
2月 14, 2026 4:47:19 上午 spec.jbb.JBBmain DoARun -> 信息:   started user thread for Warehouse 77
2月 14, 2026 4:47:19 上午 spec.jbb.JBBmain DoARun -> 信息:   started user thread for Warehouse 78
2月 14, 2026 4:47:19 上午 spec.jbb.JBBmain DoARun -> 信息:   started user thread for Warehouse 79
2月 14, 2026 4:47:19 上午 spec.jbb.JBBmain DoARun -> 信息:   started user thread for Warehouse 80
2月 14, 2026 4:47:19 上午 spec.jbb.JBBmain DoARun -> 信息:   started user thread for Warehouse 81
2月 14, 2026 4:47:19 上午 spec.jbb.JBBmain DoARun -> 信息:   started user thread for Warehouse 82
2月 14, 2026 4:47:19 上午 spec.jbb.JBBmain DoARun -> 信息:   started user thread for Warehouse 83
2月 14, 2026 4:47:19 上午 spec.jbb.JBBmain DoARun -> 信息:   started user thread for Warehouse 84
2月 14, 2026 4:47:19 上午 spec.jbb.JBBmain DoARun -> 信息:   started user thread for Warehouse 85
2月 14, 2026 4:47:19 上午 spec.jbb.JBBmain DoARun -> 信息:   started user thread for Warehouse 86
2月 14, 2026 4:47:19 上午 spec.jbb.JBBmain DoARun -> 信息:   started user thread for Warehouse 87
2月 14, 2026 4:47:19 上午 spec.jbb.JBBmain DoARun -> 信息:   started user thread for Warehouse 88
2月 14, 2026 4:47:19 上午 spec.jbb.JBBmain DoARun -> 信息:   started user thread for Warehouse 89
2月 14, 2026 4:47:19 上午 spec.jbb.JBBmain DoARun -> 信息:   started user thread for Warehouse 90
2月 14, 2026 4:47:19 上午 spec.jbb.JBBmain DoARun -> 信息:   started user thread for Warehouse 91
2月 14, 2026 4:47:19 上午 spec.jbb.JBBmain DoARun -> 信息:   started user thread for Warehouse 92
2月 14, 2026 4:47:19 上午 spec.jbb.JBBmain DoARun -> 信息:   started user thread for Warehouse 93
2月 14, 2026 4:47:19 上午 spec.jbb.JBBmain DoARun -> 信息:   started user thread for Warehouse 94
2月 14, 2026 4:47:19 上午 spec.jbb.JBBmain DoARun -> 信息:   started user thread for Warehouse 95
2月 14, 2026 4:47:19 上午 spec.jbb.JBBmain DoARun -> 信息:   started user thread for Warehouse 96
2月 14, 2026 4:47:19 上午 spec.jbb.JBBmain DoARun -> 信息:   started user thread for Warehouse 97
2月 14, 2026 4:47:19 上午 spec.jbb.JBBmain DoARun -> 信息:   started user thread for Warehouse 98
2月 14, 2026 4:47:19 上午 spec.jbb.JBBmain DoARun -> 信息:   started user thread for Warehouse 99
2月 14, 2026 4:47:19 上午 spec.jbb.JBBmain DoARun -> 信息:   started user thread for Warehouse 100
2月 14, 2026 4:47:19 上午 spec.jbb.JBBmain DoARun -> 信息:   started user thread for Warehouse 101
2月 14, 2026 4:47:19 上午 spec.jbb.JBBmain DoARun -> 信息:   started user thread for Warehouse 102
2月 14, 2026 4:47:19 上午 spec.jbb.JBBmain DoARun -> 信息:   started user thread for Warehouse 103
2月 14, 2026 4:47:19 上午 spec.jbb.JBBmain DoARun -> 信息:   started user thread for Warehouse 104
2月 14, 2026 4:47:19 上午 spec.jbb.JBBmain DoARun -> 信息:   started user thread for Warehouse 105
2月 14, 2026 4:47:19 上午 spec.jbb.JBBmain DoARun -> 信息:   started user thread for Warehouse 106
2月 14, 2026 4:47:19 上午 spec.jbb.JBBmain DoARun -> 信息:   started user thread for Warehouse 107
2月 14, 2026 4:47:19 上午 spec.jbb.JBBmain DoARun -> 信息:   started user thread for Warehouse 108
2月 14, 2026 4:47:19 上午 spec.jbb.JBBmain DoARun -> 信息:   started user thread for Warehouse 109
2月 14, 2026 4:47:19 上午 spec.jbb.JBBmain DoARun -> 信息:   started user thread for Warehouse 110
2月 14, 2026 4:47:19 上午 spec.jbb.JBBmain DoARun -> 信息:   started user thread for Warehouse 111
2月 14, 2026 4:47:19 上午 spec.jbb.JBBmain DoARun -> 信息:   started user thread for Warehouse 112
2月 14, 2026 4:47:19 上午 spec.jbb.JBBmain DoARun -> 信息:   started user thread for Warehouse 113
2月 14, 2026 4:47:19 上午 spec.jbb.JBBmain DoARun -> 信息:   started user thread for Warehouse 114
2月 14, 2026 4:47:19 上午 spec.jbb.JBBmain DoARun -> 信息:   started user thread for Warehouse 115
2月 14, 2026 4:47:19 上午 spec.jbb.JBBmain DoARun -> 信息:   started user thread for Warehouse 116
2月 14, 2026 4:47:19 上午 spec.jbb.JBBmain DoARun -> 信息:   started user thread for Warehouse 117
2月 14, 2026 4:47:19 上午 spec.jbb.Company displayResultTotals -> 信息: Timing Measurement began Sat Feb 14 04:47:19 CST 2026 for 4 minutes
2月 14, 2026 4:51:19 上午 spec.jbb.Company displayResultTotals -> 信息: Timing Measurement ended Sat Feb 14 04:51:19 CST 2026
2月 14, 2026 4:51:19 上午 spec.jbb.Company primeWithDummyData -> 信息: Loading Warehouse 118...
2月 14, 2026 4:51:19 上午 spec.jbb.JBBmain DoARun -> 信息: Start User Threads
2月 14, 2026 4:51:19 上午 spec.jbb.JBBmain DoARun -> 信息:   started user thread for Warehouse 1
2月 14, 2026 4:51:19 上午 spec.jbb.JBBmain DoARun -> 信息:   started user thread for Warehouse 2
2月 14, 2026 4:51:19 上午 spec.jbb.JBBmain DoARun -> 信息:   started user thread for Warehouse 3
2月 14, 2026 4:51:19 上午 spec.jbb.JBBmain DoARun -> 信息:   started user thread for Warehouse 4
2月 14, 2026 4:51:19 上午 spec.jbb.JBBmain DoARun -> 信息:   started user thread for Warehouse 5
2月 14, 2026 4:51:19 上午 spec.jbb.JBBmain DoARun -> 信息:   started user thread for Warehouse 6
2月 14, 2026 4:51:19 上午 spec.jbb.JBBmain DoARun -> 信息:   started user thread for Warehouse 7
2月 14, 2026 4:51:19 上午 spec.jbb.JBBmain DoARun -> 信息:   started user thread for Warehouse 8
2月 14, 2026 4:51:19 上午 spec.jbb.JBBmain DoARun -> 信息:   started user thread for Warehouse 9
2月 14, 2026 4:51:19 上午 spec.jbb.JBBmain DoARun -> 信息:   started user thread for Warehouse 10
2月 14, 2026 4:51:19 上午 spec.jbb.JBBmain DoARun -> 信息:   started user thread for Warehouse 11
2月 14, 2026 4:51:19 上午 spec.jbb.JBBmain DoARun -> 信息:   started user thread for Warehouse 12
2月 14, 2026 4:51:19 上午 spec.jbb.JBBmain DoARun -> 信息:   started user thread for Warehouse 13
2月 14, 2026 4:51:19 上午 spec.jbb.JBBmain DoARun -> 信息:   started user thread for Warehouse 14
2月 14, 2026 4:51:19 上午 spec.jbb.JBBmain DoARun -> 信息:   started user thread for Warehouse 15
2月 14, 2026 4:51:19 上午 spec.jbb.JBBmain DoARun -> 信息:   started user thread for Warehouse 16
2月 14, 2026 4:51:19 上午 spec.jbb.JBBmain DoARun -> 信息:   started user thread for Warehouse 17
2月 14, 2026 4:51:19 上午 spec.jbb.JBBmain DoARun -> 信息:   started user thread for Warehouse 18
2月 14, 2026 4:51:19 上午 spec.jbb.JBBmain DoARun -> 信息:   started user thread for Warehouse 19
2月 14, 2026 4:51:19 上午 spec.jbb.JBBmain DoARun -> 信息:   started user thread for Warehouse 20
2月 14, 2026 4:51:19 上午 spec.jbb.JBBmain DoARun -> 信息:   started user thread for Warehouse 21
2月 14, 2026 4:51:19 上午 spec.jbb.JBBmain DoARun -> 信息:   started user thread for Warehouse 22
2月 14, 2026 4:51:19 上午 spec.jbb.JBBmain DoARun -> 信息:   started user thread for Warehouse 23
2月 14, 2026 4:51:19 上午 spec.jbb.JBBmain DoARun -> 信息:   started user thread for Warehouse 24
2月 14, 2026 4:51:19 上午 spec.jbb.JBBmain DoARun -> 信息:   started user thread for Warehouse 25
2月 14, 2026 4:51:19 上午 spec.jbb.JBBmain DoARun -> 信息:   started user thread for Warehouse 26
2月 14, 2026 4:51:19 上午 spec.jbb.JBBmain DoARun -> 信息:   started user thread for Warehouse 27
2月 14, 2026 4:51:19 上午 spec.jbb.JBBmain DoARun -> 信息:   started user thread for Warehouse 28
2月 14, 2026 4:51:19 上午 spec.jbb.JBBmain DoARun -> 信息:   started user thread for Warehouse 29
2月 14, 2026 4:51:19 上午 spec.jbb.JBBmain DoARun -> 信息:   started user thread for Warehouse 30
2月 14, 2026 4:51:19 上午 spec.jbb.JBBmain DoARun -> 信息:   started user thread for Warehouse 31
2月 14, 2026 4:51:19 上午 spec.jbb.JBBmain DoARun -> 信息:   started user thread for Warehouse 32
2月 14, 2026 4:51:19 上午 spec.jbb.JBBmain DoARun -> 信息:   started user thread for Warehouse 33
2月 14, 2026 4:51:19 上午 spec.jbb.JBBmain DoARun -> 信息:   started user thread for Warehouse 34
2月 14, 2026 4:51:19 上午 spec.jbb.JBBmain DoARun -> 信息:   started user thread for Warehouse 35
2月 14, 2026 4:51:19 上午 spec.jbb.JBBmain DoARun -> 信息:   started user thread for Warehouse 36
2月 14, 2026 4:51:19 上午 spec.jbb.JBBmain DoARun -> 信息:   started user thread for Warehouse 37
2月 14, 2026 4:51:19 上午 spec.jbb.JBBmain DoARun -> 信息:   started user thread for Warehouse 38
2月 14, 2026 4:51:19 上午 spec.jbb.JBBmain DoARun -> 信息:   started user thread for Warehouse 39
2月 14, 2026 4:51:19 上午 spec.jbb.JBBmain DoARun -> 信息:   started user thread for Warehouse 40
2月 14, 2026 4:51:19 上午 spec.jbb.JBBmain DoARun -> 信息:   started user thread for Warehouse 41
2月 14, 2026 4:51:19 上午 spec.jbb.JBBmain DoARun -> 信息:   started user thread for Warehouse 42
2月 14, 2026 4:51:19 上午 spec.jbb.JBBmain DoARun -> 信息:   started user thread for Warehouse 43
2月 14, 2026 4:51:19 上午 spec.jbb.JBBmain DoARun -> 信息:   started user thread for Warehouse 44
2月 14, 2026 4:51:19 上午 spec.jbb.JBBmain DoARun -> 信息:   started user thread for Warehouse 45
2月 14, 2026 4:51:19 上午 spec.jbb.JBBmain DoARun -> 信息:   started user thread for Warehouse 46
2月 14, 2026 4:51:19 上午 spec.jbb.JBBmain DoARun -> 信息:   started user thread for Warehouse 47
2月 14, 2026 4:51:19 上午 spec.jbb.JBBmain DoARun -> 信息:   started user thread for Warehouse 48
2月 14, 2026 4:51:19 上午 spec.jbb.JBBmain DoARun -> 信息:   started user thread for Warehouse 49
2月 14, 2026 4:51:19 上午 spec.jbb.JBBmain DoARun -> 信息:   started user thread for Warehouse 50
2月 14, 2026 4:51:19 上午 spec.jbb.JBBmain DoARun -> 信息:   started user thread for Warehouse 51
2月 14, 2026 4:51:19 上午 spec.jbb.JBBmain DoARun -> 信息:   started user thread for Warehouse 52
2月 14, 2026 4:51:19 上午 spec.jbb.JBBmain DoARun -> 信息:   started user thread for Warehouse 53
2月 14, 2026 4:51:19 上午 spec.jbb.JBBmain DoARun -> 信息:   started user thread for Warehouse 54
2月 14, 2026 4:51:19 上午 spec.jbb.JBBmain DoARun -> 信息:   started user thread for Warehouse 55
2月 14, 2026 4:51:19 上午 spec.jbb.JBBmain DoARun -> 信息:   started user thread for Warehouse 56
2月 14, 2026 4:51:19 上午 spec.jbb.JBBmain DoARun -> 信息:   started user thread for Warehouse 57
2月 14, 2026 4:51:19 上午 spec.jbb.JBBmain DoARun -> 信息:   started user thread for Warehouse 58
2月 14, 2026 4:51:19 上午 spec.jbb.JBBmain DoARun -> 信息:   started user thread for Warehouse 59
2月 14, 2026 4:51:19 上午 spec.jbb.JBBmain DoARun -> 信息:   started user thread for Warehouse 60
2月 14, 2026 4:51:19 上午 spec.jbb.JBBmain DoARun -> 信息:   started user thread for Warehouse 61
2月 14, 2026 4:51:19 上午 spec.jbb.JBBmain DoARun -> 信息:   started user thread for Warehouse 62
2月 14, 2026 4:51:19 上午 spec.jbb.JBBmain DoARun -> 信息:   started user thread for Warehouse 63
2月 14, 2026 4:51:19 上午 spec.jbb.JBBmain DoARun -> 信息:   started user thread for Warehouse 64
2月 14, 2026 4:51:19 上午 spec.jbb.JBBmain DoARun -> 信息:   started user thread for Warehouse 65
2月 14, 2026 4:51:19 上午 spec.jbb.JBBmain DoARun -> 信息:   started user thread for Warehouse 66
2月 14, 2026 4:51:19 上午 spec.jbb.JBBmain DoARun -> 信息:   started user thread for Warehouse 67
2月 14, 2026 4:51:19 上午 spec.jbb.JBBmain DoARun -> 信息:   started user thread for Warehouse 68
2月 14, 2026 4:51:19 上午 spec.jbb.JBBmain DoARun -> 信息:   started user thread for Warehouse 69
2月 14, 2026 4:51:19 上午 spec.jbb.JBBmain DoARun -> 信息:   started user thread for Warehouse 70
2月 14, 2026 4:51:19 上午 spec.jbb.JBBmain DoARun -> 信息:   started user thread for Warehouse 71
2月 14, 2026 4:51:19 上午 spec.jbb.JBBmain DoARun -> 信息:   started user thread for Warehouse 72
2月 14, 2026 4:51:19 上午 spec.jbb.JBBmain DoARun -> 信息:   started user thread for Warehouse 73
2月 14, 2026 4:51:19 上午 spec.jbb.JBBmain DoARun -> 信息:   started user thread for Warehouse 74
2月 14, 2026 4:51:19 上午 spec.jbb.JBBmain DoARun -> 信息:   started user thread for Warehouse 75
2月 14, 2026 4:51:19 上午 spec.jbb.JBBmain DoARun -> 信息:   started user thread for Warehouse 76
2月 14, 2026 4:51:19 上午 spec.jbb.JBBmain DoARun -> 信息:   started user thread for Warehouse 77
2月 14, 2026 4:51:19 上午 spec.jbb.JBBmain DoARun -> 信息:   started user thread for Warehouse 78
2月 14, 2026 4:51:19 上午 spec.jbb.JBBmain DoARun -> 信息:   started user thread for Warehouse 79
2月 14, 2026 4:51:19 上午 spec.jbb.JBBmain DoARun -> 信息:   started user thread for Warehouse 80
2月 14, 2026 4:51:19 上午 spec.jbb.JBBmain DoARun -> 信息:   started user thread for Warehouse 81
2月 14, 2026 4:51:19 上午 spec.jbb.JBBmain DoARun -> 信息:   started user thread for Warehouse 82
2月 14, 2026 4:51:19 上午 spec.jbb.JBBmain DoARun -> 信息:   started user thread for Warehouse 83
2月 14, 2026 4:51:19 上午 spec.jbb.JBBmain DoARun -> 信息:   started user thread for Warehouse 84
2月 14, 2026 4:51:19 上午 spec.jbb.JBBmain DoARun -> 信息:   started user thread for Warehouse 85
2月 14, 2026 4:51:19 上午 spec.jbb.JBBmain DoARun -> 信息:   started user thread for Warehouse 86
2月 14, 2026 4:51:19 上午 spec.jbb.JBBmain DoARun -> 信息:   started user thread for Warehouse 87
2月 14, 2026 4:51:19 上午 spec.jbb.JBBmain DoARun -> 信息:   started user thread for Warehouse 88
2月 14, 2026 4:51:19 上午 spec.jbb.JBBmain DoARun -> 信息:   started user thread for Warehouse 89
2月 14, 2026 4:51:19 上午 spec.jbb.JBBmain DoARun -> 信息:   started user thread for Warehouse 90
2月 14, 2026 4:51:19 上午 spec.jbb.JBBmain DoARun -> 信息:   started user thread for Warehouse 91
2月 14, 2026 4:51:19 上午 spec.jbb.JBBmain DoARun -> 信息:   started user thread for Warehouse 92
2月 14, 2026 4:51:19 上午 spec.jbb.JBBmain DoARun -> 信息:   started user thread for Warehouse 93
2月 14, 2026 4:51:19 上午 spec.jbb.JBBmain DoARun -> 信息:   started user thread for Warehouse 94
2月 14, 2026 4:51:19 上午 spec.jbb.JBBmain DoARun -> 信息:   started user thread for Warehouse 95
2月 14, 2026 4:51:19 上午 spec.jbb.JBBmain DoARun -> 信息:   started user thread for Warehouse 96
2月 14, 2026 4:51:19 上午 spec.jbb.JBBmain DoARun -> 信息:   started user thread for Warehouse 97
2月 14, 2026 4:51:19 上午 spec.jbb.JBBmain DoARun -> 信息:   started user thread for Warehouse 98
2月 14, 2026 4:51:19 上午 spec.jbb.JBBmain DoARun -> 信息:   started user thread for Warehouse 99
2月 14, 2026 4:51:19 上午 spec.jbb.JBBmain DoARun -> 信息:   started user thread for Warehouse 100
2月 14, 2026 4:51:19 上午 spec.jbb.JBBmain DoARun -> 信息:   started user thread for Warehouse 101
2月 14, 2026 4:51:19 上午 spec.jbb.JBBmain DoARun -> 信息:   started user thread for Warehouse 102
2月 14, 2026 4:51:19 上午 spec.jbb.JBBmain DoARun -> 信息:   started user thread for Warehouse 103
2月 14, 2026 4:51:19 上午 spec.jbb.JBBmain DoARun -> 信息:   started user thread for Warehouse 104
2月 14, 2026 4:51:19 上午 spec.jbb.JBBmain DoARun -> 信息:   started user thread for Warehouse 105
2月 14, 2026 4:51:19 上午 spec.jbb.JBBmain DoARun -> 信息:   started user thread for Warehouse 106
2月 14, 2026 4:51:19 上午 spec.jbb.JBBmain DoARun -> 信息:   started user thread for Warehouse 107
2月 14, 2026 4:51:19 上午 spec.jbb.JBBmain DoARun -> 信息:   started user thread for Warehouse 108
2月 14, 2026 4:51:19 上午 spec.jbb.JBBmain DoARun -> 信息:   started user thread for Warehouse 109
2月 14, 2026 4:51:19 上午 spec.jbb.JBBmain DoARun -> 信息:   started user thread for Warehouse 110
2月 14, 2026 4:51:19 上午 spec.jbb.JBBmain DoARun -> 信息:   started user thread for Warehouse 111
2月 14, 2026 4:51:19 上午 spec.jbb.JBBmain DoARun -> 信息:   started user thread for Warehouse 112
2月 14, 2026 4:51:19 上午 spec.jbb.JBBmain DoARun -> 信息:   started user thread for Warehouse 113
2月 14, 2026 4:51:19 上午 spec.jbb.JBBmain DoARun -> 信息:   started user thread for Warehouse 114
2月 14, 2026 4:51:19 上午 spec.jbb.JBBmain DoARun -> 信息:   started user thread for Warehouse 115
2月 14, 2026 4:51:19 上午 spec.jbb.JBBmain DoARun -> 信息:   started user thread for Warehouse 116
2月 14, 2026 4:51:19 上午 spec.jbb.JBBmain DoARun -> 信息:   started user thread for Warehouse 117
2月 14, 2026 4:51:19 上午 spec.jbb.JBBmain DoARun -> 信息:   started user thread for Warehouse 118
2月 14, 2026 4:51:19 上午 spec.jbb.Company displayResultTotals -> 信息: Timing Measurement began Sat Feb 14 04:51:19 CST 2026 for 4 minutes
2月 14, 2026 4:55:19 上午 spec.jbb.Company displayResultTotals -> 信息: Timing Measurement ended Sat Feb 14 04:55:19 CST 2026
2月 14, 2026 4:55:19 上午 spec.jbb.Company primeWithDummyData -> 信息: Loading Warehouse 119...
2月 14, 2026 4:55:19 上午 spec.jbb.JBBmain DoARun -> 信息: Start User Threads
2月 14, 2026 4:55:19 上午 spec.jbb.JBBmain DoARun -> 信息:   started user thread for Warehouse 1
2月 14, 2026 4:55:19 上午 spec.jbb.JBBmain DoARun -> 信息:   started user thread for Warehouse 2
2月 14, 2026 4:55:19 上午 spec.jbb.JBBmain DoARun -> 信息:   started user thread for Warehouse 3
2月 14, 2026 4:55:19 上午 spec.jbb.JBBmain DoARun -> 信息:   started user thread for Warehouse 4
2月 14, 2026 4:55:19 上午 spec.jbb.JBBmain DoARun -> 信息:   started user thread for Warehouse 5
2月 14, 2026 4:55:19 上午 spec.jbb.JBBmain DoARun -> 信息:   started user thread for Warehouse 6
2月 14, 2026 4:55:19 上午 spec.jbb.JBBmain DoARun -> 信息:   started user thread for Warehouse 7
2月 14, 2026 4:55:19 上午 spec.jbb.JBBmain DoARun -> 信息:   started user thread for Warehouse 8
2月 14, 2026 4:55:19 上午 spec.jbb.JBBmain DoARun -> 信息:   started user thread for Warehouse 9
2月 14, 2026 4:55:19 上午 spec.jbb.JBBmain DoARun -> 信息:   started user thread for Warehouse 10
2月 14, 2026 4:55:19 上午 spec.jbb.JBBmain DoARun -> 信息:   started user thread for Warehouse 11
2月 14, 2026 4:55:19 上午 spec.jbb.JBBmain DoARun -> 信息:   started user thread for Warehouse 12
2月 14, 2026 4:55:19 上午 spec.jbb.JBBmain DoARun -> 信息:   started user thread for Warehouse 13
2月 14, 2026 4:55:19 上午 spec.jbb.JBBmain DoARun -> 信息:   started user thread for Warehouse 14
2月 14, 2026 4:55:19 上午 spec.jbb.JBBmain DoARun -> 信息:   started user thread for Warehouse 15
2月 14, 2026 4:55:19 上午 spec.jbb.JBBmain DoARun -> 信息:   started user thread for Warehouse 16
2月 14, 2026 4:55:19 上午 spec.jbb.JBBmain DoARun -> 信息:   started user thread for Warehouse 17
2月 14, 2026 4:55:19 上午 spec.jbb.JBBmain DoARun -> 信息:   started user thread for Warehouse 18
2月 14, 2026 4:55:19 上午 spec.jbb.JBBmain DoARun -> 信息:   started user thread for Warehouse 19
2月 14, 2026 4:55:19 上午 spec.jbb.JBBmain DoARun -> 信息:   started user thread for Warehouse 20
2月 14, 2026 4:55:19 上午 spec.jbb.JBBmain DoARun -> 信息:   started user thread for Warehouse 21
2月 14, 2026 4:55:19 上午 spec.jbb.JBBmain DoARun -> 信息:   started user thread for Warehouse 22
2月 14, 2026 4:55:19 上午 spec.jbb.JBBmain DoARun -> 信息:   started user thread for Warehouse 23
2月 14, 2026 4:55:19 上午 spec.jbb.JBBmain DoARun -> 信息:   started user thread for Warehouse 24
2月 14, 2026 4:55:19 上午 spec.jbb.JBBmain DoARun -> 信息:   started user thread for Warehouse 25
2月 14, 2026 4:55:19 上午 spec.jbb.JBBmain DoARun -> 信息:   started user thread for Warehouse 26
2月 14, 2026 4:55:19 上午 spec.jbb.JBBmain DoARun -> 信息:   started user thread for Warehouse 27
2月 14, 2026 4:55:19 上午 spec.jbb.JBBmain DoARun -> 信息:   started user thread for Warehouse 28
2月 14, 2026 4:55:19 上午 spec.jbb.JBBmain DoARun -> 信息:   started user thread for Warehouse 29
2月 14, 2026 4:55:19 上午 spec.jbb.JBBmain DoARun -> 信息:   started user thread for Warehouse 30
2月 14, 2026 4:55:19 上午 spec.jbb.JBBmain DoARun -> 信息:   started user thread for Warehouse 31
2月 14, 2026 4:55:19 上午 spec.jbb.JBBmain DoARun -> 信息:   started user thread for Warehouse 32
2月 14, 2026 4:55:19 上午 spec.jbb.JBBmain DoARun -> 信息:   started user thread for Warehouse 33
2月 14, 2026 4:55:19 上午 spec.jbb.JBBmain DoARun -> 信息:   started user thread for Warehouse 34
2月 14, 2026 4:55:19 上午 spec.jbb.JBBmain DoARun -> 信息:   started user thread for Warehouse 35
2月 14, 2026 4:55:19 上午 spec.jbb.JBBmain DoARun -> 信息:   started user thread for Warehouse 36
2月 14, 2026 4:55:19 上午 spec.jbb.JBBmain DoARun -> 信息:   started user thread for Warehouse 37
2月 14, 2026 4:55:19 上午 spec.jbb.JBBmain DoARun -> 信息:   started user thread for Warehouse 38
2月 14, 2026 4:55:19 上午 spec.jbb.JBBmain DoARun -> 信息:   started user thread for Warehouse 39
2月 14, 2026 4:55:19 上午 spec.jbb.JBBmain DoARun -> 信息:   started user thread for Warehouse 40
2月 14, 2026 4:55:19 上午 spec.jbb.JBBmain DoARun -> 信息:   started user thread for Warehouse 41
2月 14, 2026 4:55:19 上午 spec.jbb.JBBmain DoARun -> 信息:   started user thread for Warehouse 42
2月 14, 2026 4:55:19 上午 spec.jbb.JBBmain DoARun -> 信息:   started user thread for Warehouse 43
2月 14, 2026 4:55:19 上午 spec.jbb.JBBmain DoARun -> 信息:   started user thread for Warehouse 44
2月 14, 2026 4:55:19 上午 spec.jbb.JBBmain DoARun -> 信息:   started user thread for Warehouse 45
2月 14, 2026 4:55:19 上午 spec.jbb.JBBmain DoARun -> 信息:   started user thread for Warehouse 46
2月 14, 2026 4:55:19 上午 spec.jbb.JBBmain DoARun -> 信息:   started user thread for Warehouse 47
2月 14, 2026 4:55:19 上午 spec.jbb.JBBmain DoARun -> 信息:   started user thread for Warehouse 48
2月 14, 2026 4:55:19 上午 spec.jbb.JBBmain DoARun -> 信息:   started user thread for Warehouse 49
2月 14, 2026 4:55:19 上午 spec.jbb.JBBmain DoARun -> 信息:   started user thread for Warehouse 50
2月 14, 2026 4:55:19 上午 spec.jbb.JBBmain DoARun -> 信息:   started user thread for Warehouse 51
2月 14, 2026 4:55:19 上午 spec.jbb.JBBmain DoARun -> 信息:   started user thread for Warehouse 52
2月 14, 2026 4:55:19 上午 spec.jbb.JBBmain DoARun -> 信息:   started user thread for Warehouse 53
2月 14, 2026 4:55:19 上午 spec.jbb.JBBmain DoARun -> 信息:   started user thread for Warehouse 54
2月 14, 2026 4:55:19 上午 spec.jbb.JBBmain DoARun -> 信息:   started user thread for Warehouse 55
2月 14, 2026 4:55:19 上午 spec.jbb.JBBmain DoARun -> 信息:   started user thread for Warehouse 56
2月 14, 2026 4:55:19 上午 spec.jbb.JBBmain DoARun -> 信息:   started user thread for Warehouse 57
2月 14, 2026 4:55:19 上午 spec.jbb.JBBmain DoARun -> 信息:   started user thread for Warehouse 58
2月 14, 2026 4:55:19 上午 spec.jbb.JBBmain DoARun -> 信息:   started user thread for Warehouse 59
2月 14, 2026 4:55:19 上午 spec.jbb.JBBmain DoARun -> 信息:   started user thread for Warehouse 60
2月 14, 2026 4:55:19 上午 spec.jbb.JBBmain DoARun -> 信息:   started user thread for Warehouse 61
2月 14, 2026 4:55:19 上午 spec.jbb.JBBmain DoARun -> 信息:   started user thread for Warehouse 62
2月 14, 2026 4:55:19 上午 spec.jbb.JBBmain DoARun -> 信息:   started user thread for Warehouse 63
2月 14, 2026 4:55:19 上午 spec.jbb.JBBmain DoARun -> 信息:   started user thread for Warehouse 64
2月 14, 2026 4:55:19 上午 spec.jbb.JBBmain DoARun -> 信息:   started user thread for Warehouse 65
2月 14, 2026 4:55:19 上午 spec.jbb.JBBmain DoARun -> 信息:   started user thread for Warehouse 66
2月 14, 2026 4:55:19 上午 spec.jbb.JBBmain DoARun -> 信息:   started user thread for Warehouse 67
2月 14, 2026 4:55:19 上午 spec.jbb.JBBmain DoARun -> 信息:   started user thread for Warehouse 68
2月 14, 2026 4:55:19 上午 spec.jbb.JBBmain DoARun -> 信息:   started user thread for Warehouse 69
2月 14, 2026 4:55:19 上午 spec.jbb.JBBmain DoARun -> 信息:   started user thread for Warehouse 70
2月 14, 2026 4:55:19 上午 spec.jbb.JBBmain DoARun -> 信息:   started user thread for Warehouse 71
2月 14, 2026 4:55:19 上午 spec.jbb.JBBmain DoARun -> 信息:   started user thread for Warehouse 72
2月 14, 2026 4:55:19 上午 spec.jbb.JBBmain DoARun -> 信息:   started user thread for Warehouse 73
2月 14, 2026 4:55:19 上午 spec.jbb.JBBmain DoARun -> 信息:   started user thread for Warehouse 74
2月 14, 2026 4:55:19 上午 spec.jbb.JBBmain DoARun -> 信息:   started user thread for Warehouse 75
2月 14, 2026 4:55:19 上午 spec.jbb.JBBmain DoARun -> 信息:   started user thread for Warehouse 76
2月 14, 2026 4:55:19 上午 spec.jbb.JBBmain DoARun -> 信息:   started user thread for Warehouse 77
2月 14, 2026 4:55:19 上午 spec.jbb.JBBmain DoARun -> 信息:   started user thread for Warehouse 78
2月 14, 2026 4:55:19 上午 spec.jbb.JBBmain DoARun -> 信息:   started user thread for Warehouse 79
2月 14, 2026 4:55:19 上午 spec.jbb.JBBmain DoARun -> 信息:   started user thread for Warehouse 80
2月 14, 2026 4:55:19 上午 spec.jbb.JBBmain DoARun -> 信息:   started user thread for Warehouse 81
2月 14, 2026 4:55:19 上午 spec.jbb.JBBmain DoARun -> 信息:   started user thread for Warehouse 82
2月 14, 2026 4:55:19 上午 spec.jbb.JBBmain DoARun -> 信息:   started user thread for Warehouse 83
2月 14, 2026 4:55:19 上午 spec.jbb.JBBmain DoARun -> 信息:   started user thread for Warehouse 84
2月 14, 2026 4:55:19 上午 spec.jbb.JBBmain DoARun -> 信息:   started user thread for Warehouse 85
2月 14, 2026 4:55:19 上午 spec.jbb.JBBmain DoARun -> 信息:   started user thread for Warehouse 86
2月 14, 2026 4:55:19 上午 spec.jbb.JBBmain DoARun -> 信息:   started user thread for Warehouse 87
2月 14, 2026 4:55:19 上午 spec.jbb.JBBmain DoARun -> 信息:   started user thread for Warehouse 88
2月 14, 2026 4:55:19 上午 spec.jbb.JBBmain DoARun -> 信息:   started user thread for Warehouse 89
2月 14, 2026 4:55:19 上午 spec.jbb.JBBmain DoARun -> 信息:   started user thread for Warehouse 90
2月 14, 2026 4:55:19 上午 spec.jbb.JBBmain DoARun -> 信息:   started user thread for Warehouse 91
2月 14, 2026 4:55:19 上午 spec.jbb.JBBmain DoARun -> 信息:   started user thread for Warehouse 92
2月 14, 2026 4:55:19 上午 spec.jbb.JBBmain DoARun -> 信息:   started user thread for Warehouse 93
2月 14, 2026 4:55:19 上午 spec.jbb.JBBmain DoARun -> 信息:   started user thread for Warehouse 94
2月 14, 2026 4:55:19 上午 spec.jbb.JBBmain DoARun -> 信息:   started user thread for Warehouse 95
2月 14, 2026 4:55:19 上午 spec.jbb.JBBmain DoARun -> 信息:   started user thread for Warehouse 96
2月 14, 2026 4:55:19 上午 spec.jbb.JBBmain DoARun -> 信息:   started user thread for Warehouse 97
2月 14, 2026 4:55:19 上午 spec.jbb.JBBmain DoARun -> 信息:   started user thread for Warehouse 98
2月 14, 2026 4:55:19 上午 spec.jbb.JBBmain DoARun -> 信息:   started user thread for Warehouse 99
2月 14, 2026 4:55:19 上午 spec.jbb.JBBmain DoARun -> 信息:   started user thread for Warehouse 100
2月 14, 2026 4:55:19 上午 spec.jbb.JBBmain DoARun -> 信息:   started user thread for Warehouse 101
2月 14, 2026 4:55:19 上午 spec.jbb.JBBmain DoARun -> 信息:   started user thread for Warehouse 102
2月 14, 2026 4:55:19 上午 spec.jbb.JBBmain DoARun -> 信息:   started user thread for Warehouse 103
2月 14, 2026 4:55:19 上午 spec.jbb.JBBmain DoARun -> 信息:   started user thread for Warehouse 104
2月 14, 2026 4:55:19 上午 spec.jbb.JBBmain DoARun -> 信息:   started user thread for Warehouse 105
2月 14, 2026 4:55:19 上午 spec.jbb.JBBmain DoARun -> 信息:   started user thread for Warehouse 106
2月 14, 2026 4:55:19 上午 spec.jbb.JBBmain DoARun -> 信息:   started user thread for Warehouse 107
2月 14, 2026 4:55:19 上午 spec.jbb.JBBmain DoARun -> 信息:   started user thread for Warehouse 108
2月 14, 2026 4:55:19 上午 spec.jbb.JBBmain DoARun -> 信息:   started user thread for Warehouse 109
2月 14, 2026 4:55:19 上午 spec.jbb.JBBmain DoARun -> 信息:   started user thread for Warehouse 110
2月 14, 2026 4:55:19 上午 spec.jbb.JBBmain DoARun -> 信息:   started user thread for Warehouse 111
2月 14, 2026 4:55:19 上午 spec.jbb.JBBmain DoARun -> 信息:   started user thread for Warehouse 112
2月 14, 2026 4:55:19 上午 spec.jbb.JBBmain DoARun -> 信息:   started user thread for Warehouse 113
2月 14, 2026 4:55:19 上午 spec.jbb.JBBmain DoARun -> 信息:   started user thread for Warehouse 114
2月 14, 2026 4:55:19 上午 spec.jbb.JBBmain DoARun -> 信息:   started user thread for Warehouse 115
2月 14, 2026 4:55:19 上午 spec.jbb.JBBmain DoARun -> 信息:   started user thread for Warehouse 116
2月 14, 2026 4:55:19 上午 spec.jbb.JBBmain DoARun -> 信息:   started user thread for Warehouse 117
2月 14, 2026 4:55:19 上午 spec.jbb.JBBmain DoARun -> 信息:   started user thread for Warehouse 118
2月 14, 2026 4:55:19 上午 spec.jbb.JBBmain DoARun -> 信息:   started user thread for Warehouse 119
2月 14, 2026 4:55:19 上午 spec.jbb.Company displayResultTotals -> 信息: Timing Measurement began Sat Feb 14 04:55:19 CST 2026 for 4 minutes
2月 14, 2026 4:59:19 上午 spec.jbb.Company displayResultTotals -> 信息: Timing Measurement ended Sat Feb 14 04:59:19 CST 2026
2月 14, 2026 4:59:19 上午 spec.jbb.Company primeWithDummyData -> 信息: Loading Warehouse 120...
2月 14, 2026 4:59:19 上午 spec.jbb.JBBmain DoARun -> 信息: Start User Threads
2月 14, 2026 4:59:19 上午 spec.jbb.JBBmain DoARun -> 信息:   started user thread for Warehouse 1
2月 14, 2026 4:59:19 上午 spec.jbb.JBBmain DoARun -> 信息:   started user thread for Warehouse 2
2月 14, 2026 4:59:19 上午 spec.jbb.JBBmain DoARun -> 信息:   started user thread for Warehouse 3
2月 14, 2026 4:59:19 上午 spec.jbb.JBBmain DoARun -> 信息:   started user thread for Warehouse 4
2月 14, 2026 4:59:19 上午 spec.jbb.JBBmain DoARun -> 信息:   started user thread for Warehouse 5
2月 14, 2026 4:59:19 上午 spec.jbb.JBBmain DoARun -> 信息:   started user thread for Warehouse 6
2月 14, 2026 4:59:19 上午 spec.jbb.JBBmain DoARun -> 信息:   started user thread for Warehouse 7
2月 14, 2026 4:59:19 上午 spec.jbb.JBBmain DoARun -> 信息:   started user thread for Warehouse 8
2月 14, 2026 4:59:19 上午 spec.jbb.JBBmain DoARun -> 信息:   started user thread for Warehouse 9
2月 14, 2026 4:59:19 上午 spec.jbb.JBBmain DoARun -> 信息:   started user thread for Warehouse 10
2月 14, 2026 4:59:19 上午 spec.jbb.JBBmain DoARun -> 信息:   started user thread for Warehouse 11
2月 14, 2026 4:59:19 上午 spec.jbb.JBBmain DoARun -> 信息:   started user thread for Warehouse 12
2月 14, 2026 4:59:19 上午 spec.jbb.JBBmain DoARun -> 信息:   started user thread for Warehouse 13
2月 14, 2026 4:59:19 上午 spec.jbb.JBBmain DoARun -> 信息:   started user thread for Warehouse 14
2月 14, 2026 4:59:19 上午 spec.jbb.JBBmain DoARun -> 信息:   started user thread for Warehouse 15
2月 14, 2026 4:59:19 上午 spec.jbb.JBBmain DoARun -> 信息:   started user thread for Warehouse 16
2月 14, 2026 4:59:19 上午 spec.jbb.JBBmain DoARun -> 信息:   started user thread for Warehouse 17
2月 14, 2026 4:59:19 上午 spec.jbb.JBBmain DoARun -> 信息:   started user thread for Warehouse 18
2月 14, 2026 4:59:19 上午 spec.jbb.JBBmain DoARun -> 信息:   started user thread for Warehouse 19
2月 14, 2026 4:59:19 上午 spec.jbb.JBBmain DoARun -> 信息:   started user thread for Warehouse 20
2月 14, 2026 4:59:19 上午 spec.jbb.JBBmain DoARun -> 信息:   started user thread for Warehouse 21
2月 14, 2026 4:59:19 上午 spec.jbb.JBBmain DoARun -> 信息:   started user thread for Warehouse 22
2月 14, 2026 4:59:19 上午 spec.jbb.JBBmain DoARun -> 信息:   started user thread for Warehouse 23
2月 14, 2026 4:59:19 上午 spec.jbb.JBBmain DoARun -> 信息:   started user thread for Warehouse 24
2月 14, 2026 4:59:19 上午 spec.jbb.JBBmain DoARun -> 信息:   started user thread for Warehouse 25
2月 14, 2026 4:59:19 上午 spec.jbb.JBBmain DoARun -> 信息:   started user thread for Warehouse 26
2月 14, 2026 4:59:19 上午 spec.jbb.JBBmain DoARun -> 信息:   started user thread for Warehouse 27
2月 14, 2026 4:59:19 上午 spec.jbb.JBBmain DoARun -> 信息:   started user thread for Warehouse 28
2月 14, 2026 4:59:19 上午 spec.jbb.JBBmain DoARun -> 信息:   started user thread for Warehouse 29
2月 14, 2026 4:59:19 上午 spec.jbb.JBBmain DoARun -> 信息:   started user thread for Warehouse 30
2月 14, 2026 4:59:19 上午 spec.jbb.JBBmain DoARun -> 信息:   started user thread for Warehouse 31
2月 14, 2026 4:59:19 上午 spec.jbb.JBBmain DoARun -> 信息:   started user thread for Warehouse 32
2月 14, 2026 4:59:19 上午 spec.jbb.JBBmain DoARun -> 信息:   started user thread for Warehouse 33
2月 14, 2026 4:59:19 上午 spec.jbb.JBBmain DoARun -> 信息:   started user thread for Warehouse 34
2月 14, 2026 4:59:19 上午 spec.jbb.JBBmain DoARun -> 信息:   started user thread for Warehouse 35
2月 14, 2026 4:59:19 上午 spec.jbb.JBBmain DoARun -> 信息:   started user thread for Warehouse 36
2月 14, 2026 4:59:19 上午 spec.jbb.JBBmain DoARun -> 信息:   started user thread for Warehouse 37
2月 14, 2026 4:59:19 上午 spec.jbb.JBBmain DoARun -> 信息:   started user thread for Warehouse 38
2月 14, 2026 4:59:19 上午 spec.jbb.JBBmain DoARun -> 信息:   started user thread for Warehouse 39
2月 14, 2026 4:59:19 上午 spec.jbb.JBBmain DoARun -> 信息:   started user thread for Warehouse 40
2月 14, 2026 4:59:19 上午 spec.jbb.JBBmain DoARun -> 信息:   started user thread for Warehouse 41
2月 14, 2026 4:59:19 上午 spec.jbb.JBBmain DoARun -> 信息:   started user thread for Warehouse 42
2月 14, 2026 4:59:19 上午 spec.jbb.JBBmain DoARun -> 信息:   started user thread for Warehouse 43
2月 14, 2026 4:59:19 上午 spec.jbb.JBBmain DoARun -> 信息:   started user thread for Warehouse 44
2月 14, 2026 4:59:19 上午 spec.jbb.JBBmain DoARun -> 信息:   started user thread for Warehouse 45
2月 14, 2026 4:59:19 上午 spec.jbb.JBBmain DoARun -> 信息:   started user thread for Warehouse 46
2月 14, 2026 4:59:19 上午 spec.jbb.JBBmain DoARun -> 信息:   started user thread for Warehouse 47
2月 14, 2026 4:59:19 上午 spec.jbb.JBBmain DoARun -> 信息:   started user thread for Warehouse 48
2月 14, 2026 4:59:19 上午 spec.jbb.JBBmain DoARun -> 信息:   started user thread for Warehouse 49
2月 14, 2026 4:59:19 上午 spec.jbb.JBBmain DoARun -> 信息:   started user thread for Warehouse 50
2月 14, 2026 4:59:19 上午 spec.jbb.JBBmain DoARun -> 信息:   started user thread for Warehouse 51
2月 14, 2026 4:59:19 上午 spec.jbb.JBBmain DoARun -> 信息:   started user thread for Warehouse 52
2月 14, 2026 4:59:19 上午 spec.jbb.JBBmain DoARun -> 信息:   started user thread for Warehouse 53
2月 14, 2026 4:59:19 上午 spec.jbb.JBBmain DoARun -> 信息:   started user thread for Warehouse 54
2月 14, 2026 4:59:19 上午 spec.jbb.JBBmain DoARun -> 信息:   started user thread for Warehouse 55
2月 14, 2026 4:59:19 上午 spec.jbb.JBBmain DoARun -> 信息:   started user thread for Warehouse 56
2月 14, 2026 4:59:19 上午 spec.jbb.JBBmain DoARun -> 信息:   started user thread for Warehouse 57
2月 14, 2026 4:59:19 上午 spec.jbb.JBBmain DoARun -> 信息:   started user thread for Warehouse 58
2月 14, 2026 4:59:19 上午 spec.jbb.JBBmain DoARun -> 信息:   started user thread for Warehouse 59
2月 14, 2026 4:59:19 上午 spec.jbb.JBBmain DoARun -> 信息:   started user thread for Warehouse 60
2月 14, 2026 4:59:19 上午 spec.jbb.JBBmain DoARun -> 信息:   started user thread for Warehouse 61
2月 14, 2026 4:59:19 上午 spec.jbb.JBBmain DoARun -> 信息:   started user thread for Warehouse 62
2月 14, 2026 4:59:19 上午 spec.jbb.JBBmain DoARun -> 信息:   started user thread for Warehouse 63
2月 14, 2026 4:59:19 上午 spec.jbb.JBBmain DoARun -> 信息:   started user thread for Warehouse 64
2月 14, 2026 4:59:19 上午 spec.jbb.JBBmain DoARun -> 信息:   started user thread for Warehouse 65
2月 14, 2026 4:59:19 上午 spec.jbb.JBBmain DoARun -> 信息:   started user thread for Warehouse 66
2月 14, 2026 4:59:19 上午 spec.jbb.JBBmain DoARun -> 信息:   started user thread for Warehouse 67
2月 14, 2026 4:59:19 上午 spec.jbb.JBBmain DoARun -> 信息:   started user thread for Warehouse 68
2月 14, 2026 4:59:19 上午 spec.jbb.JBBmain DoARun -> 信息:   started user thread for Warehouse 69
2月 14, 2026 4:59:19 上午 spec.jbb.JBBmain DoARun -> 信息:   started user thread for Warehouse 70
2月 14, 2026 4:59:19 上午 spec.jbb.JBBmain DoARun -> 信息:   started user thread for Warehouse 71
2月 14, 2026 4:59:19 上午 spec.jbb.JBBmain DoARun -> 信息:   started user thread for Warehouse 72
2月 14, 2026 4:59:19 上午 spec.jbb.JBBmain DoARun -> 信息:   started user thread for Warehouse 73
2月 14, 2026 4:59:19 上午 spec.jbb.JBBmain DoARun -> 信息:   started user thread for Warehouse 74
2月 14, 2026 4:59:19 上午 spec.jbb.JBBmain DoARun -> 信息:   started user thread for Warehouse 75
2月 14, 2026 4:59:19 上午 spec.jbb.JBBmain DoARun -> 信息:   started user thread for Warehouse 76
2月 14, 2026 4:59:19 上午 spec.jbb.JBBmain DoARun -> 信息:   started user thread for Warehouse 77
2月 14, 2026 4:59:19 上午 spec.jbb.JBBmain DoARun -> 信息:   started user thread for Warehouse 78
2月 14, 2026 4:59:19 上午 spec.jbb.JBBmain DoARun -> 信息:   started user thread for Warehouse 79
2月 14, 2026 4:59:19 上午 spec.jbb.JBBmain DoARun -> 信息:   started user thread for Warehouse 80
2月 14, 2026 4:59:19 上午 spec.jbb.JBBmain DoARun -> 信息:   started user thread for Warehouse 81
2月 14, 2026 4:59:19 上午 spec.jbb.JBBmain DoARun -> 信息:   started user thread for Warehouse 82
2月 14, 2026 4:59:19 上午 spec.jbb.JBBmain DoARun -> 信息:   started user thread for Warehouse 83
2月 14, 2026 4:59:19 上午 spec.jbb.JBBmain DoARun -> 信息:   started user thread for Warehouse 84
2月 14, 2026 4:59:19 上午 spec.jbb.JBBmain DoARun -> 信息:   started user thread for Warehouse 85
2月 14, 2026 4:59:19 上午 spec.jbb.JBBmain DoARun -> 信息:   started user thread for Warehouse 86
2月 14, 2026 4:59:19 上午 spec.jbb.JBBmain DoARun -> 信息:   started user thread for Warehouse 87
2月 14, 2026 4:59:19 上午 spec.jbb.JBBmain DoARun -> 信息:   started user thread for Warehouse 88
2月 14, 2026 4:59:19 上午 spec.jbb.JBBmain DoARun -> 信息:   started user thread for Warehouse 89
2月 14, 2026 4:59:19 上午 spec.jbb.JBBmain DoARun -> 信息:   started user thread for Warehouse 90
2月 14, 2026 4:59:19 上午 spec.jbb.JBBmain DoARun -> 信息:   started user thread for Warehouse 91
2月 14, 2026 4:59:19 上午 spec.jbb.JBBmain DoARun -> 信息:   started user thread for Warehouse 92
2月 14, 2026 4:59:19 上午 spec.jbb.JBBmain DoARun -> 信息:   started user thread for Warehouse 93
2月 14, 2026 4:59:19 上午 spec.jbb.JBBmain DoARun -> 信息:   started user thread for Warehouse 94
2月 14, 2026 4:59:19 上午 spec.jbb.JBBmain DoARun -> 信息:   started user thread for Warehouse 95
2月 14, 2026 4:59:19 上午 spec.jbb.JBBmain DoARun -> 信息:   started user thread for Warehouse 96
2月 14, 2026 4:59:19 上午 spec.jbb.JBBmain DoARun -> 信息:   started user thread for Warehouse 97
2月 14, 2026 4:59:19 上午 spec.jbb.JBBmain DoARun -> 信息:   started user thread for Warehouse 98
2月 14, 2026 4:59:19 上午 spec.jbb.JBBmain DoARun -> 信息:   started user thread for Warehouse 99
2月 14, 2026 4:59:19 上午 spec.jbb.JBBmain DoARun -> 信息:   started user thread for Warehouse 100
2月 14, 2026 4:59:19 上午 spec.jbb.JBBmain DoARun -> 信息:   started user thread for Warehouse 101
2月 14, 2026 4:59:19 上午 spec.jbb.JBBmain DoARun -> 信息:   started user thread for Warehouse 102
2月 14, 2026 4:59:19 上午 spec.jbb.JBBmain DoARun -> 信息:   started user thread for Warehouse 103
2月 14, 2026 4:59:19 上午 spec.jbb.JBBmain DoARun -> 信息:   started user thread for Warehouse 104
2月 14, 2026 4:59:19 上午 spec.jbb.JBBmain DoARun -> 信息:   started user thread for Warehouse 105
2月 14, 2026 4:59:19 上午 spec.jbb.JBBmain DoARun -> 信息:   started user thread for Warehouse 106
2月 14, 2026 4:59:19 上午 spec.jbb.JBBmain DoARun -> 信息:   started user thread for Warehouse 107
2月 14, 2026 4:59:20 上午 spec.jbb.JBBmain DoARun -> 信息:   started user thread for Warehouse 108
2月 14, 2026 4:59:20 上午 spec.jbb.JBBmain DoARun -> 信息:   started user thread for Warehouse 109
2月 14, 2026 4:59:20 上午 spec.jbb.JBBmain DoARun -> 信息:   started user thread for Warehouse 110
2月 14, 2026 4:59:20 上午 spec.jbb.JBBmain DoARun -> 信息:   started user thread for Warehouse 111
2月 14, 2026 4:59:20 上午 spec.jbb.JBBmain DoARun -> 信息:   started user thread for Warehouse 112
2月 14, 2026 4:59:20 上午 spec.jbb.JBBmain DoARun -> 信息:   started user thread for Warehouse 113
2月 14, 2026 4:59:20 上午 spec.jbb.JBBmain DoARun -> 信息:   started user thread for Warehouse 114
2月 14, 2026 4:59:20 上午 spec.jbb.JBBmain DoARun -> 信息:   started user thread for Warehouse 115
2月 14, 2026 4:59:20 上午 spec.jbb.JBBmain DoARun -> 信息:   started user thread for Warehouse 116
2月 14, 2026 4:59:20 上午 spec.jbb.JBBmain DoARun -> 信息:   started user thread for Warehouse 117
2月 14, 2026 4:59:20 上午 spec.jbb.JBBmain DoARun -> 信息:   started user thread for Warehouse 118
2月 14, 2026 4:59:20 上午 spec.jbb.JBBmain DoARun -> 信息:   started user thread for Warehouse 119
2月 14, 2026 4:59:20 上午 spec.jbb.JBBmain DoARun -> 信息:   started user thread for Warehouse 120
2月 14, 2026 4:59:20 上午 spec.jbb.Company displayResultTotals -> 信息: Timing Measurement began Sat Feb 14 04:59:20 CST 2026 for 4 minutes
2月 14, 2026 5:03:20 上午 spec.jbb.Company displayResultTotals -> 信息: Timing Measurement ended Sat Feb 14 05:03:20 CST 2026
2月 14, 2026 5:03:20 上午 spec.jbb.Company primeWithDummyData -> 信息: Loading Warehouse 121...
2月 14, 2026 5:03:20 上午 spec.jbb.JBBmain DoARun -> 信息: Start User Threads
2月 14, 2026 5:03:20 上午 spec.jbb.JBBmain DoARun -> 信息:   started user thread for Warehouse 1
2月 14, 2026 5:03:20 上午 spec.jbb.JBBmain DoARun -> 信息:   started user thread for Warehouse 2
2月 14, 2026 5:03:20 上午 spec.jbb.JBBmain DoARun -> 信息:   started user thread for Warehouse 3
2月 14, 2026 5:03:20 上午 spec.jbb.JBBmain DoARun -> 信息:   started user thread for Warehouse 4
2月 14, 2026 5:03:20 上午 spec.jbb.JBBmain DoARun -> 信息:   started user thread for Warehouse 5
2月 14, 2026 5:03:20 上午 spec.jbb.JBBmain DoARun -> 信息:   started user thread for Warehouse 6
2月 14, 2026 5:03:20 上午 spec.jbb.JBBmain DoARun -> 信息:   started user thread for Warehouse 7
2月 14, 2026 5:03:20 上午 spec.jbb.JBBmain DoARun -> 信息:   started user thread for Warehouse 8
2月 14, 2026 5:03:20 上午 spec.jbb.JBBmain DoARun -> 信息:   started user thread for Warehouse 9
2月 14, 2026 5:03:20 上午 spec.jbb.JBBmain DoARun -> 信息:   started user thread for Warehouse 10
2月 14, 2026 5:03:20 上午 spec.jbb.JBBmain DoARun -> 信息:   started user thread for Warehouse 11
2月 14, 2026 5:03:20 上午 spec.jbb.JBBmain DoARun -> 信息:   started user thread for Warehouse 12
2月 14, 2026 5:03:20 上午 spec.jbb.JBBmain DoARun -> 信息:   started user thread for Warehouse 13
2月 14, 2026 5:03:20 上午 spec.jbb.JBBmain DoARun -> 信息:   started user thread for Warehouse 14
2月 14, 2026 5:03:20 上午 spec.jbb.JBBmain DoARun -> 信息:   started user thread for Warehouse 15
2月 14, 2026 5:03:20 上午 spec.jbb.JBBmain DoARun -> 信息:   started user thread for Warehouse 16
2月 14, 2026 5:03:20 上午 spec.jbb.JBBmain DoARun -> 信息:   started user thread for Warehouse 17
2月 14, 2026 5:03:20 上午 spec.jbb.JBBmain DoARun -> 信息:   started user thread for Warehouse 18
2月 14, 2026 5:03:20 上午 spec.jbb.JBBmain DoARun -> 信息:   started user thread for Warehouse 19
2月 14, 2026 5:03:20 上午 spec.jbb.JBBmain DoARun -> 信息:   started user thread for Warehouse 20
2月 14, 2026 5:03:20 上午 spec.jbb.JBBmain DoARun -> 信息:   started user thread for Warehouse 21
2月 14, 2026 5:03:20 上午 spec.jbb.JBBmain DoARun -> 信息:   started user thread for Warehouse 22
2月 14, 2026 5:03:20 上午 spec.jbb.JBBmain DoARun -> 信息:   started user thread for Warehouse 23
2月 14, 2026 5:03:20 上午 spec.jbb.JBBmain DoARun -> 信息:   started user thread for Warehouse 24
2月 14, 2026 5:03:20 上午 spec.jbb.JBBmain DoARun -> 信息:   started user thread for Warehouse 25
2月 14, 2026 5:03:20 上午 spec.jbb.JBBmain DoARun -> 信息:   started user thread for Warehouse 26
2月 14, 2026 5:03:20 上午 spec.jbb.JBBmain DoARun -> 信息:   started user thread for Warehouse 27
2月 14, 2026 5:03:20 上午 spec.jbb.JBBmain DoARun -> 信息:   started user thread for Warehouse 28
2月 14, 2026 5:03:20 上午 spec.jbb.JBBmain DoARun -> 信息:   started user thread for Warehouse 29
2月 14, 2026 5:03:20 上午 spec.jbb.JBBmain DoARun -> 信息:   started user thread for Warehouse 30
2月 14, 2026 5:03:20 上午 spec.jbb.JBBmain DoARun -> 信息:   started user thread for Warehouse 31
2月 14, 2026 5:03:20 上午 spec.jbb.JBBmain DoARun -> 信息:   started user thread for Warehouse 32
2月 14, 2026 5:03:20 上午 spec.jbb.JBBmain DoARun -> 信息:   started user thread for Warehouse 33
2月 14, 2026 5:03:20 上午 spec.jbb.JBBmain DoARun -> 信息:   started user thread for Warehouse 34
2月 14, 2026 5:03:20 上午 spec.jbb.JBBmain DoARun -> 信息:   started user thread for Warehouse 35
2月 14, 2026 5:03:20 上午 spec.jbb.JBBmain DoARun -> 信息:   started user thread for Warehouse 36
2月 14, 2026 5:03:20 上午 spec.jbb.JBBmain DoARun -> 信息:   started user thread for Warehouse 37
2月 14, 2026 5:03:20 上午 spec.jbb.JBBmain DoARun -> 信息:   started user thread for Warehouse 38
2月 14, 2026 5:03:20 上午 spec.jbb.JBBmain DoARun -> 信息:   started user thread for Warehouse 39
2月 14, 2026 5:03:20 上午 spec.jbb.JBBmain DoARun -> 信息:   started user thread for Warehouse 40
2月 14, 2026 5:03:20 上午 spec.jbb.JBBmain DoARun -> 信息:   started user thread for Warehouse 41
2月 14, 2026 5:03:20 上午 spec.jbb.JBBmain DoARun -> 信息:   started user thread for Warehouse 42
2月 14, 2026 5:03:20 上午 spec.jbb.JBBmain DoARun -> 信息:   started user thread for Warehouse 43
2月 14, 2026 5:03:20 上午 spec.jbb.JBBmain DoARun -> 信息:   started user thread for Warehouse 44
2月 14, 2026 5:03:20 上午 spec.jbb.JBBmain DoARun -> 信息:   started user thread for Warehouse 45
2月 14, 2026 5:03:20 上午 spec.jbb.JBBmain DoARun -> 信息:   started user thread for Warehouse 46
2月 14, 2026 5:03:20 上午 spec.jbb.JBBmain DoARun -> 信息:   started user thread for Warehouse 47
2月 14, 2026 5:03:20 上午 spec.jbb.JBBmain DoARun -> 信息:   started user thread for Warehouse 48
2月 14, 2026 5:03:20 上午 spec.jbb.JBBmain DoARun -> 信息:   started user thread for Warehouse 49
2月 14, 2026 5:03:20 上午 spec.jbb.JBBmain DoARun -> 信息:   started user thread for Warehouse 50
2月 14, 2026 5:03:20 上午 spec.jbb.JBBmain DoARun -> 信息:   started user thread for Warehouse 51
2月 14, 2026 5:03:20 上午 spec.jbb.JBBmain DoARun -> 信息:   started user thread for Warehouse 52
2月 14, 2026 5:03:20 上午 spec.jbb.JBBmain DoARun -> 信息:   started user thread for Warehouse 53
2月 14, 2026 5:03:20 上午 spec.jbb.JBBmain DoARun -> 信息:   started user thread for Warehouse 54
2月 14, 2026 5:03:20 上午 spec.jbb.JBBmain DoARun -> 信息:   started user thread for Warehouse 55
2月 14, 2026 5:03:20 上午 spec.jbb.JBBmain DoARun -> 信息:   started user thread for Warehouse 56
2月 14, 2026 5:03:20 上午 spec.jbb.JBBmain DoARun -> 信息:   started user thread for Warehouse 57
2月 14, 2026 5:03:20 上午 spec.jbb.JBBmain DoARun -> 信息:   started user thread for Warehouse 58
2月 14, 2026 5:03:20 上午 spec.jbb.JBBmain DoARun -> 信息:   started user thread for Warehouse 59
2月 14, 2026 5:03:20 上午 spec.jbb.JBBmain DoARun -> 信息:   started user thread for Warehouse 60
2月 14, 2026 5:03:20 上午 spec.jbb.JBBmain DoARun -> 信息:   started user thread for Warehouse 61
2月 14, 2026 5:03:20 上午 spec.jbb.JBBmain DoARun -> 信息:   started user thread for Warehouse 62
2月 14, 2026 5:03:20 上午 spec.jbb.JBBmain DoARun -> 信息:   started user thread for Warehouse 63
2月 14, 2026 5:03:20 上午 spec.jbb.JBBmain DoARun -> 信息:   started user thread for Warehouse 64
2月 14, 2026 5:03:20 上午 spec.jbb.JBBmain DoARun -> 信息:   started user thread for Warehouse 65
2月 14, 2026 5:03:20 上午 spec.jbb.JBBmain DoARun -> 信息:   started user thread for Warehouse 66
2月 14, 2026 5:03:20 上午 spec.jbb.JBBmain DoARun -> 信息:   started user thread for Warehouse 67
2月 14, 2026 5:03:20 上午 spec.jbb.JBBmain DoARun -> 信息:   started user thread for Warehouse 68
2月 14, 2026 5:03:20 上午 spec.jbb.JBBmain DoARun -> 信息:   started user thread for Warehouse 69
2月 14, 2026 5:03:20 上午 spec.jbb.JBBmain DoARun -> 信息:   started user thread for Warehouse 70
2月 14, 2026 5:03:20 上午 spec.jbb.JBBmain DoARun -> 信息:   started user thread for Warehouse 71
2月 14, 2026 5:03:20 上午 spec.jbb.JBBmain DoARun -> 信息:   started user thread for Warehouse 72
2月 14, 2026 5:03:20 上午 spec.jbb.JBBmain DoARun -> 信息:   started user thread for Warehouse 73
2月 14, 2026 5:03:20 上午 spec.jbb.JBBmain DoARun -> 信息:   started user thread for Warehouse 74
2月 14, 2026 5:03:20 上午 spec.jbb.JBBmain DoARun -> 信息:   started user thread for Warehouse 75
2月 14, 2026 5:03:20 上午 spec.jbb.JBBmain DoARun -> 信息:   started user thread for Warehouse 76
2月 14, 2026 5:03:20 上午 spec.jbb.JBBmain DoARun -> 信息:   started user thread for Warehouse 77
2月 14, 2026 5:03:20 上午 spec.jbb.JBBmain DoARun -> 信息:   started user thread for Warehouse 78
2月 14, 2026 5:03:20 上午 spec.jbb.JBBmain DoARun -> 信息:   started user thread for Warehouse 79
2月 14, 2026 5:03:20 上午 spec.jbb.JBBmain DoARun -> 信息:   started user thread for Warehouse 80
2月 14, 2026 5:03:20 上午 spec.jbb.JBBmain DoARun -> 信息:   started user thread for Warehouse 81
2月 14, 2026 5:03:20 上午 spec.jbb.JBBmain DoARun -> 信息:   started user thread for Warehouse 82
2月 14, 2026 5:03:20 上午 spec.jbb.JBBmain DoARun -> 信息:   started user thread for Warehouse 83
2月 14, 2026 5:03:20 上午 spec.jbb.JBBmain DoARun -> 信息:   started user thread for Warehouse 84
2月 14, 2026 5:03:20 上午 spec.jbb.JBBmain DoARun -> 信息:   started user thread for Warehouse 85
2月 14, 2026 5:03:20 上午 spec.jbb.JBBmain DoARun -> 信息:   started user thread for Warehouse 86
2月 14, 2026 5:03:20 上午 spec.jbb.JBBmain DoARun -> 信息:   started user thread for Warehouse 87
2月 14, 2026 5:03:20 上午 spec.jbb.JBBmain DoARun -> 信息:   started user thread for Warehouse 88
2月 14, 2026 5:03:20 上午 spec.jbb.JBBmain DoARun -> 信息:   started user thread for Warehouse 89
2月 14, 2026 5:03:20 上午 spec.jbb.JBBmain DoARun -> 信息:   started user thread for Warehouse 90
2月 14, 2026 5:03:20 上午 spec.jbb.JBBmain DoARun -> 信息:   started user thread for Warehouse 91
2月 14, 2026 5:03:20 上午 spec.jbb.JBBmain DoARun -> 信息:   started user thread for Warehouse 92
2月 14, 2026 5:03:20 上午 spec.jbb.JBBmain DoARun -> 信息:   started user thread for Warehouse 93
2月 14, 2026 5:03:20 上午 spec.jbb.JBBmain DoARun -> 信息:   started user thread for Warehouse 94
2月 14, 2026 5:03:20 上午 spec.jbb.JBBmain DoARun -> 信息:   started user thread for Warehouse 95
2月 14, 2026 5:03:20 上午 spec.jbb.JBBmain DoARun -> 信息:   started user thread for Warehouse 96
2月 14, 2026 5:03:20 上午 spec.jbb.JBBmain DoARun -> 信息:   started user thread for Warehouse 97
2月 14, 2026 5:03:20 上午 spec.jbb.JBBmain DoARun -> 信息:   started user thread for Warehouse 98
2月 14, 2026 5:03:20 上午 spec.jbb.JBBmain DoARun -> 信息:   started user thread for Warehouse 99
2月 14, 2026 5:03:20 上午 spec.jbb.JBBmain DoARun -> 信息:   started user thread for Warehouse 100
2月 14, 2026 5:03:20 上午 spec.jbb.JBBmain DoARun -> 信息:   started user thread for Warehouse 101
2月 14, 2026 5:03:20 上午 spec.jbb.JBBmain DoARun -> 信息:   started user thread for Warehouse 102
2月 14, 2026 5:03:20 上午 spec.jbb.JBBmain DoARun -> 信息:   started user thread for Warehouse 103
2月 14, 2026 5:03:20 上午 spec.jbb.JBBmain DoARun -> 信息:   started user thread for Warehouse 104
2月 14, 2026 5:03:20 上午 spec.jbb.JBBmain DoARun -> 信息:   started user thread for Warehouse 105
2月 14, 2026 5:03:20 上午 spec.jbb.JBBmain DoARun -> 信息:   started user thread for Warehouse 106
2月 14, 2026 5:03:20 上午 spec.jbb.JBBmain DoARun -> 信息:   started user thread for Warehouse 107
2月 14, 2026 5:03:20 上午 spec.jbb.JBBmain DoARun -> 信息:   started user thread for Warehouse 108
2月 14, 2026 5:03:20 上午 spec.jbb.JBBmain DoARun -> 信息:   started user thread for Warehouse 109
2月 14, 2026 5:03:20 上午 spec.jbb.JBBmain DoARun -> 信息:   started user thread for Warehouse 110
2月 14, 2026 5:03:20 上午 spec.jbb.JBBmain DoARun -> 信息:   started user thread for Warehouse 111
2月 14, 2026 5:03:20 上午 spec.jbb.JBBmain DoARun -> 信息:   started user thread for Warehouse 112
2月 14, 2026 5:03:20 上午 spec.jbb.JBBmain DoARun -> 信息:   started user thread for Warehouse 113
2月 14, 2026 5:03:20 上午 spec.jbb.JBBmain DoARun -> 信息:   started user thread for Warehouse 114
2月 14, 2026 5:03:20 上午 spec.jbb.JBBmain DoARun -> 信息:   started user thread for Warehouse 115
2月 14, 2026 5:03:20 上午 spec.jbb.JBBmain DoARun -> 信息:   started user thread for Warehouse 116
2月 14, 2026 5:03:20 上午 spec.jbb.JBBmain DoARun -> 信息:   started user thread for Warehouse 117
2月 14, 2026 5:03:20 上午 spec.jbb.JBBmain DoARun -> 信息:   started user thread for Warehouse 118
2月 14, 2026 5:03:20 上午 spec.jbb.JBBmain DoARun -> 信息:   started user thread for Warehouse 119
2月 14, 2026 5:03:20 上午 spec.jbb.JBBmain DoARun -> 信息:   started user thread for Warehouse 120
2月 14, 2026 5:03:20 上午 spec.jbb.JBBmain DoARun -> 信息:   started user thread for Warehouse 121
2月 14, 2026 5:03:20 上午 spec.jbb.Company displayResultTotals -> 信息: Timing Measurement began Sat Feb 14 05:03:20 CST 2026 for 4 minutes
2月 14, 2026 5:07:20 上午 spec.jbb.Company displayResultTotals -> 信息: Timing Measurement ended Sat Feb 14 05:07:20 CST 2026
2月 14, 2026 5:07:20 上午 spec.jbb.Company primeWithDummyData -> 信息: Loading Warehouse 122...
2月 14, 2026 5:07:20 上午 spec.jbb.JBBmain DoARun -> 信息: Start User Threads
2月 14, 2026 5:07:20 上午 spec.jbb.JBBmain DoARun -> 信息:   started user thread for Warehouse 1
2月 14, 2026 5:07:20 上午 spec.jbb.JBBmain DoARun -> 信息:   started user thread for Warehouse 2
2月 14, 2026 5:07:20 上午 spec.jbb.JBBmain DoARun -> 信息:   started user thread for Warehouse 3
2月 14, 2026 5:07:20 上午 spec.jbb.JBBmain DoARun -> 信息:   started user thread for Warehouse 4
2月 14, 2026 5:07:20 上午 spec.jbb.JBBmain DoARun -> 信息:   started user thread for Warehouse 5
2月 14, 2026 5:07:20 上午 spec.jbb.JBBmain DoARun -> 信息:   started user thread for Warehouse 6
2月 14, 2026 5:07:20 上午 spec.jbb.JBBmain DoARun -> 信息:   started user thread for Warehouse 7
2月 14, 2026 5:07:20 上午 spec.jbb.JBBmain DoARun -> 信息:   started user thread for Warehouse 8
2月 14, 2026 5:07:20 上午 spec.jbb.JBBmain DoARun -> 信息:   started user thread for Warehouse 9
2月 14, 2026 5:07:20 上午 spec.jbb.JBBmain DoARun -> 信息:   started user thread for Warehouse 10
2月 14, 2026 5:07:20 上午 spec.jbb.JBBmain DoARun -> 信息:   started user thread for Warehouse 11
2月 14, 2026 5:07:20 上午 spec.jbb.JBBmain DoARun -> 信息:   started user thread for Warehouse 12
2月 14, 2026 5:07:20 上午 spec.jbb.JBBmain DoARun -> 信息:   started user thread for Warehouse 13
2月 14, 2026 5:07:20 上午 spec.jbb.JBBmain DoARun -> 信息:   started user thread for Warehouse 14
2月 14, 2026 5:07:20 上午 spec.jbb.JBBmain DoARun -> 信息:   started user thread for Warehouse 15
2月 14, 2026 5:07:20 上午 spec.jbb.JBBmain DoARun -> 信息:   started user thread for Warehouse 16
2月 14, 2026 5:07:20 上午 spec.jbb.JBBmain DoARun -> 信息:   started user thread for Warehouse 17
2月 14, 2026 5:07:20 上午 spec.jbb.JBBmain DoARun -> 信息:   started user thread for Warehouse 18
2月 14, 2026 5:07:20 上午 spec.jbb.JBBmain DoARun -> 信息:   started user thread for Warehouse 19
2月 14, 2026 5:07:20 上午 spec.jbb.JBBmain DoARun -> 信息:   started user thread for Warehouse 20
2月 14, 2026 5:07:20 上午 spec.jbb.JBBmain DoARun -> 信息:   started user thread for Warehouse 21
2月 14, 2026 5:07:20 上午 spec.jbb.JBBmain DoARun -> 信息:   started user thread for Warehouse 22
2月 14, 2026 5:07:20 上午 spec.jbb.JBBmain DoARun -> 信息:   started user thread for Warehouse 23
2月 14, 2026 5:07:20 上午 spec.jbb.JBBmain DoARun -> 信息:   started user thread for Warehouse 24
2月 14, 2026 5:07:20 上午 spec.jbb.JBBmain DoARun -> 信息:   started user thread for Warehouse 25
2月 14, 2026 5:07:20 上午 spec.jbb.JBBmain DoARun -> 信息:   started user thread for Warehouse 26
2月 14, 2026 5:07:20 上午 spec.jbb.JBBmain DoARun -> 信息:   started user thread for Warehouse 27
2月 14, 2026 5:07:20 上午 spec.jbb.JBBmain DoARun -> 信息:   started user thread for Warehouse 28
2月 14, 2026 5:07:20 上午 spec.jbb.JBBmain DoARun -> 信息:   started user thread for Warehouse 29
2月 14, 2026 5:07:20 上午 spec.jbb.JBBmain DoARun -> 信息:   started user thread for Warehouse 30
2月 14, 2026 5:07:20 上午 spec.jbb.JBBmain DoARun -> 信息:   started user thread for Warehouse 31
2月 14, 2026 5:07:20 上午 spec.jbb.JBBmain DoARun -> 信息:   started user thread for Warehouse 32
2月 14, 2026 5:07:20 上午 spec.jbb.JBBmain DoARun -> 信息:   started user thread for Warehouse 33
2月 14, 2026 5:07:20 上午 spec.jbb.JBBmain DoARun -> 信息:   started user thread for Warehouse 34
2月 14, 2026 5:07:20 上午 spec.jbb.JBBmain DoARun -> 信息:   started user thread for Warehouse 35
2月 14, 2026 5:07:20 上午 spec.jbb.JBBmain DoARun -> 信息:   started user thread for Warehouse 36
2月 14, 2026 5:07:20 上午 spec.jbb.JBBmain DoARun -> 信息:   started user thread for Warehouse 37
2月 14, 2026 5:07:20 上午 spec.jbb.JBBmain DoARun -> 信息:   started user thread for Warehouse 38
2月 14, 2026 5:07:20 上午 spec.jbb.JBBmain DoARun -> 信息:   started user thread for Warehouse 39
2月 14, 2026 5:07:20 上午 spec.jbb.JBBmain DoARun -> 信息:   started user thread for Warehouse 40
2月 14, 2026 5:07:20 上午 spec.jbb.JBBmain DoARun -> 信息:   started user thread for Warehouse 41
2月 14, 2026 5:07:20 上午 spec.jbb.JBBmain DoARun -> 信息:   started user thread for Warehouse 42
2月 14, 2026 5:07:20 上午 spec.jbb.JBBmain DoARun -> 信息:   started user thread for Warehouse 43
2月 14, 2026 5:07:20 上午 spec.jbb.JBBmain DoARun -> 信息:   started user thread for Warehouse 44
2月 14, 2026 5:07:20 上午 spec.jbb.JBBmain DoARun -> 信息:   started user thread for Warehouse 45
2月 14, 2026 5:07:20 上午 spec.jbb.JBBmain DoARun -> 信息:   started user thread for Warehouse 46
2月 14, 2026 5:07:20 上午 spec.jbb.JBBmain DoARun -> 信息:   started user thread for Warehouse 47
2月 14, 2026 5:07:20 上午 spec.jbb.JBBmain DoARun -> 信息:   started user thread for Warehouse 48
2月 14, 2026 5:07:20 上午 spec.jbb.JBBmain DoARun -> 信息:   started user thread for Warehouse 49
2月 14, 2026 5:07:20 上午 spec.jbb.JBBmain DoARun -> 信息:   started user thread for Warehouse 50
2月 14, 2026 5:07:20 上午 spec.jbb.JBBmain DoARun -> 信息:   started user thread for Warehouse 51
2月 14, 2026 5:07:20 上午 spec.jbb.JBBmain DoARun -> 信息:   started user thread for Warehouse 52
2月 14, 2026 5:07:20 上午 spec.jbb.JBBmain DoARun -> 信息:   started user thread for Warehouse 53
2月 14, 2026 5:07:20 上午 spec.jbb.JBBmain DoARun -> 信息:   started user thread for Warehouse 54
2月 14, 2026 5:07:20 上午 spec.jbb.JBBmain DoARun -> 信息:   started user thread for Warehouse 55
2月 14, 2026 5:07:20 上午 spec.jbb.JBBmain DoARun -> 信息:   started user thread for Warehouse 56
2月 14, 2026 5:07:20 上午 spec.jbb.JBBmain DoARun -> 信息:   started user thread for Warehouse 57
2月 14, 2026 5:07:20 上午 spec.jbb.JBBmain DoARun -> 信息:   started user thread for Warehouse 58
2月 14, 2026 5:07:20 上午 spec.jbb.JBBmain DoARun -> 信息:   started user thread for Warehouse 59
2月 14, 2026 5:07:20 上午 spec.jbb.JBBmain DoARun -> 信息:   started user thread for Warehouse 60
2月 14, 2026 5:07:20 上午 spec.jbb.JBBmain DoARun -> 信息:   started user thread for Warehouse 61
2月 14, 2026 5:07:20 上午 spec.jbb.JBBmain DoARun -> 信息:   started user thread for Warehouse 62
2月 14, 2026 5:07:20 上午 spec.jbb.JBBmain DoARun -> 信息:   started user thread for Warehouse 63
2月 14, 2026 5:07:20 上午 spec.jbb.JBBmain DoARun -> 信息:   started user thread for Warehouse 64
2月 14, 2026 5:07:20 上午 spec.jbb.JBBmain DoARun -> 信息:   started user thread for Warehouse 65
2月 14, 2026 5:07:20 上午 spec.jbb.JBBmain DoARun -> 信息:   started user thread for Warehouse 66
2月 14, 2026 5:07:20 上午 spec.jbb.JBBmain DoARun -> 信息:   started user thread for Warehouse 67
2月 14, 2026 5:07:20 上午 spec.jbb.JBBmain DoARun -> 信息:   started user thread for Warehouse 68
2月 14, 2026 5:07:20 上午 spec.jbb.JBBmain DoARun -> 信息:   started user thread for Warehouse 69
2月 14, 2026 5:07:20 上午 spec.jbb.JBBmain DoARun -> 信息:   started user thread for Warehouse 70
2月 14, 2026 5:07:20 上午 spec.jbb.JBBmain DoARun -> 信息:   started user thread for Warehouse 71
2月 14, 2026 5:07:20 上午 spec.jbb.JBBmain DoARun -> 信息:   started user thread for Warehouse 72
2月 14, 2026 5:07:20 上午 spec.jbb.JBBmain DoARun -> 信息:   started user thread for Warehouse 73
2月 14, 2026 5:07:20 上午 spec.jbb.JBBmain DoARun -> 信息:   started user thread for Warehouse 74
2月 14, 2026 5:07:20 上午 spec.jbb.JBBmain DoARun -> 信息:   started user thread for Warehouse 75
2月 14, 2026 5:07:20 上午 spec.jbb.JBBmain DoARun -> 信息:   started user thread for Warehouse 76
2月 14, 2026 5:07:20 上午 spec.jbb.JBBmain DoARun -> 信息:   started user thread for Warehouse 77
2月 14, 2026 5:07:20 上午 spec.jbb.JBBmain DoARun -> 信息:   started user thread for Warehouse 78
2月 14, 2026 5:07:20 上午 spec.jbb.JBBmain DoARun -> 信息:   started user thread for Warehouse 79
2月 14, 2026 5:07:20 上午 spec.jbb.JBBmain DoARun -> 信息:   started user thread for Warehouse 80
2月 14, 2026 5:07:20 上午 spec.jbb.JBBmain DoARun -> 信息:   started user thread for Warehouse 81
2月 14, 2026 5:07:20 上午 spec.jbb.JBBmain DoARun -> 信息:   started user thread for Warehouse 82
2月 14, 2026 5:07:20 上午 spec.jbb.JBBmain DoARun -> 信息:   started user thread for Warehouse 83
2月 14, 2026 5:07:20 上午 spec.jbb.JBBmain DoARun -> 信息:   started user thread for Warehouse 84
2月 14, 2026 5:07:20 上午 spec.jbb.JBBmain DoARun -> 信息:   started user thread for Warehouse 85
2月 14, 2026 5:07:20 上午 spec.jbb.JBBmain DoARun -> 信息:   started user thread for Warehouse 86
2月 14, 2026 5:07:20 上午 spec.jbb.JBBmain DoARun -> 信息:   started user thread for Warehouse 87
2月 14, 2026 5:07:20 上午 spec.jbb.JBBmain DoARun -> 信息:   started user thread for Warehouse 88
2月 14, 2026 5:07:20 上午 spec.jbb.JBBmain DoARun -> 信息:   started user thread for Warehouse 89
2月 14, 2026 5:07:20 上午 spec.jbb.JBBmain DoARun -> 信息:   started user thread for Warehouse 90
2月 14, 2026 5:07:20 上午 spec.jbb.JBBmain DoARun -> 信息:   started user thread for Warehouse 91
2月 14, 2026 5:07:20 上午 spec.jbb.JBBmain DoARun -> 信息:   started user thread for Warehouse 92
2月 14, 2026 5:07:20 上午 spec.jbb.JBBmain DoARun -> 信息:   started user thread for Warehouse 93
2月 14, 2026 5:07:20 上午 spec.jbb.JBBmain DoARun -> 信息:   started user thread for Warehouse 94
2月 14, 2026 5:07:20 上午 spec.jbb.JBBmain DoARun -> 信息:   started user thread for Warehouse 95
2月 14, 2026 5:07:20 上午 spec.jbb.JBBmain DoARun -> 信息:   started user thread for Warehouse 96
2月 14, 2026 5:07:20 上午 spec.jbb.JBBmain DoARun -> 信息:   started user thread for Warehouse 97
2月 14, 2026 5:07:20 上午 spec.jbb.JBBmain DoARun -> 信息:   started user thread for Warehouse 98
2月 14, 2026 5:07:20 上午 spec.jbb.JBBmain DoARun -> 信息:   started user thread for Warehouse 99
2月 14, 2026 5:07:20 上午 spec.jbb.JBBmain DoARun -> 信息:   started user thread for Warehouse 100
2月 14, 2026 5:07:20 上午 spec.jbb.JBBmain DoARun -> 信息:   started user thread for Warehouse 101
2月 14, 2026 5:07:20 上午 spec.jbb.JBBmain DoARun -> 信息:   started user thread for Warehouse 102
2月 14, 2026 5:07:20 上午 spec.jbb.JBBmain DoARun -> 信息:   started user thread for Warehouse 103
2月 14, 2026 5:07:20 上午 spec.jbb.JBBmain DoARun -> 信息:   started user thread for Warehouse 104
2月 14, 2026 5:07:20 上午 spec.jbb.JBBmain DoARun -> 信息:   started user thread for Warehouse 105
2月 14, 2026 5:07:20 上午 spec.jbb.JBBmain DoARun -> 信息:   started user thread for Warehouse 106
2月 14, 2026 5:07:20 上午 spec.jbb.JBBmain DoARun -> 信息:   started user thread for Warehouse 107
2月 14, 2026 5:07:20 上午 spec.jbb.JBBmain DoARun -> 信息:   started user thread for Warehouse 108
2月 14, 2026 5:07:20 上午 spec.jbb.JBBmain DoARun -> 信息:   started user thread for Warehouse 109
2月 14, 2026 5:07:20 上午 spec.jbb.JBBmain DoARun -> 信息:   started user thread for Warehouse 110
2月 14, 2026 5:07:20 上午 spec.jbb.JBBmain DoARun -> 信息:   started user thread for Warehouse 111
2月 14, 2026 5:07:20 上午 spec.jbb.JBBmain DoARun -> 信息:   started user thread for Warehouse 112
2月 14, 2026 5:07:20 上午 spec.jbb.JBBmain DoARun -> 信息:   started user thread for Warehouse 113
2月 14, 2026 5:07:20 上午 spec.jbb.JBBmain DoARun -> 信息:   started user thread for Warehouse 114
2月 14, 2026 5:07:20 上午 spec.jbb.JBBmain DoARun -> 信息:   started user thread for Warehouse 115
2月 14, 2026 5:07:20 上午 spec.jbb.JBBmain DoARun -> 信息:   started user thread for Warehouse 116
2月 14, 2026 5:07:20 上午 spec.jbb.JBBmain DoARun -> 信息:   started user thread for Warehouse 117
2月 14, 2026 5:07:20 上午 spec.jbb.JBBmain DoARun -> 信息:   started user thread for Warehouse 118
2月 14, 2026 5:07:20 上午 spec.jbb.JBBmain DoARun -> 信息:   started user thread for Warehouse 119
2月 14, 2026 5:07:20 上午 spec.jbb.JBBmain DoARun -> 信息:   started user thread for Warehouse 120
2月 14, 2026 5:07:20 上午 spec.jbb.JBBmain DoARun -> 信息:   started user thread for Warehouse 121
2月 14, 2026 5:07:20 上午 spec.jbb.JBBmain DoARun -> 信息:   started user thread for Warehouse 122
2月 14, 2026 5:07:20 上午 spec.jbb.Company displayResultTotals -> 信息: Timing Measurement began Sat Feb 14 05:07:20 CST 2026 for 4 minutes
2月 14, 2026 5:11:20 上午 spec.jbb.Company displayResultTotals -> 信息: Timing Measurement ended Sat Feb 14 05:11:20 CST 2026
2月 14, 2026 5:11:20 上午 spec.jbb.Company primeWithDummyData -> 信息: Loading Warehouse 123...
2月 14, 2026 5:11:20 上午 spec.jbb.JBBmain DoARun -> 信息: Start User Threads
2月 14, 2026 5:11:20 上午 spec.jbb.JBBmain DoARun -> 信息:   started user thread for Warehouse 1
2月 14, 2026 5:11:20 上午 spec.jbb.JBBmain DoARun -> 信息:   started user thread for Warehouse 2
2月 14, 2026 5:11:20 上午 spec.jbb.JBBmain DoARun -> 信息:   started user thread for Warehouse 3
2月 14, 2026 5:11:20 上午 spec.jbb.JBBmain DoARun -> 信息:   started user thread for Warehouse 4
2月 14, 2026 5:11:20 上午 spec.jbb.JBBmain DoARun -> 信息:   started user thread for Warehouse 5
2月 14, 2026 5:11:20 上午 spec.jbb.JBBmain DoARun -> 信息:   started user thread for Warehouse 6
2月 14, 2026 5:11:20 上午 spec.jbb.JBBmain DoARun -> 信息:   started user thread for Warehouse 7
2月 14, 2026 5:11:20 上午 spec.jbb.JBBmain DoARun -> 信息:   started user thread for Warehouse 8
2月 14, 2026 5:11:20 上午 spec.jbb.JBBmain DoARun -> 信息:   started user thread for Warehouse 9
2月 14, 2026 5:11:20 上午 spec.jbb.JBBmain DoARun -> 信息:   started user thread for Warehouse 10
2月 14, 2026 5:11:20 上午 spec.jbb.JBBmain DoARun -> 信息:   started user thread for Warehouse 11
2月 14, 2026 5:11:20 上午 spec.jbb.JBBmain DoARun -> 信息:   started user thread for Warehouse 12
2月 14, 2026 5:11:20 上午 spec.jbb.JBBmain DoARun -> 信息:   started user thread for Warehouse 13
2月 14, 2026 5:11:20 上午 spec.jbb.JBBmain DoARun -> 信息:   started user thread for Warehouse 14
2月 14, 2026 5:11:20 上午 spec.jbb.JBBmain DoARun -> 信息:   started user thread for Warehouse 15
2月 14, 2026 5:11:20 上午 spec.jbb.JBBmain DoARun -> 信息:   started user thread for Warehouse 16
2月 14, 2026 5:11:20 上午 spec.jbb.JBBmain DoARun -> 信息:   started user thread for Warehouse 17
2月 14, 2026 5:11:20 上午 spec.jbb.JBBmain DoARun -> 信息:   started user thread for Warehouse 18
2月 14, 2026 5:11:20 上午 spec.jbb.JBBmain DoARun -> 信息:   started user thread for Warehouse 19
2月 14, 2026 5:11:20 上午 spec.jbb.JBBmain DoARun -> 信息:   started user thread for Warehouse 20
2月 14, 2026 5:11:20 上午 spec.jbb.JBBmain DoARun -> 信息:   started user thread for Warehouse 21
2月 14, 2026 5:11:20 上午 spec.jbb.JBBmain DoARun -> 信息:   started user thread for Warehouse 22
2月 14, 2026 5:11:20 上午 spec.jbb.JBBmain DoARun -> 信息:   started user thread for Warehouse 23
2月 14, 2026 5:11:20 上午 spec.jbb.JBBmain DoARun -> 信息:   started user thread for Warehouse 24
2月 14, 2026 5:11:20 上午 spec.jbb.JBBmain DoARun -> 信息:   started user thread for Warehouse 25
2月 14, 2026 5:11:20 上午 spec.jbb.JBBmain DoARun -> 信息:   started user thread for Warehouse 26
2月 14, 2026 5:11:20 上午 spec.jbb.JBBmain DoARun -> 信息:   started user thread for Warehouse 27
2月 14, 2026 5:11:20 上午 spec.jbb.JBBmain DoARun -> 信息:   started user thread for Warehouse 28
2月 14, 2026 5:11:20 上午 spec.jbb.JBBmain DoARun -> 信息:   started user thread for Warehouse 29
2月 14, 2026 5:11:20 上午 spec.jbb.JBBmain DoARun -> 信息:   started user thread for Warehouse 30
2月 14, 2026 5:11:20 上午 spec.jbb.JBBmain DoARun -> 信息:   started user thread for Warehouse 31
2月 14, 2026 5:11:20 上午 spec.jbb.JBBmain DoARun -> 信息:   started user thread for Warehouse 32
2月 14, 2026 5:11:20 上午 spec.jbb.JBBmain DoARun -> 信息:   started user thread for Warehouse 33
2月 14, 2026 5:11:20 上午 spec.jbb.JBBmain DoARun -> 信息:   started user thread for Warehouse 34
2月 14, 2026 5:11:20 上午 spec.jbb.JBBmain DoARun -> 信息:   started user thread for Warehouse 35
2月 14, 2026 5:11:20 上午 spec.jbb.JBBmain DoARun -> 信息:   started user thread for Warehouse 36
2月 14, 2026 5:11:20 上午 spec.jbb.JBBmain DoARun -> 信息:   started user thread for Warehouse 37
2月 14, 2026 5:11:20 上午 spec.jbb.JBBmain DoARun -> 信息:   started user thread for Warehouse 38
2月 14, 2026 5:11:20 上午 spec.jbb.JBBmain DoARun -> 信息:   started user thread for Warehouse 39
2月 14, 2026 5:11:20 上午 spec.jbb.JBBmain DoARun -> 信息:   started user thread for Warehouse 40
2月 14, 2026 5:11:20 上午 spec.jbb.JBBmain DoARun -> 信息:   started user thread for Warehouse 41
2月 14, 2026 5:11:20 上午 spec.jbb.JBBmain DoARun -> 信息:   started user thread for Warehouse 42
2月 14, 2026 5:11:20 上午 spec.jbb.JBBmain DoARun -> 信息:   started user thread for Warehouse 43
2月 14, 2026 5:11:20 上午 spec.jbb.JBBmain DoARun -> 信息:   started user thread for Warehouse 44
2月 14, 2026 5:11:20 上午 spec.jbb.JBBmain DoARun -> 信息:   started user thread for Warehouse 45
2月 14, 2026 5:11:20 上午 spec.jbb.JBBmain DoARun -> 信息:   started user thread for Warehouse 46
2月 14, 2026 5:11:20 上午 spec.jbb.JBBmain DoARun -> 信息:   started user thread for Warehouse 47
2月 14, 2026 5:11:20 上午 spec.jbb.JBBmain DoARun -> 信息:   started user thread for Warehouse 48
2月 14, 2026 5:11:20 上午 spec.jbb.JBBmain DoARun -> 信息:   started user thread for Warehouse 49
2月 14, 2026 5:11:20 上午 spec.jbb.JBBmain DoARun -> 信息:   started user thread for Warehouse 50
2月 14, 2026 5:11:20 上午 spec.jbb.JBBmain DoARun -> 信息:   started user thread for Warehouse 51
2月 14, 2026 5:11:20 上午 spec.jbb.JBBmain DoARun -> 信息:   started user thread for Warehouse 52
2月 14, 2026 5:11:20 上午 spec.jbb.JBBmain DoARun -> 信息:   started user thread for Warehouse 53
2月 14, 2026 5:11:20 上午 spec.jbb.JBBmain DoARun -> 信息:   started user thread for Warehouse 54
2月 14, 2026 5:11:20 上午 spec.jbb.JBBmain DoARun -> 信息:   started user thread for Warehouse 55
2月 14, 2026 5:11:20 上午 spec.jbb.JBBmain DoARun -> 信息:   started user thread for Warehouse 56
2月 14, 2026 5:11:20 上午 spec.jbb.JBBmain DoARun -> 信息:   started user thread for Warehouse 57
2月 14, 2026 5:11:20 上午 spec.jbb.JBBmain DoARun -> 信息:   started user thread for Warehouse 58
2月 14, 2026 5:11:20 上午 spec.jbb.JBBmain DoARun -> 信息:   started user thread for Warehouse 59
2月 14, 2026 5:11:20 上午 spec.jbb.JBBmain DoARun -> 信息:   started user thread for Warehouse 60
2月 14, 2026 5:11:20 上午 spec.jbb.JBBmain DoARun -> 信息:   started user thread for Warehouse 61
2月 14, 2026 5:11:20 上午 spec.jbb.JBBmain DoARun -> 信息:   started user thread for Warehouse 62
2月 14, 2026 5:11:20 上午 spec.jbb.JBBmain DoARun -> 信息:   started user thread for Warehouse 63
2月 14, 2026 5:11:20 上午 spec.jbb.JBBmain DoARun -> 信息:   started user thread for Warehouse 64
2月 14, 2026 5:11:20 上午 spec.jbb.JBBmain DoARun -> 信息:   started user thread for Warehouse 65
2月 14, 2026 5:11:20 上午 spec.jbb.JBBmain DoARun -> 信息:   started user thread for Warehouse 66
2月 14, 2026 5:11:20 上午 spec.jbb.JBBmain DoARun -> 信息:   started user thread for Warehouse 67
2月 14, 2026 5:11:20 上午 spec.jbb.JBBmain DoARun -> 信息:   started user thread for Warehouse 68
2月 14, 2026 5:11:20 上午 spec.jbb.JBBmain DoARun -> 信息:   started user thread for Warehouse 69
2月 14, 2026 5:11:20 上午 spec.jbb.JBBmain DoARun -> 信息:   started user thread for Warehouse 70
2月 14, 2026 5:11:20 上午 spec.jbb.JBBmain DoARun -> 信息:   started user thread for Warehouse 71
2月 14, 2026 5:11:20 上午 spec.jbb.JBBmain DoARun -> 信息:   started user thread for Warehouse 72
2月 14, 2026 5:11:20 上午 spec.jbb.JBBmain DoARun -> 信息:   started user thread for Warehouse 73
2月 14, 2026 5:11:20 上午 spec.jbb.JBBmain DoARun -> 信息:   started user thread for Warehouse 74
2月 14, 2026 5:11:20 上午 spec.jbb.JBBmain DoARun -> 信息:   started user thread for Warehouse 75
2月 14, 2026 5:11:20 上午 spec.jbb.JBBmain DoARun -> 信息:   started user thread for Warehouse 76
2月 14, 2026 5:11:20 上午 spec.jbb.JBBmain DoARun -> 信息:   started user thread for Warehouse 77
2月 14, 2026 5:11:20 上午 spec.jbb.JBBmain DoARun -> 信息:   started user thread for Warehouse 78
2月 14, 2026 5:11:20 上午 spec.jbb.JBBmain DoARun -> 信息:   started user thread for Warehouse 79
2月 14, 2026 5:11:20 上午 spec.jbb.JBBmain DoARun -> 信息:   started user thread for Warehouse 80
2月 14, 2026 5:11:20 上午 spec.jbb.JBBmain DoARun -> 信息:   started user thread for Warehouse 81
2月 14, 2026 5:11:20 上午 spec.jbb.JBBmain DoARun -> 信息:   started user thread for Warehouse 82
2月 14, 2026 5:11:20 上午 spec.jbb.JBBmain DoARun -> 信息:   started user thread for Warehouse 83
2月 14, 2026 5:11:20 上午 spec.jbb.JBBmain DoARun -> 信息:   started user thread for Warehouse 84
2月 14, 2026 5:11:20 上午 spec.jbb.JBBmain DoARun -> 信息:   started user thread for Warehouse 85
2月 14, 2026 5:11:20 上午 spec.jbb.JBBmain DoARun -> 信息:   started user thread for Warehouse 86
2月 14, 2026 5:11:20 上午 spec.jbb.JBBmain DoARun -> 信息:   started user thread for Warehouse 87
2月 14, 2026 5:11:20 上午 spec.jbb.JBBmain DoARun -> 信息:   started user thread for Warehouse 88
2月 14, 2026 5:11:20 上午 spec.jbb.JBBmain DoARun -> 信息:   started user thread for Warehouse 89
2月 14, 2026 5:11:20 上午 spec.jbb.JBBmain DoARun -> 信息:   started user thread for Warehouse 90
2月 14, 2026 5:11:20 上午 spec.jbb.JBBmain DoARun -> 信息:   started user thread for Warehouse 91
2月 14, 2026 5:11:20 上午 spec.jbb.JBBmain DoARun -> 信息:   started user thread for Warehouse 92
2月 14, 2026 5:11:20 上午 spec.jbb.JBBmain DoARun -> 信息:   started user thread for Warehouse 93
2月 14, 2026 5:11:20 上午 spec.jbb.JBBmain DoARun -> 信息:   started user thread for Warehouse 94
2月 14, 2026 5:11:20 上午 spec.jbb.JBBmain DoARun -> 信息:   started user thread for Warehouse 95
2月 14, 2026 5:11:20 上午 spec.jbb.JBBmain DoARun -> 信息:   started user thread for Warehouse 96
2月 14, 2026 5:11:20 上午 spec.jbb.JBBmain DoARun -> 信息:   started user thread for Warehouse 97
2月 14, 2026 5:11:20 上午 spec.jbb.JBBmain DoARun -> 信息:   started user thread for Warehouse 98
2月 14, 2026 5:11:20 上午 spec.jbb.JBBmain DoARun -> 信息:   started user thread for Warehouse 99
2月 14, 2026 5:11:20 上午 spec.jbb.JBBmain DoARun -> 信息:   started user thread for Warehouse 100
2月 14, 2026 5:11:20 上午 spec.jbb.JBBmain DoARun -> 信息:   started user thread for Warehouse 101
2月 14, 2026 5:11:20 上午 spec.jbb.JBBmain DoARun -> 信息:   started user thread for Warehouse 102
2月 14, 2026 5:11:20 上午 spec.jbb.JBBmain DoARun -> 信息:   started user thread for Warehouse 103
2月 14, 2026 5:11:20 上午 spec.jbb.JBBmain DoARun -> 信息:   started user thread for Warehouse 104
2月 14, 2026 5:11:20 上午 spec.jbb.JBBmain DoARun -> 信息:   started user thread for Warehouse 105
2月 14, 2026 5:11:20 上午 spec.jbb.JBBmain DoARun -> 信息:   started user thread for Warehouse 106
2月 14, 2026 5:11:20 上午 spec.jbb.JBBmain DoARun -> 信息:   started user thread for Warehouse 107
2月 14, 2026 5:11:20 上午 spec.jbb.JBBmain DoARun -> 信息:   started user thread for Warehouse 108
2月 14, 2026 5:11:20 上午 spec.jbb.JBBmain DoARun -> 信息:   started user thread for Warehouse 109
2月 14, 2026 5:11:20 上午 spec.jbb.JBBmain DoARun -> 信息:   started user thread for Warehouse 110
2月 14, 2026 5:11:20 上午 spec.jbb.JBBmain DoARun -> 信息:   started user thread for Warehouse 111
2月 14, 2026 5:11:20 上午 spec.jbb.JBBmain DoARun -> 信息:   started user thread for Warehouse 112
2月 14, 2026 5:11:20 上午 spec.jbb.JBBmain DoARun -> 信息:   started user thread for Warehouse 113
2月 14, 2026 5:11:20 上午 spec.jbb.JBBmain DoARun -> 信息:   started user thread for Warehouse 114
2月 14, 2026 5:11:20 上午 spec.jbb.JBBmain DoARun -> 信息:   started user thread for Warehouse 115
2月 14, 2026 5:11:20 上午 spec.jbb.JBBmain DoARun -> 信息:   started user thread for Warehouse 116
2月 14, 2026 5:11:20 上午 spec.jbb.JBBmain DoARun -> 信息:   started user thread for Warehouse 117
2月 14, 2026 5:11:20 上午 spec.jbb.JBBmain DoARun -> 信息:   started user thread for Warehouse 118
2月 14, 2026 5:11:20 上午 spec.jbb.JBBmain DoARun -> 信息:   started user thread for Warehouse 119
2月 14, 2026 5:11:20 上午 spec.jbb.JBBmain DoARun -> 信息:   started user thread for Warehouse 120
2月 14, 2026 5:11:20 上午 spec.jbb.JBBmain DoARun -> 信息:   started user thread for Warehouse 121
2月 14, 2026 5:11:20 上午 spec.jbb.JBBmain DoARun -> 信息:   started user thread for Warehouse 122
2月 14, 2026 5:11:20 上午 spec.jbb.JBBmain DoARun -> 信息:   started user thread for Warehouse 123
2月 14, 2026 5:11:20 上午 spec.jbb.Company displayResultTotals -> 信息: Timing Measurement began Sat Feb 14 05:11:20 CST 2026 for 4 minutes
2月 14, 2026 5:15:20 上午 spec.jbb.Company displayResultTotals -> 信息: Timing Measurement ended Sat Feb 14 05:15:20 CST 2026
2月 14, 2026 5:15:20 上午 spec.jbb.Company primeWithDummyData -> 信息: Loading Warehouse 124...
2月 14, 2026 5:15:21 上午 spec.jbb.JBBmain DoARun -> 信息: Start User Threads
2月 14, 2026 5:15:21 上午 spec.jbb.JBBmain DoARun -> 信息:   started user thread for Warehouse 1
2月 14, 2026 5:15:21 上午 spec.jbb.JBBmain DoARun -> 信息:   started user thread for Warehouse 2
2月 14, 2026 5:15:21 上午 spec.jbb.JBBmain DoARun -> 信息:   started user thread for Warehouse 3
2月 14, 2026 5:15:21 上午 spec.jbb.JBBmain DoARun -> 信息:   started user thread for Warehouse 4
2月 14, 2026 5:15:21 上午 spec.jbb.JBBmain DoARun -> 信息:   started user thread for Warehouse 5
2月 14, 2026 5:15:21 上午 spec.jbb.JBBmain DoARun -> 信息:   started user thread for Warehouse 6
2月 14, 2026 5:15:21 上午 spec.jbb.JBBmain DoARun -> 信息:   started user thread for Warehouse 7
2月 14, 2026 5:15:21 上午 spec.jbb.JBBmain DoARun -> 信息:   started user thread for Warehouse 8
2月 14, 2026 5:15:21 上午 spec.jbb.JBBmain DoARun -> 信息:   started user thread for Warehouse 9
2月 14, 2026 5:15:21 上午 spec.jbb.JBBmain DoARun -> 信息:   started user thread for Warehouse 10
2月 14, 2026 5:15:21 上午 spec.jbb.JBBmain DoARun -> 信息:   started user thread for Warehouse 11
2月 14, 2026 5:15:21 上午 spec.jbb.JBBmain DoARun -> 信息:   started user thread for Warehouse 12
2月 14, 2026 5:15:21 上午 spec.jbb.JBBmain DoARun -> 信息:   started user thread for Warehouse 13
2月 14, 2026 5:15:21 上午 spec.jbb.JBBmain DoARun -> 信息:   started user thread for Warehouse 14
2月 14, 2026 5:15:21 上午 spec.jbb.JBBmain DoARun -> 信息:   started user thread for Warehouse 15
2月 14, 2026 5:15:21 上午 spec.jbb.JBBmain DoARun -> 信息:   started user thread for Warehouse 16
2月 14, 2026 5:15:21 上午 spec.jbb.JBBmain DoARun -> 信息:   started user thread for Warehouse 17
2月 14, 2026 5:15:21 上午 spec.jbb.JBBmain DoARun -> 信息:   started user thread for Warehouse 18
2月 14, 2026 5:15:21 上午 spec.jbb.JBBmain DoARun -> 信息:   started user thread for Warehouse 19
2月 14, 2026 5:15:21 上午 spec.jbb.JBBmain DoARun -> 信息:   started user thread for Warehouse 20
2月 14, 2026 5:15:21 上午 spec.jbb.JBBmain DoARun -> 信息:   started user thread for Warehouse 21
2月 14, 2026 5:15:21 上午 spec.jbb.JBBmain DoARun -> 信息:   started user thread for Warehouse 22
2月 14, 2026 5:15:21 上午 spec.jbb.JBBmain DoARun -> 信息:   started user thread for Warehouse 23
2月 14, 2026 5:15:21 上午 spec.jbb.JBBmain DoARun -> 信息:   started user thread for Warehouse 24
2月 14, 2026 5:15:21 上午 spec.jbb.JBBmain DoARun -> 信息:   started user thread for Warehouse 25
2月 14, 2026 5:15:21 上午 spec.jbb.JBBmain DoARun -> 信息:   started user thread for Warehouse 26
2月 14, 2026 5:15:21 上午 spec.jbb.JBBmain DoARun -> 信息:   started user thread for Warehouse 27
2月 14, 2026 5:15:21 上午 spec.jbb.JBBmain DoARun -> 信息:   started user thread for Warehouse 28
2月 14, 2026 5:15:21 上午 spec.jbb.JBBmain DoARun -> 信息:   started user thread for Warehouse 29
2月 14, 2026 5:15:21 上午 spec.jbb.JBBmain DoARun -> 信息:   started user thread for Warehouse 30
2月 14, 2026 5:15:21 上午 spec.jbb.JBBmain DoARun -> 信息:   started user thread for Warehouse 31
2月 14, 2026 5:15:21 上午 spec.jbb.JBBmain DoARun -> 信息:   started user thread for Warehouse 32
2月 14, 2026 5:15:21 上午 spec.jbb.JBBmain DoARun -> 信息:   started user thread for Warehouse 33
2月 14, 2026 5:15:21 上午 spec.jbb.JBBmain DoARun -> 信息:   started user thread for Warehouse 34
2月 14, 2026 5:15:21 上午 spec.jbb.JBBmain DoARun -> 信息:   started user thread for Warehouse 35
2月 14, 2026 5:15:21 上午 spec.jbb.JBBmain DoARun -> 信息:   started user thread for Warehouse 36
2月 14, 2026 5:15:21 上午 spec.jbb.JBBmain DoARun -> 信息:   started user thread for Warehouse 37
2月 14, 2026 5:15:21 上午 spec.jbb.JBBmain DoARun -> 信息:   started user thread for Warehouse 38
2月 14, 2026 5:15:21 上午 spec.jbb.JBBmain DoARun -> 信息:   started user thread for Warehouse 39
2月 14, 2026 5:15:21 上午 spec.jbb.JBBmain DoARun -> 信息:   started user thread for Warehouse 40
2月 14, 2026 5:15:21 上午 spec.jbb.JBBmain DoARun -> 信息:   started user thread for Warehouse 41
2月 14, 2026 5:15:21 上午 spec.jbb.JBBmain DoARun -> 信息:   started user thread for Warehouse 42
2月 14, 2026 5:15:21 上午 spec.jbb.JBBmain DoARun -> 信息:   started user thread for Warehouse 43
2月 14, 2026 5:15:21 上午 spec.jbb.JBBmain DoARun -> 信息:   started user thread for Warehouse 44
2月 14, 2026 5:15:21 上午 spec.jbb.JBBmain DoARun -> 信息:   started user thread for Warehouse 45
2月 14, 2026 5:15:21 上午 spec.jbb.JBBmain DoARun -> 信息:   started user thread for Warehouse 46
2月 14, 2026 5:15:21 上午 spec.jbb.JBBmain DoARun -> 信息:   started user thread for Warehouse 47
2月 14, 2026 5:15:21 上午 spec.jbb.JBBmain DoARun -> 信息:   started user thread for Warehouse 48
2月 14, 2026 5:15:21 上午 spec.jbb.JBBmain DoARun -> 信息:   started user thread for Warehouse 49
2月 14, 2026 5:15:21 上午 spec.jbb.JBBmain DoARun -> 信息:   started user thread for Warehouse 50
2月 14, 2026 5:15:21 上午 spec.jbb.JBBmain DoARun -> 信息:   started user thread for Warehouse 51
2月 14, 2026 5:15:21 上午 spec.jbb.JBBmain DoARun -> 信息:   started user thread for Warehouse 52
2月 14, 2026 5:15:21 上午 spec.jbb.JBBmain DoARun -> 信息:   started user thread for Warehouse 53
2月 14, 2026 5:15:21 上午 spec.jbb.JBBmain DoARun -> 信息:   started user thread for Warehouse 54
2月 14, 2026 5:15:21 上午 spec.jbb.JBBmain DoARun -> 信息:   started user thread for Warehouse 55
2月 14, 2026 5:15:21 上午 spec.jbb.JBBmain DoARun -> 信息:   started user thread for Warehouse 56
2月 14, 2026 5:15:21 上午 spec.jbb.JBBmain DoARun -> 信息:   started user thread for Warehouse 57
2月 14, 2026 5:15:21 上午 spec.jbb.JBBmain DoARun -> 信息:   started user thread for Warehouse 58
2月 14, 2026 5:15:21 上午 spec.jbb.JBBmain DoARun -> 信息:   started user thread for Warehouse 59
2月 14, 2026 5:15:21 上午 spec.jbb.JBBmain DoARun -> 信息:   started user thread for Warehouse 60
2月 14, 2026 5:15:21 上午 spec.jbb.JBBmain DoARun -> 信息:   started user thread for Warehouse 61
2月 14, 2026 5:15:21 上午 spec.jbb.JBBmain DoARun -> 信息:   started user thread for Warehouse 62
2月 14, 2026 5:15:21 上午 spec.jbb.JBBmain DoARun -> 信息:   started user thread for Warehouse 63
2月 14, 2026 5:15:21 上午 spec.jbb.JBBmain DoARun -> 信息:   started user thread for Warehouse 64
2月 14, 2026 5:15:21 上午 spec.jbb.JBBmain DoARun -> 信息:   started user thread for Warehouse 65
2月 14, 2026 5:15:21 上午 spec.jbb.JBBmain DoARun -> 信息:   started user thread for Warehouse 66
2月 14, 2026 5:15:21 上午 spec.jbb.JBBmain DoARun -> 信息:   started user thread for Warehouse 67
2月 14, 2026 5:15:21 上午 spec.jbb.JBBmain DoARun -> 信息:   started user thread for Warehouse 68
2月 14, 2026 5:15:21 上午 spec.jbb.JBBmain DoARun -> 信息:   started user thread for Warehouse 69
2月 14, 2026 5:15:21 上午 spec.jbb.JBBmain DoARun -> 信息:   started user thread for Warehouse 70
2月 14, 2026 5:15:21 上午 spec.jbb.JBBmain DoARun -> 信息:   started user thread for Warehouse 71
2月 14, 2026 5:15:21 上午 spec.jbb.JBBmain DoARun -> 信息:   started user thread for Warehouse 72
2月 14, 2026 5:15:21 上午 spec.jbb.JBBmain DoARun -> 信息:   started user thread for Warehouse 73
2月 14, 2026 5:15:21 上午 spec.jbb.JBBmain DoARun -> 信息:   started user thread for Warehouse 74
2月 14, 2026 5:15:21 上午 spec.jbb.JBBmain DoARun -> 信息:   started user thread for Warehouse 75
2月 14, 2026 5:15:21 上午 spec.jbb.JBBmain DoARun -> 信息:   started user thread for Warehouse 76
2月 14, 2026 5:15:21 上午 spec.jbb.JBBmain DoARun -> 信息:   started user thread for Warehouse 77
2月 14, 2026 5:15:21 上午 spec.jbb.JBBmain DoARun -> 信息:   started user thread for Warehouse 78
2月 14, 2026 5:15:21 上午 spec.jbb.JBBmain DoARun -> 信息:   started user thread for Warehouse 79
2月 14, 2026 5:15:21 上午 spec.jbb.JBBmain DoARun -> 信息:   started user thread for Warehouse 80
2月 14, 2026 5:15:21 上午 spec.jbb.JBBmain DoARun -> 信息:   started user thread for Warehouse 81
2月 14, 2026 5:15:21 上午 spec.jbb.JBBmain DoARun -> 信息:   started user thread for Warehouse 82
2月 14, 2026 5:15:21 上午 spec.jbb.JBBmain DoARun -> 信息:   started user thread for Warehouse 83
2月 14, 2026 5:15:21 上午 spec.jbb.JBBmain DoARun -> 信息:   started user thread for Warehouse 84
2月 14, 2026 5:15:21 上午 spec.jbb.JBBmain DoARun -> 信息:   started user thread for Warehouse 85
2月 14, 2026 5:15:21 上午 spec.jbb.JBBmain DoARun -> 信息:   started user thread for Warehouse 86
2月 14, 2026 5:15:21 上午 spec.jbb.JBBmain DoARun -> 信息:   started user thread for Warehouse 87
2月 14, 2026 5:15:21 上午 spec.jbb.JBBmain DoARun -> 信息:   started user thread for Warehouse 88
2月 14, 2026 5:15:21 上午 spec.jbb.JBBmain DoARun -> 信息:   started user thread for Warehouse 89
2月 14, 2026 5:15:21 上午 spec.jbb.JBBmain DoARun -> 信息:   started user thread for Warehouse 90
2月 14, 2026 5:15:21 上午 spec.jbb.JBBmain DoARun -> 信息:   started user thread for Warehouse 91
2月 14, 2026 5:15:21 上午 spec.jbb.JBBmain DoARun -> 信息:   started user thread for Warehouse 92
2月 14, 2026 5:15:21 上午 spec.jbb.JBBmain DoARun -> 信息:   started user thread for Warehouse 93
2月 14, 2026 5:15:21 上午 spec.jbb.JBBmain DoARun -> 信息:   started user thread for Warehouse 94
2月 14, 2026 5:15:21 上午 spec.jbb.JBBmain DoARun -> 信息:   started user thread for Warehouse 95
2月 14, 2026 5:15:21 上午 spec.jbb.JBBmain DoARun -> 信息:   started user thread for Warehouse 96
2月 14, 2026 5:15:21 上午 spec.jbb.JBBmain DoARun -> 信息:   started user thread for Warehouse 97
2月 14, 2026 5:15:21 上午 spec.jbb.JBBmain DoARun -> 信息:   started user thread for Warehouse 98
2月 14, 2026 5:15:21 上午 spec.jbb.JBBmain DoARun -> 信息:   started user thread for Warehouse 99
2月 14, 2026 5:15:21 上午 spec.jbb.JBBmain DoARun -> 信息:   started user thread for Warehouse 100
2月 14, 2026 5:15:21 上午 spec.jbb.JBBmain DoARun -> 信息:   started user thread for Warehouse 101
2月 14, 2026 5:15:21 上午 spec.jbb.JBBmain DoARun -> 信息:   started user thread for Warehouse 102
2月 14, 2026 5:15:21 上午 spec.jbb.JBBmain DoARun -> 信息:   started user thread for Warehouse 103
2月 14, 2026 5:15:21 上午 spec.jbb.JBBmain DoARun -> 信息:   started user thread for Warehouse 104
2月 14, 2026 5:15:21 上午 spec.jbb.JBBmain DoARun -> 信息:   started user thread for Warehouse 105
2月 14, 2026 5:15:21 上午 spec.jbb.JBBmain DoARun -> 信息:   started user thread for Warehouse 106
2月 14, 2026 5:15:21 上午 spec.jbb.JBBmain DoARun -> 信息:   started user thread for Warehouse 107
2月 14, 2026 5:15:21 上午 spec.jbb.JBBmain DoARun -> 信息:   started user thread for Warehouse 108
2月 14, 2026 5:15:21 上午 spec.jbb.JBBmain DoARun -> 信息:   started user thread for Warehouse 109
2月 14, 2026 5:15:21 上午 spec.jbb.JBBmain DoARun -> 信息:   started user thread for Warehouse 110
2月 14, 2026 5:15:21 上午 spec.jbb.JBBmain DoARun -> 信息:   started user thread for Warehouse 111
2月 14, 2026 5:15:21 上午 spec.jbb.JBBmain DoARun -> 信息:   started user thread for Warehouse 112
2月 14, 2026 5:15:21 上午 spec.jbb.JBBmain DoARun -> 信息:   started user thread for Warehouse 113
2月 14, 2026 5:15:21 上午 spec.jbb.JBBmain DoARun -> 信息:   started user thread for Warehouse 114
2月 14, 2026 5:15:21 上午 spec.jbb.JBBmain DoARun -> 信息:   started user thread for Warehouse 115
2月 14, 2026 5:15:21 上午 spec.jbb.JBBmain DoARun -> 信息:   started user thread for Warehouse 116
2月 14, 2026 5:15:21 上午 spec.jbb.JBBmain DoARun -> 信息:   started user thread for Warehouse 117
2月 14, 2026 5:15:21 上午 spec.jbb.JBBmain DoARun -> 信息:   started user thread for Warehouse 118
2月 14, 2026 5:15:21 上午 spec.jbb.JBBmain DoARun -> 信息:   started user thread for Warehouse 119
2月 14, 2026 5:15:21 上午 spec.jbb.JBBmain DoARun -> 信息:   started user thread for Warehouse 120
2月 14, 2026 5:15:21 上午 spec.jbb.JBBmain DoARun -> 信息:   started user thread for Warehouse 121
2月 14, 2026 5:15:21 上午 spec.jbb.JBBmain DoARun -> 信息:   started user thread for Warehouse 122
2月 14, 2026 5:15:21 上午 spec.jbb.JBBmain DoARun -> 信息:   started user thread for Warehouse 123
2月 14, 2026 5:15:21 上午 spec.jbb.JBBmain DoARun -> 信息:   started user thread for Warehouse 124
2月 14, 2026 5:15:21 上午 spec.jbb.Company displayResultTotals -> 信息: Timing Measurement began Sat Feb 14 05:15:21 CST 2026 for 4 minutes
2月 14, 2026 5:19:21 上午 spec.jbb.Company displayResultTotals -> 信息: Timing Measurement ended Sat Feb 14 05:19:21 CST 2026
2月 14, 2026 5:19:21 上午 spec.jbb.Company primeWithDummyData -> 信息: Loading Warehouse 125...
2月 14, 2026 5:19:21 上午 spec.jbb.JBBmain DoARun -> 信息: Start User Threads
2月 14, 2026 5:19:21 上午 spec.jbb.JBBmain DoARun -> 信息:   started user thread for Warehouse 1
2月 14, 2026 5:19:21 上午 spec.jbb.JBBmain DoARun -> 信息:   started user thread for Warehouse 2
2月 14, 2026 5:19:21 上午 spec.jbb.JBBmain DoARun -> 信息:   started user thread for Warehouse 3
2月 14, 2026 5:19:21 上午 spec.jbb.JBBmain DoARun -> 信息:   started user thread for Warehouse 4
2月 14, 2026 5:19:21 上午 spec.jbb.JBBmain DoARun -> 信息:   started user thread for Warehouse 5
2月 14, 2026 5:19:21 上午 spec.jbb.JBBmain DoARun -> 信息:   started user thread for Warehouse 6
2月 14, 2026 5:19:21 上午 spec.jbb.JBBmain DoARun -> 信息:   started user thread for Warehouse 7
2月 14, 2026 5:19:21 上午 spec.jbb.JBBmain DoARun -> 信息:   started user thread for Warehouse 8
2月 14, 2026 5:19:21 上午 spec.jbb.JBBmain DoARun -> 信息:   started user thread for Warehouse 9
2月 14, 2026 5:19:21 上午 spec.jbb.JBBmain DoARun -> 信息:   started user thread for Warehouse 10
2月 14, 2026 5:19:21 上午 spec.jbb.JBBmain DoARun -> 信息:   started user thread for Warehouse 11
2月 14, 2026 5:19:21 上午 spec.jbb.JBBmain DoARun -> 信息:   started user thread for Warehouse 12
2月 14, 2026 5:19:21 上午 spec.jbb.JBBmain DoARun -> 信息:   started user thread for Warehouse 13
2月 14, 2026 5:19:21 上午 spec.jbb.JBBmain DoARun -> 信息:   started user thread for Warehouse 14
2月 14, 2026 5:19:21 上午 spec.jbb.JBBmain DoARun -> 信息:   started user thread for Warehouse 15
2月 14, 2026 5:19:21 上午 spec.jbb.JBBmain DoARun -> 信息:   started user thread for Warehouse 16
2月 14, 2026 5:19:21 上午 spec.jbb.JBBmain DoARun -> 信息:   started user thread for Warehouse 17
2月 14, 2026 5:19:21 上午 spec.jbb.JBBmain DoARun -> 信息:   started user thread for Warehouse 18
2月 14, 2026 5:19:21 上午 spec.jbb.JBBmain DoARun -> 信息:   started user thread for Warehouse 19
2月 14, 2026 5:19:21 上午 spec.jbb.JBBmain DoARun -> 信息:   started user thread for Warehouse 20
2月 14, 2026 5:19:21 上午 spec.jbb.JBBmain DoARun -> 信息:   started user thread for Warehouse 21
2月 14, 2026 5:19:21 上午 spec.jbb.JBBmain DoARun -> 信息:   started user thread for Warehouse 22
2月 14, 2026 5:19:21 上午 spec.jbb.JBBmain DoARun -> 信息:   started user thread for Warehouse 23
2月 14, 2026 5:19:21 上午 spec.jbb.JBBmain DoARun -> 信息:   started user thread for Warehouse 24
2月 14, 2026 5:19:21 上午 spec.jbb.JBBmain DoARun -> 信息:   started user thread for Warehouse 25
2月 14, 2026 5:19:21 上午 spec.jbb.JBBmain DoARun -> 信息:   started user thread for Warehouse 26
2月 14, 2026 5:19:21 上午 spec.jbb.JBBmain DoARun -> 信息:   started user thread for Warehouse 27
2月 14, 2026 5:19:21 上午 spec.jbb.JBBmain DoARun -> 信息:   started user thread for Warehouse 28
2月 14, 2026 5:19:21 上午 spec.jbb.JBBmain DoARun -> 信息:   started user thread for Warehouse 29
2月 14, 2026 5:19:21 上午 spec.jbb.JBBmain DoARun -> 信息:   started user thread for Warehouse 30
2月 14, 2026 5:19:21 上午 spec.jbb.JBBmain DoARun -> 信息:   started user thread for Warehouse 31
2月 14, 2026 5:19:21 上午 spec.jbb.JBBmain DoARun -> 信息:   started user thread for Warehouse 32
2月 14, 2026 5:19:21 上午 spec.jbb.JBBmain DoARun -> 信息:   started user thread for Warehouse 33
2月 14, 2026 5:19:21 上午 spec.jbb.JBBmain DoARun -> 信息:   started user thread for Warehouse 34
2月 14, 2026 5:19:21 上午 spec.jbb.JBBmain DoARun -> 信息:   started user thread for Warehouse 35
2月 14, 2026 5:19:21 上午 spec.jbb.JBBmain DoARun -> 信息:   started user thread for Warehouse 36
2月 14, 2026 5:19:21 上午 spec.jbb.JBBmain DoARun -> 信息:   started user thread for Warehouse 37
2月 14, 2026 5:19:21 上午 spec.jbb.JBBmain DoARun -> 信息:   started user thread for Warehouse 38
2月 14, 2026 5:19:21 上午 spec.jbb.JBBmain DoARun -> 信息:   started user thread for Warehouse 39
2月 14, 2026 5:19:21 上午 spec.jbb.JBBmain DoARun -> 信息:   started user thread for Warehouse 40
2月 14, 2026 5:19:21 上午 spec.jbb.JBBmain DoARun -> 信息:   started user thread for Warehouse 41
2月 14, 2026 5:19:21 上午 spec.jbb.JBBmain DoARun -> 信息:   started user thread for Warehouse 42
2月 14, 2026 5:19:21 上午 spec.jbb.JBBmain DoARun -> 信息:   started user thread for Warehouse 43
2月 14, 2026 5:19:21 上午 spec.jbb.JBBmain DoARun -> 信息:   started user thread for Warehouse 44
2月 14, 2026 5:19:21 上午 spec.jbb.JBBmain DoARun -> 信息:   started user thread for Warehouse 45
2月 14, 2026 5:19:21 上午 spec.jbb.JBBmain DoARun -> 信息:   started user thread for Warehouse 46
2月 14, 2026 5:19:21 上午 spec.jbb.JBBmain DoARun -> 信息:   started user thread for Warehouse 47
2月 14, 2026 5:19:21 上午 spec.jbb.JBBmain DoARun -> 信息:   started user thread for Warehouse 48
2月 14, 2026 5:19:21 上午 spec.jbb.JBBmain DoARun -> 信息:   started user thread for Warehouse 49
2月 14, 2026 5:19:21 上午 spec.jbb.JBBmain DoARun -> 信息:   started user thread for Warehouse 50
2月 14, 2026 5:19:21 上午 spec.jbb.JBBmain DoARun -> 信息:   started user thread for Warehouse 51
2月 14, 2026 5:19:21 上午 spec.jbb.JBBmain DoARun -> 信息:   started user thread for Warehouse 52
2月 14, 2026 5:19:21 上午 spec.jbb.JBBmain DoARun -> 信息:   started user thread for Warehouse 53
2月 14, 2026 5:19:21 上午 spec.jbb.JBBmain DoARun -> 信息:   started user thread for Warehouse 54
2月 14, 2026 5:19:21 上午 spec.jbb.JBBmain DoARun -> 信息:   started user thread for Warehouse 55
2月 14, 2026 5:19:21 上午 spec.jbb.JBBmain DoARun -> 信息:   started user thread for Warehouse 56
2月 14, 2026 5:19:21 上午 spec.jbb.JBBmain DoARun -> 信息:   started user thread for Warehouse 57
2月 14, 2026 5:19:21 上午 spec.jbb.JBBmain DoARun -> 信息:   started user thread for Warehouse 58
2月 14, 2026 5:19:21 上午 spec.jbb.JBBmain DoARun -> 信息:   started user thread for Warehouse 59
2月 14, 2026 5:19:21 上午 spec.jbb.JBBmain DoARun -> 信息:   started user thread for Warehouse 60
2月 14, 2026 5:19:21 上午 spec.jbb.JBBmain DoARun -> 信息:   started user thread for Warehouse 61
2月 14, 2026 5:19:21 上午 spec.jbb.JBBmain DoARun -> 信息:   started user thread for Warehouse 62
2月 14, 2026 5:19:21 上午 spec.jbb.JBBmain DoARun -> 信息:   started user thread for Warehouse 63
2月 14, 2026 5:19:21 上午 spec.jbb.JBBmain DoARun -> 信息:   started user thread for Warehouse 64
2月 14, 2026 5:19:21 上午 spec.jbb.JBBmain DoARun -> 信息:   started user thread for Warehouse 65
2月 14, 2026 5:19:21 上午 spec.jbb.JBBmain DoARun -> 信息:   started user thread for Warehouse 66
2月 14, 2026 5:19:21 上午 spec.jbb.JBBmain DoARun -> 信息:   started user thread for Warehouse 67
2月 14, 2026 5:19:21 上午 spec.jbb.JBBmain DoARun -> 信息:   started user thread for Warehouse 68
2月 14, 2026 5:19:21 上午 spec.jbb.JBBmain DoARun -> 信息:   started user thread for Warehouse 69
2月 14, 2026 5:19:21 上午 spec.jbb.JBBmain DoARun -> 信息:   started user thread for Warehouse 70
2月 14, 2026 5:19:21 上午 spec.jbb.JBBmain DoARun -> 信息:   started user thread for Warehouse 71
2月 14, 2026 5:19:21 上午 spec.jbb.JBBmain DoARun -> 信息:   started user thread for Warehouse 72
2月 14, 2026 5:19:21 上午 spec.jbb.JBBmain DoARun -> 信息:   started user thread for Warehouse 73
2月 14, 2026 5:19:21 上午 spec.jbb.JBBmain DoARun -> 信息:   started user thread for Warehouse 74
2月 14, 2026 5:19:21 上午 spec.jbb.JBBmain DoARun -> 信息:   started user thread for Warehouse 75
2月 14, 2026 5:19:21 上午 spec.jbb.JBBmain DoARun -> 信息:   started user thread for Warehouse 76
2月 14, 2026 5:19:21 上午 spec.jbb.JBBmain DoARun -> 信息:   started user thread for Warehouse 77
2月 14, 2026 5:19:21 上午 spec.jbb.JBBmain DoARun -> 信息:   started user thread for Warehouse 78
2月 14, 2026 5:19:21 上午 spec.jbb.JBBmain DoARun -> 信息:   started user thread for Warehouse 79
2月 14, 2026 5:19:21 上午 spec.jbb.JBBmain DoARun -> 信息:   started user thread for Warehouse 80
2月 14, 2026 5:19:21 上午 spec.jbb.JBBmain DoARun -> 信息:   started user thread for Warehouse 81
2月 14, 2026 5:19:21 上午 spec.jbb.JBBmain DoARun -> 信息:   started user thread for Warehouse 82
2月 14, 2026 5:19:21 上午 spec.jbb.JBBmain DoARun -> 信息:   started user thread for Warehouse 83
2月 14, 2026 5:19:21 上午 spec.jbb.JBBmain DoARun -> 信息:   started user thread for Warehouse 84
2月 14, 2026 5:19:21 上午 spec.jbb.JBBmain DoARun -> 信息:   started user thread for Warehouse 85
2月 14, 2026 5:19:21 上午 spec.jbb.JBBmain DoARun -> 信息:   started user thread for Warehouse 86
2月 14, 2026 5:19:21 上午 spec.jbb.JBBmain DoARun -> 信息:   started user thread for Warehouse 87
2月 14, 2026 5:19:21 上午 spec.jbb.JBBmain DoARun -> 信息:   started user thread for Warehouse 88
2月 14, 2026 5:19:21 上午 spec.jbb.JBBmain DoARun -> 信息:   started user thread for Warehouse 89
2月 14, 2026 5:19:21 上午 spec.jbb.JBBmain DoARun -> 信息:   started user thread for Warehouse 90
2月 14, 2026 5:19:21 上午 spec.jbb.JBBmain DoARun -> 信息:   started user thread for Warehouse 91
2月 14, 2026 5:19:21 上午 spec.jbb.JBBmain DoARun -> 信息:   started user thread for Warehouse 92
2月 14, 2026 5:19:21 上午 spec.jbb.JBBmain DoARun -> 信息:   started user thread for Warehouse 93
2月 14, 2026 5:19:21 上午 spec.jbb.JBBmain DoARun -> 信息:   started user thread for Warehouse 94
2月 14, 2026 5:19:21 上午 spec.jbb.JBBmain DoARun -> 信息:   started user thread for Warehouse 95
2月 14, 2026 5:19:21 上午 spec.jbb.JBBmain DoARun -> 信息:   started user thread for Warehouse 96
2月 14, 2026 5:19:21 上午 spec.jbb.JBBmain DoARun -> 信息:   started user thread for Warehouse 97
2月 14, 2026 5:19:21 上午 spec.jbb.JBBmain DoARun -> 信息:   started user thread for Warehouse 98
2月 14, 2026 5:19:21 上午 spec.jbb.JBBmain DoARun -> 信息:   started user thread for Warehouse 99
2月 14, 2026 5:19:21 上午 spec.jbb.JBBmain DoARun -> 信息:   started user thread for Warehouse 100
2月 14, 2026 5:19:21 上午 spec.jbb.JBBmain DoARun -> 信息:   started user thread for Warehouse 101
2月 14, 2026 5:19:21 上午 spec.jbb.JBBmain DoARun -> 信息:   started user thread for Warehouse 102
2月 14, 2026 5:19:21 上午 spec.jbb.JBBmain DoARun -> 信息:   started user thread for Warehouse 103
2月 14, 2026 5:19:21 上午 spec.jbb.JBBmain DoARun -> 信息:   started user thread for Warehouse 104
2月 14, 2026 5:19:21 上午 spec.jbb.JBBmain DoARun -> 信息:   started user thread for Warehouse 105
2月 14, 2026 5:19:21 上午 spec.jbb.JBBmain DoARun -> 信息:   started user thread for Warehouse 106
2月 14, 2026 5:19:21 上午 spec.jbb.JBBmain DoARun -> 信息:   started user thread for Warehouse 107
2月 14, 2026 5:19:21 上午 spec.jbb.JBBmain DoARun -> 信息:   started user thread for Warehouse 108
2月 14, 2026 5:19:21 上午 spec.jbb.JBBmain DoARun -> 信息:   started user thread for Warehouse 109
2月 14, 2026 5:19:21 上午 spec.jbb.JBBmain DoARun -> 信息:   started user thread for Warehouse 110
2月 14, 2026 5:19:21 上午 spec.jbb.JBBmain DoARun -> 信息:   started user thread for Warehouse 111
2月 14, 2026 5:19:21 上午 spec.jbb.JBBmain DoARun -> 信息:   started user thread for Warehouse 112
2月 14, 2026 5:19:21 上午 spec.jbb.JBBmain DoARun -> 信息:   started user thread for Warehouse 113
2月 14, 2026 5:19:21 上午 spec.jbb.JBBmain DoARun -> 信息:   started user thread for Warehouse 114
2月 14, 2026 5:19:21 上午 spec.jbb.JBBmain DoARun -> 信息:   started user thread for Warehouse 115
2月 14, 2026 5:19:21 上午 spec.jbb.JBBmain DoARun -> 信息:   started user thread for Warehouse 116
2月 14, 2026 5:19:21 上午 spec.jbb.JBBmain DoARun -> 信息:   started user thread for Warehouse 117
2月 14, 2026 5:19:21 上午 spec.jbb.JBBmain DoARun -> 信息:   started user thread for Warehouse 118
2月 14, 2026 5:19:21 上午 spec.jbb.JBBmain DoARun -> 信息:   started user thread for Warehouse 119
2月 14, 2026 5:19:21 上午 spec.jbb.JBBmain DoARun -> 信息:   started user thread for Warehouse 120
2月 14, 2026 5:19:21 上午 spec.jbb.JBBmain DoARun -> 信息:   started user thread for Warehouse 121
2月 14, 2026 5:19:21 上午 spec.jbb.JBBmain DoARun -> 信息:   started user thread for Warehouse 122
2月 14, 2026 5:19:21 上午 spec.jbb.JBBmain DoARun -> 信息:   started user thread for Warehouse 123
2月 14, 2026 5:19:21 上午 spec.jbb.JBBmain DoARun -> 信息:   started user thread for Warehouse 124
2月 14, 2026 5:19:21 上午 spec.jbb.JBBmain DoARun -> 信息:   started user thread for Warehouse 125
2月 14, 2026 5:19:21 上午 spec.jbb.Company displayResultTotals -> 信息: Timing Measurement began Sat Feb 14 05:19:21 CST 2026 for 4 minutes
2月 14, 2026 5:23:21 上午 spec.jbb.Company displayResultTotals -> 信息: Timing Measurement ended Sat Feb 14 05:23:21 CST 2026
2月 14, 2026 5:23:21 上午 spec.jbb.Company primeWithDummyData -> 信息: Loading Warehouse 126...
2月 14, 2026 5:23:21 上午 spec.jbb.JBBmain DoARun -> 信息: Start User Threads
2月 14, 2026 5:23:21 上午 spec.jbb.JBBmain DoARun -> 信息:   started user thread for Warehouse 1
2月 14, 2026 5:23:21 上午 spec.jbb.JBBmain DoARun -> 信息:   started user thread for Warehouse 2
2月 14, 2026 5:23:21 上午 spec.jbb.JBBmain DoARun -> 信息:   started user thread for Warehouse 3
2月 14, 2026 5:23:21 上午 spec.jbb.JBBmain DoARun -> 信息:   started user thread for Warehouse 4
2月 14, 2026 5:23:21 上午 spec.jbb.JBBmain DoARun -> 信息:   started user thread for Warehouse 5
2月 14, 2026 5:23:21 上午 spec.jbb.JBBmain DoARun -> 信息:   started user thread for Warehouse 6
2月 14, 2026 5:23:21 上午 spec.jbb.JBBmain DoARun -> 信息:   started user thread for Warehouse 7
2月 14, 2026 5:23:21 上午 spec.jbb.JBBmain DoARun -> 信息:   started user thread for Warehouse 8
2月 14, 2026 5:23:21 上午 spec.jbb.JBBmain DoARun -> 信息:   started user thread for Warehouse 9
2月 14, 2026 5:23:21 上午 spec.jbb.JBBmain DoARun -> 信息:   started user thread for Warehouse 10
2月 14, 2026 5:23:21 上午 spec.jbb.JBBmain DoARun -> 信息:   started user thread for Warehouse 11
2月 14, 2026 5:23:21 上午 spec.jbb.JBBmain DoARun -> 信息:   started user thread for Warehouse 12
2月 14, 2026 5:23:21 上午 spec.jbb.JBBmain DoARun -> 信息:   started user thread for Warehouse 13
2月 14, 2026 5:23:21 上午 spec.jbb.JBBmain DoARun -> 信息:   started user thread for Warehouse 14
2月 14, 2026 5:23:21 上午 spec.jbb.JBBmain DoARun -> 信息:   started user thread for Warehouse 15
2月 14, 2026 5:23:21 上午 spec.jbb.JBBmain DoARun -> 信息:   started user thread for Warehouse 16
2月 14, 2026 5:23:21 上午 spec.jbb.JBBmain DoARun -> 信息:   started user thread for Warehouse 17
2月 14, 2026 5:23:21 上午 spec.jbb.JBBmain DoARun -> 信息:   started user thread for Warehouse 18
2月 14, 2026 5:23:21 上午 spec.jbb.JBBmain DoARun -> 信息:   started user thread for Warehouse 19
2月 14, 2026 5:23:21 上午 spec.jbb.JBBmain DoARun -> 信息:   started user thread for Warehouse 20
2月 14, 2026 5:23:21 上午 spec.jbb.JBBmain DoARun -> 信息:   started user thread for Warehouse 21
2月 14, 2026 5:23:21 上午 spec.jbb.JBBmain DoARun -> 信息:   started user thread for Warehouse 22
2月 14, 2026 5:23:21 上午 spec.jbb.JBBmain DoARun -> 信息:   started user thread for Warehouse 23
2月 14, 2026 5:23:21 上午 spec.jbb.JBBmain DoARun -> 信息:   started user thread for Warehouse 24
2月 14, 2026 5:23:21 上午 spec.jbb.JBBmain DoARun -> 信息:   started user thread for Warehouse 25
2月 14, 2026 5:23:21 上午 spec.jbb.JBBmain DoARun -> 信息:   started user thread for Warehouse 26
2月 14, 2026 5:23:21 上午 spec.jbb.JBBmain DoARun -> 信息:   started user thread for Warehouse 27
2月 14, 2026 5:23:21 上午 spec.jbb.JBBmain DoARun -> 信息:   started user thread for Warehouse 28
2月 14, 2026 5:23:21 上午 spec.jbb.JBBmain DoARun -> 信息:   started user thread for Warehouse 29
2月 14, 2026 5:23:21 上午 spec.jbb.JBBmain DoARun -> 信息:   started user thread for Warehouse 30
2月 14, 2026 5:23:21 上午 spec.jbb.JBBmain DoARun -> 信息:   started user thread for Warehouse 31
2月 14, 2026 5:23:21 上午 spec.jbb.JBBmain DoARun -> 信息:   started user thread for Warehouse 32
2月 14, 2026 5:23:21 上午 spec.jbb.JBBmain DoARun -> 信息:   started user thread for Warehouse 33
2月 14, 2026 5:23:21 上午 spec.jbb.JBBmain DoARun -> 信息:   started user thread for Warehouse 34
2月 14, 2026 5:23:21 上午 spec.jbb.JBBmain DoARun -> 信息:   started user thread for Warehouse 35
2月 14, 2026 5:23:21 上午 spec.jbb.JBBmain DoARun -> 信息:   started user thread for Warehouse 36
2月 14, 2026 5:23:21 上午 spec.jbb.JBBmain DoARun -> 信息:   started user thread for Warehouse 37
2月 14, 2026 5:23:21 上午 spec.jbb.JBBmain DoARun -> 信息:   started user thread for Warehouse 38
2月 14, 2026 5:23:21 上午 spec.jbb.JBBmain DoARun -> 信息:   started user thread for Warehouse 39
2月 14, 2026 5:23:21 上午 spec.jbb.JBBmain DoARun -> 信息:   started user thread for Warehouse 40
2月 14, 2026 5:23:21 上午 spec.jbb.JBBmain DoARun -> 信息:   started user thread for Warehouse 41
2月 14, 2026 5:23:21 上午 spec.jbb.JBBmain DoARun -> 信息:   started user thread for Warehouse 42
2月 14, 2026 5:23:21 上午 spec.jbb.JBBmain DoARun -> 信息:   started user thread for Warehouse 43
2月 14, 2026 5:23:21 上午 spec.jbb.JBBmain DoARun -> 信息:   started user thread for Warehouse 44
2月 14, 2026 5:23:21 上午 spec.jbb.JBBmain DoARun -> 信息:   started user thread for Warehouse 45
2月 14, 2026 5:23:21 上午 spec.jbb.JBBmain DoARun -> 信息:   started user thread for Warehouse 46
2月 14, 2026 5:23:21 上午 spec.jbb.JBBmain DoARun -> 信息:   started user thread for Warehouse 47
2月 14, 2026 5:23:21 上午 spec.jbb.JBBmain DoARun -> 信息:   started user thread for Warehouse 48
2月 14, 2026 5:23:21 上午 spec.jbb.JBBmain DoARun -> 信息:   started user thread for Warehouse 49
2月 14, 2026 5:23:21 上午 spec.jbb.JBBmain DoARun -> 信息:   started user thread for Warehouse 50
2月 14, 2026 5:23:21 上午 spec.jbb.JBBmain DoARun -> 信息:   started user thread for Warehouse 51
2月 14, 2026 5:23:21 上午 spec.jbb.JBBmain DoARun -> 信息:   started user thread for Warehouse 52
2月 14, 2026 5:23:21 上午 spec.jbb.JBBmain DoARun -> 信息:   started user thread for Warehouse 53
2月 14, 2026 5:23:21 上午 spec.jbb.JBBmain DoARun -> 信息:   started user thread for Warehouse 54
2月 14, 2026 5:23:21 上午 spec.jbb.JBBmain DoARun -> 信息:   started user thread for Warehouse 55
2月 14, 2026 5:23:21 上午 spec.jbb.JBBmain DoARun -> 信息:   started user thread for Warehouse 56
2月 14, 2026 5:23:21 上午 spec.jbb.JBBmain DoARun -> 信息:   started user thread for Warehouse 57
2月 14, 2026 5:23:21 上午 spec.jbb.JBBmain DoARun -> 信息:   started user thread for Warehouse 58
2月 14, 2026 5:23:21 上午 spec.jbb.JBBmain DoARun -> 信息:   started user thread for Warehouse 59
2月 14, 2026 5:23:21 上午 spec.jbb.JBBmain DoARun -> 信息:   started user thread for Warehouse 60
2月 14, 2026 5:23:21 上午 spec.jbb.JBBmain DoARun -> 信息:   started user thread for Warehouse 61
2月 14, 2026 5:23:21 上午 spec.jbb.JBBmain DoARun -> 信息:   started user thread for Warehouse 62
2月 14, 2026 5:23:21 上午 spec.jbb.JBBmain DoARun -> 信息:   started user thread for Warehouse 63
2月 14, 2026 5:23:21 上午 spec.jbb.JBBmain DoARun -> 信息:   started user thread for Warehouse 64
2月 14, 2026 5:23:21 上午 spec.jbb.JBBmain DoARun -> 信息:   started user thread for Warehouse 65
2月 14, 2026 5:23:21 上午 spec.jbb.JBBmain DoARun -> 信息:   started user thread for Warehouse 66
2月 14, 2026 5:23:21 上午 spec.jbb.JBBmain DoARun -> 信息:   started user thread for Warehouse 67
2月 14, 2026 5:23:21 上午 spec.jbb.JBBmain DoARun -> 信息:   started user thread for Warehouse 68
2月 14, 2026 5:23:21 上午 spec.jbb.JBBmain DoARun -> 信息:   started user thread for Warehouse 69
2月 14, 2026 5:23:21 上午 spec.jbb.JBBmain DoARun -> 信息:   started user thread for Warehouse 70
2月 14, 2026 5:23:21 上午 spec.jbb.JBBmain DoARun -> 信息:   started user thread for Warehouse 71
2月 14, 2026 5:23:21 上午 spec.jbb.JBBmain DoARun -> 信息:   started user thread for Warehouse 72
2月 14, 2026 5:23:21 上午 spec.jbb.JBBmain DoARun -> 信息:   started user thread for Warehouse 73
2月 14, 2026 5:23:21 上午 spec.jbb.JBBmain DoARun -> 信息:   started user thread for Warehouse 74
2月 14, 2026 5:23:21 上午 spec.jbb.JBBmain DoARun -> 信息:   started user thread for Warehouse 75
2月 14, 2026 5:23:21 上午 spec.jbb.JBBmain DoARun -> 信息:   started user thread for Warehouse 76
2月 14, 2026 5:23:21 上午 spec.jbb.JBBmain DoARun -> 信息:   started user thread for Warehouse 77
2月 14, 2026 5:23:21 上午 spec.jbb.JBBmain DoARun -> 信息:   started user thread for Warehouse 78
2月 14, 2026 5:23:21 上午 spec.jbb.JBBmain DoARun -> 信息:   started user thread for Warehouse 79
2月 14, 2026 5:23:21 上午 spec.jbb.JBBmain DoARun -> 信息:   started user thread for Warehouse 80
2月 14, 2026 5:23:21 上午 spec.jbb.JBBmain DoARun -> 信息:   started user thread for Warehouse 81
2月 14, 2026 5:23:21 上午 spec.jbb.JBBmain DoARun -> 信息:   started user thread for Warehouse 82
2月 14, 2026 5:23:21 上午 spec.jbb.JBBmain DoARun -> 信息:   started user thread for Warehouse 83
2月 14, 2026 5:23:21 上午 spec.jbb.JBBmain DoARun -> 信息:   started user thread for Warehouse 84
2月 14, 2026 5:23:21 上午 spec.jbb.JBBmain DoARun -> 信息:   started user thread for Warehouse 85
2月 14, 2026 5:23:21 上午 spec.jbb.JBBmain DoARun -> 信息:   started user thread for Warehouse 86
2月 14, 2026 5:23:21 上午 spec.jbb.JBBmain DoARun -> 信息:   started user thread for Warehouse 87
2月 14, 2026 5:23:21 上午 spec.jbb.JBBmain DoARun -> 信息:   started user thread for Warehouse 88
2月 14, 2026 5:23:21 上午 spec.jbb.JBBmain DoARun -> 信息:   started user thread for Warehouse 89
2月 14, 2026 5:23:21 上午 spec.jbb.JBBmain DoARun -> 信息:   started user thread for Warehouse 90
2月 14, 2026 5:23:21 上午 spec.jbb.JBBmain DoARun -> 信息:   started user thread for Warehouse 91
2月 14, 2026 5:23:21 上午 spec.jbb.JBBmain DoARun -> 信息:   started user thread for Warehouse 92
2月 14, 2026 5:23:21 上午 spec.jbb.JBBmain DoARun -> 信息:   started user thread for Warehouse 93
2月 14, 2026 5:23:21 上午 spec.jbb.JBBmain DoARun -> 信息:   started user thread for Warehouse 94
2月 14, 2026 5:23:21 上午 spec.jbb.JBBmain DoARun -> 信息:   started user thread for Warehouse 95
2月 14, 2026 5:23:21 上午 spec.jbb.JBBmain DoARun -> 信息:   started user thread for Warehouse 96
2月 14, 2026 5:23:21 上午 spec.jbb.JBBmain DoARun -> 信息:   started user thread for Warehouse 97
2月 14, 2026 5:23:21 上午 spec.jbb.JBBmain DoARun -> 信息:   started user thread for Warehouse 98
2月 14, 2026 5:23:21 上午 spec.jbb.JBBmain DoARun -> 信息:   started user thread for Warehouse 99
2月 14, 2026 5:23:21 上午 spec.jbb.JBBmain DoARun -> 信息:   started user thread for Warehouse 100
2月 14, 2026 5:23:21 上午 spec.jbb.JBBmain DoARun -> 信息:   started user thread for Warehouse 101
2月 14, 2026 5:23:21 上午 spec.jbb.JBBmain DoARun -> 信息:   started user thread for Warehouse 102
2月 14, 2026 5:23:21 上午 spec.jbb.JBBmain DoARun -> 信息:   started user thread for Warehouse 103
2月 14, 2026 5:23:21 上午 spec.jbb.JBBmain DoARun -> 信息:   started user thread for Warehouse 104
2月 14, 2026 5:23:21 上午 spec.jbb.JBBmain DoARun -> 信息:   started user thread for Warehouse 105
2月 14, 2026 5:23:21 上午 spec.jbb.JBBmain DoARun -> 信息:   started user thread for Warehouse 106
2月 14, 2026 5:23:21 上午 spec.jbb.JBBmain DoARun -> 信息:   started user thread for Warehouse 107
2月 14, 2026 5:23:21 上午 spec.jbb.JBBmain DoARun -> 信息:   started user thread for Warehouse 108
2月 14, 2026 5:23:21 上午 spec.jbb.JBBmain DoARun -> 信息:   started user thread for Warehouse 109
2月 14, 2026 5:23:21 上午 spec.jbb.JBBmain DoARun -> 信息:   started user thread for Warehouse 110
2月 14, 2026 5:23:21 上午 spec.jbb.JBBmain DoARun -> 信息:   started user thread for Warehouse 111
2月 14, 2026 5:23:21 上午 spec.jbb.JBBmain DoARun -> 信息:   started user thread for Warehouse 112
2月 14, 2026 5:23:21 上午 spec.jbb.JBBmain DoARun -> 信息:   started user thread for Warehouse 113
2月 14, 2026 5:23:21 上午 spec.jbb.JBBmain DoARun -> 信息:   started user thread for Warehouse 114
2月 14, 2026 5:23:21 上午 spec.jbb.JBBmain DoARun -> 信息:   started user thread for Warehouse 115
2月 14, 2026 5:23:21 上午 spec.jbb.JBBmain DoARun -> 信息:   started user thread for Warehouse 116
2月 14, 2026 5:23:21 上午 spec.jbb.JBBmain DoARun -> 信息:   started user thread for Warehouse 117
2月 14, 2026 5:23:21 上午 spec.jbb.JBBmain DoARun -> 信息:   started user thread for Warehouse 118
2月 14, 2026 5:23:21 上午 spec.jbb.JBBmain DoARun -> 信息:   started user thread for Warehouse 119
2月 14, 2026 5:23:21 上午 spec.jbb.JBBmain DoARun -> 信息:   started user thread for Warehouse 120
2月 14, 2026 5:23:21 上午 spec.jbb.JBBmain DoARun -> 信息:   started user thread for Warehouse 121
2月 14, 2026 5:23:21 上午 spec.jbb.JBBmain DoARun -> 信息:   started user thread for Warehouse 122
2月 14, 2026 5:23:21 上午 spec.jbb.JBBmain DoARun -> 信息:   started user thread for Warehouse 123
2月 14, 2026 5:23:21 上午 spec.jbb.JBBmain DoARun -> 信息:   started user thread for Warehouse 124
2月 14, 2026 5:23:21 上午 spec.jbb.JBBmain DoARun -> 信息:   started user thread for Warehouse 125
2月 14, 2026 5:23:21 上午 spec.jbb.JBBmain DoARun -> 信息:   started user thread for Warehouse 126
2月 14, 2026 5:23:21 上午 spec.jbb.Company displayResultTotals -> 信息: Timing Measurement began Sat Feb 14 05:23:21 CST 2026 for 4 minutes
2月 14, 2026 5:27:21 上午 spec.jbb.Company displayResultTotals -> 信息: Timing Measurement ended Sat Feb 14 05:27:21 CST 2026
2月 14, 2026 5:27:21 上午 spec.jbb.Company primeWithDummyData -> 信息: Loading Warehouse 127...
2月 14, 2026 5:27:22 上午 spec.jbb.JBBmain DoARun -> 信息: Start User Threads
2月 14, 2026 5:27:22 上午 spec.jbb.JBBmain DoARun -> 信息:   started user thread for Warehouse 1
2月 14, 2026 5:27:22 上午 spec.jbb.JBBmain DoARun -> 信息:   started user thread for Warehouse 2
2月 14, 2026 5:27:22 上午 spec.jbb.JBBmain DoARun -> 信息:   started user thread for Warehouse 3
2月 14, 2026 5:27:22 上午 spec.jbb.JBBmain DoARun -> 信息:   started user thread for Warehouse 4
2月 14, 2026 5:27:22 上午 spec.jbb.JBBmain DoARun -> 信息:   started user thread for Warehouse 5
2月 14, 2026 5:27:22 上午 spec.jbb.JBBmain DoARun -> 信息:   started user thread for Warehouse 6
2月 14, 2026 5:27:22 上午 spec.jbb.JBBmain DoARun -> 信息:   started user thread for Warehouse 7
2月 14, 2026 5:27:22 上午 spec.jbb.JBBmain DoARun -> 信息:   started user thread for Warehouse 8
2月 14, 2026 5:27:22 上午 spec.jbb.JBBmain DoARun -> 信息:   started user thread for Warehouse 9
2月 14, 2026 5:27:22 上午 spec.jbb.JBBmain DoARun -> 信息:   started user thread for Warehouse 10
2月 14, 2026 5:27:22 上午 spec.jbb.JBBmain DoARun -> 信息:   started user thread for Warehouse 11
2月 14, 2026 5:27:22 上午 spec.jbb.JBBmain DoARun -> 信息:   started user thread for Warehouse 12
2月 14, 2026 5:27:22 上午 spec.jbb.JBBmain DoARun -> 信息:   started user thread for Warehouse 13
2月 14, 2026 5:27:22 上午 spec.jbb.JBBmain DoARun -> 信息:   started user thread for Warehouse 14
2月 14, 2026 5:27:22 上午 spec.jbb.JBBmain DoARun -> 信息:   started user thread for Warehouse 15
2月 14, 2026 5:27:22 上午 spec.jbb.JBBmain DoARun -> 信息:   started user thread for Warehouse 16
2月 14, 2026 5:27:22 上午 spec.jbb.JBBmain DoARun -> 信息:   started user thread for Warehouse 17
2月 14, 2026 5:27:22 上午 spec.jbb.JBBmain DoARun -> 信息:   started user thread for Warehouse 18
2月 14, 2026 5:27:22 上午 spec.jbb.JBBmain DoARun -> 信息:   started user thread for Warehouse 19
2月 14, 2026 5:27:22 上午 spec.jbb.JBBmain DoARun -> 信息:   started user thread for Warehouse 20
2月 14, 2026 5:27:22 上午 spec.jbb.JBBmain DoARun -> 信息:   started user thread for Warehouse 21
2月 14, 2026 5:27:22 上午 spec.jbb.JBBmain DoARun -> 信息:   started user thread for Warehouse 22
2月 14, 2026 5:27:22 上午 spec.jbb.JBBmain DoARun -> 信息:   started user thread for Warehouse 23
2月 14, 2026 5:27:22 上午 spec.jbb.JBBmain DoARun -> 信息:   started user thread for Warehouse 24
2月 14, 2026 5:27:22 上午 spec.jbb.JBBmain DoARun -> 信息:   started user thread for Warehouse 25
2月 14, 2026 5:27:22 上午 spec.jbb.JBBmain DoARun -> 信息:   started user thread for Warehouse 26
2月 14, 2026 5:27:22 上午 spec.jbb.JBBmain DoARun -> 信息:   started user thread for Warehouse 27
2月 14, 2026 5:27:22 上午 spec.jbb.JBBmain DoARun -> 信息:   started user thread for Warehouse 28
2月 14, 2026 5:27:22 上午 spec.jbb.JBBmain DoARun -> 信息:   started user thread for Warehouse 29
2月 14, 2026 5:27:22 上午 spec.jbb.JBBmain DoARun -> 信息:   started user thread for Warehouse 30
2月 14, 2026 5:27:22 上午 spec.jbb.JBBmain DoARun -> 信息:   started user thread for Warehouse 31
2月 14, 2026 5:27:22 上午 spec.jbb.JBBmain DoARun -> 信息:   started user thread for Warehouse 32
2月 14, 2026 5:27:22 上午 spec.jbb.JBBmain DoARun -> 信息:   started user thread for Warehouse 33
2月 14, 2026 5:27:22 上午 spec.jbb.JBBmain DoARun -> 信息:   started user thread for Warehouse 34
2月 14, 2026 5:27:22 上午 spec.jbb.JBBmain DoARun -> 信息:   started user thread for Warehouse 35
2月 14, 2026 5:27:22 上午 spec.jbb.JBBmain DoARun -> 信息:   started user thread for Warehouse 36
2月 14, 2026 5:27:22 上午 spec.jbb.JBBmain DoARun -> 信息:   started user thread for Warehouse 37
2月 14, 2026 5:27:22 上午 spec.jbb.JBBmain DoARun -> 信息:   started user thread for Warehouse 38
2月 14, 2026 5:27:22 上午 spec.jbb.JBBmain DoARun -> 信息:   started user thread for Warehouse 39
2月 14, 2026 5:27:22 上午 spec.jbb.JBBmain DoARun -> 信息:   started user thread for Warehouse 40
2月 14, 2026 5:27:22 上午 spec.jbb.JBBmain DoARun -> 信息:   started user thread for Warehouse 41
2月 14, 2026 5:27:22 上午 spec.jbb.JBBmain DoARun -> 信息:   started user thread for Warehouse 42
2月 14, 2026 5:27:22 上午 spec.jbb.JBBmain DoARun -> 信息:   started user thread for Warehouse 43
2月 14, 2026 5:27:22 上午 spec.jbb.JBBmain DoARun -> 信息:   started user thread for Warehouse 44
2月 14, 2026 5:27:22 上午 spec.jbb.JBBmain DoARun -> 信息:   started user thread for Warehouse 45
2月 14, 2026 5:27:22 上午 spec.jbb.JBBmain DoARun -> 信息:   started user thread for Warehouse 46
2月 14, 2026 5:27:22 上午 spec.jbb.JBBmain DoARun -> 信息:   started user thread for Warehouse 47
2月 14, 2026 5:27:22 上午 spec.jbb.JBBmain DoARun -> 信息:   started user thread for Warehouse 48
2月 14, 2026 5:27:22 上午 spec.jbb.JBBmain DoARun -> 信息:   started user thread for Warehouse 49
2月 14, 2026 5:27:22 上午 spec.jbb.JBBmain DoARun -> 信息:   started user thread for Warehouse 50
2月 14, 2026 5:27:22 上午 spec.jbb.JBBmain DoARun -> 信息:   started user thread for Warehouse 51
2月 14, 2026 5:27:22 上午 spec.jbb.JBBmain DoARun -> 信息:   started user thread for Warehouse 52
2月 14, 2026 5:27:22 上午 spec.jbb.JBBmain DoARun -> 信息:   started user thread for Warehouse 53
2月 14, 2026 5:27:22 上午 spec.jbb.JBBmain DoARun -> 信息:   started user thread for Warehouse 54
2月 14, 2026 5:27:22 上午 spec.jbb.JBBmain DoARun -> 信息:   started user thread for Warehouse 55
2月 14, 2026 5:27:22 上午 spec.jbb.JBBmain DoARun -> 信息:   started user thread for Warehouse 56
2月 14, 2026 5:27:22 上午 spec.jbb.JBBmain DoARun -> 信息:   started user thread for Warehouse 57
2月 14, 2026 5:27:22 上午 spec.jbb.JBBmain DoARun -> 信息:   started user thread for Warehouse 58
2月 14, 2026 5:27:22 上午 spec.jbb.JBBmain DoARun -> 信息:   started user thread for Warehouse 59
2月 14, 2026 5:27:22 上午 spec.jbb.JBBmain DoARun -> 信息:   started user thread for Warehouse 60
2月 14, 2026 5:27:22 上午 spec.jbb.JBBmain DoARun -> 信息:   started user thread for Warehouse 61
2月 14, 2026 5:27:22 上午 spec.jbb.JBBmain DoARun -> 信息:   started user thread for Warehouse 62
2月 14, 2026 5:27:22 上午 spec.jbb.JBBmain DoARun -> 信息:   started user thread for Warehouse 63
2月 14, 2026 5:27:22 上午 spec.jbb.JBBmain DoARun -> 信息:   started user thread for Warehouse 64
2月 14, 2026 5:27:22 上午 spec.jbb.JBBmain DoARun -> 信息:   started user thread for Warehouse 65
2月 14, 2026 5:27:22 上午 spec.jbb.JBBmain DoARun -> 信息:   started user thread for Warehouse 66
2月 14, 2026 5:27:22 上午 spec.jbb.JBBmain DoARun -> 信息:   started user thread for Warehouse 67
2月 14, 2026 5:27:22 上午 spec.jbb.JBBmain DoARun -> 信息:   started user thread for Warehouse 68
2月 14, 2026 5:27:22 上午 spec.jbb.JBBmain DoARun -> 信息:   started user thread for Warehouse 69
2月 14, 2026 5:27:22 上午 spec.jbb.JBBmain DoARun -> 信息:   started user thread for Warehouse 70
2月 14, 2026 5:27:22 上午 spec.jbb.JBBmain DoARun -> 信息:   started user thread for Warehouse 71
2月 14, 2026 5:27:22 上午 spec.jbb.JBBmain DoARun -> 信息:   started user thread for Warehouse 72
2月 14, 2026 5:27:22 上午 spec.jbb.JBBmain DoARun -> 信息:   started user thread for Warehouse 73
2月 14, 2026 5:27:22 上午 spec.jbb.JBBmain DoARun -> 信息:   started user thread for Warehouse 74
2月 14, 2026 5:27:22 上午 spec.jbb.JBBmain DoARun -> 信息:   started user thread for Warehouse 75
2月 14, 2026 5:27:22 上午 spec.jbb.JBBmain DoARun -> 信息:   started user thread for Warehouse 76
2月 14, 2026 5:27:22 上午 spec.jbb.JBBmain DoARun -> 信息:   started user thread for Warehouse 77
2月 14, 2026 5:27:22 上午 spec.jbb.JBBmain DoARun -> 信息:   started user thread for Warehouse 78
2月 14, 2026 5:27:22 上午 spec.jbb.JBBmain DoARun -> 信息:   started user thread for Warehouse 79
2月 14, 2026 5:27:22 上午 spec.jbb.JBBmain DoARun -> 信息:   started user thread for Warehouse 80
2月 14, 2026 5:27:22 上午 spec.jbb.JBBmain DoARun -> 信息:   started user thread for Warehouse 81
2月 14, 2026 5:27:22 上午 spec.jbb.JBBmain DoARun -> 信息:   started user thread for Warehouse 82
2月 14, 2026 5:27:22 上午 spec.jbb.JBBmain DoARun -> 信息:   started user thread for Warehouse 83
2月 14, 2026 5:27:22 上午 spec.jbb.JBBmain DoARun -> 信息:   started user thread for Warehouse 84
2月 14, 2026 5:27:22 上午 spec.jbb.JBBmain DoARun -> 信息:   started user thread for Warehouse 85
2月 14, 2026 5:27:22 上午 spec.jbb.JBBmain DoARun -> 信息:   started user thread for Warehouse 86
2月 14, 2026 5:27:22 上午 spec.jbb.JBBmain DoARun -> 信息:   started user thread for Warehouse 87
2月 14, 2026 5:27:22 上午 spec.jbb.JBBmain DoARun -> 信息:   started user thread for Warehouse 88
2月 14, 2026 5:27:22 上午 spec.jbb.JBBmain DoARun -> 信息:   started user thread for Warehouse 89
2月 14, 2026 5:27:22 上午 spec.jbb.JBBmain DoARun -> 信息:   started user thread for Warehouse 90
2月 14, 2026 5:27:22 上午 spec.jbb.JBBmain DoARun -> 信息:   started user thread for Warehouse 91
2月 14, 2026 5:27:22 上午 spec.jbb.JBBmain DoARun -> 信息:   started user thread for Warehouse 92
2月 14, 2026 5:27:22 上午 spec.jbb.JBBmain DoARun -> 信息:   started user thread for Warehouse 93
2月 14, 2026 5:27:22 上午 spec.jbb.JBBmain DoARun -> 信息:   started user thread for Warehouse 94
2月 14, 2026 5:27:22 上午 spec.jbb.JBBmain DoARun -> 信息:   started user thread for Warehouse 95
2月 14, 2026 5:27:22 上午 spec.jbb.JBBmain DoARun -> 信息:   started user thread for Warehouse 96
2月 14, 2026 5:27:22 上午 spec.jbb.JBBmain DoARun -> 信息:   started user thread for Warehouse 97
2月 14, 2026 5:27:22 上午 spec.jbb.JBBmain DoARun -> 信息:   started user thread for Warehouse 98
2月 14, 2026 5:27:22 上午 spec.jbb.JBBmain DoARun -> 信息:   started user thread for Warehouse 99
2月 14, 2026 5:27:22 上午 spec.jbb.JBBmain DoARun -> 信息:   started user thread for Warehouse 100
2月 14, 2026 5:27:22 上午 spec.jbb.JBBmain DoARun -> 信息:   started user thread for Warehouse 101
2月 14, 2026 5:27:22 上午 spec.jbb.JBBmain DoARun -> 信息:   started user thread for Warehouse 102
2月 14, 2026 5:27:22 上午 spec.jbb.JBBmain DoARun -> 信息:   started user thread for Warehouse 103
2月 14, 2026 5:27:22 上午 spec.jbb.JBBmain DoARun -> 信息:   started user thread for Warehouse 104
2月 14, 2026 5:27:22 上午 spec.jbb.JBBmain DoARun -> 信息:   started user thread for Warehouse 105
2月 14, 2026 5:27:22 上午 spec.jbb.JBBmain DoARun -> 信息:   started user thread for Warehouse 106
2月 14, 2026 5:27:22 上午 spec.jbb.JBBmain DoARun -> 信息:   started user thread for Warehouse 107
2月 14, 2026 5:27:22 上午 spec.jbb.JBBmain DoARun -> 信息:   started user thread for Warehouse 108
2月 14, 2026 5:27:22 上午 spec.jbb.JBBmain DoARun -> 信息:   started user thread for Warehouse 109
2月 14, 2026 5:27:22 上午 spec.jbb.JBBmain DoARun -> 信息:   started user thread for Warehouse 110
2月 14, 2026 5:27:22 上午 spec.jbb.JBBmain DoARun -> 信息:   started user thread for Warehouse 111
2月 14, 2026 5:27:22 上午 spec.jbb.JBBmain DoARun -> 信息:   started user thread for Warehouse 112
2月 14, 2026 5:27:22 上午 spec.jbb.JBBmain DoARun -> 信息:   started user thread for Warehouse 113
2月 14, 2026 5:27:22 上午 spec.jbb.JBBmain DoARun -> 信息:   started user thread for Warehouse 114
2月 14, 2026 5:27:22 上午 spec.jbb.JBBmain DoARun -> 信息:   started user thread for Warehouse 115
2月 14, 2026 5:27:22 上午 spec.jbb.JBBmain DoARun -> 信息:   started user thread for Warehouse 116
2月 14, 2026 5:27:22 上午 spec.jbb.JBBmain DoARun -> 信息:   started user thread for Warehouse 117
2月 14, 2026 5:27:22 上午 spec.jbb.JBBmain DoARun -> 信息:   started user thread for Warehouse 118
2月 14, 2026 5:27:22 上午 spec.jbb.JBBmain DoARun -> 信息:   started user thread for Warehouse 119
2月 14, 2026 5:27:22 上午 spec.jbb.JBBmain DoARun -> 信息:   started user thread for Warehouse 120
2月 14, 2026 5:27:22 上午 spec.jbb.JBBmain DoARun -> 信息:   started user thread for Warehouse 121
2月 14, 2026 5:27:22 上午 spec.jbb.JBBmain DoARun -> 信息:   started user thread for Warehouse 122
2月 14, 2026 5:27:22 上午 spec.jbb.JBBmain DoARun -> 信息:   started user thread for Warehouse 123
2月 14, 2026 5:27:22 上午 spec.jbb.JBBmain DoARun -> 信息:   started user thread for Warehouse 124
2月 14, 2026 5:27:22 上午 spec.jbb.JBBmain DoARun -> 信息:   started user thread for Warehouse 125
2月 14, 2026 5:27:22 上午 spec.jbb.JBBmain DoARun -> 信息:   started user thread for Warehouse 126
2月 14, 2026 5:27:22 上午 spec.jbb.JBBmain DoARun -> 信息:   started user thread for Warehouse 127
2月 14, 2026 5:27:22 上午 spec.jbb.Company displayResultTotals -> 信息: Timing Measurement began Sat Feb 14 05:27:22 CST 2026 for 4 minutes
2月 14, 2026 5:31:22 上午 spec.jbb.Company displayResultTotals -> 信息: Timing Measurement ended Sat Feb 14 05:31:22 CST 2026
2月 14, 2026 5:31:22 上午 spec.jbb.Company primeWithDummyData -> 信息: Loading Warehouse 128...
2月 14, 2026 5:31:22 上午 spec.jbb.JBBmain DoARun -> 信息: Start User Threads
2月 14, 2026 5:31:22 上午 spec.jbb.JBBmain DoARun -> 信息:   started user thread for Warehouse 1
2月 14, 2026 5:31:22 上午 spec.jbb.JBBmain DoARun -> 信息:   started user thread for Warehouse 2
2月 14, 2026 5:31:22 上午 spec.jbb.JBBmain DoARun -> 信息:   started user thread for Warehouse 3
2月 14, 2026 5:31:22 上午 spec.jbb.JBBmain DoARun -> 信息:   started user thread for Warehouse 4
2月 14, 2026 5:31:22 上午 spec.jbb.JBBmain DoARun -> 信息:   started user thread for Warehouse 5
2月 14, 2026 5:31:22 上午 spec.jbb.JBBmain DoARun -> 信息:   started user thread for Warehouse 6
2月 14, 2026 5:31:22 上午 spec.jbb.JBBmain DoARun -> 信息:   started user thread for Warehouse 7
2月 14, 2026 5:31:22 上午 spec.jbb.JBBmain DoARun -> 信息:   started user thread for Warehouse 8
2月 14, 2026 5:31:22 上午 spec.jbb.JBBmain DoARun -> 信息:   started user thread for Warehouse 9
2月 14, 2026 5:31:22 上午 spec.jbb.JBBmain DoARun -> 信息:   started user thread for Warehouse 10
2月 14, 2026 5:31:22 上午 spec.jbb.JBBmain DoARun -> 信息:   started user thread for Warehouse 11
2月 14, 2026 5:31:22 上午 spec.jbb.JBBmain DoARun -> 信息:   started user thread for Warehouse 12
2月 14, 2026 5:31:22 上午 spec.jbb.JBBmain DoARun -> 信息:   started user thread for Warehouse 13
2月 14, 2026 5:31:22 上午 spec.jbb.JBBmain DoARun -> 信息:   started user thread for Warehouse 14
2月 14, 2026 5:31:22 上午 spec.jbb.JBBmain DoARun -> 信息:   started user thread for Warehouse 15
2月 14, 2026 5:31:22 上午 spec.jbb.JBBmain DoARun -> 信息:   started user thread for Warehouse 16
2月 14, 2026 5:31:22 上午 spec.jbb.JBBmain DoARun -> 信息:   started user thread for Warehouse 17
2月 14, 2026 5:31:22 上午 spec.jbb.JBBmain DoARun -> 信息:   started user thread for Warehouse 18
2月 14, 2026 5:31:22 上午 spec.jbb.JBBmain DoARun -> 信息:   started user thread for Warehouse 19
2月 14, 2026 5:31:22 上午 spec.jbb.JBBmain DoARun -> 信息:   started user thread for Warehouse 20
2月 14, 2026 5:31:22 上午 spec.jbb.JBBmain DoARun -> 信息:   started user thread for Warehouse 21
2月 14, 2026 5:31:22 上午 spec.jbb.JBBmain DoARun -> 信息:   started user thread for Warehouse 22
2月 14, 2026 5:31:22 上午 spec.jbb.JBBmain DoARun -> 信息:   started user thread for Warehouse 23
2月 14, 2026 5:31:22 上午 spec.jbb.JBBmain DoARun -> 信息:   started user thread for Warehouse 24
2月 14, 2026 5:31:22 上午 spec.jbb.JBBmain DoARun -> 信息:   started user thread for Warehouse 25
2月 14, 2026 5:31:22 上午 spec.jbb.JBBmain DoARun -> 信息:   started user thread for Warehouse 26
2月 14, 2026 5:31:22 上午 spec.jbb.JBBmain DoARun -> 信息:   started user thread for Warehouse 27
2月 14, 2026 5:31:22 上午 spec.jbb.JBBmain DoARun -> 信息:   started user thread for Warehouse 28
2月 14, 2026 5:31:22 上午 spec.jbb.JBBmain DoARun -> 信息:   started user thread for Warehouse 29
2月 14, 2026 5:31:22 上午 spec.jbb.JBBmain DoARun -> 信息:   started user thread for Warehouse 30
2月 14, 2026 5:31:22 上午 spec.jbb.JBBmain DoARun -> 信息:   started user thread for Warehouse 31
2月 14, 2026 5:31:22 上午 spec.jbb.JBBmain DoARun -> 信息:   started user thread for Warehouse 32
2月 14, 2026 5:31:22 上午 spec.jbb.JBBmain DoARun -> 信息:   started user thread for Warehouse 33
2月 14, 2026 5:31:22 上午 spec.jbb.JBBmain DoARun -> 信息:   started user thread for Warehouse 34
2月 14, 2026 5:31:22 上午 spec.jbb.JBBmain DoARun -> 信息:   started user thread for Warehouse 35
2月 14, 2026 5:31:22 上午 spec.jbb.JBBmain DoARun -> 信息:   started user thread for Warehouse 36
2月 14, 2026 5:31:22 上午 spec.jbb.JBBmain DoARun -> 信息:   started user thread for Warehouse 37
2月 14, 2026 5:31:22 上午 spec.jbb.JBBmain DoARun -> 信息:   started user thread for Warehouse 38
2月 14, 2026 5:31:22 上午 spec.jbb.JBBmain DoARun -> 信息:   started user thread for Warehouse 39
2月 14, 2026 5:31:22 上午 spec.jbb.JBBmain DoARun -> 信息:   started user thread for Warehouse 40
2月 14, 2026 5:31:22 上午 spec.jbb.JBBmain DoARun -> 信息:   started user thread for Warehouse 41
2月 14, 2026 5:31:22 上午 spec.jbb.JBBmain DoARun -> 信息:   started user thread for Warehouse 42
2月 14, 2026 5:31:22 上午 spec.jbb.JBBmain DoARun -> 信息:   started user thread for Warehouse 43
2月 14, 2026 5:31:22 上午 spec.jbb.JBBmain DoARun -> 信息:   started user thread for Warehouse 44
2月 14, 2026 5:31:22 上午 spec.jbb.JBBmain DoARun -> 信息:   started user thread for Warehouse 45
2月 14, 2026 5:31:22 上午 spec.jbb.JBBmain DoARun -> 信息:   started user thread for Warehouse 46
2月 14, 2026 5:31:22 上午 spec.jbb.JBBmain DoARun -> 信息:   started user thread for Warehouse 47
2月 14, 2026 5:31:22 上午 spec.jbb.JBBmain DoARun -> 信息:   started user thread for Warehouse 48
2月 14, 2026 5:31:22 上午 spec.jbb.JBBmain DoARun -> 信息:   started user thread for Warehouse 49
2月 14, 2026 5:31:22 上午 spec.jbb.JBBmain DoARun -> 信息:   started user thread for Warehouse 50
2月 14, 2026 5:31:22 上午 spec.jbb.JBBmain DoARun -> 信息:   started user thread for Warehouse 51
2月 14, 2026 5:31:22 上午 spec.jbb.JBBmain DoARun -> 信息:   started user thread for Warehouse 52
2月 14, 2026 5:31:22 上午 spec.jbb.JBBmain DoARun -> 信息:   started user thread for Warehouse 53
2月 14, 2026 5:31:22 上午 spec.jbb.JBBmain DoARun -> 信息:   started user thread for Warehouse 54
2月 14, 2026 5:31:22 上午 spec.jbb.JBBmain DoARun -> 信息:   started user thread for Warehouse 55
2月 14, 2026 5:31:22 上午 spec.jbb.JBBmain DoARun -> 信息:   started user thread for Warehouse 56
2月 14, 2026 5:31:22 上午 spec.jbb.JBBmain DoARun -> 信息:   started user thread for Warehouse 57
2月 14, 2026 5:31:22 上午 spec.jbb.JBBmain DoARun -> 信息:   started user thread for Warehouse 58
2月 14, 2026 5:31:22 上午 spec.jbb.JBBmain DoARun -> 信息:   started user thread for Warehouse 59
2月 14, 2026 5:31:22 上午 spec.jbb.JBBmain DoARun -> 信息:   started user thread for Warehouse 60
2月 14, 2026 5:31:22 上午 spec.jbb.JBBmain DoARun -> 信息:   started user thread for Warehouse 61
2月 14, 2026 5:31:22 上午 spec.jbb.JBBmain DoARun -> 信息:   started user thread for Warehouse 62
2月 14, 2026 5:31:22 上午 spec.jbb.JBBmain DoARun -> 信息:   started user thread for Warehouse 63
2月 14, 2026 5:31:22 上午 spec.jbb.JBBmain DoARun -> 信息:   started user thread for Warehouse 64
2月 14, 2026 5:31:22 上午 spec.jbb.JBBmain DoARun -> 信息:   started user thread for Warehouse 65
2月 14, 2026 5:31:22 上午 spec.jbb.JBBmain DoARun -> 信息:   started user thread for Warehouse 66
2月 14, 2026 5:31:22 上午 spec.jbb.JBBmain DoARun -> 信息:   started user thread for Warehouse 67
2月 14, 2026 5:31:22 上午 spec.jbb.JBBmain DoARun -> 信息:   started user thread for Warehouse 68
2月 14, 2026 5:31:22 上午 spec.jbb.JBBmain DoARun -> 信息:   started user thread for Warehouse 69
2月 14, 2026 5:31:22 上午 spec.jbb.JBBmain DoARun -> 信息:   started user thread for Warehouse 70
2月 14, 2026 5:31:22 上午 spec.jbb.JBBmain DoARun -> 信息:   started user thread for Warehouse 71
2月 14, 2026 5:31:22 上午 spec.jbb.JBBmain DoARun -> 信息:   started user thread for Warehouse 72
2月 14, 2026 5:31:22 上午 spec.jbb.JBBmain DoARun -> 信息:   started user thread for Warehouse 73
2月 14, 2026 5:31:22 上午 spec.jbb.JBBmain DoARun -> 信息:   started user thread for Warehouse 74
2月 14, 2026 5:31:22 上午 spec.jbb.JBBmain DoARun -> 信息:   started user thread for Warehouse 75
2月 14, 2026 5:31:22 上午 spec.jbb.JBBmain DoARun -> 信息:   started user thread for Warehouse 76
2月 14, 2026 5:31:22 上午 spec.jbb.JBBmain DoARun -> 信息:   started user thread for Warehouse 77
2月 14, 2026 5:31:22 上午 spec.jbb.JBBmain DoARun -> 信息:   started user thread for Warehouse 78
2月 14, 2026 5:31:22 上午 spec.jbb.JBBmain DoARun -> 信息:   started user thread for Warehouse 79
2月 14, 2026 5:31:22 上午 spec.jbb.JBBmain DoARun -> 信息:   started user thread for Warehouse 80
2月 14, 2026 5:31:22 上午 spec.jbb.JBBmain DoARun -> 信息:   started user thread for Warehouse 81
2月 14, 2026 5:31:22 上午 spec.jbb.JBBmain DoARun -> 信息:   started user thread for Warehouse 82
2月 14, 2026 5:31:22 上午 spec.jbb.JBBmain DoARun -> 信息:   started user thread for Warehouse 83
2月 14, 2026 5:31:22 上午 spec.jbb.JBBmain DoARun -> 信息:   started user thread for Warehouse 84
2月 14, 2026 5:31:22 上午 spec.jbb.JBBmain DoARun -> 信息:   started user thread for Warehouse 85
2月 14, 2026 5:31:22 上午 spec.jbb.JBBmain DoARun -> 信息:   started user thread for Warehouse 86
2月 14, 2026 5:31:22 上午 spec.jbb.JBBmain DoARun -> 信息:   started user thread for Warehouse 87
2月 14, 2026 5:31:22 上午 spec.jbb.JBBmain DoARun -> 信息:   started user thread for Warehouse 88
2月 14, 2026 5:31:22 上午 spec.jbb.JBBmain DoARun -> 信息:   started user thread for Warehouse 89
2月 14, 2026 5:31:22 上午 spec.jbb.JBBmain DoARun -> 信息:   started user thread for Warehouse 90
2月 14, 2026 5:31:22 上午 spec.jbb.JBBmain DoARun -> 信息:   started user thread for Warehouse 91
2月 14, 2026 5:31:22 上午 spec.jbb.JBBmain DoARun -> 信息:   started user thread for Warehouse 92
2月 14, 2026 5:31:22 上午 spec.jbb.JBBmain DoARun -> 信息:   started user thread for Warehouse 93
2月 14, 2026 5:31:22 上午 spec.jbb.JBBmain DoARun -> 信息:   started user thread for Warehouse 94
2月 14, 2026 5:31:22 上午 spec.jbb.JBBmain DoARun -> 信息:   started user thread for Warehouse 95
2月 14, 2026 5:31:22 上午 spec.jbb.JBBmain DoARun -> 信息:   started user thread for Warehouse 96
2月 14, 2026 5:31:22 上午 spec.jbb.JBBmain DoARun -> 信息:   started user thread for Warehouse 97
2月 14, 2026 5:31:22 上午 spec.jbb.JBBmain DoARun -> 信息:   started user thread for Warehouse 98
2月 14, 2026 5:31:22 上午 spec.jbb.JBBmain DoARun -> 信息:   started user thread for Warehouse 99
2月 14, 2026 5:31:22 上午 spec.jbb.JBBmain DoARun -> 信息:   started user thread for Warehouse 100
2月 14, 2026 5:31:22 上午 spec.jbb.JBBmain DoARun -> 信息:   started user thread for Warehouse 101
2月 14, 2026 5:31:22 上午 spec.jbb.JBBmain DoARun -> 信息:   started user thread for Warehouse 102
2月 14, 2026 5:31:22 上午 spec.jbb.JBBmain DoARun -> 信息:   started user thread for Warehouse 103
2月 14, 2026 5:31:22 上午 spec.jbb.JBBmain DoARun -> 信息:   started user thread for Warehouse 104
2月 14, 2026 5:31:22 上午 spec.jbb.JBBmain DoARun -> 信息:   started user thread for Warehouse 105
2月 14, 2026 5:31:22 上午 spec.jbb.JBBmain DoARun -> 信息:   started user thread for Warehouse 106
2月 14, 2026 5:31:22 上午 spec.jbb.JBBmain DoARun -> 信息:   started user thread for Warehouse 107
2月 14, 2026 5:31:22 上午 spec.jbb.JBBmain DoARun -> 信息:   started user thread for Warehouse 108
2月 14, 2026 5:31:22 上午 spec.jbb.JBBmain DoARun -> 信息:   started user thread for Warehouse 109
2月 14, 2026 5:31:22 上午 spec.jbb.JBBmain DoARun -> 信息:   started user thread for Warehouse 110
2月 14, 2026 5:31:22 上午 spec.jbb.JBBmain DoARun -> 信息:   started user thread for Warehouse 111
2月 14, 2026 5:31:22 上午 spec.jbb.JBBmain DoARun -> 信息:   started user thread for Warehouse 112
2月 14, 2026 5:31:22 上午 spec.jbb.JBBmain DoARun -> 信息:   started user thread for Warehouse 113
2月 14, 2026 5:31:22 上午 spec.jbb.JBBmain DoARun -> 信息:   started user thread for Warehouse 114
2月 14, 2026 5:31:22 上午 spec.jbb.JBBmain DoARun -> 信息:   started user thread for Warehouse 115
2月 14, 2026 5:31:22 上午 spec.jbb.JBBmain DoARun -> 信息:   started user thread for Warehouse 116
2月 14, 2026 5:31:22 上午 spec.jbb.JBBmain DoARun -> 信息:   started user thread for Warehouse 117
2月 14, 2026 5:31:22 上午 spec.jbb.JBBmain DoARun -> 信息:   started user thread for Warehouse 118
2月 14, 2026 5:31:22 上午 spec.jbb.JBBmain DoARun -> 信息:   started user thread for Warehouse 119
2月 14, 2026 5:31:22 上午 spec.jbb.JBBmain DoARun -> 信息:   started user thread for Warehouse 120
2月 14, 2026 5:31:22 上午 spec.jbb.JBBmain DoARun -> 信息:   started user thread for Warehouse 121
2月 14, 2026 5:31:22 上午 spec.jbb.JBBmain DoARun -> 信息:   started user thread for Warehouse 122
2月 14, 2026 5:31:22 上午 spec.jbb.JBBmain DoARun -> 信息:   started user thread for Warehouse 123
2月 14, 2026 5:31:22 上午 spec.jbb.JBBmain DoARun -> 信息:   started user thread for Warehouse 124
2月 14, 2026 5:31:22 上午 spec.jbb.JBBmain DoARun -> 信息:   started user thread for Warehouse 125
2月 14, 2026 5:31:22 上午 spec.jbb.JBBmain DoARun -> 信息:   started user thread for Warehouse 126
2月 14, 2026 5:31:22 上午 spec.jbb.JBBmain DoARun -> 信息:   started user thread for Warehouse 127
2月 14, 2026 5:31:22 上午 spec.jbb.JBBmain DoARun -> 信息:   started user thread for Warehouse 128
2月 14, 2026 5:31:22 上午 spec.jbb.Company displayResultTotals -> 信息: Timing Measurement began Sat Feb 14 05:31:22 CST 2026 for 4 minutes
2月 14, 2026 5:35:22 上午 spec.jbb.Company displayResultTotals -> 信息: Timing Measurement ended Sat Feb 14 05:35:22 CST 2026
2月 14, 2026 5:35:22 上午 spec.jbb.JBBmain callReporter -> 信息: Calling Reporter
2月 14, 2026 5:35:23 上午 spec.jbb.JBBmain main -> 信息: Logging ended
