1月 02, 2026 2:58:48 上午 spec.jbb.JBBmain main -> 信息: Logging started
1月 02, 2026 2:58:49 上午 spec.jbb.Company primeWithDummyData -> 信息: Loading Warehouse 1...
1月 02, 2026 2:58:49 上午 spec.jbb.JBBmain DoARun -> 信息: Start User Threads
1月 02, 2026 2:58:49 上午 spec.jbb.JBBmain DoARun -> 信息:   started user thread for Warehouse 1
1月 02, 2026 2:58:49 上午 spec.jbb.Company displayResultTotals -> 信息: Timing Measurement began Fri Jan 02 02:58:49 CST 2026 for 0.5 minutes
1月 02, 2026 2:59:19 上午 spec.jbb.Company displayResultTotals -> 信息: Timing Measurement ended Fri Jan 02 02:59:19 CST 2026
1月 02, 2026 2:59:19 上午 spec.jbb.Company primeWithDummyData -> 信息: Loading Warehouse 2...
1月 02, 2026 2:59:19 上午 spec.jbb.JBBmain DoARun -> 信息: Start User Threads
1月 02, 2026 2:59:19 上午 spec.jbb.JBBmain DoARun -> 信息:   started user thread for Warehouse 1
1月 02, 2026 2:59:19 上午 spec.jbb.JBBmain DoARun -> 信息:   started user thread for Warehouse 2
1月 02, 2026 2:59:19 上午 spec.jbb.Company displayResultTotals -> 信息: Timing Measurement began Fri Jan 02 02:59:19 CST 2026 for 0.5 minutes
1月 02, 2026 2:59:49 上午 spec.jbb.Company displayResultTotals -> 信息: Timing Measurement ended Fri Jan 02 02:59:49 CST 2026
1月 02, 2026 2:59:49 上午 spec.jbb.Company primeWithDummyData -> 信息: Loading Warehouse 3...
1月 02, 2026 2:59:50 上午 spec.jbb.JBBmain DoARun -> 信息: Start User Threads
1月 02, 2026 2:59:50 上午 spec.jbb.JBBmain DoARun -> 信息:   started user thread for Warehouse 1
1月 02, 2026 2:59:50 上午 spec.jbb.JBBmain DoARun -> 信息:   started user thread for Warehouse 2
1月 02, 2026 2:59:50 上午 spec.jbb.JBBmain DoARun -> 信息:   started user thread for Warehouse 3
1月 02, 2026 2:59:50 上午 spec.jbb.Company displayResultTotals -> 信息: Timing Measurement began Fri Jan 02 02:59:50 CST 2026 for 0.5 minutes
1月 02, 2026 3:00:20 上午 spec.jbb.Company displayResultTotals -> 信息: Timing Measurement ended Fri Jan 02 03:00:20 CST 2026
1月 02, 2026 3:00:20 上午 spec.jbb.Company primeWithDummyData -> 信息: Loading Warehouse 4...
1月 02, 2026 3:00:20 上午 spec.jbb.JBBmain DoARun -> 信息: Start User Threads
1月 02, 2026 3:00:20 上午 spec.jbb.JBBmain DoARun -> 信息:   started user thread for Warehouse 1
1月 02, 2026 3:00:20 上午 spec.jbb.JBBmain DoARun -> 信息:   started user thread for Warehouse 2
1月 02, 2026 3:00:20 上午 spec.jbb.JBBmain DoARun -> 信息:   started user thread for Warehouse 3
1月 02, 2026 3:00:20 上午 spec.jbb.JBBmain DoARun -> 信息:   started user thread for Warehouse 4
1月 02, 2026 3:00:20 上午 spec.jbb.Company displayResultTotals -> 信息: Timing Measurement began Fri Jan 02 03:00:20 CST 2026 for 0.5 minutes
1月 02, 2026 3:00:50 上午 spec.jbb.Company displayResultTotals -> 信息: Timing Measurement ended Fri Jan 02 03:00:50 CST 2026
1月 02, 2026 3:00:50 上午 spec.jbb.Company primeWithDummyData -> 信息: Loading Warehouse 5...
1月 02, 2026 3:00:50 上午 spec.jbb.JBBmain DoARun -> 信息: Start User Threads
1月 02, 2026 3:00:50 上午 spec.jbb.JBBmain DoARun -> 信息:   started user thread for Warehouse 1
1月 02, 2026 3:00:50 上午 spec.jbb.JBBmain DoARun -> 信息:   started user thread for Warehouse 2
1月 02, 2026 3:00:50 上午 spec.jbb.JBBmain DoARun -> 信息:   started user thread for Warehouse 3
1月 02, 2026 3:00:50 上午 spec.jbb.JBBmain DoARun -> 信息:   started user thread for Warehouse 4
1月 02, 2026 3:00:50 上午 spec.jbb.JBBmain DoARun -> 信息:   started user thread for Warehouse 5
1月 02, 2026 3:00:50 上午 spec.jbb.Company displayResultTotals -> 信息: Timing Measurement began Fri Jan 02 03:00:50 CST 2026 for 0.5 minutes
1月 02, 2026 3:01:20 上午 spec.jbb.Company displayResultTotals -> 信息: Timing Measurement ended Fri Jan 02 03:01:20 CST 2026
1月 02, 2026 3:01:20 上午 spec.jbb.Company primeWithDummyData -> 信息: Loading Warehouse 6...
1月 02, 2026 3:01:20 上午 spec.jbb.JBBmain DoARun -> 信息: Start User Threads
1月 02, 2026 3:01:20 上午 spec.jbb.JBBmain DoARun -> 信息:   started user thread for Warehouse 1
1月 02, 2026 3:01:20 上午 spec.jbb.JBBmain DoARun -> 信息:   started user thread for Warehouse 2
1月 02, 2026 3:01:20 上午 spec.jbb.JBBmain DoARun -> 信息:   started user thread for Warehouse 3
1月 02, 2026 3:01:20 上午 spec.jbb.JBBmain DoARun -> 信息:   started user thread for Warehouse 4
1月 02, 2026 3:01:20 上午 spec.jbb.JBBmain DoARun -> 信息:   started user thread for Warehouse 5
1月 02, 2026 3:01:20 上午 spec.jbb.JBBmain DoARun -> 信息:   started user thread for Warehouse 6
1月 02, 2026 3:01:20 上午 spec.jbb.Company displayResultTotals -> 信息: Timing Measurement began Fri Jan 02 03:01:20 CST 2026 for 0.5 minutes
1月 02, 2026 3:01:50 上午 spec.jbb.Company displayResultTotals -> 信息: Timing Measurement ended Fri Jan 02 03:01:50 CST 2026
1月 02, 2026 3:01:50 上午 spec.jbb.Company primeWithDummyData -> 信息: Loading Warehouse 7...
1月 02, 2026 3:01:51 上午 spec.jbb.JBBmain DoARun -> 信息: Start User Threads
1月 02, 2026 3:01:51 上午 spec.jbb.JBBmain DoARun -> 信息:   started user thread for Warehouse 1
1月 02, 2026 3:01:51 上午 spec.jbb.JBBmain DoARun -> 信息:   started user thread for Warehouse 2
1月 02, 2026 3:01:51 上午 spec.jbb.JBBmain DoARun -> 信息:   started user thread for Warehouse 3
1月 02, 2026 3:01:51 上午 spec.jbb.JBBmain DoARun -> 信息:   started user thread for Warehouse 4
1月 02, 2026 3:01:51 上午 spec.jbb.JBBmain DoARun -> 信息:   started user thread for Warehouse 5
1月 02, 2026 3:01:51 上午 spec.jbb.JBBmain DoARun -> 信息:   started user thread for Warehouse 6
1月 02, 2026 3:01:51 上午 spec.jbb.JBBmain DoARun -> 信息:   started user thread for Warehouse 7
1月 02, 2026 3:01:51 上午 spec.jbb.Company displayResultTotals -> 信息: Timing Measurement began Fri Jan 02 03:01:51 CST 2026 for 0.5 minutes
1月 02, 2026 3:02:21 上午 spec.jbb.Company displayResultTotals -> 信息: Timing Measurement ended Fri Jan 02 03:02:21 CST 2026
1月 02, 2026 3:02:21 上午 spec.jbb.Company primeWithDummyData -> 信息: Loading Warehouse 8...
1月 02, 2026 3:02:21 上午 spec.jbb.JBBmain DoARun -> 信息: Start User Threads
1月 02, 2026 3:02:21 上午 spec.jbb.JBBmain DoARun -> 信息:   started user thread for Warehouse 1
1月 02, 2026 3:02:21 上午 spec.jbb.JBBmain DoARun -> 信息:   started user thread for Warehouse 2
1月 02, 2026 3:02:21 上午 spec.jbb.JBBmain DoARun -> 信息:   started user thread for Warehouse 3
1月 02, 2026 3:02:21 上午 spec.jbb.JBBmain DoARun -> 信息:   started user thread for Warehouse 4
1月 02, 2026 3:02:21 上午 spec.jbb.JBBmain DoARun -> 信息:   started user thread for Warehouse 5
1月 02, 2026 3:02:21 上午 spec.jbb.JBBmain DoARun -> 信息:   started user thread for Warehouse 6
1月 02, 2026 3:02:21 上午 spec.jbb.JBBmain DoARun -> 信息:   started user thread for Warehouse 7
1月 02, 2026 3:02:21 上午 spec.jbb.JBBmain DoARun -> 信息:   started user thread for Warehouse 8
1月 02, 2026 3:02:21 上午 spec.jbb.Company displayResultTotals -> 信息: Timing Measurement began Fri Jan 02 03:02:21 CST 2026 for 0.5 minutes
1月 02, 2026 3:02:51 上午 spec.jbb.Company displayResultTotals -> 信息: Timing Measurement ended Fri Jan 02 03:02:51 CST 2026
1月 02, 2026 3:02:51 上午 spec.jbb.Company primeWithDummyData -> 信息: Loading Warehouse 9...
1月 02, 2026 3:02:51 上午 spec.jbb.JBBmain DoARun -> 信息: Start User Threads
1月 02, 2026 3:02:51 上午 spec.jbb.JBBmain DoARun -> 信息:   started user thread for Warehouse 1
1月 02, 2026 3:02:51 上午 spec.jbb.JBBmain DoARun -> 信息:   started user thread for Warehouse 2
1月 02, 2026 3:02:51 上午 spec.jbb.JBBmain DoARun -> 信息:   started user thread for Warehouse 3
1月 02, 2026 3:02:51 上午 spec.jbb.JBBmain DoARun -> 信息:   started user thread for Warehouse 4
1月 02, 2026 3:02:51 上午 spec.jbb.JBBmain DoARun -> 信息:   started user thread for Warehouse 5
1月 02, 2026 3:02:51 上午 spec.jbb.JBBmain DoARun -> 信息:   started user thread for Warehouse 6
1月 02, 2026 3:02:51 上午 spec.jbb.JBBmain DoARun -> 信息:   started user thread for Warehouse 7
1月 02, 2026 3:02:51 上午 spec.jbb.JBBmain DoARun -> 信息:   started user thread for Warehouse 8
1月 02, 2026 3:02:51 上午 spec.jbb.JBBmain DoARun -> 信息:   started user thread for Warehouse 9
1月 02, 2026 3:02:51 上午 spec.jbb.Company displayResultTotals -> 信息: Timing Measurement began Fri Jan 02 03:02:51 CST 2026 for 0.5 minutes
1月 02, 2026 3:03:21 上午 spec.jbb.Company displayResultTotals -> 信息: Timing Measurement ended Fri Jan 02 03:03:21 CST 2026
1月 02, 2026 3:03:21 上午 spec.jbb.Company primeWithDummyData -> 信息: Loading Warehouse 10...
1月 02, 2026 3:03:22 上午 spec.jbb.JBBmain DoARun -> 信息: Start User Threads
1月 02, 2026 3:03:22 上午 spec.jbb.JBBmain DoARun -> 信息:   started user thread for Warehouse 1
1月 02, 2026 3:03:22 上午 spec.jbb.JBBmain DoARun -> 信息:   started user thread for Warehouse 2
1月 02, 2026 3:03:22 上午 spec.jbb.JBBmain DoARun -> 信息:   started user thread for Warehouse 3
1月 02, 2026 3:03:22 上午 spec.jbb.JBBmain DoARun -> 信息:   started user thread for Warehouse 4
1月 02, 2026 3:03:22 上午 spec.jbb.JBBmain DoARun -> 信息:   started user thread for Warehouse 5
1月 02, 2026 3:03:22 上午 spec.jbb.JBBmain DoARun -> 信息:   started user thread for Warehouse 6
1月 02, 2026 3:03:22 上午 spec.jbb.JBBmain DoARun -> 信息:   started user thread for Warehouse 7
1月 02, 2026 3:03:22 上午 spec.jbb.JBBmain DoARun -> 信息:   started user thread for Warehouse 8
1月 02, 2026 3:03:22 上午 spec.jbb.JBBmain DoARun -> 信息:   started user thread for Warehouse 9
1月 02, 2026 3:03:22 上午 spec.jbb.JBBmain DoARun -> 信息:   started user thread for Warehouse 10
1月 02, 2026 3:03:22 上午 spec.jbb.Company displayResultTotals -> 信息: Timing Measurement began Fri Jan 02 03:03:22 CST 2026 for 0.5 minutes
1月 02, 2026 3:03:52 上午 spec.jbb.Company displayResultTotals -> 信息: Timing Measurement ended Fri Jan 02 03:03:52 CST 2026
1月 02, 2026 3:03:52 上午 spec.jbb.Company primeWithDummyData -> 信息: Loading Warehouse 11...
1月 02, 2026 3:03:52 上午 spec.jbb.JBBmain DoARun -> 信息: Start User Threads
1月 02, 2026 3:03:52 上午 spec.jbb.JBBmain DoARun -> 信息:   started user thread for Warehouse 1
1月 02, 2026 3:03:52 上午 spec.jbb.JBBmain DoARun -> 信息:   started user thread for Warehouse 2
1月 02, 2026 3:03:52 上午 spec.jbb.JBBmain DoARun -> 信息:   started user thread for Warehouse 3
1月 02, 2026 3:03:52 上午 spec.jbb.JBBmain DoARun -> 信息:   started user thread for Warehouse 4
1月 02, 2026 3:03:52 上午 spec.jbb.JBBmain DoARun -> 信息:   started user thread for Warehouse 5
1月 02, 2026 3:03:52 上午 spec.jbb.JBBmain DoARun -> 信息:   started user thread for Warehouse 6
1月 02, 2026 3:03:52 上午 spec.jbb.JBBmain DoARun -> 信息:   started user thread for Warehouse 7
1月 02, 2026 3:03:52 上午 spec.jbb.JBBmain DoARun -> 信息:   started user thread for Warehouse 8
1月 02, 2026 3:03:52 上午 spec.jbb.JBBmain DoARun -> 信息:   started user thread for Warehouse 9
1月 02, 2026 3:03:52 上午 spec.jbb.JBBmain DoARun -> 信息:   started user thread for Warehouse 10
1月 02, 2026 3:03:52 上午 spec.jbb.JBBmain DoARun -> 信息:   started user thread for Warehouse 11
1月 02, 2026 3:03:52 上午 spec.jbb.Company displayResultTotals -> 信息: Timing Measurement began Fri Jan 02 03:03:52 CST 2026 for 0.5 minutes
1月 02, 2026 3:04:22 上午 spec.jbb.Company displayResultTotals -> 信息: Timing Measurement ended Fri Jan 02 03:04:22 CST 2026
1月 02, 2026 3:04:22 上午 spec.jbb.Company primeWithDummyData -> 信息: Loading Warehouse 12...
1月 02, 2026 3:04:22 上午 spec.jbb.JBBmain DoARun -> 信息: Start User Threads
1月 02, 2026 3:04:22 上午 spec.jbb.JBBmain DoARun -> 信息:   started user thread for Warehouse 1
1月 02, 2026 3:04:22 上午 spec.jbb.JBBmain DoARun -> 信息:   started user thread for Warehouse 2
1月 02, 2026 3:04:22 上午 spec.jbb.JBBmain DoARun -> 信息:   started user thread for Warehouse 3
1月 02, 2026 3:04:22 上午 spec.jbb.JBBmain DoARun -> 信息:   started user thread for Warehouse 4
1月 02, 2026 3:04:22 上午 spec.jbb.JBBmain DoARun -> 信息:   started user thread for Warehouse 5
1月 02, 2026 3:04:22 上午 spec.jbb.JBBmain DoARun -> 信息:   started user thread for Warehouse 6
1月 02, 2026 3:04:22 上午 spec.jbb.JBBmain DoARun -> 信息:   started user thread for Warehouse 7
1月 02, 2026 3:04:22 上午 spec.jbb.JBBmain DoARun -> 信息:   started user thread for Warehouse 8
1月 02, 2026 3:04:22 上午 spec.jbb.JBBmain DoARun -> 信息:   started user thread for Warehouse 9
1月 02, 2026 3:04:22 上午 spec.jbb.JBBmain DoARun -> 信息:   started user thread for Warehouse 10
1月 02, 2026 3:04:22 上午 spec.jbb.JBBmain DoARun -> 信息:   started user thread for Warehouse 11
1月 02, 2026 3:04:22 上午 spec.jbb.JBBmain DoARun -> 信息:   started user thread for Warehouse 12
1月 02, 2026 3:04:22 上午 spec.jbb.Company displayResultTotals -> 信息: Timing Measurement began Fri Jan 02 03:04:22 CST 2026 for 0.5 minutes
1月 02, 2026 3:04:52 上午 spec.jbb.Company displayResultTotals -> 信息: Timing Measurement ended Fri Jan 02 03:04:52 CST 2026
1月 02, 2026 3:04:52 上午 spec.jbb.Company primeWithDummyData -> 信息: Loading Warehouse 13...
1月 02, 2026 3:04:53 上午 spec.jbb.JBBmain DoARun -> 信息: Start User Threads
1月 02, 2026 3:04:53 上午 spec.jbb.JBBmain DoARun -> 信息:   started user thread for Warehouse 1
1月 02, 2026 3:04:53 上午 spec.jbb.JBBmain DoARun -> 信息:   started user thread for Warehouse 2
1月 02, 2026 3:04:53 上午 spec.jbb.JBBmain DoARun -> 信息:   started user thread for Warehouse 3
1月 02, 2026 3:04:53 上午 spec.jbb.JBBmain DoARun -> 信息:   started user thread for Warehouse 4
1月 02, 2026 3:04:53 上午 spec.jbb.JBBmain DoARun -> 信息:   started user thread for Warehouse 5
1月 02, 2026 3:04:53 上午 spec.jbb.JBBmain DoARun -> 信息:   started user thread for Warehouse 6
1月 02, 2026 3:04:53 上午 spec.jbb.JBBmain DoARun -> 信息:   started user thread for Warehouse 7
1月 02, 2026 3:04:53 上午 spec.jbb.JBBmain DoARun -> 信息:   started user thread for Warehouse 8
1月 02, 2026 3:04:53 上午 spec.jbb.JBBmain DoARun -> 信息:   started user thread for Warehouse 9
1月 02, 2026 3:04:53 上午 spec.jbb.JBBmain DoARun -> 信息:   started user thread for Warehouse 10
1月 02, 2026 3:04:53 上午 spec.jbb.JBBmain DoARun -> 信息:   started user thread for Warehouse 11
1月 02, 2026 3:04:53 上午 spec.jbb.JBBmain DoARun -> 信息:   started user thread for Warehouse 12
1月 02, 2026 3:04:53 上午 spec.jbb.JBBmain DoARun -> 信息:   started user thread for Warehouse 13
1月 02, 2026 3:04:53 上午 spec.jbb.Company displayResultTotals -> 信息: Timing Measurement began Fri Jan 02 03:04:53 CST 2026 for 0.5 minutes
1月 02, 2026 3:05:23 上午 spec.jbb.Company displayResultTotals -> 信息: Timing Measurement ended Fri Jan 02 03:05:23 CST 2026
1月 02, 2026 3:05:23 上午 spec.jbb.Company primeWithDummyData -> 信息: Loading Warehouse 14...
1月 02, 2026 3:05:23 上午 spec.jbb.JBBmain DoARun -> 信息: Start User Threads
1月 02, 2026 3:05:23 上午 spec.jbb.JBBmain DoARun -> 信息:   started user thread for Warehouse 1
1月 02, 2026 3:05:23 上午 spec.jbb.JBBmain DoARun -> 信息:   started user thread for Warehouse 2
1月 02, 2026 3:05:23 上午 spec.jbb.JBBmain DoARun -> 信息:   started user thread for Warehouse 3
1月 02, 2026 3:05:23 上午 spec.jbb.JBBmain DoARun -> 信息:   started user thread for Warehouse 4
1月 02, 2026 3:05:23 上午 spec.jbb.JBBmain DoARun -> 信息:   started user thread for Warehouse 5
1月 02, 2026 3:05:23 上午 spec.jbb.JBBmain DoARun -> 信息:   started user thread for Warehouse 6
1月 02, 2026 3:05:23 上午 spec.jbb.JBBmain DoARun -> 信息:   started user thread for Warehouse 7
1月 02, 2026 3:05:23 上午 spec.jbb.JBBmain DoARun -> 信息:   started user thread for Warehouse 8
1月 02, 2026 3:05:23 上午 spec.jbb.JBBmain DoARun -> 信息:   started user thread for Warehouse 9
1月 02, 2026 3:05:23 上午 spec.jbb.JBBmain DoARun -> 信息:   started user thread for Warehouse 10
1月 02, 2026 3:05:23 上午 spec.jbb.JBBmain DoARun -> 信息:   started user thread for Warehouse 11
1月 02, 2026 3:05:23 上午 spec.jbb.JBBmain DoARun -> 信息:   started user thread for Warehouse 12
1月 02, 2026 3:05:23 上午 spec.jbb.JBBmain DoARun -> 信息:   started user thread for Warehouse 13
1月 02, 2026 3:05:23 上午 spec.jbb.JBBmain DoARun -> 信息:   started user thread for Warehouse 14
1月 02, 2026 3:05:23 上午 spec.jbb.Company displayResultTotals -> 信息: Timing Measurement began Fri Jan 02 03:05:23 CST 2026 for 0.5 minutes
1月 02, 2026 3:05:53 上午 spec.jbb.Company displayResultTotals -> 信息: Timing Measurement ended Fri Jan 02 03:05:53 CST 2026
1月 02, 2026 3:05:53 上午 spec.jbb.Company primeWithDummyData -> 信息: Loading Warehouse 15...
1月 02, 2026 3:05:53 上午 spec.jbb.JBBmain DoARun -> 信息: Start User Threads
1月 02, 2026 3:05:53 上午 spec.jbb.JBBmain DoARun -> 信息:   started user thread for Warehouse 1
1月 02, 2026 3:05:53 上午 spec.jbb.JBBmain DoARun -> 信息:   started user thread for Warehouse 2
1月 02, 2026 3:05:53 上午 spec.jbb.JBBmain DoARun -> 信息:   started user thread for Warehouse 3
1月 02, 2026 3:05:53 上午 spec.jbb.JBBmain DoARun -> 信息:   started user thread for Warehouse 4
1月 02, 2026 3:05:53 上午 spec.jbb.JBBmain DoARun -> 信息:   started user thread for Warehouse 5
1月 02, 2026 3:05:53 上午 spec.jbb.JBBmain DoARun -> 信息:   started user thread for Warehouse 6
1月 02, 2026 3:05:53 上午 spec.jbb.JBBmain DoARun -> 信息:   started user thread for Warehouse 7
1月 02, 2026 3:05:53 上午 spec.jbb.JBBmain DoARun -> 信息:   started user thread for Warehouse 8
1月 02, 2026 3:05:53 上午 spec.jbb.JBBmain DoARun -> 信息:   started user thread for Warehouse 9
1月 02, 2026 3:05:53 上午 spec.jbb.JBBmain DoARun -> 信息:   started user thread for Warehouse 10
1月 02, 2026 3:05:53 上午 spec.jbb.JBBmain DoARun -> 信息:   started user thread for Warehouse 11
1月 02, 2026 3:05:53 上午 spec.jbb.JBBmain DoARun -> 信息:   started user thread for Warehouse 12
1月 02, 2026 3:05:53 上午 spec.jbb.JBBmain DoARun -> 信息:   started user thread for Warehouse 13
1月 02, 2026 3:05:53 上午 spec.jbb.JBBmain DoARun -> 信息:   started user thread for Warehouse 14
1月 02, 2026 3:05:53 上午 spec.jbb.JBBmain DoARun -> 信息:   started user thread for Warehouse 15
1月 02, 2026 3:05:53 上午 spec.jbb.Company displayResultTotals -> 信息: Timing Measurement began Fri Jan 02 03:05:53 CST 2026 for 0.5 minutes
1月 02, 2026 3:06:23 上午 spec.jbb.Company displayResultTotals -> 信息: Timing Measurement ended Fri Jan 02 03:06:23 CST 2026
1月 02, 2026 3:06:23 上午 spec.jbb.Company primeWithDummyData -> 信息: Loading Warehouse 16...
1月 02, 2026 3:06:23 上午 spec.jbb.JBBmain DoARun -> 信息: Start User Threads
1月 02, 2026 3:06:23 上午 spec.jbb.JBBmain DoARun -> 信息:   started user thread for Warehouse 1
1月 02, 2026 3:06:23 上午 spec.jbb.JBBmain DoARun -> 信息:   started user thread for Warehouse 2
1月 02, 2026 3:06:23 上午 spec.jbb.JBBmain DoARun -> 信息:   started user thread for Warehouse 3
1月 02, 2026 3:06:23 上午 spec.jbb.JBBmain DoARun -> 信息:   started user thread for Warehouse 4
1月 02, 2026 3:06:23 上午 spec.jbb.JBBmain DoARun -> 信息:   started user thread for Warehouse 5
1月 02, 2026 3:06:23 上午 spec.jbb.JBBmain DoARun -> 信息:   started user thread for Warehouse 6
1月 02, 2026 3:06:23 上午 spec.jbb.JBBmain DoARun -> 信息:   started user thread for Warehouse 7
1月 02, 2026 3:06:23 上午 spec.jbb.JBBmain DoARun -> 信息:   started user thread for Warehouse 8
1月 02, 2026 3:06:23 上午 spec.jbb.JBBmain DoARun -> 信息:   started user thread for Warehouse 9
1月 02, 2026 3:06:23 上午 spec.jbb.JBBmain DoARun -> 信息:   started user thread for Warehouse 10
1月 02, 2026 3:06:23 上午 spec.jbb.JBBmain DoARun -> 信息:   started user thread for Warehouse 11
1月 02, 2026 3:06:23 上午 spec.jbb.JBBmain DoARun -> 信息:   started user thread for Warehouse 12
1月 02, 2026 3:06:23 上午 spec.jbb.JBBmain DoARun -> 信息:   started user thread for Warehouse 13
1月 02, 2026 3:06:23 上午 spec.jbb.JBBmain DoARun -> 信息:   started user thread for Warehouse 14
1月 02, 2026 3:06:23 上午 spec.jbb.JBBmain DoARun -> 信息:   started user thread for Warehouse 15
1月 02, 2026 3:06:23 上午 spec.jbb.JBBmain DoARun -> 信息:   started user thread for Warehouse 16
1月 02, 2026 3:06:23 上午 spec.jbb.Company displayResultTotals -> 信息: Timing Measurement began Fri Jan 02 03:06:23 CST 2026 for 0.5 minutes
1月 02, 2026 3:06:53 上午 spec.jbb.Company displayResultTotals -> 信息: Timing Measurement ended Fri Jan 02 03:06:53 CST 2026
1月 02, 2026 3:06:53 上午 spec.jbb.Company primeWithDummyData -> 信息: Loading Warehouse 17...
1月 02, 2026 3:06:54 上午 spec.jbb.JBBmain DoARun -> 信息: Start User Threads
1月 02, 2026 3:06:54 上午 spec.jbb.JBBmain DoARun -> 信息:   started user thread for Warehouse 1
1月 02, 2026 3:06:54 上午 spec.jbb.JBBmain DoARun -> 信息:   started user thread for Warehouse 2
1月 02, 2026 3:06:54 上午 spec.jbb.JBBmain DoARun -> 信息:   started user thread for Warehouse 3
1月 02, 2026 3:06:54 上午 spec.jbb.JBBmain DoARun -> 信息:   started user thread for Warehouse 4
1月 02, 2026 3:06:54 上午 spec.jbb.JBBmain DoARun -> 信息:   started user thread for Warehouse 5
1月 02, 2026 3:06:54 上午 spec.jbb.JBBmain DoARun -> 信息:   started user thread for Warehouse 6
1月 02, 2026 3:06:54 上午 spec.jbb.JBBmain DoARun -> 信息:   started user thread for Warehouse 7
1月 02, 2026 3:06:54 上午 spec.jbb.JBBmain DoARun -> 信息:   started user thread for Warehouse 8
1月 02, 2026 3:06:54 上午 spec.jbb.JBBmain DoARun -> 信息:   started user thread for Warehouse 9
1月 02, 2026 3:06:54 上午 spec.jbb.JBBmain DoARun -> 信息:   started user thread for Warehouse 10
1月 02, 2026 3:06:54 上午 spec.jbb.JBBmain DoARun -> 信息:   started user thread for Warehouse 11
1月 02, 2026 3:06:54 上午 spec.jbb.JBBmain DoARun -> 信息:   started user thread for Warehouse 12
1月 02, 2026 3:06:54 上午 spec.jbb.JBBmain DoARun -> 信息:   started user thread for Warehouse 13
1月 02, 2026 3:06:54 上午 spec.jbb.JBBmain DoARun -> 信息:   started user thread for Warehouse 14
1月 02, 2026 3:06:54 上午 spec.jbb.JBBmain DoARun -> 信息:   started user thread for Warehouse 15
1月 02, 2026 3:06:54 上午 spec.jbb.JBBmain DoARun -> 信息:   started user thread for Warehouse 16
1月 02, 2026 3:06:54 上午 spec.jbb.JBBmain DoARun -> 信息:   started user thread for Warehouse 17
1月 02, 2026 3:06:54 上午 spec.jbb.Company displayResultTotals -> 信息: Timing Measurement began Fri Jan 02 03:06:54 CST 2026 for 0.5 minutes
1月 02, 2026 3:07:24 上午 spec.jbb.Company displayResultTotals -> 信息: Timing Measurement ended Fri Jan 02 03:07:24 CST 2026
1月 02, 2026 3:07:24 上午 spec.jbb.Company primeWithDummyData -> 信息: Loading Warehouse 18...
1月 02, 2026 3:07:24 上午 spec.jbb.JBBmain DoARun -> 信息: Start User Threads
1月 02, 2026 3:07:24 上午 spec.jbb.JBBmain DoARun -> 信息:   started user thread for Warehouse 1
1月 02, 2026 3:07:24 上午 spec.jbb.JBBmain DoARun -> 信息:   started user thread for Warehouse 2
1月 02, 2026 3:07:24 上午 spec.jbb.JBBmain DoARun -> 信息:   started user thread for Warehouse 3
1月 02, 2026 3:07:24 上午 spec.jbb.JBBmain DoARun -> 信息:   started user thread for Warehouse 4
1月 02, 2026 3:07:24 上午 spec.jbb.JBBmain DoARun -> 信息:   started user thread for Warehouse 5
1月 02, 2026 3:07:24 上午 spec.jbb.JBBmain DoARun -> 信息:   started user thread for Warehouse 6
1月 02, 2026 3:07:24 上午 spec.jbb.JBBmain DoARun -> 信息:   started user thread for Warehouse 7
1月 02, 2026 3:07:24 上午 spec.jbb.JBBmain DoARun -> 信息:   started user thread for Warehouse 8
1月 02, 2026 3:07:24 上午 spec.jbb.JBBmain DoARun -> 信息:   started user thread for Warehouse 9
1月 02, 2026 3:07:24 上午 spec.jbb.JBBmain DoARun -> 信息:   started user thread for Warehouse 10
1月 02, 2026 3:07:24 上午 spec.jbb.JBBmain DoARun -> 信息:   started user thread for Warehouse 11
1月 02, 2026 3:07:24 上午 spec.jbb.JBBmain DoARun -> 信息:   started user thread for Warehouse 12
1月 02, 2026 3:07:24 上午 spec.jbb.JBBmain DoARun -> 信息:   started user thread for Warehouse 13
1月 02, 2026 3:07:24 上午 spec.jbb.JBBmain DoARun -> 信息:   started user thread for Warehouse 14
1月 02, 2026 3:07:24 上午 spec.jbb.JBBmain DoARun -> 信息:   started user thread for Warehouse 15
1月 02, 2026 3:07:24 上午 spec.jbb.JBBmain DoARun -> 信息:   started user thread for Warehouse 16
1月 02, 2026 3:07:24 上午 spec.jbb.JBBmain DoARun -> 信息:   started user thread for Warehouse 17
1月 02, 2026 3:07:24 上午 spec.jbb.JBBmain DoARun -> 信息:   started user thread for Warehouse 18
1月 02, 2026 3:07:24 上午 spec.jbb.Company displayResultTotals -> 信息: Timing Measurement began Fri Jan 02 03:07:24 CST 2026 for 0.5 minutes
1月 02, 2026 3:07:54 上午 spec.jbb.Company displayResultTotals -> 信息: Timing Measurement ended Fri Jan 02 03:07:54 CST 2026
1月 02, 2026 3:07:54 上午 spec.jbb.Company primeWithDummyData -> 信息: Loading Warehouse 19...
1月 02, 2026 3:07:54 上午 spec.jbb.JBBmain DoARun -> 信息: Start User Threads
1月 02, 2026 3:07:54 上午 spec.jbb.JBBmain DoARun -> 信息:   started user thread for Warehouse 1
1月 02, 2026 3:07:54 上午 spec.jbb.JBBmain DoARun -> 信息:   started user thread for Warehouse 2
1月 02, 2026 3:07:54 上午 spec.jbb.JBBmain DoARun -> 信息:   started user thread for Warehouse 3
1月 02, 2026 3:07:54 上午 spec.jbb.JBBmain DoARun -> 信息:   started user thread for Warehouse 4
1月 02, 2026 3:07:54 上午 spec.jbb.JBBmain DoARun -> 信息:   started user thread for Warehouse 5
1月 02, 2026 3:07:54 上午 spec.jbb.JBBmain DoARun -> 信息:   started user thread for Warehouse 6
1月 02, 2026 3:07:54 上午 spec.jbb.JBBmain DoARun -> 信息:   started user thread for Warehouse 7
1月 02, 2026 3:07:54 上午 spec.jbb.JBBmain DoARun -> 信息:   started user thread for Warehouse 8
1月 02, 2026 3:07:54 上午 spec.jbb.JBBmain DoARun -> 信息:   started user thread for Warehouse 9
1月 02, 2026 3:07:54 上午 spec.jbb.JBBmain DoARun -> 信息:   started user thread for Warehouse 10
1月 02, 2026 3:07:54 上午 spec.jbb.JBBmain DoARun -> 信息:   started user thread for Warehouse 11
1月 02, 2026 3:07:54 上午 spec.jbb.JBBmain DoARun -> 信息:   started user thread for Warehouse 12
1月 02, 2026 3:07:54 上午 spec.jbb.JBBmain DoARun -> 信息:   started user thread for Warehouse 13
1月 02, 2026 3:07:54 上午 spec.jbb.JBBmain DoARun -> 信息:   started user thread for Warehouse 14
1月 02, 2026 3:07:54 上午 spec.jbb.JBBmain DoARun -> 信息:   started user thread for Warehouse 15
1月 02, 2026 3:07:54 上午 spec.jbb.JBBmain DoARun -> 信息:   started user thread for Warehouse 16
1月 02, 2026 3:07:54 上午 spec.jbb.JBBmain DoARun -> 信息:   started user thread for Warehouse 17
1月 02, 2026 3:07:54 上午 spec.jbb.JBBmain DoARun -> 信息:   started user thread for Warehouse 18
1月 02, 2026 3:07:54 上午 spec.jbb.JBBmain DoARun -> 信息:   started user thread for Warehouse 19
1月 02, 2026 3:07:54 上午 spec.jbb.Company displayResultTotals -> 信息: Timing Measurement began Fri Jan 02 03:07:54 CST 2026 for 0.5 minutes
1月 02, 2026 3:08:24 上午 spec.jbb.Company displayResultTotals -> 信息: Timing Measurement ended Fri Jan 02 03:08:24 CST 2026
1月 02, 2026 3:08:24 上午 spec.jbb.Company primeWithDummyData -> 信息: Loading Warehouse 20...
1月 02, 2026 3:08:25 上午 spec.jbb.JBBmain DoARun -> 信息: Start User Threads
1月 02, 2026 3:08:25 上午 spec.jbb.JBBmain DoARun -> 信息:   started user thread for Warehouse 1
1月 02, 2026 3:08:25 上午 spec.jbb.JBBmain DoARun -> 信息:   started user thread for Warehouse 2
1月 02, 2026 3:08:25 上午 spec.jbb.JBBmain DoARun -> 信息:   started user thread for Warehouse 3
1月 02, 2026 3:08:25 上午 spec.jbb.JBBmain DoARun -> 信息:   started user thread for Warehouse 4
1月 02, 2026 3:08:25 上午 spec.jbb.JBBmain DoARun -> 信息:   started user thread for Warehouse 5
1月 02, 2026 3:08:25 上午 spec.jbb.JBBmain DoARun -> 信息:   started user thread for Warehouse 6
1月 02, 2026 3:08:25 上午 spec.jbb.JBBmain DoARun -> 信息:   started user thread for Warehouse 7
1月 02, 2026 3:08:25 上午 spec.jbb.JBBmain DoARun -> 信息:   started user thread for Warehouse 8
1月 02, 2026 3:08:25 上午 spec.jbb.JBBmain DoARun -> 信息:   started user thread for Warehouse 9
1月 02, 2026 3:08:25 上午 spec.jbb.JBBmain DoARun -> 信息:   started user thread for Warehouse 10
1月 02, 2026 3:08:25 上午 spec.jbb.JBBmain DoARun -> 信息:   started user thread for Warehouse 11
1月 02, 2026 3:08:25 上午 spec.jbb.JBBmain DoARun -> 信息:   started user thread for Warehouse 12
1月 02, 2026 3:08:25 上午 spec.jbb.JBBmain DoARun -> 信息:   started user thread for Warehouse 13
1月 02, 2026 3:08:25 上午 spec.jbb.JBBmain DoARun -> 信息:   started user thread for Warehouse 14
1月 02, 2026 3:08:25 上午 spec.jbb.JBBmain DoARun -> 信息:   started user thread for Warehouse 15
1月 02, 2026 3:08:25 上午 spec.jbb.JBBmain DoARun -> 信息:   started user thread for Warehouse 16
1月 02, 2026 3:08:25 上午 spec.jbb.JBBmain DoARun -> 信息:   started user thread for Warehouse 17
1月 02, 2026 3:08:25 上午 spec.jbb.JBBmain DoARun -> 信息:   started user thread for Warehouse 18
1月 02, 2026 3:08:25 上午 spec.jbb.JBBmain DoARun -> 信息:   started user thread for Warehouse 19
1月 02, 2026 3:08:25 上午 spec.jbb.JBBmain DoARun -> 信息:   started user thread for Warehouse 20
1月 02, 2026 3:08:25 上午 spec.jbb.Company displayResultTotals -> 信息: Timing Measurement began Fri Jan 02 03:08:25 CST 2026 for 0.5 minutes
1月 02, 2026 3:08:55 上午 spec.jbb.Company displayResultTotals -> 信息: Timing Measurement ended Fri Jan 02 03:08:55 CST 2026
1月 02, 2026 3:08:55 上午 spec.jbb.Company primeWithDummyData -> 信息: Loading Warehouse 21...
1月 02, 2026 3:08:55 上午 spec.jbb.JBBmain DoARun -> 信息: Start User Threads
1月 02, 2026 3:08:55 上午 spec.jbb.JBBmain DoARun -> 信息:   started user thread for Warehouse 1
1月 02, 2026 3:08:55 上午 spec.jbb.JBBmain DoARun -> 信息:   started user thread for Warehouse 2
1月 02, 2026 3:08:55 上午 spec.jbb.JBBmain DoARun -> 信息:   started user thread for Warehouse 3
1月 02, 2026 3:08:55 上午 spec.jbb.JBBmain DoARun -> 信息:   started user thread for Warehouse 4
1月 02, 2026 3:08:55 上午 spec.jbb.JBBmain DoARun -> 信息:   started user thread for Warehouse 5
1月 02, 2026 3:08:55 上午 spec.jbb.JBBmain DoARun -> 信息:   started user thread for Warehouse 6
1月 02, 2026 3:08:55 上午 spec.jbb.JBBmain DoARun -> 信息:   started user thread for Warehouse 7
1月 02, 2026 3:08:55 上午 spec.jbb.JBBmain DoARun -> 信息:   started user thread for Warehouse 8
1月 02, 2026 3:08:55 上午 spec.jbb.JBBmain DoARun -> 信息:   started user thread for Warehouse 9
1月 02, 2026 3:08:55 上午 spec.jbb.JBBmain DoARun -> 信息:   started user thread for Warehouse 10
1月 02, 2026 3:08:55 上午 spec.jbb.JBBmain DoARun -> 信息:   started user thread for Warehouse 11
1月 02, 2026 3:08:55 上午 spec.jbb.JBBmain DoARun -> 信息:   started user thread for Warehouse 12
1月 02, 2026 3:08:55 上午 spec.jbb.JBBmain DoARun -> 信息:   started user thread for Warehouse 13
1月 02, 2026 3:08:55 上午 spec.jbb.JBBmain DoARun -> 信息:   started user thread for Warehouse 14
1月 02, 2026 3:08:55 上午 spec.jbb.JBBmain DoARun -> 信息:   started user thread for Warehouse 15
1月 02, 2026 3:08:55 上午 spec.jbb.JBBmain DoARun -> 信息:   started user thread for Warehouse 16
1月 02, 2026 3:08:55 上午 spec.jbb.JBBmain DoARun -> 信息:   started user thread for Warehouse 17
1月 02, 2026 3:08:55 上午 spec.jbb.JBBmain DoARun -> 信息:   started user thread for Warehouse 18
1月 02, 2026 3:08:55 上午 spec.jbb.JBBmain DoARun -> 信息:   started user thread for Warehouse 19
1月 02, 2026 3:08:55 上午 spec.jbb.JBBmain DoARun -> 信息:   started user thread for Warehouse 20
1月 02, 2026 3:08:55 上午 spec.jbb.JBBmain DoARun -> 信息:   started user thread for Warehouse 21
1月 02, 2026 3:08:55 上午 spec.jbb.Company displayResultTotals -> 信息: Timing Measurement began Fri Jan 02 03:08:55 CST 2026 for 0.5 minutes
1月 02, 2026 3:09:25 上午 spec.jbb.Company displayResultTotals -> 信息: Timing Measurement ended Fri Jan 02 03:09:25 CST 2026
1月 02, 2026 3:09:25 上午 spec.jbb.Company primeWithDummyData -> 信息: Loading Warehouse 22...
1月 02, 2026 3:09:25 上午 spec.jbb.JBBmain DoARun -> 信息: Start User Threads
1月 02, 2026 3:09:25 上午 spec.jbb.JBBmain DoARun -> 信息:   started user thread for Warehouse 1
1月 02, 2026 3:09:25 上午 spec.jbb.JBBmain DoARun -> 信息:   started user thread for Warehouse 2
1月 02, 2026 3:09:25 上午 spec.jbb.JBBmain DoARun -> 信息:   started user thread for Warehouse 3
1月 02, 2026 3:09:25 上午 spec.jbb.JBBmain DoARun -> 信息:   started user thread for Warehouse 4
1月 02, 2026 3:09:25 上午 spec.jbb.JBBmain DoARun -> 信息:   started user thread for Warehouse 5
1月 02, 2026 3:09:25 上午 spec.jbb.JBBmain DoARun -> 信息:   started user thread for Warehouse 6
1月 02, 2026 3:09:25 上午 spec.jbb.JBBmain DoARun -> 信息:   started user thread for Warehouse 7
1月 02, 2026 3:09:25 上午 spec.jbb.JBBmain DoARun -> 信息:   started user thread for Warehouse 8
1月 02, 2026 3:09:25 上午 spec.jbb.JBBmain DoARun -> 信息:   started user thread for Warehouse 9
1月 02, 2026 3:09:25 上午 spec.jbb.JBBmain DoARun -> 信息:   started user thread for Warehouse 10
1月 02, 2026 3:09:25 上午 spec.jbb.JBBmain DoARun -> 信息:   started user thread for Warehouse 11
1月 02, 2026 3:09:25 上午 spec.jbb.JBBmain DoARun -> 信息:   started user thread for Warehouse 12
1月 02, 2026 3:09:25 上午 spec.jbb.JBBmain DoARun -> 信息:   started user thread for Warehouse 13
1月 02, 2026 3:09:25 上午 spec.jbb.JBBmain DoARun -> 信息:   started user thread for Warehouse 14
1月 02, 2026 3:09:25 上午 spec.jbb.JBBmain DoARun -> 信息:   started user thread for Warehouse 15
1月 02, 2026 3:09:25 上午 spec.jbb.JBBmain DoARun -> 信息:   started user thread for Warehouse 16
1月 02, 2026 3:09:25 上午 spec.jbb.JBBmain DoARun -> 信息:   started user thread for Warehouse 17
1月 02, 2026 3:09:25 上午 spec.jbb.JBBmain DoARun -> 信息:   started user thread for Warehouse 18
1月 02, 2026 3:09:25 上午 spec.jbb.JBBmain DoARun -> 信息:   started user thread for Warehouse 19
1月 02, 2026 3:09:25 上午 spec.jbb.JBBmain DoARun -> 信息:   started user thread for Warehouse 20
1月 02, 2026 3:09:25 上午 spec.jbb.JBBmain DoARun -> 信息:   started user thread for Warehouse 21
1月 02, 2026 3:09:25 上午 spec.jbb.JBBmain DoARun -> 信息:   started user thread for Warehouse 22
1月 02, 2026 3:09:25 上午 spec.jbb.Company displayResultTotals -> 信息: Timing Measurement began Fri Jan 02 03:09:25 CST 2026 for 0.5 minutes
1月 02, 2026 3:09:55 上午 spec.jbb.Company displayResultTotals -> 信息: Timing Measurement ended Fri Jan 02 03:09:55 CST 2026
1月 02, 2026 3:09:55 上午 spec.jbb.Company primeWithDummyData -> 信息: Loading Warehouse 23...
1月 02, 2026 3:09:55 上午 spec.jbb.JBBmain DoARun -> 信息: Start User Threads
1月 02, 2026 3:09:55 上午 spec.jbb.JBBmain DoARun -> 信息:   started user thread for Warehouse 1
1月 02, 2026 3:09:55 上午 spec.jbb.JBBmain DoARun -> 信息:   started user thread for Warehouse 2
1月 02, 2026 3:09:55 上午 spec.jbb.JBBmain DoARun -> 信息:   started user thread for Warehouse 3
1月 02, 2026 3:09:55 上午 spec.jbb.JBBmain DoARun -> 信息:   started user thread for Warehouse 4
1月 02, 2026 3:09:55 上午 spec.jbb.JBBmain DoARun -> 信息:   started user thread for Warehouse 5
1月 02, 2026 3:09:55 上午 spec.jbb.JBBmain DoARun -> 信息:   started user thread for Warehouse 6
1月 02, 2026 3:09:55 上午 spec.jbb.JBBmain DoARun -> 信息:   started user thread for Warehouse 7
1月 02, 2026 3:09:55 上午 spec.jbb.JBBmain DoARun -> 信息:   started user thread for Warehouse 8
1月 02, 2026 3:09:55 上午 spec.jbb.JBBmain DoARun -> 信息:   started user thread for Warehouse 9
1月 02, 2026 3:09:55 上午 spec.jbb.JBBmain DoARun -> 信息:   started user thread for Warehouse 10
1月 02, 2026 3:09:55 上午 spec.jbb.JBBmain DoARun -> 信息:   started user thread for Warehouse 11
1月 02, 2026 3:09:55 上午 spec.jbb.JBBmain DoARun -> 信息:   started user thread for Warehouse 12
1月 02, 2026 3:09:55 上午 spec.jbb.JBBmain DoARun -> 信息:   started user thread for Warehouse 13
1月 02, 2026 3:09:55 上午 spec.jbb.JBBmain DoARun -> 信息:   started user thread for Warehouse 14
1月 02, 2026 3:09:55 上午 spec.jbb.JBBmain DoARun -> 信息:   started user thread for Warehouse 15
1月 02, 2026 3:09:55 上午 spec.jbb.JBBmain DoARun -> 信息:   started user thread for Warehouse 16
1月 02, 2026 3:09:55 上午 spec.jbb.JBBmain DoARun -> 信息:   started user thread for Warehouse 17
1月 02, 2026 3:09:55 上午 spec.jbb.JBBmain DoARun -> 信息:   started user thread for Warehouse 18
1月 02, 2026 3:09:55 上午 spec.jbb.JBBmain DoARun -> 信息:   started user thread for Warehouse 19
1月 02, 2026 3:09:55 上午 spec.jbb.JBBmain DoARun -> 信息:   started user thread for Warehouse 20
1月 02, 2026 3:09:55 上午 spec.jbb.JBBmain DoARun -> 信息:   started user thread for Warehouse 21
1月 02, 2026 3:09:55 上午 spec.jbb.JBBmain DoARun -> 信息:   started user thread for Warehouse 22
1月 02, 2026 3:09:55 上午 spec.jbb.JBBmain DoARun -> 信息:   started user thread for Warehouse 23
1月 02, 2026 3:09:55 上午 spec.jbb.Company displayResultTotals -> 信息: Timing Measurement began Fri Jan 02 03:09:55 CST 2026 for 0.5 minutes
1月 02, 2026 3:10:25 上午 spec.jbb.Company displayResultTotals -> 信息: Timing Measurement ended Fri Jan 02 03:10:25 CST 2026
1月 02, 2026 3:10:25 上午 spec.jbb.Company primeWithDummyData -> 信息: Loading Warehouse 24...
1月 02, 2026 3:10:26 上午 spec.jbb.JBBmain DoARun -> 信息: Start User Threads
1月 02, 2026 3:10:26 上午 spec.jbb.JBBmain DoARun -> 信息:   started user thread for Warehouse 1
1月 02, 2026 3:10:26 上午 spec.jbb.JBBmain DoARun -> 信息:   started user thread for Warehouse 2
1月 02, 2026 3:10:26 上午 spec.jbb.JBBmain DoARun -> 信息:   started user thread for Warehouse 3
1月 02, 2026 3:10:26 上午 spec.jbb.JBBmain DoARun -> 信息:   started user thread for Warehouse 4
1月 02, 2026 3:10:26 上午 spec.jbb.JBBmain DoARun -> 信息:   started user thread for Warehouse 5
1月 02, 2026 3:10:26 上午 spec.jbb.JBBmain DoARun -> 信息:   started user thread for Warehouse 6
1月 02, 2026 3:10:26 上午 spec.jbb.JBBmain DoARun -> 信息:   started user thread for Warehouse 7
1月 02, 2026 3:10:26 上午 spec.jbb.JBBmain DoARun -> 信息:   started user thread for Warehouse 8
1月 02, 2026 3:10:26 上午 spec.jbb.JBBmain DoARun -> 信息:   started user thread for Warehouse 9
1月 02, 2026 3:10:26 上午 spec.jbb.JBBmain DoARun -> 信息:   started user thread for Warehouse 10
1月 02, 2026 3:10:26 上午 spec.jbb.JBBmain DoARun -> 信息:   started user thread for Warehouse 11
1月 02, 2026 3:10:26 上午 spec.jbb.JBBmain DoARun -> 信息:   started user thread for Warehouse 12
1月 02, 2026 3:10:26 上午 spec.jbb.JBBmain DoARun -> 信息:   started user thread for Warehouse 13
1月 02, 2026 3:10:26 上午 spec.jbb.JBBmain DoARun -> 信息:   started user thread for Warehouse 14
1月 02, 2026 3:10:26 上午 spec.jbb.JBBmain DoARun -> 信息:   started user thread for Warehouse 15
1月 02, 2026 3:10:26 上午 spec.jbb.JBBmain DoARun -> 信息:   started user thread for Warehouse 16
1月 02, 2026 3:10:26 上午 spec.jbb.JBBmain DoARun -> 信息:   started user thread for Warehouse 17
1月 02, 2026 3:10:26 上午 spec.jbb.JBBmain DoARun -> 信息:   started user thread for Warehouse 18
1月 02, 2026 3:10:26 上午 spec.jbb.JBBmain DoARun -> 信息:   started user thread for Warehouse 19
1月 02, 2026 3:10:26 上午 spec.jbb.JBBmain DoARun -> 信息:   started user thread for Warehouse 20
1月 02, 2026 3:10:26 上午 spec.jbb.JBBmain DoARun -> 信息:   started user thread for Warehouse 21
1月 02, 2026 3:10:26 上午 spec.jbb.JBBmain DoARun -> 信息:   started user thread for Warehouse 22
1月 02, 2026 3:10:26 上午 spec.jbb.JBBmain DoARun -> 信息:   started user thread for Warehouse 23
1月 02, 2026 3:10:26 上午 spec.jbb.JBBmain DoARun -> 信息:   started user thread for Warehouse 24
1月 02, 2026 3:10:26 上午 spec.jbb.Company displayResultTotals -> 信息: Timing Measurement began Fri Jan 02 03:10:26 CST 2026 for 0.5 minutes
1月 02, 2026 3:10:56 上午 spec.jbb.Company displayResultTotals -> 信息: Timing Measurement ended Fri Jan 02 03:10:56 CST 2026
1月 02, 2026 3:10:56 上午 spec.jbb.Company primeWithDummyData -> 信息: Loading Warehouse 25...
1月 02, 2026 3:10:56 上午 spec.jbb.JBBmain DoARun -> 信息: Start User Threads
1月 02, 2026 3:10:56 上午 spec.jbb.JBBmain DoARun -> 信息:   started user thread for Warehouse 1
1月 02, 2026 3:10:56 上午 spec.jbb.JBBmain DoARun -> 信息:   started user thread for Warehouse 2
1月 02, 2026 3:10:56 上午 spec.jbb.JBBmain DoARun -> 信息:   started user thread for Warehouse 3
1月 02, 2026 3:10:56 上午 spec.jbb.JBBmain DoARun -> 信息:   started user thread for Warehouse 4
1月 02, 2026 3:10:56 上午 spec.jbb.JBBmain DoARun -> 信息:   started user thread for Warehouse 5
1月 02, 2026 3:10:56 上午 spec.jbb.JBBmain DoARun -> 信息:   started user thread for Warehouse 6
1月 02, 2026 3:10:56 上午 spec.jbb.JBBmain DoARun -> 信息:   started user thread for Warehouse 7
1月 02, 2026 3:10:56 上午 spec.jbb.JBBmain DoARun -> 信息:   started user thread for Warehouse 8
1月 02, 2026 3:10:56 上午 spec.jbb.JBBmain DoARun -> 信息:   started user thread for Warehouse 9
1月 02, 2026 3:10:56 上午 spec.jbb.JBBmain DoARun -> 信息:   started user thread for Warehouse 10
1月 02, 2026 3:10:56 上午 spec.jbb.JBBmain DoARun -> 信息:   started user thread for Warehouse 11
1月 02, 2026 3:10:56 上午 spec.jbb.JBBmain DoARun -> 信息:   started user thread for Warehouse 12
1月 02, 2026 3:10:56 上午 spec.jbb.JBBmain DoARun -> 信息:   started user thread for Warehouse 13
1月 02, 2026 3:10:56 上午 spec.jbb.JBBmain DoARun -> 信息:   started user thread for Warehouse 14
1月 02, 2026 3:10:56 上午 spec.jbb.JBBmain DoARun -> 信息:   started user thread for Warehouse 15
1月 02, 2026 3:10:56 上午 spec.jbb.JBBmain DoARun -> 信息:   started user thread for Warehouse 16
1月 02, 2026 3:10:56 上午 spec.jbb.JBBmain DoARun -> 信息:   started user thread for Warehouse 17
1月 02, 2026 3:10:56 上午 spec.jbb.JBBmain DoARun -> 信息:   started user thread for Warehouse 18
1月 02, 2026 3:10:56 上午 spec.jbb.JBBmain DoARun -> 信息:   started user thread for Warehouse 19
1月 02, 2026 3:10:56 上午 spec.jbb.JBBmain DoARun -> 信息:   started user thread for Warehouse 20
1月 02, 2026 3:10:56 上午 spec.jbb.JBBmain DoARun -> 信息:   started user thread for Warehouse 21
1月 02, 2026 3:10:56 上午 spec.jbb.JBBmain DoARun -> 信息:   started user thread for Warehouse 22
1月 02, 2026 3:10:56 上午 spec.jbb.JBBmain DoARun -> 信息:   started user thread for Warehouse 23
1月 02, 2026 3:10:56 上午 spec.jbb.JBBmain DoARun -> 信息:   started user thread for Warehouse 24
1月 02, 2026 3:10:56 上午 spec.jbb.JBBmain DoARun -> 信息:   started user thread for Warehouse 25
1月 02, 2026 3:10:56 上午 spec.jbb.Company displayResultTotals -> 信息: Timing Measurement began Fri Jan 02 03:10:56 CST 2026 for 0.5 minutes
1月 02, 2026 3:11:26 上午 spec.jbb.Company displayResultTotals -> 信息: Timing Measurement ended Fri Jan 02 03:11:26 CST 2026
1月 02, 2026 3:11:26 上午 spec.jbb.Company primeWithDummyData -> 信息: Loading Warehouse 26...
1月 02, 2026 3:11:26 上午 spec.jbb.JBBmain DoARun -> 信息: Start User Threads
1月 02, 2026 3:11:26 上午 spec.jbb.JBBmain DoARun -> 信息:   started user thread for Warehouse 1
1月 02, 2026 3:11:26 上午 spec.jbb.JBBmain DoARun -> 信息:   started user thread for Warehouse 2
1月 02, 2026 3:11:26 上午 spec.jbb.JBBmain DoARun -> 信息:   started user thread for Warehouse 3
1月 02, 2026 3:11:26 上午 spec.jbb.JBBmain DoARun -> 信息:   started user thread for Warehouse 4
1月 02, 2026 3:11:26 上午 spec.jbb.JBBmain DoARun -> 信息:   started user thread for Warehouse 5
1月 02, 2026 3:11:26 上午 spec.jbb.JBBmain DoARun -> 信息:   started user thread for Warehouse 6
1月 02, 2026 3:11:26 上午 spec.jbb.JBBmain DoARun -> 信息:   started user thread for Warehouse 7
1月 02, 2026 3:11:26 上午 spec.jbb.JBBmain DoARun -> 信息:   started user thread for Warehouse 8
1月 02, 2026 3:11:26 上午 spec.jbb.JBBmain DoARun -> 信息:   started user thread for Warehouse 9
1月 02, 2026 3:11:26 上午 spec.jbb.JBBmain DoARun -> 信息:   started user thread for Warehouse 10
1月 02, 2026 3:11:26 上午 spec.jbb.JBBmain DoARun -> 信息:   started user thread for Warehouse 11
1月 02, 2026 3:11:26 上午 spec.jbb.JBBmain DoARun -> 信息:   started user thread for Warehouse 12
1月 02, 2026 3:11:26 上午 spec.jbb.JBBmain DoARun -> 信息:   started user thread for Warehouse 13
1月 02, 2026 3:11:26 上午 spec.jbb.JBBmain DoARun -> 信息:   started user thread for Warehouse 14
1月 02, 2026 3:11:26 上午 spec.jbb.JBBmain DoARun -> 信息:   started user thread for Warehouse 15
1月 02, 2026 3:11:26 上午 spec.jbb.JBBmain DoARun -> 信息:   started user thread for Warehouse 16
1月 02, 2026 3:11:26 上午 spec.jbb.JBBmain DoARun -> 信息:   started user thread for Warehouse 17
1月 02, 2026 3:11:26 上午 spec.jbb.JBBmain DoARun -> 信息:   started user thread for Warehouse 18
1月 02, 2026 3:11:26 上午 spec.jbb.JBBmain DoARun -> 信息:   started user thread for Warehouse 19
1月 02, 2026 3:11:26 上午 spec.jbb.JBBmain DoARun -> 信息:   started user thread for Warehouse 20
1月 02, 2026 3:11:26 上午 spec.jbb.JBBmain DoARun -> 信息:   started user thread for Warehouse 21
1月 02, 2026 3:11:26 上午 spec.jbb.JBBmain DoARun -> 信息:   started user thread for Warehouse 22
1月 02, 2026 3:11:26 上午 spec.jbb.JBBmain DoARun -> 信息:   started user thread for Warehouse 23
1月 02, 2026 3:11:26 上午 spec.jbb.JBBmain DoARun -> 信息:   started user thread for Warehouse 24
1月 02, 2026 3:11:26 上午 spec.jbb.JBBmain DoARun -> 信息:   started user thread for Warehouse 25
1月 02, 2026 3:11:26 上午 spec.jbb.JBBmain DoARun -> 信息:   started user thread for Warehouse 26
1月 02, 2026 3:11:26 上午 spec.jbb.Company displayResultTotals -> 信息: Timing Measurement began Fri Jan 02 03:11:26 CST 2026 for 0.5 minutes
1月 02, 2026 3:11:56 上午 spec.jbb.Company displayResultTotals -> 信息: Timing Measurement ended Fri Jan 02 03:11:56 CST 2026
1月 02, 2026 3:11:56 上午 spec.jbb.Company primeWithDummyData -> 信息: Loading Warehouse 27...
1月 02, 2026 3:11:57 上午 spec.jbb.JBBmain DoARun -> 信息: Start User Threads
1月 02, 2026 3:11:57 上午 spec.jbb.JBBmain DoARun -> 信息:   started user thread for Warehouse 1
1月 02, 2026 3:11:57 上午 spec.jbb.JBBmain DoARun -> 信息:   started user thread for Warehouse 2
1月 02, 2026 3:11:57 上午 spec.jbb.JBBmain DoARun -> 信息:   started user thread for Warehouse 3
1月 02, 2026 3:11:57 上午 spec.jbb.JBBmain DoARun -> 信息:   started user thread for Warehouse 4
1月 02, 2026 3:11:57 上午 spec.jbb.JBBmain DoARun -> 信息:   started user thread for Warehouse 5
1月 02, 2026 3:11:57 上午 spec.jbb.JBBmain DoARun -> 信息:   started user thread for Warehouse 6
1月 02, 2026 3:11:57 上午 spec.jbb.JBBmain DoARun -> 信息:   started user thread for Warehouse 7
1月 02, 2026 3:11:57 上午 spec.jbb.JBBmain DoARun -> 信息:   started user thread for Warehouse 8
1月 02, 2026 3:11:57 上午 spec.jbb.JBBmain DoARun -> 信息:   started user thread for Warehouse 9
1月 02, 2026 3:11:57 上午 spec.jbb.JBBmain DoARun -> 信息:   started user thread for Warehouse 10
1月 02, 2026 3:11:57 上午 spec.jbb.JBBmain DoARun -> 信息:   started user thread for Warehouse 11
1月 02, 2026 3:11:57 上午 spec.jbb.JBBmain DoARun -> 信息:   started user thread for Warehouse 12
1月 02, 2026 3:11:57 上午 spec.jbb.JBBmain DoARun -> 信息:   started user thread for Warehouse 13
1月 02, 2026 3:11:57 上午 spec.jbb.JBBmain DoARun -> 信息:   started user thread for Warehouse 14
1月 02, 2026 3:11:57 上午 spec.jbb.JBBmain DoARun -> 信息:   started user thread for Warehouse 15
1月 02, 2026 3:11:57 上午 spec.jbb.JBBmain DoARun -> 信息:   started user thread for Warehouse 16
1月 02, 2026 3:11:57 上午 spec.jbb.JBBmain DoARun -> 信息:   started user thread for Warehouse 17
1月 02, 2026 3:11:57 上午 spec.jbb.JBBmain DoARun -> 信息:   started user thread for Warehouse 18
1月 02, 2026 3:11:57 上午 spec.jbb.JBBmain DoARun -> 信息:   started user thread for Warehouse 19
1月 02, 2026 3:11:57 上午 spec.jbb.JBBmain DoARun -> 信息:   started user thread for Warehouse 20
1月 02, 2026 3:11:57 上午 spec.jbb.JBBmain DoARun -> 信息:   started user thread for Warehouse 21
1月 02, 2026 3:11:57 上午 spec.jbb.JBBmain DoARun -> 信息:   started user thread for Warehouse 22
1月 02, 2026 3:11:57 上午 spec.jbb.JBBmain DoARun -> 信息:   started user thread for Warehouse 23
1月 02, 2026 3:11:57 上午 spec.jbb.JBBmain DoARun -> 信息:   started user thread for Warehouse 24
1月 02, 2026 3:11:57 上午 spec.jbb.JBBmain DoARun -> 信息:   started user thread for Warehouse 25
1月 02, 2026 3:11:57 上午 spec.jbb.JBBmain DoARun -> 信息:   started user thread for Warehouse 26
1月 02, 2026 3:11:57 上午 spec.jbb.JBBmain DoARun -> 信息:   started user thread for Warehouse 27
1月 02, 2026 3:11:57 上午 spec.jbb.Company displayResultTotals -> 信息: Timing Measurement began Fri Jan 02 03:11:57 CST 2026 for 0.5 minutes
1月 02, 2026 3:12:27 上午 spec.jbb.Company displayResultTotals -> 信息: Timing Measurement ended Fri Jan 02 03:12:27 CST 2026
1月 02, 2026 3:12:27 上午 spec.jbb.Company primeWithDummyData -> 信息: Loading Warehouse 28...
1月 02, 2026 3:12:27 上午 spec.jbb.JBBmain DoARun -> 信息: Start User Threads
1月 02, 2026 3:12:27 上午 spec.jbb.JBBmain DoARun -> 信息:   started user thread for Warehouse 1
1月 02, 2026 3:12:27 上午 spec.jbb.JBBmain DoARun -> 信息:   started user thread for Warehouse 2
1月 02, 2026 3:12:27 上午 spec.jbb.JBBmain DoARun -> 信息:   started user thread for Warehouse 3
1月 02, 2026 3:12:27 上午 spec.jbb.JBBmain DoARun -> 信息:   started user thread for Warehouse 4
1月 02, 2026 3:12:27 上午 spec.jbb.JBBmain DoARun -> 信息:   started user thread for Warehouse 5
1月 02, 2026 3:12:27 上午 spec.jbb.JBBmain DoARun -> 信息:   started user thread for Warehouse 6
1月 02, 2026 3:12:27 上午 spec.jbb.JBBmain DoARun -> 信息:   started user thread for Warehouse 7
1月 02, 2026 3:12:27 上午 spec.jbb.JBBmain DoARun -> 信息:   started user thread for Warehouse 8
1月 02, 2026 3:12:27 上午 spec.jbb.JBBmain DoARun -> 信息:   started user thread for Warehouse 9
1月 02, 2026 3:12:27 上午 spec.jbb.JBBmain DoARun -> 信息:   started user thread for Warehouse 10
1月 02, 2026 3:12:27 上午 spec.jbb.JBBmain DoARun -> 信息:   started user thread for Warehouse 11
1月 02, 2026 3:12:27 上午 spec.jbb.JBBmain DoARun -> 信息:   started user thread for Warehouse 12
1月 02, 2026 3:12:27 上午 spec.jbb.JBBmain DoARun -> 信息:   started user thread for Warehouse 13
1月 02, 2026 3:12:27 上午 spec.jbb.JBBmain DoARun -> 信息:   started user thread for Warehouse 14
1月 02, 2026 3:12:27 上午 spec.jbb.JBBmain DoARun -> 信息:   started user thread for Warehouse 15
1月 02, 2026 3:12:27 上午 spec.jbb.JBBmain DoARun -> 信息:   started user thread for Warehouse 16
1月 02, 2026 3:12:27 上午 spec.jbb.JBBmain DoARun -> 信息:   started user thread for Warehouse 17
1月 02, 2026 3:12:27 上午 spec.jbb.JBBmain DoARun -> 信息:   started user thread for Warehouse 18
1月 02, 2026 3:12:27 上午 spec.jbb.JBBmain DoARun -> 信息:   started user thread for Warehouse 19
1月 02, 2026 3:12:27 上午 spec.jbb.JBBmain DoARun -> 信息:   started user thread for Warehouse 20
1月 02, 2026 3:12:27 上午 spec.jbb.JBBmain DoARun -> 信息:   started user thread for Warehouse 21
1月 02, 2026 3:12:27 上午 spec.jbb.JBBmain DoARun -> 信息:   started user thread for Warehouse 22
1月 02, 2026 3:12:27 上午 spec.jbb.JBBmain DoARun -> 信息:   started user thread for Warehouse 23
1月 02, 2026 3:12:27 上午 spec.jbb.JBBmain DoARun -> 信息:   started user thread for Warehouse 24
1月 02, 2026 3:12:27 上午 spec.jbb.JBBmain DoARun -> 信息:   started user thread for Warehouse 25
1月 02, 2026 3:12:27 上午 spec.jbb.JBBmain DoARun -> 信息:   started user thread for Warehouse 26
1月 02, 2026 3:12:27 上午 spec.jbb.JBBmain DoARun -> 信息:   started user thread for Warehouse 27
1月 02, 2026 3:12:27 上午 spec.jbb.JBBmain DoARun -> 信息:   started user thread for Warehouse 28
1月 02, 2026 3:12:27 上午 spec.jbb.Company displayResultTotals -> 信息: Timing Measurement began Fri Jan 02 03:12:27 CST 2026 for 0.5 minutes
1月 02, 2026 3:12:57 上午 spec.jbb.Company displayResultTotals -> 信息: Timing Measurement ended Fri Jan 02 03:12:57 CST 2026
1月 02, 2026 3:12:57 上午 spec.jbb.Company primeWithDummyData -> 信息: Loading Warehouse 29...
1月 02, 2026 3:12:57 上午 spec.jbb.JBBmain DoARun -> 信息: Start User Threads
1月 02, 2026 3:12:57 上午 spec.jbb.JBBmain DoARun -> 信息:   started user thread for Warehouse 1
1月 02, 2026 3:12:57 上午 spec.jbb.JBBmain DoARun -> 信息:   started user thread for Warehouse 2
1月 02, 2026 3:12:57 上午 spec.jbb.JBBmain DoARun -> 信息:   started user thread for Warehouse 3
1月 02, 2026 3:12:57 上午 spec.jbb.JBBmain DoARun -> 信息:   started user thread for Warehouse 4
1月 02, 2026 3:12:57 上午 spec.jbb.JBBmain DoARun -> 信息:   started user thread for Warehouse 5
1月 02, 2026 3:12:57 上午 spec.jbb.JBBmain DoARun -> 信息:   started user thread for Warehouse 6
1月 02, 2026 3:12:57 上午 spec.jbb.JBBmain DoARun -> 信息:   started user thread for Warehouse 7
1月 02, 2026 3:12:57 上午 spec.jbb.JBBmain DoARun -> 信息:   started user thread for Warehouse 8
1月 02, 2026 3:12:57 上午 spec.jbb.JBBmain DoARun -> 信息:   started user thread for Warehouse 9
1月 02, 2026 3:12:57 上午 spec.jbb.JBBmain DoARun -> 信息:   started user thread for Warehouse 10
1月 02, 2026 3:12:57 上午 spec.jbb.JBBmain DoARun -> 信息:   started user thread for Warehouse 11
1月 02, 2026 3:12:57 上午 spec.jbb.JBBmain DoARun -> 信息:   started user thread for Warehouse 12
1月 02, 2026 3:12:57 上午 spec.jbb.JBBmain DoARun -> 信息:   started user thread for Warehouse 13
1月 02, 2026 3:12:57 上午 spec.jbb.JBBmain DoARun -> 信息:   started user thread for Warehouse 14
1月 02, 2026 3:12:57 上午 spec.jbb.JBBmain DoARun -> 信息:   started user thread for Warehouse 15
1月 02, 2026 3:12:57 上午 spec.jbb.JBBmain DoARun -> 信息:   started user thread for Warehouse 16
1月 02, 2026 3:12:57 上午 spec.jbb.JBBmain DoARun -> 信息:   started user thread for Warehouse 17
1月 02, 2026 3:12:57 上午 spec.jbb.JBBmain DoARun -> 信息:   started user thread for Warehouse 18
1月 02, 2026 3:12:57 上午 spec.jbb.JBBmain DoARun -> 信息:   started user thread for Warehouse 19
1月 02, 2026 3:12:57 上午 spec.jbb.JBBmain DoARun -> 信息:   started user thread for Warehouse 20
1月 02, 2026 3:12:57 上午 spec.jbb.JBBmain DoARun -> 信息:   started user thread for Warehouse 21
1月 02, 2026 3:12:57 上午 spec.jbb.JBBmain DoARun -> 信息:   started user thread for Warehouse 22
1月 02, 2026 3:12:57 上午 spec.jbb.JBBmain DoARun -> 信息:   started user thread for Warehouse 23
1月 02, 2026 3:12:57 上午 spec.jbb.JBBmain DoARun -> 信息:   started user thread for Warehouse 24
1月 02, 2026 3:12:57 上午 spec.jbb.JBBmain DoARun -> 信息:   started user thread for Warehouse 25
1月 02, 2026 3:12:57 上午 spec.jbb.JBBmain DoARun -> 信息:   started user thread for Warehouse 26
1月 02, 2026 3:12:57 上午 spec.jbb.JBBmain DoARun -> 信息:   started user thread for Warehouse 27
1月 02, 2026 3:12:57 上午 spec.jbb.JBBmain DoARun -> 信息:   started user thread for Warehouse 28
1月 02, 2026 3:12:57 上午 spec.jbb.JBBmain DoARun -> 信息:   started user thread for Warehouse 29
1月 02, 2026 3:12:57 上午 spec.jbb.Company displayResultTotals -> 信息: Timing Measurement began Fri Jan 02 03:12:57 CST 2026 for 0.5 minutes
1月 02, 2026 3:13:27 上午 spec.jbb.Company displayResultTotals -> 信息: Timing Measurement ended Fri Jan 02 03:13:27 CST 2026
1月 02, 2026 3:13:27 上午 spec.jbb.Company primeWithDummyData -> 信息: Loading Warehouse 30...
1月 02, 2026 3:13:27 上午 spec.jbb.JBBmain DoARun -> 信息: Start User Threads
1月 02, 2026 3:13:27 上午 spec.jbb.JBBmain DoARun -> 信息:   started user thread for Warehouse 1
1月 02, 2026 3:13:27 上午 spec.jbb.JBBmain DoARun -> 信息:   started user thread for Warehouse 2
1月 02, 2026 3:13:27 上午 spec.jbb.JBBmain DoARun -> 信息:   started user thread for Warehouse 3
1月 02, 2026 3:13:27 上午 spec.jbb.JBBmain DoARun -> 信息:   started user thread for Warehouse 4
1月 02, 2026 3:13:27 上午 spec.jbb.JBBmain DoARun -> 信息:   started user thread for Warehouse 5
1月 02, 2026 3:13:27 上午 spec.jbb.JBBmain DoARun -> 信息:   started user thread for Warehouse 6
1月 02, 2026 3:13:27 上午 spec.jbb.JBBmain DoARun -> 信息:   started user thread for Warehouse 7
1月 02, 2026 3:13:27 上午 spec.jbb.JBBmain DoARun -> 信息:   started user thread for Warehouse 8
1月 02, 2026 3:13:27 上午 spec.jbb.JBBmain DoARun -> 信息:   started user thread for Warehouse 9
1月 02, 2026 3:13:27 上午 spec.jbb.JBBmain DoARun -> 信息:   started user thread for Warehouse 10
1月 02, 2026 3:13:27 上午 spec.jbb.JBBmain DoARun -> 信息:   started user thread for Warehouse 11
1月 02, 2026 3:13:28 上午 spec.jbb.JBBmain DoARun -> 信息:   started user thread for Warehouse 12
1月 02, 2026 3:13:28 上午 spec.jbb.JBBmain DoARun -> 信息:   started user thread for Warehouse 13
1月 02, 2026 3:13:28 上午 spec.jbb.JBBmain DoARun -> 信息:   started user thread for Warehouse 14
1月 02, 2026 3:13:28 上午 spec.jbb.JBBmain DoARun -> 信息:   started user thread for Warehouse 15
1月 02, 2026 3:13:28 上午 spec.jbb.JBBmain DoARun -> 信息:   started user thread for Warehouse 16
1月 02, 2026 3:13:28 上午 spec.jbb.JBBmain DoARun -> 信息:   started user thread for Warehouse 17
1月 02, 2026 3:13:28 上午 spec.jbb.JBBmain DoARun -> 信息:   started user thread for Warehouse 18
1月 02, 2026 3:13:28 上午 spec.jbb.JBBmain DoARun -> 信息:   started user thread for Warehouse 19
1月 02, 2026 3:13:28 上午 spec.jbb.JBBmain DoARun -> 信息:   started user thread for Warehouse 20
1月 02, 2026 3:13:28 上午 spec.jbb.JBBmain DoARun -> 信息:   started user thread for Warehouse 21
1月 02, 2026 3:13:28 上午 spec.jbb.JBBmain DoARun -> 信息:   started user thread for Warehouse 22
1月 02, 2026 3:13:28 上午 spec.jbb.JBBmain DoARun -> 信息:   started user thread for Warehouse 23
1月 02, 2026 3:13:28 上午 spec.jbb.JBBmain DoARun -> 信息:   started user thread for Warehouse 24
1月 02, 2026 3:13:28 上午 spec.jbb.JBBmain DoARun -> 信息:   started user thread for Warehouse 25
1月 02, 2026 3:13:28 上午 spec.jbb.JBBmain DoARun -> 信息:   started user thread for Warehouse 26
1月 02, 2026 3:13:28 上午 spec.jbb.JBBmain DoARun -> 信息:   started user thread for Warehouse 27
1月 02, 2026 3:13:28 上午 spec.jbb.JBBmain DoARun -> 信息:   started user thread for Warehouse 28
1月 02, 2026 3:13:28 上午 spec.jbb.JBBmain DoARun -> 信息:   started user thread for Warehouse 29
1月 02, 2026 3:13:28 上午 spec.jbb.JBBmain DoARun -> 信息:   started user thread for Warehouse 30
1月 02, 2026 3:13:28 上午 spec.jbb.Company displayResultTotals -> 信息: Timing Measurement began Fri Jan 02 03:13:28 CST 2026 for 0.5 minutes
1月 02, 2026 3:13:58 上午 spec.jbb.Company displayResultTotals -> 信息: Timing Measurement ended Fri Jan 02 03:13:58 CST 2026
1月 02, 2026 3:13:58 上午 spec.jbb.Company primeWithDummyData -> 信息: Loading Warehouse 31...
1月 02, 2026 3:13:58 上午 spec.jbb.JBBmain DoARun -> 信息: Start User Threads
1月 02, 2026 3:13:58 上午 spec.jbb.JBBmain DoARun -> 信息:   started user thread for Warehouse 1
1月 02, 2026 3:13:58 上午 spec.jbb.JBBmain DoARun -> 信息:   started user thread for Warehouse 2
1月 02, 2026 3:13:58 上午 spec.jbb.JBBmain DoARun -> 信息:   started user thread for Warehouse 3
1月 02, 2026 3:13:58 上午 spec.jbb.JBBmain DoARun -> 信息:   started user thread for Warehouse 4
1月 02, 2026 3:13:58 上午 spec.jbb.JBBmain DoARun -> 信息:   started user thread for Warehouse 5
1月 02, 2026 3:13:58 上午 spec.jbb.JBBmain DoARun -> 信息:   started user thread for Warehouse 6
1月 02, 2026 3:13:58 上午 spec.jbb.JBBmain DoARun -> 信息:   started user thread for Warehouse 7
1月 02, 2026 3:13:58 上午 spec.jbb.JBBmain DoARun -> 信息:   started user thread for Warehouse 8
1月 02, 2026 3:13:58 上午 spec.jbb.JBBmain DoARun -> 信息:   started user thread for Warehouse 9
1月 02, 2026 3:13:58 上午 spec.jbb.JBBmain DoARun -> 信息:   started user thread for Warehouse 10
1月 02, 2026 3:13:58 上午 spec.jbb.JBBmain DoARun -> 信息:   started user thread for Warehouse 11
1月 02, 2026 3:13:58 上午 spec.jbb.JBBmain DoARun -> 信息:   started user thread for Warehouse 12
1月 02, 2026 3:13:58 上午 spec.jbb.JBBmain DoARun -> 信息:   started user thread for Warehouse 13
1月 02, 2026 3:13:58 上午 spec.jbb.JBBmain DoARun -> 信息:   started user thread for Warehouse 14
1月 02, 2026 3:13:58 上午 spec.jbb.JBBmain DoARun -> 信息:   started user thread for Warehouse 15
1月 02, 2026 3:13:58 上午 spec.jbb.JBBmain DoARun -> 信息:   started user thread for Warehouse 16
1月 02, 2026 3:13:58 上午 spec.jbb.JBBmain DoARun -> 信息:   started user thread for Warehouse 17
1月 02, 2026 3:13:58 上午 spec.jbb.JBBmain DoARun -> 信息:   started user thread for Warehouse 18
1月 02, 2026 3:13:58 上午 spec.jbb.JBBmain DoARun -> 信息:   started user thread for Warehouse 19
1月 02, 2026 3:13:58 上午 spec.jbb.JBBmain DoARun -> 信息:   started user thread for Warehouse 20
1月 02, 2026 3:13:58 上午 spec.jbb.JBBmain DoARun -> 信息:   started user thread for Warehouse 21
1月 02, 2026 3:13:58 上午 spec.jbb.JBBmain DoARun -> 信息:   started user thread for Warehouse 22
1月 02, 2026 3:13:58 上午 spec.jbb.JBBmain DoARun -> 信息:   started user thread for Warehouse 23
1月 02, 2026 3:13:58 上午 spec.jbb.JBBmain DoARun -> 信息:   started user thread for Warehouse 24
1月 02, 2026 3:13:58 上午 spec.jbb.JBBmain DoARun -> 信息:   started user thread for Warehouse 25
1月 02, 2026 3:13:58 上午 spec.jbb.JBBmain DoARun -> 信息:   started user thread for Warehouse 26
1月 02, 2026 3:13:58 上午 spec.jbb.JBBmain DoARun -> 信息:   started user thread for Warehouse 27
1月 02, 2026 3:13:58 上午 spec.jbb.JBBmain DoARun -> 信息:   started user thread for Warehouse 28
1月 02, 2026 3:13:58 上午 spec.jbb.JBBmain DoARun -> 信息:   started user thread for Warehouse 29
1月 02, 2026 3:13:58 上午 spec.jbb.JBBmain DoARun -> 信息:   started user thread for Warehouse 30
1月 02, 2026 3:13:58 上午 spec.jbb.JBBmain DoARun -> 信息:   started user thread for Warehouse 31
1月 02, 2026 3:13:58 上午 spec.jbb.Company displayResultTotals -> 信息: Timing Measurement began Fri Jan 02 03:13:58 CST 2026 for 0.5 minutes
1月 02, 2026 3:14:28 上午 spec.jbb.Company displayResultTotals -> 信息: Timing Measurement ended Fri Jan 02 03:14:28 CST 2026
1月 02, 2026 3:14:28 上午 spec.jbb.Company primeWithDummyData -> 信息: Loading Warehouse 32...
1月 02, 2026 3:14:28 上午 spec.jbb.JBBmain DoARun -> 信息: Start User Threads
1月 02, 2026 3:14:28 上午 spec.jbb.JBBmain DoARun -> 信息:   started user thread for Warehouse 1
1月 02, 2026 3:14:28 上午 spec.jbb.JBBmain DoARun -> 信息:   started user thread for Warehouse 2
1月 02, 2026 3:14:28 上午 spec.jbb.JBBmain DoARun -> 信息:   started user thread for Warehouse 3
1月 02, 2026 3:14:28 上午 spec.jbb.JBBmain DoARun -> 信息:   started user thread for Warehouse 4
1月 02, 2026 3:14:28 上午 spec.jbb.JBBmain DoARun -> 信息:   started user thread for Warehouse 5
1月 02, 2026 3:14:28 上午 spec.jbb.JBBmain DoARun -> 信息:   started user thread for Warehouse 6
1月 02, 2026 3:14:28 上午 spec.jbb.JBBmain DoARun -> 信息:   started user thread for Warehouse 7
1月 02, 2026 3:14:28 上午 spec.jbb.JBBmain DoARun -> 信息:   started user thread for Warehouse 8
1月 02, 2026 3:14:28 上午 spec.jbb.JBBmain DoARun -> 信息:   started user thread for Warehouse 9
1月 02, 2026 3:14:28 上午 spec.jbb.JBBmain DoARun -> 信息:   started user thread for Warehouse 10
1月 02, 2026 3:14:28 上午 spec.jbb.JBBmain DoARun -> 信息:   started user thread for Warehouse 11
1月 02, 2026 3:14:28 上午 spec.jbb.JBBmain DoARun -> 信息:   started user thread for Warehouse 12
1月 02, 2026 3:14:28 上午 spec.jbb.JBBmain DoARun -> 信息:   started user thread for Warehouse 13
1月 02, 2026 3:14:28 上午 spec.jbb.JBBmain DoARun -> 信息:   started user thread for Warehouse 14
1月 02, 2026 3:14:28 上午 spec.jbb.JBBmain DoARun -> 信息:   started user thread for Warehouse 15
1月 02, 2026 3:14:28 上午 spec.jbb.JBBmain DoARun -> 信息:   started user thread for Warehouse 16
1月 02, 2026 3:14:28 上午 spec.jbb.JBBmain DoARun -> 信息:   started user thread for Warehouse 17
1月 02, 2026 3:14:28 上午 spec.jbb.JBBmain DoARun -> 信息:   started user thread for Warehouse 18
1月 02, 2026 3:14:28 上午 spec.jbb.JBBmain DoARun -> 信息:   started user thread for Warehouse 19
1月 02, 2026 3:14:28 上午 spec.jbb.JBBmain DoARun -> 信息:   started user thread for Warehouse 20
1月 02, 2026 3:14:28 上午 spec.jbb.JBBmain DoARun -> 信息:   started user thread for Warehouse 21
1月 02, 2026 3:14:28 上午 spec.jbb.JBBmain DoARun -> 信息:   started user thread for Warehouse 22
1月 02, 2026 3:14:28 上午 spec.jbb.JBBmain DoARun -> 信息:   started user thread for Warehouse 23
1月 02, 2026 3:14:28 上午 spec.jbb.JBBmain DoARun -> 信息:   started user thread for Warehouse 24
1月 02, 2026 3:14:28 上午 spec.jbb.JBBmain DoARun -> 信息:   started user thread for Warehouse 25
1月 02, 2026 3:14:28 上午 spec.jbb.JBBmain DoARun -> 信息:   started user thread for Warehouse 26
1月 02, 2026 3:14:28 上午 spec.jbb.JBBmain DoARun -> 信息:   started user thread for Warehouse 27
1月 02, 2026 3:14:28 上午 spec.jbb.JBBmain DoARun -> 信息:   started user thread for Warehouse 28
1月 02, 2026 3:14:28 上午 spec.jbb.JBBmain DoARun -> 信息:   started user thread for Warehouse 29
1月 02, 2026 3:14:28 上午 spec.jbb.JBBmain DoARun -> 信息:   started user thread for Warehouse 30
1月 02, 2026 3:14:28 上午 spec.jbb.JBBmain DoARun -> 信息:   started user thread for Warehouse 31
1月 02, 2026 3:14:28 上午 spec.jbb.JBBmain DoARun -> 信息:   started user thread for Warehouse 32
1月 02, 2026 3:14:28 上午 spec.jbb.Company displayResultTotals -> 信息: Timing Measurement began Fri Jan 02 03:14:28 CST 2026 for 0.5 minutes
1月 02, 2026 3:14:58 上午 spec.jbb.Company displayResultTotals -> 信息: Timing Measurement ended Fri Jan 02 03:14:58 CST 2026
1月 02, 2026 3:14:58 上午 spec.jbb.Company primeWithDummyData -> 信息: Loading Warehouse 33...
1月 02, 2026 3:14:58 上午 spec.jbb.JBBmain DoARun -> 信息: Start User Threads
1月 02, 2026 3:14:58 上午 spec.jbb.JBBmain DoARun -> 信息:   started user thread for Warehouse 1
1月 02, 2026 3:14:58 上午 spec.jbb.JBBmain DoARun -> 信息:   started user thread for Warehouse 2
1月 02, 2026 3:14:58 上午 spec.jbb.JBBmain DoARun -> 信息:   started user thread for Warehouse 3
1月 02, 2026 3:14:58 上午 spec.jbb.JBBmain DoARun -> 信息:   started user thread for Warehouse 4
1月 02, 2026 3:14:58 上午 spec.jbb.JBBmain DoARun -> 信息:   started user thread for Warehouse 5
1月 02, 2026 3:14:58 上午 spec.jbb.JBBmain DoARun -> 信息:   started user thread for Warehouse 6
1月 02, 2026 3:14:58 上午 spec.jbb.JBBmain DoARun -> 信息:   started user thread for Warehouse 7
1月 02, 2026 3:14:58 上午 spec.jbb.JBBmain DoARun -> 信息:   started user thread for Warehouse 8
1月 02, 2026 3:14:58 上午 spec.jbb.JBBmain DoARun -> 信息:   started user thread for Warehouse 9
1月 02, 2026 3:14:58 上午 spec.jbb.JBBmain DoARun -> 信息:   started user thread for Warehouse 10
1月 02, 2026 3:14:58 上午 spec.jbb.JBBmain DoARun -> 信息:   started user thread for Warehouse 11
1月 02, 2026 3:14:58 上午 spec.jbb.JBBmain DoARun -> 信息:   started user thread for Warehouse 12
1月 02, 2026 3:14:58 上午 spec.jbb.JBBmain DoARun -> 信息:   started user thread for Warehouse 13
1月 02, 2026 3:14:58 上午 spec.jbb.JBBmain DoARun -> 信息:   started user thread for Warehouse 14
1月 02, 2026 3:14:58 上午 spec.jbb.JBBmain DoARun -> 信息:   started user thread for Warehouse 15
1月 02, 2026 3:14:58 上午 spec.jbb.JBBmain DoARun -> 信息:   started user thread for Warehouse 16
1月 02, 2026 3:14:58 上午 spec.jbb.JBBmain DoARun -> 信息:   started user thread for Warehouse 17
1月 02, 2026 3:14:58 上午 spec.jbb.JBBmain DoARun -> 信息:   started user thread for Warehouse 18
1月 02, 2026 3:14:58 上午 spec.jbb.JBBmain DoARun -> 信息:   started user thread for Warehouse 19
1月 02, 2026 3:14:58 上午 spec.jbb.JBBmain DoARun -> 信息:   started user thread for Warehouse 20
1月 02, 2026 3:14:58 上午 spec.jbb.JBBmain DoARun -> 信息:   started user thread for Warehouse 21
1月 02, 2026 3:14:58 上午 spec.jbb.JBBmain DoARun -> 信息:   started user thread for Warehouse 22
1月 02, 2026 3:14:58 上午 spec.jbb.JBBmain DoARun -> 信息:   started user thread for Warehouse 23
1月 02, 2026 3:14:58 上午 spec.jbb.JBBmain DoARun -> 信息:   started user thread for Warehouse 24
1月 02, 2026 3:14:58 上午 spec.jbb.JBBmain DoARun -> 信息:   started user thread for Warehouse 25
1月 02, 2026 3:14:58 上午 spec.jbb.JBBmain DoARun -> 信息:   started user thread for Warehouse 26
1月 02, 2026 3:14:58 上午 spec.jbb.JBBmain DoARun -> 信息:   started user thread for Warehouse 27
1月 02, 2026 3:14:58 上午 spec.jbb.JBBmain DoARun -> 信息:   started user thread for Warehouse 28
1月 02, 2026 3:14:58 上午 spec.jbb.JBBmain DoARun -> 信息:   started user thread for Warehouse 29
1月 02, 2026 3:14:58 上午 spec.jbb.JBBmain DoARun -> 信息:   started user thread for Warehouse 30
1月 02, 2026 3:14:58 上午 spec.jbb.JBBmain DoARun -> 信息:   started user thread for Warehouse 31
1月 02, 2026 3:14:58 上午 spec.jbb.JBBmain DoARun -> 信息:   started user thread for Warehouse 32
1月 02, 2026 3:14:58 上午 spec.jbb.JBBmain DoARun -> 信息:   started user thread for Warehouse 33
1月 02, 2026 3:14:58 上午 spec.jbb.Company displayResultTotals -> 信息: Timing Measurement began Fri Jan 02 03:14:58 CST 2026 for 0.5 minutes
1月 02, 2026 3:15:28 上午 spec.jbb.Company displayResultTotals -> 信息: Timing Measurement ended Fri Jan 02 03:15:28 CST 2026
1月 02, 2026 3:15:28 上午 spec.jbb.Company primeWithDummyData -> 信息: Loading Warehouse 34...
1月 02, 2026 3:15:29 上午 spec.jbb.JBBmain DoARun -> 信息: Start User Threads
1月 02, 2026 3:15:29 上午 spec.jbb.JBBmain DoARun -> 信息:   started user thread for Warehouse 1
1月 02, 2026 3:15:29 上午 spec.jbb.JBBmain DoARun -> 信息:   started user thread for Warehouse 2
1月 02, 2026 3:15:29 上午 spec.jbb.JBBmain DoARun -> 信息:   started user thread for Warehouse 3
1月 02, 2026 3:15:29 上午 spec.jbb.JBBmain DoARun -> 信息:   started user thread for Warehouse 4
1月 02, 2026 3:15:29 上午 spec.jbb.JBBmain DoARun -> 信息:   started user thread for Warehouse 5
1月 02, 2026 3:15:29 上午 spec.jbb.JBBmain DoARun -> 信息:   started user thread for Warehouse 6
1月 02, 2026 3:15:29 上午 spec.jbb.JBBmain DoARun -> 信息:   started user thread for Warehouse 7
1月 02, 2026 3:15:29 上午 spec.jbb.JBBmain DoARun -> 信息:   started user thread for Warehouse 8
1月 02, 2026 3:15:29 上午 spec.jbb.JBBmain DoARun -> 信息:   started user thread for Warehouse 9
1月 02, 2026 3:15:29 上午 spec.jbb.JBBmain DoARun -> 信息:   started user thread for Warehouse 10
1月 02, 2026 3:15:29 上午 spec.jbb.JBBmain DoARun -> 信息:   started user thread for Warehouse 11
1月 02, 2026 3:15:29 上午 spec.jbb.JBBmain DoARun -> 信息:   started user thread for Warehouse 12
1月 02, 2026 3:15:29 上午 spec.jbb.JBBmain DoARun -> 信息:   started user thread for Warehouse 13
1月 02, 2026 3:15:29 上午 spec.jbb.JBBmain DoARun -> 信息:   started user thread for Warehouse 14
1月 02, 2026 3:15:29 上午 spec.jbb.JBBmain DoARun -> 信息:   started user thread for Warehouse 15
1月 02, 2026 3:15:29 上午 spec.jbb.JBBmain DoARun -> 信息:   started user thread for Warehouse 16
1月 02, 2026 3:15:29 上午 spec.jbb.JBBmain DoARun -> 信息:   started user thread for Warehouse 17
1月 02, 2026 3:15:29 上午 spec.jbb.JBBmain DoARun -> 信息:   started user thread for Warehouse 18
1月 02, 2026 3:15:29 上午 spec.jbb.JBBmain DoARun -> 信息:   started user thread for Warehouse 19
1月 02, 2026 3:15:29 上午 spec.jbb.JBBmain DoARun -> 信息:   started user thread for Warehouse 20
1月 02, 2026 3:15:29 上午 spec.jbb.JBBmain DoARun -> 信息:   started user thread for Warehouse 21
1月 02, 2026 3:15:29 上午 spec.jbb.JBBmain DoARun -> 信息:   started user thread for Warehouse 22
1月 02, 2026 3:15:29 上午 spec.jbb.JBBmain DoARun -> 信息:   started user thread for Warehouse 23
1月 02, 2026 3:15:29 上午 spec.jbb.JBBmain DoARun -> 信息:   started user thread for Warehouse 24
1月 02, 2026 3:15:29 上午 spec.jbb.JBBmain DoARun -> 信息:   started user thread for Warehouse 25
1月 02, 2026 3:15:29 上午 spec.jbb.JBBmain DoARun -> 信息:   started user thread for Warehouse 26
1月 02, 2026 3:15:29 上午 spec.jbb.JBBmain DoARun -> 信息:   started user thread for Warehouse 27
1月 02, 2026 3:15:29 上午 spec.jbb.JBBmain DoARun -> 信息:   started user thread for Warehouse 28
1月 02, 2026 3:15:29 上午 spec.jbb.JBBmain DoARun -> 信息:   started user thread for Warehouse 29
1月 02, 2026 3:15:29 上午 spec.jbb.JBBmain DoARun -> 信息:   started user thread for Warehouse 30
1月 02, 2026 3:15:29 上午 spec.jbb.JBBmain DoARun -> 信息:   started user thread for Warehouse 31
1月 02, 2026 3:15:29 上午 spec.jbb.JBBmain DoARun -> 信息:   started user thread for Warehouse 32
1月 02, 2026 3:15:29 上午 spec.jbb.JBBmain DoARun -> 信息:   started user thread for Warehouse 33
1月 02, 2026 3:15:29 上午 spec.jbb.JBBmain DoARun -> 信息:   started user thread for Warehouse 34
1月 02, 2026 3:15:29 上午 spec.jbb.Company displayResultTotals -> 信息: Timing Measurement began Fri Jan 02 03:15:29 CST 2026 for 0.5 minutes
1月 02, 2026 3:15:59 上午 spec.jbb.Company displayResultTotals -> 信息: Timing Measurement ended Fri Jan 02 03:15:59 CST 2026
1月 02, 2026 3:15:59 上午 spec.jbb.Company primeWithDummyData -> 信息: Loading Warehouse 35...
1月 02, 2026 3:15:59 上午 spec.jbb.JBBmain DoARun -> 信息: Start User Threads
1月 02, 2026 3:15:59 上午 spec.jbb.JBBmain DoARun -> 信息:   started user thread for Warehouse 1
1月 02, 2026 3:15:59 上午 spec.jbb.JBBmain DoARun -> 信息:   started user thread for Warehouse 2
1月 02, 2026 3:15:59 上午 spec.jbb.JBBmain DoARun -> 信息:   started user thread for Warehouse 3
1月 02, 2026 3:15:59 上午 spec.jbb.JBBmain DoARun -> 信息:   started user thread for Warehouse 4
1月 02, 2026 3:15:59 上午 spec.jbb.JBBmain DoARun -> 信息:   started user thread for Warehouse 5
1月 02, 2026 3:15:59 上午 spec.jbb.JBBmain DoARun -> 信息:   started user thread for Warehouse 6
1月 02, 2026 3:15:59 上午 spec.jbb.JBBmain DoARun -> 信息:   started user thread for Warehouse 7
1月 02, 2026 3:15:59 上午 spec.jbb.JBBmain DoARun -> 信息:   started user thread for Warehouse 8
1月 02, 2026 3:15:59 上午 spec.jbb.JBBmain DoARun -> 信息:   started user thread for Warehouse 9
1月 02, 2026 3:15:59 上午 spec.jbb.JBBmain DoARun -> 信息:   started user thread for Warehouse 10
1月 02, 2026 3:15:59 上午 spec.jbb.JBBmain DoARun -> 信息:   started user thread for Warehouse 11
1月 02, 2026 3:15:59 上午 spec.jbb.JBBmain DoARun -> 信息:   started user thread for Warehouse 12
1月 02, 2026 3:15:59 上午 spec.jbb.JBBmain DoARun -> 信息:   started user thread for Warehouse 13
1月 02, 2026 3:15:59 上午 spec.jbb.JBBmain DoARun -> 信息:   started user thread for Warehouse 14
1月 02, 2026 3:15:59 上午 spec.jbb.JBBmain DoARun -> 信息:   started user thread for Warehouse 15
1月 02, 2026 3:15:59 上午 spec.jbb.JBBmain DoARun -> 信息:   started user thread for Warehouse 16
1月 02, 2026 3:15:59 上午 spec.jbb.JBBmain DoARun -> 信息:   started user thread for Warehouse 17
1月 02, 2026 3:15:59 上午 spec.jbb.JBBmain DoARun -> 信息:   started user thread for Warehouse 18
1月 02, 2026 3:15:59 上午 spec.jbb.JBBmain DoARun -> 信息:   started user thread for Warehouse 19
1月 02, 2026 3:15:59 上午 spec.jbb.JBBmain DoARun -> 信息:   started user thread for Warehouse 20
1月 02, 2026 3:15:59 上午 spec.jbb.JBBmain DoARun -> 信息:   started user thread for Warehouse 21
1月 02, 2026 3:15:59 上午 spec.jbb.JBBmain DoARun -> 信息:   started user thread for Warehouse 22
1月 02, 2026 3:15:59 上午 spec.jbb.JBBmain DoARun -> 信息:   started user thread for Warehouse 23
1月 02, 2026 3:15:59 上午 spec.jbb.JBBmain DoARun -> 信息:   started user thread for Warehouse 24
1月 02, 2026 3:15:59 上午 spec.jbb.JBBmain DoARun -> 信息:   started user thread for Warehouse 25
1月 02, 2026 3:15:59 上午 spec.jbb.JBBmain DoARun -> 信息:   started user thread for Warehouse 26
1月 02, 2026 3:15:59 上午 spec.jbb.JBBmain DoARun -> 信息:   started user thread for Warehouse 27
1月 02, 2026 3:15:59 上午 spec.jbb.JBBmain DoARun -> 信息:   started user thread for Warehouse 28
1月 02, 2026 3:15:59 上午 spec.jbb.JBBmain DoARun -> 信息:   started user thread for Warehouse 29
1月 02, 2026 3:15:59 上午 spec.jbb.JBBmain DoARun -> 信息:   started user thread for Warehouse 30
1月 02, 2026 3:15:59 上午 spec.jbb.JBBmain DoARun -> 信息:   started user thread for Warehouse 31
1月 02, 2026 3:15:59 上午 spec.jbb.JBBmain DoARun -> 信息:   started user thread for Warehouse 32
1月 02, 2026 3:15:59 上午 spec.jbb.JBBmain DoARun -> 信息:   started user thread for Warehouse 33
1月 02, 2026 3:15:59 上午 spec.jbb.JBBmain DoARun -> 信息:   started user thread for Warehouse 34
1月 02, 2026 3:15:59 上午 spec.jbb.JBBmain DoARun -> 信息:   started user thread for Warehouse 35
1月 02, 2026 3:15:59 上午 spec.jbb.Company displayResultTotals -> 信息: Timing Measurement began Fri Jan 02 03:15:59 CST 2026 for 0.5 minutes
1月 02, 2026 3:16:29 上午 spec.jbb.Company displayResultTotals -> 信息: Timing Measurement ended Fri Jan 02 03:16:29 CST 2026
1月 02, 2026 3:16:29 上午 spec.jbb.Company primeWithDummyData -> 信息: Loading Warehouse 36...
1月 02, 2026 3:16:29 上午 spec.jbb.JBBmain DoARun -> 信息: Start User Threads
1月 02, 2026 3:16:29 上午 spec.jbb.JBBmain DoARun -> 信息:   started user thread for Warehouse 1
1月 02, 2026 3:16:29 上午 spec.jbb.JBBmain DoARun -> 信息:   started user thread for Warehouse 2
1月 02, 2026 3:16:29 上午 spec.jbb.JBBmain DoARun -> 信息:   started user thread for Warehouse 3
1月 02, 2026 3:16:29 上午 spec.jbb.JBBmain DoARun -> 信息:   started user thread for Warehouse 4
1月 02, 2026 3:16:29 上午 spec.jbb.JBBmain DoARun -> 信息:   started user thread for Warehouse 5
1月 02, 2026 3:16:29 上午 spec.jbb.JBBmain DoARun -> 信息:   started user thread for Warehouse 6
1月 02, 2026 3:16:29 上午 spec.jbb.JBBmain DoARun -> 信息:   started user thread for Warehouse 7
1月 02, 2026 3:16:29 上午 spec.jbb.JBBmain DoARun -> 信息:   started user thread for Warehouse 8
1月 02, 2026 3:16:29 上午 spec.jbb.JBBmain DoARun -> 信息:   started user thread for Warehouse 9
1月 02, 2026 3:16:29 上午 spec.jbb.JBBmain DoARun -> 信息:   started user thread for Warehouse 10
1月 02, 2026 3:16:29 上午 spec.jbb.JBBmain DoARun -> 信息:   started user thread for Warehouse 11
1月 02, 2026 3:16:29 上午 spec.jbb.JBBmain DoARun -> 信息:   started user thread for Warehouse 12
1月 02, 2026 3:16:29 上午 spec.jbb.JBBmain DoARun -> 信息:   started user thread for Warehouse 13
1月 02, 2026 3:16:29 上午 spec.jbb.JBBmain DoARun -> 信息:   started user thread for Warehouse 14
1月 02, 2026 3:16:29 上午 spec.jbb.JBBmain DoARun -> 信息:   started user thread for Warehouse 15
1月 02, 2026 3:16:29 上午 spec.jbb.JBBmain DoARun -> 信息:   started user thread for Warehouse 16
1月 02, 2026 3:16:29 上午 spec.jbb.JBBmain DoARun -> 信息:   started user thread for Warehouse 17
1月 02, 2026 3:16:29 上午 spec.jbb.JBBmain DoARun -> 信息:   started user thread for Warehouse 18
1月 02, 2026 3:16:29 上午 spec.jbb.JBBmain DoARun -> 信息:   started user thread for Warehouse 19
1月 02, 2026 3:16:29 上午 spec.jbb.JBBmain DoARun -> 信息:   started user thread for Warehouse 20
1月 02, 2026 3:16:29 上午 spec.jbb.JBBmain DoARun -> 信息:   started user thread for Warehouse 21
1月 02, 2026 3:16:29 上午 spec.jbb.JBBmain DoARun -> 信息:   started user thread for Warehouse 22
1月 02, 2026 3:16:29 上午 spec.jbb.JBBmain DoARun -> 信息:   started user thread for Warehouse 23
1月 02, 2026 3:16:29 上午 spec.jbb.JBBmain DoARun -> 信息:   started user thread for Warehouse 24
1月 02, 2026 3:16:29 上午 spec.jbb.JBBmain DoARun -> 信息:   started user thread for Warehouse 25
1月 02, 2026 3:16:29 上午 spec.jbb.JBBmain DoARun -> 信息:   started user thread for Warehouse 26
1月 02, 2026 3:16:29 上午 spec.jbb.JBBmain DoARun -> 信息:   started user thread for Warehouse 27
1月 02, 2026 3:16:29 上午 spec.jbb.JBBmain DoARun -> 信息:   started user thread for Warehouse 28
1月 02, 2026 3:16:29 上午 spec.jbb.JBBmain DoARun -> 信息:   started user thread for Warehouse 29
1月 02, 2026 3:16:29 上午 spec.jbb.JBBmain DoARun -> 信息:   started user thread for Warehouse 30
1月 02, 2026 3:16:29 上午 spec.jbb.JBBmain DoARun -> 信息:   started user thread for Warehouse 31
1月 02, 2026 3:16:29 上午 spec.jbb.JBBmain DoARun -> 信息:   started user thread for Warehouse 32
1月 02, 2026 3:16:29 上午 spec.jbb.JBBmain DoARun -> 信息:   started user thread for Warehouse 33
1月 02, 2026 3:16:29 上午 spec.jbb.JBBmain DoARun -> 信息:   started user thread for Warehouse 34
1月 02, 2026 3:16:29 上午 spec.jbb.JBBmain DoARun -> 信息:   started user thread for Warehouse 35
1月 02, 2026 3:16:29 上午 spec.jbb.JBBmain DoARun -> 信息:   started user thread for Warehouse 36
1月 02, 2026 3:16:29 上午 spec.jbb.Company displayResultTotals -> 信息: Timing Measurement began Fri Jan 02 03:16:29 CST 2026 for 0.5 minutes
1月 02, 2026 3:16:59 上午 spec.jbb.Company displayResultTotals -> 信息: Timing Measurement ended Fri Jan 02 03:16:59 CST 2026
1月 02, 2026 3:16:59 上午 spec.jbb.Company primeWithDummyData -> 信息: Loading Warehouse 37...
1月 02, 2026 3:17:00 上午 spec.jbb.JBBmain DoARun -> 信息: Start User Threads
1月 02, 2026 3:17:00 上午 spec.jbb.JBBmain DoARun -> 信息:   started user thread for Warehouse 1
1月 02, 2026 3:17:00 上午 spec.jbb.JBBmain DoARun -> 信息:   started user thread for Warehouse 2
1月 02, 2026 3:17:00 上午 spec.jbb.JBBmain DoARun -> 信息:   started user thread for Warehouse 3
1月 02, 2026 3:17:00 上午 spec.jbb.JBBmain DoARun -> 信息:   started user thread for Warehouse 4
1月 02, 2026 3:17:00 上午 spec.jbb.JBBmain DoARun -> 信息:   started user thread for Warehouse 5
1月 02, 2026 3:17:00 上午 spec.jbb.JBBmain DoARun -> 信息:   started user thread for Warehouse 6
1月 02, 2026 3:17:00 上午 spec.jbb.JBBmain DoARun -> 信息:   started user thread for Warehouse 7
1月 02, 2026 3:17:00 上午 spec.jbb.JBBmain DoARun -> 信息:   started user thread for Warehouse 8
1月 02, 2026 3:17:00 上午 spec.jbb.JBBmain DoARun -> 信息:   started user thread for Warehouse 9
1月 02, 2026 3:17:00 上午 spec.jbb.JBBmain DoARun -> 信息:   started user thread for Warehouse 10
1月 02, 2026 3:17:00 上午 spec.jbb.JBBmain DoARun -> 信息:   started user thread for Warehouse 11
1月 02, 2026 3:17:00 上午 spec.jbb.JBBmain DoARun -> 信息:   started user thread for Warehouse 12
1月 02, 2026 3:17:00 上午 spec.jbb.JBBmain DoARun -> 信息:   started user thread for Warehouse 13
1月 02, 2026 3:17:00 上午 spec.jbb.JBBmain DoARun -> 信息:   started user thread for Warehouse 14
1月 02, 2026 3:17:00 上午 spec.jbb.JBBmain DoARun -> 信息:   started user thread for Warehouse 15
1月 02, 2026 3:17:00 上午 spec.jbb.JBBmain DoARun -> 信息:   started user thread for Warehouse 16
1月 02, 2026 3:17:00 上午 spec.jbb.JBBmain DoARun -> 信息:   started user thread for Warehouse 17
1月 02, 2026 3:17:00 上午 spec.jbb.JBBmain DoARun -> 信息:   started user thread for Warehouse 18
1月 02, 2026 3:17:00 上午 spec.jbb.JBBmain DoARun -> 信息:   started user thread for Warehouse 19
1月 02, 2026 3:17:00 上午 spec.jbb.JBBmain DoARun -> 信息:   started user thread for Warehouse 20
1月 02, 2026 3:17:00 上午 spec.jbb.JBBmain DoARun -> 信息:   started user thread for Warehouse 21
1月 02, 2026 3:17:00 上午 spec.jbb.JBBmain DoARun -> 信息:   started user thread for Warehouse 22
1月 02, 2026 3:17:00 上午 spec.jbb.JBBmain DoARun -> 信息:   started user thread for Warehouse 23
1月 02, 2026 3:17:00 上午 spec.jbb.JBBmain DoARun -> 信息:   started user thread for Warehouse 24
1月 02, 2026 3:17:00 上午 spec.jbb.JBBmain DoARun -> 信息:   started user thread for Warehouse 25
1月 02, 2026 3:17:00 上午 spec.jbb.JBBmain DoARun -> 信息:   started user thread for Warehouse 26
1月 02, 2026 3:17:00 上午 spec.jbb.JBBmain DoARun -> 信息:   started user thread for Warehouse 27
1月 02, 2026 3:17:00 上午 spec.jbb.JBBmain DoARun -> 信息:   started user thread for Warehouse 28
1月 02, 2026 3:17:00 上午 spec.jbb.JBBmain DoARun -> 信息:   started user thread for Warehouse 29
1月 02, 2026 3:17:00 上午 spec.jbb.JBBmain DoARun -> 信息:   started user thread for Warehouse 30
1月 02, 2026 3:17:00 上午 spec.jbb.JBBmain DoARun -> 信息:   started user thread for Warehouse 31
1月 02, 2026 3:17:00 上午 spec.jbb.JBBmain DoARun -> 信息:   started user thread for Warehouse 32
1月 02, 2026 3:17:00 上午 spec.jbb.JBBmain DoARun -> 信息:   started user thread for Warehouse 33
1月 02, 2026 3:17:00 上午 spec.jbb.JBBmain DoARun -> 信息:   started user thread for Warehouse 34
1月 02, 2026 3:17:00 上午 spec.jbb.JBBmain DoARun -> 信息:   started user thread for Warehouse 35
1月 02, 2026 3:17:00 上午 spec.jbb.JBBmain DoARun -> 信息:   started user thread for Warehouse 36
1月 02, 2026 3:17:00 上午 spec.jbb.JBBmain DoARun -> 信息:   started user thread for Warehouse 37
1月 02, 2026 3:17:00 上午 spec.jbb.Company displayResultTotals -> 信息: Timing Measurement began Fri Jan 02 03:17:00 CST 2026 for 0.5 minutes
1月 02, 2026 3:17:30 上午 spec.jbb.Company displayResultTotals -> 信息: Timing Measurement ended Fri Jan 02 03:17:30 CST 2026
1月 02, 2026 3:17:30 上午 spec.jbb.Company primeWithDummyData -> 信息: Loading Warehouse 38...
1月 02, 2026 3:17:30 上午 spec.jbb.JBBmain DoARun -> 信息: Start User Threads
1月 02, 2026 3:17:30 上午 spec.jbb.JBBmain DoARun -> 信息:   started user thread for Warehouse 1
1月 02, 2026 3:17:30 上午 spec.jbb.JBBmain DoARun -> 信息:   started user thread for Warehouse 2
1月 02, 2026 3:17:30 上午 spec.jbb.JBBmain DoARun -> 信息:   started user thread for Warehouse 3
1月 02, 2026 3:17:30 上午 spec.jbb.JBBmain DoARun -> 信息:   started user thread for Warehouse 4
1月 02, 2026 3:17:30 上午 spec.jbb.JBBmain DoARun -> 信息:   started user thread for Warehouse 5
1月 02, 2026 3:17:30 上午 spec.jbb.JBBmain DoARun -> 信息:   started user thread for Warehouse 6
1月 02, 2026 3:17:30 上午 spec.jbb.JBBmain DoARun -> 信息:   started user thread for Warehouse 7
1月 02, 2026 3:17:30 上午 spec.jbb.JBBmain DoARun -> 信息:   started user thread for Warehouse 8
1月 02, 2026 3:17:30 上午 spec.jbb.JBBmain DoARun -> 信息:   started user thread for Warehouse 9
1月 02, 2026 3:17:30 上午 spec.jbb.JBBmain DoARun -> 信息:   started user thread for Warehouse 10
1月 02, 2026 3:17:30 上午 spec.jbb.JBBmain DoARun -> 信息:   started user thread for Warehouse 11
1月 02, 2026 3:17:30 上午 spec.jbb.JBBmain DoARun -> 信息:   started user thread for Warehouse 12
1月 02, 2026 3:17:30 上午 spec.jbb.JBBmain DoARun -> 信息:   started user thread for Warehouse 13
1月 02, 2026 3:17:30 上午 spec.jbb.JBBmain DoARun -> 信息:   started user thread for Warehouse 14
1月 02, 2026 3:17:30 上午 spec.jbb.JBBmain DoARun -> 信息:   started user thread for Warehouse 15
1月 02, 2026 3:17:30 上午 spec.jbb.JBBmain DoARun -> 信息:   started user thread for Warehouse 16
1月 02, 2026 3:17:30 上午 spec.jbb.JBBmain DoARun -> 信息:   started user thread for Warehouse 17
1月 02, 2026 3:17:30 上午 spec.jbb.JBBmain DoARun -> 信息:   started user thread for Warehouse 18
1月 02, 2026 3:17:30 上午 spec.jbb.JBBmain DoARun -> 信息:   started user thread for Warehouse 19
1月 02, 2026 3:17:30 上午 spec.jbb.JBBmain DoARun -> 信息:   started user thread for Warehouse 20
1月 02, 2026 3:17:30 上午 spec.jbb.JBBmain DoARun -> 信息:   started user thread for Warehouse 21
1月 02, 2026 3:17:30 上午 spec.jbb.JBBmain DoARun -> 信息:   started user thread for Warehouse 22
1月 02, 2026 3:17:30 上午 spec.jbb.JBBmain DoARun -> 信息:   started user thread for Warehouse 23
1月 02, 2026 3:17:30 上午 spec.jbb.JBBmain DoARun -> 信息:   started user thread for Warehouse 24
1月 02, 2026 3:17:30 上午 spec.jbb.JBBmain DoARun -> 信息:   started user thread for Warehouse 25
1月 02, 2026 3:17:30 上午 spec.jbb.JBBmain DoARun -> 信息:   started user thread for Warehouse 26
1月 02, 2026 3:17:30 上午 spec.jbb.JBBmain DoARun -> 信息:   started user thread for Warehouse 27
1月 02, 2026 3:17:30 上午 spec.jbb.JBBmain DoARun -> 信息:   started user thread for Warehouse 28
1月 02, 2026 3:17:30 上午 spec.jbb.JBBmain DoARun -> 信息:   started user thread for Warehouse 29
1月 02, 2026 3:17:30 上午 spec.jbb.JBBmain DoARun -> 信息:   started user thread for Warehouse 30
1月 02, 2026 3:17:30 上午 spec.jbb.JBBmain DoARun -> 信息:   started user thread for Warehouse 31
1月 02, 2026 3:17:30 上午 spec.jbb.JBBmain DoARun -> 信息:   started user thread for Warehouse 32
1月 02, 2026 3:17:30 上午 spec.jbb.JBBmain DoARun -> 信息:   started user thread for Warehouse 33
1月 02, 2026 3:17:30 上午 spec.jbb.JBBmain DoARun -> 信息:   started user thread for Warehouse 34
1月 02, 2026 3:17:30 上午 spec.jbb.JBBmain DoARun -> 信息:   started user thread for Warehouse 35
1月 02, 2026 3:17:30 上午 spec.jbb.JBBmain DoARun -> 信息:   started user thread for Warehouse 36
1月 02, 2026 3:17:30 上午 spec.jbb.JBBmain DoARun -> 信息:   started user thread for Warehouse 37
1月 02, 2026 3:17:30 上午 spec.jbb.JBBmain DoARun -> 信息:   started user thread for Warehouse 38
1月 02, 2026 3:17:30 上午 spec.jbb.Company displayResultTotals -> 信息: Timing Measurement began Fri Jan 02 03:17:30 CST 2026 for 0.5 minutes
1月 02, 2026 3:18:00 上午 spec.jbb.Company displayResultTotals -> 信息: Timing Measurement ended Fri Jan 02 03:18:00 CST 2026
1月 02, 2026 3:18:00 上午 spec.jbb.Company primeWithDummyData -> 信息: Loading Warehouse 39...
1月 02, 2026 3:18:00 上午 spec.jbb.JBBmain DoARun -> 信息: Start User Threads
1月 02, 2026 3:18:00 上午 spec.jbb.JBBmain DoARun -> 信息:   started user thread for Warehouse 1
1月 02, 2026 3:18:00 上午 spec.jbb.JBBmain DoARun -> 信息:   started user thread for Warehouse 2
1月 02, 2026 3:18:00 上午 spec.jbb.JBBmain DoARun -> 信息:   started user thread for Warehouse 3
1月 02, 2026 3:18:00 上午 spec.jbb.JBBmain DoARun -> 信息:   started user thread for Warehouse 4
1月 02, 2026 3:18:00 上午 spec.jbb.JBBmain DoARun -> 信息:   started user thread for Warehouse 5
1月 02, 2026 3:18:00 上午 spec.jbb.JBBmain DoARun -> 信息:   started user thread for Warehouse 6
1月 02, 2026 3:18:00 上午 spec.jbb.JBBmain DoARun -> 信息:   started user thread for Warehouse 7
1月 02, 2026 3:18:00 上午 spec.jbb.JBBmain DoARun -> 信息:   started user thread for Warehouse 8
1月 02, 2026 3:18:00 上午 spec.jbb.JBBmain DoARun -> 信息:   started user thread for Warehouse 9
1月 02, 2026 3:18:00 上午 spec.jbb.JBBmain DoARun -> 信息:   started user thread for Warehouse 10
1月 02, 2026 3:18:00 上午 spec.jbb.JBBmain DoARun -> 信息:   started user thread for Warehouse 11
1月 02, 2026 3:18:00 上午 spec.jbb.JBBmain DoARun -> 信息:   started user thread for Warehouse 12
1月 02, 2026 3:18:00 上午 spec.jbb.JBBmain DoARun -> 信息:   started user thread for Warehouse 13
1月 02, 2026 3:18:00 上午 spec.jbb.JBBmain DoARun -> 信息:   started user thread for Warehouse 14
1月 02, 2026 3:18:00 上午 spec.jbb.JBBmain DoARun -> 信息:   started user thread for Warehouse 15
1月 02, 2026 3:18:00 上午 spec.jbb.JBBmain DoARun -> 信息:   started user thread for Warehouse 16
1月 02, 2026 3:18:00 上午 spec.jbb.JBBmain DoARun -> 信息:   started user thread for Warehouse 17
1月 02, 2026 3:18:00 上午 spec.jbb.JBBmain DoARun -> 信息:   started user thread for Warehouse 18
1月 02, 2026 3:18:00 上午 spec.jbb.JBBmain DoARun -> 信息:   started user thread for Warehouse 19
1月 02, 2026 3:18:00 上午 spec.jbb.JBBmain DoARun -> 信息:   started user thread for Warehouse 20
1月 02, 2026 3:18:00 上午 spec.jbb.JBBmain DoARun -> 信息:   started user thread for Warehouse 21
1月 02, 2026 3:18:00 上午 spec.jbb.JBBmain DoARun -> 信息:   started user thread for Warehouse 22
1月 02, 2026 3:18:00 上午 spec.jbb.JBBmain DoARun -> 信息:   started user thread for Warehouse 23
1月 02, 2026 3:18:00 上午 spec.jbb.JBBmain DoARun -> 信息:   started user thread for Warehouse 24
1月 02, 2026 3:18:00 上午 spec.jbb.JBBmain DoARun -> 信息:   started user thread for Warehouse 25
1月 02, 2026 3:18:00 上午 spec.jbb.JBBmain DoARun -> 信息:   started user thread for Warehouse 26
1月 02, 2026 3:18:00 上午 spec.jbb.JBBmain DoARun -> 信息:   started user thread for Warehouse 27
1月 02, 2026 3:18:00 上午 spec.jbb.JBBmain DoARun -> 信息:   started user thread for Warehouse 28
1月 02, 2026 3:18:00 上午 spec.jbb.JBBmain DoARun -> 信息:   started user thread for Warehouse 29
1月 02, 2026 3:18:00 上午 spec.jbb.JBBmain DoARun -> 信息:   started user thread for Warehouse 30
1月 02, 2026 3:18:00 上午 spec.jbb.JBBmain DoARun -> 信息:   started user thread for Warehouse 31
1月 02, 2026 3:18:00 上午 spec.jbb.JBBmain DoARun -> 信息:   started user thread for Warehouse 32
1月 02, 2026 3:18:00 上午 spec.jbb.JBBmain DoARun -> 信息:   started user thread for Warehouse 33
1月 02, 2026 3:18:00 上午 spec.jbb.JBBmain DoARun -> 信息:   started user thread for Warehouse 34
1月 02, 2026 3:18:00 上午 spec.jbb.JBBmain DoARun -> 信息:   started user thread for Warehouse 35
1月 02, 2026 3:18:00 上午 spec.jbb.JBBmain DoARun -> 信息:   started user thread for Warehouse 36
1月 02, 2026 3:18:00 上午 spec.jbb.JBBmain DoARun -> 信息:   started user thread for Warehouse 37
1月 02, 2026 3:18:00 上午 spec.jbb.JBBmain DoARun -> 信息:   started user thread for Warehouse 38
1月 02, 2026 3:18:00 上午 spec.jbb.JBBmain DoARun -> 信息:   started user thread for Warehouse 39
1月 02, 2026 3:18:00 上午 spec.jbb.Company displayResultTotals -> 信息: Timing Measurement began Fri Jan 02 03:18:00 CST 2026 for 0.5 minutes
1月 02, 2026 3:18:30 上午 spec.jbb.Company displayResultTotals -> 信息: Timing Measurement ended Fri Jan 02 03:18:30 CST 2026
1月 02, 2026 3:18:30 上午 spec.jbb.Company primeWithDummyData -> 信息: Loading Warehouse 40...
1月 02, 2026 3:18:30 上午 spec.jbb.JBBmain DoARun -> 信息: Start User Threads
1月 02, 2026 3:18:30 上午 spec.jbb.JBBmain DoARun -> 信息:   started user thread for Warehouse 1
1月 02, 2026 3:18:30 上午 spec.jbb.JBBmain DoARun -> 信息:   started user thread for Warehouse 2
1月 02, 2026 3:18:30 上午 spec.jbb.JBBmain DoARun -> 信息:   started user thread for Warehouse 3
1月 02, 2026 3:18:30 上午 spec.jbb.JBBmain DoARun -> 信息:   started user thread for Warehouse 4
1月 02, 2026 3:18:30 上午 spec.jbb.JBBmain DoARun -> 信息:   started user thread for Warehouse 5
1月 02, 2026 3:18:30 上午 spec.jbb.JBBmain DoARun -> 信息:   started user thread for Warehouse 6
1月 02, 2026 3:18:30 上午 spec.jbb.JBBmain DoARun -> 信息:   started user thread for Warehouse 7
1月 02, 2026 3:18:30 上午 spec.jbb.JBBmain DoARun -> 信息:   started user thread for Warehouse 8
1月 02, 2026 3:18:30 上午 spec.jbb.JBBmain DoARun -> 信息:   started user thread for Warehouse 9
1月 02, 2026 3:18:30 上午 spec.jbb.JBBmain DoARun -> 信息:   started user thread for Warehouse 10
1月 02, 2026 3:18:30 上午 spec.jbb.JBBmain DoARun -> 信息:   started user thread for Warehouse 11
1月 02, 2026 3:18:30 上午 spec.jbb.JBBmain DoARun -> 信息:   started user thread for Warehouse 12
1月 02, 2026 3:18:30 上午 spec.jbb.JBBmain DoARun -> 信息:   started user thread for Warehouse 13
1月 02, 2026 3:18:30 上午 spec.jbb.JBBmain DoARun -> 信息:   started user thread for Warehouse 14
1月 02, 2026 3:18:30 上午 spec.jbb.JBBmain DoARun -> 信息:   started user thread for Warehouse 15
1月 02, 2026 3:18:30 上午 spec.jbb.JBBmain DoARun -> 信息:   started user thread for Warehouse 16
1月 02, 2026 3:18:30 上午 spec.jbb.JBBmain DoARun -> 信息:   started user thread for Warehouse 17
1月 02, 2026 3:18:30 上午 spec.jbb.JBBmain DoARun -> 信息:   started user thread for Warehouse 18
1月 02, 2026 3:18:30 上午 spec.jbb.JBBmain DoARun -> 信息:   started user thread for Warehouse 19
1月 02, 2026 3:18:30 上午 spec.jbb.JBBmain DoARun -> 信息:   started user thread for Warehouse 20
1月 02, 2026 3:18:30 上午 spec.jbb.JBBmain DoARun -> 信息:   started user thread for Warehouse 21
1月 02, 2026 3:18:30 上午 spec.jbb.JBBmain DoARun -> 信息:   started user thread for Warehouse 22
1月 02, 2026 3:18:30 上午 spec.jbb.JBBmain DoARun -> 信息:   started user thread for Warehouse 23
1月 02, 2026 3:18:30 上午 spec.jbb.JBBmain DoARun -> 信息:   started user thread for Warehouse 24
1月 02, 2026 3:18:30 上午 spec.jbb.JBBmain DoARun -> 信息:   started user thread for Warehouse 25
1月 02, 2026 3:18:30 上午 spec.jbb.JBBmain DoARun -> 信息:   started user thread for Warehouse 26
1月 02, 2026 3:18:30 上午 spec.jbb.JBBmain DoARun -> 信息:   started user thread for Warehouse 27
1月 02, 2026 3:18:30 上午 spec.jbb.JBBmain DoARun -> 信息:   started user thread for Warehouse 28
1月 02, 2026 3:18:30 上午 spec.jbb.JBBmain DoARun -> 信息:   started user thread for Warehouse 29
1月 02, 2026 3:18:30 上午 spec.jbb.JBBmain DoARun -> 信息:   started user thread for Warehouse 30
1月 02, 2026 3:18:30 上午 spec.jbb.JBBmain DoARun -> 信息:   started user thread for Warehouse 31
1月 02, 2026 3:18:30 上午 spec.jbb.JBBmain DoARun -> 信息:   started user thread for Warehouse 32
1月 02, 2026 3:18:30 上午 spec.jbb.JBBmain DoARun -> 信息:   started user thread for Warehouse 33
1月 02, 2026 3:18:30 上午 spec.jbb.JBBmain DoARun -> 信息:   started user thread for Warehouse 34
1月 02, 2026 3:18:30 上午 spec.jbb.JBBmain DoARun -> 信息:   started user thread for Warehouse 35
1月 02, 2026 3:18:30 上午 spec.jbb.JBBmain DoARun -> 信息:   started user thread for Warehouse 36
1月 02, 2026 3:18:30 上午 spec.jbb.JBBmain DoARun -> 信息:   started user thread for Warehouse 37
1月 02, 2026 3:18:30 上午 spec.jbb.JBBmain DoARun -> 信息:   started user thread for Warehouse 38
1月 02, 2026 3:18:30 上午 spec.jbb.JBBmain DoARun -> 信息:   started user thread for Warehouse 39
1月 02, 2026 3:18:30 上午 spec.jbb.JBBmain DoARun -> 信息:   started user thread for Warehouse 40
1月 02, 2026 3:18:30 上午 spec.jbb.Company displayResultTotals -> 信息: Timing Measurement began Fri Jan 02 03:18:30 CST 2026 for 0.5 minutes
1月 02, 2026 3:19:00 上午 spec.jbb.Company displayResultTotals -> 信息: Timing Measurement ended Fri Jan 02 03:19:00 CST 2026
1月 02, 2026 3:19:00 上午 spec.jbb.Company primeWithDummyData -> 信息: Loading Warehouse 41...
1月 02, 2026 3:19:01 上午 spec.jbb.JBBmain DoARun -> 信息: Start User Threads
1月 02, 2026 3:19:01 上午 spec.jbb.JBBmain DoARun -> 信息:   started user thread for Warehouse 1
1月 02, 2026 3:19:01 上午 spec.jbb.JBBmain DoARun -> 信息:   started user thread for Warehouse 2
1月 02, 2026 3:19:01 上午 spec.jbb.JBBmain DoARun -> 信息:   started user thread for Warehouse 3
1月 02, 2026 3:19:01 上午 spec.jbb.JBBmain DoARun -> 信息:   started user thread for Warehouse 4
1月 02, 2026 3:19:01 上午 spec.jbb.JBBmain DoARun -> 信息:   started user thread for Warehouse 5
1月 02, 2026 3:19:01 上午 spec.jbb.JBBmain DoARun -> 信息:   started user thread for Warehouse 6
1月 02, 2026 3:19:01 上午 spec.jbb.JBBmain DoARun -> 信息:   started user thread for Warehouse 7
1月 02, 2026 3:19:01 上午 spec.jbb.JBBmain DoARun -> 信息:   started user thread for Warehouse 8
1月 02, 2026 3:19:01 上午 spec.jbb.JBBmain DoARun -> 信息:   started user thread for Warehouse 9
1月 02, 2026 3:19:01 上午 spec.jbb.JBBmain DoARun -> 信息:   started user thread for Warehouse 10
1月 02, 2026 3:19:01 上午 spec.jbb.JBBmain DoARun -> 信息:   started user thread for Warehouse 11
1月 02, 2026 3:19:01 上午 spec.jbb.JBBmain DoARun -> 信息:   started user thread for Warehouse 12
1月 02, 2026 3:19:01 上午 spec.jbb.JBBmain DoARun -> 信息:   started user thread for Warehouse 13
1月 02, 2026 3:19:01 上午 spec.jbb.JBBmain DoARun -> 信息:   started user thread for Warehouse 14
1月 02, 2026 3:19:01 上午 spec.jbb.JBBmain DoARun -> 信息:   started user thread for Warehouse 15
1月 02, 2026 3:19:01 上午 spec.jbb.JBBmain DoARun -> 信息:   started user thread for Warehouse 16
1月 02, 2026 3:19:01 上午 spec.jbb.JBBmain DoARun -> 信息:   started user thread for Warehouse 17
1月 02, 2026 3:19:01 上午 spec.jbb.JBBmain DoARun -> 信息:   started user thread for Warehouse 18
1月 02, 2026 3:19:01 上午 spec.jbb.JBBmain DoARun -> 信息:   started user thread for Warehouse 19
1月 02, 2026 3:19:01 上午 spec.jbb.JBBmain DoARun -> 信息:   started user thread for Warehouse 20
1月 02, 2026 3:19:01 上午 spec.jbb.JBBmain DoARun -> 信息:   started user thread for Warehouse 21
1月 02, 2026 3:19:01 上午 spec.jbb.JBBmain DoARun -> 信息:   started user thread for Warehouse 22
1月 02, 2026 3:19:01 上午 spec.jbb.JBBmain DoARun -> 信息:   started user thread for Warehouse 23
1月 02, 2026 3:19:01 上午 spec.jbb.JBBmain DoARun -> 信息:   started user thread for Warehouse 24
1月 02, 2026 3:19:01 上午 spec.jbb.JBBmain DoARun -> 信息:   started user thread for Warehouse 25
1月 02, 2026 3:19:01 上午 spec.jbb.JBBmain DoARun -> 信息:   started user thread for Warehouse 26
1月 02, 2026 3:19:01 上午 spec.jbb.JBBmain DoARun -> 信息:   started user thread for Warehouse 27
1月 02, 2026 3:19:01 上午 spec.jbb.JBBmain DoARun -> 信息:   started user thread for Warehouse 28
1月 02, 2026 3:19:01 上午 spec.jbb.JBBmain DoARun -> 信息:   started user thread for Warehouse 29
1月 02, 2026 3:19:01 上午 spec.jbb.JBBmain DoARun -> 信息:   started user thread for Warehouse 30
1月 02, 2026 3:19:01 上午 spec.jbb.JBBmain DoARun -> 信息:   started user thread for Warehouse 31
1月 02, 2026 3:19:01 上午 spec.jbb.JBBmain DoARun -> 信息:   started user thread for Warehouse 32
1月 02, 2026 3:19:01 上午 spec.jbb.JBBmain DoARun -> 信息:   started user thread for Warehouse 33
1月 02, 2026 3:19:01 上午 spec.jbb.JBBmain DoARun -> 信息:   started user thread for Warehouse 34
1月 02, 2026 3:19:01 上午 spec.jbb.JBBmain DoARun -> 信息:   started user thread for Warehouse 35
1月 02, 2026 3:19:01 上午 spec.jbb.JBBmain DoARun -> 信息:   started user thread for Warehouse 36
1月 02, 2026 3:19:01 上午 spec.jbb.JBBmain DoARun -> 信息:   started user thread for Warehouse 37
1月 02, 2026 3:19:01 上午 spec.jbb.JBBmain DoARun -> 信息:   started user thread for Warehouse 38
1月 02, 2026 3:19:01 上午 spec.jbb.JBBmain DoARun -> 信息:   started user thread for Warehouse 39
1月 02, 2026 3:19:01 上午 spec.jbb.JBBmain DoARun -> 信息:   started user thread for Warehouse 40
1月 02, 2026 3:19:01 上午 spec.jbb.JBBmain DoARun -> 信息:   started user thread for Warehouse 41
1月 02, 2026 3:19:01 上午 spec.jbb.Company displayResultTotals -> 信息: Timing Measurement began Fri Jan 02 03:19:01 CST 2026 for 0.5 minutes
1月 02, 2026 3:19:31 上午 spec.jbb.Company displayResultTotals -> 信息: Timing Measurement ended Fri Jan 02 03:19:31 CST 2026
1月 02, 2026 3:19:31 上午 spec.jbb.Company primeWithDummyData -> 信息: Loading Warehouse 42...
1月 02, 2026 3:19:31 上午 spec.jbb.JBBmain DoARun -> 信息: Start User Threads
1月 02, 2026 3:19:31 上午 spec.jbb.JBBmain DoARun -> 信息:   started user thread for Warehouse 1
1月 02, 2026 3:19:31 上午 spec.jbb.JBBmain DoARun -> 信息:   started user thread for Warehouse 2
1月 02, 2026 3:19:31 上午 spec.jbb.JBBmain DoARun -> 信息:   started user thread for Warehouse 3
1月 02, 2026 3:19:31 上午 spec.jbb.JBBmain DoARun -> 信息:   started user thread for Warehouse 4
1月 02, 2026 3:19:31 上午 spec.jbb.JBBmain DoARun -> 信息:   started user thread for Warehouse 5
1月 02, 2026 3:19:31 上午 spec.jbb.JBBmain DoARun -> 信息:   started user thread for Warehouse 6
1月 02, 2026 3:19:31 上午 spec.jbb.JBBmain DoARun -> 信息:   started user thread for Warehouse 7
1月 02, 2026 3:19:31 上午 spec.jbb.JBBmain DoARun -> 信息:   started user thread for Warehouse 8
1月 02, 2026 3:19:31 上午 spec.jbb.JBBmain DoARun -> 信息:   started user thread for Warehouse 9
1月 02, 2026 3:19:31 上午 spec.jbb.JBBmain DoARun -> 信息:   started user thread for Warehouse 10
1月 02, 2026 3:19:31 上午 spec.jbb.JBBmain DoARun -> 信息:   started user thread for Warehouse 11
1月 02, 2026 3:19:31 上午 spec.jbb.JBBmain DoARun -> 信息:   started user thread for Warehouse 12
1月 02, 2026 3:19:31 上午 spec.jbb.JBBmain DoARun -> 信息:   started user thread for Warehouse 13
1月 02, 2026 3:19:31 上午 spec.jbb.JBBmain DoARun -> 信息:   started user thread for Warehouse 14
1月 02, 2026 3:19:31 上午 spec.jbb.JBBmain DoARun -> 信息:   started user thread for Warehouse 15
1月 02, 2026 3:19:31 上午 spec.jbb.JBBmain DoARun -> 信息:   started user thread for Warehouse 16
1月 02, 2026 3:19:31 上午 spec.jbb.JBBmain DoARun -> 信息:   started user thread for Warehouse 17
1月 02, 2026 3:19:31 上午 spec.jbb.JBBmain DoARun -> 信息:   started user thread for Warehouse 18
1月 02, 2026 3:19:31 上午 spec.jbb.JBBmain DoARun -> 信息:   started user thread for Warehouse 19
1月 02, 2026 3:19:31 上午 spec.jbb.JBBmain DoARun -> 信息:   started user thread for Warehouse 20
1月 02, 2026 3:19:31 上午 spec.jbb.JBBmain DoARun -> 信息:   started user thread for Warehouse 21
1月 02, 2026 3:19:31 上午 spec.jbb.JBBmain DoARun -> 信息:   started user thread for Warehouse 22
1月 02, 2026 3:19:31 上午 spec.jbb.JBBmain DoARun -> 信息:   started user thread for Warehouse 23
1月 02, 2026 3:19:31 上午 spec.jbb.JBBmain DoARun -> 信息:   started user thread for Warehouse 24
1月 02, 2026 3:19:31 上午 spec.jbb.JBBmain DoARun -> 信息:   started user thread for Warehouse 25
1月 02, 2026 3:19:31 上午 spec.jbb.JBBmain DoARun -> 信息:   started user thread for Warehouse 26
1月 02, 2026 3:19:31 上午 spec.jbb.JBBmain DoARun -> 信息:   started user thread for Warehouse 27
1月 02, 2026 3:19:31 上午 spec.jbb.JBBmain DoARun -> 信息:   started user thread for Warehouse 28
1月 02, 2026 3:19:31 上午 spec.jbb.JBBmain DoARun -> 信息:   started user thread for Warehouse 29
1月 02, 2026 3:19:31 上午 spec.jbb.JBBmain DoARun -> 信息:   started user thread for Warehouse 30
1月 02, 2026 3:19:31 上午 spec.jbb.JBBmain DoARun -> 信息:   started user thread for Warehouse 31
1月 02, 2026 3:19:31 上午 spec.jbb.JBBmain DoARun -> 信息:   started user thread for Warehouse 32
1月 02, 2026 3:19:31 上午 spec.jbb.JBBmain DoARun -> 信息:   started user thread for Warehouse 33
1月 02, 2026 3:19:31 上午 spec.jbb.JBBmain DoARun -> 信息:   started user thread for Warehouse 34
1月 02, 2026 3:19:31 上午 spec.jbb.JBBmain DoARun -> 信息:   started user thread for Warehouse 35
1月 02, 2026 3:19:31 上午 spec.jbb.JBBmain DoARun -> 信息:   started user thread for Warehouse 36
1月 02, 2026 3:19:31 上午 spec.jbb.JBBmain DoARun -> 信息:   started user thread for Warehouse 37
1月 02, 2026 3:19:31 上午 spec.jbb.JBBmain DoARun -> 信息:   started user thread for Warehouse 38
1月 02, 2026 3:19:31 上午 spec.jbb.JBBmain DoARun -> 信息:   started user thread for Warehouse 39
1月 02, 2026 3:19:31 上午 spec.jbb.JBBmain DoARun -> 信息:   started user thread for Warehouse 40
1月 02, 2026 3:19:31 上午 spec.jbb.JBBmain DoARun -> 信息:   started user thread for Warehouse 41
1月 02, 2026 3:19:31 上午 spec.jbb.JBBmain DoARun -> 信息:   started user thread for Warehouse 42
1月 02, 2026 3:19:31 上午 spec.jbb.Company displayResultTotals -> 信息: Timing Measurement began Fri Jan 02 03:19:31 CST 2026 for 0.5 minutes
1月 02, 2026 3:20:01 上午 spec.jbb.Company displayResultTotals -> 信息: Timing Measurement ended Fri Jan 02 03:20:01 CST 2026
1月 02, 2026 3:20:01 上午 spec.jbb.Company primeWithDummyData -> 信息: Loading Warehouse 43...
1月 02, 2026 3:20:01 上午 spec.jbb.JBBmain DoARun -> 信息: Start User Threads
1月 02, 2026 3:20:01 上午 spec.jbb.JBBmain DoARun -> 信息:   started user thread for Warehouse 1
1月 02, 2026 3:20:01 上午 spec.jbb.JBBmain DoARun -> 信息:   started user thread for Warehouse 2
1月 02, 2026 3:20:01 上午 spec.jbb.JBBmain DoARun -> 信息:   started user thread for Warehouse 3
1月 02, 2026 3:20:01 上午 spec.jbb.JBBmain DoARun -> 信息:   started user thread for Warehouse 4
1月 02, 2026 3:20:01 上午 spec.jbb.JBBmain DoARun -> 信息:   started user thread for Warehouse 5
1月 02, 2026 3:20:01 上午 spec.jbb.JBBmain DoARun -> 信息:   started user thread for Warehouse 6
1月 02, 2026 3:20:01 上午 spec.jbb.JBBmain DoARun -> 信息:   started user thread for Warehouse 7
1月 02, 2026 3:20:01 上午 spec.jbb.JBBmain DoARun -> 信息:   started user thread for Warehouse 8
1月 02, 2026 3:20:01 上午 spec.jbb.JBBmain DoARun -> 信息:   started user thread for Warehouse 9
1月 02, 2026 3:20:01 上午 spec.jbb.JBBmain DoARun -> 信息:   started user thread for Warehouse 10
1月 02, 2026 3:20:01 上午 spec.jbb.JBBmain DoARun -> 信息:   started user thread for Warehouse 11
1月 02, 2026 3:20:01 上午 spec.jbb.JBBmain DoARun -> 信息:   started user thread for Warehouse 12
1月 02, 2026 3:20:01 上午 spec.jbb.JBBmain DoARun -> 信息:   started user thread for Warehouse 13
1月 02, 2026 3:20:01 上午 spec.jbb.JBBmain DoARun -> 信息:   started user thread for Warehouse 14
1月 02, 2026 3:20:01 上午 spec.jbb.JBBmain DoARun -> 信息:   started user thread for Warehouse 15
1月 02, 2026 3:20:01 上午 spec.jbb.JBBmain DoARun -> 信息:   started user thread for Warehouse 16
1月 02, 2026 3:20:01 上午 spec.jbb.JBBmain DoARun -> 信息:   started user thread for Warehouse 17
1月 02, 2026 3:20:01 上午 spec.jbb.JBBmain DoARun -> 信息:   started user thread for Warehouse 18
1月 02, 2026 3:20:01 上午 spec.jbb.JBBmain DoARun -> 信息:   started user thread for Warehouse 19
1月 02, 2026 3:20:01 上午 spec.jbb.JBBmain DoARun -> 信息:   started user thread for Warehouse 20
1月 02, 2026 3:20:01 上午 spec.jbb.JBBmain DoARun -> 信息:   started user thread for Warehouse 21
1月 02, 2026 3:20:01 上午 spec.jbb.JBBmain DoARun -> 信息:   started user thread for Warehouse 22
1月 02, 2026 3:20:01 上午 spec.jbb.JBBmain DoARun -> 信息:   started user thread for Warehouse 23
1月 02, 2026 3:20:01 上午 spec.jbb.JBBmain DoARun -> 信息:   started user thread for Warehouse 24
1月 02, 2026 3:20:01 上午 spec.jbb.JBBmain DoARun -> 信息:   started user thread for Warehouse 25
1月 02, 2026 3:20:01 上午 spec.jbb.JBBmain DoARun -> 信息:   started user thread for Warehouse 26
1月 02, 2026 3:20:01 上午 spec.jbb.JBBmain DoARun -> 信息:   started user thread for Warehouse 27
1月 02, 2026 3:20:01 上午 spec.jbb.JBBmain DoARun -> 信息:   started user thread for Warehouse 28
1月 02, 2026 3:20:01 上午 spec.jbb.JBBmain DoARun -> 信息:   started user thread for Warehouse 29
1月 02, 2026 3:20:01 上午 spec.jbb.JBBmain DoARun -> 信息:   started user thread for Warehouse 30
1月 02, 2026 3:20:01 上午 spec.jbb.JBBmain DoARun -> 信息:   started user thread for Warehouse 31
1月 02, 2026 3:20:01 上午 spec.jbb.JBBmain DoARun -> 信息:   started user thread for Warehouse 32
1月 02, 2026 3:20:01 上午 spec.jbb.JBBmain DoARun -> 信息:   started user thread for Warehouse 33
1月 02, 2026 3:20:01 上午 spec.jbb.JBBmain DoARun -> 信息:   started user thread for Warehouse 34
1月 02, 2026 3:20:01 上午 spec.jbb.JBBmain DoARun -> 信息:   started user thread for Warehouse 35
1月 02, 2026 3:20:01 上午 spec.jbb.JBBmain DoARun -> 信息:   started user thread for Warehouse 36
1月 02, 2026 3:20:01 上午 spec.jbb.JBBmain DoARun -> 信息:   started user thread for Warehouse 37
1月 02, 2026 3:20:01 上午 spec.jbb.JBBmain DoARun -> 信息:   started user thread for Warehouse 38
1月 02, 2026 3:20:01 上午 spec.jbb.JBBmain DoARun -> 信息:   started user thread for Warehouse 39
1月 02, 2026 3:20:01 上午 spec.jbb.JBBmain DoARun -> 信息:   started user thread for Warehouse 40
1月 02, 2026 3:20:01 上午 spec.jbb.JBBmain DoARun -> 信息:   started user thread for Warehouse 41
1月 02, 2026 3:20:01 上午 spec.jbb.JBBmain DoARun -> 信息:   started user thread for Warehouse 42
1月 02, 2026 3:20:01 上午 spec.jbb.JBBmain DoARun -> 信息:   started user thread for Warehouse 43
1月 02, 2026 3:20:01 上午 spec.jbb.Company displayResultTotals -> 信息: Timing Measurement began Fri Jan 02 03:20:01 CST 2026 for 0.5 minutes
1月 02, 2026 3:20:31 上午 spec.jbb.Company displayResultTotals -> 信息: Timing Measurement ended Fri Jan 02 03:20:31 CST 2026
1月 02, 2026 3:20:31 上午 spec.jbb.Company primeWithDummyData -> 信息: Loading Warehouse 44...
1月 02, 2026 3:20:32 上午 spec.jbb.JBBmain DoARun -> 信息: Start User Threads
1月 02, 2026 3:20:32 上午 spec.jbb.JBBmain DoARun -> 信息:   started user thread for Warehouse 1
1月 02, 2026 3:20:32 上午 spec.jbb.JBBmain DoARun -> 信息:   started user thread for Warehouse 2
1月 02, 2026 3:20:32 上午 spec.jbb.JBBmain DoARun -> 信息:   started user thread for Warehouse 3
1月 02, 2026 3:20:32 上午 spec.jbb.JBBmain DoARun -> 信息:   started user thread for Warehouse 4
1月 02, 2026 3:20:32 上午 spec.jbb.JBBmain DoARun -> 信息:   started user thread for Warehouse 5
1月 02, 2026 3:20:32 上午 spec.jbb.JBBmain DoARun -> 信息:   started user thread for Warehouse 6
1月 02, 2026 3:20:32 上午 spec.jbb.JBBmain DoARun -> 信息:   started user thread for Warehouse 7
1月 02, 2026 3:20:32 上午 spec.jbb.JBBmain DoARun -> 信息:   started user thread for Warehouse 8
1月 02, 2026 3:20:32 上午 spec.jbb.JBBmain DoARun -> 信息:   started user thread for Warehouse 9
1月 02, 2026 3:20:32 上午 spec.jbb.JBBmain DoARun -> 信息:   started user thread for Warehouse 10
1月 02, 2026 3:20:32 上午 spec.jbb.JBBmain DoARun -> 信息:   started user thread for Warehouse 11
1月 02, 2026 3:20:32 上午 spec.jbb.JBBmain DoARun -> 信息:   started user thread for Warehouse 12
1月 02, 2026 3:20:32 上午 spec.jbb.JBBmain DoARun -> 信息:   started user thread for Warehouse 13
1月 02, 2026 3:20:32 上午 spec.jbb.JBBmain DoARun -> 信息:   started user thread for Warehouse 14
1月 02, 2026 3:20:32 上午 spec.jbb.JBBmain DoARun -> 信息:   started user thread for Warehouse 15
1月 02, 2026 3:20:32 上午 spec.jbb.JBBmain DoARun -> 信息:   started user thread for Warehouse 16
1月 02, 2026 3:20:32 上午 spec.jbb.JBBmain DoARun -> 信息:   started user thread for Warehouse 17
1月 02, 2026 3:20:32 上午 spec.jbb.JBBmain DoARun -> 信息:   started user thread for Warehouse 18
1月 02, 2026 3:20:32 上午 spec.jbb.JBBmain DoARun -> 信息:   started user thread for Warehouse 19
1月 02, 2026 3:20:32 上午 spec.jbb.JBBmain DoARun -> 信息:   started user thread for Warehouse 20
1月 02, 2026 3:20:32 上午 spec.jbb.JBBmain DoARun -> 信息:   started user thread for Warehouse 21
1月 02, 2026 3:20:32 上午 spec.jbb.JBBmain DoARun -> 信息:   started user thread for Warehouse 22
1月 02, 2026 3:20:32 上午 spec.jbb.JBBmain DoARun -> 信息:   started user thread for Warehouse 23
1月 02, 2026 3:20:32 上午 spec.jbb.JBBmain DoARun -> 信息:   started user thread for Warehouse 24
1月 02, 2026 3:20:32 上午 spec.jbb.JBBmain DoARun -> 信息:   started user thread for Warehouse 25
1月 02, 2026 3:20:32 上午 spec.jbb.JBBmain DoARun -> 信息:   started user thread for Warehouse 26
1月 02, 2026 3:20:32 上午 spec.jbb.JBBmain DoARun -> 信息:   started user thread for Warehouse 27
1月 02, 2026 3:20:32 上午 spec.jbb.JBBmain DoARun -> 信息:   started user thread for Warehouse 28
1月 02, 2026 3:20:32 上午 spec.jbb.JBBmain DoARun -> 信息:   started user thread for Warehouse 29
1月 02, 2026 3:20:32 上午 spec.jbb.JBBmain DoARun -> 信息:   started user thread for Warehouse 30
1月 02, 2026 3:20:32 上午 spec.jbb.JBBmain DoARun -> 信息:   started user thread for Warehouse 31
1月 02, 2026 3:20:32 上午 spec.jbb.JBBmain DoARun -> 信息:   started user thread for Warehouse 32
1月 02, 2026 3:20:32 上午 spec.jbb.JBBmain DoARun -> 信息:   started user thread for Warehouse 33
1月 02, 2026 3:20:32 上午 spec.jbb.JBBmain DoARun -> 信息:   started user thread for Warehouse 34
1月 02, 2026 3:20:32 上午 spec.jbb.JBBmain DoARun -> 信息:   started user thread for Warehouse 35
1月 02, 2026 3:20:32 上午 spec.jbb.JBBmain DoARun -> 信息:   started user thread for Warehouse 36
1月 02, 2026 3:20:32 上午 spec.jbb.JBBmain DoARun -> 信息:   started user thread for Warehouse 37
1月 02, 2026 3:20:32 上午 spec.jbb.JBBmain DoARun -> 信息:   started user thread for Warehouse 38
1月 02, 2026 3:20:32 上午 spec.jbb.JBBmain DoARun -> 信息:   started user thread for Warehouse 39
1月 02, 2026 3:20:32 上午 spec.jbb.JBBmain DoARun -> 信息:   started user thread for Warehouse 40
1月 02, 2026 3:20:32 上午 spec.jbb.JBBmain DoARun -> 信息:   started user thread for Warehouse 41
1月 02, 2026 3:20:32 上午 spec.jbb.JBBmain DoARun -> 信息:   started user thread for Warehouse 42
1月 02, 2026 3:20:32 上午 spec.jbb.JBBmain DoARun -> 信息:   started user thread for Warehouse 43
1月 02, 2026 3:20:32 上午 spec.jbb.JBBmain DoARun -> 信息:   started user thread for Warehouse 44
1月 02, 2026 3:20:32 上午 spec.jbb.Company displayResultTotals -> 信息: Timing Measurement began Fri Jan 02 03:20:32 CST 2026 for 0.5 minutes
1月 02, 2026 3:21:02 上午 spec.jbb.Company displayResultTotals -> 信息: Timing Measurement ended Fri Jan 02 03:21:02 CST 2026
1月 02, 2026 3:21:02 上午 spec.jbb.Company primeWithDummyData -> 信息: Loading Warehouse 45...
1月 02, 2026 3:21:02 上午 spec.jbb.JBBmain DoARun -> 信息: Start User Threads
1月 02, 2026 3:21:02 上午 spec.jbb.JBBmain DoARun -> 信息:   started user thread for Warehouse 1
1月 02, 2026 3:21:02 上午 spec.jbb.JBBmain DoARun -> 信息:   started user thread for Warehouse 2
1月 02, 2026 3:21:02 上午 spec.jbb.JBBmain DoARun -> 信息:   started user thread for Warehouse 3
1月 02, 2026 3:21:02 上午 spec.jbb.JBBmain DoARun -> 信息:   started user thread for Warehouse 4
1月 02, 2026 3:21:02 上午 spec.jbb.JBBmain DoARun -> 信息:   started user thread for Warehouse 5
1月 02, 2026 3:21:02 上午 spec.jbb.JBBmain DoARun -> 信息:   started user thread for Warehouse 6
1月 02, 2026 3:21:02 上午 spec.jbb.JBBmain DoARun -> 信息:   started user thread for Warehouse 7
1月 02, 2026 3:21:02 上午 spec.jbb.JBBmain DoARun -> 信息:   started user thread for Warehouse 8
1月 02, 2026 3:21:02 上午 spec.jbb.JBBmain DoARun -> 信息:   started user thread for Warehouse 9
1月 02, 2026 3:21:02 上午 spec.jbb.JBBmain DoARun -> 信息:   started user thread for Warehouse 10
1月 02, 2026 3:21:02 上午 spec.jbb.JBBmain DoARun -> 信息:   started user thread for Warehouse 11
1月 02, 2026 3:21:02 上午 spec.jbb.JBBmain DoARun -> 信息:   started user thread for Warehouse 12
1月 02, 2026 3:21:02 上午 spec.jbb.JBBmain DoARun -> 信息:   started user thread for Warehouse 13
1月 02, 2026 3:21:02 上午 spec.jbb.JBBmain DoARun -> 信息:   started user thread for Warehouse 14
1月 02, 2026 3:21:02 上午 spec.jbb.JBBmain DoARun -> 信息:   started user thread for Warehouse 15
1月 02, 2026 3:21:02 上午 spec.jbb.JBBmain DoARun -> 信息:   started user thread for Warehouse 16
1月 02, 2026 3:21:02 上午 spec.jbb.JBBmain DoARun -> 信息:   started user thread for Warehouse 17
1月 02, 2026 3:21:02 上午 spec.jbb.JBBmain DoARun -> 信息:   started user thread for Warehouse 18
1月 02, 2026 3:21:02 上午 spec.jbb.JBBmain DoARun -> 信息:   started user thread for Warehouse 19
1月 02, 2026 3:21:02 上午 spec.jbb.JBBmain DoARun -> 信息:   started user thread for Warehouse 20
1月 02, 2026 3:21:02 上午 spec.jbb.JBBmain DoARun -> 信息:   started user thread for Warehouse 21
1月 02, 2026 3:21:02 上午 spec.jbb.JBBmain DoARun -> 信息:   started user thread for Warehouse 22
1月 02, 2026 3:21:02 上午 spec.jbb.JBBmain DoARun -> 信息:   started user thread for Warehouse 23
1月 02, 2026 3:21:02 上午 spec.jbb.JBBmain DoARun -> 信息:   started user thread for Warehouse 24
1月 02, 2026 3:21:02 上午 spec.jbb.JBBmain DoARun -> 信息:   started user thread for Warehouse 25
1月 02, 2026 3:21:02 上午 spec.jbb.JBBmain DoARun -> 信息:   started user thread for Warehouse 26
1月 02, 2026 3:21:02 上午 spec.jbb.JBBmain DoARun -> 信息:   started user thread for Warehouse 27
1月 02, 2026 3:21:02 上午 spec.jbb.JBBmain DoARun -> 信息:   started user thread for Warehouse 28
1月 02, 2026 3:21:02 上午 spec.jbb.JBBmain DoARun -> 信息:   started user thread for Warehouse 29
1月 02, 2026 3:21:02 上午 spec.jbb.JBBmain DoARun -> 信息:   started user thread for Warehouse 30
1月 02, 2026 3:21:02 上午 spec.jbb.JBBmain DoARun -> 信息:   started user thread for Warehouse 31
1月 02, 2026 3:21:02 上午 spec.jbb.JBBmain DoARun -> 信息:   started user thread for Warehouse 32
1月 02, 2026 3:21:02 上午 spec.jbb.JBBmain DoARun -> 信息:   started user thread for Warehouse 33
1月 02, 2026 3:21:02 上午 spec.jbb.JBBmain DoARun -> 信息:   started user thread for Warehouse 34
1月 02, 2026 3:21:02 上午 spec.jbb.JBBmain DoARun -> 信息:   started user thread for Warehouse 35
1月 02, 2026 3:21:02 上午 spec.jbb.JBBmain DoARun -> 信息:   started user thread for Warehouse 36
1月 02, 2026 3:21:02 上午 spec.jbb.JBBmain DoARun -> 信息:   started user thread for Warehouse 37
1月 02, 2026 3:21:02 上午 spec.jbb.JBBmain DoARun -> 信息:   started user thread for Warehouse 38
1月 02, 2026 3:21:02 上午 spec.jbb.JBBmain DoARun -> 信息:   started user thread for Warehouse 39
1月 02, 2026 3:21:02 上午 spec.jbb.JBBmain DoARun -> 信息:   started user thread for Warehouse 40
1月 02, 2026 3:21:02 上午 spec.jbb.JBBmain DoARun -> 信息:   started user thread for Warehouse 41
1月 02, 2026 3:21:02 上午 spec.jbb.JBBmain DoARun -> 信息:   started user thread for Warehouse 42
1月 02, 2026 3:21:02 上午 spec.jbb.JBBmain DoARun -> 信息:   started user thread for Warehouse 43
1月 02, 2026 3:21:02 上午 spec.jbb.JBBmain DoARun -> 信息:   started user thread for Warehouse 44
1月 02, 2026 3:21:02 上午 spec.jbb.JBBmain DoARun -> 信息:   started user thread for Warehouse 45
1月 02, 2026 3:21:02 上午 spec.jbb.Company displayResultTotals -> 信息: Timing Measurement began Fri Jan 02 03:21:02 CST 2026 for 0.5 minutes
1月 02, 2026 3:21:32 上午 spec.jbb.Company displayResultTotals -> 信息: Timing Measurement ended Fri Jan 02 03:21:32 CST 2026
1月 02, 2026 3:21:32 上午 spec.jbb.Company primeWithDummyData -> 信息: Loading Warehouse 46...
1月 02, 2026 3:21:32 上午 spec.jbb.JBBmain DoARun -> 信息: Start User Threads
1月 02, 2026 3:21:32 上午 spec.jbb.JBBmain DoARun -> 信息:   started user thread for Warehouse 1
1月 02, 2026 3:21:32 上午 spec.jbb.JBBmain DoARun -> 信息:   started user thread for Warehouse 2
1月 02, 2026 3:21:32 上午 spec.jbb.JBBmain DoARun -> 信息:   started user thread for Warehouse 3
1月 02, 2026 3:21:32 上午 spec.jbb.JBBmain DoARun -> 信息:   started user thread for Warehouse 4
1月 02, 2026 3:21:32 上午 spec.jbb.JBBmain DoARun -> 信息:   started user thread for Warehouse 5
1月 02, 2026 3:21:32 上午 spec.jbb.JBBmain DoARun -> 信息:   started user thread for Warehouse 6
1月 02, 2026 3:21:32 上午 spec.jbb.JBBmain DoARun -> 信息:   started user thread for Warehouse 7
1月 02, 2026 3:21:32 上午 spec.jbb.JBBmain DoARun -> 信息:   started user thread for Warehouse 8
1月 02, 2026 3:21:32 上午 spec.jbb.JBBmain DoARun -> 信息:   started user thread for Warehouse 9
1月 02, 2026 3:21:32 上午 spec.jbb.JBBmain DoARun -> 信息:   started user thread for Warehouse 10
1月 02, 2026 3:21:32 上午 spec.jbb.JBBmain DoARun -> 信息:   started user thread for Warehouse 11
1月 02, 2026 3:21:32 上午 spec.jbb.JBBmain DoARun -> 信息:   started user thread for Warehouse 12
1月 02, 2026 3:21:32 上午 spec.jbb.JBBmain DoARun -> 信息:   started user thread for Warehouse 13
1月 02, 2026 3:21:32 上午 spec.jbb.JBBmain DoARun -> 信息:   started user thread for Warehouse 14
1月 02, 2026 3:21:32 上午 spec.jbb.JBBmain DoARun -> 信息:   started user thread for Warehouse 15
1月 02, 2026 3:21:32 上午 spec.jbb.JBBmain DoARun -> 信息:   started user thread for Warehouse 16
1月 02, 2026 3:21:32 上午 spec.jbb.JBBmain DoARun -> 信息:   started user thread for Warehouse 17
1月 02, 2026 3:21:32 上午 spec.jbb.JBBmain DoARun -> 信息:   started user thread for Warehouse 18
1月 02, 2026 3:21:32 上午 spec.jbb.JBBmain DoARun -> 信息:   started user thread for Warehouse 19
1月 02, 2026 3:21:32 上午 spec.jbb.JBBmain DoARun -> 信息:   started user thread for Warehouse 20
1月 02, 2026 3:21:32 上午 spec.jbb.JBBmain DoARun -> 信息:   started user thread for Warehouse 21
1月 02, 2026 3:21:32 上午 spec.jbb.JBBmain DoARun -> 信息:   started user thread for Warehouse 22
1月 02, 2026 3:21:32 上午 spec.jbb.JBBmain DoARun -> 信息:   started user thread for Warehouse 23
1月 02, 2026 3:21:32 上午 spec.jbb.JBBmain DoARun -> 信息:   started user thread for Warehouse 24
1月 02, 2026 3:21:32 上午 spec.jbb.JBBmain DoARun -> 信息:   started user thread for Warehouse 25
1月 02, 2026 3:21:32 上午 spec.jbb.JBBmain DoARun -> 信息:   started user thread for Warehouse 26
1月 02, 2026 3:21:32 上午 spec.jbb.JBBmain DoARun -> 信息:   started user thread for Warehouse 27
1月 02, 2026 3:21:32 上午 spec.jbb.JBBmain DoARun -> 信息:   started user thread for Warehouse 28
1月 02, 2026 3:21:32 上午 spec.jbb.JBBmain DoARun -> 信息:   started user thread for Warehouse 29
1月 02, 2026 3:21:32 上午 spec.jbb.JBBmain DoARun -> 信息:   started user thread for Warehouse 30
1月 02, 2026 3:21:32 上午 spec.jbb.JBBmain DoARun -> 信息:   started user thread for Warehouse 31
1月 02, 2026 3:21:32 上午 spec.jbb.JBBmain DoARun -> 信息:   started user thread for Warehouse 32
1月 02, 2026 3:21:32 上午 spec.jbb.JBBmain DoARun -> 信息:   started user thread for Warehouse 33
1月 02, 2026 3:21:32 上午 spec.jbb.JBBmain DoARun -> 信息:   started user thread for Warehouse 34
1月 02, 2026 3:21:32 上午 spec.jbb.JBBmain DoARun -> 信息:   started user thread for Warehouse 35
1月 02, 2026 3:21:32 上午 spec.jbb.JBBmain DoARun -> 信息:   started user thread for Warehouse 36
1月 02, 2026 3:21:32 上午 spec.jbb.JBBmain DoARun -> 信息:   started user thread for Warehouse 37
1月 02, 2026 3:21:32 上午 spec.jbb.JBBmain DoARun -> 信息:   started user thread for Warehouse 38
1月 02, 2026 3:21:32 上午 spec.jbb.JBBmain DoARun -> 信息:   started user thread for Warehouse 39
1月 02, 2026 3:21:32 上午 spec.jbb.JBBmain DoARun -> 信息:   started user thread for Warehouse 40
1月 02, 2026 3:21:32 上午 spec.jbb.JBBmain DoARun -> 信息:   started user thread for Warehouse 41
1月 02, 2026 3:21:32 上午 spec.jbb.JBBmain DoARun -> 信息:   started user thread for Warehouse 42
1月 02, 2026 3:21:32 上午 spec.jbb.JBBmain DoARun -> 信息:   started user thread for Warehouse 43
1月 02, 2026 3:21:32 上午 spec.jbb.JBBmain DoARun -> 信息:   started user thread for Warehouse 44
1月 02, 2026 3:21:32 上午 spec.jbb.JBBmain DoARun -> 信息:   started user thread for Warehouse 45
1月 02, 2026 3:21:32 上午 spec.jbb.JBBmain DoARun -> 信息:   started user thread for Warehouse 46
1月 02, 2026 3:21:32 上午 spec.jbb.Company displayResultTotals -> 信息: Timing Measurement began Fri Jan 02 03:21:32 CST 2026 for 0.5 minutes
1月 02, 2026 3:22:02 上午 spec.jbb.Company displayResultTotals -> 信息: Timing Measurement ended Fri Jan 02 03:22:02 CST 2026
1月 02, 2026 3:22:02 上午 spec.jbb.Company primeWithDummyData -> 信息: Loading Warehouse 47...
1月 02, 2026 3:22:02 上午 spec.jbb.JBBmain DoARun -> 信息: Start User Threads
1月 02, 2026 3:22:02 上午 spec.jbb.JBBmain DoARun -> 信息:   started user thread for Warehouse 1
1月 02, 2026 3:22:02 上午 spec.jbb.JBBmain DoARun -> 信息:   started user thread for Warehouse 2
1月 02, 2026 3:22:02 上午 spec.jbb.JBBmain DoARun -> 信息:   started user thread for Warehouse 3
1月 02, 2026 3:22:02 上午 spec.jbb.JBBmain DoARun -> 信息:   started user thread for Warehouse 4
1月 02, 2026 3:22:02 上午 spec.jbb.JBBmain DoARun -> 信息:   started user thread for Warehouse 5
1月 02, 2026 3:22:02 上午 spec.jbb.JBBmain DoARun -> 信息:   started user thread for Warehouse 6
1月 02, 2026 3:22:02 上午 spec.jbb.JBBmain DoARun -> 信息:   started user thread for Warehouse 7
1月 02, 2026 3:22:02 上午 spec.jbb.JBBmain DoARun -> 信息:   started user thread for Warehouse 8
1月 02, 2026 3:22:02 上午 spec.jbb.JBBmain DoARun -> 信息:   started user thread for Warehouse 9
1月 02, 2026 3:22:02 上午 spec.jbb.JBBmain DoARun -> 信息:   started user thread for Warehouse 10
1月 02, 2026 3:22:02 上午 spec.jbb.JBBmain DoARun -> 信息:   started user thread for Warehouse 11
1月 02, 2026 3:22:02 上午 spec.jbb.JBBmain DoARun -> 信息:   started user thread for Warehouse 12
1月 02, 2026 3:22:02 上午 spec.jbb.JBBmain DoARun -> 信息:   started user thread for Warehouse 13
1月 02, 2026 3:22:02 上午 spec.jbb.JBBmain DoARun -> 信息:   started user thread for Warehouse 14
1月 02, 2026 3:22:02 上午 spec.jbb.JBBmain DoARun -> 信息:   started user thread for Warehouse 15
1月 02, 2026 3:22:02 上午 spec.jbb.JBBmain DoARun -> 信息:   started user thread for Warehouse 16
1月 02, 2026 3:22:02 上午 spec.jbb.JBBmain DoARun -> 信息:   started user thread for Warehouse 17
1月 02, 2026 3:22:02 上午 spec.jbb.JBBmain DoARun -> 信息:   started user thread for Warehouse 18
1月 02, 2026 3:22:02 上午 spec.jbb.JBBmain DoARun -> 信息:   started user thread for Warehouse 19
1月 02, 2026 3:22:02 上午 spec.jbb.JBBmain DoARun -> 信息:   started user thread for Warehouse 20
1月 02, 2026 3:22:02 上午 spec.jbb.JBBmain DoARun -> 信息:   started user thread for Warehouse 21
1月 02, 2026 3:22:02 上午 spec.jbb.JBBmain DoARun -> 信息:   started user thread for Warehouse 22
1月 02, 2026 3:22:02 上午 spec.jbb.JBBmain DoARun -> 信息:   started user thread for Warehouse 23
1月 02, 2026 3:22:02 上午 spec.jbb.JBBmain DoARun -> 信息:   started user thread for Warehouse 24
1月 02, 2026 3:22:02 上午 spec.jbb.JBBmain DoARun -> 信息:   started user thread for Warehouse 25
1月 02, 2026 3:22:02 上午 spec.jbb.JBBmain DoARun -> 信息:   started user thread for Warehouse 26
1月 02, 2026 3:22:02 上午 spec.jbb.JBBmain DoARun -> 信息:   started user thread for Warehouse 27
1月 02, 2026 3:22:02 上午 spec.jbb.JBBmain DoARun -> 信息:   started user thread for Warehouse 28
1月 02, 2026 3:22:02 上午 spec.jbb.JBBmain DoARun -> 信息:   started user thread for Warehouse 29
1月 02, 2026 3:22:02 上午 spec.jbb.JBBmain DoARun -> 信息:   started user thread for Warehouse 30
1月 02, 2026 3:22:02 上午 spec.jbb.JBBmain DoARun -> 信息:   started user thread for Warehouse 31
1月 02, 2026 3:22:02 上午 spec.jbb.JBBmain DoARun -> 信息:   started user thread for Warehouse 32
1月 02, 2026 3:22:02 上午 spec.jbb.JBBmain DoARun -> 信息:   started user thread for Warehouse 33
1月 02, 2026 3:22:02 上午 spec.jbb.JBBmain DoARun -> 信息:   started user thread for Warehouse 34
1月 02, 2026 3:22:02 上午 spec.jbb.JBBmain DoARun -> 信息:   started user thread for Warehouse 35
1月 02, 2026 3:22:02 上午 spec.jbb.JBBmain DoARun -> 信息:   started user thread for Warehouse 36
1月 02, 2026 3:22:02 上午 spec.jbb.JBBmain DoARun -> 信息:   started user thread for Warehouse 37
1月 02, 2026 3:22:02 上午 spec.jbb.JBBmain DoARun -> 信息:   started user thread for Warehouse 38
1月 02, 2026 3:22:02 上午 spec.jbb.JBBmain DoARun -> 信息:   started user thread for Warehouse 39
1月 02, 2026 3:22:02 上午 spec.jbb.JBBmain DoARun -> 信息:   started user thread for Warehouse 40
1月 02, 2026 3:22:02 上午 spec.jbb.JBBmain DoARun -> 信息:   started user thread for Warehouse 41
1月 02, 2026 3:22:02 上午 spec.jbb.JBBmain DoARun -> 信息:   started user thread for Warehouse 42
1月 02, 2026 3:22:02 上午 spec.jbb.JBBmain DoARun -> 信息:   started user thread for Warehouse 43
1月 02, 2026 3:22:02 上午 spec.jbb.JBBmain DoARun -> 信息:   started user thread for Warehouse 44
1月 02, 2026 3:22:02 上午 spec.jbb.JBBmain DoARun -> 信息:   started user thread for Warehouse 45
1月 02, 2026 3:22:02 上午 spec.jbb.JBBmain DoARun -> 信息:   started user thread for Warehouse 46
1月 02, 2026 3:22:02 上午 spec.jbb.JBBmain DoARun -> 信息:   started user thread for Warehouse 47
1月 02, 2026 3:22:02 上午 spec.jbb.Company displayResultTotals -> 信息: Timing Measurement began Fri Jan 02 03:22:02 CST 2026 for 0.5 minutes
1月 02, 2026 3:22:32 上午 spec.jbb.Company displayResultTotals -> 信息: Timing Measurement ended Fri Jan 02 03:22:32 CST 2026
1月 02, 2026 3:22:32 上午 spec.jbb.Company primeWithDummyData -> 信息: Loading Warehouse 48...
1月 02, 2026 3:22:33 上午 spec.jbb.JBBmain DoARun -> 信息: Start User Threads
1月 02, 2026 3:22:33 上午 spec.jbb.JBBmain DoARun -> 信息:   started user thread for Warehouse 1
1月 02, 2026 3:22:33 上午 spec.jbb.JBBmain DoARun -> 信息:   started user thread for Warehouse 2
1月 02, 2026 3:22:33 上午 spec.jbb.JBBmain DoARun -> 信息:   started user thread for Warehouse 3
1月 02, 2026 3:22:33 上午 spec.jbb.JBBmain DoARun -> 信息:   started user thread for Warehouse 4
1月 02, 2026 3:22:33 上午 spec.jbb.JBBmain DoARun -> 信息:   started user thread for Warehouse 5
1月 02, 2026 3:22:33 上午 spec.jbb.JBBmain DoARun -> 信息:   started user thread for Warehouse 6
1月 02, 2026 3:22:33 上午 spec.jbb.JBBmain DoARun -> 信息:   started user thread for Warehouse 7
1月 02, 2026 3:22:33 上午 spec.jbb.JBBmain DoARun -> 信息:   started user thread for Warehouse 8
1月 02, 2026 3:22:33 上午 spec.jbb.JBBmain DoARun -> 信息:   started user thread for Warehouse 9
1月 02, 2026 3:22:33 上午 spec.jbb.JBBmain DoARun -> 信息:   started user thread for Warehouse 10
1月 02, 2026 3:22:33 上午 spec.jbb.JBBmain DoARun -> 信息:   started user thread for Warehouse 11
1月 02, 2026 3:22:33 上午 spec.jbb.JBBmain DoARun -> 信息:   started user thread for Warehouse 12
1月 02, 2026 3:22:33 上午 spec.jbb.JBBmain DoARun -> 信息:   started user thread for Warehouse 13
1月 02, 2026 3:22:33 上午 spec.jbb.JBBmain DoARun -> 信息:   started user thread for Warehouse 14
1月 02, 2026 3:22:33 上午 spec.jbb.JBBmain DoARun -> 信息:   started user thread for Warehouse 15
1月 02, 2026 3:22:33 上午 spec.jbb.JBBmain DoARun -> 信息:   started user thread for Warehouse 16
1月 02, 2026 3:22:33 上午 spec.jbb.JBBmain DoARun -> 信息:   started user thread for Warehouse 17
1月 02, 2026 3:22:33 上午 spec.jbb.JBBmain DoARun -> 信息:   started user thread for Warehouse 18
1月 02, 2026 3:22:33 上午 spec.jbb.JBBmain DoARun -> 信息:   started user thread for Warehouse 19
1月 02, 2026 3:22:33 上午 spec.jbb.JBBmain DoARun -> 信息:   started user thread for Warehouse 20
1月 02, 2026 3:22:33 上午 spec.jbb.JBBmain DoARun -> 信息:   started user thread for Warehouse 21
1月 02, 2026 3:22:33 上午 spec.jbb.JBBmain DoARun -> 信息:   started user thread for Warehouse 22
1月 02, 2026 3:22:33 上午 spec.jbb.JBBmain DoARun -> 信息:   started user thread for Warehouse 23
1月 02, 2026 3:22:33 上午 spec.jbb.JBBmain DoARun -> 信息:   started user thread for Warehouse 24
1月 02, 2026 3:22:33 上午 spec.jbb.JBBmain DoARun -> 信息:   started user thread for Warehouse 25
1月 02, 2026 3:22:33 上午 spec.jbb.JBBmain DoARun -> 信息:   started user thread for Warehouse 26
1月 02, 2026 3:22:33 上午 spec.jbb.JBBmain DoARun -> 信息:   started user thread for Warehouse 27
1月 02, 2026 3:22:33 上午 spec.jbb.JBBmain DoARun -> 信息:   started user thread for Warehouse 28
1月 02, 2026 3:22:33 上午 spec.jbb.JBBmain DoARun -> 信息:   started user thread for Warehouse 29
1月 02, 2026 3:22:33 上午 spec.jbb.JBBmain DoARun -> 信息:   started user thread for Warehouse 30
1月 02, 2026 3:22:33 上午 spec.jbb.JBBmain DoARun -> 信息:   started user thread for Warehouse 31
1月 02, 2026 3:22:33 上午 spec.jbb.JBBmain DoARun -> 信息:   started user thread for Warehouse 32
1月 02, 2026 3:22:33 上午 spec.jbb.JBBmain DoARun -> 信息:   started user thread for Warehouse 33
1月 02, 2026 3:22:33 上午 spec.jbb.JBBmain DoARun -> 信息:   started user thread for Warehouse 34
1月 02, 2026 3:22:33 上午 spec.jbb.JBBmain DoARun -> 信息:   started user thread for Warehouse 35
1月 02, 2026 3:22:33 上午 spec.jbb.JBBmain DoARun -> 信息:   started user thread for Warehouse 36
1月 02, 2026 3:22:33 上午 spec.jbb.JBBmain DoARun -> 信息:   started user thread for Warehouse 37
1月 02, 2026 3:22:33 上午 spec.jbb.JBBmain DoARun -> 信息:   started user thread for Warehouse 38
1月 02, 2026 3:22:33 上午 spec.jbb.JBBmain DoARun -> 信息:   started user thread for Warehouse 39
1月 02, 2026 3:22:33 上午 spec.jbb.JBBmain DoARun -> 信息:   started user thread for Warehouse 40
1月 02, 2026 3:22:33 上午 spec.jbb.JBBmain DoARun -> 信息:   started user thread for Warehouse 41
1月 02, 2026 3:22:33 上午 spec.jbb.JBBmain DoARun -> 信息:   started user thread for Warehouse 42
1月 02, 2026 3:22:33 上午 spec.jbb.JBBmain DoARun -> 信息:   started user thread for Warehouse 43
1月 02, 2026 3:22:33 上午 spec.jbb.JBBmain DoARun -> 信息:   started user thread for Warehouse 44
1月 02, 2026 3:22:33 上午 spec.jbb.JBBmain DoARun -> 信息:   started user thread for Warehouse 45
1月 02, 2026 3:22:33 上午 spec.jbb.JBBmain DoARun -> 信息:   started user thread for Warehouse 46
1月 02, 2026 3:22:33 上午 spec.jbb.JBBmain DoARun -> 信息:   started user thread for Warehouse 47
1月 02, 2026 3:22:33 上午 spec.jbb.JBBmain DoARun -> 信息:   started user thread for Warehouse 48
1月 02, 2026 3:22:33 上午 spec.jbb.Company displayResultTotals -> 信息: Timing Measurement began Fri Jan 02 03:22:33 CST 2026 for 0.5 minutes
1月 02, 2026 3:23:03 上午 spec.jbb.Company displayResultTotals -> 信息: Timing Measurement ended Fri Jan 02 03:23:03 CST 2026
1月 02, 2026 3:23:03 上午 spec.jbb.Company primeWithDummyData -> 信息: Loading Warehouse 49...
1月 02, 2026 3:23:03 上午 spec.jbb.JBBmain DoARun -> 信息: Start User Threads
1月 02, 2026 3:23:03 上午 spec.jbb.JBBmain DoARun -> 信息:   started user thread for Warehouse 1
1月 02, 2026 3:23:03 上午 spec.jbb.JBBmain DoARun -> 信息:   started user thread for Warehouse 2
1月 02, 2026 3:23:03 上午 spec.jbb.JBBmain DoARun -> 信息:   started user thread for Warehouse 3
1月 02, 2026 3:23:03 上午 spec.jbb.JBBmain DoARun -> 信息:   started user thread for Warehouse 4
1月 02, 2026 3:23:03 上午 spec.jbb.JBBmain DoARun -> 信息:   started user thread for Warehouse 5
1月 02, 2026 3:23:03 上午 spec.jbb.JBBmain DoARun -> 信息:   started user thread for Warehouse 6
1月 02, 2026 3:23:03 上午 spec.jbb.JBBmain DoARun -> 信息:   started user thread for Warehouse 7
1月 02, 2026 3:23:03 上午 spec.jbb.JBBmain DoARun -> 信息:   started user thread for Warehouse 8
1月 02, 2026 3:23:03 上午 spec.jbb.JBBmain DoARun -> 信息:   started user thread for Warehouse 9
1月 02, 2026 3:23:03 上午 spec.jbb.JBBmain DoARun -> 信息:   started user thread for Warehouse 10
1月 02, 2026 3:23:03 上午 spec.jbb.JBBmain DoARun -> 信息:   started user thread for Warehouse 11
1月 02, 2026 3:23:03 上午 spec.jbb.JBBmain DoARun -> 信息:   started user thread for Warehouse 12
1月 02, 2026 3:23:03 上午 spec.jbb.JBBmain DoARun -> 信息:   started user thread for Warehouse 13
1月 02, 2026 3:23:03 上午 spec.jbb.JBBmain DoARun -> 信息:   started user thread for Warehouse 14
1月 02, 2026 3:23:03 上午 spec.jbb.JBBmain DoARun -> 信息:   started user thread for Warehouse 15
1月 02, 2026 3:23:03 上午 spec.jbb.JBBmain DoARun -> 信息:   started user thread for Warehouse 16
1月 02, 2026 3:23:03 上午 spec.jbb.JBBmain DoARun -> 信息:   started user thread for Warehouse 17
1月 02, 2026 3:23:03 上午 spec.jbb.JBBmain DoARun -> 信息:   started user thread for Warehouse 18
1月 02, 2026 3:23:03 上午 spec.jbb.JBBmain DoARun -> 信息:   started user thread for Warehouse 19
1月 02, 2026 3:23:03 上午 spec.jbb.JBBmain DoARun -> 信息:   started user thread for Warehouse 20
1月 02, 2026 3:23:03 上午 spec.jbb.JBBmain DoARun -> 信息:   started user thread for Warehouse 21
1月 02, 2026 3:23:03 上午 spec.jbb.JBBmain DoARun -> 信息:   started user thread for Warehouse 22
1月 02, 2026 3:23:03 上午 spec.jbb.JBBmain DoARun -> 信息:   started user thread for Warehouse 23
1月 02, 2026 3:23:03 上午 spec.jbb.JBBmain DoARun -> 信息:   started user thread for Warehouse 24
1月 02, 2026 3:23:03 上午 spec.jbb.JBBmain DoARun -> 信息:   started user thread for Warehouse 25
1月 02, 2026 3:23:03 上午 spec.jbb.JBBmain DoARun -> 信息:   started user thread for Warehouse 26
1月 02, 2026 3:23:03 上午 spec.jbb.JBBmain DoARun -> 信息:   started user thread for Warehouse 27
1月 02, 2026 3:23:03 上午 spec.jbb.JBBmain DoARun -> 信息:   started user thread for Warehouse 28
1月 02, 2026 3:23:03 上午 spec.jbb.JBBmain DoARun -> 信息:   started user thread for Warehouse 29
1月 02, 2026 3:23:03 上午 spec.jbb.JBBmain DoARun -> 信息:   started user thread for Warehouse 30
1月 02, 2026 3:23:03 上午 spec.jbb.JBBmain DoARun -> 信息:   started user thread for Warehouse 31
1月 02, 2026 3:23:03 上午 spec.jbb.JBBmain DoARun -> 信息:   started user thread for Warehouse 32
1月 02, 2026 3:23:03 上午 spec.jbb.JBBmain DoARun -> 信息:   started user thread for Warehouse 33
1月 02, 2026 3:23:03 上午 spec.jbb.JBBmain DoARun -> 信息:   started user thread for Warehouse 34
1月 02, 2026 3:23:03 上午 spec.jbb.JBBmain DoARun -> 信息:   started user thread for Warehouse 35
1月 02, 2026 3:23:03 上午 spec.jbb.JBBmain DoARun -> 信息:   started user thread for Warehouse 36
1月 02, 2026 3:23:03 上午 spec.jbb.JBBmain DoARun -> 信息:   started user thread for Warehouse 37
1月 02, 2026 3:23:03 上午 spec.jbb.JBBmain DoARun -> 信息:   started user thread for Warehouse 38
1月 02, 2026 3:23:03 上午 spec.jbb.JBBmain DoARun -> 信息:   started user thread for Warehouse 39
1月 02, 2026 3:23:03 上午 spec.jbb.JBBmain DoARun -> 信息:   started user thread for Warehouse 40
1月 02, 2026 3:23:03 上午 spec.jbb.JBBmain DoARun -> 信息:   started user thread for Warehouse 41
1月 02, 2026 3:23:03 上午 spec.jbb.JBBmain DoARun -> 信息:   started user thread for Warehouse 42
1月 02, 2026 3:23:03 上午 spec.jbb.JBBmain DoARun -> 信息:   started user thread for Warehouse 43
1月 02, 2026 3:23:03 上午 spec.jbb.JBBmain DoARun -> 信息:   started user thread for Warehouse 44
1月 02, 2026 3:23:03 上午 spec.jbb.JBBmain DoARun -> 信息:   started user thread for Warehouse 45
1月 02, 2026 3:23:03 上午 spec.jbb.JBBmain DoARun -> 信息:   started user thread for Warehouse 46
1月 02, 2026 3:23:03 上午 spec.jbb.JBBmain DoARun -> 信息:   started user thread for Warehouse 47
1月 02, 2026 3:23:03 上午 spec.jbb.JBBmain DoARun -> 信息:   started user thread for Warehouse 48
1月 02, 2026 3:23:03 上午 spec.jbb.JBBmain DoARun -> 信息:   started user thread for Warehouse 49
1月 02, 2026 3:23:03 上午 spec.jbb.Company displayResultTotals -> 信息: Timing Measurement began Fri Jan 02 03:23:03 CST 2026 for 0.5 minutes
1月 02, 2026 3:23:33 上午 spec.jbb.Company displayResultTotals -> 信息: Timing Measurement ended Fri Jan 02 03:23:33 CST 2026
1月 02, 2026 3:23:33 上午 spec.jbb.Company primeWithDummyData -> 信息: Loading Warehouse 50...
1月 02, 2026 3:23:33 上午 spec.jbb.JBBmain DoARun -> 信息: Start User Threads
1月 02, 2026 3:23:33 上午 spec.jbb.JBBmain DoARun -> 信息:   started user thread for Warehouse 1
1月 02, 2026 3:23:33 上午 spec.jbb.JBBmain DoARun -> 信息:   started user thread for Warehouse 2
1月 02, 2026 3:23:33 上午 spec.jbb.JBBmain DoARun -> 信息:   started user thread for Warehouse 3
1月 02, 2026 3:23:33 上午 spec.jbb.JBBmain DoARun -> 信息:   started user thread for Warehouse 4
1月 02, 2026 3:23:33 上午 spec.jbb.JBBmain DoARun -> 信息:   started user thread for Warehouse 5
1月 02, 2026 3:23:33 上午 spec.jbb.JBBmain DoARun -> 信息:   started user thread for Warehouse 6
1月 02, 2026 3:23:33 上午 spec.jbb.JBBmain DoARun -> 信息:   started user thread for Warehouse 7
1月 02, 2026 3:23:33 上午 spec.jbb.JBBmain DoARun -> 信息:   started user thread for Warehouse 8
1月 02, 2026 3:23:33 上午 spec.jbb.JBBmain DoARun -> 信息:   started user thread for Warehouse 9
1月 02, 2026 3:23:33 上午 spec.jbb.JBBmain DoARun -> 信息:   started user thread for Warehouse 10
1月 02, 2026 3:23:33 上午 spec.jbb.JBBmain DoARun -> 信息:   started user thread for Warehouse 11
1月 02, 2026 3:23:33 上午 spec.jbb.JBBmain DoARun -> 信息:   started user thread for Warehouse 12
1月 02, 2026 3:23:33 上午 spec.jbb.JBBmain DoARun -> 信息:   started user thread for Warehouse 13
1月 02, 2026 3:23:33 上午 spec.jbb.JBBmain DoARun -> 信息:   started user thread for Warehouse 14
1月 02, 2026 3:23:33 上午 spec.jbb.JBBmain DoARun -> 信息:   started user thread for Warehouse 15
1月 02, 2026 3:23:33 上午 spec.jbb.JBBmain DoARun -> 信息:   started user thread for Warehouse 16
1月 02, 2026 3:23:33 上午 spec.jbb.JBBmain DoARun -> 信息:   started user thread for Warehouse 17
1月 02, 2026 3:23:33 上午 spec.jbb.JBBmain DoARun -> 信息:   started user thread for Warehouse 18
1月 02, 2026 3:23:33 上午 spec.jbb.JBBmain DoARun -> 信息:   started user thread for Warehouse 19
1月 02, 2026 3:23:33 上午 spec.jbb.JBBmain DoARun -> 信息:   started user thread for Warehouse 20
1月 02, 2026 3:23:33 上午 spec.jbb.JBBmain DoARun -> 信息:   started user thread for Warehouse 21
1月 02, 2026 3:23:33 上午 spec.jbb.JBBmain DoARun -> 信息:   started user thread for Warehouse 22
1月 02, 2026 3:23:33 上午 spec.jbb.JBBmain DoARun -> 信息:   started user thread for Warehouse 23
1月 02, 2026 3:23:33 上午 spec.jbb.JBBmain DoARun -> 信息:   started user thread for Warehouse 24
1月 02, 2026 3:23:33 上午 spec.jbb.JBBmain DoARun -> 信息:   started user thread for Warehouse 25
1月 02, 2026 3:23:33 上午 spec.jbb.JBBmain DoARun -> 信息:   started user thread for Warehouse 26
1月 02, 2026 3:23:33 上午 spec.jbb.JBBmain DoARun -> 信息:   started user thread for Warehouse 27
1月 02, 2026 3:23:33 上午 spec.jbb.JBBmain DoARun -> 信息:   started user thread for Warehouse 28
1月 02, 2026 3:23:33 上午 spec.jbb.JBBmain DoARun -> 信息:   started user thread for Warehouse 29
1月 02, 2026 3:23:33 上午 spec.jbb.JBBmain DoARun -> 信息:   started user thread for Warehouse 30
1月 02, 2026 3:23:33 上午 spec.jbb.JBBmain DoARun -> 信息:   started user thread for Warehouse 31
1月 02, 2026 3:23:33 上午 spec.jbb.JBBmain DoARun -> 信息:   started user thread for Warehouse 32
1月 02, 2026 3:23:33 上午 spec.jbb.JBBmain DoARun -> 信息:   started user thread for Warehouse 33
1月 02, 2026 3:23:33 上午 spec.jbb.JBBmain DoARun -> 信息:   started user thread for Warehouse 34
1月 02, 2026 3:23:33 上午 spec.jbb.JBBmain DoARun -> 信息:   started user thread for Warehouse 35
1月 02, 2026 3:23:33 上午 spec.jbb.JBBmain DoARun -> 信息:   started user thread for Warehouse 36
1月 02, 2026 3:23:33 上午 spec.jbb.JBBmain DoARun -> 信息:   started user thread for Warehouse 37
1月 02, 2026 3:23:33 上午 spec.jbb.JBBmain DoARun -> 信息:   started user thread for Warehouse 38
1月 02, 2026 3:23:33 上午 spec.jbb.JBBmain DoARun -> 信息:   started user thread for Warehouse 39
1月 02, 2026 3:23:33 上午 spec.jbb.JBBmain DoARun -> 信息:   started user thread for Warehouse 40
1月 02, 2026 3:23:33 上午 spec.jbb.JBBmain DoARun -> 信息:   started user thread for Warehouse 41
1月 02, 2026 3:23:33 上午 spec.jbb.JBBmain DoARun -> 信息:   started user thread for Warehouse 42
1月 02, 2026 3:23:33 上午 spec.jbb.JBBmain DoARun -> 信息:   started user thread for Warehouse 43
1月 02, 2026 3:23:33 上午 spec.jbb.JBBmain DoARun -> 信息:   started user thread for Warehouse 44
1月 02, 2026 3:23:33 上午 spec.jbb.JBBmain DoARun -> 信息:   started user thread for Warehouse 45
1月 02, 2026 3:23:33 上午 spec.jbb.JBBmain DoARun -> 信息:   started user thread for Warehouse 46
1月 02, 2026 3:23:33 上午 spec.jbb.JBBmain DoARun -> 信息:   started user thread for Warehouse 47
1月 02, 2026 3:23:33 上午 spec.jbb.JBBmain DoARun -> 信息:   started user thread for Warehouse 48
1月 02, 2026 3:23:33 上午 spec.jbb.JBBmain DoARun -> 信息:   started user thread for Warehouse 49
1月 02, 2026 3:23:33 上午 spec.jbb.JBBmain DoARun -> 信息:   started user thread for Warehouse 50
1月 02, 2026 3:23:33 上午 spec.jbb.Company displayResultTotals -> 信息: Timing Measurement began Fri Jan 02 03:23:33 CST 2026 for 0.5 minutes
1月 02, 2026 3:24:03 上午 spec.jbb.Company displayResultTotals -> 信息: Timing Measurement ended Fri Jan 02 03:24:03 CST 2026
1月 02, 2026 3:24:03 上午 spec.jbb.Company primeWithDummyData -> 信息: Loading Warehouse 51...
1月 02, 2026 3:24:04 上午 spec.jbb.JBBmain DoARun -> 信息: Start User Threads
1月 02, 2026 3:24:04 上午 spec.jbb.JBBmain DoARun -> 信息:   started user thread for Warehouse 1
1月 02, 2026 3:24:04 上午 spec.jbb.JBBmain DoARun -> 信息:   started user thread for Warehouse 2
1月 02, 2026 3:24:04 上午 spec.jbb.JBBmain DoARun -> 信息:   started user thread for Warehouse 3
1月 02, 2026 3:24:04 上午 spec.jbb.JBBmain DoARun -> 信息:   started user thread for Warehouse 4
1月 02, 2026 3:24:04 上午 spec.jbb.JBBmain DoARun -> 信息:   started user thread for Warehouse 5
1月 02, 2026 3:24:04 上午 spec.jbb.JBBmain DoARun -> 信息:   started user thread for Warehouse 6
1月 02, 2026 3:24:04 上午 spec.jbb.JBBmain DoARun -> 信息:   started user thread for Warehouse 7
1月 02, 2026 3:24:04 上午 spec.jbb.JBBmain DoARun -> 信息:   started user thread for Warehouse 8
1月 02, 2026 3:24:04 上午 spec.jbb.JBBmain DoARun -> 信息:   started user thread for Warehouse 9
1月 02, 2026 3:24:04 上午 spec.jbb.JBBmain DoARun -> 信息:   started user thread for Warehouse 10
1月 02, 2026 3:24:04 上午 spec.jbb.JBBmain DoARun -> 信息:   started user thread for Warehouse 11
1月 02, 2026 3:24:04 上午 spec.jbb.JBBmain DoARun -> 信息:   started user thread for Warehouse 12
1月 02, 2026 3:24:04 上午 spec.jbb.JBBmain DoARun -> 信息:   started user thread for Warehouse 13
1月 02, 2026 3:24:04 上午 spec.jbb.JBBmain DoARun -> 信息:   started user thread for Warehouse 14
1月 02, 2026 3:24:04 上午 spec.jbb.JBBmain DoARun -> 信息:   started user thread for Warehouse 15
1月 02, 2026 3:24:04 上午 spec.jbb.JBBmain DoARun -> 信息:   started user thread for Warehouse 16
1月 02, 2026 3:24:04 上午 spec.jbb.JBBmain DoARun -> 信息:   started user thread for Warehouse 17
1月 02, 2026 3:24:04 上午 spec.jbb.JBBmain DoARun -> 信息:   started user thread for Warehouse 18
1月 02, 2026 3:24:04 上午 spec.jbb.JBBmain DoARun -> 信息:   started user thread for Warehouse 19
1月 02, 2026 3:24:04 上午 spec.jbb.JBBmain DoARun -> 信息:   started user thread for Warehouse 20
1月 02, 2026 3:24:04 上午 spec.jbb.JBBmain DoARun -> 信息:   started user thread for Warehouse 21
1月 02, 2026 3:24:04 上午 spec.jbb.JBBmain DoARun -> 信息:   started user thread for Warehouse 22
1月 02, 2026 3:24:04 上午 spec.jbb.JBBmain DoARun -> 信息:   started user thread for Warehouse 23
1月 02, 2026 3:24:04 上午 spec.jbb.JBBmain DoARun -> 信息:   started user thread for Warehouse 24
1月 02, 2026 3:24:04 上午 spec.jbb.JBBmain DoARun -> 信息:   started user thread for Warehouse 25
1月 02, 2026 3:24:04 上午 spec.jbb.JBBmain DoARun -> 信息:   started user thread for Warehouse 26
1月 02, 2026 3:24:04 上午 spec.jbb.JBBmain DoARun -> 信息:   started user thread for Warehouse 27
1月 02, 2026 3:24:04 上午 spec.jbb.JBBmain DoARun -> 信息:   started user thread for Warehouse 28
1月 02, 2026 3:24:04 上午 spec.jbb.JBBmain DoARun -> 信息:   started user thread for Warehouse 29
1月 02, 2026 3:24:04 上午 spec.jbb.JBBmain DoARun -> 信息:   started user thread for Warehouse 30
1月 02, 2026 3:24:04 上午 spec.jbb.JBBmain DoARun -> 信息:   started user thread for Warehouse 31
1月 02, 2026 3:24:04 上午 spec.jbb.JBBmain DoARun -> 信息:   started user thread for Warehouse 32
1月 02, 2026 3:24:04 上午 spec.jbb.JBBmain DoARun -> 信息:   started user thread for Warehouse 33
1月 02, 2026 3:24:04 上午 spec.jbb.JBBmain DoARun -> 信息:   started user thread for Warehouse 34
1月 02, 2026 3:24:04 上午 spec.jbb.JBBmain DoARun -> 信息:   started user thread for Warehouse 35
1月 02, 2026 3:24:04 上午 spec.jbb.JBBmain DoARun -> 信息:   started user thread for Warehouse 36
1月 02, 2026 3:24:04 上午 spec.jbb.JBBmain DoARun -> 信息:   started user thread for Warehouse 37
1月 02, 2026 3:24:04 上午 spec.jbb.JBBmain DoARun -> 信息:   started user thread for Warehouse 38
1月 02, 2026 3:24:04 上午 spec.jbb.JBBmain DoARun -> 信息:   started user thread for Warehouse 39
1月 02, 2026 3:24:04 上午 spec.jbb.JBBmain DoARun -> 信息:   started user thread for Warehouse 40
1月 02, 2026 3:24:04 上午 spec.jbb.JBBmain DoARun -> 信息:   started user thread for Warehouse 41
1月 02, 2026 3:24:04 上午 spec.jbb.JBBmain DoARun -> 信息:   started user thread for Warehouse 42
1月 02, 2026 3:24:04 上午 spec.jbb.JBBmain DoARun -> 信息:   started user thread for Warehouse 43
1月 02, 2026 3:24:04 上午 spec.jbb.JBBmain DoARun -> 信息:   started user thread for Warehouse 44
1月 02, 2026 3:24:04 上午 spec.jbb.JBBmain DoARun -> 信息:   started user thread for Warehouse 45
1月 02, 2026 3:24:04 上午 spec.jbb.JBBmain DoARun -> 信息:   started user thread for Warehouse 46
1月 02, 2026 3:24:04 上午 spec.jbb.JBBmain DoARun -> 信息:   started user thread for Warehouse 47
1月 02, 2026 3:24:04 上午 spec.jbb.JBBmain DoARun -> 信息:   started user thread for Warehouse 48
1月 02, 2026 3:24:04 上午 spec.jbb.JBBmain DoARun -> 信息:   started user thread for Warehouse 49
1月 02, 2026 3:24:04 上午 spec.jbb.JBBmain DoARun -> 信息:   started user thread for Warehouse 50
1月 02, 2026 3:24:04 上午 spec.jbb.JBBmain DoARun -> 信息:   started user thread for Warehouse 51
1月 02, 2026 3:24:04 上午 spec.jbb.Company displayResultTotals -> 信息: Timing Measurement began Fri Jan 02 03:24:04 CST 2026 for 0.5 minutes
1月 02, 2026 3:24:34 上午 spec.jbb.Company displayResultTotals -> 信息: Timing Measurement ended Fri Jan 02 03:24:34 CST 2026
1月 02, 2026 3:24:34 上午 spec.jbb.Company primeWithDummyData -> 信息: Loading Warehouse 52...
1月 02, 2026 3:24:34 上午 spec.jbb.JBBmain DoARun -> 信息: Start User Threads
1月 02, 2026 3:24:34 上午 spec.jbb.JBBmain DoARun -> 信息:   started user thread for Warehouse 1
1月 02, 2026 3:24:34 上午 spec.jbb.JBBmain DoARun -> 信息:   started user thread for Warehouse 2
1月 02, 2026 3:24:34 上午 spec.jbb.JBBmain DoARun -> 信息:   started user thread for Warehouse 3
1月 02, 2026 3:24:34 上午 spec.jbb.JBBmain DoARun -> 信息:   started user thread for Warehouse 4
1月 02, 2026 3:24:34 上午 spec.jbb.JBBmain DoARun -> 信息:   started user thread for Warehouse 5
1月 02, 2026 3:24:34 上午 spec.jbb.JBBmain DoARun -> 信息:   started user thread for Warehouse 6
1月 02, 2026 3:24:34 上午 spec.jbb.JBBmain DoARun -> 信息:   started user thread for Warehouse 7
1月 02, 2026 3:24:34 上午 spec.jbb.JBBmain DoARun -> 信息:   started user thread for Warehouse 8
1月 02, 2026 3:24:34 上午 spec.jbb.JBBmain DoARun -> 信息:   started user thread for Warehouse 9
1月 02, 2026 3:24:34 上午 spec.jbb.JBBmain DoARun -> 信息:   started user thread for Warehouse 10
1月 02, 2026 3:24:34 上午 spec.jbb.JBBmain DoARun -> 信息:   started user thread for Warehouse 11
1月 02, 2026 3:24:34 上午 spec.jbb.JBBmain DoARun -> 信息:   started user thread for Warehouse 12
1月 02, 2026 3:24:34 上午 spec.jbb.JBBmain DoARun -> 信息:   started user thread for Warehouse 13
1月 02, 2026 3:24:34 上午 spec.jbb.JBBmain DoARun -> 信息:   started user thread for Warehouse 14
1月 02, 2026 3:24:34 上午 spec.jbb.JBBmain DoARun -> 信息:   started user thread for Warehouse 15
1月 02, 2026 3:24:34 上午 spec.jbb.JBBmain DoARun -> 信息:   started user thread for Warehouse 16
1月 02, 2026 3:24:34 上午 spec.jbb.JBBmain DoARun -> 信息:   started user thread for Warehouse 17
1月 02, 2026 3:24:34 上午 spec.jbb.JBBmain DoARun -> 信息:   started user thread for Warehouse 18
1月 02, 2026 3:24:34 上午 spec.jbb.JBBmain DoARun -> 信息:   started user thread for Warehouse 19
1月 02, 2026 3:24:34 上午 spec.jbb.JBBmain DoARun -> 信息:   started user thread for Warehouse 20
1月 02, 2026 3:24:34 上午 spec.jbb.JBBmain DoARun -> 信息:   started user thread for Warehouse 21
1月 02, 2026 3:24:34 上午 spec.jbb.JBBmain DoARun -> 信息:   started user thread for Warehouse 22
1月 02, 2026 3:24:34 上午 spec.jbb.JBBmain DoARun -> 信息:   started user thread for Warehouse 23
1月 02, 2026 3:24:34 上午 spec.jbb.JBBmain DoARun -> 信息:   started user thread for Warehouse 24
1月 02, 2026 3:24:34 上午 spec.jbb.JBBmain DoARun -> 信息:   started user thread for Warehouse 25
1月 02, 2026 3:24:34 上午 spec.jbb.JBBmain DoARun -> 信息:   started user thread for Warehouse 26
1月 02, 2026 3:24:34 上午 spec.jbb.JBBmain DoARun -> 信息:   started user thread for Warehouse 27
1月 02, 2026 3:24:34 上午 spec.jbb.JBBmain DoARun -> 信息:   started user thread for Warehouse 28
1月 02, 2026 3:24:34 上午 spec.jbb.JBBmain DoARun -> 信息:   started user thread for Warehouse 29
1月 02, 2026 3:24:34 上午 spec.jbb.JBBmain DoARun -> 信息:   started user thread for Warehouse 30
1月 02, 2026 3:24:34 上午 spec.jbb.JBBmain DoARun -> 信息:   started user thread for Warehouse 31
1月 02, 2026 3:24:34 上午 spec.jbb.JBBmain DoARun -> 信息:   started user thread for Warehouse 32
1月 02, 2026 3:24:34 上午 spec.jbb.JBBmain DoARun -> 信息:   started user thread for Warehouse 33
1月 02, 2026 3:24:34 上午 spec.jbb.JBBmain DoARun -> 信息:   started user thread for Warehouse 34
1月 02, 2026 3:24:34 上午 spec.jbb.JBBmain DoARun -> 信息:   started user thread for Warehouse 35
1月 02, 2026 3:24:34 上午 spec.jbb.JBBmain DoARun -> 信息:   started user thread for Warehouse 36
1月 02, 2026 3:24:34 上午 spec.jbb.JBBmain DoARun -> 信息:   started user thread for Warehouse 37
1月 02, 2026 3:24:34 上午 spec.jbb.JBBmain DoARun -> 信息:   started user thread for Warehouse 38
1月 02, 2026 3:24:34 上午 spec.jbb.JBBmain DoARun -> 信息:   started user thread for Warehouse 39
1月 02, 2026 3:24:34 上午 spec.jbb.JBBmain DoARun -> 信息:   started user thread for Warehouse 40
1月 02, 2026 3:24:34 上午 spec.jbb.JBBmain DoARun -> 信息:   started user thread for Warehouse 41
1月 02, 2026 3:24:34 上午 spec.jbb.JBBmain DoARun -> 信息:   started user thread for Warehouse 42
1月 02, 2026 3:24:34 上午 spec.jbb.JBBmain DoARun -> 信息:   started user thread for Warehouse 43
1月 02, 2026 3:24:34 上午 spec.jbb.JBBmain DoARun -> 信息:   started user thread for Warehouse 44
1月 02, 2026 3:24:34 上午 spec.jbb.JBBmain DoARun -> 信息:   started user thread for Warehouse 45
1月 02, 2026 3:24:34 上午 spec.jbb.JBBmain DoARun -> 信息:   started user thread for Warehouse 46
1月 02, 2026 3:24:34 上午 spec.jbb.JBBmain DoARun -> 信息:   started user thread for Warehouse 47
1月 02, 2026 3:24:34 上午 spec.jbb.JBBmain DoARun -> 信息:   started user thread for Warehouse 48
1月 02, 2026 3:24:34 上午 spec.jbb.JBBmain DoARun -> 信息:   started user thread for Warehouse 49
1月 02, 2026 3:24:34 上午 spec.jbb.JBBmain DoARun -> 信息:   started user thread for Warehouse 50
1月 02, 2026 3:24:34 上午 spec.jbb.JBBmain DoARun -> 信息:   started user thread for Warehouse 51
1月 02, 2026 3:24:34 上午 spec.jbb.JBBmain DoARun -> 信息:   started user thread for Warehouse 52
1月 02, 2026 3:24:34 上午 spec.jbb.Company displayResultTotals -> 信息: Timing Measurement began Fri Jan 02 03:24:34 CST 2026 for 0.5 minutes
1月 02, 2026 3:25:04 上午 spec.jbb.Company displayResultTotals -> 信息: Timing Measurement ended Fri Jan 02 03:25:04 CST 2026
1月 02, 2026 3:25:04 上午 spec.jbb.Company primeWithDummyData -> 信息: Loading Warehouse 53...
1月 02, 2026 3:25:04 上午 spec.jbb.JBBmain DoARun -> 信息: Start User Threads
1月 02, 2026 3:25:04 上午 spec.jbb.JBBmain DoARun -> 信息:   started user thread for Warehouse 1
1月 02, 2026 3:25:04 上午 spec.jbb.JBBmain DoARun -> 信息:   started user thread for Warehouse 2
1月 02, 2026 3:25:04 上午 spec.jbb.JBBmain DoARun -> 信息:   started user thread for Warehouse 3
1月 02, 2026 3:25:04 上午 spec.jbb.JBBmain DoARun -> 信息:   started user thread for Warehouse 4
1月 02, 2026 3:25:04 上午 spec.jbb.JBBmain DoARun -> 信息:   started user thread for Warehouse 5
1月 02, 2026 3:25:04 上午 spec.jbb.JBBmain DoARun -> 信息:   started user thread for Warehouse 6
1月 02, 2026 3:25:04 上午 spec.jbb.JBBmain DoARun -> 信息:   started user thread for Warehouse 7
1月 02, 2026 3:25:04 上午 spec.jbb.JBBmain DoARun -> 信息:   started user thread for Warehouse 8
1月 02, 2026 3:25:04 上午 spec.jbb.JBBmain DoARun -> 信息:   started user thread for Warehouse 9
1月 02, 2026 3:25:04 上午 spec.jbb.JBBmain DoARun -> 信息:   started user thread for Warehouse 10
1月 02, 2026 3:25:04 上午 spec.jbb.JBBmain DoARun -> 信息:   started user thread for Warehouse 11
1月 02, 2026 3:25:04 上午 spec.jbb.JBBmain DoARun -> 信息:   started user thread for Warehouse 12
1月 02, 2026 3:25:04 上午 spec.jbb.JBBmain DoARun -> 信息:   started user thread for Warehouse 13
1月 02, 2026 3:25:04 上午 spec.jbb.JBBmain DoARun -> 信息:   started user thread for Warehouse 14
1月 02, 2026 3:25:04 上午 spec.jbb.JBBmain DoARun -> 信息:   started user thread for Warehouse 15
1月 02, 2026 3:25:04 上午 spec.jbb.JBBmain DoARun -> 信息:   started user thread for Warehouse 16
1月 02, 2026 3:25:04 上午 spec.jbb.JBBmain DoARun -> 信息:   started user thread for Warehouse 17
1月 02, 2026 3:25:04 上午 spec.jbb.JBBmain DoARun -> 信息:   started user thread for Warehouse 18
1月 02, 2026 3:25:04 上午 spec.jbb.JBBmain DoARun -> 信息:   started user thread for Warehouse 19
1月 02, 2026 3:25:04 上午 spec.jbb.JBBmain DoARun -> 信息:   started user thread for Warehouse 20
1月 02, 2026 3:25:04 上午 spec.jbb.JBBmain DoARun -> 信息:   started user thread for Warehouse 21
1月 02, 2026 3:25:04 上午 spec.jbb.JBBmain DoARun -> 信息:   started user thread for Warehouse 22
1月 02, 2026 3:25:04 上午 spec.jbb.JBBmain DoARun -> 信息:   started user thread for Warehouse 23
1月 02, 2026 3:25:04 上午 spec.jbb.JBBmain DoARun -> 信息:   started user thread for Warehouse 24
1月 02, 2026 3:25:04 上午 spec.jbb.JBBmain DoARun -> 信息:   started user thread for Warehouse 25
1月 02, 2026 3:25:04 上午 spec.jbb.JBBmain DoARun -> 信息:   started user thread for Warehouse 26
1月 02, 2026 3:25:04 上午 spec.jbb.JBBmain DoARun -> 信息:   started user thread for Warehouse 27
1月 02, 2026 3:25:04 上午 spec.jbb.JBBmain DoARun -> 信息:   started user thread for Warehouse 28
1月 02, 2026 3:25:04 上午 spec.jbb.JBBmain DoARun -> 信息:   started user thread for Warehouse 29
1月 02, 2026 3:25:04 上午 spec.jbb.JBBmain DoARun -> 信息:   started user thread for Warehouse 30
1月 02, 2026 3:25:04 上午 spec.jbb.JBBmain DoARun -> 信息:   started user thread for Warehouse 31
1月 02, 2026 3:25:04 上午 spec.jbb.JBBmain DoARun -> 信息:   started user thread for Warehouse 32
1月 02, 2026 3:25:04 上午 spec.jbb.JBBmain DoARun -> 信息:   started user thread for Warehouse 33
1月 02, 2026 3:25:04 上午 spec.jbb.JBBmain DoARun -> 信息:   started user thread for Warehouse 34
1月 02, 2026 3:25:04 上午 spec.jbb.JBBmain DoARun -> 信息:   started user thread for Warehouse 35
1月 02, 2026 3:25:04 上午 spec.jbb.JBBmain DoARun -> 信息:   started user thread for Warehouse 36
1月 02, 2026 3:25:04 上午 spec.jbb.JBBmain DoARun -> 信息:   started user thread for Warehouse 37
1月 02, 2026 3:25:04 上午 spec.jbb.JBBmain DoARun -> 信息:   started user thread for Warehouse 38
1月 02, 2026 3:25:04 上午 spec.jbb.JBBmain DoARun -> 信息:   started user thread for Warehouse 39
1月 02, 2026 3:25:04 上午 spec.jbb.JBBmain DoARun -> 信息:   started user thread for Warehouse 40
1月 02, 2026 3:25:04 上午 spec.jbb.JBBmain DoARun -> 信息:   started user thread for Warehouse 41
1月 02, 2026 3:25:04 上午 spec.jbb.JBBmain DoARun -> 信息:   started user thread for Warehouse 42
1月 02, 2026 3:25:04 上午 spec.jbb.JBBmain DoARun -> 信息:   started user thread for Warehouse 43
1月 02, 2026 3:25:04 上午 spec.jbb.JBBmain DoARun -> 信息:   started user thread for Warehouse 44
1月 02, 2026 3:25:04 上午 spec.jbb.JBBmain DoARun -> 信息:   started user thread for Warehouse 45
1月 02, 2026 3:25:04 上午 spec.jbb.JBBmain DoARun -> 信息:   started user thread for Warehouse 46
1月 02, 2026 3:25:04 上午 spec.jbb.JBBmain DoARun -> 信息:   started user thread for Warehouse 47
1月 02, 2026 3:25:04 上午 spec.jbb.JBBmain DoARun -> 信息:   started user thread for Warehouse 48
1月 02, 2026 3:25:04 上午 spec.jbb.JBBmain DoARun -> 信息:   started user thread for Warehouse 49
1月 02, 2026 3:25:04 上午 spec.jbb.JBBmain DoARun -> 信息:   started user thread for Warehouse 50
1月 02, 2026 3:25:04 上午 spec.jbb.JBBmain DoARun -> 信息:   started user thread for Warehouse 51
1月 02, 2026 3:25:04 上午 spec.jbb.JBBmain DoARun -> 信息:   started user thread for Warehouse 52
1月 02, 2026 3:25:04 上午 spec.jbb.JBBmain DoARun -> 信息:   started user thread for Warehouse 53
1月 02, 2026 3:25:04 上午 spec.jbb.Company displayResultTotals -> 信息: Timing Measurement began Fri Jan 02 03:25:04 CST 2026 for 0.5 minutes
1月 02, 2026 3:25:34 上午 spec.jbb.Company displayResultTotals -> 信息: Timing Measurement ended Fri Jan 02 03:25:34 CST 2026
1月 02, 2026 3:25:34 上午 spec.jbb.Company primeWithDummyData -> 信息: Loading Warehouse 54...
1月 02, 2026 3:25:35 上午 spec.jbb.JBBmain DoARun -> 信息: Start User Threads
1月 02, 2026 3:25:35 上午 spec.jbb.JBBmain DoARun -> 信息:   started user thread for Warehouse 1
1月 02, 2026 3:25:35 上午 spec.jbb.JBBmain DoARun -> 信息:   started user thread for Warehouse 2
1月 02, 2026 3:25:35 上午 spec.jbb.JBBmain DoARun -> 信息:   started user thread for Warehouse 3
1月 02, 2026 3:25:35 上午 spec.jbb.JBBmain DoARun -> 信息:   started user thread for Warehouse 4
1月 02, 2026 3:25:35 上午 spec.jbb.JBBmain DoARun -> 信息:   started user thread for Warehouse 5
1月 02, 2026 3:25:35 上午 spec.jbb.JBBmain DoARun -> 信息:   started user thread for Warehouse 6
1月 02, 2026 3:25:35 上午 spec.jbb.JBBmain DoARun -> 信息:   started user thread for Warehouse 7
1月 02, 2026 3:25:35 上午 spec.jbb.JBBmain DoARun -> 信息:   started user thread for Warehouse 8
1月 02, 2026 3:25:35 上午 spec.jbb.JBBmain DoARun -> 信息:   started user thread for Warehouse 9
1月 02, 2026 3:25:35 上午 spec.jbb.JBBmain DoARun -> 信息:   started user thread for Warehouse 10
1月 02, 2026 3:25:35 上午 spec.jbb.JBBmain DoARun -> 信息:   started user thread for Warehouse 11
1月 02, 2026 3:25:35 上午 spec.jbb.JBBmain DoARun -> 信息:   started user thread for Warehouse 12
1月 02, 2026 3:25:35 上午 spec.jbb.JBBmain DoARun -> 信息:   started user thread for Warehouse 13
1月 02, 2026 3:25:35 上午 spec.jbb.JBBmain DoARun -> 信息:   started user thread for Warehouse 14
1月 02, 2026 3:25:35 上午 spec.jbb.JBBmain DoARun -> 信息:   started user thread for Warehouse 15
1月 02, 2026 3:25:35 上午 spec.jbb.JBBmain DoARun -> 信息:   started user thread for Warehouse 16
1月 02, 2026 3:25:35 上午 spec.jbb.JBBmain DoARun -> 信息:   started user thread for Warehouse 17
1月 02, 2026 3:25:35 上午 spec.jbb.JBBmain DoARun -> 信息:   started user thread for Warehouse 18
1月 02, 2026 3:25:35 上午 spec.jbb.JBBmain DoARun -> 信息:   started user thread for Warehouse 19
1月 02, 2026 3:25:35 上午 spec.jbb.JBBmain DoARun -> 信息:   started user thread for Warehouse 20
1月 02, 2026 3:25:35 上午 spec.jbb.JBBmain DoARun -> 信息:   started user thread for Warehouse 21
1月 02, 2026 3:25:35 上午 spec.jbb.JBBmain DoARun -> 信息:   started user thread for Warehouse 22
1月 02, 2026 3:25:35 上午 spec.jbb.JBBmain DoARun -> 信息:   started user thread for Warehouse 23
1月 02, 2026 3:25:35 上午 spec.jbb.JBBmain DoARun -> 信息:   started user thread for Warehouse 24
1月 02, 2026 3:25:35 上午 spec.jbb.JBBmain DoARun -> 信息:   started user thread for Warehouse 25
1月 02, 2026 3:25:35 上午 spec.jbb.JBBmain DoARun -> 信息:   started user thread for Warehouse 26
1月 02, 2026 3:25:35 上午 spec.jbb.JBBmain DoARun -> 信息:   started user thread for Warehouse 27
1月 02, 2026 3:25:35 上午 spec.jbb.JBBmain DoARun -> 信息:   started user thread for Warehouse 28
1月 02, 2026 3:25:35 上午 spec.jbb.JBBmain DoARun -> 信息:   started user thread for Warehouse 29
1月 02, 2026 3:25:35 上午 spec.jbb.JBBmain DoARun -> 信息:   started user thread for Warehouse 30
1月 02, 2026 3:25:35 上午 spec.jbb.JBBmain DoARun -> 信息:   started user thread for Warehouse 31
1月 02, 2026 3:25:35 上午 spec.jbb.JBBmain DoARun -> 信息:   started user thread for Warehouse 32
1月 02, 2026 3:25:35 上午 spec.jbb.JBBmain DoARun -> 信息:   started user thread for Warehouse 33
1月 02, 2026 3:25:35 上午 spec.jbb.JBBmain DoARun -> 信息:   started user thread for Warehouse 34
1月 02, 2026 3:25:35 上午 spec.jbb.JBBmain DoARun -> 信息:   started user thread for Warehouse 35
1月 02, 2026 3:25:35 上午 spec.jbb.JBBmain DoARun -> 信息:   started user thread for Warehouse 36
1月 02, 2026 3:25:35 上午 spec.jbb.JBBmain DoARun -> 信息:   started user thread for Warehouse 37
1月 02, 2026 3:25:35 上午 spec.jbb.JBBmain DoARun -> 信息:   started user thread for Warehouse 38
1月 02, 2026 3:25:35 上午 spec.jbb.JBBmain DoARun -> 信息:   started user thread for Warehouse 39
1月 02, 2026 3:25:35 上午 spec.jbb.JBBmain DoARun -> 信息:   started user thread for Warehouse 40
1月 02, 2026 3:25:35 上午 spec.jbb.JBBmain DoARun -> 信息:   started user thread for Warehouse 41
1月 02, 2026 3:25:35 上午 spec.jbb.JBBmain DoARun -> 信息:   started user thread for Warehouse 42
1月 02, 2026 3:25:35 上午 spec.jbb.JBBmain DoARun -> 信息:   started user thread for Warehouse 43
1月 02, 2026 3:25:35 上午 spec.jbb.JBBmain DoARun -> 信息:   started user thread for Warehouse 44
1月 02, 2026 3:25:35 上午 spec.jbb.JBBmain DoARun -> 信息:   started user thread for Warehouse 45
1月 02, 2026 3:25:35 上午 spec.jbb.JBBmain DoARun -> 信息:   started user thread for Warehouse 46
1月 02, 2026 3:25:35 上午 spec.jbb.JBBmain DoARun -> 信息:   started user thread for Warehouse 47
1月 02, 2026 3:25:35 上午 spec.jbb.JBBmain DoARun -> 信息:   started user thread for Warehouse 48
1月 02, 2026 3:25:35 上午 spec.jbb.JBBmain DoARun -> 信息:   started user thread for Warehouse 49
1月 02, 2026 3:25:35 上午 spec.jbb.JBBmain DoARun -> 信息:   started user thread for Warehouse 50
1月 02, 2026 3:25:35 上午 spec.jbb.JBBmain DoARun -> 信息:   started user thread for Warehouse 51
1月 02, 2026 3:25:35 上午 spec.jbb.JBBmain DoARun -> 信息:   started user thread for Warehouse 52
1月 02, 2026 3:25:35 上午 spec.jbb.JBBmain DoARun -> 信息:   started user thread for Warehouse 53
1月 02, 2026 3:25:35 上午 spec.jbb.JBBmain DoARun -> 信息:   started user thread for Warehouse 54
1月 02, 2026 3:25:35 上午 spec.jbb.Company displayResultTotals -> 信息: Timing Measurement began Fri Jan 02 03:25:35 CST 2026 for 0.5 minutes
1月 02, 2026 3:26:05 上午 spec.jbb.Company displayResultTotals -> 信息: Timing Measurement ended Fri Jan 02 03:26:05 CST 2026
1月 02, 2026 3:26:05 上午 spec.jbb.Company primeWithDummyData -> 信息: Loading Warehouse 55...
1月 02, 2026 3:26:05 上午 spec.jbb.JBBmain DoARun -> 信息: Start User Threads
1月 02, 2026 3:26:05 上午 spec.jbb.JBBmain DoARun -> 信息:   started user thread for Warehouse 1
1月 02, 2026 3:26:05 上午 spec.jbb.JBBmain DoARun -> 信息:   started user thread for Warehouse 2
1月 02, 2026 3:26:05 上午 spec.jbb.JBBmain DoARun -> 信息:   started user thread for Warehouse 3
1月 02, 2026 3:26:05 上午 spec.jbb.JBBmain DoARun -> 信息:   started user thread for Warehouse 4
1月 02, 2026 3:26:05 上午 spec.jbb.JBBmain DoARun -> 信息:   started user thread for Warehouse 5
1月 02, 2026 3:26:05 上午 spec.jbb.JBBmain DoARun -> 信息:   started user thread for Warehouse 6
1月 02, 2026 3:26:05 上午 spec.jbb.JBBmain DoARun -> 信息:   started user thread for Warehouse 7
1月 02, 2026 3:26:05 上午 spec.jbb.JBBmain DoARun -> 信息:   started user thread for Warehouse 8
1月 02, 2026 3:26:05 上午 spec.jbb.JBBmain DoARun -> 信息:   started user thread for Warehouse 9
1月 02, 2026 3:26:05 上午 spec.jbb.JBBmain DoARun -> 信息:   started user thread for Warehouse 10
1月 02, 2026 3:26:05 上午 spec.jbb.JBBmain DoARun -> 信息:   started user thread for Warehouse 11
1月 02, 2026 3:26:05 上午 spec.jbb.JBBmain DoARun -> 信息:   started user thread for Warehouse 12
1月 02, 2026 3:26:05 上午 spec.jbb.JBBmain DoARun -> 信息:   started user thread for Warehouse 13
1月 02, 2026 3:26:05 上午 spec.jbb.JBBmain DoARun -> 信息:   started user thread for Warehouse 14
1月 02, 2026 3:26:05 上午 spec.jbb.JBBmain DoARun -> 信息:   started user thread for Warehouse 15
1月 02, 2026 3:26:05 上午 spec.jbb.JBBmain DoARun -> 信息:   started user thread for Warehouse 16
1月 02, 2026 3:26:05 上午 spec.jbb.JBBmain DoARun -> 信息:   started user thread for Warehouse 17
1月 02, 2026 3:26:05 上午 spec.jbb.JBBmain DoARun -> 信息:   started user thread for Warehouse 18
1月 02, 2026 3:26:05 上午 spec.jbb.JBBmain DoARun -> 信息:   started user thread for Warehouse 19
1月 02, 2026 3:26:05 上午 spec.jbb.JBBmain DoARun -> 信息:   started user thread for Warehouse 20
1月 02, 2026 3:26:05 上午 spec.jbb.JBBmain DoARun -> 信息:   started user thread for Warehouse 21
1月 02, 2026 3:26:05 上午 spec.jbb.JBBmain DoARun -> 信息:   started user thread for Warehouse 22
1月 02, 2026 3:26:05 上午 spec.jbb.JBBmain DoARun -> 信息:   started user thread for Warehouse 23
1月 02, 2026 3:26:05 上午 spec.jbb.JBBmain DoARun -> 信息:   started user thread for Warehouse 24
1月 02, 2026 3:26:05 上午 spec.jbb.JBBmain DoARun -> 信息:   started user thread for Warehouse 25
1月 02, 2026 3:26:05 上午 spec.jbb.JBBmain DoARun -> 信息:   started user thread for Warehouse 26
1月 02, 2026 3:26:05 上午 spec.jbb.JBBmain DoARun -> 信息:   started user thread for Warehouse 27
1月 02, 2026 3:26:05 上午 spec.jbb.JBBmain DoARun -> 信息:   started user thread for Warehouse 28
1月 02, 2026 3:26:05 上午 spec.jbb.JBBmain DoARun -> 信息:   started user thread for Warehouse 29
1月 02, 2026 3:26:05 上午 spec.jbb.JBBmain DoARun -> 信息:   started user thread for Warehouse 30
1月 02, 2026 3:26:05 上午 spec.jbb.JBBmain DoARun -> 信息:   started user thread for Warehouse 31
1月 02, 2026 3:26:05 上午 spec.jbb.JBBmain DoARun -> 信息:   started user thread for Warehouse 32
1月 02, 2026 3:26:05 上午 spec.jbb.JBBmain DoARun -> 信息:   started user thread for Warehouse 33
1月 02, 2026 3:26:05 上午 spec.jbb.JBBmain DoARun -> 信息:   started user thread for Warehouse 34
1月 02, 2026 3:26:05 上午 spec.jbb.JBBmain DoARun -> 信息:   started user thread for Warehouse 35
1月 02, 2026 3:26:05 上午 spec.jbb.JBBmain DoARun -> 信息:   started user thread for Warehouse 36
1月 02, 2026 3:26:05 上午 spec.jbb.JBBmain DoARun -> 信息:   started user thread for Warehouse 37
1月 02, 2026 3:26:05 上午 spec.jbb.JBBmain DoARun -> 信息:   started user thread for Warehouse 38
1月 02, 2026 3:26:05 上午 spec.jbb.JBBmain DoARun -> 信息:   started user thread for Warehouse 39
1月 02, 2026 3:26:05 上午 spec.jbb.JBBmain DoARun -> 信息:   started user thread for Warehouse 40
1月 02, 2026 3:26:05 上午 spec.jbb.JBBmain DoARun -> 信息:   started user thread for Warehouse 41
1月 02, 2026 3:26:05 上午 spec.jbb.JBBmain DoARun -> 信息:   started user thread for Warehouse 42
1月 02, 2026 3:26:05 上午 spec.jbb.JBBmain DoARun -> 信息:   started user thread for Warehouse 43
1月 02, 2026 3:26:05 上午 spec.jbb.JBBmain DoARun -> 信息:   started user thread for Warehouse 44
1月 02, 2026 3:26:05 上午 spec.jbb.JBBmain DoARun -> 信息:   started user thread for Warehouse 45
1月 02, 2026 3:26:05 上午 spec.jbb.JBBmain DoARun -> 信息:   started user thread for Warehouse 46
1月 02, 2026 3:26:05 上午 spec.jbb.JBBmain DoARun -> 信息:   started user thread for Warehouse 47
1月 02, 2026 3:26:05 上午 spec.jbb.JBBmain DoARun -> 信息:   started user thread for Warehouse 48
1月 02, 2026 3:26:05 上午 spec.jbb.JBBmain DoARun -> 信息:   started user thread for Warehouse 49
1月 02, 2026 3:26:05 上午 spec.jbb.JBBmain DoARun -> 信息:   started user thread for Warehouse 50
1月 02, 2026 3:26:05 上午 spec.jbb.JBBmain DoARun -> 信息:   started user thread for Warehouse 51
1月 02, 2026 3:26:05 上午 spec.jbb.JBBmain DoARun -> 信息:   started user thread for Warehouse 52
1月 02, 2026 3:26:05 上午 spec.jbb.JBBmain DoARun -> 信息:   started user thread for Warehouse 53
1月 02, 2026 3:26:05 上午 spec.jbb.JBBmain DoARun -> 信息:   started user thread for Warehouse 54
1月 02, 2026 3:26:05 上午 spec.jbb.JBBmain DoARun -> 信息:   started user thread for Warehouse 55
1月 02, 2026 3:26:05 上午 spec.jbb.Company displayResultTotals -> 信息: Timing Measurement began Fri Jan 02 03:26:05 CST 2026 for 0.5 minutes
1月 02, 2026 3:26:35 上午 spec.jbb.Company displayResultTotals -> 信息: Timing Measurement ended Fri Jan 02 03:26:35 CST 2026
1月 02, 2026 3:26:35 上午 spec.jbb.Company primeWithDummyData -> 信息: Loading Warehouse 56...
1月 02, 2026 3:26:35 上午 spec.jbb.JBBmain DoARun -> 信息: Start User Threads
1月 02, 2026 3:26:35 上午 spec.jbb.JBBmain DoARun -> 信息:   started user thread for Warehouse 1
1月 02, 2026 3:26:35 上午 spec.jbb.JBBmain DoARun -> 信息:   started user thread for Warehouse 2
1月 02, 2026 3:26:35 上午 spec.jbb.JBBmain DoARun -> 信息:   started user thread for Warehouse 3
1月 02, 2026 3:26:35 上午 spec.jbb.JBBmain DoARun -> 信息:   started user thread for Warehouse 4
1月 02, 2026 3:26:35 上午 spec.jbb.JBBmain DoARun -> 信息:   started user thread for Warehouse 5
1月 02, 2026 3:26:35 上午 spec.jbb.JBBmain DoARun -> 信息:   started user thread for Warehouse 6
1月 02, 2026 3:26:35 上午 spec.jbb.JBBmain DoARun -> 信息:   started user thread for Warehouse 7
1月 02, 2026 3:26:35 上午 spec.jbb.JBBmain DoARun -> 信息:   started user thread for Warehouse 8
1月 02, 2026 3:26:35 上午 spec.jbb.JBBmain DoARun -> 信息:   started user thread for Warehouse 9
1月 02, 2026 3:26:35 上午 spec.jbb.JBBmain DoARun -> 信息:   started user thread for Warehouse 10
1月 02, 2026 3:26:35 上午 spec.jbb.JBBmain DoARun -> 信息:   started user thread for Warehouse 11
1月 02, 2026 3:26:35 上午 spec.jbb.JBBmain DoARun -> 信息:   started user thread for Warehouse 12
1月 02, 2026 3:26:35 上午 spec.jbb.JBBmain DoARun -> 信息:   started user thread for Warehouse 13
1月 02, 2026 3:26:35 上午 spec.jbb.JBBmain DoARun -> 信息:   started user thread for Warehouse 14
1月 02, 2026 3:26:35 上午 spec.jbb.JBBmain DoARun -> 信息:   started user thread for Warehouse 15
1月 02, 2026 3:26:35 上午 spec.jbb.JBBmain DoARun -> 信息:   started user thread for Warehouse 16
1月 02, 2026 3:26:35 上午 spec.jbb.JBBmain DoARun -> 信息:   started user thread for Warehouse 17
1月 02, 2026 3:26:35 上午 spec.jbb.JBBmain DoARun -> 信息:   started user thread for Warehouse 18
1月 02, 2026 3:26:35 上午 spec.jbb.JBBmain DoARun -> 信息:   started user thread for Warehouse 19
1月 02, 2026 3:26:35 上午 spec.jbb.JBBmain DoARun -> 信息:   started user thread for Warehouse 20
1月 02, 2026 3:26:35 上午 spec.jbb.JBBmain DoARun -> 信息:   started user thread for Warehouse 21
1月 02, 2026 3:26:35 上午 spec.jbb.JBBmain DoARun -> 信息:   started user thread for Warehouse 22
1月 02, 2026 3:26:35 上午 spec.jbb.JBBmain DoARun -> 信息:   started user thread for Warehouse 23
1月 02, 2026 3:26:35 上午 spec.jbb.JBBmain DoARun -> 信息:   started user thread for Warehouse 24
1月 02, 2026 3:26:35 上午 spec.jbb.JBBmain DoARun -> 信息:   started user thread for Warehouse 25
1月 02, 2026 3:26:35 上午 spec.jbb.JBBmain DoARun -> 信息:   started user thread for Warehouse 26
1月 02, 2026 3:26:35 上午 spec.jbb.JBBmain DoARun -> 信息:   started user thread for Warehouse 27
1月 02, 2026 3:26:35 上午 spec.jbb.JBBmain DoARun -> 信息:   started user thread for Warehouse 28
1月 02, 2026 3:26:35 上午 spec.jbb.JBBmain DoARun -> 信息:   started user thread for Warehouse 29
1月 02, 2026 3:26:35 上午 spec.jbb.JBBmain DoARun -> 信息:   started user thread for Warehouse 30
1月 02, 2026 3:26:35 上午 spec.jbb.JBBmain DoARun -> 信息:   started user thread for Warehouse 31
1月 02, 2026 3:26:35 上午 spec.jbb.JBBmain DoARun -> 信息:   started user thread for Warehouse 32
1月 02, 2026 3:26:35 上午 spec.jbb.JBBmain DoARun -> 信息:   started user thread for Warehouse 33
1月 02, 2026 3:26:35 上午 spec.jbb.JBBmain DoARun -> 信息:   started user thread for Warehouse 34
1月 02, 2026 3:26:35 上午 spec.jbb.JBBmain DoARun -> 信息:   started user thread for Warehouse 35
1月 02, 2026 3:26:35 上午 spec.jbb.JBBmain DoARun -> 信息:   started user thread for Warehouse 36
1月 02, 2026 3:26:35 上午 spec.jbb.JBBmain DoARun -> 信息:   started user thread for Warehouse 37
1月 02, 2026 3:26:35 上午 spec.jbb.JBBmain DoARun -> 信息:   started user thread for Warehouse 38
1月 02, 2026 3:26:35 上午 spec.jbb.JBBmain DoARun -> 信息:   started user thread for Warehouse 39
1月 02, 2026 3:26:35 上午 spec.jbb.JBBmain DoARun -> 信息:   started user thread for Warehouse 40
1月 02, 2026 3:26:35 上午 spec.jbb.JBBmain DoARun -> 信息:   started user thread for Warehouse 41
1月 02, 2026 3:26:35 上午 spec.jbb.JBBmain DoARun -> 信息:   started user thread for Warehouse 42
1月 02, 2026 3:26:35 上午 spec.jbb.JBBmain DoARun -> 信息:   started user thread for Warehouse 43
1月 02, 2026 3:26:35 上午 spec.jbb.JBBmain DoARun -> 信息:   started user thread for Warehouse 44
1月 02, 2026 3:26:35 上午 spec.jbb.JBBmain DoARun -> 信息:   started user thread for Warehouse 45
1月 02, 2026 3:26:35 上午 spec.jbb.JBBmain DoARun -> 信息:   started user thread for Warehouse 46
1月 02, 2026 3:26:35 上午 spec.jbb.JBBmain DoARun -> 信息:   started user thread for Warehouse 47
1月 02, 2026 3:26:35 上午 spec.jbb.JBBmain DoARun -> 信息:   started user thread for Warehouse 48
1月 02, 2026 3:26:35 上午 spec.jbb.JBBmain DoARun -> 信息:   started user thread for Warehouse 49
1月 02, 2026 3:26:35 上午 spec.jbb.JBBmain DoARun -> 信息:   started user thread for Warehouse 50
1月 02, 2026 3:26:35 上午 spec.jbb.JBBmain DoARun -> 信息:   started user thread for Warehouse 51
1月 02, 2026 3:26:35 上午 spec.jbb.JBBmain DoARun -> 信息:   started user thread for Warehouse 52
1月 02, 2026 3:26:35 上午 spec.jbb.JBBmain DoARun -> 信息:   started user thread for Warehouse 53
1月 02, 2026 3:26:35 上午 spec.jbb.JBBmain DoARun -> 信息:   started user thread for Warehouse 54
1月 02, 2026 3:26:35 上午 spec.jbb.JBBmain DoARun -> 信息:   started user thread for Warehouse 55
1月 02, 2026 3:26:35 上午 spec.jbb.JBBmain DoARun -> 信息:   started user thread for Warehouse 56
1月 02, 2026 3:26:35 上午 spec.jbb.Company displayResultTotals -> 信息: Timing Measurement began Fri Jan 02 03:26:35 CST 2026 for 0.5 minutes
1月 02, 2026 3:27:05 上午 spec.jbb.Company displayResultTotals -> 信息: Timing Measurement ended Fri Jan 02 03:27:05 CST 2026
1月 02, 2026 3:27:05 上午 spec.jbb.Company primeWithDummyData -> 信息: Loading Warehouse 57...
1月 02, 2026 3:27:05 上午 spec.jbb.JBBmain DoARun -> 信息: Start User Threads
1月 02, 2026 3:27:05 上午 spec.jbb.JBBmain DoARun -> 信息:   started user thread for Warehouse 1
1月 02, 2026 3:27:05 上午 spec.jbb.JBBmain DoARun -> 信息:   started user thread for Warehouse 2
1月 02, 2026 3:27:05 上午 spec.jbb.JBBmain DoARun -> 信息:   started user thread for Warehouse 3
1月 02, 2026 3:27:05 上午 spec.jbb.JBBmain DoARun -> 信息:   started user thread for Warehouse 4
1月 02, 2026 3:27:05 上午 spec.jbb.JBBmain DoARun -> 信息:   started user thread for Warehouse 5
1月 02, 2026 3:27:05 上午 spec.jbb.JBBmain DoARun -> 信息:   started user thread for Warehouse 6
1月 02, 2026 3:27:05 上午 spec.jbb.JBBmain DoARun -> 信息:   started user thread for Warehouse 7
1月 02, 2026 3:27:05 上午 spec.jbb.JBBmain DoARun -> 信息:   started user thread for Warehouse 8
1月 02, 2026 3:27:05 上午 spec.jbb.JBBmain DoARun -> 信息:   started user thread for Warehouse 9
1月 02, 2026 3:27:05 上午 spec.jbb.JBBmain DoARun -> 信息:   started user thread for Warehouse 10
1月 02, 2026 3:27:05 上午 spec.jbb.JBBmain DoARun -> 信息:   started user thread for Warehouse 11
1月 02, 2026 3:27:05 上午 spec.jbb.JBBmain DoARun -> 信息:   started user thread for Warehouse 12
1月 02, 2026 3:27:05 上午 spec.jbb.JBBmain DoARun -> 信息:   started user thread for Warehouse 13
1月 02, 2026 3:27:05 上午 spec.jbb.JBBmain DoARun -> 信息:   started user thread for Warehouse 14
1月 02, 2026 3:27:05 上午 spec.jbb.JBBmain DoARun -> 信息:   started user thread for Warehouse 15
1月 02, 2026 3:27:05 上午 spec.jbb.JBBmain DoARun -> 信息:   started user thread for Warehouse 16
1月 02, 2026 3:27:05 上午 spec.jbb.JBBmain DoARun -> 信息:   started user thread for Warehouse 17
1月 02, 2026 3:27:05 上午 spec.jbb.JBBmain DoARun -> 信息:   started user thread for Warehouse 18
1月 02, 2026 3:27:05 上午 spec.jbb.JBBmain DoARun -> 信息:   started user thread for Warehouse 19
1月 02, 2026 3:27:05 上午 spec.jbb.JBBmain DoARun -> 信息:   started user thread for Warehouse 20
1月 02, 2026 3:27:05 上午 spec.jbb.JBBmain DoARun -> 信息:   started user thread for Warehouse 21
1月 02, 2026 3:27:05 上午 spec.jbb.JBBmain DoARun -> 信息:   started user thread for Warehouse 22
1月 02, 2026 3:27:05 上午 spec.jbb.JBBmain DoARun -> 信息:   started user thread for Warehouse 23
1月 02, 2026 3:27:05 上午 spec.jbb.JBBmain DoARun -> 信息:   started user thread for Warehouse 24
1月 02, 2026 3:27:05 上午 spec.jbb.JBBmain DoARun -> 信息:   started user thread for Warehouse 25
1月 02, 2026 3:27:05 上午 spec.jbb.JBBmain DoARun -> 信息:   started user thread for Warehouse 26
1月 02, 2026 3:27:05 上午 spec.jbb.JBBmain DoARun -> 信息:   started user thread for Warehouse 27
1月 02, 2026 3:27:05 上午 spec.jbb.JBBmain DoARun -> 信息:   started user thread for Warehouse 28
1月 02, 2026 3:27:05 上午 spec.jbb.JBBmain DoARun -> 信息:   started user thread for Warehouse 29
1月 02, 2026 3:27:05 上午 spec.jbb.JBBmain DoARun -> 信息:   started user thread for Warehouse 30
1月 02, 2026 3:27:05 上午 spec.jbb.JBBmain DoARun -> 信息:   started user thread for Warehouse 31
1月 02, 2026 3:27:05 上午 spec.jbb.JBBmain DoARun -> 信息:   started user thread for Warehouse 32
1月 02, 2026 3:27:05 上午 spec.jbb.JBBmain DoARun -> 信息:   started user thread for Warehouse 33
1月 02, 2026 3:27:05 上午 spec.jbb.JBBmain DoARun -> 信息:   started user thread for Warehouse 34
1月 02, 2026 3:27:05 上午 spec.jbb.JBBmain DoARun -> 信息:   started user thread for Warehouse 35
1月 02, 2026 3:27:05 上午 spec.jbb.JBBmain DoARun -> 信息:   started user thread for Warehouse 36
1月 02, 2026 3:27:05 上午 spec.jbb.JBBmain DoARun -> 信息:   started user thread for Warehouse 37
1月 02, 2026 3:27:05 上午 spec.jbb.JBBmain DoARun -> 信息:   started user thread for Warehouse 38
1月 02, 2026 3:27:05 上午 spec.jbb.JBBmain DoARun -> 信息:   started user thread for Warehouse 39
1月 02, 2026 3:27:05 上午 spec.jbb.JBBmain DoARun -> 信息:   started user thread for Warehouse 40
1月 02, 2026 3:27:05 上午 spec.jbb.JBBmain DoARun -> 信息:   started user thread for Warehouse 41
1月 02, 2026 3:27:05 上午 spec.jbb.JBBmain DoARun -> 信息:   started user thread for Warehouse 42
1月 02, 2026 3:27:05 上午 spec.jbb.JBBmain DoARun -> 信息:   started user thread for Warehouse 43
1月 02, 2026 3:27:05 上午 spec.jbb.JBBmain DoARun -> 信息:   started user thread for Warehouse 44
1月 02, 2026 3:27:05 上午 spec.jbb.JBBmain DoARun -> 信息:   started user thread for Warehouse 45
1月 02, 2026 3:27:05 上午 spec.jbb.JBBmain DoARun -> 信息:   started user thread for Warehouse 46
1月 02, 2026 3:27:05 上午 spec.jbb.JBBmain DoARun -> 信息:   started user thread for Warehouse 47
1月 02, 2026 3:27:05 上午 spec.jbb.JBBmain DoARun -> 信息:   started user thread for Warehouse 48
1月 02, 2026 3:27:05 上午 spec.jbb.JBBmain DoARun -> 信息:   started user thread for Warehouse 49
1月 02, 2026 3:27:05 上午 spec.jbb.JBBmain DoARun -> 信息:   started user thread for Warehouse 50
1月 02, 2026 3:27:05 上午 spec.jbb.JBBmain DoARun -> 信息:   started user thread for Warehouse 51
1月 02, 2026 3:27:05 上午 spec.jbb.JBBmain DoARun -> 信息:   started user thread for Warehouse 52
1月 02, 2026 3:27:05 上午 spec.jbb.JBBmain DoARun -> 信息:   started user thread for Warehouse 53
1月 02, 2026 3:27:05 上午 spec.jbb.JBBmain DoARun -> 信息:   started user thread for Warehouse 54
1月 02, 2026 3:27:05 上午 spec.jbb.JBBmain DoARun -> 信息:   started user thread for Warehouse 55
1月 02, 2026 3:27:05 上午 spec.jbb.JBBmain DoARun -> 信息:   started user thread for Warehouse 56
1月 02, 2026 3:27:05 上午 spec.jbb.JBBmain DoARun -> 信息:   started user thread for Warehouse 57
1月 02, 2026 3:27:05 上午 spec.jbb.Company displayResultTotals -> 信息: Timing Measurement began Fri Jan 02 03:27:05 CST 2026 for 0.5 minutes
1月 02, 2026 3:27:35 上午 spec.jbb.Company displayResultTotals -> 信息: Timing Measurement ended Fri Jan 02 03:27:35 CST 2026
1月 02, 2026 3:27:36 上午 spec.jbb.Company primeWithDummyData -> 信息: Loading Warehouse 58...
1月 02, 2026 3:27:36 上午 spec.jbb.JBBmain DoARun -> 信息: Start User Threads
1月 02, 2026 3:27:36 上午 spec.jbb.JBBmain DoARun -> 信息:   started user thread for Warehouse 1
1月 02, 2026 3:27:36 上午 spec.jbb.JBBmain DoARun -> 信息:   started user thread for Warehouse 2
1月 02, 2026 3:27:36 上午 spec.jbb.JBBmain DoARun -> 信息:   started user thread for Warehouse 3
1月 02, 2026 3:27:36 上午 spec.jbb.JBBmain DoARun -> 信息:   started user thread for Warehouse 4
1月 02, 2026 3:27:36 上午 spec.jbb.JBBmain DoARun -> 信息:   started user thread for Warehouse 5
1月 02, 2026 3:27:36 上午 spec.jbb.JBBmain DoARun -> 信息:   started user thread for Warehouse 6
1月 02, 2026 3:27:36 上午 spec.jbb.JBBmain DoARun -> 信息:   started user thread for Warehouse 7
1月 02, 2026 3:27:36 上午 spec.jbb.JBBmain DoARun -> 信息:   started user thread for Warehouse 8
1月 02, 2026 3:27:36 上午 spec.jbb.JBBmain DoARun -> 信息:   started user thread for Warehouse 9
1月 02, 2026 3:27:36 上午 spec.jbb.JBBmain DoARun -> 信息:   started user thread for Warehouse 10
1月 02, 2026 3:27:36 上午 spec.jbb.JBBmain DoARun -> 信息:   started user thread for Warehouse 11
1月 02, 2026 3:27:36 上午 spec.jbb.JBBmain DoARun -> 信息:   started user thread for Warehouse 12
1月 02, 2026 3:27:36 上午 spec.jbb.JBBmain DoARun -> 信息:   started user thread for Warehouse 13
1月 02, 2026 3:27:36 上午 spec.jbb.JBBmain DoARun -> 信息:   started user thread for Warehouse 14
1月 02, 2026 3:27:36 上午 spec.jbb.JBBmain DoARun -> 信息:   started user thread for Warehouse 15
1月 02, 2026 3:27:36 上午 spec.jbb.JBBmain DoARun -> 信息:   started user thread for Warehouse 16
1月 02, 2026 3:27:36 上午 spec.jbb.JBBmain DoARun -> 信息:   started user thread for Warehouse 17
1月 02, 2026 3:27:36 上午 spec.jbb.JBBmain DoARun -> 信息:   started user thread for Warehouse 18
1月 02, 2026 3:27:36 上午 spec.jbb.JBBmain DoARun -> 信息:   started user thread for Warehouse 19
1月 02, 2026 3:27:36 上午 spec.jbb.JBBmain DoARun -> 信息:   started user thread for Warehouse 20
1月 02, 2026 3:27:36 上午 spec.jbb.JBBmain DoARun -> 信息:   started user thread for Warehouse 21
1月 02, 2026 3:27:36 上午 spec.jbb.JBBmain DoARun -> 信息:   started user thread for Warehouse 22
1月 02, 2026 3:27:36 上午 spec.jbb.JBBmain DoARun -> 信息:   started user thread for Warehouse 23
1月 02, 2026 3:27:36 上午 spec.jbb.JBBmain DoARun -> 信息:   started user thread for Warehouse 24
1月 02, 2026 3:27:36 上午 spec.jbb.JBBmain DoARun -> 信息:   started user thread for Warehouse 25
1月 02, 2026 3:27:36 上午 spec.jbb.JBBmain DoARun -> 信息:   started user thread for Warehouse 26
1月 02, 2026 3:27:36 上午 spec.jbb.JBBmain DoARun -> 信息:   started user thread for Warehouse 27
1月 02, 2026 3:27:36 上午 spec.jbb.JBBmain DoARun -> 信息:   started user thread for Warehouse 28
1月 02, 2026 3:27:36 上午 spec.jbb.JBBmain DoARun -> 信息:   started user thread for Warehouse 29
1月 02, 2026 3:27:36 上午 spec.jbb.JBBmain DoARun -> 信息:   started user thread for Warehouse 30
1月 02, 2026 3:27:36 上午 spec.jbb.JBBmain DoARun -> 信息:   started user thread for Warehouse 31
1月 02, 2026 3:27:36 上午 spec.jbb.JBBmain DoARun -> 信息:   started user thread for Warehouse 32
1月 02, 2026 3:27:36 上午 spec.jbb.JBBmain DoARun -> 信息:   started user thread for Warehouse 33
1月 02, 2026 3:27:36 上午 spec.jbb.JBBmain DoARun -> 信息:   started user thread for Warehouse 34
1月 02, 2026 3:27:36 上午 spec.jbb.JBBmain DoARun -> 信息:   started user thread for Warehouse 35
1月 02, 2026 3:27:36 上午 spec.jbb.JBBmain DoARun -> 信息:   started user thread for Warehouse 36
1月 02, 2026 3:27:36 上午 spec.jbb.JBBmain DoARun -> 信息:   started user thread for Warehouse 37
1月 02, 2026 3:27:36 上午 spec.jbb.JBBmain DoARun -> 信息:   started user thread for Warehouse 38
1月 02, 2026 3:27:36 上午 spec.jbb.JBBmain DoARun -> 信息:   started user thread for Warehouse 39
1月 02, 2026 3:27:36 上午 spec.jbb.JBBmain DoARun -> 信息:   started user thread for Warehouse 40
1月 02, 2026 3:27:36 上午 spec.jbb.JBBmain DoARun -> 信息:   started user thread for Warehouse 41
1月 02, 2026 3:27:36 上午 spec.jbb.JBBmain DoARun -> 信息:   started user thread for Warehouse 42
1月 02, 2026 3:27:36 上午 spec.jbb.JBBmain DoARun -> 信息:   started user thread for Warehouse 43
1月 02, 2026 3:27:36 上午 spec.jbb.JBBmain DoARun -> 信息:   started user thread for Warehouse 44
1月 02, 2026 3:27:36 上午 spec.jbb.JBBmain DoARun -> 信息:   started user thread for Warehouse 45
1月 02, 2026 3:27:36 上午 spec.jbb.JBBmain DoARun -> 信息:   started user thread for Warehouse 46
1月 02, 2026 3:27:36 上午 spec.jbb.JBBmain DoARun -> 信息:   started user thread for Warehouse 47
1月 02, 2026 3:27:36 上午 spec.jbb.JBBmain DoARun -> 信息:   started user thread for Warehouse 48
1月 02, 2026 3:27:36 上午 spec.jbb.JBBmain DoARun -> 信息:   started user thread for Warehouse 49
1月 02, 2026 3:27:36 上午 spec.jbb.JBBmain DoARun -> 信息:   started user thread for Warehouse 50
1月 02, 2026 3:27:36 上午 spec.jbb.JBBmain DoARun -> 信息:   started user thread for Warehouse 51
1月 02, 2026 3:27:36 上午 spec.jbb.JBBmain DoARun -> 信息:   started user thread for Warehouse 52
1月 02, 2026 3:27:36 上午 spec.jbb.JBBmain DoARun -> 信息:   started user thread for Warehouse 53
1月 02, 2026 3:27:36 上午 spec.jbb.JBBmain DoARun -> 信息:   started user thread for Warehouse 54
1月 02, 2026 3:27:36 上午 spec.jbb.JBBmain DoARun -> 信息:   started user thread for Warehouse 55
1月 02, 2026 3:27:36 上午 spec.jbb.JBBmain DoARun -> 信息:   started user thread for Warehouse 56
1月 02, 2026 3:27:36 上午 spec.jbb.JBBmain DoARun -> 信息:   started user thread for Warehouse 57
1月 02, 2026 3:27:36 上午 spec.jbb.JBBmain DoARun -> 信息:   started user thread for Warehouse 58
1月 02, 2026 3:27:36 上午 spec.jbb.Company displayResultTotals -> 信息: Timing Measurement began Fri Jan 02 03:27:36 CST 2026 for 0.5 minutes
1月 02, 2026 3:28:06 上午 spec.jbb.Company displayResultTotals -> 信息: Timing Measurement ended Fri Jan 02 03:28:06 CST 2026
1月 02, 2026 3:28:06 上午 spec.jbb.Company primeWithDummyData -> 信息: Loading Warehouse 59...
1月 02, 2026 3:28:06 上午 spec.jbb.JBBmain DoARun -> 信息: Start User Threads
1月 02, 2026 3:28:06 上午 spec.jbb.JBBmain DoARun -> 信息:   started user thread for Warehouse 1
1月 02, 2026 3:28:06 上午 spec.jbb.JBBmain DoARun -> 信息:   started user thread for Warehouse 2
1月 02, 2026 3:28:06 上午 spec.jbb.JBBmain DoARun -> 信息:   started user thread for Warehouse 3
1月 02, 2026 3:28:06 上午 spec.jbb.JBBmain DoARun -> 信息:   started user thread for Warehouse 4
1月 02, 2026 3:28:06 上午 spec.jbb.JBBmain DoARun -> 信息:   started user thread for Warehouse 5
1月 02, 2026 3:28:06 上午 spec.jbb.JBBmain DoARun -> 信息:   started user thread for Warehouse 6
1月 02, 2026 3:28:06 上午 spec.jbb.JBBmain DoARun -> 信息:   started user thread for Warehouse 7
1月 02, 2026 3:28:06 上午 spec.jbb.JBBmain DoARun -> 信息:   started user thread for Warehouse 8
1月 02, 2026 3:28:06 上午 spec.jbb.JBBmain DoARun -> 信息:   started user thread for Warehouse 9
1月 02, 2026 3:28:06 上午 spec.jbb.JBBmain DoARun -> 信息:   started user thread for Warehouse 10
1月 02, 2026 3:28:06 上午 spec.jbb.JBBmain DoARun -> 信息:   started user thread for Warehouse 11
1月 02, 2026 3:28:06 上午 spec.jbb.JBBmain DoARun -> 信息:   started user thread for Warehouse 12
1月 02, 2026 3:28:06 上午 spec.jbb.JBBmain DoARun -> 信息:   started user thread for Warehouse 13
1月 02, 2026 3:28:06 上午 spec.jbb.JBBmain DoARun -> 信息:   started user thread for Warehouse 14
1月 02, 2026 3:28:06 上午 spec.jbb.JBBmain DoARun -> 信息:   started user thread for Warehouse 15
1月 02, 2026 3:28:06 上午 spec.jbb.JBBmain DoARun -> 信息:   started user thread for Warehouse 16
1月 02, 2026 3:28:06 上午 spec.jbb.JBBmain DoARun -> 信息:   started user thread for Warehouse 17
1月 02, 2026 3:28:06 上午 spec.jbb.JBBmain DoARun -> 信息:   started user thread for Warehouse 18
1月 02, 2026 3:28:06 上午 spec.jbb.JBBmain DoARun -> 信息:   started user thread for Warehouse 19
1月 02, 2026 3:28:06 上午 spec.jbb.JBBmain DoARun -> 信息:   started user thread for Warehouse 20
1月 02, 2026 3:28:06 上午 spec.jbb.JBBmain DoARun -> 信息:   started user thread for Warehouse 21
1月 02, 2026 3:28:06 上午 spec.jbb.JBBmain DoARun -> 信息:   started user thread for Warehouse 22
1月 02, 2026 3:28:06 上午 spec.jbb.JBBmain DoARun -> 信息:   started user thread for Warehouse 23
1月 02, 2026 3:28:06 上午 spec.jbb.JBBmain DoARun -> 信息:   started user thread for Warehouse 24
1月 02, 2026 3:28:06 上午 spec.jbb.JBBmain DoARun -> 信息:   started user thread for Warehouse 25
1月 02, 2026 3:28:06 上午 spec.jbb.JBBmain DoARun -> 信息:   started user thread for Warehouse 26
1月 02, 2026 3:28:06 上午 spec.jbb.JBBmain DoARun -> 信息:   started user thread for Warehouse 27
1月 02, 2026 3:28:06 上午 spec.jbb.JBBmain DoARun -> 信息:   started user thread for Warehouse 28
1月 02, 2026 3:28:06 上午 spec.jbb.JBBmain DoARun -> 信息:   started user thread for Warehouse 29
1月 02, 2026 3:28:06 上午 spec.jbb.JBBmain DoARun -> 信息:   started user thread for Warehouse 30
1月 02, 2026 3:28:06 上午 spec.jbb.JBBmain DoARun -> 信息:   started user thread for Warehouse 31
1月 02, 2026 3:28:06 上午 spec.jbb.JBBmain DoARun -> 信息:   started user thread for Warehouse 32
1月 02, 2026 3:28:06 上午 spec.jbb.JBBmain DoARun -> 信息:   started user thread for Warehouse 33
1月 02, 2026 3:28:06 上午 spec.jbb.JBBmain DoARun -> 信息:   started user thread for Warehouse 34
1月 02, 2026 3:28:06 上午 spec.jbb.JBBmain DoARun -> 信息:   started user thread for Warehouse 35
1月 02, 2026 3:28:06 上午 spec.jbb.JBBmain DoARun -> 信息:   started user thread for Warehouse 36
1月 02, 2026 3:28:06 上午 spec.jbb.JBBmain DoARun -> 信息:   started user thread for Warehouse 37
1月 02, 2026 3:28:06 上午 spec.jbb.JBBmain DoARun -> 信息:   started user thread for Warehouse 38
1月 02, 2026 3:28:06 上午 spec.jbb.JBBmain DoARun -> 信息:   started user thread for Warehouse 39
1月 02, 2026 3:28:06 上午 spec.jbb.JBBmain DoARun -> 信息:   started user thread for Warehouse 40
1月 02, 2026 3:28:06 上午 spec.jbb.JBBmain DoARun -> 信息:   started user thread for Warehouse 41
1月 02, 2026 3:28:06 上午 spec.jbb.JBBmain DoARun -> 信息:   started user thread for Warehouse 42
1月 02, 2026 3:28:06 上午 spec.jbb.JBBmain DoARun -> 信息:   started user thread for Warehouse 43
1月 02, 2026 3:28:06 上午 spec.jbb.JBBmain DoARun -> 信息:   started user thread for Warehouse 44
1月 02, 2026 3:28:06 上午 spec.jbb.JBBmain DoARun -> 信息:   started user thread for Warehouse 45
1月 02, 2026 3:28:06 上午 spec.jbb.JBBmain DoARun -> 信息:   started user thread for Warehouse 46
1月 02, 2026 3:28:06 上午 spec.jbb.JBBmain DoARun -> 信息:   started user thread for Warehouse 47
1月 02, 2026 3:28:06 上午 spec.jbb.JBBmain DoARun -> 信息:   started user thread for Warehouse 48
1月 02, 2026 3:28:06 上午 spec.jbb.JBBmain DoARun -> 信息:   started user thread for Warehouse 49
1月 02, 2026 3:28:06 上午 spec.jbb.JBBmain DoARun -> 信息:   started user thread for Warehouse 50
1月 02, 2026 3:28:06 上午 spec.jbb.JBBmain DoARun -> 信息:   started user thread for Warehouse 51
1月 02, 2026 3:28:06 上午 spec.jbb.JBBmain DoARun -> 信息:   started user thread for Warehouse 52
1月 02, 2026 3:28:06 上午 spec.jbb.JBBmain DoARun -> 信息:   started user thread for Warehouse 53
1月 02, 2026 3:28:06 上午 spec.jbb.JBBmain DoARun -> 信息:   started user thread for Warehouse 54
1月 02, 2026 3:28:06 上午 spec.jbb.JBBmain DoARun -> 信息:   started user thread for Warehouse 55
1月 02, 2026 3:28:06 上午 spec.jbb.JBBmain DoARun -> 信息:   started user thread for Warehouse 56
1月 02, 2026 3:28:06 上午 spec.jbb.JBBmain DoARun -> 信息:   started user thread for Warehouse 57
1月 02, 2026 3:28:06 上午 spec.jbb.JBBmain DoARun -> 信息:   started user thread for Warehouse 58
1月 02, 2026 3:28:06 上午 spec.jbb.JBBmain DoARun -> 信息:   started user thread for Warehouse 59
1月 02, 2026 3:28:06 上午 spec.jbb.Company displayResultTotals -> 信息: Timing Measurement began Fri Jan 02 03:28:06 CST 2026 for 0.5 minutes
1月 02, 2026 3:28:36 上午 spec.jbb.Company displayResultTotals -> 信息: Timing Measurement ended Fri Jan 02 03:28:36 CST 2026
1月 02, 2026 3:28:36 上午 spec.jbb.Company primeWithDummyData -> 信息: Loading Warehouse 60...
1月 02, 2026 3:28:36 上午 spec.jbb.JBBmain DoARun -> 信息: Start User Threads
1月 02, 2026 3:28:36 上午 spec.jbb.JBBmain DoARun -> 信息:   started user thread for Warehouse 1
1月 02, 2026 3:28:36 上午 spec.jbb.JBBmain DoARun -> 信息:   started user thread for Warehouse 2
1月 02, 2026 3:28:36 上午 spec.jbb.JBBmain DoARun -> 信息:   started user thread for Warehouse 3
1月 02, 2026 3:28:36 上午 spec.jbb.JBBmain DoARun -> 信息:   started user thread for Warehouse 4
1月 02, 2026 3:28:36 上午 spec.jbb.JBBmain DoARun -> 信息:   started user thread for Warehouse 5
1月 02, 2026 3:28:36 上午 spec.jbb.JBBmain DoARun -> 信息:   started user thread for Warehouse 6
1月 02, 2026 3:28:36 上午 spec.jbb.JBBmain DoARun -> 信息:   started user thread for Warehouse 7
1月 02, 2026 3:28:36 上午 spec.jbb.JBBmain DoARun -> 信息:   started user thread for Warehouse 8
1月 02, 2026 3:28:36 上午 spec.jbb.JBBmain DoARun -> 信息:   started user thread for Warehouse 9
1月 02, 2026 3:28:36 上午 spec.jbb.JBBmain DoARun -> 信息:   started user thread for Warehouse 10
1月 02, 2026 3:28:36 上午 spec.jbb.JBBmain DoARun -> 信息:   started user thread for Warehouse 11
1月 02, 2026 3:28:36 上午 spec.jbb.JBBmain DoARun -> 信息:   started user thread for Warehouse 12
1月 02, 2026 3:28:36 上午 spec.jbb.JBBmain DoARun -> 信息:   started user thread for Warehouse 13
1月 02, 2026 3:28:36 上午 spec.jbb.JBBmain DoARun -> 信息:   started user thread for Warehouse 14
1月 02, 2026 3:28:36 上午 spec.jbb.JBBmain DoARun -> 信息:   started user thread for Warehouse 15
1月 02, 2026 3:28:36 上午 spec.jbb.JBBmain DoARun -> 信息:   started user thread for Warehouse 16
1月 02, 2026 3:28:36 上午 spec.jbb.JBBmain DoARun -> 信息:   started user thread for Warehouse 17
1月 02, 2026 3:28:36 上午 spec.jbb.JBBmain DoARun -> 信息:   started user thread for Warehouse 18
1月 02, 2026 3:28:36 上午 spec.jbb.JBBmain DoARun -> 信息:   started user thread for Warehouse 19
1月 02, 2026 3:28:36 上午 spec.jbb.JBBmain DoARun -> 信息:   started user thread for Warehouse 20
1月 02, 2026 3:28:36 上午 spec.jbb.JBBmain DoARun -> 信息:   started user thread for Warehouse 21
1月 02, 2026 3:28:36 上午 spec.jbb.JBBmain DoARun -> 信息:   started user thread for Warehouse 22
1月 02, 2026 3:28:36 上午 spec.jbb.JBBmain DoARun -> 信息:   started user thread for Warehouse 23
1月 02, 2026 3:28:36 上午 spec.jbb.JBBmain DoARun -> 信息:   started user thread for Warehouse 24
1月 02, 2026 3:28:36 上午 spec.jbb.JBBmain DoARun -> 信息:   started user thread for Warehouse 25
1月 02, 2026 3:28:36 上午 spec.jbb.JBBmain DoARun -> 信息:   started user thread for Warehouse 26
1月 02, 2026 3:28:36 上午 spec.jbb.JBBmain DoARun -> 信息:   started user thread for Warehouse 27
1月 02, 2026 3:28:36 上午 spec.jbb.JBBmain DoARun -> 信息:   started user thread for Warehouse 28
1月 02, 2026 3:28:36 上午 spec.jbb.JBBmain DoARun -> 信息:   started user thread for Warehouse 29
1月 02, 2026 3:28:36 上午 spec.jbb.JBBmain DoARun -> 信息:   started user thread for Warehouse 30
1月 02, 2026 3:28:36 上午 spec.jbb.JBBmain DoARun -> 信息:   started user thread for Warehouse 31
1月 02, 2026 3:28:36 上午 spec.jbb.JBBmain DoARun -> 信息:   started user thread for Warehouse 32
1月 02, 2026 3:28:36 上午 spec.jbb.JBBmain DoARun -> 信息:   started user thread for Warehouse 33
1月 02, 2026 3:28:36 上午 spec.jbb.JBBmain DoARun -> 信息:   started user thread for Warehouse 34
1月 02, 2026 3:28:36 上午 spec.jbb.JBBmain DoARun -> 信息:   started user thread for Warehouse 35
1月 02, 2026 3:28:36 上午 spec.jbb.JBBmain DoARun -> 信息:   started user thread for Warehouse 36
1月 02, 2026 3:28:36 上午 spec.jbb.JBBmain DoARun -> 信息:   started user thread for Warehouse 37
1月 02, 2026 3:28:36 上午 spec.jbb.JBBmain DoARun -> 信息:   started user thread for Warehouse 38
1月 02, 2026 3:28:36 上午 spec.jbb.JBBmain DoARun -> 信息:   started user thread for Warehouse 39
1月 02, 2026 3:28:36 上午 spec.jbb.JBBmain DoARun -> 信息:   started user thread for Warehouse 40
1月 02, 2026 3:28:36 上午 spec.jbb.JBBmain DoARun -> 信息:   started user thread for Warehouse 41
1月 02, 2026 3:28:36 上午 spec.jbb.JBBmain DoARun -> 信息:   started user thread for Warehouse 42
1月 02, 2026 3:28:36 上午 spec.jbb.JBBmain DoARun -> 信息:   started user thread for Warehouse 43
1月 02, 2026 3:28:36 上午 spec.jbb.JBBmain DoARun -> 信息:   started user thread for Warehouse 44
1月 02, 2026 3:28:36 上午 spec.jbb.JBBmain DoARun -> 信息:   started user thread for Warehouse 45
1月 02, 2026 3:28:36 上午 spec.jbb.JBBmain DoARun -> 信息:   started user thread for Warehouse 46
1月 02, 2026 3:28:36 上午 spec.jbb.JBBmain DoARun -> 信息:   started user thread for Warehouse 47
1月 02, 2026 3:28:36 上午 spec.jbb.JBBmain DoARun -> 信息:   started user thread for Warehouse 48
1月 02, 2026 3:28:36 上午 spec.jbb.JBBmain DoARun -> 信息:   started user thread for Warehouse 49
1月 02, 2026 3:28:36 上午 spec.jbb.JBBmain DoARun -> 信息:   started user thread for Warehouse 50
1月 02, 2026 3:28:36 上午 spec.jbb.JBBmain DoARun -> 信息:   started user thread for Warehouse 51
1月 02, 2026 3:28:36 上午 spec.jbb.JBBmain DoARun -> 信息:   started user thread for Warehouse 52
1月 02, 2026 3:28:36 上午 spec.jbb.JBBmain DoARun -> 信息:   started user thread for Warehouse 53
1月 02, 2026 3:28:36 上午 spec.jbb.JBBmain DoARun -> 信息:   started user thread for Warehouse 54
1月 02, 2026 3:28:36 上午 spec.jbb.JBBmain DoARun -> 信息:   started user thread for Warehouse 55
1月 02, 2026 3:28:36 上午 spec.jbb.JBBmain DoARun -> 信息:   started user thread for Warehouse 56
1月 02, 2026 3:28:36 上午 spec.jbb.JBBmain DoARun -> 信息:   started user thread for Warehouse 57
1月 02, 2026 3:28:36 上午 spec.jbb.JBBmain DoARun -> 信息:   started user thread for Warehouse 58
1月 02, 2026 3:28:36 上午 spec.jbb.JBBmain DoARun -> 信息:   started user thread for Warehouse 59
1月 02, 2026 3:28:36 上午 spec.jbb.JBBmain DoARun -> 信息:   started user thread for Warehouse 60
1月 02, 2026 3:28:36 上午 spec.jbb.Company displayResultTotals -> 信息: Timing Measurement began Fri Jan 02 03:28:36 CST 2026 for 0.5 minutes
1月 02, 2026 3:29:06 上午 spec.jbb.Company displayResultTotals -> 信息: Timing Measurement ended Fri Jan 02 03:29:06 CST 2026
1月 02, 2026 3:29:06 上午 spec.jbb.Company primeWithDummyData -> 信息: Loading Warehouse 61...
1月 02, 2026 3:29:07 上午 spec.jbb.JBBmain DoARun -> 信息: Start User Threads
1月 02, 2026 3:29:07 上午 spec.jbb.JBBmain DoARun -> 信息:   started user thread for Warehouse 1
1月 02, 2026 3:29:07 上午 spec.jbb.JBBmain DoARun -> 信息:   started user thread for Warehouse 2
1月 02, 2026 3:29:07 上午 spec.jbb.JBBmain DoARun -> 信息:   started user thread for Warehouse 3
1月 02, 2026 3:29:07 上午 spec.jbb.JBBmain DoARun -> 信息:   started user thread for Warehouse 4
1月 02, 2026 3:29:07 上午 spec.jbb.JBBmain DoARun -> 信息:   started user thread for Warehouse 5
1月 02, 2026 3:29:07 上午 spec.jbb.JBBmain DoARun -> 信息:   started user thread for Warehouse 6
1月 02, 2026 3:29:07 上午 spec.jbb.JBBmain DoARun -> 信息:   started user thread for Warehouse 7
1月 02, 2026 3:29:07 上午 spec.jbb.JBBmain DoARun -> 信息:   started user thread for Warehouse 8
1月 02, 2026 3:29:07 上午 spec.jbb.JBBmain DoARun -> 信息:   started user thread for Warehouse 9
1月 02, 2026 3:29:07 上午 spec.jbb.JBBmain DoARun -> 信息:   started user thread for Warehouse 10
1月 02, 2026 3:29:07 上午 spec.jbb.JBBmain DoARun -> 信息:   started user thread for Warehouse 11
1月 02, 2026 3:29:07 上午 spec.jbb.JBBmain DoARun -> 信息:   started user thread for Warehouse 12
1月 02, 2026 3:29:07 上午 spec.jbb.JBBmain DoARun -> 信息:   started user thread for Warehouse 13
1月 02, 2026 3:29:07 上午 spec.jbb.JBBmain DoARun -> 信息:   started user thread for Warehouse 14
1月 02, 2026 3:29:07 上午 spec.jbb.JBBmain DoARun -> 信息:   started user thread for Warehouse 15
1月 02, 2026 3:29:07 上午 spec.jbb.JBBmain DoARun -> 信息:   started user thread for Warehouse 16
1月 02, 2026 3:29:07 上午 spec.jbb.JBBmain DoARun -> 信息:   started user thread for Warehouse 17
1月 02, 2026 3:29:07 上午 spec.jbb.JBBmain DoARun -> 信息:   started user thread for Warehouse 18
1月 02, 2026 3:29:07 上午 spec.jbb.JBBmain DoARun -> 信息:   started user thread for Warehouse 19
1月 02, 2026 3:29:07 上午 spec.jbb.JBBmain DoARun -> 信息:   started user thread for Warehouse 20
1月 02, 2026 3:29:07 上午 spec.jbb.JBBmain DoARun -> 信息:   started user thread for Warehouse 21
1月 02, 2026 3:29:07 上午 spec.jbb.JBBmain DoARun -> 信息:   started user thread for Warehouse 22
1月 02, 2026 3:29:07 上午 spec.jbb.JBBmain DoARun -> 信息:   started user thread for Warehouse 23
1月 02, 2026 3:29:07 上午 spec.jbb.JBBmain DoARun -> 信息:   started user thread for Warehouse 24
1月 02, 2026 3:29:07 上午 spec.jbb.JBBmain DoARun -> 信息:   started user thread for Warehouse 25
1月 02, 2026 3:29:07 上午 spec.jbb.JBBmain DoARun -> 信息:   started user thread for Warehouse 26
1月 02, 2026 3:29:07 上午 spec.jbb.JBBmain DoARun -> 信息:   started user thread for Warehouse 27
1月 02, 2026 3:29:07 上午 spec.jbb.JBBmain DoARun -> 信息:   started user thread for Warehouse 28
1月 02, 2026 3:29:07 上午 spec.jbb.JBBmain DoARun -> 信息:   started user thread for Warehouse 29
1月 02, 2026 3:29:07 上午 spec.jbb.JBBmain DoARun -> 信息:   started user thread for Warehouse 30
1月 02, 2026 3:29:07 上午 spec.jbb.JBBmain DoARun -> 信息:   started user thread for Warehouse 31
1月 02, 2026 3:29:07 上午 spec.jbb.JBBmain DoARun -> 信息:   started user thread for Warehouse 32
1月 02, 2026 3:29:07 上午 spec.jbb.JBBmain DoARun -> 信息:   started user thread for Warehouse 33
1月 02, 2026 3:29:07 上午 spec.jbb.JBBmain DoARun -> 信息:   started user thread for Warehouse 34
1月 02, 2026 3:29:07 上午 spec.jbb.JBBmain DoARun -> 信息:   started user thread for Warehouse 35
1月 02, 2026 3:29:07 上午 spec.jbb.JBBmain DoARun -> 信息:   started user thread for Warehouse 36
1月 02, 2026 3:29:07 上午 spec.jbb.JBBmain DoARun -> 信息:   started user thread for Warehouse 37
1月 02, 2026 3:29:07 上午 spec.jbb.JBBmain DoARun -> 信息:   started user thread for Warehouse 38
1月 02, 2026 3:29:07 上午 spec.jbb.JBBmain DoARun -> 信息:   started user thread for Warehouse 39
1月 02, 2026 3:29:07 上午 spec.jbb.JBBmain DoARun -> 信息:   started user thread for Warehouse 40
1月 02, 2026 3:29:07 上午 spec.jbb.JBBmain DoARun -> 信息:   started user thread for Warehouse 41
1月 02, 2026 3:29:07 上午 spec.jbb.JBBmain DoARun -> 信息:   started user thread for Warehouse 42
1月 02, 2026 3:29:07 上午 spec.jbb.JBBmain DoARun -> 信息:   started user thread for Warehouse 43
1月 02, 2026 3:29:07 上午 spec.jbb.JBBmain DoARun -> 信息:   started user thread for Warehouse 44
1月 02, 2026 3:29:07 上午 spec.jbb.JBBmain DoARun -> 信息:   started user thread for Warehouse 45
1月 02, 2026 3:29:07 上午 spec.jbb.JBBmain DoARun -> 信息:   started user thread for Warehouse 46
1月 02, 2026 3:29:07 上午 spec.jbb.JBBmain DoARun -> 信息:   started user thread for Warehouse 47
1月 02, 2026 3:29:07 上午 spec.jbb.JBBmain DoARun -> 信息:   started user thread for Warehouse 48
1月 02, 2026 3:29:07 上午 spec.jbb.JBBmain DoARun -> 信息:   started user thread for Warehouse 49
1月 02, 2026 3:29:07 上午 spec.jbb.JBBmain DoARun -> 信息:   started user thread for Warehouse 50
1月 02, 2026 3:29:07 上午 spec.jbb.JBBmain DoARun -> 信息:   started user thread for Warehouse 51
1月 02, 2026 3:29:07 上午 spec.jbb.JBBmain DoARun -> 信息:   started user thread for Warehouse 52
1月 02, 2026 3:29:07 上午 spec.jbb.JBBmain DoARun -> 信息:   started user thread for Warehouse 53
1月 02, 2026 3:29:07 上午 spec.jbb.JBBmain DoARun -> 信息:   started user thread for Warehouse 54
1月 02, 2026 3:29:07 上午 spec.jbb.JBBmain DoARun -> 信息:   started user thread for Warehouse 55
1月 02, 2026 3:29:07 上午 spec.jbb.JBBmain DoARun -> 信息:   started user thread for Warehouse 56
1月 02, 2026 3:29:07 上午 spec.jbb.JBBmain DoARun -> 信息:   started user thread for Warehouse 57
1月 02, 2026 3:29:07 上午 spec.jbb.JBBmain DoARun -> 信息:   started user thread for Warehouse 58
1月 02, 2026 3:29:07 上午 spec.jbb.JBBmain DoARun -> 信息:   started user thread for Warehouse 59
1月 02, 2026 3:29:07 上午 spec.jbb.JBBmain DoARun -> 信息:   started user thread for Warehouse 60
1月 02, 2026 3:29:07 上午 spec.jbb.JBBmain DoARun -> 信息:   started user thread for Warehouse 61
1月 02, 2026 3:29:07 上午 spec.jbb.Company displayResultTotals -> 信息: Timing Measurement began Fri Jan 02 03:29:07 CST 2026 for 0.5 minutes
1月 02, 2026 3:29:37 上午 spec.jbb.Company displayResultTotals -> 信息: Timing Measurement ended Fri Jan 02 03:29:37 CST 2026
1月 02, 2026 3:29:37 上午 spec.jbb.Company primeWithDummyData -> 信息: Loading Warehouse 62...
1月 02, 2026 3:29:37 上午 spec.jbb.JBBmain DoARun -> 信息: Start User Threads
1月 02, 2026 3:29:37 上午 spec.jbb.JBBmain DoARun -> 信息:   started user thread for Warehouse 1
1月 02, 2026 3:29:37 上午 spec.jbb.JBBmain DoARun -> 信息:   started user thread for Warehouse 2
1月 02, 2026 3:29:37 上午 spec.jbb.JBBmain DoARun -> 信息:   started user thread for Warehouse 3
1月 02, 2026 3:29:37 上午 spec.jbb.JBBmain DoARun -> 信息:   started user thread for Warehouse 4
1月 02, 2026 3:29:37 上午 spec.jbb.JBBmain DoARun -> 信息:   started user thread for Warehouse 5
1月 02, 2026 3:29:37 上午 spec.jbb.JBBmain DoARun -> 信息:   started user thread for Warehouse 6
1月 02, 2026 3:29:37 上午 spec.jbb.JBBmain DoARun -> 信息:   started user thread for Warehouse 7
1月 02, 2026 3:29:37 上午 spec.jbb.JBBmain DoARun -> 信息:   started user thread for Warehouse 8
1月 02, 2026 3:29:37 上午 spec.jbb.JBBmain DoARun -> 信息:   started user thread for Warehouse 9
1月 02, 2026 3:29:37 上午 spec.jbb.JBBmain DoARun -> 信息:   started user thread for Warehouse 10
1月 02, 2026 3:29:37 上午 spec.jbb.JBBmain DoARun -> 信息:   started user thread for Warehouse 11
1月 02, 2026 3:29:37 上午 spec.jbb.JBBmain DoARun -> 信息:   started user thread for Warehouse 12
1月 02, 2026 3:29:37 上午 spec.jbb.JBBmain DoARun -> 信息:   started user thread for Warehouse 13
1月 02, 2026 3:29:37 上午 spec.jbb.JBBmain DoARun -> 信息:   started user thread for Warehouse 14
1月 02, 2026 3:29:37 上午 spec.jbb.JBBmain DoARun -> 信息:   started user thread for Warehouse 15
1月 02, 2026 3:29:37 上午 spec.jbb.JBBmain DoARun -> 信息:   started user thread for Warehouse 16
1月 02, 2026 3:29:37 上午 spec.jbb.JBBmain DoARun -> 信息:   started user thread for Warehouse 17
1月 02, 2026 3:29:37 上午 spec.jbb.JBBmain DoARun -> 信息:   started user thread for Warehouse 18
1月 02, 2026 3:29:37 上午 spec.jbb.JBBmain DoARun -> 信息:   started user thread for Warehouse 19
1月 02, 2026 3:29:37 上午 spec.jbb.JBBmain DoARun -> 信息:   started user thread for Warehouse 20
1月 02, 2026 3:29:37 上午 spec.jbb.JBBmain DoARun -> 信息:   started user thread for Warehouse 21
1月 02, 2026 3:29:37 上午 spec.jbb.JBBmain DoARun -> 信息:   started user thread for Warehouse 22
1月 02, 2026 3:29:37 上午 spec.jbb.JBBmain DoARun -> 信息:   started user thread for Warehouse 23
1月 02, 2026 3:29:37 上午 spec.jbb.JBBmain DoARun -> 信息:   started user thread for Warehouse 24
1月 02, 2026 3:29:37 上午 spec.jbb.JBBmain DoARun -> 信息:   started user thread for Warehouse 25
1月 02, 2026 3:29:37 上午 spec.jbb.JBBmain DoARun -> 信息:   started user thread for Warehouse 26
1月 02, 2026 3:29:37 上午 spec.jbb.JBBmain DoARun -> 信息:   started user thread for Warehouse 27
1月 02, 2026 3:29:37 上午 spec.jbb.JBBmain DoARun -> 信息:   started user thread for Warehouse 28
1月 02, 2026 3:29:37 上午 spec.jbb.JBBmain DoARun -> 信息:   started user thread for Warehouse 29
1月 02, 2026 3:29:37 上午 spec.jbb.JBBmain DoARun -> 信息:   started user thread for Warehouse 30
1月 02, 2026 3:29:37 上午 spec.jbb.JBBmain DoARun -> 信息:   started user thread for Warehouse 31
1月 02, 2026 3:29:37 上午 spec.jbb.JBBmain DoARun -> 信息:   started user thread for Warehouse 32
1月 02, 2026 3:29:37 上午 spec.jbb.JBBmain DoARun -> 信息:   started user thread for Warehouse 33
1月 02, 2026 3:29:37 上午 spec.jbb.JBBmain DoARun -> 信息:   started user thread for Warehouse 34
1月 02, 2026 3:29:37 上午 spec.jbb.JBBmain DoARun -> 信息:   started user thread for Warehouse 35
1月 02, 2026 3:29:37 上午 spec.jbb.JBBmain DoARun -> 信息:   started user thread for Warehouse 36
1月 02, 2026 3:29:37 上午 spec.jbb.JBBmain DoARun -> 信息:   started user thread for Warehouse 37
1月 02, 2026 3:29:37 上午 spec.jbb.JBBmain DoARun -> 信息:   started user thread for Warehouse 38
1月 02, 2026 3:29:37 上午 spec.jbb.JBBmain DoARun -> 信息:   started user thread for Warehouse 39
1月 02, 2026 3:29:37 上午 spec.jbb.JBBmain DoARun -> 信息:   started user thread for Warehouse 40
1月 02, 2026 3:29:37 上午 spec.jbb.JBBmain DoARun -> 信息:   started user thread for Warehouse 41
1月 02, 2026 3:29:37 上午 spec.jbb.JBBmain DoARun -> 信息:   started user thread for Warehouse 42
1月 02, 2026 3:29:37 上午 spec.jbb.JBBmain DoARun -> 信息:   started user thread for Warehouse 43
1月 02, 2026 3:29:37 上午 spec.jbb.JBBmain DoARun -> 信息:   started user thread for Warehouse 44
1月 02, 2026 3:29:37 上午 spec.jbb.JBBmain DoARun -> 信息:   started user thread for Warehouse 45
1月 02, 2026 3:29:37 上午 spec.jbb.JBBmain DoARun -> 信息:   started user thread for Warehouse 46
1月 02, 2026 3:29:37 上午 spec.jbb.JBBmain DoARun -> 信息:   started user thread for Warehouse 47
1月 02, 2026 3:29:37 上午 spec.jbb.JBBmain DoARun -> 信息:   started user thread for Warehouse 48
1月 02, 2026 3:29:37 上午 spec.jbb.JBBmain DoARun -> 信息:   started user thread for Warehouse 49
1月 02, 2026 3:29:37 上午 spec.jbb.JBBmain DoARun -> 信息:   started user thread for Warehouse 50
1月 02, 2026 3:29:37 上午 spec.jbb.JBBmain DoARun -> 信息:   started user thread for Warehouse 51
1月 02, 2026 3:29:37 上午 spec.jbb.JBBmain DoARun -> 信息:   started user thread for Warehouse 52
1月 02, 2026 3:29:37 上午 spec.jbb.JBBmain DoARun -> 信息:   started user thread for Warehouse 53
1月 02, 2026 3:29:37 上午 spec.jbb.JBBmain DoARun -> 信息:   started user thread for Warehouse 54
1月 02, 2026 3:29:37 上午 spec.jbb.JBBmain DoARun -> 信息:   started user thread for Warehouse 55
1月 02, 2026 3:29:37 上午 spec.jbb.JBBmain DoARun -> 信息:   started user thread for Warehouse 56
1月 02, 2026 3:29:37 上午 spec.jbb.JBBmain DoARun -> 信息:   started user thread for Warehouse 57
1月 02, 2026 3:29:37 上午 spec.jbb.JBBmain DoARun -> 信息:   started user thread for Warehouse 58
1月 02, 2026 3:29:37 上午 spec.jbb.JBBmain DoARun -> 信息:   started user thread for Warehouse 59
1月 02, 2026 3:29:37 上午 spec.jbb.JBBmain DoARun -> 信息:   started user thread for Warehouse 60
1月 02, 2026 3:29:37 上午 spec.jbb.JBBmain DoARun -> 信息:   started user thread for Warehouse 61
1月 02, 2026 3:29:37 上午 spec.jbb.JBBmain DoARun -> 信息:   started user thread for Warehouse 62
1月 02, 2026 3:29:37 上午 spec.jbb.Company displayResultTotals -> 信息: Timing Measurement began Fri Jan 02 03:29:37 CST 2026 for 0.5 minutes
1月 02, 2026 3:30:07 上午 spec.jbb.Company displayResultTotals -> 信息: Timing Measurement ended Fri Jan 02 03:30:07 CST 2026
1月 02, 2026 3:30:07 上午 spec.jbb.Company primeWithDummyData -> 信息: Loading Warehouse 63...
1月 02, 2026 3:30:07 上午 spec.jbb.JBBmain DoARun -> 信息: Start User Threads
1月 02, 2026 3:30:07 上午 spec.jbb.JBBmain DoARun -> 信息:   started user thread for Warehouse 1
1月 02, 2026 3:30:07 上午 spec.jbb.JBBmain DoARun -> 信息:   started user thread for Warehouse 2
1月 02, 2026 3:30:07 上午 spec.jbb.JBBmain DoARun -> 信息:   started user thread for Warehouse 3
1月 02, 2026 3:30:07 上午 spec.jbb.JBBmain DoARun -> 信息:   started user thread for Warehouse 4
1月 02, 2026 3:30:07 上午 spec.jbb.JBBmain DoARun -> 信息:   started user thread for Warehouse 5
1月 02, 2026 3:30:07 上午 spec.jbb.JBBmain DoARun -> 信息:   started user thread for Warehouse 6
1月 02, 2026 3:30:07 上午 spec.jbb.JBBmain DoARun -> 信息:   started user thread for Warehouse 7
1月 02, 2026 3:30:07 上午 spec.jbb.JBBmain DoARun -> 信息:   started user thread for Warehouse 8
1月 02, 2026 3:30:07 上午 spec.jbb.JBBmain DoARun -> 信息:   started user thread for Warehouse 9
1月 02, 2026 3:30:07 上午 spec.jbb.JBBmain DoARun -> 信息:   started user thread for Warehouse 10
1月 02, 2026 3:30:07 上午 spec.jbb.JBBmain DoARun -> 信息:   started user thread for Warehouse 11
1月 02, 2026 3:30:07 上午 spec.jbb.JBBmain DoARun -> 信息:   started user thread for Warehouse 12
1月 02, 2026 3:30:07 上午 spec.jbb.JBBmain DoARun -> 信息:   started user thread for Warehouse 13
1月 02, 2026 3:30:07 上午 spec.jbb.JBBmain DoARun -> 信息:   started user thread for Warehouse 14
1月 02, 2026 3:30:07 上午 spec.jbb.JBBmain DoARun -> 信息:   started user thread for Warehouse 15
1月 02, 2026 3:30:07 上午 spec.jbb.JBBmain DoARun -> 信息:   started user thread for Warehouse 16
1月 02, 2026 3:30:07 上午 spec.jbb.JBBmain DoARun -> 信息:   started user thread for Warehouse 17
1月 02, 2026 3:30:07 上午 spec.jbb.JBBmain DoARun -> 信息:   started user thread for Warehouse 18
1月 02, 2026 3:30:07 上午 spec.jbb.JBBmain DoARun -> 信息:   started user thread for Warehouse 19
1月 02, 2026 3:30:07 上午 spec.jbb.JBBmain DoARun -> 信息:   started user thread for Warehouse 20
1月 02, 2026 3:30:07 上午 spec.jbb.JBBmain DoARun -> 信息:   started user thread for Warehouse 21
1月 02, 2026 3:30:07 上午 spec.jbb.JBBmain DoARun -> 信息:   started user thread for Warehouse 22
1月 02, 2026 3:30:07 上午 spec.jbb.JBBmain DoARun -> 信息:   started user thread for Warehouse 23
1月 02, 2026 3:30:07 上午 spec.jbb.JBBmain DoARun -> 信息:   started user thread for Warehouse 24
1月 02, 2026 3:30:07 上午 spec.jbb.JBBmain DoARun -> 信息:   started user thread for Warehouse 25
1月 02, 2026 3:30:07 上午 spec.jbb.JBBmain DoARun -> 信息:   started user thread for Warehouse 26
1月 02, 2026 3:30:07 上午 spec.jbb.JBBmain DoARun -> 信息:   started user thread for Warehouse 27
1月 02, 2026 3:30:07 上午 spec.jbb.JBBmain DoARun -> 信息:   started user thread for Warehouse 28
1月 02, 2026 3:30:07 上午 spec.jbb.JBBmain DoARun -> 信息:   started user thread for Warehouse 29
1月 02, 2026 3:30:07 上午 spec.jbb.JBBmain DoARun -> 信息:   started user thread for Warehouse 30
1月 02, 2026 3:30:07 上午 spec.jbb.JBBmain DoARun -> 信息:   started user thread for Warehouse 31
1月 02, 2026 3:30:07 上午 spec.jbb.JBBmain DoARun -> 信息:   started user thread for Warehouse 32
1月 02, 2026 3:30:07 上午 spec.jbb.JBBmain DoARun -> 信息:   started user thread for Warehouse 33
1月 02, 2026 3:30:07 上午 spec.jbb.JBBmain DoARun -> 信息:   started user thread for Warehouse 34
1月 02, 2026 3:30:07 上午 spec.jbb.JBBmain DoARun -> 信息:   started user thread for Warehouse 35
1月 02, 2026 3:30:07 上午 spec.jbb.JBBmain DoARun -> 信息:   started user thread for Warehouse 36
1月 02, 2026 3:30:07 上午 spec.jbb.JBBmain DoARun -> 信息:   started user thread for Warehouse 37
1月 02, 2026 3:30:07 上午 spec.jbb.JBBmain DoARun -> 信息:   started user thread for Warehouse 38
1月 02, 2026 3:30:07 上午 spec.jbb.JBBmain DoARun -> 信息:   started user thread for Warehouse 39
1月 02, 2026 3:30:07 上午 spec.jbb.JBBmain DoARun -> 信息:   started user thread for Warehouse 40
1月 02, 2026 3:30:07 上午 spec.jbb.JBBmain DoARun -> 信息:   started user thread for Warehouse 41
1月 02, 2026 3:30:07 上午 spec.jbb.JBBmain DoARun -> 信息:   started user thread for Warehouse 42
1月 02, 2026 3:30:07 上午 spec.jbb.JBBmain DoARun -> 信息:   started user thread for Warehouse 43
1月 02, 2026 3:30:07 上午 spec.jbb.JBBmain DoARun -> 信息:   started user thread for Warehouse 44
1月 02, 2026 3:30:07 上午 spec.jbb.JBBmain DoARun -> 信息:   started user thread for Warehouse 45
1月 02, 2026 3:30:07 上午 spec.jbb.JBBmain DoARun -> 信息:   started user thread for Warehouse 46
1月 02, 2026 3:30:07 上午 spec.jbb.JBBmain DoARun -> 信息:   started user thread for Warehouse 47
1月 02, 2026 3:30:07 上午 spec.jbb.JBBmain DoARun -> 信息:   started user thread for Warehouse 48
1月 02, 2026 3:30:07 上午 spec.jbb.JBBmain DoARun -> 信息:   started user thread for Warehouse 49
1月 02, 2026 3:30:07 上午 spec.jbb.JBBmain DoARun -> 信息:   started user thread for Warehouse 50
1月 02, 2026 3:30:07 上午 spec.jbb.JBBmain DoARun -> 信息:   started user thread for Warehouse 51
1月 02, 2026 3:30:07 上午 spec.jbb.JBBmain DoARun -> 信息:   started user thread for Warehouse 52
1月 02, 2026 3:30:07 上午 spec.jbb.JBBmain DoARun -> 信息:   started user thread for Warehouse 53
1月 02, 2026 3:30:07 上午 spec.jbb.JBBmain DoARun -> 信息:   started user thread for Warehouse 54
1月 02, 2026 3:30:07 上午 spec.jbb.JBBmain DoARun -> 信息:   started user thread for Warehouse 55
1月 02, 2026 3:30:07 上午 spec.jbb.JBBmain DoARun -> 信息:   started user thread for Warehouse 56
1月 02, 2026 3:30:07 上午 spec.jbb.JBBmain DoARun -> 信息:   started user thread for Warehouse 57
1月 02, 2026 3:30:07 上午 spec.jbb.JBBmain DoARun -> 信息:   started user thread for Warehouse 58
1月 02, 2026 3:30:07 上午 spec.jbb.JBBmain DoARun -> 信息:   started user thread for Warehouse 59
1月 02, 2026 3:30:07 上午 spec.jbb.JBBmain DoARun -> 信息:   started user thread for Warehouse 60
1月 02, 2026 3:30:07 上午 spec.jbb.JBBmain DoARun -> 信息:   started user thread for Warehouse 61
1月 02, 2026 3:30:07 上午 spec.jbb.JBBmain DoARun -> 信息:   started user thread for Warehouse 62
1月 02, 2026 3:30:07 上午 spec.jbb.JBBmain DoARun -> 信息:   started user thread for Warehouse 63
1月 02, 2026 3:30:07 上午 spec.jbb.Company displayResultTotals -> 信息: Timing Measurement began Fri Jan 02 03:30:07 CST 2026 for 0.5 minutes
1月 02, 2026 3:30:37 上午 spec.jbb.Company displayResultTotals -> 信息: Timing Measurement ended Fri Jan 02 03:30:37 CST 2026
1月 02, 2026 3:30:37 上午 spec.jbb.Company primeWithDummyData -> 信息: Loading Warehouse 64...
1月 02, 2026 3:30:38 上午 spec.jbb.JBBmain DoARun -> 信息: Start User Threads
1月 02, 2026 3:30:38 上午 spec.jbb.JBBmain DoARun -> 信息:   started user thread for Warehouse 1
1月 02, 2026 3:30:38 上午 spec.jbb.JBBmain DoARun -> 信息:   started user thread for Warehouse 2
1月 02, 2026 3:30:38 上午 spec.jbb.JBBmain DoARun -> 信息:   started user thread for Warehouse 3
1月 02, 2026 3:30:38 上午 spec.jbb.JBBmain DoARun -> 信息:   started user thread for Warehouse 4
1月 02, 2026 3:30:38 上午 spec.jbb.JBBmain DoARun -> 信息:   started user thread for Warehouse 5
1月 02, 2026 3:30:38 上午 spec.jbb.JBBmain DoARun -> 信息:   started user thread for Warehouse 6
1月 02, 2026 3:30:38 上午 spec.jbb.JBBmain DoARun -> 信息:   started user thread for Warehouse 7
1月 02, 2026 3:30:38 上午 spec.jbb.JBBmain DoARun -> 信息:   started user thread for Warehouse 8
1月 02, 2026 3:30:38 上午 spec.jbb.JBBmain DoARun -> 信息:   started user thread for Warehouse 9
1月 02, 2026 3:30:38 上午 spec.jbb.JBBmain DoARun -> 信息:   started user thread for Warehouse 10
1月 02, 2026 3:30:38 上午 spec.jbb.JBBmain DoARun -> 信息:   started user thread for Warehouse 11
1月 02, 2026 3:30:38 上午 spec.jbb.JBBmain DoARun -> 信息:   started user thread for Warehouse 12
1月 02, 2026 3:30:38 上午 spec.jbb.JBBmain DoARun -> 信息:   started user thread for Warehouse 13
1月 02, 2026 3:30:38 上午 spec.jbb.JBBmain DoARun -> 信息:   started user thread for Warehouse 14
1月 02, 2026 3:30:38 上午 spec.jbb.JBBmain DoARun -> 信息:   started user thread for Warehouse 15
1月 02, 2026 3:30:38 上午 spec.jbb.JBBmain DoARun -> 信息:   started user thread for Warehouse 16
1月 02, 2026 3:30:38 上午 spec.jbb.JBBmain DoARun -> 信息:   started user thread for Warehouse 17
1月 02, 2026 3:30:38 上午 spec.jbb.JBBmain DoARun -> 信息:   started user thread for Warehouse 18
1月 02, 2026 3:30:38 上午 spec.jbb.JBBmain DoARun -> 信息:   started user thread for Warehouse 19
1月 02, 2026 3:30:38 上午 spec.jbb.JBBmain DoARun -> 信息:   started user thread for Warehouse 20
1月 02, 2026 3:30:38 上午 spec.jbb.JBBmain DoARun -> 信息:   started user thread for Warehouse 21
1月 02, 2026 3:30:38 上午 spec.jbb.JBBmain DoARun -> 信息:   started user thread for Warehouse 22
1月 02, 2026 3:30:38 上午 spec.jbb.JBBmain DoARun -> 信息:   started user thread for Warehouse 23
1月 02, 2026 3:30:38 上午 spec.jbb.JBBmain DoARun -> 信息:   started user thread for Warehouse 24
1月 02, 2026 3:30:38 上午 spec.jbb.JBBmain DoARun -> 信息:   started user thread for Warehouse 25
1月 02, 2026 3:30:38 上午 spec.jbb.JBBmain DoARun -> 信息:   started user thread for Warehouse 26
1月 02, 2026 3:30:38 上午 spec.jbb.JBBmain DoARun -> 信息:   started user thread for Warehouse 27
1月 02, 2026 3:30:38 上午 spec.jbb.JBBmain DoARun -> 信息:   started user thread for Warehouse 28
1月 02, 2026 3:30:38 上午 spec.jbb.JBBmain DoARun -> 信息:   started user thread for Warehouse 29
1月 02, 2026 3:30:38 上午 spec.jbb.JBBmain DoARun -> 信息:   started user thread for Warehouse 30
1月 02, 2026 3:30:38 上午 spec.jbb.JBBmain DoARun -> 信息:   started user thread for Warehouse 31
1月 02, 2026 3:30:38 上午 spec.jbb.JBBmain DoARun -> 信息:   started user thread for Warehouse 32
1月 02, 2026 3:30:38 上午 spec.jbb.JBBmain DoARun -> 信息:   started user thread for Warehouse 33
1月 02, 2026 3:30:38 上午 spec.jbb.JBBmain DoARun -> 信息:   started user thread for Warehouse 34
1月 02, 2026 3:30:38 上午 spec.jbb.JBBmain DoARun -> 信息:   started user thread for Warehouse 35
1月 02, 2026 3:30:38 上午 spec.jbb.JBBmain DoARun -> 信息:   started user thread for Warehouse 36
1月 02, 2026 3:30:38 上午 spec.jbb.JBBmain DoARun -> 信息:   started user thread for Warehouse 37
1月 02, 2026 3:30:38 上午 spec.jbb.JBBmain DoARun -> 信息:   started user thread for Warehouse 38
1月 02, 2026 3:30:38 上午 spec.jbb.JBBmain DoARun -> 信息:   started user thread for Warehouse 39
1月 02, 2026 3:30:38 上午 spec.jbb.JBBmain DoARun -> 信息:   started user thread for Warehouse 40
1月 02, 2026 3:30:38 上午 spec.jbb.JBBmain DoARun -> 信息:   started user thread for Warehouse 41
1月 02, 2026 3:30:38 上午 spec.jbb.JBBmain DoARun -> 信息:   started user thread for Warehouse 42
1月 02, 2026 3:30:38 上午 spec.jbb.JBBmain DoARun -> 信息:   started user thread for Warehouse 43
1月 02, 2026 3:30:38 上午 spec.jbb.JBBmain DoARun -> 信息:   started user thread for Warehouse 44
1月 02, 2026 3:30:38 上午 spec.jbb.JBBmain DoARun -> 信息:   started user thread for Warehouse 45
1月 02, 2026 3:30:38 上午 spec.jbb.JBBmain DoARun -> 信息:   started user thread for Warehouse 46
1月 02, 2026 3:30:38 上午 spec.jbb.JBBmain DoARun -> 信息:   started user thread for Warehouse 47
1月 02, 2026 3:30:38 上午 spec.jbb.JBBmain DoARun -> 信息:   started user thread for Warehouse 48
1月 02, 2026 3:30:38 上午 spec.jbb.JBBmain DoARun -> 信息:   started user thread for Warehouse 49
1月 02, 2026 3:30:38 上午 spec.jbb.JBBmain DoARun -> 信息:   started user thread for Warehouse 50
1月 02, 2026 3:30:38 上午 spec.jbb.JBBmain DoARun -> 信息:   started user thread for Warehouse 51
1月 02, 2026 3:30:38 上午 spec.jbb.JBBmain DoARun -> 信息:   started user thread for Warehouse 52
1月 02, 2026 3:30:38 上午 spec.jbb.JBBmain DoARun -> 信息:   started user thread for Warehouse 53
1月 02, 2026 3:30:38 上午 spec.jbb.JBBmain DoARun -> 信息:   started user thread for Warehouse 54
1月 02, 2026 3:30:38 上午 spec.jbb.JBBmain DoARun -> 信息:   started user thread for Warehouse 55
1月 02, 2026 3:30:38 上午 spec.jbb.JBBmain DoARun -> 信息:   started user thread for Warehouse 56
1月 02, 2026 3:30:38 上午 spec.jbb.JBBmain DoARun -> 信息:   started user thread for Warehouse 57
1月 02, 2026 3:30:38 上午 spec.jbb.JBBmain DoARun -> 信息:   started user thread for Warehouse 58
1月 02, 2026 3:30:38 上午 spec.jbb.JBBmain DoARun -> 信息:   started user thread for Warehouse 59
1月 02, 2026 3:30:38 上午 spec.jbb.JBBmain DoARun -> 信息:   started user thread for Warehouse 60
1月 02, 2026 3:30:38 上午 spec.jbb.JBBmain DoARun -> 信息:   started user thread for Warehouse 61
1月 02, 2026 3:30:38 上午 spec.jbb.JBBmain DoARun -> 信息:   started user thread for Warehouse 62
1月 02, 2026 3:30:38 上午 spec.jbb.JBBmain DoARun -> 信息:   started user thread for Warehouse 63
1月 02, 2026 3:30:38 上午 spec.jbb.JBBmain DoARun -> 信息:   started user thread for Warehouse 64
1月 02, 2026 3:30:38 上午 spec.jbb.Company displayResultTotals -> 信息: Timing Measurement began Fri Jan 02 03:30:38 CST 2026 for 4 minutes
1月 02, 2026 3:34:38 上午 spec.jbb.Company displayResultTotals -> 信息: Timing Measurement ended Fri Jan 02 03:34:38 CST 2026
1月 02, 2026 3:34:38 上午 spec.jbb.Company primeWithDummyData -> 信息: Loading Warehouse 65...
1月 02, 2026 3:34:38 上午 spec.jbb.JBBmain DoARun -> 信息: Start User Threads
1月 02, 2026 3:34:38 上午 spec.jbb.JBBmain DoARun -> 信息:   started user thread for Warehouse 1
1月 02, 2026 3:34:38 上午 spec.jbb.JBBmain DoARun -> 信息:   started user thread for Warehouse 2
1月 02, 2026 3:34:38 上午 spec.jbb.JBBmain DoARun -> 信息:   started user thread for Warehouse 3
1月 02, 2026 3:34:38 上午 spec.jbb.JBBmain DoARun -> 信息:   started user thread for Warehouse 4
1月 02, 2026 3:34:38 上午 spec.jbb.JBBmain DoARun -> 信息:   started user thread for Warehouse 5
1月 02, 2026 3:34:38 上午 spec.jbb.JBBmain DoARun -> 信息:   started user thread for Warehouse 6
1月 02, 2026 3:34:38 上午 spec.jbb.JBBmain DoARun -> 信息:   started user thread for Warehouse 7
1月 02, 2026 3:34:38 上午 spec.jbb.JBBmain DoARun -> 信息:   started user thread for Warehouse 8
1月 02, 2026 3:34:38 上午 spec.jbb.JBBmain DoARun -> 信息:   started user thread for Warehouse 9
1月 02, 2026 3:34:38 上午 spec.jbb.JBBmain DoARun -> 信息:   started user thread for Warehouse 10
1月 02, 2026 3:34:38 上午 spec.jbb.JBBmain DoARun -> 信息:   started user thread for Warehouse 11
1月 02, 2026 3:34:38 上午 spec.jbb.JBBmain DoARun -> 信息:   started user thread for Warehouse 12
1月 02, 2026 3:34:38 上午 spec.jbb.JBBmain DoARun -> 信息:   started user thread for Warehouse 13
1月 02, 2026 3:34:38 上午 spec.jbb.JBBmain DoARun -> 信息:   started user thread for Warehouse 14
1月 02, 2026 3:34:38 上午 spec.jbb.JBBmain DoARun -> 信息:   started user thread for Warehouse 15
1月 02, 2026 3:34:38 上午 spec.jbb.JBBmain DoARun -> 信息:   started user thread for Warehouse 16
1月 02, 2026 3:34:38 上午 spec.jbb.JBBmain DoARun -> 信息:   started user thread for Warehouse 17
1月 02, 2026 3:34:38 上午 spec.jbb.JBBmain DoARun -> 信息:   started user thread for Warehouse 18
1月 02, 2026 3:34:38 上午 spec.jbb.JBBmain DoARun -> 信息:   started user thread for Warehouse 19
1月 02, 2026 3:34:38 上午 spec.jbb.JBBmain DoARun -> 信息:   started user thread for Warehouse 20
1月 02, 2026 3:34:38 上午 spec.jbb.JBBmain DoARun -> 信息:   started user thread for Warehouse 21
1月 02, 2026 3:34:38 上午 spec.jbb.JBBmain DoARun -> 信息:   started user thread for Warehouse 22
1月 02, 2026 3:34:38 上午 spec.jbb.JBBmain DoARun -> 信息:   started user thread for Warehouse 23
1月 02, 2026 3:34:38 上午 spec.jbb.JBBmain DoARun -> 信息:   started user thread for Warehouse 24
1月 02, 2026 3:34:38 上午 spec.jbb.JBBmain DoARun -> 信息:   started user thread for Warehouse 25
1月 02, 2026 3:34:38 上午 spec.jbb.JBBmain DoARun -> 信息:   started user thread for Warehouse 26
1月 02, 2026 3:34:38 上午 spec.jbb.JBBmain DoARun -> 信息:   started user thread for Warehouse 27
1月 02, 2026 3:34:38 上午 spec.jbb.JBBmain DoARun -> 信息:   started user thread for Warehouse 28
1月 02, 2026 3:34:38 上午 spec.jbb.JBBmain DoARun -> 信息:   started user thread for Warehouse 29
1月 02, 2026 3:34:38 上午 spec.jbb.JBBmain DoARun -> 信息:   started user thread for Warehouse 30
1月 02, 2026 3:34:38 上午 spec.jbb.JBBmain DoARun -> 信息:   started user thread for Warehouse 31
1月 02, 2026 3:34:38 上午 spec.jbb.JBBmain DoARun -> 信息:   started user thread for Warehouse 32
1月 02, 2026 3:34:38 上午 spec.jbb.JBBmain DoARun -> 信息:   started user thread for Warehouse 33
1月 02, 2026 3:34:38 上午 spec.jbb.JBBmain DoARun -> 信息:   started user thread for Warehouse 34
1月 02, 2026 3:34:38 上午 spec.jbb.JBBmain DoARun -> 信息:   started user thread for Warehouse 35
1月 02, 2026 3:34:38 上午 spec.jbb.JBBmain DoARun -> 信息:   started user thread for Warehouse 36
1月 02, 2026 3:34:38 上午 spec.jbb.JBBmain DoARun -> 信息:   started user thread for Warehouse 37
1月 02, 2026 3:34:38 上午 spec.jbb.JBBmain DoARun -> 信息:   started user thread for Warehouse 38
1月 02, 2026 3:34:38 上午 spec.jbb.JBBmain DoARun -> 信息:   started user thread for Warehouse 39
1月 02, 2026 3:34:38 上午 spec.jbb.JBBmain DoARun -> 信息:   started user thread for Warehouse 40
1月 02, 2026 3:34:38 上午 spec.jbb.JBBmain DoARun -> 信息:   started user thread for Warehouse 41
1月 02, 2026 3:34:38 上午 spec.jbb.JBBmain DoARun -> 信息:   started user thread for Warehouse 42
1月 02, 2026 3:34:38 上午 spec.jbb.JBBmain DoARun -> 信息:   started user thread for Warehouse 43
1月 02, 2026 3:34:38 上午 spec.jbb.JBBmain DoARun -> 信息:   started user thread for Warehouse 44
1月 02, 2026 3:34:38 上午 spec.jbb.JBBmain DoARun -> 信息:   started user thread for Warehouse 45
1月 02, 2026 3:34:38 上午 spec.jbb.JBBmain DoARun -> 信息:   started user thread for Warehouse 46
1月 02, 2026 3:34:38 上午 spec.jbb.JBBmain DoARun -> 信息:   started user thread for Warehouse 47
1月 02, 2026 3:34:38 上午 spec.jbb.JBBmain DoARun -> 信息:   started user thread for Warehouse 48
1月 02, 2026 3:34:38 上午 spec.jbb.JBBmain DoARun -> 信息:   started user thread for Warehouse 49
1月 02, 2026 3:34:38 上午 spec.jbb.JBBmain DoARun -> 信息:   started user thread for Warehouse 50
1月 02, 2026 3:34:38 上午 spec.jbb.JBBmain DoARun -> 信息:   started user thread for Warehouse 51
1月 02, 2026 3:34:38 上午 spec.jbb.JBBmain DoARun -> 信息:   started user thread for Warehouse 52
1月 02, 2026 3:34:38 上午 spec.jbb.JBBmain DoARun -> 信息:   started user thread for Warehouse 53
1月 02, 2026 3:34:38 上午 spec.jbb.JBBmain DoARun -> 信息:   started user thread for Warehouse 54
1月 02, 2026 3:34:38 上午 spec.jbb.JBBmain DoARun -> 信息:   started user thread for Warehouse 55
1月 02, 2026 3:34:38 上午 spec.jbb.JBBmain DoARun -> 信息:   started user thread for Warehouse 56
1月 02, 2026 3:34:38 上午 spec.jbb.JBBmain DoARun -> 信息:   started user thread for Warehouse 57
1月 02, 2026 3:34:38 上午 spec.jbb.JBBmain DoARun -> 信息:   started user thread for Warehouse 58
1月 02, 2026 3:34:38 上午 spec.jbb.JBBmain DoARun -> 信息:   started user thread for Warehouse 59
1月 02, 2026 3:34:38 上午 spec.jbb.JBBmain DoARun -> 信息:   started user thread for Warehouse 60
1月 02, 2026 3:34:38 上午 spec.jbb.JBBmain DoARun -> 信息:   started user thread for Warehouse 61
1月 02, 2026 3:34:38 上午 spec.jbb.JBBmain DoARun -> 信息:   started user thread for Warehouse 62
1月 02, 2026 3:34:38 上午 spec.jbb.JBBmain DoARun -> 信息:   started user thread for Warehouse 63
1月 02, 2026 3:34:38 上午 spec.jbb.JBBmain DoARun -> 信息:   started user thread for Warehouse 64
1月 02, 2026 3:34:38 上午 spec.jbb.JBBmain DoARun -> 信息:   started user thread for Warehouse 65
1月 02, 2026 3:34:38 上午 spec.jbb.Company displayResultTotals -> 信息: Timing Measurement began Fri Jan 02 03:34:38 CST 2026 for 4 minutes
1月 02, 2026 3:38:38 上午 spec.jbb.Company displayResultTotals -> 信息: Timing Measurement ended Fri Jan 02 03:38:38 CST 2026
1月 02, 2026 3:38:38 上午 spec.jbb.Company primeWithDummyData -> 信息: Loading Warehouse 66...
1月 02, 2026 3:38:38 上午 spec.jbb.JBBmain DoARun -> 信息: Start User Threads
1月 02, 2026 3:38:38 上午 spec.jbb.JBBmain DoARun -> 信息:   started user thread for Warehouse 1
1月 02, 2026 3:38:38 上午 spec.jbb.JBBmain DoARun -> 信息:   started user thread for Warehouse 2
1月 02, 2026 3:38:38 上午 spec.jbb.JBBmain DoARun -> 信息:   started user thread for Warehouse 3
1月 02, 2026 3:38:38 上午 spec.jbb.JBBmain DoARun -> 信息:   started user thread for Warehouse 4
1月 02, 2026 3:38:38 上午 spec.jbb.JBBmain DoARun -> 信息:   started user thread for Warehouse 5
1月 02, 2026 3:38:38 上午 spec.jbb.JBBmain DoARun -> 信息:   started user thread for Warehouse 6
1月 02, 2026 3:38:38 上午 spec.jbb.JBBmain DoARun -> 信息:   started user thread for Warehouse 7
1月 02, 2026 3:38:38 上午 spec.jbb.JBBmain DoARun -> 信息:   started user thread for Warehouse 8
1月 02, 2026 3:38:38 上午 spec.jbb.JBBmain DoARun -> 信息:   started user thread for Warehouse 9
1月 02, 2026 3:38:38 上午 spec.jbb.JBBmain DoARun -> 信息:   started user thread for Warehouse 10
1月 02, 2026 3:38:38 上午 spec.jbb.JBBmain DoARun -> 信息:   started user thread for Warehouse 11
1月 02, 2026 3:38:38 上午 spec.jbb.JBBmain DoARun -> 信息:   started user thread for Warehouse 12
1月 02, 2026 3:38:38 上午 spec.jbb.JBBmain DoARun -> 信息:   started user thread for Warehouse 13
1月 02, 2026 3:38:38 上午 spec.jbb.JBBmain DoARun -> 信息:   started user thread for Warehouse 14
1月 02, 2026 3:38:38 上午 spec.jbb.JBBmain DoARun -> 信息:   started user thread for Warehouse 15
1月 02, 2026 3:38:38 上午 spec.jbb.JBBmain DoARun -> 信息:   started user thread for Warehouse 16
1月 02, 2026 3:38:38 上午 spec.jbb.JBBmain DoARun -> 信息:   started user thread for Warehouse 17
1月 02, 2026 3:38:38 上午 spec.jbb.JBBmain DoARun -> 信息:   started user thread for Warehouse 18
1月 02, 2026 3:38:38 上午 spec.jbb.JBBmain DoARun -> 信息:   started user thread for Warehouse 19
1月 02, 2026 3:38:38 上午 spec.jbb.JBBmain DoARun -> 信息:   started user thread for Warehouse 20
1月 02, 2026 3:38:38 上午 spec.jbb.JBBmain DoARun -> 信息:   started user thread for Warehouse 21
1月 02, 2026 3:38:38 上午 spec.jbb.JBBmain DoARun -> 信息:   started user thread for Warehouse 22
1月 02, 2026 3:38:38 上午 spec.jbb.JBBmain DoARun -> 信息:   started user thread for Warehouse 23
1月 02, 2026 3:38:38 上午 spec.jbb.JBBmain DoARun -> 信息:   started user thread for Warehouse 24
1月 02, 2026 3:38:38 上午 spec.jbb.JBBmain DoARun -> 信息:   started user thread for Warehouse 25
1月 02, 2026 3:38:38 上午 spec.jbb.JBBmain DoARun -> 信息:   started user thread for Warehouse 26
1月 02, 2026 3:38:38 上午 spec.jbb.JBBmain DoARun -> 信息:   started user thread for Warehouse 27
1月 02, 2026 3:38:38 上午 spec.jbb.JBBmain DoARun -> 信息:   started user thread for Warehouse 28
1月 02, 2026 3:38:38 上午 spec.jbb.JBBmain DoARun -> 信息:   started user thread for Warehouse 29
1月 02, 2026 3:38:38 上午 spec.jbb.JBBmain DoARun -> 信息:   started user thread for Warehouse 30
1月 02, 2026 3:38:38 上午 spec.jbb.JBBmain DoARun -> 信息:   started user thread for Warehouse 31
1月 02, 2026 3:38:38 上午 spec.jbb.JBBmain DoARun -> 信息:   started user thread for Warehouse 32
1月 02, 2026 3:38:38 上午 spec.jbb.JBBmain DoARun -> 信息:   started user thread for Warehouse 33
1月 02, 2026 3:38:38 上午 spec.jbb.JBBmain DoARun -> 信息:   started user thread for Warehouse 34
1月 02, 2026 3:38:38 上午 spec.jbb.JBBmain DoARun -> 信息:   started user thread for Warehouse 35
1月 02, 2026 3:38:38 上午 spec.jbb.JBBmain DoARun -> 信息:   started user thread for Warehouse 36
1月 02, 2026 3:38:38 上午 spec.jbb.JBBmain DoARun -> 信息:   started user thread for Warehouse 37
1月 02, 2026 3:38:38 上午 spec.jbb.JBBmain DoARun -> 信息:   started user thread for Warehouse 38
1月 02, 2026 3:38:38 上午 spec.jbb.JBBmain DoARun -> 信息:   started user thread for Warehouse 39
1月 02, 2026 3:38:38 上午 spec.jbb.JBBmain DoARun -> 信息:   started user thread for Warehouse 40
1月 02, 2026 3:38:38 上午 spec.jbb.JBBmain DoARun -> 信息:   started user thread for Warehouse 41
1月 02, 2026 3:38:38 上午 spec.jbb.JBBmain DoARun -> 信息:   started user thread for Warehouse 42
1月 02, 2026 3:38:38 上午 spec.jbb.JBBmain DoARun -> 信息:   started user thread for Warehouse 43
1月 02, 2026 3:38:38 上午 spec.jbb.JBBmain DoARun -> 信息:   started user thread for Warehouse 44
1月 02, 2026 3:38:38 上午 spec.jbb.JBBmain DoARun -> 信息:   started user thread for Warehouse 45
1月 02, 2026 3:38:38 上午 spec.jbb.JBBmain DoARun -> 信息:   started user thread for Warehouse 46
1月 02, 2026 3:38:38 上午 spec.jbb.JBBmain DoARun -> 信息:   started user thread for Warehouse 47
1月 02, 2026 3:38:38 上午 spec.jbb.JBBmain DoARun -> 信息:   started user thread for Warehouse 48
1月 02, 2026 3:38:38 上午 spec.jbb.JBBmain DoARun -> 信息:   started user thread for Warehouse 49
1月 02, 2026 3:38:38 上午 spec.jbb.JBBmain DoARun -> 信息:   started user thread for Warehouse 50
1月 02, 2026 3:38:38 上午 spec.jbb.JBBmain DoARun -> 信息:   started user thread for Warehouse 51
1月 02, 2026 3:38:38 上午 spec.jbb.JBBmain DoARun -> 信息:   started user thread for Warehouse 52
1月 02, 2026 3:38:38 上午 spec.jbb.JBBmain DoARun -> 信息:   started user thread for Warehouse 53
1月 02, 2026 3:38:38 上午 spec.jbb.JBBmain DoARun -> 信息:   started user thread for Warehouse 54
1月 02, 2026 3:38:38 上午 spec.jbb.JBBmain DoARun -> 信息:   started user thread for Warehouse 55
1月 02, 2026 3:38:38 上午 spec.jbb.JBBmain DoARun -> 信息:   started user thread for Warehouse 56
1月 02, 2026 3:38:38 上午 spec.jbb.JBBmain DoARun -> 信息:   started user thread for Warehouse 57
1月 02, 2026 3:38:38 上午 spec.jbb.JBBmain DoARun -> 信息:   started user thread for Warehouse 58
1月 02, 2026 3:38:38 上午 spec.jbb.JBBmain DoARun -> 信息:   started user thread for Warehouse 59
1月 02, 2026 3:38:38 上午 spec.jbb.JBBmain DoARun -> 信息:   started user thread for Warehouse 60
1月 02, 2026 3:38:38 上午 spec.jbb.JBBmain DoARun -> 信息:   started user thread for Warehouse 61
1月 02, 2026 3:38:38 上午 spec.jbb.JBBmain DoARun -> 信息:   started user thread for Warehouse 62
1月 02, 2026 3:38:38 上午 spec.jbb.JBBmain DoARun -> 信息:   started user thread for Warehouse 63
1月 02, 2026 3:38:38 上午 spec.jbb.JBBmain DoARun -> 信息:   started user thread for Warehouse 64
1月 02, 2026 3:38:38 上午 spec.jbb.JBBmain DoARun -> 信息:   started user thread for Warehouse 65
1月 02, 2026 3:38:38 上午 spec.jbb.JBBmain DoARun -> 信息:   started user thread for Warehouse 66
1月 02, 2026 3:38:38 上午 spec.jbb.Company displayResultTotals -> 信息: Timing Measurement began Fri Jan 02 03:38:38 CST 2026 for 4 minutes
1月 02, 2026 3:42:38 上午 spec.jbb.Company displayResultTotals -> 信息: Timing Measurement ended Fri Jan 02 03:42:38 CST 2026
1月 02, 2026 3:42:38 上午 spec.jbb.Company primeWithDummyData -> 信息: Loading Warehouse 67...
1月 02, 2026 3:42:39 上午 spec.jbb.JBBmain DoARun -> 信息: Start User Threads
1月 02, 2026 3:42:39 上午 spec.jbb.JBBmain DoARun -> 信息:   started user thread for Warehouse 1
1月 02, 2026 3:42:39 上午 spec.jbb.JBBmain DoARun -> 信息:   started user thread for Warehouse 2
1月 02, 2026 3:42:39 上午 spec.jbb.JBBmain DoARun -> 信息:   started user thread for Warehouse 3
1月 02, 2026 3:42:39 上午 spec.jbb.JBBmain DoARun -> 信息:   started user thread for Warehouse 4
1月 02, 2026 3:42:39 上午 spec.jbb.JBBmain DoARun -> 信息:   started user thread for Warehouse 5
1月 02, 2026 3:42:39 上午 spec.jbb.JBBmain DoARun -> 信息:   started user thread for Warehouse 6
1月 02, 2026 3:42:39 上午 spec.jbb.JBBmain DoARun -> 信息:   started user thread for Warehouse 7
1月 02, 2026 3:42:39 上午 spec.jbb.JBBmain DoARun -> 信息:   started user thread for Warehouse 8
1月 02, 2026 3:42:39 上午 spec.jbb.JBBmain DoARun -> 信息:   started user thread for Warehouse 9
1月 02, 2026 3:42:39 上午 spec.jbb.JBBmain DoARun -> 信息:   started user thread for Warehouse 10
1月 02, 2026 3:42:39 上午 spec.jbb.JBBmain DoARun -> 信息:   started user thread for Warehouse 11
1月 02, 2026 3:42:39 上午 spec.jbb.JBBmain DoARun -> 信息:   started user thread for Warehouse 12
1月 02, 2026 3:42:39 上午 spec.jbb.JBBmain DoARun -> 信息:   started user thread for Warehouse 13
1月 02, 2026 3:42:39 上午 spec.jbb.JBBmain DoARun -> 信息:   started user thread for Warehouse 14
1月 02, 2026 3:42:39 上午 spec.jbb.JBBmain DoARun -> 信息:   started user thread for Warehouse 15
1月 02, 2026 3:42:39 上午 spec.jbb.JBBmain DoARun -> 信息:   started user thread for Warehouse 16
1月 02, 2026 3:42:39 上午 spec.jbb.JBBmain DoARun -> 信息:   started user thread for Warehouse 17
1月 02, 2026 3:42:39 上午 spec.jbb.JBBmain DoARun -> 信息:   started user thread for Warehouse 18
1月 02, 2026 3:42:39 上午 spec.jbb.JBBmain DoARun -> 信息:   started user thread for Warehouse 19
1月 02, 2026 3:42:39 上午 spec.jbb.JBBmain DoARun -> 信息:   started user thread for Warehouse 20
1月 02, 2026 3:42:39 上午 spec.jbb.JBBmain DoARun -> 信息:   started user thread for Warehouse 21
1月 02, 2026 3:42:39 上午 spec.jbb.JBBmain DoARun -> 信息:   started user thread for Warehouse 22
1月 02, 2026 3:42:39 上午 spec.jbb.JBBmain DoARun -> 信息:   started user thread for Warehouse 23
1月 02, 2026 3:42:39 上午 spec.jbb.JBBmain DoARun -> 信息:   started user thread for Warehouse 24
1月 02, 2026 3:42:39 上午 spec.jbb.JBBmain DoARun -> 信息:   started user thread for Warehouse 25
1月 02, 2026 3:42:39 上午 spec.jbb.JBBmain DoARun -> 信息:   started user thread for Warehouse 26
1月 02, 2026 3:42:39 上午 spec.jbb.JBBmain DoARun -> 信息:   started user thread for Warehouse 27
1月 02, 2026 3:42:39 上午 spec.jbb.JBBmain DoARun -> 信息:   started user thread for Warehouse 28
1月 02, 2026 3:42:39 上午 spec.jbb.JBBmain DoARun -> 信息:   started user thread for Warehouse 29
1月 02, 2026 3:42:39 上午 spec.jbb.JBBmain DoARun -> 信息:   started user thread for Warehouse 30
1月 02, 2026 3:42:39 上午 spec.jbb.JBBmain DoARun -> 信息:   started user thread for Warehouse 31
1月 02, 2026 3:42:39 上午 spec.jbb.JBBmain DoARun -> 信息:   started user thread for Warehouse 32
1月 02, 2026 3:42:39 上午 spec.jbb.JBBmain DoARun -> 信息:   started user thread for Warehouse 33
1月 02, 2026 3:42:39 上午 spec.jbb.JBBmain DoARun -> 信息:   started user thread for Warehouse 34
1月 02, 2026 3:42:39 上午 spec.jbb.JBBmain DoARun -> 信息:   started user thread for Warehouse 35
1月 02, 2026 3:42:39 上午 spec.jbb.JBBmain DoARun -> 信息:   started user thread for Warehouse 36
1月 02, 2026 3:42:39 上午 spec.jbb.JBBmain DoARun -> 信息:   started user thread for Warehouse 37
1月 02, 2026 3:42:39 上午 spec.jbb.JBBmain DoARun -> 信息:   started user thread for Warehouse 38
1月 02, 2026 3:42:39 上午 spec.jbb.JBBmain DoARun -> 信息:   started user thread for Warehouse 39
1月 02, 2026 3:42:39 上午 spec.jbb.JBBmain DoARun -> 信息:   started user thread for Warehouse 40
1月 02, 2026 3:42:39 上午 spec.jbb.JBBmain DoARun -> 信息:   started user thread for Warehouse 41
1月 02, 2026 3:42:39 上午 spec.jbb.JBBmain DoARun -> 信息:   started user thread for Warehouse 42
1月 02, 2026 3:42:39 上午 spec.jbb.JBBmain DoARun -> 信息:   started user thread for Warehouse 43
1月 02, 2026 3:42:39 上午 spec.jbb.JBBmain DoARun -> 信息:   started user thread for Warehouse 44
1月 02, 2026 3:42:39 上午 spec.jbb.JBBmain DoARun -> 信息:   started user thread for Warehouse 45
1月 02, 2026 3:42:39 上午 spec.jbb.JBBmain DoARun -> 信息:   started user thread for Warehouse 46
1月 02, 2026 3:42:39 上午 spec.jbb.JBBmain DoARun -> 信息:   started user thread for Warehouse 47
1月 02, 2026 3:42:39 上午 spec.jbb.JBBmain DoARun -> 信息:   started user thread for Warehouse 48
1月 02, 2026 3:42:39 上午 spec.jbb.JBBmain DoARun -> 信息:   started user thread for Warehouse 49
1月 02, 2026 3:42:39 上午 spec.jbb.JBBmain DoARun -> 信息:   started user thread for Warehouse 50
1月 02, 2026 3:42:39 上午 spec.jbb.JBBmain DoARun -> 信息:   started user thread for Warehouse 51
1月 02, 2026 3:42:39 上午 spec.jbb.JBBmain DoARun -> 信息:   started user thread for Warehouse 52
1月 02, 2026 3:42:39 上午 spec.jbb.JBBmain DoARun -> 信息:   started user thread for Warehouse 53
1月 02, 2026 3:42:39 上午 spec.jbb.JBBmain DoARun -> 信息:   started user thread for Warehouse 54
1月 02, 2026 3:42:39 上午 spec.jbb.JBBmain DoARun -> 信息:   started user thread for Warehouse 55
1月 02, 2026 3:42:39 上午 spec.jbb.JBBmain DoARun -> 信息:   started user thread for Warehouse 56
1月 02, 2026 3:42:39 上午 spec.jbb.JBBmain DoARun -> 信息:   started user thread for Warehouse 57
1月 02, 2026 3:42:39 上午 spec.jbb.JBBmain DoARun -> 信息:   started user thread for Warehouse 58
1月 02, 2026 3:42:39 上午 spec.jbb.JBBmain DoARun -> 信息:   started user thread for Warehouse 59
1月 02, 2026 3:42:39 上午 spec.jbb.JBBmain DoARun -> 信息:   started user thread for Warehouse 60
1月 02, 2026 3:42:39 上午 spec.jbb.JBBmain DoARun -> 信息:   started user thread for Warehouse 61
1月 02, 2026 3:42:39 上午 spec.jbb.JBBmain DoARun -> 信息:   started user thread for Warehouse 62
1月 02, 2026 3:42:39 上午 spec.jbb.JBBmain DoARun -> 信息:   started user thread for Warehouse 63
1月 02, 2026 3:42:39 上午 spec.jbb.JBBmain DoARun -> 信息:   started user thread for Warehouse 64
1月 02, 2026 3:42:39 上午 spec.jbb.JBBmain DoARun -> 信息:   started user thread for Warehouse 65
1月 02, 2026 3:42:39 上午 spec.jbb.JBBmain DoARun -> 信息:   started user thread for Warehouse 66
1月 02, 2026 3:42:39 上午 spec.jbb.JBBmain DoARun -> 信息:   started user thread for Warehouse 67
1月 02, 2026 3:42:39 上午 spec.jbb.Company displayResultTotals -> 信息: Timing Measurement began Fri Jan 02 03:42:39 CST 2026 for 4 minutes
1月 02, 2026 3:46:39 上午 spec.jbb.Company displayResultTotals -> 信息: Timing Measurement ended Fri Jan 02 03:46:39 CST 2026
1月 02, 2026 3:46:39 上午 spec.jbb.Company primeWithDummyData -> 信息: Loading Warehouse 68...
1月 02, 2026 3:46:39 上午 spec.jbb.JBBmain DoARun -> 信息: Start User Threads
1月 02, 2026 3:46:39 上午 spec.jbb.JBBmain DoARun -> 信息:   started user thread for Warehouse 1
1月 02, 2026 3:46:39 上午 spec.jbb.JBBmain DoARun -> 信息:   started user thread for Warehouse 2
1月 02, 2026 3:46:39 上午 spec.jbb.JBBmain DoARun -> 信息:   started user thread for Warehouse 3
1月 02, 2026 3:46:39 上午 spec.jbb.JBBmain DoARun -> 信息:   started user thread for Warehouse 4
1月 02, 2026 3:46:39 上午 spec.jbb.JBBmain DoARun -> 信息:   started user thread for Warehouse 5
1月 02, 2026 3:46:39 上午 spec.jbb.JBBmain DoARun -> 信息:   started user thread for Warehouse 6
1月 02, 2026 3:46:39 上午 spec.jbb.JBBmain DoARun -> 信息:   started user thread for Warehouse 7
1月 02, 2026 3:46:39 上午 spec.jbb.JBBmain DoARun -> 信息:   started user thread for Warehouse 8
1月 02, 2026 3:46:39 上午 spec.jbb.JBBmain DoARun -> 信息:   started user thread for Warehouse 9
1月 02, 2026 3:46:39 上午 spec.jbb.JBBmain DoARun -> 信息:   started user thread for Warehouse 10
1月 02, 2026 3:46:39 上午 spec.jbb.JBBmain DoARun -> 信息:   started user thread for Warehouse 11
1月 02, 2026 3:46:39 上午 spec.jbb.JBBmain DoARun -> 信息:   started user thread for Warehouse 12
1月 02, 2026 3:46:39 上午 spec.jbb.JBBmain DoARun -> 信息:   started user thread for Warehouse 13
1月 02, 2026 3:46:39 上午 spec.jbb.JBBmain DoARun -> 信息:   started user thread for Warehouse 14
1月 02, 2026 3:46:39 上午 spec.jbb.JBBmain DoARun -> 信息:   started user thread for Warehouse 15
1月 02, 2026 3:46:39 上午 spec.jbb.JBBmain DoARun -> 信息:   started user thread for Warehouse 16
1月 02, 2026 3:46:39 上午 spec.jbb.JBBmain DoARun -> 信息:   started user thread for Warehouse 17
1月 02, 2026 3:46:39 上午 spec.jbb.JBBmain DoARun -> 信息:   started user thread for Warehouse 18
1月 02, 2026 3:46:39 上午 spec.jbb.JBBmain DoARun -> 信息:   started user thread for Warehouse 19
1月 02, 2026 3:46:39 上午 spec.jbb.JBBmain DoARun -> 信息:   started user thread for Warehouse 20
1月 02, 2026 3:46:39 上午 spec.jbb.JBBmain DoARun -> 信息:   started user thread for Warehouse 21
1月 02, 2026 3:46:39 上午 spec.jbb.JBBmain DoARun -> 信息:   started user thread for Warehouse 22
1月 02, 2026 3:46:39 上午 spec.jbb.JBBmain DoARun -> 信息:   started user thread for Warehouse 23
1月 02, 2026 3:46:39 上午 spec.jbb.JBBmain DoARun -> 信息:   started user thread for Warehouse 24
1月 02, 2026 3:46:39 上午 spec.jbb.JBBmain DoARun -> 信息:   started user thread for Warehouse 25
1月 02, 2026 3:46:39 上午 spec.jbb.JBBmain DoARun -> 信息:   started user thread for Warehouse 26
1月 02, 2026 3:46:39 上午 spec.jbb.JBBmain DoARun -> 信息:   started user thread for Warehouse 27
1月 02, 2026 3:46:39 上午 spec.jbb.JBBmain DoARun -> 信息:   started user thread for Warehouse 28
1月 02, 2026 3:46:39 上午 spec.jbb.JBBmain DoARun -> 信息:   started user thread for Warehouse 29
1月 02, 2026 3:46:39 上午 spec.jbb.JBBmain DoARun -> 信息:   started user thread for Warehouse 30
1月 02, 2026 3:46:39 上午 spec.jbb.JBBmain DoARun -> 信息:   started user thread for Warehouse 31
1月 02, 2026 3:46:39 上午 spec.jbb.JBBmain DoARun -> 信息:   started user thread for Warehouse 32
1月 02, 2026 3:46:39 上午 spec.jbb.JBBmain DoARun -> 信息:   started user thread for Warehouse 33
1月 02, 2026 3:46:39 上午 spec.jbb.JBBmain DoARun -> 信息:   started user thread for Warehouse 34
1月 02, 2026 3:46:39 上午 spec.jbb.JBBmain DoARun -> 信息:   started user thread for Warehouse 35
1月 02, 2026 3:46:39 上午 spec.jbb.JBBmain DoARun -> 信息:   started user thread for Warehouse 36
1月 02, 2026 3:46:39 上午 spec.jbb.JBBmain DoARun -> 信息:   started user thread for Warehouse 37
1月 02, 2026 3:46:39 上午 spec.jbb.JBBmain DoARun -> 信息:   started user thread for Warehouse 38
1月 02, 2026 3:46:39 上午 spec.jbb.JBBmain DoARun -> 信息:   started user thread for Warehouse 39
1月 02, 2026 3:46:39 上午 spec.jbb.JBBmain DoARun -> 信息:   started user thread for Warehouse 40
1月 02, 2026 3:46:39 上午 spec.jbb.JBBmain DoARun -> 信息:   started user thread for Warehouse 41
1月 02, 2026 3:46:39 上午 spec.jbb.JBBmain DoARun -> 信息:   started user thread for Warehouse 42
1月 02, 2026 3:46:39 上午 spec.jbb.JBBmain DoARun -> 信息:   started user thread for Warehouse 43
1月 02, 2026 3:46:39 上午 spec.jbb.JBBmain DoARun -> 信息:   started user thread for Warehouse 44
1月 02, 2026 3:46:39 上午 spec.jbb.JBBmain DoARun -> 信息:   started user thread for Warehouse 45
1月 02, 2026 3:46:39 上午 spec.jbb.JBBmain DoARun -> 信息:   started user thread for Warehouse 46
1月 02, 2026 3:46:39 上午 spec.jbb.JBBmain DoARun -> 信息:   started user thread for Warehouse 47
1月 02, 2026 3:46:39 上午 spec.jbb.JBBmain DoARun -> 信息:   started user thread for Warehouse 48
1月 02, 2026 3:46:39 上午 spec.jbb.JBBmain DoARun -> 信息:   started user thread for Warehouse 49
1月 02, 2026 3:46:39 上午 spec.jbb.JBBmain DoARun -> 信息:   started user thread for Warehouse 50
1月 02, 2026 3:46:39 上午 spec.jbb.JBBmain DoARun -> 信息:   started user thread for Warehouse 51
1月 02, 2026 3:46:39 上午 spec.jbb.JBBmain DoARun -> 信息:   started user thread for Warehouse 52
1月 02, 2026 3:46:39 上午 spec.jbb.JBBmain DoARun -> 信息:   started user thread for Warehouse 53
1月 02, 2026 3:46:39 上午 spec.jbb.JBBmain DoARun -> 信息:   started user thread for Warehouse 54
1月 02, 2026 3:46:39 上午 spec.jbb.JBBmain DoARun -> 信息:   started user thread for Warehouse 55
1月 02, 2026 3:46:39 上午 spec.jbb.JBBmain DoARun -> 信息:   started user thread for Warehouse 56
1月 02, 2026 3:46:39 上午 spec.jbb.JBBmain DoARun -> 信息:   started user thread for Warehouse 57
1月 02, 2026 3:46:39 上午 spec.jbb.JBBmain DoARun -> 信息:   started user thread for Warehouse 58
1月 02, 2026 3:46:39 上午 spec.jbb.JBBmain DoARun -> 信息:   started user thread for Warehouse 59
1月 02, 2026 3:46:39 上午 spec.jbb.JBBmain DoARun -> 信息:   started user thread for Warehouse 60
1月 02, 2026 3:46:39 上午 spec.jbb.JBBmain DoARun -> 信息:   started user thread for Warehouse 61
1月 02, 2026 3:46:39 上午 spec.jbb.JBBmain DoARun -> 信息:   started user thread for Warehouse 62
1月 02, 2026 3:46:39 上午 spec.jbb.JBBmain DoARun -> 信息:   started user thread for Warehouse 63
1月 02, 2026 3:46:39 上午 spec.jbb.JBBmain DoARun -> 信息:   started user thread for Warehouse 64
1月 02, 2026 3:46:39 上午 spec.jbb.JBBmain DoARun -> 信息:   started user thread for Warehouse 65
1月 02, 2026 3:46:39 上午 spec.jbb.JBBmain DoARun -> 信息:   started user thread for Warehouse 66
1月 02, 2026 3:46:39 上午 spec.jbb.JBBmain DoARun -> 信息:   started user thread for Warehouse 67
1月 02, 2026 3:46:39 上午 spec.jbb.JBBmain DoARun -> 信息:   started user thread for Warehouse 68
1月 02, 2026 3:46:39 上午 spec.jbb.Company displayResultTotals -> 信息: Timing Measurement began Fri Jan 02 03:46:39 CST 2026 for 4 minutes
1月 02, 2026 3:50:39 上午 spec.jbb.Company displayResultTotals -> 信息: Timing Measurement ended Fri Jan 02 03:50:39 CST 2026
1月 02, 2026 3:50:39 上午 spec.jbb.Company primeWithDummyData -> 信息: Loading Warehouse 69...
1月 02, 2026 3:50:39 上午 spec.jbb.JBBmain DoARun -> 信息: Start User Threads
1月 02, 2026 3:50:39 上午 spec.jbb.JBBmain DoARun -> 信息:   started user thread for Warehouse 1
1月 02, 2026 3:50:39 上午 spec.jbb.JBBmain DoARun -> 信息:   started user thread for Warehouse 2
1月 02, 2026 3:50:39 上午 spec.jbb.JBBmain DoARun -> 信息:   started user thread for Warehouse 3
1月 02, 2026 3:50:39 上午 spec.jbb.JBBmain DoARun -> 信息:   started user thread for Warehouse 4
1月 02, 2026 3:50:39 上午 spec.jbb.JBBmain DoARun -> 信息:   started user thread for Warehouse 5
1月 02, 2026 3:50:39 上午 spec.jbb.JBBmain DoARun -> 信息:   started user thread for Warehouse 6
1月 02, 2026 3:50:39 上午 spec.jbb.JBBmain DoARun -> 信息:   started user thread for Warehouse 7
1月 02, 2026 3:50:39 上午 spec.jbb.JBBmain DoARun -> 信息:   started user thread for Warehouse 8
1月 02, 2026 3:50:39 上午 spec.jbb.JBBmain DoARun -> 信息:   started user thread for Warehouse 9
1月 02, 2026 3:50:39 上午 spec.jbb.JBBmain DoARun -> 信息:   started user thread for Warehouse 10
1月 02, 2026 3:50:39 上午 spec.jbb.JBBmain DoARun -> 信息:   started user thread for Warehouse 11
1月 02, 2026 3:50:39 上午 spec.jbb.JBBmain DoARun -> 信息:   started user thread for Warehouse 12
1月 02, 2026 3:50:39 上午 spec.jbb.JBBmain DoARun -> 信息:   started user thread for Warehouse 13
1月 02, 2026 3:50:39 上午 spec.jbb.JBBmain DoARun -> 信息:   started user thread for Warehouse 14
1月 02, 2026 3:50:39 上午 spec.jbb.JBBmain DoARun -> 信息:   started user thread for Warehouse 15
1月 02, 2026 3:50:39 上午 spec.jbb.JBBmain DoARun -> 信息:   started user thread for Warehouse 16
1月 02, 2026 3:50:39 上午 spec.jbb.JBBmain DoARun -> 信息:   started user thread for Warehouse 17
1月 02, 2026 3:50:39 上午 spec.jbb.JBBmain DoARun -> 信息:   started user thread for Warehouse 18
1月 02, 2026 3:50:39 上午 spec.jbb.JBBmain DoARun -> 信息:   started user thread for Warehouse 19
1月 02, 2026 3:50:39 上午 spec.jbb.JBBmain DoARun -> 信息:   started user thread for Warehouse 20
1月 02, 2026 3:50:39 上午 spec.jbb.JBBmain DoARun -> 信息:   started user thread for Warehouse 21
1月 02, 2026 3:50:39 上午 spec.jbb.JBBmain DoARun -> 信息:   started user thread for Warehouse 22
1月 02, 2026 3:50:39 上午 spec.jbb.JBBmain DoARun -> 信息:   started user thread for Warehouse 23
1月 02, 2026 3:50:39 上午 spec.jbb.JBBmain DoARun -> 信息:   started user thread for Warehouse 24
1月 02, 2026 3:50:39 上午 spec.jbb.JBBmain DoARun -> 信息:   started user thread for Warehouse 25
1月 02, 2026 3:50:39 上午 spec.jbb.JBBmain DoARun -> 信息:   started user thread for Warehouse 26
1月 02, 2026 3:50:39 上午 spec.jbb.JBBmain DoARun -> 信息:   started user thread for Warehouse 27
1月 02, 2026 3:50:39 上午 spec.jbb.JBBmain DoARun -> 信息:   started user thread for Warehouse 28
1月 02, 2026 3:50:39 上午 spec.jbb.JBBmain DoARun -> 信息:   started user thread for Warehouse 29
1月 02, 2026 3:50:39 上午 spec.jbb.JBBmain DoARun -> 信息:   started user thread for Warehouse 30
1月 02, 2026 3:50:39 上午 spec.jbb.JBBmain DoARun -> 信息:   started user thread for Warehouse 31
1月 02, 2026 3:50:39 上午 spec.jbb.JBBmain DoARun -> 信息:   started user thread for Warehouse 32
1月 02, 2026 3:50:39 上午 spec.jbb.JBBmain DoARun -> 信息:   started user thread for Warehouse 33
1月 02, 2026 3:50:39 上午 spec.jbb.JBBmain DoARun -> 信息:   started user thread for Warehouse 34
1月 02, 2026 3:50:39 上午 spec.jbb.JBBmain DoARun -> 信息:   started user thread for Warehouse 35
1月 02, 2026 3:50:39 上午 spec.jbb.JBBmain DoARun -> 信息:   started user thread for Warehouse 36
1月 02, 2026 3:50:39 上午 spec.jbb.JBBmain DoARun -> 信息:   started user thread for Warehouse 37
1月 02, 2026 3:50:39 上午 spec.jbb.JBBmain DoARun -> 信息:   started user thread for Warehouse 38
1月 02, 2026 3:50:39 上午 spec.jbb.JBBmain DoARun -> 信息:   started user thread for Warehouse 39
1月 02, 2026 3:50:39 上午 spec.jbb.JBBmain DoARun -> 信息:   started user thread for Warehouse 40
1月 02, 2026 3:50:39 上午 spec.jbb.JBBmain DoARun -> 信息:   started user thread for Warehouse 41
1月 02, 2026 3:50:39 上午 spec.jbb.JBBmain DoARun -> 信息:   started user thread for Warehouse 42
1月 02, 2026 3:50:39 上午 spec.jbb.JBBmain DoARun -> 信息:   started user thread for Warehouse 43
1月 02, 2026 3:50:39 上午 spec.jbb.JBBmain DoARun -> 信息:   started user thread for Warehouse 44
1月 02, 2026 3:50:39 上午 spec.jbb.JBBmain DoARun -> 信息:   started user thread for Warehouse 45
1月 02, 2026 3:50:39 上午 spec.jbb.JBBmain DoARun -> 信息:   started user thread for Warehouse 46
1月 02, 2026 3:50:39 上午 spec.jbb.JBBmain DoARun -> 信息:   started user thread for Warehouse 47
1月 02, 2026 3:50:39 上午 spec.jbb.JBBmain DoARun -> 信息:   started user thread for Warehouse 48
1月 02, 2026 3:50:39 上午 spec.jbb.JBBmain DoARun -> 信息:   started user thread for Warehouse 49
1月 02, 2026 3:50:39 上午 spec.jbb.JBBmain DoARun -> 信息:   started user thread for Warehouse 50
1月 02, 2026 3:50:39 上午 spec.jbb.JBBmain DoARun -> 信息:   started user thread for Warehouse 51
1月 02, 2026 3:50:39 上午 spec.jbb.JBBmain DoARun -> 信息:   started user thread for Warehouse 52
1月 02, 2026 3:50:39 上午 spec.jbb.JBBmain DoARun -> 信息:   started user thread for Warehouse 53
1月 02, 2026 3:50:39 上午 spec.jbb.JBBmain DoARun -> 信息:   started user thread for Warehouse 54
1月 02, 2026 3:50:39 上午 spec.jbb.JBBmain DoARun -> 信息:   started user thread for Warehouse 55
1月 02, 2026 3:50:39 上午 spec.jbb.JBBmain DoARun -> 信息:   started user thread for Warehouse 56
1月 02, 2026 3:50:39 上午 spec.jbb.JBBmain DoARun -> 信息:   started user thread for Warehouse 57
1月 02, 2026 3:50:39 上午 spec.jbb.JBBmain DoARun -> 信息:   started user thread for Warehouse 58
1月 02, 2026 3:50:39 上午 spec.jbb.JBBmain DoARun -> 信息:   started user thread for Warehouse 59
1月 02, 2026 3:50:39 上午 spec.jbb.JBBmain DoARun -> 信息:   started user thread for Warehouse 60
1月 02, 2026 3:50:39 上午 spec.jbb.JBBmain DoARun -> 信息:   started user thread for Warehouse 61
1月 02, 2026 3:50:39 上午 spec.jbb.JBBmain DoARun -> 信息:   started user thread for Warehouse 62
1月 02, 2026 3:50:39 上午 spec.jbb.JBBmain DoARun -> 信息:   started user thread for Warehouse 63
1月 02, 2026 3:50:39 上午 spec.jbb.JBBmain DoARun -> 信息:   started user thread for Warehouse 64
1月 02, 2026 3:50:39 上午 spec.jbb.JBBmain DoARun -> 信息:   started user thread for Warehouse 65
1月 02, 2026 3:50:39 上午 spec.jbb.JBBmain DoARun -> 信息:   started user thread for Warehouse 66
1月 02, 2026 3:50:39 上午 spec.jbb.JBBmain DoARun -> 信息:   started user thread for Warehouse 67
1月 02, 2026 3:50:39 上午 spec.jbb.JBBmain DoARun -> 信息:   started user thread for Warehouse 68
1月 02, 2026 3:50:39 上午 spec.jbb.JBBmain DoARun -> 信息:   started user thread for Warehouse 69
1月 02, 2026 3:50:39 上午 spec.jbb.Company displayResultTotals -> 信息: Timing Measurement began Fri Jan 02 03:50:39 CST 2026 for 4 minutes
1月 02, 2026 3:54:39 上午 spec.jbb.Company displayResultTotals -> 信息: Timing Measurement ended Fri Jan 02 03:54:39 CST 2026
1月 02, 2026 3:54:39 上午 spec.jbb.Company primeWithDummyData -> 信息: Loading Warehouse 70...
1月 02, 2026 3:54:40 上午 spec.jbb.JBBmain DoARun -> 信息: Start User Threads
1月 02, 2026 3:54:40 上午 spec.jbb.JBBmain DoARun -> 信息:   started user thread for Warehouse 1
1月 02, 2026 3:54:40 上午 spec.jbb.JBBmain DoARun -> 信息:   started user thread for Warehouse 2
1月 02, 2026 3:54:40 上午 spec.jbb.JBBmain DoARun -> 信息:   started user thread for Warehouse 3
1月 02, 2026 3:54:40 上午 spec.jbb.JBBmain DoARun -> 信息:   started user thread for Warehouse 4
1月 02, 2026 3:54:40 上午 spec.jbb.JBBmain DoARun -> 信息:   started user thread for Warehouse 5
1月 02, 2026 3:54:40 上午 spec.jbb.JBBmain DoARun -> 信息:   started user thread for Warehouse 6
1月 02, 2026 3:54:40 上午 spec.jbb.JBBmain DoARun -> 信息:   started user thread for Warehouse 7
1月 02, 2026 3:54:40 上午 spec.jbb.JBBmain DoARun -> 信息:   started user thread for Warehouse 8
1月 02, 2026 3:54:40 上午 spec.jbb.JBBmain DoARun -> 信息:   started user thread for Warehouse 9
1月 02, 2026 3:54:40 上午 spec.jbb.JBBmain DoARun -> 信息:   started user thread for Warehouse 10
1月 02, 2026 3:54:40 上午 spec.jbb.JBBmain DoARun -> 信息:   started user thread for Warehouse 11
1月 02, 2026 3:54:40 上午 spec.jbb.JBBmain DoARun -> 信息:   started user thread for Warehouse 12
1月 02, 2026 3:54:40 上午 spec.jbb.JBBmain DoARun -> 信息:   started user thread for Warehouse 13
1月 02, 2026 3:54:40 上午 spec.jbb.JBBmain DoARun -> 信息:   started user thread for Warehouse 14
1月 02, 2026 3:54:40 上午 spec.jbb.JBBmain DoARun -> 信息:   started user thread for Warehouse 15
1月 02, 2026 3:54:40 上午 spec.jbb.JBBmain DoARun -> 信息:   started user thread for Warehouse 16
1月 02, 2026 3:54:40 上午 spec.jbb.JBBmain DoARun -> 信息:   started user thread for Warehouse 17
1月 02, 2026 3:54:40 上午 spec.jbb.JBBmain DoARun -> 信息:   started user thread for Warehouse 18
1月 02, 2026 3:54:40 上午 spec.jbb.JBBmain DoARun -> 信息:   started user thread for Warehouse 19
1月 02, 2026 3:54:40 上午 spec.jbb.JBBmain DoARun -> 信息:   started user thread for Warehouse 20
1月 02, 2026 3:54:40 上午 spec.jbb.JBBmain DoARun -> 信息:   started user thread for Warehouse 21
1月 02, 2026 3:54:40 上午 spec.jbb.JBBmain DoARun -> 信息:   started user thread for Warehouse 22
1月 02, 2026 3:54:40 上午 spec.jbb.JBBmain DoARun -> 信息:   started user thread for Warehouse 23
1月 02, 2026 3:54:40 上午 spec.jbb.JBBmain DoARun -> 信息:   started user thread for Warehouse 24
1月 02, 2026 3:54:40 上午 spec.jbb.JBBmain DoARun -> 信息:   started user thread for Warehouse 25
1月 02, 2026 3:54:40 上午 spec.jbb.JBBmain DoARun -> 信息:   started user thread for Warehouse 26
1月 02, 2026 3:54:40 上午 spec.jbb.JBBmain DoARun -> 信息:   started user thread for Warehouse 27
1月 02, 2026 3:54:40 上午 spec.jbb.JBBmain DoARun -> 信息:   started user thread for Warehouse 28
1月 02, 2026 3:54:40 上午 spec.jbb.JBBmain DoARun -> 信息:   started user thread for Warehouse 29
1月 02, 2026 3:54:40 上午 spec.jbb.JBBmain DoARun -> 信息:   started user thread for Warehouse 30
1月 02, 2026 3:54:40 上午 spec.jbb.JBBmain DoARun -> 信息:   started user thread for Warehouse 31
1月 02, 2026 3:54:40 上午 spec.jbb.JBBmain DoARun -> 信息:   started user thread for Warehouse 32
1月 02, 2026 3:54:40 上午 spec.jbb.JBBmain DoARun -> 信息:   started user thread for Warehouse 33
1月 02, 2026 3:54:40 上午 spec.jbb.JBBmain DoARun -> 信息:   started user thread for Warehouse 34
1月 02, 2026 3:54:40 上午 spec.jbb.JBBmain DoARun -> 信息:   started user thread for Warehouse 35
1月 02, 2026 3:54:40 上午 spec.jbb.JBBmain DoARun -> 信息:   started user thread for Warehouse 36
1月 02, 2026 3:54:40 上午 spec.jbb.JBBmain DoARun -> 信息:   started user thread for Warehouse 37
1月 02, 2026 3:54:40 上午 spec.jbb.JBBmain DoARun -> 信息:   started user thread for Warehouse 38
1月 02, 2026 3:54:40 上午 spec.jbb.JBBmain DoARun -> 信息:   started user thread for Warehouse 39
1月 02, 2026 3:54:40 上午 spec.jbb.JBBmain DoARun -> 信息:   started user thread for Warehouse 40
1月 02, 2026 3:54:40 上午 spec.jbb.JBBmain DoARun -> 信息:   started user thread for Warehouse 41
1月 02, 2026 3:54:40 上午 spec.jbb.JBBmain DoARun -> 信息:   started user thread for Warehouse 42
1月 02, 2026 3:54:40 上午 spec.jbb.JBBmain DoARun -> 信息:   started user thread for Warehouse 43
1月 02, 2026 3:54:40 上午 spec.jbb.JBBmain DoARun -> 信息:   started user thread for Warehouse 44
1月 02, 2026 3:54:40 上午 spec.jbb.JBBmain DoARun -> 信息:   started user thread for Warehouse 45
1月 02, 2026 3:54:40 上午 spec.jbb.JBBmain DoARun -> 信息:   started user thread for Warehouse 46
1月 02, 2026 3:54:40 上午 spec.jbb.JBBmain DoARun -> 信息:   started user thread for Warehouse 47
1月 02, 2026 3:54:40 上午 spec.jbb.JBBmain DoARun -> 信息:   started user thread for Warehouse 48
1月 02, 2026 3:54:40 上午 spec.jbb.JBBmain DoARun -> 信息:   started user thread for Warehouse 49
1月 02, 2026 3:54:40 上午 spec.jbb.JBBmain DoARun -> 信息:   started user thread for Warehouse 50
1月 02, 2026 3:54:40 上午 spec.jbb.JBBmain DoARun -> 信息:   started user thread for Warehouse 51
1月 02, 2026 3:54:40 上午 spec.jbb.JBBmain DoARun -> 信息:   started user thread for Warehouse 52
1月 02, 2026 3:54:40 上午 spec.jbb.JBBmain DoARun -> 信息:   started user thread for Warehouse 53
1月 02, 2026 3:54:40 上午 spec.jbb.JBBmain DoARun -> 信息:   started user thread for Warehouse 54
1月 02, 2026 3:54:40 上午 spec.jbb.JBBmain DoARun -> 信息:   started user thread for Warehouse 55
1月 02, 2026 3:54:40 上午 spec.jbb.JBBmain DoARun -> 信息:   started user thread for Warehouse 56
1月 02, 2026 3:54:40 上午 spec.jbb.JBBmain DoARun -> 信息:   started user thread for Warehouse 57
1月 02, 2026 3:54:40 上午 spec.jbb.JBBmain DoARun -> 信息:   started user thread for Warehouse 58
1月 02, 2026 3:54:40 上午 spec.jbb.JBBmain DoARun -> 信息:   started user thread for Warehouse 59
1月 02, 2026 3:54:40 上午 spec.jbb.JBBmain DoARun -> 信息:   started user thread for Warehouse 60
1月 02, 2026 3:54:40 上午 spec.jbb.JBBmain DoARun -> 信息:   started user thread for Warehouse 61
1月 02, 2026 3:54:40 上午 spec.jbb.JBBmain DoARun -> 信息:   started user thread for Warehouse 62
1月 02, 2026 3:54:40 上午 spec.jbb.JBBmain DoARun -> 信息:   started user thread for Warehouse 63
1月 02, 2026 3:54:40 上午 spec.jbb.JBBmain DoARun -> 信息:   started user thread for Warehouse 64
1月 02, 2026 3:54:40 上午 spec.jbb.JBBmain DoARun -> 信息:   started user thread for Warehouse 65
1月 02, 2026 3:54:40 上午 spec.jbb.JBBmain DoARun -> 信息:   started user thread for Warehouse 66
1月 02, 2026 3:54:40 上午 spec.jbb.JBBmain DoARun -> 信息:   started user thread for Warehouse 67
1月 02, 2026 3:54:40 上午 spec.jbb.JBBmain DoARun -> 信息:   started user thread for Warehouse 68
1月 02, 2026 3:54:40 上午 spec.jbb.JBBmain DoARun -> 信息:   started user thread for Warehouse 69
1月 02, 2026 3:54:40 上午 spec.jbb.JBBmain DoARun -> 信息:   started user thread for Warehouse 70
1月 02, 2026 3:54:40 上午 spec.jbb.Company displayResultTotals -> 信息: Timing Measurement began Fri Jan 02 03:54:40 CST 2026 for 4 minutes
1月 02, 2026 3:58:40 上午 spec.jbb.Company displayResultTotals -> 信息: Timing Measurement ended Fri Jan 02 03:58:40 CST 2026
1月 02, 2026 3:58:40 上午 spec.jbb.Company primeWithDummyData -> 信息: Loading Warehouse 71...
1月 02, 2026 3:58:40 上午 spec.jbb.JBBmain DoARun -> 信息: Start User Threads
1月 02, 2026 3:58:40 上午 spec.jbb.JBBmain DoARun -> 信息:   started user thread for Warehouse 1
1月 02, 2026 3:58:40 上午 spec.jbb.JBBmain DoARun -> 信息:   started user thread for Warehouse 2
1月 02, 2026 3:58:40 上午 spec.jbb.JBBmain DoARun -> 信息:   started user thread for Warehouse 3
1月 02, 2026 3:58:40 上午 spec.jbb.JBBmain DoARun -> 信息:   started user thread for Warehouse 4
1月 02, 2026 3:58:40 上午 spec.jbb.JBBmain DoARun -> 信息:   started user thread for Warehouse 5
1月 02, 2026 3:58:40 上午 spec.jbb.JBBmain DoARun -> 信息:   started user thread for Warehouse 6
1月 02, 2026 3:58:40 上午 spec.jbb.JBBmain DoARun -> 信息:   started user thread for Warehouse 7
1月 02, 2026 3:58:40 上午 spec.jbb.JBBmain DoARun -> 信息:   started user thread for Warehouse 8
1月 02, 2026 3:58:40 上午 spec.jbb.JBBmain DoARun -> 信息:   started user thread for Warehouse 9
1月 02, 2026 3:58:40 上午 spec.jbb.JBBmain DoARun -> 信息:   started user thread for Warehouse 10
1月 02, 2026 3:58:40 上午 spec.jbb.JBBmain DoARun -> 信息:   started user thread for Warehouse 11
1月 02, 2026 3:58:40 上午 spec.jbb.JBBmain DoARun -> 信息:   started user thread for Warehouse 12
1月 02, 2026 3:58:40 上午 spec.jbb.JBBmain DoARun -> 信息:   started user thread for Warehouse 13
1月 02, 2026 3:58:40 上午 spec.jbb.JBBmain DoARun -> 信息:   started user thread for Warehouse 14
1月 02, 2026 3:58:40 上午 spec.jbb.JBBmain DoARun -> 信息:   started user thread for Warehouse 15
1月 02, 2026 3:58:40 上午 spec.jbb.JBBmain DoARun -> 信息:   started user thread for Warehouse 16
1月 02, 2026 3:58:40 上午 spec.jbb.JBBmain DoARun -> 信息:   started user thread for Warehouse 17
1月 02, 2026 3:58:40 上午 spec.jbb.JBBmain DoARun -> 信息:   started user thread for Warehouse 18
1月 02, 2026 3:58:40 上午 spec.jbb.JBBmain DoARun -> 信息:   started user thread for Warehouse 19
1月 02, 2026 3:58:40 上午 spec.jbb.JBBmain DoARun -> 信息:   started user thread for Warehouse 20
1月 02, 2026 3:58:40 上午 spec.jbb.JBBmain DoARun -> 信息:   started user thread for Warehouse 21
1月 02, 2026 3:58:40 上午 spec.jbb.JBBmain DoARun -> 信息:   started user thread for Warehouse 22
1月 02, 2026 3:58:40 上午 spec.jbb.JBBmain DoARun -> 信息:   started user thread for Warehouse 23
1月 02, 2026 3:58:40 上午 spec.jbb.JBBmain DoARun -> 信息:   started user thread for Warehouse 24
1月 02, 2026 3:58:40 上午 spec.jbb.JBBmain DoARun -> 信息:   started user thread for Warehouse 25
1月 02, 2026 3:58:40 上午 spec.jbb.JBBmain DoARun -> 信息:   started user thread for Warehouse 26
1月 02, 2026 3:58:40 上午 spec.jbb.JBBmain DoARun -> 信息:   started user thread for Warehouse 27
1月 02, 2026 3:58:40 上午 spec.jbb.JBBmain DoARun -> 信息:   started user thread for Warehouse 28
1月 02, 2026 3:58:40 上午 spec.jbb.JBBmain DoARun -> 信息:   started user thread for Warehouse 29
1月 02, 2026 3:58:40 上午 spec.jbb.JBBmain DoARun -> 信息:   started user thread for Warehouse 30
1月 02, 2026 3:58:40 上午 spec.jbb.JBBmain DoARun -> 信息:   started user thread for Warehouse 31
1月 02, 2026 3:58:40 上午 spec.jbb.JBBmain DoARun -> 信息:   started user thread for Warehouse 32
1月 02, 2026 3:58:40 上午 spec.jbb.JBBmain DoARun -> 信息:   started user thread for Warehouse 33
1月 02, 2026 3:58:40 上午 spec.jbb.JBBmain DoARun -> 信息:   started user thread for Warehouse 34
1月 02, 2026 3:58:40 上午 spec.jbb.JBBmain DoARun -> 信息:   started user thread for Warehouse 35
1月 02, 2026 3:58:40 上午 spec.jbb.JBBmain DoARun -> 信息:   started user thread for Warehouse 36
1月 02, 2026 3:58:40 上午 spec.jbb.JBBmain DoARun -> 信息:   started user thread for Warehouse 37
1月 02, 2026 3:58:40 上午 spec.jbb.JBBmain DoARun -> 信息:   started user thread for Warehouse 38
1月 02, 2026 3:58:40 上午 spec.jbb.JBBmain DoARun -> 信息:   started user thread for Warehouse 39
1月 02, 2026 3:58:40 上午 spec.jbb.JBBmain DoARun -> 信息:   started user thread for Warehouse 40
1月 02, 2026 3:58:40 上午 spec.jbb.JBBmain DoARun -> 信息:   started user thread for Warehouse 41
1月 02, 2026 3:58:40 上午 spec.jbb.JBBmain DoARun -> 信息:   started user thread for Warehouse 42
1月 02, 2026 3:58:40 上午 spec.jbb.JBBmain DoARun -> 信息:   started user thread for Warehouse 43
1月 02, 2026 3:58:40 上午 spec.jbb.JBBmain DoARun -> 信息:   started user thread for Warehouse 44
1月 02, 2026 3:58:40 上午 spec.jbb.JBBmain DoARun -> 信息:   started user thread for Warehouse 45
1月 02, 2026 3:58:40 上午 spec.jbb.JBBmain DoARun -> 信息:   started user thread for Warehouse 46
1月 02, 2026 3:58:40 上午 spec.jbb.JBBmain DoARun -> 信息:   started user thread for Warehouse 47
1月 02, 2026 3:58:40 上午 spec.jbb.JBBmain DoARun -> 信息:   started user thread for Warehouse 48
1月 02, 2026 3:58:40 上午 spec.jbb.JBBmain DoARun -> 信息:   started user thread for Warehouse 49
1月 02, 2026 3:58:40 上午 spec.jbb.JBBmain DoARun -> 信息:   started user thread for Warehouse 50
1月 02, 2026 3:58:40 上午 spec.jbb.JBBmain DoARun -> 信息:   started user thread for Warehouse 51
1月 02, 2026 3:58:40 上午 spec.jbb.JBBmain DoARun -> 信息:   started user thread for Warehouse 52
1月 02, 2026 3:58:40 上午 spec.jbb.JBBmain DoARun -> 信息:   started user thread for Warehouse 53
1月 02, 2026 3:58:40 上午 spec.jbb.JBBmain DoARun -> 信息:   started user thread for Warehouse 54
1月 02, 2026 3:58:40 上午 spec.jbb.JBBmain DoARun -> 信息:   started user thread for Warehouse 55
1月 02, 2026 3:58:40 上午 spec.jbb.JBBmain DoARun -> 信息:   started user thread for Warehouse 56
1月 02, 2026 3:58:40 上午 spec.jbb.JBBmain DoARun -> 信息:   started user thread for Warehouse 57
1月 02, 2026 3:58:40 上午 spec.jbb.JBBmain DoARun -> 信息:   started user thread for Warehouse 58
1月 02, 2026 3:58:40 上午 spec.jbb.JBBmain DoARun -> 信息:   started user thread for Warehouse 59
1月 02, 2026 3:58:40 上午 spec.jbb.JBBmain DoARun -> 信息:   started user thread for Warehouse 60
1月 02, 2026 3:58:40 上午 spec.jbb.JBBmain DoARun -> 信息:   started user thread for Warehouse 61
1月 02, 2026 3:58:40 上午 spec.jbb.JBBmain DoARun -> 信息:   started user thread for Warehouse 62
1月 02, 2026 3:58:40 上午 spec.jbb.JBBmain DoARun -> 信息:   started user thread for Warehouse 63
1月 02, 2026 3:58:40 上午 spec.jbb.JBBmain DoARun -> 信息:   started user thread for Warehouse 64
1月 02, 2026 3:58:40 上午 spec.jbb.JBBmain DoARun -> 信息:   started user thread for Warehouse 65
1月 02, 2026 3:58:40 上午 spec.jbb.JBBmain DoARun -> 信息:   started user thread for Warehouse 66
1月 02, 2026 3:58:40 上午 spec.jbb.JBBmain DoARun -> 信息:   started user thread for Warehouse 67
1月 02, 2026 3:58:40 上午 spec.jbb.JBBmain DoARun -> 信息:   started user thread for Warehouse 68
1月 02, 2026 3:58:40 上午 spec.jbb.JBBmain DoARun -> 信息:   started user thread for Warehouse 69
1月 02, 2026 3:58:40 上午 spec.jbb.JBBmain DoARun -> 信息:   started user thread for Warehouse 70
1月 02, 2026 3:58:40 上午 spec.jbb.JBBmain DoARun -> 信息:   started user thread for Warehouse 71
1月 02, 2026 3:58:40 上午 spec.jbb.Company displayResultTotals -> 信息: Timing Measurement began Fri Jan 02 03:58:40 CST 2026 for 4 minutes
1月 02, 2026 4:02:40 上午 spec.jbb.Company displayResultTotals -> 信息: Timing Measurement ended Fri Jan 02 04:02:40 CST 2026
1月 02, 2026 4:02:40 上午 spec.jbb.Company primeWithDummyData -> 信息: Loading Warehouse 72...
1月 02, 2026 4:02:40 上午 spec.jbb.JBBmain DoARun -> 信息: Start User Threads
1月 02, 2026 4:02:40 上午 spec.jbb.JBBmain DoARun -> 信息:   started user thread for Warehouse 1
1月 02, 2026 4:02:40 上午 spec.jbb.JBBmain DoARun -> 信息:   started user thread for Warehouse 2
1月 02, 2026 4:02:40 上午 spec.jbb.JBBmain DoARun -> 信息:   started user thread for Warehouse 3
1月 02, 2026 4:02:40 上午 spec.jbb.JBBmain DoARun -> 信息:   started user thread for Warehouse 4
1月 02, 2026 4:02:40 上午 spec.jbb.JBBmain DoARun -> 信息:   started user thread for Warehouse 5
1月 02, 2026 4:02:40 上午 spec.jbb.JBBmain DoARun -> 信息:   started user thread for Warehouse 6
1月 02, 2026 4:02:40 上午 spec.jbb.JBBmain DoARun -> 信息:   started user thread for Warehouse 7
1月 02, 2026 4:02:40 上午 spec.jbb.JBBmain DoARun -> 信息:   started user thread for Warehouse 8
1月 02, 2026 4:02:40 上午 spec.jbb.JBBmain DoARun -> 信息:   started user thread for Warehouse 9
1月 02, 2026 4:02:40 上午 spec.jbb.JBBmain DoARun -> 信息:   started user thread for Warehouse 10
1月 02, 2026 4:02:40 上午 spec.jbb.JBBmain DoARun -> 信息:   started user thread for Warehouse 11
1月 02, 2026 4:02:40 上午 spec.jbb.JBBmain DoARun -> 信息:   started user thread for Warehouse 12
1月 02, 2026 4:02:40 上午 spec.jbb.JBBmain DoARun -> 信息:   started user thread for Warehouse 13
1月 02, 2026 4:02:40 上午 spec.jbb.JBBmain DoARun -> 信息:   started user thread for Warehouse 14
1月 02, 2026 4:02:40 上午 spec.jbb.JBBmain DoARun -> 信息:   started user thread for Warehouse 15
1月 02, 2026 4:02:40 上午 spec.jbb.JBBmain DoARun -> 信息:   started user thread for Warehouse 16
1月 02, 2026 4:02:40 上午 spec.jbb.JBBmain DoARun -> 信息:   started user thread for Warehouse 17
1月 02, 2026 4:02:40 上午 spec.jbb.JBBmain DoARun -> 信息:   started user thread for Warehouse 18
1月 02, 2026 4:02:40 上午 spec.jbb.JBBmain DoARun -> 信息:   started user thread for Warehouse 19
1月 02, 2026 4:02:40 上午 spec.jbb.JBBmain DoARun -> 信息:   started user thread for Warehouse 20
1月 02, 2026 4:02:40 上午 spec.jbb.JBBmain DoARun -> 信息:   started user thread for Warehouse 21
1月 02, 2026 4:02:40 上午 spec.jbb.JBBmain DoARun -> 信息:   started user thread for Warehouse 22
1月 02, 2026 4:02:40 上午 spec.jbb.JBBmain DoARun -> 信息:   started user thread for Warehouse 23
1月 02, 2026 4:02:40 上午 spec.jbb.JBBmain DoARun -> 信息:   started user thread for Warehouse 24
1月 02, 2026 4:02:40 上午 spec.jbb.JBBmain DoARun -> 信息:   started user thread for Warehouse 25
1月 02, 2026 4:02:40 上午 spec.jbb.JBBmain DoARun -> 信息:   started user thread for Warehouse 26
1月 02, 2026 4:02:40 上午 spec.jbb.JBBmain DoARun -> 信息:   started user thread for Warehouse 27
1月 02, 2026 4:02:40 上午 spec.jbb.JBBmain DoARun -> 信息:   started user thread for Warehouse 28
1月 02, 2026 4:02:40 上午 spec.jbb.JBBmain DoARun -> 信息:   started user thread for Warehouse 29
1月 02, 2026 4:02:40 上午 spec.jbb.JBBmain DoARun -> 信息:   started user thread for Warehouse 30
1月 02, 2026 4:02:40 上午 spec.jbb.JBBmain DoARun -> 信息:   started user thread for Warehouse 31
1月 02, 2026 4:02:40 上午 spec.jbb.JBBmain DoARun -> 信息:   started user thread for Warehouse 32
1月 02, 2026 4:02:40 上午 spec.jbb.JBBmain DoARun -> 信息:   started user thread for Warehouse 33
1月 02, 2026 4:02:40 上午 spec.jbb.JBBmain DoARun -> 信息:   started user thread for Warehouse 34
1月 02, 2026 4:02:40 上午 spec.jbb.JBBmain DoARun -> 信息:   started user thread for Warehouse 35
1月 02, 2026 4:02:40 上午 spec.jbb.JBBmain DoARun -> 信息:   started user thread for Warehouse 36
1月 02, 2026 4:02:40 上午 spec.jbb.JBBmain DoARun -> 信息:   started user thread for Warehouse 37
1月 02, 2026 4:02:40 上午 spec.jbb.JBBmain DoARun -> 信息:   started user thread for Warehouse 38
1月 02, 2026 4:02:40 上午 spec.jbb.JBBmain DoARun -> 信息:   started user thread for Warehouse 39
1月 02, 2026 4:02:40 上午 spec.jbb.JBBmain DoARun -> 信息:   started user thread for Warehouse 40
1月 02, 2026 4:02:40 上午 spec.jbb.JBBmain DoARun -> 信息:   started user thread for Warehouse 41
1月 02, 2026 4:02:40 上午 spec.jbb.JBBmain DoARun -> 信息:   started user thread for Warehouse 42
1月 02, 2026 4:02:40 上午 spec.jbb.JBBmain DoARun -> 信息:   started user thread for Warehouse 43
1月 02, 2026 4:02:40 上午 spec.jbb.JBBmain DoARun -> 信息:   started user thread for Warehouse 44
1月 02, 2026 4:02:40 上午 spec.jbb.JBBmain DoARun -> 信息:   started user thread for Warehouse 45
1月 02, 2026 4:02:40 上午 spec.jbb.JBBmain DoARun -> 信息:   started user thread for Warehouse 46
1月 02, 2026 4:02:40 上午 spec.jbb.JBBmain DoARun -> 信息:   started user thread for Warehouse 47
1月 02, 2026 4:02:40 上午 spec.jbb.JBBmain DoARun -> 信息:   started user thread for Warehouse 48
1月 02, 2026 4:02:40 上午 spec.jbb.JBBmain DoARun -> 信息:   started user thread for Warehouse 49
1月 02, 2026 4:02:40 上午 spec.jbb.JBBmain DoARun -> 信息:   started user thread for Warehouse 50
1月 02, 2026 4:02:40 上午 spec.jbb.JBBmain DoARun -> 信息:   started user thread for Warehouse 51
1月 02, 2026 4:02:40 上午 spec.jbb.JBBmain DoARun -> 信息:   started user thread for Warehouse 52
1月 02, 2026 4:02:40 上午 spec.jbb.JBBmain DoARun -> 信息:   started user thread for Warehouse 53
1月 02, 2026 4:02:40 上午 spec.jbb.JBBmain DoARun -> 信息:   started user thread for Warehouse 54
1月 02, 2026 4:02:40 上午 spec.jbb.JBBmain DoARun -> 信息:   started user thread for Warehouse 55
1月 02, 2026 4:02:40 上午 spec.jbb.JBBmain DoARun -> 信息:   started user thread for Warehouse 56
1月 02, 2026 4:02:40 上午 spec.jbb.JBBmain DoARun -> 信息:   started user thread for Warehouse 57
1月 02, 2026 4:02:40 上午 spec.jbb.JBBmain DoARun -> 信息:   started user thread for Warehouse 58
1月 02, 2026 4:02:40 上午 spec.jbb.JBBmain DoARun -> 信息:   started user thread for Warehouse 59
1月 02, 2026 4:02:40 上午 spec.jbb.JBBmain DoARun -> 信息:   started user thread for Warehouse 60
1月 02, 2026 4:02:40 上午 spec.jbb.JBBmain DoARun -> 信息:   started user thread for Warehouse 61
1月 02, 2026 4:02:40 上午 spec.jbb.JBBmain DoARun -> 信息:   started user thread for Warehouse 62
1月 02, 2026 4:02:40 上午 spec.jbb.JBBmain DoARun -> 信息:   started user thread for Warehouse 63
1月 02, 2026 4:02:40 上午 spec.jbb.JBBmain DoARun -> 信息:   started user thread for Warehouse 64
1月 02, 2026 4:02:40 上午 spec.jbb.JBBmain DoARun -> 信息:   started user thread for Warehouse 65
1月 02, 2026 4:02:40 上午 spec.jbb.JBBmain DoARun -> 信息:   started user thread for Warehouse 66
1月 02, 2026 4:02:40 上午 spec.jbb.JBBmain DoARun -> 信息:   started user thread for Warehouse 67
1月 02, 2026 4:02:40 上午 spec.jbb.JBBmain DoARun -> 信息:   started user thread for Warehouse 68
1月 02, 2026 4:02:40 上午 spec.jbb.JBBmain DoARun -> 信息:   started user thread for Warehouse 69
1月 02, 2026 4:02:40 上午 spec.jbb.JBBmain DoARun -> 信息:   started user thread for Warehouse 70
1月 02, 2026 4:02:40 上午 spec.jbb.JBBmain DoARun -> 信息:   started user thread for Warehouse 71
1月 02, 2026 4:02:40 上午 spec.jbb.JBBmain DoARun -> 信息:   started user thread for Warehouse 72
1月 02, 2026 4:02:40 上午 spec.jbb.Company displayResultTotals -> 信息: Timing Measurement began Fri Jan 02 04:02:40 CST 2026 for 4 minutes
1月 02, 2026 4:06:40 上午 spec.jbb.Company displayResultTotals -> 信息: Timing Measurement ended Fri Jan 02 04:06:40 CST 2026
1月 02, 2026 4:06:40 上午 spec.jbb.Company primeWithDummyData -> 信息: Loading Warehouse 73...
1月 02, 2026 4:06:41 上午 spec.jbb.JBBmain DoARun -> 信息: Start User Threads
1月 02, 2026 4:06:41 上午 spec.jbb.JBBmain DoARun -> 信息:   started user thread for Warehouse 1
1月 02, 2026 4:06:41 上午 spec.jbb.JBBmain DoARun -> 信息:   started user thread for Warehouse 2
1月 02, 2026 4:06:41 上午 spec.jbb.JBBmain DoARun -> 信息:   started user thread for Warehouse 3
1月 02, 2026 4:06:41 上午 spec.jbb.JBBmain DoARun -> 信息:   started user thread for Warehouse 4
1月 02, 2026 4:06:41 上午 spec.jbb.JBBmain DoARun -> 信息:   started user thread for Warehouse 5
1月 02, 2026 4:06:41 上午 spec.jbb.JBBmain DoARun -> 信息:   started user thread for Warehouse 6
1月 02, 2026 4:06:41 上午 spec.jbb.JBBmain DoARun -> 信息:   started user thread for Warehouse 7
1月 02, 2026 4:06:41 上午 spec.jbb.JBBmain DoARun -> 信息:   started user thread for Warehouse 8
1月 02, 2026 4:06:41 上午 spec.jbb.JBBmain DoARun -> 信息:   started user thread for Warehouse 9
1月 02, 2026 4:06:41 上午 spec.jbb.JBBmain DoARun -> 信息:   started user thread for Warehouse 10
1月 02, 2026 4:06:41 上午 spec.jbb.JBBmain DoARun -> 信息:   started user thread for Warehouse 11
1月 02, 2026 4:06:41 上午 spec.jbb.JBBmain DoARun -> 信息:   started user thread for Warehouse 12
1月 02, 2026 4:06:41 上午 spec.jbb.JBBmain DoARun -> 信息:   started user thread for Warehouse 13
1月 02, 2026 4:06:41 上午 spec.jbb.JBBmain DoARun -> 信息:   started user thread for Warehouse 14
1月 02, 2026 4:06:41 上午 spec.jbb.JBBmain DoARun -> 信息:   started user thread for Warehouse 15
1月 02, 2026 4:06:41 上午 spec.jbb.JBBmain DoARun -> 信息:   started user thread for Warehouse 16
1月 02, 2026 4:06:41 上午 spec.jbb.JBBmain DoARun -> 信息:   started user thread for Warehouse 17
1月 02, 2026 4:06:41 上午 spec.jbb.JBBmain DoARun -> 信息:   started user thread for Warehouse 18
1月 02, 2026 4:06:41 上午 spec.jbb.JBBmain DoARun -> 信息:   started user thread for Warehouse 19
1月 02, 2026 4:06:41 上午 spec.jbb.JBBmain DoARun -> 信息:   started user thread for Warehouse 20
1月 02, 2026 4:06:41 上午 spec.jbb.JBBmain DoARun -> 信息:   started user thread for Warehouse 21
1月 02, 2026 4:06:41 上午 spec.jbb.JBBmain DoARun -> 信息:   started user thread for Warehouse 22
1月 02, 2026 4:06:41 上午 spec.jbb.JBBmain DoARun -> 信息:   started user thread for Warehouse 23
1月 02, 2026 4:06:41 上午 spec.jbb.JBBmain DoARun -> 信息:   started user thread for Warehouse 24
1月 02, 2026 4:06:41 上午 spec.jbb.JBBmain DoARun -> 信息:   started user thread for Warehouse 25
1月 02, 2026 4:06:41 上午 spec.jbb.JBBmain DoARun -> 信息:   started user thread for Warehouse 26
1月 02, 2026 4:06:41 上午 spec.jbb.JBBmain DoARun -> 信息:   started user thread for Warehouse 27
1月 02, 2026 4:06:41 上午 spec.jbb.JBBmain DoARun -> 信息:   started user thread for Warehouse 28
1月 02, 2026 4:06:41 上午 spec.jbb.JBBmain DoARun -> 信息:   started user thread for Warehouse 29
1月 02, 2026 4:06:41 上午 spec.jbb.JBBmain DoARun -> 信息:   started user thread for Warehouse 30
1月 02, 2026 4:06:41 上午 spec.jbb.JBBmain DoARun -> 信息:   started user thread for Warehouse 31
1月 02, 2026 4:06:41 上午 spec.jbb.JBBmain DoARun -> 信息:   started user thread for Warehouse 32
1月 02, 2026 4:06:41 上午 spec.jbb.JBBmain DoARun -> 信息:   started user thread for Warehouse 33
1月 02, 2026 4:06:41 上午 spec.jbb.JBBmain DoARun -> 信息:   started user thread for Warehouse 34
1月 02, 2026 4:06:41 上午 spec.jbb.JBBmain DoARun -> 信息:   started user thread for Warehouse 35
1月 02, 2026 4:06:41 上午 spec.jbb.JBBmain DoARun -> 信息:   started user thread for Warehouse 36
1月 02, 2026 4:06:41 上午 spec.jbb.JBBmain DoARun -> 信息:   started user thread for Warehouse 37
1月 02, 2026 4:06:41 上午 spec.jbb.JBBmain DoARun -> 信息:   started user thread for Warehouse 38
1月 02, 2026 4:06:41 上午 spec.jbb.JBBmain DoARun -> 信息:   started user thread for Warehouse 39
1月 02, 2026 4:06:41 上午 spec.jbb.JBBmain DoARun -> 信息:   started user thread for Warehouse 40
1月 02, 2026 4:06:41 上午 spec.jbb.JBBmain DoARun -> 信息:   started user thread for Warehouse 41
1月 02, 2026 4:06:41 上午 spec.jbb.JBBmain DoARun -> 信息:   started user thread for Warehouse 42
1月 02, 2026 4:06:41 上午 spec.jbb.JBBmain DoARun -> 信息:   started user thread for Warehouse 43
1月 02, 2026 4:06:41 上午 spec.jbb.JBBmain DoARun -> 信息:   started user thread for Warehouse 44
1月 02, 2026 4:06:41 上午 spec.jbb.JBBmain DoARun -> 信息:   started user thread for Warehouse 45
1月 02, 2026 4:06:41 上午 spec.jbb.JBBmain DoARun -> 信息:   started user thread for Warehouse 46
1月 02, 2026 4:06:41 上午 spec.jbb.JBBmain DoARun -> 信息:   started user thread for Warehouse 47
1月 02, 2026 4:06:41 上午 spec.jbb.JBBmain DoARun -> 信息:   started user thread for Warehouse 48
1月 02, 2026 4:06:41 上午 spec.jbb.JBBmain DoARun -> 信息:   started user thread for Warehouse 49
1月 02, 2026 4:06:41 上午 spec.jbb.JBBmain DoARun -> 信息:   started user thread for Warehouse 50
1月 02, 2026 4:06:41 上午 spec.jbb.JBBmain DoARun -> 信息:   started user thread for Warehouse 51
1月 02, 2026 4:06:41 上午 spec.jbb.JBBmain DoARun -> 信息:   started user thread for Warehouse 52
1月 02, 2026 4:06:41 上午 spec.jbb.JBBmain DoARun -> 信息:   started user thread for Warehouse 53
1月 02, 2026 4:06:41 上午 spec.jbb.JBBmain DoARun -> 信息:   started user thread for Warehouse 54
1月 02, 2026 4:06:41 上午 spec.jbb.JBBmain DoARun -> 信息:   started user thread for Warehouse 55
1月 02, 2026 4:06:41 上午 spec.jbb.JBBmain DoARun -> 信息:   started user thread for Warehouse 56
1月 02, 2026 4:06:41 上午 spec.jbb.JBBmain DoARun -> 信息:   started user thread for Warehouse 57
1月 02, 2026 4:06:41 上午 spec.jbb.JBBmain DoARun -> 信息:   started user thread for Warehouse 58
1月 02, 2026 4:06:41 上午 spec.jbb.JBBmain DoARun -> 信息:   started user thread for Warehouse 59
1月 02, 2026 4:06:41 上午 spec.jbb.JBBmain DoARun -> 信息:   started user thread for Warehouse 60
1月 02, 2026 4:06:41 上午 spec.jbb.JBBmain DoARun -> 信息:   started user thread for Warehouse 61
1月 02, 2026 4:06:41 上午 spec.jbb.JBBmain DoARun -> 信息:   started user thread for Warehouse 62
1月 02, 2026 4:06:41 上午 spec.jbb.JBBmain DoARun -> 信息:   started user thread for Warehouse 63
1月 02, 2026 4:06:41 上午 spec.jbb.JBBmain DoARun -> 信息:   started user thread for Warehouse 64
1月 02, 2026 4:06:41 上午 spec.jbb.JBBmain DoARun -> 信息:   started user thread for Warehouse 65
1月 02, 2026 4:06:41 上午 spec.jbb.JBBmain DoARun -> 信息:   started user thread for Warehouse 66
1月 02, 2026 4:06:41 上午 spec.jbb.JBBmain DoARun -> 信息:   started user thread for Warehouse 67
1月 02, 2026 4:06:41 上午 spec.jbb.JBBmain DoARun -> 信息:   started user thread for Warehouse 68
1月 02, 2026 4:06:41 上午 spec.jbb.JBBmain DoARun -> 信息:   started user thread for Warehouse 69
1月 02, 2026 4:06:41 上午 spec.jbb.JBBmain DoARun -> 信息:   started user thread for Warehouse 70
1月 02, 2026 4:06:41 上午 spec.jbb.JBBmain DoARun -> 信息:   started user thread for Warehouse 71
1月 02, 2026 4:06:41 上午 spec.jbb.JBBmain DoARun -> 信息:   started user thread for Warehouse 72
1月 02, 2026 4:06:41 上午 spec.jbb.JBBmain DoARun -> 信息:   started user thread for Warehouse 73
1月 02, 2026 4:06:41 上午 spec.jbb.Company displayResultTotals -> 信息: Timing Measurement began Fri Jan 02 04:06:41 CST 2026 for 4 minutes
1月 02, 2026 4:10:41 上午 spec.jbb.Company displayResultTotals -> 信息: Timing Measurement ended Fri Jan 02 04:10:41 CST 2026
1月 02, 2026 4:10:41 上午 spec.jbb.Company primeWithDummyData -> 信息: Loading Warehouse 74...
1月 02, 2026 4:10:41 上午 spec.jbb.JBBmain DoARun -> 信息: Start User Threads
1月 02, 2026 4:10:41 上午 spec.jbb.JBBmain DoARun -> 信息:   started user thread for Warehouse 1
1月 02, 2026 4:10:41 上午 spec.jbb.JBBmain DoARun -> 信息:   started user thread for Warehouse 2
1月 02, 2026 4:10:41 上午 spec.jbb.JBBmain DoARun -> 信息:   started user thread for Warehouse 3
1月 02, 2026 4:10:41 上午 spec.jbb.JBBmain DoARun -> 信息:   started user thread for Warehouse 4
1月 02, 2026 4:10:41 上午 spec.jbb.JBBmain DoARun -> 信息:   started user thread for Warehouse 5
1月 02, 2026 4:10:41 上午 spec.jbb.JBBmain DoARun -> 信息:   started user thread for Warehouse 6
1月 02, 2026 4:10:41 上午 spec.jbb.JBBmain DoARun -> 信息:   started user thread for Warehouse 7
1月 02, 2026 4:10:41 上午 spec.jbb.JBBmain DoARun -> 信息:   started user thread for Warehouse 8
1月 02, 2026 4:10:41 上午 spec.jbb.JBBmain DoARun -> 信息:   started user thread for Warehouse 9
1月 02, 2026 4:10:41 上午 spec.jbb.JBBmain DoARun -> 信息:   started user thread for Warehouse 10
1月 02, 2026 4:10:41 上午 spec.jbb.JBBmain DoARun -> 信息:   started user thread for Warehouse 11
1月 02, 2026 4:10:41 上午 spec.jbb.JBBmain DoARun -> 信息:   started user thread for Warehouse 12
1月 02, 2026 4:10:41 上午 spec.jbb.JBBmain DoARun -> 信息:   started user thread for Warehouse 13
1月 02, 2026 4:10:41 上午 spec.jbb.JBBmain DoARun -> 信息:   started user thread for Warehouse 14
1月 02, 2026 4:10:41 上午 spec.jbb.JBBmain DoARun -> 信息:   started user thread for Warehouse 15
1月 02, 2026 4:10:41 上午 spec.jbb.JBBmain DoARun -> 信息:   started user thread for Warehouse 16
1月 02, 2026 4:10:41 上午 spec.jbb.JBBmain DoARun -> 信息:   started user thread for Warehouse 17
1月 02, 2026 4:10:41 上午 spec.jbb.JBBmain DoARun -> 信息:   started user thread for Warehouse 18
1月 02, 2026 4:10:41 上午 spec.jbb.JBBmain DoARun -> 信息:   started user thread for Warehouse 19
1月 02, 2026 4:10:41 上午 spec.jbb.JBBmain DoARun -> 信息:   started user thread for Warehouse 20
1月 02, 2026 4:10:41 上午 spec.jbb.JBBmain DoARun -> 信息:   started user thread for Warehouse 21
1月 02, 2026 4:10:41 上午 spec.jbb.JBBmain DoARun -> 信息:   started user thread for Warehouse 22
1月 02, 2026 4:10:41 上午 spec.jbb.JBBmain DoARun -> 信息:   started user thread for Warehouse 23
1月 02, 2026 4:10:41 上午 spec.jbb.JBBmain DoARun -> 信息:   started user thread for Warehouse 24
1月 02, 2026 4:10:41 上午 spec.jbb.JBBmain DoARun -> 信息:   started user thread for Warehouse 25
1月 02, 2026 4:10:41 上午 spec.jbb.JBBmain DoARun -> 信息:   started user thread for Warehouse 26
1月 02, 2026 4:10:41 上午 spec.jbb.JBBmain DoARun -> 信息:   started user thread for Warehouse 27
1月 02, 2026 4:10:41 上午 spec.jbb.JBBmain DoARun -> 信息:   started user thread for Warehouse 28
1月 02, 2026 4:10:41 上午 spec.jbb.JBBmain DoARun -> 信息:   started user thread for Warehouse 29
1月 02, 2026 4:10:41 上午 spec.jbb.JBBmain DoARun -> 信息:   started user thread for Warehouse 30
1月 02, 2026 4:10:41 上午 spec.jbb.JBBmain DoARun -> 信息:   started user thread for Warehouse 31
1月 02, 2026 4:10:41 上午 spec.jbb.JBBmain DoARun -> 信息:   started user thread for Warehouse 32
1月 02, 2026 4:10:41 上午 spec.jbb.JBBmain DoARun -> 信息:   started user thread for Warehouse 33
1月 02, 2026 4:10:41 上午 spec.jbb.JBBmain DoARun -> 信息:   started user thread for Warehouse 34
1月 02, 2026 4:10:41 上午 spec.jbb.JBBmain DoARun -> 信息:   started user thread for Warehouse 35
1月 02, 2026 4:10:41 上午 spec.jbb.JBBmain DoARun -> 信息:   started user thread for Warehouse 36
1月 02, 2026 4:10:41 上午 spec.jbb.JBBmain DoARun -> 信息:   started user thread for Warehouse 37
1月 02, 2026 4:10:41 上午 spec.jbb.JBBmain DoARun -> 信息:   started user thread for Warehouse 38
1月 02, 2026 4:10:41 上午 spec.jbb.JBBmain DoARun -> 信息:   started user thread for Warehouse 39
1月 02, 2026 4:10:41 上午 spec.jbb.JBBmain DoARun -> 信息:   started user thread for Warehouse 40
1月 02, 2026 4:10:41 上午 spec.jbb.JBBmain DoARun -> 信息:   started user thread for Warehouse 41
1月 02, 2026 4:10:41 上午 spec.jbb.JBBmain DoARun -> 信息:   started user thread for Warehouse 42
1月 02, 2026 4:10:41 上午 spec.jbb.JBBmain DoARun -> 信息:   started user thread for Warehouse 43
1月 02, 2026 4:10:41 上午 spec.jbb.JBBmain DoARun -> 信息:   started user thread for Warehouse 44
1月 02, 2026 4:10:41 上午 spec.jbb.JBBmain DoARun -> 信息:   started user thread for Warehouse 45
1月 02, 2026 4:10:41 上午 spec.jbb.JBBmain DoARun -> 信息:   started user thread for Warehouse 46
1月 02, 2026 4:10:41 上午 spec.jbb.JBBmain DoARun -> 信息:   started user thread for Warehouse 47
1月 02, 2026 4:10:41 上午 spec.jbb.JBBmain DoARun -> 信息:   started user thread for Warehouse 48
1月 02, 2026 4:10:41 上午 spec.jbb.JBBmain DoARun -> 信息:   started user thread for Warehouse 49
1月 02, 2026 4:10:41 上午 spec.jbb.JBBmain DoARun -> 信息:   started user thread for Warehouse 50
1月 02, 2026 4:10:41 上午 spec.jbb.JBBmain DoARun -> 信息:   started user thread for Warehouse 51
1月 02, 2026 4:10:41 上午 spec.jbb.JBBmain DoARun -> 信息:   started user thread for Warehouse 52
1月 02, 2026 4:10:41 上午 spec.jbb.JBBmain DoARun -> 信息:   started user thread for Warehouse 53
1月 02, 2026 4:10:41 上午 spec.jbb.JBBmain DoARun -> 信息:   started user thread for Warehouse 54
1月 02, 2026 4:10:41 上午 spec.jbb.JBBmain DoARun -> 信息:   started user thread for Warehouse 55
1月 02, 2026 4:10:41 上午 spec.jbb.JBBmain DoARun -> 信息:   started user thread for Warehouse 56
1月 02, 2026 4:10:41 上午 spec.jbb.JBBmain DoARun -> 信息:   started user thread for Warehouse 57
1月 02, 2026 4:10:41 上午 spec.jbb.JBBmain DoARun -> 信息:   started user thread for Warehouse 58
1月 02, 2026 4:10:41 上午 spec.jbb.JBBmain DoARun -> 信息:   started user thread for Warehouse 59
1月 02, 2026 4:10:41 上午 spec.jbb.JBBmain DoARun -> 信息:   started user thread for Warehouse 60
1月 02, 2026 4:10:41 上午 spec.jbb.JBBmain DoARun -> 信息:   started user thread for Warehouse 61
1月 02, 2026 4:10:41 上午 spec.jbb.JBBmain DoARun -> 信息:   started user thread for Warehouse 62
1月 02, 2026 4:10:41 上午 spec.jbb.JBBmain DoARun -> 信息:   started user thread for Warehouse 63
1月 02, 2026 4:10:41 上午 spec.jbb.JBBmain DoARun -> 信息:   started user thread for Warehouse 64
1月 02, 2026 4:10:41 上午 spec.jbb.JBBmain DoARun -> 信息:   started user thread for Warehouse 65
1月 02, 2026 4:10:41 上午 spec.jbb.JBBmain DoARun -> 信息:   started user thread for Warehouse 66
1月 02, 2026 4:10:41 上午 spec.jbb.JBBmain DoARun -> 信息:   started user thread for Warehouse 67
1月 02, 2026 4:10:41 上午 spec.jbb.JBBmain DoARun -> 信息:   started user thread for Warehouse 68
1月 02, 2026 4:10:41 上午 spec.jbb.JBBmain DoARun -> 信息:   started user thread for Warehouse 69
1月 02, 2026 4:10:41 上午 spec.jbb.JBBmain DoARun -> 信息:   started user thread for Warehouse 70
1月 02, 2026 4:10:41 上午 spec.jbb.JBBmain DoARun -> 信息:   started user thread for Warehouse 71
1月 02, 2026 4:10:41 上午 spec.jbb.JBBmain DoARun -> 信息:   started user thread for Warehouse 72
1月 02, 2026 4:10:41 上午 spec.jbb.JBBmain DoARun -> 信息:   started user thread for Warehouse 73
1月 02, 2026 4:10:41 上午 spec.jbb.JBBmain DoARun -> 信息:   started user thread for Warehouse 74
1月 02, 2026 4:10:41 上午 spec.jbb.Company displayResultTotals -> 信息: Timing Measurement began Fri Jan 02 04:10:41 CST 2026 for 4 minutes
1月 02, 2026 4:14:41 上午 spec.jbb.Company displayResultTotals -> 信息: Timing Measurement ended Fri Jan 02 04:14:41 CST 2026
1月 02, 2026 4:14:41 上午 spec.jbb.Company primeWithDummyData -> 信息: Loading Warehouse 75...
1月 02, 2026 4:14:41 上午 spec.jbb.JBBmain DoARun -> 信息: Start User Threads
1月 02, 2026 4:14:41 上午 spec.jbb.JBBmain DoARun -> 信息:   started user thread for Warehouse 1
1月 02, 2026 4:14:41 上午 spec.jbb.JBBmain DoARun -> 信息:   started user thread for Warehouse 2
1月 02, 2026 4:14:41 上午 spec.jbb.JBBmain DoARun -> 信息:   started user thread for Warehouse 3
1月 02, 2026 4:14:41 上午 spec.jbb.JBBmain DoARun -> 信息:   started user thread for Warehouse 4
1月 02, 2026 4:14:41 上午 spec.jbb.JBBmain DoARun -> 信息:   started user thread for Warehouse 5
1月 02, 2026 4:14:41 上午 spec.jbb.JBBmain DoARun -> 信息:   started user thread for Warehouse 6
1月 02, 2026 4:14:41 上午 spec.jbb.JBBmain DoARun -> 信息:   started user thread for Warehouse 7
1月 02, 2026 4:14:41 上午 spec.jbb.JBBmain DoARun -> 信息:   started user thread for Warehouse 8
1月 02, 2026 4:14:41 上午 spec.jbb.JBBmain DoARun -> 信息:   started user thread for Warehouse 9
1月 02, 2026 4:14:41 上午 spec.jbb.JBBmain DoARun -> 信息:   started user thread for Warehouse 10
1月 02, 2026 4:14:41 上午 spec.jbb.JBBmain DoARun -> 信息:   started user thread for Warehouse 11
1月 02, 2026 4:14:41 上午 spec.jbb.JBBmain DoARun -> 信息:   started user thread for Warehouse 12
1月 02, 2026 4:14:41 上午 spec.jbb.JBBmain DoARun -> 信息:   started user thread for Warehouse 13
1月 02, 2026 4:14:41 上午 spec.jbb.JBBmain DoARun -> 信息:   started user thread for Warehouse 14
1月 02, 2026 4:14:41 上午 spec.jbb.JBBmain DoARun -> 信息:   started user thread for Warehouse 15
1月 02, 2026 4:14:41 上午 spec.jbb.JBBmain DoARun -> 信息:   started user thread for Warehouse 16
1月 02, 2026 4:14:41 上午 spec.jbb.JBBmain DoARun -> 信息:   started user thread for Warehouse 17
1月 02, 2026 4:14:41 上午 spec.jbb.JBBmain DoARun -> 信息:   started user thread for Warehouse 18
1月 02, 2026 4:14:41 上午 spec.jbb.JBBmain DoARun -> 信息:   started user thread for Warehouse 19
1月 02, 2026 4:14:41 上午 spec.jbb.JBBmain DoARun -> 信息:   started user thread for Warehouse 20
1月 02, 2026 4:14:41 上午 spec.jbb.JBBmain DoARun -> 信息:   started user thread for Warehouse 21
1月 02, 2026 4:14:41 上午 spec.jbb.JBBmain DoARun -> 信息:   started user thread for Warehouse 22
1月 02, 2026 4:14:41 上午 spec.jbb.JBBmain DoARun -> 信息:   started user thread for Warehouse 23
1月 02, 2026 4:14:41 上午 spec.jbb.JBBmain DoARun -> 信息:   started user thread for Warehouse 24
1月 02, 2026 4:14:41 上午 spec.jbb.JBBmain DoARun -> 信息:   started user thread for Warehouse 25
1月 02, 2026 4:14:41 上午 spec.jbb.JBBmain DoARun -> 信息:   started user thread for Warehouse 26
1月 02, 2026 4:14:41 上午 spec.jbb.JBBmain DoARun -> 信息:   started user thread for Warehouse 27
1月 02, 2026 4:14:41 上午 spec.jbb.JBBmain DoARun -> 信息:   started user thread for Warehouse 28
1月 02, 2026 4:14:41 上午 spec.jbb.JBBmain DoARun -> 信息:   started user thread for Warehouse 29
1月 02, 2026 4:14:41 上午 spec.jbb.JBBmain DoARun -> 信息:   started user thread for Warehouse 30
1月 02, 2026 4:14:41 上午 spec.jbb.JBBmain DoARun -> 信息:   started user thread for Warehouse 31
1月 02, 2026 4:14:41 上午 spec.jbb.JBBmain DoARun -> 信息:   started user thread for Warehouse 32
1月 02, 2026 4:14:41 上午 spec.jbb.JBBmain DoARun -> 信息:   started user thread for Warehouse 33
1月 02, 2026 4:14:41 上午 spec.jbb.JBBmain DoARun -> 信息:   started user thread for Warehouse 34
1月 02, 2026 4:14:41 上午 spec.jbb.JBBmain DoARun -> 信息:   started user thread for Warehouse 35
1月 02, 2026 4:14:41 上午 spec.jbb.JBBmain DoARun -> 信息:   started user thread for Warehouse 36
1月 02, 2026 4:14:41 上午 spec.jbb.JBBmain DoARun -> 信息:   started user thread for Warehouse 37
1月 02, 2026 4:14:41 上午 spec.jbb.JBBmain DoARun -> 信息:   started user thread for Warehouse 38
1月 02, 2026 4:14:41 上午 spec.jbb.JBBmain DoARun -> 信息:   started user thread for Warehouse 39
1月 02, 2026 4:14:41 上午 spec.jbb.JBBmain DoARun -> 信息:   started user thread for Warehouse 40
1月 02, 2026 4:14:41 上午 spec.jbb.JBBmain DoARun -> 信息:   started user thread for Warehouse 41
1月 02, 2026 4:14:41 上午 spec.jbb.JBBmain DoARun -> 信息:   started user thread for Warehouse 42
1月 02, 2026 4:14:41 上午 spec.jbb.JBBmain DoARun -> 信息:   started user thread for Warehouse 43
1月 02, 2026 4:14:41 上午 spec.jbb.JBBmain DoARun -> 信息:   started user thread for Warehouse 44
1月 02, 2026 4:14:41 上午 spec.jbb.JBBmain DoARun -> 信息:   started user thread for Warehouse 45
1月 02, 2026 4:14:41 上午 spec.jbb.JBBmain DoARun -> 信息:   started user thread for Warehouse 46
1月 02, 2026 4:14:41 上午 spec.jbb.JBBmain DoARun -> 信息:   started user thread for Warehouse 47
1月 02, 2026 4:14:41 上午 spec.jbb.JBBmain DoARun -> 信息:   started user thread for Warehouse 48
1月 02, 2026 4:14:41 上午 spec.jbb.JBBmain DoARun -> 信息:   started user thread for Warehouse 49
1月 02, 2026 4:14:41 上午 spec.jbb.JBBmain DoARun -> 信息:   started user thread for Warehouse 50
1月 02, 2026 4:14:41 上午 spec.jbb.JBBmain DoARun -> 信息:   started user thread for Warehouse 51
1月 02, 2026 4:14:41 上午 spec.jbb.JBBmain DoARun -> 信息:   started user thread for Warehouse 52
1月 02, 2026 4:14:41 上午 spec.jbb.JBBmain DoARun -> 信息:   started user thread for Warehouse 53
1月 02, 2026 4:14:41 上午 spec.jbb.JBBmain DoARun -> 信息:   started user thread for Warehouse 54
1月 02, 2026 4:14:41 上午 spec.jbb.JBBmain DoARun -> 信息:   started user thread for Warehouse 55
1月 02, 2026 4:14:41 上午 spec.jbb.JBBmain DoARun -> 信息:   started user thread for Warehouse 56
1月 02, 2026 4:14:41 上午 spec.jbb.JBBmain DoARun -> 信息:   started user thread for Warehouse 57
1月 02, 2026 4:14:41 上午 spec.jbb.JBBmain DoARun -> 信息:   started user thread for Warehouse 58
1月 02, 2026 4:14:41 上午 spec.jbb.JBBmain DoARun -> 信息:   started user thread for Warehouse 59
1月 02, 2026 4:14:41 上午 spec.jbb.JBBmain DoARun -> 信息:   started user thread for Warehouse 60
1月 02, 2026 4:14:41 上午 spec.jbb.JBBmain DoARun -> 信息:   started user thread for Warehouse 61
1月 02, 2026 4:14:41 上午 spec.jbb.JBBmain DoARun -> 信息:   started user thread for Warehouse 62
1月 02, 2026 4:14:41 上午 spec.jbb.JBBmain DoARun -> 信息:   started user thread for Warehouse 63
1月 02, 2026 4:14:41 上午 spec.jbb.JBBmain DoARun -> 信息:   started user thread for Warehouse 64
1月 02, 2026 4:14:41 上午 spec.jbb.JBBmain DoARun -> 信息:   started user thread for Warehouse 65
1月 02, 2026 4:14:41 上午 spec.jbb.JBBmain DoARun -> 信息:   started user thread for Warehouse 66
1月 02, 2026 4:14:41 上午 spec.jbb.JBBmain DoARun -> 信息:   started user thread for Warehouse 67
1月 02, 2026 4:14:41 上午 spec.jbb.JBBmain DoARun -> 信息:   started user thread for Warehouse 68
1月 02, 2026 4:14:41 上午 spec.jbb.JBBmain DoARun -> 信息:   started user thread for Warehouse 69
1月 02, 2026 4:14:41 上午 spec.jbb.JBBmain DoARun -> 信息:   started user thread for Warehouse 70
1月 02, 2026 4:14:41 上午 spec.jbb.JBBmain DoARun -> 信息:   started user thread for Warehouse 71
1月 02, 2026 4:14:41 上午 spec.jbb.JBBmain DoARun -> 信息:   started user thread for Warehouse 72
1月 02, 2026 4:14:41 上午 spec.jbb.JBBmain DoARun -> 信息:   started user thread for Warehouse 73
1月 02, 2026 4:14:41 上午 spec.jbb.JBBmain DoARun -> 信息:   started user thread for Warehouse 74
1月 02, 2026 4:14:41 上午 spec.jbb.JBBmain DoARun -> 信息:   started user thread for Warehouse 75
1月 02, 2026 4:14:41 上午 spec.jbb.Company displayResultTotals -> 信息: Timing Measurement began Fri Jan 02 04:14:41 CST 2026 for 4 minutes
1月 02, 2026 4:18:41 上午 spec.jbb.Company displayResultTotals -> 信息: Timing Measurement ended Fri Jan 02 04:18:41 CST 2026
1月 02, 2026 4:18:41 上午 spec.jbb.Company primeWithDummyData -> 信息: Loading Warehouse 76...
1月 02, 2026 4:18:42 上午 spec.jbb.JBBmain DoARun -> 信息: Start User Threads
1月 02, 2026 4:18:42 上午 spec.jbb.JBBmain DoARun -> 信息:   started user thread for Warehouse 1
1月 02, 2026 4:18:42 上午 spec.jbb.JBBmain DoARun -> 信息:   started user thread for Warehouse 2
1月 02, 2026 4:18:42 上午 spec.jbb.JBBmain DoARun -> 信息:   started user thread for Warehouse 3
1月 02, 2026 4:18:42 上午 spec.jbb.JBBmain DoARun -> 信息:   started user thread for Warehouse 4
1月 02, 2026 4:18:42 上午 spec.jbb.JBBmain DoARun -> 信息:   started user thread for Warehouse 5
1月 02, 2026 4:18:42 上午 spec.jbb.JBBmain DoARun -> 信息:   started user thread for Warehouse 6
1月 02, 2026 4:18:42 上午 spec.jbb.JBBmain DoARun -> 信息:   started user thread for Warehouse 7
1月 02, 2026 4:18:42 上午 spec.jbb.JBBmain DoARun -> 信息:   started user thread for Warehouse 8
1月 02, 2026 4:18:42 上午 spec.jbb.JBBmain DoARun -> 信息:   started user thread for Warehouse 9
1月 02, 2026 4:18:42 上午 spec.jbb.JBBmain DoARun -> 信息:   started user thread for Warehouse 10
1月 02, 2026 4:18:42 上午 spec.jbb.JBBmain DoARun -> 信息:   started user thread for Warehouse 11
1月 02, 2026 4:18:42 上午 spec.jbb.JBBmain DoARun -> 信息:   started user thread for Warehouse 12
1月 02, 2026 4:18:42 上午 spec.jbb.JBBmain DoARun -> 信息:   started user thread for Warehouse 13
1月 02, 2026 4:18:42 上午 spec.jbb.JBBmain DoARun -> 信息:   started user thread for Warehouse 14
1月 02, 2026 4:18:42 上午 spec.jbb.JBBmain DoARun -> 信息:   started user thread for Warehouse 15
1月 02, 2026 4:18:42 上午 spec.jbb.JBBmain DoARun -> 信息:   started user thread for Warehouse 16
1月 02, 2026 4:18:42 上午 spec.jbb.JBBmain DoARun -> 信息:   started user thread for Warehouse 17
1月 02, 2026 4:18:42 上午 spec.jbb.JBBmain DoARun -> 信息:   started user thread for Warehouse 18
1月 02, 2026 4:18:42 上午 spec.jbb.JBBmain DoARun -> 信息:   started user thread for Warehouse 19
1月 02, 2026 4:18:42 上午 spec.jbb.JBBmain DoARun -> 信息:   started user thread for Warehouse 20
1月 02, 2026 4:18:42 上午 spec.jbb.JBBmain DoARun -> 信息:   started user thread for Warehouse 21
1月 02, 2026 4:18:42 上午 spec.jbb.JBBmain DoARun -> 信息:   started user thread for Warehouse 22
1月 02, 2026 4:18:42 上午 spec.jbb.JBBmain DoARun -> 信息:   started user thread for Warehouse 23
1月 02, 2026 4:18:42 上午 spec.jbb.JBBmain DoARun -> 信息:   started user thread for Warehouse 24
1月 02, 2026 4:18:42 上午 spec.jbb.JBBmain DoARun -> 信息:   started user thread for Warehouse 25
1月 02, 2026 4:18:42 上午 spec.jbb.JBBmain DoARun -> 信息:   started user thread for Warehouse 26
1月 02, 2026 4:18:42 上午 spec.jbb.JBBmain DoARun -> 信息:   started user thread for Warehouse 27
1月 02, 2026 4:18:42 上午 spec.jbb.JBBmain DoARun -> 信息:   started user thread for Warehouse 28
1月 02, 2026 4:18:42 上午 spec.jbb.JBBmain DoARun -> 信息:   started user thread for Warehouse 29
1月 02, 2026 4:18:42 上午 spec.jbb.JBBmain DoARun -> 信息:   started user thread for Warehouse 30
1月 02, 2026 4:18:42 上午 spec.jbb.JBBmain DoARun -> 信息:   started user thread for Warehouse 31
1月 02, 2026 4:18:42 上午 spec.jbb.JBBmain DoARun -> 信息:   started user thread for Warehouse 32
1月 02, 2026 4:18:42 上午 spec.jbb.JBBmain DoARun -> 信息:   started user thread for Warehouse 33
1月 02, 2026 4:18:42 上午 spec.jbb.JBBmain DoARun -> 信息:   started user thread for Warehouse 34
1月 02, 2026 4:18:42 上午 spec.jbb.JBBmain DoARun -> 信息:   started user thread for Warehouse 35
1月 02, 2026 4:18:42 上午 spec.jbb.JBBmain DoARun -> 信息:   started user thread for Warehouse 36
1月 02, 2026 4:18:42 上午 spec.jbb.JBBmain DoARun -> 信息:   started user thread for Warehouse 37
1月 02, 2026 4:18:42 上午 spec.jbb.JBBmain DoARun -> 信息:   started user thread for Warehouse 38
1月 02, 2026 4:18:42 上午 spec.jbb.JBBmain DoARun -> 信息:   started user thread for Warehouse 39
1月 02, 2026 4:18:42 上午 spec.jbb.JBBmain DoARun -> 信息:   started user thread for Warehouse 40
1月 02, 2026 4:18:42 上午 spec.jbb.JBBmain DoARun -> 信息:   started user thread for Warehouse 41
1月 02, 2026 4:18:42 上午 spec.jbb.JBBmain DoARun -> 信息:   started user thread for Warehouse 42
1月 02, 2026 4:18:42 上午 spec.jbb.JBBmain DoARun -> 信息:   started user thread for Warehouse 43
1月 02, 2026 4:18:42 上午 spec.jbb.JBBmain DoARun -> 信息:   started user thread for Warehouse 44
1月 02, 2026 4:18:42 上午 spec.jbb.JBBmain DoARun -> 信息:   started user thread for Warehouse 45
1月 02, 2026 4:18:42 上午 spec.jbb.JBBmain DoARun -> 信息:   started user thread for Warehouse 46
1月 02, 2026 4:18:42 上午 spec.jbb.JBBmain DoARun -> 信息:   started user thread for Warehouse 47
1月 02, 2026 4:18:42 上午 spec.jbb.JBBmain DoARun -> 信息:   started user thread for Warehouse 48
1月 02, 2026 4:18:42 上午 spec.jbb.JBBmain DoARun -> 信息:   started user thread for Warehouse 49
1月 02, 2026 4:18:42 上午 spec.jbb.JBBmain DoARun -> 信息:   started user thread for Warehouse 50
1月 02, 2026 4:18:42 上午 spec.jbb.JBBmain DoARun -> 信息:   started user thread for Warehouse 51
1月 02, 2026 4:18:42 上午 spec.jbb.JBBmain DoARun -> 信息:   started user thread for Warehouse 52
1月 02, 2026 4:18:42 上午 spec.jbb.JBBmain DoARun -> 信息:   started user thread for Warehouse 53
1月 02, 2026 4:18:42 上午 spec.jbb.JBBmain DoARun -> 信息:   started user thread for Warehouse 54
1月 02, 2026 4:18:42 上午 spec.jbb.JBBmain DoARun -> 信息:   started user thread for Warehouse 55
1月 02, 2026 4:18:42 上午 spec.jbb.JBBmain DoARun -> 信息:   started user thread for Warehouse 56
1月 02, 2026 4:18:42 上午 spec.jbb.JBBmain DoARun -> 信息:   started user thread for Warehouse 57
1月 02, 2026 4:18:42 上午 spec.jbb.JBBmain DoARun -> 信息:   started user thread for Warehouse 58
1月 02, 2026 4:18:42 上午 spec.jbb.JBBmain DoARun -> 信息:   started user thread for Warehouse 59
1月 02, 2026 4:18:42 上午 spec.jbb.JBBmain DoARun -> 信息:   started user thread for Warehouse 60
1月 02, 2026 4:18:42 上午 spec.jbb.JBBmain DoARun -> 信息:   started user thread for Warehouse 61
1月 02, 2026 4:18:42 上午 spec.jbb.JBBmain DoARun -> 信息:   started user thread for Warehouse 62
1月 02, 2026 4:18:42 上午 spec.jbb.JBBmain DoARun -> 信息:   started user thread for Warehouse 63
1月 02, 2026 4:18:42 上午 spec.jbb.JBBmain DoARun -> 信息:   started user thread for Warehouse 64
1月 02, 2026 4:18:42 上午 spec.jbb.JBBmain DoARun -> 信息:   started user thread for Warehouse 65
1月 02, 2026 4:18:42 上午 spec.jbb.JBBmain DoARun -> 信息:   started user thread for Warehouse 66
1月 02, 2026 4:18:42 上午 spec.jbb.JBBmain DoARun -> 信息:   started user thread for Warehouse 67
1月 02, 2026 4:18:42 上午 spec.jbb.JBBmain DoARun -> 信息:   started user thread for Warehouse 68
1月 02, 2026 4:18:42 上午 spec.jbb.JBBmain DoARun -> 信息:   started user thread for Warehouse 69
1月 02, 2026 4:18:42 上午 spec.jbb.JBBmain DoARun -> 信息:   started user thread for Warehouse 70
1月 02, 2026 4:18:42 上午 spec.jbb.JBBmain DoARun -> 信息:   started user thread for Warehouse 71
1月 02, 2026 4:18:42 上午 spec.jbb.JBBmain DoARun -> 信息:   started user thread for Warehouse 72
1月 02, 2026 4:18:42 上午 spec.jbb.JBBmain DoARun -> 信息:   started user thread for Warehouse 73
1月 02, 2026 4:18:42 上午 spec.jbb.JBBmain DoARun -> 信息:   started user thread for Warehouse 74
1月 02, 2026 4:18:42 上午 spec.jbb.JBBmain DoARun -> 信息:   started user thread for Warehouse 75
1月 02, 2026 4:18:42 上午 spec.jbb.JBBmain DoARun -> 信息:   started user thread for Warehouse 76
1月 02, 2026 4:18:42 上午 spec.jbb.Company displayResultTotals -> 信息: Timing Measurement began Fri Jan 02 04:18:42 CST 2026 for 4 minutes
1月 02, 2026 4:22:42 上午 spec.jbb.Company displayResultTotals -> 信息: Timing Measurement ended Fri Jan 02 04:22:42 CST 2026
1月 02, 2026 4:22:42 上午 spec.jbb.Company primeWithDummyData -> 信息: Loading Warehouse 77...
1月 02, 2026 4:22:42 上午 spec.jbb.JBBmain DoARun -> 信息: Start User Threads
1月 02, 2026 4:22:42 上午 spec.jbb.JBBmain DoARun -> 信息:   started user thread for Warehouse 1
1月 02, 2026 4:22:42 上午 spec.jbb.JBBmain DoARun -> 信息:   started user thread for Warehouse 2
1月 02, 2026 4:22:42 上午 spec.jbb.JBBmain DoARun -> 信息:   started user thread for Warehouse 3
1月 02, 2026 4:22:42 上午 spec.jbb.JBBmain DoARun -> 信息:   started user thread for Warehouse 4
1月 02, 2026 4:22:42 上午 spec.jbb.JBBmain DoARun -> 信息:   started user thread for Warehouse 5
1月 02, 2026 4:22:42 上午 spec.jbb.JBBmain DoARun -> 信息:   started user thread for Warehouse 6
1月 02, 2026 4:22:42 上午 spec.jbb.JBBmain DoARun -> 信息:   started user thread for Warehouse 7
1月 02, 2026 4:22:42 上午 spec.jbb.JBBmain DoARun -> 信息:   started user thread for Warehouse 8
1月 02, 2026 4:22:42 上午 spec.jbb.JBBmain DoARun -> 信息:   started user thread for Warehouse 9
1月 02, 2026 4:22:42 上午 spec.jbb.JBBmain DoARun -> 信息:   started user thread for Warehouse 10
1月 02, 2026 4:22:42 上午 spec.jbb.JBBmain DoARun -> 信息:   started user thread for Warehouse 11
1月 02, 2026 4:22:42 上午 spec.jbb.JBBmain DoARun -> 信息:   started user thread for Warehouse 12
1月 02, 2026 4:22:42 上午 spec.jbb.JBBmain DoARun -> 信息:   started user thread for Warehouse 13
1月 02, 2026 4:22:42 上午 spec.jbb.JBBmain DoARun -> 信息:   started user thread for Warehouse 14
1月 02, 2026 4:22:42 上午 spec.jbb.JBBmain DoARun -> 信息:   started user thread for Warehouse 15
1月 02, 2026 4:22:42 上午 spec.jbb.JBBmain DoARun -> 信息:   started user thread for Warehouse 16
1月 02, 2026 4:22:42 上午 spec.jbb.JBBmain DoARun -> 信息:   started user thread for Warehouse 17
1月 02, 2026 4:22:42 上午 spec.jbb.JBBmain DoARun -> 信息:   started user thread for Warehouse 18
1月 02, 2026 4:22:42 上午 spec.jbb.JBBmain DoARun -> 信息:   started user thread for Warehouse 19
1月 02, 2026 4:22:42 上午 spec.jbb.JBBmain DoARun -> 信息:   started user thread for Warehouse 20
1月 02, 2026 4:22:42 上午 spec.jbb.JBBmain DoARun -> 信息:   started user thread for Warehouse 21
1月 02, 2026 4:22:42 上午 spec.jbb.JBBmain DoARun -> 信息:   started user thread for Warehouse 22
1月 02, 2026 4:22:42 上午 spec.jbb.JBBmain DoARun -> 信息:   started user thread for Warehouse 23
1月 02, 2026 4:22:42 上午 spec.jbb.JBBmain DoARun -> 信息:   started user thread for Warehouse 24
1月 02, 2026 4:22:42 上午 spec.jbb.JBBmain DoARun -> 信息:   started user thread for Warehouse 25
1月 02, 2026 4:22:42 上午 spec.jbb.JBBmain DoARun -> 信息:   started user thread for Warehouse 26
1月 02, 2026 4:22:42 上午 spec.jbb.JBBmain DoARun -> 信息:   started user thread for Warehouse 27
1月 02, 2026 4:22:42 上午 spec.jbb.JBBmain DoARun -> 信息:   started user thread for Warehouse 28
1月 02, 2026 4:22:42 上午 spec.jbb.JBBmain DoARun -> 信息:   started user thread for Warehouse 29
1月 02, 2026 4:22:42 上午 spec.jbb.JBBmain DoARun -> 信息:   started user thread for Warehouse 30
1月 02, 2026 4:22:42 上午 spec.jbb.JBBmain DoARun -> 信息:   started user thread for Warehouse 31
1月 02, 2026 4:22:42 上午 spec.jbb.JBBmain DoARun -> 信息:   started user thread for Warehouse 32
1月 02, 2026 4:22:42 上午 spec.jbb.JBBmain DoARun -> 信息:   started user thread for Warehouse 33
1月 02, 2026 4:22:42 上午 spec.jbb.JBBmain DoARun -> 信息:   started user thread for Warehouse 34
1月 02, 2026 4:22:42 上午 spec.jbb.JBBmain DoARun -> 信息:   started user thread for Warehouse 35
1月 02, 2026 4:22:42 上午 spec.jbb.JBBmain DoARun -> 信息:   started user thread for Warehouse 36
1月 02, 2026 4:22:42 上午 spec.jbb.JBBmain DoARun -> 信息:   started user thread for Warehouse 37
1月 02, 2026 4:22:42 上午 spec.jbb.JBBmain DoARun -> 信息:   started user thread for Warehouse 38
1月 02, 2026 4:22:42 上午 spec.jbb.JBBmain DoARun -> 信息:   started user thread for Warehouse 39
1月 02, 2026 4:22:42 上午 spec.jbb.JBBmain DoARun -> 信息:   started user thread for Warehouse 40
1月 02, 2026 4:22:42 上午 spec.jbb.JBBmain DoARun -> 信息:   started user thread for Warehouse 41
1月 02, 2026 4:22:42 上午 spec.jbb.JBBmain DoARun -> 信息:   started user thread for Warehouse 42
1月 02, 2026 4:22:42 上午 spec.jbb.JBBmain DoARun -> 信息:   started user thread for Warehouse 43
1月 02, 2026 4:22:42 上午 spec.jbb.JBBmain DoARun -> 信息:   started user thread for Warehouse 44
1月 02, 2026 4:22:42 上午 spec.jbb.JBBmain DoARun -> 信息:   started user thread for Warehouse 45
1月 02, 2026 4:22:42 上午 spec.jbb.JBBmain DoARun -> 信息:   started user thread for Warehouse 46
1月 02, 2026 4:22:42 上午 spec.jbb.JBBmain DoARun -> 信息:   started user thread for Warehouse 47
1月 02, 2026 4:22:42 上午 spec.jbb.JBBmain DoARun -> 信息:   started user thread for Warehouse 48
1月 02, 2026 4:22:42 上午 spec.jbb.JBBmain DoARun -> 信息:   started user thread for Warehouse 49
1月 02, 2026 4:22:42 上午 spec.jbb.JBBmain DoARun -> 信息:   started user thread for Warehouse 50
1月 02, 2026 4:22:42 上午 spec.jbb.JBBmain DoARun -> 信息:   started user thread for Warehouse 51
1月 02, 2026 4:22:42 上午 spec.jbb.JBBmain DoARun -> 信息:   started user thread for Warehouse 52
1月 02, 2026 4:22:42 上午 spec.jbb.JBBmain DoARun -> 信息:   started user thread for Warehouse 53
1月 02, 2026 4:22:42 上午 spec.jbb.JBBmain DoARun -> 信息:   started user thread for Warehouse 54
1月 02, 2026 4:22:42 上午 spec.jbb.JBBmain DoARun -> 信息:   started user thread for Warehouse 55
1月 02, 2026 4:22:42 上午 spec.jbb.JBBmain DoARun -> 信息:   started user thread for Warehouse 56
1月 02, 2026 4:22:42 上午 spec.jbb.JBBmain DoARun -> 信息:   started user thread for Warehouse 57
1月 02, 2026 4:22:42 上午 spec.jbb.JBBmain DoARun -> 信息:   started user thread for Warehouse 58
1月 02, 2026 4:22:42 上午 spec.jbb.JBBmain DoARun -> 信息:   started user thread for Warehouse 59
1月 02, 2026 4:22:42 上午 spec.jbb.JBBmain DoARun -> 信息:   started user thread for Warehouse 60
1月 02, 2026 4:22:42 上午 spec.jbb.JBBmain DoARun -> 信息:   started user thread for Warehouse 61
1月 02, 2026 4:22:42 上午 spec.jbb.JBBmain DoARun -> 信息:   started user thread for Warehouse 62
1月 02, 2026 4:22:42 上午 spec.jbb.JBBmain DoARun -> 信息:   started user thread for Warehouse 63
1月 02, 2026 4:22:42 上午 spec.jbb.JBBmain DoARun -> 信息:   started user thread for Warehouse 64
1月 02, 2026 4:22:42 上午 spec.jbb.JBBmain DoARun -> 信息:   started user thread for Warehouse 65
1月 02, 2026 4:22:42 上午 spec.jbb.JBBmain DoARun -> 信息:   started user thread for Warehouse 66
1月 02, 2026 4:22:42 上午 spec.jbb.JBBmain DoARun -> 信息:   started user thread for Warehouse 67
1月 02, 2026 4:22:42 上午 spec.jbb.JBBmain DoARun -> 信息:   started user thread for Warehouse 68
1月 02, 2026 4:22:42 上午 spec.jbb.JBBmain DoARun -> 信息:   started user thread for Warehouse 69
1月 02, 2026 4:22:42 上午 spec.jbb.JBBmain DoARun -> 信息:   started user thread for Warehouse 70
1月 02, 2026 4:22:42 上午 spec.jbb.JBBmain DoARun -> 信息:   started user thread for Warehouse 71
1月 02, 2026 4:22:42 上午 spec.jbb.JBBmain DoARun -> 信息:   started user thread for Warehouse 72
1月 02, 2026 4:22:42 上午 spec.jbb.JBBmain DoARun -> 信息:   started user thread for Warehouse 73
1月 02, 2026 4:22:42 上午 spec.jbb.JBBmain DoARun -> 信息:   started user thread for Warehouse 74
1月 02, 2026 4:22:42 上午 spec.jbb.JBBmain DoARun -> 信息:   started user thread for Warehouse 75
1月 02, 2026 4:22:42 上午 spec.jbb.JBBmain DoARun -> 信息:   started user thread for Warehouse 76
1月 02, 2026 4:22:42 上午 spec.jbb.JBBmain DoARun -> 信息:   started user thread for Warehouse 77
1月 02, 2026 4:22:42 上午 spec.jbb.Company displayResultTotals -> 信息: Timing Measurement began Fri Jan 02 04:22:42 CST 2026 for 4 minutes
1月 02, 2026 4:26:42 上午 spec.jbb.Company displayResultTotals -> 信息: Timing Measurement ended Fri Jan 02 04:26:42 CST 2026
1月 02, 2026 4:26:42 上午 spec.jbb.Company primeWithDummyData -> 信息: Loading Warehouse 78...
1月 02, 2026 4:26:42 上午 spec.jbb.JBBmain DoARun -> 信息: Start User Threads
1月 02, 2026 4:26:42 上午 spec.jbb.JBBmain DoARun -> 信息:   started user thread for Warehouse 1
1月 02, 2026 4:26:42 上午 spec.jbb.JBBmain DoARun -> 信息:   started user thread for Warehouse 2
1月 02, 2026 4:26:42 上午 spec.jbb.JBBmain DoARun -> 信息:   started user thread for Warehouse 3
1月 02, 2026 4:26:42 上午 spec.jbb.JBBmain DoARun -> 信息:   started user thread for Warehouse 4
1月 02, 2026 4:26:42 上午 spec.jbb.JBBmain DoARun -> 信息:   started user thread for Warehouse 5
1月 02, 2026 4:26:42 上午 spec.jbb.JBBmain DoARun -> 信息:   started user thread for Warehouse 6
1月 02, 2026 4:26:42 上午 spec.jbb.JBBmain DoARun -> 信息:   started user thread for Warehouse 7
1月 02, 2026 4:26:42 上午 spec.jbb.JBBmain DoARun -> 信息:   started user thread for Warehouse 8
1月 02, 2026 4:26:42 上午 spec.jbb.JBBmain DoARun -> 信息:   started user thread for Warehouse 9
1月 02, 2026 4:26:42 上午 spec.jbb.JBBmain DoARun -> 信息:   started user thread for Warehouse 10
1月 02, 2026 4:26:42 上午 spec.jbb.JBBmain DoARun -> 信息:   started user thread for Warehouse 11
1月 02, 2026 4:26:42 上午 spec.jbb.JBBmain DoARun -> 信息:   started user thread for Warehouse 12
1月 02, 2026 4:26:42 上午 spec.jbb.JBBmain DoARun -> 信息:   started user thread for Warehouse 13
1月 02, 2026 4:26:42 上午 spec.jbb.JBBmain DoARun -> 信息:   started user thread for Warehouse 14
1月 02, 2026 4:26:42 上午 spec.jbb.JBBmain DoARun -> 信息:   started user thread for Warehouse 15
1月 02, 2026 4:26:42 上午 spec.jbb.JBBmain DoARun -> 信息:   started user thread for Warehouse 16
1月 02, 2026 4:26:42 上午 spec.jbb.JBBmain DoARun -> 信息:   started user thread for Warehouse 17
1月 02, 2026 4:26:42 上午 spec.jbb.JBBmain DoARun -> 信息:   started user thread for Warehouse 18
1月 02, 2026 4:26:42 上午 spec.jbb.JBBmain DoARun -> 信息:   started user thread for Warehouse 19
1月 02, 2026 4:26:42 上午 spec.jbb.JBBmain DoARun -> 信息:   started user thread for Warehouse 20
1月 02, 2026 4:26:42 上午 spec.jbb.JBBmain DoARun -> 信息:   started user thread for Warehouse 21
1月 02, 2026 4:26:42 上午 spec.jbb.JBBmain DoARun -> 信息:   started user thread for Warehouse 22
1月 02, 2026 4:26:42 上午 spec.jbb.JBBmain DoARun -> 信息:   started user thread for Warehouse 23
1月 02, 2026 4:26:42 上午 spec.jbb.JBBmain DoARun -> 信息:   started user thread for Warehouse 24
1月 02, 2026 4:26:42 上午 spec.jbb.JBBmain DoARun -> 信息:   started user thread for Warehouse 25
1月 02, 2026 4:26:42 上午 spec.jbb.JBBmain DoARun -> 信息:   started user thread for Warehouse 26
1月 02, 2026 4:26:42 上午 spec.jbb.JBBmain DoARun -> 信息:   started user thread for Warehouse 27
1月 02, 2026 4:26:42 上午 spec.jbb.JBBmain DoARun -> 信息:   started user thread for Warehouse 28
1月 02, 2026 4:26:42 上午 spec.jbb.JBBmain DoARun -> 信息:   started user thread for Warehouse 29
1月 02, 2026 4:26:42 上午 spec.jbb.JBBmain DoARun -> 信息:   started user thread for Warehouse 30
1月 02, 2026 4:26:42 上午 spec.jbb.JBBmain DoARun -> 信息:   started user thread for Warehouse 31
1月 02, 2026 4:26:42 上午 spec.jbb.JBBmain DoARun -> 信息:   started user thread for Warehouse 32
1月 02, 2026 4:26:42 上午 spec.jbb.JBBmain DoARun -> 信息:   started user thread for Warehouse 33
1月 02, 2026 4:26:42 上午 spec.jbb.JBBmain DoARun -> 信息:   started user thread for Warehouse 34
1月 02, 2026 4:26:42 上午 spec.jbb.JBBmain DoARun -> 信息:   started user thread for Warehouse 35
1月 02, 2026 4:26:42 上午 spec.jbb.JBBmain DoARun -> 信息:   started user thread for Warehouse 36
1月 02, 2026 4:26:42 上午 spec.jbb.JBBmain DoARun -> 信息:   started user thread for Warehouse 37
1月 02, 2026 4:26:42 上午 spec.jbb.JBBmain DoARun -> 信息:   started user thread for Warehouse 38
1月 02, 2026 4:26:42 上午 spec.jbb.JBBmain DoARun -> 信息:   started user thread for Warehouse 39
1月 02, 2026 4:26:42 上午 spec.jbb.JBBmain DoARun -> 信息:   started user thread for Warehouse 40
1月 02, 2026 4:26:42 上午 spec.jbb.JBBmain DoARun -> 信息:   started user thread for Warehouse 41
1月 02, 2026 4:26:42 上午 spec.jbb.JBBmain DoARun -> 信息:   started user thread for Warehouse 42
1月 02, 2026 4:26:42 上午 spec.jbb.JBBmain DoARun -> 信息:   started user thread for Warehouse 43
1月 02, 2026 4:26:42 上午 spec.jbb.JBBmain DoARun -> 信息:   started user thread for Warehouse 44
1月 02, 2026 4:26:42 上午 spec.jbb.JBBmain DoARun -> 信息:   started user thread for Warehouse 45
1月 02, 2026 4:26:42 上午 spec.jbb.JBBmain DoARun -> 信息:   started user thread for Warehouse 46
1月 02, 2026 4:26:42 上午 spec.jbb.JBBmain DoARun -> 信息:   started user thread for Warehouse 47
1月 02, 2026 4:26:42 上午 spec.jbb.JBBmain DoARun -> 信息:   started user thread for Warehouse 48
1月 02, 2026 4:26:42 上午 spec.jbb.JBBmain DoARun -> 信息:   started user thread for Warehouse 49
1月 02, 2026 4:26:42 上午 spec.jbb.JBBmain DoARun -> 信息:   started user thread for Warehouse 50
1月 02, 2026 4:26:42 上午 spec.jbb.JBBmain DoARun -> 信息:   started user thread for Warehouse 51
1月 02, 2026 4:26:42 上午 spec.jbb.JBBmain DoARun -> 信息:   started user thread for Warehouse 52
1月 02, 2026 4:26:42 上午 spec.jbb.JBBmain DoARun -> 信息:   started user thread for Warehouse 53
1月 02, 2026 4:26:42 上午 spec.jbb.JBBmain DoARun -> 信息:   started user thread for Warehouse 54
1月 02, 2026 4:26:42 上午 spec.jbb.JBBmain DoARun -> 信息:   started user thread for Warehouse 55
1月 02, 2026 4:26:42 上午 spec.jbb.JBBmain DoARun -> 信息:   started user thread for Warehouse 56
1月 02, 2026 4:26:42 上午 spec.jbb.JBBmain DoARun -> 信息:   started user thread for Warehouse 57
1月 02, 2026 4:26:42 上午 spec.jbb.JBBmain DoARun -> 信息:   started user thread for Warehouse 58
1月 02, 2026 4:26:42 上午 spec.jbb.JBBmain DoARun -> 信息:   started user thread for Warehouse 59
1月 02, 2026 4:26:42 上午 spec.jbb.JBBmain DoARun -> 信息:   started user thread for Warehouse 60
1月 02, 2026 4:26:42 上午 spec.jbb.JBBmain DoARun -> 信息:   started user thread for Warehouse 61
1月 02, 2026 4:26:42 上午 spec.jbb.JBBmain DoARun -> 信息:   started user thread for Warehouse 62
1月 02, 2026 4:26:42 上午 spec.jbb.JBBmain DoARun -> 信息:   started user thread for Warehouse 63
1月 02, 2026 4:26:42 上午 spec.jbb.JBBmain DoARun -> 信息:   started user thread for Warehouse 64
1月 02, 2026 4:26:42 上午 spec.jbb.JBBmain DoARun -> 信息:   started user thread for Warehouse 65
1月 02, 2026 4:26:42 上午 spec.jbb.JBBmain DoARun -> 信息:   started user thread for Warehouse 66
1月 02, 2026 4:26:42 上午 spec.jbb.JBBmain DoARun -> 信息:   started user thread for Warehouse 67
1月 02, 2026 4:26:42 上午 spec.jbb.JBBmain DoARun -> 信息:   started user thread for Warehouse 68
1月 02, 2026 4:26:42 上午 spec.jbb.JBBmain DoARun -> 信息:   started user thread for Warehouse 69
1月 02, 2026 4:26:42 上午 spec.jbb.JBBmain DoARun -> 信息:   started user thread for Warehouse 70
1月 02, 2026 4:26:42 上午 spec.jbb.JBBmain DoARun -> 信息:   started user thread for Warehouse 71
1月 02, 2026 4:26:42 上午 spec.jbb.JBBmain DoARun -> 信息:   started user thread for Warehouse 72
1月 02, 2026 4:26:42 上午 spec.jbb.JBBmain DoARun -> 信息:   started user thread for Warehouse 73
1月 02, 2026 4:26:42 上午 spec.jbb.JBBmain DoARun -> 信息:   started user thread for Warehouse 74
1月 02, 2026 4:26:42 上午 spec.jbb.JBBmain DoARun -> 信息:   started user thread for Warehouse 75
1月 02, 2026 4:26:42 上午 spec.jbb.JBBmain DoARun -> 信息:   started user thread for Warehouse 76
1月 02, 2026 4:26:42 上午 spec.jbb.JBBmain DoARun -> 信息:   started user thread for Warehouse 77
1月 02, 2026 4:26:42 上午 spec.jbb.JBBmain DoARun -> 信息:   started user thread for Warehouse 78
1月 02, 2026 4:26:42 上午 spec.jbb.Company displayResultTotals -> 信息: Timing Measurement began Fri Jan 02 04:26:42 CST 2026 for 4 minutes
1月 02, 2026 4:30:42 上午 spec.jbb.Company displayResultTotals -> 信息: Timing Measurement ended Fri Jan 02 04:30:42 CST 2026
1月 02, 2026 4:30:42 上午 spec.jbb.Company primeWithDummyData -> 信息: Loading Warehouse 79...
1月 02, 2026 4:30:43 上午 spec.jbb.JBBmain DoARun -> 信息: Start User Threads
1月 02, 2026 4:30:43 上午 spec.jbb.JBBmain DoARun -> 信息:   started user thread for Warehouse 1
1月 02, 2026 4:30:43 上午 spec.jbb.JBBmain DoARun -> 信息:   started user thread for Warehouse 2
1月 02, 2026 4:30:43 上午 spec.jbb.JBBmain DoARun -> 信息:   started user thread for Warehouse 3
1月 02, 2026 4:30:43 上午 spec.jbb.JBBmain DoARun -> 信息:   started user thread for Warehouse 4
1月 02, 2026 4:30:43 上午 spec.jbb.JBBmain DoARun -> 信息:   started user thread for Warehouse 5
1月 02, 2026 4:30:43 上午 spec.jbb.JBBmain DoARun -> 信息:   started user thread for Warehouse 6
1月 02, 2026 4:30:43 上午 spec.jbb.JBBmain DoARun -> 信息:   started user thread for Warehouse 7
1月 02, 2026 4:30:43 上午 spec.jbb.JBBmain DoARun -> 信息:   started user thread for Warehouse 8
1月 02, 2026 4:30:43 上午 spec.jbb.JBBmain DoARun -> 信息:   started user thread for Warehouse 9
1月 02, 2026 4:30:43 上午 spec.jbb.JBBmain DoARun -> 信息:   started user thread for Warehouse 10
1月 02, 2026 4:30:43 上午 spec.jbb.JBBmain DoARun -> 信息:   started user thread for Warehouse 11
1月 02, 2026 4:30:43 上午 spec.jbb.JBBmain DoARun -> 信息:   started user thread for Warehouse 12
1月 02, 2026 4:30:43 上午 spec.jbb.JBBmain DoARun -> 信息:   started user thread for Warehouse 13
1月 02, 2026 4:30:43 上午 spec.jbb.JBBmain DoARun -> 信息:   started user thread for Warehouse 14
1月 02, 2026 4:30:43 上午 spec.jbb.JBBmain DoARun -> 信息:   started user thread for Warehouse 15
1月 02, 2026 4:30:43 上午 spec.jbb.JBBmain DoARun -> 信息:   started user thread for Warehouse 16
1月 02, 2026 4:30:43 上午 spec.jbb.JBBmain DoARun -> 信息:   started user thread for Warehouse 17
1月 02, 2026 4:30:43 上午 spec.jbb.JBBmain DoARun -> 信息:   started user thread for Warehouse 18
1月 02, 2026 4:30:43 上午 spec.jbb.JBBmain DoARun -> 信息:   started user thread for Warehouse 19
1月 02, 2026 4:30:43 上午 spec.jbb.JBBmain DoARun -> 信息:   started user thread for Warehouse 20
1月 02, 2026 4:30:43 上午 spec.jbb.JBBmain DoARun -> 信息:   started user thread for Warehouse 21
1月 02, 2026 4:30:43 上午 spec.jbb.JBBmain DoARun -> 信息:   started user thread for Warehouse 22
1月 02, 2026 4:30:43 上午 spec.jbb.JBBmain DoARun -> 信息:   started user thread for Warehouse 23
1月 02, 2026 4:30:43 上午 spec.jbb.JBBmain DoARun -> 信息:   started user thread for Warehouse 24
1月 02, 2026 4:30:43 上午 spec.jbb.JBBmain DoARun -> 信息:   started user thread for Warehouse 25
1月 02, 2026 4:30:43 上午 spec.jbb.JBBmain DoARun -> 信息:   started user thread for Warehouse 26
1月 02, 2026 4:30:43 上午 spec.jbb.JBBmain DoARun -> 信息:   started user thread for Warehouse 27
1月 02, 2026 4:30:43 上午 spec.jbb.JBBmain DoARun -> 信息:   started user thread for Warehouse 28
1月 02, 2026 4:30:43 上午 spec.jbb.JBBmain DoARun -> 信息:   started user thread for Warehouse 29
1月 02, 2026 4:30:43 上午 spec.jbb.JBBmain DoARun -> 信息:   started user thread for Warehouse 30
1月 02, 2026 4:30:43 上午 spec.jbb.JBBmain DoARun -> 信息:   started user thread for Warehouse 31
1月 02, 2026 4:30:43 上午 spec.jbb.JBBmain DoARun -> 信息:   started user thread for Warehouse 32
1月 02, 2026 4:30:43 上午 spec.jbb.JBBmain DoARun -> 信息:   started user thread for Warehouse 33
1月 02, 2026 4:30:43 上午 spec.jbb.JBBmain DoARun -> 信息:   started user thread for Warehouse 34
1月 02, 2026 4:30:43 上午 spec.jbb.JBBmain DoARun -> 信息:   started user thread for Warehouse 35
1月 02, 2026 4:30:43 上午 spec.jbb.JBBmain DoARun -> 信息:   started user thread for Warehouse 36
1月 02, 2026 4:30:43 上午 spec.jbb.JBBmain DoARun -> 信息:   started user thread for Warehouse 37
1月 02, 2026 4:30:43 上午 spec.jbb.JBBmain DoARun -> 信息:   started user thread for Warehouse 38
1月 02, 2026 4:30:43 上午 spec.jbb.JBBmain DoARun -> 信息:   started user thread for Warehouse 39
1月 02, 2026 4:30:43 上午 spec.jbb.JBBmain DoARun -> 信息:   started user thread for Warehouse 40
1月 02, 2026 4:30:43 上午 spec.jbb.JBBmain DoARun -> 信息:   started user thread for Warehouse 41
1月 02, 2026 4:30:43 上午 spec.jbb.JBBmain DoARun -> 信息:   started user thread for Warehouse 42
1月 02, 2026 4:30:43 上午 spec.jbb.JBBmain DoARun -> 信息:   started user thread for Warehouse 43
1月 02, 2026 4:30:43 上午 spec.jbb.JBBmain DoARun -> 信息:   started user thread for Warehouse 44
1月 02, 2026 4:30:43 上午 spec.jbb.JBBmain DoARun -> 信息:   started user thread for Warehouse 45
1月 02, 2026 4:30:43 上午 spec.jbb.JBBmain DoARun -> 信息:   started user thread for Warehouse 46
1月 02, 2026 4:30:43 上午 spec.jbb.JBBmain DoARun -> 信息:   started user thread for Warehouse 47
1月 02, 2026 4:30:43 上午 spec.jbb.JBBmain DoARun -> 信息:   started user thread for Warehouse 48
1月 02, 2026 4:30:43 上午 spec.jbb.JBBmain DoARun -> 信息:   started user thread for Warehouse 49
1月 02, 2026 4:30:43 上午 spec.jbb.JBBmain DoARun -> 信息:   started user thread for Warehouse 50
1月 02, 2026 4:30:43 上午 spec.jbb.JBBmain DoARun -> 信息:   started user thread for Warehouse 51
1月 02, 2026 4:30:43 上午 spec.jbb.JBBmain DoARun -> 信息:   started user thread for Warehouse 52
1月 02, 2026 4:30:43 上午 spec.jbb.JBBmain DoARun -> 信息:   started user thread for Warehouse 53
1月 02, 2026 4:30:43 上午 spec.jbb.JBBmain DoARun -> 信息:   started user thread for Warehouse 54
1月 02, 2026 4:30:43 上午 spec.jbb.JBBmain DoARun -> 信息:   started user thread for Warehouse 55
1月 02, 2026 4:30:43 上午 spec.jbb.JBBmain DoARun -> 信息:   started user thread for Warehouse 56
1月 02, 2026 4:30:43 上午 spec.jbb.JBBmain DoARun -> 信息:   started user thread for Warehouse 57
1月 02, 2026 4:30:43 上午 spec.jbb.JBBmain DoARun -> 信息:   started user thread for Warehouse 58
1月 02, 2026 4:30:43 上午 spec.jbb.JBBmain DoARun -> 信息:   started user thread for Warehouse 59
1月 02, 2026 4:30:43 上午 spec.jbb.JBBmain DoARun -> 信息:   started user thread for Warehouse 60
1月 02, 2026 4:30:43 上午 spec.jbb.JBBmain DoARun -> 信息:   started user thread for Warehouse 61
1月 02, 2026 4:30:43 上午 spec.jbb.JBBmain DoARun -> 信息:   started user thread for Warehouse 62
1月 02, 2026 4:30:43 上午 spec.jbb.JBBmain DoARun -> 信息:   started user thread for Warehouse 63
1月 02, 2026 4:30:43 上午 spec.jbb.JBBmain DoARun -> 信息:   started user thread for Warehouse 64
1月 02, 2026 4:30:43 上午 spec.jbb.JBBmain DoARun -> 信息:   started user thread for Warehouse 65
1月 02, 2026 4:30:43 上午 spec.jbb.JBBmain DoARun -> 信息:   started user thread for Warehouse 66
1月 02, 2026 4:30:43 上午 spec.jbb.JBBmain DoARun -> 信息:   started user thread for Warehouse 67
1月 02, 2026 4:30:43 上午 spec.jbb.JBBmain DoARun -> 信息:   started user thread for Warehouse 68
1月 02, 2026 4:30:43 上午 spec.jbb.JBBmain DoARun -> 信息:   started user thread for Warehouse 69
1月 02, 2026 4:30:43 上午 spec.jbb.JBBmain DoARun -> 信息:   started user thread for Warehouse 70
1月 02, 2026 4:30:43 上午 spec.jbb.JBBmain DoARun -> 信息:   started user thread for Warehouse 71
1月 02, 2026 4:30:43 上午 spec.jbb.JBBmain DoARun -> 信息:   started user thread for Warehouse 72
1月 02, 2026 4:30:43 上午 spec.jbb.JBBmain DoARun -> 信息:   started user thread for Warehouse 73
1月 02, 2026 4:30:43 上午 spec.jbb.JBBmain DoARun -> 信息:   started user thread for Warehouse 74
1月 02, 2026 4:30:43 上午 spec.jbb.JBBmain DoARun -> 信息:   started user thread for Warehouse 75
1月 02, 2026 4:30:43 上午 spec.jbb.JBBmain DoARun -> 信息:   started user thread for Warehouse 76
1月 02, 2026 4:30:43 上午 spec.jbb.JBBmain DoARun -> 信息:   started user thread for Warehouse 77
1月 02, 2026 4:30:43 上午 spec.jbb.JBBmain DoARun -> 信息:   started user thread for Warehouse 78
1月 02, 2026 4:30:43 上午 spec.jbb.JBBmain DoARun -> 信息:   started user thread for Warehouse 79
1月 02, 2026 4:30:43 上午 spec.jbb.Company displayResultTotals -> 信息: Timing Measurement began Fri Jan 02 04:30:43 CST 2026 for 4 minutes
1月 02, 2026 4:34:43 上午 spec.jbb.Company displayResultTotals -> 信息: Timing Measurement ended Fri Jan 02 04:34:43 CST 2026
1月 02, 2026 4:34:43 上午 spec.jbb.Company primeWithDummyData -> 信息: Loading Warehouse 80...
1月 02, 2026 4:34:43 上午 spec.jbb.JBBmain DoARun -> 信息: Start User Threads
1月 02, 2026 4:34:43 上午 spec.jbb.JBBmain DoARun -> 信息:   started user thread for Warehouse 1
1月 02, 2026 4:34:43 上午 spec.jbb.JBBmain DoARun -> 信息:   started user thread for Warehouse 2
1月 02, 2026 4:34:43 上午 spec.jbb.JBBmain DoARun -> 信息:   started user thread for Warehouse 3
1月 02, 2026 4:34:43 上午 spec.jbb.JBBmain DoARun -> 信息:   started user thread for Warehouse 4
1月 02, 2026 4:34:43 上午 spec.jbb.JBBmain DoARun -> 信息:   started user thread for Warehouse 5
1月 02, 2026 4:34:43 上午 spec.jbb.JBBmain DoARun -> 信息:   started user thread for Warehouse 6
1月 02, 2026 4:34:43 上午 spec.jbb.JBBmain DoARun -> 信息:   started user thread for Warehouse 7
1月 02, 2026 4:34:43 上午 spec.jbb.JBBmain DoARun -> 信息:   started user thread for Warehouse 8
1月 02, 2026 4:34:43 上午 spec.jbb.JBBmain DoARun -> 信息:   started user thread for Warehouse 9
1月 02, 2026 4:34:43 上午 spec.jbb.JBBmain DoARun -> 信息:   started user thread for Warehouse 10
1月 02, 2026 4:34:43 上午 spec.jbb.JBBmain DoARun -> 信息:   started user thread for Warehouse 11
1月 02, 2026 4:34:43 上午 spec.jbb.JBBmain DoARun -> 信息:   started user thread for Warehouse 12
1月 02, 2026 4:34:43 上午 spec.jbb.JBBmain DoARun -> 信息:   started user thread for Warehouse 13
1月 02, 2026 4:34:43 上午 spec.jbb.JBBmain DoARun -> 信息:   started user thread for Warehouse 14
1月 02, 2026 4:34:43 上午 spec.jbb.JBBmain DoARun -> 信息:   started user thread for Warehouse 15
1月 02, 2026 4:34:43 上午 spec.jbb.JBBmain DoARun -> 信息:   started user thread for Warehouse 16
1月 02, 2026 4:34:43 上午 spec.jbb.JBBmain DoARun -> 信息:   started user thread for Warehouse 17
1月 02, 2026 4:34:43 上午 spec.jbb.JBBmain DoARun -> 信息:   started user thread for Warehouse 18
1月 02, 2026 4:34:43 上午 spec.jbb.JBBmain DoARun -> 信息:   started user thread for Warehouse 19
1月 02, 2026 4:34:43 上午 spec.jbb.JBBmain DoARun -> 信息:   started user thread for Warehouse 20
1月 02, 2026 4:34:43 上午 spec.jbb.JBBmain DoARun -> 信息:   started user thread for Warehouse 21
1月 02, 2026 4:34:43 上午 spec.jbb.JBBmain DoARun -> 信息:   started user thread for Warehouse 22
1月 02, 2026 4:34:43 上午 spec.jbb.JBBmain DoARun -> 信息:   started user thread for Warehouse 23
1月 02, 2026 4:34:43 上午 spec.jbb.JBBmain DoARun -> 信息:   started user thread for Warehouse 24
1月 02, 2026 4:34:43 上午 spec.jbb.JBBmain DoARun -> 信息:   started user thread for Warehouse 25
1月 02, 2026 4:34:43 上午 spec.jbb.JBBmain DoARun -> 信息:   started user thread for Warehouse 26
1月 02, 2026 4:34:43 上午 spec.jbb.JBBmain DoARun -> 信息:   started user thread for Warehouse 27
1月 02, 2026 4:34:43 上午 spec.jbb.JBBmain DoARun -> 信息:   started user thread for Warehouse 28
1月 02, 2026 4:34:43 上午 spec.jbb.JBBmain DoARun -> 信息:   started user thread for Warehouse 29
1月 02, 2026 4:34:43 上午 spec.jbb.JBBmain DoARun -> 信息:   started user thread for Warehouse 30
1月 02, 2026 4:34:43 上午 spec.jbb.JBBmain DoARun -> 信息:   started user thread for Warehouse 31
1月 02, 2026 4:34:43 上午 spec.jbb.JBBmain DoARun -> 信息:   started user thread for Warehouse 32
1月 02, 2026 4:34:43 上午 spec.jbb.JBBmain DoARun -> 信息:   started user thread for Warehouse 33
1月 02, 2026 4:34:43 上午 spec.jbb.JBBmain DoARun -> 信息:   started user thread for Warehouse 34
1月 02, 2026 4:34:43 上午 spec.jbb.JBBmain DoARun -> 信息:   started user thread for Warehouse 35
1月 02, 2026 4:34:43 上午 spec.jbb.JBBmain DoARun -> 信息:   started user thread for Warehouse 36
1月 02, 2026 4:34:43 上午 spec.jbb.JBBmain DoARun -> 信息:   started user thread for Warehouse 37
1月 02, 2026 4:34:43 上午 spec.jbb.JBBmain DoARun -> 信息:   started user thread for Warehouse 38
1月 02, 2026 4:34:43 上午 spec.jbb.JBBmain DoARun -> 信息:   started user thread for Warehouse 39
1月 02, 2026 4:34:43 上午 spec.jbb.JBBmain DoARun -> 信息:   started user thread for Warehouse 40
1月 02, 2026 4:34:43 上午 spec.jbb.JBBmain DoARun -> 信息:   started user thread for Warehouse 41
1月 02, 2026 4:34:43 上午 spec.jbb.JBBmain DoARun -> 信息:   started user thread for Warehouse 42
1月 02, 2026 4:34:43 上午 spec.jbb.JBBmain DoARun -> 信息:   started user thread for Warehouse 43
1月 02, 2026 4:34:43 上午 spec.jbb.JBBmain DoARun -> 信息:   started user thread for Warehouse 44
1月 02, 2026 4:34:43 上午 spec.jbb.JBBmain DoARun -> 信息:   started user thread for Warehouse 45
1月 02, 2026 4:34:43 上午 spec.jbb.JBBmain DoARun -> 信息:   started user thread for Warehouse 46
1月 02, 2026 4:34:43 上午 spec.jbb.JBBmain DoARun -> 信息:   started user thread for Warehouse 47
1月 02, 2026 4:34:43 上午 spec.jbb.JBBmain DoARun -> 信息:   started user thread for Warehouse 48
1月 02, 2026 4:34:43 上午 spec.jbb.JBBmain DoARun -> 信息:   started user thread for Warehouse 49
1月 02, 2026 4:34:43 上午 spec.jbb.JBBmain DoARun -> 信息:   started user thread for Warehouse 50
1月 02, 2026 4:34:43 上午 spec.jbb.JBBmain DoARun -> 信息:   started user thread for Warehouse 51
1月 02, 2026 4:34:43 上午 spec.jbb.JBBmain DoARun -> 信息:   started user thread for Warehouse 52
1月 02, 2026 4:34:43 上午 spec.jbb.JBBmain DoARun -> 信息:   started user thread for Warehouse 53
1月 02, 2026 4:34:43 上午 spec.jbb.JBBmain DoARun -> 信息:   started user thread for Warehouse 54
1月 02, 2026 4:34:43 上午 spec.jbb.JBBmain DoARun -> 信息:   started user thread for Warehouse 55
1月 02, 2026 4:34:43 上午 spec.jbb.JBBmain DoARun -> 信息:   started user thread for Warehouse 56
1月 02, 2026 4:34:43 上午 spec.jbb.JBBmain DoARun -> 信息:   started user thread for Warehouse 57
1月 02, 2026 4:34:43 上午 spec.jbb.JBBmain DoARun -> 信息:   started user thread for Warehouse 58
1月 02, 2026 4:34:43 上午 spec.jbb.JBBmain DoARun -> 信息:   started user thread for Warehouse 59
1月 02, 2026 4:34:43 上午 spec.jbb.JBBmain DoARun -> 信息:   started user thread for Warehouse 60
1月 02, 2026 4:34:43 上午 spec.jbb.JBBmain DoARun -> 信息:   started user thread for Warehouse 61
1月 02, 2026 4:34:43 上午 spec.jbb.JBBmain DoARun -> 信息:   started user thread for Warehouse 62
1月 02, 2026 4:34:43 上午 spec.jbb.JBBmain DoARun -> 信息:   started user thread for Warehouse 63
1月 02, 2026 4:34:43 上午 spec.jbb.JBBmain DoARun -> 信息:   started user thread for Warehouse 64
1月 02, 2026 4:34:43 上午 spec.jbb.JBBmain DoARun -> 信息:   started user thread for Warehouse 65
1月 02, 2026 4:34:43 上午 spec.jbb.JBBmain DoARun -> 信息:   started user thread for Warehouse 66
1月 02, 2026 4:34:43 上午 spec.jbb.JBBmain DoARun -> 信息:   started user thread for Warehouse 67
1月 02, 2026 4:34:43 上午 spec.jbb.JBBmain DoARun -> 信息:   started user thread for Warehouse 68
1月 02, 2026 4:34:43 上午 spec.jbb.JBBmain DoARun -> 信息:   started user thread for Warehouse 69
1月 02, 2026 4:34:43 上午 spec.jbb.JBBmain DoARun -> 信息:   started user thread for Warehouse 70
1月 02, 2026 4:34:43 上午 spec.jbb.JBBmain DoARun -> 信息:   started user thread for Warehouse 71
1月 02, 2026 4:34:43 上午 spec.jbb.JBBmain DoARun -> 信息:   started user thread for Warehouse 72
1月 02, 2026 4:34:43 上午 spec.jbb.JBBmain DoARun -> 信息:   started user thread for Warehouse 73
1月 02, 2026 4:34:43 上午 spec.jbb.JBBmain DoARun -> 信息:   started user thread for Warehouse 74
1月 02, 2026 4:34:43 上午 spec.jbb.JBBmain DoARun -> 信息:   started user thread for Warehouse 75
1月 02, 2026 4:34:43 上午 spec.jbb.JBBmain DoARun -> 信息:   started user thread for Warehouse 76
1月 02, 2026 4:34:43 上午 spec.jbb.JBBmain DoARun -> 信息:   started user thread for Warehouse 77
1月 02, 2026 4:34:43 上午 spec.jbb.JBBmain DoARun -> 信息:   started user thread for Warehouse 78
1月 02, 2026 4:34:43 上午 spec.jbb.JBBmain DoARun -> 信息:   started user thread for Warehouse 79
1月 02, 2026 4:34:43 上午 spec.jbb.JBBmain DoARun -> 信息:   started user thread for Warehouse 80
1月 02, 2026 4:34:43 上午 spec.jbb.Company displayResultTotals -> 信息: Timing Measurement began Fri Jan 02 04:34:43 CST 2026 for 4 minutes
1月 02, 2026 4:38:43 上午 spec.jbb.Company displayResultTotals -> 信息: Timing Measurement ended Fri Jan 02 04:38:43 CST 2026
1月 02, 2026 4:38:43 上午 spec.jbb.Company primeWithDummyData -> 信息: Loading Warehouse 81...
1月 02, 2026 4:38:43 上午 spec.jbb.JBBmain DoARun -> 信息: Start User Threads
1月 02, 2026 4:38:43 上午 spec.jbb.JBBmain DoARun -> 信息:   started user thread for Warehouse 1
1月 02, 2026 4:38:43 上午 spec.jbb.JBBmain DoARun -> 信息:   started user thread for Warehouse 2
1月 02, 2026 4:38:43 上午 spec.jbb.JBBmain DoARun -> 信息:   started user thread for Warehouse 3
1月 02, 2026 4:38:43 上午 spec.jbb.JBBmain DoARun -> 信息:   started user thread for Warehouse 4
1月 02, 2026 4:38:43 上午 spec.jbb.JBBmain DoARun -> 信息:   started user thread for Warehouse 5
1月 02, 2026 4:38:43 上午 spec.jbb.JBBmain DoARun -> 信息:   started user thread for Warehouse 6
1月 02, 2026 4:38:43 上午 spec.jbb.JBBmain DoARun -> 信息:   started user thread for Warehouse 7
1月 02, 2026 4:38:43 上午 spec.jbb.JBBmain DoARun -> 信息:   started user thread for Warehouse 8
1月 02, 2026 4:38:43 上午 spec.jbb.JBBmain DoARun -> 信息:   started user thread for Warehouse 9
1月 02, 2026 4:38:43 上午 spec.jbb.JBBmain DoARun -> 信息:   started user thread for Warehouse 10
1月 02, 2026 4:38:43 上午 spec.jbb.JBBmain DoARun -> 信息:   started user thread for Warehouse 11
1月 02, 2026 4:38:43 上午 spec.jbb.JBBmain DoARun -> 信息:   started user thread for Warehouse 12
1月 02, 2026 4:38:43 上午 spec.jbb.JBBmain DoARun -> 信息:   started user thread for Warehouse 13
1月 02, 2026 4:38:43 上午 spec.jbb.JBBmain DoARun -> 信息:   started user thread for Warehouse 14
1月 02, 2026 4:38:43 上午 spec.jbb.JBBmain DoARun -> 信息:   started user thread for Warehouse 15
1月 02, 2026 4:38:43 上午 spec.jbb.JBBmain DoARun -> 信息:   started user thread for Warehouse 16
1月 02, 2026 4:38:43 上午 spec.jbb.JBBmain DoARun -> 信息:   started user thread for Warehouse 17
1月 02, 2026 4:38:43 上午 spec.jbb.JBBmain DoARun -> 信息:   started user thread for Warehouse 18
1月 02, 2026 4:38:43 上午 spec.jbb.JBBmain DoARun -> 信息:   started user thread for Warehouse 19
1月 02, 2026 4:38:43 上午 spec.jbb.JBBmain DoARun -> 信息:   started user thread for Warehouse 20
1月 02, 2026 4:38:43 上午 spec.jbb.JBBmain DoARun -> 信息:   started user thread for Warehouse 21
1月 02, 2026 4:38:43 上午 spec.jbb.JBBmain DoARun -> 信息:   started user thread for Warehouse 22
1月 02, 2026 4:38:43 上午 spec.jbb.JBBmain DoARun -> 信息:   started user thread for Warehouse 23
1月 02, 2026 4:38:43 上午 spec.jbb.JBBmain DoARun -> 信息:   started user thread for Warehouse 24
1月 02, 2026 4:38:43 上午 spec.jbb.JBBmain DoARun -> 信息:   started user thread for Warehouse 25
1月 02, 2026 4:38:43 上午 spec.jbb.JBBmain DoARun -> 信息:   started user thread for Warehouse 26
1月 02, 2026 4:38:43 上午 spec.jbb.JBBmain DoARun -> 信息:   started user thread for Warehouse 27
1月 02, 2026 4:38:43 上午 spec.jbb.JBBmain DoARun -> 信息:   started user thread for Warehouse 28
1月 02, 2026 4:38:43 上午 spec.jbb.JBBmain DoARun -> 信息:   started user thread for Warehouse 29
1月 02, 2026 4:38:43 上午 spec.jbb.JBBmain DoARun -> 信息:   started user thread for Warehouse 30
1月 02, 2026 4:38:43 上午 spec.jbb.JBBmain DoARun -> 信息:   started user thread for Warehouse 31
1月 02, 2026 4:38:43 上午 spec.jbb.JBBmain DoARun -> 信息:   started user thread for Warehouse 32
1月 02, 2026 4:38:43 上午 spec.jbb.JBBmain DoARun -> 信息:   started user thread for Warehouse 33
1月 02, 2026 4:38:43 上午 spec.jbb.JBBmain DoARun -> 信息:   started user thread for Warehouse 34
1月 02, 2026 4:38:43 上午 spec.jbb.JBBmain DoARun -> 信息:   started user thread for Warehouse 35
1月 02, 2026 4:38:43 上午 spec.jbb.JBBmain DoARun -> 信息:   started user thread for Warehouse 36
1月 02, 2026 4:38:43 上午 spec.jbb.JBBmain DoARun -> 信息:   started user thread for Warehouse 37
1月 02, 2026 4:38:43 上午 spec.jbb.JBBmain DoARun -> 信息:   started user thread for Warehouse 38
1月 02, 2026 4:38:43 上午 spec.jbb.JBBmain DoARun -> 信息:   started user thread for Warehouse 39
1月 02, 2026 4:38:43 上午 spec.jbb.JBBmain DoARun -> 信息:   started user thread for Warehouse 40
1月 02, 2026 4:38:43 上午 spec.jbb.JBBmain DoARun -> 信息:   started user thread for Warehouse 41
1月 02, 2026 4:38:43 上午 spec.jbb.JBBmain DoARun -> 信息:   started user thread for Warehouse 42
1月 02, 2026 4:38:43 上午 spec.jbb.JBBmain DoARun -> 信息:   started user thread for Warehouse 43
1月 02, 2026 4:38:43 上午 spec.jbb.JBBmain DoARun -> 信息:   started user thread for Warehouse 44
1月 02, 2026 4:38:43 上午 spec.jbb.JBBmain DoARun -> 信息:   started user thread for Warehouse 45
1月 02, 2026 4:38:43 上午 spec.jbb.JBBmain DoARun -> 信息:   started user thread for Warehouse 46
1月 02, 2026 4:38:43 上午 spec.jbb.JBBmain DoARun -> 信息:   started user thread for Warehouse 47
1月 02, 2026 4:38:43 上午 spec.jbb.JBBmain DoARun -> 信息:   started user thread for Warehouse 48
1月 02, 2026 4:38:43 上午 spec.jbb.JBBmain DoARun -> 信息:   started user thread for Warehouse 49
1月 02, 2026 4:38:43 上午 spec.jbb.JBBmain DoARun -> 信息:   started user thread for Warehouse 50
1月 02, 2026 4:38:43 上午 spec.jbb.JBBmain DoARun -> 信息:   started user thread for Warehouse 51
1月 02, 2026 4:38:43 上午 spec.jbb.JBBmain DoARun -> 信息:   started user thread for Warehouse 52
1月 02, 2026 4:38:43 上午 spec.jbb.JBBmain DoARun -> 信息:   started user thread for Warehouse 53
1月 02, 2026 4:38:43 上午 spec.jbb.JBBmain DoARun -> 信息:   started user thread for Warehouse 54
1月 02, 2026 4:38:43 上午 spec.jbb.JBBmain DoARun -> 信息:   started user thread for Warehouse 55
1月 02, 2026 4:38:43 上午 spec.jbb.JBBmain DoARun -> 信息:   started user thread for Warehouse 56
1月 02, 2026 4:38:43 上午 spec.jbb.JBBmain DoARun -> 信息:   started user thread for Warehouse 57
1月 02, 2026 4:38:43 上午 spec.jbb.JBBmain DoARun -> 信息:   started user thread for Warehouse 58
1月 02, 2026 4:38:43 上午 spec.jbb.JBBmain DoARun -> 信息:   started user thread for Warehouse 59
1月 02, 2026 4:38:43 上午 spec.jbb.JBBmain DoARun -> 信息:   started user thread for Warehouse 60
1月 02, 2026 4:38:43 上午 spec.jbb.JBBmain DoARun -> 信息:   started user thread for Warehouse 61
1月 02, 2026 4:38:43 上午 spec.jbb.JBBmain DoARun -> 信息:   started user thread for Warehouse 62
1月 02, 2026 4:38:43 上午 spec.jbb.JBBmain DoARun -> 信息:   started user thread for Warehouse 63
1月 02, 2026 4:38:43 上午 spec.jbb.JBBmain DoARun -> 信息:   started user thread for Warehouse 64
1月 02, 2026 4:38:43 上午 spec.jbb.JBBmain DoARun -> 信息:   started user thread for Warehouse 65
1月 02, 2026 4:38:43 上午 spec.jbb.JBBmain DoARun -> 信息:   started user thread for Warehouse 66
1月 02, 2026 4:38:43 上午 spec.jbb.JBBmain DoARun -> 信息:   started user thread for Warehouse 67
1月 02, 2026 4:38:43 上午 spec.jbb.JBBmain DoARun -> 信息:   started user thread for Warehouse 68
1月 02, 2026 4:38:43 上午 spec.jbb.JBBmain DoARun -> 信息:   started user thread for Warehouse 69
1月 02, 2026 4:38:43 上午 spec.jbb.JBBmain DoARun -> 信息:   started user thread for Warehouse 70
1月 02, 2026 4:38:43 上午 spec.jbb.JBBmain DoARun -> 信息:   started user thread for Warehouse 71
1月 02, 2026 4:38:43 上午 spec.jbb.JBBmain DoARun -> 信息:   started user thread for Warehouse 72
1月 02, 2026 4:38:43 上午 spec.jbb.JBBmain DoARun -> 信息:   started user thread for Warehouse 73
1月 02, 2026 4:38:43 上午 spec.jbb.JBBmain DoARun -> 信息:   started user thread for Warehouse 74
1月 02, 2026 4:38:43 上午 spec.jbb.JBBmain DoARun -> 信息:   started user thread for Warehouse 75
1月 02, 2026 4:38:43 上午 spec.jbb.JBBmain DoARun -> 信息:   started user thread for Warehouse 76
1月 02, 2026 4:38:43 上午 spec.jbb.JBBmain DoARun -> 信息:   started user thread for Warehouse 77
1月 02, 2026 4:38:43 上午 spec.jbb.JBBmain DoARun -> 信息:   started user thread for Warehouse 78
1月 02, 2026 4:38:43 上午 spec.jbb.JBBmain DoARun -> 信息:   started user thread for Warehouse 79
1月 02, 2026 4:38:43 上午 spec.jbb.JBBmain DoARun -> 信息:   started user thread for Warehouse 80
1月 02, 2026 4:38:43 上午 spec.jbb.JBBmain DoARun -> 信息:   started user thread for Warehouse 81
1月 02, 2026 4:38:43 上午 spec.jbb.Company displayResultTotals -> 信息: Timing Measurement began Fri Jan 02 04:38:43 CST 2026 for 4 minutes
1月 02, 2026 4:42:43 上午 spec.jbb.Company displayResultTotals -> 信息: Timing Measurement ended Fri Jan 02 04:42:43 CST 2026
1月 02, 2026 4:42:44 上午 spec.jbb.Company primeWithDummyData -> 信息: Loading Warehouse 82...
1月 02, 2026 4:42:44 上午 spec.jbb.JBBmain DoARun -> 信息: Start User Threads
1月 02, 2026 4:42:44 上午 spec.jbb.JBBmain DoARun -> 信息:   started user thread for Warehouse 1
1月 02, 2026 4:42:44 上午 spec.jbb.JBBmain DoARun -> 信息:   started user thread for Warehouse 2
1月 02, 2026 4:42:44 上午 spec.jbb.JBBmain DoARun -> 信息:   started user thread for Warehouse 3
1月 02, 2026 4:42:44 上午 spec.jbb.JBBmain DoARun -> 信息:   started user thread for Warehouse 4
1月 02, 2026 4:42:44 上午 spec.jbb.JBBmain DoARun -> 信息:   started user thread for Warehouse 5
1月 02, 2026 4:42:44 上午 spec.jbb.JBBmain DoARun -> 信息:   started user thread for Warehouse 6
1月 02, 2026 4:42:44 上午 spec.jbb.JBBmain DoARun -> 信息:   started user thread for Warehouse 7
1月 02, 2026 4:42:44 上午 spec.jbb.JBBmain DoARun -> 信息:   started user thread for Warehouse 8
1月 02, 2026 4:42:44 上午 spec.jbb.JBBmain DoARun -> 信息:   started user thread for Warehouse 9
1月 02, 2026 4:42:44 上午 spec.jbb.JBBmain DoARun -> 信息:   started user thread for Warehouse 10
1月 02, 2026 4:42:44 上午 spec.jbb.JBBmain DoARun -> 信息:   started user thread for Warehouse 11
1月 02, 2026 4:42:44 上午 spec.jbb.JBBmain DoARun -> 信息:   started user thread for Warehouse 12
1月 02, 2026 4:42:44 上午 spec.jbb.JBBmain DoARun -> 信息:   started user thread for Warehouse 13
1月 02, 2026 4:42:44 上午 spec.jbb.JBBmain DoARun -> 信息:   started user thread for Warehouse 14
1月 02, 2026 4:42:44 上午 spec.jbb.JBBmain DoARun -> 信息:   started user thread for Warehouse 15
1月 02, 2026 4:42:44 上午 spec.jbb.JBBmain DoARun -> 信息:   started user thread for Warehouse 16
1月 02, 2026 4:42:44 上午 spec.jbb.JBBmain DoARun -> 信息:   started user thread for Warehouse 17
1月 02, 2026 4:42:44 上午 spec.jbb.JBBmain DoARun -> 信息:   started user thread for Warehouse 18
1月 02, 2026 4:42:44 上午 spec.jbb.JBBmain DoARun -> 信息:   started user thread for Warehouse 19
1月 02, 2026 4:42:44 上午 spec.jbb.JBBmain DoARun -> 信息:   started user thread for Warehouse 20
1月 02, 2026 4:42:44 上午 spec.jbb.JBBmain DoARun -> 信息:   started user thread for Warehouse 21
1月 02, 2026 4:42:44 上午 spec.jbb.JBBmain DoARun -> 信息:   started user thread for Warehouse 22
1月 02, 2026 4:42:44 上午 spec.jbb.JBBmain DoARun -> 信息:   started user thread for Warehouse 23
1月 02, 2026 4:42:44 上午 spec.jbb.JBBmain DoARun -> 信息:   started user thread for Warehouse 24
1月 02, 2026 4:42:44 上午 spec.jbb.JBBmain DoARun -> 信息:   started user thread for Warehouse 25
1月 02, 2026 4:42:44 上午 spec.jbb.JBBmain DoARun -> 信息:   started user thread for Warehouse 26
1月 02, 2026 4:42:44 上午 spec.jbb.JBBmain DoARun -> 信息:   started user thread for Warehouse 27
1月 02, 2026 4:42:44 上午 spec.jbb.JBBmain DoARun -> 信息:   started user thread for Warehouse 28
1月 02, 2026 4:42:44 上午 spec.jbb.JBBmain DoARun -> 信息:   started user thread for Warehouse 29
1月 02, 2026 4:42:44 上午 spec.jbb.JBBmain DoARun -> 信息:   started user thread for Warehouse 30
1月 02, 2026 4:42:44 上午 spec.jbb.JBBmain DoARun -> 信息:   started user thread for Warehouse 31
1月 02, 2026 4:42:44 上午 spec.jbb.JBBmain DoARun -> 信息:   started user thread for Warehouse 32
1月 02, 2026 4:42:44 上午 spec.jbb.JBBmain DoARun -> 信息:   started user thread for Warehouse 33
1月 02, 2026 4:42:44 上午 spec.jbb.JBBmain DoARun -> 信息:   started user thread for Warehouse 34
1月 02, 2026 4:42:44 上午 spec.jbb.JBBmain DoARun -> 信息:   started user thread for Warehouse 35
1月 02, 2026 4:42:44 上午 spec.jbb.JBBmain DoARun -> 信息:   started user thread for Warehouse 36
1月 02, 2026 4:42:44 上午 spec.jbb.JBBmain DoARun -> 信息:   started user thread for Warehouse 37
1月 02, 2026 4:42:44 上午 spec.jbb.JBBmain DoARun -> 信息:   started user thread for Warehouse 38
1月 02, 2026 4:42:44 上午 spec.jbb.JBBmain DoARun -> 信息:   started user thread for Warehouse 39
1月 02, 2026 4:42:44 上午 spec.jbb.JBBmain DoARun -> 信息:   started user thread for Warehouse 40
1月 02, 2026 4:42:44 上午 spec.jbb.JBBmain DoARun -> 信息:   started user thread for Warehouse 41
1月 02, 2026 4:42:44 上午 spec.jbb.JBBmain DoARun -> 信息:   started user thread for Warehouse 42
1月 02, 2026 4:42:44 上午 spec.jbb.JBBmain DoARun -> 信息:   started user thread for Warehouse 43
1月 02, 2026 4:42:44 上午 spec.jbb.JBBmain DoARun -> 信息:   started user thread for Warehouse 44
1月 02, 2026 4:42:44 上午 spec.jbb.JBBmain DoARun -> 信息:   started user thread for Warehouse 45
1月 02, 2026 4:42:44 上午 spec.jbb.JBBmain DoARun -> 信息:   started user thread for Warehouse 46
1月 02, 2026 4:42:44 上午 spec.jbb.JBBmain DoARun -> 信息:   started user thread for Warehouse 47
1月 02, 2026 4:42:44 上午 spec.jbb.JBBmain DoARun -> 信息:   started user thread for Warehouse 48
1月 02, 2026 4:42:44 上午 spec.jbb.JBBmain DoARun -> 信息:   started user thread for Warehouse 49
1月 02, 2026 4:42:44 上午 spec.jbb.JBBmain DoARun -> 信息:   started user thread for Warehouse 50
1月 02, 2026 4:42:44 上午 spec.jbb.JBBmain DoARun -> 信息:   started user thread for Warehouse 51
1月 02, 2026 4:42:44 上午 spec.jbb.JBBmain DoARun -> 信息:   started user thread for Warehouse 52
1月 02, 2026 4:42:44 上午 spec.jbb.JBBmain DoARun -> 信息:   started user thread for Warehouse 53
1月 02, 2026 4:42:44 上午 spec.jbb.JBBmain DoARun -> 信息:   started user thread for Warehouse 54
1月 02, 2026 4:42:44 上午 spec.jbb.JBBmain DoARun -> 信息:   started user thread for Warehouse 55
1月 02, 2026 4:42:44 上午 spec.jbb.JBBmain DoARun -> 信息:   started user thread for Warehouse 56
1月 02, 2026 4:42:44 上午 spec.jbb.JBBmain DoARun -> 信息:   started user thread for Warehouse 57
1月 02, 2026 4:42:44 上午 spec.jbb.JBBmain DoARun -> 信息:   started user thread for Warehouse 58
1月 02, 2026 4:42:44 上午 spec.jbb.JBBmain DoARun -> 信息:   started user thread for Warehouse 59
1月 02, 2026 4:42:44 上午 spec.jbb.JBBmain DoARun -> 信息:   started user thread for Warehouse 60
1月 02, 2026 4:42:44 上午 spec.jbb.JBBmain DoARun -> 信息:   started user thread for Warehouse 61
1月 02, 2026 4:42:44 上午 spec.jbb.JBBmain DoARun -> 信息:   started user thread for Warehouse 62
1月 02, 2026 4:42:44 上午 spec.jbb.JBBmain DoARun -> 信息:   started user thread for Warehouse 63
1月 02, 2026 4:42:44 上午 spec.jbb.JBBmain DoARun -> 信息:   started user thread for Warehouse 64
1月 02, 2026 4:42:44 上午 spec.jbb.JBBmain DoARun -> 信息:   started user thread for Warehouse 65
1月 02, 2026 4:42:44 上午 spec.jbb.JBBmain DoARun -> 信息:   started user thread for Warehouse 66
1月 02, 2026 4:42:44 上午 spec.jbb.JBBmain DoARun -> 信息:   started user thread for Warehouse 67
1月 02, 2026 4:42:44 上午 spec.jbb.JBBmain DoARun -> 信息:   started user thread for Warehouse 68
1月 02, 2026 4:42:44 上午 spec.jbb.JBBmain DoARun -> 信息:   started user thread for Warehouse 69
1月 02, 2026 4:42:44 上午 spec.jbb.JBBmain DoARun -> 信息:   started user thread for Warehouse 70
1月 02, 2026 4:42:44 上午 spec.jbb.JBBmain DoARun -> 信息:   started user thread for Warehouse 71
1月 02, 2026 4:42:44 上午 spec.jbb.JBBmain DoARun -> 信息:   started user thread for Warehouse 72
1月 02, 2026 4:42:44 上午 spec.jbb.JBBmain DoARun -> 信息:   started user thread for Warehouse 73
1月 02, 2026 4:42:44 上午 spec.jbb.JBBmain DoARun -> 信息:   started user thread for Warehouse 74
1月 02, 2026 4:42:44 上午 spec.jbb.JBBmain DoARun -> 信息:   started user thread for Warehouse 75
1月 02, 2026 4:42:44 上午 spec.jbb.JBBmain DoARun -> 信息:   started user thread for Warehouse 76
1月 02, 2026 4:42:44 上午 spec.jbb.JBBmain DoARun -> 信息:   started user thread for Warehouse 77
1月 02, 2026 4:42:44 上午 spec.jbb.JBBmain DoARun -> 信息:   started user thread for Warehouse 78
1月 02, 2026 4:42:44 上午 spec.jbb.JBBmain DoARun -> 信息:   started user thread for Warehouse 79
1月 02, 2026 4:42:44 上午 spec.jbb.JBBmain DoARun -> 信息:   started user thread for Warehouse 80
1月 02, 2026 4:42:44 上午 spec.jbb.JBBmain DoARun -> 信息:   started user thread for Warehouse 81
1月 02, 2026 4:42:44 上午 spec.jbb.JBBmain DoARun -> 信息:   started user thread for Warehouse 82
1月 02, 2026 4:42:44 上午 spec.jbb.Company displayResultTotals -> 信息: Timing Measurement began Fri Jan 02 04:42:44 CST 2026 for 4 minutes
1月 02, 2026 4:46:44 上午 spec.jbb.Company displayResultTotals -> 信息: Timing Measurement ended Fri Jan 02 04:46:44 CST 2026
1月 02, 2026 4:46:44 上午 spec.jbb.Company primeWithDummyData -> 信息: Loading Warehouse 83...
1月 02, 2026 4:46:44 上午 spec.jbb.JBBmain DoARun -> 信息: Start User Threads
1月 02, 2026 4:46:44 上午 spec.jbb.JBBmain DoARun -> 信息:   started user thread for Warehouse 1
1月 02, 2026 4:46:44 上午 spec.jbb.JBBmain DoARun -> 信息:   started user thread for Warehouse 2
1月 02, 2026 4:46:44 上午 spec.jbb.JBBmain DoARun -> 信息:   started user thread for Warehouse 3
1月 02, 2026 4:46:44 上午 spec.jbb.JBBmain DoARun -> 信息:   started user thread for Warehouse 4
1月 02, 2026 4:46:44 上午 spec.jbb.JBBmain DoARun -> 信息:   started user thread for Warehouse 5
1月 02, 2026 4:46:44 上午 spec.jbb.JBBmain DoARun -> 信息:   started user thread for Warehouse 6
1月 02, 2026 4:46:44 上午 spec.jbb.JBBmain DoARun -> 信息:   started user thread for Warehouse 7
1月 02, 2026 4:46:44 上午 spec.jbb.JBBmain DoARun -> 信息:   started user thread for Warehouse 8
1月 02, 2026 4:46:44 上午 spec.jbb.JBBmain DoARun -> 信息:   started user thread for Warehouse 9
1月 02, 2026 4:46:44 上午 spec.jbb.JBBmain DoARun -> 信息:   started user thread for Warehouse 10
1月 02, 2026 4:46:44 上午 spec.jbb.JBBmain DoARun -> 信息:   started user thread for Warehouse 11
1月 02, 2026 4:46:44 上午 spec.jbb.JBBmain DoARun -> 信息:   started user thread for Warehouse 12
1月 02, 2026 4:46:44 上午 spec.jbb.JBBmain DoARun -> 信息:   started user thread for Warehouse 13
1月 02, 2026 4:46:44 上午 spec.jbb.JBBmain DoARun -> 信息:   started user thread for Warehouse 14
1月 02, 2026 4:46:44 上午 spec.jbb.JBBmain DoARun -> 信息:   started user thread for Warehouse 15
1月 02, 2026 4:46:44 上午 spec.jbb.JBBmain DoARun -> 信息:   started user thread for Warehouse 16
1月 02, 2026 4:46:44 上午 spec.jbb.JBBmain DoARun -> 信息:   started user thread for Warehouse 17
1月 02, 2026 4:46:44 上午 spec.jbb.JBBmain DoARun -> 信息:   started user thread for Warehouse 18
1月 02, 2026 4:46:44 上午 spec.jbb.JBBmain DoARun -> 信息:   started user thread for Warehouse 19
1月 02, 2026 4:46:44 上午 spec.jbb.JBBmain DoARun -> 信息:   started user thread for Warehouse 20
1月 02, 2026 4:46:44 上午 spec.jbb.JBBmain DoARun -> 信息:   started user thread for Warehouse 21
1月 02, 2026 4:46:44 上午 spec.jbb.JBBmain DoARun -> 信息:   started user thread for Warehouse 22
1月 02, 2026 4:46:44 上午 spec.jbb.JBBmain DoARun -> 信息:   started user thread for Warehouse 23
1月 02, 2026 4:46:44 上午 spec.jbb.JBBmain DoARun -> 信息:   started user thread for Warehouse 24
1月 02, 2026 4:46:44 上午 spec.jbb.JBBmain DoARun -> 信息:   started user thread for Warehouse 25
1月 02, 2026 4:46:44 上午 spec.jbb.JBBmain DoARun -> 信息:   started user thread for Warehouse 26
1月 02, 2026 4:46:44 上午 spec.jbb.JBBmain DoARun -> 信息:   started user thread for Warehouse 27
1月 02, 2026 4:46:44 上午 spec.jbb.JBBmain DoARun -> 信息:   started user thread for Warehouse 28
1月 02, 2026 4:46:44 上午 spec.jbb.JBBmain DoARun -> 信息:   started user thread for Warehouse 29
1月 02, 2026 4:46:44 上午 spec.jbb.JBBmain DoARun -> 信息:   started user thread for Warehouse 30
1月 02, 2026 4:46:44 上午 spec.jbb.JBBmain DoARun -> 信息:   started user thread for Warehouse 31
1月 02, 2026 4:46:44 上午 spec.jbb.JBBmain DoARun -> 信息:   started user thread for Warehouse 32
1月 02, 2026 4:46:44 上午 spec.jbb.JBBmain DoARun -> 信息:   started user thread for Warehouse 33
1月 02, 2026 4:46:44 上午 spec.jbb.JBBmain DoARun -> 信息:   started user thread for Warehouse 34
1月 02, 2026 4:46:44 上午 spec.jbb.JBBmain DoARun -> 信息:   started user thread for Warehouse 35
1月 02, 2026 4:46:44 上午 spec.jbb.JBBmain DoARun -> 信息:   started user thread for Warehouse 36
1月 02, 2026 4:46:44 上午 spec.jbb.JBBmain DoARun -> 信息:   started user thread for Warehouse 37
1月 02, 2026 4:46:44 上午 spec.jbb.JBBmain DoARun -> 信息:   started user thread for Warehouse 38
1月 02, 2026 4:46:44 上午 spec.jbb.JBBmain DoARun -> 信息:   started user thread for Warehouse 39
1月 02, 2026 4:46:44 上午 spec.jbb.JBBmain DoARun -> 信息:   started user thread for Warehouse 40
1月 02, 2026 4:46:44 上午 spec.jbb.JBBmain DoARun -> 信息:   started user thread for Warehouse 41
1月 02, 2026 4:46:44 上午 spec.jbb.JBBmain DoARun -> 信息:   started user thread for Warehouse 42
1月 02, 2026 4:46:44 上午 spec.jbb.JBBmain DoARun -> 信息:   started user thread for Warehouse 43
1月 02, 2026 4:46:44 上午 spec.jbb.JBBmain DoARun -> 信息:   started user thread for Warehouse 44
1月 02, 2026 4:46:44 上午 spec.jbb.JBBmain DoARun -> 信息:   started user thread for Warehouse 45
1月 02, 2026 4:46:44 上午 spec.jbb.JBBmain DoARun -> 信息:   started user thread for Warehouse 46
1月 02, 2026 4:46:44 上午 spec.jbb.JBBmain DoARun -> 信息:   started user thread for Warehouse 47
1月 02, 2026 4:46:44 上午 spec.jbb.JBBmain DoARun -> 信息:   started user thread for Warehouse 48
1月 02, 2026 4:46:44 上午 spec.jbb.JBBmain DoARun -> 信息:   started user thread for Warehouse 49
1月 02, 2026 4:46:44 上午 spec.jbb.JBBmain DoARun -> 信息:   started user thread for Warehouse 50
1月 02, 2026 4:46:44 上午 spec.jbb.JBBmain DoARun -> 信息:   started user thread for Warehouse 51
1月 02, 2026 4:46:44 上午 spec.jbb.JBBmain DoARun -> 信息:   started user thread for Warehouse 52
1月 02, 2026 4:46:44 上午 spec.jbb.JBBmain DoARun -> 信息:   started user thread for Warehouse 53
1月 02, 2026 4:46:44 上午 spec.jbb.JBBmain DoARun -> 信息:   started user thread for Warehouse 54
1月 02, 2026 4:46:44 上午 spec.jbb.JBBmain DoARun -> 信息:   started user thread for Warehouse 55
1月 02, 2026 4:46:44 上午 spec.jbb.JBBmain DoARun -> 信息:   started user thread for Warehouse 56
1月 02, 2026 4:46:44 上午 spec.jbb.JBBmain DoARun -> 信息:   started user thread for Warehouse 57
1月 02, 2026 4:46:44 上午 spec.jbb.JBBmain DoARun -> 信息:   started user thread for Warehouse 58
1月 02, 2026 4:46:44 上午 spec.jbb.JBBmain DoARun -> 信息:   started user thread for Warehouse 59
1月 02, 2026 4:46:44 上午 spec.jbb.JBBmain DoARun -> 信息:   started user thread for Warehouse 60
1月 02, 2026 4:46:44 上午 spec.jbb.JBBmain DoARun -> 信息:   started user thread for Warehouse 61
1月 02, 2026 4:46:44 上午 spec.jbb.JBBmain DoARun -> 信息:   started user thread for Warehouse 62
1月 02, 2026 4:46:44 上午 spec.jbb.JBBmain DoARun -> 信息:   started user thread for Warehouse 63
1月 02, 2026 4:46:44 上午 spec.jbb.JBBmain DoARun -> 信息:   started user thread for Warehouse 64
1月 02, 2026 4:46:44 上午 spec.jbb.JBBmain DoARun -> 信息:   started user thread for Warehouse 65
1月 02, 2026 4:46:44 上午 spec.jbb.JBBmain DoARun -> 信息:   started user thread for Warehouse 66
1月 02, 2026 4:46:44 上午 spec.jbb.JBBmain DoARun -> 信息:   started user thread for Warehouse 67
1月 02, 2026 4:46:44 上午 spec.jbb.JBBmain DoARun -> 信息:   started user thread for Warehouse 68
1月 02, 2026 4:46:44 上午 spec.jbb.JBBmain DoARun -> 信息:   started user thread for Warehouse 69
1月 02, 2026 4:46:44 上午 spec.jbb.JBBmain DoARun -> 信息:   started user thread for Warehouse 70
1月 02, 2026 4:46:44 上午 spec.jbb.JBBmain DoARun -> 信息:   started user thread for Warehouse 71
1月 02, 2026 4:46:44 上午 spec.jbb.JBBmain DoARun -> 信息:   started user thread for Warehouse 72
1月 02, 2026 4:46:44 上午 spec.jbb.JBBmain DoARun -> 信息:   started user thread for Warehouse 73
1月 02, 2026 4:46:44 上午 spec.jbb.JBBmain DoARun -> 信息:   started user thread for Warehouse 74
1月 02, 2026 4:46:44 上午 spec.jbb.JBBmain DoARun -> 信息:   started user thread for Warehouse 75
1月 02, 2026 4:46:44 上午 spec.jbb.JBBmain DoARun -> 信息:   started user thread for Warehouse 76
1月 02, 2026 4:46:44 上午 spec.jbb.JBBmain DoARun -> 信息:   started user thread for Warehouse 77
1月 02, 2026 4:46:44 上午 spec.jbb.JBBmain DoARun -> 信息:   started user thread for Warehouse 78
1月 02, 2026 4:46:44 上午 spec.jbb.JBBmain DoARun -> 信息:   started user thread for Warehouse 79
1月 02, 2026 4:46:44 上午 spec.jbb.JBBmain DoARun -> 信息:   started user thread for Warehouse 80
1月 02, 2026 4:46:44 上午 spec.jbb.JBBmain DoARun -> 信息:   started user thread for Warehouse 81
1月 02, 2026 4:46:44 上午 spec.jbb.JBBmain DoARun -> 信息:   started user thread for Warehouse 82
1月 02, 2026 4:46:44 上午 spec.jbb.JBBmain DoARun -> 信息:   started user thread for Warehouse 83
1月 02, 2026 4:46:44 上午 spec.jbb.Company displayResultTotals -> 信息: Timing Measurement began Fri Jan 02 04:46:44 CST 2026 for 4 minutes
1月 02, 2026 4:50:44 上午 spec.jbb.Company displayResultTotals -> 信息: Timing Measurement ended Fri Jan 02 04:50:44 CST 2026
1月 02, 2026 4:50:44 上午 spec.jbb.Company primeWithDummyData -> 信息: Loading Warehouse 84...
1月 02, 2026 4:50:44 上午 spec.jbb.JBBmain DoARun -> 信息: Start User Threads
1月 02, 2026 4:50:44 上午 spec.jbb.JBBmain DoARun -> 信息:   started user thread for Warehouse 1
1月 02, 2026 4:50:44 上午 spec.jbb.JBBmain DoARun -> 信息:   started user thread for Warehouse 2
1月 02, 2026 4:50:44 上午 spec.jbb.JBBmain DoARun -> 信息:   started user thread for Warehouse 3
1月 02, 2026 4:50:44 上午 spec.jbb.JBBmain DoARun -> 信息:   started user thread for Warehouse 4
1月 02, 2026 4:50:44 上午 spec.jbb.JBBmain DoARun -> 信息:   started user thread for Warehouse 5
1月 02, 2026 4:50:44 上午 spec.jbb.JBBmain DoARun -> 信息:   started user thread for Warehouse 6
1月 02, 2026 4:50:44 上午 spec.jbb.JBBmain DoARun -> 信息:   started user thread for Warehouse 7
1月 02, 2026 4:50:44 上午 spec.jbb.JBBmain DoARun -> 信息:   started user thread for Warehouse 8
1月 02, 2026 4:50:44 上午 spec.jbb.JBBmain DoARun -> 信息:   started user thread for Warehouse 9
1月 02, 2026 4:50:44 上午 spec.jbb.JBBmain DoARun -> 信息:   started user thread for Warehouse 10
1月 02, 2026 4:50:44 上午 spec.jbb.JBBmain DoARun -> 信息:   started user thread for Warehouse 11
1月 02, 2026 4:50:44 上午 spec.jbb.JBBmain DoARun -> 信息:   started user thread for Warehouse 12
1月 02, 2026 4:50:44 上午 spec.jbb.JBBmain DoARun -> 信息:   started user thread for Warehouse 13
1月 02, 2026 4:50:44 上午 spec.jbb.JBBmain DoARun -> 信息:   started user thread for Warehouse 14
1月 02, 2026 4:50:44 上午 spec.jbb.JBBmain DoARun -> 信息:   started user thread for Warehouse 15
1月 02, 2026 4:50:44 上午 spec.jbb.JBBmain DoARun -> 信息:   started user thread for Warehouse 16
1月 02, 2026 4:50:44 上午 spec.jbb.JBBmain DoARun -> 信息:   started user thread for Warehouse 17
1月 02, 2026 4:50:44 上午 spec.jbb.JBBmain DoARun -> 信息:   started user thread for Warehouse 18
1月 02, 2026 4:50:44 上午 spec.jbb.JBBmain DoARun -> 信息:   started user thread for Warehouse 19
1月 02, 2026 4:50:44 上午 spec.jbb.JBBmain DoARun -> 信息:   started user thread for Warehouse 20
1月 02, 2026 4:50:44 上午 spec.jbb.JBBmain DoARun -> 信息:   started user thread for Warehouse 21
1月 02, 2026 4:50:44 上午 spec.jbb.JBBmain DoARun -> 信息:   started user thread for Warehouse 22
1月 02, 2026 4:50:44 上午 spec.jbb.JBBmain DoARun -> 信息:   started user thread for Warehouse 23
1月 02, 2026 4:50:44 上午 spec.jbb.JBBmain DoARun -> 信息:   started user thread for Warehouse 24
1月 02, 2026 4:50:44 上午 spec.jbb.JBBmain DoARun -> 信息:   started user thread for Warehouse 25
1月 02, 2026 4:50:44 上午 spec.jbb.JBBmain DoARun -> 信息:   started user thread for Warehouse 26
1月 02, 2026 4:50:44 上午 spec.jbb.JBBmain DoARun -> 信息:   started user thread for Warehouse 27
1月 02, 2026 4:50:44 上午 spec.jbb.JBBmain DoARun -> 信息:   started user thread for Warehouse 28
1月 02, 2026 4:50:44 上午 spec.jbb.JBBmain DoARun -> 信息:   started user thread for Warehouse 29
1月 02, 2026 4:50:44 上午 spec.jbb.JBBmain DoARun -> 信息:   started user thread for Warehouse 30
1月 02, 2026 4:50:44 上午 spec.jbb.JBBmain DoARun -> 信息:   started user thread for Warehouse 31
1月 02, 2026 4:50:45 上午 spec.jbb.JBBmain DoARun -> 信息:   started user thread for Warehouse 32
1月 02, 2026 4:50:45 上午 spec.jbb.JBBmain DoARun -> 信息:   started user thread for Warehouse 33
1月 02, 2026 4:50:45 上午 spec.jbb.JBBmain DoARun -> 信息:   started user thread for Warehouse 34
1月 02, 2026 4:50:45 上午 spec.jbb.JBBmain DoARun -> 信息:   started user thread for Warehouse 35
1月 02, 2026 4:50:45 上午 spec.jbb.JBBmain DoARun -> 信息:   started user thread for Warehouse 36
1月 02, 2026 4:50:45 上午 spec.jbb.JBBmain DoARun -> 信息:   started user thread for Warehouse 37
1月 02, 2026 4:50:45 上午 spec.jbb.JBBmain DoARun -> 信息:   started user thread for Warehouse 38
1月 02, 2026 4:50:45 上午 spec.jbb.JBBmain DoARun -> 信息:   started user thread for Warehouse 39
1月 02, 2026 4:50:45 上午 spec.jbb.JBBmain DoARun -> 信息:   started user thread for Warehouse 40
1月 02, 2026 4:50:45 上午 spec.jbb.JBBmain DoARun -> 信息:   started user thread for Warehouse 41
1月 02, 2026 4:50:45 上午 spec.jbb.JBBmain DoARun -> 信息:   started user thread for Warehouse 42
1月 02, 2026 4:50:45 上午 spec.jbb.JBBmain DoARun -> 信息:   started user thread for Warehouse 43
1月 02, 2026 4:50:45 上午 spec.jbb.JBBmain DoARun -> 信息:   started user thread for Warehouse 44
1月 02, 2026 4:50:45 上午 spec.jbb.JBBmain DoARun -> 信息:   started user thread for Warehouse 45
1月 02, 2026 4:50:45 上午 spec.jbb.JBBmain DoARun -> 信息:   started user thread for Warehouse 46
1月 02, 2026 4:50:45 上午 spec.jbb.JBBmain DoARun -> 信息:   started user thread for Warehouse 47
1月 02, 2026 4:50:45 上午 spec.jbb.JBBmain DoARun -> 信息:   started user thread for Warehouse 48
1月 02, 2026 4:50:45 上午 spec.jbb.JBBmain DoARun -> 信息:   started user thread for Warehouse 49
1月 02, 2026 4:50:45 上午 spec.jbb.JBBmain DoARun -> 信息:   started user thread for Warehouse 50
1月 02, 2026 4:50:45 上午 spec.jbb.JBBmain DoARun -> 信息:   started user thread for Warehouse 51
1月 02, 2026 4:50:45 上午 spec.jbb.JBBmain DoARun -> 信息:   started user thread for Warehouse 52
1月 02, 2026 4:50:45 上午 spec.jbb.JBBmain DoARun -> 信息:   started user thread for Warehouse 53
1月 02, 2026 4:50:45 上午 spec.jbb.JBBmain DoARun -> 信息:   started user thread for Warehouse 54
1月 02, 2026 4:50:45 上午 spec.jbb.JBBmain DoARun -> 信息:   started user thread for Warehouse 55
1月 02, 2026 4:50:45 上午 spec.jbb.JBBmain DoARun -> 信息:   started user thread for Warehouse 56
1月 02, 2026 4:50:45 上午 spec.jbb.JBBmain DoARun -> 信息:   started user thread for Warehouse 57
1月 02, 2026 4:50:45 上午 spec.jbb.JBBmain DoARun -> 信息:   started user thread for Warehouse 58
1月 02, 2026 4:50:45 上午 spec.jbb.JBBmain DoARun -> 信息:   started user thread for Warehouse 59
1月 02, 2026 4:50:45 上午 spec.jbb.JBBmain DoARun -> 信息:   started user thread for Warehouse 60
1月 02, 2026 4:50:45 上午 spec.jbb.JBBmain DoARun -> 信息:   started user thread for Warehouse 61
1月 02, 2026 4:50:45 上午 spec.jbb.JBBmain DoARun -> 信息:   started user thread for Warehouse 62
1月 02, 2026 4:50:45 上午 spec.jbb.JBBmain DoARun -> 信息:   started user thread for Warehouse 63
1月 02, 2026 4:50:45 上午 spec.jbb.JBBmain DoARun -> 信息:   started user thread for Warehouse 64
1月 02, 2026 4:50:45 上午 spec.jbb.JBBmain DoARun -> 信息:   started user thread for Warehouse 65
1月 02, 2026 4:50:45 上午 spec.jbb.JBBmain DoARun -> 信息:   started user thread for Warehouse 66
1月 02, 2026 4:50:45 上午 spec.jbb.JBBmain DoARun -> 信息:   started user thread for Warehouse 67
1月 02, 2026 4:50:45 上午 spec.jbb.JBBmain DoARun -> 信息:   started user thread for Warehouse 68
1月 02, 2026 4:50:45 上午 spec.jbb.JBBmain DoARun -> 信息:   started user thread for Warehouse 69
1月 02, 2026 4:50:45 上午 spec.jbb.JBBmain DoARun -> 信息:   started user thread for Warehouse 70
1月 02, 2026 4:50:45 上午 spec.jbb.JBBmain DoARun -> 信息:   started user thread for Warehouse 71
1月 02, 2026 4:50:45 上午 spec.jbb.JBBmain DoARun -> 信息:   started user thread for Warehouse 72
1月 02, 2026 4:50:45 上午 spec.jbb.JBBmain DoARun -> 信息:   started user thread for Warehouse 73
1月 02, 2026 4:50:45 上午 spec.jbb.JBBmain DoARun -> 信息:   started user thread for Warehouse 74
1月 02, 2026 4:50:45 上午 spec.jbb.JBBmain DoARun -> 信息:   started user thread for Warehouse 75
1月 02, 2026 4:50:45 上午 spec.jbb.JBBmain DoARun -> 信息:   started user thread for Warehouse 76
1月 02, 2026 4:50:45 上午 spec.jbb.JBBmain DoARun -> 信息:   started user thread for Warehouse 77
1月 02, 2026 4:50:45 上午 spec.jbb.JBBmain DoARun -> 信息:   started user thread for Warehouse 78
1月 02, 2026 4:50:45 上午 spec.jbb.JBBmain DoARun -> 信息:   started user thread for Warehouse 79
1月 02, 2026 4:50:45 上午 spec.jbb.JBBmain DoARun -> 信息:   started user thread for Warehouse 80
1月 02, 2026 4:50:45 上午 spec.jbb.JBBmain DoARun -> 信息:   started user thread for Warehouse 81
1月 02, 2026 4:50:45 上午 spec.jbb.JBBmain DoARun -> 信息:   started user thread for Warehouse 82
1月 02, 2026 4:50:45 上午 spec.jbb.JBBmain DoARun -> 信息:   started user thread for Warehouse 83
1月 02, 2026 4:50:45 上午 spec.jbb.JBBmain DoARun -> 信息:   started user thread for Warehouse 84
1月 02, 2026 4:50:45 上午 spec.jbb.Company displayResultTotals -> 信息: Timing Measurement began Fri Jan 02 04:50:45 CST 2026 for 4 minutes
1月 02, 2026 4:54:45 上午 spec.jbb.Company displayResultTotals -> 信息: Timing Measurement ended Fri Jan 02 04:54:45 CST 2026
1月 02, 2026 4:54:45 上午 spec.jbb.Company primeWithDummyData -> 信息: Loading Warehouse 85...
1月 02, 2026 4:54:45 上午 spec.jbb.JBBmain DoARun -> 信息: Start User Threads
1月 02, 2026 4:54:45 上午 spec.jbb.JBBmain DoARun -> 信息:   started user thread for Warehouse 1
1月 02, 2026 4:54:45 上午 spec.jbb.JBBmain DoARun -> 信息:   started user thread for Warehouse 2
1月 02, 2026 4:54:45 上午 spec.jbb.JBBmain DoARun -> 信息:   started user thread for Warehouse 3
1月 02, 2026 4:54:45 上午 spec.jbb.JBBmain DoARun -> 信息:   started user thread for Warehouse 4
1月 02, 2026 4:54:45 上午 spec.jbb.JBBmain DoARun -> 信息:   started user thread for Warehouse 5
1月 02, 2026 4:54:45 上午 spec.jbb.JBBmain DoARun -> 信息:   started user thread for Warehouse 6
1月 02, 2026 4:54:45 上午 spec.jbb.JBBmain DoARun -> 信息:   started user thread for Warehouse 7
1月 02, 2026 4:54:45 上午 spec.jbb.JBBmain DoARun -> 信息:   started user thread for Warehouse 8
1月 02, 2026 4:54:45 上午 spec.jbb.JBBmain DoARun -> 信息:   started user thread for Warehouse 9
1月 02, 2026 4:54:45 上午 spec.jbb.JBBmain DoARun -> 信息:   started user thread for Warehouse 10
1月 02, 2026 4:54:45 上午 spec.jbb.JBBmain DoARun -> 信息:   started user thread for Warehouse 11
1月 02, 2026 4:54:45 上午 spec.jbb.JBBmain DoARun -> 信息:   started user thread for Warehouse 12
1月 02, 2026 4:54:45 上午 spec.jbb.JBBmain DoARun -> 信息:   started user thread for Warehouse 13
1月 02, 2026 4:54:45 上午 spec.jbb.JBBmain DoARun -> 信息:   started user thread for Warehouse 14
1月 02, 2026 4:54:45 上午 spec.jbb.JBBmain DoARun -> 信息:   started user thread for Warehouse 15
1月 02, 2026 4:54:45 上午 spec.jbb.JBBmain DoARun -> 信息:   started user thread for Warehouse 16
1月 02, 2026 4:54:45 上午 spec.jbb.JBBmain DoARun -> 信息:   started user thread for Warehouse 17
1月 02, 2026 4:54:45 上午 spec.jbb.JBBmain DoARun -> 信息:   started user thread for Warehouse 18
1月 02, 2026 4:54:45 上午 spec.jbb.JBBmain DoARun -> 信息:   started user thread for Warehouse 19
1月 02, 2026 4:54:45 上午 spec.jbb.JBBmain DoARun -> 信息:   started user thread for Warehouse 20
1月 02, 2026 4:54:45 上午 spec.jbb.JBBmain DoARun -> 信息:   started user thread for Warehouse 21
1月 02, 2026 4:54:45 上午 spec.jbb.JBBmain DoARun -> 信息:   started user thread for Warehouse 22
1月 02, 2026 4:54:45 上午 spec.jbb.JBBmain DoARun -> 信息:   started user thread for Warehouse 23
1月 02, 2026 4:54:45 上午 spec.jbb.JBBmain DoARun -> 信息:   started user thread for Warehouse 24
1月 02, 2026 4:54:45 上午 spec.jbb.JBBmain DoARun -> 信息:   started user thread for Warehouse 25
1月 02, 2026 4:54:45 上午 spec.jbb.JBBmain DoARun -> 信息:   started user thread for Warehouse 26
1月 02, 2026 4:54:45 上午 spec.jbb.JBBmain DoARun -> 信息:   started user thread for Warehouse 27
1月 02, 2026 4:54:45 上午 spec.jbb.JBBmain DoARun -> 信息:   started user thread for Warehouse 28
1月 02, 2026 4:54:45 上午 spec.jbb.JBBmain DoARun -> 信息:   started user thread for Warehouse 29
1月 02, 2026 4:54:45 上午 spec.jbb.JBBmain DoARun -> 信息:   started user thread for Warehouse 30
1月 02, 2026 4:54:45 上午 spec.jbb.JBBmain DoARun -> 信息:   started user thread for Warehouse 31
1月 02, 2026 4:54:45 上午 spec.jbb.JBBmain DoARun -> 信息:   started user thread for Warehouse 32
1月 02, 2026 4:54:45 上午 spec.jbb.JBBmain DoARun -> 信息:   started user thread for Warehouse 33
1月 02, 2026 4:54:45 上午 spec.jbb.JBBmain DoARun -> 信息:   started user thread for Warehouse 34
1月 02, 2026 4:54:45 上午 spec.jbb.JBBmain DoARun -> 信息:   started user thread for Warehouse 35
1月 02, 2026 4:54:45 上午 spec.jbb.JBBmain DoARun -> 信息:   started user thread for Warehouse 36
1月 02, 2026 4:54:45 上午 spec.jbb.JBBmain DoARun -> 信息:   started user thread for Warehouse 37
1月 02, 2026 4:54:45 上午 spec.jbb.JBBmain DoARun -> 信息:   started user thread for Warehouse 38
1月 02, 2026 4:54:45 上午 spec.jbb.JBBmain DoARun -> 信息:   started user thread for Warehouse 39
1月 02, 2026 4:54:45 上午 spec.jbb.JBBmain DoARun -> 信息:   started user thread for Warehouse 40
1月 02, 2026 4:54:45 上午 spec.jbb.JBBmain DoARun -> 信息:   started user thread for Warehouse 41
1月 02, 2026 4:54:45 上午 spec.jbb.JBBmain DoARun -> 信息:   started user thread for Warehouse 42
1月 02, 2026 4:54:45 上午 spec.jbb.JBBmain DoARun -> 信息:   started user thread for Warehouse 43
1月 02, 2026 4:54:45 上午 spec.jbb.JBBmain DoARun -> 信息:   started user thread for Warehouse 44
1月 02, 2026 4:54:45 上午 spec.jbb.JBBmain DoARun -> 信息:   started user thread for Warehouse 45
1月 02, 2026 4:54:45 上午 spec.jbb.JBBmain DoARun -> 信息:   started user thread for Warehouse 46
1月 02, 2026 4:54:45 上午 spec.jbb.JBBmain DoARun -> 信息:   started user thread for Warehouse 47
1月 02, 2026 4:54:45 上午 spec.jbb.JBBmain DoARun -> 信息:   started user thread for Warehouse 48
1月 02, 2026 4:54:45 上午 spec.jbb.JBBmain DoARun -> 信息:   started user thread for Warehouse 49
1月 02, 2026 4:54:45 上午 spec.jbb.JBBmain DoARun -> 信息:   started user thread for Warehouse 50
1月 02, 2026 4:54:45 上午 spec.jbb.JBBmain DoARun -> 信息:   started user thread for Warehouse 51
1月 02, 2026 4:54:45 上午 spec.jbb.JBBmain DoARun -> 信息:   started user thread for Warehouse 52
1月 02, 2026 4:54:45 上午 spec.jbb.JBBmain DoARun -> 信息:   started user thread for Warehouse 53
1月 02, 2026 4:54:45 上午 spec.jbb.JBBmain DoARun -> 信息:   started user thread for Warehouse 54
1月 02, 2026 4:54:45 上午 spec.jbb.JBBmain DoARun -> 信息:   started user thread for Warehouse 55
1月 02, 2026 4:54:45 上午 spec.jbb.JBBmain DoARun -> 信息:   started user thread for Warehouse 56
1月 02, 2026 4:54:45 上午 spec.jbb.JBBmain DoARun -> 信息:   started user thread for Warehouse 57
1月 02, 2026 4:54:45 上午 spec.jbb.JBBmain DoARun -> 信息:   started user thread for Warehouse 58
1月 02, 2026 4:54:45 上午 spec.jbb.JBBmain DoARun -> 信息:   started user thread for Warehouse 59
1月 02, 2026 4:54:45 上午 spec.jbb.JBBmain DoARun -> 信息:   started user thread for Warehouse 60
1月 02, 2026 4:54:45 上午 spec.jbb.JBBmain DoARun -> 信息:   started user thread for Warehouse 61
1月 02, 2026 4:54:45 上午 spec.jbb.JBBmain DoARun -> 信息:   started user thread for Warehouse 62
1月 02, 2026 4:54:45 上午 spec.jbb.JBBmain DoARun -> 信息:   started user thread for Warehouse 63
1月 02, 2026 4:54:45 上午 spec.jbb.JBBmain DoARun -> 信息:   started user thread for Warehouse 64
1月 02, 2026 4:54:45 上午 spec.jbb.JBBmain DoARun -> 信息:   started user thread for Warehouse 65
1月 02, 2026 4:54:45 上午 spec.jbb.JBBmain DoARun -> 信息:   started user thread for Warehouse 66
1月 02, 2026 4:54:45 上午 spec.jbb.JBBmain DoARun -> 信息:   started user thread for Warehouse 67
1月 02, 2026 4:54:45 上午 spec.jbb.JBBmain DoARun -> 信息:   started user thread for Warehouse 68
1月 02, 2026 4:54:45 上午 spec.jbb.JBBmain DoARun -> 信息:   started user thread for Warehouse 69
1月 02, 2026 4:54:45 上午 spec.jbb.JBBmain DoARun -> 信息:   started user thread for Warehouse 70
1月 02, 2026 4:54:45 上午 spec.jbb.JBBmain DoARun -> 信息:   started user thread for Warehouse 71
1月 02, 2026 4:54:45 上午 spec.jbb.JBBmain DoARun -> 信息:   started user thread for Warehouse 72
1月 02, 2026 4:54:45 上午 spec.jbb.JBBmain DoARun -> 信息:   started user thread for Warehouse 73
1月 02, 2026 4:54:45 上午 spec.jbb.JBBmain DoARun -> 信息:   started user thread for Warehouse 74
1月 02, 2026 4:54:45 上午 spec.jbb.JBBmain DoARun -> 信息:   started user thread for Warehouse 75
1月 02, 2026 4:54:45 上午 spec.jbb.JBBmain DoARun -> 信息:   started user thread for Warehouse 76
1月 02, 2026 4:54:45 上午 spec.jbb.JBBmain DoARun -> 信息:   started user thread for Warehouse 77
1月 02, 2026 4:54:45 上午 spec.jbb.JBBmain DoARun -> 信息:   started user thread for Warehouse 78
1月 02, 2026 4:54:45 上午 spec.jbb.JBBmain DoARun -> 信息:   started user thread for Warehouse 79
1月 02, 2026 4:54:45 上午 spec.jbb.JBBmain DoARun -> 信息:   started user thread for Warehouse 80
1月 02, 2026 4:54:45 上午 spec.jbb.JBBmain DoARun -> 信息:   started user thread for Warehouse 81
1月 02, 2026 4:54:45 上午 spec.jbb.JBBmain DoARun -> 信息:   started user thread for Warehouse 82
1月 02, 2026 4:54:45 上午 spec.jbb.JBBmain DoARun -> 信息:   started user thread for Warehouse 83
1月 02, 2026 4:54:45 上午 spec.jbb.JBBmain DoARun -> 信息:   started user thread for Warehouse 84
1月 02, 2026 4:54:45 上午 spec.jbb.JBBmain DoARun -> 信息:   started user thread for Warehouse 85
1月 02, 2026 4:54:45 上午 spec.jbb.Company displayResultTotals -> 信息: Timing Measurement began Fri Jan 02 04:54:45 CST 2026 for 4 minutes
1月 02, 2026 4:58:45 上午 spec.jbb.Company displayResultTotals -> 信息: Timing Measurement ended Fri Jan 02 04:58:45 CST 2026
1月 02, 2026 4:58:45 上午 spec.jbb.Company primeWithDummyData -> 信息: Loading Warehouse 86...
1月 02, 2026 4:58:45 上午 spec.jbb.JBBmain DoARun -> 信息: Start User Threads
1月 02, 2026 4:58:45 上午 spec.jbb.JBBmain DoARun -> 信息:   started user thread for Warehouse 1
1月 02, 2026 4:58:45 上午 spec.jbb.JBBmain DoARun -> 信息:   started user thread for Warehouse 2
1月 02, 2026 4:58:45 上午 spec.jbb.JBBmain DoARun -> 信息:   started user thread for Warehouse 3
1月 02, 2026 4:58:45 上午 spec.jbb.JBBmain DoARun -> 信息:   started user thread for Warehouse 4
1月 02, 2026 4:58:45 上午 spec.jbb.JBBmain DoARun -> 信息:   started user thread for Warehouse 5
1月 02, 2026 4:58:45 上午 spec.jbb.JBBmain DoARun -> 信息:   started user thread for Warehouse 6
1月 02, 2026 4:58:45 上午 spec.jbb.JBBmain DoARun -> 信息:   started user thread for Warehouse 7
1月 02, 2026 4:58:45 上午 spec.jbb.JBBmain DoARun -> 信息:   started user thread for Warehouse 8
1月 02, 2026 4:58:45 上午 spec.jbb.JBBmain DoARun -> 信息:   started user thread for Warehouse 9
1月 02, 2026 4:58:45 上午 spec.jbb.JBBmain DoARun -> 信息:   started user thread for Warehouse 10
1月 02, 2026 4:58:45 上午 spec.jbb.JBBmain DoARun -> 信息:   started user thread for Warehouse 11
1月 02, 2026 4:58:45 上午 spec.jbb.JBBmain DoARun -> 信息:   started user thread for Warehouse 12
1月 02, 2026 4:58:45 上午 spec.jbb.JBBmain DoARun -> 信息:   started user thread for Warehouse 13
1月 02, 2026 4:58:45 上午 spec.jbb.JBBmain DoARun -> 信息:   started user thread for Warehouse 14
1月 02, 2026 4:58:45 上午 spec.jbb.JBBmain DoARun -> 信息:   started user thread for Warehouse 15
1月 02, 2026 4:58:45 上午 spec.jbb.JBBmain DoARun -> 信息:   started user thread for Warehouse 16
1月 02, 2026 4:58:45 上午 spec.jbb.JBBmain DoARun -> 信息:   started user thread for Warehouse 17
1月 02, 2026 4:58:45 上午 spec.jbb.JBBmain DoARun -> 信息:   started user thread for Warehouse 18
1月 02, 2026 4:58:45 上午 spec.jbb.JBBmain DoARun -> 信息:   started user thread for Warehouse 19
1月 02, 2026 4:58:45 上午 spec.jbb.JBBmain DoARun -> 信息:   started user thread for Warehouse 20
1月 02, 2026 4:58:45 上午 spec.jbb.JBBmain DoARun -> 信息:   started user thread for Warehouse 21
1月 02, 2026 4:58:45 上午 spec.jbb.JBBmain DoARun -> 信息:   started user thread for Warehouse 22
1月 02, 2026 4:58:45 上午 spec.jbb.JBBmain DoARun -> 信息:   started user thread for Warehouse 23
1月 02, 2026 4:58:45 上午 spec.jbb.JBBmain DoARun -> 信息:   started user thread for Warehouse 24
1月 02, 2026 4:58:45 上午 spec.jbb.JBBmain DoARun -> 信息:   started user thread for Warehouse 25
1月 02, 2026 4:58:45 上午 spec.jbb.JBBmain DoARun -> 信息:   started user thread for Warehouse 26
1月 02, 2026 4:58:45 上午 spec.jbb.JBBmain DoARun -> 信息:   started user thread for Warehouse 27
1月 02, 2026 4:58:45 上午 spec.jbb.JBBmain DoARun -> 信息:   started user thread for Warehouse 28
1月 02, 2026 4:58:45 上午 spec.jbb.JBBmain DoARun -> 信息:   started user thread for Warehouse 29
1月 02, 2026 4:58:45 上午 spec.jbb.JBBmain DoARun -> 信息:   started user thread for Warehouse 30
1月 02, 2026 4:58:45 上午 spec.jbb.JBBmain DoARun -> 信息:   started user thread for Warehouse 31
1月 02, 2026 4:58:45 上午 spec.jbb.JBBmain DoARun -> 信息:   started user thread for Warehouse 32
1月 02, 2026 4:58:45 上午 spec.jbb.JBBmain DoARun -> 信息:   started user thread for Warehouse 33
1月 02, 2026 4:58:45 上午 spec.jbb.JBBmain DoARun -> 信息:   started user thread for Warehouse 34
1月 02, 2026 4:58:45 上午 spec.jbb.JBBmain DoARun -> 信息:   started user thread for Warehouse 35
1月 02, 2026 4:58:45 上午 spec.jbb.JBBmain DoARun -> 信息:   started user thread for Warehouse 36
1月 02, 2026 4:58:45 上午 spec.jbb.JBBmain DoARun -> 信息:   started user thread for Warehouse 37
1月 02, 2026 4:58:45 上午 spec.jbb.JBBmain DoARun -> 信息:   started user thread for Warehouse 38
1月 02, 2026 4:58:45 上午 spec.jbb.JBBmain DoARun -> 信息:   started user thread for Warehouse 39
1月 02, 2026 4:58:45 上午 spec.jbb.JBBmain DoARun -> 信息:   started user thread for Warehouse 40
1月 02, 2026 4:58:45 上午 spec.jbb.JBBmain DoARun -> 信息:   started user thread for Warehouse 41
1月 02, 2026 4:58:45 上午 spec.jbb.JBBmain DoARun -> 信息:   started user thread for Warehouse 42
1月 02, 2026 4:58:45 上午 spec.jbb.JBBmain DoARun -> 信息:   started user thread for Warehouse 43
1月 02, 2026 4:58:45 上午 spec.jbb.JBBmain DoARun -> 信息:   started user thread for Warehouse 44
1月 02, 2026 4:58:45 上午 spec.jbb.JBBmain DoARun -> 信息:   started user thread for Warehouse 45
1月 02, 2026 4:58:45 上午 spec.jbb.JBBmain DoARun -> 信息:   started user thread for Warehouse 46
1月 02, 2026 4:58:45 上午 spec.jbb.JBBmain DoARun -> 信息:   started user thread for Warehouse 47
1月 02, 2026 4:58:45 上午 spec.jbb.JBBmain DoARun -> 信息:   started user thread for Warehouse 48
1月 02, 2026 4:58:45 上午 spec.jbb.JBBmain DoARun -> 信息:   started user thread for Warehouse 49
1月 02, 2026 4:58:45 上午 spec.jbb.JBBmain DoARun -> 信息:   started user thread for Warehouse 50
1月 02, 2026 4:58:45 上午 spec.jbb.JBBmain DoARun -> 信息:   started user thread for Warehouse 51
1月 02, 2026 4:58:45 上午 spec.jbb.JBBmain DoARun -> 信息:   started user thread for Warehouse 52
1月 02, 2026 4:58:45 上午 spec.jbb.JBBmain DoARun -> 信息:   started user thread for Warehouse 53
1月 02, 2026 4:58:45 上午 spec.jbb.JBBmain DoARun -> 信息:   started user thread for Warehouse 54
1月 02, 2026 4:58:45 上午 spec.jbb.JBBmain DoARun -> 信息:   started user thread for Warehouse 55
1月 02, 2026 4:58:45 上午 spec.jbb.JBBmain DoARun -> 信息:   started user thread for Warehouse 56
1月 02, 2026 4:58:45 上午 spec.jbb.JBBmain DoARun -> 信息:   started user thread for Warehouse 57
1月 02, 2026 4:58:45 上午 spec.jbb.JBBmain DoARun -> 信息:   started user thread for Warehouse 58
1月 02, 2026 4:58:45 上午 spec.jbb.JBBmain DoARun -> 信息:   started user thread for Warehouse 59
1月 02, 2026 4:58:45 上午 spec.jbb.JBBmain DoARun -> 信息:   started user thread for Warehouse 60
1月 02, 2026 4:58:45 上午 spec.jbb.JBBmain DoARun -> 信息:   started user thread for Warehouse 61
1月 02, 2026 4:58:45 上午 spec.jbb.JBBmain DoARun -> 信息:   started user thread for Warehouse 62
1月 02, 2026 4:58:45 上午 spec.jbb.JBBmain DoARun -> 信息:   started user thread for Warehouse 63
1月 02, 2026 4:58:45 上午 spec.jbb.JBBmain DoARun -> 信息:   started user thread for Warehouse 64
1月 02, 2026 4:58:45 上午 spec.jbb.JBBmain DoARun -> 信息:   started user thread for Warehouse 65
1月 02, 2026 4:58:45 上午 spec.jbb.JBBmain DoARun -> 信息:   started user thread for Warehouse 66
1月 02, 2026 4:58:45 上午 spec.jbb.JBBmain DoARun -> 信息:   started user thread for Warehouse 67
1月 02, 2026 4:58:45 上午 spec.jbb.JBBmain DoARun -> 信息:   started user thread for Warehouse 68
1月 02, 2026 4:58:45 上午 spec.jbb.JBBmain DoARun -> 信息:   started user thread for Warehouse 69
1月 02, 2026 4:58:45 上午 spec.jbb.JBBmain DoARun -> 信息:   started user thread for Warehouse 70
1月 02, 2026 4:58:45 上午 spec.jbb.JBBmain DoARun -> 信息:   started user thread for Warehouse 71
1月 02, 2026 4:58:45 上午 spec.jbb.JBBmain DoARun -> 信息:   started user thread for Warehouse 72
1月 02, 2026 4:58:45 上午 spec.jbb.JBBmain DoARun -> 信息:   started user thread for Warehouse 73
1月 02, 2026 4:58:45 上午 spec.jbb.JBBmain DoARun -> 信息:   started user thread for Warehouse 74
1月 02, 2026 4:58:45 上午 spec.jbb.JBBmain DoARun -> 信息:   started user thread for Warehouse 75
1月 02, 2026 4:58:45 上午 spec.jbb.JBBmain DoARun -> 信息:   started user thread for Warehouse 76
1月 02, 2026 4:58:45 上午 spec.jbb.JBBmain DoARun -> 信息:   started user thread for Warehouse 77
1月 02, 2026 4:58:45 上午 spec.jbb.JBBmain DoARun -> 信息:   started user thread for Warehouse 78
1月 02, 2026 4:58:45 上午 spec.jbb.JBBmain DoARun -> 信息:   started user thread for Warehouse 79
1月 02, 2026 4:58:45 上午 spec.jbb.JBBmain DoARun -> 信息:   started user thread for Warehouse 80
1月 02, 2026 4:58:45 上午 spec.jbb.JBBmain DoARun -> 信息:   started user thread for Warehouse 81
1月 02, 2026 4:58:45 上午 spec.jbb.JBBmain DoARun -> 信息:   started user thread for Warehouse 82
1月 02, 2026 4:58:45 上午 spec.jbb.JBBmain DoARun -> 信息:   started user thread for Warehouse 83
1月 02, 2026 4:58:45 上午 spec.jbb.JBBmain DoARun -> 信息:   started user thread for Warehouse 84
1月 02, 2026 4:58:45 上午 spec.jbb.JBBmain DoARun -> 信息:   started user thread for Warehouse 85
1月 02, 2026 4:58:45 上午 spec.jbb.JBBmain DoARun -> 信息:   started user thread for Warehouse 86
1月 02, 2026 4:58:45 上午 spec.jbb.Company displayResultTotals -> 信息: Timing Measurement began Fri Jan 02 04:58:45 CST 2026 for 4 minutes
1月 02, 2026 5:02:45 上午 spec.jbb.Company displayResultTotals -> 信息: Timing Measurement ended Fri Jan 02 05:02:45 CST 2026
1月 02, 2026 5:02:45 上午 spec.jbb.Company primeWithDummyData -> 信息: Loading Warehouse 87...
1月 02, 2026 5:02:46 上午 spec.jbb.JBBmain DoARun -> 信息: Start User Threads
1月 02, 2026 5:02:46 上午 spec.jbb.JBBmain DoARun -> 信息:   started user thread for Warehouse 1
1月 02, 2026 5:02:46 上午 spec.jbb.JBBmain DoARun -> 信息:   started user thread for Warehouse 2
1月 02, 2026 5:02:46 上午 spec.jbb.JBBmain DoARun -> 信息:   started user thread for Warehouse 3
1月 02, 2026 5:02:46 上午 spec.jbb.JBBmain DoARun -> 信息:   started user thread for Warehouse 4
1月 02, 2026 5:02:46 上午 spec.jbb.JBBmain DoARun -> 信息:   started user thread for Warehouse 5
1月 02, 2026 5:02:46 上午 spec.jbb.JBBmain DoARun -> 信息:   started user thread for Warehouse 6
1月 02, 2026 5:02:46 上午 spec.jbb.JBBmain DoARun -> 信息:   started user thread for Warehouse 7
1月 02, 2026 5:02:46 上午 spec.jbb.JBBmain DoARun -> 信息:   started user thread for Warehouse 8
1月 02, 2026 5:02:46 上午 spec.jbb.JBBmain DoARun -> 信息:   started user thread for Warehouse 9
1月 02, 2026 5:02:46 上午 spec.jbb.JBBmain DoARun -> 信息:   started user thread for Warehouse 10
1月 02, 2026 5:02:46 上午 spec.jbb.JBBmain DoARun -> 信息:   started user thread for Warehouse 11
1月 02, 2026 5:02:46 上午 spec.jbb.JBBmain DoARun -> 信息:   started user thread for Warehouse 12
1月 02, 2026 5:02:46 上午 spec.jbb.JBBmain DoARun -> 信息:   started user thread for Warehouse 13
1月 02, 2026 5:02:46 上午 spec.jbb.JBBmain DoARun -> 信息:   started user thread for Warehouse 14
1月 02, 2026 5:02:46 上午 spec.jbb.JBBmain DoARun -> 信息:   started user thread for Warehouse 15
1月 02, 2026 5:02:46 上午 spec.jbb.JBBmain DoARun -> 信息:   started user thread for Warehouse 16
1月 02, 2026 5:02:46 上午 spec.jbb.JBBmain DoARun -> 信息:   started user thread for Warehouse 17
1月 02, 2026 5:02:46 上午 spec.jbb.JBBmain DoARun -> 信息:   started user thread for Warehouse 18
1月 02, 2026 5:02:46 上午 spec.jbb.JBBmain DoARun -> 信息:   started user thread for Warehouse 19
1月 02, 2026 5:02:46 上午 spec.jbb.JBBmain DoARun -> 信息:   started user thread for Warehouse 20
1月 02, 2026 5:02:46 上午 spec.jbb.JBBmain DoARun -> 信息:   started user thread for Warehouse 21
1月 02, 2026 5:02:46 上午 spec.jbb.JBBmain DoARun -> 信息:   started user thread for Warehouse 22
1月 02, 2026 5:02:46 上午 spec.jbb.JBBmain DoARun -> 信息:   started user thread for Warehouse 23
1月 02, 2026 5:02:46 上午 spec.jbb.JBBmain DoARun -> 信息:   started user thread for Warehouse 24
1月 02, 2026 5:02:46 上午 spec.jbb.JBBmain DoARun -> 信息:   started user thread for Warehouse 25
1月 02, 2026 5:02:46 上午 spec.jbb.JBBmain DoARun -> 信息:   started user thread for Warehouse 26
1月 02, 2026 5:02:46 上午 spec.jbb.JBBmain DoARun -> 信息:   started user thread for Warehouse 27
1月 02, 2026 5:02:46 上午 spec.jbb.JBBmain DoARun -> 信息:   started user thread for Warehouse 28
1月 02, 2026 5:02:46 上午 spec.jbb.JBBmain DoARun -> 信息:   started user thread for Warehouse 29
1月 02, 2026 5:02:46 上午 spec.jbb.JBBmain DoARun -> 信息:   started user thread for Warehouse 30
1月 02, 2026 5:02:46 上午 spec.jbb.JBBmain DoARun -> 信息:   started user thread for Warehouse 31
1月 02, 2026 5:02:46 上午 spec.jbb.JBBmain DoARun -> 信息:   started user thread for Warehouse 32
1月 02, 2026 5:02:46 上午 spec.jbb.JBBmain DoARun -> 信息:   started user thread for Warehouse 33
1月 02, 2026 5:02:46 上午 spec.jbb.JBBmain DoARun -> 信息:   started user thread for Warehouse 34
1月 02, 2026 5:02:46 上午 spec.jbb.JBBmain DoARun -> 信息:   started user thread for Warehouse 35
1月 02, 2026 5:02:46 上午 spec.jbb.JBBmain DoARun -> 信息:   started user thread for Warehouse 36
1月 02, 2026 5:02:46 上午 spec.jbb.JBBmain DoARun -> 信息:   started user thread for Warehouse 37
1月 02, 2026 5:02:46 上午 spec.jbb.JBBmain DoARun -> 信息:   started user thread for Warehouse 38
1月 02, 2026 5:02:46 上午 spec.jbb.JBBmain DoARun -> 信息:   started user thread for Warehouse 39
1月 02, 2026 5:02:46 上午 spec.jbb.JBBmain DoARun -> 信息:   started user thread for Warehouse 40
1月 02, 2026 5:02:46 上午 spec.jbb.JBBmain DoARun -> 信息:   started user thread for Warehouse 41
1月 02, 2026 5:02:46 上午 spec.jbb.JBBmain DoARun -> 信息:   started user thread for Warehouse 42
1月 02, 2026 5:02:46 上午 spec.jbb.JBBmain DoARun -> 信息:   started user thread for Warehouse 43
1月 02, 2026 5:02:46 上午 spec.jbb.JBBmain DoARun -> 信息:   started user thread for Warehouse 44
1月 02, 2026 5:02:46 上午 spec.jbb.JBBmain DoARun -> 信息:   started user thread for Warehouse 45
1月 02, 2026 5:02:46 上午 spec.jbb.JBBmain DoARun -> 信息:   started user thread for Warehouse 46
1月 02, 2026 5:02:46 上午 spec.jbb.JBBmain DoARun -> 信息:   started user thread for Warehouse 47
1月 02, 2026 5:02:46 上午 spec.jbb.JBBmain DoARun -> 信息:   started user thread for Warehouse 48
1月 02, 2026 5:02:46 上午 spec.jbb.JBBmain DoARun -> 信息:   started user thread for Warehouse 49
1月 02, 2026 5:02:46 上午 spec.jbb.JBBmain DoARun -> 信息:   started user thread for Warehouse 50
1月 02, 2026 5:02:46 上午 spec.jbb.JBBmain DoARun -> 信息:   started user thread for Warehouse 51
1月 02, 2026 5:02:46 上午 spec.jbb.JBBmain DoARun -> 信息:   started user thread for Warehouse 52
1月 02, 2026 5:02:46 上午 spec.jbb.JBBmain DoARun -> 信息:   started user thread for Warehouse 53
1月 02, 2026 5:02:46 上午 spec.jbb.JBBmain DoARun -> 信息:   started user thread for Warehouse 54
1月 02, 2026 5:02:46 上午 spec.jbb.JBBmain DoARun -> 信息:   started user thread for Warehouse 55
1月 02, 2026 5:02:46 上午 spec.jbb.JBBmain DoARun -> 信息:   started user thread for Warehouse 56
1月 02, 2026 5:02:46 上午 spec.jbb.JBBmain DoARun -> 信息:   started user thread for Warehouse 57
1月 02, 2026 5:02:46 上午 spec.jbb.JBBmain DoARun -> 信息:   started user thread for Warehouse 58
1月 02, 2026 5:02:46 上午 spec.jbb.JBBmain DoARun -> 信息:   started user thread for Warehouse 59
1月 02, 2026 5:02:46 上午 spec.jbb.JBBmain DoARun -> 信息:   started user thread for Warehouse 60
1月 02, 2026 5:02:46 上午 spec.jbb.JBBmain DoARun -> 信息:   started user thread for Warehouse 61
1月 02, 2026 5:02:46 上午 spec.jbb.JBBmain DoARun -> 信息:   started user thread for Warehouse 62
1月 02, 2026 5:02:46 上午 spec.jbb.JBBmain DoARun -> 信息:   started user thread for Warehouse 63
1月 02, 2026 5:02:46 上午 spec.jbb.JBBmain DoARun -> 信息:   started user thread for Warehouse 64
1月 02, 2026 5:02:46 上午 spec.jbb.JBBmain DoARun -> 信息:   started user thread for Warehouse 65
1月 02, 2026 5:02:46 上午 spec.jbb.JBBmain DoARun -> 信息:   started user thread for Warehouse 66
1月 02, 2026 5:02:46 上午 spec.jbb.JBBmain DoARun -> 信息:   started user thread for Warehouse 67
1月 02, 2026 5:02:46 上午 spec.jbb.JBBmain DoARun -> 信息:   started user thread for Warehouse 68
1月 02, 2026 5:02:46 上午 spec.jbb.JBBmain DoARun -> 信息:   started user thread for Warehouse 69
1月 02, 2026 5:02:46 上午 spec.jbb.JBBmain DoARun -> 信息:   started user thread for Warehouse 70
1月 02, 2026 5:02:46 上午 spec.jbb.JBBmain DoARun -> 信息:   started user thread for Warehouse 71
1月 02, 2026 5:02:46 上午 spec.jbb.JBBmain DoARun -> 信息:   started user thread for Warehouse 72
1月 02, 2026 5:02:46 上午 spec.jbb.JBBmain DoARun -> 信息:   started user thread for Warehouse 73
1月 02, 2026 5:02:46 上午 spec.jbb.JBBmain DoARun -> 信息:   started user thread for Warehouse 74
1月 02, 2026 5:02:46 上午 spec.jbb.JBBmain DoARun -> 信息:   started user thread for Warehouse 75
1月 02, 2026 5:02:46 上午 spec.jbb.JBBmain DoARun -> 信息:   started user thread for Warehouse 76
1月 02, 2026 5:02:46 上午 spec.jbb.JBBmain DoARun -> 信息:   started user thread for Warehouse 77
1月 02, 2026 5:02:46 上午 spec.jbb.JBBmain DoARun -> 信息:   started user thread for Warehouse 78
1月 02, 2026 5:02:46 上午 spec.jbb.JBBmain DoARun -> 信息:   started user thread for Warehouse 79
1月 02, 2026 5:02:46 上午 spec.jbb.JBBmain DoARun -> 信息:   started user thread for Warehouse 80
1月 02, 2026 5:02:46 上午 spec.jbb.JBBmain DoARun -> 信息:   started user thread for Warehouse 81
1月 02, 2026 5:02:46 上午 spec.jbb.JBBmain DoARun -> 信息:   started user thread for Warehouse 82
1月 02, 2026 5:02:46 上午 spec.jbb.JBBmain DoARun -> 信息:   started user thread for Warehouse 83
1月 02, 2026 5:02:46 上午 spec.jbb.JBBmain DoARun -> 信息:   started user thread for Warehouse 84
1月 02, 2026 5:02:46 上午 spec.jbb.JBBmain DoARun -> 信息:   started user thread for Warehouse 85
1月 02, 2026 5:02:46 上午 spec.jbb.JBBmain DoARun -> 信息:   started user thread for Warehouse 86
1月 02, 2026 5:02:46 上午 spec.jbb.JBBmain DoARun -> 信息:   started user thread for Warehouse 87
1月 02, 2026 5:02:46 上午 spec.jbb.Company displayResultTotals -> 信息: Timing Measurement began Fri Jan 02 05:02:46 CST 2026 for 4 minutes
1月 02, 2026 5:06:46 上午 spec.jbb.Company displayResultTotals -> 信息: Timing Measurement ended Fri Jan 02 05:06:46 CST 2026
1月 02, 2026 5:06:46 上午 spec.jbb.Company primeWithDummyData -> 信息: Loading Warehouse 88...
1月 02, 2026 5:06:46 上午 spec.jbb.JBBmain DoARun -> 信息: Start User Threads
1月 02, 2026 5:06:46 上午 spec.jbb.JBBmain DoARun -> 信息:   started user thread for Warehouse 1
1月 02, 2026 5:06:46 上午 spec.jbb.JBBmain DoARun -> 信息:   started user thread for Warehouse 2
1月 02, 2026 5:06:46 上午 spec.jbb.JBBmain DoARun -> 信息:   started user thread for Warehouse 3
1月 02, 2026 5:06:46 上午 spec.jbb.JBBmain DoARun -> 信息:   started user thread for Warehouse 4
1月 02, 2026 5:06:46 上午 spec.jbb.JBBmain DoARun -> 信息:   started user thread for Warehouse 5
1月 02, 2026 5:06:46 上午 spec.jbb.JBBmain DoARun -> 信息:   started user thread for Warehouse 6
1月 02, 2026 5:06:46 上午 spec.jbb.JBBmain DoARun -> 信息:   started user thread for Warehouse 7
1月 02, 2026 5:06:46 上午 spec.jbb.JBBmain DoARun -> 信息:   started user thread for Warehouse 8
1月 02, 2026 5:06:46 上午 spec.jbb.JBBmain DoARun -> 信息:   started user thread for Warehouse 9
1月 02, 2026 5:06:46 上午 spec.jbb.JBBmain DoARun -> 信息:   started user thread for Warehouse 10
1月 02, 2026 5:06:46 上午 spec.jbb.JBBmain DoARun -> 信息:   started user thread for Warehouse 11
1月 02, 2026 5:06:46 上午 spec.jbb.JBBmain DoARun -> 信息:   started user thread for Warehouse 12
1月 02, 2026 5:06:46 上午 spec.jbb.JBBmain DoARun -> 信息:   started user thread for Warehouse 13
1月 02, 2026 5:06:46 上午 spec.jbb.JBBmain DoARun -> 信息:   started user thread for Warehouse 14
1月 02, 2026 5:06:46 上午 spec.jbb.JBBmain DoARun -> 信息:   started user thread for Warehouse 15
1月 02, 2026 5:06:46 上午 spec.jbb.JBBmain DoARun -> 信息:   started user thread for Warehouse 16
1月 02, 2026 5:06:46 上午 spec.jbb.JBBmain DoARun -> 信息:   started user thread for Warehouse 17
1月 02, 2026 5:06:46 上午 spec.jbb.JBBmain DoARun -> 信息:   started user thread for Warehouse 18
1月 02, 2026 5:06:46 上午 spec.jbb.JBBmain DoARun -> 信息:   started user thread for Warehouse 19
1月 02, 2026 5:06:46 上午 spec.jbb.JBBmain DoARun -> 信息:   started user thread for Warehouse 20
1月 02, 2026 5:06:46 上午 spec.jbb.JBBmain DoARun -> 信息:   started user thread for Warehouse 21
1月 02, 2026 5:06:46 上午 spec.jbb.JBBmain DoARun -> 信息:   started user thread for Warehouse 22
1月 02, 2026 5:06:46 上午 spec.jbb.JBBmain DoARun -> 信息:   started user thread for Warehouse 23
1月 02, 2026 5:06:46 上午 spec.jbb.JBBmain DoARun -> 信息:   started user thread for Warehouse 24
1月 02, 2026 5:06:46 上午 spec.jbb.JBBmain DoARun -> 信息:   started user thread for Warehouse 25
1月 02, 2026 5:06:46 上午 spec.jbb.JBBmain DoARun -> 信息:   started user thread for Warehouse 26
1月 02, 2026 5:06:46 上午 spec.jbb.JBBmain DoARun -> 信息:   started user thread for Warehouse 27
1月 02, 2026 5:06:46 上午 spec.jbb.JBBmain DoARun -> 信息:   started user thread for Warehouse 28
1月 02, 2026 5:06:46 上午 spec.jbb.JBBmain DoARun -> 信息:   started user thread for Warehouse 29
1月 02, 2026 5:06:46 上午 spec.jbb.JBBmain DoARun -> 信息:   started user thread for Warehouse 30
1月 02, 2026 5:06:46 上午 spec.jbb.JBBmain DoARun -> 信息:   started user thread for Warehouse 31
1月 02, 2026 5:06:46 上午 spec.jbb.JBBmain DoARun -> 信息:   started user thread for Warehouse 32
1月 02, 2026 5:06:46 上午 spec.jbb.JBBmain DoARun -> 信息:   started user thread for Warehouse 33
1月 02, 2026 5:06:46 上午 spec.jbb.JBBmain DoARun -> 信息:   started user thread for Warehouse 34
1月 02, 2026 5:06:46 上午 spec.jbb.JBBmain DoARun -> 信息:   started user thread for Warehouse 35
1月 02, 2026 5:06:46 上午 spec.jbb.JBBmain DoARun -> 信息:   started user thread for Warehouse 36
1月 02, 2026 5:06:46 上午 spec.jbb.JBBmain DoARun -> 信息:   started user thread for Warehouse 37
1月 02, 2026 5:06:46 上午 spec.jbb.JBBmain DoARun -> 信息:   started user thread for Warehouse 38
1月 02, 2026 5:06:46 上午 spec.jbb.JBBmain DoARun -> 信息:   started user thread for Warehouse 39
1月 02, 2026 5:06:46 上午 spec.jbb.JBBmain DoARun -> 信息:   started user thread for Warehouse 40
1月 02, 2026 5:06:46 上午 spec.jbb.JBBmain DoARun -> 信息:   started user thread for Warehouse 41
1月 02, 2026 5:06:46 上午 spec.jbb.JBBmain DoARun -> 信息:   started user thread for Warehouse 42
1月 02, 2026 5:06:46 上午 spec.jbb.JBBmain DoARun -> 信息:   started user thread for Warehouse 43
1月 02, 2026 5:06:46 上午 spec.jbb.JBBmain DoARun -> 信息:   started user thread for Warehouse 44
1月 02, 2026 5:06:46 上午 spec.jbb.JBBmain DoARun -> 信息:   started user thread for Warehouse 45
1月 02, 2026 5:06:46 上午 spec.jbb.JBBmain DoARun -> 信息:   started user thread for Warehouse 46
1月 02, 2026 5:06:46 上午 spec.jbb.JBBmain DoARun -> 信息:   started user thread for Warehouse 47
1月 02, 2026 5:06:46 上午 spec.jbb.JBBmain DoARun -> 信息:   started user thread for Warehouse 48
1月 02, 2026 5:06:46 上午 spec.jbb.JBBmain DoARun -> 信息:   started user thread for Warehouse 49
1月 02, 2026 5:06:46 上午 spec.jbb.JBBmain DoARun -> 信息:   started user thread for Warehouse 50
1月 02, 2026 5:06:46 上午 spec.jbb.JBBmain DoARun -> 信息:   started user thread for Warehouse 51
1月 02, 2026 5:06:46 上午 spec.jbb.JBBmain DoARun -> 信息:   started user thread for Warehouse 52
1月 02, 2026 5:06:46 上午 spec.jbb.JBBmain DoARun -> 信息:   started user thread for Warehouse 53
1月 02, 2026 5:06:46 上午 spec.jbb.JBBmain DoARun -> 信息:   started user thread for Warehouse 54
1月 02, 2026 5:06:46 上午 spec.jbb.JBBmain DoARun -> 信息:   started user thread for Warehouse 55
1月 02, 2026 5:06:46 上午 spec.jbb.JBBmain DoARun -> 信息:   started user thread for Warehouse 56
1月 02, 2026 5:06:46 上午 spec.jbb.JBBmain DoARun -> 信息:   started user thread for Warehouse 57
1月 02, 2026 5:06:46 上午 spec.jbb.JBBmain DoARun -> 信息:   started user thread for Warehouse 58
1月 02, 2026 5:06:46 上午 spec.jbb.JBBmain DoARun -> 信息:   started user thread for Warehouse 59
1月 02, 2026 5:06:46 上午 spec.jbb.JBBmain DoARun -> 信息:   started user thread for Warehouse 60
1月 02, 2026 5:06:46 上午 spec.jbb.JBBmain DoARun -> 信息:   started user thread for Warehouse 61
1月 02, 2026 5:06:46 上午 spec.jbb.JBBmain DoARun -> 信息:   started user thread for Warehouse 62
1月 02, 2026 5:06:46 上午 spec.jbb.JBBmain DoARun -> 信息:   started user thread for Warehouse 63
1月 02, 2026 5:06:46 上午 spec.jbb.JBBmain DoARun -> 信息:   started user thread for Warehouse 64
1月 02, 2026 5:06:46 上午 spec.jbb.JBBmain DoARun -> 信息:   started user thread for Warehouse 65
1月 02, 2026 5:06:46 上午 spec.jbb.JBBmain DoARun -> 信息:   started user thread for Warehouse 66
1月 02, 2026 5:06:46 上午 spec.jbb.JBBmain DoARun -> 信息:   started user thread for Warehouse 67
1月 02, 2026 5:06:46 上午 spec.jbb.JBBmain DoARun -> 信息:   started user thread for Warehouse 68
1月 02, 2026 5:06:46 上午 spec.jbb.JBBmain DoARun -> 信息:   started user thread for Warehouse 69
1月 02, 2026 5:06:46 上午 spec.jbb.JBBmain DoARun -> 信息:   started user thread for Warehouse 70
1月 02, 2026 5:06:46 上午 spec.jbb.JBBmain DoARun -> 信息:   started user thread for Warehouse 71
1月 02, 2026 5:06:46 上午 spec.jbb.JBBmain DoARun -> 信息:   started user thread for Warehouse 72
1月 02, 2026 5:06:46 上午 spec.jbb.JBBmain DoARun -> 信息:   started user thread for Warehouse 73
1月 02, 2026 5:06:46 上午 spec.jbb.JBBmain DoARun -> 信息:   started user thread for Warehouse 74
1月 02, 2026 5:06:46 上午 spec.jbb.JBBmain DoARun -> 信息:   started user thread for Warehouse 75
1月 02, 2026 5:06:46 上午 spec.jbb.JBBmain DoARun -> 信息:   started user thread for Warehouse 76
1月 02, 2026 5:06:46 上午 spec.jbb.JBBmain DoARun -> 信息:   started user thread for Warehouse 77
1月 02, 2026 5:06:46 上午 spec.jbb.JBBmain DoARun -> 信息:   started user thread for Warehouse 78
1月 02, 2026 5:06:46 上午 spec.jbb.JBBmain DoARun -> 信息:   started user thread for Warehouse 79
1月 02, 2026 5:06:46 上午 spec.jbb.JBBmain DoARun -> 信息:   started user thread for Warehouse 80
1月 02, 2026 5:06:46 上午 spec.jbb.JBBmain DoARun -> 信息:   started user thread for Warehouse 81
1月 02, 2026 5:06:46 上午 spec.jbb.JBBmain DoARun -> 信息:   started user thread for Warehouse 82
1月 02, 2026 5:06:46 上午 spec.jbb.JBBmain DoARun -> 信息:   started user thread for Warehouse 83
1月 02, 2026 5:06:46 上午 spec.jbb.JBBmain DoARun -> 信息:   started user thread for Warehouse 84
1月 02, 2026 5:06:46 上午 spec.jbb.JBBmain DoARun -> 信息:   started user thread for Warehouse 85
1月 02, 2026 5:06:46 上午 spec.jbb.JBBmain DoARun -> 信息:   started user thread for Warehouse 86
1月 02, 2026 5:06:46 上午 spec.jbb.JBBmain DoARun -> 信息:   started user thread for Warehouse 87
1月 02, 2026 5:06:46 上午 spec.jbb.JBBmain DoARun -> 信息:   started user thread for Warehouse 88
1月 02, 2026 5:06:46 上午 spec.jbb.Company displayResultTotals -> 信息: Timing Measurement began Fri Jan 02 05:06:46 CST 2026 for 4 minutes
1月 02, 2026 5:10:46 上午 spec.jbb.Company displayResultTotals -> 信息: Timing Measurement ended Fri Jan 02 05:10:46 CST 2026
1月 02, 2026 5:10:46 上午 spec.jbb.Company primeWithDummyData -> 信息: Loading Warehouse 89...
1月 02, 2026 5:10:46 上午 spec.jbb.JBBmain DoARun -> 信息: Start User Threads
1月 02, 2026 5:10:46 上午 spec.jbb.JBBmain DoARun -> 信息:   started user thread for Warehouse 1
1月 02, 2026 5:10:46 上午 spec.jbb.JBBmain DoARun -> 信息:   started user thread for Warehouse 2
1月 02, 2026 5:10:46 上午 spec.jbb.JBBmain DoARun -> 信息:   started user thread for Warehouse 3
1月 02, 2026 5:10:46 上午 spec.jbb.JBBmain DoARun -> 信息:   started user thread for Warehouse 4
1月 02, 2026 5:10:46 上午 spec.jbb.JBBmain DoARun -> 信息:   started user thread for Warehouse 5
1月 02, 2026 5:10:46 上午 spec.jbb.JBBmain DoARun -> 信息:   started user thread for Warehouse 6
1月 02, 2026 5:10:46 上午 spec.jbb.JBBmain DoARun -> 信息:   started user thread for Warehouse 7
1月 02, 2026 5:10:46 上午 spec.jbb.JBBmain DoARun -> 信息:   started user thread for Warehouse 8
1月 02, 2026 5:10:46 上午 spec.jbb.JBBmain DoARun -> 信息:   started user thread for Warehouse 9
1月 02, 2026 5:10:46 上午 spec.jbb.JBBmain DoARun -> 信息:   started user thread for Warehouse 10
1月 02, 2026 5:10:46 上午 spec.jbb.JBBmain DoARun -> 信息:   started user thread for Warehouse 11
1月 02, 2026 5:10:46 上午 spec.jbb.JBBmain DoARun -> 信息:   started user thread for Warehouse 12
1月 02, 2026 5:10:46 上午 spec.jbb.JBBmain DoARun -> 信息:   started user thread for Warehouse 13
1月 02, 2026 5:10:46 上午 spec.jbb.JBBmain DoARun -> 信息:   started user thread for Warehouse 14
1月 02, 2026 5:10:46 上午 spec.jbb.JBBmain DoARun -> 信息:   started user thread for Warehouse 15
1月 02, 2026 5:10:46 上午 spec.jbb.JBBmain DoARun -> 信息:   started user thread for Warehouse 16
1月 02, 2026 5:10:46 上午 spec.jbb.JBBmain DoARun -> 信息:   started user thread for Warehouse 17
1月 02, 2026 5:10:46 上午 spec.jbb.JBBmain DoARun -> 信息:   started user thread for Warehouse 18
1月 02, 2026 5:10:46 上午 spec.jbb.JBBmain DoARun -> 信息:   started user thread for Warehouse 19
1月 02, 2026 5:10:46 上午 spec.jbb.JBBmain DoARun -> 信息:   started user thread for Warehouse 20
1月 02, 2026 5:10:46 上午 spec.jbb.JBBmain DoARun -> 信息:   started user thread for Warehouse 21
1月 02, 2026 5:10:46 上午 spec.jbb.JBBmain DoARun -> 信息:   started user thread for Warehouse 22
1月 02, 2026 5:10:46 上午 spec.jbb.JBBmain DoARun -> 信息:   started user thread for Warehouse 23
1月 02, 2026 5:10:46 上午 spec.jbb.JBBmain DoARun -> 信息:   started user thread for Warehouse 24
1月 02, 2026 5:10:46 上午 spec.jbb.JBBmain DoARun -> 信息:   started user thread for Warehouse 25
1月 02, 2026 5:10:46 上午 spec.jbb.JBBmain DoARun -> 信息:   started user thread for Warehouse 26
1月 02, 2026 5:10:46 上午 spec.jbb.JBBmain DoARun -> 信息:   started user thread for Warehouse 27
1月 02, 2026 5:10:46 上午 spec.jbb.JBBmain DoARun -> 信息:   started user thread for Warehouse 28
1月 02, 2026 5:10:46 上午 spec.jbb.JBBmain DoARun -> 信息:   started user thread for Warehouse 29
1月 02, 2026 5:10:46 上午 spec.jbb.JBBmain DoARun -> 信息:   started user thread for Warehouse 30
1月 02, 2026 5:10:46 上午 spec.jbb.JBBmain DoARun -> 信息:   started user thread for Warehouse 31
1月 02, 2026 5:10:46 上午 spec.jbb.JBBmain DoARun -> 信息:   started user thread for Warehouse 32
1月 02, 2026 5:10:46 上午 spec.jbb.JBBmain DoARun -> 信息:   started user thread for Warehouse 33
1月 02, 2026 5:10:46 上午 spec.jbb.JBBmain DoARun -> 信息:   started user thread for Warehouse 34
1月 02, 2026 5:10:46 上午 spec.jbb.JBBmain DoARun -> 信息:   started user thread for Warehouse 35
1月 02, 2026 5:10:46 上午 spec.jbb.JBBmain DoARun -> 信息:   started user thread for Warehouse 36
1月 02, 2026 5:10:46 上午 spec.jbb.JBBmain DoARun -> 信息:   started user thread for Warehouse 37
1月 02, 2026 5:10:46 上午 spec.jbb.JBBmain DoARun -> 信息:   started user thread for Warehouse 38
1月 02, 2026 5:10:46 上午 spec.jbb.JBBmain DoARun -> 信息:   started user thread for Warehouse 39
1月 02, 2026 5:10:46 上午 spec.jbb.JBBmain DoARun -> 信息:   started user thread for Warehouse 40
1月 02, 2026 5:10:46 上午 spec.jbb.JBBmain DoARun -> 信息:   started user thread for Warehouse 41
1月 02, 2026 5:10:46 上午 spec.jbb.JBBmain DoARun -> 信息:   started user thread for Warehouse 42
1月 02, 2026 5:10:46 上午 spec.jbb.JBBmain DoARun -> 信息:   started user thread for Warehouse 43
1月 02, 2026 5:10:46 上午 spec.jbb.JBBmain DoARun -> 信息:   started user thread for Warehouse 44
1月 02, 2026 5:10:46 上午 spec.jbb.JBBmain DoARun -> 信息:   started user thread for Warehouse 45
1月 02, 2026 5:10:46 上午 spec.jbb.JBBmain DoARun -> 信息:   started user thread for Warehouse 46
1月 02, 2026 5:10:46 上午 spec.jbb.JBBmain DoARun -> 信息:   started user thread for Warehouse 47
1月 02, 2026 5:10:46 上午 spec.jbb.JBBmain DoARun -> 信息:   started user thread for Warehouse 48
1月 02, 2026 5:10:46 上午 spec.jbb.JBBmain DoARun -> 信息:   started user thread for Warehouse 49
1月 02, 2026 5:10:46 上午 spec.jbb.JBBmain DoARun -> 信息:   started user thread for Warehouse 50
1月 02, 2026 5:10:46 上午 spec.jbb.JBBmain DoARun -> 信息:   started user thread for Warehouse 51
1月 02, 2026 5:10:46 上午 spec.jbb.JBBmain DoARun -> 信息:   started user thread for Warehouse 52
1月 02, 2026 5:10:46 上午 spec.jbb.JBBmain DoARun -> 信息:   started user thread for Warehouse 53
1月 02, 2026 5:10:46 上午 spec.jbb.JBBmain DoARun -> 信息:   started user thread for Warehouse 54
1月 02, 2026 5:10:46 上午 spec.jbb.JBBmain DoARun -> 信息:   started user thread for Warehouse 55
1月 02, 2026 5:10:46 上午 spec.jbb.JBBmain DoARun -> 信息:   started user thread for Warehouse 56
1月 02, 2026 5:10:46 上午 spec.jbb.JBBmain DoARun -> 信息:   started user thread for Warehouse 57
1月 02, 2026 5:10:46 上午 spec.jbb.JBBmain DoARun -> 信息:   started user thread for Warehouse 58
1月 02, 2026 5:10:46 上午 spec.jbb.JBBmain DoARun -> 信息:   started user thread for Warehouse 59
1月 02, 2026 5:10:46 上午 spec.jbb.JBBmain DoARun -> 信息:   started user thread for Warehouse 60
1月 02, 2026 5:10:46 上午 spec.jbb.JBBmain DoARun -> 信息:   started user thread for Warehouse 61
1月 02, 2026 5:10:46 上午 spec.jbb.JBBmain DoARun -> 信息:   started user thread for Warehouse 62
1月 02, 2026 5:10:46 上午 spec.jbb.JBBmain DoARun -> 信息:   started user thread for Warehouse 63
1月 02, 2026 5:10:46 上午 spec.jbb.JBBmain DoARun -> 信息:   started user thread for Warehouse 64
1月 02, 2026 5:10:46 上午 spec.jbb.JBBmain DoARun -> 信息:   started user thread for Warehouse 65
1月 02, 2026 5:10:46 上午 spec.jbb.JBBmain DoARun -> 信息:   started user thread for Warehouse 66
1月 02, 2026 5:10:46 上午 spec.jbb.JBBmain DoARun -> 信息:   started user thread for Warehouse 67
1月 02, 2026 5:10:46 上午 spec.jbb.JBBmain DoARun -> 信息:   started user thread for Warehouse 68
1月 02, 2026 5:10:46 上午 spec.jbb.JBBmain DoARun -> 信息:   started user thread for Warehouse 69
1月 02, 2026 5:10:46 上午 spec.jbb.JBBmain DoARun -> 信息:   started user thread for Warehouse 70
1月 02, 2026 5:10:46 上午 spec.jbb.JBBmain DoARun -> 信息:   started user thread for Warehouse 71
1月 02, 2026 5:10:46 上午 spec.jbb.JBBmain DoARun -> 信息:   started user thread for Warehouse 72
1月 02, 2026 5:10:46 上午 spec.jbb.JBBmain DoARun -> 信息:   started user thread for Warehouse 73
1月 02, 2026 5:10:46 上午 spec.jbb.JBBmain DoARun -> 信息:   started user thread for Warehouse 74
1月 02, 2026 5:10:46 上午 spec.jbb.JBBmain DoARun -> 信息:   started user thread for Warehouse 75
1月 02, 2026 5:10:46 上午 spec.jbb.JBBmain DoARun -> 信息:   started user thread for Warehouse 76
1月 02, 2026 5:10:46 上午 spec.jbb.JBBmain DoARun -> 信息:   started user thread for Warehouse 77
1月 02, 2026 5:10:46 上午 spec.jbb.JBBmain DoARun -> 信息:   started user thread for Warehouse 78
1月 02, 2026 5:10:46 上午 spec.jbb.JBBmain DoARun -> 信息:   started user thread for Warehouse 79
1月 02, 2026 5:10:46 上午 spec.jbb.JBBmain DoARun -> 信息:   started user thread for Warehouse 80
1月 02, 2026 5:10:46 上午 spec.jbb.JBBmain DoARun -> 信息:   started user thread for Warehouse 81
1月 02, 2026 5:10:46 上午 spec.jbb.JBBmain DoARun -> 信息:   started user thread for Warehouse 82
1月 02, 2026 5:10:46 上午 spec.jbb.JBBmain DoARun -> 信息:   started user thread for Warehouse 83
1月 02, 2026 5:10:46 上午 spec.jbb.JBBmain DoARun -> 信息:   started user thread for Warehouse 84
1月 02, 2026 5:10:46 上午 spec.jbb.JBBmain DoARun -> 信息:   started user thread for Warehouse 85
1月 02, 2026 5:10:46 上午 spec.jbb.JBBmain DoARun -> 信息:   started user thread for Warehouse 86
1月 02, 2026 5:10:46 上午 spec.jbb.JBBmain DoARun -> 信息:   started user thread for Warehouse 87
1月 02, 2026 5:10:46 上午 spec.jbb.JBBmain DoARun -> 信息:   started user thread for Warehouse 88
1月 02, 2026 5:10:46 上午 spec.jbb.JBBmain DoARun -> 信息:   started user thread for Warehouse 89
1月 02, 2026 5:10:46 上午 spec.jbb.Company displayResultTotals -> 信息: Timing Measurement began Fri Jan 02 05:10:46 CST 2026 for 4 minutes
1月 02, 2026 5:14:46 上午 spec.jbb.Company displayResultTotals -> 信息: Timing Measurement ended Fri Jan 02 05:14:46 CST 2026
1月 02, 2026 5:14:46 上午 spec.jbb.Company primeWithDummyData -> 信息: Loading Warehouse 90...
1月 02, 2026 5:14:47 上午 spec.jbb.JBBmain DoARun -> 信息: Start User Threads
1月 02, 2026 5:14:47 上午 spec.jbb.JBBmain DoARun -> 信息:   started user thread for Warehouse 1
1月 02, 2026 5:14:47 上午 spec.jbb.JBBmain DoARun -> 信息:   started user thread for Warehouse 2
1月 02, 2026 5:14:47 上午 spec.jbb.JBBmain DoARun -> 信息:   started user thread for Warehouse 3
1月 02, 2026 5:14:47 上午 spec.jbb.JBBmain DoARun -> 信息:   started user thread for Warehouse 4
1月 02, 2026 5:14:47 上午 spec.jbb.JBBmain DoARun -> 信息:   started user thread for Warehouse 5
1月 02, 2026 5:14:47 上午 spec.jbb.JBBmain DoARun -> 信息:   started user thread for Warehouse 6
1月 02, 2026 5:14:47 上午 spec.jbb.JBBmain DoARun -> 信息:   started user thread for Warehouse 7
1月 02, 2026 5:14:47 上午 spec.jbb.JBBmain DoARun -> 信息:   started user thread for Warehouse 8
1月 02, 2026 5:14:47 上午 spec.jbb.JBBmain DoARun -> 信息:   started user thread for Warehouse 9
1月 02, 2026 5:14:47 上午 spec.jbb.JBBmain DoARun -> 信息:   started user thread for Warehouse 10
1月 02, 2026 5:14:47 上午 spec.jbb.JBBmain DoARun -> 信息:   started user thread for Warehouse 11
1月 02, 2026 5:14:47 上午 spec.jbb.JBBmain DoARun -> 信息:   started user thread for Warehouse 12
1月 02, 2026 5:14:47 上午 spec.jbb.JBBmain DoARun -> 信息:   started user thread for Warehouse 13
1月 02, 2026 5:14:47 上午 spec.jbb.JBBmain DoARun -> 信息:   started user thread for Warehouse 14
1月 02, 2026 5:14:47 上午 spec.jbb.JBBmain DoARun -> 信息:   started user thread for Warehouse 15
1月 02, 2026 5:14:47 上午 spec.jbb.JBBmain DoARun -> 信息:   started user thread for Warehouse 16
1月 02, 2026 5:14:47 上午 spec.jbb.JBBmain DoARun -> 信息:   started user thread for Warehouse 17
1月 02, 2026 5:14:47 上午 spec.jbb.JBBmain DoARun -> 信息:   started user thread for Warehouse 18
1月 02, 2026 5:14:47 上午 spec.jbb.JBBmain DoARun -> 信息:   started user thread for Warehouse 19
1月 02, 2026 5:14:47 上午 spec.jbb.JBBmain DoARun -> 信息:   started user thread for Warehouse 20
1月 02, 2026 5:14:47 上午 spec.jbb.JBBmain DoARun -> 信息:   started user thread for Warehouse 21
1月 02, 2026 5:14:47 上午 spec.jbb.JBBmain DoARun -> 信息:   started user thread for Warehouse 22
1月 02, 2026 5:14:47 上午 spec.jbb.JBBmain DoARun -> 信息:   started user thread for Warehouse 23
1月 02, 2026 5:14:47 上午 spec.jbb.JBBmain DoARun -> 信息:   started user thread for Warehouse 24
1月 02, 2026 5:14:47 上午 spec.jbb.JBBmain DoARun -> 信息:   started user thread for Warehouse 25
1月 02, 2026 5:14:47 上午 spec.jbb.JBBmain DoARun -> 信息:   started user thread for Warehouse 26
1月 02, 2026 5:14:47 上午 spec.jbb.JBBmain DoARun -> 信息:   started user thread for Warehouse 27
1月 02, 2026 5:14:47 上午 spec.jbb.JBBmain DoARun -> 信息:   started user thread for Warehouse 28
1月 02, 2026 5:14:47 上午 spec.jbb.JBBmain DoARun -> 信息:   started user thread for Warehouse 29
1月 02, 2026 5:14:47 上午 spec.jbb.JBBmain DoARun -> 信息:   started user thread for Warehouse 30
1月 02, 2026 5:14:47 上午 spec.jbb.JBBmain DoARun -> 信息:   started user thread for Warehouse 31
1月 02, 2026 5:14:47 上午 spec.jbb.JBBmain DoARun -> 信息:   started user thread for Warehouse 32
1月 02, 2026 5:14:47 上午 spec.jbb.JBBmain DoARun -> 信息:   started user thread for Warehouse 33
1月 02, 2026 5:14:47 上午 spec.jbb.JBBmain DoARun -> 信息:   started user thread for Warehouse 34
1月 02, 2026 5:14:47 上午 spec.jbb.JBBmain DoARun -> 信息:   started user thread for Warehouse 35
1月 02, 2026 5:14:47 上午 spec.jbb.JBBmain DoARun -> 信息:   started user thread for Warehouse 36
1月 02, 2026 5:14:47 上午 spec.jbb.JBBmain DoARun -> 信息:   started user thread for Warehouse 37
1月 02, 2026 5:14:47 上午 spec.jbb.JBBmain DoARun -> 信息:   started user thread for Warehouse 38
1月 02, 2026 5:14:47 上午 spec.jbb.JBBmain DoARun -> 信息:   started user thread for Warehouse 39
1月 02, 2026 5:14:47 上午 spec.jbb.JBBmain DoARun -> 信息:   started user thread for Warehouse 40
1月 02, 2026 5:14:47 上午 spec.jbb.JBBmain DoARun -> 信息:   started user thread for Warehouse 41
1月 02, 2026 5:14:47 上午 spec.jbb.JBBmain DoARun -> 信息:   started user thread for Warehouse 42
1月 02, 2026 5:14:47 上午 spec.jbb.JBBmain DoARun -> 信息:   started user thread for Warehouse 43
1月 02, 2026 5:14:47 上午 spec.jbb.JBBmain DoARun -> 信息:   started user thread for Warehouse 44
1月 02, 2026 5:14:47 上午 spec.jbb.JBBmain DoARun -> 信息:   started user thread for Warehouse 45
1月 02, 2026 5:14:47 上午 spec.jbb.JBBmain DoARun -> 信息:   started user thread for Warehouse 46
1月 02, 2026 5:14:47 上午 spec.jbb.JBBmain DoARun -> 信息:   started user thread for Warehouse 47
1月 02, 2026 5:14:47 上午 spec.jbb.JBBmain DoARun -> 信息:   started user thread for Warehouse 48
1月 02, 2026 5:14:47 上午 spec.jbb.JBBmain DoARun -> 信息:   started user thread for Warehouse 49
1月 02, 2026 5:14:47 上午 spec.jbb.JBBmain DoARun -> 信息:   started user thread for Warehouse 50
1月 02, 2026 5:14:47 上午 spec.jbb.JBBmain DoARun -> 信息:   started user thread for Warehouse 51
1月 02, 2026 5:14:47 上午 spec.jbb.JBBmain DoARun -> 信息:   started user thread for Warehouse 52
1月 02, 2026 5:14:47 上午 spec.jbb.JBBmain DoARun -> 信息:   started user thread for Warehouse 53
1月 02, 2026 5:14:47 上午 spec.jbb.JBBmain DoARun -> 信息:   started user thread for Warehouse 54
1月 02, 2026 5:14:47 上午 spec.jbb.JBBmain DoARun -> 信息:   started user thread for Warehouse 55
1月 02, 2026 5:14:47 上午 spec.jbb.JBBmain DoARun -> 信息:   started user thread for Warehouse 56
1月 02, 2026 5:14:47 上午 spec.jbb.JBBmain DoARun -> 信息:   started user thread for Warehouse 57
1月 02, 2026 5:14:47 上午 spec.jbb.JBBmain DoARun -> 信息:   started user thread for Warehouse 58
1月 02, 2026 5:14:47 上午 spec.jbb.JBBmain DoARun -> 信息:   started user thread for Warehouse 59
1月 02, 2026 5:14:47 上午 spec.jbb.JBBmain DoARun -> 信息:   started user thread for Warehouse 60
1月 02, 2026 5:14:47 上午 spec.jbb.JBBmain DoARun -> 信息:   started user thread for Warehouse 61
1月 02, 2026 5:14:47 上午 spec.jbb.JBBmain DoARun -> 信息:   started user thread for Warehouse 62
1月 02, 2026 5:14:47 上午 spec.jbb.JBBmain DoARun -> 信息:   started user thread for Warehouse 63
1月 02, 2026 5:14:47 上午 spec.jbb.JBBmain DoARun -> 信息:   started user thread for Warehouse 64
1月 02, 2026 5:14:47 上午 spec.jbb.JBBmain DoARun -> 信息:   started user thread for Warehouse 65
1月 02, 2026 5:14:47 上午 spec.jbb.JBBmain DoARun -> 信息:   started user thread for Warehouse 66
1月 02, 2026 5:14:47 上午 spec.jbb.JBBmain DoARun -> 信息:   started user thread for Warehouse 67
1月 02, 2026 5:14:47 上午 spec.jbb.JBBmain DoARun -> 信息:   started user thread for Warehouse 68
1月 02, 2026 5:14:47 上午 spec.jbb.JBBmain DoARun -> 信息:   started user thread for Warehouse 69
1月 02, 2026 5:14:47 上午 spec.jbb.JBBmain DoARun -> 信息:   started user thread for Warehouse 70
1月 02, 2026 5:14:47 上午 spec.jbb.JBBmain DoARun -> 信息:   started user thread for Warehouse 71
1月 02, 2026 5:14:47 上午 spec.jbb.JBBmain DoARun -> 信息:   started user thread for Warehouse 72
1月 02, 2026 5:14:47 上午 spec.jbb.JBBmain DoARun -> 信息:   started user thread for Warehouse 73
1月 02, 2026 5:14:47 上午 spec.jbb.JBBmain DoARun -> 信息:   started user thread for Warehouse 74
1月 02, 2026 5:14:47 上午 spec.jbb.JBBmain DoARun -> 信息:   started user thread for Warehouse 75
1月 02, 2026 5:14:47 上午 spec.jbb.JBBmain DoARun -> 信息:   started user thread for Warehouse 76
1月 02, 2026 5:14:47 上午 spec.jbb.JBBmain DoARun -> 信息:   started user thread for Warehouse 77
1月 02, 2026 5:14:47 上午 spec.jbb.JBBmain DoARun -> 信息:   started user thread for Warehouse 78
1月 02, 2026 5:14:47 上午 spec.jbb.JBBmain DoARun -> 信息:   started user thread for Warehouse 79
1月 02, 2026 5:14:47 上午 spec.jbb.JBBmain DoARun -> 信息:   started user thread for Warehouse 80
1月 02, 2026 5:14:47 上午 spec.jbb.JBBmain DoARun -> 信息:   started user thread for Warehouse 81
1月 02, 2026 5:14:47 上午 spec.jbb.JBBmain DoARun -> 信息:   started user thread for Warehouse 82
1月 02, 2026 5:14:47 上午 spec.jbb.JBBmain DoARun -> 信息:   started user thread for Warehouse 83
1月 02, 2026 5:14:47 上午 spec.jbb.JBBmain DoARun -> 信息:   started user thread for Warehouse 84
1月 02, 2026 5:14:47 上午 spec.jbb.JBBmain DoARun -> 信息:   started user thread for Warehouse 85
1月 02, 2026 5:14:47 上午 spec.jbb.JBBmain DoARun -> 信息:   started user thread for Warehouse 86
1月 02, 2026 5:14:47 上午 spec.jbb.JBBmain DoARun -> 信息:   started user thread for Warehouse 87
1月 02, 2026 5:14:47 上午 spec.jbb.JBBmain DoARun -> 信息:   started user thread for Warehouse 88
1月 02, 2026 5:14:47 上午 spec.jbb.JBBmain DoARun -> 信息:   started user thread for Warehouse 89
1月 02, 2026 5:14:47 上午 spec.jbb.JBBmain DoARun -> 信息:   started user thread for Warehouse 90
1月 02, 2026 5:14:47 上午 spec.jbb.Company displayResultTotals -> 信息: Timing Measurement began Fri Jan 02 05:14:47 CST 2026 for 4 minutes
1月 02, 2026 5:18:47 上午 spec.jbb.Company displayResultTotals -> 信息: Timing Measurement ended Fri Jan 02 05:18:47 CST 2026
1月 02, 2026 5:18:47 上午 spec.jbb.Company primeWithDummyData -> 信息: Loading Warehouse 91...
1月 02, 2026 5:18:47 上午 spec.jbb.JBBmain DoARun -> 信息: Start User Threads
1月 02, 2026 5:18:47 上午 spec.jbb.JBBmain DoARun -> 信息:   started user thread for Warehouse 1
1月 02, 2026 5:18:47 上午 spec.jbb.JBBmain DoARun -> 信息:   started user thread for Warehouse 2
1月 02, 2026 5:18:47 上午 spec.jbb.JBBmain DoARun -> 信息:   started user thread for Warehouse 3
1月 02, 2026 5:18:47 上午 spec.jbb.JBBmain DoARun -> 信息:   started user thread for Warehouse 4
1月 02, 2026 5:18:47 上午 spec.jbb.JBBmain DoARun -> 信息:   started user thread for Warehouse 5
1月 02, 2026 5:18:47 上午 spec.jbb.JBBmain DoARun -> 信息:   started user thread for Warehouse 6
1月 02, 2026 5:18:47 上午 spec.jbb.JBBmain DoARun -> 信息:   started user thread for Warehouse 7
1月 02, 2026 5:18:47 上午 spec.jbb.JBBmain DoARun -> 信息:   started user thread for Warehouse 8
1月 02, 2026 5:18:47 上午 spec.jbb.JBBmain DoARun -> 信息:   started user thread for Warehouse 9
1月 02, 2026 5:18:47 上午 spec.jbb.JBBmain DoARun -> 信息:   started user thread for Warehouse 10
1月 02, 2026 5:18:47 上午 spec.jbb.JBBmain DoARun -> 信息:   started user thread for Warehouse 11
1月 02, 2026 5:18:47 上午 spec.jbb.JBBmain DoARun -> 信息:   started user thread for Warehouse 12
1月 02, 2026 5:18:47 上午 spec.jbb.JBBmain DoARun -> 信息:   started user thread for Warehouse 13
1月 02, 2026 5:18:47 上午 spec.jbb.JBBmain DoARun -> 信息:   started user thread for Warehouse 14
1月 02, 2026 5:18:47 上午 spec.jbb.JBBmain DoARun -> 信息:   started user thread for Warehouse 15
1月 02, 2026 5:18:47 上午 spec.jbb.JBBmain DoARun -> 信息:   started user thread for Warehouse 16
1月 02, 2026 5:18:47 上午 spec.jbb.JBBmain DoARun -> 信息:   started user thread for Warehouse 17
1月 02, 2026 5:18:47 上午 spec.jbb.JBBmain DoARun -> 信息:   started user thread for Warehouse 18
1月 02, 2026 5:18:47 上午 spec.jbb.JBBmain DoARun -> 信息:   started user thread for Warehouse 19
1月 02, 2026 5:18:47 上午 spec.jbb.JBBmain DoARun -> 信息:   started user thread for Warehouse 20
1月 02, 2026 5:18:47 上午 spec.jbb.JBBmain DoARun -> 信息:   started user thread for Warehouse 21
1月 02, 2026 5:18:47 上午 spec.jbb.JBBmain DoARun -> 信息:   started user thread for Warehouse 22
1月 02, 2026 5:18:47 上午 spec.jbb.JBBmain DoARun -> 信息:   started user thread for Warehouse 23
1月 02, 2026 5:18:47 上午 spec.jbb.JBBmain DoARun -> 信息:   started user thread for Warehouse 24
1月 02, 2026 5:18:47 上午 spec.jbb.JBBmain DoARun -> 信息:   started user thread for Warehouse 25
1月 02, 2026 5:18:47 上午 spec.jbb.JBBmain DoARun -> 信息:   started user thread for Warehouse 26
1月 02, 2026 5:18:47 上午 spec.jbb.JBBmain DoARun -> 信息:   started user thread for Warehouse 27
1月 02, 2026 5:18:47 上午 spec.jbb.JBBmain DoARun -> 信息:   started user thread for Warehouse 28
1月 02, 2026 5:18:47 上午 spec.jbb.JBBmain DoARun -> 信息:   started user thread for Warehouse 29
1月 02, 2026 5:18:47 上午 spec.jbb.JBBmain DoARun -> 信息:   started user thread for Warehouse 30
1月 02, 2026 5:18:47 上午 spec.jbb.JBBmain DoARun -> 信息:   started user thread for Warehouse 31
1月 02, 2026 5:18:47 上午 spec.jbb.JBBmain DoARun -> 信息:   started user thread for Warehouse 32
1月 02, 2026 5:18:47 上午 spec.jbb.JBBmain DoARun -> 信息:   started user thread for Warehouse 33
1月 02, 2026 5:18:47 上午 spec.jbb.JBBmain DoARun -> 信息:   started user thread for Warehouse 34
1月 02, 2026 5:18:47 上午 spec.jbb.JBBmain DoARun -> 信息:   started user thread for Warehouse 35
1月 02, 2026 5:18:47 上午 spec.jbb.JBBmain DoARun -> 信息:   started user thread for Warehouse 36
1月 02, 2026 5:18:47 上午 spec.jbb.JBBmain DoARun -> 信息:   started user thread for Warehouse 37
1月 02, 2026 5:18:47 上午 spec.jbb.JBBmain DoARun -> 信息:   started user thread for Warehouse 38
1月 02, 2026 5:18:47 上午 spec.jbb.JBBmain DoARun -> 信息:   started user thread for Warehouse 39
1月 02, 2026 5:18:47 上午 spec.jbb.JBBmain DoARun -> 信息:   started user thread for Warehouse 40
1月 02, 2026 5:18:47 上午 spec.jbb.JBBmain DoARun -> 信息:   started user thread for Warehouse 41
1月 02, 2026 5:18:47 上午 spec.jbb.JBBmain DoARun -> 信息:   started user thread for Warehouse 42
1月 02, 2026 5:18:47 上午 spec.jbb.JBBmain DoARun -> 信息:   started user thread for Warehouse 43
1月 02, 2026 5:18:47 上午 spec.jbb.JBBmain DoARun -> 信息:   started user thread for Warehouse 44
1月 02, 2026 5:18:47 上午 spec.jbb.JBBmain DoARun -> 信息:   started user thread for Warehouse 45
1月 02, 2026 5:18:47 上午 spec.jbb.JBBmain DoARun -> 信息:   started user thread for Warehouse 46
1月 02, 2026 5:18:47 上午 spec.jbb.JBBmain DoARun -> 信息:   started user thread for Warehouse 47
1月 02, 2026 5:18:47 上午 spec.jbb.JBBmain DoARun -> 信息:   started user thread for Warehouse 48
1月 02, 2026 5:18:47 上午 spec.jbb.JBBmain DoARun -> 信息:   started user thread for Warehouse 49
1月 02, 2026 5:18:47 上午 spec.jbb.JBBmain DoARun -> 信息:   started user thread for Warehouse 50
1月 02, 2026 5:18:47 上午 spec.jbb.JBBmain DoARun -> 信息:   started user thread for Warehouse 51
1月 02, 2026 5:18:47 上午 spec.jbb.JBBmain DoARun -> 信息:   started user thread for Warehouse 52
1月 02, 2026 5:18:47 上午 spec.jbb.JBBmain DoARun -> 信息:   started user thread for Warehouse 53
1月 02, 2026 5:18:47 上午 spec.jbb.JBBmain DoARun -> 信息:   started user thread for Warehouse 54
1月 02, 2026 5:18:47 上午 spec.jbb.JBBmain DoARun -> 信息:   started user thread for Warehouse 55
1月 02, 2026 5:18:47 上午 spec.jbb.JBBmain DoARun -> 信息:   started user thread for Warehouse 56
1月 02, 2026 5:18:47 上午 spec.jbb.JBBmain DoARun -> 信息:   started user thread for Warehouse 57
1月 02, 2026 5:18:47 上午 spec.jbb.JBBmain DoARun -> 信息:   started user thread for Warehouse 58
1月 02, 2026 5:18:47 上午 spec.jbb.JBBmain DoARun -> 信息:   started user thread for Warehouse 59
1月 02, 2026 5:18:47 上午 spec.jbb.JBBmain DoARun -> 信息:   started user thread for Warehouse 60
1月 02, 2026 5:18:47 上午 spec.jbb.JBBmain DoARun -> 信息:   started user thread for Warehouse 61
1月 02, 2026 5:18:47 上午 spec.jbb.JBBmain DoARun -> 信息:   started user thread for Warehouse 62
1月 02, 2026 5:18:47 上午 spec.jbb.JBBmain DoARun -> 信息:   started user thread for Warehouse 63
1月 02, 2026 5:18:47 上午 spec.jbb.JBBmain DoARun -> 信息:   started user thread for Warehouse 64
1月 02, 2026 5:18:47 上午 spec.jbb.JBBmain DoARun -> 信息:   started user thread for Warehouse 65
1月 02, 2026 5:18:47 上午 spec.jbb.JBBmain DoARun -> 信息:   started user thread for Warehouse 66
1月 02, 2026 5:18:47 上午 spec.jbb.JBBmain DoARun -> 信息:   started user thread for Warehouse 67
1月 02, 2026 5:18:47 上午 spec.jbb.JBBmain DoARun -> 信息:   started user thread for Warehouse 68
1月 02, 2026 5:18:47 上午 spec.jbb.JBBmain DoARun -> 信息:   started user thread for Warehouse 69
1月 02, 2026 5:18:47 上午 spec.jbb.JBBmain DoARun -> 信息:   started user thread for Warehouse 70
1月 02, 2026 5:18:47 上午 spec.jbb.JBBmain DoARun -> 信息:   started user thread for Warehouse 71
1月 02, 2026 5:18:47 上午 spec.jbb.JBBmain DoARun -> 信息:   started user thread for Warehouse 72
1月 02, 2026 5:18:47 上午 spec.jbb.JBBmain DoARun -> 信息:   started user thread for Warehouse 73
1月 02, 2026 5:18:47 上午 spec.jbb.JBBmain DoARun -> 信息:   started user thread for Warehouse 74
1月 02, 2026 5:18:47 上午 spec.jbb.JBBmain DoARun -> 信息:   started user thread for Warehouse 75
1月 02, 2026 5:18:47 上午 spec.jbb.JBBmain DoARun -> 信息:   started user thread for Warehouse 76
1月 02, 2026 5:18:47 上午 spec.jbb.JBBmain DoARun -> 信息:   started user thread for Warehouse 77
1月 02, 2026 5:18:47 上午 spec.jbb.JBBmain DoARun -> 信息:   started user thread for Warehouse 78
1月 02, 2026 5:18:47 上午 spec.jbb.JBBmain DoARun -> 信息:   started user thread for Warehouse 79
1月 02, 2026 5:18:47 上午 spec.jbb.JBBmain DoARun -> 信息:   started user thread for Warehouse 80
1月 02, 2026 5:18:47 上午 spec.jbb.JBBmain DoARun -> 信息:   started user thread for Warehouse 81
1月 02, 2026 5:18:47 上午 spec.jbb.JBBmain DoARun -> 信息:   started user thread for Warehouse 82
1月 02, 2026 5:18:47 上午 spec.jbb.JBBmain DoARun -> 信息:   started user thread for Warehouse 83
1月 02, 2026 5:18:47 上午 spec.jbb.JBBmain DoARun -> 信息:   started user thread for Warehouse 84
1月 02, 2026 5:18:47 上午 spec.jbb.JBBmain DoARun -> 信息:   started user thread for Warehouse 85
1月 02, 2026 5:18:47 上午 spec.jbb.JBBmain DoARun -> 信息:   started user thread for Warehouse 86
1月 02, 2026 5:18:47 上午 spec.jbb.JBBmain DoARun -> 信息:   started user thread for Warehouse 87
1月 02, 2026 5:18:47 上午 spec.jbb.JBBmain DoARun -> 信息:   started user thread for Warehouse 88
1月 02, 2026 5:18:47 上午 spec.jbb.JBBmain DoARun -> 信息:   started user thread for Warehouse 89
1月 02, 2026 5:18:47 上午 spec.jbb.JBBmain DoARun -> 信息:   started user thread for Warehouse 90
1月 02, 2026 5:18:47 上午 spec.jbb.JBBmain DoARun -> 信息:   started user thread for Warehouse 91
1月 02, 2026 5:18:47 上午 spec.jbb.Company displayResultTotals -> 信息: Timing Measurement began Fri Jan 02 05:18:47 CST 2026 for 4 minutes
1月 02, 2026 5:22:47 上午 spec.jbb.Company displayResultTotals -> 信息: Timing Measurement ended Fri Jan 02 05:22:47 CST 2026
1月 02, 2026 5:22:47 上午 spec.jbb.Company primeWithDummyData -> 信息: Loading Warehouse 92...
1月 02, 2026 5:22:47 上午 spec.jbb.JBBmain DoARun -> 信息: Start User Threads
1月 02, 2026 5:22:47 上午 spec.jbb.JBBmain DoARun -> 信息:   started user thread for Warehouse 1
1月 02, 2026 5:22:47 上午 spec.jbb.JBBmain DoARun -> 信息:   started user thread for Warehouse 2
1月 02, 2026 5:22:47 上午 spec.jbb.JBBmain DoARun -> 信息:   started user thread for Warehouse 3
1月 02, 2026 5:22:47 上午 spec.jbb.JBBmain DoARun -> 信息:   started user thread for Warehouse 4
1月 02, 2026 5:22:47 上午 spec.jbb.JBBmain DoARun -> 信息:   started user thread for Warehouse 5
1月 02, 2026 5:22:47 上午 spec.jbb.JBBmain DoARun -> 信息:   started user thread for Warehouse 6
1月 02, 2026 5:22:47 上午 spec.jbb.JBBmain DoARun -> 信息:   started user thread for Warehouse 7
1月 02, 2026 5:22:47 上午 spec.jbb.JBBmain DoARun -> 信息:   started user thread for Warehouse 8
1月 02, 2026 5:22:47 上午 spec.jbb.JBBmain DoARun -> 信息:   started user thread for Warehouse 9
1月 02, 2026 5:22:47 上午 spec.jbb.JBBmain DoARun -> 信息:   started user thread for Warehouse 10
1月 02, 2026 5:22:47 上午 spec.jbb.JBBmain DoARun -> 信息:   started user thread for Warehouse 11
1月 02, 2026 5:22:47 上午 spec.jbb.JBBmain DoARun -> 信息:   started user thread for Warehouse 12
1月 02, 2026 5:22:47 上午 spec.jbb.JBBmain DoARun -> 信息:   started user thread for Warehouse 13
1月 02, 2026 5:22:47 上午 spec.jbb.JBBmain DoARun -> 信息:   started user thread for Warehouse 14
1月 02, 2026 5:22:47 上午 spec.jbb.JBBmain DoARun -> 信息:   started user thread for Warehouse 15
1月 02, 2026 5:22:47 上午 spec.jbb.JBBmain DoARun -> 信息:   started user thread for Warehouse 16
1月 02, 2026 5:22:47 上午 spec.jbb.JBBmain DoARun -> 信息:   started user thread for Warehouse 17
1月 02, 2026 5:22:47 上午 spec.jbb.JBBmain DoARun -> 信息:   started user thread for Warehouse 18
1月 02, 2026 5:22:47 上午 spec.jbb.JBBmain DoARun -> 信息:   started user thread for Warehouse 19
1月 02, 2026 5:22:47 上午 spec.jbb.JBBmain DoARun -> 信息:   started user thread for Warehouse 20
1月 02, 2026 5:22:47 上午 spec.jbb.JBBmain DoARun -> 信息:   started user thread for Warehouse 21
1月 02, 2026 5:22:47 上午 spec.jbb.JBBmain DoARun -> 信息:   started user thread for Warehouse 22
1月 02, 2026 5:22:47 上午 spec.jbb.JBBmain DoARun -> 信息:   started user thread for Warehouse 23
1月 02, 2026 5:22:47 上午 spec.jbb.JBBmain DoARun -> 信息:   started user thread for Warehouse 24
1月 02, 2026 5:22:47 上午 spec.jbb.JBBmain DoARun -> 信息:   started user thread for Warehouse 25
1月 02, 2026 5:22:47 上午 spec.jbb.JBBmain DoARun -> 信息:   started user thread for Warehouse 26
1月 02, 2026 5:22:47 上午 spec.jbb.JBBmain DoARun -> 信息:   started user thread for Warehouse 27
1月 02, 2026 5:22:47 上午 spec.jbb.JBBmain DoARun -> 信息:   started user thread for Warehouse 28
1月 02, 2026 5:22:47 上午 spec.jbb.JBBmain DoARun -> 信息:   started user thread for Warehouse 29
1月 02, 2026 5:22:47 上午 spec.jbb.JBBmain DoARun -> 信息:   started user thread for Warehouse 30
1月 02, 2026 5:22:47 上午 spec.jbb.JBBmain DoARun -> 信息:   started user thread for Warehouse 31
1月 02, 2026 5:22:47 上午 spec.jbb.JBBmain DoARun -> 信息:   started user thread for Warehouse 32
1月 02, 2026 5:22:47 上午 spec.jbb.JBBmain DoARun -> 信息:   started user thread for Warehouse 33
1月 02, 2026 5:22:47 上午 spec.jbb.JBBmain DoARun -> 信息:   started user thread for Warehouse 34
1月 02, 2026 5:22:47 上午 spec.jbb.JBBmain DoARun -> 信息:   started user thread for Warehouse 35
1月 02, 2026 5:22:47 上午 spec.jbb.JBBmain DoARun -> 信息:   started user thread for Warehouse 36
1月 02, 2026 5:22:47 上午 spec.jbb.JBBmain DoARun -> 信息:   started user thread for Warehouse 37
1月 02, 2026 5:22:47 上午 spec.jbb.JBBmain DoARun -> 信息:   started user thread for Warehouse 38
1月 02, 2026 5:22:47 上午 spec.jbb.JBBmain DoARun -> 信息:   started user thread for Warehouse 39
1月 02, 2026 5:22:47 上午 spec.jbb.JBBmain DoARun -> 信息:   started user thread for Warehouse 40
1月 02, 2026 5:22:47 上午 spec.jbb.JBBmain DoARun -> 信息:   started user thread for Warehouse 41
1月 02, 2026 5:22:47 上午 spec.jbb.JBBmain DoARun -> 信息:   started user thread for Warehouse 42
1月 02, 2026 5:22:47 上午 spec.jbb.JBBmain DoARun -> 信息:   started user thread for Warehouse 43
1月 02, 2026 5:22:47 上午 spec.jbb.JBBmain DoARun -> 信息:   started user thread for Warehouse 44
1月 02, 2026 5:22:47 上午 spec.jbb.JBBmain DoARun -> 信息:   started user thread for Warehouse 45
1月 02, 2026 5:22:47 上午 spec.jbb.JBBmain DoARun -> 信息:   started user thread for Warehouse 46
1月 02, 2026 5:22:47 上午 spec.jbb.JBBmain DoARun -> 信息:   started user thread for Warehouse 47
1月 02, 2026 5:22:47 上午 spec.jbb.JBBmain DoARun -> 信息:   started user thread for Warehouse 48
1月 02, 2026 5:22:47 上午 spec.jbb.JBBmain DoARun -> 信息:   started user thread for Warehouse 49
1月 02, 2026 5:22:47 上午 spec.jbb.JBBmain DoARun -> 信息:   started user thread for Warehouse 50
1月 02, 2026 5:22:47 上午 spec.jbb.JBBmain DoARun -> 信息:   started user thread for Warehouse 51
1月 02, 2026 5:22:47 上午 spec.jbb.JBBmain DoARun -> 信息:   started user thread for Warehouse 52
1月 02, 2026 5:22:47 上午 spec.jbb.JBBmain DoARun -> 信息:   started user thread for Warehouse 53
1月 02, 2026 5:22:47 上午 spec.jbb.JBBmain DoARun -> 信息:   started user thread for Warehouse 54
1月 02, 2026 5:22:47 上午 spec.jbb.JBBmain DoARun -> 信息:   started user thread for Warehouse 55
1月 02, 2026 5:22:47 上午 spec.jbb.JBBmain DoARun -> 信息:   started user thread for Warehouse 56
1月 02, 2026 5:22:47 上午 spec.jbb.JBBmain DoARun -> 信息:   started user thread for Warehouse 57
1月 02, 2026 5:22:47 上午 spec.jbb.JBBmain DoARun -> 信息:   started user thread for Warehouse 58
1月 02, 2026 5:22:47 上午 spec.jbb.JBBmain DoARun -> 信息:   started user thread for Warehouse 59
1月 02, 2026 5:22:47 上午 spec.jbb.JBBmain DoARun -> 信息:   started user thread for Warehouse 60
1月 02, 2026 5:22:47 上午 spec.jbb.JBBmain DoARun -> 信息:   started user thread for Warehouse 61
1月 02, 2026 5:22:47 上午 spec.jbb.JBBmain DoARun -> 信息:   started user thread for Warehouse 62
1月 02, 2026 5:22:47 上午 spec.jbb.JBBmain DoARun -> 信息:   started user thread for Warehouse 63
1月 02, 2026 5:22:47 上午 spec.jbb.JBBmain DoARun -> 信息:   started user thread for Warehouse 64
1月 02, 2026 5:22:47 上午 spec.jbb.JBBmain DoARun -> 信息:   started user thread for Warehouse 65
1月 02, 2026 5:22:47 上午 spec.jbb.JBBmain DoARun -> 信息:   started user thread for Warehouse 66
1月 02, 2026 5:22:47 上午 spec.jbb.JBBmain DoARun -> 信息:   started user thread for Warehouse 67
1月 02, 2026 5:22:47 上午 spec.jbb.JBBmain DoARun -> 信息:   started user thread for Warehouse 68
1月 02, 2026 5:22:47 上午 spec.jbb.JBBmain DoARun -> 信息:   started user thread for Warehouse 69
1月 02, 2026 5:22:47 上午 spec.jbb.JBBmain DoARun -> 信息:   started user thread for Warehouse 70
1月 02, 2026 5:22:47 上午 spec.jbb.JBBmain DoARun -> 信息:   started user thread for Warehouse 71
1月 02, 2026 5:22:48 上午 spec.jbb.JBBmain DoARun -> 信息:   started user thread for Warehouse 72
1月 02, 2026 5:22:48 上午 spec.jbb.JBBmain DoARun -> 信息:   started user thread for Warehouse 73
1月 02, 2026 5:22:48 上午 spec.jbb.JBBmain DoARun -> 信息:   started user thread for Warehouse 74
1月 02, 2026 5:22:48 上午 spec.jbb.JBBmain DoARun -> 信息:   started user thread for Warehouse 75
1月 02, 2026 5:22:48 上午 spec.jbb.JBBmain DoARun -> 信息:   started user thread for Warehouse 76
1月 02, 2026 5:22:48 上午 spec.jbb.JBBmain DoARun -> 信息:   started user thread for Warehouse 77
1月 02, 2026 5:22:48 上午 spec.jbb.JBBmain DoARun -> 信息:   started user thread for Warehouse 78
1月 02, 2026 5:22:48 上午 spec.jbb.JBBmain DoARun -> 信息:   started user thread for Warehouse 79
1月 02, 2026 5:22:48 上午 spec.jbb.JBBmain DoARun -> 信息:   started user thread for Warehouse 80
1月 02, 2026 5:22:48 上午 spec.jbb.JBBmain DoARun -> 信息:   started user thread for Warehouse 81
1月 02, 2026 5:22:48 上午 spec.jbb.JBBmain DoARun -> 信息:   started user thread for Warehouse 82
1月 02, 2026 5:22:48 上午 spec.jbb.JBBmain DoARun -> 信息:   started user thread for Warehouse 83
1月 02, 2026 5:22:48 上午 spec.jbb.JBBmain DoARun -> 信息:   started user thread for Warehouse 84
1月 02, 2026 5:22:48 上午 spec.jbb.JBBmain DoARun -> 信息:   started user thread for Warehouse 85
1月 02, 2026 5:22:48 上午 spec.jbb.JBBmain DoARun -> 信息:   started user thread for Warehouse 86
1月 02, 2026 5:22:48 上午 spec.jbb.JBBmain DoARun -> 信息:   started user thread for Warehouse 87
1月 02, 2026 5:22:48 上午 spec.jbb.JBBmain DoARun -> 信息:   started user thread for Warehouse 88
1月 02, 2026 5:22:48 上午 spec.jbb.JBBmain DoARun -> 信息:   started user thread for Warehouse 89
1月 02, 2026 5:22:48 上午 spec.jbb.JBBmain DoARun -> 信息:   started user thread for Warehouse 90
1月 02, 2026 5:22:48 上午 spec.jbb.JBBmain DoARun -> 信息:   started user thread for Warehouse 91
1月 02, 2026 5:22:48 上午 spec.jbb.JBBmain DoARun -> 信息:   started user thread for Warehouse 92
1月 02, 2026 5:22:48 上午 spec.jbb.Company displayResultTotals -> 信息: Timing Measurement began Fri Jan 02 05:22:48 CST 2026 for 4 minutes
1月 02, 2026 5:26:48 上午 spec.jbb.Company displayResultTotals -> 信息: Timing Measurement ended Fri Jan 02 05:26:48 CST 2026
1月 02, 2026 5:26:48 上午 spec.jbb.Company primeWithDummyData -> 信息: Loading Warehouse 93...
1月 02, 2026 5:26:48 上午 spec.jbb.JBBmain DoARun -> 信息: Start User Threads
1月 02, 2026 5:26:48 上午 spec.jbb.JBBmain DoARun -> 信息:   started user thread for Warehouse 1
1月 02, 2026 5:26:48 上午 spec.jbb.JBBmain DoARun -> 信息:   started user thread for Warehouse 2
1月 02, 2026 5:26:48 上午 spec.jbb.JBBmain DoARun -> 信息:   started user thread for Warehouse 3
1月 02, 2026 5:26:48 上午 spec.jbb.JBBmain DoARun -> 信息:   started user thread for Warehouse 4
1月 02, 2026 5:26:48 上午 spec.jbb.JBBmain DoARun -> 信息:   started user thread for Warehouse 5
1月 02, 2026 5:26:48 上午 spec.jbb.JBBmain DoARun -> 信息:   started user thread for Warehouse 6
1月 02, 2026 5:26:48 上午 spec.jbb.JBBmain DoARun -> 信息:   started user thread for Warehouse 7
1月 02, 2026 5:26:48 上午 spec.jbb.JBBmain DoARun -> 信息:   started user thread for Warehouse 8
1月 02, 2026 5:26:48 上午 spec.jbb.JBBmain DoARun -> 信息:   started user thread for Warehouse 9
1月 02, 2026 5:26:48 上午 spec.jbb.JBBmain DoARun -> 信息:   started user thread for Warehouse 10
1月 02, 2026 5:26:48 上午 spec.jbb.JBBmain DoARun -> 信息:   started user thread for Warehouse 11
1月 02, 2026 5:26:48 上午 spec.jbb.JBBmain DoARun -> 信息:   started user thread for Warehouse 12
1月 02, 2026 5:26:48 上午 spec.jbb.JBBmain DoARun -> 信息:   started user thread for Warehouse 13
1月 02, 2026 5:26:48 上午 spec.jbb.JBBmain DoARun -> 信息:   started user thread for Warehouse 14
1月 02, 2026 5:26:48 上午 spec.jbb.JBBmain DoARun -> 信息:   started user thread for Warehouse 15
1月 02, 2026 5:26:48 上午 spec.jbb.JBBmain DoARun -> 信息:   started user thread for Warehouse 16
1月 02, 2026 5:26:48 上午 spec.jbb.JBBmain DoARun -> 信息:   started user thread for Warehouse 17
1月 02, 2026 5:26:48 上午 spec.jbb.JBBmain DoARun -> 信息:   started user thread for Warehouse 18
1月 02, 2026 5:26:48 上午 spec.jbb.JBBmain DoARun -> 信息:   started user thread for Warehouse 19
1月 02, 2026 5:26:48 上午 spec.jbb.JBBmain DoARun -> 信息:   started user thread for Warehouse 20
1月 02, 2026 5:26:48 上午 spec.jbb.JBBmain DoARun -> 信息:   started user thread for Warehouse 21
1月 02, 2026 5:26:48 上午 spec.jbb.JBBmain DoARun -> 信息:   started user thread for Warehouse 22
1月 02, 2026 5:26:48 上午 spec.jbb.JBBmain DoARun -> 信息:   started user thread for Warehouse 23
1月 02, 2026 5:26:48 上午 spec.jbb.JBBmain DoARun -> 信息:   started user thread for Warehouse 24
1月 02, 2026 5:26:48 上午 spec.jbb.JBBmain DoARun -> 信息:   started user thread for Warehouse 25
1月 02, 2026 5:26:48 上午 spec.jbb.JBBmain DoARun -> 信息:   started user thread for Warehouse 26
1月 02, 2026 5:26:48 上午 spec.jbb.JBBmain DoARun -> 信息:   started user thread for Warehouse 27
1月 02, 2026 5:26:48 上午 spec.jbb.JBBmain DoARun -> 信息:   started user thread for Warehouse 28
1月 02, 2026 5:26:48 上午 spec.jbb.JBBmain DoARun -> 信息:   started user thread for Warehouse 29
1月 02, 2026 5:26:48 上午 spec.jbb.JBBmain DoARun -> 信息:   started user thread for Warehouse 30
1月 02, 2026 5:26:48 上午 spec.jbb.JBBmain DoARun -> 信息:   started user thread for Warehouse 31
1月 02, 2026 5:26:48 上午 spec.jbb.JBBmain DoARun -> 信息:   started user thread for Warehouse 32
1月 02, 2026 5:26:48 上午 spec.jbb.JBBmain DoARun -> 信息:   started user thread for Warehouse 33
1月 02, 2026 5:26:48 上午 spec.jbb.JBBmain DoARun -> 信息:   started user thread for Warehouse 34
1月 02, 2026 5:26:48 上午 spec.jbb.JBBmain DoARun -> 信息:   started user thread for Warehouse 35
1月 02, 2026 5:26:48 上午 spec.jbb.JBBmain DoARun -> 信息:   started user thread for Warehouse 36
1月 02, 2026 5:26:48 上午 spec.jbb.JBBmain DoARun -> 信息:   started user thread for Warehouse 37
1月 02, 2026 5:26:48 上午 spec.jbb.JBBmain DoARun -> 信息:   started user thread for Warehouse 38
1月 02, 2026 5:26:48 上午 spec.jbb.JBBmain DoARun -> 信息:   started user thread for Warehouse 39
1月 02, 2026 5:26:48 上午 spec.jbb.JBBmain DoARun -> 信息:   started user thread for Warehouse 40
1月 02, 2026 5:26:48 上午 spec.jbb.JBBmain DoARun -> 信息:   started user thread for Warehouse 41
1月 02, 2026 5:26:48 上午 spec.jbb.JBBmain DoARun -> 信息:   started user thread for Warehouse 42
1月 02, 2026 5:26:48 上午 spec.jbb.JBBmain DoARun -> 信息:   started user thread for Warehouse 43
1月 02, 2026 5:26:48 上午 spec.jbb.JBBmain DoARun -> 信息:   started user thread for Warehouse 44
1月 02, 2026 5:26:48 上午 spec.jbb.JBBmain DoARun -> 信息:   started user thread for Warehouse 45
1月 02, 2026 5:26:48 上午 spec.jbb.JBBmain DoARun -> 信息:   started user thread for Warehouse 46
1月 02, 2026 5:26:48 上午 spec.jbb.JBBmain DoARun -> 信息:   started user thread for Warehouse 47
1月 02, 2026 5:26:48 上午 spec.jbb.JBBmain DoARun -> 信息:   started user thread for Warehouse 48
1月 02, 2026 5:26:48 上午 spec.jbb.JBBmain DoARun -> 信息:   started user thread for Warehouse 49
1月 02, 2026 5:26:48 上午 spec.jbb.JBBmain DoARun -> 信息:   started user thread for Warehouse 50
1月 02, 2026 5:26:48 上午 spec.jbb.JBBmain DoARun -> 信息:   started user thread for Warehouse 51
1月 02, 2026 5:26:48 上午 spec.jbb.JBBmain DoARun -> 信息:   started user thread for Warehouse 52
1月 02, 2026 5:26:48 上午 spec.jbb.JBBmain DoARun -> 信息:   started user thread for Warehouse 53
1月 02, 2026 5:26:48 上午 spec.jbb.JBBmain DoARun -> 信息:   started user thread for Warehouse 54
1月 02, 2026 5:26:48 上午 spec.jbb.JBBmain DoARun -> 信息:   started user thread for Warehouse 55
1月 02, 2026 5:26:48 上午 spec.jbb.JBBmain DoARun -> 信息:   started user thread for Warehouse 56
1月 02, 2026 5:26:48 上午 spec.jbb.JBBmain DoARun -> 信息:   started user thread for Warehouse 57
1月 02, 2026 5:26:48 上午 spec.jbb.JBBmain DoARun -> 信息:   started user thread for Warehouse 58
1月 02, 2026 5:26:48 上午 spec.jbb.JBBmain DoARun -> 信息:   started user thread for Warehouse 59
1月 02, 2026 5:26:48 上午 spec.jbb.JBBmain DoARun -> 信息:   started user thread for Warehouse 60
1月 02, 2026 5:26:48 上午 spec.jbb.JBBmain DoARun -> 信息:   started user thread for Warehouse 61
1月 02, 2026 5:26:48 上午 spec.jbb.JBBmain DoARun -> 信息:   started user thread for Warehouse 62
1月 02, 2026 5:26:48 上午 spec.jbb.JBBmain DoARun -> 信息:   started user thread for Warehouse 63
1月 02, 2026 5:26:48 上午 spec.jbb.JBBmain DoARun -> 信息:   started user thread for Warehouse 64
1月 02, 2026 5:26:48 上午 spec.jbb.JBBmain DoARun -> 信息:   started user thread for Warehouse 65
1月 02, 2026 5:26:48 上午 spec.jbb.JBBmain DoARun -> 信息:   started user thread for Warehouse 66
1月 02, 2026 5:26:48 上午 spec.jbb.JBBmain DoARun -> 信息:   started user thread for Warehouse 67
1月 02, 2026 5:26:48 上午 spec.jbb.JBBmain DoARun -> 信息:   started user thread for Warehouse 68
1月 02, 2026 5:26:48 上午 spec.jbb.JBBmain DoARun -> 信息:   started user thread for Warehouse 69
1月 02, 2026 5:26:48 上午 spec.jbb.JBBmain DoARun -> 信息:   started user thread for Warehouse 70
1月 02, 2026 5:26:48 上午 spec.jbb.JBBmain DoARun -> 信息:   started user thread for Warehouse 71
1月 02, 2026 5:26:48 上午 spec.jbb.JBBmain DoARun -> 信息:   started user thread for Warehouse 72
1月 02, 2026 5:26:48 上午 spec.jbb.JBBmain DoARun -> 信息:   started user thread for Warehouse 73
1月 02, 2026 5:26:48 上午 spec.jbb.JBBmain DoARun -> 信息:   started user thread for Warehouse 74
1月 02, 2026 5:26:48 上午 spec.jbb.JBBmain DoARun -> 信息:   started user thread for Warehouse 75
1月 02, 2026 5:26:48 上午 spec.jbb.JBBmain DoARun -> 信息:   started user thread for Warehouse 76
1月 02, 2026 5:26:48 上午 spec.jbb.JBBmain DoARun -> 信息:   started user thread for Warehouse 77
1月 02, 2026 5:26:48 上午 spec.jbb.JBBmain DoARun -> 信息:   started user thread for Warehouse 78
1月 02, 2026 5:26:48 上午 spec.jbb.JBBmain DoARun -> 信息:   started user thread for Warehouse 79
1月 02, 2026 5:26:48 上午 spec.jbb.JBBmain DoARun -> 信息:   started user thread for Warehouse 80
1月 02, 2026 5:26:48 上午 spec.jbb.JBBmain DoARun -> 信息:   started user thread for Warehouse 81
1月 02, 2026 5:26:48 上午 spec.jbb.JBBmain DoARun -> 信息:   started user thread for Warehouse 82
1月 02, 2026 5:26:48 上午 spec.jbb.JBBmain DoARun -> 信息:   started user thread for Warehouse 83
1月 02, 2026 5:26:48 上午 spec.jbb.JBBmain DoARun -> 信息:   started user thread for Warehouse 84
1月 02, 2026 5:26:48 上午 spec.jbb.JBBmain DoARun -> 信息:   started user thread for Warehouse 85
1月 02, 2026 5:26:48 上午 spec.jbb.JBBmain DoARun -> 信息:   started user thread for Warehouse 86
1月 02, 2026 5:26:48 上午 spec.jbb.JBBmain DoARun -> 信息:   started user thread for Warehouse 87
1月 02, 2026 5:26:48 上午 spec.jbb.JBBmain DoARun -> 信息:   started user thread for Warehouse 88
1月 02, 2026 5:26:48 上午 spec.jbb.JBBmain DoARun -> 信息:   started user thread for Warehouse 89
1月 02, 2026 5:26:48 上午 spec.jbb.JBBmain DoARun -> 信息:   started user thread for Warehouse 90
1月 02, 2026 5:26:48 上午 spec.jbb.JBBmain DoARun -> 信息:   started user thread for Warehouse 91
1月 02, 2026 5:26:48 上午 spec.jbb.JBBmain DoARun -> 信息:   started user thread for Warehouse 92
1月 02, 2026 5:26:48 上午 spec.jbb.JBBmain DoARun -> 信息:   started user thread for Warehouse 93
1月 02, 2026 5:26:48 上午 spec.jbb.Company displayResultTotals -> 信息: Timing Measurement began Fri Jan 02 05:26:48 CST 2026 for 4 minutes
1月 02, 2026 5:30:48 上午 spec.jbb.Company displayResultTotals -> 信息: Timing Measurement ended Fri Jan 02 05:30:48 CST 2026
1月 02, 2026 5:30:48 上午 spec.jbb.Company primeWithDummyData -> 信息: Loading Warehouse 94...
1月 02, 2026 5:30:48 上午 spec.jbb.JBBmain DoARun -> 信息: Start User Threads
1月 02, 2026 5:30:48 上午 spec.jbb.JBBmain DoARun -> 信息:   started user thread for Warehouse 1
1月 02, 2026 5:30:48 上午 spec.jbb.JBBmain DoARun -> 信息:   started user thread for Warehouse 2
1月 02, 2026 5:30:48 上午 spec.jbb.JBBmain DoARun -> 信息:   started user thread for Warehouse 3
1月 02, 2026 5:30:48 上午 spec.jbb.JBBmain DoARun -> 信息:   started user thread for Warehouse 4
1月 02, 2026 5:30:48 上午 spec.jbb.JBBmain DoARun -> 信息:   started user thread for Warehouse 5
1月 02, 2026 5:30:48 上午 spec.jbb.JBBmain DoARun -> 信息:   started user thread for Warehouse 6
1月 02, 2026 5:30:48 上午 spec.jbb.JBBmain DoARun -> 信息:   started user thread for Warehouse 7
1月 02, 2026 5:30:48 上午 spec.jbb.JBBmain DoARun -> 信息:   started user thread for Warehouse 8
1月 02, 2026 5:30:48 上午 spec.jbb.JBBmain DoARun -> 信息:   started user thread for Warehouse 9
1月 02, 2026 5:30:48 上午 spec.jbb.JBBmain DoARun -> 信息:   started user thread for Warehouse 10
1月 02, 2026 5:30:48 上午 spec.jbb.JBBmain DoARun -> 信息:   started user thread for Warehouse 11
1月 02, 2026 5:30:48 上午 spec.jbb.JBBmain DoARun -> 信息:   started user thread for Warehouse 12
1月 02, 2026 5:30:48 上午 spec.jbb.JBBmain DoARun -> 信息:   started user thread for Warehouse 13
1月 02, 2026 5:30:48 上午 spec.jbb.JBBmain DoARun -> 信息:   started user thread for Warehouse 14
1月 02, 2026 5:30:48 上午 spec.jbb.JBBmain DoARun -> 信息:   started user thread for Warehouse 15
1月 02, 2026 5:30:48 上午 spec.jbb.JBBmain DoARun -> 信息:   started user thread for Warehouse 16
1月 02, 2026 5:30:48 上午 spec.jbb.JBBmain DoARun -> 信息:   started user thread for Warehouse 17
1月 02, 2026 5:30:48 上午 spec.jbb.JBBmain DoARun -> 信息:   started user thread for Warehouse 18
1月 02, 2026 5:30:48 上午 spec.jbb.JBBmain DoARun -> 信息:   started user thread for Warehouse 19
1月 02, 2026 5:30:48 上午 spec.jbb.JBBmain DoARun -> 信息:   started user thread for Warehouse 20
1月 02, 2026 5:30:48 上午 spec.jbb.JBBmain DoARun -> 信息:   started user thread for Warehouse 21
1月 02, 2026 5:30:48 上午 spec.jbb.JBBmain DoARun -> 信息:   started user thread for Warehouse 22
1月 02, 2026 5:30:48 上午 spec.jbb.JBBmain DoARun -> 信息:   started user thread for Warehouse 23
1月 02, 2026 5:30:48 上午 spec.jbb.JBBmain DoARun -> 信息:   started user thread for Warehouse 24
1月 02, 2026 5:30:48 上午 spec.jbb.JBBmain DoARun -> 信息:   started user thread for Warehouse 25
1月 02, 2026 5:30:48 上午 spec.jbb.JBBmain DoARun -> 信息:   started user thread for Warehouse 26
1月 02, 2026 5:30:48 上午 spec.jbb.JBBmain DoARun -> 信息:   started user thread for Warehouse 27
1月 02, 2026 5:30:48 上午 spec.jbb.JBBmain DoARun -> 信息:   started user thread for Warehouse 28
1月 02, 2026 5:30:48 上午 spec.jbb.JBBmain DoARun -> 信息:   started user thread for Warehouse 29
1月 02, 2026 5:30:48 上午 spec.jbb.JBBmain DoARun -> 信息:   started user thread for Warehouse 30
1月 02, 2026 5:30:48 上午 spec.jbb.JBBmain DoARun -> 信息:   started user thread for Warehouse 31
1月 02, 2026 5:30:48 上午 spec.jbb.JBBmain DoARun -> 信息:   started user thread for Warehouse 32
1月 02, 2026 5:30:48 上午 spec.jbb.JBBmain DoARun -> 信息:   started user thread for Warehouse 33
1月 02, 2026 5:30:48 上午 spec.jbb.JBBmain DoARun -> 信息:   started user thread for Warehouse 34
1月 02, 2026 5:30:48 上午 spec.jbb.JBBmain DoARun -> 信息:   started user thread for Warehouse 35
1月 02, 2026 5:30:48 上午 spec.jbb.JBBmain DoARun -> 信息:   started user thread for Warehouse 36
1月 02, 2026 5:30:48 上午 spec.jbb.JBBmain DoARun -> 信息:   started user thread for Warehouse 37
1月 02, 2026 5:30:48 上午 spec.jbb.JBBmain DoARun -> 信息:   started user thread for Warehouse 38
1月 02, 2026 5:30:48 上午 spec.jbb.JBBmain DoARun -> 信息:   started user thread for Warehouse 39
1月 02, 2026 5:30:48 上午 spec.jbb.JBBmain DoARun -> 信息:   started user thread for Warehouse 40
1月 02, 2026 5:30:48 上午 spec.jbb.JBBmain DoARun -> 信息:   started user thread for Warehouse 41
1月 02, 2026 5:30:48 上午 spec.jbb.JBBmain DoARun -> 信息:   started user thread for Warehouse 42
1月 02, 2026 5:30:48 上午 spec.jbb.JBBmain DoARun -> 信息:   started user thread for Warehouse 43
1月 02, 2026 5:30:48 上午 spec.jbb.JBBmain DoARun -> 信息:   started user thread for Warehouse 44
1月 02, 2026 5:30:48 上午 spec.jbb.JBBmain DoARun -> 信息:   started user thread for Warehouse 45
1月 02, 2026 5:30:48 上午 spec.jbb.JBBmain DoARun -> 信息:   started user thread for Warehouse 46
1月 02, 2026 5:30:48 上午 spec.jbb.JBBmain DoARun -> 信息:   started user thread for Warehouse 47
1月 02, 2026 5:30:48 上午 spec.jbb.JBBmain DoARun -> 信息:   started user thread for Warehouse 48
1月 02, 2026 5:30:48 上午 spec.jbb.JBBmain DoARun -> 信息:   started user thread for Warehouse 49
1月 02, 2026 5:30:48 上午 spec.jbb.JBBmain DoARun -> 信息:   started user thread for Warehouse 50
1月 02, 2026 5:30:48 上午 spec.jbb.JBBmain DoARun -> 信息:   started user thread for Warehouse 51
1月 02, 2026 5:30:48 上午 spec.jbb.JBBmain DoARun -> 信息:   started user thread for Warehouse 52
1月 02, 2026 5:30:48 上午 spec.jbb.JBBmain DoARun -> 信息:   started user thread for Warehouse 53
1月 02, 2026 5:30:48 上午 spec.jbb.JBBmain DoARun -> 信息:   started user thread for Warehouse 54
1月 02, 2026 5:30:48 上午 spec.jbb.JBBmain DoARun -> 信息:   started user thread for Warehouse 55
1月 02, 2026 5:30:48 上午 spec.jbb.JBBmain DoARun -> 信息:   started user thread for Warehouse 56
1月 02, 2026 5:30:48 上午 spec.jbb.JBBmain DoARun -> 信息:   started user thread for Warehouse 57
1月 02, 2026 5:30:48 上午 spec.jbb.JBBmain DoARun -> 信息:   started user thread for Warehouse 58
1月 02, 2026 5:30:48 上午 spec.jbb.JBBmain DoARun -> 信息:   started user thread for Warehouse 59
1月 02, 2026 5:30:48 上午 spec.jbb.JBBmain DoARun -> 信息:   started user thread for Warehouse 60
1月 02, 2026 5:30:48 上午 spec.jbb.JBBmain DoARun -> 信息:   started user thread for Warehouse 61
1月 02, 2026 5:30:48 上午 spec.jbb.JBBmain DoARun -> 信息:   started user thread for Warehouse 62
1月 02, 2026 5:30:48 上午 spec.jbb.JBBmain DoARun -> 信息:   started user thread for Warehouse 63
1月 02, 2026 5:30:48 上午 spec.jbb.JBBmain DoARun -> 信息:   started user thread for Warehouse 64
1月 02, 2026 5:30:48 上午 spec.jbb.JBBmain DoARun -> 信息:   started user thread for Warehouse 65
1月 02, 2026 5:30:48 上午 spec.jbb.JBBmain DoARun -> 信息:   started user thread for Warehouse 66
1月 02, 2026 5:30:48 上午 spec.jbb.JBBmain DoARun -> 信息:   started user thread for Warehouse 67
1月 02, 2026 5:30:48 上午 spec.jbb.JBBmain DoARun -> 信息:   started user thread for Warehouse 68
1月 02, 2026 5:30:48 上午 spec.jbb.JBBmain DoARun -> 信息:   started user thread for Warehouse 69
1月 02, 2026 5:30:48 上午 spec.jbb.JBBmain DoARun -> 信息:   started user thread for Warehouse 70
1月 02, 2026 5:30:48 上午 spec.jbb.JBBmain DoARun -> 信息:   started user thread for Warehouse 71
1月 02, 2026 5:30:48 上午 spec.jbb.JBBmain DoARun -> 信息:   started user thread for Warehouse 72
1月 02, 2026 5:30:48 上午 spec.jbb.JBBmain DoARun -> 信息:   started user thread for Warehouse 73
1月 02, 2026 5:30:48 上午 spec.jbb.JBBmain DoARun -> 信息:   started user thread for Warehouse 74
1月 02, 2026 5:30:48 上午 spec.jbb.JBBmain DoARun -> 信息:   started user thread for Warehouse 75
1月 02, 2026 5:30:48 上午 spec.jbb.JBBmain DoARun -> 信息:   started user thread for Warehouse 76
1月 02, 2026 5:30:48 上午 spec.jbb.JBBmain DoARun -> 信息:   started user thread for Warehouse 77
1月 02, 2026 5:30:48 上午 spec.jbb.JBBmain DoARun -> 信息:   started user thread for Warehouse 78
1月 02, 2026 5:30:48 上午 spec.jbb.JBBmain DoARun -> 信息:   started user thread for Warehouse 79
1月 02, 2026 5:30:48 上午 spec.jbb.JBBmain DoARun -> 信息:   started user thread for Warehouse 80
1月 02, 2026 5:30:48 上午 spec.jbb.JBBmain DoARun -> 信息:   started user thread for Warehouse 81
1月 02, 2026 5:30:48 上午 spec.jbb.JBBmain DoARun -> 信息:   started user thread for Warehouse 82
1月 02, 2026 5:30:48 上午 spec.jbb.JBBmain DoARun -> 信息:   started user thread for Warehouse 83
1月 02, 2026 5:30:48 上午 spec.jbb.JBBmain DoARun -> 信息:   started user thread for Warehouse 84
1月 02, 2026 5:30:48 上午 spec.jbb.JBBmain DoARun -> 信息:   started user thread for Warehouse 85
1月 02, 2026 5:30:48 上午 spec.jbb.JBBmain DoARun -> 信息:   started user thread for Warehouse 86
1月 02, 2026 5:30:48 上午 spec.jbb.JBBmain DoARun -> 信息:   started user thread for Warehouse 87
1月 02, 2026 5:30:48 上午 spec.jbb.JBBmain DoARun -> 信息:   started user thread for Warehouse 88
1月 02, 2026 5:30:48 上午 spec.jbb.JBBmain DoARun -> 信息:   started user thread for Warehouse 89
1月 02, 2026 5:30:48 上午 spec.jbb.JBBmain DoARun -> 信息:   started user thread for Warehouse 90
1月 02, 2026 5:30:48 上午 spec.jbb.JBBmain DoARun -> 信息:   started user thread for Warehouse 91
1月 02, 2026 5:30:48 上午 spec.jbb.JBBmain DoARun -> 信息:   started user thread for Warehouse 92
1月 02, 2026 5:30:48 上午 spec.jbb.JBBmain DoARun -> 信息:   started user thread for Warehouse 93
1月 02, 2026 5:30:48 上午 spec.jbb.JBBmain DoARun -> 信息:   started user thread for Warehouse 94
1月 02, 2026 5:30:48 上午 spec.jbb.Company displayResultTotals -> 信息: Timing Measurement began Fri Jan 02 05:30:48 CST 2026 for 4 minutes
1月 02, 2026 5:34:48 上午 spec.jbb.Company displayResultTotals -> 信息: Timing Measurement ended Fri Jan 02 05:34:48 CST 2026
1月 02, 2026 5:34:48 上午 spec.jbb.Company primeWithDummyData -> 信息: Loading Warehouse 95...
1月 02, 2026 5:34:49 上午 spec.jbb.JBBmain DoARun -> 信息: Start User Threads
1月 02, 2026 5:34:49 上午 spec.jbb.JBBmain DoARun -> 信息:   started user thread for Warehouse 1
1月 02, 2026 5:34:49 上午 spec.jbb.JBBmain DoARun -> 信息:   started user thread for Warehouse 2
1月 02, 2026 5:34:49 上午 spec.jbb.JBBmain DoARun -> 信息:   started user thread for Warehouse 3
1月 02, 2026 5:34:49 上午 spec.jbb.JBBmain DoARun -> 信息:   started user thread for Warehouse 4
1月 02, 2026 5:34:49 上午 spec.jbb.JBBmain DoARun -> 信息:   started user thread for Warehouse 5
1月 02, 2026 5:34:49 上午 spec.jbb.JBBmain DoARun -> 信息:   started user thread for Warehouse 6
1月 02, 2026 5:34:49 上午 spec.jbb.JBBmain DoARun -> 信息:   started user thread for Warehouse 7
1月 02, 2026 5:34:49 上午 spec.jbb.JBBmain DoARun -> 信息:   started user thread for Warehouse 8
1月 02, 2026 5:34:49 上午 spec.jbb.JBBmain DoARun -> 信息:   started user thread for Warehouse 9
1月 02, 2026 5:34:49 上午 spec.jbb.JBBmain DoARun -> 信息:   started user thread for Warehouse 10
1月 02, 2026 5:34:49 上午 spec.jbb.JBBmain DoARun -> 信息:   started user thread for Warehouse 11
1月 02, 2026 5:34:49 上午 spec.jbb.JBBmain DoARun -> 信息:   started user thread for Warehouse 12
1月 02, 2026 5:34:49 上午 spec.jbb.JBBmain DoARun -> 信息:   started user thread for Warehouse 13
1月 02, 2026 5:34:49 上午 spec.jbb.JBBmain DoARun -> 信息:   started user thread for Warehouse 14
1月 02, 2026 5:34:49 上午 spec.jbb.JBBmain DoARun -> 信息:   started user thread for Warehouse 15
1月 02, 2026 5:34:49 上午 spec.jbb.JBBmain DoARun -> 信息:   started user thread for Warehouse 16
1月 02, 2026 5:34:49 上午 spec.jbb.JBBmain DoARun -> 信息:   started user thread for Warehouse 17
1月 02, 2026 5:34:49 上午 spec.jbb.JBBmain DoARun -> 信息:   started user thread for Warehouse 18
1月 02, 2026 5:34:49 上午 spec.jbb.JBBmain DoARun -> 信息:   started user thread for Warehouse 19
1月 02, 2026 5:34:49 上午 spec.jbb.JBBmain DoARun -> 信息:   started user thread for Warehouse 20
1月 02, 2026 5:34:49 上午 spec.jbb.JBBmain DoARun -> 信息:   started user thread for Warehouse 21
1月 02, 2026 5:34:49 上午 spec.jbb.JBBmain DoARun -> 信息:   started user thread for Warehouse 22
1月 02, 2026 5:34:49 上午 spec.jbb.JBBmain DoARun -> 信息:   started user thread for Warehouse 23
1月 02, 2026 5:34:49 上午 spec.jbb.JBBmain DoARun -> 信息:   started user thread for Warehouse 24
1月 02, 2026 5:34:49 上午 spec.jbb.JBBmain DoARun -> 信息:   started user thread for Warehouse 25
1月 02, 2026 5:34:49 上午 spec.jbb.JBBmain DoARun -> 信息:   started user thread for Warehouse 26
1月 02, 2026 5:34:49 上午 spec.jbb.JBBmain DoARun -> 信息:   started user thread for Warehouse 27
1月 02, 2026 5:34:49 上午 spec.jbb.JBBmain DoARun -> 信息:   started user thread for Warehouse 28
1月 02, 2026 5:34:49 上午 spec.jbb.JBBmain DoARun -> 信息:   started user thread for Warehouse 29
1月 02, 2026 5:34:49 上午 spec.jbb.JBBmain DoARun -> 信息:   started user thread for Warehouse 30
1月 02, 2026 5:34:49 上午 spec.jbb.JBBmain DoARun -> 信息:   started user thread for Warehouse 31
1月 02, 2026 5:34:49 上午 spec.jbb.JBBmain DoARun -> 信息:   started user thread for Warehouse 32
1月 02, 2026 5:34:49 上午 spec.jbb.JBBmain DoARun -> 信息:   started user thread for Warehouse 33
1月 02, 2026 5:34:49 上午 spec.jbb.JBBmain DoARun -> 信息:   started user thread for Warehouse 34
1月 02, 2026 5:34:49 上午 spec.jbb.JBBmain DoARun -> 信息:   started user thread for Warehouse 35
1月 02, 2026 5:34:49 上午 spec.jbb.JBBmain DoARun -> 信息:   started user thread for Warehouse 36
1月 02, 2026 5:34:49 上午 spec.jbb.JBBmain DoARun -> 信息:   started user thread for Warehouse 37
1月 02, 2026 5:34:49 上午 spec.jbb.JBBmain DoARun -> 信息:   started user thread for Warehouse 38
1月 02, 2026 5:34:49 上午 spec.jbb.JBBmain DoARun -> 信息:   started user thread for Warehouse 39
1月 02, 2026 5:34:49 上午 spec.jbb.JBBmain DoARun -> 信息:   started user thread for Warehouse 40
1月 02, 2026 5:34:49 上午 spec.jbb.JBBmain DoARun -> 信息:   started user thread for Warehouse 41
1月 02, 2026 5:34:49 上午 spec.jbb.JBBmain DoARun -> 信息:   started user thread for Warehouse 42
1月 02, 2026 5:34:49 上午 spec.jbb.JBBmain DoARun -> 信息:   started user thread for Warehouse 43
1月 02, 2026 5:34:49 上午 spec.jbb.JBBmain DoARun -> 信息:   started user thread for Warehouse 44
1月 02, 2026 5:34:49 上午 spec.jbb.JBBmain DoARun -> 信息:   started user thread for Warehouse 45
1月 02, 2026 5:34:49 上午 spec.jbb.JBBmain DoARun -> 信息:   started user thread for Warehouse 46
1月 02, 2026 5:34:49 上午 spec.jbb.JBBmain DoARun -> 信息:   started user thread for Warehouse 47
1月 02, 2026 5:34:49 上午 spec.jbb.JBBmain DoARun -> 信息:   started user thread for Warehouse 48
1月 02, 2026 5:34:49 上午 spec.jbb.JBBmain DoARun -> 信息:   started user thread for Warehouse 49
1月 02, 2026 5:34:49 上午 spec.jbb.JBBmain DoARun -> 信息:   started user thread for Warehouse 50
1月 02, 2026 5:34:49 上午 spec.jbb.JBBmain DoARun -> 信息:   started user thread for Warehouse 51
1月 02, 2026 5:34:49 上午 spec.jbb.JBBmain DoARun -> 信息:   started user thread for Warehouse 52
1月 02, 2026 5:34:49 上午 spec.jbb.JBBmain DoARun -> 信息:   started user thread for Warehouse 53
1月 02, 2026 5:34:49 上午 spec.jbb.JBBmain DoARun -> 信息:   started user thread for Warehouse 54
1月 02, 2026 5:34:49 上午 spec.jbb.JBBmain DoARun -> 信息:   started user thread for Warehouse 55
1月 02, 2026 5:34:49 上午 spec.jbb.JBBmain DoARun -> 信息:   started user thread for Warehouse 56
1月 02, 2026 5:34:49 上午 spec.jbb.JBBmain DoARun -> 信息:   started user thread for Warehouse 57
1月 02, 2026 5:34:49 上午 spec.jbb.JBBmain DoARun -> 信息:   started user thread for Warehouse 58
1月 02, 2026 5:34:49 上午 spec.jbb.JBBmain DoARun -> 信息:   started user thread for Warehouse 59
1月 02, 2026 5:34:49 上午 spec.jbb.JBBmain DoARun -> 信息:   started user thread for Warehouse 60
1月 02, 2026 5:34:49 上午 spec.jbb.JBBmain DoARun -> 信息:   started user thread for Warehouse 61
1月 02, 2026 5:34:49 上午 spec.jbb.JBBmain DoARun -> 信息:   started user thread for Warehouse 62
1月 02, 2026 5:34:49 上午 spec.jbb.JBBmain DoARun -> 信息:   started user thread for Warehouse 63
1月 02, 2026 5:34:49 上午 spec.jbb.JBBmain DoARun -> 信息:   started user thread for Warehouse 64
1月 02, 2026 5:34:49 上午 spec.jbb.JBBmain DoARun -> 信息:   started user thread for Warehouse 65
1月 02, 2026 5:34:49 上午 spec.jbb.JBBmain DoARun -> 信息:   started user thread for Warehouse 66
1月 02, 2026 5:34:49 上午 spec.jbb.JBBmain DoARun -> 信息:   started user thread for Warehouse 67
1月 02, 2026 5:34:49 上午 spec.jbb.JBBmain DoARun -> 信息:   started user thread for Warehouse 68
1月 02, 2026 5:34:49 上午 spec.jbb.JBBmain DoARun -> 信息:   started user thread for Warehouse 69
1月 02, 2026 5:34:49 上午 spec.jbb.JBBmain DoARun -> 信息:   started user thread for Warehouse 70
1月 02, 2026 5:34:49 上午 spec.jbb.JBBmain DoARun -> 信息:   started user thread for Warehouse 71
1月 02, 2026 5:34:49 上午 spec.jbb.JBBmain DoARun -> 信息:   started user thread for Warehouse 72
1月 02, 2026 5:34:49 上午 spec.jbb.JBBmain DoARun -> 信息:   started user thread for Warehouse 73
1月 02, 2026 5:34:49 上午 spec.jbb.JBBmain DoARun -> 信息:   started user thread for Warehouse 74
1月 02, 2026 5:34:49 上午 spec.jbb.JBBmain DoARun -> 信息:   started user thread for Warehouse 75
1月 02, 2026 5:34:49 上午 spec.jbb.JBBmain DoARun -> 信息:   started user thread for Warehouse 76
1月 02, 2026 5:34:49 上午 spec.jbb.JBBmain DoARun -> 信息:   started user thread for Warehouse 77
1月 02, 2026 5:34:49 上午 spec.jbb.JBBmain DoARun -> 信息:   started user thread for Warehouse 78
1月 02, 2026 5:34:49 上午 spec.jbb.JBBmain DoARun -> 信息:   started user thread for Warehouse 79
1月 02, 2026 5:34:49 上午 spec.jbb.JBBmain DoARun -> 信息:   started user thread for Warehouse 80
1月 02, 2026 5:34:49 上午 spec.jbb.JBBmain DoARun -> 信息:   started user thread for Warehouse 81
1月 02, 2026 5:34:49 上午 spec.jbb.JBBmain DoARun -> 信息:   started user thread for Warehouse 82
1月 02, 2026 5:34:49 上午 spec.jbb.JBBmain DoARun -> 信息:   started user thread for Warehouse 83
1月 02, 2026 5:34:49 上午 spec.jbb.JBBmain DoARun -> 信息:   started user thread for Warehouse 84
1月 02, 2026 5:34:49 上午 spec.jbb.JBBmain DoARun -> 信息:   started user thread for Warehouse 85
1月 02, 2026 5:34:49 上午 spec.jbb.JBBmain DoARun -> 信息:   started user thread for Warehouse 86
1月 02, 2026 5:34:49 上午 spec.jbb.JBBmain DoARun -> 信息:   started user thread for Warehouse 87
1月 02, 2026 5:34:49 上午 spec.jbb.JBBmain DoARun -> 信息:   started user thread for Warehouse 88
1月 02, 2026 5:34:49 上午 spec.jbb.JBBmain DoARun -> 信息:   started user thread for Warehouse 89
1月 02, 2026 5:34:49 上午 spec.jbb.JBBmain DoARun -> 信息:   started user thread for Warehouse 90
1月 02, 2026 5:34:49 上午 spec.jbb.JBBmain DoARun -> 信息:   started user thread for Warehouse 91
1月 02, 2026 5:34:49 上午 spec.jbb.JBBmain DoARun -> 信息:   started user thread for Warehouse 92
1月 02, 2026 5:34:49 上午 spec.jbb.JBBmain DoARun -> 信息:   started user thread for Warehouse 93
1月 02, 2026 5:34:49 上午 spec.jbb.JBBmain DoARun -> 信息:   started user thread for Warehouse 94
1月 02, 2026 5:34:49 上午 spec.jbb.JBBmain DoARun -> 信息:   started user thread for Warehouse 95
1月 02, 2026 5:34:49 上午 spec.jbb.Company displayResultTotals -> 信息: Timing Measurement began Fri Jan 02 05:34:49 CST 2026 for 4 minutes
1月 02, 2026 5:38:49 上午 spec.jbb.Company displayResultTotals -> 信息: Timing Measurement ended Fri Jan 02 05:38:49 CST 2026
1月 02, 2026 5:38:49 上午 spec.jbb.Company primeWithDummyData -> 信息: Loading Warehouse 96...
1月 02, 2026 5:38:49 上午 spec.jbb.JBBmain DoARun -> 信息: Start User Threads
1月 02, 2026 5:38:49 上午 spec.jbb.JBBmain DoARun -> 信息:   started user thread for Warehouse 1
1月 02, 2026 5:38:49 上午 spec.jbb.JBBmain DoARun -> 信息:   started user thread for Warehouse 2
1月 02, 2026 5:38:49 上午 spec.jbb.JBBmain DoARun -> 信息:   started user thread for Warehouse 3
1月 02, 2026 5:38:49 上午 spec.jbb.JBBmain DoARun -> 信息:   started user thread for Warehouse 4
1月 02, 2026 5:38:49 上午 spec.jbb.JBBmain DoARun -> 信息:   started user thread for Warehouse 5
1月 02, 2026 5:38:49 上午 spec.jbb.JBBmain DoARun -> 信息:   started user thread for Warehouse 6
1月 02, 2026 5:38:49 上午 spec.jbb.JBBmain DoARun -> 信息:   started user thread for Warehouse 7
1月 02, 2026 5:38:49 上午 spec.jbb.JBBmain DoARun -> 信息:   started user thread for Warehouse 8
1月 02, 2026 5:38:49 上午 spec.jbb.JBBmain DoARun -> 信息:   started user thread for Warehouse 9
1月 02, 2026 5:38:49 上午 spec.jbb.JBBmain DoARun -> 信息:   started user thread for Warehouse 10
1月 02, 2026 5:38:49 上午 spec.jbb.JBBmain DoARun -> 信息:   started user thread for Warehouse 11
1月 02, 2026 5:38:49 上午 spec.jbb.JBBmain DoARun -> 信息:   started user thread for Warehouse 12
1月 02, 2026 5:38:49 上午 spec.jbb.JBBmain DoARun -> 信息:   started user thread for Warehouse 13
1月 02, 2026 5:38:49 上午 spec.jbb.JBBmain DoARun -> 信息:   started user thread for Warehouse 14
1月 02, 2026 5:38:49 上午 spec.jbb.JBBmain DoARun -> 信息:   started user thread for Warehouse 15
1月 02, 2026 5:38:49 上午 spec.jbb.JBBmain DoARun -> 信息:   started user thread for Warehouse 16
1月 02, 2026 5:38:49 上午 spec.jbb.JBBmain DoARun -> 信息:   started user thread for Warehouse 17
1月 02, 2026 5:38:49 上午 spec.jbb.JBBmain DoARun -> 信息:   started user thread for Warehouse 18
1月 02, 2026 5:38:49 上午 spec.jbb.JBBmain DoARun -> 信息:   started user thread for Warehouse 19
1月 02, 2026 5:38:49 上午 spec.jbb.JBBmain DoARun -> 信息:   started user thread for Warehouse 20
1月 02, 2026 5:38:49 上午 spec.jbb.JBBmain DoARun -> 信息:   started user thread for Warehouse 21
1月 02, 2026 5:38:49 上午 spec.jbb.JBBmain DoARun -> 信息:   started user thread for Warehouse 22
1月 02, 2026 5:38:49 上午 spec.jbb.JBBmain DoARun -> 信息:   started user thread for Warehouse 23
1月 02, 2026 5:38:49 上午 spec.jbb.JBBmain DoARun -> 信息:   started user thread for Warehouse 24
1月 02, 2026 5:38:49 上午 spec.jbb.JBBmain DoARun -> 信息:   started user thread for Warehouse 25
1月 02, 2026 5:38:49 上午 spec.jbb.JBBmain DoARun -> 信息:   started user thread for Warehouse 26
1月 02, 2026 5:38:49 上午 spec.jbb.JBBmain DoARun -> 信息:   started user thread for Warehouse 27
1月 02, 2026 5:38:49 上午 spec.jbb.JBBmain DoARun -> 信息:   started user thread for Warehouse 28
1月 02, 2026 5:38:49 上午 spec.jbb.JBBmain DoARun -> 信息:   started user thread for Warehouse 29
1月 02, 2026 5:38:49 上午 spec.jbb.JBBmain DoARun -> 信息:   started user thread for Warehouse 30
1月 02, 2026 5:38:49 上午 spec.jbb.JBBmain DoARun -> 信息:   started user thread for Warehouse 31
1月 02, 2026 5:38:49 上午 spec.jbb.JBBmain DoARun -> 信息:   started user thread for Warehouse 32
1月 02, 2026 5:38:49 上午 spec.jbb.JBBmain DoARun -> 信息:   started user thread for Warehouse 33
1月 02, 2026 5:38:49 上午 spec.jbb.JBBmain DoARun -> 信息:   started user thread for Warehouse 34
1月 02, 2026 5:38:49 上午 spec.jbb.JBBmain DoARun -> 信息:   started user thread for Warehouse 35
1月 02, 2026 5:38:49 上午 spec.jbb.JBBmain DoARun -> 信息:   started user thread for Warehouse 36
1月 02, 2026 5:38:49 上午 spec.jbb.JBBmain DoARun -> 信息:   started user thread for Warehouse 37
1月 02, 2026 5:38:49 上午 spec.jbb.JBBmain DoARun -> 信息:   started user thread for Warehouse 38
1月 02, 2026 5:38:49 上午 spec.jbb.JBBmain DoARun -> 信息:   started user thread for Warehouse 39
1月 02, 2026 5:38:49 上午 spec.jbb.JBBmain DoARun -> 信息:   started user thread for Warehouse 40
1月 02, 2026 5:38:49 上午 spec.jbb.JBBmain DoARun -> 信息:   started user thread for Warehouse 41
1月 02, 2026 5:38:49 上午 spec.jbb.JBBmain DoARun -> 信息:   started user thread for Warehouse 42
1月 02, 2026 5:38:49 上午 spec.jbb.JBBmain DoARun -> 信息:   started user thread for Warehouse 43
1月 02, 2026 5:38:49 上午 spec.jbb.JBBmain DoARun -> 信息:   started user thread for Warehouse 44
1月 02, 2026 5:38:49 上午 spec.jbb.JBBmain DoARun -> 信息:   started user thread for Warehouse 45
1月 02, 2026 5:38:49 上午 spec.jbb.JBBmain DoARun -> 信息:   started user thread for Warehouse 46
1月 02, 2026 5:38:49 上午 spec.jbb.JBBmain DoARun -> 信息:   started user thread for Warehouse 47
1月 02, 2026 5:38:49 上午 spec.jbb.JBBmain DoARun -> 信息:   started user thread for Warehouse 48
1月 02, 2026 5:38:49 上午 spec.jbb.JBBmain DoARun -> 信息:   started user thread for Warehouse 49
1月 02, 2026 5:38:49 上午 spec.jbb.JBBmain DoARun -> 信息:   started user thread for Warehouse 50
1月 02, 2026 5:38:49 上午 spec.jbb.JBBmain DoARun -> 信息:   started user thread for Warehouse 51
1月 02, 2026 5:38:49 上午 spec.jbb.JBBmain DoARun -> 信息:   started user thread for Warehouse 52
1月 02, 2026 5:38:49 上午 spec.jbb.JBBmain DoARun -> 信息:   started user thread for Warehouse 53
1月 02, 2026 5:38:49 上午 spec.jbb.JBBmain DoARun -> 信息:   started user thread for Warehouse 54
1月 02, 2026 5:38:49 上午 spec.jbb.JBBmain DoARun -> 信息:   started user thread for Warehouse 55
1月 02, 2026 5:38:49 上午 spec.jbb.JBBmain DoARun -> 信息:   started user thread for Warehouse 56
1月 02, 2026 5:38:49 上午 spec.jbb.JBBmain DoARun -> 信息:   started user thread for Warehouse 57
1月 02, 2026 5:38:49 上午 spec.jbb.JBBmain DoARun -> 信息:   started user thread for Warehouse 58
1月 02, 2026 5:38:49 上午 spec.jbb.JBBmain DoARun -> 信息:   started user thread for Warehouse 59
1月 02, 2026 5:38:49 上午 spec.jbb.JBBmain DoARun -> 信息:   started user thread for Warehouse 60
1月 02, 2026 5:38:49 上午 spec.jbb.JBBmain DoARun -> 信息:   started user thread for Warehouse 61
1月 02, 2026 5:38:49 上午 spec.jbb.JBBmain DoARun -> 信息:   started user thread for Warehouse 62
1月 02, 2026 5:38:49 上午 spec.jbb.JBBmain DoARun -> 信息:   started user thread for Warehouse 63
1月 02, 2026 5:38:49 上午 spec.jbb.JBBmain DoARun -> 信息:   started user thread for Warehouse 64
1月 02, 2026 5:38:49 上午 spec.jbb.JBBmain DoARun -> 信息:   started user thread for Warehouse 65
1月 02, 2026 5:38:49 上午 spec.jbb.JBBmain DoARun -> 信息:   started user thread for Warehouse 66
1月 02, 2026 5:38:49 上午 spec.jbb.JBBmain DoARun -> 信息:   started user thread for Warehouse 67
1月 02, 2026 5:38:49 上午 spec.jbb.JBBmain DoARun -> 信息:   started user thread for Warehouse 68
1月 02, 2026 5:38:49 上午 spec.jbb.JBBmain DoARun -> 信息:   started user thread for Warehouse 69
1月 02, 2026 5:38:49 上午 spec.jbb.JBBmain DoARun -> 信息:   started user thread for Warehouse 70
1月 02, 2026 5:38:49 上午 spec.jbb.JBBmain DoARun -> 信息:   started user thread for Warehouse 71
1月 02, 2026 5:38:49 上午 spec.jbb.JBBmain DoARun -> 信息:   started user thread for Warehouse 72
1月 02, 2026 5:38:49 上午 spec.jbb.JBBmain DoARun -> 信息:   started user thread for Warehouse 73
1月 02, 2026 5:38:49 上午 spec.jbb.JBBmain DoARun -> 信息:   started user thread for Warehouse 74
1月 02, 2026 5:38:49 上午 spec.jbb.JBBmain DoARun -> 信息:   started user thread for Warehouse 75
1月 02, 2026 5:38:49 上午 spec.jbb.JBBmain DoARun -> 信息:   started user thread for Warehouse 76
1月 02, 2026 5:38:49 上午 spec.jbb.JBBmain DoARun -> 信息:   started user thread for Warehouse 77
1月 02, 2026 5:38:49 上午 spec.jbb.JBBmain DoARun -> 信息:   started user thread for Warehouse 78
1月 02, 2026 5:38:49 上午 spec.jbb.JBBmain DoARun -> 信息:   started user thread for Warehouse 79
1月 02, 2026 5:38:49 上午 spec.jbb.JBBmain DoARun -> 信息:   started user thread for Warehouse 80
1月 02, 2026 5:38:49 上午 spec.jbb.JBBmain DoARun -> 信息:   started user thread for Warehouse 81
1月 02, 2026 5:38:49 上午 spec.jbb.JBBmain DoARun -> 信息:   started user thread for Warehouse 82
1月 02, 2026 5:38:49 上午 spec.jbb.JBBmain DoARun -> 信息:   started user thread for Warehouse 83
1月 02, 2026 5:38:49 上午 spec.jbb.JBBmain DoARun -> 信息:   started user thread for Warehouse 84
1月 02, 2026 5:38:49 上午 spec.jbb.JBBmain DoARun -> 信息:   started user thread for Warehouse 85
1月 02, 2026 5:38:49 上午 spec.jbb.JBBmain DoARun -> 信息:   started user thread for Warehouse 86
1月 02, 2026 5:38:49 上午 spec.jbb.JBBmain DoARun -> 信息:   started user thread for Warehouse 87
1月 02, 2026 5:38:49 上午 spec.jbb.JBBmain DoARun -> 信息:   started user thread for Warehouse 88
1月 02, 2026 5:38:49 上午 spec.jbb.JBBmain DoARun -> 信息:   started user thread for Warehouse 89
1月 02, 2026 5:38:49 上午 spec.jbb.JBBmain DoARun -> 信息:   started user thread for Warehouse 90
1月 02, 2026 5:38:49 上午 spec.jbb.JBBmain DoARun -> 信息:   started user thread for Warehouse 91
1月 02, 2026 5:38:49 上午 spec.jbb.JBBmain DoARun -> 信息:   started user thread for Warehouse 92
1月 02, 2026 5:38:49 上午 spec.jbb.JBBmain DoARun -> 信息:   started user thread for Warehouse 93
1月 02, 2026 5:38:49 上午 spec.jbb.JBBmain DoARun -> 信息:   started user thread for Warehouse 94
1月 02, 2026 5:38:49 上午 spec.jbb.JBBmain DoARun -> 信息:   started user thread for Warehouse 95
1月 02, 2026 5:38:49 上午 spec.jbb.JBBmain DoARun -> 信息:   started user thread for Warehouse 96
1月 02, 2026 5:38:49 上午 spec.jbb.Company displayResultTotals -> 信息: Timing Measurement began Fri Jan 02 05:38:49 CST 2026 for 4 minutes
1月 02, 2026 5:42:49 上午 spec.jbb.Company displayResultTotals -> 信息: Timing Measurement ended Fri Jan 02 05:42:49 CST 2026
1月 02, 2026 5:42:49 上午 spec.jbb.Company primeWithDummyData -> 信息: Loading Warehouse 97...
1月 02, 2026 5:42:49 上午 spec.jbb.JBBmain DoARun -> 信息: Start User Threads
1月 02, 2026 5:42:49 上午 spec.jbb.JBBmain DoARun -> 信息:   started user thread for Warehouse 1
1月 02, 2026 5:42:49 上午 spec.jbb.JBBmain DoARun -> 信息:   started user thread for Warehouse 2
1月 02, 2026 5:42:49 上午 spec.jbb.JBBmain DoARun -> 信息:   started user thread for Warehouse 3
1月 02, 2026 5:42:49 上午 spec.jbb.JBBmain DoARun -> 信息:   started user thread for Warehouse 4
1月 02, 2026 5:42:49 上午 spec.jbb.JBBmain DoARun -> 信息:   started user thread for Warehouse 5
1月 02, 2026 5:42:49 上午 spec.jbb.JBBmain DoARun -> 信息:   started user thread for Warehouse 6
1月 02, 2026 5:42:49 上午 spec.jbb.JBBmain DoARun -> 信息:   started user thread for Warehouse 7
1月 02, 2026 5:42:49 上午 spec.jbb.JBBmain DoARun -> 信息:   started user thread for Warehouse 8
1月 02, 2026 5:42:49 上午 spec.jbb.JBBmain DoARun -> 信息:   started user thread for Warehouse 9
1月 02, 2026 5:42:49 上午 spec.jbb.JBBmain DoARun -> 信息:   started user thread for Warehouse 10
1月 02, 2026 5:42:49 上午 spec.jbb.JBBmain DoARun -> 信息:   started user thread for Warehouse 11
1月 02, 2026 5:42:49 上午 spec.jbb.JBBmain DoARun -> 信息:   started user thread for Warehouse 12
1月 02, 2026 5:42:49 上午 spec.jbb.JBBmain DoARun -> 信息:   started user thread for Warehouse 13
1月 02, 2026 5:42:49 上午 spec.jbb.JBBmain DoARun -> 信息:   started user thread for Warehouse 14
1月 02, 2026 5:42:49 上午 spec.jbb.JBBmain DoARun -> 信息:   started user thread for Warehouse 15
1月 02, 2026 5:42:49 上午 spec.jbb.JBBmain DoARun -> 信息:   started user thread for Warehouse 16
1月 02, 2026 5:42:49 上午 spec.jbb.JBBmain DoARun -> 信息:   started user thread for Warehouse 17
1月 02, 2026 5:42:49 上午 spec.jbb.JBBmain DoARun -> 信息:   started user thread for Warehouse 18
1月 02, 2026 5:42:49 上午 spec.jbb.JBBmain DoARun -> 信息:   started user thread for Warehouse 19
1月 02, 2026 5:42:49 上午 spec.jbb.JBBmain DoARun -> 信息:   started user thread for Warehouse 20
1月 02, 2026 5:42:49 上午 spec.jbb.JBBmain DoARun -> 信息:   started user thread for Warehouse 21
1月 02, 2026 5:42:49 上午 spec.jbb.JBBmain DoARun -> 信息:   started user thread for Warehouse 22
1月 02, 2026 5:42:49 上午 spec.jbb.JBBmain DoARun -> 信息:   started user thread for Warehouse 23
1月 02, 2026 5:42:49 上午 spec.jbb.JBBmain DoARun -> 信息:   started user thread for Warehouse 24
1月 02, 2026 5:42:49 上午 spec.jbb.JBBmain DoARun -> 信息:   started user thread for Warehouse 25
1月 02, 2026 5:42:49 上午 spec.jbb.JBBmain DoARun -> 信息:   started user thread for Warehouse 26
1月 02, 2026 5:42:49 上午 spec.jbb.JBBmain DoARun -> 信息:   started user thread for Warehouse 27
1月 02, 2026 5:42:49 上午 spec.jbb.JBBmain DoARun -> 信息:   started user thread for Warehouse 28
1月 02, 2026 5:42:49 上午 spec.jbb.JBBmain DoARun -> 信息:   started user thread for Warehouse 29
1月 02, 2026 5:42:49 上午 spec.jbb.JBBmain DoARun -> 信息:   started user thread for Warehouse 30
1月 02, 2026 5:42:49 上午 spec.jbb.JBBmain DoARun -> 信息:   started user thread for Warehouse 31
1月 02, 2026 5:42:49 上午 spec.jbb.JBBmain DoARun -> 信息:   started user thread for Warehouse 32
1月 02, 2026 5:42:49 上午 spec.jbb.JBBmain DoARun -> 信息:   started user thread for Warehouse 33
1月 02, 2026 5:42:49 上午 spec.jbb.JBBmain DoARun -> 信息:   started user thread for Warehouse 34
1月 02, 2026 5:42:49 上午 spec.jbb.JBBmain DoARun -> 信息:   started user thread for Warehouse 35
1月 02, 2026 5:42:49 上午 spec.jbb.JBBmain DoARun -> 信息:   started user thread for Warehouse 36
1月 02, 2026 5:42:49 上午 spec.jbb.JBBmain DoARun -> 信息:   started user thread for Warehouse 37
1月 02, 2026 5:42:49 上午 spec.jbb.JBBmain DoARun -> 信息:   started user thread for Warehouse 38
1月 02, 2026 5:42:49 上午 spec.jbb.JBBmain DoARun -> 信息:   started user thread for Warehouse 39
1月 02, 2026 5:42:49 上午 spec.jbb.JBBmain DoARun -> 信息:   started user thread for Warehouse 40
1月 02, 2026 5:42:49 上午 spec.jbb.JBBmain DoARun -> 信息:   started user thread for Warehouse 41
1月 02, 2026 5:42:49 上午 spec.jbb.JBBmain DoARun -> 信息:   started user thread for Warehouse 42
1月 02, 2026 5:42:49 上午 spec.jbb.JBBmain DoARun -> 信息:   started user thread for Warehouse 43
1月 02, 2026 5:42:49 上午 spec.jbb.JBBmain DoARun -> 信息:   started user thread for Warehouse 44
1月 02, 2026 5:42:49 上午 spec.jbb.JBBmain DoARun -> 信息:   started user thread for Warehouse 45
1月 02, 2026 5:42:49 上午 spec.jbb.JBBmain DoARun -> 信息:   started user thread for Warehouse 46
1月 02, 2026 5:42:49 上午 spec.jbb.JBBmain DoARun -> 信息:   started user thread for Warehouse 47
1月 02, 2026 5:42:49 上午 spec.jbb.JBBmain DoARun -> 信息:   started user thread for Warehouse 48
1月 02, 2026 5:42:49 上午 spec.jbb.JBBmain DoARun -> 信息:   started user thread for Warehouse 49
1月 02, 2026 5:42:49 上午 spec.jbb.JBBmain DoARun -> 信息:   started user thread for Warehouse 50
1月 02, 2026 5:42:49 上午 spec.jbb.JBBmain DoARun -> 信息:   started user thread for Warehouse 51
1月 02, 2026 5:42:49 上午 spec.jbb.JBBmain DoARun -> 信息:   started user thread for Warehouse 52
1月 02, 2026 5:42:49 上午 spec.jbb.JBBmain DoARun -> 信息:   started user thread for Warehouse 53
1月 02, 2026 5:42:49 上午 spec.jbb.JBBmain DoARun -> 信息:   started user thread for Warehouse 54
1月 02, 2026 5:42:49 上午 spec.jbb.JBBmain DoARun -> 信息:   started user thread for Warehouse 55
1月 02, 2026 5:42:49 上午 spec.jbb.JBBmain DoARun -> 信息:   started user thread for Warehouse 56
1月 02, 2026 5:42:49 上午 spec.jbb.JBBmain DoARun -> 信息:   started user thread for Warehouse 57
1月 02, 2026 5:42:49 上午 spec.jbb.JBBmain DoARun -> 信息:   started user thread for Warehouse 58
1月 02, 2026 5:42:49 上午 spec.jbb.JBBmain DoARun -> 信息:   started user thread for Warehouse 59
1月 02, 2026 5:42:49 上午 spec.jbb.JBBmain DoARun -> 信息:   started user thread for Warehouse 60
1月 02, 2026 5:42:49 上午 spec.jbb.JBBmain DoARun -> 信息:   started user thread for Warehouse 61
1月 02, 2026 5:42:49 上午 spec.jbb.JBBmain DoARun -> 信息:   started user thread for Warehouse 62
1月 02, 2026 5:42:49 上午 spec.jbb.JBBmain DoARun -> 信息:   started user thread for Warehouse 63
1月 02, 2026 5:42:49 上午 spec.jbb.JBBmain DoARun -> 信息:   started user thread for Warehouse 64
1月 02, 2026 5:42:49 上午 spec.jbb.JBBmain DoARun -> 信息:   started user thread for Warehouse 65
1月 02, 2026 5:42:49 上午 spec.jbb.JBBmain DoARun -> 信息:   started user thread for Warehouse 66
1月 02, 2026 5:42:49 上午 spec.jbb.JBBmain DoARun -> 信息:   started user thread for Warehouse 67
1月 02, 2026 5:42:49 上午 spec.jbb.JBBmain DoARun -> 信息:   started user thread for Warehouse 68
1月 02, 2026 5:42:49 上午 spec.jbb.JBBmain DoARun -> 信息:   started user thread for Warehouse 69
1月 02, 2026 5:42:49 上午 spec.jbb.JBBmain DoARun -> 信息:   started user thread for Warehouse 70
1月 02, 2026 5:42:49 上午 spec.jbb.JBBmain DoARun -> 信息:   started user thread for Warehouse 71
1月 02, 2026 5:42:49 上午 spec.jbb.JBBmain DoARun -> 信息:   started user thread for Warehouse 72
1月 02, 2026 5:42:49 上午 spec.jbb.JBBmain DoARun -> 信息:   started user thread for Warehouse 73
1月 02, 2026 5:42:49 上午 spec.jbb.JBBmain DoARun -> 信息:   started user thread for Warehouse 74
1月 02, 2026 5:42:49 上午 spec.jbb.JBBmain DoARun -> 信息:   started user thread for Warehouse 75
1月 02, 2026 5:42:49 上午 spec.jbb.JBBmain DoARun -> 信息:   started user thread for Warehouse 76
1月 02, 2026 5:42:49 上午 spec.jbb.JBBmain DoARun -> 信息:   started user thread for Warehouse 77
1月 02, 2026 5:42:49 上午 spec.jbb.JBBmain DoARun -> 信息:   started user thread for Warehouse 78
1月 02, 2026 5:42:49 上午 spec.jbb.JBBmain DoARun -> 信息:   started user thread for Warehouse 79
1月 02, 2026 5:42:49 上午 spec.jbb.JBBmain DoARun -> 信息:   started user thread for Warehouse 80
1月 02, 2026 5:42:49 上午 spec.jbb.JBBmain DoARun -> 信息:   started user thread for Warehouse 81
1月 02, 2026 5:42:49 上午 spec.jbb.JBBmain DoARun -> 信息:   started user thread for Warehouse 82
1月 02, 2026 5:42:49 上午 spec.jbb.JBBmain DoARun -> 信息:   started user thread for Warehouse 83
1月 02, 2026 5:42:49 上午 spec.jbb.JBBmain DoARun -> 信息:   started user thread for Warehouse 84
1月 02, 2026 5:42:49 上午 spec.jbb.JBBmain DoARun -> 信息:   started user thread for Warehouse 85
1月 02, 2026 5:42:49 上午 spec.jbb.JBBmain DoARun -> 信息:   started user thread for Warehouse 86
1月 02, 2026 5:42:49 上午 spec.jbb.JBBmain DoARun -> 信息:   started user thread for Warehouse 87
1月 02, 2026 5:42:49 上午 spec.jbb.JBBmain DoARun -> 信息:   started user thread for Warehouse 88
1月 02, 2026 5:42:49 上午 spec.jbb.JBBmain DoARun -> 信息:   started user thread for Warehouse 89
1月 02, 2026 5:42:49 上午 spec.jbb.JBBmain DoARun -> 信息:   started user thread for Warehouse 90
1月 02, 2026 5:42:49 上午 spec.jbb.JBBmain DoARun -> 信息:   started user thread for Warehouse 91
1月 02, 2026 5:42:49 上午 spec.jbb.JBBmain DoARun -> 信息:   started user thread for Warehouse 92
1月 02, 2026 5:42:49 上午 spec.jbb.JBBmain DoARun -> 信息:   started user thread for Warehouse 93
1月 02, 2026 5:42:49 上午 spec.jbb.JBBmain DoARun -> 信息:   started user thread for Warehouse 94
1月 02, 2026 5:42:49 上午 spec.jbb.JBBmain DoARun -> 信息:   started user thread for Warehouse 95
1月 02, 2026 5:42:49 上午 spec.jbb.JBBmain DoARun -> 信息:   started user thread for Warehouse 96
1月 02, 2026 5:42:49 上午 spec.jbb.JBBmain DoARun -> 信息:   started user thread for Warehouse 97
1月 02, 2026 5:42:49 上午 spec.jbb.Company displayResultTotals -> 信息: Timing Measurement began Fri Jan 02 05:42:49 CST 2026 for 4 minutes
1月 02, 2026 5:46:49 上午 spec.jbb.Company displayResultTotals -> 信息: Timing Measurement ended Fri Jan 02 05:46:49 CST 2026
1月 02, 2026 5:46:49 上午 spec.jbb.Company primeWithDummyData -> 信息: Loading Warehouse 98...
1月 02, 2026 5:46:50 上午 spec.jbb.JBBmain DoARun -> 信息: Start User Threads
1月 02, 2026 5:46:50 上午 spec.jbb.JBBmain DoARun -> 信息:   started user thread for Warehouse 1
1月 02, 2026 5:46:50 上午 spec.jbb.JBBmain DoARun -> 信息:   started user thread for Warehouse 2
1月 02, 2026 5:46:50 上午 spec.jbb.JBBmain DoARun -> 信息:   started user thread for Warehouse 3
1月 02, 2026 5:46:50 上午 spec.jbb.JBBmain DoARun -> 信息:   started user thread for Warehouse 4
1月 02, 2026 5:46:50 上午 spec.jbb.JBBmain DoARun -> 信息:   started user thread for Warehouse 5
1月 02, 2026 5:46:50 上午 spec.jbb.JBBmain DoARun -> 信息:   started user thread for Warehouse 6
1月 02, 2026 5:46:50 上午 spec.jbb.JBBmain DoARun -> 信息:   started user thread for Warehouse 7
1月 02, 2026 5:46:50 上午 spec.jbb.JBBmain DoARun -> 信息:   started user thread for Warehouse 8
1月 02, 2026 5:46:50 上午 spec.jbb.JBBmain DoARun -> 信息:   started user thread for Warehouse 9
1月 02, 2026 5:46:50 上午 spec.jbb.JBBmain DoARun -> 信息:   started user thread for Warehouse 10
1月 02, 2026 5:46:50 上午 spec.jbb.JBBmain DoARun -> 信息:   started user thread for Warehouse 11
1月 02, 2026 5:46:50 上午 spec.jbb.JBBmain DoARun -> 信息:   started user thread for Warehouse 12
1月 02, 2026 5:46:50 上午 spec.jbb.JBBmain DoARun -> 信息:   started user thread for Warehouse 13
1月 02, 2026 5:46:50 上午 spec.jbb.JBBmain DoARun -> 信息:   started user thread for Warehouse 14
1月 02, 2026 5:46:50 上午 spec.jbb.JBBmain DoARun -> 信息:   started user thread for Warehouse 15
1月 02, 2026 5:46:50 上午 spec.jbb.JBBmain DoARun -> 信息:   started user thread for Warehouse 16
1月 02, 2026 5:46:50 上午 spec.jbb.JBBmain DoARun -> 信息:   started user thread for Warehouse 17
1月 02, 2026 5:46:50 上午 spec.jbb.JBBmain DoARun -> 信息:   started user thread for Warehouse 18
1月 02, 2026 5:46:50 上午 spec.jbb.JBBmain DoARun -> 信息:   started user thread for Warehouse 19
1月 02, 2026 5:46:50 上午 spec.jbb.JBBmain DoARun -> 信息:   started user thread for Warehouse 20
1月 02, 2026 5:46:50 上午 spec.jbb.JBBmain DoARun -> 信息:   started user thread for Warehouse 21
1月 02, 2026 5:46:50 上午 spec.jbb.JBBmain DoARun -> 信息:   started user thread for Warehouse 22
1月 02, 2026 5:46:50 上午 spec.jbb.JBBmain DoARun -> 信息:   started user thread for Warehouse 23
1月 02, 2026 5:46:50 上午 spec.jbb.JBBmain DoARun -> 信息:   started user thread for Warehouse 24
1月 02, 2026 5:46:50 上午 spec.jbb.JBBmain DoARun -> 信息:   started user thread for Warehouse 25
1月 02, 2026 5:46:50 上午 spec.jbb.JBBmain DoARun -> 信息:   started user thread for Warehouse 26
1月 02, 2026 5:46:50 上午 spec.jbb.JBBmain DoARun -> 信息:   started user thread for Warehouse 27
1月 02, 2026 5:46:50 上午 spec.jbb.JBBmain DoARun -> 信息:   started user thread for Warehouse 28
1月 02, 2026 5:46:50 上午 spec.jbb.JBBmain DoARun -> 信息:   started user thread for Warehouse 29
1月 02, 2026 5:46:50 上午 spec.jbb.JBBmain DoARun -> 信息:   started user thread for Warehouse 30
1月 02, 2026 5:46:50 上午 spec.jbb.JBBmain DoARun -> 信息:   started user thread for Warehouse 31
1月 02, 2026 5:46:50 上午 spec.jbb.JBBmain DoARun -> 信息:   started user thread for Warehouse 32
1月 02, 2026 5:46:50 上午 spec.jbb.JBBmain DoARun -> 信息:   started user thread for Warehouse 33
1月 02, 2026 5:46:50 上午 spec.jbb.JBBmain DoARun -> 信息:   started user thread for Warehouse 34
1月 02, 2026 5:46:50 上午 spec.jbb.JBBmain DoARun -> 信息:   started user thread for Warehouse 35
1月 02, 2026 5:46:50 上午 spec.jbb.JBBmain DoARun -> 信息:   started user thread for Warehouse 36
1月 02, 2026 5:46:50 上午 spec.jbb.JBBmain DoARun -> 信息:   started user thread for Warehouse 37
1月 02, 2026 5:46:50 上午 spec.jbb.JBBmain DoARun -> 信息:   started user thread for Warehouse 38
1月 02, 2026 5:46:50 上午 spec.jbb.JBBmain DoARun -> 信息:   started user thread for Warehouse 39
1月 02, 2026 5:46:50 上午 spec.jbb.JBBmain DoARun -> 信息:   started user thread for Warehouse 40
1月 02, 2026 5:46:50 上午 spec.jbb.JBBmain DoARun -> 信息:   started user thread for Warehouse 41
1月 02, 2026 5:46:50 上午 spec.jbb.JBBmain DoARun -> 信息:   started user thread for Warehouse 42
1月 02, 2026 5:46:50 上午 spec.jbb.JBBmain DoARun -> 信息:   started user thread for Warehouse 43
1月 02, 2026 5:46:50 上午 spec.jbb.JBBmain DoARun -> 信息:   started user thread for Warehouse 44
1月 02, 2026 5:46:50 上午 spec.jbb.JBBmain DoARun -> 信息:   started user thread for Warehouse 45
1月 02, 2026 5:46:50 上午 spec.jbb.JBBmain DoARun -> 信息:   started user thread for Warehouse 46
1月 02, 2026 5:46:50 上午 spec.jbb.JBBmain DoARun -> 信息:   started user thread for Warehouse 47
1月 02, 2026 5:46:50 上午 spec.jbb.JBBmain DoARun -> 信息:   started user thread for Warehouse 48
1月 02, 2026 5:46:50 上午 spec.jbb.JBBmain DoARun -> 信息:   started user thread for Warehouse 49
1月 02, 2026 5:46:50 上午 spec.jbb.JBBmain DoARun -> 信息:   started user thread for Warehouse 50
1月 02, 2026 5:46:50 上午 spec.jbb.JBBmain DoARun -> 信息:   started user thread for Warehouse 51
1月 02, 2026 5:46:50 上午 spec.jbb.JBBmain DoARun -> 信息:   started user thread for Warehouse 52
1月 02, 2026 5:46:50 上午 spec.jbb.JBBmain DoARun -> 信息:   started user thread for Warehouse 53
1月 02, 2026 5:46:50 上午 spec.jbb.JBBmain DoARun -> 信息:   started user thread for Warehouse 54
1月 02, 2026 5:46:50 上午 spec.jbb.JBBmain DoARun -> 信息:   started user thread for Warehouse 55
1月 02, 2026 5:46:50 上午 spec.jbb.JBBmain DoARun -> 信息:   started user thread for Warehouse 56
1月 02, 2026 5:46:50 上午 spec.jbb.JBBmain DoARun -> 信息:   started user thread for Warehouse 57
1月 02, 2026 5:46:50 上午 spec.jbb.JBBmain DoARun -> 信息:   started user thread for Warehouse 58
1月 02, 2026 5:46:50 上午 spec.jbb.JBBmain DoARun -> 信息:   started user thread for Warehouse 59
1月 02, 2026 5:46:50 上午 spec.jbb.JBBmain DoARun -> 信息:   started user thread for Warehouse 60
1月 02, 2026 5:46:50 上午 spec.jbb.JBBmain DoARun -> 信息:   started user thread for Warehouse 61
1月 02, 2026 5:46:50 上午 spec.jbb.JBBmain DoARun -> 信息:   started user thread for Warehouse 62
1月 02, 2026 5:46:50 上午 spec.jbb.JBBmain DoARun -> 信息:   started user thread for Warehouse 63
1月 02, 2026 5:46:50 上午 spec.jbb.JBBmain DoARun -> 信息:   started user thread for Warehouse 64
1月 02, 2026 5:46:50 上午 spec.jbb.JBBmain DoARun -> 信息:   started user thread for Warehouse 65
1月 02, 2026 5:46:50 上午 spec.jbb.JBBmain DoARun -> 信息:   started user thread for Warehouse 66
1月 02, 2026 5:46:50 上午 spec.jbb.JBBmain DoARun -> 信息:   started user thread for Warehouse 67
1月 02, 2026 5:46:50 上午 spec.jbb.JBBmain DoARun -> 信息:   started user thread for Warehouse 68
1月 02, 2026 5:46:50 上午 spec.jbb.JBBmain DoARun -> 信息:   started user thread for Warehouse 69
1月 02, 2026 5:46:50 上午 spec.jbb.JBBmain DoARun -> 信息:   started user thread for Warehouse 70
1月 02, 2026 5:46:50 上午 spec.jbb.JBBmain DoARun -> 信息:   started user thread for Warehouse 71
1月 02, 2026 5:46:50 上午 spec.jbb.JBBmain DoARun -> 信息:   started user thread for Warehouse 72
1月 02, 2026 5:46:50 上午 spec.jbb.JBBmain DoARun -> 信息:   started user thread for Warehouse 73
1月 02, 2026 5:46:50 上午 spec.jbb.JBBmain DoARun -> 信息:   started user thread for Warehouse 74
1月 02, 2026 5:46:50 上午 spec.jbb.JBBmain DoARun -> 信息:   started user thread for Warehouse 75
1月 02, 2026 5:46:50 上午 spec.jbb.JBBmain DoARun -> 信息:   started user thread for Warehouse 76
1月 02, 2026 5:46:50 上午 spec.jbb.JBBmain DoARun -> 信息:   started user thread for Warehouse 77
1月 02, 2026 5:46:50 上午 spec.jbb.JBBmain DoARun -> 信息:   started user thread for Warehouse 78
1月 02, 2026 5:46:50 上午 spec.jbb.JBBmain DoARun -> 信息:   started user thread for Warehouse 79
1月 02, 2026 5:46:50 上午 spec.jbb.JBBmain DoARun -> 信息:   started user thread for Warehouse 80
1月 02, 2026 5:46:50 上午 spec.jbb.JBBmain DoARun -> 信息:   started user thread for Warehouse 81
1月 02, 2026 5:46:50 上午 spec.jbb.JBBmain DoARun -> 信息:   started user thread for Warehouse 82
1月 02, 2026 5:46:50 上午 spec.jbb.JBBmain DoARun -> 信息:   started user thread for Warehouse 83
1月 02, 2026 5:46:50 上午 spec.jbb.JBBmain DoARun -> 信息:   started user thread for Warehouse 84
1月 02, 2026 5:46:50 上午 spec.jbb.JBBmain DoARun -> 信息:   started user thread for Warehouse 85
1月 02, 2026 5:46:50 上午 spec.jbb.JBBmain DoARun -> 信息:   started user thread for Warehouse 86
1月 02, 2026 5:46:50 上午 spec.jbb.JBBmain DoARun -> 信息:   started user thread for Warehouse 87
1月 02, 2026 5:46:50 上午 spec.jbb.JBBmain DoARun -> 信息:   started user thread for Warehouse 88
1月 02, 2026 5:46:50 上午 spec.jbb.JBBmain DoARun -> 信息:   started user thread for Warehouse 89
1月 02, 2026 5:46:50 上午 spec.jbb.JBBmain DoARun -> 信息:   started user thread for Warehouse 90
1月 02, 2026 5:46:50 上午 spec.jbb.JBBmain DoARun -> 信息:   started user thread for Warehouse 91
1月 02, 2026 5:46:50 上午 spec.jbb.JBBmain DoARun -> 信息:   started user thread for Warehouse 92
1月 02, 2026 5:46:50 上午 spec.jbb.JBBmain DoARun -> 信息:   started user thread for Warehouse 93
1月 02, 2026 5:46:50 上午 spec.jbb.JBBmain DoARun -> 信息:   started user thread for Warehouse 94
1月 02, 2026 5:46:50 上午 spec.jbb.JBBmain DoARun -> 信息:   started user thread for Warehouse 95
1月 02, 2026 5:46:50 上午 spec.jbb.JBBmain DoARun -> 信息:   started user thread for Warehouse 96
1月 02, 2026 5:46:50 上午 spec.jbb.JBBmain DoARun -> 信息:   started user thread for Warehouse 97
1月 02, 2026 5:46:50 上午 spec.jbb.JBBmain DoARun -> 信息:   started user thread for Warehouse 98
1月 02, 2026 5:46:50 上午 spec.jbb.Company displayResultTotals -> 信息: Timing Measurement began Fri Jan 02 05:46:50 CST 2026 for 4 minutes
1月 02, 2026 5:50:50 上午 spec.jbb.Company displayResultTotals -> 信息: Timing Measurement ended Fri Jan 02 05:50:50 CST 2026
1月 02, 2026 5:50:50 上午 spec.jbb.Company primeWithDummyData -> 信息: Loading Warehouse 99...
1月 02, 2026 5:50:50 上午 spec.jbb.JBBmain DoARun -> 信息: Start User Threads
1月 02, 2026 5:50:50 上午 spec.jbb.JBBmain DoARun -> 信息:   started user thread for Warehouse 1
1月 02, 2026 5:50:50 上午 spec.jbb.JBBmain DoARun -> 信息:   started user thread for Warehouse 2
1月 02, 2026 5:50:50 上午 spec.jbb.JBBmain DoARun -> 信息:   started user thread for Warehouse 3
1月 02, 2026 5:50:50 上午 spec.jbb.JBBmain DoARun -> 信息:   started user thread for Warehouse 4
1月 02, 2026 5:50:50 上午 spec.jbb.JBBmain DoARun -> 信息:   started user thread for Warehouse 5
1月 02, 2026 5:50:50 上午 spec.jbb.JBBmain DoARun -> 信息:   started user thread for Warehouse 6
1月 02, 2026 5:50:50 上午 spec.jbb.JBBmain DoARun -> 信息:   started user thread for Warehouse 7
1月 02, 2026 5:50:50 上午 spec.jbb.JBBmain DoARun -> 信息:   started user thread for Warehouse 8
1月 02, 2026 5:50:50 上午 spec.jbb.JBBmain DoARun -> 信息:   started user thread for Warehouse 9
1月 02, 2026 5:50:50 上午 spec.jbb.JBBmain DoARun -> 信息:   started user thread for Warehouse 10
1月 02, 2026 5:50:50 上午 spec.jbb.JBBmain DoARun -> 信息:   started user thread for Warehouse 11
1月 02, 2026 5:50:50 上午 spec.jbb.JBBmain DoARun -> 信息:   started user thread for Warehouse 12
1月 02, 2026 5:50:50 上午 spec.jbb.JBBmain DoARun -> 信息:   started user thread for Warehouse 13
1月 02, 2026 5:50:50 上午 spec.jbb.JBBmain DoARun -> 信息:   started user thread for Warehouse 14
1月 02, 2026 5:50:50 上午 spec.jbb.JBBmain DoARun -> 信息:   started user thread for Warehouse 15
1月 02, 2026 5:50:50 上午 spec.jbb.JBBmain DoARun -> 信息:   started user thread for Warehouse 16
1月 02, 2026 5:50:50 上午 spec.jbb.JBBmain DoARun -> 信息:   started user thread for Warehouse 17
1月 02, 2026 5:50:50 上午 spec.jbb.JBBmain DoARun -> 信息:   started user thread for Warehouse 18
1月 02, 2026 5:50:50 上午 spec.jbb.JBBmain DoARun -> 信息:   started user thread for Warehouse 19
1月 02, 2026 5:50:50 上午 spec.jbb.JBBmain DoARun -> 信息:   started user thread for Warehouse 20
1月 02, 2026 5:50:50 上午 spec.jbb.JBBmain DoARun -> 信息:   started user thread for Warehouse 21
1月 02, 2026 5:50:50 上午 spec.jbb.JBBmain DoARun -> 信息:   started user thread for Warehouse 22
1月 02, 2026 5:50:50 上午 spec.jbb.JBBmain DoARun -> 信息:   started user thread for Warehouse 23
1月 02, 2026 5:50:50 上午 spec.jbb.JBBmain DoARun -> 信息:   started user thread for Warehouse 24
1月 02, 2026 5:50:50 上午 spec.jbb.JBBmain DoARun -> 信息:   started user thread for Warehouse 25
1月 02, 2026 5:50:50 上午 spec.jbb.JBBmain DoARun -> 信息:   started user thread for Warehouse 26
1月 02, 2026 5:50:50 上午 spec.jbb.JBBmain DoARun -> 信息:   started user thread for Warehouse 27
1月 02, 2026 5:50:50 上午 spec.jbb.JBBmain DoARun -> 信息:   started user thread for Warehouse 28
1月 02, 2026 5:50:50 上午 spec.jbb.JBBmain DoARun -> 信息:   started user thread for Warehouse 29
1月 02, 2026 5:50:50 上午 spec.jbb.JBBmain DoARun -> 信息:   started user thread for Warehouse 30
1月 02, 2026 5:50:50 上午 spec.jbb.JBBmain DoARun -> 信息:   started user thread for Warehouse 31
1月 02, 2026 5:50:50 上午 spec.jbb.JBBmain DoARun -> 信息:   started user thread for Warehouse 32
1月 02, 2026 5:50:50 上午 spec.jbb.JBBmain DoARun -> 信息:   started user thread for Warehouse 33
1月 02, 2026 5:50:50 上午 spec.jbb.JBBmain DoARun -> 信息:   started user thread for Warehouse 34
1月 02, 2026 5:50:50 上午 spec.jbb.JBBmain DoARun -> 信息:   started user thread for Warehouse 35
1月 02, 2026 5:50:50 上午 spec.jbb.JBBmain DoARun -> 信息:   started user thread for Warehouse 36
1月 02, 2026 5:50:50 上午 spec.jbb.JBBmain DoARun -> 信息:   started user thread for Warehouse 37
1月 02, 2026 5:50:50 上午 spec.jbb.JBBmain DoARun -> 信息:   started user thread for Warehouse 38
1月 02, 2026 5:50:50 上午 spec.jbb.JBBmain DoARun -> 信息:   started user thread for Warehouse 39
1月 02, 2026 5:50:50 上午 spec.jbb.JBBmain DoARun -> 信息:   started user thread for Warehouse 40
1月 02, 2026 5:50:50 上午 spec.jbb.JBBmain DoARun -> 信息:   started user thread for Warehouse 41
1月 02, 2026 5:50:50 上午 spec.jbb.JBBmain DoARun -> 信息:   started user thread for Warehouse 42
1月 02, 2026 5:50:50 上午 spec.jbb.JBBmain DoARun -> 信息:   started user thread for Warehouse 43
1月 02, 2026 5:50:50 上午 spec.jbb.JBBmain DoARun -> 信息:   started user thread for Warehouse 44
1月 02, 2026 5:50:50 上午 spec.jbb.JBBmain DoARun -> 信息:   started user thread for Warehouse 45
1月 02, 2026 5:50:50 上午 spec.jbb.JBBmain DoARun -> 信息:   started user thread for Warehouse 46
1月 02, 2026 5:50:50 上午 spec.jbb.JBBmain DoARun -> 信息:   started user thread for Warehouse 47
1月 02, 2026 5:50:50 上午 spec.jbb.JBBmain DoARun -> 信息:   started user thread for Warehouse 48
1月 02, 2026 5:50:50 上午 spec.jbb.JBBmain DoARun -> 信息:   started user thread for Warehouse 49
1月 02, 2026 5:50:50 上午 spec.jbb.JBBmain DoARun -> 信息:   started user thread for Warehouse 50
1月 02, 2026 5:50:50 上午 spec.jbb.JBBmain DoARun -> 信息:   started user thread for Warehouse 51
1月 02, 2026 5:50:50 上午 spec.jbb.JBBmain DoARun -> 信息:   started user thread for Warehouse 52
1月 02, 2026 5:50:50 上午 spec.jbb.JBBmain DoARun -> 信息:   started user thread for Warehouse 53
1月 02, 2026 5:50:50 上午 spec.jbb.JBBmain DoARun -> 信息:   started user thread for Warehouse 54
1月 02, 2026 5:50:50 上午 spec.jbb.JBBmain DoARun -> 信息:   started user thread for Warehouse 55
1月 02, 2026 5:50:50 上午 spec.jbb.JBBmain DoARun -> 信息:   started user thread for Warehouse 56
1月 02, 2026 5:50:50 上午 spec.jbb.JBBmain DoARun -> 信息:   started user thread for Warehouse 57
1月 02, 2026 5:50:50 上午 spec.jbb.JBBmain DoARun -> 信息:   started user thread for Warehouse 58
1月 02, 2026 5:50:50 上午 spec.jbb.JBBmain DoARun -> 信息:   started user thread for Warehouse 59
1月 02, 2026 5:50:50 上午 spec.jbb.JBBmain DoARun -> 信息:   started user thread for Warehouse 60
1月 02, 2026 5:50:50 上午 spec.jbb.JBBmain DoARun -> 信息:   started user thread for Warehouse 61
1月 02, 2026 5:50:50 上午 spec.jbb.JBBmain DoARun -> 信息:   started user thread for Warehouse 62
1月 02, 2026 5:50:50 上午 spec.jbb.JBBmain DoARun -> 信息:   started user thread for Warehouse 63
1月 02, 2026 5:50:50 上午 spec.jbb.JBBmain DoARun -> 信息:   started user thread for Warehouse 64
1月 02, 2026 5:50:50 上午 spec.jbb.JBBmain DoARun -> 信息:   started user thread for Warehouse 65
1月 02, 2026 5:50:50 上午 spec.jbb.JBBmain DoARun -> 信息:   started user thread for Warehouse 66
1月 02, 2026 5:50:50 上午 spec.jbb.JBBmain DoARun -> 信息:   started user thread for Warehouse 67
1月 02, 2026 5:50:50 上午 spec.jbb.JBBmain DoARun -> 信息:   started user thread for Warehouse 68
1月 02, 2026 5:50:50 上午 spec.jbb.JBBmain DoARun -> 信息:   started user thread for Warehouse 69
1月 02, 2026 5:50:50 上午 spec.jbb.JBBmain DoARun -> 信息:   started user thread for Warehouse 70
1月 02, 2026 5:50:50 上午 spec.jbb.JBBmain DoARun -> 信息:   started user thread for Warehouse 71
1月 02, 2026 5:50:50 上午 spec.jbb.JBBmain DoARun -> 信息:   started user thread for Warehouse 72
1月 02, 2026 5:50:50 上午 spec.jbb.JBBmain DoARun -> 信息:   started user thread for Warehouse 73
1月 02, 2026 5:50:50 上午 spec.jbb.JBBmain DoARun -> 信息:   started user thread for Warehouse 74
1月 02, 2026 5:50:50 上午 spec.jbb.JBBmain DoARun -> 信息:   started user thread for Warehouse 75
1月 02, 2026 5:50:50 上午 spec.jbb.JBBmain DoARun -> 信息:   started user thread for Warehouse 76
1月 02, 2026 5:50:50 上午 spec.jbb.JBBmain DoARun -> 信息:   started user thread for Warehouse 77
1月 02, 2026 5:50:50 上午 spec.jbb.JBBmain DoARun -> 信息:   started user thread for Warehouse 78
1月 02, 2026 5:50:50 上午 spec.jbb.JBBmain DoARun -> 信息:   started user thread for Warehouse 79
1月 02, 2026 5:50:50 上午 spec.jbb.JBBmain DoARun -> 信息:   started user thread for Warehouse 80
1月 02, 2026 5:50:50 上午 spec.jbb.JBBmain DoARun -> 信息:   started user thread for Warehouse 81
1月 02, 2026 5:50:50 上午 spec.jbb.JBBmain DoARun -> 信息:   started user thread for Warehouse 82
1月 02, 2026 5:50:50 上午 spec.jbb.JBBmain DoARun -> 信息:   started user thread for Warehouse 83
1月 02, 2026 5:50:50 上午 spec.jbb.JBBmain DoARun -> 信息:   started user thread for Warehouse 84
1月 02, 2026 5:50:50 上午 spec.jbb.JBBmain DoARun -> 信息:   started user thread for Warehouse 85
1月 02, 2026 5:50:50 上午 spec.jbb.JBBmain DoARun -> 信息:   started user thread for Warehouse 86
1月 02, 2026 5:50:50 上午 spec.jbb.JBBmain DoARun -> 信息:   started user thread for Warehouse 87
1月 02, 2026 5:50:50 上午 spec.jbb.JBBmain DoARun -> 信息:   started user thread for Warehouse 88
1月 02, 2026 5:50:50 上午 spec.jbb.JBBmain DoARun -> 信息:   started user thread for Warehouse 89
1月 02, 2026 5:50:50 上午 spec.jbb.JBBmain DoARun -> 信息:   started user thread for Warehouse 90
1月 02, 2026 5:50:50 上午 spec.jbb.JBBmain DoARun -> 信息:   started user thread for Warehouse 91
1月 02, 2026 5:50:50 上午 spec.jbb.JBBmain DoARun -> 信息:   started user thread for Warehouse 92
1月 02, 2026 5:50:50 上午 spec.jbb.JBBmain DoARun -> 信息:   started user thread for Warehouse 93
1月 02, 2026 5:50:50 上午 spec.jbb.JBBmain DoARun -> 信息:   started user thread for Warehouse 94
1月 02, 2026 5:50:50 上午 spec.jbb.JBBmain DoARun -> 信息:   started user thread for Warehouse 95
1月 02, 2026 5:50:50 上午 spec.jbb.JBBmain DoARun -> 信息:   started user thread for Warehouse 96
1月 02, 2026 5:50:50 上午 spec.jbb.JBBmain DoARun -> 信息:   started user thread for Warehouse 97
1月 02, 2026 5:50:50 上午 spec.jbb.JBBmain DoARun -> 信息:   started user thread for Warehouse 98
1月 02, 2026 5:50:50 上午 spec.jbb.JBBmain DoARun -> 信息:   started user thread for Warehouse 99
1月 02, 2026 5:50:50 上午 spec.jbb.Company displayResultTotals -> 信息: Timing Measurement began Fri Jan 02 05:50:50 CST 2026 for 4 minutes
1月 02, 2026 5:54:50 上午 spec.jbb.Company displayResultTotals -> 信息: Timing Measurement ended Fri Jan 02 05:54:50 CST 2026
1月 02, 2026 5:54:50 上午 spec.jbb.Company primeWithDummyData -> 信息: Loading Warehouse 100...
1月 02, 2026 5:54:50 上午 spec.jbb.JBBmain DoARun -> 信息: Start User Threads
1月 02, 2026 5:54:50 上午 spec.jbb.JBBmain DoARun -> 信息:   started user thread for Warehouse 1
1月 02, 2026 5:54:50 上午 spec.jbb.JBBmain DoARun -> 信息:   started user thread for Warehouse 2
1月 02, 2026 5:54:50 上午 spec.jbb.JBBmain DoARun -> 信息:   started user thread for Warehouse 3
1月 02, 2026 5:54:50 上午 spec.jbb.JBBmain DoARun -> 信息:   started user thread for Warehouse 4
1月 02, 2026 5:54:50 上午 spec.jbb.JBBmain DoARun -> 信息:   started user thread for Warehouse 5
1月 02, 2026 5:54:50 上午 spec.jbb.JBBmain DoARun -> 信息:   started user thread for Warehouse 6
1月 02, 2026 5:54:50 上午 spec.jbb.JBBmain DoARun -> 信息:   started user thread for Warehouse 7
1月 02, 2026 5:54:50 上午 spec.jbb.JBBmain DoARun -> 信息:   started user thread for Warehouse 8
1月 02, 2026 5:54:50 上午 spec.jbb.JBBmain DoARun -> 信息:   started user thread for Warehouse 9
1月 02, 2026 5:54:50 上午 spec.jbb.JBBmain DoARun -> 信息:   started user thread for Warehouse 10
1月 02, 2026 5:54:50 上午 spec.jbb.JBBmain DoARun -> 信息:   started user thread for Warehouse 11
1月 02, 2026 5:54:50 上午 spec.jbb.JBBmain DoARun -> 信息:   started user thread for Warehouse 12
1月 02, 2026 5:54:50 上午 spec.jbb.JBBmain DoARun -> 信息:   started user thread for Warehouse 13
1月 02, 2026 5:54:50 上午 spec.jbb.JBBmain DoARun -> 信息:   started user thread for Warehouse 14
1月 02, 2026 5:54:50 上午 spec.jbb.JBBmain DoARun -> 信息:   started user thread for Warehouse 15
1月 02, 2026 5:54:50 上午 spec.jbb.JBBmain DoARun -> 信息:   started user thread for Warehouse 16
1月 02, 2026 5:54:50 上午 spec.jbb.JBBmain DoARun -> 信息:   started user thread for Warehouse 17
1月 02, 2026 5:54:50 上午 spec.jbb.JBBmain DoARun -> 信息:   started user thread for Warehouse 18
1月 02, 2026 5:54:50 上午 spec.jbb.JBBmain DoARun -> 信息:   started user thread for Warehouse 19
1月 02, 2026 5:54:50 上午 spec.jbb.JBBmain DoARun -> 信息:   started user thread for Warehouse 20
1月 02, 2026 5:54:50 上午 spec.jbb.JBBmain DoARun -> 信息:   started user thread for Warehouse 21
1月 02, 2026 5:54:50 上午 spec.jbb.JBBmain DoARun -> 信息:   started user thread for Warehouse 22
1月 02, 2026 5:54:50 上午 spec.jbb.JBBmain DoARun -> 信息:   started user thread for Warehouse 23
1月 02, 2026 5:54:50 上午 spec.jbb.JBBmain DoARun -> 信息:   started user thread for Warehouse 24
1月 02, 2026 5:54:50 上午 spec.jbb.JBBmain DoARun -> 信息:   started user thread for Warehouse 25
1月 02, 2026 5:54:50 上午 spec.jbb.JBBmain DoARun -> 信息:   started user thread for Warehouse 26
1月 02, 2026 5:54:50 上午 spec.jbb.JBBmain DoARun -> 信息:   started user thread for Warehouse 27
1月 02, 2026 5:54:50 上午 spec.jbb.JBBmain DoARun -> 信息:   started user thread for Warehouse 28
1月 02, 2026 5:54:50 上午 spec.jbb.JBBmain DoARun -> 信息:   started user thread for Warehouse 29
1月 02, 2026 5:54:50 上午 spec.jbb.JBBmain DoARun -> 信息:   started user thread for Warehouse 30
1月 02, 2026 5:54:50 上午 spec.jbb.JBBmain DoARun -> 信息:   started user thread for Warehouse 31
1月 02, 2026 5:54:51 上午 spec.jbb.JBBmain DoARun -> 信息:   started user thread for Warehouse 32
1月 02, 2026 5:54:51 上午 spec.jbb.JBBmain DoARun -> 信息:   started user thread for Warehouse 33
1月 02, 2026 5:54:51 上午 spec.jbb.JBBmain DoARun -> 信息:   started user thread for Warehouse 34
1月 02, 2026 5:54:51 上午 spec.jbb.JBBmain DoARun -> 信息:   started user thread for Warehouse 35
1月 02, 2026 5:54:51 上午 spec.jbb.JBBmain DoARun -> 信息:   started user thread for Warehouse 36
1月 02, 2026 5:54:51 上午 spec.jbb.JBBmain DoARun -> 信息:   started user thread for Warehouse 37
1月 02, 2026 5:54:51 上午 spec.jbb.JBBmain DoARun -> 信息:   started user thread for Warehouse 38
1月 02, 2026 5:54:51 上午 spec.jbb.JBBmain DoARun -> 信息:   started user thread for Warehouse 39
1月 02, 2026 5:54:51 上午 spec.jbb.JBBmain DoARun -> 信息:   started user thread for Warehouse 40
1月 02, 2026 5:54:51 上午 spec.jbb.JBBmain DoARun -> 信息:   started user thread for Warehouse 41
1月 02, 2026 5:54:51 上午 spec.jbb.JBBmain DoARun -> 信息:   started user thread for Warehouse 42
1月 02, 2026 5:54:51 上午 spec.jbb.JBBmain DoARun -> 信息:   started user thread for Warehouse 43
1月 02, 2026 5:54:51 上午 spec.jbb.JBBmain DoARun -> 信息:   started user thread for Warehouse 44
1月 02, 2026 5:54:51 上午 spec.jbb.JBBmain DoARun -> 信息:   started user thread for Warehouse 45
1月 02, 2026 5:54:51 上午 spec.jbb.JBBmain DoARun -> 信息:   started user thread for Warehouse 46
1月 02, 2026 5:54:51 上午 spec.jbb.JBBmain DoARun -> 信息:   started user thread for Warehouse 47
1月 02, 2026 5:54:51 上午 spec.jbb.JBBmain DoARun -> 信息:   started user thread for Warehouse 48
1月 02, 2026 5:54:51 上午 spec.jbb.JBBmain DoARun -> 信息:   started user thread for Warehouse 49
1月 02, 2026 5:54:51 上午 spec.jbb.JBBmain DoARun -> 信息:   started user thread for Warehouse 50
1月 02, 2026 5:54:51 上午 spec.jbb.JBBmain DoARun -> 信息:   started user thread for Warehouse 51
1月 02, 2026 5:54:51 上午 spec.jbb.JBBmain DoARun -> 信息:   started user thread for Warehouse 52
1月 02, 2026 5:54:51 上午 spec.jbb.JBBmain DoARun -> 信息:   started user thread for Warehouse 53
1月 02, 2026 5:54:51 上午 spec.jbb.JBBmain DoARun -> 信息:   started user thread for Warehouse 54
1月 02, 2026 5:54:51 上午 spec.jbb.JBBmain DoARun -> 信息:   started user thread for Warehouse 55
1月 02, 2026 5:54:51 上午 spec.jbb.JBBmain DoARun -> 信息:   started user thread for Warehouse 56
1月 02, 2026 5:54:51 上午 spec.jbb.JBBmain DoARun -> 信息:   started user thread for Warehouse 57
1月 02, 2026 5:54:51 上午 spec.jbb.JBBmain DoARun -> 信息:   started user thread for Warehouse 58
1月 02, 2026 5:54:51 上午 spec.jbb.JBBmain DoARun -> 信息:   started user thread for Warehouse 59
1月 02, 2026 5:54:51 上午 spec.jbb.JBBmain DoARun -> 信息:   started user thread for Warehouse 60
1月 02, 2026 5:54:51 上午 spec.jbb.JBBmain DoARun -> 信息:   started user thread for Warehouse 61
1月 02, 2026 5:54:51 上午 spec.jbb.JBBmain DoARun -> 信息:   started user thread for Warehouse 62
1月 02, 2026 5:54:51 上午 spec.jbb.JBBmain DoARun -> 信息:   started user thread for Warehouse 63
1月 02, 2026 5:54:51 上午 spec.jbb.JBBmain DoARun -> 信息:   started user thread for Warehouse 64
1月 02, 2026 5:54:51 上午 spec.jbb.JBBmain DoARun -> 信息:   started user thread for Warehouse 65
1月 02, 2026 5:54:51 上午 spec.jbb.JBBmain DoARun -> 信息:   started user thread for Warehouse 66
1月 02, 2026 5:54:51 上午 spec.jbb.JBBmain DoARun -> 信息:   started user thread for Warehouse 67
1月 02, 2026 5:54:51 上午 spec.jbb.JBBmain DoARun -> 信息:   started user thread for Warehouse 68
1月 02, 2026 5:54:51 上午 spec.jbb.JBBmain DoARun -> 信息:   started user thread for Warehouse 69
1月 02, 2026 5:54:51 上午 spec.jbb.JBBmain DoARun -> 信息:   started user thread for Warehouse 70
1月 02, 2026 5:54:51 上午 spec.jbb.JBBmain DoARun -> 信息:   started user thread for Warehouse 71
1月 02, 2026 5:54:51 上午 spec.jbb.JBBmain DoARun -> 信息:   started user thread for Warehouse 72
1月 02, 2026 5:54:51 上午 spec.jbb.JBBmain DoARun -> 信息:   started user thread for Warehouse 73
1月 02, 2026 5:54:51 上午 spec.jbb.JBBmain DoARun -> 信息:   started user thread for Warehouse 74
1月 02, 2026 5:54:51 上午 spec.jbb.JBBmain DoARun -> 信息:   started user thread for Warehouse 75
1月 02, 2026 5:54:51 上午 spec.jbb.JBBmain DoARun -> 信息:   started user thread for Warehouse 76
1月 02, 2026 5:54:51 上午 spec.jbb.JBBmain DoARun -> 信息:   started user thread for Warehouse 77
1月 02, 2026 5:54:51 上午 spec.jbb.JBBmain DoARun -> 信息:   started user thread for Warehouse 78
1月 02, 2026 5:54:51 上午 spec.jbb.JBBmain DoARun -> 信息:   started user thread for Warehouse 79
1月 02, 2026 5:54:51 上午 spec.jbb.JBBmain DoARun -> 信息:   started user thread for Warehouse 80
1月 02, 2026 5:54:51 上午 spec.jbb.JBBmain DoARun -> 信息:   started user thread for Warehouse 81
1月 02, 2026 5:54:51 上午 spec.jbb.JBBmain DoARun -> 信息:   started user thread for Warehouse 82
1月 02, 2026 5:54:51 上午 spec.jbb.JBBmain DoARun -> 信息:   started user thread for Warehouse 83
1月 02, 2026 5:54:51 上午 spec.jbb.JBBmain DoARun -> 信息:   started user thread for Warehouse 84
1月 02, 2026 5:54:51 上午 spec.jbb.JBBmain DoARun -> 信息:   started user thread for Warehouse 85
1月 02, 2026 5:54:51 上午 spec.jbb.JBBmain DoARun -> 信息:   started user thread for Warehouse 86
1月 02, 2026 5:54:51 上午 spec.jbb.JBBmain DoARun -> 信息:   started user thread for Warehouse 87
1月 02, 2026 5:54:51 上午 spec.jbb.JBBmain DoARun -> 信息:   started user thread for Warehouse 88
1月 02, 2026 5:54:51 上午 spec.jbb.JBBmain DoARun -> 信息:   started user thread for Warehouse 89
1月 02, 2026 5:54:51 上午 spec.jbb.JBBmain DoARun -> 信息:   started user thread for Warehouse 90
1月 02, 2026 5:54:51 上午 spec.jbb.JBBmain DoARun -> 信息:   started user thread for Warehouse 91
1月 02, 2026 5:54:51 上午 spec.jbb.JBBmain DoARun -> 信息:   started user thread for Warehouse 92
1月 02, 2026 5:54:51 上午 spec.jbb.JBBmain DoARun -> 信息:   started user thread for Warehouse 93
1月 02, 2026 5:54:51 上午 spec.jbb.JBBmain DoARun -> 信息:   started user thread for Warehouse 94
1月 02, 2026 5:54:51 上午 spec.jbb.JBBmain DoARun -> 信息:   started user thread for Warehouse 95
1月 02, 2026 5:54:51 上午 spec.jbb.JBBmain DoARun -> 信息:   started user thread for Warehouse 96
1月 02, 2026 5:54:51 上午 spec.jbb.JBBmain DoARun -> 信息:   started user thread for Warehouse 97
1月 02, 2026 5:54:51 上午 spec.jbb.JBBmain DoARun -> 信息:   started user thread for Warehouse 98
1月 02, 2026 5:54:51 上午 spec.jbb.JBBmain DoARun -> 信息:   started user thread for Warehouse 99
1月 02, 2026 5:54:51 上午 spec.jbb.JBBmain DoARun -> 信息:   started user thread for Warehouse 100
1月 02, 2026 5:54:51 上午 spec.jbb.Company displayResultTotals -> 信息: Timing Measurement began Fri Jan 02 05:54:51 CST 2026 for 4 minutes
1月 02, 2026 5:58:51 上午 spec.jbb.Company displayResultTotals -> 信息: Timing Measurement ended Fri Jan 02 05:58:51 CST 2026
1月 02, 2026 5:58:51 上午 spec.jbb.Company primeWithDummyData -> 信息: Loading Warehouse 101...
1月 02, 2026 5:58:51 上午 spec.jbb.JBBmain DoARun -> 信息: Start User Threads
1月 02, 2026 5:58:51 上午 spec.jbb.JBBmain DoARun -> 信息:   started user thread for Warehouse 1
1月 02, 2026 5:58:51 上午 spec.jbb.JBBmain DoARun -> 信息:   started user thread for Warehouse 2
1月 02, 2026 5:58:51 上午 spec.jbb.JBBmain DoARun -> 信息:   started user thread for Warehouse 3
1月 02, 2026 5:58:51 上午 spec.jbb.JBBmain DoARun -> 信息:   started user thread for Warehouse 4
1月 02, 2026 5:58:51 上午 spec.jbb.JBBmain DoARun -> 信息:   started user thread for Warehouse 5
1月 02, 2026 5:58:51 上午 spec.jbb.JBBmain DoARun -> 信息:   started user thread for Warehouse 6
1月 02, 2026 5:58:51 上午 spec.jbb.JBBmain DoARun -> 信息:   started user thread for Warehouse 7
1月 02, 2026 5:58:51 上午 spec.jbb.JBBmain DoARun -> 信息:   started user thread for Warehouse 8
1月 02, 2026 5:58:51 上午 spec.jbb.JBBmain DoARun -> 信息:   started user thread for Warehouse 9
1月 02, 2026 5:58:51 上午 spec.jbb.JBBmain DoARun -> 信息:   started user thread for Warehouse 10
1月 02, 2026 5:58:51 上午 spec.jbb.JBBmain DoARun -> 信息:   started user thread for Warehouse 11
1月 02, 2026 5:58:51 上午 spec.jbb.JBBmain DoARun -> 信息:   started user thread for Warehouse 12
1月 02, 2026 5:58:51 上午 spec.jbb.JBBmain DoARun -> 信息:   started user thread for Warehouse 13
1月 02, 2026 5:58:51 上午 spec.jbb.JBBmain DoARun -> 信息:   started user thread for Warehouse 14
1月 02, 2026 5:58:51 上午 spec.jbb.JBBmain DoARun -> 信息:   started user thread for Warehouse 15
1月 02, 2026 5:58:51 上午 spec.jbb.JBBmain DoARun -> 信息:   started user thread for Warehouse 16
1月 02, 2026 5:58:51 上午 spec.jbb.JBBmain DoARun -> 信息:   started user thread for Warehouse 17
1月 02, 2026 5:58:51 上午 spec.jbb.JBBmain DoARun -> 信息:   started user thread for Warehouse 18
1月 02, 2026 5:58:51 上午 spec.jbb.JBBmain DoARun -> 信息:   started user thread for Warehouse 19
1月 02, 2026 5:58:51 上午 spec.jbb.JBBmain DoARun -> 信息:   started user thread for Warehouse 20
1月 02, 2026 5:58:51 上午 spec.jbb.JBBmain DoARun -> 信息:   started user thread for Warehouse 21
1月 02, 2026 5:58:51 上午 spec.jbb.JBBmain DoARun -> 信息:   started user thread for Warehouse 22
1月 02, 2026 5:58:51 上午 spec.jbb.JBBmain DoARun -> 信息:   started user thread for Warehouse 23
1月 02, 2026 5:58:51 上午 spec.jbb.JBBmain DoARun -> 信息:   started user thread for Warehouse 24
1月 02, 2026 5:58:51 上午 spec.jbb.JBBmain DoARun -> 信息:   started user thread for Warehouse 25
1月 02, 2026 5:58:51 上午 spec.jbb.JBBmain DoARun -> 信息:   started user thread for Warehouse 26
1月 02, 2026 5:58:51 上午 spec.jbb.JBBmain DoARun -> 信息:   started user thread for Warehouse 27
1月 02, 2026 5:58:51 上午 spec.jbb.JBBmain DoARun -> 信息:   started user thread for Warehouse 28
1月 02, 2026 5:58:51 上午 spec.jbb.JBBmain DoARun -> 信息:   started user thread for Warehouse 29
1月 02, 2026 5:58:51 上午 spec.jbb.JBBmain DoARun -> 信息:   started user thread for Warehouse 30
1月 02, 2026 5:58:51 上午 spec.jbb.JBBmain DoARun -> 信息:   started user thread for Warehouse 31
1月 02, 2026 5:58:51 上午 spec.jbb.JBBmain DoARun -> 信息:   started user thread for Warehouse 32
1月 02, 2026 5:58:51 上午 spec.jbb.JBBmain DoARun -> 信息:   started user thread for Warehouse 33
1月 02, 2026 5:58:51 上午 spec.jbb.JBBmain DoARun -> 信息:   started user thread for Warehouse 34
1月 02, 2026 5:58:51 上午 spec.jbb.JBBmain DoARun -> 信息:   started user thread for Warehouse 35
1月 02, 2026 5:58:51 上午 spec.jbb.JBBmain DoARun -> 信息:   started user thread for Warehouse 36
1月 02, 2026 5:58:51 上午 spec.jbb.JBBmain DoARun -> 信息:   started user thread for Warehouse 37
1月 02, 2026 5:58:51 上午 spec.jbb.JBBmain DoARun -> 信息:   started user thread for Warehouse 38
1月 02, 2026 5:58:51 上午 spec.jbb.JBBmain DoARun -> 信息:   started user thread for Warehouse 39
1月 02, 2026 5:58:51 上午 spec.jbb.JBBmain DoARun -> 信息:   started user thread for Warehouse 40
1月 02, 2026 5:58:51 上午 spec.jbb.JBBmain DoARun -> 信息:   started user thread for Warehouse 41
1月 02, 2026 5:58:51 上午 spec.jbb.JBBmain DoARun -> 信息:   started user thread for Warehouse 42
1月 02, 2026 5:58:51 上午 spec.jbb.JBBmain DoARun -> 信息:   started user thread for Warehouse 43
1月 02, 2026 5:58:51 上午 spec.jbb.JBBmain DoARun -> 信息:   started user thread for Warehouse 44
1月 02, 2026 5:58:51 上午 spec.jbb.JBBmain DoARun -> 信息:   started user thread for Warehouse 45
1月 02, 2026 5:58:51 上午 spec.jbb.JBBmain DoARun -> 信息:   started user thread for Warehouse 46
1月 02, 2026 5:58:51 上午 spec.jbb.JBBmain DoARun -> 信息:   started user thread for Warehouse 47
1月 02, 2026 5:58:51 上午 spec.jbb.JBBmain DoARun -> 信息:   started user thread for Warehouse 48
1月 02, 2026 5:58:51 上午 spec.jbb.JBBmain DoARun -> 信息:   started user thread for Warehouse 49
1月 02, 2026 5:58:51 上午 spec.jbb.JBBmain DoARun -> 信息:   started user thread for Warehouse 50
1月 02, 2026 5:58:51 上午 spec.jbb.JBBmain DoARun -> 信息:   started user thread for Warehouse 51
1月 02, 2026 5:58:51 上午 spec.jbb.JBBmain DoARun -> 信息:   started user thread for Warehouse 52
1月 02, 2026 5:58:51 上午 spec.jbb.JBBmain DoARun -> 信息:   started user thread for Warehouse 53
1月 02, 2026 5:58:51 上午 spec.jbb.JBBmain DoARun -> 信息:   started user thread for Warehouse 54
1月 02, 2026 5:58:51 上午 spec.jbb.JBBmain DoARun -> 信息:   started user thread for Warehouse 55
1月 02, 2026 5:58:51 上午 spec.jbb.JBBmain DoARun -> 信息:   started user thread for Warehouse 56
1月 02, 2026 5:58:51 上午 spec.jbb.JBBmain DoARun -> 信息:   started user thread for Warehouse 57
1月 02, 2026 5:58:51 上午 spec.jbb.JBBmain DoARun -> 信息:   started user thread for Warehouse 58
1月 02, 2026 5:58:51 上午 spec.jbb.JBBmain DoARun -> 信息:   started user thread for Warehouse 59
1月 02, 2026 5:58:51 上午 spec.jbb.JBBmain DoARun -> 信息:   started user thread for Warehouse 60
1月 02, 2026 5:58:51 上午 spec.jbb.JBBmain DoARun -> 信息:   started user thread for Warehouse 61
1月 02, 2026 5:58:51 上午 spec.jbb.JBBmain DoARun -> 信息:   started user thread for Warehouse 62
1月 02, 2026 5:58:51 上午 spec.jbb.JBBmain DoARun -> 信息:   started user thread for Warehouse 63
1月 02, 2026 5:58:51 上午 spec.jbb.JBBmain DoARun -> 信息:   started user thread for Warehouse 64
1月 02, 2026 5:58:51 上午 spec.jbb.JBBmain DoARun -> 信息:   started user thread for Warehouse 65
1月 02, 2026 5:58:51 上午 spec.jbb.JBBmain DoARun -> 信息:   started user thread for Warehouse 66
1月 02, 2026 5:58:51 上午 spec.jbb.JBBmain DoARun -> 信息:   started user thread for Warehouse 67
1月 02, 2026 5:58:51 上午 spec.jbb.JBBmain DoARun -> 信息:   started user thread for Warehouse 68
1月 02, 2026 5:58:51 上午 spec.jbb.JBBmain DoARun -> 信息:   started user thread for Warehouse 69
1月 02, 2026 5:58:51 上午 spec.jbb.JBBmain DoARun -> 信息:   started user thread for Warehouse 70
1月 02, 2026 5:58:51 上午 spec.jbb.JBBmain DoARun -> 信息:   started user thread for Warehouse 71
1月 02, 2026 5:58:51 上午 spec.jbb.JBBmain DoARun -> 信息:   started user thread for Warehouse 72
1月 02, 2026 5:58:51 上午 spec.jbb.JBBmain DoARun -> 信息:   started user thread for Warehouse 73
1月 02, 2026 5:58:51 上午 spec.jbb.JBBmain DoARun -> 信息:   started user thread for Warehouse 74
1月 02, 2026 5:58:51 上午 spec.jbb.JBBmain DoARun -> 信息:   started user thread for Warehouse 75
1月 02, 2026 5:58:51 上午 spec.jbb.JBBmain DoARun -> 信息:   started user thread for Warehouse 76
1月 02, 2026 5:58:51 上午 spec.jbb.JBBmain DoARun -> 信息:   started user thread for Warehouse 77
1月 02, 2026 5:58:51 上午 spec.jbb.JBBmain DoARun -> 信息:   started user thread for Warehouse 78
1月 02, 2026 5:58:51 上午 spec.jbb.JBBmain DoARun -> 信息:   started user thread for Warehouse 79
1月 02, 2026 5:58:51 上午 spec.jbb.JBBmain DoARun -> 信息:   started user thread for Warehouse 80
1月 02, 2026 5:58:51 上午 spec.jbb.JBBmain DoARun -> 信息:   started user thread for Warehouse 81
1月 02, 2026 5:58:51 上午 spec.jbb.JBBmain DoARun -> 信息:   started user thread for Warehouse 82
1月 02, 2026 5:58:51 上午 spec.jbb.JBBmain DoARun -> 信息:   started user thread for Warehouse 83
1月 02, 2026 5:58:51 上午 spec.jbb.JBBmain DoARun -> 信息:   started user thread for Warehouse 84
1月 02, 2026 5:58:51 上午 spec.jbb.JBBmain DoARun -> 信息:   started user thread for Warehouse 85
1月 02, 2026 5:58:51 上午 spec.jbb.JBBmain DoARun -> 信息:   started user thread for Warehouse 86
1月 02, 2026 5:58:51 上午 spec.jbb.JBBmain DoARun -> 信息:   started user thread for Warehouse 87
1月 02, 2026 5:58:51 上午 spec.jbb.JBBmain DoARun -> 信息:   started user thread for Warehouse 88
1月 02, 2026 5:58:51 上午 spec.jbb.JBBmain DoARun -> 信息:   started user thread for Warehouse 89
1月 02, 2026 5:58:51 上午 spec.jbb.JBBmain DoARun -> 信息:   started user thread for Warehouse 90
1月 02, 2026 5:58:51 上午 spec.jbb.JBBmain DoARun -> 信息:   started user thread for Warehouse 91
1月 02, 2026 5:58:51 上午 spec.jbb.JBBmain DoARun -> 信息:   started user thread for Warehouse 92
1月 02, 2026 5:58:51 上午 spec.jbb.JBBmain DoARun -> 信息:   started user thread for Warehouse 93
1月 02, 2026 5:58:51 上午 spec.jbb.JBBmain DoARun -> 信息:   started user thread for Warehouse 94
1月 02, 2026 5:58:51 上午 spec.jbb.JBBmain DoARun -> 信息:   started user thread for Warehouse 95
1月 02, 2026 5:58:51 上午 spec.jbb.JBBmain DoARun -> 信息:   started user thread for Warehouse 96
1月 02, 2026 5:58:51 上午 spec.jbb.JBBmain DoARun -> 信息:   started user thread for Warehouse 97
1月 02, 2026 5:58:51 上午 spec.jbb.JBBmain DoARun -> 信息:   started user thread for Warehouse 98
1月 02, 2026 5:58:51 上午 spec.jbb.JBBmain DoARun -> 信息:   started user thread for Warehouse 99
1月 02, 2026 5:58:51 上午 spec.jbb.JBBmain DoARun -> 信息:   started user thread for Warehouse 100
1月 02, 2026 5:58:51 上午 spec.jbb.JBBmain DoARun -> 信息:   started user thread for Warehouse 101
1月 02, 2026 5:58:51 上午 spec.jbb.Company displayResultTotals -> 信息: Timing Measurement began Fri Jan 02 05:58:51 CST 2026 for 4 minutes
1月 02, 2026 6:02:51 上午 spec.jbb.Company displayResultTotals -> 信息: Timing Measurement ended Fri Jan 02 06:02:51 CST 2026
1月 02, 2026 6:02:51 上午 spec.jbb.Company primeWithDummyData -> 信息: Loading Warehouse 102...
1月 02, 2026 6:02:51 上午 spec.jbb.JBBmain DoARun -> 信息: Start User Threads
1月 02, 2026 6:02:51 上午 spec.jbb.JBBmain DoARun -> 信息:   started user thread for Warehouse 1
1月 02, 2026 6:02:51 上午 spec.jbb.JBBmain DoARun -> 信息:   started user thread for Warehouse 2
1月 02, 2026 6:02:51 上午 spec.jbb.JBBmain DoARun -> 信息:   started user thread for Warehouse 3
1月 02, 2026 6:02:51 上午 spec.jbb.JBBmain DoARun -> 信息:   started user thread for Warehouse 4
1月 02, 2026 6:02:51 上午 spec.jbb.JBBmain DoARun -> 信息:   started user thread for Warehouse 5
1月 02, 2026 6:02:51 上午 spec.jbb.JBBmain DoARun -> 信息:   started user thread for Warehouse 6
1月 02, 2026 6:02:51 上午 spec.jbb.JBBmain DoARun -> 信息:   started user thread for Warehouse 7
1月 02, 2026 6:02:51 上午 spec.jbb.JBBmain DoARun -> 信息:   started user thread for Warehouse 8
1月 02, 2026 6:02:51 上午 spec.jbb.JBBmain DoARun -> 信息:   started user thread for Warehouse 9
1月 02, 2026 6:02:51 上午 spec.jbb.JBBmain DoARun -> 信息:   started user thread for Warehouse 10
1月 02, 2026 6:02:51 上午 spec.jbb.JBBmain DoARun -> 信息:   started user thread for Warehouse 11
1月 02, 2026 6:02:51 上午 spec.jbb.JBBmain DoARun -> 信息:   started user thread for Warehouse 12
1月 02, 2026 6:02:51 上午 spec.jbb.JBBmain DoARun -> 信息:   started user thread for Warehouse 13
1月 02, 2026 6:02:51 上午 spec.jbb.JBBmain DoARun -> 信息:   started user thread for Warehouse 14
1月 02, 2026 6:02:51 上午 spec.jbb.JBBmain DoARun -> 信息:   started user thread for Warehouse 15
1月 02, 2026 6:02:51 上午 spec.jbb.JBBmain DoARun -> 信息:   started user thread for Warehouse 16
1月 02, 2026 6:02:51 上午 spec.jbb.JBBmain DoARun -> 信息:   started user thread for Warehouse 17
1月 02, 2026 6:02:51 上午 spec.jbb.JBBmain DoARun -> 信息:   started user thread for Warehouse 18
1月 02, 2026 6:02:51 上午 spec.jbb.JBBmain DoARun -> 信息:   started user thread for Warehouse 19
1月 02, 2026 6:02:51 上午 spec.jbb.JBBmain DoARun -> 信息:   started user thread for Warehouse 20
1月 02, 2026 6:02:51 上午 spec.jbb.JBBmain DoARun -> 信息:   started user thread for Warehouse 21
1月 02, 2026 6:02:51 上午 spec.jbb.JBBmain DoARun -> 信息:   started user thread for Warehouse 22
1月 02, 2026 6:02:51 上午 spec.jbb.JBBmain DoARun -> 信息:   started user thread for Warehouse 23
1月 02, 2026 6:02:51 上午 spec.jbb.JBBmain DoARun -> 信息:   started user thread for Warehouse 24
1月 02, 2026 6:02:51 上午 spec.jbb.JBBmain DoARun -> 信息:   started user thread for Warehouse 25
1月 02, 2026 6:02:51 上午 spec.jbb.JBBmain DoARun -> 信息:   started user thread for Warehouse 26
1月 02, 2026 6:02:51 上午 spec.jbb.JBBmain DoARun -> 信息:   started user thread for Warehouse 27
1月 02, 2026 6:02:51 上午 spec.jbb.JBBmain DoARun -> 信息:   started user thread for Warehouse 28
1月 02, 2026 6:02:51 上午 spec.jbb.JBBmain DoARun -> 信息:   started user thread for Warehouse 29
1月 02, 2026 6:02:51 上午 spec.jbb.JBBmain DoARun -> 信息:   started user thread for Warehouse 30
1月 02, 2026 6:02:51 上午 spec.jbb.JBBmain DoARun -> 信息:   started user thread for Warehouse 31
1月 02, 2026 6:02:51 上午 spec.jbb.JBBmain DoARun -> 信息:   started user thread for Warehouse 32
1月 02, 2026 6:02:51 上午 spec.jbb.JBBmain DoARun -> 信息:   started user thread for Warehouse 33
1月 02, 2026 6:02:51 上午 spec.jbb.JBBmain DoARun -> 信息:   started user thread for Warehouse 34
1月 02, 2026 6:02:51 上午 spec.jbb.JBBmain DoARun -> 信息:   started user thread for Warehouse 35
1月 02, 2026 6:02:51 上午 spec.jbb.JBBmain DoARun -> 信息:   started user thread for Warehouse 36
1月 02, 2026 6:02:51 上午 spec.jbb.JBBmain DoARun -> 信息:   started user thread for Warehouse 37
1月 02, 2026 6:02:51 上午 spec.jbb.JBBmain DoARun -> 信息:   started user thread for Warehouse 38
1月 02, 2026 6:02:51 上午 spec.jbb.JBBmain DoARun -> 信息:   started user thread for Warehouse 39
1月 02, 2026 6:02:51 上午 spec.jbb.JBBmain DoARun -> 信息:   started user thread for Warehouse 40
1月 02, 2026 6:02:51 上午 spec.jbb.JBBmain DoARun -> 信息:   started user thread for Warehouse 41
1月 02, 2026 6:02:51 上午 spec.jbb.JBBmain DoARun -> 信息:   started user thread for Warehouse 42
1月 02, 2026 6:02:51 上午 spec.jbb.JBBmain DoARun -> 信息:   started user thread for Warehouse 43
1月 02, 2026 6:02:51 上午 spec.jbb.JBBmain DoARun -> 信息:   started user thread for Warehouse 44
1月 02, 2026 6:02:51 上午 spec.jbb.JBBmain DoARun -> 信息:   started user thread for Warehouse 45
1月 02, 2026 6:02:51 上午 spec.jbb.JBBmain DoARun -> 信息:   started user thread for Warehouse 46
1月 02, 2026 6:02:51 上午 spec.jbb.JBBmain DoARun -> 信息:   started user thread for Warehouse 47
1月 02, 2026 6:02:51 上午 spec.jbb.JBBmain DoARun -> 信息:   started user thread for Warehouse 48
1月 02, 2026 6:02:51 上午 spec.jbb.JBBmain DoARun -> 信息:   started user thread for Warehouse 49
1月 02, 2026 6:02:51 上午 spec.jbb.JBBmain DoARun -> 信息:   started user thread for Warehouse 50
1月 02, 2026 6:02:51 上午 spec.jbb.JBBmain DoARun -> 信息:   started user thread for Warehouse 51
1月 02, 2026 6:02:51 上午 spec.jbb.JBBmain DoARun -> 信息:   started user thread for Warehouse 52
1月 02, 2026 6:02:51 上午 spec.jbb.JBBmain DoARun -> 信息:   started user thread for Warehouse 53
1月 02, 2026 6:02:51 上午 spec.jbb.JBBmain DoARun -> 信息:   started user thread for Warehouse 54
1月 02, 2026 6:02:51 上午 spec.jbb.JBBmain DoARun -> 信息:   started user thread for Warehouse 55
1月 02, 2026 6:02:51 上午 spec.jbb.JBBmain DoARun -> 信息:   started user thread for Warehouse 56
1月 02, 2026 6:02:51 上午 spec.jbb.JBBmain DoARun -> 信息:   started user thread for Warehouse 57
1月 02, 2026 6:02:51 上午 spec.jbb.JBBmain DoARun -> 信息:   started user thread for Warehouse 58
1月 02, 2026 6:02:51 上午 spec.jbb.JBBmain DoARun -> 信息:   started user thread for Warehouse 59
1月 02, 2026 6:02:51 上午 spec.jbb.JBBmain DoARun -> 信息:   started user thread for Warehouse 60
1月 02, 2026 6:02:51 上午 spec.jbb.JBBmain DoARun -> 信息:   started user thread for Warehouse 61
1月 02, 2026 6:02:51 上午 spec.jbb.JBBmain DoARun -> 信息:   started user thread for Warehouse 62
1月 02, 2026 6:02:51 上午 spec.jbb.JBBmain DoARun -> 信息:   started user thread for Warehouse 63
1月 02, 2026 6:02:51 上午 spec.jbb.JBBmain DoARun -> 信息:   started user thread for Warehouse 64
1月 02, 2026 6:02:51 上午 spec.jbb.JBBmain DoARun -> 信息:   started user thread for Warehouse 65
1月 02, 2026 6:02:51 上午 spec.jbb.JBBmain DoARun -> 信息:   started user thread for Warehouse 66
1月 02, 2026 6:02:51 上午 spec.jbb.JBBmain DoARun -> 信息:   started user thread for Warehouse 67
1月 02, 2026 6:02:51 上午 spec.jbb.JBBmain DoARun -> 信息:   started user thread for Warehouse 68
1月 02, 2026 6:02:51 上午 spec.jbb.JBBmain DoARun -> 信息:   started user thread for Warehouse 69
1月 02, 2026 6:02:51 上午 spec.jbb.JBBmain DoARun -> 信息:   started user thread for Warehouse 70
1月 02, 2026 6:02:51 上午 spec.jbb.JBBmain DoARun -> 信息:   started user thread for Warehouse 71
1月 02, 2026 6:02:51 上午 spec.jbb.JBBmain DoARun -> 信息:   started user thread for Warehouse 72
1月 02, 2026 6:02:51 上午 spec.jbb.JBBmain DoARun -> 信息:   started user thread for Warehouse 73
1月 02, 2026 6:02:51 上午 spec.jbb.JBBmain DoARun -> 信息:   started user thread for Warehouse 74
1月 02, 2026 6:02:51 上午 spec.jbb.JBBmain DoARun -> 信息:   started user thread for Warehouse 75
1月 02, 2026 6:02:51 上午 spec.jbb.JBBmain DoARun -> 信息:   started user thread for Warehouse 76
1月 02, 2026 6:02:51 上午 spec.jbb.JBBmain DoARun -> 信息:   started user thread for Warehouse 77
1月 02, 2026 6:02:51 上午 spec.jbb.JBBmain DoARun -> 信息:   started user thread for Warehouse 78
1月 02, 2026 6:02:51 上午 spec.jbb.JBBmain DoARun -> 信息:   started user thread for Warehouse 79
1月 02, 2026 6:02:51 上午 spec.jbb.JBBmain DoARun -> 信息:   started user thread for Warehouse 80
1月 02, 2026 6:02:51 上午 spec.jbb.JBBmain DoARun -> 信息:   started user thread for Warehouse 81
1月 02, 2026 6:02:51 上午 spec.jbb.JBBmain DoARun -> 信息:   started user thread for Warehouse 82
1月 02, 2026 6:02:51 上午 spec.jbb.JBBmain DoARun -> 信息:   started user thread for Warehouse 83
1月 02, 2026 6:02:51 上午 spec.jbb.JBBmain DoARun -> 信息:   started user thread for Warehouse 84
1月 02, 2026 6:02:51 上午 spec.jbb.JBBmain DoARun -> 信息:   started user thread for Warehouse 85
1月 02, 2026 6:02:51 上午 spec.jbb.JBBmain DoARun -> 信息:   started user thread for Warehouse 86
1月 02, 2026 6:02:51 上午 spec.jbb.JBBmain DoARun -> 信息:   started user thread for Warehouse 87
1月 02, 2026 6:02:51 上午 spec.jbb.JBBmain DoARun -> 信息:   started user thread for Warehouse 88
1月 02, 2026 6:02:51 上午 spec.jbb.JBBmain DoARun -> 信息:   started user thread for Warehouse 89
1月 02, 2026 6:02:51 上午 spec.jbb.JBBmain DoARun -> 信息:   started user thread for Warehouse 90
1月 02, 2026 6:02:51 上午 spec.jbb.JBBmain DoARun -> 信息:   started user thread for Warehouse 91
1月 02, 2026 6:02:51 上午 spec.jbb.JBBmain DoARun -> 信息:   started user thread for Warehouse 92
1月 02, 2026 6:02:51 上午 spec.jbb.JBBmain DoARun -> 信息:   started user thread for Warehouse 93
1月 02, 2026 6:02:51 上午 spec.jbb.JBBmain DoARun -> 信息:   started user thread for Warehouse 94
1月 02, 2026 6:02:51 上午 spec.jbb.JBBmain DoARun -> 信息:   started user thread for Warehouse 95
1月 02, 2026 6:02:51 上午 spec.jbb.JBBmain DoARun -> 信息:   started user thread for Warehouse 96
1月 02, 2026 6:02:51 上午 spec.jbb.JBBmain DoARun -> 信息:   started user thread for Warehouse 97
1月 02, 2026 6:02:51 上午 spec.jbb.JBBmain DoARun -> 信息:   started user thread for Warehouse 98
1月 02, 2026 6:02:51 上午 spec.jbb.JBBmain DoARun -> 信息:   started user thread for Warehouse 99
1月 02, 2026 6:02:51 上午 spec.jbb.JBBmain DoARun -> 信息:   started user thread for Warehouse 100
1月 02, 2026 6:02:51 上午 spec.jbb.JBBmain DoARun -> 信息:   started user thread for Warehouse 101
1月 02, 2026 6:02:51 上午 spec.jbb.JBBmain DoARun -> 信息:   started user thread for Warehouse 102
1月 02, 2026 6:02:51 上午 spec.jbb.Company displayResultTotals -> 信息: Timing Measurement began Fri Jan 02 06:02:51 CST 2026 for 4 minutes
1月 02, 2026 6:06:51 上午 spec.jbb.Company displayResultTotals -> 信息: Timing Measurement ended Fri Jan 02 06:06:51 CST 2026
1月 02, 2026 6:06:51 上午 spec.jbb.Company primeWithDummyData -> 信息: Loading Warehouse 103...
1月 02, 2026 6:06:52 上午 spec.jbb.JBBmain DoARun -> 信息: Start User Threads
1月 02, 2026 6:06:52 上午 spec.jbb.JBBmain DoARun -> 信息:   started user thread for Warehouse 1
1月 02, 2026 6:06:52 上午 spec.jbb.JBBmain DoARun -> 信息:   started user thread for Warehouse 2
1月 02, 2026 6:06:52 上午 spec.jbb.JBBmain DoARun -> 信息:   started user thread for Warehouse 3
1月 02, 2026 6:06:52 上午 spec.jbb.JBBmain DoARun -> 信息:   started user thread for Warehouse 4
1月 02, 2026 6:06:52 上午 spec.jbb.JBBmain DoARun -> 信息:   started user thread for Warehouse 5
1月 02, 2026 6:06:52 上午 spec.jbb.JBBmain DoARun -> 信息:   started user thread for Warehouse 6
1月 02, 2026 6:06:52 上午 spec.jbb.JBBmain DoARun -> 信息:   started user thread for Warehouse 7
1月 02, 2026 6:06:52 上午 spec.jbb.JBBmain DoARun -> 信息:   started user thread for Warehouse 8
1月 02, 2026 6:06:52 上午 spec.jbb.JBBmain DoARun -> 信息:   started user thread for Warehouse 9
1月 02, 2026 6:06:52 上午 spec.jbb.JBBmain DoARun -> 信息:   started user thread for Warehouse 10
1月 02, 2026 6:06:52 上午 spec.jbb.JBBmain DoARun -> 信息:   started user thread for Warehouse 11
1月 02, 2026 6:06:52 上午 spec.jbb.JBBmain DoARun -> 信息:   started user thread for Warehouse 12
1月 02, 2026 6:06:52 上午 spec.jbb.JBBmain DoARun -> 信息:   started user thread for Warehouse 13
1月 02, 2026 6:06:52 上午 spec.jbb.JBBmain DoARun -> 信息:   started user thread for Warehouse 14
1月 02, 2026 6:06:52 上午 spec.jbb.JBBmain DoARun -> 信息:   started user thread for Warehouse 15
1月 02, 2026 6:06:52 上午 spec.jbb.JBBmain DoARun -> 信息:   started user thread for Warehouse 16
1月 02, 2026 6:06:52 上午 spec.jbb.JBBmain DoARun -> 信息:   started user thread for Warehouse 17
1月 02, 2026 6:06:52 上午 spec.jbb.JBBmain DoARun -> 信息:   started user thread for Warehouse 18
1月 02, 2026 6:06:52 上午 spec.jbb.JBBmain DoARun -> 信息:   started user thread for Warehouse 19
1月 02, 2026 6:06:52 上午 spec.jbb.JBBmain DoARun -> 信息:   started user thread for Warehouse 20
1月 02, 2026 6:06:52 上午 spec.jbb.JBBmain DoARun -> 信息:   started user thread for Warehouse 21
1月 02, 2026 6:06:52 上午 spec.jbb.JBBmain DoARun -> 信息:   started user thread for Warehouse 22
1月 02, 2026 6:06:52 上午 spec.jbb.JBBmain DoARun -> 信息:   started user thread for Warehouse 23
1月 02, 2026 6:06:52 上午 spec.jbb.JBBmain DoARun -> 信息:   started user thread for Warehouse 24
1月 02, 2026 6:06:52 上午 spec.jbb.JBBmain DoARun -> 信息:   started user thread for Warehouse 25
1月 02, 2026 6:06:52 上午 spec.jbb.JBBmain DoARun -> 信息:   started user thread for Warehouse 26
1月 02, 2026 6:06:52 上午 spec.jbb.JBBmain DoARun -> 信息:   started user thread for Warehouse 27
1月 02, 2026 6:06:52 上午 spec.jbb.JBBmain DoARun -> 信息:   started user thread for Warehouse 28
1月 02, 2026 6:06:52 上午 spec.jbb.JBBmain DoARun -> 信息:   started user thread for Warehouse 29
1月 02, 2026 6:06:52 上午 spec.jbb.JBBmain DoARun -> 信息:   started user thread for Warehouse 30
1月 02, 2026 6:06:52 上午 spec.jbb.JBBmain DoARun -> 信息:   started user thread for Warehouse 31
1月 02, 2026 6:06:52 上午 spec.jbb.JBBmain DoARun -> 信息:   started user thread for Warehouse 32
1月 02, 2026 6:06:52 上午 spec.jbb.JBBmain DoARun -> 信息:   started user thread for Warehouse 33
1月 02, 2026 6:06:52 上午 spec.jbb.JBBmain DoARun -> 信息:   started user thread for Warehouse 34
1月 02, 2026 6:06:52 上午 spec.jbb.JBBmain DoARun -> 信息:   started user thread for Warehouse 35
1月 02, 2026 6:06:52 上午 spec.jbb.JBBmain DoARun -> 信息:   started user thread for Warehouse 36
1月 02, 2026 6:06:52 上午 spec.jbb.JBBmain DoARun -> 信息:   started user thread for Warehouse 37
1月 02, 2026 6:06:52 上午 spec.jbb.JBBmain DoARun -> 信息:   started user thread for Warehouse 38
1月 02, 2026 6:06:52 上午 spec.jbb.JBBmain DoARun -> 信息:   started user thread for Warehouse 39
1月 02, 2026 6:06:52 上午 spec.jbb.JBBmain DoARun -> 信息:   started user thread for Warehouse 40
1月 02, 2026 6:06:52 上午 spec.jbb.JBBmain DoARun -> 信息:   started user thread for Warehouse 41
1月 02, 2026 6:06:52 上午 spec.jbb.JBBmain DoARun -> 信息:   started user thread for Warehouse 42
1月 02, 2026 6:06:52 上午 spec.jbb.JBBmain DoARun -> 信息:   started user thread for Warehouse 43
1月 02, 2026 6:06:52 上午 spec.jbb.JBBmain DoARun -> 信息:   started user thread for Warehouse 44
1月 02, 2026 6:06:52 上午 spec.jbb.JBBmain DoARun -> 信息:   started user thread for Warehouse 45
1月 02, 2026 6:06:52 上午 spec.jbb.JBBmain DoARun -> 信息:   started user thread for Warehouse 46
1月 02, 2026 6:06:52 上午 spec.jbb.JBBmain DoARun -> 信息:   started user thread for Warehouse 47
1月 02, 2026 6:06:52 上午 spec.jbb.JBBmain DoARun -> 信息:   started user thread for Warehouse 48
1月 02, 2026 6:06:52 上午 spec.jbb.JBBmain DoARun -> 信息:   started user thread for Warehouse 49
1月 02, 2026 6:06:52 上午 spec.jbb.JBBmain DoARun -> 信息:   started user thread for Warehouse 50
1月 02, 2026 6:06:52 上午 spec.jbb.JBBmain DoARun -> 信息:   started user thread for Warehouse 51
1月 02, 2026 6:06:52 上午 spec.jbb.JBBmain DoARun -> 信息:   started user thread for Warehouse 52
1月 02, 2026 6:06:52 上午 spec.jbb.JBBmain DoARun -> 信息:   started user thread for Warehouse 53
1月 02, 2026 6:06:52 上午 spec.jbb.JBBmain DoARun -> 信息:   started user thread for Warehouse 54
1月 02, 2026 6:06:52 上午 spec.jbb.JBBmain DoARun -> 信息:   started user thread for Warehouse 55
1月 02, 2026 6:06:52 上午 spec.jbb.JBBmain DoARun -> 信息:   started user thread for Warehouse 56
1月 02, 2026 6:06:52 上午 spec.jbb.JBBmain DoARun -> 信息:   started user thread for Warehouse 57
1月 02, 2026 6:06:52 上午 spec.jbb.JBBmain DoARun -> 信息:   started user thread for Warehouse 58
1月 02, 2026 6:06:52 上午 spec.jbb.JBBmain DoARun -> 信息:   started user thread for Warehouse 59
1月 02, 2026 6:06:52 上午 spec.jbb.JBBmain DoARun -> 信息:   started user thread for Warehouse 60
1月 02, 2026 6:06:52 上午 spec.jbb.JBBmain DoARun -> 信息:   started user thread for Warehouse 61
1月 02, 2026 6:06:52 上午 spec.jbb.JBBmain DoARun -> 信息:   started user thread for Warehouse 62
1月 02, 2026 6:06:52 上午 spec.jbb.JBBmain DoARun -> 信息:   started user thread for Warehouse 63
1月 02, 2026 6:06:52 上午 spec.jbb.JBBmain DoARun -> 信息:   started user thread for Warehouse 64
1月 02, 2026 6:06:52 上午 spec.jbb.JBBmain DoARun -> 信息:   started user thread for Warehouse 65
1月 02, 2026 6:06:52 上午 spec.jbb.JBBmain DoARun -> 信息:   started user thread for Warehouse 66
1月 02, 2026 6:06:52 上午 spec.jbb.JBBmain DoARun -> 信息:   started user thread for Warehouse 67
1月 02, 2026 6:06:52 上午 spec.jbb.JBBmain DoARun -> 信息:   started user thread for Warehouse 68
1月 02, 2026 6:06:52 上午 spec.jbb.JBBmain DoARun -> 信息:   started user thread for Warehouse 69
1月 02, 2026 6:06:52 上午 spec.jbb.JBBmain DoARun -> 信息:   started user thread for Warehouse 70
1月 02, 2026 6:06:52 上午 spec.jbb.JBBmain DoARun -> 信息:   started user thread for Warehouse 71
1月 02, 2026 6:06:52 上午 spec.jbb.JBBmain DoARun -> 信息:   started user thread for Warehouse 72
1月 02, 2026 6:06:52 上午 spec.jbb.JBBmain DoARun -> 信息:   started user thread for Warehouse 73
1月 02, 2026 6:06:52 上午 spec.jbb.JBBmain DoARun -> 信息:   started user thread for Warehouse 74
1月 02, 2026 6:06:52 上午 spec.jbb.JBBmain DoARun -> 信息:   started user thread for Warehouse 75
1月 02, 2026 6:06:52 上午 spec.jbb.JBBmain DoARun -> 信息:   started user thread for Warehouse 76
1月 02, 2026 6:06:52 上午 spec.jbb.JBBmain DoARun -> 信息:   started user thread for Warehouse 77
1月 02, 2026 6:06:52 上午 spec.jbb.JBBmain DoARun -> 信息:   started user thread for Warehouse 78
1月 02, 2026 6:06:52 上午 spec.jbb.JBBmain DoARun -> 信息:   started user thread for Warehouse 79
1月 02, 2026 6:06:52 上午 spec.jbb.JBBmain DoARun -> 信息:   started user thread for Warehouse 80
1月 02, 2026 6:06:52 上午 spec.jbb.JBBmain DoARun -> 信息:   started user thread for Warehouse 81
1月 02, 2026 6:06:52 上午 spec.jbb.JBBmain DoARun -> 信息:   started user thread for Warehouse 82
1月 02, 2026 6:06:52 上午 spec.jbb.JBBmain DoARun -> 信息:   started user thread for Warehouse 83
1月 02, 2026 6:06:52 上午 spec.jbb.JBBmain DoARun -> 信息:   started user thread for Warehouse 84
1月 02, 2026 6:06:52 上午 spec.jbb.JBBmain DoARun -> 信息:   started user thread for Warehouse 85
1月 02, 2026 6:06:52 上午 spec.jbb.JBBmain DoARun -> 信息:   started user thread for Warehouse 86
1月 02, 2026 6:06:52 上午 spec.jbb.JBBmain DoARun -> 信息:   started user thread for Warehouse 87
1月 02, 2026 6:06:52 上午 spec.jbb.JBBmain DoARun -> 信息:   started user thread for Warehouse 88
1月 02, 2026 6:06:52 上午 spec.jbb.JBBmain DoARun -> 信息:   started user thread for Warehouse 89
1月 02, 2026 6:06:52 上午 spec.jbb.JBBmain DoARun -> 信息:   started user thread for Warehouse 90
1月 02, 2026 6:06:52 上午 spec.jbb.JBBmain DoARun -> 信息:   started user thread for Warehouse 91
1月 02, 2026 6:06:52 上午 spec.jbb.JBBmain DoARun -> 信息:   started user thread for Warehouse 92
1月 02, 2026 6:06:52 上午 spec.jbb.JBBmain DoARun -> 信息:   started user thread for Warehouse 93
1月 02, 2026 6:06:52 上午 spec.jbb.JBBmain DoARun -> 信息:   started user thread for Warehouse 94
1月 02, 2026 6:06:52 上午 spec.jbb.JBBmain DoARun -> 信息:   started user thread for Warehouse 95
1月 02, 2026 6:06:52 上午 spec.jbb.JBBmain DoARun -> 信息:   started user thread for Warehouse 96
1月 02, 2026 6:06:52 上午 spec.jbb.JBBmain DoARun -> 信息:   started user thread for Warehouse 97
1月 02, 2026 6:06:52 上午 spec.jbb.JBBmain DoARun -> 信息:   started user thread for Warehouse 98
1月 02, 2026 6:06:52 上午 spec.jbb.JBBmain DoARun -> 信息:   started user thread for Warehouse 99
1月 02, 2026 6:06:52 上午 spec.jbb.JBBmain DoARun -> 信息:   started user thread for Warehouse 100
1月 02, 2026 6:06:52 上午 spec.jbb.JBBmain DoARun -> 信息:   started user thread for Warehouse 101
1月 02, 2026 6:06:52 上午 spec.jbb.JBBmain DoARun -> 信息:   started user thread for Warehouse 102
1月 02, 2026 6:06:52 上午 spec.jbb.JBBmain DoARun -> 信息:   started user thread for Warehouse 103
1月 02, 2026 6:06:52 上午 spec.jbb.Company displayResultTotals -> 信息: Timing Measurement began Fri Jan 02 06:06:52 CST 2026 for 4 minutes
1月 02, 2026 6:10:52 上午 spec.jbb.Company displayResultTotals -> 信息: Timing Measurement ended Fri Jan 02 06:10:52 CST 2026
1月 02, 2026 6:10:52 上午 spec.jbb.Company primeWithDummyData -> 信息: Loading Warehouse 104...
1月 02, 2026 6:10:52 上午 spec.jbb.JBBmain DoARun -> 信息: Start User Threads
1月 02, 2026 6:10:52 上午 spec.jbb.JBBmain DoARun -> 信息:   started user thread for Warehouse 1
1月 02, 2026 6:10:52 上午 spec.jbb.JBBmain DoARun -> 信息:   started user thread for Warehouse 2
1月 02, 2026 6:10:52 上午 spec.jbb.JBBmain DoARun -> 信息:   started user thread for Warehouse 3
1月 02, 2026 6:10:52 上午 spec.jbb.JBBmain DoARun -> 信息:   started user thread for Warehouse 4
1月 02, 2026 6:10:52 上午 spec.jbb.JBBmain DoARun -> 信息:   started user thread for Warehouse 5
1月 02, 2026 6:10:52 上午 spec.jbb.JBBmain DoARun -> 信息:   started user thread for Warehouse 6
1月 02, 2026 6:10:52 上午 spec.jbb.JBBmain DoARun -> 信息:   started user thread for Warehouse 7
1月 02, 2026 6:10:52 上午 spec.jbb.JBBmain DoARun -> 信息:   started user thread for Warehouse 8
1月 02, 2026 6:10:52 上午 spec.jbb.JBBmain DoARun -> 信息:   started user thread for Warehouse 9
1月 02, 2026 6:10:52 上午 spec.jbb.JBBmain DoARun -> 信息:   started user thread for Warehouse 10
1月 02, 2026 6:10:52 上午 spec.jbb.JBBmain DoARun -> 信息:   started user thread for Warehouse 11
1月 02, 2026 6:10:52 上午 spec.jbb.JBBmain DoARun -> 信息:   started user thread for Warehouse 12
1月 02, 2026 6:10:52 上午 spec.jbb.JBBmain DoARun -> 信息:   started user thread for Warehouse 13
1月 02, 2026 6:10:52 上午 spec.jbb.JBBmain DoARun -> 信息:   started user thread for Warehouse 14
1月 02, 2026 6:10:52 上午 spec.jbb.JBBmain DoARun -> 信息:   started user thread for Warehouse 15
1月 02, 2026 6:10:52 上午 spec.jbb.JBBmain DoARun -> 信息:   started user thread for Warehouse 16
1月 02, 2026 6:10:52 上午 spec.jbb.JBBmain DoARun -> 信息:   started user thread for Warehouse 17
1月 02, 2026 6:10:52 上午 spec.jbb.JBBmain DoARun -> 信息:   started user thread for Warehouse 18
1月 02, 2026 6:10:52 上午 spec.jbb.JBBmain DoARun -> 信息:   started user thread for Warehouse 19
1月 02, 2026 6:10:52 上午 spec.jbb.JBBmain DoARun -> 信息:   started user thread for Warehouse 20
1月 02, 2026 6:10:52 上午 spec.jbb.JBBmain DoARun -> 信息:   started user thread for Warehouse 21
1月 02, 2026 6:10:52 上午 spec.jbb.JBBmain DoARun -> 信息:   started user thread for Warehouse 22
1月 02, 2026 6:10:52 上午 spec.jbb.JBBmain DoARun -> 信息:   started user thread for Warehouse 23
1月 02, 2026 6:10:52 上午 spec.jbb.JBBmain DoARun -> 信息:   started user thread for Warehouse 24
1月 02, 2026 6:10:52 上午 spec.jbb.JBBmain DoARun -> 信息:   started user thread for Warehouse 25
1月 02, 2026 6:10:52 上午 spec.jbb.JBBmain DoARun -> 信息:   started user thread for Warehouse 26
1月 02, 2026 6:10:52 上午 spec.jbb.JBBmain DoARun -> 信息:   started user thread for Warehouse 27
1月 02, 2026 6:10:52 上午 spec.jbb.JBBmain DoARun -> 信息:   started user thread for Warehouse 28
1月 02, 2026 6:10:52 上午 spec.jbb.JBBmain DoARun -> 信息:   started user thread for Warehouse 29
1月 02, 2026 6:10:52 上午 spec.jbb.JBBmain DoARun -> 信息:   started user thread for Warehouse 30
1月 02, 2026 6:10:52 上午 spec.jbb.JBBmain DoARun -> 信息:   started user thread for Warehouse 31
1月 02, 2026 6:10:52 上午 spec.jbb.JBBmain DoARun -> 信息:   started user thread for Warehouse 32
1月 02, 2026 6:10:52 上午 spec.jbb.JBBmain DoARun -> 信息:   started user thread for Warehouse 33
1月 02, 2026 6:10:52 上午 spec.jbb.JBBmain DoARun -> 信息:   started user thread for Warehouse 34
1月 02, 2026 6:10:52 上午 spec.jbb.JBBmain DoARun -> 信息:   started user thread for Warehouse 35
1月 02, 2026 6:10:52 上午 spec.jbb.JBBmain DoARun -> 信息:   started user thread for Warehouse 36
1月 02, 2026 6:10:52 上午 spec.jbb.JBBmain DoARun -> 信息:   started user thread for Warehouse 37
1月 02, 2026 6:10:52 上午 spec.jbb.JBBmain DoARun -> 信息:   started user thread for Warehouse 38
1月 02, 2026 6:10:52 上午 spec.jbb.JBBmain DoARun -> 信息:   started user thread for Warehouse 39
1月 02, 2026 6:10:52 上午 spec.jbb.JBBmain DoARun -> 信息:   started user thread for Warehouse 40
1月 02, 2026 6:10:52 上午 spec.jbb.JBBmain DoARun -> 信息:   started user thread for Warehouse 41
1月 02, 2026 6:10:52 上午 spec.jbb.JBBmain DoARun -> 信息:   started user thread for Warehouse 42
1月 02, 2026 6:10:52 上午 spec.jbb.JBBmain DoARun -> 信息:   started user thread for Warehouse 43
1月 02, 2026 6:10:52 上午 spec.jbb.JBBmain DoARun -> 信息:   started user thread for Warehouse 44
1月 02, 2026 6:10:52 上午 spec.jbb.JBBmain DoARun -> 信息:   started user thread for Warehouse 45
1月 02, 2026 6:10:52 上午 spec.jbb.JBBmain DoARun -> 信息:   started user thread for Warehouse 46
1月 02, 2026 6:10:52 上午 spec.jbb.JBBmain DoARun -> 信息:   started user thread for Warehouse 47
1月 02, 2026 6:10:52 上午 spec.jbb.JBBmain DoARun -> 信息:   started user thread for Warehouse 48
1月 02, 2026 6:10:52 上午 spec.jbb.JBBmain DoARun -> 信息:   started user thread for Warehouse 49
1月 02, 2026 6:10:52 上午 spec.jbb.JBBmain DoARun -> 信息:   started user thread for Warehouse 50
1月 02, 2026 6:10:52 上午 spec.jbb.JBBmain DoARun -> 信息:   started user thread for Warehouse 51
1月 02, 2026 6:10:52 上午 spec.jbb.JBBmain DoARun -> 信息:   started user thread for Warehouse 52
1月 02, 2026 6:10:52 上午 spec.jbb.JBBmain DoARun -> 信息:   started user thread for Warehouse 53
1月 02, 2026 6:10:52 上午 spec.jbb.JBBmain DoARun -> 信息:   started user thread for Warehouse 54
1月 02, 2026 6:10:52 上午 spec.jbb.JBBmain DoARun -> 信息:   started user thread for Warehouse 55
1月 02, 2026 6:10:52 上午 spec.jbb.JBBmain DoARun -> 信息:   started user thread for Warehouse 56
1月 02, 2026 6:10:52 上午 spec.jbb.JBBmain DoARun -> 信息:   started user thread for Warehouse 57
1月 02, 2026 6:10:52 上午 spec.jbb.JBBmain DoARun -> 信息:   started user thread for Warehouse 58
1月 02, 2026 6:10:52 上午 spec.jbb.JBBmain DoARun -> 信息:   started user thread for Warehouse 59
1月 02, 2026 6:10:52 上午 spec.jbb.JBBmain DoARun -> 信息:   started user thread for Warehouse 60
1月 02, 2026 6:10:52 上午 spec.jbb.JBBmain DoARun -> 信息:   started user thread for Warehouse 61
1月 02, 2026 6:10:52 上午 spec.jbb.JBBmain DoARun -> 信息:   started user thread for Warehouse 62
1月 02, 2026 6:10:52 上午 spec.jbb.JBBmain DoARun -> 信息:   started user thread for Warehouse 63
1月 02, 2026 6:10:52 上午 spec.jbb.JBBmain DoARun -> 信息:   started user thread for Warehouse 64
1月 02, 2026 6:10:52 上午 spec.jbb.JBBmain DoARun -> 信息:   started user thread for Warehouse 65
1月 02, 2026 6:10:52 上午 spec.jbb.JBBmain DoARun -> 信息:   started user thread for Warehouse 66
1月 02, 2026 6:10:52 上午 spec.jbb.JBBmain DoARun -> 信息:   started user thread for Warehouse 67
1月 02, 2026 6:10:52 上午 spec.jbb.JBBmain DoARun -> 信息:   started user thread for Warehouse 68
1月 02, 2026 6:10:52 上午 spec.jbb.JBBmain DoARun -> 信息:   started user thread for Warehouse 69
1月 02, 2026 6:10:52 上午 spec.jbb.JBBmain DoARun -> 信息:   started user thread for Warehouse 70
1月 02, 2026 6:10:52 上午 spec.jbb.JBBmain DoARun -> 信息:   started user thread for Warehouse 71
1月 02, 2026 6:10:52 上午 spec.jbb.JBBmain DoARun -> 信息:   started user thread for Warehouse 72
1月 02, 2026 6:10:52 上午 spec.jbb.JBBmain DoARun -> 信息:   started user thread for Warehouse 73
1月 02, 2026 6:10:52 上午 spec.jbb.JBBmain DoARun -> 信息:   started user thread for Warehouse 74
1月 02, 2026 6:10:52 上午 spec.jbb.JBBmain DoARun -> 信息:   started user thread for Warehouse 75
1月 02, 2026 6:10:52 上午 spec.jbb.JBBmain DoARun -> 信息:   started user thread for Warehouse 76
1月 02, 2026 6:10:52 上午 spec.jbb.JBBmain DoARun -> 信息:   started user thread for Warehouse 77
1月 02, 2026 6:10:52 上午 spec.jbb.JBBmain DoARun -> 信息:   started user thread for Warehouse 78
1月 02, 2026 6:10:52 上午 spec.jbb.JBBmain DoARun -> 信息:   started user thread for Warehouse 79
1月 02, 2026 6:10:52 上午 spec.jbb.JBBmain DoARun -> 信息:   started user thread for Warehouse 80
1月 02, 2026 6:10:52 上午 spec.jbb.JBBmain DoARun -> 信息:   started user thread for Warehouse 81
1月 02, 2026 6:10:52 上午 spec.jbb.JBBmain DoARun -> 信息:   started user thread for Warehouse 82
1月 02, 2026 6:10:52 上午 spec.jbb.JBBmain DoARun -> 信息:   started user thread for Warehouse 83
1月 02, 2026 6:10:52 上午 spec.jbb.JBBmain DoARun -> 信息:   started user thread for Warehouse 84
1月 02, 2026 6:10:52 上午 spec.jbb.JBBmain DoARun -> 信息:   started user thread for Warehouse 85
1月 02, 2026 6:10:52 上午 spec.jbb.JBBmain DoARun -> 信息:   started user thread for Warehouse 86
1月 02, 2026 6:10:52 上午 spec.jbb.JBBmain DoARun -> 信息:   started user thread for Warehouse 87
1月 02, 2026 6:10:52 上午 spec.jbb.JBBmain DoARun -> 信息:   started user thread for Warehouse 88
1月 02, 2026 6:10:52 上午 spec.jbb.JBBmain DoARun -> 信息:   started user thread for Warehouse 89
1月 02, 2026 6:10:52 上午 spec.jbb.JBBmain DoARun -> 信息:   started user thread for Warehouse 90
1月 02, 2026 6:10:52 上午 spec.jbb.JBBmain DoARun -> 信息:   started user thread for Warehouse 91
1月 02, 2026 6:10:52 上午 spec.jbb.JBBmain DoARun -> 信息:   started user thread for Warehouse 92
1月 02, 2026 6:10:52 上午 spec.jbb.JBBmain DoARun -> 信息:   started user thread for Warehouse 93
1月 02, 2026 6:10:52 上午 spec.jbb.JBBmain DoARun -> 信息:   started user thread for Warehouse 94
1月 02, 2026 6:10:52 上午 spec.jbb.JBBmain DoARun -> 信息:   started user thread for Warehouse 95
1月 02, 2026 6:10:52 上午 spec.jbb.JBBmain DoARun -> 信息:   started user thread for Warehouse 96
1月 02, 2026 6:10:52 上午 spec.jbb.JBBmain DoARun -> 信息:   started user thread for Warehouse 97
1月 02, 2026 6:10:52 上午 spec.jbb.JBBmain DoARun -> 信息:   started user thread for Warehouse 98
1月 02, 2026 6:10:52 上午 spec.jbb.JBBmain DoARun -> 信息:   started user thread for Warehouse 99
1月 02, 2026 6:10:52 上午 spec.jbb.JBBmain DoARun -> 信息:   started user thread for Warehouse 100
1月 02, 2026 6:10:52 上午 spec.jbb.JBBmain DoARun -> 信息:   started user thread for Warehouse 101
1月 02, 2026 6:10:52 上午 spec.jbb.JBBmain DoARun -> 信息:   started user thread for Warehouse 102
1月 02, 2026 6:10:52 上午 spec.jbb.JBBmain DoARun -> 信息:   started user thread for Warehouse 103
1月 02, 2026 6:10:52 上午 spec.jbb.JBBmain DoARun -> 信息:   started user thread for Warehouse 104
1月 02, 2026 6:10:52 上午 spec.jbb.Company displayResultTotals -> 信息: Timing Measurement began Fri Jan 02 06:10:52 CST 2026 for 4 minutes
1月 02, 2026 6:14:52 上午 spec.jbb.Company displayResultTotals -> 信息: Timing Measurement ended Fri Jan 02 06:14:52 CST 2026
1月 02, 2026 6:14:52 上午 spec.jbb.Company primeWithDummyData -> 信息: Loading Warehouse 105...
1月 02, 2026 6:14:52 上午 spec.jbb.JBBmain DoARun -> 信息: Start User Threads
1月 02, 2026 6:14:52 上午 spec.jbb.JBBmain DoARun -> 信息:   started user thread for Warehouse 1
1月 02, 2026 6:14:52 上午 spec.jbb.JBBmain DoARun -> 信息:   started user thread for Warehouse 2
1月 02, 2026 6:14:52 上午 spec.jbb.JBBmain DoARun -> 信息:   started user thread for Warehouse 3
1月 02, 2026 6:14:52 上午 spec.jbb.JBBmain DoARun -> 信息:   started user thread for Warehouse 4
1月 02, 2026 6:14:52 上午 spec.jbb.JBBmain DoARun -> 信息:   started user thread for Warehouse 5
1月 02, 2026 6:14:52 上午 spec.jbb.JBBmain DoARun -> 信息:   started user thread for Warehouse 6
1月 02, 2026 6:14:52 上午 spec.jbb.JBBmain DoARun -> 信息:   started user thread for Warehouse 7
1月 02, 2026 6:14:52 上午 spec.jbb.JBBmain DoARun -> 信息:   started user thread for Warehouse 8
1月 02, 2026 6:14:52 上午 spec.jbb.JBBmain DoARun -> 信息:   started user thread for Warehouse 9
1月 02, 2026 6:14:52 上午 spec.jbb.JBBmain DoARun -> 信息:   started user thread for Warehouse 10
1月 02, 2026 6:14:52 上午 spec.jbb.JBBmain DoARun -> 信息:   started user thread for Warehouse 11
1月 02, 2026 6:14:52 上午 spec.jbb.JBBmain DoARun -> 信息:   started user thread for Warehouse 12
1月 02, 2026 6:14:52 上午 spec.jbb.JBBmain DoARun -> 信息:   started user thread for Warehouse 13
1月 02, 2026 6:14:52 上午 spec.jbb.JBBmain DoARun -> 信息:   started user thread for Warehouse 14
1月 02, 2026 6:14:52 上午 spec.jbb.JBBmain DoARun -> 信息:   started user thread for Warehouse 15
1月 02, 2026 6:14:52 上午 spec.jbb.JBBmain DoARun -> 信息:   started user thread for Warehouse 16
1月 02, 2026 6:14:52 上午 spec.jbb.JBBmain DoARun -> 信息:   started user thread for Warehouse 17
1月 02, 2026 6:14:52 上午 spec.jbb.JBBmain DoARun -> 信息:   started user thread for Warehouse 18
1月 02, 2026 6:14:52 上午 spec.jbb.JBBmain DoARun -> 信息:   started user thread for Warehouse 19
1月 02, 2026 6:14:52 上午 spec.jbb.JBBmain DoARun -> 信息:   started user thread for Warehouse 20
1月 02, 2026 6:14:52 上午 spec.jbb.JBBmain DoARun -> 信息:   started user thread for Warehouse 21
1月 02, 2026 6:14:52 上午 spec.jbb.JBBmain DoARun -> 信息:   started user thread for Warehouse 22
1月 02, 2026 6:14:52 上午 spec.jbb.JBBmain DoARun -> 信息:   started user thread for Warehouse 23
1月 02, 2026 6:14:52 上午 spec.jbb.JBBmain DoARun -> 信息:   started user thread for Warehouse 24
1月 02, 2026 6:14:52 上午 spec.jbb.JBBmain DoARun -> 信息:   started user thread for Warehouse 25
1月 02, 2026 6:14:52 上午 spec.jbb.JBBmain DoARun -> 信息:   started user thread for Warehouse 26
1月 02, 2026 6:14:52 上午 spec.jbb.JBBmain DoARun -> 信息:   started user thread for Warehouse 27
1月 02, 2026 6:14:52 上午 spec.jbb.JBBmain DoARun -> 信息:   started user thread for Warehouse 28
1月 02, 2026 6:14:52 上午 spec.jbb.JBBmain DoARun -> 信息:   started user thread for Warehouse 29
1月 02, 2026 6:14:52 上午 spec.jbb.JBBmain DoARun -> 信息:   started user thread for Warehouse 30
1月 02, 2026 6:14:52 上午 spec.jbb.JBBmain DoARun -> 信息:   started user thread for Warehouse 31
1月 02, 2026 6:14:52 上午 spec.jbb.JBBmain DoARun -> 信息:   started user thread for Warehouse 32
1月 02, 2026 6:14:52 上午 spec.jbb.JBBmain DoARun -> 信息:   started user thread for Warehouse 33
1月 02, 2026 6:14:52 上午 spec.jbb.JBBmain DoARun -> 信息:   started user thread for Warehouse 34
1月 02, 2026 6:14:52 上午 spec.jbb.JBBmain DoARun -> 信息:   started user thread for Warehouse 35
1月 02, 2026 6:14:52 上午 spec.jbb.JBBmain DoARun -> 信息:   started user thread for Warehouse 36
1月 02, 2026 6:14:52 上午 spec.jbb.JBBmain DoARun -> 信息:   started user thread for Warehouse 37
1月 02, 2026 6:14:52 上午 spec.jbb.JBBmain DoARun -> 信息:   started user thread for Warehouse 38
1月 02, 2026 6:14:52 上午 spec.jbb.JBBmain DoARun -> 信息:   started user thread for Warehouse 39
1月 02, 2026 6:14:52 上午 spec.jbb.JBBmain DoARun -> 信息:   started user thread for Warehouse 40
1月 02, 2026 6:14:52 上午 spec.jbb.JBBmain DoARun -> 信息:   started user thread for Warehouse 41
1月 02, 2026 6:14:52 上午 spec.jbb.JBBmain DoARun -> 信息:   started user thread for Warehouse 42
1月 02, 2026 6:14:52 上午 spec.jbb.JBBmain DoARun -> 信息:   started user thread for Warehouse 43
1月 02, 2026 6:14:52 上午 spec.jbb.JBBmain DoARun -> 信息:   started user thread for Warehouse 44
1月 02, 2026 6:14:52 上午 spec.jbb.JBBmain DoARun -> 信息:   started user thread for Warehouse 45
1月 02, 2026 6:14:52 上午 spec.jbb.JBBmain DoARun -> 信息:   started user thread for Warehouse 46
1月 02, 2026 6:14:52 上午 spec.jbb.JBBmain DoARun -> 信息:   started user thread for Warehouse 47
1月 02, 2026 6:14:52 上午 spec.jbb.JBBmain DoARun -> 信息:   started user thread for Warehouse 48
1月 02, 2026 6:14:52 上午 spec.jbb.JBBmain DoARun -> 信息:   started user thread for Warehouse 49
1月 02, 2026 6:14:52 上午 spec.jbb.JBBmain DoARun -> 信息:   started user thread for Warehouse 50
1月 02, 2026 6:14:52 上午 spec.jbb.JBBmain DoARun -> 信息:   started user thread for Warehouse 51
1月 02, 2026 6:14:52 上午 spec.jbb.JBBmain DoARun -> 信息:   started user thread for Warehouse 52
1月 02, 2026 6:14:52 上午 spec.jbb.JBBmain DoARun -> 信息:   started user thread for Warehouse 53
1月 02, 2026 6:14:52 上午 spec.jbb.JBBmain DoARun -> 信息:   started user thread for Warehouse 54
1月 02, 2026 6:14:52 上午 spec.jbb.JBBmain DoARun -> 信息:   started user thread for Warehouse 55
1月 02, 2026 6:14:52 上午 spec.jbb.JBBmain DoARun -> 信息:   started user thread for Warehouse 56
1月 02, 2026 6:14:52 上午 spec.jbb.JBBmain DoARun -> 信息:   started user thread for Warehouse 57
1月 02, 2026 6:14:52 上午 spec.jbb.JBBmain DoARun -> 信息:   started user thread for Warehouse 58
1月 02, 2026 6:14:52 上午 spec.jbb.JBBmain DoARun -> 信息:   started user thread for Warehouse 59
1月 02, 2026 6:14:52 上午 spec.jbb.JBBmain DoARun -> 信息:   started user thread for Warehouse 60
1月 02, 2026 6:14:52 上午 spec.jbb.JBBmain DoARun -> 信息:   started user thread for Warehouse 61
1月 02, 2026 6:14:52 上午 spec.jbb.JBBmain DoARun -> 信息:   started user thread for Warehouse 62
1月 02, 2026 6:14:52 上午 spec.jbb.JBBmain DoARun -> 信息:   started user thread for Warehouse 63
1月 02, 2026 6:14:52 上午 spec.jbb.JBBmain DoARun -> 信息:   started user thread for Warehouse 64
1月 02, 2026 6:14:52 上午 spec.jbb.JBBmain DoARun -> 信息:   started user thread for Warehouse 65
1月 02, 2026 6:14:52 上午 spec.jbb.JBBmain DoARun -> 信息:   started user thread for Warehouse 66
1月 02, 2026 6:14:52 上午 spec.jbb.JBBmain DoARun -> 信息:   started user thread for Warehouse 67
1月 02, 2026 6:14:52 上午 spec.jbb.JBBmain DoARun -> 信息:   started user thread for Warehouse 68
1月 02, 2026 6:14:52 上午 spec.jbb.JBBmain DoARun -> 信息:   started user thread for Warehouse 69
1月 02, 2026 6:14:52 上午 spec.jbb.JBBmain DoARun -> 信息:   started user thread for Warehouse 70
1月 02, 2026 6:14:52 上午 spec.jbb.JBBmain DoARun -> 信息:   started user thread for Warehouse 71
1月 02, 2026 6:14:52 上午 spec.jbb.JBBmain DoARun -> 信息:   started user thread for Warehouse 72
1月 02, 2026 6:14:52 上午 spec.jbb.JBBmain DoARun -> 信息:   started user thread for Warehouse 73
1月 02, 2026 6:14:52 上午 spec.jbb.JBBmain DoARun -> 信息:   started user thread for Warehouse 74
1月 02, 2026 6:14:52 上午 spec.jbb.JBBmain DoARun -> 信息:   started user thread for Warehouse 75
1月 02, 2026 6:14:52 上午 spec.jbb.JBBmain DoARun -> 信息:   started user thread for Warehouse 76
1月 02, 2026 6:14:52 上午 spec.jbb.JBBmain DoARun -> 信息:   started user thread for Warehouse 77
1月 02, 2026 6:14:52 上午 spec.jbb.JBBmain DoARun -> 信息:   started user thread for Warehouse 78
1月 02, 2026 6:14:52 上午 spec.jbb.JBBmain DoARun -> 信息:   started user thread for Warehouse 79
1月 02, 2026 6:14:52 上午 spec.jbb.JBBmain DoARun -> 信息:   started user thread for Warehouse 80
1月 02, 2026 6:14:52 上午 spec.jbb.JBBmain DoARun -> 信息:   started user thread for Warehouse 81
1月 02, 2026 6:14:52 上午 spec.jbb.JBBmain DoARun -> 信息:   started user thread for Warehouse 82
1月 02, 2026 6:14:52 上午 spec.jbb.JBBmain DoARun -> 信息:   started user thread for Warehouse 83
1月 02, 2026 6:14:52 上午 spec.jbb.JBBmain DoARun -> 信息:   started user thread for Warehouse 84
1月 02, 2026 6:14:52 上午 spec.jbb.JBBmain DoARun -> 信息:   started user thread for Warehouse 85
1月 02, 2026 6:14:52 上午 spec.jbb.JBBmain DoARun -> 信息:   started user thread for Warehouse 86
1月 02, 2026 6:14:52 上午 spec.jbb.JBBmain DoARun -> 信息:   started user thread for Warehouse 87
1月 02, 2026 6:14:52 上午 spec.jbb.JBBmain DoARun -> 信息:   started user thread for Warehouse 88
1月 02, 2026 6:14:52 上午 spec.jbb.JBBmain DoARun -> 信息:   started user thread for Warehouse 89
1月 02, 2026 6:14:52 上午 spec.jbb.JBBmain DoARun -> 信息:   started user thread for Warehouse 90
1月 02, 2026 6:14:52 上午 spec.jbb.JBBmain DoARun -> 信息:   started user thread for Warehouse 91
1月 02, 2026 6:14:52 上午 spec.jbb.JBBmain DoARun -> 信息:   started user thread for Warehouse 92
1月 02, 2026 6:14:52 上午 spec.jbb.JBBmain DoARun -> 信息:   started user thread for Warehouse 93
1月 02, 2026 6:14:52 上午 spec.jbb.JBBmain DoARun -> 信息:   started user thread for Warehouse 94
1月 02, 2026 6:14:52 上午 spec.jbb.JBBmain DoARun -> 信息:   started user thread for Warehouse 95
1月 02, 2026 6:14:52 上午 spec.jbb.JBBmain DoARun -> 信息:   started user thread for Warehouse 96
1月 02, 2026 6:14:52 上午 spec.jbb.JBBmain DoARun -> 信息:   started user thread for Warehouse 97
1月 02, 2026 6:14:52 上午 spec.jbb.JBBmain DoARun -> 信息:   started user thread for Warehouse 98
1月 02, 2026 6:14:52 上午 spec.jbb.JBBmain DoARun -> 信息:   started user thread for Warehouse 99
1月 02, 2026 6:14:52 上午 spec.jbb.JBBmain DoARun -> 信息:   started user thread for Warehouse 100
1月 02, 2026 6:14:52 上午 spec.jbb.JBBmain DoARun -> 信息:   started user thread for Warehouse 101
1月 02, 2026 6:14:52 上午 spec.jbb.JBBmain DoARun -> 信息:   started user thread for Warehouse 102
1月 02, 2026 6:14:52 上午 spec.jbb.JBBmain DoARun -> 信息:   started user thread for Warehouse 103
1月 02, 2026 6:14:52 上午 spec.jbb.JBBmain DoARun -> 信息:   started user thread for Warehouse 104
1月 02, 2026 6:14:52 上午 spec.jbb.JBBmain DoARun -> 信息:   started user thread for Warehouse 105
1月 02, 2026 6:14:52 上午 spec.jbb.Company displayResultTotals -> 信息: Timing Measurement began Fri Jan 02 06:14:52 CST 2026 for 4 minutes
1月 02, 2026 6:18:52 上午 spec.jbb.Company displayResultTotals -> 信息: Timing Measurement ended Fri Jan 02 06:18:52 CST 2026
1月 02, 2026 6:18:53 上午 spec.jbb.Company primeWithDummyData -> 信息: Loading Warehouse 106...
1月 02, 2026 6:18:53 上午 spec.jbb.JBBmain DoARun -> 信息: Start User Threads
1月 02, 2026 6:18:53 上午 spec.jbb.JBBmain DoARun -> 信息:   started user thread for Warehouse 1
1月 02, 2026 6:18:53 上午 spec.jbb.JBBmain DoARun -> 信息:   started user thread for Warehouse 2
1月 02, 2026 6:18:53 上午 spec.jbb.JBBmain DoARun -> 信息:   started user thread for Warehouse 3
1月 02, 2026 6:18:53 上午 spec.jbb.JBBmain DoARun -> 信息:   started user thread for Warehouse 4
1月 02, 2026 6:18:53 上午 spec.jbb.JBBmain DoARun -> 信息:   started user thread for Warehouse 5
1月 02, 2026 6:18:53 上午 spec.jbb.JBBmain DoARun -> 信息:   started user thread for Warehouse 6
1月 02, 2026 6:18:53 上午 spec.jbb.JBBmain DoARun -> 信息:   started user thread for Warehouse 7
1月 02, 2026 6:18:53 上午 spec.jbb.JBBmain DoARun -> 信息:   started user thread for Warehouse 8
1月 02, 2026 6:18:53 上午 spec.jbb.JBBmain DoARun -> 信息:   started user thread for Warehouse 9
1月 02, 2026 6:18:53 上午 spec.jbb.JBBmain DoARun -> 信息:   started user thread for Warehouse 10
1月 02, 2026 6:18:53 上午 spec.jbb.JBBmain DoARun -> 信息:   started user thread for Warehouse 11
1月 02, 2026 6:18:53 上午 spec.jbb.JBBmain DoARun -> 信息:   started user thread for Warehouse 12
1月 02, 2026 6:18:53 上午 spec.jbb.JBBmain DoARun -> 信息:   started user thread for Warehouse 13
1月 02, 2026 6:18:53 上午 spec.jbb.JBBmain DoARun -> 信息:   started user thread for Warehouse 14
1月 02, 2026 6:18:53 上午 spec.jbb.JBBmain DoARun -> 信息:   started user thread for Warehouse 15
1月 02, 2026 6:18:53 上午 spec.jbb.JBBmain DoARun -> 信息:   started user thread for Warehouse 16
1月 02, 2026 6:18:53 上午 spec.jbb.JBBmain DoARun -> 信息:   started user thread for Warehouse 17
1月 02, 2026 6:18:53 上午 spec.jbb.JBBmain DoARun -> 信息:   started user thread for Warehouse 18
1月 02, 2026 6:18:53 上午 spec.jbb.JBBmain DoARun -> 信息:   started user thread for Warehouse 19
1月 02, 2026 6:18:53 上午 spec.jbb.JBBmain DoARun -> 信息:   started user thread for Warehouse 20
1月 02, 2026 6:18:53 上午 spec.jbb.JBBmain DoARun -> 信息:   started user thread for Warehouse 21
1月 02, 2026 6:18:53 上午 spec.jbb.JBBmain DoARun -> 信息:   started user thread for Warehouse 22
1月 02, 2026 6:18:53 上午 spec.jbb.JBBmain DoARun -> 信息:   started user thread for Warehouse 23
1月 02, 2026 6:18:53 上午 spec.jbb.JBBmain DoARun -> 信息:   started user thread for Warehouse 24
1月 02, 2026 6:18:53 上午 spec.jbb.JBBmain DoARun -> 信息:   started user thread for Warehouse 25
1月 02, 2026 6:18:53 上午 spec.jbb.JBBmain DoARun -> 信息:   started user thread for Warehouse 26
1月 02, 2026 6:18:53 上午 spec.jbb.JBBmain DoARun -> 信息:   started user thread for Warehouse 27
1月 02, 2026 6:18:53 上午 spec.jbb.JBBmain DoARun -> 信息:   started user thread for Warehouse 28
1月 02, 2026 6:18:53 上午 spec.jbb.JBBmain DoARun -> 信息:   started user thread for Warehouse 29
1月 02, 2026 6:18:53 上午 spec.jbb.JBBmain DoARun -> 信息:   started user thread for Warehouse 30
1月 02, 2026 6:18:53 上午 spec.jbb.JBBmain DoARun -> 信息:   started user thread for Warehouse 31
1月 02, 2026 6:18:53 上午 spec.jbb.JBBmain DoARun -> 信息:   started user thread for Warehouse 32
1月 02, 2026 6:18:53 上午 spec.jbb.JBBmain DoARun -> 信息:   started user thread for Warehouse 33
1月 02, 2026 6:18:53 上午 spec.jbb.JBBmain DoARun -> 信息:   started user thread for Warehouse 34
1月 02, 2026 6:18:53 上午 spec.jbb.JBBmain DoARun -> 信息:   started user thread for Warehouse 35
1月 02, 2026 6:18:53 上午 spec.jbb.JBBmain DoARun -> 信息:   started user thread for Warehouse 36
1月 02, 2026 6:18:53 上午 spec.jbb.JBBmain DoARun -> 信息:   started user thread for Warehouse 37
1月 02, 2026 6:18:53 上午 spec.jbb.JBBmain DoARun -> 信息:   started user thread for Warehouse 38
1月 02, 2026 6:18:53 上午 spec.jbb.JBBmain DoARun -> 信息:   started user thread for Warehouse 39
1月 02, 2026 6:18:53 上午 spec.jbb.JBBmain DoARun -> 信息:   started user thread for Warehouse 40
1月 02, 2026 6:18:53 上午 spec.jbb.JBBmain DoARun -> 信息:   started user thread for Warehouse 41
1月 02, 2026 6:18:53 上午 spec.jbb.JBBmain DoARun -> 信息:   started user thread for Warehouse 42
1月 02, 2026 6:18:53 上午 spec.jbb.JBBmain DoARun -> 信息:   started user thread for Warehouse 43
1月 02, 2026 6:18:53 上午 spec.jbb.JBBmain DoARun -> 信息:   started user thread for Warehouse 44
1月 02, 2026 6:18:53 上午 spec.jbb.JBBmain DoARun -> 信息:   started user thread for Warehouse 45
1月 02, 2026 6:18:53 上午 spec.jbb.JBBmain DoARun -> 信息:   started user thread for Warehouse 46
1月 02, 2026 6:18:53 上午 spec.jbb.JBBmain DoARun -> 信息:   started user thread for Warehouse 47
1月 02, 2026 6:18:53 上午 spec.jbb.JBBmain DoARun -> 信息:   started user thread for Warehouse 48
1月 02, 2026 6:18:53 上午 spec.jbb.JBBmain DoARun -> 信息:   started user thread for Warehouse 49
1月 02, 2026 6:18:53 上午 spec.jbb.JBBmain DoARun -> 信息:   started user thread for Warehouse 50
1月 02, 2026 6:18:53 上午 spec.jbb.JBBmain DoARun -> 信息:   started user thread for Warehouse 51
1月 02, 2026 6:18:53 上午 spec.jbb.JBBmain DoARun -> 信息:   started user thread for Warehouse 52
1月 02, 2026 6:18:53 上午 spec.jbb.JBBmain DoARun -> 信息:   started user thread for Warehouse 53
1月 02, 2026 6:18:53 上午 spec.jbb.JBBmain DoARun -> 信息:   started user thread for Warehouse 54
1月 02, 2026 6:18:53 上午 spec.jbb.JBBmain DoARun -> 信息:   started user thread for Warehouse 55
1月 02, 2026 6:18:53 上午 spec.jbb.JBBmain DoARun -> 信息:   started user thread for Warehouse 56
1月 02, 2026 6:18:53 上午 spec.jbb.JBBmain DoARun -> 信息:   started user thread for Warehouse 57
1月 02, 2026 6:18:53 上午 spec.jbb.JBBmain DoARun -> 信息:   started user thread for Warehouse 58
1月 02, 2026 6:18:53 上午 spec.jbb.JBBmain DoARun -> 信息:   started user thread for Warehouse 59
1月 02, 2026 6:18:53 上午 spec.jbb.JBBmain DoARun -> 信息:   started user thread for Warehouse 60
1月 02, 2026 6:18:53 上午 spec.jbb.JBBmain DoARun -> 信息:   started user thread for Warehouse 61
1月 02, 2026 6:18:53 上午 spec.jbb.JBBmain DoARun -> 信息:   started user thread for Warehouse 62
1月 02, 2026 6:18:53 上午 spec.jbb.JBBmain DoARun -> 信息:   started user thread for Warehouse 63
1月 02, 2026 6:18:53 上午 spec.jbb.JBBmain DoARun -> 信息:   started user thread for Warehouse 64
1月 02, 2026 6:18:53 上午 spec.jbb.JBBmain DoARun -> 信息:   started user thread for Warehouse 65
1月 02, 2026 6:18:53 上午 spec.jbb.JBBmain DoARun -> 信息:   started user thread for Warehouse 66
1月 02, 2026 6:18:53 上午 spec.jbb.JBBmain DoARun -> 信息:   started user thread for Warehouse 67
1月 02, 2026 6:18:53 上午 spec.jbb.JBBmain DoARun -> 信息:   started user thread for Warehouse 68
1月 02, 2026 6:18:53 上午 spec.jbb.JBBmain DoARun -> 信息:   started user thread for Warehouse 69
1月 02, 2026 6:18:53 上午 spec.jbb.JBBmain DoARun -> 信息:   started user thread for Warehouse 70
1月 02, 2026 6:18:53 上午 spec.jbb.JBBmain DoARun -> 信息:   started user thread for Warehouse 71
1月 02, 2026 6:18:53 上午 spec.jbb.JBBmain DoARun -> 信息:   started user thread for Warehouse 72
1月 02, 2026 6:18:53 上午 spec.jbb.JBBmain DoARun -> 信息:   started user thread for Warehouse 73
1月 02, 2026 6:18:53 上午 spec.jbb.JBBmain DoARun -> 信息:   started user thread for Warehouse 74
1月 02, 2026 6:18:53 上午 spec.jbb.JBBmain DoARun -> 信息:   started user thread for Warehouse 75
1月 02, 2026 6:18:53 上午 spec.jbb.JBBmain DoARun -> 信息:   started user thread for Warehouse 76
1月 02, 2026 6:18:53 上午 spec.jbb.JBBmain DoARun -> 信息:   started user thread for Warehouse 77
1月 02, 2026 6:18:53 上午 spec.jbb.JBBmain DoARun -> 信息:   started user thread for Warehouse 78
1月 02, 2026 6:18:53 上午 spec.jbb.JBBmain DoARun -> 信息:   started user thread for Warehouse 79
1月 02, 2026 6:18:53 上午 spec.jbb.JBBmain DoARun -> 信息:   started user thread for Warehouse 80
1月 02, 2026 6:18:53 上午 spec.jbb.JBBmain DoARun -> 信息:   started user thread for Warehouse 81
1月 02, 2026 6:18:53 上午 spec.jbb.JBBmain DoARun -> 信息:   started user thread for Warehouse 82
1月 02, 2026 6:18:53 上午 spec.jbb.JBBmain DoARun -> 信息:   started user thread for Warehouse 83
1月 02, 2026 6:18:53 上午 spec.jbb.JBBmain DoARun -> 信息:   started user thread for Warehouse 84
1月 02, 2026 6:18:53 上午 spec.jbb.JBBmain DoARun -> 信息:   started user thread for Warehouse 85
1月 02, 2026 6:18:53 上午 spec.jbb.JBBmain DoARun -> 信息:   started user thread for Warehouse 86
1月 02, 2026 6:18:53 上午 spec.jbb.JBBmain DoARun -> 信息:   started user thread for Warehouse 87
1月 02, 2026 6:18:53 上午 spec.jbb.JBBmain DoARun -> 信息:   started user thread for Warehouse 88
1月 02, 2026 6:18:53 上午 spec.jbb.JBBmain DoARun -> 信息:   started user thread for Warehouse 89
1月 02, 2026 6:18:53 上午 spec.jbb.JBBmain DoARun -> 信息:   started user thread for Warehouse 90
1月 02, 2026 6:18:53 上午 spec.jbb.JBBmain DoARun -> 信息:   started user thread for Warehouse 91
1月 02, 2026 6:18:53 上午 spec.jbb.JBBmain DoARun -> 信息:   started user thread for Warehouse 92
1月 02, 2026 6:18:53 上午 spec.jbb.JBBmain DoARun -> 信息:   started user thread for Warehouse 93
1月 02, 2026 6:18:53 上午 spec.jbb.JBBmain DoARun -> 信息:   started user thread for Warehouse 94
1月 02, 2026 6:18:53 上午 spec.jbb.JBBmain DoARun -> 信息:   started user thread for Warehouse 95
1月 02, 2026 6:18:53 上午 spec.jbb.JBBmain DoARun -> 信息:   started user thread for Warehouse 96
1月 02, 2026 6:18:53 上午 spec.jbb.JBBmain DoARun -> 信息:   started user thread for Warehouse 97
1月 02, 2026 6:18:53 上午 spec.jbb.JBBmain DoARun -> 信息:   started user thread for Warehouse 98
1月 02, 2026 6:18:53 上午 spec.jbb.JBBmain DoARun -> 信息:   started user thread for Warehouse 99
1月 02, 2026 6:18:53 上午 spec.jbb.JBBmain DoARun -> 信息:   started user thread for Warehouse 100
1月 02, 2026 6:18:53 上午 spec.jbb.JBBmain DoARun -> 信息:   started user thread for Warehouse 101
1月 02, 2026 6:18:53 上午 spec.jbb.JBBmain DoARun -> 信息:   started user thread for Warehouse 102
1月 02, 2026 6:18:53 上午 spec.jbb.JBBmain DoARun -> 信息:   started user thread for Warehouse 103
1月 02, 2026 6:18:53 上午 spec.jbb.JBBmain DoARun -> 信息:   started user thread for Warehouse 104
1月 02, 2026 6:18:53 上午 spec.jbb.JBBmain DoARun -> 信息:   started user thread for Warehouse 105
1月 02, 2026 6:18:53 上午 spec.jbb.JBBmain DoARun -> 信息:   started user thread for Warehouse 106
1月 02, 2026 6:18:53 上午 spec.jbb.Company displayResultTotals -> 信息: Timing Measurement began Fri Jan 02 06:18:53 CST 2026 for 4 minutes
1月 02, 2026 6:22:53 上午 spec.jbb.Company displayResultTotals -> 信息: Timing Measurement ended Fri Jan 02 06:22:53 CST 2026
1月 02, 2026 6:22:53 上午 spec.jbb.Company primeWithDummyData -> 信息: Loading Warehouse 107...
1月 02, 2026 6:22:53 上午 spec.jbb.JBBmain DoARun -> 信息: Start User Threads
1月 02, 2026 6:22:53 上午 spec.jbb.JBBmain DoARun -> 信息:   started user thread for Warehouse 1
1月 02, 2026 6:22:53 上午 spec.jbb.JBBmain DoARun -> 信息:   started user thread for Warehouse 2
1月 02, 2026 6:22:53 上午 spec.jbb.JBBmain DoARun -> 信息:   started user thread for Warehouse 3
1月 02, 2026 6:22:53 上午 spec.jbb.JBBmain DoARun -> 信息:   started user thread for Warehouse 4
1月 02, 2026 6:22:53 上午 spec.jbb.JBBmain DoARun -> 信息:   started user thread for Warehouse 5
1月 02, 2026 6:22:53 上午 spec.jbb.JBBmain DoARun -> 信息:   started user thread for Warehouse 6
1月 02, 2026 6:22:53 上午 spec.jbb.JBBmain DoARun -> 信息:   started user thread for Warehouse 7
1月 02, 2026 6:22:53 上午 spec.jbb.JBBmain DoARun -> 信息:   started user thread for Warehouse 8
1月 02, 2026 6:22:53 上午 spec.jbb.JBBmain DoARun -> 信息:   started user thread for Warehouse 9
1月 02, 2026 6:22:53 上午 spec.jbb.JBBmain DoARun -> 信息:   started user thread for Warehouse 10
1月 02, 2026 6:22:53 上午 spec.jbb.JBBmain DoARun -> 信息:   started user thread for Warehouse 11
1月 02, 2026 6:22:53 上午 spec.jbb.JBBmain DoARun -> 信息:   started user thread for Warehouse 12
1月 02, 2026 6:22:53 上午 spec.jbb.JBBmain DoARun -> 信息:   started user thread for Warehouse 13
1月 02, 2026 6:22:53 上午 spec.jbb.JBBmain DoARun -> 信息:   started user thread for Warehouse 14
1月 02, 2026 6:22:53 上午 spec.jbb.JBBmain DoARun -> 信息:   started user thread for Warehouse 15
1月 02, 2026 6:22:53 上午 spec.jbb.JBBmain DoARun -> 信息:   started user thread for Warehouse 16
1月 02, 2026 6:22:53 上午 spec.jbb.JBBmain DoARun -> 信息:   started user thread for Warehouse 17
1月 02, 2026 6:22:53 上午 spec.jbb.JBBmain DoARun -> 信息:   started user thread for Warehouse 18
1月 02, 2026 6:22:53 上午 spec.jbb.JBBmain DoARun -> 信息:   started user thread for Warehouse 19
1月 02, 2026 6:22:53 上午 spec.jbb.JBBmain DoARun -> 信息:   started user thread for Warehouse 20
1月 02, 2026 6:22:53 上午 spec.jbb.JBBmain DoARun -> 信息:   started user thread for Warehouse 21
1月 02, 2026 6:22:53 上午 spec.jbb.JBBmain DoARun -> 信息:   started user thread for Warehouse 22
1月 02, 2026 6:22:53 上午 spec.jbb.JBBmain DoARun -> 信息:   started user thread for Warehouse 23
1月 02, 2026 6:22:53 上午 spec.jbb.JBBmain DoARun -> 信息:   started user thread for Warehouse 24
1月 02, 2026 6:22:53 上午 spec.jbb.JBBmain DoARun -> 信息:   started user thread for Warehouse 25
1月 02, 2026 6:22:53 上午 spec.jbb.JBBmain DoARun -> 信息:   started user thread for Warehouse 26
1月 02, 2026 6:22:53 上午 spec.jbb.JBBmain DoARun -> 信息:   started user thread for Warehouse 27
1月 02, 2026 6:22:53 上午 spec.jbb.JBBmain DoARun -> 信息:   started user thread for Warehouse 28
1月 02, 2026 6:22:53 上午 spec.jbb.JBBmain DoARun -> 信息:   started user thread for Warehouse 29
1月 02, 2026 6:22:53 上午 spec.jbb.JBBmain DoARun -> 信息:   started user thread for Warehouse 30
1月 02, 2026 6:22:53 上午 spec.jbb.JBBmain DoARun -> 信息:   started user thread for Warehouse 31
1月 02, 2026 6:22:53 上午 spec.jbb.JBBmain DoARun -> 信息:   started user thread for Warehouse 32
1月 02, 2026 6:22:53 上午 spec.jbb.JBBmain DoARun -> 信息:   started user thread for Warehouse 33
1月 02, 2026 6:22:53 上午 spec.jbb.JBBmain DoARun -> 信息:   started user thread for Warehouse 34
1月 02, 2026 6:22:53 上午 spec.jbb.JBBmain DoARun -> 信息:   started user thread for Warehouse 35
1月 02, 2026 6:22:53 上午 spec.jbb.JBBmain DoARun -> 信息:   started user thread for Warehouse 36
1月 02, 2026 6:22:53 上午 spec.jbb.JBBmain DoARun -> 信息:   started user thread for Warehouse 37
1月 02, 2026 6:22:53 上午 spec.jbb.JBBmain DoARun -> 信息:   started user thread for Warehouse 38
1月 02, 2026 6:22:53 上午 spec.jbb.JBBmain DoARun -> 信息:   started user thread for Warehouse 39
1月 02, 2026 6:22:53 上午 spec.jbb.JBBmain DoARun -> 信息:   started user thread for Warehouse 40
1月 02, 2026 6:22:53 上午 spec.jbb.JBBmain DoARun -> 信息:   started user thread for Warehouse 41
1月 02, 2026 6:22:53 上午 spec.jbb.JBBmain DoARun -> 信息:   started user thread for Warehouse 42
1月 02, 2026 6:22:53 上午 spec.jbb.JBBmain DoARun -> 信息:   started user thread for Warehouse 43
1月 02, 2026 6:22:53 上午 spec.jbb.JBBmain DoARun -> 信息:   started user thread for Warehouse 44
1月 02, 2026 6:22:53 上午 spec.jbb.JBBmain DoARun -> 信息:   started user thread for Warehouse 45
1月 02, 2026 6:22:53 上午 spec.jbb.JBBmain DoARun -> 信息:   started user thread for Warehouse 46
1月 02, 2026 6:22:53 上午 spec.jbb.JBBmain DoARun -> 信息:   started user thread for Warehouse 47
1月 02, 2026 6:22:53 上午 spec.jbb.JBBmain DoARun -> 信息:   started user thread for Warehouse 48
1月 02, 2026 6:22:53 上午 spec.jbb.JBBmain DoARun -> 信息:   started user thread for Warehouse 49
1月 02, 2026 6:22:53 上午 spec.jbb.JBBmain DoARun -> 信息:   started user thread for Warehouse 50
1月 02, 2026 6:22:53 上午 spec.jbb.JBBmain DoARun -> 信息:   started user thread for Warehouse 51
1月 02, 2026 6:22:53 上午 spec.jbb.JBBmain DoARun -> 信息:   started user thread for Warehouse 52
1月 02, 2026 6:22:53 上午 spec.jbb.JBBmain DoARun -> 信息:   started user thread for Warehouse 53
1月 02, 2026 6:22:53 上午 spec.jbb.JBBmain DoARun -> 信息:   started user thread for Warehouse 54
1月 02, 2026 6:22:53 上午 spec.jbb.JBBmain DoARun -> 信息:   started user thread for Warehouse 55
1月 02, 2026 6:22:53 上午 spec.jbb.JBBmain DoARun -> 信息:   started user thread for Warehouse 56
1月 02, 2026 6:22:53 上午 spec.jbb.JBBmain DoARun -> 信息:   started user thread for Warehouse 57
1月 02, 2026 6:22:53 上午 spec.jbb.JBBmain DoARun -> 信息:   started user thread for Warehouse 58
1月 02, 2026 6:22:53 上午 spec.jbb.JBBmain DoARun -> 信息:   started user thread for Warehouse 59
1月 02, 2026 6:22:53 上午 spec.jbb.JBBmain DoARun -> 信息:   started user thread for Warehouse 60
1月 02, 2026 6:22:53 上午 spec.jbb.JBBmain DoARun -> 信息:   started user thread for Warehouse 61
1月 02, 2026 6:22:53 上午 spec.jbb.JBBmain DoARun -> 信息:   started user thread for Warehouse 62
1月 02, 2026 6:22:53 上午 spec.jbb.JBBmain DoARun -> 信息:   started user thread for Warehouse 63
1月 02, 2026 6:22:53 上午 spec.jbb.JBBmain DoARun -> 信息:   started user thread for Warehouse 64
1月 02, 2026 6:22:53 上午 spec.jbb.JBBmain DoARun -> 信息:   started user thread for Warehouse 65
1月 02, 2026 6:22:53 上午 spec.jbb.JBBmain DoARun -> 信息:   started user thread for Warehouse 66
1月 02, 2026 6:22:53 上午 spec.jbb.JBBmain DoARun -> 信息:   started user thread for Warehouse 67
1月 02, 2026 6:22:53 上午 spec.jbb.JBBmain DoARun -> 信息:   started user thread for Warehouse 68
1月 02, 2026 6:22:53 上午 spec.jbb.JBBmain DoARun -> 信息:   started user thread for Warehouse 69
1月 02, 2026 6:22:53 上午 spec.jbb.JBBmain DoARun -> 信息:   started user thread for Warehouse 70
1月 02, 2026 6:22:53 上午 spec.jbb.JBBmain DoARun -> 信息:   started user thread for Warehouse 71
1月 02, 2026 6:22:53 上午 spec.jbb.JBBmain DoARun -> 信息:   started user thread for Warehouse 72
1月 02, 2026 6:22:53 上午 spec.jbb.JBBmain DoARun -> 信息:   started user thread for Warehouse 73
1月 02, 2026 6:22:53 上午 spec.jbb.JBBmain DoARun -> 信息:   started user thread for Warehouse 74
1月 02, 2026 6:22:53 上午 spec.jbb.JBBmain DoARun -> 信息:   started user thread for Warehouse 75
1月 02, 2026 6:22:53 上午 spec.jbb.JBBmain DoARun -> 信息:   started user thread for Warehouse 76
1月 02, 2026 6:22:53 上午 spec.jbb.JBBmain DoARun -> 信息:   started user thread for Warehouse 77
1月 02, 2026 6:22:53 上午 spec.jbb.JBBmain DoARun -> 信息:   started user thread for Warehouse 78
1月 02, 2026 6:22:53 上午 spec.jbb.JBBmain DoARun -> 信息:   started user thread for Warehouse 79
1月 02, 2026 6:22:53 上午 spec.jbb.JBBmain DoARun -> 信息:   started user thread for Warehouse 80
1月 02, 2026 6:22:53 上午 spec.jbb.JBBmain DoARun -> 信息:   started user thread for Warehouse 81
1月 02, 2026 6:22:53 上午 spec.jbb.JBBmain DoARun -> 信息:   started user thread for Warehouse 82
1月 02, 2026 6:22:53 上午 spec.jbb.JBBmain DoARun -> 信息:   started user thread for Warehouse 83
1月 02, 2026 6:22:53 上午 spec.jbb.JBBmain DoARun -> 信息:   started user thread for Warehouse 84
1月 02, 2026 6:22:53 上午 spec.jbb.JBBmain DoARun -> 信息:   started user thread for Warehouse 85
1月 02, 2026 6:22:53 上午 spec.jbb.JBBmain DoARun -> 信息:   started user thread for Warehouse 86
1月 02, 2026 6:22:53 上午 spec.jbb.JBBmain DoARun -> 信息:   started user thread for Warehouse 87
1月 02, 2026 6:22:53 上午 spec.jbb.JBBmain DoARun -> 信息:   started user thread for Warehouse 88
1月 02, 2026 6:22:53 上午 spec.jbb.JBBmain DoARun -> 信息:   started user thread for Warehouse 89
1月 02, 2026 6:22:53 上午 spec.jbb.JBBmain DoARun -> 信息:   started user thread for Warehouse 90
1月 02, 2026 6:22:53 上午 spec.jbb.JBBmain DoARun -> 信息:   started user thread for Warehouse 91
1月 02, 2026 6:22:53 上午 spec.jbb.JBBmain DoARun -> 信息:   started user thread for Warehouse 92
1月 02, 2026 6:22:53 上午 spec.jbb.JBBmain DoARun -> 信息:   started user thread for Warehouse 93
1月 02, 2026 6:22:53 上午 spec.jbb.JBBmain DoARun -> 信息:   started user thread for Warehouse 94
1月 02, 2026 6:22:53 上午 spec.jbb.JBBmain DoARun -> 信息:   started user thread for Warehouse 95
1月 02, 2026 6:22:53 上午 spec.jbb.JBBmain DoARun -> 信息:   started user thread for Warehouse 96
1月 02, 2026 6:22:53 上午 spec.jbb.JBBmain DoARun -> 信息:   started user thread for Warehouse 97
1月 02, 2026 6:22:53 上午 spec.jbb.JBBmain DoARun -> 信息:   started user thread for Warehouse 98
1月 02, 2026 6:22:53 上午 spec.jbb.JBBmain DoARun -> 信息:   started user thread for Warehouse 99
1月 02, 2026 6:22:53 上午 spec.jbb.JBBmain DoARun -> 信息:   started user thread for Warehouse 100
1月 02, 2026 6:22:53 上午 spec.jbb.JBBmain DoARun -> 信息:   started user thread for Warehouse 101
1月 02, 2026 6:22:53 上午 spec.jbb.JBBmain DoARun -> 信息:   started user thread for Warehouse 102
1月 02, 2026 6:22:53 上午 spec.jbb.JBBmain DoARun -> 信息:   started user thread for Warehouse 103
1月 02, 2026 6:22:53 上午 spec.jbb.JBBmain DoARun -> 信息:   started user thread for Warehouse 104
1月 02, 2026 6:22:53 上午 spec.jbb.JBBmain DoARun -> 信息:   started user thread for Warehouse 105
1月 02, 2026 6:22:53 上午 spec.jbb.JBBmain DoARun -> 信息:   started user thread for Warehouse 106
1月 02, 2026 6:22:53 上午 spec.jbb.JBBmain DoARun -> 信息:   started user thread for Warehouse 107
1月 02, 2026 6:22:53 上午 spec.jbb.Company displayResultTotals -> 信息: Timing Measurement began Fri Jan 02 06:22:53 CST 2026 for 4 minutes
1月 02, 2026 6:26:53 上午 spec.jbb.Company displayResultTotals -> 信息: Timing Measurement ended Fri Jan 02 06:26:53 CST 2026
1月 02, 2026 6:26:53 上午 spec.jbb.Company primeWithDummyData -> 信息: Loading Warehouse 108...
1月 02, 2026 6:26:53 上午 spec.jbb.JBBmain DoARun -> 信息: Start User Threads
1月 02, 2026 6:26:53 上午 spec.jbb.JBBmain DoARun -> 信息:   started user thread for Warehouse 1
1月 02, 2026 6:26:53 上午 spec.jbb.JBBmain DoARun -> 信息:   started user thread for Warehouse 2
1月 02, 2026 6:26:53 上午 spec.jbb.JBBmain DoARun -> 信息:   started user thread for Warehouse 3
1月 02, 2026 6:26:53 上午 spec.jbb.JBBmain DoARun -> 信息:   started user thread for Warehouse 4
1月 02, 2026 6:26:53 上午 spec.jbb.JBBmain DoARun -> 信息:   started user thread for Warehouse 5
1月 02, 2026 6:26:53 上午 spec.jbb.JBBmain DoARun -> 信息:   started user thread for Warehouse 6
1月 02, 2026 6:26:53 上午 spec.jbb.JBBmain DoARun -> 信息:   started user thread for Warehouse 7
1月 02, 2026 6:26:53 上午 spec.jbb.JBBmain DoARun -> 信息:   started user thread for Warehouse 8
1月 02, 2026 6:26:53 上午 spec.jbb.JBBmain DoARun -> 信息:   started user thread for Warehouse 9
1月 02, 2026 6:26:53 上午 spec.jbb.JBBmain DoARun -> 信息:   started user thread for Warehouse 10
1月 02, 2026 6:26:53 上午 spec.jbb.JBBmain DoARun -> 信息:   started user thread for Warehouse 11
1月 02, 2026 6:26:53 上午 spec.jbb.JBBmain DoARun -> 信息:   started user thread for Warehouse 12
1月 02, 2026 6:26:53 上午 spec.jbb.JBBmain DoARun -> 信息:   started user thread for Warehouse 13
1月 02, 2026 6:26:53 上午 spec.jbb.JBBmain DoARun -> 信息:   started user thread for Warehouse 14
1月 02, 2026 6:26:53 上午 spec.jbb.JBBmain DoARun -> 信息:   started user thread for Warehouse 15
1月 02, 2026 6:26:53 上午 spec.jbb.JBBmain DoARun -> 信息:   started user thread for Warehouse 16
1月 02, 2026 6:26:53 上午 spec.jbb.JBBmain DoARun -> 信息:   started user thread for Warehouse 17
1月 02, 2026 6:26:53 上午 spec.jbb.JBBmain DoARun -> 信息:   started user thread for Warehouse 18
1月 02, 2026 6:26:53 上午 spec.jbb.JBBmain DoARun -> 信息:   started user thread for Warehouse 19
1月 02, 2026 6:26:53 上午 spec.jbb.JBBmain DoARun -> 信息:   started user thread for Warehouse 20
1月 02, 2026 6:26:53 上午 spec.jbb.JBBmain DoARun -> 信息:   started user thread for Warehouse 21
1月 02, 2026 6:26:53 上午 spec.jbb.JBBmain DoARun -> 信息:   started user thread for Warehouse 22
1月 02, 2026 6:26:53 上午 spec.jbb.JBBmain DoARun -> 信息:   started user thread for Warehouse 23
1月 02, 2026 6:26:53 上午 spec.jbb.JBBmain DoARun -> 信息:   started user thread for Warehouse 24
1月 02, 2026 6:26:53 上午 spec.jbb.JBBmain DoARun -> 信息:   started user thread for Warehouse 25
1月 02, 2026 6:26:53 上午 spec.jbb.JBBmain DoARun -> 信息:   started user thread for Warehouse 26
1月 02, 2026 6:26:53 上午 spec.jbb.JBBmain DoARun -> 信息:   started user thread for Warehouse 27
1月 02, 2026 6:26:53 上午 spec.jbb.JBBmain DoARun -> 信息:   started user thread for Warehouse 28
1月 02, 2026 6:26:53 上午 spec.jbb.JBBmain DoARun -> 信息:   started user thread for Warehouse 29
1月 02, 2026 6:26:53 上午 spec.jbb.JBBmain DoARun -> 信息:   started user thread for Warehouse 30
1月 02, 2026 6:26:53 上午 spec.jbb.JBBmain DoARun -> 信息:   started user thread for Warehouse 31
1月 02, 2026 6:26:53 上午 spec.jbb.JBBmain DoARun -> 信息:   started user thread for Warehouse 32
1月 02, 2026 6:26:53 上午 spec.jbb.JBBmain DoARun -> 信息:   started user thread for Warehouse 33
1月 02, 2026 6:26:53 上午 spec.jbb.JBBmain DoARun -> 信息:   started user thread for Warehouse 34
1月 02, 2026 6:26:53 上午 spec.jbb.JBBmain DoARun -> 信息:   started user thread for Warehouse 35
1月 02, 2026 6:26:53 上午 spec.jbb.JBBmain DoARun -> 信息:   started user thread for Warehouse 36
1月 02, 2026 6:26:53 上午 spec.jbb.JBBmain DoARun -> 信息:   started user thread for Warehouse 37
1月 02, 2026 6:26:54 上午 spec.jbb.JBBmain DoARun -> 信息:   started user thread for Warehouse 38
1月 02, 2026 6:26:54 上午 spec.jbb.JBBmain DoARun -> 信息:   started user thread for Warehouse 39
1月 02, 2026 6:26:54 上午 spec.jbb.JBBmain DoARun -> 信息:   started user thread for Warehouse 40
1月 02, 2026 6:26:54 上午 spec.jbb.JBBmain DoARun -> 信息:   started user thread for Warehouse 41
1月 02, 2026 6:26:54 上午 spec.jbb.JBBmain DoARun -> 信息:   started user thread for Warehouse 42
1月 02, 2026 6:26:54 上午 spec.jbb.JBBmain DoARun -> 信息:   started user thread for Warehouse 43
1月 02, 2026 6:26:54 上午 spec.jbb.JBBmain DoARun -> 信息:   started user thread for Warehouse 44
1月 02, 2026 6:26:54 上午 spec.jbb.JBBmain DoARun -> 信息:   started user thread for Warehouse 45
1月 02, 2026 6:26:54 上午 spec.jbb.JBBmain DoARun -> 信息:   started user thread for Warehouse 46
1月 02, 2026 6:26:54 上午 spec.jbb.JBBmain DoARun -> 信息:   started user thread for Warehouse 47
1月 02, 2026 6:26:54 上午 spec.jbb.JBBmain DoARun -> 信息:   started user thread for Warehouse 48
1月 02, 2026 6:26:54 上午 spec.jbb.JBBmain DoARun -> 信息:   started user thread for Warehouse 49
1月 02, 2026 6:26:54 上午 spec.jbb.JBBmain DoARun -> 信息:   started user thread for Warehouse 50
1月 02, 2026 6:26:54 上午 spec.jbb.JBBmain DoARun -> 信息:   started user thread for Warehouse 51
1月 02, 2026 6:26:54 上午 spec.jbb.JBBmain DoARun -> 信息:   started user thread for Warehouse 52
1月 02, 2026 6:26:54 上午 spec.jbb.JBBmain DoARun -> 信息:   started user thread for Warehouse 53
1月 02, 2026 6:26:54 上午 spec.jbb.JBBmain DoARun -> 信息:   started user thread for Warehouse 54
1月 02, 2026 6:26:54 上午 spec.jbb.JBBmain DoARun -> 信息:   started user thread for Warehouse 55
1月 02, 2026 6:26:54 上午 spec.jbb.JBBmain DoARun -> 信息:   started user thread for Warehouse 56
1月 02, 2026 6:26:54 上午 spec.jbb.JBBmain DoARun -> 信息:   started user thread for Warehouse 57
1月 02, 2026 6:26:54 上午 spec.jbb.JBBmain DoARun -> 信息:   started user thread for Warehouse 58
1月 02, 2026 6:26:54 上午 spec.jbb.JBBmain DoARun -> 信息:   started user thread for Warehouse 59
1月 02, 2026 6:26:54 上午 spec.jbb.JBBmain DoARun -> 信息:   started user thread for Warehouse 60
1月 02, 2026 6:26:54 上午 spec.jbb.JBBmain DoARun -> 信息:   started user thread for Warehouse 61
1月 02, 2026 6:26:54 上午 spec.jbb.JBBmain DoARun -> 信息:   started user thread for Warehouse 62
1月 02, 2026 6:26:54 上午 spec.jbb.JBBmain DoARun -> 信息:   started user thread for Warehouse 63
1月 02, 2026 6:26:54 上午 spec.jbb.JBBmain DoARun -> 信息:   started user thread for Warehouse 64
1月 02, 2026 6:26:54 上午 spec.jbb.JBBmain DoARun -> 信息:   started user thread for Warehouse 65
1月 02, 2026 6:26:54 上午 spec.jbb.JBBmain DoARun -> 信息:   started user thread for Warehouse 66
1月 02, 2026 6:26:54 上午 spec.jbb.JBBmain DoARun -> 信息:   started user thread for Warehouse 67
1月 02, 2026 6:26:54 上午 spec.jbb.JBBmain DoARun -> 信息:   started user thread for Warehouse 68
1月 02, 2026 6:26:54 上午 spec.jbb.JBBmain DoARun -> 信息:   started user thread for Warehouse 69
1月 02, 2026 6:26:54 上午 spec.jbb.JBBmain DoARun -> 信息:   started user thread for Warehouse 70
1月 02, 2026 6:26:54 上午 spec.jbb.JBBmain DoARun -> 信息:   started user thread for Warehouse 71
1月 02, 2026 6:26:54 上午 spec.jbb.JBBmain DoARun -> 信息:   started user thread for Warehouse 72
1月 02, 2026 6:26:54 上午 spec.jbb.JBBmain DoARun -> 信息:   started user thread for Warehouse 73
1月 02, 2026 6:26:54 上午 spec.jbb.JBBmain DoARun -> 信息:   started user thread for Warehouse 74
1月 02, 2026 6:26:54 上午 spec.jbb.JBBmain DoARun -> 信息:   started user thread for Warehouse 75
1月 02, 2026 6:26:54 上午 spec.jbb.JBBmain DoARun -> 信息:   started user thread for Warehouse 76
1月 02, 2026 6:26:54 上午 spec.jbb.JBBmain DoARun -> 信息:   started user thread for Warehouse 77
1月 02, 2026 6:26:54 上午 spec.jbb.JBBmain DoARun -> 信息:   started user thread for Warehouse 78
1月 02, 2026 6:26:54 上午 spec.jbb.JBBmain DoARun -> 信息:   started user thread for Warehouse 79
1月 02, 2026 6:26:54 上午 spec.jbb.JBBmain DoARun -> 信息:   started user thread for Warehouse 80
1月 02, 2026 6:26:54 上午 spec.jbb.JBBmain DoARun -> 信息:   started user thread for Warehouse 81
1月 02, 2026 6:26:54 上午 spec.jbb.JBBmain DoARun -> 信息:   started user thread for Warehouse 82
1月 02, 2026 6:26:54 上午 spec.jbb.JBBmain DoARun -> 信息:   started user thread for Warehouse 83
1月 02, 2026 6:26:54 上午 spec.jbb.JBBmain DoARun -> 信息:   started user thread for Warehouse 84
1月 02, 2026 6:26:54 上午 spec.jbb.JBBmain DoARun -> 信息:   started user thread for Warehouse 85
1月 02, 2026 6:26:54 上午 spec.jbb.JBBmain DoARun -> 信息:   started user thread for Warehouse 86
1月 02, 2026 6:26:54 上午 spec.jbb.JBBmain DoARun -> 信息:   started user thread for Warehouse 87
1月 02, 2026 6:26:54 上午 spec.jbb.JBBmain DoARun -> 信息:   started user thread for Warehouse 88
1月 02, 2026 6:26:54 上午 spec.jbb.JBBmain DoARun -> 信息:   started user thread for Warehouse 89
1月 02, 2026 6:26:54 上午 spec.jbb.JBBmain DoARun -> 信息:   started user thread for Warehouse 90
1月 02, 2026 6:26:54 上午 spec.jbb.JBBmain DoARun -> 信息:   started user thread for Warehouse 91
1月 02, 2026 6:26:54 上午 spec.jbb.JBBmain DoARun -> 信息:   started user thread for Warehouse 92
1月 02, 2026 6:26:54 上午 spec.jbb.JBBmain DoARun -> 信息:   started user thread for Warehouse 93
1月 02, 2026 6:26:54 上午 spec.jbb.JBBmain DoARun -> 信息:   started user thread for Warehouse 94
1月 02, 2026 6:26:54 上午 spec.jbb.JBBmain DoARun -> 信息:   started user thread for Warehouse 95
1月 02, 2026 6:26:54 上午 spec.jbb.JBBmain DoARun -> 信息:   started user thread for Warehouse 96
1月 02, 2026 6:26:54 上午 spec.jbb.JBBmain DoARun -> 信息:   started user thread for Warehouse 97
1月 02, 2026 6:26:54 上午 spec.jbb.JBBmain DoARun -> 信息:   started user thread for Warehouse 98
1月 02, 2026 6:26:54 上午 spec.jbb.JBBmain DoARun -> 信息:   started user thread for Warehouse 99
1月 02, 2026 6:26:54 上午 spec.jbb.JBBmain DoARun -> 信息:   started user thread for Warehouse 100
1月 02, 2026 6:26:54 上午 spec.jbb.JBBmain DoARun -> 信息:   started user thread for Warehouse 101
1月 02, 2026 6:26:54 上午 spec.jbb.JBBmain DoARun -> 信息:   started user thread for Warehouse 102
1月 02, 2026 6:26:54 上午 spec.jbb.JBBmain DoARun -> 信息:   started user thread for Warehouse 103
1月 02, 2026 6:26:54 上午 spec.jbb.JBBmain DoARun -> 信息:   started user thread for Warehouse 104
1月 02, 2026 6:26:54 上午 spec.jbb.JBBmain DoARun -> 信息:   started user thread for Warehouse 105
1月 02, 2026 6:26:54 上午 spec.jbb.JBBmain DoARun -> 信息:   started user thread for Warehouse 106
1月 02, 2026 6:26:54 上午 spec.jbb.JBBmain DoARun -> 信息:   started user thread for Warehouse 107
1月 02, 2026 6:26:54 上午 spec.jbb.JBBmain DoARun -> 信息:   started user thread for Warehouse 108
1月 02, 2026 6:26:54 上午 spec.jbb.Company displayResultTotals -> 信息: Timing Measurement began Fri Jan 02 06:26:54 CST 2026 for 4 minutes
1月 02, 2026 6:30:54 上午 spec.jbb.Company displayResultTotals -> 信息: Timing Measurement ended Fri Jan 02 06:30:54 CST 2026
1月 02, 2026 6:30:54 上午 spec.jbb.Company primeWithDummyData -> 信息: Loading Warehouse 109...
1月 02, 2026 6:30:54 上午 spec.jbb.JBBmain DoARun -> 信息: Start User Threads
1月 02, 2026 6:30:54 上午 spec.jbb.JBBmain DoARun -> 信息:   started user thread for Warehouse 1
1月 02, 2026 6:30:54 上午 spec.jbb.JBBmain DoARun -> 信息:   started user thread for Warehouse 2
1月 02, 2026 6:30:54 上午 spec.jbb.JBBmain DoARun -> 信息:   started user thread for Warehouse 3
1月 02, 2026 6:30:54 上午 spec.jbb.JBBmain DoARun -> 信息:   started user thread for Warehouse 4
1月 02, 2026 6:30:54 上午 spec.jbb.JBBmain DoARun -> 信息:   started user thread for Warehouse 5
1月 02, 2026 6:30:54 上午 spec.jbb.JBBmain DoARun -> 信息:   started user thread for Warehouse 6
1月 02, 2026 6:30:54 上午 spec.jbb.JBBmain DoARun -> 信息:   started user thread for Warehouse 7
1月 02, 2026 6:30:54 上午 spec.jbb.JBBmain DoARun -> 信息:   started user thread for Warehouse 8
1月 02, 2026 6:30:54 上午 spec.jbb.JBBmain DoARun -> 信息:   started user thread for Warehouse 9
1月 02, 2026 6:30:54 上午 spec.jbb.JBBmain DoARun -> 信息:   started user thread for Warehouse 10
1月 02, 2026 6:30:54 上午 spec.jbb.JBBmain DoARun -> 信息:   started user thread for Warehouse 11
1月 02, 2026 6:30:54 上午 spec.jbb.JBBmain DoARun -> 信息:   started user thread for Warehouse 12
1月 02, 2026 6:30:54 上午 spec.jbb.JBBmain DoARun -> 信息:   started user thread for Warehouse 13
1月 02, 2026 6:30:54 上午 spec.jbb.JBBmain DoARun -> 信息:   started user thread for Warehouse 14
1月 02, 2026 6:30:54 上午 spec.jbb.JBBmain DoARun -> 信息:   started user thread for Warehouse 15
1月 02, 2026 6:30:54 上午 spec.jbb.JBBmain DoARun -> 信息:   started user thread for Warehouse 16
1月 02, 2026 6:30:54 上午 spec.jbb.JBBmain DoARun -> 信息:   started user thread for Warehouse 17
1月 02, 2026 6:30:54 上午 spec.jbb.JBBmain DoARun -> 信息:   started user thread for Warehouse 18
1月 02, 2026 6:30:54 上午 spec.jbb.JBBmain DoARun -> 信息:   started user thread for Warehouse 19
1月 02, 2026 6:30:54 上午 spec.jbb.JBBmain DoARun -> 信息:   started user thread for Warehouse 20
1月 02, 2026 6:30:54 上午 spec.jbb.JBBmain DoARun -> 信息:   started user thread for Warehouse 21
1月 02, 2026 6:30:54 上午 spec.jbb.JBBmain DoARun -> 信息:   started user thread for Warehouse 22
1月 02, 2026 6:30:54 上午 spec.jbb.JBBmain DoARun -> 信息:   started user thread for Warehouse 23
1月 02, 2026 6:30:54 上午 spec.jbb.JBBmain DoARun -> 信息:   started user thread for Warehouse 24
1月 02, 2026 6:30:54 上午 spec.jbb.JBBmain DoARun -> 信息:   started user thread for Warehouse 25
1月 02, 2026 6:30:54 上午 spec.jbb.JBBmain DoARun -> 信息:   started user thread for Warehouse 26
1月 02, 2026 6:30:54 上午 spec.jbb.JBBmain DoARun -> 信息:   started user thread for Warehouse 27
1月 02, 2026 6:30:54 上午 spec.jbb.JBBmain DoARun -> 信息:   started user thread for Warehouse 28
1月 02, 2026 6:30:54 上午 spec.jbb.JBBmain DoARun -> 信息:   started user thread for Warehouse 29
1月 02, 2026 6:30:54 上午 spec.jbb.JBBmain DoARun -> 信息:   started user thread for Warehouse 30
1月 02, 2026 6:30:54 上午 spec.jbb.JBBmain DoARun -> 信息:   started user thread for Warehouse 31
1月 02, 2026 6:30:54 上午 spec.jbb.JBBmain DoARun -> 信息:   started user thread for Warehouse 32
1月 02, 2026 6:30:54 上午 spec.jbb.JBBmain DoARun -> 信息:   started user thread for Warehouse 33
1月 02, 2026 6:30:54 上午 spec.jbb.JBBmain DoARun -> 信息:   started user thread for Warehouse 34
1月 02, 2026 6:30:54 上午 spec.jbb.JBBmain DoARun -> 信息:   started user thread for Warehouse 35
1月 02, 2026 6:30:54 上午 spec.jbb.JBBmain DoARun -> 信息:   started user thread for Warehouse 36
1月 02, 2026 6:30:54 上午 spec.jbb.JBBmain DoARun -> 信息:   started user thread for Warehouse 37
1月 02, 2026 6:30:54 上午 spec.jbb.JBBmain DoARun -> 信息:   started user thread for Warehouse 38
1月 02, 2026 6:30:54 上午 spec.jbb.JBBmain DoARun -> 信息:   started user thread for Warehouse 39
1月 02, 2026 6:30:54 上午 spec.jbb.JBBmain DoARun -> 信息:   started user thread for Warehouse 40
1月 02, 2026 6:30:54 上午 spec.jbb.JBBmain DoARun -> 信息:   started user thread for Warehouse 41
1月 02, 2026 6:30:54 上午 spec.jbb.JBBmain DoARun -> 信息:   started user thread for Warehouse 42
1月 02, 2026 6:30:54 上午 spec.jbb.JBBmain DoARun -> 信息:   started user thread for Warehouse 43
1月 02, 2026 6:30:54 上午 spec.jbb.JBBmain DoARun -> 信息:   started user thread for Warehouse 44
1月 02, 2026 6:30:54 上午 spec.jbb.JBBmain DoARun -> 信息:   started user thread for Warehouse 45
1月 02, 2026 6:30:54 上午 spec.jbb.JBBmain DoARun -> 信息:   started user thread for Warehouse 46
1月 02, 2026 6:30:54 上午 spec.jbb.JBBmain DoARun -> 信息:   started user thread for Warehouse 47
1月 02, 2026 6:30:54 上午 spec.jbb.JBBmain DoARun -> 信息:   started user thread for Warehouse 48
1月 02, 2026 6:30:54 上午 spec.jbb.JBBmain DoARun -> 信息:   started user thread for Warehouse 49
1月 02, 2026 6:30:54 上午 spec.jbb.JBBmain DoARun -> 信息:   started user thread for Warehouse 50
1月 02, 2026 6:30:54 上午 spec.jbb.JBBmain DoARun -> 信息:   started user thread for Warehouse 51
1月 02, 2026 6:30:54 上午 spec.jbb.JBBmain DoARun -> 信息:   started user thread for Warehouse 52
1月 02, 2026 6:30:54 上午 spec.jbb.JBBmain DoARun -> 信息:   started user thread for Warehouse 53
1月 02, 2026 6:30:54 上午 spec.jbb.JBBmain DoARun -> 信息:   started user thread for Warehouse 54
1月 02, 2026 6:30:54 上午 spec.jbb.JBBmain DoARun -> 信息:   started user thread for Warehouse 55
1月 02, 2026 6:30:54 上午 spec.jbb.JBBmain DoARun -> 信息:   started user thread for Warehouse 56
1月 02, 2026 6:30:54 上午 spec.jbb.JBBmain DoARun -> 信息:   started user thread for Warehouse 57
1月 02, 2026 6:30:54 上午 spec.jbb.JBBmain DoARun -> 信息:   started user thread for Warehouse 58
1月 02, 2026 6:30:54 上午 spec.jbb.JBBmain DoARun -> 信息:   started user thread for Warehouse 59
1月 02, 2026 6:30:54 上午 spec.jbb.JBBmain DoARun -> 信息:   started user thread for Warehouse 60
1月 02, 2026 6:30:54 上午 spec.jbb.JBBmain DoARun -> 信息:   started user thread for Warehouse 61
1月 02, 2026 6:30:54 上午 spec.jbb.JBBmain DoARun -> 信息:   started user thread for Warehouse 62
1月 02, 2026 6:30:54 上午 spec.jbb.JBBmain DoARun -> 信息:   started user thread for Warehouse 63
1月 02, 2026 6:30:54 上午 spec.jbb.JBBmain DoARun -> 信息:   started user thread for Warehouse 64
1月 02, 2026 6:30:54 上午 spec.jbb.JBBmain DoARun -> 信息:   started user thread for Warehouse 65
1月 02, 2026 6:30:54 上午 spec.jbb.JBBmain DoARun -> 信息:   started user thread for Warehouse 66
1月 02, 2026 6:30:54 上午 spec.jbb.JBBmain DoARun -> 信息:   started user thread for Warehouse 67
1月 02, 2026 6:30:54 上午 spec.jbb.JBBmain DoARun -> 信息:   started user thread for Warehouse 68
1月 02, 2026 6:30:54 上午 spec.jbb.JBBmain DoARun -> 信息:   started user thread for Warehouse 69
1月 02, 2026 6:30:54 上午 spec.jbb.JBBmain DoARun -> 信息:   started user thread for Warehouse 70
1月 02, 2026 6:30:54 上午 spec.jbb.JBBmain DoARun -> 信息:   started user thread for Warehouse 71
1月 02, 2026 6:30:54 上午 spec.jbb.JBBmain DoARun -> 信息:   started user thread for Warehouse 72
1月 02, 2026 6:30:54 上午 spec.jbb.JBBmain DoARun -> 信息:   started user thread for Warehouse 73
1月 02, 2026 6:30:54 上午 spec.jbb.JBBmain DoARun -> 信息:   started user thread for Warehouse 74
1月 02, 2026 6:30:54 上午 spec.jbb.JBBmain DoARun -> 信息:   started user thread for Warehouse 75
1月 02, 2026 6:30:54 上午 spec.jbb.JBBmain DoARun -> 信息:   started user thread for Warehouse 76
1月 02, 2026 6:30:54 上午 spec.jbb.JBBmain DoARun -> 信息:   started user thread for Warehouse 77
1月 02, 2026 6:30:54 上午 spec.jbb.JBBmain DoARun -> 信息:   started user thread for Warehouse 78
1月 02, 2026 6:30:54 上午 spec.jbb.JBBmain DoARun -> 信息:   started user thread for Warehouse 79
1月 02, 2026 6:30:54 上午 spec.jbb.JBBmain DoARun -> 信息:   started user thread for Warehouse 80
1月 02, 2026 6:30:54 上午 spec.jbb.JBBmain DoARun -> 信息:   started user thread for Warehouse 81
1月 02, 2026 6:30:54 上午 spec.jbb.JBBmain DoARun -> 信息:   started user thread for Warehouse 82
1月 02, 2026 6:30:54 上午 spec.jbb.JBBmain DoARun -> 信息:   started user thread for Warehouse 83
1月 02, 2026 6:30:54 上午 spec.jbb.JBBmain DoARun -> 信息:   started user thread for Warehouse 84
1月 02, 2026 6:30:54 上午 spec.jbb.JBBmain DoARun -> 信息:   started user thread for Warehouse 85
1月 02, 2026 6:30:54 上午 spec.jbb.JBBmain DoARun -> 信息:   started user thread for Warehouse 86
1月 02, 2026 6:30:54 上午 spec.jbb.JBBmain DoARun -> 信息:   started user thread for Warehouse 87
1月 02, 2026 6:30:54 上午 spec.jbb.JBBmain DoARun -> 信息:   started user thread for Warehouse 88
1月 02, 2026 6:30:54 上午 spec.jbb.JBBmain DoARun -> 信息:   started user thread for Warehouse 89
1月 02, 2026 6:30:54 上午 spec.jbb.JBBmain DoARun -> 信息:   started user thread for Warehouse 90
1月 02, 2026 6:30:54 上午 spec.jbb.JBBmain DoARun -> 信息:   started user thread for Warehouse 91
1月 02, 2026 6:30:54 上午 spec.jbb.JBBmain DoARun -> 信息:   started user thread for Warehouse 92
1月 02, 2026 6:30:54 上午 spec.jbb.JBBmain DoARun -> 信息:   started user thread for Warehouse 93
1月 02, 2026 6:30:54 上午 spec.jbb.JBBmain DoARun -> 信息:   started user thread for Warehouse 94
1月 02, 2026 6:30:54 上午 spec.jbb.JBBmain DoARun -> 信息:   started user thread for Warehouse 95
1月 02, 2026 6:30:54 上午 spec.jbb.JBBmain DoARun -> 信息:   started user thread for Warehouse 96
1月 02, 2026 6:30:54 上午 spec.jbb.JBBmain DoARun -> 信息:   started user thread for Warehouse 97
1月 02, 2026 6:30:54 上午 spec.jbb.JBBmain DoARun -> 信息:   started user thread for Warehouse 98
1月 02, 2026 6:30:54 上午 spec.jbb.JBBmain DoARun -> 信息:   started user thread for Warehouse 99
1月 02, 2026 6:30:54 上午 spec.jbb.JBBmain DoARun -> 信息:   started user thread for Warehouse 100
1月 02, 2026 6:30:54 上午 spec.jbb.JBBmain DoARun -> 信息:   started user thread for Warehouse 101
1月 02, 2026 6:30:54 上午 spec.jbb.JBBmain DoARun -> 信息:   started user thread for Warehouse 102
1月 02, 2026 6:30:54 上午 spec.jbb.JBBmain DoARun -> 信息:   started user thread for Warehouse 103
1月 02, 2026 6:30:54 上午 spec.jbb.JBBmain DoARun -> 信息:   started user thread for Warehouse 104
1月 02, 2026 6:30:54 上午 spec.jbb.JBBmain DoARun -> 信息:   started user thread for Warehouse 105
1月 02, 2026 6:30:54 上午 spec.jbb.JBBmain DoARun -> 信息:   started user thread for Warehouse 106
1月 02, 2026 6:30:54 上午 spec.jbb.JBBmain DoARun -> 信息:   started user thread for Warehouse 107
1月 02, 2026 6:30:54 上午 spec.jbb.JBBmain DoARun -> 信息:   started user thread for Warehouse 108
1月 02, 2026 6:30:54 上午 spec.jbb.JBBmain DoARun -> 信息:   started user thread for Warehouse 109
1月 02, 2026 6:30:54 上午 spec.jbb.Company displayResultTotals -> 信息: Timing Measurement began Fri Jan 02 06:30:54 CST 2026 for 4 minutes
1月 02, 2026 6:34:54 上午 spec.jbb.Company displayResultTotals -> 信息: Timing Measurement ended Fri Jan 02 06:34:54 CST 2026
1月 02, 2026 6:34:54 上午 spec.jbb.Company primeWithDummyData -> 信息: Loading Warehouse 110...
1月 02, 2026 6:34:54 上午 spec.jbb.JBBmain DoARun -> 信息: Start User Threads
1月 02, 2026 6:34:54 上午 spec.jbb.JBBmain DoARun -> 信息:   started user thread for Warehouse 1
1月 02, 2026 6:34:54 上午 spec.jbb.JBBmain DoARun -> 信息:   started user thread for Warehouse 2
1月 02, 2026 6:34:54 上午 spec.jbb.JBBmain DoARun -> 信息:   started user thread for Warehouse 3
1月 02, 2026 6:34:54 上午 spec.jbb.JBBmain DoARun -> 信息:   started user thread for Warehouse 4
1月 02, 2026 6:34:54 上午 spec.jbb.JBBmain DoARun -> 信息:   started user thread for Warehouse 5
1月 02, 2026 6:34:54 上午 spec.jbb.JBBmain DoARun -> 信息:   started user thread for Warehouse 6
1月 02, 2026 6:34:54 上午 spec.jbb.JBBmain DoARun -> 信息:   started user thread for Warehouse 7
1月 02, 2026 6:34:54 上午 spec.jbb.JBBmain DoARun -> 信息:   started user thread for Warehouse 8
1月 02, 2026 6:34:54 上午 spec.jbb.JBBmain DoARun -> 信息:   started user thread for Warehouse 9
1月 02, 2026 6:34:54 上午 spec.jbb.JBBmain DoARun -> 信息:   started user thread for Warehouse 10
1月 02, 2026 6:34:54 上午 spec.jbb.JBBmain DoARun -> 信息:   started user thread for Warehouse 11
1月 02, 2026 6:34:54 上午 spec.jbb.JBBmain DoARun -> 信息:   started user thread for Warehouse 12
1月 02, 2026 6:34:54 上午 spec.jbb.JBBmain DoARun -> 信息:   started user thread for Warehouse 13
1月 02, 2026 6:34:54 上午 spec.jbb.JBBmain DoARun -> 信息:   started user thread for Warehouse 14
1月 02, 2026 6:34:54 上午 spec.jbb.JBBmain DoARun -> 信息:   started user thread for Warehouse 15
1月 02, 2026 6:34:54 上午 spec.jbb.JBBmain DoARun -> 信息:   started user thread for Warehouse 16
1月 02, 2026 6:34:54 上午 spec.jbb.JBBmain DoARun -> 信息:   started user thread for Warehouse 17
1月 02, 2026 6:34:54 上午 spec.jbb.JBBmain DoARun -> 信息:   started user thread for Warehouse 18
1月 02, 2026 6:34:54 上午 spec.jbb.JBBmain DoARun -> 信息:   started user thread for Warehouse 19
1月 02, 2026 6:34:54 上午 spec.jbb.JBBmain DoARun -> 信息:   started user thread for Warehouse 20
1月 02, 2026 6:34:54 上午 spec.jbb.JBBmain DoARun -> 信息:   started user thread for Warehouse 21
1月 02, 2026 6:34:54 上午 spec.jbb.JBBmain DoARun -> 信息:   started user thread for Warehouse 22
1月 02, 2026 6:34:54 上午 spec.jbb.JBBmain DoARun -> 信息:   started user thread for Warehouse 23
1月 02, 2026 6:34:54 上午 spec.jbb.JBBmain DoARun -> 信息:   started user thread for Warehouse 24
1月 02, 2026 6:34:54 上午 spec.jbb.JBBmain DoARun -> 信息:   started user thread for Warehouse 25
1月 02, 2026 6:34:54 上午 spec.jbb.JBBmain DoARun -> 信息:   started user thread for Warehouse 26
1月 02, 2026 6:34:54 上午 spec.jbb.JBBmain DoARun -> 信息:   started user thread for Warehouse 27
1月 02, 2026 6:34:54 上午 spec.jbb.JBBmain DoARun -> 信息:   started user thread for Warehouse 28
1月 02, 2026 6:34:54 上午 spec.jbb.JBBmain DoARun -> 信息:   started user thread for Warehouse 29
1月 02, 2026 6:34:54 上午 spec.jbb.JBBmain DoARun -> 信息:   started user thread for Warehouse 30
1月 02, 2026 6:34:54 上午 spec.jbb.JBBmain DoARun -> 信息:   started user thread for Warehouse 31
1月 02, 2026 6:34:54 上午 spec.jbb.JBBmain DoARun -> 信息:   started user thread for Warehouse 32
1月 02, 2026 6:34:54 上午 spec.jbb.JBBmain DoARun -> 信息:   started user thread for Warehouse 33
1月 02, 2026 6:34:54 上午 spec.jbb.JBBmain DoARun -> 信息:   started user thread for Warehouse 34
1月 02, 2026 6:34:54 上午 spec.jbb.JBBmain DoARun -> 信息:   started user thread for Warehouse 35
1月 02, 2026 6:34:54 上午 spec.jbb.JBBmain DoARun -> 信息:   started user thread for Warehouse 36
1月 02, 2026 6:34:54 上午 spec.jbb.JBBmain DoARun -> 信息:   started user thread for Warehouse 37
1月 02, 2026 6:34:54 上午 spec.jbb.JBBmain DoARun -> 信息:   started user thread for Warehouse 38
1月 02, 2026 6:34:54 上午 spec.jbb.JBBmain DoARun -> 信息:   started user thread for Warehouse 39
1月 02, 2026 6:34:54 上午 spec.jbb.JBBmain DoARun -> 信息:   started user thread for Warehouse 40
1月 02, 2026 6:34:54 上午 spec.jbb.JBBmain DoARun -> 信息:   started user thread for Warehouse 41
1月 02, 2026 6:34:54 上午 spec.jbb.JBBmain DoARun -> 信息:   started user thread for Warehouse 42
1月 02, 2026 6:34:54 上午 spec.jbb.JBBmain DoARun -> 信息:   started user thread for Warehouse 43
1月 02, 2026 6:34:54 上午 spec.jbb.JBBmain DoARun -> 信息:   started user thread for Warehouse 44
1月 02, 2026 6:34:54 上午 spec.jbb.JBBmain DoARun -> 信息:   started user thread for Warehouse 45
1月 02, 2026 6:34:54 上午 spec.jbb.JBBmain DoARun -> 信息:   started user thread for Warehouse 46
1月 02, 2026 6:34:54 上午 spec.jbb.JBBmain DoARun -> 信息:   started user thread for Warehouse 47
1月 02, 2026 6:34:54 上午 spec.jbb.JBBmain DoARun -> 信息:   started user thread for Warehouse 48
1月 02, 2026 6:34:54 上午 spec.jbb.JBBmain DoARun -> 信息:   started user thread for Warehouse 49
1月 02, 2026 6:34:54 上午 spec.jbb.JBBmain DoARun -> 信息:   started user thread for Warehouse 50
1月 02, 2026 6:34:54 上午 spec.jbb.JBBmain DoARun -> 信息:   started user thread for Warehouse 51
1月 02, 2026 6:34:54 上午 spec.jbb.JBBmain DoARun -> 信息:   started user thread for Warehouse 52
1月 02, 2026 6:34:54 上午 spec.jbb.JBBmain DoARun -> 信息:   started user thread for Warehouse 53
1月 02, 2026 6:34:54 上午 spec.jbb.JBBmain DoARun -> 信息:   started user thread for Warehouse 54
1月 02, 2026 6:34:54 上午 spec.jbb.JBBmain DoARun -> 信息:   started user thread for Warehouse 55
1月 02, 2026 6:34:54 上午 spec.jbb.JBBmain DoARun -> 信息:   started user thread for Warehouse 56
1月 02, 2026 6:34:54 上午 spec.jbb.JBBmain DoARun -> 信息:   started user thread for Warehouse 57
1月 02, 2026 6:34:54 上午 spec.jbb.JBBmain DoARun -> 信息:   started user thread for Warehouse 58
1月 02, 2026 6:34:54 上午 spec.jbb.JBBmain DoARun -> 信息:   started user thread for Warehouse 59
1月 02, 2026 6:34:54 上午 spec.jbb.JBBmain DoARun -> 信息:   started user thread for Warehouse 60
1月 02, 2026 6:34:54 上午 spec.jbb.JBBmain DoARun -> 信息:   started user thread for Warehouse 61
1月 02, 2026 6:34:54 上午 spec.jbb.JBBmain DoARun -> 信息:   started user thread for Warehouse 62
1月 02, 2026 6:34:54 上午 spec.jbb.JBBmain DoARun -> 信息:   started user thread for Warehouse 63
1月 02, 2026 6:34:54 上午 spec.jbb.JBBmain DoARun -> 信息:   started user thread for Warehouse 64
1月 02, 2026 6:34:54 上午 spec.jbb.JBBmain DoARun -> 信息:   started user thread for Warehouse 65
1月 02, 2026 6:34:54 上午 spec.jbb.JBBmain DoARun -> 信息:   started user thread for Warehouse 66
1月 02, 2026 6:34:54 上午 spec.jbb.JBBmain DoARun -> 信息:   started user thread for Warehouse 67
1月 02, 2026 6:34:54 上午 spec.jbb.JBBmain DoARun -> 信息:   started user thread for Warehouse 68
1月 02, 2026 6:34:54 上午 spec.jbb.JBBmain DoARun -> 信息:   started user thread for Warehouse 69
1月 02, 2026 6:34:54 上午 spec.jbb.JBBmain DoARun -> 信息:   started user thread for Warehouse 70
1月 02, 2026 6:34:54 上午 spec.jbb.JBBmain DoARun -> 信息:   started user thread for Warehouse 71
1月 02, 2026 6:34:54 上午 spec.jbb.JBBmain DoARun -> 信息:   started user thread for Warehouse 72
1月 02, 2026 6:34:54 上午 spec.jbb.JBBmain DoARun -> 信息:   started user thread for Warehouse 73
1月 02, 2026 6:34:54 上午 spec.jbb.JBBmain DoARun -> 信息:   started user thread for Warehouse 74
1月 02, 2026 6:34:54 上午 spec.jbb.JBBmain DoARun -> 信息:   started user thread for Warehouse 75
1月 02, 2026 6:34:54 上午 spec.jbb.JBBmain DoARun -> 信息:   started user thread for Warehouse 76
1月 02, 2026 6:34:54 上午 spec.jbb.JBBmain DoARun -> 信息:   started user thread for Warehouse 77
1月 02, 2026 6:34:54 上午 spec.jbb.JBBmain DoARun -> 信息:   started user thread for Warehouse 78
1月 02, 2026 6:34:54 上午 spec.jbb.JBBmain DoARun -> 信息:   started user thread for Warehouse 79
1月 02, 2026 6:34:54 上午 spec.jbb.JBBmain DoARun -> 信息:   started user thread for Warehouse 80
1月 02, 2026 6:34:54 上午 spec.jbb.JBBmain DoARun -> 信息:   started user thread for Warehouse 81
1月 02, 2026 6:34:54 上午 spec.jbb.JBBmain DoARun -> 信息:   started user thread for Warehouse 82
1月 02, 2026 6:34:54 上午 spec.jbb.JBBmain DoARun -> 信息:   started user thread for Warehouse 83
1月 02, 2026 6:34:54 上午 spec.jbb.JBBmain DoARun -> 信息:   started user thread for Warehouse 84
1月 02, 2026 6:34:54 上午 spec.jbb.JBBmain DoARun -> 信息:   started user thread for Warehouse 85
1月 02, 2026 6:34:54 上午 spec.jbb.JBBmain DoARun -> 信息:   started user thread for Warehouse 86
1月 02, 2026 6:34:54 上午 spec.jbb.JBBmain DoARun -> 信息:   started user thread for Warehouse 87
1月 02, 2026 6:34:54 上午 spec.jbb.JBBmain DoARun -> 信息:   started user thread for Warehouse 88
1月 02, 2026 6:34:54 上午 spec.jbb.JBBmain DoARun -> 信息:   started user thread for Warehouse 89
1月 02, 2026 6:34:54 上午 spec.jbb.JBBmain DoARun -> 信息:   started user thread for Warehouse 90
1月 02, 2026 6:34:54 上午 spec.jbb.JBBmain DoARun -> 信息:   started user thread for Warehouse 91
1月 02, 2026 6:34:54 上午 spec.jbb.JBBmain DoARun -> 信息:   started user thread for Warehouse 92
1月 02, 2026 6:34:54 上午 spec.jbb.JBBmain DoARun -> 信息:   started user thread for Warehouse 93
1月 02, 2026 6:34:54 上午 spec.jbb.JBBmain DoARun -> 信息:   started user thread for Warehouse 94
1月 02, 2026 6:34:54 上午 spec.jbb.JBBmain DoARun -> 信息:   started user thread for Warehouse 95
1月 02, 2026 6:34:54 上午 spec.jbb.JBBmain DoARun -> 信息:   started user thread for Warehouse 96
1月 02, 2026 6:34:54 上午 spec.jbb.JBBmain DoARun -> 信息:   started user thread for Warehouse 97
1月 02, 2026 6:34:54 上午 spec.jbb.JBBmain DoARun -> 信息:   started user thread for Warehouse 98
1月 02, 2026 6:34:54 上午 spec.jbb.JBBmain DoARun -> 信息:   started user thread for Warehouse 99
1月 02, 2026 6:34:54 上午 spec.jbb.JBBmain DoARun -> 信息:   started user thread for Warehouse 100
1月 02, 2026 6:34:54 上午 spec.jbb.JBBmain DoARun -> 信息:   started user thread for Warehouse 101
1月 02, 2026 6:34:54 上午 spec.jbb.JBBmain DoARun -> 信息:   started user thread for Warehouse 102
1月 02, 2026 6:34:54 上午 spec.jbb.JBBmain DoARun -> 信息:   started user thread for Warehouse 103
1月 02, 2026 6:34:54 上午 spec.jbb.JBBmain DoARun -> 信息:   started user thread for Warehouse 104
1月 02, 2026 6:34:54 上午 spec.jbb.JBBmain DoARun -> 信息:   started user thread for Warehouse 105
1月 02, 2026 6:34:54 上午 spec.jbb.JBBmain DoARun -> 信息:   started user thread for Warehouse 106
1月 02, 2026 6:34:54 上午 spec.jbb.JBBmain DoARun -> 信息:   started user thread for Warehouse 107
1月 02, 2026 6:34:54 上午 spec.jbb.JBBmain DoARun -> 信息:   started user thread for Warehouse 108
1月 02, 2026 6:34:54 上午 spec.jbb.JBBmain DoARun -> 信息:   started user thread for Warehouse 109
1月 02, 2026 6:34:54 上午 spec.jbb.JBBmain DoARun -> 信息:   started user thread for Warehouse 110
1月 02, 2026 6:34:54 上午 spec.jbb.Company displayResultTotals -> 信息: Timing Measurement began Fri Jan 02 06:34:54 CST 2026 for 4 minutes
