2月 15, 2026 6:47:16 下午 spec.jbb.JBBmain main -> 信息: Logging started
2月 15, 2026 6:47:16 下午 spec.jbb.Company primeWithDummyData -> 信息: Loading Warehouse 1...
2月 15, 2026 6:47:16 下午 spec.jbb.JBBmain DoARun -> 信息: Start User Threads
2月 15, 2026 6:47:16 下午 spec.jbb.JBBmain DoARun -> 信息:   started user thread for Warehouse 1
2月 15, 2026 6:47:16 下午 spec.jbb.Company displayResultTotals -> 信息: Timing Measurement began Sun Feb 15 18:47:16 CST 2026 for 0.5 minutes
2月 15, 2026 6:47:46 下午 spec.jbb.Company displayResultTotals -> 信息: Timing Measurement ended Sun Feb 15 18:47:46 CST 2026
2月 15, 2026 6:47:46 下午 spec.jbb.Company primeWithDummyData -> 信息: Loading Warehouse 2...
2月 15, 2026 6:47:46 下午 spec.jbb.JBBmain DoARun -> 信息: Start User Threads
2月 15, 2026 6:47:46 下午 spec.jbb.JBBmain DoARun -> 信息:   started user thread for Warehouse 1
2月 15, 2026 6:47:46 下午 spec.jbb.JBBmain DoARun -> 信息:   started user thread for Warehouse 2
2月 15, 2026 6:47:46 下午 spec.jbb.Company displayResultTotals -> 信息: Timing Measurement began Sun Feb 15 18:47:46 CST 2026 for 0.5 minutes
2月 15, 2026 6:48:16 下午 spec.jbb.Company displayResultTotals -> 信息: Timing Measurement ended Sun Feb 15 18:48:16 CST 2026
2月 15, 2026 6:48:16 下午 spec.jbb.Company primeWithDummyData -> 信息: Loading Warehouse 3...
2月 15, 2026 6:48:16 下午 spec.jbb.JBBmain DoARun -> 信息: Start User Threads
2月 15, 2026 6:48:16 下午 spec.jbb.JBBmain DoARun -> 信息:   started user thread for Warehouse 1
2月 15, 2026 6:48:16 下午 spec.jbb.JBBmain DoARun -> 信息:   started user thread for Warehouse 2
2月 15, 2026 6:48:16 下午 spec.jbb.JBBmain DoARun -> 信息:   started user thread for Warehouse 3
2月 15, 2026 6:48:16 下午 spec.jbb.Company displayResultTotals -> 信息: Timing Measurement began Sun Feb 15 18:48:16 CST 2026 for 0.5 minutes
2月 15, 2026 6:48:46 下午 spec.jbb.Company displayResultTotals -> 信息: Timing Measurement ended Sun Feb 15 18:48:46 CST 2026
2月 15, 2026 6:48:46 下午 spec.jbb.Company primeWithDummyData -> 信息: Loading Warehouse 4...
2月 15, 2026 6:48:47 下午 spec.jbb.JBBmain DoARun -> 信息: Start User Threads
2月 15, 2026 6:48:47 下午 spec.jbb.JBBmain DoARun -> 信息:   started user thread for Warehouse 1
2月 15, 2026 6:48:47 下午 spec.jbb.JBBmain DoARun -> 信息:   started user thread for Warehouse 2
2月 15, 2026 6:48:47 下午 spec.jbb.JBBmain DoARun -> 信息:   started user thread for Warehouse 3
2月 15, 2026 6:48:47 下午 spec.jbb.JBBmain DoARun -> 信息:   started user thread for Warehouse 4
2月 15, 2026 6:48:47 下午 spec.jbb.Company displayResultTotals -> 信息: Timing Measurement began Sun Feb 15 18:48:47 CST 2026 for 0.5 minutes
2月 15, 2026 6:49:17 下午 spec.jbb.Company displayResultTotals -> 信息: Timing Measurement ended Sun Feb 15 18:49:17 CST 2026
2月 15, 2026 6:49:17 下午 spec.jbb.Company primeWithDummyData -> 信息: Loading Warehouse 5...
2月 15, 2026 6:49:17 下午 spec.jbb.JBBmain DoARun -> 信息: Start User Threads
2月 15, 2026 6:49:17 下午 spec.jbb.JBBmain DoARun -> 信息:   started user thread for Warehouse 1
2月 15, 2026 6:49:17 下午 spec.jbb.JBBmain DoARun -> 信息:   started user thread for Warehouse 2
2月 15, 2026 6:49:17 下午 spec.jbb.JBBmain DoARun -> 信息:   started user thread for Warehouse 3
2月 15, 2026 6:49:17 下午 spec.jbb.JBBmain DoARun -> 信息:   started user thread for Warehouse 4
2月 15, 2026 6:49:17 下午 spec.jbb.JBBmain DoARun -> 信息:   started user thread for Warehouse 5
2月 15, 2026 6:49:17 下午 spec.jbb.Company displayResultTotals -> 信息: Timing Measurement began Sun Feb 15 18:49:17 CST 2026 for 0.5 minutes
2月 15, 2026 6:49:47 下午 spec.jbb.Company displayResultTotals -> 信息: Timing Measurement ended Sun Feb 15 18:49:47 CST 2026
2月 15, 2026 6:49:47 下午 spec.jbb.Company primeWithDummyData -> 信息: Loading Warehouse 6...
2月 15, 2026 6:49:47 下午 spec.jbb.JBBmain DoARun -> 信息: Start User Threads
2月 15, 2026 6:49:47 下午 spec.jbb.JBBmain DoARun -> 信息:   started user thread for Warehouse 1
2月 15, 2026 6:49:47 下午 spec.jbb.JBBmain DoARun -> 信息:   started user thread for Warehouse 2
2月 15, 2026 6:49:47 下午 spec.jbb.JBBmain DoARun -> 信息:   started user thread for Warehouse 3
2月 15, 2026 6:49:47 下午 spec.jbb.JBBmain DoARun -> 信息:   started user thread for Warehouse 4
2月 15, 2026 6:49:47 下午 spec.jbb.JBBmain DoARun -> 信息:   started user thread for Warehouse 5
2月 15, 2026 6:49:47 下午 spec.jbb.JBBmain DoARun -> 信息:   started user thread for Warehouse 6
2月 15, 2026 6:49:47 下午 spec.jbb.Company displayResultTotals -> 信息: Timing Measurement began Sun Feb 15 18:49:47 CST 2026 for 0.5 minutes
2月 15, 2026 6:50:17 下午 spec.jbb.Company displayResultTotals -> 信息: Timing Measurement ended Sun Feb 15 18:50:17 CST 2026
2月 15, 2026 6:50:17 下午 spec.jbb.Company primeWithDummyData -> 信息: Loading Warehouse 7...
2月 15, 2026 6:50:17 下午 spec.jbb.JBBmain DoARun -> 信息: Start User Threads
2月 15, 2026 6:50:17 下午 spec.jbb.JBBmain DoARun -> 信息:   started user thread for Warehouse 1
2月 15, 2026 6:50:17 下午 spec.jbb.JBBmain DoARun -> 信息:   started user thread for Warehouse 2
2月 15, 2026 6:50:17 下午 spec.jbb.JBBmain DoARun -> 信息:   started user thread for Warehouse 3
2月 15, 2026 6:50:17 下午 spec.jbb.JBBmain DoARun -> 信息:   started user thread for Warehouse 4
2月 15, 2026 6:50:17 下午 spec.jbb.JBBmain DoARun -> 信息:   started user thread for Warehouse 5
2月 15, 2026 6:50:17 下午 spec.jbb.JBBmain DoARun -> 信息:   started user thread for Warehouse 6
2月 15, 2026 6:50:17 下午 spec.jbb.JBBmain DoARun -> 信息:   started user thread for Warehouse 7
2月 15, 2026 6:50:17 下午 spec.jbb.Company displayResultTotals -> 信息: Timing Measurement began Sun Feb 15 18:50:17 CST 2026 for 0.5 minutes
2月 15, 2026 6:50:47 下午 spec.jbb.Company displayResultTotals -> 信息: Timing Measurement ended Sun Feb 15 18:50:47 CST 2026
2月 15, 2026 6:50:47 下午 spec.jbb.Company primeWithDummyData -> 信息: Loading Warehouse 8...
2月 15, 2026 6:50:47 下午 spec.jbb.JBBmain DoARun -> 信息: Start User Threads
2月 15, 2026 6:50:47 下午 spec.jbb.JBBmain DoARun -> 信息:   started user thread for Warehouse 1
2月 15, 2026 6:50:47 下午 spec.jbb.JBBmain DoARun -> 信息:   started user thread for Warehouse 2
2月 15, 2026 6:50:47 下午 spec.jbb.JBBmain DoARun -> 信息:   started user thread for Warehouse 3
2月 15, 2026 6:50:47 下午 spec.jbb.JBBmain DoARun -> 信息:   started user thread for Warehouse 4
2月 15, 2026 6:50:47 下午 spec.jbb.JBBmain DoARun -> 信息:   started user thread for Warehouse 5
2月 15, 2026 6:50:47 下午 spec.jbb.JBBmain DoARun -> 信息:   started user thread for Warehouse 6
2月 15, 2026 6:50:47 下午 spec.jbb.JBBmain DoARun -> 信息:   started user thread for Warehouse 7
2月 15, 2026 6:50:47 下午 spec.jbb.JBBmain DoARun -> 信息:   started user thread for Warehouse 8
2月 15, 2026 6:50:47 下午 spec.jbb.Company displayResultTotals -> 信息: Timing Measurement began Sun Feb 15 18:50:47 CST 2026 for 0.5 minutes
2月 15, 2026 6:51:17 下午 spec.jbb.Company displayResultTotals -> 信息: Timing Measurement ended Sun Feb 15 18:51:17 CST 2026
2月 15, 2026 6:51:17 下午 spec.jbb.Company primeWithDummyData -> 信息: Loading Warehouse 9...
2月 15, 2026 6:51:17 下午 spec.jbb.JBBmain DoARun -> 信息: Start User Threads
2月 15, 2026 6:51:17 下午 spec.jbb.JBBmain DoARun -> 信息:   started user thread for Warehouse 1
2月 15, 2026 6:51:17 下午 spec.jbb.JBBmain DoARun -> 信息:   started user thread for Warehouse 2
2月 15, 2026 6:51:17 下午 spec.jbb.JBBmain DoARun -> 信息:   started user thread for Warehouse 3
2月 15, 2026 6:51:17 下午 spec.jbb.JBBmain DoARun -> 信息:   started user thread for Warehouse 4
2月 15, 2026 6:51:17 下午 spec.jbb.JBBmain DoARun -> 信息:   started user thread for Warehouse 5
2月 15, 2026 6:51:17 下午 spec.jbb.JBBmain DoARun -> 信息:   started user thread for Warehouse 6
2月 15, 2026 6:51:17 下午 spec.jbb.JBBmain DoARun -> 信息:   started user thread for Warehouse 7
2月 15, 2026 6:51:17 下午 spec.jbb.JBBmain DoARun -> 信息:   started user thread for Warehouse 8
2月 15, 2026 6:51:17 下午 spec.jbb.JBBmain DoARun -> 信息:   started user thread for Warehouse 9
2月 15, 2026 6:51:17 下午 spec.jbb.Company displayResultTotals -> 信息: Timing Measurement began Sun Feb 15 18:51:17 CST 2026 for 0.5 minutes
2月 15, 2026 6:51:47 下午 spec.jbb.Company displayResultTotals -> 信息: Timing Measurement ended Sun Feb 15 18:51:47 CST 2026
2月 15, 2026 6:51:47 下午 spec.jbb.Company primeWithDummyData -> 信息: Loading Warehouse 10...
2月 15, 2026 6:51:48 下午 spec.jbb.JBBmain DoARun -> 信息: Start User Threads
2月 15, 2026 6:51:48 下午 spec.jbb.JBBmain DoARun -> 信息:   started user thread for Warehouse 1
2月 15, 2026 6:51:48 下午 spec.jbb.JBBmain DoARun -> 信息:   started user thread for Warehouse 2
2月 15, 2026 6:51:48 下午 spec.jbb.JBBmain DoARun -> 信息:   started user thread for Warehouse 3
2月 15, 2026 6:51:48 下午 spec.jbb.JBBmain DoARun -> 信息:   started user thread for Warehouse 4
2月 15, 2026 6:51:48 下午 spec.jbb.JBBmain DoARun -> 信息:   started user thread for Warehouse 5
2月 15, 2026 6:51:48 下午 spec.jbb.JBBmain DoARun -> 信息:   started user thread for Warehouse 6
2月 15, 2026 6:51:48 下午 spec.jbb.JBBmain DoARun -> 信息:   started user thread for Warehouse 7
2月 15, 2026 6:51:48 下午 spec.jbb.JBBmain DoARun -> 信息:   started user thread for Warehouse 8
2月 15, 2026 6:51:48 下午 spec.jbb.JBBmain DoARun -> 信息:   started user thread for Warehouse 9
2月 15, 2026 6:51:48 下午 spec.jbb.JBBmain DoARun -> 信息:   started user thread for Warehouse 10
2月 15, 2026 6:51:48 下午 spec.jbb.Company displayResultTotals -> 信息: Timing Measurement began Sun Feb 15 18:51:48 CST 2026 for 0.5 minutes
2月 15, 2026 6:52:18 下午 spec.jbb.Company displayResultTotals -> 信息: Timing Measurement ended Sun Feb 15 18:52:18 CST 2026
2月 15, 2026 6:52:18 下午 spec.jbb.Company primeWithDummyData -> 信息: Loading Warehouse 11...
2月 15, 2026 6:52:18 下午 spec.jbb.JBBmain DoARun -> 信息: Start User Threads
2月 15, 2026 6:52:18 下午 spec.jbb.JBBmain DoARun -> 信息:   started user thread for Warehouse 1
2月 15, 2026 6:52:18 下午 spec.jbb.JBBmain DoARun -> 信息:   started user thread for Warehouse 2
2月 15, 2026 6:52:18 下午 spec.jbb.JBBmain DoARun -> 信息:   started user thread for Warehouse 3
2月 15, 2026 6:52:18 下午 spec.jbb.JBBmain DoARun -> 信息:   started user thread for Warehouse 4
2月 15, 2026 6:52:18 下午 spec.jbb.JBBmain DoARun -> 信息:   started user thread for Warehouse 5
2月 15, 2026 6:52:18 下午 spec.jbb.JBBmain DoARun -> 信息:   started user thread for Warehouse 6
2月 15, 2026 6:52:18 下午 spec.jbb.JBBmain DoARun -> 信息:   started user thread for Warehouse 7
2月 15, 2026 6:52:18 下午 spec.jbb.JBBmain DoARun -> 信息:   started user thread for Warehouse 8
2月 15, 2026 6:52:18 下午 spec.jbb.JBBmain DoARun -> 信息:   started user thread for Warehouse 9
2月 15, 2026 6:52:18 下午 spec.jbb.JBBmain DoARun -> 信息:   started user thread for Warehouse 10
2月 15, 2026 6:52:18 下午 spec.jbb.JBBmain DoARun -> 信息:   started user thread for Warehouse 11
2月 15, 2026 6:52:18 下午 spec.jbb.Company displayResultTotals -> 信息: Timing Measurement began Sun Feb 15 18:52:18 CST 2026 for 0.5 minutes
2月 15, 2026 6:52:48 下午 spec.jbb.Company displayResultTotals -> 信息: Timing Measurement ended Sun Feb 15 18:52:48 CST 2026
2月 15, 2026 6:52:48 下午 spec.jbb.Company primeWithDummyData -> 信息: Loading Warehouse 12...
2月 15, 2026 6:52:48 下午 spec.jbb.JBBmain DoARun -> 信息: Start User Threads
2月 15, 2026 6:52:48 下午 spec.jbb.JBBmain DoARun -> 信息:   started user thread for Warehouse 1
2月 15, 2026 6:52:48 下午 spec.jbb.JBBmain DoARun -> 信息:   started user thread for Warehouse 2
2月 15, 2026 6:52:48 下午 spec.jbb.JBBmain DoARun -> 信息:   started user thread for Warehouse 3
2月 15, 2026 6:52:48 下午 spec.jbb.JBBmain DoARun -> 信息:   started user thread for Warehouse 4
2月 15, 2026 6:52:48 下午 spec.jbb.JBBmain DoARun -> 信息:   started user thread for Warehouse 5
2月 15, 2026 6:52:48 下午 spec.jbb.JBBmain DoARun -> 信息:   started user thread for Warehouse 6
2月 15, 2026 6:52:48 下午 spec.jbb.JBBmain DoARun -> 信息:   started user thread for Warehouse 7
2月 15, 2026 6:52:48 下午 spec.jbb.JBBmain DoARun -> 信息:   started user thread for Warehouse 8
2月 15, 2026 6:52:48 下午 spec.jbb.JBBmain DoARun -> 信息:   started user thread for Warehouse 9
2月 15, 2026 6:52:48 下午 spec.jbb.JBBmain DoARun -> 信息:   started user thread for Warehouse 10
2月 15, 2026 6:52:48 下午 spec.jbb.JBBmain DoARun -> 信息:   started user thread for Warehouse 11
2月 15, 2026 6:52:48 下午 spec.jbb.JBBmain DoARun -> 信息:   started user thread for Warehouse 12
2月 15, 2026 6:52:48 下午 spec.jbb.Company displayResultTotals -> 信息: Timing Measurement began Sun Feb 15 18:52:48 CST 2026 for 0.5 minutes
2月 15, 2026 6:53:18 下午 spec.jbb.Company displayResultTotals -> 信息: Timing Measurement ended Sun Feb 15 18:53:18 CST 2026
2月 15, 2026 6:53:18 下午 spec.jbb.Company primeWithDummyData -> 信息: Loading Warehouse 13...
2月 15, 2026 6:53:18 下午 spec.jbb.JBBmain DoARun -> 信息: Start User Threads
2月 15, 2026 6:53:18 下午 spec.jbb.JBBmain DoARun -> 信息:   started user thread for Warehouse 1
2月 15, 2026 6:53:18 下午 spec.jbb.JBBmain DoARun -> 信息:   started user thread for Warehouse 2
2月 15, 2026 6:53:18 下午 spec.jbb.JBBmain DoARun -> 信息:   started user thread for Warehouse 3
2月 15, 2026 6:53:18 下午 spec.jbb.JBBmain DoARun -> 信息:   started user thread for Warehouse 4
2月 15, 2026 6:53:18 下午 spec.jbb.JBBmain DoARun -> 信息:   started user thread for Warehouse 5
2月 15, 2026 6:53:18 下午 spec.jbb.JBBmain DoARun -> 信息:   started user thread for Warehouse 6
2月 15, 2026 6:53:18 下午 spec.jbb.JBBmain DoARun -> 信息:   started user thread for Warehouse 7
2月 15, 2026 6:53:18 下午 spec.jbb.JBBmain DoARun -> 信息:   started user thread for Warehouse 8
2月 15, 2026 6:53:18 下午 spec.jbb.JBBmain DoARun -> 信息:   started user thread for Warehouse 9
2月 15, 2026 6:53:18 下午 spec.jbb.JBBmain DoARun -> 信息:   started user thread for Warehouse 10
2月 15, 2026 6:53:18 下午 spec.jbb.JBBmain DoARun -> 信息:   started user thread for Warehouse 11
2月 15, 2026 6:53:18 下午 spec.jbb.JBBmain DoARun -> 信息:   started user thread for Warehouse 12
2月 15, 2026 6:53:18 下午 spec.jbb.JBBmain DoARun -> 信息:   started user thread for Warehouse 13
2月 15, 2026 6:53:18 下午 spec.jbb.Company displayResultTotals -> 信息: Timing Measurement began Sun Feb 15 18:53:18 CST 2026 for 0.5 minutes
2月 15, 2026 6:53:48 下午 spec.jbb.Company displayResultTotals -> 信息: Timing Measurement ended Sun Feb 15 18:53:48 CST 2026
2月 15, 2026 6:53:48 下午 spec.jbb.Company primeWithDummyData -> 信息: Loading Warehouse 14...
2月 15, 2026 6:53:48 下午 spec.jbb.JBBmain DoARun -> 信息: Start User Threads
2月 15, 2026 6:53:48 下午 spec.jbb.JBBmain DoARun -> 信息:   started user thread for Warehouse 1
2月 15, 2026 6:53:48 下午 spec.jbb.JBBmain DoARun -> 信息:   started user thread for Warehouse 2
2月 15, 2026 6:53:48 下午 spec.jbb.JBBmain DoARun -> 信息:   started user thread for Warehouse 3
2月 15, 2026 6:53:48 下午 spec.jbb.JBBmain DoARun -> 信息:   started user thread for Warehouse 4
2月 15, 2026 6:53:48 下午 spec.jbb.JBBmain DoARun -> 信息:   started user thread for Warehouse 5
2月 15, 2026 6:53:48 下午 spec.jbb.JBBmain DoARun -> 信息:   started user thread for Warehouse 6
2月 15, 2026 6:53:48 下午 spec.jbb.JBBmain DoARun -> 信息:   started user thread for Warehouse 7
2月 15, 2026 6:53:48 下午 spec.jbb.JBBmain DoARun -> 信息:   started user thread for Warehouse 8
2月 15, 2026 6:53:48 下午 spec.jbb.JBBmain DoARun -> 信息:   started user thread for Warehouse 9
2月 15, 2026 6:53:48 下午 spec.jbb.JBBmain DoARun -> 信息:   started user thread for Warehouse 10
2月 15, 2026 6:53:48 下午 spec.jbb.JBBmain DoARun -> 信息:   started user thread for Warehouse 11
2月 15, 2026 6:53:48 下午 spec.jbb.JBBmain DoARun -> 信息:   started user thread for Warehouse 12
2月 15, 2026 6:53:48 下午 spec.jbb.JBBmain DoARun -> 信息:   started user thread for Warehouse 13
2月 15, 2026 6:53:48 下午 spec.jbb.JBBmain DoARun -> 信息:   started user thread for Warehouse 14
2月 15, 2026 6:53:48 下午 spec.jbb.Company displayResultTotals -> 信息: Timing Measurement began Sun Feb 15 18:53:48 CST 2026 for 0.5 minutes
2月 15, 2026 6:54:18 下午 spec.jbb.Company displayResultTotals -> 信息: Timing Measurement ended Sun Feb 15 18:54:18 CST 2026
2月 15, 2026 6:54:18 下午 spec.jbb.Company primeWithDummyData -> 信息: Loading Warehouse 15...
2月 15, 2026 6:54:18 下午 spec.jbb.JBBmain DoARun -> 信息: Start User Threads
2月 15, 2026 6:54:18 下午 spec.jbb.JBBmain DoARun -> 信息:   started user thread for Warehouse 1
2月 15, 2026 6:54:18 下午 spec.jbb.JBBmain DoARun -> 信息:   started user thread for Warehouse 2
2月 15, 2026 6:54:18 下午 spec.jbb.JBBmain DoARun -> 信息:   started user thread for Warehouse 3
2月 15, 2026 6:54:18 下午 spec.jbb.JBBmain DoARun -> 信息:   started user thread for Warehouse 4
2月 15, 2026 6:54:18 下午 spec.jbb.JBBmain DoARun -> 信息:   started user thread for Warehouse 5
2月 15, 2026 6:54:18 下午 spec.jbb.JBBmain DoARun -> 信息:   started user thread for Warehouse 6
2月 15, 2026 6:54:18 下午 spec.jbb.JBBmain DoARun -> 信息:   started user thread for Warehouse 7
2月 15, 2026 6:54:18 下午 spec.jbb.JBBmain DoARun -> 信息:   started user thread for Warehouse 8
2月 15, 2026 6:54:18 下午 spec.jbb.JBBmain DoARun -> 信息:   started user thread for Warehouse 9
2月 15, 2026 6:54:18 下午 spec.jbb.JBBmain DoARun -> 信息:   started user thread for Warehouse 10
2月 15, 2026 6:54:18 下午 spec.jbb.JBBmain DoARun -> 信息:   started user thread for Warehouse 11
2月 15, 2026 6:54:18 下午 spec.jbb.JBBmain DoARun -> 信息:   started user thread for Warehouse 12
2月 15, 2026 6:54:18 下午 spec.jbb.JBBmain DoARun -> 信息:   started user thread for Warehouse 13
2月 15, 2026 6:54:18 下午 spec.jbb.JBBmain DoARun -> 信息:   started user thread for Warehouse 14
2月 15, 2026 6:54:18 下午 spec.jbb.JBBmain DoARun -> 信息:   started user thread for Warehouse 15
2月 15, 2026 6:54:18 下午 spec.jbb.Company displayResultTotals -> 信息: Timing Measurement began Sun Feb 15 18:54:18 CST 2026 for 0.5 minutes
2月 15, 2026 6:54:48 下午 spec.jbb.Company displayResultTotals -> 信息: Timing Measurement ended Sun Feb 15 18:54:48 CST 2026
2月 15, 2026 6:54:48 下午 spec.jbb.Company primeWithDummyData -> 信息: Loading Warehouse 16...
2月 15, 2026 6:54:49 下午 spec.jbb.JBBmain DoARun -> 信息: Start User Threads
2月 15, 2026 6:54:49 下午 spec.jbb.JBBmain DoARun -> 信息:   started user thread for Warehouse 1
2月 15, 2026 6:54:49 下午 spec.jbb.JBBmain DoARun -> 信息:   started user thread for Warehouse 2
2月 15, 2026 6:54:49 下午 spec.jbb.JBBmain DoARun -> 信息:   started user thread for Warehouse 3
2月 15, 2026 6:54:49 下午 spec.jbb.JBBmain DoARun -> 信息:   started user thread for Warehouse 4
2月 15, 2026 6:54:49 下午 spec.jbb.JBBmain DoARun -> 信息:   started user thread for Warehouse 5
2月 15, 2026 6:54:49 下午 spec.jbb.JBBmain DoARun -> 信息:   started user thread for Warehouse 6
2月 15, 2026 6:54:49 下午 spec.jbb.JBBmain DoARun -> 信息:   started user thread for Warehouse 7
2月 15, 2026 6:54:49 下午 spec.jbb.JBBmain DoARun -> 信息:   started user thread for Warehouse 8
2月 15, 2026 6:54:49 下午 spec.jbb.JBBmain DoARun -> 信息:   started user thread for Warehouse 9
2月 15, 2026 6:54:49 下午 spec.jbb.JBBmain DoARun -> 信息:   started user thread for Warehouse 10
2月 15, 2026 6:54:49 下午 spec.jbb.JBBmain DoARun -> 信息:   started user thread for Warehouse 11
2月 15, 2026 6:54:49 下午 spec.jbb.JBBmain DoARun -> 信息:   started user thread for Warehouse 12
2月 15, 2026 6:54:49 下午 spec.jbb.JBBmain DoARun -> 信息:   started user thread for Warehouse 13
2月 15, 2026 6:54:49 下午 spec.jbb.JBBmain DoARun -> 信息:   started user thread for Warehouse 14
2月 15, 2026 6:54:49 下午 spec.jbb.JBBmain DoARun -> 信息:   started user thread for Warehouse 15
2月 15, 2026 6:54:49 下午 spec.jbb.JBBmain DoARun -> 信息:   started user thread for Warehouse 16
2月 15, 2026 6:54:49 下午 spec.jbb.Company displayResultTotals -> 信息: Timing Measurement began Sun Feb 15 18:54:49 CST 2026 for 0.5 minutes
2月 15, 2026 6:55:19 下午 spec.jbb.Company displayResultTotals -> 信息: Timing Measurement ended Sun Feb 15 18:55:19 CST 2026
2月 15, 2026 6:55:19 下午 spec.jbb.Company primeWithDummyData -> 信息: Loading Warehouse 17...
2月 15, 2026 6:55:19 下午 spec.jbb.JBBmain DoARun -> 信息: Start User Threads
2月 15, 2026 6:55:19 下午 spec.jbb.JBBmain DoARun -> 信息:   started user thread for Warehouse 1
2月 15, 2026 6:55:19 下午 spec.jbb.JBBmain DoARun -> 信息:   started user thread for Warehouse 2
2月 15, 2026 6:55:19 下午 spec.jbb.JBBmain DoARun -> 信息:   started user thread for Warehouse 3
2月 15, 2026 6:55:19 下午 spec.jbb.JBBmain DoARun -> 信息:   started user thread for Warehouse 4
2月 15, 2026 6:55:19 下午 spec.jbb.JBBmain DoARun -> 信息:   started user thread for Warehouse 5
2月 15, 2026 6:55:19 下午 spec.jbb.JBBmain DoARun -> 信息:   started user thread for Warehouse 6
2月 15, 2026 6:55:19 下午 spec.jbb.JBBmain DoARun -> 信息:   started user thread for Warehouse 7
2月 15, 2026 6:55:19 下午 spec.jbb.JBBmain DoARun -> 信息:   started user thread for Warehouse 8
2月 15, 2026 6:55:19 下午 spec.jbb.JBBmain DoARun -> 信息:   started user thread for Warehouse 9
2月 15, 2026 6:55:19 下午 spec.jbb.JBBmain DoARun -> 信息:   started user thread for Warehouse 10
2月 15, 2026 6:55:19 下午 spec.jbb.JBBmain DoARun -> 信息:   started user thread for Warehouse 11
2月 15, 2026 6:55:19 下午 spec.jbb.JBBmain DoARun -> 信息:   started user thread for Warehouse 12
2月 15, 2026 6:55:19 下午 spec.jbb.JBBmain DoARun -> 信息:   started user thread for Warehouse 13
2月 15, 2026 6:55:19 下午 spec.jbb.JBBmain DoARun -> 信息:   started user thread for Warehouse 14
2月 15, 2026 6:55:19 下午 spec.jbb.JBBmain DoARun -> 信息:   started user thread for Warehouse 15
2月 15, 2026 6:55:19 下午 spec.jbb.JBBmain DoARun -> 信息:   started user thread for Warehouse 16
2月 15, 2026 6:55:19 下午 spec.jbb.JBBmain DoARun -> 信息:   started user thread for Warehouse 17
2月 15, 2026 6:55:19 下午 spec.jbb.Company displayResultTotals -> 信息: Timing Measurement began Sun Feb 15 18:55:19 CST 2026 for 0.5 minutes
2月 15, 2026 6:55:49 下午 spec.jbb.Company displayResultTotals -> 信息: Timing Measurement ended Sun Feb 15 18:55:49 CST 2026
2月 15, 2026 6:55:49 下午 spec.jbb.Company primeWithDummyData -> 信息: Loading Warehouse 18...
2月 15, 2026 6:55:49 下午 spec.jbb.JBBmain DoARun -> 信息: Start User Threads
2月 15, 2026 6:55:49 下午 spec.jbb.JBBmain DoARun -> 信息:   started user thread for Warehouse 1
2月 15, 2026 6:55:49 下午 spec.jbb.JBBmain DoARun -> 信息:   started user thread for Warehouse 2
2月 15, 2026 6:55:49 下午 spec.jbb.JBBmain DoARun -> 信息:   started user thread for Warehouse 3
2月 15, 2026 6:55:49 下午 spec.jbb.JBBmain DoARun -> 信息:   started user thread for Warehouse 4
2月 15, 2026 6:55:49 下午 spec.jbb.JBBmain DoARun -> 信息:   started user thread for Warehouse 5
2月 15, 2026 6:55:49 下午 spec.jbb.JBBmain DoARun -> 信息:   started user thread for Warehouse 6
2月 15, 2026 6:55:49 下午 spec.jbb.JBBmain DoARun -> 信息:   started user thread for Warehouse 7
2月 15, 2026 6:55:49 下午 spec.jbb.JBBmain DoARun -> 信息:   started user thread for Warehouse 8
2月 15, 2026 6:55:49 下午 spec.jbb.JBBmain DoARun -> 信息:   started user thread for Warehouse 9
2月 15, 2026 6:55:49 下午 spec.jbb.JBBmain DoARun -> 信息:   started user thread for Warehouse 10
2月 15, 2026 6:55:49 下午 spec.jbb.JBBmain DoARun -> 信息:   started user thread for Warehouse 11
2月 15, 2026 6:55:49 下午 spec.jbb.JBBmain DoARun -> 信息:   started user thread for Warehouse 12
2月 15, 2026 6:55:49 下午 spec.jbb.JBBmain DoARun -> 信息:   started user thread for Warehouse 13
2月 15, 2026 6:55:49 下午 spec.jbb.JBBmain DoARun -> 信息:   started user thread for Warehouse 14
2月 15, 2026 6:55:49 下午 spec.jbb.JBBmain DoARun -> 信息:   started user thread for Warehouse 15
2月 15, 2026 6:55:49 下午 spec.jbb.JBBmain DoARun -> 信息:   started user thread for Warehouse 16
2月 15, 2026 6:55:49 下午 spec.jbb.JBBmain DoARun -> 信息:   started user thread for Warehouse 17
2月 15, 2026 6:55:49 下午 spec.jbb.JBBmain DoARun -> 信息:   started user thread for Warehouse 18
2月 15, 2026 6:55:49 下午 spec.jbb.Company displayResultTotals -> 信息: Timing Measurement began Sun Feb 15 18:55:49 CST 2026 for 0.5 minutes
2月 15, 2026 6:56:19 下午 spec.jbb.Company displayResultTotals -> 信息: Timing Measurement ended Sun Feb 15 18:56:19 CST 2026
2月 15, 2026 6:56:19 下午 spec.jbb.Company primeWithDummyData -> 信息: Loading Warehouse 19...
2月 15, 2026 6:56:19 下午 spec.jbb.JBBmain DoARun -> 信息: Start User Threads
2月 15, 2026 6:56:19 下午 spec.jbb.JBBmain DoARun -> 信息:   started user thread for Warehouse 1
2月 15, 2026 6:56:19 下午 spec.jbb.JBBmain DoARun -> 信息:   started user thread for Warehouse 2
2月 15, 2026 6:56:19 下午 spec.jbb.JBBmain DoARun -> 信息:   started user thread for Warehouse 3
2月 15, 2026 6:56:19 下午 spec.jbb.JBBmain DoARun -> 信息:   started user thread for Warehouse 4
2月 15, 2026 6:56:19 下午 spec.jbb.JBBmain DoARun -> 信息:   started user thread for Warehouse 5
2月 15, 2026 6:56:19 下午 spec.jbb.JBBmain DoARun -> 信息:   started user thread for Warehouse 6
2月 15, 2026 6:56:19 下午 spec.jbb.JBBmain DoARun -> 信息:   started user thread for Warehouse 7
2月 15, 2026 6:56:19 下午 spec.jbb.JBBmain DoARun -> 信息:   started user thread for Warehouse 8
2月 15, 2026 6:56:19 下午 spec.jbb.JBBmain DoARun -> 信息:   started user thread for Warehouse 9
2月 15, 2026 6:56:19 下午 spec.jbb.JBBmain DoARun -> 信息:   started user thread for Warehouse 10
2月 15, 2026 6:56:19 下午 spec.jbb.JBBmain DoARun -> 信息:   started user thread for Warehouse 11
2月 15, 2026 6:56:19 下午 spec.jbb.JBBmain DoARun -> 信息:   started user thread for Warehouse 12
2月 15, 2026 6:56:19 下午 spec.jbb.JBBmain DoARun -> 信息:   started user thread for Warehouse 13
2月 15, 2026 6:56:19 下午 spec.jbb.JBBmain DoARun -> 信息:   started user thread for Warehouse 14
2月 15, 2026 6:56:19 下午 spec.jbb.JBBmain DoARun -> 信息:   started user thread for Warehouse 15
2月 15, 2026 6:56:19 下午 spec.jbb.JBBmain DoARun -> 信息:   started user thread for Warehouse 16
2月 15, 2026 6:56:19 下午 spec.jbb.JBBmain DoARun -> 信息:   started user thread for Warehouse 17
2月 15, 2026 6:56:19 下午 spec.jbb.JBBmain DoARun -> 信息:   started user thread for Warehouse 18
2月 15, 2026 6:56:19 下午 spec.jbb.JBBmain DoARun -> 信息:   started user thread for Warehouse 19
2月 15, 2026 6:56:19 下午 spec.jbb.Company displayResultTotals -> 信息: Timing Measurement began Sun Feb 15 18:56:19 CST 2026 for 0.5 minutes
2月 15, 2026 6:56:49 下午 spec.jbb.Company displayResultTotals -> 信息: Timing Measurement ended Sun Feb 15 18:56:49 CST 2026
2月 15, 2026 6:56:49 下午 spec.jbb.Company primeWithDummyData -> 信息: Loading Warehouse 20...
2月 15, 2026 6:56:49 下午 spec.jbb.JBBmain DoARun -> 信息: Start User Threads
2月 15, 2026 6:56:49 下午 spec.jbb.JBBmain DoARun -> 信息:   started user thread for Warehouse 1
2月 15, 2026 6:56:49 下午 spec.jbb.JBBmain DoARun -> 信息:   started user thread for Warehouse 2
2月 15, 2026 6:56:49 下午 spec.jbb.JBBmain DoARun -> 信息:   started user thread for Warehouse 3
2月 15, 2026 6:56:49 下午 spec.jbb.JBBmain DoARun -> 信息:   started user thread for Warehouse 4
2月 15, 2026 6:56:49 下午 spec.jbb.JBBmain DoARun -> 信息:   started user thread for Warehouse 5
2月 15, 2026 6:56:49 下午 spec.jbb.JBBmain DoARun -> 信息:   started user thread for Warehouse 6
2月 15, 2026 6:56:49 下午 spec.jbb.JBBmain DoARun -> 信息:   started user thread for Warehouse 7
2月 15, 2026 6:56:49 下午 spec.jbb.JBBmain DoARun -> 信息:   started user thread for Warehouse 8
2月 15, 2026 6:56:49 下午 spec.jbb.JBBmain DoARun -> 信息:   started user thread for Warehouse 9
2月 15, 2026 6:56:49 下午 spec.jbb.JBBmain DoARun -> 信息:   started user thread for Warehouse 10
2月 15, 2026 6:56:49 下午 spec.jbb.JBBmain DoARun -> 信息:   started user thread for Warehouse 11
2月 15, 2026 6:56:49 下午 spec.jbb.JBBmain DoARun -> 信息:   started user thread for Warehouse 12
2月 15, 2026 6:56:49 下午 spec.jbb.JBBmain DoARun -> 信息:   started user thread for Warehouse 13
2月 15, 2026 6:56:49 下午 spec.jbb.JBBmain DoARun -> 信息:   started user thread for Warehouse 14
2月 15, 2026 6:56:49 下午 spec.jbb.JBBmain DoARun -> 信息:   started user thread for Warehouse 15
2月 15, 2026 6:56:49 下午 spec.jbb.JBBmain DoARun -> 信息:   started user thread for Warehouse 16
2月 15, 2026 6:56:49 下午 spec.jbb.JBBmain DoARun -> 信息:   started user thread for Warehouse 17
2月 15, 2026 6:56:49 下午 spec.jbb.JBBmain DoARun -> 信息:   started user thread for Warehouse 18
2月 15, 2026 6:56:49 下午 spec.jbb.JBBmain DoARun -> 信息:   started user thread for Warehouse 19
2月 15, 2026 6:56:49 下午 spec.jbb.JBBmain DoARun -> 信息:   started user thread for Warehouse 20
2月 15, 2026 6:56:49 下午 spec.jbb.Company displayResultTotals -> 信息: Timing Measurement began Sun Feb 15 18:56:49 CST 2026 for 0.5 minutes
2月 15, 2026 6:57:19 下午 spec.jbb.Company displayResultTotals -> 信息: Timing Measurement ended Sun Feb 15 18:57:19 CST 2026
2月 15, 2026 6:57:19 下午 spec.jbb.Company primeWithDummyData -> 信息: Loading Warehouse 21...
2月 15, 2026 6:57:19 下午 spec.jbb.JBBmain DoARun -> 信息: Start User Threads
2月 15, 2026 6:57:19 下午 spec.jbb.JBBmain DoARun -> 信息:   started user thread for Warehouse 1
2月 15, 2026 6:57:19 下午 spec.jbb.JBBmain DoARun -> 信息:   started user thread for Warehouse 2
2月 15, 2026 6:57:19 下午 spec.jbb.JBBmain DoARun -> 信息:   started user thread for Warehouse 3
2月 15, 2026 6:57:19 下午 spec.jbb.JBBmain DoARun -> 信息:   started user thread for Warehouse 4
2月 15, 2026 6:57:19 下午 spec.jbb.JBBmain DoARun -> 信息:   started user thread for Warehouse 5
2月 15, 2026 6:57:19 下午 spec.jbb.JBBmain DoARun -> 信息:   started user thread for Warehouse 6
2月 15, 2026 6:57:19 下午 spec.jbb.JBBmain DoARun -> 信息:   started user thread for Warehouse 7
2月 15, 2026 6:57:19 下午 spec.jbb.JBBmain DoARun -> 信息:   started user thread for Warehouse 8
2月 15, 2026 6:57:19 下午 spec.jbb.JBBmain DoARun -> 信息:   started user thread for Warehouse 9
2月 15, 2026 6:57:19 下午 spec.jbb.JBBmain DoARun -> 信息:   started user thread for Warehouse 10
2月 15, 2026 6:57:19 下午 spec.jbb.JBBmain DoARun -> 信息:   started user thread for Warehouse 11
2月 15, 2026 6:57:19 下午 spec.jbb.JBBmain DoARun -> 信息:   started user thread for Warehouse 12
2月 15, 2026 6:57:19 下午 spec.jbb.JBBmain DoARun -> 信息:   started user thread for Warehouse 13
2月 15, 2026 6:57:19 下午 spec.jbb.JBBmain DoARun -> 信息:   started user thread for Warehouse 14
2月 15, 2026 6:57:19 下午 spec.jbb.JBBmain DoARun -> 信息:   started user thread for Warehouse 15
2月 15, 2026 6:57:19 下午 spec.jbb.JBBmain DoARun -> 信息:   started user thread for Warehouse 16
2月 15, 2026 6:57:19 下午 spec.jbb.JBBmain DoARun -> 信息:   started user thread for Warehouse 17
2月 15, 2026 6:57:19 下午 spec.jbb.JBBmain DoARun -> 信息:   started user thread for Warehouse 18
2月 15, 2026 6:57:19 下午 spec.jbb.JBBmain DoARun -> 信息:   started user thread for Warehouse 19
2月 15, 2026 6:57:19 下午 spec.jbb.JBBmain DoARun -> 信息:   started user thread for Warehouse 20
2月 15, 2026 6:57:19 下午 spec.jbb.JBBmain DoARun -> 信息:   started user thread for Warehouse 21
2月 15, 2026 6:57:19 下午 spec.jbb.Company displayResultTotals -> 信息: Timing Measurement began Sun Feb 15 18:57:19 CST 2026 for 0.5 minutes
2月 15, 2026 6:57:49 下午 spec.jbb.Company displayResultTotals -> 信息: Timing Measurement ended Sun Feb 15 18:57:49 CST 2026
2月 15, 2026 6:57:49 下午 spec.jbb.Company primeWithDummyData -> 信息: Loading Warehouse 22...
2月 15, 2026 6:57:50 下午 spec.jbb.JBBmain DoARun -> 信息: Start User Threads
2月 15, 2026 6:57:50 下午 spec.jbb.JBBmain DoARun -> 信息:   started user thread for Warehouse 1
2月 15, 2026 6:57:50 下午 spec.jbb.JBBmain DoARun -> 信息:   started user thread for Warehouse 2
2月 15, 2026 6:57:50 下午 spec.jbb.JBBmain DoARun -> 信息:   started user thread for Warehouse 3
2月 15, 2026 6:57:50 下午 spec.jbb.JBBmain DoARun -> 信息:   started user thread for Warehouse 4
2月 15, 2026 6:57:50 下午 spec.jbb.JBBmain DoARun -> 信息:   started user thread for Warehouse 5
2月 15, 2026 6:57:50 下午 spec.jbb.JBBmain DoARun -> 信息:   started user thread for Warehouse 6
2月 15, 2026 6:57:50 下午 spec.jbb.JBBmain DoARun -> 信息:   started user thread for Warehouse 7
2月 15, 2026 6:57:50 下午 spec.jbb.JBBmain DoARun -> 信息:   started user thread for Warehouse 8
2月 15, 2026 6:57:50 下午 spec.jbb.JBBmain DoARun -> 信息:   started user thread for Warehouse 9
2月 15, 2026 6:57:50 下午 spec.jbb.JBBmain DoARun -> 信息:   started user thread for Warehouse 10
2月 15, 2026 6:57:50 下午 spec.jbb.JBBmain DoARun -> 信息:   started user thread for Warehouse 11
2月 15, 2026 6:57:50 下午 spec.jbb.JBBmain DoARun -> 信息:   started user thread for Warehouse 12
2月 15, 2026 6:57:50 下午 spec.jbb.JBBmain DoARun -> 信息:   started user thread for Warehouse 13
2月 15, 2026 6:57:50 下午 spec.jbb.JBBmain DoARun -> 信息:   started user thread for Warehouse 14
2月 15, 2026 6:57:50 下午 spec.jbb.JBBmain DoARun -> 信息:   started user thread for Warehouse 15
2月 15, 2026 6:57:50 下午 spec.jbb.JBBmain DoARun -> 信息:   started user thread for Warehouse 16
2月 15, 2026 6:57:50 下午 spec.jbb.JBBmain DoARun -> 信息:   started user thread for Warehouse 17
2月 15, 2026 6:57:50 下午 spec.jbb.JBBmain DoARun -> 信息:   started user thread for Warehouse 18
2月 15, 2026 6:57:50 下午 spec.jbb.JBBmain DoARun -> 信息:   started user thread for Warehouse 19
2月 15, 2026 6:57:50 下午 spec.jbb.JBBmain DoARun -> 信息:   started user thread for Warehouse 20
2月 15, 2026 6:57:50 下午 spec.jbb.JBBmain DoARun -> 信息:   started user thread for Warehouse 21
2月 15, 2026 6:57:50 下午 spec.jbb.JBBmain DoARun -> 信息:   started user thread for Warehouse 22
2月 15, 2026 6:57:50 下午 spec.jbb.Company displayResultTotals -> 信息: Timing Measurement began Sun Feb 15 18:57:50 CST 2026 for 0.5 minutes
2月 15, 2026 6:58:20 下午 spec.jbb.Company displayResultTotals -> 信息: Timing Measurement ended Sun Feb 15 18:58:20 CST 2026
2月 15, 2026 6:58:20 下午 spec.jbb.Company primeWithDummyData -> 信息: Loading Warehouse 23...
2月 15, 2026 6:58:20 下午 spec.jbb.JBBmain DoARun -> 信息: Start User Threads
2月 15, 2026 6:58:20 下午 spec.jbb.JBBmain DoARun -> 信息:   started user thread for Warehouse 1
2月 15, 2026 6:58:20 下午 spec.jbb.JBBmain DoARun -> 信息:   started user thread for Warehouse 2
2月 15, 2026 6:58:20 下午 spec.jbb.JBBmain DoARun -> 信息:   started user thread for Warehouse 3
2月 15, 2026 6:58:20 下午 spec.jbb.JBBmain DoARun -> 信息:   started user thread for Warehouse 4
2月 15, 2026 6:58:20 下午 spec.jbb.JBBmain DoARun -> 信息:   started user thread for Warehouse 5
2月 15, 2026 6:58:20 下午 spec.jbb.JBBmain DoARun -> 信息:   started user thread for Warehouse 6
2月 15, 2026 6:58:20 下午 spec.jbb.JBBmain DoARun -> 信息:   started user thread for Warehouse 7
2月 15, 2026 6:58:20 下午 spec.jbb.JBBmain DoARun -> 信息:   started user thread for Warehouse 8
2月 15, 2026 6:58:20 下午 spec.jbb.JBBmain DoARun -> 信息:   started user thread for Warehouse 9
2月 15, 2026 6:58:20 下午 spec.jbb.JBBmain DoARun -> 信息:   started user thread for Warehouse 10
2月 15, 2026 6:58:20 下午 spec.jbb.JBBmain DoARun -> 信息:   started user thread for Warehouse 11
2月 15, 2026 6:58:20 下午 spec.jbb.JBBmain DoARun -> 信息:   started user thread for Warehouse 12
2月 15, 2026 6:58:20 下午 spec.jbb.JBBmain DoARun -> 信息:   started user thread for Warehouse 13
2月 15, 2026 6:58:20 下午 spec.jbb.JBBmain DoARun -> 信息:   started user thread for Warehouse 14
2月 15, 2026 6:58:20 下午 spec.jbb.JBBmain DoARun -> 信息:   started user thread for Warehouse 15
2月 15, 2026 6:58:20 下午 spec.jbb.JBBmain DoARun -> 信息:   started user thread for Warehouse 16
2月 15, 2026 6:58:20 下午 spec.jbb.JBBmain DoARun -> 信息:   started user thread for Warehouse 17
2月 15, 2026 6:58:20 下午 spec.jbb.JBBmain DoARun -> 信息:   started user thread for Warehouse 18
2月 15, 2026 6:58:20 下午 spec.jbb.JBBmain DoARun -> 信息:   started user thread for Warehouse 19
2月 15, 2026 6:58:20 下午 spec.jbb.JBBmain DoARun -> 信息:   started user thread for Warehouse 20
2月 15, 2026 6:58:20 下午 spec.jbb.JBBmain DoARun -> 信息:   started user thread for Warehouse 21
2月 15, 2026 6:58:20 下午 spec.jbb.JBBmain DoARun -> 信息:   started user thread for Warehouse 22
2月 15, 2026 6:58:20 下午 spec.jbb.JBBmain DoARun -> 信息:   started user thread for Warehouse 23
2月 15, 2026 6:58:20 下午 spec.jbb.Company displayResultTotals -> 信息: Timing Measurement began Sun Feb 15 18:58:20 CST 2026 for 0.5 minutes
2月 15, 2026 6:58:50 下午 spec.jbb.Company displayResultTotals -> 信息: Timing Measurement ended Sun Feb 15 18:58:50 CST 2026
2月 15, 2026 6:58:50 下午 spec.jbb.Company primeWithDummyData -> 信息: Loading Warehouse 24...
2月 15, 2026 6:58:50 下午 spec.jbb.JBBmain DoARun -> 信息: Start User Threads
2月 15, 2026 6:58:50 下午 spec.jbb.JBBmain DoARun -> 信息:   started user thread for Warehouse 1
2月 15, 2026 6:58:50 下午 spec.jbb.JBBmain DoARun -> 信息:   started user thread for Warehouse 2
2月 15, 2026 6:58:50 下午 spec.jbb.JBBmain DoARun -> 信息:   started user thread for Warehouse 3
2月 15, 2026 6:58:50 下午 spec.jbb.JBBmain DoARun -> 信息:   started user thread for Warehouse 4
2月 15, 2026 6:58:50 下午 spec.jbb.JBBmain DoARun -> 信息:   started user thread for Warehouse 5
2月 15, 2026 6:58:50 下午 spec.jbb.JBBmain DoARun -> 信息:   started user thread for Warehouse 6
2月 15, 2026 6:58:50 下午 spec.jbb.JBBmain DoARun -> 信息:   started user thread for Warehouse 7
2月 15, 2026 6:58:50 下午 spec.jbb.JBBmain DoARun -> 信息:   started user thread for Warehouse 8
2月 15, 2026 6:58:50 下午 spec.jbb.JBBmain DoARun -> 信息:   started user thread for Warehouse 9
2月 15, 2026 6:58:50 下午 spec.jbb.JBBmain DoARun -> 信息:   started user thread for Warehouse 10
2月 15, 2026 6:58:50 下午 spec.jbb.JBBmain DoARun -> 信息:   started user thread for Warehouse 11
2月 15, 2026 6:58:50 下午 spec.jbb.JBBmain DoARun -> 信息:   started user thread for Warehouse 12
2月 15, 2026 6:58:50 下午 spec.jbb.JBBmain DoARun -> 信息:   started user thread for Warehouse 13
2月 15, 2026 6:58:50 下午 spec.jbb.JBBmain DoARun -> 信息:   started user thread for Warehouse 14
2月 15, 2026 6:58:50 下午 spec.jbb.JBBmain DoARun -> 信息:   started user thread for Warehouse 15
2月 15, 2026 6:58:50 下午 spec.jbb.JBBmain DoARun -> 信息:   started user thread for Warehouse 16
2月 15, 2026 6:58:50 下午 spec.jbb.JBBmain DoARun -> 信息:   started user thread for Warehouse 17
2月 15, 2026 6:58:50 下午 spec.jbb.JBBmain DoARun -> 信息:   started user thread for Warehouse 18
2月 15, 2026 6:58:50 下午 spec.jbb.JBBmain DoARun -> 信息:   started user thread for Warehouse 19
2月 15, 2026 6:58:50 下午 spec.jbb.JBBmain DoARun -> 信息:   started user thread for Warehouse 20
2月 15, 2026 6:58:50 下午 spec.jbb.JBBmain DoARun -> 信息:   started user thread for Warehouse 21
2月 15, 2026 6:58:50 下午 spec.jbb.JBBmain DoARun -> 信息:   started user thread for Warehouse 22
2月 15, 2026 6:58:50 下午 spec.jbb.JBBmain DoARun -> 信息:   started user thread for Warehouse 23
2月 15, 2026 6:58:50 下午 spec.jbb.JBBmain DoARun -> 信息:   started user thread for Warehouse 24
2月 15, 2026 6:58:50 下午 spec.jbb.Company displayResultTotals -> 信息: Timing Measurement began Sun Feb 15 18:58:50 CST 2026 for 0.5 minutes
2月 15, 2026 6:59:20 下午 spec.jbb.Company displayResultTotals -> 信息: Timing Measurement ended Sun Feb 15 18:59:20 CST 2026
2月 15, 2026 6:59:20 下午 spec.jbb.Company primeWithDummyData -> 信息: Loading Warehouse 25...
2月 15, 2026 6:59:20 下午 spec.jbb.JBBmain DoARun -> 信息: Start User Threads
2月 15, 2026 6:59:20 下午 spec.jbb.JBBmain DoARun -> 信息:   started user thread for Warehouse 1
2月 15, 2026 6:59:20 下午 spec.jbb.JBBmain DoARun -> 信息:   started user thread for Warehouse 2
2月 15, 2026 6:59:20 下午 spec.jbb.JBBmain DoARun -> 信息:   started user thread for Warehouse 3
2月 15, 2026 6:59:20 下午 spec.jbb.JBBmain DoARun -> 信息:   started user thread for Warehouse 4
2月 15, 2026 6:59:20 下午 spec.jbb.JBBmain DoARun -> 信息:   started user thread for Warehouse 5
2月 15, 2026 6:59:20 下午 spec.jbb.JBBmain DoARun -> 信息:   started user thread for Warehouse 6
2月 15, 2026 6:59:20 下午 spec.jbb.JBBmain DoARun -> 信息:   started user thread for Warehouse 7
2月 15, 2026 6:59:20 下午 spec.jbb.JBBmain DoARun -> 信息:   started user thread for Warehouse 8
2月 15, 2026 6:59:20 下午 spec.jbb.JBBmain DoARun -> 信息:   started user thread for Warehouse 9
2月 15, 2026 6:59:20 下午 spec.jbb.JBBmain DoARun -> 信息:   started user thread for Warehouse 10
2月 15, 2026 6:59:20 下午 spec.jbb.JBBmain DoARun -> 信息:   started user thread for Warehouse 11
2月 15, 2026 6:59:20 下午 spec.jbb.JBBmain DoARun -> 信息:   started user thread for Warehouse 12
2月 15, 2026 6:59:20 下午 spec.jbb.JBBmain DoARun -> 信息:   started user thread for Warehouse 13
2月 15, 2026 6:59:20 下午 spec.jbb.JBBmain DoARun -> 信息:   started user thread for Warehouse 14
2月 15, 2026 6:59:20 下午 spec.jbb.JBBmain DoARun -> 信息:   started user thread for Warehouse 15
2月 15, 2026 6:59:20 下午 spec.jbb.JBBmain DoARun -> 信息:   started user thread for Warehouse 16
2月 15, 2026 6:59:20 下午 spec.jbb.JBBmain DoARun -> 信息:   started user thread for Warehouse 17
2月 15, 2026 6:59:20 下午 spec.jbb.JBBmain DoARun -> 信息:   started user thread for Warehouse 18
2月 15, 2026 6:59:20 下午 spec.jbb.JBBmain DoARun -> 信息:   started user thread for Warehouse 19
2月 15, 2026 6:59:20 下午 spec.jbb.JBBmain DoARun -> 信息:   started user thread for Warehouse 20
2月 15, 2026 6:59:20 下午 spec.jbb.JBBmain DoARun -> 信息:   started user thread for Warehouse 21
2月 15, 2026 6:59:20 下午 spec.jbb.JBBmain DoARun -> 信息:   started user thread for Warehouse 22
2月 15, 2026 6:59:20 下午 spec.jbb.JBBmain DoARun -> 信息:   started user thread for Warehouse 23
2月 15, 2026 6:59:20 下午 spec.jbb.JBBmain DoARun -> 信息:   started user thread for Warehouse 24
2月 15, 2026 6:59:20 下午 spec.jbb.JBBmain DoARun -> 信息:   started user thread for Warehouse 25
2月 15, 2026 6:59:20 下午 spec.jbb.Company displayResultTotals -> 信息: Timing Measurement began Sun Feb 15 18:59:20 CST 2026 for 0.5 minutes
2月 15, 2026 6:59:50 下午 spec.jbb.Company displayResultTotals -> 信息: Timing Measurement ended Sun Feb 15 18:59:50 CST 2026
2月 15, 2026 6:59:50 下午 spec.jbb.Company primeWithDummyData -> 信息: Loading Warehouse 26...
2月 15, 2026 6:59:50 下午 spec.jbb.JBBmain DoARun -> 信息: Start User Threads
2月 15, 2026 6:59:50 下午 spec.jbb.JBBmain DoARun -> 信息:   started user thread for Warehouse 1
2月 15, 2026 6:59:50 下午 spec.jbb.JBBmain DoARun -> 信息:   started user thread for Warehouse 2
2月 15, 2026 6:59:50 下午 spec.jbb.JBBmain DoARun -> 信息:   started user thread for Warehouse 3
2月 15, 2026 6:59:50 下午 spec.jbb.JBBmain DoARun -> 信息:   started user thread for Warehouse 4
2月 15, 2026 6:59:50 下午 spec.jbb.JBBmain DoARun -> 信息:   started user thread for Warehouse 5
2月 15, 2026 6:59:50 下午 spec.jbb.JBBmain DoARun -> 信息:   started user thread for Warehouse 6
2月 15, 2026 6:59:50 下午 spec.jbb.JBBmain DoARun -> 信息:   started user thread for Warehouse 7
2月 15, 2026 6:59:50 下午 spec.jbb.JBBmain DoARun -> 信息:   started user thread for Warehouse 8
2月 15, 2026 6:59:50 下午 spec.jbb.JBBmain DoARun -> 信息:   started user thread for Warehouse 9
2月 15, 2026 6:59:50 下午 spec.jbb.JBBmain DoARun -> 信息:   started user thread for Warehouse 10
2月 15, 2026 6:59:50 下午 spec.jbb.JBBmain DoARun -> 信息:   started user thread for Warehouse 11
2月 15, 2026 6:59:50 下午 spec.jbb.JBBmain DoARun -> 信息:   started user thread for Warehouse 12
2月 15, 2026 6:59:50 下午 spec.jbb.JBBmain DoARun -> 信息:   started user thread for Warehouse 13
2月 15, 2026 6:59:50 下午 spec.jbb.JBBmain DoARun -> 信息:   started user thread for Warehouse 14
2月 15, 2026 6:59:50 下午 spec.jbb.JBBmain DoARun -> 信息:   started user thread for Warehouse 15
2月 15, 2026 6:59:50 下午 spec.jbb.JBBmain DoARun -> 信息:   started user thread for Warehouse 16
2月 15, 2026 6:59:50 下午 spec.jbb.JBBmain DoARun -> 信息:   started user thread for Warehouse 17
2月 15, 2026 6:59:50 下午 spec.jbb.JBBmain DoARun -> 信息:   started user thread for Warehouse 18
2月 15, 2026 6:59:50 下午 spec.jbb.JBBmain DoARun -> 信息:   started user thread for Warehouse 19
2月 15, 2026 6:59:50 下午 spec.jbb.JBBmain DoARun -> 信息:   started user thread for Warehouse 20
2月 15, 2026 6:59:50 下午 spec.jbb.JBBmain DoARun -> 信息:   started user thread for Warehouse 21
2月 15, 2026 6:59:50 下午 spec.jbb.JBBmain DoARun -> 信息:   started user thread for Warehouse 22
2月 15, 2026 6:59:50 下午 spec.jbb.JBBmain DoARun -> 信息:   started user thread for Warehouse 23
2月 15, 2026 6:59:50 下午 spec.jbb.JBBmain DoARun -> 信息:   started user thread for Warehouse 24
2月 15, 2026 6:59:50 下午 spec.jbb.JBBmain DoARun -> 信息:   started user thread for Warehouse 25
2月 15, 2026 6:59:50 下午 spec.jbb.JBBmain DoARun -> 信息:   started user thread for Warehouse 26
2月 15, 2026 6:59:50 下午 spec.jbb.Company displayResultTotals -> 信息: Timing Measurement began Sun Feb 15 18:59:50 CST 2026 for 0.5 minutes
2月 15, 2026 7:00:20 下午 spec.jbb.Company displayResultTotals -> 信息: Timing Measurement ended Sun Feb 15 19:00:20 CST 2026
2月 15, 2026 7:00:20 下午 spec.jbb.Company primeWithDummyData -> 信息: Loading Warehouse 27...
2月 15, 2026 7:00:20 下午 spec.jbb.JBBmain DoARun -> 信息: Start User Threads
2月 15, 2026 7:00:20 下午 spec.jbb.JBBmain DoARun -> 信息:   started user thread for Warehouse 1
2月 15, 2026 7:00:20 下午 spec.jbb.JBBmain DoARun -> 信息:   started user thread for Warehouse 2
2月 15, 2026 7:00:20 下午 spec.jbb.JBBmain DoARun -> 信息:   started user thread for Warehouse 3
2月 15, 2026 7:00:20 下午 spec.jbb.JBBmain DoARun -> 信息:   started user thread for Warehouse 4
2月 15, 2026 7:00:20 下午 spec.jbb.JBBmain DoARun -> 信息:   started user thread for Warehouse 5
2月 15, 2026 7:00:20 下午 spec.jbb.JBBmain DoARun -> 信息:   started user thread for Warehouse 6
2月 15, 2026 7:00:20 下午 spec.jbb.JBBmain DoARun -> 信息:   started user thread for Warehouse 7
2月 15, 2026 7:00:20 下午 spec.jbb.JBBmain DoARun -> 信息:   started user thread for Warehouse 8
2月 15, 2026 7:00:20 下午 spec.jbb.JBBmain DoARun -> 信息:   started user thread for Warehouse 9
2月 15, 2026 7:00:20 下午 spec.jbb.JBBmain DoARun -> 信息:   started user thread for Warehouse 10
2月 15, 2026 7:00:20 下午 spec.jbb.JBBmain DoARun -> 信息:   started user thread for Warehouse 11
2月 15, 2026 7:00:20 下午 spec.jbb.JBBmain DoARun -> 信息:   started user thread for Warehouse 12
2月 15, 2026 7:00:20 下午 spec.jbb.JBBmain DoARun -> 信息:   started user thread for Warehouse 13
2月 15, 2026 7:00:20 下午 spec.jbb.JBBmain DoARun -> 信息:   started user thread for Warehouse 14
2月 15, 2026 7:00:20 下午 spec.jbb.JBBmain DoARun -> 信息:   started user thread for Warehouse 15
2月 15, 2026 7:00:20 下午 spec.jbb.JBBmain DoARun -> 信息:   started user thread for Warehouse 16
2月 15, 2026 7:00:20 下午 spec.jbb.JBBmain DoARun -> 信息:   started user thread for Warehouse 17
2月 15, 2026 7:00:20 下午 spec.jbb.JBBmain DoARun -> 信息:   started user thread for Warehouse 18
2月 15, 2026 7:00:20 下午 spec.jbb.JBBmain DoARun -> 信息:   started user thread for Warehouse 19
2月 15, 2026 7:00:20 下午 spec.jbb.JBBmain DoARun -> 信息:   started user thread for Warehouse 20
2月 15, 2026 7:00:20 下午 spec.jbb.JBBmain DoARun -> 信息:   started user thread for Warehouse 21
2月 15, 2026 7:00:20 下午 spec.jbb.JBBmain DoARun -> 信息:   started user thread for Warehouse 22
2月 15, 2026 7:00:20 下午 spec.jbb.JBBmain DoARun -> 信息:   started user thread for Warehouse 23
2月 15, 2026 7:00:20 下午 spec.jbb.JBBmain DoARun -> 信息:   started user thread for Warehouse 24
2月 15, 2026 7:00:20 下午 spec.jbb.JBBmain DoARun -> 信息:   started user thread for Warehouse 25
2月 15, 2026 7:00:20 下午 spec.jbb.JBBmain DoARun -> 信息:   started user thread for Warehouse 26
2月 15, 2026 7:00:20 下午 spec.jbb.JBBmain DoARun -> 信息:   started user thread for Warehouse 27
2月 15, 2026 7:00:20 下午 spec.jbb.Company displayResultTotals -> 信息: Timing Measurement began Sun Feb 15 19:00:20 CST 2026 for 0.5 minutes
2月 15, 2026 7:00:50 下午 spec.jbb.Company displayResultTotals -> 信息: Timing Measurement ended Sun Feb 15 19:00:50 CST 2026
2月 15, 2026 7:00:50 下午 spec.jbb.Company primeWithDummyData -> 信息: Loading Warehouse 28...
2月 15, 2026 7:00:50 下午 spec.jbb.JBBmain DoARun -> 信息: Start User Threads
2月 15, 2026 7:00:50 下午 spec.jbb.JBBmain DoARun -> 信息:   started user thread for Warehouse 1
2月 15, 2026 7:00:50 下午 spec.jbb.JBBmain DoARun -> 信息:   started user thread for Warehouse 2
2月 15, 2026 7:00:50 下午 spec.jbb.JBBmain DoARun -> 信息:   started user thread for Warehouse 3
2月 15, 2026 7:00:50 下午 spec.jbb.JBBmain DoARun -> 信息:   started user thread for Warehouse 4
2月 15, 2026 7:00:50 下午 spec.jbb.JBBmain DoARun -> 信息:   started user thread for Warehouse 5
2月 15, 2026 7:00:50 下午 spec.jbb.JBBmain DoARun -> 信息:   started user thread for Warehouse 6
2月 15, 2026 7:00:50 下午 spec.jbb.JBBmain DoARun -> 信息:   started user thread for Warehouse 7
2月 15, 2026 7:00:50 下午 spec.jbb.JBBmain DoARun -> 信息:   started user thread for Warehouse 8
2月 15, 2026 7:00:50 下午 spec.jbb.JBBmain DoARun -> 信息:   started user thread for Warehouse 9
2月 15, 2026 7:00:50 下午 spec.jbb.JBBmain DoARun -> 信息:   started user thread for Warehouse 10
2月 15, 2026 7:00:50 下午 spec.jbb.JBBmain DoARun -> 信息:   started user thread for Warehouse 11
2月 15, 2026 7:00:50 下午 spec.jbb.JBBmain DoARun -> 信息:   started user thread for Warehouse 12
2月 15, 2026 7:00:50 下午 spec.jbb.JBBmain DoARun -> 信息:   started user thread for Warehouse 13
2月 15, 2026 7:00:50 下午 spec.jbb.JBBmain DoARun -> 信息:   started user thread for Warehouse 14
2月 15, 2026 7:00:50 下午 spec.jbb.JBBmain DoARun -> 信息:   started user thread for Warehouse 15
2月 15, 2026 7:00:50 下午 spec.jbb.JBBmain DoARun -> 信息:   started user thread for Warehouse 16
2月 15, 2026 7:00:50 下午 spec.jbb.JBBmain DoARun -> 信息:   started user thread for Warehouse 17
2月 15, 2026 7:00:50 下午 spec.jbb.JBBmain DoARun -> 信息:   started user thread for Warehouse 18
2月 15, 2026 7:00:50 下午 spec.jbb.JBBmain DoARun -> 信息:   started user thread for Warehouse 19
2月 15, 2026 7:00:50 下午 spec.jbb.JBBmain DoARun -> 信息:   started user thread for Warehouse 20
2月 15, 2026 7:00:50 下午 spec.jbb.JBBmain DoARun -> 信息:   started user thread for Warehouse 21
2月 15, 2026 7:00:50 下午 spec.jbb.JBBmain DoARun -> 信息:   started user thread for Warehouse 22
2月 15, 2026 7:00:50 下午 spec.jbb.JBBmain DoARun -> 信息:   started user thread for Warehouse 23
2月 15, 2026 7:00:50 下午 spec.jbb.JBBmain DoARun -> 信息:   started user thread for Warehouse 24
2月 15, 2026 7:00:50 下午 spec.jbb.JBBmain DoARun -> 信息:   started user thread for Warehouse 25
2月 15, 2026 7:00:50 下午 spec.jbb.JBBmain DoARun -> 信息:   started user thread for Warehouse 26
2月 15, 2026 7:00:50 下午 spec.jbb.JBBmain DoARun -> 信息:   started user thread for Warehouse 27
2月 15, 2026 7:00:50 下午 spec.jbb.JBBmain DoARun -> 信息:   started user thread for Warehouse 28
2月 15, 2026 7:00:50 下午 spec.jbb.Company displayResultTotals -> 信息: Timing Measurement began Sun Feb 15 19:00:50 CST 2026 for 0.5 minutes
2月 15, 2026 7:01:20 下午 spec.jbb.Company displayResultTotals -> 信息: Timing Measurement ended Sun Feb 15 19:01:20 CST 2026
2月 15, 2026 7:01:20 下午 spec.jbb.Company primeWithDummyData -> 信息: Loading Warehouse 29...
2月 15, 2026 7:01:21 下午 spec.jbb.JBBmain DoARun -> 信息: Start User Threads
2月 15, 2026 7:01:21 下午 spec.jbb.JBBmain DoARun -> 信息:   started user thread for Warehouse 1
2月 15, 2026 7:01:21 下午 spec.jbb.JBBmain DoARun -> 信息:   started user thread for Warehouse 2
2月 15, 2026 7:01:21 下午 spec.jbb.JBBmain DoARun -> 信息:   started user thread for Warehouse 3
2月 15, 2026 7:01:21 下午 spec.jbb.JBBmain DoARun -> 信息:   started user thread for Warehouse 4
2月 15, 2026 7:01:21 下午 spec.jbb.JBBmain DoARun -> 信息:   started user thread for Warehouse 5
2月 15, 2026 7:01:21 下午 spec.jbb.JBBmain DoARun -> 信息:   started user thread for Warehouse 6
2月 15, 2026 7:01:21 下午 spec.jbb.JBBmain DoARun -> 信息:   started user thread for Warehouse 7
2月 15, 2026 7:01:21 下午 spec.jbb.JBBmain DoARun -> 信息:   started user thread for Warehouse 8
2月 15, 2026 7:01:21 下午 spec.jbb.JBBmain DoARun -> 信息:   started user thread for Warehouse 9
2月 15, 2026 7:01:21 下午 spec.jbb.JBBmain DoARun -> 信息:   started user thread for Warehouse 10
2月 15, 2026 7:01:21 下午 spec.jbb.JBBmain DoARun -> 信息:   started user thread for Warehouse 11
2月 15, 2026 7:01:21 下午 spec.jbb.JBBmain DoARun -> 信息:   started user thread for Warehouse 12
2月 15, 2026 7:01:21 下午 spec.jbb.JBBmain DoARun -> 信息:   started user thread for Warehouse 13
2月 15, 2026 7:01:21 下午 spec.jbb.JBBmain DoARun -> 信息:   started user thread for Warehouse 14
2月 15, 2026 7:01:21 下午 spec.jbb.JBBmain DoARun -> 信息:   started user thread for Warehouse 15
2月 15, 2026 7:01:21 下午 spec.jbb.JBBmain DoARun -> 信息:   started user thread for Warehouse 16
2月 15, 2026 7:01:21 下午 spec.jbb.JBBmain DoARun -> 信息:   started user thread for Warehouse 17
2月 15, 2026 7:01:21 下午 spec.jbb.JBBmain DoARun -> 信息:   started user thread for Warehouse 18
2月 15, 2026 7:01:21 下午 spec.jbb.JBBmain DoARun -> 信息:   started user thread for Warehouse 19
2月 15, 2026 7:01:21 下午 spec.jbb.JBBmain DoARun -> 信息:   started user thread for Warehouse 20
2月 15, 2026 7:01:21 下午 spec.jbb.JBBmain DoARun -> 信息:   started user thread for Warehouse 21
2月 15, 2026 7:01:21 下午 spec.jbb.JBBmain DoARun -> 信息:   started user thread for Warehouse 22
2月 15, 2026 7:01:21 下午 spec.jbb.JBBmain DoARun -> 信息:   started user thread for Warehouse 23
2月 15, 2026 7:01:21 下午 spec.jbb.JBBmain DoARun -> 信息:   started user thread for Warehouse 24
2月 15, 2026 7:01:21 下午 spec.jbb.JBBmain DoARun -> 信息:   started user thread for Warehouse 25
2月 15, 2026 7:01:21 下午 spec.jbb.JBBmain DoARun -> 信息:   started user thread for Warehouse 26
2月 15, 2026 7:01:21 下午 spec.jbb.JBBmain DoARun -> 信息:   started user thread for Warehouse 27
2月 15, 2026 7:01:21 下午 spec.jbb.JBBmain DoARun -> 信息:   started user thread for Warehouse 28
2月 15, 2026 7:01:21 下午 spec.jbb.JBBmain DoARun -> 信息:   started user thread for Warehouse 29
2月 15, 2026 7:01:21 下午 spec.jbb.Company displayResultTotals -> 信息: Timing Measurement began Sun Feb 15 19:01:21 CST 2026 for 0.5 minutes
2月 15, 2026 7:01:51 下午 spec.jbb.Company displayResultTotals -> 信息: Timing Measurement ended Sun Feb 15 19:01:51 CST 2026
2月 15, 2026 7:01:51 下午 spec.jbb.Company primeWithDummyData -> 信息: Loading Warehouse 30...
2月 15, 2026 7:01:51 下午 spec.jbb.JBBmain DoARun -> 信息: Start User Threads
2月 15, 2026 7:01:51 下午 spec.jbb.JBBmain DoARun -> 信息:   started user thread for Warehouse 1
2月 15, 2026 7:01:51 下午 spec.jbb.JBBmain DoARun -> 信息:   started user thread for Warehouse 2
2月 15, 2026 7:01:51 下午 spec.jbb.JBBmain DoARun -> 信息:   started user thread for Warehouse 3
2月 15, 2026 7:01:51 下午 spec.jbb.JBBmain DoARun -> 信息:   started user thread for Warehouse 4
2月 15, 2026 7:01:51 下午 spec.jbb.JBBmain DoARun -> 信息:   started user thread for Warehouse 5
2月 15, 2026 7:01:51 下午 spec.jbb.JBBmain DoARun -> 信息:   started user thread for Warehouse 6
2月 15, 2026 7:01:51 下午 spec.jbb.JBBmain DoARun -> 信息:   started user thread for Warehouse 7
2月 15, 2026 7:01:51 下午 spec.jbb.JBBmain DoARun -> 信息:   started user thread for Warehouse 8
2月 15, 2026 7:01:51 下午 spec.jbb.JBBmain DoARun -> 信息:   started user thread for Warehouse 9
2月 15, 2026 7:01:51 下午 spec.jbb.JBBmain DoARun -> 信息:   started user thread for Warehouse 10
2月 15, 2026 7:01:51 下午 spec.jbb.JBBmain DoARun -> 信息:   started user thread for Warehouse 11
2月 15, 2026 7:01:51 下午 spec.jbb.JBBmain DoARun -> 信息:   started user thread for Warehouse 12
2月 15, 2026 7:01:51 下午 spec.jbb.JBBmain DoARun -> 信息:   started user thread for Warehouse 13
2月 15, 2026 7:01:51 下午 spec.jbb.JBBmain DoARun -> 信息:   started user thread for Warehouse 14
2月 15, 2026 7:01:51 下午 spec.jbb.JBBmain DoARun -> 信息:   started user thread for Warehouse 15
2月 15, 2026 7:01:51 下午 spec.jbb.JBBmain DoARun -> 信息:   started user thread for Warehouse 16
2月 15, 2026 7:01:51 下午 spec.jbb.JBBmain DoARun -> 信息:   started user thread for Warehouse 17
2月 15, 2026 7:01:51 下午 spec.jbb.JBBmain DoARun -> 信息:   started user thread for Warehouse 18
2月 15, 2026 7:01:51 下午 spec.jbb.JBBmain DoARun -> 信息:   started user thread for Warehouse 19
2月 15, 2026 7:01:51 下午 spec.jbb.JBBmain DoARun -> 信息:   started user thread for Warehouse 20
2月 15, 2026 7:01:51 下午 spec.jbb.JBBmain DoARun -> 信息:   started user thread for Warehouse 21
2月 15, 2026 7:01:51 下午 spec.jbb.JBBmain DoARun -> 信息:   started user thread for Warehouse 22
2月 15, 2026 7:01:51 下午 spec.jbb.JBBmain DoARun -> 信息:   started user thread for Warehouse 23
2月 15, 2026 7:01:51 下午 spec.jbb.JBBmain DoARun -> 信息:   started user thread for Warehouse 24
2月 15, 2026 7:01:51 下午 spec.jbb.JBBmain DoARun -> 信息:   started user thread for Warehouse 25
2月 15, 2026 7:01:51 下午 spec.jbb.JBBmain DoARun -> 信息:   started user thread for Warehouse 26
2月 15, 2026 7:01:51 下午 spec.jbb.JBBmain DoARun -> 信息:   started user thread for Warehouse 27
2月 15, 2026 7:01:51 下午 spec.jbb.JBBmain DoARun -> 信息:   started user thread for Warehouse 28
2月 15, 2026 7:01:51 下午 spec.jbb.JBBmain DoARun -> 信息:   started user thread for Warehouse 29
2月 15, 2026 7:01:51 下午 spec.jbb.JBBmain DoARun -> 信息:   started user thread for Warehouse 30
2月 15, 2026 7:01:51 下午 spec.jbb.Company displayResultTotals -> 信息: Timing Measurement began Sun Feb 15 19:01:51 CST 2026 for 0.5 minutes
2月 15, 2026 7:02:21 下午 spec.jbb.Company displayResultTotals -> 信息: Timing Measurement ended Sun Feb 15 19:02:21 CST 2026
2月 15, 2026 7:02:21 下午 spec.jbb.Company primeWithDummyData -> 信息: Loading Warehouse 31...
2月 15, 2026 7:02:21 下午 spec.jbb.JBBmain DoARun -> 信息: Start User Threads
2月 15, 2026 7:02:21 下午 spec.jbb.JBBmain DoARun -> 信息:   started user thread for Warehouse 1
2月 15, 2026 7:02:21 下午 spec.jbb.JBBmain DoARun -> 信息:   started user thread for Warehouse 2
2月 15, 2026 7:02:21 下午 spec.jbb.JBBmain DoARun -> 信息:   started user thread for Warehouse 3
2月 15, 2026 7:02:21 下午 spec.jbb.JBBmain DoARun -> 信息:   started user thread for Warehouse 4
2月 15, 2026 7:02:21 下午 spec.jbb.JBBmain DoARun -> 信息:   started user thread for Warehouse 5
2月 15, 2026 7:02:21 下午 spec.jbb.JBBmain DoARun -> 信息:   started user thread for Warehouse 6
2月 15, 2026 7:02:21 下午 spec.jbb.JBBmain DoARun -> 信息:   started user thread for Warehouse 7
2月 15, 2026 7:02:21 下午 spec.jbb.JBBmain DoARun -> 信息:   started user thread for Warehouse 8
2月 15, 2026 7:02:21 下午 spec.jbb.JBBmain DoARun -> 信息:   started user thread for Warehouse 9
2月 15, 2026 7:02:21 下午 spec.jbb.JBBmain DoARun -> 信息:   started user thread for Warehouse 10
2月 15, 2026 7:02:21 下午 spec.jbb.JBBmain DoARun -> 信息:   started user thread for Warehouse 11
2月 15, 2026 7:02:21 下午 spec.jbb.JBBmain DoARun -> 信息:   started user thread for Warehouse 12
2月 15, 2026 7:02:21 下午 spec.jbb.JBBmain DoARun -> 信息:   started user thread for Warehouse 13
2月 15, 2026 7:02:21 下午 spec.jbb.JBBmain DoARun -> 信息:   started user thread for Warehouse 14
2月 15, 2026 7:02:21 下午 spec.jbb.JBBmain DoARun -> 信息:   started user thread for Warehouse 15
2月 15, 2026 7:02:21 下午 spec.jbb.JBBmain DoARun -> 信息:   started user thread for Warehouse 16
2月 15, 2026 7:02:21 下午 spec.jbb.JBBmain DoARun -> 信息:   started user thread for Warehouse 17
2月 15, 2026 7:02:21 下午 spec.jbb.JBBmain DoARun -> 信息:   started user thread for Warehouse 18
2月 15, 2026 7:02:21 下午 spec.jbb.JBBmain DoARun -> 信息:   started user thread for Warehouse 19
2月 15, 2026 7:02:21 下午 spec.jbb.JBBmain DoARun -> 信息:   started user thread for Warehouse 20
2月 15, 2026 7:02:21 下午 spec.jbb.JBBmain DoARun -> 信息:   started user thread for Warehouse 21
2月 15, 2026 7:02:21 下午 spec.jbb.JBBmain DoARun -> 信息:   started user thread for Warehouse 22
2月 15, 2026 7:02:21 下午 spec.jbb.JBBmain DoARun -> 信息:   started user thread for Warehouse 23
2月 15, 2026 7:02:21 下午 spec.jbb.JBBmain DoARun -> 信息:   started user thread for Warehouse 24
2月 15, 2026 7:02:21 下午 spec.jbb.JBBmain DoARun -> 信息:   started user thread for Warehouse 25
2月 15, 2026 7:02:21 下午 spec.jbb.JBBmain DoARun -> 信息:   started user thread for Warehouse 26
2月 15, 2026 7:02:21 下午 spec.jbb.JBBmain DoARun -> 信息:   started user thread for Warehouse 27
2月 15, 2026 7:02:21 下午 spec.jbb.JBBmain DoARun -> 信息:   started user thread for Warehouse 28
2月 15, 2026 7:02:21 下午 spec.jbb.JBBmain DoARun -> 信息:   started user thread for Warehouse 29
2月 15, 2026 7:02:21 下午 spec.jbb.JBBmain DoARun -> 信息:   started user thread for Warehouse 30
2月 15, 2026 7:02:21 下午 spec.jbb.JBBmain DoARun -> 信息:   started user thread for Warehouse 31
2月 15, 2026 7:02:21 下午 spec.jbb.Company displayResultTotals -> 信息: Timing Measurement began Sun Feb 15 19:02:21 CST 2026 for 0.5 minutes
2月 15, 2026 7:02:51 下午 spec.jbb.Company displayResultTotals -> 信息: Timing Measurement ended Sun Feb 15 19:02:51 CST 2026
2月 15, 2026 7:02:51 下午 spec.jbb.Company primeWithDummyData -> 信息: Loading Warehouse 32...
2月 15, 2026 7:02:51 下午 spec.jbb.JBBmain DoARun -> 信息: Start User Threads
2月 15, 2026 7:02:51 下午 spec.jbb.JBBmain DoARun -> 信息:   started user thread for Warehouse 1
2月 15, 2026 7:02:51 下午 spec.jbb.JBBmain DoARun -> 信息:   started user thread for Warehouse 2
2月 15, 2026 7:02:51 下午 spec.jbb.JBBmain DoARun -> 信息:   started user thread for Warehouse 3
2月 15, 2026 7:02:51 下午 spec.jbb.JBBmain DoARun -> 信息:   started user thread for Warehouse 4
2月 15, 2026 7:02:51 下午 spec.jbb.JBBmain DoARun -> 信息:   started user thread for Warehouse 5
2月 15, 2026 7:02:51 下午 spec.jbb.JBBmain DoARun -> 信息:   started user thread for Warehouse 6
2月 15, 2026 7:02:51 下午 spec.jbb.JBBmain DoARun -> 信息:   started user thread for Warehouse 7
2月 15, 2026 7:02:51 下午 spec.jbb.JBBmain DoARun -> 信息:   started user thread for Warehouse 8
2月 15, 2026 7:02:51 下午 spec.jbb.JBBmain DoARun -> 信息:   started user thread for Warehouse 9
2月 15, 2026 7:02:51 下午 spec.jbb.JBBmain DoARun -> 信息:   started user thread for Warehouse 10
2月 15, 2026 7:02:51 下午 spec.jbb.JBBmain DoARun -> 信息:   started user thread for Warehouse 11
2月 15, 2026 7:02:51 下午 spec.jbb.JBBmain DoARun -> 信息:   started user thread for Warehouse 12
2月 15, 2026 7:02:51 下午 spec.jbb.JBBmain DoARun -> 信息:   started user thread for Warehouse 13
2月 15, 2026 7:02:51 下午 spec.jbb.JBBmain DoARun -> 信息:   started user thread for Warehouse 14
2月 15, 2026 7:02:51 下午 spec.jbb.JBBmain DoARun -> 信息:   started user thread for Warehouse 15
2月 15, 2026 7:02:51 下午 spec.jbb.JBBmain DoARun -> 信息:   started user thread for Warehouse 16
2月 15, 2026 7:02:51 下午 spec.jbb.JBBmain DoARun -> 信息:   started user thread for Warehouse 17
2月 15, 2026 7:02:51 下午 spec.jbb.JBBmain DoARun -> 信息:   started user thread for Warehouse 18
2月 15, 2026 7:02:51 下午 spec.jbb.JBBmain DoARun -> 信息:   started user thread for Warehouse 19
2月 15, 2026 7:02:51 下午 spec.jbb.JBBmain DoARun -> 信息:   started user thread for Warehouse 20
2月 15, 2026 7:02:51 下午 spec.jbb.JBBmain DoARun -> 信息:   started user thread for Warehouse 21
2月 15, 2026 7:02:51 下午 spec.jbb.JBBmain DoARun -> 信息:   started user thread for Warehouse 22
2月 15, 2026 7:02:51 下午 spec.jbb.JBBmain DoARun -> 信息:   started user thread for Warehouse 23
2月 15, 2026 7:02:51 下午 spec.jbb.JBBmain DoARun -> 信息:   started user thread for Warehouse 24
2月 15, 2026 7:02:51 下午 spec.jbb.JBBmain DoARun -> 信息:   started user thread for Warehouse 25
2月 15, 2026 7:02:51 下午 spec.jbb.JBBmain DoARun -> 信息:   started user thread for Warehouse 26
2月 15, 2026 7:02:51 下午 spec.jbb.JBBmain DoARun -> 信息:   started user thread for Warehouse 27
2月 15, 2026 7:02:51 下午 spec.jbb.JBBmain DoARun -> 信息:   started user thread for Warehouse 28
2月 15, 2026 7:02:51 下午 spec.jbb.JBBmain DoARun -> 信息:   started user thread for Warehouse 29
2月 15, 2026 7:02:51 下午 spec.jbb.JBBmain DoARun -> 信息:   started user thread for Warehouse 30
2月 15, 2026 7:02:51 下午 spec.jbb.JBBmain DoARun -> 信息:   started user thread for Warehouse 31
2月 15, 2026 7:02:51 下午 spec.jbb.JBBmain DoARun -> 信息:   started user thread for Warehouse 32
2月 15, 2026 7:02:51 下午 spec.jbb.Company displayResultTotals -> 信息: Timing Measurement began Sun Feb 15 19:02:51 CST 2026 for 0.5 minutes
2月 15, 2026 7:03:21 下午 spec.jbb.Company displayResultTotals -> 信息: Timing Measurement ended Sun Feb 15 19:03:21 CST 2026
2月 15, 2026 7:03:21 下午 spec.jbb.Company primeWithDummyData -> 信息: Loading Warehouse 33...
2月 15, 2026 7:03:21 下午 spec.jbb.JBBmain DoARun -> 信息: Start User Threads
2月 15, 2026 7:03:21 下午 spec.jbb.JBBmain DoARun -> 信息:   started user thread for Warehouse 1
2月 15, 2026 7:03:21 下午 spec.jbb.JBBmain DoARun -> 信息:   started user thread for Warehouse 2
2月 15, 2026 7:03:21 下午 spec.jbb.JBBmain DoARun -> 信息:   started user thread for Warehouse 3
2月 15, 2026 7:03:21 下午 spec.jbb.JBBmain DoARun -> 信息:   started user thread for Warehouse 4
2月 15, 2026 7:03:21 下午 spec.jbb.JBBmain DoARun -> 信息:   started user thread for Warehouse 5
2月 15, 2026 7:03:21 下午 spec.jbb.JBBmain DoARun -> 信息:   started user thread for Warehouse 6
2月 15, 2026 7:03:21 下午 spec.jbb.JBBmain DoARun -> 信息:   started user thread for Warehouse 7
2月 15, 2026 7:03:21 下午 spec.jbb.JBBmain DoARun -> 信息:   started user thread for Warehouse 8
2月 15, 2026 7:03:21 下午 spec.jbb.JBBmain DoARun -> 信息:   started user thread for Warehouse 9
2月 15, 2026 7:03:21 下午 spec.jbb.JBBmain DoARun -> 信息:   started user thread for Warehouse 10
2月 15, 2026 7:03:21 下午 spec.jbb.JBBmain DoARun -> 信息:   started user thread for Warehouse 11
2月 15, 2026 7:03:21 下午 spec.jbb.JBBmain DoARun -> 信息:   started user thread for Warehouse 12
2月 15, 2026 7:03:21 下午 spec.jbb.JBBmain DoARun -> 信息:   started user thread for Warehouse 13
2月 15, 2026 7:03:21 下午 spec.jbb.JBBmain DoARun -> 信息:   started user thread for Warehouse 14
2月 15, 2026 7:03:21 下午 spec.jbb.JBBmain DoARun -> 信息:   started user thread for Warehouse 15
2月 15, 2026 7:03:21 下午 spec.jbb.JBBmain DoARun -> 信息:   started user thread for Warehouse 16
2月 15, 2026 7:03:21 下午 spec.jbb.JBBmain DoARun -> 信息:   started user thread for Warehouse 17
2月 15, 2026 7:03:21 下午 spec.jbb.JBBmain DoARun -> 信息:   started user thread for Warehouse 18
2月 15, 2026 7:03:21 下午 spec.jbb.JBBmain DoARun -> 信息:   started user thread for Warehouse 19
2月 15, 2026 7:03:21 下午 spec.jbb.JBBmain DoARun -> 信息:   started user thread for Warehouse 20
2月 15, 2026 7:03:21 下午 spec.jbb.JBBmain DoARun -> 信息:   started user thread for Warehouse 21
2月 15, 2026 7:03:21 下午 spec.jbb.JBBmain DoARun -> 信息:   started user thread for Warehouse 22
2月 15, 2026 7:03:21 下午 spec.jbb.JBBmain DoARun -> 信息:   started user thread for Warehouse 23
2月 15, 2026 7:03:21 下午 spec.jbb.JBBmain DoARun -> 信息:   started user thread for Warehouse 24
2月 15, 2026 7:03:21 下午 spec.jbb.JBBmain DoARun -> 信息:   started user thread for Warehouse 25
2月 15, 2026 7:03:21 下午 spec.jbb.JBBmain DoARun -> 信息:   started user thread for Warehouse 26
2月 15, 2026 7:03:21 下午 spec.jbb.JBBmain DoARun -> 信息:   started user thread for Warehouse 27
2月 15, 2026 7:03:21 下午 spec.jbb.JBBmain DoARun -> 信息:   started user thread for Warehouse 28
2月 15, 2026 7:03:21 下午 spec.jbb.JBBmain DoARun -> 信息:   started user thread for Warehouse 29
2月 15, 2026 7:03:21 下午 spec.jbb.JBBmain DoARun -> 信息:   started user thread for Warehouse 30
2月 15, 2026 7:03:21 下午 spec.jbb.JBBmain DoARun -> 信息:   started user thread for Warehouse 31
2月 15, 2026 7:03:21 下午 spec.jbb.JBBmain DoARun -> 信息:   started user thread for Warehouse 32
2月 15, 2026 7:03:21 下午 spec.jbb.JBBmain DoARun -> 信息:   started user thread for Warehouse 33
2月 15, 2026 7:03:21 下午 spec.jbb.Company displayResultTotals -> 信息: Timing Measurement began Sun Feb 15 19:03:21 CST 2026 for 0.5 minutes
2月 15, 2026 7:03:51 下午 spec.jbb.Company displayResultTotals -> 信息: Timing Measurement ended Sun Feb 15 19:03:51 CST 2026
2月 15, 2026 7:03:51 下午 spec.jbb.Company primeWithDummyData -> 信息: Loading Warehouse 34...
2月 15, 2026 7:03:51 下午 spec.jbb.JBBmain DoARun -> 信息: Start User Threads
2月 15, 2026 7:03:51 下午 spec.jbb.JBBmain DoARun -> 信息:   started user thread for Warehouse 1
2月 15, 2026 7:03:51 下午 spec.jbb.JBBmain DoARun -> 信息:   started user thread for Warehouse 2
2月 15, 2026 7:03:51 下午 spec.jbb.JBBmain DoARun -> 信息:   started user thread for Warehouse 3
2月 15, 2026 7:03:51 下午 spec.jbb.JBBmain DoARun -> 信息:   started user thread for Warehouse 4
2月 15, 2026 7:03:51 下午 spec.jbb.JBBmain DoARun -> 信息:   started user thread for Warehouse 5
2月 15, 2026 7:03:51 下午 spec.jbb.JBBmain DoARun -> 信息:   started user thread for Warehouse 6
2月 15, 2026 7:03:51 下午 spec.jbb.JBBmain DoARun -> 信息:   started user thread for Warehouse 7
2月 15, 2026 7:03:51 下午 spec.jbb.JBBmain DoARun -> 信息:   started user thread for Warehouse 8
2月 15, 2026 7:03:51 下午 spec.jbb.JBBmain DoARun -> 信息:   started user thread for Warehouse 9
2月 15, 2026 7:03:51 下午 spec.jbb.JBBmain DoARun -> 信息:   started user thread for Warehouse 10
2月 15, 2026 7:03:51 下午 spec.jbb.JBBmain DoARun -> 信息:   started user thread for Warehouse 11
2月 15, 2026 7:03:51 下午 spec.jbb.JBBmain DoARun -> 信息:   started user thread for Warehouse 12
2月 15, 2026 7:03:51 下午 spec.jbb.JBBmain DoARun -> 信息:   started user thread for Warehouse 13
2月 15, 2026 7:03:51 下午 spec.jbb.JBBmain DoARun -> 信息:   started user thread for Warehouse 14
2月 15, 2026 7:03:51 下午 spec.jbb.JBBmain DoARun -> 信息:   started user thread for Warehouse 15
2月 15, 2026 7:03:51 下午 spec.jbb.JBBmain DoARun -> 信息:   started user thread for Warehouse 16
2月 15, 2026 7:03:51 下午 spec.jbb.JBBmain DoARun -> 信息:   started user thread for Warehouse 17
2月 15, 2026 7:03:51 下午 spec.jbb.JBBmain DoARun -> 信息:   started user thread for Warehouse 18
2月 15, 2026 7:03:51 下午 spec.jbb.JBBmain DoARun -> 信息:   started user thread for Warehouse 19
2月 15, 2026 7:03:51 下午 spec.jbb.JBBmain DoARun -> 信息:   started user thread for Warehouse 20
2月 15, 2026 7:03:51 下午 spec.jbb.JBBmain DoARun -> 信息:   started user thread for Warehouse 21
2月 15, 2026 7:03:51 下午 spec.jbb.JBBmain DoARun -> 信息:   started user thread for Warehouse 22
2月 15, 2026 7:03:51 下午 spec.jbb.JBBmain DoARun -> 信息:   started user thread for Warehouse 23
2月 15, 2026 7:03:51 下午 spec.jbb.JBBmain DoARun -> 信息:   started user thread for Warehouse 24
2月 15, 2026 7:03:51 下午 spec.jbb.JBBmain DoARun -> 信息:   started user thread for Warehouse 25
2月 15, 2026 7:03:51 下午 spec.jbb.JBBmain DoARun -> 信息:   started user thread for Warehouse 26
2月 15, 2026 7:03:51 下午 spec.jbb.JBBmain DoARun -> 信息:   started user thread for Warehouse 27
2月 15, 2026 7:03:51 下午 spec.jbb.JBBmain DoARun -> 信息:   started user thread for Warehouse 28
2月 15, 2026 7:03:51 下午 spec.jbb.JBBmain DoARun -> 信息:   started user thread for Warehouse 29
2月 15, 2026 7:03:51 下午 spec.jbb.JBBmain DoARun -> 信息:   started user thread for Warehouse 30
2月 15, 2026 7:03:51 下午 spec.jbb.JBBmain DoARun -> 信息:   started user thread for Warehouse 31
2月 15, 2026 7:03:51 下午 spec.jbb.JBBmain DoARun -> 信息:   started user thread for Warehouse 32
2月 15, 2026 7:03:51 下午 spec.jbb.JBBmain DoARun -> 信息:   started user thread for Warehouse 33
2月 15, 2026 7:03:51 下午 spec.jbb.JBBmain DoARun -> 信息:   started user thread for Warehouse 34
2月 15, 2026 7:03:51 下午 spec.jbb.Company displayResultTotals -> 信息: Timing Measurement began Sun Feb 15 19:03:51 CST 2026 for 0.5 minutes
2月 15, 2026 7:04:21 下午 spec.jbb.Company displayResultTotals -> 信息: Timing Measurement ended Sun Feb 15 19:04:21 CST 2026
2月 15, 2026 7:04:21 下午 spec.jbb.Company primeWithDummyData -> 信息: Loading Warehouse 35...
2月 15, 2026 7:04:22 下午 spec.jbb.JBBmain DoARun -> 信息: Start User Threads
2月 15, 2026 7:04:22 下午 spec.jbb.JBBmain DoARun -> 信息:   started user thread for Warehouse 1
2月 15, 2026 7:04:22 下午 spec.jbb.JBBmain DoARun -> 信息:   started user thread for Warehouse 2
2月 15, 2026 7:04:22 下午 spec.jbb.JBBmain DoARun -> 信息:   started user thread for Warehouse 3
2月 15, 2026 7:04:22 下午 spec.jbb.JBBmain DoARun -> 信息:   started user thread for Warehouse 4
2月 15, 2026 7:04:22 下午 spec.jbb.JBBmain DoARun -> 信息:   started user thread for Warehouse 5
2月 15, 2026 7:04:22 下午 spec.jbb.JBBmain DoARun -> 信息:   started user thread for Warehouse 6
2月 15, 2026 7:04:22 下午 spec.jbb.JBBmain DoARun -> 信息:   started user thread for Warehouse 7
2月 15, 2026 7:04:22 下午 spec.jbb.JBBmain DoARun -> 信息:   started user thread for Warehouse 8
2月 15, 2026 7:04:22 下午 spec.jbb.JBBmain DoARun -> 信息:   started user thread for Warehouse 9
2月 15, 2026 7:04:22 下午 spec.jbb.JBBmain DoARun -> 信息:   started user thread for Warehouse 10
2月 15, 2026 7:04:22 下午 spec.jbb.JBBmain DoARun -> 信息:   started user thread for Warehouse 11
2月 15, 2026 7:04:22 下午 spec.jbb.JBBmain DoARun -> 信息:   started user thread for Warehouse 12
2月 15, 2026 7:04:22 下午 spec.jbb.JBBmain DoARun -> 信息:   started user thread for Warehouse 13
2月 15, 2026 7:04:22 下午 spec.jbb.JBBmain DoARun -> 信息:   started user thread for Warehouse 14
2月 15, 2026 7:04:22 下午 spec.jbb.JBBmain DoARun -> 信息:   started user thread for Warehouse 15
2月 15, 2026 7:04:22 下午 spec.jbb.JBBmain DoARun -> 信息:   started user thread for Warehouse 16
2月 15, 2026 7:04:22 下午 spec.jbb.JBBmain DoARun -> 信息:   started user thread for Warehouse 17
2月 15, 2026 7:04:22 下午 spec.jbb.JBBmain DoARun -> 信息:   started user thread for Warehouse 18
2月 15, 2026 7:04:22 下午 spec.jbb.JBBmain DoARun -> 信息:   started user thread for Warehouse 19
2月 15, 2026 7:04:22 下午 spec.jbb.JBBmain DoARun -> 信息:   started user thread for Warehouse 20
2月 15, 2026 7:04:22 下午 spec.jbb.JBBmain DoARun -> 信息:   started user thread for Warehouse 21
2月 15, 2026 7:04:22 下午 spec.jbb.JBBmain DoARun -> 信息:   started user thread for Warehouse 22
2月 15, 2026 7:04:22 下午 spec.jbb.JBBmain DoARun -> 信息:   started user thread for Warehouse 23
2月 15, 2026 7:04:22 下午 spec.jbb.JBBmain DoARun -> 信息:   started user thread for Warehouse 24
2月 15, 2026 7:04:22 下午 spec.jbb.JBBmain DoARun -> 信息:   started user thread for Warehouse 25
2月 15, 2026 7:04:22 下午 spec.jbb.JBBmain DoARun -> 信息:   started user thread for Warehouse 26
2月 15, 2026 7:04:22 下午 spec.jbb.JBBmain DoARun -> 信息:   started user thread for Warehouse 27
2月 15, 2026 7:04:22 下午 spec.jbb.JBBmain DoARun -> 信息:   started user thread for Warehouse 28
2月 15, 2026 7:04:22 下午 spec.jbb.JBBmain DoARun -> 信息:   started user thread for Warehouse 29
2月 15, 2026 7:04:22 下午 spec.jbb.JBBmain DoARun -> 信息:   started user thread for Warehouse 30
2月 15, 2026 7:04:22 下午 spec.jbb.JBBmain DoARun -> 信息:   started user thread for Warehouse 31
2月 15, 2026 7:04:22 下午 spec.jbb.JBBmain DoARun -> 信息:   started user thread for Warehouse 32
2月 15, 2026 7:04:22 下午 spec.jbb.JBBmain DoARun -> 信息:   started user thread for Warehouse 33
2月 15, 2026 7:04:22 下午 spec.jbb.JBBmain DoARun -> 信息:   started user thread for Warehouse 34
2月 15, 2026 7:04:22 下午 spec.jbb.JBBmain DoARun -> 信息:   started user thread for Warehouse 35
2月 15, 2026 7:04:22 下午 spec.jbb.Company displayResultTotals -> 信息: Timing Measurement began Sun Feb 15 19:04:22 CST 2026 for 0.5 minutes
2月 15, 2026 7:04:52 下午 spec.jbb.Company displayResultTotals -> 信息: Timing Measurement ended Sun Feb 15 19:04:52 CST 2026
2月 15, 2026 7:04:52 下午 spec.jbb.Company primeWithDummyData -> 信息: Loading Warehouse 36...
2月 15, 2026 7:04:52 下午 spec.jbb.JBBmain DoARun -> 信息: Start User Threads
2月 15, 2026 7:04:52 下午 spec.jbb.JBBmain DoARun -> 信息:   started user thread for Warehouse 1
2月 15, 2026 7:04:52 下午 spec.jbb.JBBmain DoARun -> 信息:   started user thread for Warehouse 2
2月 15, 2026 7:04:52 下午 spec.jbb.JBBmain DoARun -> 信息:   started user thread for Warehouse 3
2月 15, 2026 7:04:52 下午 spec.jbb.JBBmain DoARun -> 信息:   started user thread for Warehouse 4
2月 15, 2026 7:04:52 下午 spec.jbb.JBBmain DoARun -> 信息:   started user thread for Warehouse 5
2月 15, 2026 7:04:52 下午 spec.jbb.JBBmain DoARun -> 信息:   started user thread for Warehouse 6
2月 15, 2026 7:04:52 下午 spec.jbb.JBBmain DoARun -> 信息:   started user thread for Warehouse 7
2月 15, 2026 7:04:52 下午 spec.jbb.JBBmain DoARun -> 信息:   started user thread for Warehouse 8
2月 15, 2026 7:04:52 下午 spec.jbb.JBBmain DoARun -> 信息:   started user thread for Warehouse 9
2月 15, 2026 7:04:52 下午 spec.jbb.JBBmain DoARun -> 信息:   started user thread for Warehouse 10
2月 15, 2026 7:04:52 下午 spec.jbb.JBBmain DoARun -> 信息:   started user thread for Warehouse 11
2月 15, 2026 7:04:52 下午 spec.jbb.JBBmain DoARun -> 信息:   started user thread for Warehouse 12
2月 15, 2026 7:04:52 下午 spec.jbb.JBBmain DoARun -> 信息:   started user thread for Warehouse 13
2月 15, 2026 7:04:52 下午 spec.jbb.JBBmain DoARun -> 信息:   started user thread for Warehouse 14
2月 15, 2026 7:04:52 下午 spec.jbb.JBBmain DoARun -> 信息:   started user thread for Warehouse 15
2月 15, 2026 7:04:52 下午 spec.jbb.JBBmain DoARun -> 信息:   started user thread for Warehouse 16
2月 15, 2026 7:04:52 下午 spec.jbb.JBBmain DoARun -> 信息:   started user thread for Warehouse 17
2月 15, 2026 7:04:52 下午 spec.jbb.JBBmain DoARun -> 信息:   started user thread for Warehouse 18
2月 15, 2026 7:04:52 下午 spec.jbb.JBBmain DoARun -> 信息:   started user thread for Warehouse 19
2月 15, 2026 7:04:52 下午 spec.jbb.JBBmain DoARun -> 信息:   started user thread for Warehouse 20
2月 15, 2026 7:04:52 下午 spec.jbb.JBBmain DoARun -> 信息:   started user thread for Warehouse 21
2月 15, 2026 7:04:52 下午 spec.jbb.JBBmain DoARun -> 信息:   started user thread for Warehouse 22
2月 15, 2026 7:04:52 下午 spec.jbb.JBBmain DoARun -> 信息:   started user thread for Warehouse 23
2月 15, 2026 7:04:52 下午 spec.jbb.JBBmain DoARun -> 信息:   started user thread for Warehouse 24
2月 15, 2026 7:04:52 下午 spec.jbb.JBBmain DoARun -> 信息:   started user thread for Warehouse 25
2月 15, 2026 7:04:52 下午 spec.jbb.JBBmain DoARun -> 信息:   started user thread for Warehouse 26
2月 15, 2026 7:04:52 下午 spec.jbb.JBBmain DoARun -> 信息:   started user thread for Warehouse 27
2月 15, 2026 7:04:52 下午 spec.jbb.JBBmain DoARun -> 信息:   started user thread for Warehouse 28
2月 15, 2026 7:04:52 下午 spec.jbb.JBBmain DoARun -> 信息:   started user thread for Warehouse 29
2月 15, 2026 7:04:52 下午 spec.jbb.JBBmain DoARun -> 信息:   started user thread for Warehouse 30
2月 15, 2026 7:04:52 下午 spec.jbb.JBBmain DoARun -> 信息:   started user thread for Warehouse 31
2月 15, 2026 7:04:52 下午 spec.jbb.JBBmain DoARun -> 信息:   started user thread for Warehouse 32
2月 15, 2026 7:04:52 下午 spec.jbb.JBBmain DoARun -> 信息:   started user thread for Warehouse 33
2月 15, 2026 7:04:52 下午 spec.jbb.JBBmain DoARun -> 信息:   started user thread for Warehouse 34
2月 15, 2026 7:04:52 下午 spec.jbb.JBBmain DoARun -> 信息:   started user thread for Warehouse 35
2月 15, 2026 7:04:52 下午 spec.jbb.JBBmain DoARun -> 信息:   started user thread for Warehouse 36
2月 15, 2026 7:04:52 下午 spec.jbb.Company displayResultTotals -> 信息: Timing Measurement began Sun Feb 15 19:04:52 CST 2026 for 0.5 minutes
2月 15, 2026 7:05:22 下午 spec.jbb.Company displayResultTotals -> 信息: Timing Measurement ended Sun Feb 15 19:05:22 CST 2026
2月 15, 2026 7:05:22 下午 spec.jbb.Company primeWithDummyData -> 信息: Loading Warehouse 37...
2月 15, 2026 7:05:22 下午 spec.jbb.JBBmain DoARun -> 信息: Start User Threads
2月 15, 2026 7:05:22 下午 spec.jbb.JBBmain DoARun -> 信息:   started user thread for Warehouse 1
2月 15, 2026 7:05:22 下午 spec.jbb.JBBmain DoARun -> 信息:   started user thread for Warehouse 2
2月 15, 2026 7:05:22 下午 spec.jbb.JBBmain DoARun -> 信息:   started user thread for Warehouse 3
2月 15, 2026 7:05:22 下午 spec.jbb.JBBmain DoARun -> 信息:   started user thread for Warehouse 4
2月 15, 2026 7:05:22 下午 spec.jbb.JBBmain DoARun -> 信息:   started user thread for Warehouse 5
2月 15, 2026 7:05:22 下午 spec.jbb.JBBmain DoARun -> 信息:   started user thread for Warehouse 6
2月 15, 2026 7:05:22 下午 spec.jbb.JBBmain DoARun -> 信息:   started user thread for Warehouse 7
2月 15, 2026 7:05:22 下午 spec.jbb.JBBmain DoARun -> 信息:   started user thread for Warehouse 8
2月 15, 2026 7:05:22 下午 spec.jbb.JBBmain DoARun -> 信息:   started user thread for Warehouse 9
2月 15, 2026 7:05:22 下午 spec.jbb.JBBmain DoARun -> 信息:   started user thread for Warehouse 10
2月 15, 2026 7:05:22 下午 spec.jbb.JBBmain DoARun -> 信息:   started user thread for Warehouse 11
2月 15, 2026 7:05:22 下午 spec.jbb.JBBmain DoARun -> 信息:   started user thread for Warehouse 12
2月 15, 2026 7:05:22 下午 spec.jbb.JBBmain DoARun -> 信息:   started user thread for Warehouse 13
2月 15, 2026 7:05:22 下午 spec.jbb.JBBmain DoARun -> 信息:   started user thread for Warehouse 14
2月 15, 2026 7:05:22 下午 spec.jbb.JBBmain DoARun -> 信息:   started user thread for Warehouse 15
2月 15, 2026 7:05:22 下午 spec.jbb.JBBmain DoARun -> 信息:   started user thread for Warehouse 16
2月 15, 2026 7:05:22 下午 spec.jbb.JBBmain DoARun -> 信息:   started user thread for Warehouse 17
2月 15, 2026 7:05:22 下午 spec.jbb.JBBmain DoARun -> 信息:   started user thread for Warehouse 18
2月 15, 2026 7:05:22 下午 spec.jbb.JBBmain DoARun -> 信息:   started user thread for Warehouse 19
2月 15, 2026 7:05:22 下午 spec.jbb.JBBmain DoARun -> 信息:   started user thread for Warehouse 20
2月 15, 2026 7:05:22 下午 spec.jbb.JBBmain DoARun -> 信息:   started user thread for Warehouse 21
2月 15, 2026 7:05:22 下午 spec.jbb.JBBmain DoARun -> 信息:   started user thread for Warehouse 22
2月 15, 2026 7:05:22 下午 spec.jbb.JBBmain DoARun -> 信息:   started user thread for Warehouse 23
2月 15, 2026 7:05:22 下午 spec.jbb.JBBmain DoARun -> 信息:   started user thread for Warehouse 24
2月 15, 2026 7:05:22 下午 spec.jbb.JBBmain DoARun -> 信息:   started user thread for Warehouse 25
2月 15, 2026 7:05:22 下午 spec.jbb.JBBmain DoARun -> 信息:   started user thread for Warehouse 26
2月 15, 2026 7:05:22 下午 spec.jbb.JBBmain DoARun -> 信息:   started user thread for Warehouse 27
2月 15, 2026 7:05:22 下午 spec.jbb.JBBmain DoARun -> 信息:   started user thread for Warehouse 28
2月 15, 2026 7:05:22 下午 spec.jbb.JBBmain DoARun -> 信息:   started user thread for Warehouse 29
2月 15, 2026 7:05:22 下午 spec.jbb.JBBmain DoARun -> 信息:   started user thread for Warehouse 30
2月 15, 2026 7:05:22 下午 spec.jbb.JBBmain DoARun -> 信息:   started user thread for Warehouse 31
2月 15, 2026 7:05:22 下午 spec.jbb.JBBmain DoARun -> 信息:   started user thread for Warehouse 32
2月 15, 2026 7:05:22 下午 spec.jbb.JBBmain DoARun -> 信息:   started user thread for Warehouse 33
2月 15, 2026 7:05:22 下午 spec.jbb.JBBmain DoARun -> 信息:   started user thread for Warehouse 34
2月 15, 2026 7:05:22 下午 spec.jbb.JBBmain DoARun -> 信息:   started user thread for Warehouse 35
2月 15, 2026 7:05:22 下午 spec.jbb.JBBmain DoARun -> 信息:   started user thread for Warehouse 36
2月 15, 2026 7:05:22 下午 spec.jbb.JBBmain DoARun -> 信息:   started user thread for Warehouse 37
2月 15, 2026 7:05:22 下午 spec.jbb.Company displayResultTotals -> 信息: Timing Measurement began Sun Feb 15 19:05:22 CST 2026 for 0.5 minutes
2月 15, 2026 7:05:52 下午 spec.jbb.Company displayResultTotals -> 信息: Timing Measurement ended Sun Feb 15 19:05:52 CST 2026
2月 15, 2026 7:05:52 下午 spec.jbb.Company primeWithDummyData -> 信息: Loading Warehouse 38...
2月 15, 2026 7:05:52 下午 spec.jbb.JBBmain DoARun -> 信息: Start User Threads
2月 15, 2026 7:05:52 下午 spec.jbb.JBBmain DoARun -> 信息:   started user thread for Warehouse 1
2月 15, 2026 7:05:52 下午 spec.jbb.JBBmain DoARun -> 信息:   started user thread for Warehouse 2
2月 15, 2026 7:05:52 下午 spec.jbb.JBBmain DoARun -> 信息:   started user thread for Warehouse 3
2月 15, 2026 7:05:52 下午 spec.jbb.JBBmain DoARun -> 信息:   started user thread for Warehouse 4
2月 15, 2026 7:05:52 下午 spec.jbb.JBBmain DoARun -> 信息:   started user thread for Warehouse 5
2月 15, 2026 7:05:52 下午 spec.jbb.JBBmain DoARun -> 信息:   started user thread for Warehouse 6
2月 15, 2026 7:05:52 下午 spec.jbb.JBBmain DoARun -> 信息:   started user thread for Warehouse 7
2月 15, 2026 7:05:52 下午 spec.jbb.JBBmain DoARun -> 信息:   started user thread for Warehouse 8
2月 15, 2026 7:05:52 下午 spec.jbb.JBBmain DoARun -> 信息:   started user thread for Warehouse 9
2月 15, 2026 7:05:52 下午 spec.jbb.JBBmain DoARun -> 信息:   started user thread for Warehouse 10
2月 15, 2026 7:05:52 下午 spec.jbb.JBBmain DoARun -> 信息:   started user thread for Warehouse 11
2月 15, 2026 7:05:52 下午 spec.jbb.JBBmain DoARun -> 信息:   started user thread for Warehouse 12
2月 15, 2026 7:05:52 下午 spec.jbb.JBBmain DoARun -> 信息:   started user thread for Warehouse 13
2月 15, 2026 7:05:52 下午 spec.jbb.JBBmain DoARun -> 信息:   started user thread for Warehouse 14
2月 15, 2026 7:05:52 下午 spec.jbb.JBBmain DoARun -> 信息:   started user thread for Warehouse 15
2月 15, 2026 7:05:52 下午 spec.jbb.JBBmain DoARun -> 信息:   started user thread for Warehouse 16
2月 15, 2026 7:05:52 下午 spec.jbb.JBBmain DoARun -> 信息:   started user thread for Warehouse 17
2月 15, 2026 7:05:52 下午 spec.jbb.JBBmain DoARun -> 信息:   started user thread for Warehouse 18
2月 15, 2026 7:05:52 下午 spec.jbb.JBBmain DoARun -> 信息:   started user thread for Warehouse 19
2月 15, 2026 7:05:52 下午 spec.jbb.JBBmain DoARun -> 信息:   started user thread for Warehouse 20
2月 15, 2026 7:05:52 下午 spec.jbb.JBBmain DoARun -> 信息:   started user thread for Warehouse 21
2月 15, 2026 7:05:52 下午 spec.jbb.JBBmain DoARun -> 信息:   started user thread for Warehouse 22
2月 15, 2026 7:05:52 下午 spec.jbb.JBBmain DoARun -> 信息:   started user thread for Warehouse 23
2月 15, 2026 7:05:52 下午 spec.jbb.JBBmain DoARun -> 信息:   started user thread for Warehouse 24
2月 15, 2026 7:05:52 下午 spec.jbb.JBBmain DoARun -> 信息:   started user thread for Warehouse 25
2月 15, 2026 7:05:52 下午 spec.jbb.JBBmain DoARun -> 信息:   started user thread for Warehouse 26
2月 15, 2026 7:05:52 下午 spec.jbb.JBBmain DoARun -> 信息:   started user thread for Warehouse 27
2月 15, 2026 7:05:52 下午 spec.jbb.JBBmain DoARun -> 信息:   started user thread for Warehouse 28
2月 15, 2026 7:05:52 下午 spec.jbb.JBBmain DoARun -> 信息:   started user thread for Warehouse 29
2月 15, 2026 7:05:52 下午 spec.jbb.JBBmain DoARun -> 信息:   started user thread for Warehouse 30
2月 15, 2026 7:05:52 下午 spec.jbb.JBBmain DoARun -> 信息:   started user thread for Warehouse 31
2月 15, 2026 7:05:52 下午 spec.jbb.JBBmain DoARun -> 信息:   started user thread for Warehouse 32
2月 15, 2026 7:05:52 下午 spec.jbb.JBBmain DoARun -> 信息:   started user thread for Warehouse 33
2月 15, 2026 7:05:52 下午 spec.jbb.JBBmain DoARun -> 信息:   started user thread for Warehouse 34
2月 15, 2026 7:05:52 下午 spec.jbb.JBBmain DoARun -> 信息:   started user thread for Warehouse 35
2月 15, 2026 7:05:52 下午 spec.jbb.JBBmain DoARun -> 信息:   started user thread for Warehouse 36
2月 15, 2026 7:05:52 下午 spec.jbb.JBBmain DoARun -> 信息:   started user thread for Warehouse 37
2月 15, 2026 7:05:52 下午 spec.jbb.JBBmain DoARun -> 信息:   started user thread for Warehouse 38
2月 15, 2026 7:05:52 下午 spec.jbb.Company displayResultTotals -> 信息: Timing Measurement began Sun Feb 15 19:05:52 CST 2026 for 0.5 minutes
2月 15, 2026 7:06:22 下午 spec.jbb.Company displayResultTotals -> 信息: Timing Measurement ended Sun Feb 15 19:06:22 CST 2026
2月 15, 2026 7:06:22 下午 spec.jbb.Company primeWithDummyData -> 信息: Loading Warehouse 39...
2月 15, 2026 7:06:22 下午 spec.jbb.JBBmain DoARun -> 信息: Start User Threads
2月 15, 2026 7:06:22 下午 spec.jbb.JBBmain DoARun -> 信息:   started user thread for Warehouse 1
2月 15, 2026 7:06:22 下午 spec.jbb.JBBmain DoARun -> 信息:   started user thread for Warehouse 2
2月 15, 2026 7:06:22 下午 spec.jbb.JBBmain DoARun -> 信息:   started user thread for Warehouse 3
2月 15, 2026 7:06:22 下午 spec.jbb.JBBmain DoARun -> 信息:   started user thread for Warehouse 4
2月 15, 2026 7:06:22 下午 spec.jbb.JBBmain DoARun -> 信息:   started user thread for Warehouse 5
2月 15, 2026 7:06:22 下午 spec.jbb.JBBmain DoARun -> 信息:   started user thread for Warehouse 6
2月 15, 2026 7:06:22 下午 spec.jbb.JBBmain DoARun -> 信息:   started user thread for Warehouse 7
2月 15, 2026 7:06:22 下午 spec.jbb.JBBmain DoARun -> 信息:   started user thread for Warehouse 8
2月 15, 2026 7:06:22 下午 spec.jbb.JBBmain DoARun -> 信息:   started user thread for Warehouse 9
2月 15, 2026 7:06:22 下午 spec.jbb.JBBmain DoARun -> 信息:   started user thread for Warehouse 10
2月 15, 2026 7:06:22 下午 spec.jbb.JBBmain DoARun -> 信息:   started user thread for Warehouse 11
2月 15, 2026 7:06:22 下午 spec.jbb.JBBmain DoARun -> 信息:   started user thread for Warehouse 12
2月 15, 2026 7:06:22 下午 spec.jbb.JBBmain DoARun -> 信息:   started user thread for Warehouse 13
2月 15, 2026 7:06:22 下午 spec.jbb.JBBmain DoARun -> 信息:   started user thread for Warehouse 14
2月 15, 2026 7:06:22 下午 spec.jbb.JBBmain DoARun -> 信息:   started user thread for Warehouse 15
2月 15, 2026 7:06:22 下午 spec.jbb.JBBmain DoARun -> 信息:   started user thread for Warehouse 16
2月 15, 2026 7:06:22 下午 spec.jbb.JBBmain DoARun -> 信息:   started user thread for Warehouse 17
2月 15, 2026 7:06:22 下午 spec.jbb.JBBmain DoARun -> 信息:   started user thread for Warehouse 18
2月 15, 2026 7:06:22 下午 spec.jbb.JBBmain DoARun -> 信息:   started user thread for Warehouse 19
2月 15, 2026 7:06:22 下午 spec.jbb.JBBmain DoARun -> 信息:   started user thread for Warehouse 20
2月 15, 2026 7:06:22 下午 spec.jbb.JBBmain DoARun -> 信息:   started user thread for Warehouse 21
2月 15, 2026 7:06:22 下午 spec.jbb.JBBmain DoARun -> 信息:   started user thread for Warehouse 22
2月 15, 2026 7:06:22 下午 spec.jbb.JBBmain DoARun -> 信息:   started user thread for Warehouse 23
2月 15, 2026 7:06:22 下午 spec.jbb.JBBmain DoARun -> 信息:   started user thread for Warehouse 24
2月 15, 2026 7:06:22 下午 spec.jbb.JBBmain DoARun -> 信息:   started user thread for Warehouse 25
2月 15, 2026 7:06:22 下午 spec.jbb.JBBmain DoARun -> 信息:   started user thread for Warehouse 26
2月 15, 2026 7:06:22 下午 spec.jbb.JBBmain DoARun -> 信息:   started user thread for Warehouse 27
2月 15, 2026 7:06:22 下午 spec.jbb.JBBmain DoARun -> 信息:   started user thread for Warehouse 28
2月 15, 2026 7:06:22 下午 spec.jbb.JBBmain DoARun -> 信息:   started user thread for Warehouse 29
2月 15, 2026 7:06:22 下午 spec.jbb.JBBmain DoARun -> 信息:   started user thread for Warehouse 30
2月 15, 2026 7:06:22 下午 spec.jbb.JBBmain DoARun -> 信息:   started user thread for Warehouse 31
2月 15, 2026 7:06:22 下午 spec.jbb.JBBmain DoARun -> 信息:   started user thread for Warehouse 32
2月 15, 2026 7:06:22 下午 spec.jbb.JBBmain DoARun -> 信息:   started user thread for Warehouse 33
2月 15, 2026 7:06:22 下午 spec.jbb.JBBmain DoARun -> 信息:   started user thread for Warehouse 34
2月 15, 2026 7:06:22 下午 spec.jbb.JBBmain DoARun -> 信息:   started user thread for Warehouse 35
2月 15, 2026 7:06:22 下午 spec.jbb.JBBmain DoARun -> 信息:   started user thread for Warehouse 36
2月 15, 2026 7:06:22 下午 spec.jbb.JBBmain DoARun -> 信息:   started user thread for Warehouse 37
2月 15, 2026 7:06:22 下午 spec.jbb.JBBmain DoARun -> 信息:   started user thread for Warehouse 38
2月 15, 2026 7:06:22 下午 spec.jbb.JBBmain DoARun -> 信息:   started user thread for Warehouse 39
2月 15, 2026 7:06:22 下午 spec.jbb.Company displayResultTotals -> 信息: Timing Measurement began Sun Feb 15 19:06:22 CST 2026 for 0.5 minutes
2月 15, 2026 7:06:52 下午 spec.jbb.Company displayResultTotals -> 信息: Timing Measurement ended Sun Feb 15 19:06:52 CST 2026
2月 15, 2026 7:06:52 下午 spec.jbb.Company primeWithDummyData -> 信息: Loading Warehouse 40...
2月 15, 2026 7:06:53 下午 spec.jbb.JBBmain DoARun -> 信息: Start User Threads
2月 15, 2026 7:06:53 下午 spec.jbb.JBBmain DoARun -> 信息:   started user thread for Warehouse 1
2月 15, 2026 7:06:53 下午 spec.jbb.JBBmain DoARun -> 信息:   started user thread for Warehouse 2
2月 15, 2026 7:06:53 下午 spec.jbb.JBBmain DoARun -> 信息:   started user thread for Warehouse 3
2月 15, 2026 7:06:53 下午 spec.jbb.JBBmain DoARun -> 信息:   started user thread for Warehouse 4
2月 15, 2026 7:06:53 下午 spec.jbb.JBBmain DoARun -> 信息:   started user thread for Warehouse 5
2月 15, 2026 7:06:53 下午 spec.jbb.JBBmain DoARun -> 信息:   started user thread for Warehouse 6
2月 15, 2026 7:06:53 下午 spec.jbb.JBBmain DoARun -> 信息:   started user thread for Warehouse 7
2月 15, 2026 7:06:53 下午 spec.jbb.JBBmain DoARun -> 信息:   started user thread for Warehouse 8
2月 15, 2026 7:06:53 下午 spec.jbb.JBBmain DoARun -> 信息:   started user thread for Warehouse 9
2月 15, 2026 7:06:53 下午 spec.jbb.JBBmain DoARun -> 信息:   started user thread for Warehouse 10
2月 15, 2026 7:06:53 下午 spec.jbb.JBBmain DoARun -> 信息:   started user thread for Warehouse 11
2月 15, 2026 7:06:53 下午 spec.jbb.JBBmain DoARun -> 信息:   started user thread for Warehouse 12
2月 15, 2026 7:06:53 下午 spec.jbb.JBBmain DoARun -> 信息:   started user thread for Warehouse 13
2月 15, 2026 7:06:53 下午 spec.jbb.JBBmain DoARun -> 信息:   started user thread for Warehouse 14
2月 15, 2026 7:06:53 下午 spec.jbb.JBBmain DoARun -> 信息:   started user thread for Warehouse 15
2月 15, 2026 7:06:53 下午 spec.jbb.JBBmain DoARun -> 信息:   started user thread for Warehouse 16
2月 15, 2026 7:06:53 下午 spec.jbb.JBBmain DoARun -> 信息:   started user thread for Warehouse 17
2月 15, 2026 7:06:53 下午 spec.jbb.JBBmain DoARun -> 信息:   started user thread for Warehouse 18
2月 15, 2026 7:06:53 下午 spec.jbb.JBBmain DoARun -> 信息:   started user thread for Warehouse 19
2月 15, 2026 7:06:53 下午 spec.jbb.JBBmain DoARun -> 信息:   started user thread for Warehouse 20
2月 15, 2026 7:06:53 下午 spec.jbb.JBBmain DoARun -> 信息:   started user thread for Warehouse 21
2月 15, 2026 7:06:53 下午 spec.jbb.JBBmain DoARun -> 信息:   started user thread for Warehouse 22
2月 15, 2026 7:06:53 下午 spec.jbb.JBBmain DoARun -> 信息:   started user thread for Warehouse 23
2月 15, 2026 7:06:53 下午 spec.jbb.JBBmain DoARun -> 信息:   started user thread for Warehouse 24
2月 15, 2026 7:06:53 下午 spec.jbb.JBBmain DoARun -> 信息:   started user thread for Warehouse 25
2月 15, 2026 7:06:53 下午 spec.jbb.JBBmain DoARun -> 信息:   started user thread for Warehouse 26
2月 15, 2026 7:06:53 下午 spec.jbb.JBBmain DoARun -> 信息:   started user thread for Warehouse 27
2月 15, 2026 7:06:53 下午 spec.jbb.JBBmain DoARun -> 信息:   started user thread for Warehouse 28
2月 15, 2026 7:06:53 下午 spec.jbb.JBBmain DoARun -> 信息:   started user thread for Warehouse 29
2月 15, 2026 7:06:53 下午 spec.jbb.JBBmain DoARun -> 信息:   started user thread for Warehouse 30
2月 15, 2026 7:06:53 下午 spec.jbb.JBBmain DoARun -> 信息:   started user thread for Warehouse 31
2月 15, 2026 7:06:53 下午 spec.jbb.JBBmain DoARun -> 信息:   started user thread for Warehouse 32
2月 15, 2026 7:06:53 下午 spec.jbb.JBBmain DoARun -> 信息:   started user thread for Warehouse 33
2月 15, 2026 7:06:53 下午 spec.jbb.JBBmain DoARun -> 信息:   started user thread for Warehouse 34
2月 15, 2026 7:06:53 下午 spec.jbb.JBBmain DoARun -> 信息:   started user thread for Warehouse 35
2月 15, 2026 7:06:53 下午 spec.jbb.JBBmain DoARun -> 信息:   started user thread for Warehouse 36
2月 15, 2026 7:06:53 下午 spec.jbb.JBBmain DoARun -> 信息:   started user thread for Warehouse 37
2月 15, 2026 7:06:53 下午 spec.jbb.JBBmain DoARun -> 信息:   started user thread for Warehouse 38
2月 15, 2026 7:06:53 下午 spec.jbb.JBBmain DoARun -> 信息:   started user thread for Warehouse 39
2月 15, 2026 7:06:53 下午 spec.jbb.JBBmain DoARun -> 信息:   started user thread for Warehouse 40
2月 15, 2026 7:06:53 下午 spec.jbb.Company displayResultTotals -> 信息: Timing Measurement began Sun Feb 15 19:06:53 CST 2026 for 0.5 minutes
2月 15, 2026 7:07:23 下午 spec.jbb.Company displayResultTotals -> 信息: Timing Measurement ended Sun Feb 15 19:07:23 CST 2026
2月 15, 2026 7:07:23 下午 spec.jbb.Company primeWithDummyData -> 信息: Loading Warehouse 41...
2月 15, 2026 7:07:23 下午 spec.jbb.JBBmain DoARun -> 信息: Start User Threads
2月 15, 2026 7:07:23 下午 spec.jbb.JBBmain DoARun -> 信息:   started user thread for Warehouse 1
2月 15, 2026 7:07:23 下午 spec.jbb.JBBmain DoARun -> 信息:   started user thread for Warehouse 2
2月 15, 2026 7:07:23 下午 spec.jbb.JBBmain DoARun -> 信息:   started user thread for Warehouse 3
2月 15, 2026 7:07:23 下午 spec.jbb.JBBmain DoARun -> 信息:   started user thread for Warehouse 4
2月 15, 2026 7:07:23 下午 spec.jbb.JBBmain DoARun -> 信息:   started user thread for Warehouse 5
2月 15, 2026 7:07:23 下午 spec.jbb.JBBmain DoARun -> 信息:   started user thread for Warehouse 6
2月 15, 2026 7:07:23 下午 spec.jbb.JBBmain DoARun -> 信息:   started user thread for Warehouse 7
2月 15, 2026 7:07:23 下午 spec.jbb.JBBmain DoARun -> 信息:   started user thread for Warehouse 8
2月 15, 2026 7:07:23 下午 spec.jbb.JBBmain DoARun -> 信息:   started user thread for Warehouse 9
2月 15, 2026 7:07:23 下午 spec.jbb.JBBmain DoARun -> 信息:   started user thread for Warehouse 10
2月 15, 2026 7:07:23 下午 spec.jbb.JBBmain DoARun -> 信息:   started user thread for Warehouse 11
2月 15, 2026 7:07:23 下午 spec.jbb.JBBmain DoARun -> 信息:   started user thread for Warehouse 12
2月 15, 2026 7:07:23 下午 spec.jbb.JBBmain DoARun -> 信息:   started user thread for Warehouse 13
2月 15, 2026 7:07:23 下午 spec.jbb.JBBmain DoARun -> 信息:   started user thread for Warehouse 14
2月 15, 2026 7:07:23 下午 spec.jbb.JBBmain DoARun -> 信息:   started user thread for Warehouse 15
2月 15, 2026 7:07:23 下午 spec.jbb.JBBmain DoARun -> 信息:   started user thread for Warehouse 16
2月 15, 2026 7:07:23 下午 spec.jbb.JBBmain DoARun -> 信息:   started user thread for Warehouse 17
2月 15, 2026 7:07:23 下午 spec.jbb.JBBmain DoARun -> 信息:   started user thread for Warehouse 18
2月 15, 2026 7:07:23 下午 spec.jbb.JBBmain DoARun -> 信息:   started user thread for Warehouse 19
2月 15, 2026 7:07:23 下午 spec.jbb.JBBmain DoARun -> 信息:   started user thread for Warehouse 20
2月 15, 2026 7:07:23 下午 spec.jbb.JBBmain DoARun -> 信息:   started user thread for Warehouse 21
2月 15, 2026 7:07:23 下午 spec.jbb.JBBmain DoARun -> 信息:   started user thread for Warehouse 22
2月 15, 2026 7:07:23 下午 spec.jbb.JBBmain DoARun -> 信息:   started user thread for Warehouse 23
2月 15, 2026 7:07:23 下午 spec.jbb.JBBmain DoARun -> 信息:   started user thread for Warehouse 24
2月 15, 2026 7:07:23 下午 spec.jbb.JBBmain DoARun -> 信息:   started user thread for Warehouse 25
2月 15, 2026 7:07:23 下午 spec.jbb.JBBmain DoARun -> 信息:   started user thread for Warehouse 26
2月 15, 2026 7:07:23 下午 spec.jbb.JBBmain DoARun -> 信息:   started user thread for Warehouse 27
2月 15, 2026 7:07:23 下午 spec.jbb.JBBmain DoARun -> 信息:   started user thread for Warehouse 28
2月 15, 2026 7:07:23 下午 spec.jbb.JBBmain DoARun -> 信息:   started user thread for Warehouse 29
2月 15, 2026 7:07:23 下午 spec.jbb.JBBmain DoARun -> 信息:   started user thread for Warehouse 30
2月 15, 2026 7:07:23 下午 spec.jbb.JBBmain DoARun -> 信息:   started user thread for Warehouse 31
2月 15, 2026 7:07:23 下午 spec.jbb.JBBmain DoARun -> 信息:   started user thread for Warehouse 32
2月 15, 2026 7:07:23 下午 spec.jbb.JBBmain DoARun -> 信息:   started user thread for Warehouse 33
2月 15, 2026 7:07:23 下午 spec.jbb.JBBmain DoARun -> 信息:   started user thread for Warehouse 34
2月 15, 2026 7:07:23 下午 spec.jbb.JBBmain DoARun -> 信息:   started user thread for Warehouse 35
2月 15, 2026 7:07:23 下午 spec.jbb.JBBmain DoARun -> 信息:   started user thread for Warehouse 36
2月 15, 2026 7:07:23 下午 spec.jbb.JBBmain DoARun -> 信息:   started user thread for Warehouse 37
2月 15, 2026 7:07:23 下午 spec.jbb.JBBmain DoARun -> 信息:   started user thread for Warehouse 38
2月 15, 2026 7:07:23 下午 spec.jbb.JBBmain DoARun -> 信息:   started user thread for Warehouse 39
2月 15, 2026 7:07:23 下午 spec.jbb.JBBmain DoARun -> 信息:   started user thread for Warehouse 40
2月 15, 2026 7:07:23 下午 spec.jbb.JBBmain DoARun -> 信息:   started user thread for Warehouse 41
2月 15, 2026 7:07:23 下午 spec.jbb.Company displayResultTotals -> 信息: Timing Measurement began Sun Feb 15 19:07:23 CST 2026 for 0.5 minutes
2月 15, 2026 7:07:53 下午 spec.jbb.Company displayResultTotals -> 信息: Timing Measurement ended Sun Feb 15 19:07:53 CST 2026
2月 15, 2026 7:07:53 下午 spec.jbb.Company primeWithDummyData -> 信息: Loading Warehouse 42...
2月 15, 2026 7:07:53 下午 spec.jbb.JBBmain DoARun -> 信息: Start User Threads
2月 15, 2026 7:07:53 下午 spec.jbb.JBBmain DoARun -> 信息:   started user thread for Warehouse 1
2月 15, 2026 7:07:53 下午 spec.jbb.JBBmain DoARun -> 信息:   started user thread for Warehouse 2
2月 15, 2026 7:07:53 下午 spec.jbb.JBBmain DoARun -> 信息:   started user thread for Warehouse 3
2月 15, 2026 7:07:53 下午 spec.jbb.JBBmain DoARun -> 信息:   started user thread for Warehouse 4
2月 15, 2026 7:07:53 下午 spec.jbb.JBBmain DoARun -> 信息:   started user thread for Warehouse 5
2月 15, 2026 7:07:53 下午 spec.jbb.JBBmain DoARun -> 信息:   started user thread for Warehouse 6
2月 15, 2026 7:07:53 下午 spec.jbb.JBBmain DoARun -> 信息:   started user thread for Warehouse 7
2月 15, 2026 7:07:53 下午 spec.jbb.JBBmain DoARun -> 信息:   started user thread for Warehouse 8
2月 15, 2026 7:07:53 下午 spec.jbb.JBBmain DoARun -> 信息:   started user thread for Warehouse 9
2月 15, 2026 7:07:53 下午 spec.jbb.JBBmain DoARun -> 信息:   started user thread for Warehouse 10
2月 15, 2026 7:07:53 下午 spec.jbb.JBBmain DoARun -> 信息:   started user thread for Warehouse 11
2月 15, 2026 7:07:53 下午 spec.jbb.JBBmain DoARun -> 信息:   started user thread for Warehouse 12
2月 15, 2026 7:07:53 下午 spec.jbb.JBBmain DoARun -> 信息:   started user thread for Warehouse 13
2月 15, 2026 7:07:53 下午 spec.jbb.JBBmain DoARun -> 信息:   started user thread for Warehouse 14
2月 15, 2026 7:07:53 下午 spec.jbb.JBBmain DoARun -> 信息:   started user thread for Warehouse 15
2月 15, 2026 7:07:53 下午 spec.jbb.JBBmain DoARun -> 信息:   started user thread for Warehouse 16
2月 15, 2026 7:07:53 下午 spec.jbb.JBBmain DoARun -> 信息:   started user thread for Warehouse 17
2月 15, 2026 7:07:53 下午 spec.jbb.JBBmain DoARun -> 信息:   started user thread for Warehouse 18
2月 15, 2026 7:07:53 下午 spec.jbb.JBBmain DoARun -> 信息:   started user thread for Warehouse 19
2月 15, 2026 7:07:53 下午 spec.jbb.JBBmain DoARun -> 信息:   started user thread for Warehouse 20
2月 15, 2026 7:07:53 下午 spec.jbb.JBBmain DoARun -> 信息:   started user thread for Warehouse 21
2月 15, 2026 7:07:53 下午 spec.jbb.JBBmain DoARun -> 信息:   started user thread for Warehouse 22
2月 15, 2026 7:07:53 下午 spec.jbb.JBBmain DoARun -> 信息:   started user thread for Warehouse 23
2月 15, 2026 7:07:53 下午 spec.jbb.JBBmain DoARun -> 信息:   started user thread for Warehouse 24
2月 15, 2026 7:07:53 下午 spec.jbb.JBBmain DoARun -> 信息:   started user thread for Warehouse 25
2月 15, 2026 7:07:53 下午 spec.jbb.JBBmain DoARun -> 信息:   started user thread for Warehouse 26
2月 15, 2026 7:07:53 下午 spec.jbb.JBBmain DoARun -> 信息:   started user thread for Warehouse 27
2月 15, 2026 7:07:53 下午 spec.jbb.JBBmain DoARun -> 信息:   started user thread for Warehouse 28
2月 15, 2026 7:07:53 下午 spec.jbb.JBBmain DoARun -> 信息:   started user thread for Warehouse 29
2月 15, 2026 7:07:53 下午 spec.jbb.JBBmain DoARun -> 信息:   started user thread for Warehouse 30
2月 15, 2026 7:07:53 下午 spec.jbb.JBBmain DoARun -> 信息:   started user thread for Warehouse 31
2月 15, 2026 7:07:53 下午 spec.jbb.JBBmain DoARun -> 信息:   started user thread for Warehouse 32
2月 15, 2026 7:07:53 下午 spec.jbb.JBBmain DoARun -> 信息:   started user thread for Warehouse 33
2月 15, 2026 7:07:53 下午 spec.jbb.JBBmain DoARun -> 信息:   started user thread for Warehouse 34
2月 15, 2026 7:07:53 下午 spec.jbb.JBBmain DoARun -> 信息:   started user thread for Warehouse 35
2月 15, 2026 7:07:53 下午 spec.jbb.JBBmain DoARun -> 信息:   started user thread for Warehouse 36
2月 15, 2026 7:07:53 下午 spec.jbb.JBBmain DoARun -> 信息:   started user thread for Warehouse 37
2月 15, 2026 7:07:53 下午 spec.jbb.JBBmain DoARun -> 信息:   started user thread for Warehouse 38
2月 15, 2026 7:07:53 下午 spec.jbb.JBBmain DoARun -> 信息:   started user thread for Warehouse 39
2月 15, 2026 7:07:53 下午 spec.jbb.JBBmain DoARun -> 信息:   started user thread for Warehouse 40
2月 15, 2026 7:07:53 下午 spec.jbb.JBBmain DoARun -> 信息:   started user thread for Warehouse 41
2月 15, 2026 7:07:53 下午 spec.jbb.JBBmain DoARun -> 信息:   started user thread for Warehouse 42
2月 15, 2026 7:07:53 下午 spec.jbb.Company displayResultTotals -> 信息: Timing Measurement began Sun Feb 15 19:07:53 CST 2026 for 0.5 minutes
2月 15, 2026 7:08:23 下午 spec.jbb.Company displayResultTotals -> 信息: Timing Measurement ended Sun Feb 15 19:08:23 CST 2026
2月 15, 2026 7:08:23 下午 spec.jbb.Company primeWithDummyData -> 信息: Loading Warehouse 43...
2月 15, 2026 7:08:23 下午 spec.jbb.JBBmain DoARun -> 信息: Start User Threads
2月 15, 2026 7:08:23 下午 spec.jbb.JBBmain DoARun -> 信息:   started user thread for Warehouse 1
2月 15, 2026 7:08:23 下午 spec.jbb.JBBmain DoARun -> 信息:   started user thread for Warehouse 2
2月 15, 2026 7:08:23 下午 spec.jbb.JBBmain DoARun -> 信息:   started user thread for Warehouse 3
2月 15, 2026 7:08:23 下午 spec.jbb.JBBmain DoARun -> 信息:   started user thread for Warehouse 4
2月 15, 2026 7:08:23 下午 spec.jbb.JBBmain DoARun -> 信息:   started user thread for Warehouse 5
2月 15, 2026 7:08:23 下午 spec.jbb.JBBmain DoARun -> 信息:   started user thread for Warehouse 6
2月 15, 2026 7:08:23 下午 spec.jbb.JBBmain DoARun -> 信息:   started user thread for Warehouse 7
2月 15, 2026 7:08:23 下午 spec.jbb.JBBmain DoARun -> 信息:   started user thread for Warehouse 8
2月 15, 2026 7:08:23 下午 spec.jbb.JBBmain DoARun -> 信息:   started user thread for Warehouse 9
2月 15, 2026 7:08:23 下午 spec.jbb.JBBmain DoARun -> 信息:   started user thread for Warehouse 10
2月 15, 2026 7:08:23 下午 spec.jbb.JBBmain DoARun -> 信息:   started user thread for Warehouse 11
2月 15, 2026 7:08:23 下午 spec.jbb.JBBmain DoARun -> 信息:   started user thread for Warehouse 12
2月 15, 2026 7:08:23 下午 spec.jbb.JBBmain DoARun -> 信息:   started user thread for Warehouse 13
2月 15, 2026 7:08:23 下午 spec.jbb.JBBmain DoARun -> 信息:   started user thread for Warehouse 14
2月 15, 2026 7:08:23 下午 spec.jbb.JBBmain DoARun -> 信息:   started user thread for Warehouse 15
2月 15, 2026 7:08:23 下午 spec.jbb.JBBmain DoARun -> 信息:   started user thread for Warehouse 16
2月 15, 2026 7:08:23 下午 spec.jbb.JBBmain DoARun -> 信息:   started user thread for Warehouse 17
2月 15, 2026 7:08:23 下午 spec.jbb.JBBmain DoARun -> 信息:   started user thread for Warehouse 18
2月 15, 2026 7:08:23 下午 spec.jbb.JBBmain DoARun -> 信息:   started user thread for Warehouse 19
2月 15, 2026 7:08:23 下午 spec.jbb.JBBmain DoARun -> 信息:   started user thread for Warehouse 20
2月 15, 2026 7:08:23 下午 spec.jbb.JBBmain DoARun -> 信息:   started user thread for Warehouse 21
2月 15, 2026 7:08:23 下午 spec.jbb.JBBmain DoARun -> 信息:   started user thread for Warehouse 22
2月 15, 2026 7:08:23 下午 spec.jbb.JBBmain DoARun -> 信息:   started user thread for Warehouse 23
2月 15, 2026 7:08:23 下午 spec.jbb.JBBmain DoARun -> 信息:   started user thread for Warehouse 24
2月 15, 2026 7:08:23 下午 spec.jbb.JBBmain DoARun -> 信息:   started user thread for Warehouse 25
2月 15, 2026 7:08:23 下午 spec.jbb.JBBmain DoARun -> 信息:   started user thread for Warehouse 26
2月 15, 2026 7:08:23 下午 spec.jbb.JBBmain DoARun -> 信息:   started user thread for Warehouse 27
2月 15, 2026 7:08:23 下午 spec.jbb.JBBmain DoARun -> 信息:   started user thread for Warehouse 28
2月 15, 2026 7:08:23 下午 spec.jbb.JBBmain DoARun -> 信息:   started user thread for Warehouse 29
2月 15, 2026 7:08:23 下午 spec.jbb.JBBmain DoARun -> 信息:   started user thread for Warehouse 30
2月 15, 2026 7:08:23 下午 spec.jbb.JBBmain DoARun -> 信息:   started user thread for Warehouse 31
2月 15, 2026 7:08:23 下午 spec.jbb.JBBmain DoARun -> 信息:   started user thread for Warehouse 32
2月 15, 2026 7:08:23 下午 spec.jbb.JBBmain DoARun -> 信息:   started user thread for Warehouse 33
2月 15, 2026 7:08:23 下午 spec.jbb.JBBmain DoARun -> 信息:   started user thread for Warehouse 34
2月 15, 2026 7:08:23 下午 spec.jbb.JBBmain DoARun -> 信息:   started user thread for Warehouse 35
2月 15, 2026 7:08:23 下午 spec.jbb.JBBmain DoARun -> 信息:   started user thread for Warehouse 36
2月 15, 2026 7:08:23 下午 spec.jbb.JBBmain DoARun -> 信息:   started user thread for Warehouse 37
2月 15, 2026 7:08:23 下午 spec.jbb.JBBmain DoARun -> 信息:   started user thread for Warehouse 38
2月 15, 2026 7:08:23 下午 spec.jbb.JBBmain DoARun -> 信息:   started user thread for Warehouse 39
2月 15, 2026 7:08:23 下午 spec.jbb.JBBmain DoARun -> 信息:   started user thread for Warehouse 40
2月 15, 2026 7:08:23 下午 spec.jbb.JBBmain DoARun -> 信息:   started user thread for Warehouse 41
2月 15, 2026 7:08:23 下午 spec.jbb.JBBmain DoARun -> 信息:   started user thread for Warehouse 42
2月 15, 2026 7:08:23 下午 spec.jbb.JBBmain DoARun -> 信息:   started user thread for Warehouse 43
2月 15, 2026 7:08:23 下午 spec.jbb.Company displayResultTotals -> 信息: Timing Measurement began Sun Feb 15 19:08:23 CST 2026 for 0.5 minutes
2月 15, 2026 7:08:53 下午 spec.jbb.Company displayResultTotals -> 信息: Timing Measurement ended Sun Feb 15 19:08:53 CST 2026
2月 15, 2026 7:08:53 下午 spec.jbb.Company primeWithDummyData -> 信息: Loading Warehouse 44...
2月 15, 2026 7:08:53 下午 spec.jbb.JBBmain DoARun -> 信息: Start User Threads
2月 15, 2026 7:08:53 下午 spec.jbb.JBBmain DoARun -> 信息:   started user thread for Warehouse 1
2月 15, 2026 7:08:53 下午 spec.jbb.JBBmain DoARun -> 信息:   started user thread for Warehouse 2
2月 15, 2026 7:08:53 下午 spec.jbb.JBBmain DoARun -> 信息:   started user thread for Warehouse 3
2月 15, 2026 7:08:53 下午 spec.jbb.JBBmain DoARun -> 信息:   started user thread for Warehouse 4
2月 15, 2026 7:08:53 下午 spec.jbb.JBBmain DoARun -> 信息:   started user thread for Warehouse 5
2月 15, 2026 7:08:53 下午 spec.jbb.JBBmain DoARun -> 信息:   started user thread for Warehouse 6
2月 15, 2026 7:08:53 下午 spec.jbb.JBBmain DoARun -> 信息:   started user thread for Warehouse 7
2月 15, 2026 7:08:53 下午 spec.jbb.JBBmain DoARun -> 信息:   started user thread for Warehouse 8
2月 15, 2026 7:08:53 下午 spec.jbb.JBBmain DoARun -> 信息:   started user thread for Warehouse 9
2月 15, 2026 7:08:53 下午 spec.jbb.JBBmain DoARun -> 信息:   started user thread for Warehouse 10
2月 15, 2026 7:08:53 下午 spec.jbb.JBBmain DoARun -> 信息:   started user thread for Warehouse 11
2月 15, 2026 7:08:53 下午 spec.jbb.JBBmain DoARun -> 信息:   started user thread for Warehouse 12
2月 15, 2026 7:08:53 下午 spec.jbb.JBBmain DoARun -> 信息:   started user thread for Warehouse 13
2月 15, 2026 7:08:53 下午 spec.jbb.JBBmain DoARun -> 信息:   started user thread for Warehouse 14
2月 15, 2026 7:08:53 下午 spec.jbb.JBBmain DoARun -> 信息:   started user thread for Warehouse 15
2月 15, 2026 7:08:53 下午 spec.jbb.JBBmain DoARun -> 信息:   started user thread for Warehouse 16
2月 15, 2026 7:08:53 下午 spec.jbb.JBBmain DoARun -> 信息:   started user thread for Warehouse 17
2月 15, 2026 7:08:53 下午 spec.jbb.JBBmain DoARun -> 信息:   started user thread for Warehouse 18
2月 15, 2026 7:08:53 下午 spec.jbb.JBBmain DoARun -> 信息:   started user thread for Warehouse 19
2月 15, 2026 7:08:53 下午 spec.jbb.JBBmain DoARun -> 信息:   started user thread for Warehouse 20
2月 15, 2026 7:08:53 下午 spec.jbb.JBBmain DoARun -> 信息:   started user thread for Warehouse 21
2月 15, 2026 7:08:53 下午 spec.jbb.JBBmain DoARun -> 信息:   started user thread for Warehouse 22
2月 15, 2026 7:08:53 下午 spec.jbb.JBBmain DoARun -> 信息:   started user thread for Warehouse 23
2月 15, 2026 7:08:53 下午 spec.jbb.JBBmain DoARun -> 信息:   started user thread for Warehouse 24
2月 15, 2026 7:08:53 下午 spec.jbb.JBBmain DoARun -> 信息:   started user thread for Warehouse 25
2月 15, 2026 7:08:53 下午 spec.jbb.JBBmain DoARun -> 信息:   started user thread for Warehouse 26
2月 15, 2026 7:08:53 下午 spec.jbb.JBBmain DoARun -> 信息:   started user thread for Warehouse 27
2月 15, 2026 7:08:53 下午 spec.jbb.JBBmain DoARun -> 信息:   started user thread for Warehouse 28
2月 15, 2026 7:08:53 下午 spec.jbb.JBBmain DoARun -> 信息:   started user thread for Warehouse 29
2月 15, 2026 7:08:53 下午 spec.jbb.JBBmain DoARun -> 信息:   started user thread for Warehouse 30
2月 15, 2026 7:08:53 下午 spec.jbb.JBBmain DoARun -> 信息:   started user thread for Warehouse 31
2月 15, 2026 7:08:53 下午 spec.jbb.JBBmain DoARun -> 信息:   started user thread for Warehouse 32
2月 15, 2026 7:08:53 下午 spec.jbb.JBBmain DoARun -> 信息:   started user thread for Warehouse 33
2月 15, 2026 7:08:53 下午 spec.jbb.JBBmain DoARun -> 信息:   started user thread for Warehouse 34
2月 15, 2026 7:08:53 下午 spec.jbb.JBBmain DoARun -> 信息:   started user thread for Warehouse 35
2月 15, 2026 7:08:53 下午 spec.jbb.JBBmain DoARun -> 信息:   started user thread for Warehouse 36
2月 15, 2026 7:08:53 下午 spec.jbb.JBBmain DoARun -> 信息:   started user thread for Warehouse 37
2月 15, 2026 7:08:53 下午 spec.jbb.JBBmain DoARun -> 信息:   started user thread for Warehouse 38
2月 15, 2026 7:08:53 下午 spec.jbb.JBBmain DoARun -> 信息:   started user thread for Warehouse 39
2月 15, 2026 7:08:53 下午 spec.jbb.JBBmain DoARun -> 信息:   started user thread for Warehouse 40
2月 15, 2026 7:08:53 下午 spec.jbb.JBBmain DoARun -> 信息:   started user thread for Warehouse 41
2月 15, 2026 7:08:53 下午 spec.jbb.JBBmain DoARun -> 信息:   started user thread for Warehouse 42
2月 15, 2026 7:08:53 下午 spec.jbb.JBBmain DoARun -> 信息:   started user thread for Warehouse 43
2月 15, 2026 7:08:53 下午 spec.jbb.JBBmain DoARun -> 信息:   started user thread for Warehouse 44
2月 15, 2026 7:08:53 下午 spec.jbb.Company displayResultTotals -> 信息: Timing Measurement began Sun Feb 15 19:08:53 CST 2026 for 0.5 minutes
2月 15, 2026 7:09:23 下午 spec.jbb.Company displayResultTotals -> 信息: Timing Measurement ended Sun Feb 15 19:09:23 CST 2026
2月 15, 2026 7:09:23 下午 spec.jbb.Company primeWithDummyData -> 信息: Loading Warehouse 45...
2月 15, 2026 7:09:23 下午 spec.jbb.JBBmain DoARun -> 信息: Start User Threads
2月 15, 2026 7:09:23 下午 spec.jbb.JBBmain DoARun -> 信息:   started user thread for Warehouse 1
2月 15, 2026 7:09:23 下午 spec.jbb.JBBmain DoARun -> 信息:   started user thread for Warehouse 2
2月 15, 2026 7:09:23 下午 spec.jbb.JBBmain DoARun -> 信息:   started user thread for Warehouse 3
2月 15, 2026 7:09:23 下午 spec.jbb.JBBmain DoARun -> 信息:   started user thread for Warehouse 4
2月 15, 2026 7:09:23 下午 spec.jbb.JBBmain DoARun -> 信息:   started user thread for Warehouse 5
2月 15, 2026 7:09:23 下午 spec.jbb.JBBmain DoARun -> 信息:   started user thread for Warehouse 6
2月 15, 2026 7:09:23 下午 spec.jbb.JBBmain DoARun -> 信息:   started user thread for Warehouse 7
2月 15, 2026 7:09:23 下午 spec.jbb.JBBmain DoARun -> 信息:   started user thread for Warehouse 8
2月 15, 2026 7:09:23 下午 spec.jbb.JBBmain DoARun -> 信息:   started user thread for Warehouse 9
2月 15, 2026 7:09:23 下午 spec.jbb.JBBmain DoARun -> 信息:   started user thread for Warehouse 10
2月 15, 2026 7:09:23 下午 spec.jbb.JBBmain DoARun -> 信息:   started user thread for Warehouse 11
2月 15, 2026 7:09:23 下午 spec.jbb.JBBmain DoARun -> 信息:   started user thread for Warehouse 12
2月 15, 2026 7:09:23 下午 spec.jbb.JBBmain DoARun -> 信息:   started user thread for Warehouse 13
2月 15, 2026 7:09:23 下午 spec.jbb.JBBmain DoARun -> 信息:   started user thread for Warehouse 14
2月 15, 2026 7:09:23 下午 spec.jbb.JBBmain DoARun -> 信息:   started user thread for Warehouse 15
2月 15, 2026 7:09:23 下午 spec.jbb.JBBmain DoARun -> 信息:   started user thread for Warehouse 16
2月 15, 2026 7:09:23 下午 spec.jbb.JBBmain DoARun -> 信息:   started user thread for Warehouse 17
2月 15, 2026 7:09:23 下午 spec.jbb.JBBmain DoARun -> 信息:   started user thread for Warehouse 18
2月 15, 2026 7:09:23 下午 spec.jbb.JBBmain DoARun -> 信息:   started user thread for Warehouse 19
2月 15, 2026 7:09:23 下午 spec.jbb.JBBmain DoARun -> 信息:   started user thread for Warehouse 20
2月 15, 2026 7:09:23 下午 spec.jbb.JBBmain DoARun -> 信息:   started user thread for Warehouse 21
2月 15, 2026 7:09:23 下午 spec.jbb.JBBmain DoARun -> 信息:   started user thread for Warehouse 22
2月 15, 2026 7:09:23 下午 spec.jbb.JBBmain DoARun -> 信息:   started user thread for Warehouse 23
2月 15, 2026 7:09:23 下午 spec.jbb.JBBmain DoARun -> 信息:   started user thread for Warehouse 24
2月 15, 2026 7:09:23 下午 spec.jbb.JBBmain DoARun -> 信息:   started user thread for Warehouse 25
2月 15, 2026 7:09:23 下午 spec.jbb.JBBmain DoARun -> 信息:   started user thread for Warehouse 26
2月 15, 2026 7:09:23 下午 spec.jbb.JBBmain DoARun -> 信息:   started user thread for Warehouse 27
2月 15, 2026 7:09:23 下午 spec.jbb.JBBmain DoARun -> 信息:   started user thread for Warehouse 28
2月 15, 2026 7:09:23 下午 spec.jbb.JBBmain DoARun -> 信息:   started user thread for Warehouse 29
2月 15, 2026 7:09:23 下午 spec.jbb.JBBmain DoARun -> 信息:   started user thread for Warehouse 30
2月 15, 2026 7:09:23 下午 spec.jbb.JBBmain DoARun -> 信息:   started user thread for Warehouse 31
2月 15, 2026 7:09:23 下午 spec.jbb.JBBmain DoARun -> 信息:   started user thread for Warehouse 32
2月 15, 2026 7:09:23 下午 spec.jbb.JBBmain DoARun -> 信息:   started user thread for Warehouse 33
2月 15, 2026 7:09:23 下午 spec.jbb.JBBmain DoARun -> 信息:   started user thread for Warehouse 34
2月 15, 2026 7:09:23 下午 spec.jbb.JBBmain DoARun -> 信息:   started user thread for Warehouse 35
2月 15, 2026 7:09:23 下午 spec.jbb.JBBmain DoARun -> 信息:   started user thread for Warehouse 36
2月 15, 2026 7:09:23 下午 spec.jbb.JBBmain DoARun -> 信息:   started user thread for Warehouse 37
2月 15, 2026 7:09:23 下午 spec.jbb.JBBmain DoARun -> 信息:   started user thread for Warehouse 38
2月 15, 2026 7:09:23 下午 spec.jbb.JBBmain DoARun -> 信息:   started user thread for Warehouse 39
2月 15, 2026 7:09:23 下午 spec.jbb.JBBmain DoARun -> 信息:   started user thread for Warehouse 40
2月 15, 2026 7:09:23 下午 spec.jbb.JBBmain DoARun -> 信息:   started user thread for Warehouse 41
2月 15, 2026 7:09:23 下午 spec.jbb.JBBmain DoARun -> 信息:   started user thread for Warehouse 42
2月 15, 2026 7:09:23 下午 spec.jbb.JBBmain DoARun -> 信息:   started user thread for Warehouse 43
2月 15, 2026 7:09:23 下午 spec.jbb.JBBmain DoARun -> 信息:   started user thread for Warehouse 44
2月 15, 2026 7:09:23 下午 spec.jbb.JBBmain DoARun -> 信息:   started user thread for Warehouse 45
2月 15, 2026 7:09:23 下午 spec.jbb.Company displayResultTotals -> 信息: Timing Measurement began Sun Feb 15 19:09:23 CST 2026 for 0.5 minutes
2月 15, 2026 7:09:53 下午 spec.jbb.Company displayResultTotals -> 信息: Timing Measurement ended Sun Feb 15 19:09:53 CST 2026
2月 15, 2026 7:09:53 下午 spec.jbb.Company primeWithDummyData -> 信息: Loading Warehouse 46...
2月 15, 2026 7:09:54 下午 spec.jbb.JBBmain DoARun -> 信息: Start User Threads
2月 15, 2026 7:09:54 下午 spec.jbb.JBBmain DoARun -> 信息:   started user thread for Warehouse 1
2月 15, 2026 7:09:54 下午 spec.jbb.JBBmain DoARun -> 信息:   started user thread for Warehouse 2
2月 15, 2026 7:09:54 下午 spec.jbb.JBBmain DoARun -> 信息:   started user thread for Warehouse 3
2月 15, 2026 7:09:54 下午 spec.jbb.JBBmain DoARun -> 信息:   started user thread for Warehouse 4
2月 15, 2026 7:09:54 下午 spec.jbb.JBBmain DoARun -> 信息:   started user thread for Warehouse 5
2月 15, 2026 7:09:54 下午 spec.jbb.JBBmain DoARun -> 信息:   started user thread for Warehouse 6
2月 15, 2026 7:09:54 下午 spec.jbb.JBBmain DoARun -> 信息:   started user thread for Warehouse 7
2月 15, 2026 7:09:54 下午 spec.jbb.JBBmain DoARun -> 信息:   started user thread for Warehouse 8
2月 15, 2026 7:09:54 下午 spec.jbb.JBBmain DoARun -> 信息:   started user thread for Warehouse 9
2月 15, 2026 7:09:54 下午 spec.jbb.JBBmain DoARun -> 信息:   started user thread for Warehouse 10
2月 15, 2026 7:09:54 下午 spec.jbb.JBBmain DoARun -> 信息:   started user thread for Warehouse 11
2月 15, 2026 7:09:54 下午 spec.jbb.JBBmain DoARun -> 信息:   started user thread for Warehouse 12
2月 15, 2026 7:09:54 下午 spec.jbb.JBBmain DoARun -> 信息:   started user thread for Warehouse 13
2月 15, 2026 7:09:54 下午 spec.jbb.JBBmain DoARun -> 信息:   started user thread for Warehouse 14
2月 15, 2026 7:09:54 下午 spec.jbb.JBBmain DoARun -> 信息:   started user thread for Warehouse 15
2月 15, 2026 7:09:54 下午 spec.jbb.JBBmain DoARun -> 信息:   started user thread for Warehouse 16
2月 15, 2026 7:09:54 下午 spec.jbb.JBBmain DoARun -> 信息:   started user thread for Warehouse 17
2月 15, 2026 7:09:54 下午 spec.jbb.JBBmain DoARun -> 信息:   started user thread for Warehouse 18
2月 15, 2026 7:09:54 下午 spec.jbb.JBBmain DoARun -> 信息:   started user thread for Warehouse 19
2月 15, 2026 7:09:54 下午 spec.jbb.JBBmain DoARun -> 信息:   started user thread for Warehouse 20
2月 15, 2026 7:09:54 下午 spec.jbb.JBBmain DoARun -> 信息:   started user thread for Warehouse 21
2月 15, 2026 7:09:54 下午 spec.jbb.JBBmain DoARun -> 信息:   started user thread for Warehouse 22
2月 15, 2026 7:09:54 下午 spec.jbb.JBBmain DoARun -> 信息:   started user thread for Warehouse 23
2月 15, 2026 7:09:54 下午 spec.jbb.JBBmain DoARun -> 信息:   started user thread for Warehouse 24
2月 15, 2026 7:09:54 下午 spec.jbb.JBBmain DoARun -> 信息:   started user thread for Warehouse 25
2月 15, 2026 7:09:54 下午 spec.jbb.JBBmain DoARun -> 信息:   started user thread for Warehouse 26
2月 15, 2026 7:09:54 下午 spec.jbb.JBBmain DoARun -> 信息:   started user thread for Warehouse 27
2月 15, 2026 7:09:54 下午 spec.jbb.JBBmain DoARun -> 信息:   started user thread for Warehouse 28
2月 15, 2026 7:09:54 下午 spec.jbb.JBBmain DoARun -> 信息:   started user thread for Warehouse 29
2月 15, 2026 7:09:54 下午 spec.jbb.JBBmain DoARun -> 信息:   started user thread for Warehouse 30
2月 15, 2026 7:09:54 下午 spec.jbb.JBBmain DoARun -> 信息:   started user thread for Warehouse 31
2月 15, 2026 7:09:54 下午 spec.jbb.JBBmain DoARun -> 信息:   started user thread for Warehouse 32
2月 15, 2026 7:09:54 下午 spec.jbb.JBBmain DoARun -> 信息:   started user thread for Warehouse 33
2月 15, 2026 7:09:54 下午 spec.jbb.JBBmain DoARun -> 信息:   started user thread for Warehouse 34
2月 15, 2026 7:09:54 下午 spec.jbb.JBBmain DoARun -> 信息:   started user thread for Warehouse 35
2月 15, 2026 7:09:54 下午 spec.jbb.JBBmain DoARun -> 信息:   started user thread for Warehouse 36
2月 15, 2026 7:09:54 下午 spec.jbb.JBBmain DoARun -> 信息:   started user thread for Warehouse 37
2月 15, 2026 7:09:54 下午 spec.jbb.JBBmain DoARun -> 信息:   started user thread for Warehouse 38
2月 15, 2026 7:09:54 下午 spec.jbb.JBBmain DoARun -> 信息:   started user thread for Warehouse 39
2月 15, 2026 7:09:54 下午 spec.jbb.JBBmain DoARun -> 信息:   started user thread for Warehouse 40
2月 15, 2026 7:09:54 下午 spec.jbb.JBBmain DoARun -> 信息:   started user thread for Warehouse 41
2月 15, 2026 7:09:54 下午 spec.jbb.JBBmain DoARun -> 信息:   started user thread for Warehouse 42
2月 15, 2026 7:09:54 下午 spec.jbb.JBBmain DoARun -> 信息:   started user thread for Warehouse 43
2月 15, 2026 7:09:54 下午 spec.jbb.JBBmain DoARun -> 信息:   started user thread for Warehouse 44
2月 15, 2026 7:09:54 下午 spec.jbb.JBBmain DoARun -> 信息:   started user thread for Warehouse 45
2月 15, 2026 7:09:54 下午 spec.jbb.JBBmain DoARun -> 信息:   started user thread for Warehouse 46
2月 15, 2026 7:09:54 下午 spec.jbb.Company displayResultTotals -> 信息: Timing Measurement began Sun Feb 15 19:09:54 CST 2026 for 0.5 minutes
2月 15, 2026 7:10:24 下午 spec.jbb.Company displayResultTotals -> 信息: Timing Measurement ended Sun Feb 15 19:10:24 CST 2026
2月 15, 2026 7:10:24 下午 spec.jbb.Company primeWithDummyData -> 信息: Loading Warehouse 47...
2月 15, 2026 7:10:24 下午 spec.jbb.JBBmain DoARun -> 信息: Start User Threads
2月 15, 2026 7:10:24 下午 spec.jbb.JBBmain DoARun -> 信息:   started user thread for Warehouse 1
2月 15, 2026 7:10:24 下午 spec.jbb.JBBmain DoARun -> 信息:   started user thread for Warehouse 2
2月 15, 2026 7:10:24 下午 spec.jbb.JBBmain DoARun -> 信息:   started user thread for Warehouse 3
2月 15, 2026 7:10:24 下午 spec.jbb.JBBmain DoARun -> 信息:   started user thread for Warehouse 4
2月 15, 2026 7:10:24 下午 spec.jbb.JBBmain DoARun -> 信息:   started user thread for Warehouse 5
2月 15, 2026 7:10:24 下午 spec.jbb.JBBmain DoARun -> 信息:   started user thread for Warehouse 6
2月 15, 2026 7:10:24 下午 spec.jbb.JBBmain DoARun -> 信息:   started user thread for Warehouse 7
2月 15, 2026 7:10:24 下午 spec.jbb.JBBmain DoARun -> 信息:   started user thread for Warehouse 8
2月 15, 2026 7:10:24 下午 spec.jbb.JBBmain DoARun -> 信息:   started user thread for Warehouse 9
2月 15, 2026 7:10:24 下午 spec.jbb.JBBmain DoARun -> 信息:   started user thread for Warehouse 10
2月 15, 2026 7:10:24 下午 spec.jbb.JBBmain DoARun -> 信息:   started user thread for Warehouse 11
2月 15, 2026 7:10:24 下午 spec.jbb.JBBmain DoARun -> 信息:   started user thread for Warehouse 12
2月 15, 2026 7:10:24 下午 spec.jbb.JBBmain DoARun -> 信息:   started user thread for Warehouse 13
2月 15, 2026 7:10:24 下午 spec.jbb.JBBmain DoARun -> 信息:   started user thread for Warehouse 14
2月 15, 2026 7:10:24 下午 spec.jbb.JBBmain DoARun -> 信息:   started user thread for Warehouse 15
2月 15, 2026 7:10:24 下午 spec.jbb.JBBmain DoARun -> 信息:   started user thread for Warehouse 16
2月 15, 2026 7:10:24 下午 spec.jbb.JBBmain DoARun -> 信息:   started user thread for Warehouse 17
2月 15, 2026 7:10:24 下午 spec.jbb.JBBmain DoARun -> 信息:   started user thread for Warehouse 18
2月 15, 2026 7:10:24 下午 spec.jbb.JBBmain DoARun -> 信息:   started user thread for Warehouse 19
2月 15, 2026 7:10:24 下午 spec.jbb.JBBmain DoARun -> 信息:   started user thread for Warehouse 20
2月 15, 2026 7:10:24 下午 spec.jbb.JBBmain DoARun -> 信息:   started user thread for Warehouse 21
2月 15, 2026 7:10:24 下午 spec.jbb.JBBmain DoARun -> 信息:   started user thread for Warehouse 22
2月 15, 2026 7:10:24 下午 spec.jbb.JBBmain DoARun -> 信息:   started user thread for Warehouse 23
2月 15, 2026 7:10:24 下午 spec.jbb.JBBmain DoARun -> 信息:   started user thread for Warehouse 24
2月 15, 2026 7:10:24 下午 spec.jbb.JBBmain DoARun -> 信息:   started user thread for Warehouse 25
2月 15, 2026 7:10:24 下午 spec.jbb.JBBmain DoARun -> 信息:   started user thread for Warehouse 26
2月 15, 2026 7:10:24 下午 spec.jbb.JBBmain DoARun -> 信息:   started user thread for Warehouse 27
2月 15, 2026 7:10:24 下午 spec.jbb.JBBmain DoARun -> 信息:   started user thread for Warehouse 28
2月 15, 2026 7:10:24 下午 spec.jbb.JBBmain DoARun -> 信息:   started user thread for Warehouse 29
2月 15, 2026 7:10:24 下午 spec.jbb.JBBmain DoARun -> 信息:   started user thread for Warehouse 30
2月 15, 2026 7:10:24 下午 spec.jbb.JBBmain DoARun -> 信息:   started user thread for Warehouse 31
2月 15, 2026 7:10:24 下午 spec.jbb.JBBmain DoARun -> 信息:   started user thread for Warehouse 32
2月 15, 2026 7:10:24 下午 spec.jbb.JBBmain DoARun -> 信息:   started user thread for Warehouse 33
2月 15, 2026 7:10:24 下午 spec.jbb.JBBmain DoARun -> 信息:   started user thread for Warehouse 34
2月 15, 2026 7:10:24 下午 spec.jbb.JBBmain DoARun -> 信息:   started user thread for Warehouse 35
2月 15, 2026 7:10:24 下午 spec.jbb.JBBmain DoARun -> 信息:   started user thread for Warehouse 36
2月 15, 2026 7:10:24 下午 spec.jbb.JBBmain DoARun -> 信息:   started user thread for Warehouse 37
2月 15, 2026 7:10:24 下午 spec.jbb.JBBmain DoARun -> 信息:   started user thread for Warehouse 38
2月 15, 2026 7:10:24 下午 spec.jbb.JBBmain DoARun -> 信息:   started user thread for Warehouse 39
2月 15, 2026 7:10:24 下午 spec.jbb.JBBmain DoARun -> 信息:   started user thread for Warehouse 40
2月 15, 2026 7:10:24 下午 spec.jbb.JBBmain DoARun -> 信息:   started user thread for Warehouse 41
2月 15, 2026 7:10:24 下午 spec.jbb.JBBmain DoARun -> 信息:   started user thread for Warehouse 42
2月 15, 2026 7:10:24 下午 spec.jbb.JBBmain DoARun -> 信息:   started user thread for Warehouse 43
2月 15, 2026 7:10:24 下午 spec.jbb.JBBmain DoARun -> 信息:   started user thread for Warehouse 44
2月 15, 2026 7:10:24 下午 spec.jbb.JBBmain DoARun -> 信息:   started user thread for Warehouse 45
2月 15, 2026 7:10:24 下午 spec.jbb.JBBmain DoARun -> 信息:   started user thread for Warehouse 46
2月 15, 2026 7:10:24 下午 spec.jbb.JBBmain DoARun -> 信息:   started user thread for Warehouse 47
2月 15, 2026 7:10:24 下午 spec.jbb.Company displayResultTotals -> 信息: Timing Measurement began Sun Feb 15 19:10:24 CST 2026 for 0.5 minutes
2月 15, 2026 7:10:54 下午 spec.jbb.Company displayResultTotals -> 信息: Timing Measurement ended Sun Feb 15 19:10:54 CST 2026
2月 15, 2026 7:10:54 下午 spec.jbb.Company primeWithDummyData -> 信息: Loading Warehouse 48...
2月 15, 2026 7:10:54 下午 spec.jbb.JBBmain DoARun -> 信息: Start User Threads
2月 15, 2026 7:10:54 下午 spec.jbb.JBBmain DoARun -> 信息:   started user thread for Warehouse 1
2月 15, 2026 7:10:54 下午 spec.jbb.JBBmain DoARun -> 信息:   started user thread for Warehouse 2
2月 15, 2026 7:10:54 下午 spec.jbb.JBBmain DoARun -> 信息:   started user thread for Warehouse 3
2月 15, 2026 7:10:54 下午 spec.jbb.JBBmain DoARun -> 信息:   started user thread for Warehouse 4
2月 15, 2026 7:10:54 下午 spec.jbb.JBBmain DoARun -> 信息:   started user thread for Warehouse 5
2月 15, 2026 7:10:54 下午 spec.jbb.JBBmain DoARun -> 信息:   started user thread for Warehouse 6
2月 15, 2026 7:10:54 下午 spec.jbb.JBBmain DoARun -> 信息:   started user thread for Warehouse 7
2月 15, 2026 7:10:54 下午 spec.jbb.JBBmain DoARun -> 信息:   started user thread for Warehouse 8
2月 15, 2026 7:10:54 下午 spec.jbb.JBBmain DoARun -> 信息:   started user thread for Warehouse 9
2月 15, 2026 7:10:54 下午 spec.jbb.JBBmain DoARun -> 信息:   started user thread for Warehouse 10
2月 15, 2026 7:10:54 下午 spec.jbb.JBBmain DoARun -> 信息:   started user thread for Warehouse 11
2月 15, 2026 7:10:54 下午 spec.jbb.JBBmain DoARun -> 信息:   started user thread for Warehouse 12
2月 15, 2026 7:10:54 下午 spec.jbb.JBBmain DoARun -> 信息:   started user thread for Warehouse 13
2月 15, 2026 7:10:54 下午 spec.jbb.JBBmain DoARun -> 信息:   started user thread for Warehouse 14
2月 15, 2026 7:10:54 下午 spec.jbb.JBBmain DoARun -> 信息:   started user thread for Warehouse 15
2月 15, 2026 7:10:54 下午 spec.jbb.JBBmain DoARun -> 信息:   started user thread for Warehouse 16
2月 15, 2026 7:10:54 下午 spec.jbb.JBBmain DoARun -> 信息:   started user thread for Warehouse 17
2月 15, 2026 7:10:54 下午 spec.jbb.JBBmain DoARun -> 信息:   started user thread for Warehouse 18
2月 15, 2026 7:10:54 下午 spec.jbb.JBBmain DoARun -> 信息:   started user thread for Warehouse 19
2月 15, 2026 7:10:54 下午 spec.jbb.JBBmain DoARun -> 信息:   started user thread for Warehouse 20
2月 15, 2026 7:10:54 下午 spec.jbb.JBBmain DoARun -> 信息:   started user thread for Warehouse 21
2月 15, 2026 7:10:54 下午 spec.jbb.JBBmain DoARun -> 信息:   started user thread for Warehouse 22
2月 15, 2026 7:10:54 下午 spec.jbb.JBBmain DoARun -> 信息:   started user thread for Warehouse 23
2月 15, 2026 7:10:54 下午 spec.jbb.JBBmain DoARun -> 信息:   started user thread for Warehouse 24
2月 15, 2026 7:10:54 下午 spec.jbb.JBBmain DoARun -> 信息:   started user thread for Warehouse 25
2月 15, 2026 7:10:54 下午 spec.jbb.JBBmain DoARun -> 信息:   started user thread for Warehouse 26
2月 15, 2026 7:10:54 下午 spec.jbb.JBBmain DoARun -> 信息:   started user thread for Warehouse 27
2月 15, 2026 7:10:54 下午 spec.jbb.JBBmain DoARun -> 信息:   started user thread for Warehouse 28
2月 15, 2026 7:10:54 下午 spec.jbb.JBBmain DoARun -> 信息:   started user thread for Warehouse 29
2月 15, 2026 7:10:54 下午 spec.jbb.JBBmain DoARun -> 信息:   started user thread for Warehouse 30
2月 15, 2026 7:10:54 下午 spec.jbb.JBBmain DoARun -> 信息:   started user thread for Warehouse 31
2月 15, 2026 7:10:54 下午 spec.jbb.JBBmain DoARun -> 信息:   started user thread for Warehouse 32
2月 15, 2026 7:10:54 下午 spec.jbb.JBBmain DoARun -> 信息:   started user thread for Warehouse 33
2月 15, 2026 7:10:54 下午 spec.jbb.JBBmain DoARun -> 信息:   started user thread for Warehouse 34
2月 15, 2026 7:10:54 下午 spec.jbb.JBBmain DoARun -> 信息:   started user thread for Warehouse 35
2月 15, 2026 7:10:54 下午 spec.jbb.JBBmain DoARun -> 信息:   started user thread for Warehouse 36
2月 15, 2026 7:10:54 下午 spec.jbb.JBBmain DoARun -> 信息:   started user thread for Warehouse 37
2月 15, 2026 7:10:54 下午 spec.jbb.JBBmain DoARun -> 信息:   started user thread for Warehouse 38
2月 15, 2026 7:10:54 下午 spec.jbb.JBBmain DoARun -> 信息:   started user thread for Warehouse 39
2月 15, 2026 7:10:54 下午 spec.jbb.JBBmain DoARun -> 信息:   started user thread for Warehouse 40
2月 15, 2026 7:10:54 下午 spec.jbb.JBBmain DoARun -> 信息:   started user thread for Warehouse 41
2月 15, 2026 7:10:54 下午 spec.jbb.JBBmain DoARun -> 信息:   started user thread for Warehouse 42
2月 15, 2026 7:10:54 下午 spec.jbb.JBBmain DoARun -> 信息:   started user thread for Warehouse 43
2月 15, 2026 7:10:54 下午 spec.jbb.JBBmain DoARun -> 信息:   started user thread for Warehouse 44
2月 15, 2026 7:10:54 下午 spec.jbb.JBBmain DoARun -> 信息:   started user thread for Warehouse 45
2月 15, 2026 7:10:54 下午 spec.jbb.JBBmain DoARun -> 信息:   started user thread for Warehouse 46
2月 15, 2026 7:10:54 下午 spec.jbb.JBBmain DoARun -> 信息:   started user thread for Warehouse 47
2月 15, 2026 7:10:54 下午 spec.jbb.JBBmain DoARun -> 信息:   started user thread for Warehouse 48
2月 15, 2026 7:10:54 下午 spec.jbb.Company displayResultTotals -> 信息: Timing Measurement began Sun Feb 15 19:10:54 CST 2026 for 0.5 minutes
2月 15, 2026 7:11:24 下午 spec.jbb.Company displayResultTotals -> 信息: Timing Measurement ended Sun Feb 15 19:11:24 CST 2026
2月 15, 2026 7:11:24 下午 spec.jbb.Company primeWithDummyData -> 信息: Loading Warehouse 49...
2月 15, 2026 7:11:24 下午 spec.jbb.JBBmain DoARun -> 信息: Start User Threads
2月 15, 2026 7:11:24 下午 spec.jbb.JBBmain DoARun -> 信息:   started user thread for Warehouse 1
2月 15, 2026 7:11:24 下午 spec.jbb.JBBmain DoARun -> 信息:   started user thread for Warehouse 2
2月 15, 2026 7:11:24 下午 spec.jbb.JBBmain DoARun -> 信息:   started user thread for Warehouse 3
2月 15, 2026 7:11:24 下午 spec.jbb.JBBmain DoARun -> 信息:   started user thread for Warehouse 4
2月 15, 2026 7:11:24 下午 spec.jbb.JBBmain DoARun -> 信息:   started user thread for Warehouse 5
2月 15, 2026 7:11:24 下午 spec.jbb.JBBmain DoARun -> 信息:   started user thread for Warehouse 6
2月 15, 2026 7:11:24 下午 spec.jbb.JBBmain DoARun -> 信息:   started user thread for Warehouse 7
2月 15, 2026 7:11:24 下午 spec.jbb.JBBmain DoARun -> 信息:   started user thread for Warehouse 8
2月 15, 2026 7:11:24 下午 spec.jbb.JBBmain DoARun -> 信息:   started user thread for Warehouse 9
2月 15, 2026 7:11:24 下午 spec.jbb.JBBmain DoARun -> 信息:   started user thread for Warehouse 10
2月 15, 2026 7:11:24 下午 spec.jbb.JBBmain DoARun -> 信息:   started user thread for Warehouse 11
2月 15, 2026 7:11:24 下午 spec.jbb.JBBmain DoARun -> 信息:   started user thread for Warehouse 12
2月 15, 2026 7:11:24 下午 spec.jbb.JBBmain DoARun -> 信息:   started user thread for Warehouse 13
2月 15, 2026 7:11:24 下午 spec.jbb.JBBmain DoARun -> 信息:   started user thread for Warehouse 14
2月 15, 2026 7:11:24 下午 spec.jbb.JBBmain DoARun -> 信息:   started user thread for Warehouse 15
2月 15, 2026 7:11:24 下午 spec.jbb.JBBmain DoARun -> 信息:   started user thread for Warehouse 16
2月 15, 2026 7:11:24 下午 spec.jbb.JBBmain DoARun -> 信息:   started user thread for Warehouse 17
2月 15, 2026 7:11:24 下午 spec.jbb.JBBmain DoARun -> 信息:   started user thread for Warehouse 18
2月 15, 2026 7:11:24 下午 spec.jbb.JBBmain DoARun -> 信息:   started user thread for Warehouse 19
2月 15, 2026 7:11:24 下午 spec.jbb.JBBmain DoARun -> 信息:   started user thread for Warehouse 20
2月 15, 2026 7:11:24 下午 spec.jbb.JBBmain DoARun -> 信息:   started user thread for Warehouse 21
2月 15, 2026 7:11:24 下午 spec.jbb.JBBmain DoARun -> 信息:   started user thread for Warehouse 22
2月 15, 2026 7:11:24 下午 spec.jbb.JBBmain DoARun -> 信息:   started user thread for Warehouse 23
2月 15, 2026 7:11:24 下午 spec.jbb.JBBmain DoARun -> 信息:   started user thread for Warehouse 24
2月 15, 2026 7:11:24 下午 spec.jbb.JBBmain DoARun -> 信息:   started user thread for Warehouse 25
2月 15, 2026 7:11:24 下午 spec.jbb.JBBmain DoARun -> 信息:   started user thread for Warehouse 26
2月 15, 2026 7:11:24 下午 spec.jbb.JBBmain DoARun -> 信息:   started user thread for Warehouse 27
2月 15, 2026 7:11:24 下午 spec.jbb.JBBmain DoARun -> 信息:   started user thread for Warehouse 28
2月 15, 2026 7:11:24 下午 spec.jbb.JBBmain DoARun -> 信息:   started user thread for Warehouse 29
2月 15, 2026 7:11:24 下午 spec.jbb.JBBmain DoARun -> 信息:   started user thread for Warehouse 30
2月 15, 2026 7:11:24 下午 spec.jbb.JBBmain DoARun -> 信息:   started user thread for Warehouse 31
2月 15, 2026 7:11:24 下午 spec.jbb.JBBmain DoARun -> 信息:   started user thread for Warehouse 32
2月 15, 2026 7:11:24 下午 spec.jbb.JBBmain DoARun -> 信息:   started user thread for Warehouse 33
2月 15, 2026 7:11:24 下午 spec.jbb.JBBmain DoARun -> 信息:   started user thread for Warehouse 34
2月 15, 2026 7:11:24 下午 spec.jbb.JBBmain DoARun -> 信息:   started user thread for Warehouse 35
2月 15, 2026 7:11:24 下午 spec.jbb.JBBmain DoARun -> 信息:   started user thread for Warehouse 36
2月 15, 2026 7:11:24 下午 spec.jbb.JBBmain DoARun -> 信息:   started user thread for Warehouse 37
2月 15, 2026 7:11:24 下午 spec.jbb.JBBmain DoARun -> 信息:   started user thread for Warehouse 38
2月 15, 2026 7:11:24 下午 spec.jbb.JBBmain DoARun -> 信息:   started user thread for Warehouse 39
2月 15, 2026 7:11:24 下午 spec.jbb.JBBmain DoARun -> 信息:   started user thread for Warehouse 40
2月 15, 2026 7:11:24 下午 spec.jbb.JBBmain DoARun -> 信息:   started user thread for Warehouse 41
2月 15, 2026 7:11:24 下午 spec.jbb.JBBmain DoARun -> 信息:   started user thread for Warehouse 42
2月 15, 2026 7:11:24 下午 spec.jbb.JBBmain DoARun -> 信息:   started user thread for Warehouse 43
2月 15, 2026 7:11:24 下午 spec.jbb.JBBmain DoARun -> 信息:   started user thread for Warehouse 44
2月 15, 2026 7:11:24 下午 spec.jbb.JBBmain DoARun -> 信息:   started user thread for Warehouse 45
2月 15, 2026 7:11:24 下午 spec.jbb.JBBmain DoARun -> 信息:   started user thread for Warehouse 46
2月 15, 2026 7:11:24 下午 spec.jbb.JBBmain DoARun -> 信息:   started user thread for Warehouse 47
2月 15, 2026 7:11:24 下午 spec.jbb.JBBmain DoARun -> 信息:   started user thread for Warehouse 48
2月 15, 2026 7:11:24 下午 spec.jbb.JBBmain DoARun -> 信息:   started user thread for Warehouse 49
2月 15, 2026 7:11:24 下午 spec.jbb.Company displayResultTotals -> 信息: Timing Measurement began Sun Feb 15 19:11:24 CST 2026 for 0.5 minutes
2月 15, 2026 7:11:54 下午 spec.jbb.Company displayResultTotals -> 信息: Timing Measurement ended Sun Feb 15 19:11:54 CST 2026
2月 15, 2026 7:11:54 下午 spec.jbb.Company primeWithDummyData -> 信息: Loading Warehouse 50...
2月 15, 2026 7:11:54 下午 spec.jbb.JBBmain DoARun -> 信息: Start User Threads
2月 15, 2026 7:11:54 下午 spec.jbb.JBBmain DoARun -> 信息:   started user thread for Warehouse 1
2月 15, 2026 7:11:54 下午 spec.jbb.JBBmain DoARun -> 信息:   started user thread for Warehouse 2
2月 15, 2026 7:11:54 下午 spec.jbb.JBBmain DoARun -> 信息:   started user thread for Warehouse 3
2月 15, 2026 7:11:54 下午 spec.jbb.JBBmain DoARun -> 信息:   started user thread for Warehouse 4
2月 15, 2026 7:11:54 下午 spec.jbb.JBBmain DoARun -> 信息:   started user thread for Warehouse 5
2月 15, 2026 7:11:54 下午 spec.jbb.JBBmain DoARun -> 信息:   started user thread for Warehouse 6
2月 15, 2026 7:11:54 下午 spec.jbb.JBBmain DoARun -> 信息:   started user thread for Warehouse 7
2月 15, 2026 7:11:54 下午 spec.jbb.JBBmain DoARun -> 信息:   started user thread for Warehouse 8
2月 15, 2026 7:11:54 下午 spec.jbb.JBBmain DoARun -> 信息:   started user thread for Warehouse 9
2月 15, 2026 7:11:54 下午 spec.jbb.JBBmain DoARun -> 信息:   started user thread for Warehouse 10
2月 15, 2026 7:11:54 下午 spec.jbb.JBBmain DoARun -> 信息:   started user thread for Warehouse 11
2月 15, 2026 7:11:54 下午 spec.jbb.JBBmain DoARun -> 信息:   started user thread for Warehouse 12
2月 15, 2026 7:11:54 下午 spec.jbb.JBBmain DoARun -> 信息:   started user thread for Warehouse 13
2月 15, 2026 7:11:54 下午 spec.jbb.JBBmain DoARun -> 信息:   started user thread for Warehouse 14
2月 15, 2026 7:11:54 下午 spec.jbb.JBBmain DoARun -> 信息:   started user thread for Warehouse 15
2月 15, 2026 7:11:54 下午 spec.jbb.JBBmain DoARun -> 信息:   started user thread for Warehouse 16
2月 15, 2026 7:11:54 下午 spec.jbb.JBBmain DoARun -> 信息:   started user thread for Warehouse 17
2月 15, 2026 7:11:54 下午 spec.jbb.JBBmain DoARun -> 信息:   started user thread for Warehouse 18
2月 15, 2026 7:11:54 下午 spec.jbb.JBBmain DoARun -> 信息:   started user thread for Warehouse 19
2月 15, 2026 7:11:54 下午 spec.jbb.JBBmain DoARun -> 信息:   started user thread for Warehouse 20
2月 15, 2026 7:11:54 下午 spec.jbb.JBBmain DoARun -> 信息:   started user thread for Warehouse 21
2月 15, 2026 7:11:54 下午 spec.jbb.JBBmain DoARun -> 信息:   started user thread for Warehouse 22
2月 15, 2026 7:11:54 下午 spec.jbb.JBBmain DoARun -> 信息:   started user thread for Warehouse 23
2月 15, 2026 7:11:54 下午 spec.jbb.JBBmain DoARun -> 信息:   started user thread for Warehouse 24
2月 15, 2026 7:11:54 下午 spec.jbb.JBBmain DoARun -> 信息:   started user thread for Warehouse 25
2月 15, 2026 7:11:54 下午 spec.jbb.JBBmain DoARun -> 信息:   started user thread for Warehouse 26
2月 15, 2026 7:11:54 下午 spec.jbb.JBBmain DoARun -> 信息:   started user thread for Warehouse 27
2月 15, 2026 7:11:54 下午 spec.jbb.JBBmain DoARun -> 信息:   started user thread for Warehouse 28
2月 15, 2026 7:11:54 下午 spec.jbb.JBBmain DoARun -> 信息:   started user thread for Warehouse 29
2月 15, 2026 7:11:54 下午 spec.jbb.JBBmain DoARun -> 信息:   started user thread for Warehouse 30
2月 15, 2026 7:11:54 下午 spec.jbb.JBBmain DoARun -> 信息:   started user thread for Warehouse 31
2月 15, 2026 7:11:54 下午 spec.jbb.JBBmain DoARun -> 信息:   started user thread for Warehouse 32
2月 15, 2026 7:11:54 下午 spec.jbb.JBBmain DoARun -> 信息:   started user thread for Warehouse 33
2月 15, 2026 7:11:54 下午 spec.jbb.JBBmain DoARun -> 信息:   started user thread for Warehouse 34
2月 15, 2026 7:11:54 下午 spec.jbb.JBBmain DoARun -> 信息:   started user thread for Warehouse 35
2月 15, 2026 7:11:54 下午 spec.jbb.JBBmain DoARun -> 信息:   started user thread for Warehouse 36
2月 15, 2026 7:11:54 下午 spec.jbb.JBBmain DoARun -> 信息:   started user thread for Warehouse 37
2月 15, 2026 7:11:54 下午 spec.jbb.JBBmain DoARun -> 信息:   started user thread for Warehouse 38
2月 15, 2026 7:11:54 下午 spec.jbb.JBBmain DoARun -> 信息:   started user thread for Warehouse 39
2月 15, 2026 7:11:54 下午 spec.jbb.JBBmain DoARun -> 信息:   started user thread for Warehouse 40
2月 15, 2026 7:11:54 下午 spec.jbb.JBBmain DoARun -> 信息:   started user thread for Warehouse 41
2月 15, 2026 7:11:54 下午 spec.jbb.JBBmain DoARun -> 信息:   started user thread for Warehouse 42
2月 15, 2026 7:11:54 下午 spec.jbb.JBBmain DoARun -> 信息:   started user thread for Warehouse 43
2月 15, 2026 7:11:54 下午 spec.jbb.JBBmain DoARun -> 信息:   started user thread for Warehouse 44
2月 15, 2026 7:11:54 下午 spec.jbb.JBBmain DoARun -> 信息:   started user thread for Warehouse 45
2月 15, 2026 7:11:54 下午 spec.jbb.JBBmain DoARun -> 信息:   started user thread for Warehouse 46
2月 15, 2026 7:11:54 下午 spec.jbb.JBBmain DoARun -> 信息:   started user thread for Warehouse 47
2月 15, 2026 7:11:54 下午 spec.jbb.JBBmain DoARun -> 信息:   started user thread for Warehouse 48
2月 15, 2026 7:11:54 下午 spec.jbb.JBBmain DoARun -> 信息:   started user thread for Warehouse 49
2月 15, 2026 7:11:54 下午 spec.jbb.JBBmain DoARun -> 信息:   started user thread for Warehouse 50
2月 15, 2026 7:11:54 下午 spec.jbb.Company displayResultTotals -> 信息: Timing Measurement began Sun Feb 15 19:11:54 CST 2026 for 0.5 minutes
2月 15, 2026 7:12:24 下午 spec.jbb.Company displayResultTotals -> 信息: Timing Measurement ended Sun Feb 15 19:12:24 CST 2026
2月 15, 2026 7:12:24 下午 spec.jbb.Company primeWithDummyData -> 信息: Loading Warehouse 51...
2月 15, 2026 7:12:25 下午 spec.jbb.JBBmain DoARun -> 信息: Start User Threads
2月 15, 2026 7:12:25 下午 spec.jbb.JBBmain DoARun -> 信息:   started user thread for Warehouse 1
2月 15, 2026 7:12:25 下午 spec.jbb.JBBmain DoARun -> 信息:   started user thread for Warehouse 2
2月 15, 2026 7:12:25 下午 spec.jbb.JBBmain DoARun -> 信息:   started user thread for Warehouse 3
2月 15, 2026 7:12:25 下午 spec.jbb.JBBmain DoARun -> 信息:   started user thread for Warehouse 4
2月 15, 2026 7:12:25 下午 spec.jbb.JBBmain DoARun -> 信息:   started user thread for Warehouse 5
2月 15, 2026 7:12:25 下午 spec.jbb.JBBmain DoARun -> 信息:   started user thread for Warehouse 6
2月 15, 2026 7:12:25 下午 spec.jbb.JBBmain DoARun -> 信息:   started user thread for Warehouse 7
2月 15, 2026 7:12:25 下午 spec.jbb.JBBmain DoARun -> 信息:   started user thread for Warehouse 8
2月 15, 2026 7:12:25 下午 spec.jbb.JBBmain DoARun -> 信息:   started user thread for Warehouse 9
2月 15, 2026 7:12:25 下午 spec.jbb.JBBmain DoARun -> 信息:   started user thread for Warehouse 10
2月 15, 2026 7:12:25 下午 spec.jbb.JBBmain DoARun -> 信息:   started user thread for Warehouse 11
2月 15, 2026 7:12:25 下午 spec.jbb.JBBmain DoARun -> 信息:   started user thread for Warehouse 12
2月 15, 2026 7:12:25 下午 spec.jbb.JBBmain DoARun -> 信息:   started user thread for Warehouse 13
2月 15, 2026 7:12:25 下午 spec.jbb.JBBmain DoARun -> 信息:   started user thread for Warehouse 14
2月 15, 2026 7:12:25 下午 spec.jbb.JBBmain DoARun -> 信息:   started user thread for Warehouse 15
2月 15, 2026 7:12:25 下午 spec.jbb.JBBmain DoARun -> 信息:   started user thread for Warehouse 16
2月 15, 2026 7:12:25 下午 spec.jbb.JBBmain DoARun -> 信息:   started user thread for Warehouse 17
2月 15, 2026 7:12:25 下午 spec.jbb.JBBmain DoARun -> 信息:   started user thread for Warehouse 18
2月 15, 2026 7:12:25 下午 spec.jbb.JBBmain DoARun -> 信息:   started user thread for Warehouse 19
2月 15, 2026 7:12:25 下午 spec.jbb.JBBmain DoARun -> 信息:   started user thread for Warehouse 20
2月 15, 2026 7:12:25 下午 spec.jbb.JBBmain DoARun -> 信息:   started user thread for Warehouse 21
2月 15, 2026 7:12:25 下午 spec.jbb.JBBmain DoARun -> 信息:   started user thread for Warehouse 22
2月 15, 2026 7:12:25 下午 spec.jbb.JBBmain DoARun -> 信息:   started user thread for Warehouse 23
2月 15, 2026 7:12:25 下午 spec.jbb.JBBmain DoARun -> 信息:   started user thread for Warehouse 24
2月 15, 2026 7:12:25 下午 spec.jbb.JBBmain DoARun -> 信息:   started user thread for Warehouse 25
2月 15, 2026 7:12:25 下午 spec.jbb.JBBmain DoARun -> 信息:   started user thread for Warehouse 26
2月 15, 2026 7:12:25 下午 spec.jbb.JBBmain DoARun -> 信息:   started user thread for Warehouse 27
2月 15, 2026 7:12:25 下午 spec.jbb.JBBmain DoARun -> 信息:   started user thread for Warehouse 28
2月 15, 2026 7:12:25 下午 spec.jbb.JBBmain DoARun -> 信息:   started user thread for Warehouse 29
2月 15, 2026 7:12:25 下午 spec.jbb.JBBmain DoARun -> 信息:   started user thread for Warehouse 30
2月 15, 2026 7:12:25 下午 spec.jbb.JBBmain DoARun -> 信息:   started user thread for Warehouse 31
2月 15, 2026 7:12:25 下午 spec.jbb.JBBmain DoARun -> 信息:   started user thread for Warehouse 32
2月 15, 2026 7:12:25 下午 spec.jbb.JBBmain DoARun -> 信息:   started user thread for Warehouse 33
2月 15, 2026 7:12:25 下午 spec.jbb.JBBmain DoARun -> 信息:   started user thread for Warehouse 34
2月 15, 2026 7:12:25 下午 spec.jbb.JBBmain DoARun -> 信息:   started user thread for Warehouse 35
2月 15, 2026 7:12:25 下午 spec.jbb.JBBmain DoARun -> 信息:   started user thread for Warehouse 36
2月 15, 2026 7:12:25 下午 spec.jbb.JBBmain DoARun -> 信息:   started user thread for Warehouse 37
2月 15, 2026 7:12:25 下午 spec.jbb.JBBmain DoARun -> 信息:   started user thread for Warehouse 38
2月 15, 2026 7:12:25 下午 spec.jbb.JBBmain DoARun -> 信息:   started user thread for Warehouse 39
2月 15, 2026 7:12:25 下午 spec.jbb.JBBmain DoARun -> 信息:   started user thread for Warehouse 40
2月 15, 2026 7:12:25 下午 spec.jbb.JBBmain DoARun -> 信息:   started user thread for Warehouse 41
2月 15, 2026 7:12:25 下午 spec.jbb.JBBmain DoARun -> 信息:   started user thread for Warehouse 42
2月 15, 2026 7:12:25 下午 spec.jbb.JBBmain DoARun -> 信息:   started user thread for Warehouse 43
2月 15, 2026 7:12:25 下午 spec.jbb.JBBmain DoARun -> 信息:   started user thread for Warehouse 44
2月 15, 2026 7:12:25 下午 spec.jbb.JBBmain DoARun -> 信息:   started user thread for Warehouse 45
2月 15, 2026 7:12:25 下午 spec.jbb.JBBmain DoARun -> 信息:   started user thread for Warehouse 46
2月 15, 2026 7:12:25 下午 spec.jbb.JBBmain DoARun -> 信息:   started user thread for Warehouse 47
2月 15, 2026 7:12:25 下午 spec.jbb.JBBmain DoARun -> 信息:   started user thread for Warehouse 48
2月 15, 2026 7:12:25 下午 spec.jbb.JBBmain DoARun -> 信息:   started user thread for Warehouse 49
2月 15, 2026 7:12:25 下午 spec.jbb.JBBmain DoARun -> 信息:   started user thread for Warehouse 50
2月 15, 2026 7:12:25 下午 spec.jbb.JBBmain DoARun -> 信息:   started user thread for Warehouse 51
2月 15, 2026 7:12:25 下午 spec.jbb.Company displayResultTotals -> 信息: Timing Measurement began Sun Feb 15 19:12:25 CST 2026 for 0.5 minutes
2月 15, 2026 7:12:55 下午 spec.jbb.Company displayResultTotals -> 信息: Timing Measurement ended Sun Feb 15 19:12:55 CST 2026
2月 15, 2026 7:12:55 下午 spec.jbb.Company primeWithDummyData -> 信息: Loading Warehouse 52...
2月 15, 2026 7:12:55 下午 spec.jbb.JBBmain DoARun -> 信息: Start User Threads
2月 15, 2026 7:12:55 下午 spec.jbb.JBBmain DoARun -> 信息:   started user thread for Warehouse 1
2月 15, 2026 7:12:55 下午 spec.jbb.JBBmain DoARun -> 信息:   started user thread for Warehouse 2
2月 15, 2026 7:12:55 下午 spec.jbb.JBBmain DoARun -> 信息:   started user thread for Warehouse 3
2月 15, 2026 7:12:55 下午 spec.jbb.JBBmain DoARun -> 信息:   started user thread for Warehouse 4
2月 15, 2026 7:12:55 下午 spec.jbb.JBBmain DoARun -> 信息:   started user thread for Warehouse 5
2月 15, 2026 7:12:55 下午 spec.jbb.JBBmain DoARun -> 信息:   started user thread for Warehouse 6
2月 15, 2026 7:12:55 下午 spec.jbb.JBBmain DoARun -> 信息:   started user thread for Warehouse 7
2月 15, 2026 7:12:55 下午 spec.jbb.JBBmain DoARun -> 信息:   started user thread for Warehouse 8
2月 15, 2026 7:12:55 下午 spec.jbb.JBBmain DoARun -> 信息:   started user thread for Warehouse 9
2月 15, 2026 7:12:55 下午 spec.jbb.JBBmain DoARun -> 信息:   started user thread for Warehouse 10
2月 15, 2026 7:12:55 下午 spec.jbb.JBBmain DoARun -> 信息:   started user thread for Warehouse 11
2月 15, 2026 7:12:55 下午 spec.jbb.JBBmain DoARun -> 信息:   started user thread for Warehouse 12
2月 15, 2026 7:12:55 下午 spec.jbb.JBBmain DoARun -> 信息:   started user thread for Warehouse 13
2月 15, 2026 7:12:55 下午 spec.jbb.JBBmain DoARun -> 信息:   started user thread for Warehouse 14
2月 15, 2026 7:12:55 下午 spec.jbb.JBBmain DoARun -> 信息:   started user thread for Warehouse 15
2月 15, 2026 7:12:55 下午 spec.jbb.JBBmain DoARun -> 信息:   started user thread for Warehouse 16
2月 15, 2026 7:12:55 下午 spec.jbb.JBBmain DoARun -> 信息:   started user thread for Warehouse 17
2月 15, 2026 7:12:55 下午 spec.jbb.JBBmain DoARun -> 信息:   started user thread for Warehouse 18
2月 15, 2026 7:12:55 下午 spec.jbb.JBBmain DoARun -> 信息:   started user thread for Warehouse 19
2月 15, 2026 7:12:55 下午 spec.jbb.JBBmain DoARun -> 信息:   started user thread for Warehouse 20
2月 15, 2026 7:12:55 下午 spec.jbb.JBBmain DoARun -> 信息:   started user thread for Warehouse 21
2月 15, 2026 7:12:55 下午 spec.jbb.JBBmain DoARun -> 信息:   started user thread for Warehouse 22
2月 15, 2026 7:12:55 下午 spec.jbb.JBBmain DoARun -> 信息:   started user thread for Warehouse 23
2月 15, 2026 7:12:55 下午 spec.jbb.JBBmain DoARun -> 信息:   started user thread for Warehouse 24
2月 15, 2026 7:12:55 下午 spec.jbb.JBBmain DoARun -> 信息:   started user thread for Warehouse 25
2月 15, 2026 7:12:55 下午 spec.jbb.JBBmain DoARun -> 信息:   started user thread for Warehouse 26
2月 15, 2026 7:12:55 下午 spec.jbb.JBBmain DoARun -> 信息:   started user thread for Warehouse 27
2月 15, 2026 7:12:55 下午 spec.jbb.JBBmain DoARun -> 信息:   started user thread for Warehouse 28
2月 15, 2026 7:12:55 下午 spec.jbb.JBBmain DoARun -> 信息:   started user thread for Warehouse 29
2月 15, 2026 7:12:55 下午 spec.jbb.JBBmain DoARun -> 信息:   started user thread for Warehouse 30
2月 15, 2026 7:12:55 下午 spec.jbb.JBBmain DoARun -> 信息:   started user thread for Warehouse 31
2月 15, 2026 7:12:55 下午 spec.jbb.JBBmain DoARun -> 信息:   started user thread for Warehouse 32
2月 15, 2026 7:12:55 下午 spec.jbb.JBBmain DoARun -> 信息:   started user thread for Warehouse 33
2月 15, 2026 7:12:55 下午 spec.jbb.JBBmain DoARun -> 信息:   started user thread for Warehouse 34
2月 15, 2026 7:12:55 下午 spec.jbb.JBBmain DoARun -> 信息:   started user thread for Warehouse 35
2月 15, 2026 7:12:55 下午 spec.jbb.JBBmain DoARun -> 信息:   started user thread for Warehouse 36
2月 15, 2026 7:12:55 下午 spec.jbb.JBBmain DoARun -> 信息:   started user thread for Warehouse 37
2月 15, 2026 7:12:55 下午 spec.jbb.JBBmain DoARun -> 信息:   started user thread for Warehouse 38
2月 15, 2026 7:12:55 下午 spec.jbb.JBBmain DoARun -> 信息:   started user thread for Warehouse 39
2月 15, 2026 7:12:55 下午 spec.jbb.JBBmain DoARun -> 信息:   started user thread for Warehouse 40
2月 15, 2026 7:12:55 下午 spec.jbb.JBBmain DoARun -> 信息:   started user thread for Warehouse 41
2月 15, 2026 7:12:55 下午 spec.jbb.JBBmain DoARun -> 信息:   started user thread for Warehouse 42
2月 15, 2026 7:12:55 下午 spec.jbb.JBBmain DoARun -> 信息:   started user thread for Warehouse 43
2月 15, 2026 7:12:55 下午 spec.jbb.JBBmain DoARun -> 信息:   started user thread for Warehouse 44
2月 15, 2026 7:12:55 下午 spec.jbb.JBBmain DoARun -> 信息:   started user thread for Warehouse 45
2月 15, 2026 7:12:55 下午 spec.jbb.JBBmain DoARun -> 信息:   started user thread for Warehouse 46
2月 15, 2026 7:12:55 下午 spec.jbb.JBBmain DoARun -> 信息:   started user thread for Warehouse 47
2月 15, 2026 7:12:55 下午 spec.jbb.JBBmain DoARun -> 信息:   started user thread for Warehouse 48
2月 15, 2026 7:12:55 下午 spec.jbb.JBBmain DoARun -> 信息:   started user thread for Warehouse 49
2月 15, 2026 7:12:55 下午 spec.jbb.JBBmain DoARun -> 信息:   started user thread for Warehouse 50
2月 15, 2026 7:12:55 下午 spec.jbb.JBBmain DoARun -> 信息:   started user thread for Warehouse 51
2月 15, 2026 7:12:55 下午 spec.jbb.JBBmain DoARun -> 信息:   started user thread for Warehouse 52
2月 15, 2026 7:12:55 下午 spec.jbb.Company displayResultTotals -> 信息: Timing Measurement began Sun Feb 15 19:12:55 CST 2026 for 0.5 minutes
2月 15, 2026 7:13:25 下午 spec.jbb.Company displayResultTotals -> 信息: Timing Measurement ended Sun Feb 15 19:13:25 CST 2026
2月 15, 2026 7:13:25 下午 spec.jbb.Company primeWithDummyData -> 信息: Loading Warehouse 53...
2月 15, 2026 7:13:25 下午 spec.jbb.JBBmain DoARun -> 信息: Start User Threads
2月 15, 2026 7:13:25 下午 spec.jbb.JBBmain DoARun -> 信息:   started user thread for Warehouse 1
2月 15, 2026 7:13:25 下午 spec.jbb.JBBmain DoARun -> 信息:   started user thread for Warehouse 2
2月 15, 2026 7:13:25 下午 spec.jbb.JBBmain DoARun -> 信息:   started user thread for Warehouse 3
2月 15, 2026 7:13:25 下午 spec.jbb.JBBmain DoARun -> 信息:   started user thread for Warehouse 4
2月 15, 2026 7:13:25 下午 spec.jbb.JBBmain DoARun -> 信息:   started user thread for Warehouse 5
2月 15, 2026 7:13:25 下午 spec.jbb.JBBmain DoARun -> 信息:   started user thread for Warehouse 6
2月 15, 2026 7:13:25 下午 spec.jbb.JBBmain DoARun -> 信息:   started user thread for Warehouse 7
2月 15, 2026 7:13:25 下午 spec.jbb.JBBmain DoARun -> 信息:   started user thread for Warehouse 8
2月 15, 2026 7:13:25 下午 spec.jbb.JBBmain DoARun -> 信息:   started user thread for Warehouse 9
2月 15, 2026 7:13:25 下午 spec.jbb.JBBmain DoARun -> 信息:   started user thread for Warehouse 10
2月 15, 2026 7:13:25 下午 spec.jbb.JBBmain DoARun -> 信息:   started user thread for Warehouse 11
2月 15, 2026 7:13:25 下午 spec.jbb.JBBmain DoARun -> 信息:   started user thread for Warehouse 12
2月 15, 2026 7:13:25 下午 spec.jbb.JBBmain DoARun -> 信息:   started user thread for Warehouse 13
2月 15, 2026 7:13:25 下午 spec.jbb.JBBmain DoARun -> 信息:   started user thread for Warehouse 14
2月 15, 2026 7:13:25 下午 spec.jbb.JBBmain DoARun -> 信息:   started user thread for Warehouse 15
2月 15, 2026 7:13:25 下午 spec.jbb.JBBmain DoARun -> 信息:   started user thread for Warehouse 16
2月 15, 2026 7:13:25 下午 spec.jbb.JBBmain DoARun -> 信息:   started user thread for Warehouse 17
2月 15, 2026 7:13:25 下午 spec.jbb.JBBmain DoARun -> 信息:   started user thread for Warehouse 18
2月 15, 2026 7:13:25 下午 spec.jbb.JBBmain DoARun -> 信息:   started user thread for Warehouse 19
2月 15, 2026 7:13:25 下午 spec.jbb.JBBmain DoARun -> 信息:   started user thread for Warehouse 20
2月 15, 2026 7:13:25 下午 spec.jbb.JBBmain DoARun -> 信息:   started user thread for Warehouse 21
2月 15, 2026 7:13:25 下午 spec.jbb.JBBmain DoARun -> 信息:   started user thread for Warehouse 22
2月 15, 2026 7:13:25 下午 spec.jbb.JBBmain DoARun -> 信息:   started user thread for Warehouse 23
2月 15, 2026 7:13:25 下午 spec.jbb.JBBmain DoARun -> 信息:   started user thread for Warehouse 24
2月 15, 2026 7:13:25 下午 spec.jbb.JBBmain DoARun -> 信息:   started user thread for Warehouse 25
2月 15, 2026 7:13:25 下午 spec.jbb.JBBmain DoARun -> 信息:   started user thread for Warehouse 26
2月 15, 2026 7:13:25 下午 spec.jbb.JBBmain DoARun -> 信息:   started user thread for Warehouse 27
2月 15, 2026 7:13:25 下午 spec.jbb.JBBmain DoARun -> 信息:   started user thread for Warehouse 28
2月 15, 2026 7:13:25 下午 spec.jbb.JBBmain DoARun -> 信息:   started user thread for Warehouse 29
2月 15, 2026 7:13:25 下午 spec.jbb.JBBmain DoARun -> 信息:   started user thread for Warehouse 30
2月 15, 2026 7:13:25 下午 spec.jbb.JBBmain DoARun -> 信息:   started user thread for Warehouse 31
2月 15, 2026 7:13:25 下午 spec.jbb.JBBmain DoARun -> 信息:   started user thread for Warehouse 32
2月 15, 2026 7:13:25 下午 spec.jbb.JBBmain DoARun -> 信息:   started user thread for Warehouse 33
2月 15, 2026 7:13:25 下午 spec.jbb.JBBmain DoARun -> 信息:   started user thread for Warehouse 34
2月 15, 2026 7:13:25 下午 spec.jbb.JBBmain DoARun -> 信息:   started user thread for Warehouse 35
2月 15, 2026 7:13:25 下午 spec.jbb.JBBmain DoARun -> 信息:   started user thread for Warehouse 36
2月 15, 2026 7:13:25 下午 spec.jbb.JBBmain DoARun -> 信息:   started user thread for Warehouse 37
2月 15, 2026 7:13:25 下午 spec.jbb.JBBmain DoARun -> 信息:   started user thread for Warehouse 38
2月 15, 2026 7:13:25 下午 spec.jbb.JBBmain DoARun -> 信息:   started user thread for Warehouse 39
2月 15, 2026 7:13:25 下午 spec.jbb.JBBmain DoARun -> 信息:   started user thread for Warehouse 40
2月 15, 2026 7:13:25 下午 spec.jbb.JBBmain DoARun -> 信息:   started user thread for Warehouse 41
2月 15, 2026 7:13:25 下午 spec.jbb.JBBmain DoARun -> 信息:   started user thread for Warehouse 42
2月 15, 2026 7:13:25 下午 spec.jbb.JBBmain DoARun -> 信息:   started user thread for Warehouse 43
2月 15, 2026 7:13:25 下午 spec.jbb.JBBmain DoARun -> 信息:   started user thread for Warehouse 44
2月 15, 2026 7:13:25 下午 spec.jbb.JBBmain DoARun -> 信息:   started user thread for Warehouse 45
2月 15, 2026 7:13:25 下午 spec.jbb.JBBmain DoARun -> 信息:   started user thread for Warehouse 46
2月 15, 2026 7:13:25 下午 spec.jbb.JBBmain DoARun -> 信息:   started user thread for Warehouse 47
2月 15, 2026 7:13:25 下午 spec.jbb.JBBmain DoARun -> 信息:   started user thread for Warehouse 48
2月 15, 2026 7:13:25 下午 spec.jbb.JBBmain DoARun -> 信息:   started user thread for Warehouse 49
2月 15, 2026 7:13:25 下午 spec.jbb.JBBmain DoARun -> 信息:   started user thread for Warehouse 50
2月 15, 2026 7:13:25 下午 spec.jbb.JBBmain DoARun -> 信息:   started user thread for Warehouse 51
2月 15, 2026 7:13:25 下午 spec.jbb.JBBmain DoARun -> 信息:   started user thread for Warehouse 52
2月 15, 2026 7:13:25 下午 spec.jbb.JBBmain DoARun -> 信息:   started user thread for Warehouse 53
2月 15, 2026 7:13:25 下午 spec.jbb.Company displayResultTotals -> 信息: Timing Measurement began Sun Feb 15 19:13:25 CST 2026 for 0.5 minutes
2月 15, 2026 7:13:55 下午 spec.jbb.Company displayResultTotals -> 信息: Timing Measurement ended Sun Feb 15 19:13:55 CST 2026
2月 15, 2026 7:13:55 下午 spec.jbb.Company primeWithDummyData -> 信息: Loading Warehouse 54...
2月 15, 2026 7:13:55 下午 spec.jbb.JBBmain DoARun -> 信息: Start User Threads
2月 15, 2026 7:13:55 下午 spec.jbb.JBBmain DoARun -> 信息:   started user thread for Warehouse 1
2月 15, 2026 7:13:55 下午 spec.jbb.JBBmain DoARun -> 信息:   started user thread for Warehouse 2
2月 15, 2026 7:13:55 下午 spec.jbb.JBBmain DoARun -> 信息:   started user thread for Warehouse 3
2月 15, 2026 7:13:55 下午 spec.jbb.JBBmain DoARun -> 信息:   started user thread for Warehouse 4
2月 15, 2026 7:13:55 下午 spec.jbb.JBBmain DoARun -> 信息:   started user thread for Warehouse 5
2月 15, 2026 7:13:55 下午 spec.jbb.JBBmain DoARun -> 信息:   started user thread for Warehouse 6
2月 15, 2026 7:13:55 下午 spec.jbb.JBBmain DoARun -> 信息:   started user thread for Warehouse 7
2月 15, 2026 7:13:55 下午 spec.jbb.JBBmain DoARun -> 信息:   started user thread for Warehouse 8
2月 15, 2026 7:13:55 下午 spec.jbb.JBBmain DoARun -> 信息:   started user thread for Warehouse 9
2月 15, 2026 7:13:55 下午 spec.jbb.JBBmain DoARun -> 信息:   started user thread for Warehouse 10
2月 15, 2026 7:13:55 下午 spec.jbb.JBBmain DoARun -> 信息:   started user thread for Warehouse 11
2月 15, 2026 7:13:55 下午 spec.jbb.JBBmain DoARun -> 信息:   started user thread for Warehouse 12
2月 15, 2026 7:13:55 下午 spec.jbb.JBBmain DoARun -> 信息:   started user thread for Warehouse 13
2月 15, 2026 7:13:55 下午 spec.jbb.JBBmain DoARun -> 信息:   started user thread for Warehouse 14
2月 15, 2026 7:13:55 下午 spec.jbb.JBBmain DoARun -> 信息:   started user thread for Warehouse 15
2月 15, 2026 7:13:55 下午 spec.jbb.JBBmain DoARun -> 信息:   started user thread for Warehouse 16
2月 15, 2026 7:13:55 下午 spec.jbb.JBBmain DoARun -> 信息:   started user thread for Warehouse 17
2月 15, 2026 7:13:55 下午 spec.jbb.JBBmain DoARun -> 信息:   started user thread for Warehouse 18
2月 15, 2026 7:13:55 下午 spec.jbb.JBBmain DoARun -> 信息:   started user thread for Warehouse 19
2月 15, 2026 7:13:55 下午 spec.jbb.JBBmain DoARun -> 信息:   started user thread for Warehouse 20
2月 15, 2026 7:13:55 下午 spec.jbb.JBBmain DoARun -> 信息:   started user thread for Warehouse 21
2月 15, 2026 7:13:55 下午 spec.jbb.JBBmain DoARun -> 信息:   started user thread for Warehouse 22
2月 15, 2026 7:13:55 下午 spec.jbb.JBBmain DoARun -> 信息:   started user thread for Warehouse 23
2月 15, 2026 7:13:55 下午 spec.jbb.JBBmain DoARun -> 信息:   started user thread for Warehouse 24
2月 15, 2026 7:13:55 下午 spec.jbb.JBBmain DoARun -> 信息:   started user thread for Warehouse 25
2月 15, 2026 7:13:55 下午 spec.jbb.JBBmain DoARun -> 信息:   started user thread for Warehouse 26
2月 15, 2026 7:13:55 下午 spec.jbb.JBBmain DoARun -> 信息:   started user thread for Warehouse 27
2月 15, 2026 7:13:55 下午 spec.jbb.JBBmain DoARun -> 信息:   started user thread for Warehouse 28
2月 15, 2026 7:13:55 下午 spec.jbb.JBBmain DoARun -> 信息:   started user thread for Warehouse 29
2月 15, 2026 7:13:55 下午 spec.jbb.JBBmain DoARun -> 信息:   started user thread for Warehouse 30
2月 15, 2026 7:13:55 下午 spec.jbb.JBBmain DoARun -> 信息:   started user thread for Warehouse 31
2月 15, 2026 7:13:55 下午 spec.jbb.JBBmain DoARun -> 信息:   started user thread for Warehouse 32
2月 15, 2026 7:13:55 下午 spec.jbb.JBBmain DoARun -> 信息:   started user thread for Warehouse 33
2月 15, 2026 7:13:55 下午 spec.jbb.JBBmain DoARun -> 信息:   started user thread for Warehouse 34
2月 15, 2026 7:13:55 下午 spec.jbb.JBBmain DoARun -> 信息:   started user thread for Warehouse 35
2月 15, 2026 7:13:55 下午 spec.jbb.JBBmain DoARun -> 信息:   started user thread for Warehouse 36
2月 15, 2026 7:13:55 下午 spec.jbb.JBBmain DoARun -> 信息:   started user thread for Warehouse 37
2月 15, 2026 7:13:55 下午 spec.jbb.JBBmain DoARun -> 信息:   started user thread for Warehouse 38
2月 15, 2026 7:13:55 下午 spec.jbb.JBBmain DoARun -> 信息:   started user thread for Warehouse 39
2月 15, 2026 7:13:55 下午 spec.jbb.JBBmain DoARun -> 信息:   started user thread for Warehouse 40
2月 15, 2026 7:13:55 下午 spec.jbb.JBBmain DoARun -> 信息:   started user thread for Warehouse 41
2月 15, 2026 7:13:55 下午 spec.jbb.JBBmain DoARun -> 信息:   started user thread for Warehouse 42
2月 15, 2026 7:13:55 下午 spec.jbb.JBBmain DoARun -> 信息:   started user thread for Warehouse 43
2月 15, 2026 7:13:55 下午 spec.jbb.JBBmain DoARun -> 信息:   started user thread for Warehouse 44
2月 15, 2026 7:13:55 下午 spec.jbb.JBBmain DoARun -> 信息:   started user thread for Warehouse 45
2月 15, 2026 7:13:55 下午 spec.jbb.JBBmain DoARun -> 信息:   started user thread for Warehouse 46
2月 15, 2026 7:13:55 下午 spec.jbb.JBBmain DoARun -> 信息:   started user thread for Warehouse 47
2月 15, 2026 7:13:55 下午 spec.jbb.JBBmain DoARun -> 信息:   started user thread for Warehouse 48
2月 15, 2026 7:13:55 下午 spec.jbb.JBBmain DoARun -> 信息:   started user thread for Warehouse 49
2月 15, 2026 7:13:55 下午 spec.jbb.JBBmain DoARun -> 信息:   started user thread for Warehouse 50
2月 15, 2026 7:13:55 下午 spec.jbb.JBBmain DoARun -> 信息:   started user thread for Warehouse 51
2月 15, 2026 7:13:55 下午 spec.jbb.JBBmain DoARun -> 信息:   started user thread for Warehouse 52
2月 15, 2026 7:13:55 下午 spec.jbb.JBBmain DoARun -> 信息:   started user thread for Warehouse 53
2月 15, 2026 7:13:55 下午 spec.jbb.JBBmain DoARun -> 信息:   started user thread for Warehouse 54
2月 15, 2026 7:13:55 下午 spec.jbb.Company displayResultTotals -> 信息: Timing Measurement began Sun Feb 15 19:13:55 CST 2026 for 0.5 minutes
2月 15, 2026 7:14:25 下午 spec.jbb.Company displayResultTotals -> 信息: Timing Measurement ended Sun Feb 15 19:14:25 CST 2026
2月 15, 2026 7:14:25 下午 spec.jbb.Company primeWithDummyData -> 信息: Loading Warehouse 55...
2月 15, 2026 7:14:25 下午 spec.jbb.JBBmain DoARun -> 信息: Start User Threads
2月 15, 2026 7:14:25 下午 spec.jbb.JBBmain DoARun -> 信息:   started user thread for Warehouse 1
2月 15, 2026 7:14:25 下午 spec.jbb.JBBmain DoARun -> 信息:   started user thread for Warehouse 2
2月 15, 2026 7:14:25 下午 spec.jbb.JBBmain DoARun -> 信息:   started user thread for Warehouse 3
2月 15, 2026 7:14:25 下午 spec.jbb.JBBmain DoARun -> 信息:   started user thread for Warehouse 4
2月 15, 2026 7:14:25 下午 spec.jbb.JBBmain DoARun -> 信息:   started user thread for Warehouse 5
2月 15, 2026 7:14:25 下午 spec.jbb.JBBmain DoARun -> 信息:   started user thread for Warehouse 6
2月 15, 2026 7:14:25 下午 spec.jbb.JBBmain DoARun -> 信息:   started user thread for Warehouse 7
2月 15, 2026 7:14:25 下午 spec.jbb.JBBmain DoARun -> 信息:   started user thread for Warehouse 8
2月 15, 2026 7:14:25 下午 spec.jbb.JBBmain DoARun -> 信息:   started user thread for Warehouse 9
2月 15, 2026 7:14:25 下午 spec.jbb.JBBmain DoARun -> 信息:   started user thread for Warehouse 10
2月 15, 2026 7:14:25 下午 spec.jbb.JBBmain DoARun -> 信息:   started user thread for Warehouse 11
2月 15, 2026 7:14:25 下午 spec.jbb.JBBmain DoARun -> 信息:   started user thread for Warehouse 12
2月 15, 2026 7:14:25 下午 spec.jbb.JBBmain DoARun -> 信息:   started user thread for Warehouse 13
2月 15, 2026 7:14:25 下午 spec.jbb.JBBmain DoARun -> 信息:   started user thread for Warehouse 14
2月 15, 2026 7:14:25 下午 spec.jbb.JBBmain DoARun -> 信息:   started user thread for Warehouse 15
2月 15, 2026 7:14:25 下午 spec.jbb.JBBmain DoARun -> 信息:   started user thread for Warehouse 16
2月 15, 2026 7:14:25 下午 spec.jbb.JBBmain DoARun -> 信息:   started user thread for Warehouse 17
2月 15, 2026 7:14:25 下午 spec.jbb.JBBmain DoARun -> 信息:   started user thread for Warehouse 18
2月 15, 2026 7:14:25 下午 spec.jbb.JBBmain DoARun -> 信息:   started user thread for Warehouse 19
2月 15, 2026 7:14:25 下午 spec.jbb.JBBmain DoARun -> 信息:   started user thread for Warehouse 20
2月 15, 2026 7:14:25 下午 spec.jbb.JBBmain DoARun -> 信息:   started user thread for Warehouse 21
2月 15, 2026 7:14:25 下午 spec.jbb.JBBmain DoARun -> 信息:   started user thread for Warehouse 22
2月 15, 2026 7:14:25 下午 spec.jbb.JBBmain DoARun -> 信息:   started user thread for Warehouse 23
2月 15, 2026 7:14:25 下午 spec.jbb.JBBmain DoARun -> 信息:   started user thread for Warehouse 24
2月 15, 2026 7:14:25 下午 spec.jbb.JBBmain DoARun -> 信息:   started user thread for Warehouse 25
2月 15, 2026 7:14:25 下午 spec.jbb.JBBmain DoARun -> 信息:   started user thread for Warehouse 26
2月 15, 2026 7:14:25 下午 spec.jbb.JBBmain DoARun -> 信息:   started user thread for Warehouse 27
2月 15, 2026 7:14:25 下午 spec.jbb.JBBmain DoARun -> 信息:   started user thread for Warehouse 28
2月 15, 2026 7:14:25 下午 spec.jbb.JBBmain DoARun -> 信息:   started user thread for Warehouse 29
2月 15, 2026 7:14:25 下午 spec.jbb.JBBmain DoARun -> 信息:   started user thread for Warehouse 30
2月 15, 2026 7:14:25 下午 spec.jbb.JBBmain DoARun -> 信息:   started user thread for Warehouse 31
2月 15, 2026 7:14:25 下午 spec.jbb.JBBmain DoARun -> 信息:   started user thread for Warehouse 32
2月 15, 2026 7:14:25 下午 spec.jbb.JBBmain DoARun -> 信息:   started user thread for Warehouse 33
2月 15, 2026 7:14:25 下午 spec.jbb.JBBmain DoARun -> 信息:   started user thread for Warehouse 34
2月 15, 2026 7:14:25 下午 spec.jbb.JBBmain DoARun -> 信息:   started user thread for Warehouse 35
2月 15, 2026 7:14:25 下午 spec.jbb.JBBmain DoARun -> 信息:   started user thread for Warehouse 36
2月 15, 2026 7:14:25 下午 spec.jbb.JBBmain DoARun -> 信息:   started user thread for Warehouse 37
2月 15, 2026 7:14:25 下午 spec.jbb.JBBmain DoARun -> 信息:   started user thread for Warehouse 38
2月 15, 2026 7:14:25 下午 spec.jbb.JBBmain DoARun -> 信息:   started user thread for Warehouse 39
2月 15, 2026 7:14:25 下午 spec.jbb.JBBmain DoARun -> 信息:   started user thread for Warehouse 40
2月 15, 2026 7:14:25 下午 spec.jbb.JBBmain DoARun -> 信息:   started user thread for Warehouse 41
2月 15, 2026 7:14:25 下午 spec.jbb.JBBmain DoARun -> 信息:   started user thread for Warehouse 42
2月 15, 2026 7:14:25 下午 spec.jbb.JBBmain DoARun -> 信息:   started user thread for Warehouse 43
2月 15, 2026 7:14:25 下午 spec.jbb.JBBmain DoARun -> 信息:   started user thread for Warehouse 44
2月 15, 2026 7:14:25 下午 spec.jbb.JBBmain DoARun -> 信息:   started user thread for Warehouse 45
2月 15, 2026 7:14:25 下午 spec.jbb.JBBmain DoARun -> 信息:   started user thread for Warehouse 46
2月 15, 2026 7:14:25 下午 spec.jbb.JBBmain DoARun -> 信息:   started user thread for Warehouse 47
2月 15, 2026 7:14:25 下午 spec.jbb.JBBmain DoARun -> 信息:   started user thread for Warehouse 48
2月 15, 2026 7:14:25 下午 spec.jbb.JBBmain DoARun -> 信息:   started user thread for Warehouse 49
2月 15, 2026 7:14:25 下午 spec.jbb.JBBmain DoARun -> 信息:   started user thread for Warehouse 50
2月 15, 2026 7:14:25 下午 spec.jbb.JBBmain DoARun -> 信息:   started user thread for Warehouse 51
2月 15, 2026 7:14:25 下午 spec.jbb.JBBmain DoARun -> 信息:   started user thread for Warehouse 52
2月 15, 2026 7:14:25 下午 spec.jbb.JBBmain DoARun -> 信息:   started user thread for Warehouse 53
2月 15, 2026 7:14:25 下午 spec.jbb.JBBmain DoARun -> 信息:   started user thread for Warehouse 54
2月 15, 2026 7:14:25 下午 spec.jbb.JBBmain DoARun -> 信息:   started user thread for Warehouse 55
2月 15, 2026 7:14:25 下午 spec.jbb.Company displayResultTotals -> 信息: Timing Measurement began Sun Feb 15 19:14:25 CST 2026 for 0.5 minutes
2月 15, 2026 7:14:55 下午 spec.jbb.Company displayResultTotals -> 信息: Timing Measurement ended Sun Feb 15 19:14:55 CST 2026
2月 15, 2026 7:14:55 下午 spec.jbb.Company primeWithDummyData -> 信息: Loading Warehouse 56...
2月 15, 2026 7:14:55 下午 spec.jbb.JBBmain DoARun -> 信息: Start User Threads
2月 15, 2026 7:14:55 下午 spec.jbb.JBBmain DoARun -> 信息:   started user thread for Warehouse 1
2月 15, 2026 7:14:55 下午 spec.jbb.JBBmain DoARun -> 信息:   started user thread for Warehouse 2
2月 15, 2026 7:14:55 下午 spec.jbb.JBBmain DoARun -> 信息:   started user thread for Warehouse 3
2月 15, 2026 7:14:55 下午 spec.jbb.JBBmain DoARun -> 信息:   started user thread for Warehouse 4
2月 15, 2026 7:14:55 下午 spec.jbb.JBBmain DoARun -> 信息:   started user thread for Warehouse 5
2月 15, 2026 7:14:55 下午 spec.jbb.JBBmain DoARun -> 信息:   started user thread for Warehouse 6
2月 15, 2026 7:14:55 下午 spec.jbb.JBBmain DoARun -> 信息:   started user thread for Warehouse 7
2月 15, 2026 7:14:55 下午 spec.jbb.JBBmain DoARun -> 信息:   started user thread for Warehouse 8
2月 15, 2026 7:14:55 下午 spec.jbb.JBBmain DoARun -> 信息:   started user thread for Warehouse 9
2月 15, 2026 7:14:55 下午 spec.jbb.JBBmain DoARun -> 信息:   started user thread for Warehouse 10
2月 15, 2026 7:14:55 下午 spec.jbb.JBBmain DoARun -> 信息:   started user thread for Warehouse 11
2月 15, 2026 7:14:55 下午 spec.jbb.JBBmain DoARun -> 信息:   started user thread for Warehouse 12
2月 15, 2026 7:14:55 下午 spec.jbb.JBBmain DoARun -> 信息:   started user thread for Warehouse 13
2月 15, 2026 7:14:55 下午 spec.jbb.JBBmain DoARun -> 信息:   started user thread for Warehouse 14
2月 15, 2026 7:14:55 下午 spec.jbb.JBBmain DoARun -> 信息:   started user thread for Warehouse 15
2月 15, 2026 7:14:55 下午 spec.jbb.JBBmain DoARun -> 信息:   started user thread for Warehouse 16
2月 15, 2026 7:14:55 下午 spec.jbb.JBBmain DoARun -> 信息:   started user thread for Warehouse 17
2月 15, 2026 7:14:55 下午 spec.jbb.JBBmain DoARun -> 信息:   started user thread for Warehouse 18
2月 15, 2026 7:14:55 下午 spec.jbb.JBBmain DoARun -> 信息:   started user thread for Warehouse 19
2月 15, 2026 7:14:55 下午 spec.jbb.JBBmain DoARun -> 信息:   started user thread for Warehouse 20
2月 15, 2026 7:14:55 下午 spec.jbb.JBBmain DoARun -> 信息:   started user thread for Warehouse 21
2月 15, 2026 7:14:55 下午 spec.jbb.JBBmain DoARun -> 信息:   started user thread for Warehouse 22
2月 15, 2026 7:14:55 下午 spec.jbb.JBBmain DoARun -> 信息:   started user thread for Warehouse 23
2月 15, 2026 7:14:55 下午 spec.jbb.JBBmain DoARun -> 信息:   started user thread for Warehouse 24
2月 15, 2026 7:14:55 下午 spec.jbb.JBBmain DoARun -> 信息:   started user thread for Warehouse 25
2月 15, 2026 7:14:55 下午 spec.jbb.JBBmain DoARun -> 信息:   started user thread for Warehouse 26
2月 15, 2026 7:14:55 下午 spec.jbb.JBBmain DoARun -> 信息:   started user thread for Warehouse 27
2月 15, 2026 7:14:55 下午 spec.jbb.JBBmain DoARun -> 信息:   started user thread for Warehouse 28
2月 15, 2026 7:14:55 下午 spec.jbb.JBBmain DoARun -> 信息:   started user thread for Warehouse 29
2月 15, 2026 7:14:55 下午 spec.jbb.JBBmain DoARun -> 信息:   started user thread for Warehouse 30
2月 15, 2026 7:14:55 下午 spec.jbb.JBBmain DoARun -> 信息:   started user thread for Warehouse 31
2月 15, 2026 7:14:55 下午 spec.jbb.JBBmain DoARun -> 信息:   started user thread for Warehouse 32
2月 15, 2026 7:14:55 下午 spec.jbb.JBBmain DoARun -> 信息:   started user thread for Warehouse 33
2月 15, 2026 7:14:55 下午 spec.jbb.JBBmain DoARun -> 信息:   started user thread for Warehouse 34
2月 15, 2026 7:14:55 下午 spec.jbb.JBBmain DoARun -> 信息:   started user thread for Warehouse 35
2月 15, 2026 7:14:55 下午 spec.jbb.JBBmain DoARun -> 信息:   started user thread for Warehouse 36
2月 15, 2026 7:14:55 下午 spec.jbb.JBBmain DoARun -> 信息:   started user thread for Warehouse 37
2月 15, 2026 7:14:55 下午 spec.jbb.JBBmain DoARun -> 信息:   started user thread for Warehouse 38
2月 15, 2026 7:14:55 下午 spec.jbb.JBBmain DoARun -> 信息:   started user thread for Warehouse 39
2月 15, 2026 7:14:55 下午 spec.jbb.JBBmain DoARun -> 信息:   started user thread for Warehouse 40
2月 15, 2026 7:14:55 下午 spec.jbb.JBBmain DoARun -> 信息:   started user thread for Warehouse 41
2月 15, 2026 7:14:55 下午 spec.jbb.JBBmain DoARun -> 信息:   started user thread for Warehouse 42
2月 15, 2026 7:14:55 下午 spec.jbb.JBBmain DoARun -> 信息:   started user thread for Warehouse 43
2月 15, 2026 7:14:55 下午 spec.jbb.JBBmain DoARun -> 信息:   started user thread for Warehouse 44
2月 15, 2026 7:14:55 下午 spec.jbb.JBBmain DoARun -> 信息:   started user thread for Warehouse 45
2月 15, 2026 7:14:55 下午 spec.jbb.JBBmain DoARun -> 信息:   started user thread for Warehouse 46
2月 15, 2026 7:14:55 下午 spec.jbb.JBBmain DoARun -> 信息:   started user thread for Warehouse 47
2月 15, 2026 7:14:55 下午 spec.jbb.JBBmain DoARun -> 信息:   started user thread for Warehouse 48
2月 15, 2026 7:14:55 下午 spec.jbb.JBBmain DoARun -> 信息:   started user thread for Warehouse 49
2月 15, 2026 7:14:55 下午 spec.jbb.JBBmain DoARun -> 信息:   started user thread for Warehouse 50
2月 15, 2026 7:14:55 下午 spec.jbb.JBBmain DoARun -> 信息:   started user thread for Warehouse 51
2月 15, 2026 7:14:55 下午 spec.jbb.JBBmain DoARun -> 信息:   started user thread for Warehouse 52
2月 15, 2026 7:14:55 下午 spec.jbb.JBBmain DoARun -> 信息:   started user thread for Warehouse 53
2月 15, 2026 7:14:55 下午 spec.jbb.JBBmain DoARun -> 信息:   started user thread for Warehouse 54
2月 15, 2026 7:14:55 下午 spec.jbb.JBBmain DoARun -> 信息:   started user thread for Warehouse 55
2月 15, 2026 7:14:55 下午 spec.jbb.JBBmain DoARun -> 信息:   started user thread for Warehouse 56
2月 15, 2026 7:14:55 下午 spec.jbb.Company displayResultTotals -> 信息: Timing Measurement began Sun Feb 15 19:14:55 CST 2026 for 0.5 minutes
2月 15, 2026 7:15:25 下午 spec.jbb.Company displayResultTotals -> 信息: Timing Measurement ended Sun Feb 15 19:15:25 CST 2026
2月 15, 2026 7:15:25 下午 spec.jbb.Company primeWithDummyData -> 信息: Loading Warehouse 57...
2月 15, 2026 7:15:26 下午 spec.jbb.JBBmain DoARun -> 信息: Start User Threads
2月 15, 2026 7:15:26 下午 spec.jbb.JBBmain DoARun -> 信息:   started user thread for Warehouse 1
2月 15, 2026 7:15:26 下午 spec.jbb.JBBmain DoARun -> 信息:   started user thread for Warehouse 2
2月 15, 2026 7:15:26 下午 spec.jbb.JBBmain DoARun -> 信息:   started user thread for Warehouse 3
2月 15, 2026 7:15:26 下午 spec.jbb.JBBmain DoARun -> 信息:   started user thread for Warehouse 4
2月 15, 2026 7:15:26 下午 spec.jbb.JBBmain DoARun -> 信息:   started user thread for Warehouse 5
2月 15, 2026 7:15:26 下午 spec.jbb.JBBmain DoARun -> 信息:   started user thread for Warehouse 6
2月 15, 2026 7:15:26 下午 spec.jbb.JBBmain DoARun -> 信息:   started user thread for Warehouse 7
2月 15, 2026 7:15:26 下午 spec.jbb.JBBmain DoARun -> 信息:   started user thread for Warehouse 8
2月 15, 2026 7:15:26 下午 spec.jbb.JBBmain DoARun -> 信息:   started user thread for Warehouse 9
2月 15, 2026 7:15:26 下午 spec.jbb.JBBmain DoARun -> 信息:   started user thread for Warehouse 10
2月 15, 2026 7:15:26 下午 spec.jbb.JBBmain DoARun -> 信息:   started user thread for Warehouse 11
2月 15, 2026 7:15:26 下午 spec.jbb.JBBmain DoARun -> 信息:   started user thread for Warehouse 12
2月 15, 2026 7:15:26 下午 spec.jbb.JBBmain DoARun -> 信息:   started user thread for Warehouse 13
2月 15, 2026 7:15:26 下午 spec.jbb.JBBmain DoARun -> 信息:   started user thread for Warehouse 14
2月 15, 2026 7:15:26 下午 spec.jbb.JBBmain DoARun -> 信息:   started user thread for Warehouse 15
2月 15, 2026 7:15:26 下午 spec.jbb.JBBmain DoARun -> 信息:   started user thread for Warehouse 16
2月 15, 2026 7:15:26 下午 spec.jbb.JBBmain DoARun -> 信息:   started user thread for Warehouse 17
2月 15, 2026 7:15:26 下午 spec.jbb.JBBmain DoARun -> 信息:   started user thread for Warehouse 18
2月 15, 2026 7:15:26 下午 spec.jbb.JBBmain DoARun -> 信息:   started user thread for Warehouse 19
2月 15, 2026 7:15:26 下午 spec.jbb.JBBmain DoARun -> 信息:   started user thread for Warehouse 20
2月 15, 2026 7:15:26 下午 spec.jbb.JBBmain DoARun -> 信息:   started user thread for Warehouse 21
2月 15, 2026 7:15:26 下午 spec.jbb.JBBmain DoARun -> 信息:   started user thread for Warehouse 22
2月 15, 2026 7:15:26 下午 spec.jbb.JBBmain DoARun -> 信息:   started user thread for Warehouse 23
2月 15, 2026 7:15:26 下午 spec.jbb.JBBmain DoARun -> 信息:   started user thread for Warehouse 24
2月 15, 2026 7:15:26 下午 spec.jbb.JBBmain DoARun -> 信息:   started user thread for Warehouse 25
2月 15, 2026 7:15:26 下午 spec.jbb.JBBmain DoARun -> 信息:   started user thread for Warehouse 26
2月 15, 2026 7:15:26 下午 spec.jbb.JBBmain DoARun -> 信息:   started user thread for Warehouse 27
2月 15, 2026 7:15:26 下午 spec.jbb.JBBmain DoARun -> 信息:   started user thread for Warehouse 28
2月 15, 2026 7:15:26 下午 spec.jbb.JBBmain DoARun -> 信息:   started user thread for Warehouse 29
2月 15, 2026 7:15:26 下午 spec.jbb.JBBmain DoARun -> 信息:   started user thread for Warehouse 30
2月 15, 2026 7:15:26 下午 spec.jbb.JBBmain DoARun -> 信息:   started user thread for Warehouse 31
2月 15, 2026 7:15:26 下午 spec.jbb.JBBmain DoARun -> 信息:   started user thread for Warehouse 32
2月 15, 2026 7:15:26 下午 spec.jbb.JBBmain DoARun -> 信息:   started user thread for Warehouse 33
2月 15, 2026 7:15:26 下午 spec.jbb.JBBmain DoARun -> 信息:   started user thread for Warehouse 34
2月 15, 2026 7:15:26 下午 spec.jbb.JBBmain DoARun -> 信息:   started user thread for Warehouse 35
2月 15, 2026 7:15:26 下午 spec.jbb.JBBmain DoARun -> 信息:   started user thread for Warehouse 36
2月 15, 2026 7:15:26 下午 spec.jbb.JBBmain DoARun -> 信息:   started user thread for Warehouse 37
2月 15, 2026 7:15:26 下午 spec.jbb.JBBmain DoARun -> 信息:   started user thread for Warehouse 38
2月 15, 2026 7:15:26 下午 spec.jbb.JBBmain DoARun -> 信息:   started user thread for Warehouse 39
2月 15, 2026 7:15:26 下午 spec.jbb.JBBmain DoARun -> 信息:   started user thread for Warehouse 40
2月 15, 2026 7:15:26 下午 spec.jbb.JBBmain DoARun -> 信息:   started user thread for Warehouse 41
2月 15, 2026 7:15:26 下午 spec.jbb.JBBmain DoARun -> 信息:   started user thread for Warehouse 42
2月 15, 2026 7:15:26 下午 spec.jbb.JBBmain DoARun -> 信息:   started user thread for Warehouse 43
2月 15, 2026 7:15:26 下午 spec.jbb.JBBmain DoARun -> 信息:   started user thread for Warehouse 44
2月 15, 2026 7:15:26 下午 spec.jbb.JBBmain DoARun -> 信息:   started user thread for Warehouse 45
2月 15, 2026 7:15:26 下午 spec.jbb.JBBmain DoARun -> 信息:   started user thread for Warehouse 46
2月 15, 2026 7:15:26 下午 spec.jbb.JBBmain DoARun -> 信息:   started user thread for Warehouse 47
2月 15, 2026 7:15:26 下午 spec.jbb.JBBmain DoARun -> 信息:   started user thread for Warehouse 48
2月 15, 2026 7:15:26 下午 spec.jbb.JBBmain DoARun -> 信息:   started user thread for Warehouse 49
2月 15, 2026 7:15:26 下午 spec.jbb.JBBmain DoARun -> 信息:   started user thread for Warehouse 50
2月 15, 2026 7:15:26 下午 spec.jbb.JBBmain DoARun -> 信息:   started user thread for Warehouse 51
2月 15, 2026 7:15:26 下午 spec.jbb.JBBmain DoARun -> 信息:   started user thread for Warehouse 52
2月 15, 2026 7:15:26 下午 spec.jbb.JBBmain DoARun -> 信息:   started user thread for Warehouse 53
2月 15, 2026 7:15:26 下午 spec.jbb.JBBmain DoARun -> 信息:   started user thread for Warehouse 54
2月 15, 2026 7:15:26 下午 spec.jbb.JBBmain DoARun -> 信息:   started user thread for Warehouse 55
2月 15, 2026 7:15:26 下午 spec.jbb.JBBmain DoARun -> 信息:   started user thread for Warehouse 56
2月 15, 2026 7:15:26 下午 spec.jbb.JBBmain DoARun -> 信息:   started user thread for Warehouse 57
2月 15, 2026 7:15:26 下午 spec.jbb.Company displayResultTotals -> 信息: Timing Measurement began Sun Feb 15 19:15:26 CST 2026 for 0.5 minutes
2月 15, 2026 7:15:56 下午 spec.jbb.Company displayResultTotals -> 信息: Timing Measurement ended Sun Feb 15 19:15:56 CST 2026
2月 15, 2026 7:15:56 下午 spec.jbb.Company primeWithDummyData -> 信息: Loading Warehouse 58...
2月 15, 2026 7:15:56 下午 spec.jbb.JBBmain DoARun -> 信息: Start User Threads
2月 15, 2026 7:15:56 下午 spec.jbb.JBBmain DoARun -> 信息:   started user thread for Warehouse 1
2月 15, 2026 7:15:56 下午 spec.jbb.JBBmain DoARun -> 信息:   started user thread for Warehouse 2
2月 15, 2026 7:15:56 下午 spec.jbb.JBBmain DoARun -> 信息:   started user thread for Warehouse 3
2月 15, 2026 7:15:56 下午 spec.jbb.JBBmain DoARun -> 信息:   started user thread for Warehouse 4
2月 15, 2026 7:15:56 下午 spec.jbb.JBBmain DoARun -> 信息:   started user thread for Warehouse 5
2月 15, 2026 7:15:56 下午 spec.jbb.JBBmain DoARun -> 信息:   started user thread for Warehouse 6
2月 15, 2026 7:15:56 下午 spec.jbb.JBBmain DoARun -> 信息:   started user thread for Warehouse 7
2月 15, 2026 7:15:56 下午 spec.jbb.JBBmain DoARun -> 信息:   started user thread for Warehouse 8
2月 15, 2026 7:15:56 下午 spec.jbb.JBBmain DoARun -> 信息:   started user thread for Warehouse 9
2月 15, 2026 7:15:56 下午 spec.jbb.JBBmain DoARun -> 信息:   started user thread for Warehouse 10
2月 15, 2026 7:15:56 下午 spec.jbb.JBBmain DoARun -> 信息:   started user thread for Warehouse 11
2月 15, 2026 7:15:56 下午 spec.jbb.JBBmain DoARun -> 信息:   started user thread for Warehouse 12
2月 15, 2026 7:15:56 下午 spec.jbb.JBBmain DoARun -> 信息:   started user thread for Warehouse 13
2月 15, 2026 7:15:56 下午 spec.jbb.JBBmain DoARun -> 信息:   started user thread for Warehouse 14
2月 15, 2026 7:15:56 下午 spec.jbb.JBBmain DoARun -> 信息:   started user thread for Warehouse 15
2月 15, 2026 7:15:56 下午 spec.jbb.JBBmain DoARun -> 信息:   started user thread for Warehouse 16
2月 15, 2026 7:15:56 下午 spec.jbb.JBBmain DoARun -> 信息:   started user thread for Warehouse 17
2月 15, 2026 7:15:56 下午 spec.jbb.JBBmain DoARun -> 信息:   started user thread for Warehouse 18
2月 15, 2026 7:15:56 下午 spec.jbb.JBBmain DoARun -> 信息:   started user thread for Warehouse 19
2月 15, 2026 7:15:56 下午 spec.jbb.JBBmain DoARun -> 信息:   started user thread for Warehouse 20
2月 15, 2026 7:15:56 下午 spec.jbb.JBBmain DoARun -> 信息:   started user thread for Warehouse 21
2月 15, 2026 7:15:56 下午 spec.jbb.JBBmain DoARun -> 信息:   started user thread for Warehouse 22
2月 15, 2026 7:15:56 下午 spec.jbb.JBBmain DoARun -> 信息:   started user thread for Warehouse 23
2月 15, 2026 7:15:56 下午 spec.jbb.JBBmain DoARun -> 信息:   started user thread for Warehouse 24
2月 15, 2026 7:15:56 下午 spec.jbb.JBBmain DoARun -> 信息:   started user thread for Warehouse 25
2月 15, 2026 7:15:56 下午 spec.jbb.JBBmain DoARun -> 信息:   started user thread for Warehouse 26
2月 15, 2026 7:15:56 下午 spec.jbb.JBBmain DoARun -> 信息:   started user thread for Warehouse 27
2月 15, 2026 7:15:56 下午 spec.jbb.JBBmain DoARun -> 信息:   started user thread for Warehouse 28
2月 15, 2026 7:15:56 下午 spec.jbb.JBBmain DoARun -> 信息:   started user thread for Warehouse 29
2月 15, 2026 7:15:56 下午 spec.jbb.JBBmain DoARun -> 信息:   started user thread for Warehouse 30
2月 15, 2026 7:15:56 下午 spec.jbb.JBBmain DoARun -> 信息:   started user thread for Warehouse 31
2月 15, 2026 7:15:56 下午 spec.jbb.JBBmain DoARun -> 信息:   started user thread for Warehouse 32
2月 15, 2026 7:15:56 下午 spec.jbb.JBBmain DoARun -> 信息:   started user thread for Warehouse 33
2月 15, 2026 7:15:56 下午 spec.jbb.JBBmain DoARun -> 信息:   started user thread for Warehouse 34
2月 15, 2026 7:15:56 下午 spec.jbb.JBBmain DoARun -> 信息:   started user thread for Warehouse 35
2月 15, 2026 7:15:56 下午 spec.jbb.JBBmain DoARun -> 信息:   started user thread for Warehouse 36
2月 15, 2026 7:15:56 下午 spec.jbb.JBBmain DoARun -> 信息:   started user thread for Warehouse 37
2月 15, 2026 7:15:56 下午 spec.jbb.JBBmain DoARun -> 信息:   started user thread for Warehouse 38
2月 15, 2026 7:15:56 下午 spec.jbb.JBBmain DoARun -> 信息:   started user thread for Warehouse 39
2月 15, 2026 7:15:56 下午 spec.jbb.JBBmain DoARun -> 信息:   started user thread for Warehouse 40
2月 15, 2026 7:15:56 下午 spec.jbb.JBBmain DoARun -> 信息:   started user thread for Warehouse 41
2月 15, 2026 7:15:56 下午 spec.jbb.JBBmain DoARun -> 信息:   started user thread for Warehouse 42
2月 15, 2026 7:15:56 下午 spec.jbb.JBBmain DoARun -> 信息:   started user thread for Warehouse 43
2月 15, 2026 7:15:56 下午 spec.jbb.JBBmain DoARun -> 信息:   started user thread for Warehouse 44
2月 15, 2026 7:15:56 下午 spec.jbb.JBBmain DoARun -> 信息:   started user thread for Warehouse 45
2月 15, 2026 7:15:56 下午 spec.jbb.JBBmain DoARun -> 信息:   started user thread for Warehouse 46
2月 15, 2026 7:15:56 下午 spec.jbb.JBBmain DoARun -> 信息:   started user thread for Warehouse 47
2月 15, 2026 7:15:56 下午 spec.jbb.JBBmain DoARun -> 信息:   started user thread for Warehouse 48
2月 15, 2026 7:15:56 下午 spec.jbb.JBBmain DoARun -> 信息:   started user thread for Warehouse 49
2月 15, 2026 7:15:56 下午 spec.jbb.JBBmain DoARun -> 信息:   started user thread for Warehouse 50
2月 15, 2026 7:15:56 下午 spec.jbb.JBBmain DoARun -> 信息:   started user thread for Warehouse 51
2月 15, 2026 7:15:56 下午 spec.jbb.JBBmain DoARun -> 信息:   started user thread for Warehouse 52
2月 15, 2026 7:15:56 下午 spec.jbb.JBBmain DoARun -> 信息:   started user thread for Warehouse 53
2月 15, 2026 7:15:56 下午 spec.jbb.JBBmain DoARun -> 信息:   started user thread for Warehouse 54
2月 15, 2026 7:15:56 下午 spec.jbb.JBBmain DoARun -> 信息:   started user thread for Warehouse 55
2月 15, 2026 7:15:56 下午 spec.jbb.JBBmain DoARun -> 信息:   started user thread for Warehouse 56
2月 15, 2026 7:15:56 下午 spec.jbb.JBBmain DoARun -> 信息:   started user thread for Warehouse 57
2月 15, 2026 7:15:56 下午 spec.jbb.JBBmain DoARun -> 信息:   started user thread for Warehouse 58
2月 15, 2026 7:15:56 下午 spec.jbb.Company displayResultTotals -> 信息: Timing Measurement began Sun Feb 15 19:15:56 CST 2026 for 0.5 minutes
2月 15, 2026 7:16:26 下午 spec.jbb.Company displayResultTotals -> 信息: Timing Measurement ended Sun Feb 15 19:16:26 CST 2026
2月 15, 2026 7:16:26 下午 spec.jbb.Company primeWithDummyData -> 信息: Loading Warehouse 59...
2月 15, 2026 7:16:26 下午 spec.jbb.JBBmain DoARun -> 信息: Start User Threads
2月 15, 2026 7:16:26 下午 spec.jbb.JBBmain DoARun -> 信息:   started user thread for Warehouse 1
2月 15, 2026 7:16:26 下午 spec.jbb.JBBmain DoARun -> 信息:   started user thread for Warehouse 2
2月 15, 2026 7:16:26 下午 spec.jbb.JBBmain DoARun -> 信息:   started user thread for Warehouse 3
2月 15, 2026 7:16:26 下午 spec.jbb.JBBmain DoARun -> 信息:   started user thread for Warehouse 4
2月 15, 2026 7:16:26 下午 spec.jbb.JBBmain DoARun -> 信息:   started user thread for Warehouse 5
2月 15, 2026 7:16:26 下午 spec.jbb.JBBmain DoARun -> 信息:   started user thread for Warehouse 6
2月 15, 2026 7:16:26 下午 spec.jbb.JBBmain DoARun -> 信息:   started user thread for Warehouse 7
2月 15, 2026 7:16:26 下午 spec.jbb.JBBmain DoARun -> 信息:   started user thread for Warehouse 8
2月 15, 2026 7:16:26 下午 spec.jbb.JBBmain DoARun -> 信息:   started user thread for Warehouse 9
2月 15, 2026 7:16:26 下午 spec.jbb.JBBmain DoARun -> 信息:   started user thread for Warehouse 10
2月 15, 2026 7:16:26 下午 spec.jbb.JBBmain DoARun -> 信息:   started user thread for Warehouse 11
2月 15, 2026 7:16:26 下午 spec.jbb.JBBmain DoARun -> 信息:   started user thread for Warehouse 12
2月 15, 2026 7:16:26 下午 spec.jbb.JBBmain DoARun -> 信息:   started user thread for Warehouse 13
2月 15, 2026 7:16:26 下午 spec.jbb.JBBmain DoARun -> 信息:   started user thread for Warehouse 14
2月 15, 2026 7:16:26 下午 spec.jbb.JBBmain DoARun -> 信息:   started user thread for Warehouse 15
2月 15, 2026 7:16:26 下午 spec.jbb.JBBmain DoARun -> 信息:   started user thread for Warehouse 16
2月 15, 2026 7:16:26 下午 spec.jbb.JBBmain DoARun -> 信息:   started user thread for Warehouse 17
2月 15, 2026 7:16:26 下午 spec.jbb.JBBmain DoARun -> 信息:   started user thread for Warehouse 18
2月 15, 2026 7:16:26 下午 spec.jbb.JBBmain DoARun -> 信息:   started user thread for Warehouse 19
2月 15, 2026 7:16:26 下午 spec.jbb.JBBmain DoARun -> 信息:   started user thread for Warehouse 20
2月 15, 2026 7:16:26 下午 spec.jbb.JBBmain DoARun -> 信息:   started user thread for Warehouse 21
2月 15, 2026 7:16:26 下午 spec.jbb.JBBmain DoARun -> 信息:   started user thread for Warehouse 22
2月 15, 2026 7:16:26 下午 spec.jbb.JBBmain DoARun -> 信息:   started user thread for Warehouse 23
2月 15, 2026 7:16:26 下午 spec.jbb.JBBmain DoARun -> 信息:   started user thread for Warehouse 24
2月 15, 2026 7:16:26 下午 spec.jbb.JBBmain DoARun -> 信息:   started user thread for Warehouse 25
2月 15, 2026 7:16:26 下午 spec.jbb.JBBmain DoARun -> 信息:   started user thread for Warehouse 26
2月 15, 2026 7:16:26 下午 spec.jbb.JBBmain DoARun -> 信息:   started user thread for Warehouse 27
2月 15, 2026 7:16:26 下午 spec.jbb.JBBmain DoARun -> 信息:   started user thread for Warehouse 28
2月 15, 2026 7:16:26 下午 spec.jbb.JBBmain DoARun -> 信息:   started user thread for Warehouse 29
2月 15, 2026 7:16:26 下午 spec.jbb.JBBmain DoARun -> 信息:   started user thread for Warehouse 30
2月 15, 2026 7:16:26 下午 spec.jbb.JBBmain DoARun -> 信息:   started user thread for Warehouse 31
2月 15, 2026 7:16:26 下午 spec.jbb.JBBmain DoARun -> 信息:   started user thread for Warehouse 32
2月 15, 2026 7:16:26 下午 spec.jbb.JBBmain DoARun -> 信息:   started user thread for Warehouse 33
2月 15, 2026 7:16:26 下午 spec.jbb.JBBmain DoARun -> 信息:   started user thread for Warehouse 34
2月 15, 2026 7:16:26 下午 spec.jbb.JBBmain DoARun -> 信息:   started user thread for Warehouse 35
2月 15, 2026 7:16:26 下午 spec.jbb.JBBmain DoARun -> 信息:   started user thread for Warehouse 36
2月 15, 2026 7:16:26 下午 spec.jbb.JBBmain DoARun -> 信息:   started user thread for Warehouse 37
2月 15, 2026 7:16:26 下午 spec.jbb.JBBmain DoARun -> 信息:   started user thread for Warehouse 38
2月 15, 2026 7:16:26 下午 spec.jbb.JBBmain DoARun -> 信息:   started user thread for Warehouse 39
2月 15, 2026 7:16:26 下午 spec.jbb.JBBmain DoARun -> 信息:   started user thread for Warehouse 40
2月 15, 2026 7:16:26 下午 spec.jbb.JBBmain DoARun -> 信息:   started user thread for Warehouse 41
2月 15, 2026 7:16:26 下午 spec.jbb.JBBmain DoARun -> 信息:   started user thread for Warehouse 42
2月 15, 2026 7:16:26 下午 spec.jbb.JBBmain DoARun -> 信息:   started user thread for Warehouse 43
2月 15, 2026 7:16:26 下午 spec.jbb.JBBmain DoARun -> 信息:   started user thread for Warehouse 44
2月 15, 2026 7:16:26 下午 spec.jbb.JBBmain DoARun -> 信息:   started user thread for Warehouse 45
2月 15, 2026 7:16:26 下午 spec.jbb.JBBmain DoARun -> 信息:   started user thread for Warehouse 46
2月 15, 2026 7:16:26 下午 spec.jbb.JBBmain DoARun -> 信息:   started user thread for Warehouse 47
2月 15, 2026 7:16:26 下午 spec.jbb.JBBmain DoARun -> 信息:   started user thread for Warehouse 48
2月 15, 2026 7:16:26 下午 spec.jbb.JBBmain DoARun -> 信息:   started user thread for Warehouse 49
2月 15, 2026 7:16:26 下午 spec.jbb.JBBmain DoARun -> 信息:   started user thread for Warehouse 50
2月 15, 2026 7:16:26 下午 spec.jbb.JBBmain DoARun -> 信息:   started user thread for Warehouse 51
2月 15, 2026 7:16:26 下午 spec.jbb.JBBmain DoARun -> 信息:   started user thread for Warehouse 52
2月 15, 2026 7:16:26 下午 spec.jbb.JBBmain DoARun -> 信息:   started user thread for Warehouse 53
2月 15, 2026 7:16:26 下午 spec.jbb.JBBmain DoARun -> 信息:   started user thread for Warehouse 54
2月 15, 2026 7:16:26 下午 spec.jbb.JBBmain DoARun -> 信息:   started user thread for Warehouse 55
2月 15, 2026 7:16:26 下午 spec.jbb.JBBmain DoARun -> 信息:   started user thread for Warehouse 56
2月 15, 2026 7:16:26 下午 spec.jbb.JBBmain DoARun -> 信息:   started user thread for Warehouse 57
2月 15, 2026 7:16:26 下午 spec.jbb.JBBmain DoARun -> 信息:   started user thread for Warehouse 58
2月 15, 2026 7:16:26 下午 spec.jbb.JBBmain DoARun -> 信息:   started user thread for Warehouse 59
2月 15, 2026 7:16:26 下午 spec.jbb.Company displayResultTotals -> 信息: Timing Measurement began Sun Feb 15 19:16:26 CST 2026 for 0.5 minutes
2月 15, 2026 7:16:56 下午 spec.jbb.Company displayResultTotals -> 信息: Timing Measurement ended Sun Feb 15 19:16:56 CST 2026
2月 15, 2026 7:16:56 下午 spec.jbb.Company primeWithDummyData -> 信息: Loading Warehouse 60...
2月 15, 2026 7:16:56 下午 spec.jbb.JBBmain DoARun -> 信息: Start User Threads
2月 15, 2026 7:16:56 下午 spec.jbb.JBBmain DoARun -> 信息:   started user thread for Warehouse 1
2月 15, 2026 7:16:56 下午 spec.jbb.JBBmain DoARun -> 信息:   started user thread for Warehouse 2
2月 15, 2026 7:16:56 下午 spec.jbb.JBBmain DoARun -> 信息:   started user thread for Warehouse 3
2月 15, 2026 7:16:56 下午 spec.jbb.JBBmain DoARun -> 信息:   started user thread for Warehouse 4
2月 15, 2026 7:16:56 下午 spec.jbb.JBBmain DoARun -> 信息:   started user thread for Warehouse 5
2月 15, 2026 7:16:56 下午 spec.jbb.JBBmain DoARun -> 信息:   started user thread for Warehouse 6
2月 15, 2026 7:16:56 下午 spec.jbb.JBBmain DoARun -> 信息:   started user thread for Warehouse 7
2月 15, 2026 7:16:56 下午 spec.jbb.JBBmain DoARun -> 信息:   started user thread for Warehouse 8
2月 15, 2026 7:16:56 下午 spec.jbb.JBBmain DoARun -> 信息:   started user thread for Warehouse 9
2月 15, 2026 7:16:56 下午 spec.jbb.JBBmain DoARun -> 信息:   started user thread for Warehouse 10
2月 15, 2026 7:16:56 下午 spec.jbb.JBBmain DoARun -> 信息:   started user thread for Warehouse 11
2月 15, 2026 7:16:56 下午 spec.jbb.JBBmain DoARun -> 信息:   started user thread for Warehouse 12
2月 15, 2026 7:16:56 下午 spec.jbb.JBBmain DoARun -> 信息:   started user thread for Warehouse 13
2月 15, 2026 7:16:56 下午 spec.jbb.JBBmain DoARun -> 信息:   started user thread for Warehouse 14
2月 15, 2026 7:16:56 下午 spec.jbb.JBBmain DoARun -> 信息:   started user thread for Warehouse 15
2月 15, 2026 7:16:56 下午 spec.jbb.JBBmain DoARun -> 信息:   started user thread for Warehouse 16
2月 15, 2026 7:16:56 下午 spec.jbb.JBBmain DoARun -> 信息:   started user thread for Warehouse 17
2月 15, 2026 7:16:56 下午 spec.jbb.JBBmain DoARun -> 信息:   started user thread for Warehouse 18
2月 15, 2026 7:16:56 下午 spec.jbb.JBBmain DoARun -> 信息:   started user thread for Warehouse 19
2月 15, 2026 7:16:56 下午 spec.jbb.JBBmain DoARun -> 信息:   started user thread for Warehouse 20
2月 15, 2026 7:16:56 下午 spec.jbb.JBBmain DoARun -> 信息:   started user thread for Warehouse 21
2月 15, 2026 7:16:56 下午 spec.jbb.JBBmain DoARun -> 信息:   started user thread for Warehouse 22
2月 15, 2026 7:16:56 下午 spec.jbb.JBBmain DoARun -> 信息:   started user thread for Warehouse 23
2月 15, 2026 7:16:56 下午 spec.jbb.JBBmain DoARun -> 信息:   started user thread for Warehouse 24
2月 15, 2026 7:16:56 下午 spec.jbb.JBBmain DoARun -> 信息:   started user thread for Warehouse 25
2月 15, 2026 7:16:56 下午 spec.jbb.JBBmain DoARun -> 信息:   started user thread for Warehouse 26
2月 15, 2026 7:16:56 下午 spec.jbb.JBBmain DoARun -> 信息:   started user thread for Warehouse 27
2月 15, 2026 7:16:56 下午 spec.jbb.JBBmain DoARun -> 信息:   started user thread for Warehouse 28
2月 15, 2026 7:16:56 下午 spec.jbb.JBBmain DoARun -> 信息:   started user thread for Warehouse 29
2月 15, 2026 7:16:56 下午 spec.jbb.JBBmain DoARun -> 信息:   started user thread for Warehouse 30
2月 15, 2026 7:16:56 下午 spec.jbb.JBBmain DoARun -> 信息:   started user thread for Warehouse 31
2月 15, 2026 7:16:56 下午 spec.jbb.JBBmain DoARun -> 信息:   started user thread for Warehouse 32
2月 15, 2026 7:16:56 下午 spec.jbb.JBBmain DoARun -> 信息:   started user thread for Warehouse 33
2月 15, 2026 7:16:56 下午 spec.jbb.JBBmain DoARun -> 信息:   started user thread for Warehouse 34
2月 15, 2026 7:16:56 下午 spec.jbb.JBBmain DoARun -> 信息:   started user thread for Warehouse 35
2月 15, 2026 7:16:56 下午 spec.jbb.JBBmain DoARun -> 信息:   started user thread for Warehouse 36
2月 15, 2026 7:16:56 下午 spec.jbb.JBBmain DoARun -> 信息:   started user thread for Warehouse 37
2月 15, 2026 7:16:56 下午 spec.jbb.JBBmain DoARun -> 信息:   started user thread for Warehouse 38
2月 15, 2026 7:16:56 下午 spec.jbb.JBBmain DoARun -> 信息:   started user thread for Warehouse 39
2月 15, 2026 7:16:56 下午 spec.jbb.JBBmain DoARun -> 信息:   started user thread for Warehouse 40
2月 15, 2026 7:16:56 下午 spec.jbb.JBBmain DoARun -> 信息:   started user thread for Warehouse 41
2月 15, 2026 7:16:56 下午 spec.jbb.JBBmain DoARun -> 信息:   started user thread for Warehouse 42
2月 15, 2026 7:16:56 下午 spec.jbb.JBBmain DoARun -> 信息:   started user thread for Warehouse 43
2月 15, 2026 7:16:56 下午 spec.jbb.JBBmain DoARun -> 信息:   started user thread for Warehouse 44
2月 15, 2026 7:16:56 下午 spec.jbb.JBBmain DoARun -> 信息:   started user thread for Warehouse 45
2月 15, 2026 7:16:56 下午 spec.jbb.JBBmain DoARun -> 信息:   started user thread for Warehouse 46
2月 15, 2026 7:16:56 下午 spec.jbb.JBBmain DoARun -> 信息:   started user thread for Warehouse 47
2月 15, 2026 7:16:56 下午 spec.jbb.JBBmain DoARun -> 信息:   started user thread for Warehouse 48
2月 15, 2026 7:16:56 下午 spec.jbb.JBBmain DoARun -> 信息:   started user thread for Warehouse 49
2月 15, 2026 7:16:56 下午 spec.jbb.JBBmain DoARun -> 信息:   started user thread for Warehouse 50
2月 15, 2026 7:16:56 下午 spec.jbb.JBBmain DoARun -> 信息:   started user thread for Warehouse 51
2月 15, 2026 7:16:56 下午 spec.jbb.JBBmain DoARun -> 信息:   started user thread for Warehouse 52
2月 15, 2026 7:16:56 下午 spec.jbb.JBBmain DoARun -> 信息:   started user thread for Warehouse 53
2月 15, 2026 7:16:56 下午 spec.jbb.JBBmain DoARun -> 信息:   started user thread for Warehouse 54
2月 15, 2026 7:16:56 下午 spec.jbb.JBBmain DoARun -> 信息:   started user thread for Warehouse 55
2月 15, 2026 7:16:56 下午 spec.jbb.JBBmain DoARun -> 信息:   started user thread for Warehouse 56
2月 15, 2026 7:16:56 下午 spec.jbb.JBBmain DoARun -> 信息:   started user thread for Warehouse 57
2月 15, 2026 7:16:56 下午 spec.jbb.JBBmain DoARun -> 信息:   started user thread for Warehouse 58
2月 15, 2026 7:16:56 下午 spec.jbb.JBBmain DoARun -> 信息:   started user thread for Warehouse 59
2月 15, 2026 7:16:56 下午 spec.jbb.JBBmain DoARun -> 信息:   started user thread for Warehouse 60
2月 15, 2026 7:16:56 下午 spec.jbb.Company displayResultTotals -> 信息: Timing Measurement began Sun Feb 15 19:16:56 CST 2026 for 0.5 minutes
2月 15, 2026 7:17:26 下午 spec.jbb.Company displayResultTotals -> 信息: Timing Measurement ended Sun Feb 15 19:17:26 CST 2026
2月 15, 2026 7:17:26 下午 spec.jbb.Company primeWithDummyData -> 信息: Loading Warehouse 61...
2月 15, 2026 7:17:26 下午 spec.jbb.JBBmain DoARun -> 信息: Start User Threads
2月 15, 2026 7:17:26 下午 spec.jbb.JBBmain DoARun -> 信息:   started user thread for Warehouse 1
2月 15, 2026 7:17:26 下午 spec.jbb.JBBmain DoARun -> 信息:   started user thread for Warehouse 2
2月 15, 2026 7:17:26 下午 spec.jbb.JBBmain DoARun -> 信息:   started user thread for Warehouse 3
2月 15, 2026 7:17:26 下午 spec.jbb.JBBmain DoARun -> 信息:   started user thread for Warehouse 4
2月 15, 2026 7:17:26 下午 spec.jbb.JBBmain DoARun -> 信息:   started user thread for Warehouse 5
2月 15, 2026 7:17:26 下午 spec.jbb.JBBmain DoARun -> 信息:   started user thread for Warehouse 6
2月 15, 2026 7:17:26 下午 spec.jbb.JBBmain DoARun -> 信息:   started user thread for Warehouse 7
2月 15, 2026 7:17:26 下午 spec.jbb.JBBmain DoARun -> 信息:   started user thread for Warehouse 8
2月 15, 2026 7:17:26 下午 spec.jbb.JBBmain DoARun -> 信息:   started user thread for Warehouse 9
2月 15, 2026 7:17:26 下午 spec.jbb.JBBmain DoARun -> 信息:   started user thread for Warehouse 10
2月 15, 2026 7:17:26 下午 spec.jbb.JBBmain DoARun -> 信息:   started user thread for Warehouse 11
2月 15, 2026 7:17:26 下午 spec.jbb.JBBmain DoARun -> 信息:   started user thread for Warehouse 12
2月 15, 2026 7:17:26 下午 spec.jbb.JBBmain DoARun -> 信息:   started user thread for Warehouse 13
2月 15, 2026 7:17:26 下午 spec.jbb.JBBmain DoARun -> 信息:   started user thread for Warehouse 14
2月 15, 2026 7:17:26 下午 spec.jbb.JBBmain DoARun -> 信息:   started user thread for Warehouse 15
2月 15, 2026 7:17:26 下午 spec.jbb.JBBmain DoARun -> 信息:   started user thread for Warehouse 16
2月 15, 2026 7:17:26 下午 spec.jbb.JBBmain DoARun -> 信息:   started user thread for Warehouse 17
2月 15, 2026 7:17:26 下午 spec.jbb.JBBmain DoARun -> 信息:   started user thread for Warehouse 18
2月 15, 2026 7:17:26 下午 spec.jbb.JBBmain DoARun -> 信息:   started user thread for Warehouse 19
2月 15, 2026 7:17:26 下午 spec.jbb.JBBmain DoARun -> 信息:   started user thread for Warehouse 20
2月 15, 2026 7:17:26 下午 spec.jbb.JBBmain DoARun -> 信息:   started user thread for Warehouse 21
2月 15, 2026 7:17:26 下午 spec.jbb.JBBmain DoARun -> 信息:   started user thread for Warehouse 22
2月 15, 2026 7:17:26 下午 spec.jbb.JBBmain DoARun -> 信息:   started user thread for Warehouse 23
2月 15, 2026 7:17:26 下午 spec.jbb.JBBmain DoARun -> 信息:   started user thread for Warehouse 24
2月 15, 2026 7:17:26 下午 spec.jbb.JBBmain DoARun -> 信息:   started user thread for Warehouse 25
2月 15, 2026 7:17:26 下午 spec.jbb.JBBmain DoARun -> 信息:   started user thread for Warehouse 26
2月 15, 2026 7:17:26 下午 spec.jbb.JBBmain DoARun -> 信息:   started user thread for Warehouse 27
2月 15, 2026 7:17:26 下午 spec.jbb.JBBmain DoARun -> 信息:   started user thread for Warehouse 28
2月 15, 2026 7:17:26 下午 spec.jbb.JBBmain DoARun -> 信息:   started user thread for Warehouse 29
2月 15, 2026 7:17:26 下午 spec.jbb.JBBmain DoARun -> 信息:   started user thread for Warehouse 30
2月 15, 2026 7:17:26 下午 spec.jbb.JBBmain DoARun -> 信息:   started user thread for Warehouse 31
2月 15, 2026 7:17:26 下午 spec.jbb.JBBmain DoARun -> 信息:   started user thread for Warehouse 32
2月 15, 2026 7:17:26 下午 spec.jbb.JBBmain DoARun -> 信息:   started user thread for Warehouse 33
2月 15, 2026 7:17:26 下午 spec.jbb.JBBmain DoARun -> 信息:   started user thread for Warehouse 34
2月 15, 2026 7:17:26 下午 spec.jbb.JBBmain DoARun -> 信息:   started user thread for Warehouse 35
2月 15, 2026 7:17:26 下午 spec.jbb.JBBmain DoARun -> 信息:   started user thread for Warehouse 36
2月 15, 2026 7:17:26 下午 spec.jbb.JBBmain DoARun -> 信息:   started user thread for Warehouse 37
2月 15, 2026 7:17:26 下午 spec.jbb.JBBmain DoARun -> 信息:   started user thread for Warehouse 38
2月 15, 2026 7:17:26 下午 spec.jbb.JBBmain DoARun -> 信息:   started user thread for Warehouse 39
2月 15, 2026 7:17:26 下午 spec.jbb.JBBmain DoARun -> 信息:   started user thread for Warehouse 40
2月 15, 2026 7:17:26 下午 spec.jbb.JBBmain DoARun -> 信息:   started user thread for Warehouse 41
2月 15, 2026 7:17:26 下午 spec.jbb.JBBmain DoARun -> 信息:   started user thread for Warehouse 42
2月 15, 2026 7:17:26 下午 spec.jbb.JBBmain DoARun -> 信息:   started user thread for Warehouse 43
2月 15, 2026 7:17:26 下午 spec.jbb.JBBmain DoARun -> 信息:   started user thread for Warehouse 44
2月 15, 2026 7:17:26 下午 spec.jbb.JBBmain DoARun -> 信息:   started user thread for Warehouse 45
2月 15, 2026 7:17:26 下午 spec.jbb.JBBmain DoARun -> 信息:   started user thread for Warehouse 46
2月 15, 2026 7:17:26 下午 spec.jbb.JBBmain DoARun -> 信息:   started user thread for Warehouse 47
2月 15, 2026 7:17:26 下午 spec.jbb.JBBmain DoARun -> 信息:   started user thread for Warehouse 48
2月 15, 2026 7:17:26 下午 spec.jbb.JBBmain DoARun -> 信息:   started user thread for Warehouse 49
2月 15, 2026 7:17:26 下午 spec.jbb.JBBmain DoARun -> 信息:   started user thread for Warehouse 50
2月 15, 2026 7:17:26 下午 spec.jbb.JBBmain DoARun -> 信息:   started user thread for Warehouse 51
2月 15, 2026 7:17:26 下午 spec.jbb.JBBmain DoARun -> 信息:   started user thread for Warehouse 52
2月 15, 2026 7:17:26 下午 spec.jbb.JBBmain DoARun -> 信息:   started user thread for Warehouse 53
2月 15, 2026 7:17:26 下午 spec.jbb.JBBmain DoARun -> 信息:   started user thread for Warehouse 54
2月 15, 2026 7:17:26 下午 spec.jbb.JBBmain DoARun -> 信息:   started user thread for Warehouse 55
2月 15, 2026 7:17:26 下午 spec.jbb.JBBmain DoARun -> 信息:   started user thread for Warehouse 56
2月 15, 2026 7:17:26 下午 spec.jbb.JBBmain DoARun -> 信息:   started user thread for Warehouse 57
2月 15, 2026 7:17:26 下午 spec.jbb.JBBmain DoARun -> 信息:   started user thread for Warehouse 58
2月 15, 2026 7:17:26 下午 spec.jbb.JBBmain DoARun -> 信息:   started user thread for Warehouse 59
2月 15, 2026 7:17:26 下午 spec.jbb.JBBmain DoARun -> 信息:   started user thread for Warehouse 60
2月 15, 2026 7:17:26 下午 spec.jbb.JBBmain DoARun -> 信息:   started user thread for Warehouse 61
2月 15, 2026 7:17:26 下午 spec.jbb.Company displayResultTotals -> 信息: Timing Measurement began Sun Feb 15 19:17:26 CST 2026 for 0.5 minutes
2月 15, 2026 7:17:56 下午 spec.jbb.Company displayResultTotals -> 信息: Timing Measurement ended Sun Feb 15 19:17:56 CST 2026
2月 15, 2026 7:17:56 下午 spec.jbb.Company primeWithDummyData -> 信息: Loading Warehouse 62...
2月 15, 2026 7:17:57 下午 spec.jbb.JBBmain DoARun -> 信息: Start User Threads
2月 15, 2026 7:17:57 下午 spec.jbb.JBBmain DoARun -> 信息:   started user thread for Warehouse 1
2月 15, 2026 7:17:57 下午 spec.jbb.JBBmain DoARun -> 信息:   started user thread for Warehouse 2
2月 15, 2026 7:17:57 下午 spec.jbb.JBBmain DoARun -> 信息:   started user thread for Warehouse 3
2月 15, 2026 7:17:57 下午 spec.jbb.JBBmain DoARun -> 信息:   started user thread for Warehouse 4
2月 15, 2026 7:17:57 下午 spec.jbb.JBBmain DoARun -> 信息:   started user thread for Warehouse 5
2月 15, 2026 7:17:57 下午 spec.jbb.JBBmain DoARun -> 信息:   started user thread for Warehouse 6
2月 15, 2026 7:17:57 下午 spec.jbb.JBBmain DoARun -> 信息:   started user thread for Warehouse 7
2月 15, 2026 7:17:57 下午 spec.jbb.JBBmain DoARun -> 信息:   started user thread for Warehouse 8
2月 15, 2026 7:17:57 下午 spec.jbb.JBBmain DoARun -> 信息:   started user thread for Warehouse 9
2月 15, 2026 7:17:57 下午 spec.jbb.JBBmain DoARun -> 信息:   started user thread for Warehouse 10
2月 15, 2026 7:17:57 下午 spec.jbb.JBBmain DoARun -> 信息:   started user thread for Warehouse 11
2月 15, 2026 7:17:57 下午 spec.jbb.JBBmain DoARun -> 信息:   started user thread for Warehouse 12
2月 15, 2026 7:17:57 下午 spec.jbb.JBBmain DoARun -> 信息:   started user thread for Warehouse 13
2月 15, 2026 7:17:57 下午 spec.jbb.JBBmain DoARun -> 信息:   started user thread for Warehouse 14
2月 15, 2026 7:17:57 下午 spec.jbb.JBBmain DoARun -> 信息:   started user thread for Warehouse 15
2月 15, 2026 7:17:57 下午 spec.jbb.JBBmain DoARun -> 信息:   started user thread for Warehouse 16
2月 15, 2026 7:17:57 下午 spec.jbb.JBBmain DoARun -> 信息:   started user thread for Warehouse 17
2月 15, 2026 7:17:57 下午 spec.jbb.JBBmain DoARun -> 信息:   started user thread for Warehouse 18
2月 15, 2026 7:17:57 下午 spec.jbb.JBBmain DoARun -> 信息:   started user thread for Warehouse 19
2月 15, 2026 7:17:57 下午 spec.jbb.JBBmain DoARun -> 信息:   started user thread for Warehouse 20
2月 15, 2026 7:17:57 下午 spec.jbb.JBBmain DoARun -> 信息:   started user thread for Warehouse 21
2月 15, 2026 7:17:57 下午 spec.jbb.JBBmain DoARun -> 信息:   started user thread for Warehouse 22
2月 15, 2026 7:17:57 下午 spec.jbb.JBBmain DoARun -> 信息:   started user thread for Warehouse 23
2月 15, 2026 7:17:57 下午 spec.jbb.JBBmain DoARun -> 信息:   started user thread for Warehouse 24
2月 15, 2026 7:17:57 下午 spec.jbb.JBBmain DoARun -> 信息:   started user thread for Warehouse 25
2月 15, 2026 7:17:57 下午 spec.jbb.JBBmain DoARun -> 信息:   started user thread for Warehouse 26
2月 15, 2026 7:17:57 下午 spec.jbb.JBBmain DoARun -> 信息:   started user thread for Warehouse 27
2月 15, 2026 7:17:57 下午 spec.jbb.JBBmain DoARun -> 信息:   started user thread for Warehouse 28
2月 15, 2026 7:17:57 下午 spec.jbb.JBBmain DoARun -> 信息:   started user thread for Warehouse 29
2月 15, 2026 7:17:57 下午 spec.jbb.JBBmain DoARun -> 信息:   started user thread for Warehouse 30
2月 15, 2026 7:17:57 下午 spec.jbb.JBBmain DoARun -> 信息:   started user thread for Warehouse 31
2月 15, 2026 7:17:57 下午 spec.jbb.JBBmain DoARun -> 信息:   started user thread for Warehouse 32
2月 15, 2026 7:17:57 下午 spec.jbb.JBBmain DoARun -> 信息:   started user thread for Warehouse 33
2月 15, 2026 7:17:57 下午 spec.jbb.JBBmain DoARun -> 信息:   started user thread for Warehouse 34
2月 15, 2026 7:17:57 下午 spec.jbb.JBBmain DoARun -> 信息:   started user thread for Warehouse 35
2月 15, 2026 7:17:57 下午 spec.jbb.JBBmain DoARun -> 信息:   started user thread for Warehouse 36
2月 15, 2026 7:17:57 下午 spec.jbb.JBBmain DoARun -> 信息:   started user thread for Warehouse 37
2月 15, 2026 7:17:57 下午 spec.jbb.JBBmain DoARun -> 信息:   started user thread for Warehouse 38
2月 15, 2026 7:17:57 下午 spec.jbb.JBBmain DoARun -> 信息:   started user thread for Warehouse 39
2月 15, 2026 7:17:57 下午 spec.jbb.JBBmain DoARun -> 信息:   started user thread for Warehouse 40
2月 15, 2026 7:17:57 下午 spec.jbb.JBBmain DoARun -> 信息:   started user thread for Warehouse 41
2月 15, 2026 7:17:57 下午 spec.jbb.JBBmain DoARun -> 信息:   started user thread for Warehouse 42
2月 15, 2026 7:17:57 下午 spec.jbb.JBBmain DoARun -> 信息:   started user thread for Warehouse 43
2月 15, 2026 7:17:57 下午 spec.jbb.JBBmain DoARun -> 信息:   started user thread for Warehouse 44
2月 15, 2026 7:17:57 下午 spec.jbb.JBBmain DoARun -> 信息:   started user thread for Warehouse 45
2月 15, 2026 7:17:57 下午 spec.jbb.JBBmain DoARun -> 信息:   started user thread for Warehouse 46
2月 15, 2026 7:17:57 下午 spec.jbb.JBBmain DoARun -> 信息:   started user thread for Warehouse 47
2月 15, 2026 7:17:57 下午 spec.jbb.JBBmain DoARun -> 信息:   started user thread for Warehouse 48
2月 15, 2026 7:17:57 下午 spec.jbb.JBBmain DoARun -> 信息:   started user thread for Warehouse 49
2月 15, 2026 7:17:57 下午 spec.jbb.JBBmain DoARun -> 信息:   started user thread for Warehouse 50
2月 15, 2026 7:17:57 下午 spec.jbb.JBBmain DoARun -> 信息:   started user thread for Warehouse 51
2月 15, 2026 7:17:57 下午 spec.jbb.JBBmain DoARun -> 信息:   started user thread for Warehouse 52
2月 15, 2026 7:17:57 下午 spec.jbb.JBBmain DoARun -> 信息:   started user thread for Warehouse 53
2月 15, 2026 7:17:57 下午 spec.jbb.JBBmain DoARun -> 信息:   started user thread for Warehouse 54
2月 15, 2026 7:17:57 下午 spec.jbb.JBBmain DoARun -> 信息:   started user thread for Warehouse 55
2月 15, 2026 7:17:57 下午 spec.jbb.JBBmain DoARun -> 信息:   started user thread for Warehouse 56
2月 15, 2026 7:17:57 下午 spec.jbb.JBBmain DoARun -> 信息:   started user thread for Warehouse 57
2月 15, 2026 7:17:57 下午 spec.jbb.JBBmain DoARun -> 信息:   started user thread for Warehouse 58
2月 15, 2026 7:17:57 下午 spec.jbb.JBBmain DoARun -> 信息:   started user thread for Warehouse 59
2月 15, 2026 7:17:57 下午 spec.jbb.JBBmain DoARun -> 信息:   started user thread for Warehouse 60
2月 15, 2026 7:17:57 下午 spec.jbb.JBBmain DoARun -> 信息:   started user thread for Warehouse 61
2月 15, 2026 7:17:57 下午 spec.jbb.JBBmain DoARun -> 信息:   started user thread for Warehouse 62
2月 15, 2026 7:17:57 下午 spec.jbb.Company displayResultTotals -> 信息: Timing Measurement began Sun Feb 15 19:17:57 CST 2026 for 0.5 minutes
2月 15, 2026 7:18:27 下午 spec.jbb.Company displayResultTotals -> 信息: Timing Measurement ended Sun Feb 15 19:18:27 CST 2026
2月 15, 2026 7:18:27 下午 spec.jbb.Company primeWithDummyData -> 信息: Loading Warehouse 63...
2月 15, 2026 7:18:27 下午 spec.jbb.JBBmain DoARun -> 信息: Start User Threads
2月 15, 2026 7:18:27 下午 spec.jbb.JBBmain DoARun -> 信息:   started user thread for Warehouse 1
2月 15, 2026 7:18:27 下午 spec.jbb.JBBmain DoARun -> 信息:   started user thread for Warehouse 2
2月 15, 2026 7:18:27 下午 spec.jbb.JBBmain DoARun -> 信息:   started user thread for Warehouse 3
2月 15, 2026 7:18:27 下午 spec.jbb.JBBmain DoARun -> 信息:   started user thread for Warehouse 4
2月 15, 2026 7:18:27 下午 spec.jbb.JBBmain DoARun -> 信息:   started user thread for Warehouse 5
2月 15, 2026 7:18:27 下午 spec.jbb.JBBmain DoARun -> 信息:   started user thread for Warehouse 6
2月 15, 2026 7:18:27 下午 spec.jbb.JBBmain DoARun -> 信息:   started user thread for Warehouse 7
2月 15, 2026 7:18:27 下午 spec.jbb.JBBmain DoARun -> 信息:   started user thread for Warehouse 8
2月 15, 2026 7:18:27 下午 spec.jbb.JBBmain DoARun -> 信息:   started user thread for Warehouse 9
2月 15, 2026 7:18:27 下午 spec.jbb.JBBmain DoARun -> 信息:   started user thread for Warehouse 10
2月 15, 2026 7:18:27 下午 spec.jbb.JBBmain DoARun -> 信息:   started user thread for Warehouse 11
2月 15, 2026 7:18:27 下午 spec.jbb.JBBmain DoARun -> 信息:   started user thread for Warehouse 12
2月 15, 2026 7:18:27 下午 spec.jbb.JBBmain DoARun -> 信息:   started user thread for Warehouse 13
2月 15, 2026 7:18:27 下午 spec.jbb.JBBmain DoARun -> 信息:   started user thread for Warehouse 14
2月 15, 2026 7:18:27 下午 spec.jbb.JBBmain DoARun -> 信息:   started user thread for Warehouse 15
2月 15, 2026 7:18:27 下午 spec.jbb.JBBmain DoARun -> 信息:   started user thread for Warehouse 16
2月 15, 2026 7:18:27 下午 spec.jbb.JBBmain DoARun -> 信息:   started user thread for Warehouse 17
2月 15, 2026 7:18:27 下午 spec.jbb.JBBmain DoARun -> 信息:   started user thread for Warehouse 18
2月 15, 2026 7:18:27 下午 spec.jbb.JBBmain DoARun -> 信息:   started user thread for Warehouse 19
2月 15, 2026 7:18:27 下午 spec.jbb.JBBmain DoARun -> 信息:   started user thread for Warehouse 20
2月 15, 2026 7:18:27 下午 spec.jbb.JBBmain DoARun -> 信息:   started user thread for Warehouse 21
2月 15, 2026 7:18:27 下午 spec.jbb.JBBmain DoARun -> 信息:   started user thread for Warehouse 22
2月 15, 2026 7:18:27 下午 spec.jbb.JBBmain DoARun -> 信息:   started user thread for Warehouse 23
2月 15, 2026 7:18:27 下午 spec.jbb.JBBmain DoARun -> 信息:   started user thread for Warehouse 24
2月 15, 2026 7:18:27 下午 spec.jbb.JBBmain DoARun -> 信息:   started user thread for Warehouse 25
2月 15, 2026 7:18:27 下午 spec.jbb.JBBmain DoARun -> 信息:   started user thread for Warehouse 26
2月 15, 2026 7:18:27 下午 spec.jbb.JBBmain DoARun -> 信息:   started user thread for Warehouse 27
2月 15, 2026 7:18:27 下午 spec.jbb.JBBmain DoARun -> 信息:   started user thread for Warehouse 28
2月 15, 2026 7:18:27 下午 spec.jbb.JBBmain DoARun -> 信息:   started user thread for Warehouse 29
2月 15, 2026 7:18:27 下午 spec.jbb.JBBmain DoARun -> 信息:   started user thread for Warehouse 30
2月 15, 2026 7:18:27 下午 spec.jbb.JBBmain DoARun -> 信息:   started user thread for Warehouse 31
2月 15, 2026 7:18:27 下午 spec.jbb.JBBmain DoARun -> 信息:   started user thread for Warehouse 32
2月 15, 2026 7:18:27 下午 spec.jbb.JBBmain DoARun -> 信息:   started user thread for Warehouse 33
2月 15, 2026 7:18:27 下午 spec.jbb.JBBmain DoARun -> 信息:   started user thread for Warehouse 34
2月 15, 2026 7:18:27 下午 spec.jbb.JBBmain DoARun -> 信息:   started user thread for Warehouse 35
2月 15, 2026 7:18:27 下午 spec.jbb.JBBmain DoARun -> 信息:   started user thread for Warehouse 36
2月 15, 2026 7:18:27 下午 spec.jbb.JBBmain DoARun -> 信息:   started user thread for Warehouse 37
2月 15, 2026 7:18:27 下午 spec.jbb.JBBmain DoARun -> 信息:   started user thread for Warehouse 38
2月 15, 2026 7:18:27 下午 spec.jbb.JBBmain DoARun -> 信息:   started user thread for Warehouse 39
2月 15, 2026 7:18:27 下午 spec.jbb.JBBmain DoARun -> 信息:   started user thread for Warehouse 40
2月 15, 2026 7:18:27 下午 spec.jbb.JBBmain DoARun -> 信息:   started user thread for Warehouse 41
2月 15, 2026 7:18:27 下午 spec.jbb.JBBmain DoARun -> 信息:   started user thread for Warehouse 42
2月 15, 2026 7:18:27 下午 spec.jbb.JBBmain DoARun -> 信息:   started user thread for Warehouse 43
2月 15, 2026 7:18:27 下午 spec.jbb.JBBmain DoARun -> 信息:   started user thread for Warehouse 44
2月 15, 2026 7:18:27 下午 spec.jbb.JBBmain DoARun -> 信息:   started user thread for Warehouse 45
2月 15, 2026 7:18:27 下午 spec.jbb.JBBmain DoARun -> 信息:   started user thread for Warehouse 46
2月 15, 2026 7:18:27 下午 spec.jbb.JBBmain DoARun -> 信息:   started user thread for Warehouse 47
2月 15, 2026 7:18:27 下午 spec.jbb.JBBmain DoARun -> 信息:   started user thread for Warehouse 48
2月 15, 2026 7:18:27 下午 spec.jbb.JBBmain DoARun -> 信息:   started user thread for Warehouse 49
2月 15, 2026 7:18:27 下午 spec.jbb.JBBmain DoARun -> 信息:   started user thread for Warehouse 50
2月 15, 2026 7:18:27 下午 spec.jbb.JBBmain DoARun -> 信息:   started user thread for Warehouse 51
2月 15, 2026 7:18:27 下午 spec.jbb.JBBmain DoARun -> 信息:   started user thread for Warehouse 52
2月 15, 2026 7:18:27 下午 spec.jbb.JBBmain DoARun -> 信息:   started user thread for Warehouse 53
2月 15, 2026 7:18:27 下午 spec.jbb.JBBmain DoARun -> 信息:   started user thread for Warehouse 54
2月 15, 2026 7:18:27 下午 spec.jbb.JBBmain DoARun -> 信息:   started user thread for Warehouse 55
2月 15, 2026 7:18:27 下午 spec.jbb.JBBmain DoARun -> 信息:   started user thread for Warehouse 56
2月 15, 2026 7:18:27 下午 spec.jbb.JBBmain DoARun -> 信息:   started user thread for Warehouse 57
2月 15, 2026 7:18:27 下午 spec.jbb.JBBmain DoARun -> 信息:   started user thread for Warehouse 58
2月 15, 2026 7:18:27 下午 spec.jbb.JBBmain DoARun -> 信息:   started user thread for Warehouse 59
2月 15, 2026 7:18:27 下午 spec.jbb.JBBmain DoARun -> 信息:   started user thread for Warehouse 60
2月 15, 2026 7:18:27 下午 spec.jbb.JBBmain DoARun -> 信息:   started user thread for Warehouse 61
2月 15, 2026 7:18:27 下午 spec.jbb.JBBmain DoARun -> 信息:   started user thread for Warehouse 62
2月 15, 2026 7:18:27 下午 spec.jbb.JBBmain DoARun -> 信息:   started user thread for Warehouse 63
2月 15, 2026 7:18:27 下午 spec.jbb.Company displayResultTotals -> 信息: Timing Measurement began Sun Feb 15 19:18:27 CST 2026 for 0.5 minutes
2月 15, 2026 7:18:57 下午 spec.jbb.Company displayResultTotals -> 信息: Timing Measurement ended Sun Feb 15 19:18:57 CST 2026
2月 15, 2026 7:18:57 下午 spec.jbb.Company primeWithDummyData -> 信息: Loading Warehouse 64...
2月 15, 2026 7:18:57 下午 spec.jbb.JBBmain DoARun -> 信息: Start User Threads
2月 15, 2026 7:18:57 下午 spec.jbb.JBBmain DoARun -> 信息:   started user thread for Warehouse 1
2月 15, 2026 7:18:57 下午 spec.jbb.JBBmain DoARun -> 信息:   started user thread for Warehouse 2
2月 15, 2026 7:18:57 下午 spec.jbb.JBBmain DoARun -> 信息:   started user thread for Warehouse 3
2月 15, 2026 7:18:57 下午 spec.jbb.JBBmain DoARun -> 信息:   started user thread for Warehouse 4
2月 15, 2026 7:18:57 下午 spec.jbb.JBBmain DoARun -> 信息:   started user thread for Warehouse 5
2月 15, 2026 7:18:57 下午 spec.jbb.JBBmain DoARun -> 信息:   started user thread for Warehouse 6
2月 15, 2026 7:18:57 下午 spec.jbb.JBBmain DoARun -> 信息:   started user thread for Warehouse 7
2月 15, 2026 7:18:57 下午 spec.jbb.JBBmain DoARun -> 信息:   started user thread for Warehouse 8
2月 15, 2026 7:18:57 下午 spec.jbb.JBBmain DoARun -> 信息:   started user thread for Warehouse 9
2月 15, 2026 7:18:57 下午 spec.jbb.JBBmain DoARun -> 信息:   started user thread for Warehouse 10
2月 15, 2026 7:18:57 下午 spec.jbb.JBBmain DoARun -> 信息:   started user thread for Warehouse 11
2月 15, 2026 7:18:57 下午 spec.jbb.JBBmain DoARun -> 信息:   started user thread for Warehouse 12
2月 15, 2026 7:18:57 下午 spec.jbb.JBBmain DoARun -> 信息:   started user thread for Warehouse 13
2月 15, 2026 7:18:57 下午 spec.jbb.JBBmain DoARun -> 信息:   started user thread for Warehouse 14
2月 15, 2026 7:18:57 下午 spec.jbb.JBBmain DoARun -> 信息:   started user thread for Warehouse 15
2月 15, 2026 7:18:57 下午 spec.jbb.JBBmain DoARun -> 信息:   started user thread for Warehouse 16
2月 15, 2026 7:18:57 下午 spec.jbb.JBBmain DoARun -> 信息:   started user thread for Warehouse 17
2月 15, 2026 7:18:57 下午 spec.jbb.JBBmain DoARun -> 信息:   started user thread for Warehouse 18
2月 15, 2026 7:18:57 下午 spec.jbb.JBBmain DoARun -> 信息:   started user thread for Warehouse 19
2月 15, 2026 7:18:57 下午 spec.jbb.JBBmain DoARun -> 信息:   started user thread for Warehouse 20
2月 15, 2026 7:18:57 下午 spec.jbb.JBBmain DoARun -> 信息:   started user thread for Warehouse 21
2月 15, 2026 7:18:57 下午 spec.jbb.JBBmain DoARun -> 信息:   started user thread for Warehouse 22
2月 15, 2026 7:18:57 下午 spec.jbb.JBBmain DoARun -> 信息:   started user thread for Warehouse 23
2月 15, 2026 7:18:57 下午 spec.jbb.JBBmain DoARun -> 信息:   started user thread for Warehouse 24
2月 15, 2026 7:18:57 下午 spec.jbb.JBBmain DoARun -> 信息:   started user thread for Warehouse 25
2月 15, 2026 7:18:57 下午 spec.jbb.JBBmain DoARun -> 信息:   started user thread for Warehouse 26
2月 15, 2026 7:18:57 下午 spec.jbb.JBBmain DoARun -> 信息:   started user thread for Warehouse 27
2月 15, 2026 7:18:57 下午 spec.jbb.JBBmain DoARun -> 信息:   started user thread for Warehouse 28
2月 15, 2026 7:18:57 下午 spec.jbb.JBBmain DoARun -> 信息:   started user thread for Warehouse 29
2月 15, 2026 7:18:57 下午 spec.jbb.JBBmain DoARun -> 信息:   started user thread for Warehouse 30
2月 15, 2026 7:18:57 下午 spec.jbb.JBBmain DoARun -> 信息:   started user thread for Warehouse 31
2月 15, 2026 7:18:57 下午 spec.jbb.JBBmain DoARun -> 信息:   started user thread for Warehouse 32
2月 15, 2026 7:18:57 下午 spec.jbb.JBBmain DoARun -> 信息:   started user thread for Warehouse 33
2月 15, 2026 7:18:57 下午 spec.jbb.JBBmain DoARun -> 信息:   started user thread for Warehouse 34
2月 15, 2026 7:18:57 下午 spec.jbb.JBBmain DoARun -> 信息:   started user thread for Warehouse 35
2月 15, 2026 7:18:57 下午 spec.jbb.JBBmain DoARun -> 信息:   started user thread for Warehouse 36
2月 15, 2026 7:18:57 下午 spec.jbb.JBBmain DoARun -> 信息:   started user thread for Warehouse 37
2月 15, 2026 7:18:57 下午 spec.jbb.JBBmain DoARun -> 信息:   started user thread for Warehouse 38
2月 15, 2026 7:18:57 下午 spec.jbb.JBBmain DoARun -> 信息:   started user thread for Warehouse 39
2月 15, 2026 7:18:57 下午 spec.jbb.JBBmain DoARun -> 信息:   started user thread for Warehouse 40
2月 15, 2026 7:18:57 下午 spec.jbb.JBBmain DoARun -> 信息:   started user thread for Warehouse 41
2月 15, 2026 7:18:57 下午 spec.jbb.JBBmain DoARun -> 信息:   started user thread for Warehouse 42
2月 15, 2026 7:18:57 下午 spec.jbb.JBBmain DoARun -> 信息:   started user thread for Warehouse 43
2月 15, 2026 7:18:57 下午 spec.jbb.JBBmain DoARun -> 信息:   started user thread for Warehouse 44
2月 15, 2026 7:18:57 下午 spec.jbb.JBBmain DoARun -> 信息:   started user thread for Warehouse 45
2月 15, 2026 7:18:57 下午 spec.jbb.JBBmain DoARun -> 信息:   started user thread for Warehouse 46
2月 15, 2026 7:18:57 下午 spec.jbb.JBBmain DoARun -> 信息:   started user thread for Warehouse 47
2月 15, 2026 7:18:57 下午 spec.jbb.JBBmain DoARun -> 信息:   started user thread for Warehouse 48
2月 15, 2026 7:18:57 下午 spec.jbb.JBBmain DoARun -> 信息:   started user thread for Warehouse 49
2月 15, 2026 7:18:57 下午 spec.jbb.JBBmain DoARun -> 信息:   started user thread for Warehouse 50
2月 15, 2026 7:18:57 下午 spec.jbb.JBBmain DoARun -> 信息:   started user thread for Warehouse 51
2月 15, 2026 7:18:57 下午 spec.jbb.JBBmain DoARun -> 信息:   started user thread for Warehouse 52
2月 15, 2026 7:18:57 下午 spec.jbb.JBBmain DoARun -> 信息:   started user thread for Warehouse 53
2月 15, 2026 7:18:57 下午 spec.jbb.JBBmain DoARun -> 信息:   started user thread for Warehouse 54
2月 15, 2026 7:18:57 下午 spec.jbb.JBBmain DoARun -> 信息:   started user thread for Warehouse 55
2月 15, 2026 7:18:57 下午 spec.jbb.JBBmain DoARun -> 信息:   started user thread for Warehouse 56
2月 15, 2026 7:18:57 下午 spec.jbb.JBBmain DoARun -> 信息:   started user thread for Warehouse 57
2月 15, 2026 7:18:57 下午 spec.jbb.JBBmain DoARun -> 信息:   started user thread for Warehouse 58
2月 15, 2026 7:18:57 下午 spec.jbb.JBBmain DoARun -> 信息:   started user thread for Warehouse 59
2月 15, 2026 7:18:57 下午 spec.jbb.JBBmain DoARun -> 信息:   started user thread for Warehouse 60
2月 15, 2026 7:18:57 下午 spec.jbb.JBBmain DoARun -> 信息:   started user thread for Warehouse 61
2月 15, 2026 7:18:57 下午 spec.jbb.JBBmain DoARun -> 信息:   started user thread for Warehouse 62
2月 15, 2026 7:18:57 下午 spec.jbb.JBBmain DoARun -> 信息:   started user thread for Warehouse 63
2月 15, 2026 7:18:57 下午 spec.jbb.JBBmain DoARun -> 信息:   started user thread for Warehouse 64
2月 15, 2026 7:18:57 下午 spec.jbb.Company displayResultTotals -> 信息: Timing Measurement began Sun Feb 15 19:18:57 CST 2026 for 4 minutes
2月 15, 2026 7:22:57 下午 spec.jbb.Company displayResultTotals -> 信息: Timing Measurement ended Sun Feb 15 19:22:57 CST 2026
2月 15, 2026 7:22:57 下午 spec.jbb.Company primeWithDummyData -> 信息: Loading Warehouse 65...
2月 15, 2026 7:22:57 下午 spec.jbb.JBBmain DoARun -> 信息: Start User Threads
2月 15, 2026 7:22:57 下午 spec.jbb.JBBmain DoARun -> 信息:   started user thread for Warehouse 1
2月 15, 2026 7:22:57 下午 spec.jbb.JBBmain DoARun -> 信息:   started user thread for Warehouse 2
2月 15, 2026 7:22:57 下午 spec.jbb.JBBmain DoARun -> 信息:   started user thread for Warehouse 3
2月 15, 2026 7:22:57 下午 spec.jbb.JBBmain DoARun -> 信息:   started user thread for Warehouse 4
2月 15, 2026 7:22:57 下午 spec.jbb.JBBmain DoARun -> 信息:   started user thread for Warehouse 5
2月 15, 2026 7:22:57 下午 spec.jbb.JBBmain DoARun -> 信息:   started user thread for Warehouse 6
2月 15, 2026 7:22:57 下午 spec.jbb.JBBmain DoARun -> 信息:   started user thread for Warehouse 7
2月 15, 2026 7:22:57 下午 spec.jbb.JBBmain DoARun -> 信息:   started user thread for Warehouse 8
2月 15, 2026 7:22:57 下午 spec.jbb.JBBmain DoARun -> 信息:   started user thread for Warehouse 9
2月 15, 2026 7:22:57 下午 spec.jbb.JBBmain DoARun -> 信息:   started user thread for Warehouse 10
2月 15, 2026 7:22:57 下午 spec.jbb.JBBmain DoARun -> 信息:   started user thread for Warehouse 11
2月 15, 2026 7:22:57 下午 spec.jbb.JBBmain DoARun -> 信息:   started user thread for Warehouse 12
2月 15, 2026 7:22:57 下午 spec.jbb.JBBmain DoARun -> 信息:   started user thread for Warehouse 13
2月 15, 2026 7:22:57 下午 spec.jbb.JBBmain DoARun -> 信息:   started user thread for Warehouse 14
2月 15, 2026 7:22:57 下午 spec.jbb.JBBmain DoARun -> 信息:   started user thread for Warehouse 15
2月 15, 2026 7:22:57 下午 spec.jbb.JBBmain DoARun -> 信息:   started user thread for Warehouse 16
2月 15, 2026 7:22:57 下午 spec.jbb.JBBmain DoARun -> 信息:   started user thread for Warehouse 17
2月 15, 2026 7:22:57 下午 spec.jbb.JBBmain DoARun -> 信息:   started user thread for Warehouse 18
2月 15, 2026 7:22:57 下午 spec.jbb.JBBmain DoARun -> 信息:   started user thread for Warehouse 19
2月 15, 2026 7:22:57 下午 spec.jbb.JBBmain DoARun -> 信息:   started user thread for Warehouse 20
2月 15, 2026 7:22:57 下午 spec.jbb.JBBmain DoARun -> 信息:   started user thread for Warehouse 21
2月 15, 2026 7:22:57 下午 spec.jbb.JBBmain DoARun -> 信息:   started user thread for Warehouse 22
2月 15, 2026 7:22:57 下午 spec.jbb.JBBmain DoARun -> 信息:   started user thread for Warehouse 23
2月 15, 2026 7:22:57 下午 spec.jbb.JBBmain DoARun -> 信息:   started user thread for Warehouse 24
2月 15, 2026 7:22:57 下午 spec.jbb.JBBmain DoARun -> 信息:   started user thread for Warehouse 25
2月 15, 2026 7:22:57 下午 spec.jbb.JBBmain DoARun -> 信息:   started user thread for Warehouse 26
2月 15, 2026 7:22:57 下午 spec.jbb.JBBmain DoARun -> 信息:   started user thread for Warehouse 27
2月 15, 2026 7:22:57 下午 spec.jbb.JBBmain DoARun -> 信息:   started user thread for Warehouse 28
2月 15, 2026 7:22:57 下午 spec.jbb.JBBmain DoARun -> 信息:   started user thread for Warehouse 29
2月 15, 2026 7:22:57 下午 spec.jbb.JBBmain DoARun -> 信息:   started user thread for Warehouse 30
2月 15, 2026 7:22:57 下午 spec.jbb.JBBmain DoARun -> 信息:   started user thread for Warehouse 31
2月 15, 2026 7:22:57 下午 spec.jbb.JBBmain DoARun -> 信息:   started user thread for Warehouse 32
2月 15, 2026 7:22:57 下午 spec.jbb.JBBmain DoARun -> 信息:   started user thread for Warehouse 33
2月 15, 2026 7:22:57 下午 spec.jbb.JBBmain DoARun -> 信息:   started user thread for Warehouse 34
2月 15, 2026 7:22:57 下午 spec.jbb.JBBmain DoARun -> 信息:   started user thread for Warehouse 35
2月 15, 2026 7:22:57 下午 spec.jbb.JBBmain DoARun -> 信息:   started user thread for Warehouse 36
2月 15, 2026 7:22:57 下午 spec.jbb.JBBmain DoARun -> 信息:   started user thread for Warehouse 37
2月 15, 2026 7:22:57 下午 spec.jbb.JBBmain DoARun -> 信息:   started user thread for Warehouse 38
2月 15, 2026 7:22:57 下午 spec.jbb.JBBmain DoARun -> 信息:   started user thread for Warehouse 39
2月 15, 2026 7:22:57 下午 spec.jbb.JBBmain DoARun -> 信息:   started user thread for Warehouse 40
2月 15, 2026 7:22:57 下午 spec.jbb.JBBmain DoARun -> 信息:   started user thread for Warehouse 41
2月 15, 2026 7:22:57 下午 spec.jbb.JBBmain DoARun -> 信息:   started user thread for Warehouse 42
2月 15, 2026 7:22:57 下午 spec.jbb.JBBmain DoARun -> 信息:   started user thread for Warehouse 43
2月 15, 2026 7:22:57 下午 spec.jbb.JBBmain DoARun -> 信息:   started user thread for Warehouse 44
2月 15, 2026 7:22:57 下午 spec.jbb.JBBmain DoARun -> 信息:   started user thread for Warehouse 45
2月 15, 2026 7:22:57 下午 spec.jbb.JBBmain DoARun -> 信息:   started user thread for Warehouse 46
2月 15, 2026 7:22:57 下午 spec.jbb.JBBmain DoARun -> 信息:   started user thread for Warehouse 47
2月 15, 2026 7:22:57 下午 spec.jbb.JBBmain DoARun -> 信息:   started user thread for Warehouse 48
2月 15, 2026 7:22:57 下午 spec.jbb.JBBmain DoARun -> 信息:   started user thread for Warehouse 49
2月 15, 2026 7:22:57 下午 spec.jbb.JBBmain DoARun -> 信息:   started user thread for Warehouse 50
2月 15, 2026 7:22:57 下午 spec.jbb.JBBmain DoARun -> 信息:   started user thread for Warehouse 51
2月 15, 2026 7:22:57 下午 spec.jbb.JBBmain DoARun -> 信息:   started user thread for Warehouse 52
2月 15, 2026 7:22:57 下午 spec.jbb.JBBmain DoARun -> 信息:   started user thread for Warehouse 53
2月 15, 2026 7:22:57 下午 spec.jbb.JBBmain DoARun -> 信息:   started user thread for Warehouse 54
2月 15, 2026 7:22:57 下午 spec.jbb.JBBmain DoARun -> 信息:   started user thread for Warehouse 55
2月 15, 2026 7:22:57 下午 spec.jbb.JBBmain DoARun -> 信息:   started user thread for Warehouse 56
2月 15, 2026 7:22:57 下午 spec.jbb.JBBmain DoARun -> 信息:   started user thread for Warehouse 57
2月 15, 2026 7:22:57 下午 spec.jbb.JBBmain DoARun -> 信息:   started user thread for Warehouse 58
2月 15, 2026 7:22:57 下午 spec.jbb.JBBmain DoARun -> 信息:   started user thread for Warehouse 59
2月 15, 2026 7:22:57 下午 spec.jbb.JBBmain DoARun -> 信息:   started user thread for Warehouse 60
2月 15, 2026 7:22:57 下午 spec.jbb.JBBmain DoARun -> 信息:   started user thread for Warehouse 61
2月 15, 2026 7:22:57 下午 spec.jbb.JBBmain DoARun -> 信息:   started user thread for Warehouse 62
2月 15, 2026 7:22:57 下午 spec.jbb.JBBmain DoARun -> 信息:   started user thread for Warehouse 63
2月 15, 2026 7:22:57 下午 spec.jbb.JBBmain DoARun -> 信息:   started user thread for Warehouse 64
2月 15, 2026 7:22:57 下午 spec.jbb.JBBmain DoARun -> 信息:   started user thread for Warehouse 65
2月 15, 2026 7:22:57 下午 spec.jbb.Company displayResultTotals -> 信息: Timing Measurement began Sun Feb 15 19:22:57 CST 2026 for 4 minutes
2月 15, 2026 7:26:57 下午 spec.jbb.Company displayResultTotals -> 信息: Timing Measurement ended Sun Feb 15 19:26:57 CST 2026
2月 15, 2026 7:26:57 下午 spec.jbb.Company primeWithDummyData -> 信息: Loading Warehouse 66...
2月 15, 2026 7:26:57 下午 spec.jbb.JBBmain DoARun -> 信息: Start User Threads
2月 15, 2026 7:26:57 下午 spec.jbb.JBBmain DoARun -> 信息:   started user thread for Warehouse 1
2月 15, 2026 7:26:57 下午 spec.jbb.JBBmain DoARun -> 信息:   started user thread for Warehouse 2
2月 15, 2026 7:26:57 下午 spec.jbb.JBBmain DoARun -> 信息:   started user thread for Warehouse 3
2月 15, 2026 7:26:57 下午 spec.jbb.JBBmain DoARun -> 信息:   started user thread for Warehouse 4
2月 15, 2026 7:26:57 下午 spec.jbb.JBBmain DoARun -> 信息:   started user thread for Warehouse 5
2月 15, 2026 7:26:57 下午 spec.jbb.JBBmain DoARun -> 信息:   started user thread for Warehouse 6
2月 15, 2026 7:26:57 下午 spec.jbb.JBBmain DoARun -> 信息:   started user thread for Warehouse 7
2月 15, 2026 7:26:57 下午 spec.jbb.JBBmain DoARun -> 信息:   started user thread for Warehouse 8
2月 15, 2026 7:26:57 下午 spec.jbb.JBBmain DoARun -> 信息:   started user thread for Warehouse 9
2月 15, 2026 7:26:57 下午 spec.jbb.JBBmain DoARun -> 信息:   started user thread for Warehouse 10
2月 15, 2026 7:26:57 下午 spec.jbb.JBBmain DoARun -> 信息:   started user thread for Warehouse 11
2月 15, 2026 7:26:57 下午 spec.jbb.JBBmain DoARun -> 信息:   started user thread for Warehouse 12
2月 15, 2026 7:26:57 下午 spec.jbb.JBBmain DoARun -> 信息:   started user thread for Warehouse 13
2月 15, 2026 7:26:57 下午 spec.jbb.JBBmain DoARun -> 信息:   started user thread for Warehouse 14
2月 15, 2026 7:26:57 下午 spec.jbb.JBBmain DoARun -> 信息:   started user thread for Warehouse 15
2月 15, 2026 7:26:57 下午 spec.jbb.JBBmain DoARun -> 信息:   started user thread for Warehouse 16
2月 15, 2026 7:26:57 下午 spec.jbb.JBBmain DoARun -> 信息:   started user thread for Warehouse 17
2月 15, 2026 7:26:57 下午 spec.jbb.JBBmain DoARun -> 信息:   started user thread for Warehouse 18
2月 15, 2026 7:26:57 下午 spec.jbb.JBBmain DoARun -> 信息:   started user thread for Warehouse 19
2月 15, 2026 7:26:57 下午 spec.jbb.JBBmain DoARun -> 信息:   started user thread for Warehouse 20
2月 15, 2026 7:26:57 下午 spec.jbb.JBBmain DoARun -> 信息:   started user thread for Warehouse 21
2月 15, 2026 7:26:57 下午 spec.jbb.JBBmain DoARun -> 信息:   started user thread for Warehouse 22
2月 15, 2026 7:26:57 下午 spec.jbb.JBBmain DoARun -> 信息:   started user thread for Warehouse 23
2月 15, 2026 7:26:57 下午 spec.jbb.JBBmain DoARun -> 信息:   started user thread for Warehouse 24
2月 15, 2026 7:26:57 下午 spec.jbb.JBBmain DoARun -> 信息:   started user thread for Warehouse 25
2月 15, 2026 7:26:57 下午 spec.jbb.JBBmain DoARun -> 信息:   started user thread for Warehouse 26
2月 15, 2026 7:26:57 下午 spec.jbb.JBBmain DoARun -> 信息:   started user thread for Warehouse 27
2月 15, 2026 7:26:57 下午 spec.jbb.JBBmain DoARun -> 信息:   started user thread for Warehouse 28
2月 15, 2026 7:26:57 下午 spec.jbb.JBBmain DoARun -> 信息:   started user thread for Warehouse 29
2月 15, 2026 7:26:57 下午 spec.jbb.JBBmain DoARun -> 信息:   started user thread for Warehouse 30
2月 15, 2026 7:26:57 下午 spec.jbb.JBBmain DoARun -> 信息:   started user thread for Warehouse 31
2月 15, 2026 7:26:57 下午 spec.jbb.JBBmain DoARun -> 信息:   started user thread for Warehouse 32
2月 15, 2026 7:26:57 下午 spec.jbb.JBBmain DoARun -> 信息:   started user thread for Warehouse 33
2月 15, 2026 7:26:57 下午 spec.jbb.JBBmain DoARun -> 信息:   started user thread for Warehouse 34
2月 15, 2026 7:26:57 下午 spec.jbb.JBBmain DoARun -> 信息:   started user thread for Warehouse 35
2月 15, 2026 7:26:57 下午 spec.jbb.JBBmain DoARun -> 信息:   started user thread for Warehouse 36
2月 15, 2026 7:26:57 下午 spec.jbb.JBBmain DoARun -> 信息:   started user thread for Warehouse 37
2月 15, 2026 7:26:57 下午 spec.jbb.JBBmain DoARun -> 信息:   started user thread for Warehouse 38
2月 15, 2026 7:26:57 下午 spec.jbb.JBBmain DoARun -> 信息:   started user thread for Warehouse 39
2月 15, 2026 7:26:57 下午 spec.jbb.JBBmain DoARun -> 信息:   started user thread for Warehouse 40
2月 15, 2026 7:26:57 下午 spec.jbb.JBBmain DoARun -> 信息:   started user thread for Warehouse 41
2月 15, 2026 7:26:57 下午 spec.jbb.JBBmain DoARun -> 信息:   started user thread for Warehouse 42
2月 15, 2026 7:26:57 下午 spec.jbb.JBBmain DoARun -> 信息:   started user thread for Warehouse 43
2月 15, 2026 7:26:57 下午 spec.jbb.JBBmain DoARun -> 信息:   started user thread for Warehouse 44
2月 15, 2026 7:26:57 下午 spec.jbb.JBBmain DoARun -> 信息:   started user thread for Warehouse 45
2月 15, 2026 7:26:57 下午 spec.jbb.JBBmain DoARun -> 信息:   started user thread for Warehouse 46
2月 15, 2026 7:26:57 下午 spec.jbb.JBBmain DoARun -> 信息:   started user thread for Warehouse 47
2月 15, 2026 7:26:57 下午 spec.jbb.JBBmain DoARun -> 信息:   started user thread for Warehouse 48
2月 15, 2026 7:26:57 下午 spec.jbb.JBBmain DoARun -> 信息:   started user thread for Warehouse 49
2月 15, 2026 7:26:57 下午 spec.jbb.JBBmain DoARun -> 信息:   started user thread for Warehouse 50
2月 15, 2026 7:26:57 下午 spec.jbb.JBBmain DoARun -> 信息:   started user thread for Warehouse 51
2月 15, 2026 7:26:57 下午 spec.jbb.JBBmain DoARun -> 信息:   started user thread for Warehouse 52
2月 15, 2026 7:26:57 下午 spec.jbb.JBBmain DoARun -> 信息:   started user thread for Warehouse 53
2月 15, 2026 7:26:57 下午 spec.jbb.JBBmain DoARun -> 信息:   started user thread for Warehouse 54
2月 15, 2026 7:26:57 下午 spec.jbb.JBBmain DoARun -> 信息:   started user thread for Warehouse 55
2月 15, 2026 7:26:57 下午 spec.jbb.JBBmain DoARun -> 信息:   started user thread for Warehouse 56
2月 15, 2026 7:26:57 下午 spec.jbb.JBBmain DoARun -> 信息:   started user thread for Warehouse 57
2月 15, 2026 7:26:57 下午 spec.jbb.JBBmain DoARun -> 信息:   started user thread for Warehouse 58
2月 15, 2026 7:26:57 下午 spec.jbb.JBBmain DoARun -> 信息:   started user thread for Warehouse 59
2月 15, 2026 7:26:57 下午 spec.jbb.JBBmain DoARun -> 信息:   started user thread for Warehouse 60
2月 15, 2026 7:26:57 下午 spec.jbb.JBBmain DoARun -> 信息:   started user thread for Warehouse 61
2月 15, 2026 7:26:57 下午 spec.jbb.JBBmain DoARun -> 信息:   started user thread for Warehouse 62
2月 15, 2026 7:26:57 下午 spec.jbb.JBBmain DoARun -> 信息:   started user thread for Warehouse 63
2月 15, 2026 7:26:57 下午 spec.jbb.JBBmain DoARun -> 信息:   started user thread for Warehouse 64
2月 15, 2026 7:26:57 下午 spec.jbb.JBBmain DoARun -> 信息:   started user thread for Warehouse 65
2月 15, 2026 7:26:57 下午 spec.jbb.JBBmain DoARun -> 信息:   started user thread for Warehouse 66
2月 15, 2026 7:26:57 下午 spec.jbb.Company displayResultTotals -> 信息: Timing Measurement began Sun Feb 15 19:26:57 CST 2026 for 4 minutes
2月 15, 2026 7:30:57 下午 spec.jbb.Company displayResultTotals -> 信息: Timing Measurement ended Sun Feb 15 19:30:57 CST 2026
2月 15, 2026 7:30:57 下午 spec.jbb.Company primeWithDummyData -> 信息: Loading Warehouse 67...
2月 15, 2026 7:30:58 下午 spec.jbb.JBBmain DoARun -> 信息: Start User Threads
2月 15, 2026 7:30:58 下午 spec.jbb.JBBmain DoARun -> 信息:   started user thread for Warehouse 1
2月 15, 2026 7:30:58 下午 spec.jbb.JBBmain DoARun -> 信息:   started user thread for Warehouse 2
2月 15, 2026 7:30:58 下午 spec.jbb.JBBmain DoARun -> 信息:   started user thread for Warehouse 3
2月 15, 2026 7:30:58 下午 spec.jbb.JBBmain DoARun -> 信息:   started user thread for Warehouse 4
2月 15, 2026 7:30:58 下午 spec.jbb.JBBmain DoARun -> 信息:   started user thread for Warehouse 5
2月 15, 2026 7:30:58 下午 spec.jbb.JBBmain DoARun -> 信息:   started user thread for Warehouse 6
2月 15, 2026 7:30:58 下午 spec.jbb.JBBmain DoARun -> 信息:   started user thread for Warehouse 7
2月 15, 2026 7:30:58 下午 spec.jbb.JBBmain DoARun -> 信息:   started user thread for Warehouse 8
2月 15, 2026 7:30:58 下午 spec.jbb.JBBmain DoARun -> 信息:   started user thread for Warehouse 9
2月 15, 2026 7:30:58 下午 spec.jbb.JBBmain DoARun -> 信息:   started user thread for Warehouse 10
2月 15, 2026 7:30:58 下午 spec.jbb.JBBmain DoARun -> 信息:   started user thread for Warehouse 11
2月 15, 2026 7:30:58 下午 spec.jbb.JBBmain DoARun -> 信息:   started user thread for Warehouse 12
2月 15, 2026 7:30:58 下午 spec.jbb.JBBmain DoARun -> 信息:   started user thread for Warehouse 13
2月 15, 2026 7:30:58 下午 spec.jbb.JBBmain DoARun -> 信息:   started user thread for Warehouse 14
2月 15, 2026 7:30:58 下午 spec.jbb.JBBmain DoARun -> 信息:   started user thread for Warehouse 15
2月 15, 2026 7:30:58 下午 spec.jbb.JBBmain DoARun -> 信息:   started user thread for Warehouse 16
2月 15, 2026 7:30:58 下午 spec.jbb.JBBmain DoARun -> 信息:   started user thread for Warehouse 17
2月 15, 2026 7:30:58 下午 spec.jbb.JBBmain DoARun -> 信息:   started user thread for Warehouse 18
2月 15, 2026 7:30:58 下午 spec.jbb.JBBmain DoARun -> 信息:   started user thread for Warehouse 19
2月 15, 2026 7:30:58 下午 spec.jbb.JBBmain DoARun -> 信息:   started user thread for Warehouse 20
2月 15, 2026 7:30:58 下午 spec.jbb.JBBmain DoARun -> 信息:   started user thread for Warehouse 21
2月 15, 2026 7:30:58 下午 spec.jbb.JBBmain DoARun -> 信息:   started user thread for Warehouse 22
2月 15, 2026 7:30:58 下午 spec.jbb.JBBmain DoARun -> 信息:   started user thread for Warehouse 23
2月 15, 2026 7:30:58 下午 spec.jbb.JBBmain DoARun -> 信息:   started user thread for Warehouse 24
2月 15, 2026 7:30:58 下午 spec.jbb.JBBmain DoARun -> 信息:   started user thread for Warehouse 25
2月 15, 2026 7:30:58 下午 spec.jbb.JBBmain DoARun -> 信息:   started user thread for Warehouse 26
2月 15, 2026 7:30:58 下午 spec.jbb.JBBmain DoARun -> 信息:   started user thread for Warehouse 27
2月 15, 2026 7:30:58 下午 spec.jbb.JBBmain DoARun -> 信息:   started user thread for Warehouse 28
2月 15, 2026 7:30:58 下午 spec.jbb.JBBmain DoARun -> 信息:   started user thread for Warehouse 29
2月 15, 2026 7:30:58 下午 spec.jbb.JBBmain DoARun -> 信息:   started user thread for Warehouse 30
2月 15, 2026 7:30:58 下午 spec.jbb.JBBmain DoARun -> 信息:   started user thread for Warehouse 31
2月 15, 2026 7:30:58 下午 spec.jbb.JBBmain DoARun -> 信息:   started user thread for Warehouse 32
2月 15, 2026 7:30:58 下午 spec.jbb.JBBmain DoARun -> 信息:   started user thread for Warehouse 33
2月 15, 2026 7:30:58 下午 spec.jbb.JBBmain DoARun -> 信息:   started user thread for Warehouse 34
2月 15, 2026 7:30:58 下午 spec.jbb.JBBmain DoARun -> 信息:   started user thread for Warehouse 35
2月 15, 2026 7:30:58 下午 spec.jbb.JBBmain DoARun -> 信息:   started user thread for Warehouse 36
2月 15, 2026 7:30:58 下午 spec.jbb.JBBmain DoARun -> 信息:   started user thread for Warehouse 37
2月 15, 2026 7:30:58 下午 spec.jbb.JBBmain DoARun -> 信息:   started user thread for Warehouse 38
2月 15, 2026 7:30:58 下午 spec.jbb.JBBmain DoARun -> 信息:   started user thread for Warehouse 39
2月 15, 2026 7:30:58 下午 spec.jbb.JBBmain DoARun -> 信息:   started user thread for Warehouse 40
2月 15, 2026 7:30:58 下午 spec.jbb.JBBmain DoARun -> 信息:   started user thread for Warehouse 41
2月 15, 2026 7:30:58 下午 spec.jbb.JBBmain DoARun -> 信息:   started user thread for Warehouse 42
2月 15, 2026 7:30:58 下午 spec.jbb.JBBmain DoARun -> 信息:   started user thread for Warehouse 43
2月 15, 2026 7:30:58 下午 spec.jbb.JBBmain DoARun -> 信息:   started user thread for Warehouse 44
2月 15, 2026 7:30:58 下午 spec.jbb.JBBmain DoARun -> 信息:   started user thread for Warehouse 45
2月 15, 2026 7:30:58 下午 spec.jbb.JBBmain DoARun -> 信息:   started user thread for Warehouse 46
2月 15, 2026 7:30:58 下午 spec.jbb.JBBmain DoARun -> 信息:   started user thread for Warehouse 47
2月 15, 2026 7:30:58 下午 spec.jbb.JBBmain DoARun -> 信息:   started user thread for Warehouse 48
2月 15, 2026 7:30:58 下午 spec.jbb.JBBmain DoARun -> 信息:   started user thread for Warehouse 49
2月 15, 2026 7:30:58 下午 spec.jbb.JBBmain DoARun -> 信息:   started user thread for Warehouse 50
2月 15, 2026 7:30:58 下午 spec.jbb.JBBmain DoARun -> 信息:   started user thread for Warehouse 51
2月 15, 2026 7:30:58 下午 spec.jbb.JBBmain DoARun -> 信息:   started user thread for Warehouse 52
2月 15, 2026 7:30:58 下午 spec.jbb.JBBmain DoARun -> 信息:   started user thread for Warehouse 53
2月 15, 2026 7:30:58 下午 spec.jbb.JBBmain DoARun -> 信息:   started user thread for Warehouse 54
2月 15, 2026 7:30:58 下午 spec.jbb.JBBmain DoARun -> 信息:   started user thread for Warehouse 55
2月 15, 2026 7:30:58 下午 spec.jbb.JBBmain DoARun -> 信息:   started user thread for Warehouse 56
2月 15, 2026 7:30:58 下午 spec.jbb.JBBmain DoARun -> 信息:   started user thread for Warehouse 57
2月 15, 2026 7:30:58 下午 spec.jbb.JBBmain DoARun -> 信息:   started user thread for Warehouse 58
2月 15, 2026 7:30:58 下午 spec.jbb.JBBmain DoARun -> 信息:   started user thread for Warehouse 59
2月 15, 2026 7:30:58 下午 spec.jbb.JBBmain DoARun -> 信息:   started user thread for Warehouse 60
2月 15, 2026 7:30:58 下午 spec.jbb.JBBmain DoARun -> 信息:   started user thread for Warehouse 61
2月 15, 2026 7:30:58 下午 spec.jbb.JBBmain DoARun -> 信息:   started user thread for Warehouse 62
2月 15, 2026 7:30:58 下午 spec.jbb.JBBmain DoARun -> 信息:   started user thread for Warehouse 63
2月 15, 2026 7:30:58 下午 spec.jbb.JBBmain DoARun -> 信息:   started user thread for Warehouse 64
2月 15, 2026 7:30:58 下午 spec.jbb.JBBmain DoARun -> 信息:   started user thread for Warehouse 65
2月 15, 2026 7:30:58 下午 spec.jbb.JBBmain DoARun -> 信息:   started user thread for Warehouse 66
2月 15, 2026 7:30:58 下午 spec.jbb.JBBmain DoARun -> 信息:   started user thread for Warehouse 67
2月 15, 2026 7:30:58 下午 spec.jbb.Company displayResultTotals -> 信息: Timing Measurement began Sun Feb 15 19:30:58 CST 2026 for 4 minutes
2月 15, 2026 7:34:58 下午 spec.jbb.Company displayResultTotals -> 信息: Timing Measurement ended Sun Feb 15 19:34:58 CST 2026
2月 15, 2026 7:34:58 下午 spec.jbb.Company primeWithDummyData -> 信息: Loading Warehouse 68...
2月 15, 2026 7:34:58 下午 spec.jbb.JBBmain DoARun -> 信息: Start User Threads
2月 15, 2026 7:34:58 下午 spec.jbb.JBBmain DoARun -> 信息:   started user thread for Warehouse 1
2月 15, 2026 7:34:58 下午 spec.jbb.JBBmain DoARun -> 信息:   started user thread for Warehouse 2
2月 15, 2026 7:34:58 下午 spec.jbb.JBBmain DoARun -> 信息:   started user thread for Warehouse 3
2月 15, 2026 7:34:58 下午 spec.jbb.JBBmain DoARun -> 信息:   started user thread for Warehouse 4
2月 15, 2026 7:34:58 下午 spec.jbb.JBBmain DoARun -> 信息:   started user thread for Warehouse 5
2月 15, 2026 7:34:58 下午 spec.jbb.JBBmain DoARun -> 信息:   started user thread for Warehouse 6
2月 15, 2026 7:34:58 下午 spec.jbb.JBBmain DoARun -> 信息:   started user thread for Warehouse 7
2月 15, 2026 7:34:58 下午 spec.jbb.JBBmain DoARun -> 信息:   started user thread for Warehouse 8
2月 15, 2026 7:34:58 下午 spec.jbb.JBBmain DoARun -> 信息:   started user thread for Warehouse 9
2月 15, 2026 7:34:58 下午 spec.jbb.JBBmain DoARun -> 信息:   started user thread for Warehouse 10
2月 15, 2026 7:34:58 下午 spec.jbb.JBBmain DoARun -> 信息:   started user thread for Warehouse 11
2月 15, 2026 7:34:58 下午 spec.jbb.JBBmain DoARun -> 信息:   started user thread for Warehouse 12
2月 15, 2026 7:34:58 下午 spec.jbb.JBBmain DoARun -> 信息:   started user thread for Warehouse 13
2月 15, 2026 7:34:58 下午 spec.jbb.JBBmain DoARun -> 信息:   started user thread for Warehouse 14
2月 15, 2026 7:34:58 下午 spec.jbb.JBBmain DoARun -> 信息:   started user thread for Warehouse 15
2月 15, 2026 7:34:58 下午 spec.jbb.JBBmain DoARun -> 信息:   started user thread for Warehouse 16
2月 15, 2026 7:34:58 下午 spec.jbb.JBBmain DoARun -> 信息:   started user thread for Warehouse 17
2月 15, 2026 7:34:58 下午 spec.jbb.JBBmain DoARun -> 信息:   started user thread for Warehouse 18
2月 15, 2026 7:34:58 下午 spec.jbb.JBBmain DoARun -> 信息:   started user thread for Warehouse 19
2月 15, 2026 7:34:58 下午 spec.jbb.JBBmain DoARun -> 信息:   started user thread for Warehouse 20
2月 15, 2026 7:34:58 下午 spec.jbb.JBBmain DoARun -> 信息:   started user thread for Warehouse 21
2月 15, 2026 7:34:58 下午 spec.jbb.JBBmain DoARun -> 信息:   started user thread for Warehouse 22
2月 15, 2026 7:34:58 下午 spec.jbb.JBBmain DoARun -> 信息:   started user thread for Warehouse 23
2月 15, 2026 7:34:58 下午 spec.jbb.JBBmain DoARun -> 信息:   started user thread for Warehouse 24
2月 15, 2026 7:34:58 下午 spec.jbb.JBBmain DoARun -> 信息:   started user thread for Warehouse 25
2月 15, 2026 7:34:58 下午 spec.jbb.JBBmain DoARun -> 信息:   started user thread for Warehouse 26
2月 15, 2026 7:34:58 下午 spec.jbb.JBBmain DoARun -> 信息:   started user thread for Warehouse 27
2月 15, 2026 7:34:58 下午 spec.jbb.JBBmain DoARun -> 信息:   started user thread for Warehouse 28
2月 15, 2026 7:34:58 下午 spec.jbb.JBBmain DoARun -> 信息:   started user thread for Warehouse 29
2月 15, 2026 7:34:58 下午 spec.jbb.JBBmain DoARun -> 信息:   started user thread for Warehouse 30
2月 15, 2026 7:34:58 下午 spec.jbb.JBBmain DoARun -> 信息:   started user thread for Warehouse 31
2月 15, 2026 7:34:58 下午 spec.jbb.JBBmain DoARun -> 信息:   started user thread for Warehouse 32
2月 15, 2026 7:34:58 下午 spec.jbb.JBBmain DoARun -> 信息:   started user thread for Warehouse 33
2月 15, 2026 7:34:58 下午 spec.jbb.JBBmain DoARun -> 信息:   started user thread for Warehouse 34
2月 15, 2026 7:34:58 下午 spec.jbb.JBBmain DoARun -> 信息:   started user thread for Warehouse 35
2月 15, 2026 7:34:58 下午 spec.jbb.JBBmain DoARun -> 信息:   started user thread for Warehouse 36
2月 15, 2026 7:34:58 下午 spec.jbb.JBBmain DoARun -> 信息:   started user thread for Warehouse 37
2月 15, 2026 7:34:58 下午 spec.jbb.JBBmain DoARun -> 信息:   started user thread for Warehouse 38
2月 15, 2026 7:34:58 下午 spec.jbb.JBBmain DoARun -> 信息:   started user thread for Warehouse 39
2月 15, 2026 7:34:58 下午 spec.jbb.JBBmain DoARun -> 信息:   started user thread for Warehouse 40
2月 15, 2026 7:34:58 下午 spec.jbb.JBBmain DoARun -> 信息:   started user thread for Warehouse 41
2月 15, 2026 7:34:58 下午 spec.jbb.JBBmain DoARun -> 信息:   started user thread for Warehouse 42
2月 15, 2026 7:34:58 下午 spec.jbb.JBBmain DoARun -> 信息:   started user thread for Warehouse 43
2月 15, 2026 7:34:58 下午 spec.jbb.JBBmain DoARun -> 信息:   started user thread for Warehouse 44
2月 15, 2026 7:34:58 下午 spec.jbb.JBBmain DoARun -> 信息:   started user thread for Warehouse 45
2月 15, 2026 7:34:58 下午 spec.jbb.JBBmain DoARun -> 信息:   started user thread for Warehouse 46
2月 15, 2026 7:34:58 下午 spec.jbb.JBBmain DoARun -> 信息:   started user thread for Warehouse 47
2月 15, 2026 7:34:58 下午 spec.jbb.JBBmain DoARun -> 信息:   started user thread for Warehouse 48
2月 15, 2026 7:34:58 下午 spec.jbb.JBBmain DoARun -> 信息:   started user thread for Warehouse 49
2月 15, 2026 7:34:58 下午 spec.jbb.JBBmain DoARun -> 信息:   started user thread for Warehouse 50
2月 15, 2026 7:34:58 下午 spec.jbb.JBBmain DoARun -> 信息:   started user thread for Warehouse 51
2月 15, 2026 7:34:58 下午 spec.jbb.JBBmain DoARun -> 信息:   started user thread for Warehouse 52
2月 15, 2026 7:34:58 下午 spec.jbb.JBBmain DoARun -> 信息:   started user thread for Warehouse 53
2月 15, 2026 7:34:58 下午 spec.jbb.JBBmain DoARun -> 信息:   started user thread for Warehouse 54
2月 15, 2026 7:34:58 下午 spec.jbb.JBBmain DoARun -> 信息:   started user thread for Warehouse 55
2月 15, 2026 7:34:58 下午 spec.jbb.JBBmain DoARun -> 信息:   started user thread for Warehouse 56
2月 15, 2026 7:34:58 下午 spec.jbb.JBBmain DoARun -> 信息:   started user thread for Warehouse 57
2月 15, 2026 7:34:58 下午 spec.jbb.JBBmain DoARun -> 信息:   started user thread for Warehouse 58
2月 15, 2026 7:34:58 下午 spec.jbb.JBBmain DoARun -> 信息:   started user thread for Warehouse 59
2月 15, 2026 7:34:58 下午 spec.jbb.JBBmain DoARun -> 信息:   started user thread for Warehouse 60
2月 15, 2026 7:34:58 下午 spec.jbb.JBBmain DoARun -> 信息:   started user thread for Warehouse 61
2月 15, 2026 7:34:58 下午 spec.jbb.JBBmain DoARun -> 信息:   started user thread for Warehouse 62
2月 15, 2026 7:34:58 下午 spec.jbb.JBBmain DoARun -> 信息:   started user thread for Warehouse 63
2月 15, 2026 7:34:58 下午 spec.jbb.JBBmain DoARun -> 信息:   started user thread for Warehouse 64
2月 15, 2026 7:34:58 下午 spec.jbb.JBBmain DoARun -> 信息:   started user thread for Warehouse 65
2月 15, 2026 7:34:58 下午 spec.jbb.JBBmain DoARun -> 信息:   started user thread for Warehouse 66
2月 15, 2026 7:34:58 下午 spec.jbb.JBBmain DoARun -> 信息:   started user thread for Warehouse 67
2月 15, 2026 7:34:58 下午 spec.jbb.JBBmain DoARun -> 信息:   started user thread for Warehouse 68
2月 15, 2026 7:34:58 下午 spec.jbb.Company displayResultTotals -> 信息: Timing Measurement began Sun Feb 15 19:34:58 CST 2026 for 4 minutes
2月 15, 2026 7:38:58 下午 spec.jbb.Company displayResultTotals -> 信息: Timing Measurement ended Sun Feb 15 19:38:58 CST 2026
2月 15, 2026 7:38:58 下午 spec.jbb.Company primeWithDummyData -> 信息: Loading Warehouse 69...
2月 15, 2026 7:38:58 下午 spec.jbb.JBBmain DoARun -> 信息: Start User Threads
2月 15, 2026 7:38:58 下午 spec.jbb.JBBmain DoARun -> 信息:   started user thread for Warehouse 1
2月 15, 2026 7:38:58 下午 spec.jbb.JBBmain DoARun -> 信息:   started user thread for Warehouse 2
2月 15, 2026 7:38:58 下午 spec.jbb.JBBmain DoARun -> 信息:   started user thread for Warehouse 3
2月 15, 2026 7:38:58 下午 spec.jbb.JBBmain DoARun -> 信息:   started user thread for Warehouse 4
2月 15, 2026 7:38:58 下午 spec.jbb.JBBmain DoARun -> 信息:   started user thread for Warehouse 5
2月 15, 2026 7:38:58 下午 spec.jbb.JBBmain DoARun -> 信息:   started user thread for Warehouse 6
2月 15, 2026 7:38:58 下午 spec.jbb.JBBmain DoARun -> 信息:   started user thread for Warehouse 7
2月 15, 2026 7:38:58 下午 spec.jbb.JBBmain DoARun -> 信息:   started user thread for Warehouse 8
2月 15, 2026 7:38:58 下午 spec.jbb.JBBmain DoARun -> 信息:   started user thread for Warehouse 9
2月 15, 2026 7:38:58 下午 spec.jbb.JBBmain DoARun -> 信息:   started user thread for Warehouse 10
2月 15, 2026 7:38:58 下午 spec.jbb.JBBmain DoARun -> 信息:   started user thread for Warehouse 11
2月 15, 2026 7:38:58 下午 spec.jbb.JBBmain DoARun -> 信息:   started user thread for Warehouse 12
2月 15, 2026 7:38:58 下午 spec.jbb.JBBmain DoARun -> 信息:   started user thread for Warehouse 13
2月 15, 2026 7:38:58 下午 spec.jbb.JBBmain DoARun -> 信息:   started user thread for Warehouse 14
2月 15, 2026 7:38:58 下午 spec.jbb.JBBmain DoARun -> 信息:   started user thread for Warehouse 15
2月 15, 2026 7:38:58 下午 spec.jbb.JBBmain DoARun -> 信息:   started user thread for Warehouse 16
2月 15, 2026 7:38:58 下午 spec.jbb.JBBmain DoARun -> 信息:   started user thread for Warehouse 17
2月 15, 2026 7:38:58 下午 spec.jbb.JBBmain DoARun -> 信息:   started user thread for Warehouse 18
2月 15, 2026 7:38:58 下午 spec.jbb.JBBmain DoARun -> 信息:   started user thread for Warehouse 19
2月 15, 2026 7:38:58 下午 spec.jbb.JBBmain DoARun -> 信息:   started user thread for Warehouse 20
2月 15, 2026 7:38:58 下午 spec.jbb.JBBmain DoARun -> 信息:   started user thread for Warehouse 21
2月 15, 2026 7:38:58 下午 spec.jbb.JBBmain DoARun -> 信息:   started user thread for Warehouse 22
2月 15, 2026 7:38:58 下午 spec.jbb.JBBmain DoARun -> 信息:   started user thread for Warehouse 23
2月 15, 2026 7:38:58 下午 spec.jbb.JBBmain DoARun -> 信息:   started user thread for Warehouse 24
2月 15, 2026 7:38:58 下午 spec.jbb.JBBmain DoARun -> 信息:   started user thread for Warehouse 25
2月 15, 2026 7:38:58 下午 spec.jbb.JBBmain DoARun -> 信息:   started user thread for Warehouse 26
2月 15, 2026 7:38:58 下午 spec.jbb.JBBmain DoARun -> 信息:   started user thread for Warehouse 27
2月 15, 2026 7:38:58 下午 spec.jbb.JBBmain DoARun -> 信息:   started user thread for Warehouse 28
2月 15, 2026 7:38:58 下午 spec.jbb.JBBmain DoARun -> 信息:   started user thread for Warehouse 29
2月 15, 2026 7:38:58 下午 spec.jbb.JBBmain DoARun -> 信息:   started user thread for Warehouse 30
2月 15, 2026 7:38:58 下午 spec.jbb.JBBmain DoARun -> 信息:   started user thread for Warehouse 31
2月 15, 2026 7:38:58 下午 spec.jbb.JBBmain DoARun -> 信息:   started user thread for Warehouse 32
2月 15, 2026 7:38:58 下午 spec.jbb.JBBmain DoARun -> 信息:   started user thread for Warehouse 33
2月 15, 2026 7:38:58 下午 spec.jbb.JBBmain DoARun -> 信息:   started user thread for Warehouse 34
2月 15, 2026 7:38:58 下午 spec.jbb.JBBmain DoARun -> 信息:   started user thread for Warehouse 35
2月 15, 2026 7:38:58 下午 spec.jbb.JBBmain DoARun -> 信息:   started user thread for Warehouse 36
2月 15, 2026 7:38:58 下午 spec.jbb.JBBmain DoARun -> 信息:   started user thread for Warehouse 37
2月 15, 2026 7:38:58 下午 spec.jbb.JBBmain DoARun -> 信息:   started user thread for Warehouse 38
2月 15, 2026 7:38:58 下午 spec.jbb.JBBmain DoARun -> 信息:   started user thread for Warehouse 39
2月 15, 2026 7:38:58 下午 spec.jbb.JBBmain DoARun -> 信息:   started user thread for Warehouse 40
2月 15, 2026 7:38:58 下午 spec.jbb.JBBmain DoARun -> 信息:   started user thread for Warehouse 41
2月 15, 2026 7:38:58 下午 spec.jbb.JBBmain DoARun -> 信息:   started user thread for Warehouse 42
2月 15, 2026 7:38:58 下午 spec.jbb.JBBmain DoARun -> 信息:   started user thread for Warehouse 43
2月 15, 2026 7:38:58 下午 spec.jbb.JBBmain DoARun -> 信息:   started user thread for Warehouse 44
2月 15, 2026 7:38:58 下午 spec.jbb.JBBmain DoARun -> 信息:   started user thread for Warehouse 45
2月 15, 2026 7:38:58 下午 spec.jbb.JBBmain DoARun -> 信息:   started user thread for Warehouse 46
2月 15, 2026 7:38:58 下午 spec.jbb.JBBmain DoARun -> 信息:   started user thread for Warehouse 47
2月 15, 2026 7:38:58 下午 spec.jbb.JBBmain DoARun -> 信息:   started user thread for Warehouse 48
2月 15, 2026 7:38:58 下午 spec.jbb.JBBmain DoARun -> 信息:   started user thread for Warehouse 49
2月 15, 2026 7:38:58 下午 spec.jbb.JBBmain DoARun -> 信息:   started user thread for Warehouse 50
2月 15, 2026 7:38:58 下午 spec.jbb.JBBmain DoARun -> 信息:   started user thread for Warehouse 51
2月 15, 2026 7:38:58 下午 spec.jbb.JBBmain DoARun -> 信息:   started user thread for Warehouse 52
2月 15, 2026 7:38:58 下午 spec.jbb.JBBmain DoARun -> 信息:   started user thread for Warehouse 53
2月 15, 2026 7:38:58 下午 spec.jbb.JBBmain DoARun -> 信息:   started user thread for Warehouse 54
2月 15, 2026 7:38:58 下午 spec.jbb.JBBmain DoARun -> 信息:   started user thread for Warehouse 55
2月 15, 2026 7:38:58 下午 spec.jbb.JBBmain DoARun -> 信息:   started user thread for Warehouse 56
2月 15, 2026 7:38:58 下午 spec.jbb.JBBmain DoARun -> 信息:   started user thread for Warehouse 57
2月 15, 2026 7:38:58 下午 spec.jbb.JBBmain DoARun -> 信息:   started user thread for Warehouse 58
2月 15, 2026 7:38:58 下午 spec.jbb.JBBmain DoARun -> 信息:   started user thread for Warehouse 59
2月 15, 2026 7:38:58 下午 spec.jbb.JBBmain DoARun -> 信息:   started user thread for Warehouse 60
2月 15, 2026 7:38:58 下午 spec.jbb.JBBmain DoARun -> 信息:   started user thread for Warehouse 61
2月 15, 2026 7:38:58 下午 spec.jbb.JBBmain DoARun -> 信息:   started user thread for Warehouse 62
2月 15, 2026 7:38:58 下午 spec.jbb.JBBmain DoARun -> 信息:   started user thread for Warehouse 63
2月 15, 2026 7:38:58 下午 spec.jbb.JBBmain DoARun -> 信息:   started user thread for Warehouse 64
2月 15, 2026 7:38:58 下午 spec.jbb.JBBmain DoARun -> 信息:   started user thread for Warehouse 65
2月 15, 2026 7:38:58 下午 spec.jbb.JBBmain DoARun -> 信息:   started user thread for Warehouse 66
2月 15, 2026 7:38:58 下午 spec.jbb.JBBmain DoARun -> 信息:   started user thread for Warehouse 67
2月 15, 2026 7:38:58 下午 spec.jbb.JBBmain DoARun -> 信息:   started user thread for Warehouse 68
2月 15, 2026 7:38:58 下午 spec.jbb.JBBmain DoARun -> 信息:   started user thread for Warehouse 69
2月 15, 2026 7:38:58 下午 spec.jbb.Company displayResultTotals -> 信息: Timing Measurement began Sun Feb 15 19:38:58 CST 2026 for 4 minutes
2月 15, 2026 7:42:58 下午 spec.jbb.Company displayResultTotals -> 信息: Timing Measurement ended Sun Feb 15 19:42:58 CST 2026
2月 15, 2026 7:42:58 下午 spec.jbb.Company primeWithDummyData -> 信息: Loading Warehouse 70...
2月 15, 2026 7:42:58 下午 spec.jbb.JBBmain DoARun -> 信息: Start User Threads
2月 15, 2026 7:42:58 下午 spec.jbb.JBBmain DoARun -> 信息:   started user thread for Warehouse 1
2月 15, 2026 7:42:58 下午 spec.jbb.JBBmain DoARun -> 信息:   started user thread for Warehouse 2
2月 15, 2026 7:42:58 下午 spec.jbb.JBBmain DoARun -> 信息:   started user thread for Warehouse 3
2月 15, 2026 7:42:58 下午 spec.jbb.JBBmain DoARun -> 信息:   started user thread for Warehouse 4
2月 15, 2026 7:42:58 下午 spec.jbb.JBBmain DoARun -> 信息:   started user thread for Warehouse 5
2月 15, 2026 7:42:58 下午 spec.jbb.JBBmain DoARun -> 信息:   started user thread for Warehouse 6
2月 15, 2026 7:42:58 下午 spec.jbb.JBBmain DoARun -> 信息:   started user thread for Warehouse 7
2月 15, 2026 7:42:58 下午 spec.jbb.JBBmain DoARun -> 信息:   started user thread for Warehouse 8
2月 15, 2026 7:42:58 下午 spec.jbb.JBBmain DoARun -> 信息:   started user thread for Warehouse 9
2月 15, 2026 7:42:58 下午 spec.jbb.JBBmain DoARun -> 信息:   started user thread for Warehouse 10
2月 15, 2026 7:42:58 下午 spec.jbb.JBBmain DoARun -> 信息:   started user thread for Warehouse 11
2月 15, 2026 7:42:58 下午 spec.jbb.JBBmain DoARun -> 信息:   started user thread for Warehouse 12
2月 15, 2026 7:42:58 下午 spec.jbb.JBBmain DoARun -> 信息:   started user thread for Warehouse 13
2月 15, 2026 7:42:58 下午 spec.jbb.JBBmain DoARun -> 信息:   started user thread for Warehouse 14
2月 15, 2026 7:42:58 下午 spec.jbb.JBBmain DoARun -> 信息:   started user thread for Warehouse 15
2月 15, 2026 7:42:58 下午 spec.jbb.JBBmain DoARun -> 信息:   started user thread for Warehouse 16
2月 15, 2026 7:42:58 下午 spec.jbb.JBBmain DoARun -> 信息:   started user thread for Warehouse 17
2月 15, 2026 7:42:58 下午 spec.jbb.JBBmain DoARun -> 信息:   started user thread for Warehouse 18
2月 15, 2026 7:42:58 下午 spec.jbb.JBBmain DoARun -> 信息:   started user thread for Warehouse 19
2月 15, 2026 7:42:58 下午 spec.jbb.JBBmain DoARun -> 信息:   started user thread for Warehouse 20
2月 15, 2026 7:42:58 下午 spec.jbb.JBBmain DoARun -> 信息:   started user thread for Warehouse 21
2月 15, 2026 7:42:58 下午 spec.jbb.JBBmain DoARun -> 信息:   started user thread for Warehouse 22
2月 15, 2026 7:42:58 下午 spec.jbb.JBBmain DoARun -> 信息:   started user thread for Warehouse 23
2月 15, 2026 7:42:58 下午 spec.jbb.JBBmain DoARun -> 信息:   started user thread for Warehouse 24
2月 15, 2026 7:42:58 下午 spec.jbb.JBBmain DoARun -> 信息:   started user thread for Warehouse 25
2月 15, 2026 7:42:58 下午 spec.jbb.JBBmain DoARun -> 信息:   started user thread for Warehouse 26
2月 15, 2026 7:42:58 下午 spec.jbb.JBBmain DoARun -> 信息:   started user thread for Warehouse 27
2月 15, 2026 7:42:58 下午 spec.jbb.JBBmain DoARun -> 信息:   started user thread for Warehouse 28
2月 15, 2026 7:42:58 下午 spec.jbb.JBBmain DoARun -> 信息:   started user thread for Warehouse 29
2月 15, 2026 7:42:58 下午 spec.jbb.JBBmain DoARun -> 信息:   started user thread for Warehouse 30
2月 15, 2026 7:42:58 下午 spec.jbb.JBBmain DoARun -> 信息:   started user thread for Warehouse 31
2月 15, 2026 7:42:58 下午 spec.jbb.JBBmain DoARun -> 信息:   started user thread for Warehouse 32
2月 15, 2026 7:42:58 下午 spec.jbb.JBBmain DoARun -> 信息:   started user thread for Warehouse 33
2月 15, 2026 7:42:58 下午 spec.jbb.JBBmain DoARun -> 信息:   started user thread for Warehouse 34
2月 15, 2026 7:42:58 下午 spec.jbb.JBBmain DoARun -> 信息:   started user thread for Warehouse 35
2月 15, 2026 7:42:58 下午 spec.jbb.JBBmain DoARun -> 信息:   started user thread for Warehouse 36
2月 15, 2026 7:42:58 下午 spec.jbb.JBBmain DoARun -> 信息:   started user thread for Warehouse 37
2月 15, 2026 7:42:58 下午 spec.jbb.JBBmain DoARun -> 信息:   started user thread for Warehouse 38
2月 15, 2026 7:42:58 下午 spec.jbb.JBBmain DoARun -> 信息:   started user thread for Warehouse 39
2月 15, 2026 7:42:58 下午 spec.jbb.JBBmain DoARun -> 信息:   started user thread for Warehouse 40
2月 15, 2026 7:42:58 下午 spec.jbb.JBBmain DoARun -> 信息:   started user thread for Warehouse 41
2月 15, 2026 7:42:58 下午 spec.jbb.JBBmain DoARun -> 信息:   started user thread for Warehouse 42
2月 15, 2026 7:42:58 下午 spec.jbb.JBBmain DoARun -> 信息:   started user thread for Warehouse 43
2月 15, 2026 7:42:58 下午 spec.jbb.JBBmain DoARun -> 信息:   started user thread for Warehouse 44
2月 15, 2026 7:42:58 下午 spec.jbb.JBBmain DoARun -> 信息:   started user thread for Warehouse 45
2月 15, 2026 7:42:58 下午 spec.jbb.JBBmain DoARun -> 信息:   started user thread for Warehouse 46
2月 15, 2026 7:42:58 下午 spec.jbb.JBBmain DoARun -> 信息:   started user thread for Warehouse 47
2月 15, 2026 7:42:58 下午 spec.jbb.JBBmain DoARun -> 信息:   started user thread for Warehouse 48
2月 15, 2026 7:42:58 下午 spec.jbb.JBBmain DoARun -> 信息:   started user thread for Warehouse 49
2月 15, 2026 7:42:58 下午 spec.jbb.JBBmain DoARun -> 信息:   started user thread for Warehouse 50
2月 15, 2026 7:42:58 下午 spec.jbb.JBBmain DoARun -> 信息:   started user thread for Warehouse 51
2月 15, 2026 7:42:58 下午 spec.jbb.JBBmain DoARun -> 信息:   started user thread for Warehouse 52
2月 15, 2026 7:42:58 下午 spec.jbb.JBBmain DoARun -> 信息:   started user thread for Warehouse 53
2月 15, 2026 7:42:58 下午 spec.jbb.JBBmain DoARun -> 信息:   started user thread for Warehouse 54
2月 15, 2026 7:42:58 下午 spec.jbb.JBBmain DoARun -> 信息:   started user thread for Warehouse 55
2月 15, 2026 7:42:58 下午 spec.jbb.JBBmain DoARun -> 信息:   started user thread for Warehouse 56
2月 15, 2026 7:42:58 下午 spec.jbb.JBBmain DoARun -> 信息:   started user thread for Warehouse 57
2月 15, 2026 7:42:58 下午 spec.jbb.JBBmain DoARun -> 信息:   started user thread for Warehouse 58
2月 15, 2026 7:42:58 下午 spec.jbb.JBBmain DoARun -> 信息:   started user thread for Warehouse 59
2月 15, 2026 7:42:58 下午 spec.jbb.JBBmain DoARun -> 信息:   started user thread for Warehouse 60
2月 15, 2026 7:42:58 下午 spec.jbb.JBBmain DoARun -> 信息:   started user thread for Warehouse 61
2月 15, 2026 7:42:58 下午 spec.jbb.JBBmain DoARun -> 信息:   started user thread for Warehouse 62
2月 15, 2026 7:42:58 下午 spec.jbb.JBBmain DoARun -> 信息:   started user thread for Warehouse 63
2月 15, 2026 7:42:58 下午 spec.jbb.JBBmain DoARun -> 信息:   started user thread for Warehouse 64
2月 15, 2026 7:42:58 下午 spec.jbb.JBBmain DoARun -> 信息:   started user thread for Warehouse 65
2月 15, 2026 7:42:58 下午 spec.jbb.JBBmain DoARun -> 信息:   started user thread for Warehouse 66
2月 15, 2026 7:42:58 下午 spec.jbb.JBBmain DoARun -> 信息:   started user thread for Warehouse 67
2月 15, 2026 7:42:58 下午 spec.jbb.JBBmain DoARun -> 信息:   started user thread for Warehouse 68
2月 15, 2026 7:42:58 下午 spec.jbb.JBBmain DoARun -> 信息:   started user thread for Warehouse 69
2月 15, 2026 7:42:58 下午 spec.jbb.JBBmain DoARun -> 信息:   started user thread for Warehouse 70
2月 15, 2026 7:42:58 下午 spec.jbb.Company displayResultTotals -> 信息: Timing Measurement began Sun Feb 15 19:42:58 CST 2026 for 4 minutes
2月 15, 2026 7:46:58 下午 spec.jbb.Company displayResultTotals -> 信息: Timing Measurement ended Sun Feb 15 19:46:58 CST 2026
2月 15, 2026 7:46:58 下午 spec.jbb.Company primeWithDummyData -> 信息: Loading Warehouse 71...
2月 15, 2026 7:46:58 下午 spec.jbb.JBBmain DoARun -> 信息: Start User Threads
2月 15, 2026 7:46:58 下午 spec.jbb.JBBmain DoARun -> 信息:   started user thread for Warehouse 1
2月 15, 2026 7:46:58 下午 spec.jbb.JBBmain DoARun -> 信息:   started user thread for Warehouse 2
2月 15, 2026 7:46:58 下午 spec.jbb.JBBmain DoARun -> 信息:   started user thread for Warehouse 3
2月 15, 2026 7:46:58 下午 spec.jbb.JBBmain DoARun -> 信息:   started user thread for Warehouse 4
2月 15, 2026 7:46:58 下午 spec.jbb.JBBmain DoARun -> 信息:   started user thread for Warehouse 5
2月 15, 2026 7:46:58 下午 spec.jbb.JBBmain DoARun -> 信息:   started user thread for Warehouse 6
2月 15, 2026 7:46:58 下午 spec.jbb.JBBmain DoARun -> 信息:   started user thread for Warehouse 7
2月 15, 2026 7:46:58 下午 spec.jbb.JBBmain DoARun -> 信息:   started user thread for Warehouse 8
2月 15, 2026 7:46:58 下午 spec.jbb.JBBmain DoARun -> 信息:   started user thread for Warehouse 9
2月 15, 2026 7:46:58 下午 spec.jbb.JBBmain DoARun -> 信息:   started user thread for Warehouse 10
2月 15, 2026 7:46:58 下午 spec.jbb.JBBmain DoARun -> 信息:   started user thread for Warehouse 11
2月 15, 2026 7:46:58 下午 spec.jbb.JBBmain DoARun -> 信息:   started user thread for Warehouse 12
2月 15, 2026 7:46:58 下午 spec.jbb.JBBmain DoARun -> 信息:   started user thread for Warehouse 13
2月 15, 2026 7:46:58 下午 spec.jbb.JBBmain DoARun -> 信息:   started user thread for Warehouse 14
2月 15, 2026 7:46:58 下午 spec.jbb.JBBmain DoARun -> 信息:   started user thread for Warehouse 15
2月 15, 2026 7:46:58 下午 spec.jbb.JBBmain DoARun -> 信息:   started user thread for Warehouse 16
2月 15, 2026 7:46:58 下午 spec.jbb.JBBmain DoARun -> 信息:   started user thread for Warehouse 17
2月 15, 2026 7:46:58 下午 spec.jbb.JBBmain DoARun -> 信息:   started user thread for Warehouse 18
2月 15, 2026 7:46:58 下午 spec.jbb.JBBmain DoARun -> 信息:   started user thread for Warehouse 19
2月 15, 2026 7:46:58 下午 spec.jbb.JBBmain DoARun -> 信息:   started user thread for Warehouse 20
2月 15, 2026 7:46:58 下午 spec.jbb.JBBmain DoARun -> 信息:   started user thread for Warehouse 21
2月 15, 2026 7:46:58 下午 spec.jbb.JBBmain DoARun -> 信息:   started user thread for Warehouse 22
2月 15, 2026 7:46:58 下午 spec.jbb.JBBmain DoARun -> 信息:   started user thread for Warehouse 23
2月 15, 2026 7:46:58 下午 spec.jbb.JBBmain DoARun -> 信息:   started user thread for Warehouse 24
2月 15, 2026 7:46:58 下午 spec.jbb.JBBmain DoARun -> 信息:   started user thread for Warehouse 25
2月 15, 2026 7:46:58 下午 spec.jbb.JBBmain DoARun -> 信息:   started user thread for Warehouse 26
2月 15, 2026 7:46:58 下午 spec.jbb.JBBmain DoARun -> 信息:   started user thread for Warehouse 27
2月 15, 2026 7:46:58 下午 spec.jbb.JBBmain DoARun -> 信息:   started user thread for Warehouse 28
2月 15, 2026 7:46:58 下午 spec.jbb.JBBmain DoARun -> 信息:   started user thread for Warehouse 29
2月 15, 2026 7:46:58 下午 spec.jbb.JBBmain DoARun -> 信息:   started user thread for Warehouse 30
2月 15, 2026 7:46:58 下午 spec.jbb.JBBmain DoARun -> 信息:   started user thread for Warehouse 31
2月 15, 2026 7:46:58 下午 spec.jbb.JBBmain DoARun -> 信息:   started user thread for Warehouse 32
2月 15, 2026 7:46:58 下午 spec.jbb.JBBmain DoARun -> 信息:   started user thread for Warehouse 33
2月 15, 2026 7:46:58 下午 spec.jbb.JBBmain DoARun -> 信息:   started user thread for Warehouse 34
2月 15, 2026 7:46:58 下午 spec.jbb.JBBmain DoARun -> 信息:   started user thread for Warehouse 35
2月 15, 2026 7:46:58 下午 spec.jbb.JBBmain DoARun -> 信息:   started user thread for Warehouse 36
2月 15, 2026 7:46:58 下午 spec.jbb.JBBmain DoARun -> 信息:   started user thread for Warehouse 37
2月 15, 2026 7:46:58 下午 spec.jbb.JBBmain DoARun -> 信息:   started user thread for Warehouse 38
2月 15, 2026 7:46:58 下午 spec.jbb.JBBmain DoARun -> 信息:   started user thread for Warehouse 39
2月 15, 2026 7:46:58 下午 spec.jbb.JBBmain DoARun -> 信息:   started user thread for Warehouse 40
2月 15, 2026 7:46:58 下午 spec.jbb.JBBmain DoARun -> 信息:   started user thread for Warehouse 41
2月 15, 2026 7:46:58 下午 spec.jbb.JBBmain DoARun -> 信息:   started user thread for Warehouse 42
2月 15, 2026 7:46:58 下午 spec.jbb.JBBmain DoARun -> 信息:   started user thread for Warehouse 43
2月 15, 2026 7:46:58 下午 spec.jbb.JBBmain DoARun -> 信息:   started user thread for Warehouse 44
2月 15, 2026 7:46:58 下午 spec.jbb.JBBmain DoARun -> 信息:   started user thread for Warehouse 45
2月 15, 2026 7:46:58 下午 spec.jbb.JBBmain DoARun -> 信息:   started user thread for Warehouse 46
2月 15, 2026 7:46:58 下午 spec.jbb.JBBmain DoARun -> 信息:   started user thread for Warehouse 47
2月 15, 2026 7:46:58 下午 spec.jbb.JBBmain DoARun -> 信息:   started user thread for Warehouse 48
2月 15, 2026 7:46:58 下午 spec.jbb.JBBmain DoARun -> 信息:   started user thread for Warehouse 49
2月 15, 2026 7:46:58 下午 spec.jbb.JBBmain DoARun -> 信息:   started user thread for Warehouse 50
2月 15, 2026 7:46:58 下午 spec.jbb.JBBmain DoARun -> 信息:   started user thread for Warehouse 51
2月 15, 2026 7:46:58 下午 spec.jbb.JBBmain DoARun -> 信息:   started user thread for Warehouse 52
2月 15, 2026 7:46:58 下午 spec.jbb.JBBmain DoARun -> 信息:   started user thread for Warehouse 53
2月 15, 2026 7:46:58 下午 spec.jbb.JBBmain DoARun -> 信息:   started user thread for Warehouse 54
2月 15, 2026 7:46:58 下午 spec.jbb.JBBmain DoARun -> 信息:   started user thread for Warehouse 55
2月 15, 2026 7:46:58 下午 spec.jbb.JBBmain DoARun -> 信息:   started user thread for Warehouse 56
2月 15, 2026 7:46:58 下午 spec.jbb.JBBmain DoARun -> 信息:   started user thread for Warehouse 57
2月 15, 2026 7:46:58 下午 spec.jbb.JBBmain DoARun -> 信息:   started user thread for Warehouse 58
2月 15, 2026 7:46:58 下午 spec.jbb.JBBmain DoARun -> 信息:   started user thread for Warehouse 59
2月 15, 2026 7:46:58 下午 spec.jbb.JBBmain DoARun -> 信息:   started user thread for Warehouse 60
2月 15, 2026 7:46:58 下午 spec.jbb.JBBmain DoARun -> 信息:   started user thread for Warehouse 61
2月 15, 2026 7:46:58 下午 spec.jbb.JBBmain DoARun -> 信息:   started user thread for Warehouse 62
2月 15, 2026 7:46:58 下午 spec.jbb.JBBmain DoARun -> 信息:   started user thread for Warehouse 63
2月 15, 2026 7:46:58 下午 spec.jbb.JBBmain DoARun -> 信息:   started user thread for Warehouse 64
2月 15, 2026 7:46:58 下午 spec.jbb.JBBmain DoARun -> 信息:   started user thread for Warehouse 65
2月 15, 2026 7:46:58 下午 spec.jbb.JBBmain DoARun -> 信息:   started user thread for Warehouse 66
2月 15, 2026 7:46:58 下午 spec.jbb.JBBmain DoARun -> 信息:   started user thread for Warehouse 67
2月 15, 2026 7:46:58 下午 spec.jbb.JBBmain DoARun -> 信息:   started user thread for Warehouse 68
2月 15, 2026 7:46:58 下午 spec.jbb.JBBmain DoARun -> 信息:   started user thread for Warehouse 69
2月 15, 2026 7:46:58 下午 spec.jbb.JBBmain DoARun -> 信息:   started user thread for Warehouse 70
2月 15, 2026 7:46:58 下午 spec.jbb.JBBmain DoARun -> 信息:   started user thread for Warehouse 71
2月 15, 2026 7:46:58 下午 spec.jbb.Company displayResultTotals -> 信息: Timing Measurement began Sun Feb 15 19:46:58 CST 2026 for 4 minutes
2月 15, 2026 7:50:58 下午 spec.jbb.Company displayResultTotals -> 信息: Timing Measurement ended Sun Feb 15 19:50:58 CST 2026
2月 15, 2026 7:50:58 下午 spec.jbb.Company primeWithDummyData -> 信息: Loading Warehouse 72...
2月 15, 2026 7:50:59 下午 spec.jbb.JBBmain DoARun -> 信息: Start User Threads
2月 15, 2026 7:50:59 下午 spec.jbb.JBBmain DoARun -> 信息:   started user thread for Warehouse 1
2月 15, 2026 7:50:59 下午 spec.jbb.JBBmain DoARun -> 信息:   started user thread for Warehouse 2
2月 15, 2026 7:50:59 下午 spec.jbb.JBBmain DoARun -> 信息:   started user thread for Warehouse 3
2月 15, 2026 7:50:59 下午 spec.jbb.JBBmain DoARun -> 信息:   started user thread for Warehouse 4
2月 15, 2026 7:50:59 下午 spec.jbb.JBBmain DoARun -> 信息:   started user thread for Warehouse 5
2月 15, 2026 7:50:59 下午 spec.jbb.JBBmain DoARun -> 信息:   started user thread for Warehouse 6
2月 15, 2026 7:50:59 下午 spec.jbb.JBBmain DoARun -> 信息:   started user thread for Warehouse 7
2月 15, 2026 7:50:59 下午 spec.jbb.JBBmain DoARun -> 信息:   started user thread for Warehouse 8
2月 15, 2026 7:50:59 下午 spec.jbb.JBBmain DoARun -> 信息:   started user thread for Warehouse 9
2月 15, 2026 7:50:59 下午 spec.jbb.JBBmain DoARun -> 信息:   started user thread for Warehouse 10
2月 15, 2026 7:50:59 下午 spec.jbb.JBBmain DoARun -> 信息:   started user thread for Warehouse 11
2月 15, 2026 7:50:59 下午 spec.jbb.JBBmain DoARun -> 信息:   started user thread for Warehouse 12
2月 15, 2026 7:50:59 下午 spec.jbb.JBBmain DoARun -> 信息:   started user thread for Warehouse 13
2月 15, 2026 7:50:59 下午 spec.jbb.JBBmain DoARun -> 信息:   started user thread for Warehouse 14
2月 15, 2026 7:50:59 下午 spec.jbb.JBBmain DoARun -> 信息:   started user thread for Warehouse 15
2月 15, 2026 7:50:59 下午 spec.jbb.JBBmain DoARun -> 信息:   started user thread for Warehouse 16
2月 15, 2026 7:50:59 下午 spec.jbb.JBBmain DoARun -> 信息:   started user thread for Warehouse 17
2月 15, 2026 7:50:59 下午 spec.jbb.JBBmain DoARun -> 信息:   started user thread for Warehouse 18
2月 15, 2026 7:50:59 下午 spec.jbb.JBBmain DoARun -> 信息:   started user thread for Warehouse 19
2月 15, 2026 7:50:59 下午 spec.jbb.JBBmain DoARun -> 信息:   started user thread for Warehouse 20
2月 15, 2026 7:50:59 下午 spec.jbb.JBBmain DoARun -> 信息:   started user thread for Warehouse 21
2月 15, 2026 7:50:59 下午 spec.jbb.JBBmain DoARun -> 信息:   started user thread for Warehouse 22
2月 15, 2026 7:50:59 下午 spec.jbb.JBBmain DoARun -> 信息:   started user thread for Warehouse 23
2月 15, 2026 7:50:59 下午 spec.jbb.JBBmain DoARun -> 信息:   started user thread for Warehouse 24
2月 15, 2026 7:50:59 下午 spec.jbb.JBBmain DoARun -> 信息:   started user thread for Warehouse 25
2月 15, 2026 7:50:59 下午 spec.jbb.JBBmain DoARun -> 信息:   started user thread for Warehouse 26
2月 15, 2026 7:50:59 下午 spec.jbb.JBBmain DoARun -> 信息:   started user thread for Warehouse 27
2月 15, 2026 7:50:59 下午 spec.jbb.JBBmain DoARun -> 信息:   started user thread for Warehouse 28
2月 15, 2026 7:50:59 下午 spec.jbb.JBBmain DoARun -> 信息:   started user thread for Warehouse 29
2月 15, 2026 7:50:59 下午 spec.jbb.JBBmain DoARun -> 信息:   started user thread for Warehouse 30
2月 15, 2026 7:50:59 下午 spec.jbb.JBBmain DoARun -> 信息:   started user thread for Warehouse 31
2月 15, 2026 7:50:59 下午 spec.jbb.JBBmain DoARun -> 信息:   started user thread for Warehouse 32
2月 15, 2026 7:50:59 下午 spec.jbb.JBBmain DoARun -> 信息:   started user thread for Warehouse 33
2月 15, 2026 7:50:59 下午 spec.jbb.JBBmain DoARun -> 信息:   started user thread for Warehouse 34
2月 15, 2026 7:50:59 下午 spec.jbb.JBBmain DoARun -> 信息:   started user thread for Warehouse 35
2月 15, 2026 7:50:59 下午 spec.jbb.JBBmain DoARun -> 信息:   started user thread for Warehouse 36
2月 15, 2026 7:50:59 下午 spec.jbb.JBBmain DoARun -> 信息:   started user thread for Warehouse 37
2月 15, 2026 7:50:59 下午 spec.jbb.JBBmain DoARun -> 信息:   started user thread for Warehouse 38
2月 15, 2026 7:50:59 下午 spec.jbb.JBBmain DoARun -> 信息:   started user thread for Warehouse 39
2月 15, 2026 7:50:59 下午 spec.jbb.JBBmain DoARun -> 信息:   started user thread for Warehouse 40
2月 15, 2026 7:50:59 下午 spec.jbb.JBBmain DoARun -> 信息:   started user thread for Warehouse 41
2月 15, 2026 7:50:59 下午 spec.jbb.JBBmain DoARun -> 信息:   started user thread for Warehouse 42
2月 15, 2026 7:50:59 下午 spec.jbb.JBBmain DoARun -> 信息:   started user thread for Warehouse 43
2月 15, 2026 7:50:59 下午 spec.jbb.JBBmain DoARun -> 信息:   started user thread for Warehouse 44
2月 15, 2026 7:50:59 下午 spec.jbb.JBBmain DoARun -> 信息:   started user thread for Warehouse 45
2月 15, 2026 7:50:59 下午 spec.jbb.JBBmain DoARun -> 信息:   started user thread for Warehouse 46
2月 15, 2026 7:50:59 下午 spec.jbb.JBBmain DoARun -> 信息:   started user thread for Warehouse 47
2月 15, 2026 7:50:59 下午 spec.jbb.JBBmain DoARun -> 信息:   started user thread for Warehouse 48
2月 15, 2026 7:50:59 下午 spec.jbb.JBBmain DoARun -> 信息:   started user thread for Warehouse 49
2月 15, 2026 7:50:59 下午 spec.jbb.JBBmain DoARun -> 信息:   started user thread for Warehouse 50
2月 15, 2026 7:50:59 下午 spec.jbb.JBBmain DoARun -> 信息:   started user thread for Warehouse 51
2月 15, 2026 7:50:59 下午 spec.jbb.JBBmain DoARun -> 信息:   started user thread for Warehouse 52
2月 15, 2026 7:50:59 下午 spec.jbb.JBBmain DoARun -> 信息:   started user thread for Warehouse 53
2月 15, 2026 7:50:59 下午 spec.jbb.JBBmain DoARun -> 信息:   started user thread for Warehouse 54
2月 15, 2026 7:50:59 下午 spec.jbb.JBBmain DoARun -> 信息:   started user thread for Warehouse 55
2月 15, 2026 7:50:59 下午 spec.jbb.JBBmain DoARun -> 信息:   started user thread for Warehouse 56
2月 15, 2026 7:50:59 下午 spec.jbb.JBBmain DoARun -> 信息:   started user thread for Warehouse 57
2月 15, 2026 7:50:59 下午 spec.jbb.JBBmain DoARun -> 信息:   started user thread for Warehouse 58
2月 15, 2026 7:50:59 下午 spec.jbb.JBBmain DoARun -> 信息:   started user thread for Warehouse 59
2月 15, 2026 7:50:59 下午 spec.jbb.JBBmain DoARun -> 信息:   started user thread for Warehouse 60
2月 15, 2026 7:50:59 下午 spec.jbb.JBBmain DoARun -> 信息:   started user thread for Warehouse 61
2月 15, 2026 7:50:59 下午 spec.jbb.JBBmain DoARun -> 信息:   started user thread for Warehouse 62
2月 15, 2026 7:50:59 下午 spec.jbb.JBBmain DoARun -> 信息:   started user thread for Warehouse 63
2月 15, 2026 7:50:59 下午 spec.jbb.JBBmain DoARun -> 信息:   started user thread for Warehouse 64
2月 15, 2026 7:50:59 下午 spec.jbb.JBBmain DoARun -> 信息:   started user thread for Warehouse 65
2月 15, 2026 7:50:59 下午 spec.jbb.JBBmain DoARun -> 信息:   started user thread for Warehouse 66
2月 15, 2026 7:50:59 下午 spec.jbb.JBBmain DoARun -> 信息:   started user thread for Warehouse 67
2月 15, 2026 7:50:59 下午 spec.jbb.JBBmain DoARun -> 信息:   started user thread for Warehouse 68
2月 15, 2026 7:50:59 下午 spec.jbb.JBBmain DoARun -> 信息:   started user thread for Warehouse 69
2月 15, 2026 7:50:59 下午 spec.jbb.JBBmain DoARun -> 信息:   started user thread for Warehouse 70
2月 15, 2026 7:50:59 下午 spec.jbb.JBBmain DoARun -> 信息:   started user thread for Warehouse 71
2月 15, 2026 7:50:59 下午 spec.jbb.JBBmain DoARun -> 信息:   started user thread for Warehouse 72
2月 15, 2026 7:50:59 下午 spec.jbb.Company displayResultTotals -> 信息: Timing Measurement began Sun Feb 15 19:50:59 CST 2026 for 4 minutes
2月 15, 2026 7:54:59 下午 spec.jbb.Company displayResultTotals -> 信息: Timing Measurement ended Sun Feb 15 19:54:59 CST 2026
2月 15, 2026 7:54:59 下午 spec.jbb.Company primeWithDummyData -> 信息: Loading Warehouse 73...
2月 15, 2026 7:54:59 下午 spec.jbb.JBBmain DoARun -> 信息: Start User Threads
2月 15, 2026 7:54:59 下午 spec.jbb.JBBmain DoARun -> 信息:   started user thread for Warehouse 1
2月 15, 2026 7:54:59 下午 spec.jbb.JBBmain DoARun -> 信息:   started user thread for Warehouse 2
2月 15, 2026 7:54:59 下午 spec.jbb.JBBmain DoARun -> 信息:   started user thread for Warehouse 3
2月 15, 2026 7:54:59 下午 spec.jbb.JBBmain DoARun -> 信息:   started user thread for Warehouse 4
2月 15, 2026 7:54:59 下午 spec.jbb.JBBmain DoARun -> 信息:   started user thread for Warehouse 5
2月 15, 2026 7:54:59 下午 spec.jbb.JBBmain DoARun -> 信息:   started user thread for Warehouse 6
2月 15, 2026 7:54:59 下午 spec.jbb.JBBmain DoARun -> 信息:   started user thread for Warehouse 7
2月 15, 2026 7:54:59 下午 spec.jbb.JBBmain DoARun -> 信息:   started user thread for Warehouse 8
2月 15, 2026 7:54:59 下午 spec.jbb.JBBmain DoARun -> 信息:   started user thread for Warehouse 9
2月 15, 2026 7:54:59 下午 spec.jbb.JBBmain DoARun -> 信息:   started user thread for Warehouse 10
2月 15, 2026 7:54:59 下午 spec.jbb.JBBmain DoARun -> 信息:   started user thread for Warehouse 11
2月 15, 2026 7:54:59 下午 spec.jbb.JBBmain DoARun -> 信息:   started user thread for Warehouse 12
2月 15, 2026 7:54:59 下午 spec.jbb.JBBmain DoARun -> 信息:   started user thread for Warehouse 13
2月 15, 2026 7:54:59 下午 spec.jbb.JBBmain DoARun -> 信息:   started user thread for Warehouse 14
2月 15, 2026 7:54:59 下午 spec.jbb.JBBmain DoARun -> 信息:   started user thread for Warehouse 15
2月 15, 2026 7:54:59 下午 spec.jbb.JBBmain DoARun -> 信息:   started user thread for Warehouse 16
2月 15, 2026 7:54:59 下午 spec.jbb.JBBmain DoARun -> 信息:   started user thread for Warehouse 17
2月 15, 2026 7:54:59 下午 spec.jbb.JBBmain DoARun -> 信息:   started user thread for Warehouse 18
2月 15, 2026 7:54:59 下午 spec.jbb.JBBmain DoARun -> 信息:   started user thread for Warehouse 19
2月 15, 2026 7:54:59 下午 spec.jbb.JBBmain DoARun -> 信息:   started user thread for Warehouse 20
2月 15, 2026 7:54:59 下午 spec.jbb.JBBmain DoARun -> 信息:   started user thread for Warehouse 21
2月 15, 2026 7:54:59 下午 spec.jbb.JBBmain DoARun -> 信息:   started user thread for Warehouse 22
2月 15, 2026 7:54:59 下午 spec.jbb.JBBmain DoARun -> 信息:   started user thread for Warehouse 23
2月 15, 2026 7:54:59 下午 spec.jbb.JBBmain DoARun -> 信息:   started user thread for Warehouse 24
2月 15, 2026 7:54:59 下午 spec.jbb.JBBmain DoARun -> 信息:   started user thread for Warehouse 25
2月 15, 2026 7:54:59 下午 spec.jbb.JBBmain DoARun -> 信息:   started user thread for Warehouse 26
2月 15, 2026 7:54:59 下午 spec.jbb.JBBmain DoARun -> 信息:   started user thread for Warehouse 27
2月 15, 2026 7:54:59 下午 spec.jbb.JBBmain DoARun -> 信息:   started user thread for Warehouse 28
2月 15, 2026 7:54:59 下午 spec.jbb.JBBmain DoARun -> 信息:   started user thread for Warehouse 29
2月 15, 2026 7:54:59 下午 spec.jbb.JBBmain DoARun -> 信息:   started user thread for Warehouse 30
2月 15, 2026 7:54:59 下午 spec.jbb.JBBmain DoARun -> 信息:   started user thread for Warehouse 31
2月 15, 2026 7:54:59 下午 spec.jbb.JBBmain DoARun -> 信息:   started user thread for Warehouse 32
2月 15, 2026 7:54:59 下午 spec.jbb.JBBmain DoARun -> 信息:   started user thread for Warehouse 33
2月 15, 2026 7:54:59 下午 spec.jbb.JBBmain DoARun -> 信息:   started user thread for Warehouse 34
2月 15, 2026 7:54:59 下午 spec.jbb.JBBmain DoARun -> 信息:   started user thread for Warehouse 35
2月 15, 2026 7:54:59 下午 spec.jbb.JBBmain DoARun -> 信息:   started user thread for Warehouse 36
2月 15, 2026 7:54:59 下午 spec.jbb.JBBmain DoARun -> 信息:   started user thread for Warehouse 37
2月 15, 2026 7:54:59 下午 spec.jbb.JBBmain DoARun -> 信息:   started user thread for Warehouse 38
2月 15, 2026 7:54:59 下午 spec.jbb.JBBmain DoARun -> 信息:   started user thread for Warehouse 39
2月 15, 2026 7:54:59 下午 spec.jbb.JBBmain DoARun -> 信息:   started user thread for Warehouse 40
2月 15, 2026 7:54:59 下午 spec.jbb.JBBmain DoARun -> 信息:   started user thread for Warehouse 41
2月 15, 2026 7:54:59 下午 spec.jbb.JBBmain DoARun -> 信息:   started user thread for Warehouse 42
2月 15, 2026 7:54:59 下午 spec.jbb.JBBmain DoARun -> 信息:   started user thread for Warehouse 43
2月 15, 2026 7:54:59 下午 spec.jbb.JBBmain DoARun -> 信息:   started user thread for Warehouse 44
2月 15, 2026 7:54:59 下午 spec.jbb.JBBmain DoARun -> 信息:   started user thread for Warehouse 45
2月 15, 2026 7:54:59 下午 spec.jbb.JBBmain DoARun -> 信息:   started user thread for Warehouse 46
2月 15, 2026 7:54:59 下午 spec.jbb.JBBmain DoARun -> 信息:   started user thread for Warehouse 47
2月 15, 2026 7:54:59 下午 spec.jbb.JBBmain DoARun -> 信息:   started user thread for Warehouse 48
2月 15, 2026 7:54:59 下午 spec.jbb.JBBmain DoARun -> 信息:   started user thread for Warehouse 49
2月 15, 2026 7:54:59 下午 spec.jbb.JBBmain DoARun -> 信息:   started user thread for Warehouse 50
2月 15, 2026 7:54:59 下午 spec.jbb.JBBmain DoARun -> 信息:   started user thread for Warehouse 51
2月 15, 2026 7:54:59 下午 spec.jbb.JBBmain DoARun -> 信息:   started user thread for Warehouse 52
2月 15, 2026 7:54:59 下午 spec.jbb.JBBmain DoARun -> 信息:   started user thread for Warehouse 53
2月 15, 2026 7:54:59 下午 spec.jbb.JBBmain DoARun -> 信息:   started user thread for Warehouse 54
2月 15, 2026 7:54:59 下午 spec.jbb.JBBmain DoARun -> 信息:   started user thread for Warehouse 55
2月 15, 2026 7:54:59 下午 spec.jbb.JBBmain DoARun -> 信息:   started user thread for Warehouse 56
2月 15, 2026 7:54:59 下午 spec.jbb.JBBmain DoARun -> 信息:   started user thread for Warehouse 57
2月 15, 2026 7:54:59 下午 spec.jbb.JBBmain DoARun -> 信息:   started user thread for Warehouse 58
2月 15, 2026 7:54:59 下午 spec.jbb.JBBmain DoARun -> 信息:   started user thread for Warehouse 59
2月 15, 2026 7:54:59 下午 spec.jbb.JBBmain DoARun -> 信息:   started user thread for Warehouse 60
2月 15, 2026 7:54:59 下午 spec.jbb.JBBmain DoARun -> 信息:   started user thread for Warehouse 61
2月 15, 2026 7:54:59 下午 spec.jbb.JBBmain DoARun -> 信息:   started user thread for Warehouse 62
2月 15, 2026 7:54:59 下午 spec.jbb.JBBmain DoARun -> 信息:   started user thread for Warehouse 63
2月 15, 2026 7:54:59 下午 spec.jbb.JBBmain DoARun -> 信息:   started user thread for Warehouse 64
2月 15, 2026 7:54:59 下午 spec.jbb.JBBmain DoARun -> 信息:   started user thread for Warehouse 65
2月 15, 2026 7:54:59 下午 spec.jbb.JBBmain DoARun -> 信息:   started user thread for Warehouse 66
2月 15, 2026 7:54:59 下午 spec.jbb.JBBmain DoARun -> 信息:   started user thread for Warehouse 67
2月 15, 2026 7:54:59 下午 spec.jbb.JBBmain DoARun -> 信息:   started user thread for Warehouse 68
2月 15, 2026 7:54:59 下午 spec.jbb.JBBmain DoARun -> 信息:   started user thread for Warehouse 69
2月 15, 2026 7:54:59 下午 spec.jbb.JBBmain DoARun -> 信息:   started user thread for Warehouse 70
2月 15, 2026 7:54:59 下午 spec.jbb.JBBmain DoARun -> 信息:   started user thread for Warehouse 71
2月 15, 2026 7:54:59 下午 spec.jbb.JBBmain DoARun -> 信息:   started user thread for Warehouse 72
2月 15, 2026 7:54:59 下午 spec.jbb.JBBmain DoARun -> 信息:   started user thread for Warehouse 73
2月 15, 2026 7:54:59 下午 spec.jbb.Company displayResultTotals -> 信息: Timing Measurement began Sun Feb 15 19:54:59 CST 2026 for 4 minutes
2月 15, 2026 7:58:59 下午 spec.jbb.Company displayResultTotals -> 信息: Timing Measurement ended Sun Feb 15 19:58:59 CST 2026
2月 15, 2026 7:58:59 下午 spec.jbb.Company primeWithDummyData -> 信息: Loading Warehouse 74...
2月 15, 2026 7:58:59 下午 spec.jbb.JBBmain DoARun -> 信息: Start User Threads
2月 15, 2026 7:58:59 下午 spec.jbb.JBBmain DoARun -> 信息:   started user thread for Warehouse 1
2月 15, 2026 7:58:59 下午 spec.jbb.JBBmain DoARun -> 信息:   started user thread for Warehouse 2
2月 15, 2026 7:58:59 下午 spec.jbb.JBBmain DoARun -> 信息:   started user thread for Warehouse 3
2月 15, 2026 7:58:59 下午 spec.jbb.JBBmain DoARun -> 信息:   started user thread for Warehouse 4
2月 15, 2026 7:58:59 下午 spec.jbb.JBBmain DoARun -> 信息:   started user thread for Warehouse 5
2月 15, 2026 7:58:59 下午 spec.jbb.JBBmain DoARun -> 信息:   started user thread for Warehouse 6
2月 15, 2026 7:58:59 下午 spec.jbb.JBBmain DoARun -> 信息:   started user thread for Warehouse 7
2月 15, 2026 7:58:59 下午 spec.jbb.JBBmain DoARun -> 信息:   started user thread for Warehouse 8
2月 15, 2026 7:58:59 下午 spec.jbb.JBBmain DoARun -> 信息:   started user thread for Warehouse 9
2月 15, 2026 7:58:59 下午 spec.jbb.JBBmain DoARun -> 信息:   started user thread for Warehouse 10
2月 15, 2026 7:58:59 下午 spec.jbb.JBBmain DoARun -> 信息:   started user thread for Warehouse 11
2月 15, 2026 7:58:59 下午 spec.jbb.JBBmain DoARun -> 信息:   started user thread for Warehouse 12
2月 15, 2026 7:58:59 下午 spec.jbb.JBBmain DoARun -> 信息:   started user thread for Warehouse 13
2月 15, 2026 7:58:59 下午 spec.jbb.JBBmain DoARun -> 信息:   started user thread for Warehouse 14
2月 15, 2026 7:58:59 下午 spec.jbb.JBBmain DoARun -> 信息:   started user thread for Warehouse 15
2月 15, 2026 7:58:59 下午 spec.jbb.JBBmain DoARun -> 信息:   started user thread for Warehouse 16
2月 15, 2026 7:58:59 下午 spec.jbb.JBBmain DoARun -> 信息:   started user thread for Warehouse 17
2月 15, 2026 7:58:59 下午 spec.jbb.JBBmain DoARun -> 信息:   started user thread for Warehouse 18
2月 15, 2026 7:58:59 下午 spec.jbb.JBBmain DoARun -> 信息:   started user thread for Warehouse 19
2月 15, 2026 7:58:59 下午 spec.jbb.JBBmain DoARun -> 信息:   started user thread for Warehouse 20
2月 15, 2026 7:58:59 下午 spec.jbb.JBBmain DoARun -> 信息:   started user thread for Warehouse 21
2月 15, 2026 7:58:59 下午 spec.jbb.JBBmain DoARun -> 信息:   started user thread for Warehouse 22
2月 15, 2026 7:58:59 下午 spec.jbb.JBBmain DoARun -> 信息:   started user thread for Warehouse 23
2月 15, 2026 7:58:59 下午 spec.jbb.JBBmain DoARun -> 信息:   started user thread for Warehouse 24
2月 15, 2026 7:58:59 下午 spec.jbb.JBBmain DoARun -> 信息:   started user thread for Warehouse 25
2月 15, 2026 7:58:59 下午 spec.jbb.JBBmain DoARun -> 信息:   started user thread for Warehouse 26
2月 15, 2026 7:58:59 下午 spec.jbb.JBBmain DoARun -> 信息:   started user thread for Warehouse 27
2月 15, 2026 7:58:59 下午 spec.jbb.JBBmain DoARun -> 信息:   started user thread for Warehouse 28
2月 15, 2026 7:58:59 下午 spec.jbb.JBBmain DoARun -> 信息:   started user thread for Warehouse 29
2月 15, 2026 7:58:59 下午 spec.jbb.JBBmain DoARun -> 信息:   started user thread for Warehouse 30
2月 15, 2026 7:58:59 下午 spec.jbb.JBBmain DoARun -> 信息:   started user thread for Warehouse 31
2月 15, 2026 7:58:59 下午 spec.jbb.JBBmain DoARun -> 信息:   started user thread for Warehouse 32
2月 15, 2026 7:58:59 下午 spec.jbb.JBBmain DoARun -> 信息:   started user thread for Warehouse 33
2月 15, 2026 7:58:59 下午 spec.jbb.JBBmain DoARun -> 信息:   started user thread for Warehouse 34
2月 15, 2026 7:58:59 下午 spec.jbb.JBBmain DoARun -> 信息:   started user thread for Warehouse 35
2月 15, 2026 7:58:59 下午 spec.jbb.JBBmain DoARun -> 信息:   started user thread for Warehouse 36
2月 15, 2026 7:58:59 下午 spec.jbb.JBBmain DoARun -> 信息:   started user thread for Warehouse 37
2月 15, 2026 7:58:59 下午 spec.jbb.JBBmain DoARun -> 信息:   started user thread for Warehouse 38
2月 15, 2026 7:58:59 下午 spec.jbb.JBBmain DoARun -> 信息:   started user thread for Warehouse 39
2月 15, 2026 7:58:59 下午 spec.jbb.JBBmain DoARun -> 信息:   started user thread for Warehouse 40
2月 15, 2026 7:58:59 下午 spec.jbb.JBBmain DoARun -> 信息:   started user thread for Warehouse 41
2月 15, 2026 7:58:59 下午 spec.jbb.JBBmain DoARun -> 信息:   started user thread for Warehouse 42
2月 15, 2026 7:58:59 下午 spec.jbb.JBBmain DoARun -> 信息:   started user thread for Warehouse 43
2月 15, 2026 7:58:59 下午 spec.jbb.JBBmain DoARun -> 信息:   started user thread for Warehouse 44
2月 15, 2026 7:58:59 下午 spec.jbb.JBBmain DoARun -> 信息:   started user thread for Warehouse 45
2月 15, 2026 7:58:59 下午 spec.jbb.JBBmain DoARun -> 信息:   started user thread for Warehouse 46
2月 15, 2026 7:58:59 下午 spec.jbb.JBBmain DoARun -> 信息:   started user thread for Warehouse 47
2月 15, 2026 7:58:59 下午 spec.jbb.JBBmain DoARun -> 信息:   started user thread for Warehouse 48
2月 15, 2026 7:58:59 下午 spec.jbb.JBBmain DoARun -> 信息:   started user thread for Warehouse 49
2月 15, 2026 7:58:59 下午 spec.jbb.JBBmain DoARun -> 信息:   started user thread for Warehouse 50
2月 15, 2026 7:58:59 下午 spec.jbb.JBBmain DoARun -> 信息:   started user thread for Warehouse 51
2月 15, 2026 7:58:59 下午 spec.jbb.JBBmain DoARun -> 信息:   started user thread for Warehouse 52
2月 15, 2026 7:58:59 下午 spec.jbb.JBBmain DoARun -> 信息:   started user thread for Warehouse 53
2月 15, 2026 7:58:59 下午 spec.jbb.JBBmain DoARun -> 信息:   started user thread for Warehouse 54
2月 15, 2026 7:58:59 下午 spec.jbb.JBBmain DoARun -> 信息:   started user thread for Warehouse 55
2月 15, 2026 7:58:59 下午 spec.jbb.JBBmain DoARun -> 信息:   started user thread for Warehouse 56
2月 15, 2026 7:58:59 下午 spec.jbb.JBBmain DoARun -> 信息:   started user thread for Warehouse 57
2月 15, 2026 7:58:59 下午 spec.jbb.JBBmain DoARun -> 信息:   started user thread for Warehouse 58
2月 15, 2026 7:58:59 下午 spec.jbb.JBBmain DoARun -> 信息:   started user thread for Warehouse 59
2月 15, 2026 7:58:59 下午 spec.jbb.JBBmain DoARun -> 信息:   started user thread for Warehouse 60
2月 15, 2026 7:58:59 下午 spec.jbb.JBBmain DoARun -> 信息:   started user thread for Warehouse 61
2月 15, 2026 7:58:59 下午 spec.jbb.JBBmain DoARun -> 信息:   started user thread for Warehouse 62
2月 15, 2026 7:58:59 下午 spec.jbb.JBBmain DoARun -> 信息:   started user thread for Warehouse 63
2月 15, 2026 7:58:59 下午 spec.jbb.JBBmain DoARun -> 信息:   started user thread for Warehouse 64
2月 15, 2026 7:58:59 下午 spec.jbb.JBBmain DoARun -> 信息:   started user thread for Warehouse 65
2月 15, 2026 7:58:59 下午 spec.jbb.JBBmain DoARun -> 信息:   started user thread for Warehouse 66
2月 15, 2026 7:58:59 下午 spec.jbb.JBBmain DoARun -> 信息:   started user thread for Warehouse 67
2月 15, 2026 7:58:59 下午 spec.jbb.JBBmain DoARun -> 信息:   started user thread for Warehouse 68
2月 15, 2026 7:58:59 下午 spec.jbb.JBBmain DoARun -> 信息:   started user thread for Warehouse 69
2月 15, 2026 7:58:59 下午 spec.jbb.JBBmain DoARun -> 信息:   started user thread for Warehouse 70
2月 15, 2026 7:58:59 下午 spec.jbb.JBBmain DoARun -> 信息:   started user thread for Warehouse 71
2月 15, 2026 7:58:59 下午 spec.jbb.JBBmain DoARun -> 信息:   started user thread for Warehouse 72
2月 15, 2026 7:58:59 下午 spec.jbb.JBBmain DoARun -> 信息:   started user thread for Warehouse 73
2月 15, 2026 7:58:59 下午 spec.jbb.JBBmain DoARun -> 信息:   started user thread for Warehouse 74
2月 15, 2026 7:58:59 下午 spec.jbb.Company displayResultTotals -> 信息: Timing Measurement began Sun Feb 15 19:58:59 CST 2026 for 4 minutes
2月 15, 2026 8:02:59 下午 spec.jbb.Company displayResultTotals -> 信息: Timing Measurement ended Sun Feb 15 20:02:59 CST 2026
2月 15, 2026 8:02:59 下午 spec.jbb.Company primeWithDummyData -> 信息: Loading Warehouse 75...
2月 15, 2026 8:02:59 下午 spec.jbb.JBBmain DoARun -> 信息: Start User Threads
2月 15, 2026 8:02:59 下午 spec.jbb.JBBmain DoARun -> 信息:   started user thread for Warehouse 1
2月 15, 2026 8:02:59 下午 spec.jbb.JBBmain DoARun -> 信息:   started user thread for Warehouse 2
2月 15, 2026 8:02:59 下午 spec.jbb.JBBmain DoARun -> 信息:   started user thread for Warehouse 3
2月 15, 2026 8:02:59 下午 spec.jbb.JBBmain DoARun -> 信息:   started user thread for Warehouse 4
2月 15, 2026 8:02:59 下午 spec.jbb.JBBmain DoARun -> 信息:   started user thread for Warehouse 5
2月 15, 2026 8:02:59 下午 spec.jbb.JBBmain DoARun -> 信息:   started user thread for Warehouse 6
2月 15, 2026 8:02:59 下午 spec.jbb.JBBmain DoARun -> 信息:   started user thread for Warehouse 7
2月 15, 2026 8:02:59 下午 spec.jbb.JBBmain DoARun -> 信息:   started user thread for Warehouse 8
2月 15, 2026 8:02:59 下午 spec.jbb.JBBmain DoARun -> 信息:   started user thread for Warehouse 9
2月 15, 2026 8:02:59 下午 spec.jbb.JBBmain DoARun -> 信息:   started user thread for Warehouse 10
2月 15, 2026 8:02:59 下午 spec.jbb.JBBmain DoARun -> 信息:   started user thread for Warehouse 11
2月 15, 2026 8:02:59 下午 spec.jbb.JBBmain DoARun -> 信息:   started user thread for Warehouse 12
2月 15, 2026 8:02:59 下午 spec.jbb.JBBmain DoARun -> 信息:   started user thread for Warehouse 13
2月 15, 2026 8:02:59 下午 spec.jbb.JBBmain DoARun -> 信息:   started user thread for Warehouse 14
2月 15, 2026 8:02:59 下午 spec.jbb.JBBmain DoARun -> 信息:   started user thread for Warehouse 15
2月 15, 2026 8:02:59 下午 spec.jbb.JBBmain DoARun -> 信息:   started user thread for Warehouse 16
2月 15, 2026 8:02:59 下午 spec.jbb.JBBmain DoARun -> 信息:   started user thread for Warehouse 17
2月 15, 2026 8:02:59 下午 spec.jbb.JBBmain DoARun -> 信息:   started user thread for Warehouse 18
2月 15, 2026 8:02:59 下午 spec.jbb.JBBmain DoARun -> 信息:   started user thread for Warehouse 19
2月 15, 2026 8:02:59 下午 spec.jbb.JBBmain DoARun -> 信息:   started user thread for Warehouse 20
2月 15, 2026 8:02:59 下午 spec.jbb.JBBmain DoARun -> 信息:   started user thread for Warehouse 21
2月 15, 2026 8:02:59 下午 spec.jbb.JBBmain DoARun -> 信息:   started user thread for Warehouse 22
2月 15, 2026 8:02:59 下午 spec.jbb.JBBmain DoARun -> 信息:   started user thread for Warehouse 23
2月 15, 2026 8:02:59 下午 spec.jbb.JBBmain DoARun -> 信息:   started user thread for Warehouse 24
2月 15, 2026 8:02:59 下午 spec.jbb.JBBmain DoARun -> 信息:   started user thread for Warehouse 25
2月 15, 2026 8:02:59 下午 spec.jbb.JBBmain DoARun -> 信息:   started user thread for Warehouse 26
2月 15, 2026 8:02:59 下午 spec.jbb.JBBmain DoARun -> 信息:   started user thread for Warehouse 27
2月 15, 2026 8:02:59 下午 spec.jbb.JBBmain DoARun -> 信息:   started user thread for Warehouse 28
2月 15, 2026 8:02:59 下午 spec.jbb.JBBmain DoARun -> 信息:   started user thread for Warehouse 29
2月 15, 2026 8:02:59 下午 spec.jbb.JBBmain DoARun -> 信息:   started user thread for Warehouse 30
2月 15, 2026 8:02:59 下午 spec.jbb.JBBmain DoARun -> 信息:   started user thread for Warehouse 31
2月 15, 2026 8:02:59 下午 spec.jbb.JBBmain DoARun -> 信息:   started user thread for Warehouse 32
2月 15, 2026 8:02:59 下午 spec.jbb.JBBmain DoARun -> 信息:   started user thread for Warehouse 33
2月 15, 2026 8:02:59 下午 spec.jbb.JBBmain DoARun -> 信息:   started user thread for Warehouse 34
2月 15, 2026 8:02:59 下午 spec.jbb.JBBmain DoARun -> 信息:   started user thread for Warehouse 35
2月 15, 2026 8:02:59 下午 spec.jbb.JBBmain DoARun -> 信息:   started user thread for Warehouse 36
2月 15, 2026 8:02:59 下午 spec.jbb.JBBmain DoARun -> 信息:   started user thread for Warehouse 37
2月 15, 2026 8:02:59 下午 spec.jbb.JBBmain DoARun -> 信息:   started user thread for Warehouse 38
2月 15, 2026 8:02:59 下午 spec.jbb.JBBmain DoARun -> 信息:   started user thread for Warehouse 39
2月 15, 2026 8:02:59 下午 spec.jbb.JBBmain DoARun -> 信息:   started user thread for Warehouse 40
2月 15, 2026 8:02:59 下午 spec.jbb.JBBmain DoARun -> 信息:   started user thread for Warehouse 41
2月 15, 2026 8:02:59 下午 spec.jbb.JBBmain DoARun -> 信息:   started user thread for Warehouse 42
2月 15, 2026 8:02:59 下午 spec.jbb.JBBmain DoARun -> 信息:   started user thread for Warehouse 43
2月 15, 2026 8:02:59 下午 spec.jbb.JBBmain DoARun -> 信息:   started user thread for Warehouse 44
2月 15, 2026 8:02:59 下午 spec.jbb.JBBmain DoARun -> 信息:   started user thread for Warehouse 45
2月 15, 2026 8:02:59 下午 spec.jbb.JBBmain DoARun -> 信息:   started user thread for Warehouse 46
2月 15, 2026 8:02:59 下午 spec.jbb.JBBmain DoARun -> 信息:   started user thread for Warehouse 47
2月 15, 2026 8:02:59 下午 spec.jbb.JBBmain DoARun -> 信息:   started user thread for Warehouse 48
2月 15, 2026 8:02:59 下午 spec.jbb.JBBmain DoARun -> 信息:   started user thread for Warehouse 49
2月 15, 2026 8:02:59 下午 spec.jbb.JBBmain DoARun -> 信息:   started user thread for Warehouse 50
2月 15, 2026 8:02:59 下午 spec.jbb.JBBmain DoARun -> 信息:   started user thread for Warehouse 51
2月 15, 2026 8:02:59 下午 spec.jbb.JBBmain DoARun -> 信息:   started user thread for Warehouse 52
2月 15, 2026 8:02:59 下午 spec.jbb.JBBmain DoARun -> 信息:   started user thread for Warehouse 53
2月 15, 2026 8:02:59 下午 spec.jbb.JBBmain DoARun -> 信息:   started user thread for Warehouse 54
2月 15, 2026 8:02:59 下午 spec.jbb.JBBmain DoARun -> 信息:   started user thread for Warehouse 55
2月 15, 2026 8:02:59 下午 spec.jbb.JBBmain DoARun -> 信息:   started user thread for Warehouse 56
2月 15, 2026 8:02:59 下午 spec.jbb.JBBmain DoARun -> 信息:   started user thread for Warehouse 57
2月 15, 2026 8:02:59 下午 spec.jbb.JBBmain DoARun -> 信息:   started user thread for Warehouse 58
2月 15, 2026 8:02:59 下午 spec.jbb.JBBmain DoARun -> 信息:   started user thread for Warehouse 59
2月 15, 2026 8:02:59 下午 spec.jbb.JBBmain DoARun -> 信息:   started user thread for Warehouse 60
2月 15, 2026 8:02:59 下午 spec.jbb.JBBmain DoARun -> 信息:   started user thread for Warehouse 61
2月 15, 2026 8:02:59 下午 spec.jbb.JBBmain DoARun -> 信息:   started user thread for Warehouse 62
2月 15, 2026 8:02:59 下午 spec.jbb.JBBmain DoARun -> 信息:   started user thread for Warehouse 63
2月 15, 2026 8:02:59 下午 spec.jbb.JBBmain DoARun -> 信息:   started user thread for Warehouse 64
2月 15, 2026 8:02:59 下午 spec.jbb.JBBmain DoARun -> 信息:   started user thread for Warehouse 65
2月 15, 2026 8:02:59 下午 spec.jbb.JBBmain DoARun -> 信息:   started user thread for Warehouse 66
2月 15, 2026 8:02:59 下午 spec.jbb.JBBmain DoARun -> 信息:   started user thread for Warehouse 67
2月 15, 2026 8:02:59 下午 spec.jbb.JBBmain DoARun -> 信息:   started user thread for Warehouse 68
2月 15, 2026 8:02:59 下午 spec.jbb.JBBmain DoARun -> 信息:   started user thread for Warehouse 69
2月 15, 2026 8:02:59 下午 spec.jbb.JBBmain DoARun -> 信息:   started user thread for Warehouse 70
2月 15, 2026 8:02:59 下午 spec.jbb.JBBmain DoARun -> 信息:   started user thread for Warehouse 71
2月 15, 2026 8:02:59 下午 spec.jbb.JBBmain DoARun -> 信息:   started user thread for Warehouse 72
2月 15, 2026 8:02:59 下午 spec.jbb.JBBmain DoARun -> 信息:   started user thread for Warehouse 73
2月 15, 2026 8:02:59 下午 spec.jbb.JBBmain DoARun -> 信息:   started user thread for Warehouse 74
2月 15, 2026 8:02:59 下午 spec.jbb.JBBmain DoARun -> 信息:   started user thread for Warehouse 75
2月 15, 2026 8:02:59 下午 spec.jbb.Company displayResultTotals -> 信息: Timing Measurement began Sun Feb 15 20:02:59 CST 2026 for 4 minutes
2月 15, 2026 8:06:59 下午 spec.jbb.Company displayResultTotals -> 信息: Timing Measurement ended Sun Feb 15 20:06:59 CST 2026
2月 15, 2026 8:06:59 下午 spec.jbb.Company primeWithDummyData -> 信息: Loading Warehouse 76...
2月 15, 2026 8:07:00 下午 spec.jbb.JBBmain DoARun -> 信息: Start User Threads
2月 15, 2026 8:07:00 下午 spec.jbb.JBBmain DoARun -> 信息:   started user thread for Warehouse 1
2月 15, 2026 8:07:00 下午 spec.jbb.JBBmain DoARun -> 信息:   started user thread for Warehouse 2
2月 15, 2026 8:07:00 下午 spec.jbb.JBBmain DoARun -> 信息:   started user thread for Warehouse 3
2月 15, 2026 8:07:00 下午 spec.jbb.JBBmain DoARun -> 信息:   started user thread for Warehouse 4
2月 15, 2026 8:07:00 下午 spec.jbb.JBBmain DoARun -> 信息:   started user thread for Warehouse 5
2月 15, 2026 8:07:00 下午 spec.jbb.JBBmain DoARun -> 信息:   started user thread for Warehouse 6
2月 15, 2026 8:07:00 下午 spec.jbb.JBBmain DoARun -> 信息:   started user thread for Warehouse 7
2月 15, 2026 8:07:00 下午 spec.jbb.JBBmain DoARun -> 信息:   started user thread for Warehouse 8
2月 15, 2026 8:07:00 下午 spec.jbb.JBBmain DoARun -> 信息:   started user thread for Warehouse 9
2月 15, 2026 8:07:00 下午 spec.jbb.JBBmain DoARun -> 信息:   started user thread for Warehouse 10
2月 15, 2026 8:07:00 下午 spec.jbb.JBBmain DoARun -> 信息:   started user thread for Warehouse 11
2月 15, 2026 8:07:00 下午 spec.jbb.JBBmain DoARun -> 信息:   started user thread for Warehouse 12
2月 15, 2026 8:07:00 下午 spec.jbb.JBBmain DoARun -> 信息:   started user thread for Warehouse 13
2月 15, 2026 8:07:00 下午 spec.jbb.JBBmain DoARun -> 信息:   started user thread for Warehouse 14
2月 15, 2026 8:07:00 下午 spec.jbb.JBBmain DoARun -> 信息:   started user thread for Warehouse 15
2月 15, 2026 8:07:00 下午 spec.jbb.JBBmain DoARun -> 信息:   started user thread for Warehouse 16
2月 15, 2026 8:07:00 下午 spec.jbb.JBBmain DoARun -> 信息:   started user thread for Warehouse 17
2月 15, 2026 8:07:00 下午 spec.jbb.JBBmain DoARun -> 信息:   started user thread for Warehouse 18
2月 15, 2026 8:07:00 下午 spec.jbb.JBBmain DoARun -> 信息:   started user thread for Warehouse 19
2月 15, 2026 8:07:00 下午 spec.jbb.JBBmain DoARun -> 信息:   started user thread for Warehouse 20
2月 15, 2026 8:07:00 下午 spec.jbb.JBBmain DoARun -> 信息:   started user thread for Warehouse 21
2月 15, 2026 8:07:00 下午 spec.jbb.JBBmain DoARun -> 信息:   started user thread for Warehouse 22
2月 15, 2026 8:07:00 下午 spec.jbb.JBBmain DoARun -> 信息:   started user thread for Warehouse 23
2月 15, 2026 8:07:00 下午 spec.jbb.JBBmain DoARun -> 信息:   started user thread for Warehouse 24
2月 15, 2026 8:07:00 下午 spec.jbb.JBBmain DoARun -> 信息:   started user thread for Warehouse 25
2月 15, 2026 8:07:00 下午 spec.jbb.JBBmain DoARun -> 信息:   started user thread for Warehouse 26
2月 15, 2026 8:07:00 下午 spec.jbb.JBBmain DoARun -> 信息:   started user thread for Warehouse 27
2月 15, 2026 8:07:00 下午 spec.jbb.JBBmain DoARun -> 信息:   started user thread for Warehouse 28
2月 15, 2026 8:07:00 下午 spec.jbb.JBBmain DoARun -> 信息:   started user thread for Warehouse 29
2月 15, 2026 8:07:00 下午 spec.jbb.JBBmain DoARun -> 信息:   started user thread for Warehouse 30
2月 15, 2026 8:07:00 下午 spec.jbb.JBBmain DoARun -> 信息:   started user thread for Warehouse 31
2月 15, 2026 8:07:00 下午 spec.jbb.JBBmain DoARun -> 信息:   started user thread for Warehouse 32
2月 15, 2026 8:07:00 下午 spec.jbb.JBBmain DoARun -> 信息:   started user thread for Warehouse 33
2月 15, 2026 8:07:00 下午 spec.jbb.JBBmain DoARun -> 信息:   started user thread for Warehouse 34
2月 15, 2026 8:07:00 下午 spec.jbb.JBBmain DoARun -> 信息:   started user thread for Warehouse 35
2月 15, 2026 8:07:00 下午 spec.jbb.JBBmain DoARun -> 信息:   started user thread for Warehouse 36
2月 15, 2026 8:07:00 下午 spec.jbb.JBBmain DoARun -> 信息:   started user thread for Warehouse 37
2月 15, 2026 8:07:00 下午 spec.jbb.JBBmain DoARun -> 信息:   started user thread for Warehouse 38
2月 15, 2026 8:07:00 下午 spec.jbb.JBBmain DoARun -> 信息:   started user thread for Warehouse 39
2月 15, 2026 8:07:00 下午 spec.jbb.JBBmain DoARun -> 信息:   started user thread for Warehouse 40
2月 15, 2026 8:07:00 下午 spec.jbb.JBBmain DoARun -> 信息:   started user thread for Warehouse 41
2月 15, 2026 8:07:00 下午 spec.jbb.JBBmain DoARun -> 信息:   started user thread for Warehouse 42
2月 15, 2026 8:07:00 下午 spec.jbb.JBBmain DoARun -> 信息:   started user thread for Warehouse 43
2月 15, 2026 8:07:00 下午 spec.jbb.JBBmain DoARun -> 信息:   started user thread for Warehouse 44
2月 15, 2026 8:07:00 下午 spec.jbb.JBBmain DoARun -> 信息:   started user thread for Warehouse 45
2月 15, 2026 8:07:00 下午 spec.jbb.JBBmain DoARun -> 信息:   started user thread for Warehouse 46
2月 15, 2026 8:07:00 下午 spec.jbb.JBBmain DoARun -> 信息:   started user thread for Warehouse 47
2月 15, 2026 8:07:00 下午 spec.jbb.JBBmain DoARun -> 信息:   started user thread for Warehouse 48
2月 15, 2026 8:07:00 下午 spec.jbb.JBBmain DoARun -> 信息:   started user thread for Warehouse 49
2月 15, 2026 8:07:00 下午 spec.jbb.JBBmain DoARun -> 信息:   started user thread for Warehouse 50
2月 15, 2026 8:07:00 下午 spec.jbb.JBBmain DoARun -> 信息:   started user thread for Warehouse 51
2月 15, 2026 8:07:00 下午 spec.jbb.JBBmain DoARun -> 信息:   started user thread for Warehouse 52
2月 15, 2026 8:07:00 下午 spec.jbb.JBBmain DoARun -> 信息:   started user thread for Warehouse 53
2月 15, 2026 8:07:00 下午 spec.jbb.JBBmain DoARun -> 信息:   started user thread for Warehouse 54
2月 15, 2026 8:07:00 下午 spec.jbb.JBBmain DoARun -> 信息:   started user thread for Warehouse 55
2月 15, 2026 8:07:00 下午 spec.jbb.JBBmain DoARun -> 信息:   started user thread for Warehouse 56
2月 15, 2026 8:07:00 下午 spec.jbb.JBBmain DoARun -> 信息:   started user thread for Warehouse 57
2月 15, 2026 8:07:00 下午 spec.jbb.JBBmain DoARun -> 信息:   started user thread for Warehouse 58
2月 15, 2026 8:07:00 下午 spec.jbb.JBBmain DoARun -> 信息:   started user thread for Warehouse 59
2月 15, 2026 8:07:00 下午 spec.jbb.JBBmain DoARun -> 信息:   started user thread for Warehouse 60
2月 15, 2026 8:07:00 下午 spec.jbb.JBBmain DoARun -> 信息:   started user thread for Warehouse 61
2月 15, 2026 8:07:00 下午 spec.jbb.JBBmain DoARun -> 信息:   started user thread for Warehouse 62
2月 15, 2026 8:07:00 下午 spec.jbb.JBBmain DoARun -> 信息:   started user thread for Warehouse 63
2月 15, 2026 8:07:00 下午 spec.jbb.JBBmain DoARun -> 信息:   started user thread for Warehouse 64
2月 15, 2026 8:07:00 下午 spec.jbb.JBBmain DoARun -> 信息:   started user thread for Warehouse 65
2月 15, 2026 8:07:00 下午 spec.jbb.JBBmain DoARun -> 信息:   started user thread for Warehouse 66
2月 15, 2026 8:07:00 下午 spec.jbb.JBBmain DoARun -> 信息:   started user thread for Warehouse 67
2月 15, 2026 8:07:00 下午 spec.jbb.JBBmain DoARun -> 信息:   started user thread for Warehouse 68
2月 15, 2026 8:07:00 下午 spec.jbb.JBBmain DoARun -> 信息:   started user thread for Warehouse 69
2月 15, 2026 8:07:00 下午 spec.jbb.JBBmain DoARun -> 信息:   started user thread for Warehouse 70
2月 15, 2026 8:07:00 下午 spec.jbb.JBBmain DoARun -> 信息:   started user thread for Warehouse 71
2月 15, 2026 8:07:00 下午 spec.jbb.JBBmain DoARun -> 信息:   started user thread for Warehouse 72
2月 15, 2026 8:07:00 下午 spec.jbb.JBBmain DoARun -> 信息:   started user thread for Warehouse 73
2月 15, 2026 8:07:00 下午 spec.jbb.JBBmain DoARun -> 信息:   started user thread for Warehouse 74
2月 15, 2026 8:07:00 下午 spec.jbb.JBBmain DoARun -> 信息:   started user thread for Warehouse 75
2月 15, 2026 8:07:00 下午 spec.jbb.JBBmain DoARun -> 信息:   started user thread for Warehouse 76
2月 15, 2026 8:07:00 下午 spec.jbb.Company displayResultTotals -> 信息: Timing Measurement began Sun Feb 15 20:07:00 CST 2026 for 4 minutes
2月 15, 2026 8:11:00 下午 spec.jbb.Company displayResultTotals -> 信息: Timing Measurement ended Sun Feb 15 20:11:00 CST 2026
2月 15, 2026 8:11:00 下午 spec.jbb.Company primeWithDummyData -> 信息: Loading Warehouse 77...
2月 15, 2026 8:11:00 下午 spec.jbb.JBBmain DoARun -> 信息: Start User Threads
2月 15, 2026 8:11:00 下午 spec.jbb.JBBmain DoARun -> 信息:   started user thread for Warehouse 1
2月 15, 2026 8:11:00 下午 spec.jbb.JBBmain DoARun -> 信息:   started user thread for Warehouse 2
2月 15, 2026 8:11:00 下午 spec.jbb.JBBmain DoARun -> 信息:   started user thread for Warehouse 3
2月 15, 2026 8:11:00 下午 spec.jbb.JBBmain DoARun -> 信息:   started user thread for Warehouse 4
2月 15, 2026 8:11:00 下午 spec.jbb.JBBmain DoARun -> 信息:   started user thread for Warehouse 5
2月 15, 2026 8:11:00 下午 spec.jbb.JBBmain DoARun -> 信息:   started user thread for Warehouse 6
2月 15, 2026 8:11:00 下午 spec.jbb.JBBmain DoARun -> 信息:   started user thread for Warehouse 7
2月 15, 2026 8:11:00 下午 spec.jbb.JBBmain DoARun -> 信息:   started user thread for Warehouse 8
2月 15, 2026 8:11:00 下午 spec.jbb.JBBmain DoARun -> 信息:   started user thread for Warehouse 9
2月 15, 2026 8:11:00 下午 spec.jbb.JBBmain DoARun -> 信息:   started user thread for Warehouse 10
2月 15, 2026 8:11:00 下午 spec.jbb.JBBmain DoARun -> 信息:   started user thread for Warehouse 11
2月 15, 2026 8:11:00 下午 spec.jbb.JBBmain DoARun -> 信息:   started user thread for Warehouse 12
2月 15, 2026 8:11:00 下午 spec.jbb.JBBmain DoARun -> 信息:   started user thread for Warehouse 13
2月 15, 2026 8:11:00 下午 spec.jbb.JBBmain DoARun -> 信息:   started user thread for Warehouse 14
2月 15, 2026 8:11:00 下午 spec.jbb.JBBmain DoARun -> 信息:   started user thread for Warehouse 15
2月 15, 2026 8:11:00 下午 spec.jbb.JBBmain DoARun -> 信息:   started user thread for Warehouse 16
2月 15, 2026 8:11:00 下午 spec.jbb.JBBmain DoARun -> 信息:   started user thread for Warehouse 17
2月 15, 2026 8:11:00 下午 spec.jbb.JBBmain DoARun -> 信息:   started user thread for Warehouse 18
2月 15, 2026 8:11:00 下午 spec.jbb.JBBmain DoARun -> 信息:   started user thread for Warehouse 19
2月 15, 2026 8:11:00 下午 spec.jbb.JBBmain DoARun -> 信息:   started user thread for Warehouse 20
2月 15, 2026 8:11:00 下午 spec.jbb.JBBmain DoARun -> 信息:   started user thread for Warehouse 21
2月 15, 2026 8:11:00 下午 spec.jbb.JBBmain DoARun -> 信息:   started user thread for Warehouse 22
2月 15, 2026 8:11:00 下午 spec.jbb.JBBmain DoARun -> 信息:   started user thread for Warehouse 23
2月 15, 2026 8:11:00 下午 spec.jbb.JBBmain DoARun -> 信息:   started user thread for Warehouse 24
2月 15, 2026 8:11:00 下午 spec.jbb.JBBmain DoARun -> 信息:   started user thread for Warehouse 25
2月 15, 2026 8:11:00 下午 spec.jbb.JBBmain DoARun -> 信息:   started user thread for Warehouse 26
2月 15, 2026 8:11:00 下午 spec.jbb.JBBmain DoARun -> 信息:   started user thread for Warehouse 27
2月 15, 2026 8:11:00 下午 spec.jbb.JBBmain DoARun -> 信息:   started user thread for Warehouse 28
2月 15, 2026 8:11:00 下午 spec.jbb.JBBmain DoARun -> 信息:   started user thread for Warehouse 29
2月 15, 2026 8:11:00 下午 spec.jbb.JBBmain DoARun -> 信息:   started user thread for Warehouse 30
2月 15, 2026 8:11:00 下午 spec.jbb.JBBmain DoARun -> 信息:   started user thread for Warehouse 31
2月 15, 2026 8:11:00 下午 spec.jbb.JBBmain DoARun -> 信息:   started user thread for Warehouse 32
2月 15, 2026 8:11:00 下午 spec.jbb.JBBmain DoARun -> 信息:   started user thread for Warehouse 33
2月 15, 2026 8:11:00 下午 spec.jbb.JBBmain DoARun -> 信息:   started user thread for Warehouse 34
2月 15, 2026 8:11:00 下午 spec.jbb.JBBmain DoARun -> 信息:   started user thread for Warehouse 35
2月 15, 2026 8:11:00 下午 spec.jbb.JBBmain DoARun -> 信息:   started user thread for Warehouse 36
2月 15, 2026 8:11:00 下午 spec.jbb.JBBmain DoARun -> 信息:   started user thread for Warehouse 37
2月 15, 2026 8:11:00 下午 spec.jbb.JBBmain DoARun -> 信息:   started user thread for Warehouse 38
2月 15, 2026 8:11:00 下午 spec.jbb.JBBmain DoARun -> 信息:   started user thread for Warehouse 39
2月 15, 2026 8:11:00 下午 spec.jbb.JBBmain DoARun -> 信息:   started user thread for Warehouse 40
2月 15, 2026 8:11:00 下午 spec.jbb.JBBmain DoARun -> 信息:   started user thread for Warehouse 41
2月 15, 2026 8:11:00 下午 spec.jbb.JBBmain DoARun -> 信息:   started user thread for Warehouse 42
2月 15, 2026 8:11:00 下午 spec.jbb.JBBmain DoARun -> 信息:   started user thread for Warehouse 43
2月 15, 2026 8:11:00 下午 spec.jbb.JBBmain DoARun -> 信息:   started user thread for Warehouse 44
2月 15, 2026 8:11:00 下午 spec.jbb.JBBmain DoARun -> 信息:   started user thread for Warehouse 45
2月 15, 2026 8:11:00 下午 spec.jbb.JBBmain DoARun -> 信息:   started user thread for Warehouse 46
2月 15, 2026 8:11:00 下午 spec.jbb.JBBmain DoARun -> 信息:   started user thread for Warehouse 47
2月 15, 2026 8:11:00 下午 spec.jbb.JBBmain DoARun -> 信息:   started user thread for Warehouse 48
2月 15, 2026 8:11:00 下午 spec.jbb.JBBmain DoARun -> 信息:   started user thread for Warehouse 49
2月 15, 2026 8:11:00 下午 spec.jbb.JBBmain DoARun -> 信息:   started user thread for Warehouse 50
2月 15, 2026 8:11:00 下午 spec.jbb.JBBmain DoARun -> 信息:   started user thread for Warehouse 51
2月 15, 2026 8:11:00 下午 spec.jbb.JBBmain DoARun -> 信息:   started user thread for Warehouse 52
2月 15, 2026 8:11:00 下午 spec.jbb.JBBmain DoARun -> 信息:   started user thread for Warehouse 53
2月 15, 2026 8:11:00 下午 spec.jbb.JBBmain DoARun -> 信息:   started user thread for Warehouse 54
2月 15, 2026 8:11:00 下午 spec.jbb.JBBmain DoARun -> 信息:   started user thread for Warehouse 55
2月 15, 2026 8:11:00 下午 spec.jbb.JBBmain DoARun -> 信息:   started user thread for Warehouse 56
2月 15, 2026 8:11:00 下午 spec.jbb.JBBmain DoARun -> 信息:   started user thread for Warehouse 57
2月 15, 2026 8:11:00 下午 spec.jbb.JBBmain DoARun -> 信息:   started user thread for Warehouse 58
2月 15, 2026 8:11:00 下午 spec.jbb.JBBmain DoARun -> 信息:   started user thread for Warehouse 59
2月 15, 2026 8:11:00 下午 spec.jbb.JBBmain DoARun -> 信息:   started user thread for Warehouse 60
2月 15, 2026 8:11:00 下午 spec.jbb.JBBmain DoARun -> 信息:   started user thread for Warehouse 61
2月 15, 2026 8:11:00 下午 spec.jbb.JBBmain DoARun -> 信息:   started user thread for Warehouse 62
2月 15, 2026 8:11:00 下午 spec.jbb.JBBmain DoARun -> 信息:   started user thread for Warehouse 63
2月 15, 2026 8:11:00 下午 spec.jbb.JBBmain DoARun -> 信息:   started user thread for Warehouse 64
2月 15, 2026 8:11:00 下午 spec.jbb.JBBmain DoARun -> 信息:   started user thread for Warehouse 65
2月 15, 2026 8:11:00 下午 spec.jbb.JBBmain DoARun -> 信息:   started user thread for Warehouse 66
2月 15, 2026 8:11:00 下午 spec.jbb.JBBmain DoARun -> 信息:   started user thread for Warehouse 67
2月 15, 2026 8:11:00 下午 spec.jbb.JBBmain DoARun -> 信息:   started user thread for Warehouse 68
2月 15, 2026 8:11:00 下午 spec.jbb.JBBmain DoARun -> 信息:   started user thread for Warehouse 69
2月 15, 2026 8:11:00 下午 spec.jbb.JBBmain DoARun -> 信息:   started user thread for Warehouse 70
2月 15, 2026 8:11:00 下午 spec.jbb.JBBmain DoARun -> 信息:   started user thread for Warehouse 71
2月 15, 2026 8:11:00 下午 spec.jbb.JBBmain DoARun -> 信息:   started user thread for Warehouse 72
2月 15, 2026 8:11:00 下午 spec.jbb.JBBmain DoARun -> 信息:   started user thread for Warehouse 73
2月 15, 2026 8:11:00 下午 spec.jbb.JBBmain DoARun -> 信息:   started user thread for Warehouse 74
2月 15, 2026 8:11:00 下午 spec.jbb.JBBmain DoARun -> 信息:   started user thread for Warehouse 75
2月 15, 2026 8:11:00 下午 spec.jbb.JBBmain DoARun -> 信息:   started user thread for Warehouse 76
2月 15, 2026 8:11:00 下午 spec.jbb.JBBmain DoARun -> 信息:   started user thread for Warehouse 77
2月 15, 2026 8:11:00 下午 spec.jbb.Company displayResultTotals -> 信息: Timing Measurement began Sun Feb 15 20:11:00 CST 2026 for 4 minutes
2月 15, 2026 8:15:00 下午 spec.jbb.Company displayResultTotals -> 信息: Timing Measurement ended Sun Feb 15 20:15:00 CST 2026
2月 15, 2026 8:15:00 下午 spec.jbb.Company primeWithDummyData -> 信息: Loading Warehouse 78...
2月 15, 2026 8:15:00 下午 spec.jbb.JBBmain DoARun -> 信息: Start User Threads
2月 15, 2026 8:15:00 下午 spec.jbb.JBBmain DoARun -> 信息:   started user thread for Warehouse 1
2月 15, 2026 8:15:00 下午 spec.jbb.JBBmain DoARun -> 信息:   started user thread for Warehouse 2
2月 15, 2026 8:15:00 下午 spec.jbb.JBBmain DoARun -> 信息:   started user thread for Warehouse 3
2月 15, 2026 8:15:00 下午 spec.jbb.JBBmain DoARun -> 信息:   started user thread for Warehouse 4
2月 15, 2026 8:15:00 下午 spec.jbb.JBBmain DoARun -> 信息:   started user thread for Warehouse 5
2月 15, 2026 8:15:00 下午 spec.jbb.JBBmain DoARun -> 信息:   started user thread for Warehouse 6
2月 15, 2026 8:15:00 下午 spec.jbb.JBBmain DoARun -> 信息:   started user thread for Warehouse 7
2月 15, 2026 8:15:00 下午 spec.jbb.JBBmain DoARun -> 信息:   started user thread for Warehouse 8
2月 15, 2026 8:15:00 下午 spec.jbb.JBBmain DoARun -> 信息:   started user thread for Warehouse 9
2月 15, 2026 8:15:00 下午 spec.jbb.JBBmain DoARun -> 信息:   started user thread for Warehouse 10
2月 15, 2026 8:15:00 下午 spec.jbb.JBBmain DoARun -> 信息:   started user thread for Warehouse 11
2月 15, 2026 8:15:00 下午 spec.jbb.JBBmain DoARun -> 信息:   started user thread for Warehouse 12
2月 15, 2026 8:15:00 下午 spec.jbb.JBBmain DoARun -> 信息:   started user thread for Warehouse 13
2月 15, 2026 8:15:00 下午 spec.jbb.JBBmain DoARun -> 信息:   started user thread for Warehouse 14
2月 15, 2026 8:15:00 下午 spec.jbb.JBBmain DoARun -> 信息:   started user thread for Warehouse 15
2月 15, 2026 8:15:00 下午 spec.jbb.JBBmain DoARun -> 信息:   started user thread for Warehouse 16
2月 15, 2026 8:15:00 下午 spec.jbb.JBBmain DoARun -> 信息:   started user thread for Warehouse 17
2月 15, 2026 8:15:00 下午 spec.jbb.JBBmain DoARun -> 信息:   started user thread for Warehouse 18
2月 15, 2026 8:15:00 下午 spec.jbb.JBBmain DoARun -> 信息:   started user thread for Warehouse 19
2月 15, 2026 8:15:00 下午 spec.jbb.JBBmain DoARun -> 信息:   started user thread for Warehouse 20
2月 15, 2026 8:15:00 下午 spec.jbb.JBBmain DoARun -> 信息:   started user thread for Warehouse 21
2月 15, 2026 8:15:00 下午 spec.jbb.JBBmain DoARun -> 信息:   started user thread for Warehouse 22
2月 15, 2026 8:15:00 下午 spec.jbb.JBBmain DoARun -> 信息:   started user thread for Warehouse 23
2月 15, 2026 8:15:00 下午 spec.jbb.JBBmain DoARun -> 信息:   started user thread for Warehouse 24
2月 15, 2026 8:15:00 下午 spec.jbb.JBBmain DoARun -> 信息:   started user thread for Warehouse 25
2月 15, 2026 8:15:00 下午 spec.jbb.JBBmain DoARun -> 信息:   started user thread for Warehouse 26
2月 15, 2026 8:15:00 下午 spec.jbb.JBBmain DoARun -> 信息:   started user thread for Warehouse 27
2月 15, 2026 8:15:00 下午 spec.jbb.JBBmain DoARun -> 信息:   started user thread for Warehouse 28
2月 15, 2026 8:15:00 下午 spec.jbb.JBBmain DoARun -> 信息:   started user thread for Warehouse 29
2月 15, 2026 8:15:00 下午 spec.jbb.JBBmain DoARun -> 信息:   started user thread for Warehouse 30
2月 15, 2026 8:15:00 下午 spec.jbb.JBBmain DoARun -> 信息:   started user thread for Warehouse 31
2月 15, 2026 8:15:00 下午 spec.jbb.JBBmain DoARun -> 信息:   started user thread for Warehouse 32
2月 15, 2026 8:15:00 下午 spec.jbb.JBBmain DoARun -> 信息:   started user thread for Warehouse 33
2月 15, 2026 8:15:00 下午 spec.jbb.JBBmain DoARun -> 信息:   started user thread for Warehouse 34
2月 15, 2026 8:15:00 下午 spec.jbb.JBBmain DoARun -> 信息:   started user thread for Warehouse 35
2月 15, 2026 8:15:00 下午 spec.jbb.JBBmain DoARun -> 信息:   started user thread for Warehouse 36
2月 15, 2026 8:15:00 下午 spec.jbb.JBBmain DoARun -> 信息:   started user thread for Warehouse 37
2月 15, 2026 8:15:00 下午 spec.jbb.JBBmain DoARun -> 信息:   started user thread for Warehouse 38
2月 15, 2026 8:15:00 下午 spec.jbb.JBBmain DoARun -> 信息:   started user thread for Warehouse 39
2月 15, 2026 8:15:00 下午 spec.jbb.JBBmain DoARun -> 信息:   started user thread for Warehouse 40
2月 15, 2026 8:15:00 下午 spec.jbb.JBBmain DoARun -> 信息:   started user thread for Warehouse 41
2月 15, 2026 8:15:00 下午 spec.jbb.JBBmain DoARun -> 信息:   started user thread for Warehouse 42
2月 15, 2026 8:15:00 下午 spec.jbb.JBBmain DoARun -> 信息:   started user thread for Warehouse 43
2月 15, 2026 8:15:00 下午 spec.jbb.JBBmain DoARun -> 信息:   started user thread for Warehouse 44
2月 15, 2026 8:15:00 下午 spec.jbb.JBBmain DoARun -> 信息:   started user thread for Warehouse 45
2月 15, 2026 8:15:00 下午 spec.jbb.JBBmain DoARun -> 信息:   started user thread for Warehouse 46
2月 15, 2026 8:15:00 下午 spec.jbb.JBBmain DoARun -> 信息:   started user thread for Warehouse 47
2月 15, 2026 8:15:00 下午 spec.jbb.JBBmain DoARun -> 信息:   started user thread for Warehouse 48
2月 15, 2026 8:15:00 下午 spec.jbb.JBBmain DoARun -> 信息:   started user thread for Warehouse 49
2月 15, 2026 8:15:00 下午 spec.jbb.JBBmain DoARun -> 信息:   started user thread for Warehouse 50
2月 15, 2026 8:15:00 下午 spec.jbb.JBBmain DoARun -> 信息:   started user thread for Warehouse 51
2月 15, 2026 8:15:00 下午 spec.jbb.JBBmain DoARun -> 信息:   started user thread for Warehouse 52
2月 15, 2026 8:15:00 下午 spec.jbb.JBBmain DoARun -> 信息:   started user thread for Warehouse 53
2月 15, 2026 8:15:00 下午 spec.jbb.JBBmain DoARun -> 信息:   started user thread for Warehouse 54
2月 15, 2026 8:15:00 下午 spec.jbb.JBBmain DoARun -> 信息:   started user thread for Warehouse 55
2月 15, 2026 8:15:00 下午 spec.jbb.JBBmain DoARun -> 信息:   started user thread for Warehouse 56
2月 15, 2026 8:15:00 下午 spec.jbb.JBBmain DoARun -> 信息:   started user thread for Warehouse 57
2月 15, 2026 8:15:00 下午 spec.jbb.JBBmain DoARun -> 信息:   started user thread for Warehouse 58
2月 15, 2026 8:15:00 下午 spec.jbb.JBBmain DoARun -> 信息:   started user thread for Warehouse 59
2月 15, 2026 8:15:00 下午 spec.jbb.JBBmain DoARun -> 信息:   started user thread for Warehouse 60
2月 15, 2026 8:15:00 下午 spec.jbb.JBBmain DoARun -> 信息:   started user thread for Warehouse 61
2月 15, 2026 8:15:00 下午 spec.jbb.JBBmain DoARun -> 信息:   started user thread for Warehouse 62
2月 15, 2026 8:15:00 下午 spec.jbb.JBBmain DoARun -> 信息:   started user thread for Warehouse 63
2月 15, 2026 8:15:00 下午 spec.jbb.JBBmain DoARun -> 信息:   started user thread for Warehouse 64
2月 15, 2026 8:15:00 下午 spec.jbb.JBBmain DoARun -> 信息:   started user thread for Warehouse 65
2月 15, 2026 8:15:00 下午 spec.jbb.JBBmain DoARun -> 信息:   started user thread for Warehouse 66
2月 15, 2026 8:15:00 下午 spec.jbb.JBBmain DoARun -> 信息:   started user thread for Warehouse 67
2月 15, 2026 8:15:00 下午 spec.jbb.JBBmain DoARun -> 信息:   started user thread for Warehouse 68
2月 15, 2026 8:15:00 下午 spec.jbb.JBBmain DoARun -> 信息:   started user thread for Warehouse 69
2月 15, 2026 8:15:00 下午 spec.jbb.JBBmain DoARun -> 信息:   started user thread for Warehouse 70
2月 15, 2026 8:15:00 下午 spec.jbb.JBBmain DoARun -> 信息:   started user thread for Warehouse 71
2月 15, 2026 8:15:00 下午 spec.jbb.JBBmain DoARun -> 信息:   started user thread for Warehouse 72
2月 15, 2026 8:15:00 下午 spec.jbb.JBBmain DoARun -> 信息:   started user thread for Warehouse 73
2月 15, 2026 8:15:00 下午 spec.jbb.JBBmain DoARun -> 信息:   started user thread for Warehouse 74
2月 15, 2026 8:15:00 下午 spec.jbb.JBBmain DoARun -> 信息:   started user thread for Warehouse 75
2月 15, 2026 8:15:00 下午 spec.jbb.JBBmain DoARun -> 信息:   started user thread for Warehouse 76
2月 15, 2026 8:15:00 下午 spec.jbb.JBBmain DoARun -> 信息:   started user thread for Warehouse 77
2月 15, 2026 8:15:00 下午 spec.jbb.JBBmain DoARun -> 信息:   started user thread for Warehouse 78
2月 15, 2026 8:15:00 下午 spec.jbb.Company displayResultTotals -> 信息: Timing Measurement began Sun Feb 15 20:15:00 CST 2026 for 4 minutes
2月 15, 2026 8:19:00 下午 spec.jbb.Company displayResultTotals -> 信息: Timing Measurement ended Sun Feb 15 20:19:00 CST 2026
2月 15, 2026 8:19:00 下午 spec.jbb.Company primeWithDummyData -> 信息: Loading Warehouse 79...
2月 15, 2026 8:19:00 下午 spec.jbb.JBBmain DoARun -> 信息: Start User Threads
2月 15, 2026 8:19:00 下午 spec.jbb.JBBmain DoARun -> 信息:   started user thread for Warehouse 1
2月 15, 2026 8:19:00 下午 spec.jbb.JBBmain DoARun -> 信息:   started user thread for Warehouse 2
2月 15, 2026 8:19:00 下午 spec.jbb.JBBmain DoARun -> 信息:   started user thread for Warehouse 3
2月 15, 2026 8:19:00 下午 spec.jbb.JBBmain DoARun -> 信息:   started user thread for Warehouse 4
2月 15, 2026 8:19:00 下午 spec.jbb.JBBmain DoARun -> 信息:   started user thread for Warehouse 5
2月 15, 2026 8:19:00 下午 spec.jbb.JBBmain DoARun -> 信息:   started user thread for Warehouse 6
2月 15, 2026 8:19:00 下午 spec.jbb.JBBmain DoARun -> 信息:   started user thread for Warehouse 7
2月 15, 2026 8:19:00 下午 spec.jbb.JBBmain DoARun -> 信息:   started user thread for Warehouse 8
2月 15, 2026 8:19:00 下午 spec.jbb.JBBmain DoARun -> 信息:   started user thread for Warehouse 9
2月 15, 2026 8:19:00 下午 spec.jbb.JBBmain DoARun -> 信息:   started user thread for Warehouse 10
2月 15, 2026 8:19:00 下午 spec.jbb.JBBmain DoARun -> 信息:   started user thread for Warehouse 11
2月 15, 2026 8:19:00 下午 spec.jbb.JBBmain DoARun -> 信息:   started user thread for Warehouse 12
2月 15, 2026 8:19:00 下午 spec.jbb.JBBmain DoARun -> 信息:   started user thread for Warehouse 13
2月 15, 2026 8:19:00 下午 spec.jbb.JBBmain DoARun -> 信息:   started user thread for Warehouse 14
2月 15, 2026 8:19:00 下午 spec.jbb.JBBmain DoARun -> 信息:   started user thread for Warehouse 15
2月 15, 2026 8:19:00 下午 spec.jbb.JBBmain DoARun -> 信息:   started user thread for Warehouse 16
2月 15, 2026 8:19:00 下午 spec.jbb.JBBmain DoARun -> 信息:   started user thread for Warehouse 17
2月 15, 2026 8:19:00 下午 spec.jbb.JBBmain DoARun -> 信息:   started user thread for Warehouse 18
2月 15, 2026 8:19:00 下午 spec.jbb.JBBmain DoARun -> 信息:   started user thread for Warehouse 19
2月 15, 2026 8:19:00 下午 spec.jbb.JBBmain DoARun -> 信息:   started user thread for Warehouse 20
2月 15, 2026 8:19:00 下午 spec.jbb.JBBmain DoARun -> 信息:   started user thread for Warehouse 21
2月 15, 2026 8:19:00 下午 spec.jbb.JBBmain DoARun -> 信息:   started user thread for Warehouse 22
2月 15, 2026 8:19:00 下午 spec.jbb.JBBmain DoARun -> 信息:   started user thread for Warehouse 23
2月 15, 2026 8:19:00 下午 spec.jbb.JBBmain DoARun -> 信息:   started user thread for Warehouse 24
2月 15, 2026 8:19:00 下午 spec.jbb.JBBmain DoARun -> 信息:   started user thread for Warehouse 25
2月 15, 2026 8:19:00 下午 spec.jbb.JBBmain DoARun -> 信息:   started user thread for Warehouse 26
2月 15, 2026 8:19:00 下午 spec.jbb.JBBmain DoARun -> 信息:   started user thread for Warehouse 27
2月 15, 2026 8:19:00 下午 spec.jbb.JBBmain DoARun -> 信息:   started user thread for Warehouse 28
2月 15, 2026 8:19:00 下午 spec.jbb.JBBmain DoARun -> 信息:   started user thread for Warehouse 29
2月 15, 2026 8:19:00 下午 spec.jbb.JBBmain DoARun -> 信息:   started user thread for Warehouse 30
2月 15, 2026 8:19:00 下午 spec.jbb.JBBmain DoARun -> 信息:   started user thread for Warehouse 31
2月 15, 2026 8:19:00 下午 spec.jbb.JBBmain DoARun -> 信息:   started user thread for Warehouse 32
2月 15, 2026 8:19:00 下午 spec.jbb.JBBmain DoARun -> 信息:   started user thread for Warehouse 33
2月 15, 2026 8:19:00 下午 spec.jbb.JBBmain DoARun -> 信息:   started user thread for Warehouse 34
2月 15, 2026 8:19:00 下午 spec.jbb.JBBmain DoARun -> 信息:   started user thread for Warehouse 35
2月 15, 2026 8:19:00 下午 spec.jbb.JBBmain DoARun -> 信息:   started user thread for Warehouse 36
2月 15, 2026 8:19:00 下午 spec.jbb.JBBmain DoARun -> 信息:   started user thread for Warehouse 37
2月 15, 2026 8:19:00 下午 spec.jbb.JBBmain DoARun -> 信息:   started user thread for Warehouse 38
2月 15, 2026 8:19:00 下午 spec.jbb.JBBmain DoARun -> 信息:   started user thread for Warehouse 39
2月 15, 2026 8:19:00 下午 spec.jbb.JBBmain DoARun -> 信息:   started user thread for Warehouse 40
2月 15, 2026 8:19:00 下午 spec.jbb.JBBmain DoARun -> 信息:   started user thread for Warehouse 41
2月 15, 2026 8:19:00 下午 spec.jbb.JBBmain DoARun -> 信息:   started user thread for Warehouse 42
2月 15, 2026 8:19:00 下午 spec.jbb.JBBmain DoARun -> 信息:   started user thread for Warehouse 43
2月 15, 2026 8:19:00 下午 spec.jbb.JBBmain DoARun -> 信息:   started user thread for Warehouse 44
2月 15, 2026 8:19:00 下午 spec.jbb.JBBmain DoARun -> 信息:   started user thread for Warehouse 45
2月 15, 2026 8:19:00 下午 spec.jbb.JBBmain DoARun -> 信息:   started user thread for Warehouse 46
2月 15, 2026 8:19:00 下午 spec.jbb.JBBmain DoARun -> 信息:   started user thread for Warehouse 47
2月 15, 2026 8:19:00 下午 spec.jbb.JBBmain DoARun -> 信息:   started user thread for Warehouse 48
2月 15, 2026 8:19:00 下午 spec.jbb.JBBmain DoARun -> 信息:   started user thread for Warehouse 49
2月 15, 2026 8:19:00 下午 spec.jbb.JBBmain DoARun -> 信息:   started user thread for Warehouse 50
2月 15, 2026 8:19:00 下午 spec.jbb.JBBmain DoARun -> 信息:   started user thread for Warehouse 51
2月 15, 2026 8:19:00 下午 spec.jbb.JBBmain DoARun -> 信息:   started user thread for Warehouse 52
2月 15, 2026 8:19:00 下午 spec.jbb.JBBmain DoARun -> 信息:   started user thread for Warehouse 53
2月 15, 2026 8:19:00 下午 spec.jbb.JBBmain DoARun -> 信息:   started user thread for Warehouse 54
2月 15, 2026 8:19:00 下午 spec.jbb.JBBmain DoARun -> 信息:   started user thread for Warehouse 55
2月 15, 2026 8:19:00 下午 spec.jbb.JBBmain DoARun -> 信息:   started user thread for Warehouse 56
2月 15, 2026 8:19:00 下午 spec.jbb.JBBmain DoARun -> 信息:   started user thread for Warehouse 57
2月 15, 2026 8:19:00 下午 spec.jbb.JBBmain DoARun -> 信息:   started user thread for Warehouse 58
2月 15, 2026 8:19:00 下午 spec.jbb.JBBmain DoARun -> 信息:   started user thread for Warehouse 59
2月 15, 2026 8:19:00 下午 spec.jbb.JBBmain DoARun -> 信息:   started user thread for Warehouse 60
2月 15, 2026 8:19:00 下午 spec.jbb.JBBmain DoARun -> 信息:   started user thread for Warehouse 61
2月 15, 2026 8:19:00 下午 spec.jbb.JBBmain DoARun -> 信息:   started user thread for Warehouse 62
2月 15, 2026 8:19:00 下午 spec.jbb.JBBmain DoARun -> 信息:   started user thread for Warehouse 63
2月 15, 2026 8:19:00 下午 spec.jbb.JBBmain DoARun -> 信息:   started user thread for Warehouse 64
2月 15, 2026 8:19:00 下午 spec.jbb.JBBmain DoARun -> 信息:   started user thread for Warehouse 65
2月 15, 2026 8:19:00 下午 spec.jbb.JBBmain DoARun -> 信息:   started user thread for Warehouse 66
2月 15, 2026 8:19:00 下午 spec.jbb.JBBmain DoARun -> 信息:   started user thread for Warehouse 67
2月 15, 2026 8:19:00 下午 spec.jbb.JBBmain DoARun -> 信息:   started user thread for Warehouse 68
2月 15, 2026 8:19:00 下午 spec.jbb.JBBmain DoARun -> 信息:   started user thread for Warehouse 69
2月 15, 2026 8:19:00 下午 spec.jbb.JBBmain DoARun -> 信息:   started user thread for Warehouse 70
2月 15, 2026 8:19:00 下午 spec.jbb.JBBmain DoARun -> 信息:   started user thread for Warehouse 71
2月 15, 2026 8:19:00 下午 spec.jbb.JBBmain DoARun -> 信息:   started user thread for Warehouse 72
2月 15, 2026 8:19:00 下午 spec.jbb.JBBmain DoARun -> 信息:   started user thread for Warehouse 73
2月 15, 2026 8:19:00 下午 spec.jbb.JBBmain DoARun -> 信息:   started user thread for Warehouse 74
2月 15, 2026 8:19:00 下午 spec.jbb.JBBmain DoARun -> 信息:   started user thread for Warehouse 75
2月 15, 2026 8:19:00 下午 spec.jbb.JBBmain DoARun -> 信息:   started user thread for Warehouse 76
2月 15, 2026 8:19:00 下午 spec.jbb.JBBmain DoARun -> 信息:   started user thread for Warehouse 77
2月 15, 2026 8:19:00 下午 spec.jbb.JBBmain DoARun -> 信息:   started user thread for Warehouse 78
2月 15, 2026 8:19:00 下午 spec.jbb.JBBmain DoARun -> 信息:   started user thread for Warehouse 79
2月 15, 2026 8:19:00 下午 spec.jbb.Company displayResultTotals -> 信息: Timing Measurement began Sun Feb 15 20:19:00 CST 2026 for 4 minutes
2月 15, 2026 8:23:00 下午 spec.jbb.Company displayResultTotals -> 信息: Timing Measurement ended Sun Feb 15 20:23:00 CST 2026
2月 15, 2026 8:23:00 下午 spec.jbb.Company primeWithDummyData -> 信息: Loading Warehouse 80...
2月 15, 2026 8:23:01 下午 spec.jbb.JBBmain DoARun -> 信息: Start User Threads
2月 15, 2026 8:23:01 下午 spec.jbb.JBBmain DoARun -> 信息:   started user thread for Warehouse 1
2月 15, 2026 8:23:01 下午 spec.jbb.JBBmain DoARun -> 信息:   started user thread for Warehouse 2
2月 15, 2026 8:23:01 下午 spec.jbb.JBBmain DoARun -> 信息:   started user thread for Warehouse 3
2月 15, 2026 8:23:01 下午 spec.jbb.JBBmain DoARun -> 信息:   started user thread for Warehouse 4
2月 15, 2026 8:23:01 下午 spec.jbb.JBBmain DoARun -> 信息:   started user thread for Warehouse 5
2月 15, 2026 8:23:01 下午 spec.jbb.JBBmain DoARun -> 信息:   started user thread for Warehouse 6
2月 15, 2026 8:23:01 下午 spec.jbb.JBBmain DoARun -> 信息:   started user thread for Warehouse 7
2月 15, 2026 8:23:01 下午 spec.jbb.JBBmain DoARun -> 信息:   started user thread for Warehouse 8
2月 15, 2026 8:23:01 下午 spec.jbb.JBBmain DoARun -> 信息:   started user thread for Warehouse 9
2月 15, 2026 8:23:01 下午 spec.jbb.JBBmain DoARun -> 信息:   started user thread for Warehouse 10
2月 15, 2026 8:23:01 下午 spec.jbb.JBBmain DoARun -> 信息:   started user thread for Warehouse 11
2月 15, 2026 8:23:01 下午 spec.jbb.JBBmain DoARun -> 信息:   started user thread for Warehouse 12
2月 15, 2026 8:23:01 下午 spec.jbb.JBBmain DoARun -> 信息:   started user thread for Warehouse 13
2月 15, 2026 8:23:01 下午 spec.jbb.JBBmain DoARun -> 信息:   started user thread for Warehouse 14
2月 15, 2026 8:23:01 下午 spec.jbb.JBBmain DoARun -> 信息:   started user thread for Warehouse 15
2月 15, 2026 8:23:01 下午 spec.jbb.JBBmain DoARun -> 信息:   started user thread for Warehouse 16
2月 15, 2026 8:23:01 下午 spec.jbb.JBBmain DoARun -> 信息:   started user thread for Warehouse 17
2月 15, 2026 8:23:01 下午 spec.jbb.JBBmain DoARun -> 信息:   started user thread for Warehouse 18
2月 15, 2026 8:23:01 下午 spec.jbb.JBBmain DoARun -> 信息:   started user thread for Warehouse 19
2月 15, 2026 8:23:01 下午 spec.jbb.JBBmain DoARun -> 信息:   started user thread for Warehouse 20
2月 15, 2026 8:23:01 下午 spec.jbb.JBBmain DoARun -> 信息:   started user thread for Warehouse 21
2月 15, 2026 8:23:01 下午 spec.jbb.JBBmain DoARun -> 信息:   started user thread for Warehouse 22
2月 15, 2026 8:23:01 下午 spec.jbb.JBBmain DoARun -> 信息:   started user thread for Warehouse 23
2月 15, 2026 8:23:01 下午 spec.jbb.JBBmain DoARun -> 信息:   started user thread for Warehouse 24
2月 15, 2026 8:23:01 下午 spec.jbb.JBBmain DoARun -> 信息:   started user thread for Warehouse 25
2月 15, 2026 8:23:01 下午 spec.jbb.JBBmain DoARun -> 信息:   started user thread for Warehouse 26
2月 15, 2026 8:23:01 下午 spec.jbb.JBBmain DoARun -> 信息:   started user thread for Warehouse 27
2月 15, 2026 8:23:01 下午 spec.jbb.JBBmain DoARun -> 信息:   started user thread for Warehouse 28
2月 15, 2026 8:23:01 下午 spec.jbb.JBBmain DoARun -> 信息:   started user thread for Warehouse 29
2月 15, 2026 8:23:01 下午 spec.jbb.JBBmain DoARun -> 信息:   started user thread for Warehouse 30
2月 15, 2026 8:23:01 下午 spec.jbb.JBBmain DoARun -> 信息:   started user thread for Warehouse 31
2月 15, 2026 8:23:01 下午 spec.jbb.JBBmain DoARun -> 信息:   started user thread for Warehouse 32
2月 15, 2026 8:23:01 下午 spec.jbb.JBBmain DoARun -> 信息:   started user thread for Warehouse 33
2月 15, 2026 8:23:01 下午 spec.jbb.JBBmain DoARun -> 信息:   started user thread for Warehouse 34
2月 15, 2026 8:23:01 下午 spec.jbb.JBBmain DoARun -> 信息:   started user thread for Warehouse 35
2月 15, 2026 8:23:01 下午 spec.jbb.JBBmain DoARun -> 信息:   started user thread for Warehouse 36
2月 15, 2026 8:23:01 下午 spec.jbb.JBBmain DoARun -> 信息:   started user thread for Warehouse 37
2月 15, 2026 8:23:01 下午 spec.jbb.JBBmain DoARun -> 信息:   started user thread for Warehouse 38
2月 15, 2026 8:23:01 下午 spec.jbb.JBBmain DoARun -> 信息:   started user thread for Warehouse 39
2月 15, 2026 8:23:01 下午 spec.jbb.JBBmain DoARun -> 信息:   started user thread for Warehouse 40
2月 15, 2026 8:23:01 下午 spec.jbb.JBBmain DoARun -> 信息:   started user thread for Warehouse 41
2月 15, 2026 8:23:01 下午 spec.jbb.JBBmain DoARun -> 信息:   started user thread for Warehouse 42
2月 15, 2026 8:23:01 下午 spec.jbb.JBBmain DoARun -> 信息:   started user thread for Warehouse 43
2月 15, 2026 8:23:01 下午 spec.jbb.JBBmain DoARun -> 信息:   started user thread for Warehouse 44
2月 15, 2026 8:23:01 下午 spec.jbb.JBBmain DoARun -> 信息:   started user thread for Warehouse 45
2月 15, 2026 8:23:01 下午 spec.jbb.JBBmain DoARun -> 信息:   started user thread for Warehouse 46
2月 15, 2026 8:23:01 下午 spec.jbb.JBBmain DoARun -> 信息:   started user thread for Warehouse 47
2月 15, 2026 8:23:01 下午 spec.jbb.JBBmain DoARun -> 信息:   started user thread for Warehouse 48
2月 15, 2026 8:23:01 下午 spec.jbb.JBBmain DoARun -> 信息:   started user thread for Warehouse 49
2月 15, 2026 8:23:01 下午 spec.jbb.JBBmain DoARun -> 信息:   started user thread for Warehouse 50
2月 15, 2026 8:23:01 下午 spec.jbb.JBBmain DoARun -> 信息:   started user thread for Warehouse 51
2月 15, 2026 8:23:01 下午 spec.jbb.JBBmain DoARun -> 信息:   started user thread for Warehouse 52
2月 15, 2026 8:23:01 下午 spec.jbb.JBBmain DoARun -> 信息:   started user thread for Warehouse 53
2月 15, 2026 8:23:01 下午 spec.jbb.JBBmain DoARun -> 信息:   started user thread for Warehouse 54
2月 15, 2026 8:23:01 下午 spec.jbb.JBBmain DoARun -> 信息:   started user thread for Warehouse 55
2月 15, 2026 8:23:01 下午 spec.jbb.JBBmain DoARun -> 信息:   started user thread for Warehouse 56
2月 15, 2026 8:23:01 下午 spec.jbb.JBBmain DoARun -> 信息:   started user thread for Warehouse 57
2月 15, 2026 8:23:01 下午 spec.jbb.JBBmain DoARun -> 信息:   started user thread for Warehouse 58
2月 15, 2026 8:23:01 下午 spec.jbb.JBBmain DoARun -> 信息:   started user thread for Warehouse 59
2月 15, 2026 8:23:01 下午 spec.jbb.JBBmain DoARun -> 信息:   started user thread for Warehouse 60
2月 15, 2026 8:23:01 下午 spec.jbb.JBBmain DoARun -> 信息:   started user thread for Warehouse 61
2月 15, 2026 8:23:01 下午 spec.jbb.JBBmain DoARun -> 信息:   started user thread for Warehouse 62
2月 15, 2026 8:23:01 下午 spec.jbb.JBBmain DoARun -> 信息:   started user thread for Warehouse 63
2月 15, 2026 8:23:01 下午 spec.jbb.JBBmain DoARun -> 信息:   started user thread for Warehouse 64
2月 15, 2026 8:23:01 下午 spec.jbb.JBBmain DoARun -> 信息:   started user thread for Warehouse 65
2月 15, 2026 8:23:01 下午 spec.jbb.JBBmain DoARun -> 信息:   started user thread for Warehouse 66
2月 15, 2026 8:23:01 下午 spec.jbb.JBBmain DoARun -> 信息:   started user thread for Warehouse 67
2月 15, 2026 8:23:01 下午 spec.jbb.JBBmain DoARun -> 信息:   started user thread for Warehouse 68
2月 15, 2026 8:23:01 下午 spec.jbb.JBBmain DoARun -> 信息:   started user thread for Warehouse 69
2月 15, 2026 8:23:01 下午 spec.jbb.JBBmain DoARun -> 信息:   started user thread for Warehouse 70
2月 15, 2026 8:23:01 下午 spec.jbb.JBBmain DoARun -> 信息:   started user thread for Warehouse 71
2月 15, 2026 8:23:01 下午 spec.jbb.JBBmain DoARun -> 信息:   started user thread for Warehouse 72
2月 15, 2026 8:23:01 下午 spec.jbb.JBBmain DoARun -> 信息:   started user thread for Warehouse 73
2月 15, 2026 8:23:01 下午 spec.jbb.JBBmain DoARun -> 信息:   started user thread for Warehouse 74
2月 15, 2026 8:23:01 下午 spec.jbb.JBBmain DoARun -> 信息:   started user thread for Warehouse 75
2月 15, 2026 8:23:01 下午 spec.jbb.JBBmain DoARun -> 信息:   started user thread for Warehouse 76
2月 15, 2026 8:23:01 下午 spec.jbb.JBBmain DoARun -> 信息:   started user thread for Warehouse 77
2月 15, 2026 8:23:01 下午 spec.jbb.JBBmain DoARun -> 信息:   started user thread for Warehouse 78
2月 15, 2026 8:23:01 下午 spec.jbb.JBBmain DoARun -> 信息:   started user thread for Warehouse 79
2月 15, 2026 8:23:01 下午 spec.jbb.JBBmain DoARun -> 信息:   started user thread for Warehouse 80
2月 15, 2026 8:23:01 下午 spec.jbb.Company displayResultTotals -> 信息: Timing Measurement began Sun Feb 15 20:23:01 CST 2026 for 4 minutes
2月 15, 2026 8:27:01 下午 spec.jbb.Company displayResultTotals -> 信息: Timing Measurement ended Sun Feb 15 20:27:01 CST 2026
2月 15, 2026 8:27:01 下午 spec.jbb.Company primeWithDummyData -> 信息: Loading Warehouse 81...
2月 15, 2026 8:27:01 下午 spec.jbb.JBBmain DoARun -> 信息: Start User Threads
2月 15, 2026 8:27:01 下午 spec.jbb.JBBmain DoARun -> 信息:   started user thread for Warehouse 1
2月 15, 2026 8:27:01 下午 spec.jbb.JBBmain DoARun -> 信息:   started user thread for Warehouse 2
2月 15, 2026 8:27:01 下午 spec.jbb.JBBmain DoARun -> 信息:   started user thread for Warehouse 3
2月 15, 2026 8:27:01 下午 spec.jbb.JBBmain DoARun -> 信息:   started user thread for Warehouse 4
2月 15, 2026 8:27:01 下午 spec.jbb.JBBmain DoARun -> 信息:   started user thread for Warehouse 5
2月 15, 2026 8:27:01 下午 spec.jbb.JBBmain DoARun -> 信息:   started user thread for Warehouse 6
2月 15, 2026 8:27:01 下午 spec.jbb.JBBmain DoARun -> 信息:   started user thread for Warehouse 7
2月 15, 2026 8:27:01 下午 spec.jbb.JBBmain DoARun -> 信息:   started user thread for Warehouse 8
2月 15, 2026 8:27:01 下午 spec.jbb.JBBmain DoARun -> 信息:   started user thread for Warehouse 9
2月 15, 2026 8:27:01 下午 spec.jbb.JBBmain DoARun -> 信息:   started user thread for Warehouse 10
2月 15, 2026 8:27:01 下午 spec.jbb.JBBmain DoARun -> 信息:   started user thread for Warehouse 11
2月 15, 2026 8:27:01 下午 spec.jbb.JBBmain DoARun -> 信息:   started user thread for Warehouse 12
2月 15, 2026 8:27:01 下午 spec.jbb.JBBmain DoARun -> 信息:   started user thread for Warehouse 13
2月 15, 2026 8:27:01 下午 spec.jbb.JBBmain DoARun -> 信息:   started user thread for Warehouse 14
2月 15, 2026 8:27:01 下午 spec.jbb.JBBmain DoARun -> 信息:   started user thread for Warehouse 15
2月 15, 2026 8:27:01 下午 spec.jbb.JBBmain DoARun -> 信息:   started user thread for Warehouse 16
2月 15, 2026 8:27:01 下午 spec.jbb.JBBmain DoARun -> 信息:   started user thread for Warehouse 17
2月 15, 2026 8:27:01 下午 spec.jbb.JBBmain DoARun -> 信息:   started user thread for Warehouse 18
2月 15, 2026 8:27:01 下午 spec.jbb.JBBmain DoARun -> 信息:   started user thread for Warehouse 19
2月 15, 2026 8:27:01 下午 spec.jbb.JBBmain DoARun -> 信息:   started user thread for Warehouse 20
2月 15, 2026 8:27:01 下午 spec.jbb.JBBmain DoARun -> 信息:   started user thread for Warehouse 21
2月 15, 2026 8:27:01 下午 spec.jbb.JBBmain DoARun -> 信息:   started user thread for Warehouse 22
2月 15, 2026 8:27:01 下午 spec.jbb.JBBmain DoARun -> 信息:   started user thread for Warehouse 23
2月 15, 2026 8:27:01 下午 spec.jbb.JBBmain DoARun -> 信息:   started user thread for Warehouse 24
2月 15, 2026 8:27:01 下午 spec.jbb.JBBmain DoARun -> 信息:   started user thread for Warehouse 25
2月 15, 2026 8:27:01 下午 spec.jbb.JBBmain DoARun -> 信息:   started user thread for Warehouse 26
2月 15, 2026 8:27:01 下午 spec.jbb.JBBmain DoARun -> 信息:   started user thread for Warehouse 27
2月 15, 2026 8:27:01 下午 spec.jbb.JBBmain DoARun -> 信息:   started user thread for Warehouse 28
2月 15, 2026 8:27:01 下午 spec.jbb.JBBmain DoARun -> 信息:   started user thread for Warehouse 29
2月 15, 2026 8:27:01 下午 spec.jbb.JBBmain DoARun -> 信息:   started user thread for Warehouse 30
2月 15, 2026 8:27:01 下午 spec.jbb.JBBmain DoARun -> 信息:   started user thread for Warehouse 31
2月 15, 2026 8:27:01 下午 spec.jbb.JBBmain DoARun -> 信息:   started user thread for Warehouse 32
2月 15, 2026 8:27:01 下午 spec.jbb.JBBmain DoARun -> 信息:   started user thread for Warehouse 33
2月 15, 2026 8:27:01 下午 spec.jbb.JBBmain DoARun -> 信息:   started user thread for Warehouse 34
2月 15, 2026 8:27:01 下午 spec.jbb.JBBmain DoARun -> 信息:   started user thread for Warehouse 35
2月 15, 2026 8:27:01 下午 spec.jbb.JBBmain DoARun -> 信息:   started user thread for Warehouse 36
2月 15, 2026 8:27:01 下午 spec.jbb.JBBmain DoARun -> 信息:   started user thread for Warehouse 37
2月 15, 2026 8:27:01 下午 spec.jbb.JBBmain DoARun -> 信息:   started user thread for Warehouse 38
2月 15, 2026 8:27:01 下午 spec.jbb.JBBmain DoARun -> 信息:   started user thread for Warehouse 39
2月 15, 2026 8:27:01 下午 spec.jbb.JBBmain DoARun -> 信息:   started user thread for Warehouse 40
2月 15, 2026 8:27:01 下午 spec.jbb.JBBmain DoARun -> 信息:   started user thread for Warehouse 41
2月 15, 2026 8:27:01 下午 spec.jbb.JBBmain DoARun -> 信息:   started user thread for Warehouse 42
2月 15, 2026 8:27:01 下午 spec.jbb.JBBmain DoARun -> 信息:   started user thread for Warehouse 43
2月 15, 2026 8:27:01 下午 spec.jbb.JBBmain DoARun -> 信息:   started user thread for Warehouse 44
2月 15, 2026 8:27:01 下午 spec.jbb.JBBmain DoARun -> 信息:   started user thread for Warehouse 45
2月 15, 2026 8:27:01 下午 spec.jbb.JBBmain DoARun -> 信息:   started user thread for Warehouse 46
2月 15, 2026 8:27:01 下午 spec.jbb.JBBmain DoARun -> 信息:   started user thread for Warehouse 47
2月 15, 2026 8:27:01 下午 spec.jbb.JBBmain DoARun -> 信息:   started user thread for Warehouse 48
2月 15, 2026 8:27:01 下午 spec.jbb.JBBmain DoARun -> 信息:   started user thread for Warehouse 49
2月 15, 2026 8:27:01 下午 spec.jbb.JBBmain DoARun -> 信息:   started user thread for Warehouse 50
2月 15, 2026 8:27:01 下午 spec.jbb.JBBmain DoARun -> 信息:   started user thread for Warehouse 51
2月 15, 2026 8:27:01 下午 spec.jbb.JBBmain DoARun -> 信息:   started user thread for Warehouse 52
2月 15, 2026 8:27:01 下午 spec.jbb.JBBmain DoARun -> 信息:   started user thread for Warehouse 53
2月 15, 2026 8:27:01 下午 spec.jbb.JBBmain DoARun -> 信息:   started user thread for Warehouse 54
2月 15, 2026 8:27:01 下午 spec.jbb.JBBmain DoARun -> 信息:   started user thread for Warehouse 55
2月 15, 2026 8:27:01 下午 spec.jbb.JBBmain DoARun -> 信息:   started user thread for Warehouse 56
2月 15, 2026 8:27:01 下午 spec.jbb.JBBmain DoARun -> 信息:   started user thread for Warehouse 57
2月 15, 2026 8:27:01 下午 spec.jbb.JBBmain DoARun -> 信息:   started user thread for Warehouse 58
2月 15, 2026 8:27:01 下午 spec.jbb.JBBmain DoARun -> 信息:   started user thread for Warehouse 59
2月 15, 2026 8:27:01 下午 spec.jbb.JBBmain DoARun -> 信息:   started user thread for Warehouse 60
2月 15, 2026 8:27:01 下午 spec.jbb.JBBmain DoARun -> 信息:   started user thread for Warehouse 61
2月 15, 2026 8:27:01 下午 spec.jbb.JBBmain DoARun -> 信息:   started user thread for Warehouse 62
2月 15, 2026 8:27:01 下午 spec.jbb.JBBmain DoARun -> 信息:   started user thread for Warehouse 63
2月 15, 2026 8:27:01 下午 spec.jbb.JBBmain DoARun -> 信息:   started user thread for Warehouse 64
2月 15, 2026 8:27:01 下午 spec.jbb.JBBmain DoARun -> 信息:   started user thread for Warehouse 65
2月 15, 2026 8:27:01 下午 spec.jbb.JBBmain DoARun -> 信息:   started user thread for Warehouse 66
2月 15, 2026 8:27:01 下午 spec.jbb.JBBmain DoARun -> 信息:   started user thread for Warehouse 67
2月 15, 2026 8:27:01 下午 spec.jbb.JBBmain DoARun -> 信息:   started user thread for Warehouse 68
2月 15, 2026 8:27:01 下午 spec.jbb.JBBmain DoARun -> 信息:   started user thread for Warehouse 69
2月 15, 2026 8:27:01 下午 spec.jbb.JBBmain DoARun -> 信息:   started user thread for Warehouse 70
2月 15, 2026 8:27:01 下午 spec.jbb.JBBmain DoARun -> 信息:   started user thread for Warehouse 71
2月 15, 2026 8:27:01 下午 spec.jbb.JBBmain DoARun -> 信息:   started user thread for Warehouse 72
2月 15, 2026 8:27:01 下午 spec.jbb.JBBmain DoARun -> 信息:   started user thread for Warehouse 73
2月 15, 2026 8:27:01 下午 spec.jbb.JBBmain DoARun -> 信息:   started user thread for Warehouse 74
2月 15, 2026 8:27:01 下午 spec.jbb.JBBmain DoARun -> 信息:   started user thread for Warehouse 75
2月 15, 2026 8:27:01 下午 spec.jbb.JBBmain DoARun -> 信息:   started user thread for Warehouse 76
2月 15, 2026 8:27:01 下午 spec.jbb.JBBmain DoARun -> 信息:   started user thread for Warehouse 77
2月 15, 2026 8:27:01 下午 spec.jbb.JBBmain DoARun -> 信息:   started user thread for Warehouse 78
2月 15, 2026 8:27:01 下午 spec.jbb.JBBmain DoARun -> 信息:   started user thread for Warehouse 79
2月 15, 2026 8:27:01 下午 spec.jbb.JBBmain DoARun -> 信息:   started user thread for Warehouse 80
2月 15, 2026 8:27:01 下午 spec.jbb.JBBmain DoARun -> 信息:   started user thread for Warehouse 81
2月 15, 2026 8:27:01 下午 spec.jbb.Company displayResultTotals -> 信息: Timing Measurement began Sun Feb 15 20:27:01 CST 2026 for 4 minutes
2月 15, 2026 8:31:01 下午 spec.jbb.Company displayResultTotals -> 信息: Timing Measurement ended Sun Feb 15 20:31:01 CST 2026
2月 15, 2026 8:31:01 下午 spec.jbb.Company primeWithDummyData -> 信息: Loading Warehouse 82...
2月 15, 2026 8:31:01 下午 spec.jbb.JBBmain DoARun -> 信息: Start User Threads
2月 15, 2026 8:31:01 下午 spec.jbb.JBBmain DoARun -> 信息:   started user thread for Warehouse 1
2月 15, 2026 8:31:01 下午 spec.jbb.JBBmain DoARun -> 信息:   started user thread for Warehouse 2
2月 15, 2026 8:31:01 下午 spec.jbb.JBBmain DoARun -> 信息:   started user thread for Warehouse 3
2月 15, 2026 8:31:01 下午 spec.jbb.JBBmain DoARun -> 信息:   started user thread for Warehouse 4
2月 15, 2026 8:31:01 下午 spec.jbb.JBBmain DoARun -> 信息:   started user thread for Warehouse 5
2月 15, 2026 8:31:01 下午 spec.jbb.JBBmain DoARun -> 信息:   started user thread for Warehouse 6
2月 15, 2026 8:31:01 下午 spec.jbb.JBBmain DoARun -> 信息:   started user thread for Warehouse 7
2月 15, 2026 8:31:01 下午 spec.jbb.JBBmain DoARun -> 信息:   started user thread for Warehouse 8
2月 15, 2026 8:31:01 下午 spec.jbb.JBBmain DoARun -> 信息:   started user thread for Warehouse 9
2月 15, 2026 8:31:01 下午 spec.jbb.JBBmain DoARun -> 信息:   started user thread for Warehouse 10
2月 15, 2026 8:31:01 下午 spec.jbb.JBBmain DoARun -> 信息:   started user thread for Warehouse 11
2月 15, 2026 8:31:01 下午 spec.jbb.JBBmain DoARun -> 信息:   started user thread for Warehouse 12
2月 15, 2026 8:31:01 下午 spec.jbb.JBBmain DoARun -> 信息:   started user thread for Warehouse 13
2月 15, 2026 8:31:01 下午 spec.jbb.JBBmain DoARun -> 信息:   started user thread for Warehouse 14
2月 15, 2026 8:31:01 下午 spec.jbb.JBBmain DoARun -> 信息:   started user thread for Warehouse 15
2月 15, 2026 8:31:01 下午 spec.jbb.JBBmain DoARun -> 信息:   started user thread for Warehouse 16
2月 15, 2026 8:31:01 下午 spec.jbb.JBBmain DoARun -> 信息:   started user thread for Warehouse 17
2月 15, 2026 8:31:01 下午 spec.jbb.JBBmain DoARun -> 信息:   started user thread for Warehouse 18
2月 15, 2026 8:31:01 下午 spec.jbb.JBBmain DoARun -> 信息:   started user thread for Warehouse 19
2月 15, 2026 8:31:01 下午 spec.jbb.JBBmain DoARun -> 信息:   started user thread for Warehouse 20
2月 15, 2026 8:31:01 下午 spec.jbb.JBBmain DoARun -> 信息:   started user thread for Warehouse 21
2月 15, 2026 8:31:01 下午 spec.jbb.JBBmain DoARun -> 信息:   started user thread for Warehouse 22
2月 15, 2026 8:31:01 下午 spec.jbb.JBBmain DoARun -> 信息:   started user thread for Warehouse 23
2月 15, 2026 8:31:01 下午 spec.jbb.JBBmain DoARun -> 信息:   started user thread for Warehouse 24
2月 15, 2026 8:31:01 下午 spec.jbb.JBBmain DoARun -> 信息:   started user thread for Warehouse 25
2月 15, 2026 8:31:01 下午 spec.jbb.JBBmain DoARun -> 信息:   started user thread for Warehouse 26
2月 15, 2026 8:31:01 下午 spec.jbb.JBBmain DoARun -> 信息:   started user thread for Warehouse 27
2月 15, 2026 8:31:01 下午 spec.jbb.JBBmain DoARun -> 信息:   started user thread for Warehouse 28
2月 15, 2026 8:31:01 下午 spec.jbb.JBBmain DoARun -> 信息:   started user thread for Warehouse 29
2月 15, 2026 8:31:01 下午 spec.jbb.JBBmain DoARun -> 信息:   started user thread for Warehouse 30
2月 15, 2026 8:31:01 下午 spec.jbb.JBBmain DoARun -> 信息:   started user thread for Warehouse 31
2月 15, 2026 8:31:01 下午 spec.jbb.JBBmain DoARun -> 信息:   started user thread for Warehouse 32
2月 15, 2026 8:31:01 下午 spec.jbb.JBBmain DoARun -> 信息:   started user thread for Warehouse 33
2月 15, 2026 8:31:01 下午 spec.jbb.JBBmain DoARun -> 信息:   started user thread for Warehouse 34
2月 15, 2026 8:31:01 下午 spec.jbb.JBBmain DoARun -> 信息:   started user thread for Warehouse 35
2月 15, 2026 8:31:01 下午 spec.jbb.JBBmain DoARun -> 信息:   started user thread for Warehouse 36
2月 15, 2026 8:31:01 下午 spec.jbb.JBBmain DoARun -> 信息:   started user thread for Warehouse 37
2月 15, 2026 8:31:01 下午 spec.jbb.JBBmain DoARun -> 信息:   started user thread for Warehouse 38
2月 15, 2026 8:31:01 下午 spec.jbb.JBBmain DoARun -> 信息:   started user thread for Warehouse 39
2月 15, 2026 8:31:01 下午 spec.jbb.JBBmain DoARun -> 信息:   started user thread for Warehouse 40
2月 15, 2026 8:31:01 下午 spec.jbb.JBBmain DoARun -> 信息:   started user thread for Warehouse 41
2月 15, 2026 8:31:01 下午 spec.jbb.JBBmain DoARun -> 信息:   started user thread for Warehouse 42
2月 15, 2026 8:31:01 下午 spec.jbb.JBBmain DoARun -> 信息:   started user thread for Warehouse 43
2月 15, 2026 8:31:01 下午 spec.jbb.JBBmain DoARun -> 信息:   started user thread for Warehouse 44
2月 15, 2026 8:31:01 下午 spec.jbb.JBBmain DoARun -> 信息:   started user thread for Warehouse 45
2月 15, 2026 8:31:01 下午 spec.jbb.JBBmain DoARun -> 信息:   started user thread for Warehouse 46
2月 15, 2026 8:31:01 下午 spec.jbb.JBBmain DoARun -> 信息:   started user thread for Warehouse 47
2月 15, 2026 8:31:01 下午 spec.jbb.JBBmain DoARun -> 信息:   started user thread for Warehouse 48
2月 15, 2026 8:31:01 下午 spec.jbb.JBBmain DoARun -> 信息:   started user thread for Warehouse 49
2月 15, 2026 8:31:01 下午 spec.jbb.JBBmain DoARun -> 信息:   started user thread for Warehouse 50
2月 15, 2026 8:31:01 下午 spec.jbb.JBBmain DoARun -> 信息:   started user thread for Warehouse 51
2月 15, 2026 8:31:01 下午 spec.jbb.JBBmain DoARun -> 信息:   started user thread for Warehouse 52
2月 15, 2026 8:31:01 下午 spec.jbb.JBBmain DoARun -> 信息:   started user thread for Warehouse 53
2月 15, 2026 8:31:01 下午 spec.jbb.JBBmain DoARun -> 信息:   started user thread for Warehouse 54
2月 15, 2026 8:31:01 下午 spec.jbb.JBBmain DoARun -> 信息:   started user thread for Warehouse 55
2月 15, 2026 8:31:01 下午 spec.jbb.JBBmain DoARun -> 信息:   started user thread for Warehouse 56
2月 15, 2026 8:31:01 下午 spec.jbb.JBBmain DoARun -> 信息:   started user thread for Warehouse 57
2月 15, 2026 8:31:01 下午 spec.jbb.JBBmain DoARun -> 信息:   started user thread for Warehouse 58
2月 15, 2026 8:31:01 下午 spec.jbb.JBBmain DoARun -> 信息:   started user thread for Warehouse 59
2月 15, 2026 8:31:01 下午 spec.jbb.JBBmain DoARun -> 信息:   started user thread for Warehouse 60
2月 15, 2026 8:31:01 下午 spec.jbb.JBBmain DoARun -> 信息:   started user thread for Warehouse 61
2月 15, 2026 8:31:01 下午 spec.jbb.JBBmain DoARun -> 信息:   started user thread for Warehouse 62
2月 15, 2026 8:31:01 下午 spec.jbb.JBBmain DoARun -> 信息:   started user thread for Warehouse 63
2月 15, 2026 8:31:01 下午 spec.jbb.JBBmain DoARun -> 信息:   started user thread for Warehouse 64
2月 15, 2026 8:31:01 下午 spec.jbb.JBBmain DoARun -> 信息:   started user thread for Warehouse 65
2月 15, 2026 8:31:01 下午 spec.jbb.JBBmain DoARun -> 信息:   started user thread for Warehouse 66
2月 15, 2026 8:31:01 下午 spec.jbb.JBBmain DoARun -> 信息:   started user thread for Warehouse 67
2月 15, 2026 8:31:01 下午 spec.jbb.JBBmain DoARun -> 信息:   started user thread for Warehouse 68
2月 15, 2026 8:31:01 下午 spec.jbb.JBBmain DoARun -> 信息:   started user thread for Warehouse 69
2月 15, 2026 8:31:01 下午 spec.jbb.JBBmain DoARun -> 信息:   started user thread for Warehouse 70
2月 15, 2026 8:31:01 下午 spec.jbb.JBBmain DoARun -> 信息:   started user thread for Warehouse 71
2月 15, 2026 8:31:01 下午 spec.jbb.JBBmain DoARun -> 信息:   started user thread for Warehouse 72
2月 15, 2026 8:31:01 下午 spec.jbb.JBBmain DoARun -> 信息:   started user thread for Warehouse 73
2月 15, 2026 8:31:01 下午 spec.jbb.JBBmain DoARun -> 信息:   started user thread for Warehouse 74
2月 15, 2026 8:31:01 下午 spec.jbb.JBBmain DoARun -> 信息:   started user thread for Warehouse 75
2月 15, 2026 8:31:01 下午 spec.jbb.JBBmain DoARun -> 信息:   started user thread for Warehouse 76
2月 15, 2026 8:31:01 下午 spec.jbb.JBBmain DoARun -> 信息:   started user thread for Warehouse 77
2月 15, 2026 8:31:01 下午 spec.jbb.JBBmain DoARun -> 信息:   started user thread for Warehouse 78
2月 15, 2026 8:31:01 下午 spec.jbb.JBBmain DoARun -> 信息:   started user thread for Warehouse 79
2月 15, 2026 8:31:01 下午 spec.jbb.JBBmain DoARun -> 信息:   started user thread for Warehouse 80
2月 15, 2026 8:31:01 下午 spec.jbb.JBBmain DoARun -> 信息:   started user thread for Warehouse 81
2月 15, 2026 8:31:01 下午 spec.jbb.JBBmain DoARun -> 信息:   started user thread for Warehouse 82
2月 15, 2026 8:31:01 下午 spec.jbb.Company displayResultTotals -> 信息: Timing Measurement began Sun Feb 15 20:31:01 CST 2026 for 4 minutes
2月 15, 2026 8:35:01 下午 spec.jbb.Company displayResultTotals -> 信息: Timing Measurement ended Sun Feb 15 20:35:01 CST 2026
2月 15, 2026 8:35:01 下午 spec.jbb.Company primeWithDummyData -> 信息: Loading Warehouse 83...
2月 15, 2026 8:35:01 下午 spec.jbb.JBBmain DoARun -> 信息: Start User Threads
2月 15, 2026 8:35:01 下午 spec.jbb.JBBmain DoARun -> 信息:   started user thread for Warehouse 1
2月 15, 2026 8:35:01 下午 spec.jbb.JBBmain DoARun -> 信息:   started user thread for Warehouse 2
2月 15, 2026 8:35:01 下午 spec.jbb.JBBmain DoARun -> 信息:   started user thread for Warehouse 3
2月 15, 2026 8:35:01 下午 spec.jbb.JBBmain DoARun -> 信息:   started user thread for Warehouse 4
2月 15, 2026 8:35:01 下午 spec.jbb.JBBmain DoARun -> 信息:   started user thread for Warehouse 5
2月 15, 2026 8:35:01 下午 spec.jbb.JBBmain DoARun -> 信息:   started user thread for Warehouse 6
2月 15, 2026 8:35:01 下午 spec.jbb.JBBmain DoARun -> 信息:   started user thread for Warehouse 7
2月 15, 2026 8:35:01 下午 spec.jbb.JBBmain DoARun -> 信息:   started user thread for Warehouse 8
2月 15, 2026 8:35:01 下午 spec.jbb.JBBmain DoARun -> 信息:   started user thread for Warehouse 9
2月 15, 2026 8:35:01 下午 spec.jbb.JBBmain DoARun -> 信息:   started user thread for Warehouse 10
2月 15, 2026 8:35:01 下午 spec.jbb.JBBmain DoARun -> 信息:   started user thread for Warehouse 11
2月 15, 2026 8:35:01 下午 spec.jbb.JBBmain DoARun -> 信息:   started user thread for Warehouse 12
2月 15, 2026 8:35:01 下午 spec.jbb.JBBmain DoARun -> 信息:   started user thread for Warehouse 13
2月 15, 2026 8:35:01 下午 spec.jbb.JBBmain DoARun -> 信息:   started user thread for Warehouse 14
2月 15, 2026 8:35:01 下午 spec.jbb.JBBmain DoARun -> 信息:   started user thread for Warehouse 15
2月 15, 2026 8:35:01 下午 spec.jbb.JBBmain DoARun -> 信息:   started user thread for Warehouse 16
2月 15, 2026 8:35:01 下午 spec.jbb.JBBmain DoARun -> 信息:   started user thread for Warehouse 17
2月 15, 2026 8:35:01 下午 spec.jbb.JBBmain DoARun -> 信息:   started user thread for Warehouse 18
2月 15, 2026 8:35:01 下午 spec.jbb.JBBmain DoARun -> 信息:   started user thread for Warehouse 19
2月 15, 2026 8:35:01 下午 spec.jbb.JBBmain DoARun -> 信息:   started user thread for Warehouse 20
2月 15, 2026 8:35:01 下午 spec.jbb.JBBmain DoARun -> 信息:   started user thread for Warehouse 21
2月 15, 2026 8:35:01 下午 spec.jbb.JBBmain DoARun -> 信息:   started user thread for Warehouse 22
2月 15, 2026 8:35:01 下午 spec.jbb.JBBmain DoARun -> 信息:   started user thread for Warehouse 23
2月 15, 2026 8:35:01 下午 spec.jbb.JBBmain DoARun -> 信息:   started user thread for Warehouse 24
2月 15, 2026 8:35:01 下午 spec.jbb.JBBmain DoARun -> 信息:   started user thread for Warehouse 25
2月 15, 2026 8:35:01 下午 spec.jbb.JBBmain DoARun -> 信息:   started user thread for Warehouse 26
2月 15, 2026 8:35:01 下午 spec.jbb.JBBmain DoARun -> 信息:   started user thread for Warehouse 27
2月 15, 2026 8:35:01 下午 spec.jbb.JBBmain DoARun -> 信息:   started user thread for Warehouse 28
2月 15, 2026 8:35:01 下午 spec.jbb.JBBmain DoARun -> 信息:   started user thread for Warehouse 29
2月 15, 2026 8:35:01 下午 spec.jbb.JBBmain DoARun -> 信息:   started user thread for Warehouse 30
2月 15, 2026 8:35:01 下午 spec.jbb.JBBmain DoARun -> 信息:   started user thread for Warehouse 31
2月 15, 2026 8:35:01 下午 spec.jbb.JBBmain DoARun -> 信息:   started user thread for Warehouse 32
2月 15, 2026 8:35:01 下午 spec.jbb.JBBmain DoARun -> 信息:   started user thread for Warehouse 33
2月 15, 2026 8:35:01 下午 spec.jbb.JBBmain DoARun -> 信息:   started user thread for Warehouse 34
2月 15, 2026 8:35:01 下午 spec.jbb.JBBmain DoARun -> 信息:   started user thread for Warehouse 35
2月 15, 2026 8:35:01 下午 spec.jbb.JBBmain DoARun -> 信息:   started user thread for Warehouse 36
2月 15, 2026 8:35:01 下午 spec.jbb.JBBmain DoARun -> 信息:   started user thread for Warehouse 37
2月 15, 2026 8:35:01 下午 spec.jbb.JBBmain DoARun -> 信息:   started user thread for Warehouse 38
2月 15, 2026 8:35:01 下午 spec.jbb.JBBmain DoARun -> 信息:   started user thread for Warehouse 39
2月 15, 2026 8:35:01 下午 spec.jbb.JBBmain DoARun -> 信息:   started user thread for Warehouse 40
2月 15, 2026 8:35:01 下午 spec.jbb.JBBmain DoARun -> 信息:   started user thread for Warehouse 41
2月 15, 2026 8:35:01 下午 spec.jbb.JBBmain DoARun -> 信息:   started user thread for Warehouse 42
2月 15, 2026 8:35:01 下午 spec.jbb.JBBmain DoARun -> 信息:   started user thread for Warehouse 43
2月 15, 2026 8:35:01 下午 spec.jbb.JBBmain DoARun -> 信息:   started user thread for Warehouse 44
2月 15, 2026 8:35:01 下午 spec.jbb.JBBmain DoARun -> 信息:   started user thread for Warehouse 45
2月 15, 2026 8:35:01 下午 spec.jbb.JBBmain DoARun -> 信息:   started user thread for Warehouse 46
2月 15, 2026 8:35:01 下午 spec.jbb.JBBmain DoARun -> 信息:   started user thread for Warehouse 47
2月 15, 2026 8:35:01 下午 spec.jbb.JBBmain DoARun -> 信息:   started user thread for Warehouse 48
2月 15, 2026 8:35:01 下午 spec.jbb.JBBmain DoARun -> 信息:   started user thread for Warehouse 49
2月 15, 2026 8:35:01 下午 spec.jbb.JBBmain DoARun -> 信息:   started user thread for Warehouse 50
2月 15, 2026 8:35:01 下午 spec.jbb.JBBmain DoARun -> 信息:   started user thread for Warehouse 51
2月 15, 2026 8:35:01 下午 spec.jbb.JBBmain DoARun -> 信息:   started user thread for Warehouse 52
2月 15, 2026 8:35:01 下午 spec.jbb.JBBmain DoARun -> 信息:   started user thread for Warehouse 53
2月 15, 2026 8:35:01 下午 spec.jbb.JBBmain DoARun -> 信息:   started user thread for Warehouse 54
2月 15, 2026 8:35:01 下午 spec.jbb.JBBmain DoARun -> 信息:   started user thread for Warehouse 55
2月 15, 2026 8:35:01 下午 spec.jbb.JBBmain DoARun -> 信息:   started user thread for Warehouse 56
2月 15, 2026 8:35:01 下午 spec.jbb.JBBmain DoARun -> 信息:   started user thread for Warehouse 57
2月 15, 2026 8:35:01 下午 spec.jbb.JBBmain DoARun -> 信息:   started user thread for Warehouse 58
2月 15, 2026 8:35:01 下午 spec.jbb.JBBmain DoARun -> 信息:   started user thread for Warehouse 59
2月 15, 2026 8:35:01 下午 spec.jbb.JBBmain DoARun -> 信息:   started user thread for Warehouse 60
2月 15, 2026 8:35:01 下午 spec.jbb.JBBmain DoARun -> 信息:   started user thread for Warehouse 61
2月 15, 2026 8:35:01 下午 spec.jbb.JBBmain DoARun -> 信息:   started user thread for Warehouse 62
2月 15, 2026 8:35:01 下午 spec.jbb.JBBmain DoARun -> 信息:   started user thread for Warehouse 63
2月 15, 2026 8:35:01 下午 spec.jbb.JBBmain DoARun -> 信息:   started user thread for Warehouse 64
2月 15, 2026 8:35:01 下午 spec.jbb.JBBmain DoARun -> 信息:   started user thread for Warehouse 65
2月 15, 2026 8:35:01 下午 spec.jbb.JBBmain DoARun -> 信息:   started user thread for Warehouse 66
2月 15, 2026 8:35:01 下午 spec.jbb.JBBmain DoARun -> 信息:   started user thread for Warehouse 67
2月 15, 2026 8:35:01 下午 spec.jbb.JBBmain DoARun -> 信息:   started user thread for Warehouse 68
2月 15, 2026 8:35:01 下午 spec.jbb.JBBmain DoARun -> 信息:   started user thread for Warehouse 69
2月 15, 2026 8:35:01 下午 spec.jbb.JBBmain DoARun -> 信息:   started user thread for Warehouse 70
2月 15, 2026 8:35:01 下午 spec.jbb.JBBmain DoARun -> 信息:   started user thread for Warehouse 71
2月 15, 2026 8:35:01 下午 spec.jbb.JBBmain DoARun -> 信息:   started user thread for Warehouse 72
2月 15, 2026 8:35:01 下午 spec.jbb.JBBmain DoARun -> 信息:   started user thread for Warehouse 73
2月 15, 2026 8:35:01 下午 spec.jbb.JBBmain DoARun -> 信息:   started user thread for Warehouse 74
2月 15, 2026 8:35:01 下午 spec.jbb.JBBmain DoARun -> 信息:   started user thread for Warehouse 75
2月 15, 2026 8:35:01 下午 spec.jbb.JBBmain DoARun -> 信息:   started user thread for Warehouse 76
2月 15, 2026 8:35:01 下午 spec.jbb.JBBmain DoARun -> 信息:   started user thread for Warehouse 77
2月 15, 2026 8:35:01 下午 spec.jbb.JBBmain DoARun -> 信息:   started user thread for Warehouse 78
2月 15, 2026 8:35:01 下午 spec.jbb.JBBmain DoARun -> 信息:   started user thread for Warehouse 79
2月 15, 2026 8:35:01 下午 spec.jbb.JBBmain DoARun -> 信息:   started user thread for Warehouse 80
2月 15, 2026 8:35:01 下午 spec.jbb.JBBmain DoARun -> 信息:   started user thread for Warehouse 81
2月 15, 2026 8:35:01 下午 spec.jbb.JBBmain DoARun -> 信息:   started user thread for Warehouse 82
2月 15, 2026 8:35:01 下午 spec.jbb.JBBmain DoARun -> 信息:   started user thread for Warehouse 83
2月 15, 2026 8:35:01 下午 spec.jbb.Company displayResultTotals -> 信息: Timing Measurement began Sun Feb 15 20:35:01 CST 2026 for 4 minutes
2月 15, 2026 8:39:01 下午 spec.jbb.Company displayResultTotals -> 信息: Timing Measurement ended Sun Feb 15 20:39:01 CST 2026
2月 15, 2026 8:39:01 下午 spec.jbb.Company primeWithDummyData -> 信息: Loading Warehouse 84...
2月 15, 2026 8:39:02 下午 spec.jbb.JBBmain DoARun -> 信息: Start User Threads
2月 15, 2026 8:39:02 下午 spec.jbb.JBBmain DoARun -> 信息:   started user thread for Warehouse 1
2月 15, 2026 8:39:02 下午 spec.jbb.JBBmain DoARun -> 信息:   started user thread for Warehouse 2
2月 15, 2026 8:39:02 下午 spec.jbb.JBBmain DoARun -> 信息:   started user thread for Warehouse 3
2月 15, 2026 8:39:02 下午 spec.jbb.JBBmain DoARun -> 信息:   started user thread for Warehouse 4
2月 15, 2026 8:39:02 下午 spec.jbb.JBBmain DoARun -> 信息:   started user thread for Warehouse 5
2月 15, 2026 8:39:02 下午 spec.jbb.JBBmain DoARun -> 信息:   started user thread for Warehouse 6
2月 15, 2026 8:39:02 下午 spec.jbb.JBBmain DoARun -> 信息:   started user thread for Warehouse 7
2月 15, 2026 8:39:02 下午 spec.jbb.JBBmain DoARun -> 信息:   started user thread for Warehouse 8
2月 15, 2026 8:39:02 下午 spec.jbb.JBBmain DoARun -> 信息:   started user thread for Warehouse 9
2月 15, 2026 8:39:02 下午 spec.jbb.JBBmain DoARun -> 信息:   started user thread for Warehouse 10
2月 15, 2026 8:39:02 下午 spec.jbb.JBBmain DoARun -> 信息:   started user thread for Warehouse 11
2月 15, 2026 8:39:02 下午 spec.jbb.JBBmain DoARun -> 信息:   started user thread for Warehouse 12
2月 15, 2026 8:39:02 下午 spec.jbb.JBBmain DoARun -> 信息:   started user thread for Warehouse 13
2月 15, 2026 8:39:02 下午 spec.jbb.JBBmain DoARun -> 信息:   started user thread for Warehouse 14
2月 15, 2026 8:39:02 下午 spec.jbb.JBBmain DoARun -> 信息:   started user thread for Warehouse 15
2月 15, 2026 8:39:02 下午 spec.jbb.JBBmain DoARun -> 信息:   started user thread for Warehouse 16
2月 15, 2026 8:39:02 下午 spec.jbb.JBBmain DoARun -> 信息:   started user thread for Warehouse 17
2月 15, 2026 8:39:02 下午 spec.jbb.JBBmain DoARun -> 信息:   started user thread for Warehouse 18
2月 15, 2026 8:39:02 下午 spec.jbb.JBBmain DoARun -> 信息:   started user thread for Warehouse 19
2月 15, 2026 8:39:02 下午 spec.jbb.JBBmain DoARun -> 信息:   started user thread for Warehouse 20
2月 15, 2026 8:39:02 下午 spec.jbb.JBBmain DoARun -> 信息:   started user thread for Warehouse 21
2月 15, 2026 8:39:02 下午 spec.jbb.JBBmain DoARun -> 信息:   started user thread for Warehouse 22
2月 15, 2026 8:39:02 下午 spec.jbb.JBBmain DoARun -> 信息:   started user thread for Warehouse 23
2月 15, 2026 8:39:02 下午 spec.jbb.JBBmain DoARun -> 信息:   started user thread for Warehouse 24
2月 15, 2026 8:39:02 下午 spec.jbb.JBBmain DoARun -> 信息:   started user thread for Warehouse 25
2月 15, 2026 8:39:02 下午 spec.jbb.JBBmain DoARun -> 信息:   started user thread for Warehouse 26
2月 15, 2026 8:39:02 下午 spec.jbb.JBBmain DoARun -> 信息:   started user thread for Warehouse 27
2月 15, 2026 8:39:02 下午 spec.jbb.JBBmain DoARun -> 信息:   started user thread for Warehouse 28
2月 15, 2026 8:39:02 下午 spec.jbb.JBBmain DoARun -> 信息:   started user thread for Warehouse 29
2月 15, 2026 8:39:02 下午 spec.jbb.JBBmain DoARun -> 信息:   started user thread for Warehouse 30
2月 15, 2026 8:39:02 下午 spec.jbb.JBBmain DoARun -> 信息:   started user thread for Warehouse 31
2月 15, 2026 8:39:02 下午 spec.jbb.JBBmain DoARun -> 信息:   started user thread for Warehouse 32
2月 15, 2026 8:39:02 下午 spec.jbb.JBBmain DoARun -> 信息:   started user thread for Warehouse 33
2月 15, 2026 8:39:02 下午 spec.jbb.JBBmain DoARun -> 信息:   started user thread for Warehouse 34
2月 15, 2026 8:39:02 下午 spec.jbb.JBBmain DoARun -> 信息:   started user thread for Warehouse 35
2月 15, 2026 8:39:02 下午 spec.jbb.JBBmain DoARun -> 信息:   started user thread for Warehouse 36
2月 15, 2026 8:39:02 下午 spec.jbb.JBBmain DoARun -> 信息:   started user thread for Warehouse 37
2月 15, 2026 8:39:02 下午 spec.jbb.JBBmain DoARun -> 信息:   started user thread for Warehouse 38
2月 15, 2026 8:39:02 下午 spec.jbb.JBBmain DoARun -> 信息:   started user thread for Warehouse 39
2月 15, 2026 8:39:02 下午 spec.jbb.JBBmain DoARun -> 信息:   started user thread for Warehouse 40
2月 15, 2026 8:39:02 下午 spec.jbb.JBBmain DoARun -> 信息:   started user thread for Warehouse 41
2月 15, 2026 8:39:02 下午 spec.jbb.JBBmain DoARun -> 信息:   started user thread for Warehouse 42
2月 15, 2026 8:39:02 下午 spec.jbb.JBBmain DoARun -> 信息:   started user thread for Warehouse 43
2月 15, 2026 8:39:02 下午 spec.jbb.JBBmain DoARun -> 信息:   started user thread for Warehouse 44
2月 15, 2026 8:39:02 下午 spec.jbb.JBBmain DoARun -> 信息:   started user thread for Warehouse 45
2月 15, 2026 8:39:02 下午 spec.jbb.JBBmain DoARun -> 信息:   started user thread for Warehouse 46
2月 15, 2026 8:39:02 下午 spec.jbb.JBBmain DoARun -> 信息:   started user thread for Warehouse 47
2月 15, 2026 8:39:02 下午 spec.jbb.JBBmain DoARun -> 信息:   started user thread for Warehouse 48
2月 15, 2026 8:39:02 下午 spec.jbb.JBBmain DoARun -> 信息:   started user thread for Warehouse 49
2月 15, 2026 8:39:02 下午 spec.jbb.JBBmain DoARun -> 信息:   started user thread for Warehouse 50
2月 15, 2026 8:39:02 下午 spec.jbb.JBBmain DoARun -> 信息:   started user thread for Warehouse 51
2月 15, 2026 8:39:02 下午 spec.jbb.JBBmain DoARun -> 信息:   started user thread for Warehouse 52
2月 15, 2026 8:39:02 下午 spec.jbb.JBBmain DoARun -> 信息:   started user thread for Warehouse 53
2月 15, 2026 8:39:02 下午 spec.jbb.JBBmain DoARun -> 信息:   started user thread for Warehouse 54
2月 15, 2026 8:39:02 下午 spec.jbb.JBBmain DoARun -> 信息:   started user thread for Warehouse 55
2月 15, 2026 8:39:02 下午 spec.jbb.JBBmain DoARun -> 信息:   started user thread for Warehouse 56
2月 15, 2026 8:39:02 下午 spec.jbb.JBBmain DoARun -> 信息:   started user thread for Warehouse 57
2月 15, 2026 8:39:02 下午 spec.jbb.JBBmain DoARun -> 信息:   started user thread for Warehouse 58
2月 15, 2026 8:39:02 下午 spec.jbb.JBBmain DoARun -> 信息:   started user thread for Warehouse 59
2月 15, 2026 8:39:02 下午 spec.jbb.JBBmain DoARun -> 信息:   started user thread for Warehouse 60
2月 15, 2026 8:39:02 下午 spec.jbb.JBBmain DoARun -> 信息:   started user thread for Warehouse 61
2月 15, 2026 8:39:02 下午 spec.jbb.JBBmain DoARun -> 信息:   started user thread for Warehouse 62
2月 15, 2026 8:39:02 下午 spec.jbb.JBBmain DoARun -> 信息:   started user thread for Warehouse 63
2月 15, 2026 8:39:02 下午 spec.jbb.JBBmain DoARun -> 信息:   started user thread for Warehouse 64
2月 15, 2026 8:39:02 下午 spec.jbb.JBBmain DoARun -> 信息:   started user thread for Warehouse 65
2月 15, 2026 8:39:02 下午 spec.jbb.JBBmain DoARun -> 信息:   started user thread for Warehouse 66
2月 15, 2026 8:39:02 下午 spec.jbb.JBBmain DoARun -> 信息:   started user thread for Warehouse 67
2月 15, 2026 8:39:02 下午 spec.jbb.JBBmain DoARun -> 信息:   started user thread for Warehouse 68
2月 15, 2026 8:39:02 下午 spec.jbb.JBBmain DoARun -> 信息:   started user thread for Warehouse 69
2月 15, 2026 8:39:02 下午 spec.jbb.JBBmain DoARun -> 信息:   started user thread for Warehouse 70
2月 15, 2026 8:39:02 下午 spec.jbb.JBBmain DoARun -> 信息:   started user thread for Warehouse 71
2月 15, 2026 8:39:02 下午 spec.jbb.JBBmain DoARun -> 信息:   started user thread for Warehouse 72
2月 15, 2026 8:39:02 下午 spec.jbb.JBBmain DoARun -> 信息:   started user thread for Warehouse 73
2月 15, 2026 8:39:02 下午 spec.jbb.JBBmain DoARun -> 信息:   started user thread for Warehouse 74
2月 15, 2026 8:39:02 下午 spec.jbb.JBBmain DoARun -> 信息:   started user thread for Warehouse 75
2月 15, 2026 8:39:02 下午 spec.jbb.JBBmain DoARun -> 信息:   started user thread for Warehouse 76
2月 15, 2026 8:39:02 下午 spec.jbb.JBBmain DoARun -> 信息:   started user thread for Warehouse 77
2月 15, 2026 8:39:02 下午 spec.jbb.JBBmain DoARun -> 信息:   started user thread for Warehouse 78
2月 15, 2026 8:39:02 下午 spec.jbb.JBBmain DoARun -> 信息:   started user thread for Warehouse 79
2月 15, 2026 8:39:02 下午 spec.jbb.JBBmain DoARun -> 信息:   started user thread for Warehouse 80
2月 15, 2026 8:39:02 下午 spec.jbb.JBBmain DoARun -> 信息:   started user thread for Warehouse 81
2月 15, 2026 8:39:02 下午 spec.jbb.JBBmain DoARun -> 信息:   started user thread for Warehouse 82
2月 15, 2026 8:39:02 下午 spec.jbb.JBBmain DoARun -> 信息:   started user thread for Warehouse 83
2月 15, 2026 8:39:02 下午 spec.jbb.JBBmain DoARun -> 信息:   started user thread for Warehouse 84
2月 15, 2026 8:39:02 下午 spec.jbb.Company displayResultTotals -> 信息: Timing Measurement began Sun Feb 15 20:39:02 CST 2026 for 4 minutes
2月 15, 2026 8:43:02 下午 spec.jbb.Company displayResultTotals -> 信息: Timing Measurement ended Sun Feb 15 20:43:02 CST 2026
2月 15, 2026 8:43:02 下午 spec.jbb.Company primeWithDummyData -> 信息: Loading Warehouse 85...
2月 15, 2026 8:43:02 下午 spec.jbb.JBBmain DoARun -> 信息: Start User Threads
2月 15, 2026 8:43:02 下午 spec.jbb.JBBmain DoARun -> 信息:   started user thread for Warehouse 1
2月 15, 2026 8:43:02 下午 spec.jbb.JBBmain DoARun -> 信息:   started user thread for Warehouse 2
2月 15, 2026 8:43:02 下午 spec.jbb.JBBmain DoARun -> 信息:   started user thread for Warehouse 3
2月 15, 2026 8:43:02 下午 spec.jbb.JBBmain DoARun -> 信息:   started user thread for Warehouse 4
2月 15, 2026 8:43:02 下午 spec.jbb.JBBmain DoARun -> 信息:   started user thread for Warehouse 5
2月 15, 2026 8:43:02 下午 spec.jbb.JBBmain DoARun -> 信息:   started user thread for Warehouse 6
2月 15, 2026 8:43:02 下午 spec.jbb.JBBmain DoARun -> 信息:   started user thread for Warehouse 7
2月 15, 2026 8:43:02 下午 spec.jbb.JBBmain DoARun -> 信息:   started user thread for Warehouse 8
2月 15, 2026 8:43:02 下午 spec.jbb.JBBmain DoARun -> 信息:   started user thread for Warehouse 9
2月 15, 2026 8:43:02 下午 spec.jbb.JBBmain DoARun -> 信息:   started user thread for Warehouse 10
2月 15, 2026 8:43:02 下午 spec.jbb.JBBmain DoARun -> 信息:   started user thread for Warehouse 11
2月 15, 2026 8:43:02 下午 spec.jbb.JBBmain DoARun -> 信息:   started user thread for Warehouse 12
2月 15, 2026 8:43:02 下午 spec.jbb.JBBmain DoARun -> 信息:   started user thread for Warehouse 13
2月 15, 2026 8:43:02 下午 spec.jbb.JBBmain DoARun -> 信息:   started user thread for Warehouse 14
2月 15, 2026 8:43:02 下午 spec.jbb.JBBmain DoARun -> 信息:   started user thread for Warehouse 15
2月 15, 2026 8:43:02 下午 spec.jbb.JBBmain DoARun -> 信息:   started user thread for Warehouse 16
2月 15, 2026 8:43:02 下午 spec.jbb.JBBmain DoARun -> 信息:   started user thread for Warehouse 17
2月 15, 2026 8:43:02 下午 spec.jbb.JBBmain DoARun -> 信息:   started user thread for Warehouse 18
2月 15, 2026 8:43:02 下午 spec.jbb.JBBmain DoARun -> 信息:   started user thread for Warehouse 19
2月 15, 2026 8:43:02 下午 spec.jbb.JBBmain DoARun -> 信息:   started user thread for Warehouse 20
2月 15, 2026 8:43:02 下午 spec.jbb.JBBmain DoARun -> 信息:   started user thread for Warehouse 21
2月 15, 2026 8:43:02 下午 spec.jbb.JBBmain DoARun -> 信息:   started user thread for Warehouse 22
2月 15, 2026 8:43:02 下午 spec.jbb.JBBmain DoARun -> 信息:   started user thread for Warehouse 23
2月 15, 2026 8:43:02 下午 spec.jbb.JBBmain DoARun -> 信息:   started user thread for Warehouse 24
2月 15, 2026 8:43:02 下午 spec.jbb.JBBmain DoARun -> 信息:   started user thread for Warehouse 25
2月 15, 2026 8:43:02 下午 spec.jbb.JBBmain DoARun -> 信息:   started user thread for Warehouse 26
2月 15, 2026 8:43:02 下午 spec.jbb.JBBmain DoARun -> 信息:   started user thread for Warehouse 27
2月 15, 2026 8:43:02 下午 spec.jbb.JBBmain DoARun -> 信息:   started user thread for Warehouse 28
2月 15, 2026 8:43:02 下午 spec.jbb.JBBmain DoARun -> 信息:   started user thread for Warehouse 29
2月 15, 2026 8:43:02 下午 spec.jbb.JBBmain DoARun -> 信息:   started user thread for Warehouse 30
2月 15, 2026 8:43:02 下午 spec.jbb.JBBmain DoARun -> 信息:   started user thread for Warehouse 31
2月 15, 2026 8:43:02 下午 spec.jbb.JBBmain DoARun -> 信息:   started user thread for Warehouse 32
2月 15, 2026 8:43:02 下午 spec.jbb.JBBmain DoARun -> 信息:   started user thread for Warehouse 33
2月 15, 2026 8:43:02 下午 spec.jbb.JBBmain DoARun -> 信息:   started user thread for Warehouse 34
2月 15, 2026 8:43:02 下午 spec.jbb.JBBmain DoARun -> 信息:   started user thread for Warehouse 35
2月 15, 2026 8:43:02 下午 spec.jbb.JBBmain DoARun -> 信息:   started user thread for Warehouse 36
2月 15, 2026 8:43:02 下午 spec.jbb.JBBmain DoARun -> 信息:   started user thread for Warehouse 37
2月 15, 2026 8:43:02 下午 spec.jbb.JBBmain DoARun -> 信息:   started user thread for Warehouse 38
2月 15, 2026 8:43:02 下午 spec.jbb.JBBmain DoARun -> 信息:   started user thread for Warehouse 39
2月 15, 2026 8:43:02 下午 spec.jbb.JBBmain DoARun -> 信息:   started user thread for Warehouse 40
2月 15, 2026 8:43:02 下午 spec.jbb.JBBmain DoARun -> 信息:   started user thread for Warehouse 41
2月 15, 2026 8:43:02 下午 spec.jbb.JBBmain DoARun -> 信息:   started user thread for Warehouse 42
2月 15, 2026 8:43:02 下午 spec.jbb.JBBmain DoARun -> 信息:   started user thread for Warehouse 43
2月 15, 2026 8:43:02 下午 spec.jbb.JBBmain DoARun -> 信息:   started user thread for Warehouse 44
2月 15, 2026 8:43:02 下午 spec.jbb.JBBmain DoARun -> 信息:   started user thread for Warehouse 45
2月 15, 2026 8:43:02 下午 spec.jbb.JBBmain DoARun -> 信息:   started user thread for Warehouse 46
2月 15, 2026 8:43:02 下午 spec.jbb.JBBmain DoARun -> 信息:   started user thread for Warehouse 47
2月 15, 2026 8:43:02 下午 spec.jbb.JBBmain DoARun -> 信息:   started user thread for Warehouse 48
2月 15, 2026 8:43:02 下午 spec.jbb.JBBmain DoARun -> 信息:   started user thread for Warehouse 49
2月 15, 2026 8:43:02 下午 spec.jbb.JBBmain DoARun -> 信息:   started user thread for Warehouse 50
2月 15, 2026 8:43:02 下午 spec.jbb.JBBmain DoARun -> 信息:   started user thread for Warehouse 51
2月 15, 2026 8:43:02 下午 spec.jbb.JBBmain DoARun -> 信息:   started user thread for Warehouse 52
2月 15, 2026 8:43:02 下午 spec.jbb.JBBmain DoARun -> 信息:   started user thread for Warehouse 53
2月 15, 2026 8:43:02 下午 spec.jbb.JBBmain DoARun -> 信息:   started user thread for Warehouse 54
2月 15, 2026 8:43:02 下午 spec.jbb.JBBmain DoARun -> 信息:   started user thread for Warehouse 55
2月 15, 2026 8:43:02 下午 spec.jbb.JBBmain DoARun -> 信息:   started user thread for Warehouse 56
2月 15, 2026 8:43:02 下午 spec.jbb.JBBmain DoARun -> 信息:   started user thread for Warehouse 57
2月 15, 2026 8:43:02 下午 spec.jbb.JBBmain DoARun -> 信息:   started user thread for Warehouse 58
2月 15, 2026 8:43:02 下午 spec.jbb.JBBmain DoARun -> 信息:   started user thread for Warehouse 59
2月 15, 2026 8:43:02 下午 spec.jbb.JBBmain DoARun -> 信息:   started user thread for Warehouse 60
2月 15, 2026 8:43:02 下午 spec.jbb.JBBmain DoARun -> 信息:   started user thread for Warehouse 61
2月 15, 2026 8:43:02 下午 spec.jbb.JBBmain DoARun -> 信息:   started user thread for Warehouse 62
2月 15, 2026 8:43:02 下午 spec.jbb.JBBmain DoARun -> 信息:   started user thread for Warehouse 63
2月 15, 2026 8:43:02 下午 spec.jbb.JBBmain DoARun -> 信息:   started user thread for Warehouse 64
2月 15, 2026 8:43:02 下午 spec.jbb.JBBmain DoARun -> 信息:   started user thread for Warehouse 65
2月 15, 2026 8:43:02 下午 spec.jbb.JBBmain DoARun -> 信息:   started user thread for Warehouse 66
2月 15, 2026 8:43:02 下午 spec.jbb.JBBmain DoARun -> 信息:   started user thread for Warehouse 67
2月 15, 2026 8:43:02 下午 spec.jbb.JBBmain DoARun -> 信息:   started user thread for Warehouse 68
2月 15, 2026 8:43:02 下午 spec.jbb.JBBmain DoARun -> 信息:   started user thread for Warehouse 69
2月 15, 2026 8:43:02 下午 spec.jbb.JBBmain DoARun -> 信息:   started user thread for Warehouse 70
2月 15, 2026 8:43:02 下午 spec.jbb.JBBmain DoARun -> 信息:   started user thread for Warehouse 71
2月 15, 2026 8:43:02 下午 spec.jbb.JBBmain DoARun -> 信息:   started user thread for Warehouse 72
2月 15, 2026 8:43:02 下午 spec.jbb.JBBmain DoARun -> 信息:   started user thread for Warehouse 73
2月 15, 2026 8:43:02 下午 spec.jbb.JBBmain DoARun -> 信息:   started user thread for Warehouse 74
2月 15, 2026 8:43:02 下午 spec.jbb.JBBmain DoARun -> 信息:   started user thread for Warehouse 75
2月 15, 2026 8:43:02 下午 spec.jbb.JBBmain DoARun -> 信息:   started user thread for Warehouse 76
2月 15, 2026 8:43:02 下午 spec.jbb.JBBmain DoARun -> 信息:   started user thread for Warehouse 77
2月 15, 2026 8:43:02 下午 spec.jbb.JBBmain DoARun -> 信息:   started user thread for Warehouse 78
2月 15, 2026 8:43:02 下午 spec.jbb.JBBmain DoARun -> 信息:   started user thread for Warehouse 79
2月 15, 2026 8:43:02 下午 spec.jbb.JBBmain DoARun -> 信息:   started user thread for Warehouse 80
2月 15, 2026 8:43:02 下午 spec.jbb.JBBmain DoARun -> 信息:   started user thread for Warehouse 81
2月 15, 2026 8:43:02 下午 spec.jbb.JBBmain DoARun -> 信息:   started user thread for Warehouse 82
2月 15, 2026 8:43:02 下午 spec.jbb.JBBmain DoARun -> 信息:   started user thread for Warehouse 83
2月 15, 2026 8:43:02 下午 spec.jbb.JBBmain DoARun -> 信息:   started user thread for Warehouse 84
2月 15, 2026 8:43:02 下午 spec.jbb.JBBmain DoARun -> 信息:   started user thread for Warehouse 85
2月 15, 2026 8:43:02 下午 spec.jbb.Company displayResultTotals -> 信息: Timing Measurement began Sun Feb 15 20:43:02 CST 2026 for 4 minutes
2月 15, 2026 8:47:02 下午 spec.jbb.Company displayResultTotals -> 信息: Timing Measurement ended Sun Feb 15 20:47:02 CST 2026
2月 15, 2026 8:47:02 下午 spec.jbb.Company primeWithDummyData -> 信息: Loading Warehouse 86...
2月 15, 2026 8:47:02 下午 spec.jbb.JBBmain DoARun -> 信息: Start User Threads
2月 15, 2026 8:47:02 下午 spec.jbb.JBBmain DoARun -> 信息:   started user thread for Warehouse 1
2月 15, 2026 8:47:02 下午 spec.jbb.JBBmain DoARun -> 信息:   started user thread for Warehouse 2
2月 15, 2026 8:47:02 下午 spec.jbb.JBBmain DoARun -> 信息:   started user thread for Warehouse 3
2月 15, 2026 8:47:02 下午 spec.jbb.JBBmain DoARun -> 信息:   started user thread for Warehouse 4
2月 15, 2026 8:47:02 下午 spec.jbb.JBBmain DoARun -> 信息:   started user thread for Warehouse 5
2月 15, 2026 8:47:02 下午 spec.jbb.JBBmain DoARun -> 信息:   started user thread for Warehouse 6
2月 15, 2026 8:47:02 下午 spec.jbb.JBBmain DoARun -> 信息:   started user thread for Warehouse 7
2月 15, 2026 8:47:02 下午 spec.jbb.JBBmain DoARun -> 信息:   started user thread for Warehouse 8
2月 15, 2026 8:47:02 下午 spec.jbb.JBBmain DoARun -> 信息:   started user thread for Warehouse 9
2月 15, 2026 8:47:02 下午 spec.jbb.JBBmain DoARun -> 信息:   started user thread for Warehouse 10
2月 15, 2026 8:47:02 下午 spec.jbb.JBBmain DoARun -> 信息:   started user thread for Warehouse 11
2月 15, 2026 8:47:02 下午 spec.jbb.JBBmain DoARun -> 信息:   started user thread for Warehouse 12
2月 15, 2026 8:47:02 下午 spec.jbb.JBBmain DoARun -> 信息:   started user thread for Warehouse 13
2月 15, 2026 8:47:02 下午 spec.jbb.JBBmain DoARun -> 信息:   started user thread for Warehouse 14
2月 15, 2026 8:47:02 下午 spec.jbb.JBBmain DoARun -> 信息:   started user thread for Warehouse 15
2月 15, 2026 8:47:02 下午 spec.jbb.JBBmain DoARun -> 信息:   started user thread for Warehouse 16
2月 15, 2026 8:47:02 下午 spec.jbb.JBBmain DoARun -> 信息:   started user thread for Warehouse 17
2月 15, 2026 8:47:02 下午 spec.jbb.JBBmain DoARun -> 信息:   started user thread for Warehouse 18
2月 15, 2026 8:47:02 下午 spec.jbb.JBBmain DoARun -> 信息:   started user thread for Warehouse 19
2月 15, 2026 8:47:02 下午 spec.jbb.JBBmain DoARun -> 信息:   started user thread for Warehouse 20
2月 15, 2026 8:47:02 下午 spec.jbb.JBBmain DoARun -> 信息:   started user thread for Warehouse 21
2月 15, 2026 8:47:02 下午 spec.jbb.JBBmain DoARun -> 信息:   started user thread for Warehouse 22
2月 15, 2026 8:47:02 下午 spec.jbb.JBBmain DoARun -> 信息:   started user thread for Warehouse 23
2月 15, 2026 8:47:02 下午 spec.jbb.JBBmain DoARun -> 信息:   started user thread for Warehouse 24
2月 15, 2026 8:47:02 下午 spec.jbb.JBBmain DoARun -> 信息:   started user thread for Warehouse 25
2月 15, 2026 8:47:02 下午 spec.jbb.JBBmain DoARun -> 信息:   started user thread for Warehouse 26
2月 15, 2026 8:47:02 下午 spec.jbb.JBBmain DoARun -> 信息:   started user thread for Warehouse 27
2月 15, 2026 8:47:02 下午 spec.jbb.JBBmain DoARun -> 信息:   started user thread for Warehouse 28
2月 15, 2026 8:47:02 下午 spec.jbb.JBBmain DoARun -> 信息:   started user thread for Warehouse 29
2月 15, 2026 8:47:02 下午 spec.jbb.JBBmain DoARun -> 信息:   started user thread for Warehouse 30
2月 15, 2026 8:47:02 下午 spec.jbb.JBBmain DoARun -> 信息:   started user thread for Warehouse 31
2月 15, 2026 8:47:02 下午 spec.jbb.JBBmain DoARun -> 信息:   started user thread for Warehouse 32
2月 15, 2026 8:47:02 下午 spec.jbb.JBBmain DoARun -> 信息:   started user thread for Warehouse 33
2月 15, 2026 8:47:02 下午 spec.jbb.JBBmain DoARun -> 信息:   started user thread for Warehouse 34
2月 15, 2026 8:47:02 下午 spec.jbb.JBBmain DoARun -> 信息:   started user thread for Warehouse 35
2月 15, 2026 8:47:02 下午 spec.jbb.JBBmain DoARun -> 信息:   started user thread for Warehouse 36
2月 15, 2026 8:47:02 下午 spec.jbb.JBBmain DoARun -> 信息:   started user thread for Warehouse 37
2月 15, 2026 8:47:02 下午 spec.jbb.JBBmain DoARun -> 信息:   started user thread for Warehouse 38
2月 15, 2026 8:47:02 下午 spec.jbb.JBBmain DoARun -> 信息:   started user thread for Warehouse 39
2月 15, 2026 8:47:02 下午 spec.jbb.JBBmain DoARun -> 信息:   started user thread for Warehouse 40
2月 15, 2026 8:47:02 下午 spec.jbb.JBBmain DoARun -> 信息:   started user thread for Warehouse 41
2月 15, 2026 8:47:02 下午 spec.jbb.JBBmain DoARun -> 信息:   started user thread for Warehouse 42
2月 15, 2026 8:47:02 下午 spec.jbb.JBBmain DoARun -> 信息:   started user thread for Warehouse 43
2月 15, 2026 8:47:02 下午 spec.jbb.JBBmain DoARun -> 信息:   started user thread for Warehouse 44
2月 15, 2026 8:47:02 下午 spec.jbb.JBBmain DoARun -> 信息:   started user thread for Warehouse 45
2月 15, 2026 8:47:02 下午 spec.jbb.JBBmain DoARun -> 信息:   started user thread for Warehouse 46
2月 15, 2026 8:47:02 下午 spec.jbb.JBBmain DoARun -> 信息:   started user thread for Warehouse 47
2月 15, 2026 8:47:02 下午 spec.jbb.JBBmain DoARun -> 信息:   started user thread for Warehouse 48
2月 15, 2026 8:47:02 下午 spec.jbb.JBBmain DoARun -> 信息:   started user thread for Warehouse 49
2月 15, 2026 8:47:02 下午 spec.jbb.JBBmain DoARun -> 信息:   started user thread for Warehouse 50
2月 15, 2026 8:47:02 下午 spec.jbb.JBBmain DoARun -> 信息:   started user thread for Warehouse 51
2月 15, 2026 8:47:02 下午 spec.jbb.JBBmain DoARun -> 信息:   started user thread for Warehouse 52
2月 15, 2026 8:47:02 下午 spec.jbb.JBBmain DoARun -> 信息:   started user thread for Warehouse 53
2月 15, 2026 8:47:02 下午 spec.jbb.JBBmain DoARun -> 信息:   started user thread for Warehouse 54
2月 15, 2026 8:47:02 下午 spec.jbb.JBBmain DoARun -> 信息:   started user thread for Warehouse 55
2月 15, 2026 8:47:02 下午 spec.jbb.JBBmain DoARun -> 信息:   started user thread for Warehouse 56
2月 15, 2026 8:47:02 下午 spec.jbb.JBBmain DoARun -> 信息:   started user thread for Warehouse 57
2月 15, 2026 8:47:02 下午 spec.jbb.JBBmain DoARun -> 信息:   started user thread for Warehouse 58
2月 15, 2026 8:47:02 下午 spec.jbb.JBBmain DoARun -> 信息:   started user thread for Warehouse 59
2月 15, 2026 8:47:02 下午 spec.jbb.JBBmain DoARun -> 信息:   started user thread for Warehouse 60
2月 15, 2026 8:47:02 下午 spec.jbb.JBBmain DoARun -> 信息:   started user thread for Warehouse 61
2月 15, 2026 8:47:02 下午 spec.jbb.JBBmain DoARun -> 信息:   started user thread for Warehouse 62
2月 15, 2026 8:47:02 下午 spec.jbb.JBBmain DoARun -> 信息:   started user thread for Warehouse 63
2月 15, 2026 8:47:02 下午 spec.jbb.JBBmain DoARun -> 信息:   started user thread for Warehouse 64
2月 15, 2026 8:47:02 下午 spec.jbb.JBBmain DoARun -> 信息:   started user thread for Warehouse 65
2月 15, 2026 8:47:02 下午 spec.jbb.JBBmain DoARun -> 信息:   started user thread for Warehouse 66
2月 15, 2026 8:47:02 下午 spec.jbb.JBBmain DoARun -> 信息:   started user thread for Warehouse 67
2月 15, 2026 8:47:02 下午 spec.jbb.JBBmain DoARun -> 信息:   started user thread for Warehouse 68
2月 15, 2026 8:47:02 下午 spec.jbb.JBBmain DoARun -> 信息:   started user thread for Warehouse 69
2月 15, 2026 8:47:02 下午 spec.jbb.JBBmain DoARun -> 信息:   started user thread for Warehouse 70
2月 15, 2026 8:47:02 下午 spec.jbb.JBBmain DoARun -> 信息:   started user thread for Warehouse 71
2月 15, 2026 8:47:02 下午 spec.jbb.JBBmain DoARun -> 信息:   started user thread for Warehouse 72
2月 15, 2026 8:47:02 下午 spec.jbb.JBBmain DoARun -> 信息:   started user thread for Warehouse 73
2月 15, 2026 8:47:02 下午 spec.jbb.JBBmain DoARun -> 信息:   started user thread for Warehouse 74
2月 15, 2026 8:47:02 下午 spec.jbb.JBBmain DoARun -> 信息:   started user thread for Warehouse 75
2月 15, 2026 8:47:02 下午 spec.jbb.JBBmain DoARun -> 信息:   started user thread for Warehouse 76
2月 15, 2026 8:47:02 下午 spec.jbb.JBBmain DoARun -> 信息:   started user thread for Warehouse 77
2月 15, 2026 8:47:02 下午 spec.jbb.JBBmain DoARun -> 信息:   started user thread for Warehouse 78
2月 15, 2026 8:47:02 下午 spec.jbb.JBBmain DoARun -> 信息:   started user thread for Warehouse 79
2月 15, 2026 8:47:02 下午 spec.jbb.JBBmain DoARun -> 信息:   started user thread for Warehouse 80
2月 15, 2026 8:47:02 下午 spec.jbb.JBBmain DoARun -> 信息:   started user thread for Warehouse 81
2月 15, 2026 8:47:02 下午 spec.jbb.JBBmain DoARun -> 信息:   started user thread for Warehouse 82
2月 15, 2026 8:47:02 下午 spec.jbb.JBBmain DoARun -> 信息:   started user thread for Warehouse 83
2月 15, 2026 8:47:02 下午 spec.jbb.JBBmain DoARun -> 信息:   started user thread for Warehouse 84
2月 15, 2026 8:47:02 下午 spec.jbb.JBBmain DoARun -> 信息:   started user thread for Warehouse 85
2月 15, 2026 8:47:02 下午 spec.jbb.JBBmain DoARun -> 信息:   started user thread for Warehouse 86
2月 15, 2026 8:47:02 下午 spec.jbb.Company displayResultTotals -> 信息: Timing Measurement began Sun Feb 15 20:47:02 CST 2026 for 4 minutes
2月 15, 2026 8:51:02 下午 spec.jbb.Company displayResultTotals -> 信息: Timing Measurement ended Sun Feb 15 20:51:02 CST 2026
2月 15, 2026 8:51:02 下午 spec.jbb.Company primeWithDummyData -> 信息: Loading Warehouse 87...
2月 15, 2026 8:51:02 下午 spec.jbb.JBBmain DoARun -> 信息: Start User Threads
2月 15, 2026 8:51:02 下午 spec.jbb.JBBmain DoARun -> 信息:   started user thread for Warehouse 1
2月 15, 2026 8:51:02 下午 spec.jbb.JBBmain DoARun -> 信息:   started user thread for Warehouse 2
2月 15, 2026 8:51:02 下午 spec.jbb.JBBmain DoARun -> 信息:   started user thread for Warehouse 3
2月 15, 2026 8:51:02 下午 spec.jbb.JBBmain DoARun -> 信息:   started user thread for Warehouse 4
2月 15, 2026 8:51:02 下午 spec.jbb.JBBmain DoARun -> 信息:   started user thread for Warehouse 5
2月 15, 2026 8:51:02 下午 spec.jbb.JBBmain DoARun -> 信息:   started user thread for Warehouse 6
2月 15, 2026 8:51:02 下午 spec.jbb.JBBmain DoARun -> 信息:   started user thread for Warehouse 7
2月 15, 2026 8:51:02 下午 spec.jbb.JBBmain DoARun -> 信息:   started user thread for Warehouse 8
2月 15, 2026 8:51:02 下午 spec.jbb.JBBmain DoARun -> 信息:   started user thread for Warehouse 9
2月 15, 2026 8:51:02 下午 spec.jbb.JBBmain DoARun -> 信息:   started user thread for Warehouse 10
2月 15, 2026 8:51:02 下午 spec.jbb.JBBmain DoARun -> 信息:   started user thread for Warehouse 11
2月 15, 2026 8:51:02 下午 spec.jbb.JBBmain DoARun -> 信息:   started user thread for Warehouse 12
2月 15, 2026 8:51:02 下午 spec.jbb.JBBmain DoARun -> 信息:   started user thread for Warehouse 13
2月 15, 2026 8:51:02 下午 spec.jbb.JBBmain DoARun -> 信息:   started user thread for Warehouse 14
2月 15, 2026 8:51:02 下午 spec.jbb.JBBmain DoARun -> 信息:   started user thread for Warehouse 15
2月 15, 2026 8:51:02 下午 spec.jbb.JBBmain DoARun -> 信息:   started user thread for Warehouse 16
2月 15, 2026 8:51:02 下午 spec.jbb.JBBmain DoARun -> 信息:   started user thread for Warehouse 17
2月 15, 2026 8:51:02 下午 spec.jbb.JBBmain DoARun -> 信息:   started user thread for Warehouse 18
2月 15, 2026 8:51:02 下午 spec.jbb.JBBmain DoARun -> 信息:   started user thread for Warehouse 19
2月 15, 2026 8:51:02 下午 spec.jbb.JBBmain DoARun -> 信息:   started user thread for Warehouse 20
2月 15, 2026 8:51:02 下午 spec.jbb.JBBmain DoARun -> 信息:   started user thread for Warehouse 21
2月 15, 2026 8:51:02 下午 spec.jbb.JBBmain DoARun -> 信息:   started user thread for Warehouse 22
2月 15, 2026 8:51:02 下午 spec.jbb.JBBmain DoARun -> 信息:   started user thread for Warehouse 23
2月 15, 2026 8:51:02 下午 spec.jbb.JBBmain DoARun -> 信息:   started user thread for Warehouse 24
2月 15, 2026 8:51:02 下午 spec.jbb.JBBmain DoARun -> 信息:   started user thread for Warehouse 25
2月 15, 2026 8:51:02 下午 spec.jbb.JBBmain DoARun -> 信息:   started user thread for Warehouse 26
2月 15, 2026 8:51:02 下午 spec.jbb.JBBmain DoARun -> 信息:   started user thread for Warehouse 27
2月 15, 2026 8:51:02 下午 spec.jbb.JBBmain DoARun -> 信息:   started user thread for Warehouse 28
2月 15, 2026 8:51:02 下午 spec.jbb.JBBmain DoARun -> 信息:   started user thread for Warehouse 29
2月 15, 2026 8:51:02 下午 spec.jbb.JBBmain DoARun -> 信息:   started user thread for Warehouse 30
2月 15, 2026 8:51:02 下午 spec.jbb.JBBmain DoARun -> 信息:   started user thread for Warehouse 31
2月 15, 2026 8:51:02 下午 spec.jbb.JBBmain DoARun -> 信息:   started user thread for Warehouse 32
2月 15, 2026 8:51:02 下午 spec.jbb.JBBmain DoARun -> 信息:   started user thread for Warehouse 33
2月 15, 2026 8:51:02 下午 spec.jbb.JBBmain DoARun -> 信息:   started user thread for Warehouse 34
2月 15, 2026 8:51:02 下午 spec.jbb.JBBmain DoARun -> 信息:   started user thread for Warehouse 35
2月 15, 2026 8:51:02 下午 spec.jbb.JBBmain DoARun -> 信息:   started user thread for Warehouse 36
2月 15, 2026 8:51:02 下午 spec.jbb.JBBmain DoARun -> 信息:   started user thread for Warehouse 37
2月 15, 2026 8:51:02 下午 spec.jbb.JBBmain DoARun -> 信息:   started user thread for Warehouse 38
2月 15, 2026 8:51:02 下午 spec.jbb.JBBmain DoARun -> 信息:   started user thread for Warehouse 39
2月 15, 2026 8:51:02 下午 spec.jbb.JBBmain DoARun -> 信息:   started user thread for Warehouse 40
2月 15, 2026 8:51:02 下午 spec.jbb.JBBmain DoARun -> 信息:   started user thread for Warehouse 41
2月 15, 2026 8:51:02 下午 spec.jbb.JBBmain DoARun -> 信息:   started user thread for Warehouse 42
2月 15, 2026 8:51:02 下午 spec.jbb.JBBmain DoARun -> 信息:   started user thread for Warehouse 43
2月 15, 2026 8:51:02 下午 spec.jbb.JBBmain DoARun -> 信息:   started user thread for Warehouse 44
2月 15, 2026 8:51:02 下午 spec.jbb.JBBmain DoARun -> 信息:   started user thread for Warehouse 45
2月 15, 2026 8:51:02 下午 spec.jbb.JBBmain DoARun -> 信息:   started user thread for Warehouse 46
2月 15, 2026 8:51:02 下午 spec.jbb.JBBmain DoARun -> 信息:   started user thread for Warehouse 47
2月 15, 2026 8:51:02 下午 spec.jbb.JBBmain DoARun -> 信息:   started user thread for Warehouse 48
2月 15, 2026 8:51:02 下午 spec.jbb.JBBmain DoARun -> 信息:   started user thread for Warehouse 49
2月 15, 2026 8:51:02 下午 spec.jbb.JBBmain DoARun -> 信息:   started user thread for Warehouse 50
2月 15, 2026 8:51:02 下午 spec.jbb.JBBmain DoARun -> 信息:   started user thread for Warehouse 51
2月 15, 2026 8:51:02 下午 spec.jbb.JBBmain DoARun -> 信息:   started user thread for Warehouse 52
2月 15, 2026 8:51:02 下午 spec.jbb.JBBmain DoARun -> 信息:   started user thread for Warehouse 53
2月 15, 2026 8:51:02 下午 spec.jbb.JBBmain DoARun -> 信息:   started user thread for Warehouse 54
2月 15, 2026 8:51:02 下午 spec.jbb.JBBmain DoARun -> 信息:   started user thread for Warehouse 55
2月 15, 2026 8:51:02 下午 spec.jbb.JBBmain DoARun -> 信息:   started user thread for Warehouse 56
2月 15, 2026 8:51:02 下午 spec.jbb.JBBmain DoARun -> 信息:   started user thread for Warehouse 57
2月 15, 2026 8:51:02 下午 spec.jbb.JBBmain DoARun -> 信息:   started user thread for Warehouse 58
2月 15, 2026 8:51:02 下午 spec.jbb.JBBmain DoARun -> 信息:   started user thread for Warehouse 59
2月 15, 2026 8:51:02 下午 spec.jbb.JBBmain DoARun -> 信息:   started user thread for Warehouse 60
2月 15, 2026 8:51:02 下午 spec.jbb.JBBmain DoARun -> 信息:   started user thread for Warehouse 61
2月 15, 2026 8:51:02 下午 spec.jbb.JBBmain DoARun -> 信息:   started user thread for Warehouse 62
2月 15, 2026 8:51:02 下午 spec.jbb.JBBmain DoARun -> 信息:   started user thread for Warehouse 63
2月 15, 2026 8:51:02 下午 spec.jbb.JBBmain DoARun -> 信息:   started user thread for Warehouse 64
2月 15, 2026 8:51:02 下午 spec.jbb.JBBmain DoARun -> 信息:   started user thread for Warehouse 65
2月 15, 2026 8:51:02 下午 spec.jbb.JBBmain DoARun -> 信息:   started user thread for Warehouse 66
2月 15, 2026 8:51:02 下午 spec.jbb.JBBmain DoARun -> 信息:   started user thread for Warehouse 67
2月 15, 2026 8:51:02 下午 spec.jbb.JBBmain DoARun -> 信息:   started user thread for Warehouse 68
2月 15, 2026 8:51:02 下午 spec.jbb.JBBmain DoARun -> 信息:   started user thread for Warehouse 69
2月 15, 2026 8:51:02 下午 spec.jbb.JBBmain DoARun -> 信息:   started user thread for Warehouse 70
2月 15, 2026 8:51:02 下午 spec.jbb.JBBmain DoARun -> 信息:   started user thread for Warehouse 71
2月 15, 2026 8:51:02 下午 spec.jbb.JBBmain DoARun -> 信息:   started user thread for Warehouse 72
2月 15, 2026 8:51:02 下午 spec.jbb.JBBmain DoARun -> 信息:   started user thread for Warehouse 73
2月 15, 2026 8:51:02 下午 spec.jbb.JBBmain DoARun -> 信息:   started user thread for Warehouse 74
2月 15, 2026 8:51:02 下午 spec.jbb.JBBmain DoARun -> 信息:   started user thread for Warehouse 75
2月 15, 2026 8:51:02 下午 spec.jbb.JBBmain DoARun -> 信息:   started user thread for Warehouse 76
2月 15, 2026 8:51:02 下午 spec.jbb.JBBmain DoARun -> 信息:   started user thread for Warehouse 77
2月 15, 2026 8:51:02 下午 spec.jbb.JBBmain DoARun -> 信息:   started user thread for Warehouse 78
2月 15, 2026 8:51:02 下午 spec.jbb.JBBmain DoARun -> 信息:   started user thread for Warehouse 79
2月 15, 2026 8:51:02 下午 spec.jbb.JBBmain DoARun -> 信息:   started user thread for Warehouse 80
2月 15, 2026 8:51:02 下午 spec.jbb.JBBmain DoARun -> 信息:   started user thread for Warehouse 81
2月 15, 2026 8:51:02 下午 spec.jbb.JBBmain DoARun -> 信息:   started user thread for Warehouse 82
2月 15, 2026 8:51:02 下午 spec.jbb.JBBmain DoARun -> 信息:   started user thread for Warehouse 83
2月 15, 2026 8:51:02 下午 spec.jbb.JBBmain DoARun -> 信息:   started user thread for Warehouse 84
2月 15, 2026 8:51:02 下午 spec.jbb.JBBmain DoARun -> 信息:   started user thread for Warehouse 85
2月 15, 2026 8:51:02 下午 spec.jbb.JBBmain DoARun -> 信息:   started user thread for Warehouse 86
2月 15, 2026 8:51:02 下午 spec.jbb.JBBmain DoARun -> 信息:   started user thread for Warehouse 87
2月 15, 2026 8:51:02 下午 spec.jbb.Company displayResultTotals -> 信息: Timing Measurement began Sun Feb 15 20:51:02 CST 2026 for 4 minutes
2月 15, 2026 8:55:02 下午 spec.jbb.Company displayResultTotals -> 信息: Timing Measurement ended Sun Feb 15 20:55:02 CST 2026
2月 15, 2026 8:55:02 下午 spec.jbb.Company primeWithDummyData -> 信息: Loading Warehouse 88...
2月 15, 2026 8:55:02 下午 spec.jbb.JBBmain DoARun -> 信息: Start User Threads
2月 15, 2026 8:55:02 下午 spec.jbb.JBBmain DoARun -> 信息:   started user thread for Warehouse 1
2月 15, 2026 8:55:02 下午 spec.jbb.JBBmain DoARun -> 信息:   started user thread for Warehouse 2
2月 15, 2026 8:55:02 下午 spec.jbb.JBBmain DoARun -> 信息:   started user thread for Warehouse 3
2月 15, 2026 8:55:02 下午 spec.jbb.JBBmain DoARun -> 信息:   started user thread for Warehouse 4
2月 15, 2026 8:55:02 下午 spec.jbb.JBBmain DoARun -> 信息:   started user thread for Warehouse 5
2月 15, 2026 8:55:02 下午 spec.jbb.JBBmain DoARun -> 信息:   started user thread for Warehouse 6
2月 15, 2026 8:55:02 下午 spec.jbb.JBBmain DoARun -> 信息:   started user thread for Warehouse 7
2月 15, 2026 8:55:02 下午 spec.jbb.JBBmain DoARun -> 信息:   started user thread for Warehouse 8
2月 15, 2026 8:55:02 下午 spec.jbb.JBBmain DoARun -> 信息:   started user thread for Warehouse 9
2月 15, 2026 8:55:02 下午 spec.jbb.JBBmain DoARun -> 信息:   started user thread for Warehouse 10
2月 15, 2026 8:55:02 下午 spec.jbb.JBBmain DoARun -> 信息:   started user thread for Warehouse 11
2月 15, 2026 8:55:02 下午 spec.jbb.JBBmain DoARun -> 信息:   started user thread for Warehouse 12
2月 15, 2026 8:55:02 下午 spec.jbb.JBBmain DoARun -> 信息:   started user thread for Warehouse 13
2月 15, 2026 8:55:02 下午 spec.jbb.JBBmain DoARun -> 信息:   started user thread for Warehouse 14
2月 15, 2026 8:55:02 下午 spec.jbb.JBBmain DoARun -> 信息:   started user thread for Warehouse 15
2月 15, 2026 8:55:02 下午 spec.jbb.JBBmain DoARun -> 信息:   started user thread for Warehouse 16
2月 15, 2026 8:55:02 下午 spec.jbb.JBBmain DoARun -> 信息:   started user thread for Warehouse 17
2月 15, 2026 8:55:02 下午 spec.jbb.JBBmain DoARun -> 信息:   started user thread for Warehouse 18
2月 15, 2026 8:55:02 下午 spec.jbb.JBBmain DoARun -> 信息:   started user thread for Warehouse 19
2月 15, 2026 8:55:02 下午 spec.jbb.JBBmain DoARun -> 信息:   started user thread for Warehouse 20
2月 15, 2026 8:55:02 下午 spec.jbb.JBBmain DoARun -> 信息:   started user thread for Warehouse 21
2月 15, 2026 8:55:02 下午 spec.jbb.JBBmain DoARun -> 信息:   started user thread for Warehouse 22
2月 15, 2026 8:55:02 下午 spec.jbb.JBBmain DoARun -> 信息:   started user thread for Warehouse 23
2月 15, 2026 8:55:02 下午 spec.jbb.JBBmain DoARun -> 信息:   started user thread for Warehouse 24
2月 15, 2026 8:55:02 下午 spec.jbb.JBBmain DoARun -> 信息:   started user thread for Warehouse 25
2月 15, 2026 8:55:02 下午 spec.jbb.JBBmain DoARun -> 信息:   started user thread for Warehouse 26
2月 15, 2026 8:55:02 下午 spec.jbb.JBBmain DoARun -> 信息:   started user thread for Warehouse 27
2月 15, 2026 8:55:02 下午 spec.jbb.JBBmain DoARun -> 信息:   started user thread for Warehouse 28
2月 15, 2026 8:55:02 下午 spec.jbb.JBBmain DoARun -> 信息:   started user thread for Warehouse 29
2月 15, 2026 8:55:02 下午 spec.jbb.JBBmain DoARun -> 信息:   started user thread for Warehouse 30
2月 15, 2026 8:55:02 下午 spec.jbb.JBBmain DoARun -> 信息:   started user thread for Warehouse 31
2月 15, 2026 8:55:02 下午 spec.jbb.JBBmain DoARun -> 信息:   started user thread for Warehouse 32
2月 15, 2026 8:55:02 下午 spec.jbb.JBBmain DoARun -> 信息:   started user thread for Warehouse 33
2月 15, 2026 8:55:02 下午 spec.jbb.JBBmain DoARun -> 信息:   started user thread for Warehouse 34
2月 15, 2026 8:55:02 下午 spec.jbb.JBBmain DoARun -> 信息:   started user thread for Warehouse 35
2月 15, 2026 8:55:02 下午 spec.jbb.JBBmain DoARun -> 信息:   started user thread for Warehouse 36
2月 15, 2026 8:55:02 下午 spec.jbb.JBBmain DoARun -> 信息:   started user thread for Warehouse 37
2月 15, 2026 8:55:02 下午 spec.jbb.JBBmain DoARun -> 信息:   started user thread for Warehouse 38
2月 15, 2026 8:55:02 下午 spec.jbb.JBBmain DoARun -> 信息:   started user thread for Warehouse 39
2月 15, 2026 8:55:02 下午 spec.jbb.JBBmain DoARun -> 信息:   started user thread for Warehouse 40
2月 15, 2026 8:55:02 下午 spec.jbb.JBBmain DoARun -> 信息:   started user thread for Warehouse 41
2月 15, 2026 8:55:02 下午 spec.jbb.JBBmain DoARun -> 信息:   started user thread for Warehouse 42
2月 15, 2026 8:55:02 下午 spec.jbb.JBBmain DoARun -> 信息:   started user thread for Warehouse 43
2月 15, 2026 8:55:02 下午 spec.jbb.JBBmain DoARun -> 信息:   started user thread for Warehouse 44
2月 15, 2026 8:55:02 下午 spec.jbb.JBBmain DoARun -> 信息:   started user thread for Warehouse 45
2月 15, 2026 8:55:02 下午 spec.jbb.JBBmain DoARun -> 信息:   started user thread for Warehouse 46
2月 15, 2026 8:55:02 下午 spec.jbb.JBBmain DoARun -> 信息:   started user thread for Warehouse 47
2月 15, 2026 8:55:02 下午 spec.jbb.JBBmain DoARun -> 信息:   started user thread for Warehouse 48
2月 15, 2026 8:55:02 下午 spec.jbb.JBBmain DoARun -> 信息:   started user thread for Warehouse 49
2月 15, 2026 8:55:02 下午 spec.jbb.JBBmain DoARun -> 信息:   started user thread for Warehouse 50
2月 15, 2026 8:55:02 下午 spec.jbb.JBBmain DoARun -> 信息:   started user thread for Warehouse 51
2月 15, 2026 8:55:02 下午 spec.jbb.JBBmain DoARun -> 信息:   started user thread for Warehouse 52
2月 15, 2026 8:55:02 下午 spec.jbb.JBBmain DoARun -> 信息:   started user thread for Warehouse 53
2月 15, 2026 8:55:02 下午 spec.jbb.JBBmain DoARun -> 信息:   started user thread for Warehouse 54
2月 15, 2026 8:55:02 下午 spec.jbb.JBBmain DoARun -> 信息:   started user thread for Warehouse 55
2月 15, 2026 8:55:02 下午 spec.jbb.JBBmain DoARun -> 信息:   started user thread for Warehouse 56
2月 15, 2026 8:55:02 下午 spec.jbb.JBBmain DoARun -> 信息:   started user thread for Warehouse 57
2月 15, 2026 8:55:02 下午 spec.jbb.JBBmain DoARun -> 信息:   started user thread for Warehouse 58
2月 15, 2026 8:55:02 下午 spec.jbb.JBBmain DoARun -> 信息:   started user thread for Warehouse 59
2月 15, 2026 8:55:02 下午 spec.jbb.JBBmain DoARun -> 信息:   started user thread for Warehouse 60
2月 15, 2026 8:55:02 下午 spec.jbb.JBBmain DoARun -> 信息:   started user thread for Warehouse 61
2月 15, 2026 8:55:02 下午 spec.jbb.JBBmain DoARun -> 信息:   started user thread for Warehouse 62
2月 15, 2026 8:55:02 下午 spec.jbb.JBBmain DoARun -> 信息:   started user thread for Warehouse 63
2月 15, 2026 8:55:02 下午 spec.jbb.JBBmain DoARun -> 信息:   started user thread for Warehouse 64
2月 15, 2026 8:55:02 下午 spec.jbb.JBBmain DoARun -> 信息:   started user thread for Warehouse 65
2月 15, 2026 8:55:02 下午 spec.jbb.JBBmain DoARun -> 信息:   started user thread for Warehouse 66
2月 15, 2026 8:55:02 下午 spec.jbb.JBBmain DoARun -> 信息:   started user thread for Warehouse 67
2月 15, 2026 8:55:02 下午 spec.jbb.JBBmain DoARun -> 信息:   started user thread for Warehouse 68
2月 15, 2026 8:55:02 下午 spec.jbb.JBBmain DoARun -> 信息:   started user thread for Warehouse 69
2月 15, 2026 8:55:02 下午 spec.jbb.JBBmain DoARun -> 信息:   started user thread for Warehouse 70
2月 15, 2026 8:55:02 下午 spec.jbb.JBBmain DoARun -> 信息:   started user thread for Warehouse 71
2月 15, 2026 8:55:02 下午 spec.jbb.JBBmain DoARun -> 信息:   started user thread for Warehouse 72
2月 15, 2026 8:55:02 下午 spec.jbb.JBBmain DoARun -> 信息:   started user thread for Warehouse 73
2月 15, 2026 8:55:02 下午 spec.jbb.JBBmain DoARun -> 信息:   started user thread for Warehouse 74
2月 15, 2026 8:55:02 下午 spec.jbb.JBBmain DoARun -> 信息:   started user thread for Warehouse 75
2月 15, 2026 8:55:02 下午 spec.jbb.JBBmain DoARun -> 信息:   started user thread for Warehouse 76
2月 15, 2026 8:55:02 下午 spec.jbb.JBBmain DoARun -> 信息:   started user thread for Warehouse 77
2月 15, 2026 8:55:02 下午 spec.jbb.JBBmain DoARun -> 信息:   started user thread for Warehouse 78
2月 15, 2026 8:55:02 下午 spec.jbb.JBBmain DoARun -> 信息:   started user thread for Warehouse 79
2月 15, 2026 8:55:02 下午 spec.jbb.JBBmain DoARun -> 信息:   started user thread for Warehouse 80
2月 15, 2026 8:55:02 下午 spec.jbb.JBBmain DoARun -> 信息:   started user thread for Warehouse 81
2月 15, 2026 8:55:02 下午 spec.jbb.JBBmain DoARun -> 信息:   started user thread for Warehouse 82
2月 15, 2026 8:55:02 下午 spec.jbb.JBBmain DoARun -> 信息:   started user thread for Warehouse 83
2月 15, 2026 8:55:02 下午 spec.jbb.JBBmain DoARun -> 信息:   started user thread for Warehouse 84
2月 15, 2026 8:55:02 下午 spec.jbb.JBBmain DoARun -> 信息:   started user thread for Warehouse 85
2月 15, 2026 8:55:02 下午 spec.jbb.JBBmain DoARun -> 信息:   started user thread for Warehouse 86
2月 15, 2026 8:55:02 下午 spec.jbb.JBBmain DoARun -> 信息:   started user thread for Warehouse 87
2月 15, 2026 8:55:02 下午 spec.jbb.JBBmain DoARun -> 信息:   started user thread for Warehouse 88
2月 15, 2026 8:55:02 下午 spec.jbb.Company displayResultTotals -> 信息: Timing Measurement began Sun Feb 15 20:55:02 CST 2026 for 4 minutes
2月 15, 2026 8:59:02 下午 spec.jbb.Company displayResultTotals -> 信息: Timing Measurement ended Sun Feb 15 20:59:02 CST 2026
2月 15, 2026 8:59:03 下午 spec.jbb.Company primeWithDummyData -> 信息: Loading Warehouse 89...
2月 15, 2026 8:59:03 下午 spec.jbb.JBBmain DoARun -> 信息: Start User Threads
2月 15, 2026 8:59:03 下午 spec.jbb.JBBmain DoARun -> 信息:   started user thread for Warehouse 1
2月 15, 2026 8:59:03 下午 spec.jbb.JBBmain DoARun -> 信息:   started user thread for Warehouse 2
2月 15, 2026 8:59:03 下午 spec.jbb.JBBmain DoARun -> 信息:   started user thread for Warehouse 3
2月 15, 2026 8:59:03 下午 spec.jbb.JBBmain DoARun -> 信息:   started user thread for Warehouse 4
2月 15, 2026 8:59:03 下午 spec.jbb.JBBmain DoARun -> 信息:   started user thread for Warehouse 5
2月 15, 2026 8:59:03 下午 spec.jbb.JBBmain DoARun -> 信息:   started user thread for Warehouse 6
2月 15, 2026 8:59:03 下午 spec.jbb.JBBmain DoARun -> 信息:   started user thread for Warehouse 7
2月 15, 2026 8:59:03 下午 spec.jbb.JBBmain DoARun -> 信息:   started user thread for Warehouse 8
2月 15, 2026 8:59:03 下午 spec.jbb.JBBmain DoARun -> 信息:   started user thread for Warehouse 9
2月 15, 2026 8:59:03 下午 spec.jbb.JBBmain DoARun -> 信息:   started user thread for Warehouse 10
2月 15, 2026 8:59:03 下午 spec.jbb.JBBmain DoARun -> 信息:   started user thread for Warehouse 11
2月 15, 2026 8:59:03 下午 spec.jbb.JBBmain DoARun -> 信息:   started user thread for Warehouse 12
2月 15, 2026 8:59:03 下午 spec.jbb.JBBmain DoARun -> 信息:   started user thread for Warehouse 13
2月 15, 2026 8:59:03 下午 spec.jbb.JBBmain DoARun -> 信息:   started user thread for Warehouse 14
2月 15, 2026 8:59:03 下午 spec.jbb.JBBmain DoARun -> 信息:   started user thread for Warehouse 15
2月 15, 2026 8:59:03 下午 spec.jbb.JBBmain DoARun -> 信息:   started user thread for Warehouse 16
2月 15, 2026 8:59:03 下午 spec.jbb.JBBmain DoARun -> 信息:   started user thread for Warehouse 17
2月 15, 2026 8:59:03 下午 spec.jbb.JBBmain DoARun -> 信息:   started user thread for Warehouse 18
2月 15, 2026 8:59:03 下午 spec.jbb.JBBmain DoARun -> 信息:   started user thread for Warehouse 19
2月 15, 2026 8:59:03 下午 spec.jbb.JBBmain DoARun -> 信息:   started user thread for Warehouse 20
2月 15, 2026 8:59:03 下午 spec.jbb.JBBmain DoARun -> 信息:   started user thread for Warehouse 21
2月 15, 2026 8:59:03 下午 spec.jbb.JBBmain DoARun -> 信息:   started user thread for Warehouse 22
2月 15, 2026 8:59:03 下午 spec.jbb.JBBmain DoARun -> 信息:   started user thread for Warehouse 23
2月 15, 2026 8:59:03 下午 spec.jbb.JBBmain DoARun -> 信息:   started user thread for Warehouse 24
2月 15, 2026 8:59:03 下午 spec.jbb.JBBmain DoARun -> 信息:   started user thread for Warehouse 25
2月 15, 2026 8:59:03 下午 spec.jbb.JBBmain DoARun -> 信息:   started user thread for Warehouse 26
2月 15, 2026 8:59:03 下午 spec.jbb.JBBmain DoARun -> 信息:   started user thread for Warehouse 27
2月 15, 2026 8:59:03 下午 spec.jbb.JBBmain DoARun -> 信息:   started user thread for Warehouse 28
2月 15, 2026 8:59:03 下午 spec.jbb.JBBmain DoARun -> 信息:   started user thread for Warehouse 29
2月 15, 2026 8:59:03 下午 spec.jbb.JBBmain DoARun -> 信息:   started user thread for Warehouse 30
2月 15, 2026 8:59:03 下午 spec.jbb.JBBmain DoARun -> 信息:   started user thread for Warehouse 31
2月 15, 2026 8:59:03 下午 spec.jbb.JBBmain DoARun -> 信息:   started user thread for Warehouse 32
2月 15, 2026 8:59:03 下午 spec.jbb.JBBmain DoARun -> 信息:   started user thread for Warehouse 33
2月 15, 2026 8:59:03 下午 spec.jbb.JBBmain DoARun -> 信息:   started user thread for Warehouse 34
2月 15, 2026 8:59:03 下午 spec.jbb.JBBmain DoARun -> 信息:   started user thread for Warehouse 35
2月 15, 2026 8:59:03 下午 spec.jbb.JBBmain DoARun -> 信息:   started user thread for Warehouse 36
2月 15, 2026 8:59:03 下午 spec.jbb.JBBmain DoARun -> 信息:   started user thread for Warehouse 37
2月 15, 2026 8:59:03 下午 spec.jbb.JBBmain DoARun -> 信息:   started user thread for Warehouse 38
2月 15, 2026 8:59:03 下午 spec.jbb.JBBmain DoARun -> 信息:   started user thread for Warehouse 39
2月 15, 2026 8:59:03 下午 spec.jbb.JBBmain DoARun -> 信息:   started user thread for Warehouse 40
2月 15, 2026 8:59:03 下午 spec.jbb.JBBmain DoARun -> 信息:   started user thread for Warehouse 41
2月 15, 2026 8:59:03 下午 spec.jbb.JBBmain DoARun -> 信息:   started user thread for Warehouse 42
2月 15, 2026 8:59:03 下午 spec.jbb.JBBmain DoARun -> 信息:   started user thread for Warehouse 43
2月 15, 2026 8:59:03 下午 spec.jbb.JBBmain DoARun -> 信息:   started user thread for Warehouse 44
2月 15, 2026 8:59:03 下午 spec.jbb.JBBmain DoARun -> 信息:   started user thread for Warehouse 45
2月 15, 2026 8:59:03 下午 spec.jbb.JBBmain DoARun -> 信息:   started user thread for Warehouse 46
2月 15, 2026 8:59:03 下午 spec.jbb.JBBmain DoARun -> 信息:   started user thread for Warehouse 47
2月 15, 2026 8:59:03 下午 spec.jbb.JBBmain DoARun -> 信息:   started user thread for Warehouse 48
2月 15, 2026 8:59:03 下午 spec.jbb.JBBmain DoARun -> 信息:   started user thread for Warehouse 49
2月 15, 2026 8:59:03 下午 spec.jbb.JBBmain DoARun -> 信息:   started user thread for Warehouse 50
2月 15, 2026 8:59:03 下午 spec.jbb.JBBmain DoARun -> 信息:   started user thread for Warehouse 51
2月 15, 2026 8:59:03 下午 spec.jbb.JBBmain DoARun -> 信息:   started user thread for Warehouse 52
2月 15, 2026 8:59:03 下午 spec.jbb.JBBmain DoARun -> 信息:   started user thread for Warehouse 53
2月 15, 2026 8:59:03 下午 spec.jbb.JBBmain DoARun -> 信息:   started user thread for Warehouse 54
2月 15, 2026 8:59:03 下午 spec.jbb.JBBmain DoARun -> 信息:   started user thread for Warehouse 55
2月 15, 2026 8:59:03 下午 spec.jbb.JBBmain DoARun -> 信息:   started user thread for Warehouse 56
2月 15, 2026 8:59:03 下午 spec.jbb.JBBmain DoARun -> 信息:   started user thread for Warehouse 57
2月 15, 2026 8:59:03 下午 spec.jbb.JBBmain DoARun -> 信息:   started user thread for Warehouse 58
2月 15, 2026 8:59:03 下午 spec.jbb.JBBmain DoARun -> 信息:   started user thread for Warehouse 59
2月 15, 2026 8:59:03 下午 spec.jbb.JBBmain DoARun -> 信息:   started user thread for Warehouse 60
2月 15, 2026 8:59:03 下午 spec.jbb.JBBmain DoARun -> 信息:   started user thread for Warehouse 61
2月 15, 2026 8:59:03 下午 spec.jbb.JBBmain DoARun -> 信息:   started user thread for Warehouse 62
2月 15, 2026 8:59:03 下午 spec.jbb.JBBmain DoARun -> 信息:   started user thread for Warehouse 63
2月 15, 2026 8:59:03 下午 spec.jbb.JBBmain DoARun -> 信息:   started user thread for Warehouse 64
2月 15, 2026 8:59:03 下午 spec.jbb.JBBmain DoARun -> 信息:   started user thread for Warehouse 65
2月 15, 2026 8:59:03 下午 spec.jbb.JBBmain DoARun -> 信息:   started user thread for Warehouse 66
2月 15, 2026 8:59:03 下午 spec.jbb.JBBmain DoARun -> 信息:   started user thread for Warehouse 67
2月 15, 2026 8:59:03 下午 spec.jbb.JBBmain DoARun -> 信息:   started user thread for Warehouse 68
2月 15, 2026 8:59:03 下午 spec.jbb.JBBmain DoARun -> 信息:   started user thread for Warehouse 69
2月 15, 2026 8:59:03 下午 spec.jbb.JBBmain DoARun -> 信息:   started user thread for Warehouse 70
2月 15, 2026 8:59:03 下午 spec.jbb.JBBmain DoARun -> 信息:   started user thread for Warehouse 71
2月 15, 2026 8:59:03 下午 spec.jbb.JBBmain DoARun -> 信息:   started user thread for Warehouse 72
2月 15, 2026 8:59:03 下午 spec.jbb.JBBmain DoARun -> 信息:   started user thread for Warehouse 73
2月 15, 2026 8:59:03 下午 spec.jbb.JBBmain DoARun -> 信息:   started user thread for Warehouse 74
2月 15, 2026 8:59:03 下午 spec.jbb.JBBmain DoARun -> 信息:   started user thread for Warehouse 75
2月 15, 2026 8:59:03 下午 spec.jbb.JBBmain DoARun -> 信息:   started user thread for Warehouse 76
2月 15, 2026 8:59:03 下午 spec.jbb.JBBmain DoARun -> 信息:   started user thread for Warehouse 77
2月 15, 2026 8:59:03 下午 spec.jbb.JBBmain DoARun -> 信息:   started user thread for Warehouse 78
2月 15, 2026 8:59:03 下午 spec.jbb.JBBmain DoARun -> 信息:   started user thread for Warehouse 79
2月 15, 2026 8:59:03 下午 spec.jbb.JBBmain DoARun -> 信息:   started user thread for Warehouse 80
2月 15, 2026 8:59:03 下午 spec.jbb.JBBmain DoARun -> 信息:   started user thread for Warehouse 81
2月 15, 2026 8:59:03 下午 spec.jbb.JBBmain DoARun -> 信息:   started user thread for Warehouse 82
2月 15, 2026 8:59:03 下午 spec.jbb.JBBmain DoARun -> 信息:   started user thread for Warehouse 83
2月 15, 2026 8:59:03 下午 spec.jbb.JBBmain DoARun -> 信息:   started user thread for Warehouse 84
2月 15, 2026 8:59:03 下午 spec.jbb.JBBmain DoARun -> 信息:   started user thread for Warehouse 85
2月 15, 2026 8:59:03 下午 spec.jbb.JBBmain DoARun -> 信息:   started user thread for Warehouse 86
2月 15, 2026 8:59:03 下午 spec.jbb.JBBmain DoARun -> 信息:   started user thread for Warehouse 87
2月 15, 2026 8:59:03 下午 spec.jbb.JBBmain DoARun -> 信息:   started user thread for Warehouse 88
2月 15, 2026 8:59:03 下午 spec.jbb.JBBmain DoARun -> 信息:   started user thread for Warehouse 89
2月 15, 2026 8:59:03 下午 spec.jbb.Company displayResultTotals -> 信息: Timing Measurement began Sun Feb 15 20:59:03 CST 2026 for 4 minutes
2月 15, 2026 9:03:03 下午 spec.jbb.Company displayResultTotals -> 信息: Timing Measurement ended Sun Feb 15 21:03:03 CST 2026
2月 15, 2026 9:03:03 下午 spec.jbb.Company primeWithDummyData -> 信息: Loading Warehouse 90...
2月 15, 2026 9:03:03 下午 spec.jbb.JBBmain DoARun -> 信息: Start User Threads
2月 15, 2026 9:03:03 下午 spec.jbb.JBBmain DoARun -> 信息:   started user thread for Warehouse 1
2月 15, 2026 9:03:03 下午 spec.jbb.JBBmain DoARun -> 信息:   started user thread for Warehouse 2
2月 15, 2026 9:03:03 下午 spec.jbb.JBBmain DoARun -> 信息:   started user thread for Warehouse 3
2月 15, 2026 9:03:03 下午 spec.jbb.JBBmain DoARun -> 信息:   started user thread for Warehouse 4
2月 15, 2026 9:03:03 下午 spec.jbb.JBBmain DoARun -> 信息:   started user thread for Warehouse 5
2月 15, 2026 9:03:03 下午 spec.jbb.JBBmain DoARun -> 信息:   started user thread for Warehouse 6
2月 15, 2026 9:03:03 下午 spec.jbb.JBBmain DoARun -> 信息:   started user thread for Warehouse 7
2月 15, 2026 9:03:03 下午 spec.jbb.JBBmain DoARun -> 信息:   started user thread for Warehouse 8
2月 15, 2026 9:03:03 下午 spec.jbb.JBBmain DoARun -> 信息:   started user thread for Warehouse 9
2月 15, 2026 9:03:03 下午 spec.jbb.JBBmain DoARun -> 信息:   started user thread for Warehouse 10
2月 15, 2026 9:03:03 下午 spec.jbb.JBBmain DoARun -> 信息:   started user thread for Warehouse 11
2月 15, 2026 9:03:03 下午 spec.jbb.JBBmain DoARun -> 信息:   started user thread for Warehouse 12
2月 15, 2026 9:03:03 下午 spec.jbb.JBBmain DoARun -> 信息:   started user thread for Warehouse 13
2月 15, 2026 9:03:03 下午 spec.jbb.JBBmain DoARun -> 信息:   started user thread for Warehouse 14
2月 15, 2026 9:03:03 下午 spec.jbb.JBBmain DoARun -> 信息:   started user thread for Warehouse 15
2月 15, 2026 9:03:03 下午 spec.jbb.JBBmain DoARun -> 信息:   started user thread for Warehouse 16
2月 15, 2026 9:03:03 下午 spec.jbb.JBBmain DoARun -> 信息:   started user thread for Warehouse 17
2月 15, 2026 9:03:03 下午 spec.jbb.JBBmain DoARun -> 信息:   started user thread for Warehouse 18
2月 15, 2026 9:03:03 下午 spec.jbb.JBBmain DoARun -> 信息:   started user thread for Warehouse 19
2月 15, 2026 9:03:03 下午 spec.jbb.JBBmain DoARun -> 信息:   started user thread for Warehouse 20
2月 15, 2026 9:03:03 下午 spec.jbb.JBBmain DoARun -> 信息:   started user thread for Warehouse 21
2月 15, 2026 9:03:03 下午 spec.jbb.JBBmain DoARun -> 信息:   started user thread for Warehouse 22
2月 15, 2026 9:03:03 下午 spec.jbb.JBBmain DoARun -> 信息:   started user thread for Warehouse 23
2月 15, 2026 9:03:03 下午 spec.jbb.JBBmain DoARun -> 信息:   started user thread for Warehouse 24
2月 15, 2026 9:03:03 下午 spec.jbb.JBBmain DoARun -> 信息:   started user thread for Warehouse 25
2月 15, 2026 9:03:03 下午 spec.jbb.JBBmain DoARun -> 信息:   started user thread for Warehouse 26
2月 15, 2026 9:03:03 下午 spec.jbb.JBBmain DoARun -> 信息:   started user thread for Warehouse 27
2月 15, 2026 9:03:03 下午 spec.jbb.JBBmain DoARun -> 信息:   started user thread for Warehouse 28
2月 15, 2026 9:03:03 下午 spec.jbb.JBBmain DoARun -> 信息:   started user thread for Warehouse 29
2月 15, 2026 9:03:03 下午 spec.jbb.JBBmain DoARun -> 信息:   started user thread for Warehouse 30
2月 15, 2026 9:03:03 下午 spec.jbb.JBBmain DoARun -> 信息:   started user thread for Warehouse 31
2月 15, 2026 9:03:03 下午 spec.jbb.JBBmain DoARun -> 信息:   started user thread for Warehouse 32
2月 15, 2026 9:03:03 下午 spec.jbb.JBBmain DoARun -> 信息:   started user thread for Warehouse 33
2月 15, 2026 9:03:03 下午 spec.jbb.JBBmain DoARun -> 信息:   started user thread for Warehouse 34
2月 15, 2026 9:03:03 下午 spec.jbb.JBBmain DoARun -> 信息:   started user thread for Warehouse 35
2月 15, 2026 9:03:03 下午 spec.jbb.JBBmain DoARun -> 信息:   started user thread for Warehouse 36
2月 15, 2026 9:03:03 下午 spec.jbb.JBBmain DoARun -> 信息:   started user thread for Warehouse 37
2月 15, 2026 9:03:03 下午 spec.jbb.JBBmain DoARun -> 信息:   started user thread for Warehouse 38
2月 15, 2026 9:03:03 下午 spec.jbb.JBBmain DoARun -> 信息:   started user thread for Warehouse 39
2月 15, 2026 9:03:03 下午 spec.jbb.JBBmain DoARun -> 信息:   started user thread for Warehouse 40
2月 15, 2026 9:03:03 下午 spec.jbb.JBBmain DoARun -> 信息:   started user thread for Warehouse 41
2月 15, 2026 9:03:03 下午 spec.jbb.JBBmain DoARun -> 信息:   started user thread for Warehouse 42
2月 15, 2026 9:03:03 下午 spec.jbb.JBBmain DoARun -> 信息:   started user thread for Warehouse 43
2月 15, 2026 9:03:03 下午 spec.jbb.JBBmain DoARun -> 信息:   started user thread for Warehouse 44
2月 15, 2026 9:03:03 下午 spec.jbb.JBBmain DoARun -> 信息:   started user thread for Warehouse 45
2月 15, 2026 9:03:03 下午 spec.jbb.JBBmain DoARun -> 信息:   started user thread for Warehouse 46
2月 15, 2026 9:03:03 下午 spec.jbb.JBBmain DoARun -> 信息:   started user thread for Warehouse 47
2月 15, 2026 9:03:03 下午 spec.jbb.JBBmain DoARun -> 信息:   started user thread for Warehouse 48
2月 15, 2026 9:03:03 下午 spec.jbb.JBBmain DoARun -> 信息:   started user thread for Warehouse 49
2月 15, 2026 9:03:03 下午 spec.jbb.JBBmain DoARun -> 信息:   started user thread for Warehouse 50
2月 15, 2026 9:03:03 下午 spec.jbb.JBBmain DoARun -> 信息:   started user thread for Warehouse 51
2月 15, 2026 9:03:03 下午 spec.jbb.JBBmain DoARun -> 信息:   started user thread for Warehouse 52
2月 15, 2026 9:03:03 下午 spec.jbb.JBBmain DoARun -> 信息:   started user thread for Warehouse 53
2月 15, 2026 9:03:03 下午 spec.jbb.JBBmain DoARun -> 信息:   started user thread for Warehouse 54
2月 15, 2026 9:03:03 下午 spec.jbb.JBBmain DoARun -> 信息:   started user thread for Warehouse 55
2月 15, 2026 9:03:03 下午 spec.jbb.JBBmain DoARun -> 信息:   started user thread for Warehouse 56
2月 15, 2026 9:03:03 下午 spec.jbb.JBBmain DoARun -> 信息:   started user thread for Warehouse 57
2月 15, 2026 9:03:03 下午 spec.jbb.JBBmain DoARun -> 信息:   started user thread for Warehouse 58
2月 15, 2026 9:03:03 下午 spec.jbb.JBBmain DoARun -> 信息:   started user thread for Warehouse 59
2月 15, 2026 9:03:03 下午 spec.jbb.JBBmain DoARun -> 信息:   started user thread for Warehouse 60
2月 15, 2026 9:03:03 下午 spec.jbb.JBBmain DoARun -> 信息:   started user thread for Warehouse 61
2月 15, 2026 9:03:03 下午 spec.jbb.JBBmain DoARun -> 信息:   started user thread for Warehouse 62
2月 15, 2026 9:03:03 下午 spec.jbb.JBBmain DoARun -> 信息:   started user thread for Warehouse 63
2月 15, 2026 9:03:03 下午 spec.jbb.JBBmain DoARun -> 信息:   started user thread for Warehouse 64
2月 15, 2026 9:03:03 下午 spec.jbb.JBBmain DoARun -> 信息:   started user thread for Warehouse 65
2月 15, 2026 9:03:03 下午 spec.jbb.JBBmain DoARun -> 信息:   started user thread for Warehouse 66
2月 15, 2026 9:03:03 下午 spec.jbb.JBBmain DoARun -> 信息:   started user thread for Warehouse 67
2月 15, 2026 9:03:03 下午 spec.jbb.JBBmain DoARun -> 信息:   started user thread for Warehouse 68
2月 15, 2026 9:03:03 下午 spec.jbb.JBBmain DoARun -> 信息:   started user thread for Warehouse 69
2月 15, 2026 9:03:03 下午 spec.jbb.JBBmain DoARun -> 信息:   started user thread for Warehouse 70
2月 15, 2026 9:03:03 下午 spec.jbb.JBBmain DoARun -> 信息:   started user thread for Warehouse 71
2月 15, 2026 9:03:03 下午 spec.jbb.JBBmain DoARun -> 信息:   started user thread for Warehouse 72
2月 15, 2026 9:03:03 下午 spec.jbb.JBBmain DoARun -> 信息:   started user thread for Warehouse 73
2月 15, 2026 9:03:03 下午 spec.jbb.JBBmain DoARun -> 信息:   started user thread for Warehouse 74
2月 15, 2026 9:03:03 下午 spec.jbb.JBBmain DoARun -> 信息:   started user thread for Warehouse 75
2月 15, 2026 9:03:03 下午 spec.jbb.JBBmain DoARun -> 信息:   started user thread for Warehouse 76
2月 15, 2026 9:03:03 下午 spec.jbb.JBBmain DoARun -> 信息:   started user thread for Warehouse 77
2月 15, 2026 9:03:03 下午 spec.jbb.JBBmain DoARun -> 信息:   started user thread for Warehouse 78
2月 15, 2026 9:03:03 下午 spec.jbb.JBBmain DoARun -> 信息:   started user thread for Warehouse 79
2月 15, 2026 9:03:03 下午 spec.jbb.JBBmain DoARun -> 信息:   started user thread for Warehouse 80
2月 15, 2026 9:03:03 下午 spec.jbb.JBBmain DoARun -> 信息:   started user thread for Warehouse 81
2月 15, 2026 9:03:03 下午 spec.jbb.JBBmain DoARun -> 信息:   started user thread for Warehouse 82
2月 15, 2026 9:03:03 下午 spec.jbb.JBBmain DoARun -> 信息:   started user thread for Warehouse 83
2月 15, 2026 9:03:03 下午 spec.jbb.JBBmain DoARun -> 信息:   started user thread for Warehouse 84
2月 15, 2026 9:03:03 下午 spec.jbb.JBBmain DoARun -> 信息:   started user thread for Warehouse 85
2月 15, 2026 9:03:03 下午 spec.jbb.JBBmain DoARun -> 信息:   started user thread for Warehouse 86
2月 15, 2026 9:03:03 下午 spec.jbb.JBBmain DoARun -> 信息:   started user thread for Warehouse 87
2月 15, 2026 9:03:03 下午 spec.jbb.JBBmain DoARun -> 信息:   started user thread for Warehouse 88
2月 15, 2026 9:03:03 下午 spec.jbb.JBBmain DoARun -> 信息:   started user thread for Warehouse 89
2月 15, 2026 9:03:03 下午 spec.jbb.JBBmain DoARun -> 信息:   started user thread for Warehouse 90
2月 15, 2026 9:03:03 下午 spec.jbb.Company displayResultTotals -> 信息: Timing Measurement began Sun Feb 15 21:03:03 CST 2026 for 4 minutes
2月 15, 2026 9:07:03 下午 spec.jbb.Company displayResultTotals -> 信息: Timing Measurement ended Sun Feb 15 21:07:03 CST 2026
2月 15, 2026 9:07:03 下午 spec.jbb.Company primeWithDummyData -> 信息: Loading Warehouse 91...
2月 15, 2026 9:07:03 下午 spec.jbb.JBBmain DoARun -> 信息: Start User Threads
2月 15, 2026 9:07:03 下午 spec.jbb.JBBmain DoARun -> 信息:   started user thread for Warehouse 1
2月 15, 2026 9:07:03 下午 spec.jbb.JBBmain DoARun -> 信息:   started user thread for Warehouse 2
2月 15, 2026 9:07:03 下午 spec.jbb.JBBmain DoARun -> 信息:   started user thread for Warehouse 3
2月 15, 2026 9:07:03 下午 spec.jbb.JBBmain DoARun -> 信息:   started user thread for Warehouse 4
2月 15, 2026 9:07:03 下午 spec.jbb.JBBmain DoARun -> 信息:   started user thread for Warehouse 5
2月 15, 2026 9:07:03 下午 spec.jbb.JBBmain DoARun -> 信息:   started user thread for Warehouse 6
2月 15, 2026 9:07:03 下午 spec.jbb.JBBmain DoARun -> 信息:   started user thread for Warehouse 7
2月 15, 2026 9:07:03 下午 spec.jbb.JBBmain DoARun -> 信息:   started user thread for Warehouse 8
2月 15, 2026 9:07:03 下午 spec.jbb.JBBmain DoARun -> 信息:   started user thread for Warehouse 9
2月 15, 2026 9:07:03 下午 spec.jbb.JBBmain DoARun -> 信息:   started user thread for Warehouse 10
2月 15, 2026 9:07:03 下午 spec.jbb.JBBmain DoARun -> 信息:   started user thread for Warehouse 11
2月 15, 2026 9:07:03 下午 spec.jbb.JBBmain DoARun -> 信息:   started user thread for Warehouse 12
2月 15, 2026 9:07:03 下午 spec.jbb.JBBmain DoARun -> 信息:   started user thread for Warehouse 13
2月 15, 2026 9:07:03 下午 spec.jbb.JBBmain DoARun -> 信息:   started user thread for Warehouse 14
2月 15, 2026 9:07:03 下午 spec.jbb.JBBmain DoARun -> 信息:   started user thread for Warehouse 15
2月 15, 2026 9:07:03 下午 spec.jbb.JBBmain DoARun -> 信息:   started user thread for Warehouse 16
2月 15, 2026 9:07:03 下午 spec.jbb.JBBmain DoARun -> 信息:   started user thread for Warehouse 17
2月 15, 2026 9:07:03 下午 spec.jbb.JBBmain DoARun -> 信息:   started user thread for Warehouse 18
2月 15, 2026 9:07:03 下午 spec.jbb.JBBmain DoARun -> 信息:   started user thread for Warehouse 19
2月 15, 2026 9:07:03 下午 spec.jbb.JBBmain DoARun -> 信息:   started user thread for Warehouse 20
2月 15, 2026 9:07:03 下午 spec.jbb.JBBmain DoARun -> 信息:   started user thread for Warehouse 21
2月 15, 2026 9:07:03 下午 spec.jbb.JBBmain DoARun -> 信息:   started user thread for Warehouse 22
2月 15, 2026 9:07:03 下午 spec.jbb.JBBmain DoARun -> 信息:   started user thread for Warehouse 23
2月 15, 2026 9:07:03 下午 spec.jbb.JBBmain DoARun -> 信息:   started user thread for Warehouse 24
2月 15, 2026 9:07:03 下午 spec.jbb.JBBmain DoARun -> 信息:   started user thread for Warehouse 25
2月 15, 2026 9:07:03 下午 spec.jbb.JBBmain DoARun -> 信息:   started user thread for Warehouse 26
2月 15, 2026 9:07:03 下午 spec.jbb.JBBmain DoARun -> 信息:   started user thread for Warehouse 27
2月 15, 2026 9:07:03 下午 spec.jbb.JBBmain DoARun -> 信息:   started user thread for Warehouse 28
2月 15, 2026 9:07:03 下午 spec.jbb.JBBmain DoARun -> 信息:   started user thread for Warehouse 29
2月 15, 2026 9:07:03 下午 spec.jbb.JBBmain DoARun -> 信息:   started user thread for Warehouse 30
2月 15, 2026 9:07:03 下午 spec.jbb.JBBmain DoARun -> 信息:   started user thread for Warehouse 31
2月 15, 2026 9:07:03 下午 spec.jbb.JBBmain DoARun -> 信息:   started user thread for Warehouse 32
2月 15, 2026 9:07:03 下午 spec.jbb.JBBmain DoARun -> 信息:   started user thread for Warehouse 33
2月 15, 2026 9:07:03 下午 spec.jbb.JBBmain DoARun -> 信息:   started user thread for Warehouse 34
2月 15, 2026 9:07:03 下午 spec.jbb.JBBmain DoARun -> 信息:   started user thread for Warehouse 35
2月 15, 2026 9:07:03 下午 spec.jbb.JBBmain DoARun -> 信息:   started user thread for Warehouse 36
2月 15, 2026 9:07:03 下午 spec.jbb.JBBmain DoARun -> 信息:   started user thread for Warehouse 37
2月 15, 2026 9:07:03 下午 spec.jbb.JBBmain DoARun -> 信息:   started user thread for Warehouse 38
2月 15, 2026 9:07:03 下午 spec.jbb.JBBmain DoARun -> 信息:   started user thread for Warehouse 39
2月 15, 2026 9:07:03 下午 spec.jbb.JBBmain DoARun -> 信息:   started user thread for Warehouse 40
2月 15, 2026 9:07:03 下午 spec.jbb.JBBmain DoARun -> 信息:   started user thread for Warehouse 41
2月 15, 2026 9:07:03 下午 spec.jbb.JBBmain DoARun -> 信息:   started user thread for Warehouse 42
2月 15, 2026 9:07:03 下午 spec.jbb.JBBmain DoARun -> 信息:   started user thread for Warehouse 43
2月 15, 2026 9:07:03 下午 spec.jbb.JBBmain DoARun -> 信息:   started user thread for Warehouse 44
2月 15, 2026 9:07:03 下午 spec.jbb.JBBmain DoARun -> 信息:   started user thread for Warehouse 45
2月 15, 2026 9:07:03 下午 spec.jbb.JBBmain DoARun -> 信息:   started user thread for Warehouse 46
2月 15, 2026 9:07:03 下午 spec.jbb.JBBmain DoARun -> 信息:   started user thread for Warehouse 47
2月 15, 2026 9:07:03 下午 spec.jbb.JBBmain DoARun -> 信息:   started user thread for Warehouse 48
2月 15, 2026 9:07:03 下午 spec.jbb.JBBmain DoARun -> 信息:   started user thread for Warehouse 49
2月 15, 2026 9:07:03 下午 spec.jbb.JBBmain DoARun -> 信息:   started user thread for Warehouse 50
2月 15, 2026 9:07:03 下午 spec.jbb.JBBmain DoARun -> 信息:   started user thread for Warehouse 51
2月 15, 2026 9:07:03 下午 spec.jbb.JBBmain DoARun -> 信息:   started user thread for Warehouse 52
2月 15, 2026 9:07:03 下午 spec.jbb.JBBmain DoARun -> 信息:   started user thread for Warehouse 53
2月 15, 2026 9:07:03 下午 spec.jbb.JBBmain DoARun -> 信息:   started user thread for Warehouse 54
2月 15, 2026 9:07:03 下午 spec.jbb.JBBmain DoARun -> 信息:   started user thread for Warehouse 55
2月 15, 2026 9:07:03 下午 spec.jbb.JBBmain DoARun -> 信息:   started user thread for Warehouse 56
2月 15, 2026 9:07:03 下午 spec.jbb.JBBmain DoARun -> 信息:   started user thread for Warehouse 57
2月 15, 2026 9:07:03 下午 spec.jbb.JBBmain DoARun -> 信息:   started user thread for Warehouse 58
2月 15, 2026 9:07:03 下午 spec.jbb.JBBmain DoARun -> 信息:   started user thread for Warehouse 59
2月 15, 2026 9:07:03 下午 spec.jbb.JBBmain DoARun -> 信息:   started user thread for Warehouse 60
2月 15, 2026 9:07:03 下午 spec.jbb.JBBmain DoARun -> 信息:   started user thread for Warehouse 61
2月 15, 2026 9:07:03 下午 spec.jbb.JBBmain DoARun -> 信息:   started user thread for Warehouse 62
2月 15, 2026 9:07:03 下午 spec.jbb.JBBmain DoARun -> 信息:   started user thread for Warehouse 63
2月 15, 2026 9:07:03 下午 spec.jbb.JBBmain DoARun -> 信息:   started user thread for Warehouse 64
2月 15, 2026 9:07:03 下午 spec.jbb.JBBmain DoARun -> 信息:   started user thread for Warehouse 65
2月 15, 2026 9:07:03 下午 spec.jbb.JBBmain DoARun -> 信息:   started user thread for Warehouse 66
2月 15, 2026 9:07:03 下午 spec.jbb.JBBmain DoARun -> 信息:   started user thread for Warehouse 67
2月 15, 2026 9:07:03 下午 spec.jbb.JBBmain DoARun -> 信息:   started user thread for Warehouse 68
2月 15, 2026 9:07:03 下午 spec.jbb.JBBmain DoARun -> 信息:   started user thread for Warehouse 69
2月 15, 2026 9:07:03 下午 spec.jbb.JBBmain DoARun -> 信息:   started user thread for Warehouse 70
2月 15, 2026 9:07:03 下午 spec.jbb.JBBmain DoARun -> 信息:   started user thread for Warehouse 71
2月 15, 2026 9:07:03 下午 spec.jbb.JBBmain DoARun -> 信息:   started user thread for Warehouse 72
2月 15, 2026 9:07:03 下午 spec.jbb.JBBmain DoARun -> 信息:   started user thread for Warehouse 73
2月 15, 2026 9:07:03 下午 spec.jbb.JBBmain DoARun -> 信息:   started user thread for Warehouse 74
2月 15, 2026 9:07:03 下午 spec.jbb.JBBmain DoARun -> 信息:   started user thread for Warehouse 75
2月 15, 2026 9:07:03 下午 spec.jbb.JBBmain DoARun -> 信息:   started user thread for Warehouse 76
2月 15, 2026 9:07:03 下午 spec.jbb.JBBmain DoARun -> 信息:   started user thread for Warehouse 77
2月 15, 2026 9:07:03 下午 spec.jbb.JBBmain DoARun -> 信息:   started user thread for Warehouse 78
2月 15, 2026 9:07:03 下午 spec.jbb.JBBmain DoARun -> 信息:   started user thread for Warehouse 79
2月 15, 2026 9:07:03 下午 spec.jbb.JBBmain DoARun -> 信息:   started user thread for Warehouse 80
2月 15, 2026 9:07:03 下午 spec.jbb.JBBmain DoARun -> 信息:   started user thread for Warehouse 81
2月 15, 2026 9:07:03 下午 spec.jbb.JBBmain DoARun -> 信息:   started user thread for Warehouse 82
2月 15, 2026 9:07:03 下午 spec.jbb.JBBmain DoARun -> 信息:   started user thread for Warehouse 83
2月 15, 2026 9:07:03 下午 spec.jbb.JBBmain DoARun -> 信息:   started user thread for Warehouse 84
2月 15, 2026 9:07:03 下午 spec.jbb.JBBmain DoARun -> 信息:   started user thread for Warehouse 85
2月 15, 2026 9:07:03 下午 spec.jbb.JBBmain DoARun -> 信息:   started user thread for Warehouse 86
2月 15, 2026 9:07:03 下午 spec.jbb.JBBmain DoARun -> 信息:   started user thread for Warehouse 87
2月 15, 2026 9:07:03 下午 spec.jbb.JBBmain DoARun -> 信息:   started user thread for Warehouse 88
2月 15, 2026 9:07:03 下午 spec.jbb.JBBmain DoARun -> 信息:   started user thread for Warehouse 89
2月 15, 2026 9:07:03 下午 spec.jbb.JBBmain DoARun -> 信息:   started user thread for Warehouse 90
2月 15, 2026 9:07:03 下午 spec.jbb.JBBmain DoARun -> 信息:   started user thread for Warehouse 91
2月 15, 2026 9:07:03 下午 spec.jbb.Company displayResultTotals -> 信息: Timing Measurement began Sun Feb 15 21:07:03 CST 2026 for 4 minutes
2月 15, 2026 9:11:03 下午 spec.jbb.Company displayResultTotals -> 信息: Timing Measurement ended Sun Feb 15 21:11:03 CST 2026
2月 15, 2026 9:11:03 下午 spec.jbb.Company primeWithDummyData -> 信息: Loading Warehouse 92...
2月 15, 2026 9:11:03 下午 spec.jbb.JBBmain DoARun -> 信息: Start User Threads
2月 15, 2026 9:11:03 下午 spec.jbb.JBBmain DoARun -> 信息:   started user thread for Warehouse 1
2月 15, 2026 9:11:03 下午 spec.jbb.JBBmain DoARun -> 信息:   started user thread for Warehouse 2
2月 15, 2026 9:11:03 下午 spec.jbb.JBBmain DoARun -> 信息:   started user thread for Warehouse 3
2月 15, 2026 9:11:03 下午 spec.jbb.JBBmain DoARun -> 信息:   started user thread for Warehouse 4
2月 15, 2026 9:11:03 下午 spec.jbb.JBBmain DoARun -> 信息:   started user thread for Warehouse 5
2月 15, 2026 9:11:03 下午 spec.jbb.JBBmain DoARun -> 信息:   started user thread for Warehouse 6
2月 15, 2026 9:11:03 下午 spec.jbb.JBBmain DoARun -> 信息:   started user thread for Warehouse 7
2月 15, 2026 9:11:03 下午 spec.jbb.JBBmain DoARun -> 信息:   started user thread for Warehouse 8
2月 15, 2026 9:11:03 下午 spec.jbb.JBBmain DoARun -> 信息:   started user thread for Warehouse 9
2月 15, 2026 9:11:03 下午 spec.jbb.JBBmain DoARun -> 信息:   started user thread for Warehouse 10
2月 15, 2026 9:11:03 下午 spec.jbb.JBBmain DoARun -> 信息:   started user thread for Warehouse 11
2月 15, 2026 9:11:03 下午 spec.jbb.JBBmain DoARun -> 信息:   started user thread for Warehouse 12
2月 15, 2026 9:11:03 下午 spec.jbb.JBBmain DoARun -> 信息:   started user thread for Warehouse 13
2月 15, 2026 9:11:03 下午 spec.jbb.JBBmain DoARun -> 信息:   started user thread for Warehouse 14
2月 15, 2026 9:11:03 下午 spec.jbb.JBBmain DoARun -> 信息:   started user thread for Warehouse 15
2月 15, 2026 9:11:03 下午 spec.jbb.JBBmain DoARun -> 信息:   started user thread for Warehouse 16
2月 15, 2026 9:11:03 下午 spec.jbb.JBBmain DoARun -> 信息:   started user thread for Warehouse 17
2月 15, 2026 9:11:03 下午 spec.jbb.JBBmain DoARun -> 信息:   started user thread for Warehouse 18
2月 15, 2026 9:11:03 下午 spec.jbb.JBBmain DoARun -> 信息:   started user thread for Warehouse 19
2月 15, 2026 9:11:03 下午 spec.jbb.JBBmain DoARun -> 信息:   started user thread for Warehouse 20
2月 15, 2026 9:11:03 下午 spec.jbb.JBBmain DoARun -> 信息:   started user thread for Warehouse 21
2月 15, 2026 9:11:03 下午 spec.jbb.JBBmain DoARun -> 信息:   started user thread for Warehouse 22
2月 15, 2026 9:11:03 下午 spec.jbb.JBBmain DoARun -> 信息:   started user thread for Warehouse 23
2月 15, 2026 9:11:03 下午 spec.jbb.JBBmain DoARun -> 信息:   started user thread for Warehouse 24
2月 15, 2026 9:11:03 下午 spec.jbb.JBBmain DoARun -> 信息:   started user thread for Warehouse 25
2月 15, 2026 9:11:03 下午 spec.jbb.JBBmain DoARun -> 信息:   started user thread for Warehouse 26
2月 15, 2026 9:11:03 下午 spec.jbb.JBBmain DoARun -> 信息:   started user thread for Warehouse 27
2月 15, 2026 9:11:03 下午 spec.jbb.JBBmain DoARun -> 信息:   started user thread for Warehouse 28
2月 15, 2026 9:11:03 下午 spec.jbb.JBBmain DoARun -> 信息:   started user thread for Warehouse 29
2月 15, 2026 9:11:03 下午 spec.jbb.JBBmain DoARun -> 信息:   started user thread for Warehouse 30
2月 15, 2026 9:11:03 下午 spec.jbb.JBBmain DoARun -> 信息:   started user thread for Warehouse 31
2月 15, 2026 9:11:03 下午 spec.jbb.JBBmain DoARun -> 信息:   started user thread for Warehouse 32
2月 15, 2026 9:11:03 下午 spec.jbb.JBBmain DoARun -> 信息:   started user thread for Warehouse 33
2月 15, 2026 9:11:03 下午 spec.jbb.JBBmain DoARun -> 信息:   started user thread for Warehouse 34
2月 15, 2026 9:11:03 下午 spec.jbb.JBBmain DoARun -> 信息:   started user thread for Warehouse 35
2月 15, 2026 9:11:03 下午 spec.jbb.JBBmain DoARun -> 信息:   started user thread for Warehouse 36
2月 15, 2026 9:11:03 下午 spec.jbb.JBBmain DoARun -> 信息:   started user thread for Warehouse 37
2月 15, 2026 9:11:03 下午 spec.jbb.JBBmain DoARun -> 信息:   started user thread for Warehouse 38
2月 15, 2026 9:11:03 下午 spec.jbb.JBBmain DoARun -> 信息:   started user thread for Warehouse 39
2月 15, 2026 9:11:03 下午 spec.jbb.JBBmain DoARun -> 信息:   started user thread for Warehouse 40
2月 15, 2026 9:11:03 下午 spec.jbb.JBBmain DoARun -> 信息:   started user thread for Warehouse 41
2月 15, 2026 9:11:03 下午 spec.jbb.JBBmain DoARun -> 信息:   started user thread for Warehouse 42
2月 15, 2026 9:11:03 下午 spec.jbb.JBBmain DoARun -> 信息:   started user thread for Warehouse 43
2月 15, 2026 9:11:03 下午 spec.jbb.JBBmain DoARun -> 信息:   started user thread for Warehouse 44
2月 15, 2026 9:11:03 下午 spec.jbb.JBBmain DoARun -> 信息:   started user thread for Warehouse 45
2月 15, 2026 9:11:03 下午 spec.jbb.JBBmain DoARun -> 信息:   started user thread for Warehouse 46
2月 15, 2026 9:11:03 下午 spec.jbb.JBBmain DoARun -> 信息:   started user thread for Warehouse 47
2月 15, 2026 9:11:03 下午 spec.jbb.JBBmain DoARun -> 信息:   started user thread for Warehouse 48
2月 15, 2026 9:11:03 下午 spec.jbb.JBBmain DoARun -> 信息:   started user thread for Warehouse 49
2月 15, 2026 9:11:03 下午 spec.jbb.JBBmain DoARun -> 信息:   started user thread for Warehouse 50
2月 15, 2026 9:11:03 下午 spec.jbb.JBBmain DoARun -> 信息:   started user thread for Warehouse 51
2月 15, 2026 9:11:03 下午 spec.jbb.JBBmain DoARun -> 信息:   started user thread for Warehouse 52
2月 15, 2026 9:11:03 下午 spec.jbb.JBBmain DoARun -> 信息:   started user thread for Warehouse 53
2月 15, 2026 9:11:03 下午 spec.jbb.JBBmain DoARun -> 信息:   started user thread for Warehouse 54
2月 15, 2026 9:11:03 下午 spec.jbb.JBBmain DoARun -> 信息:   started user thread for Warehouse 55
2月 15, 2026 9:11:03 下午 spec.jbb.JBBmain DoARun -> 信息:   started user thread for Warehouse 56
2月 15, 2026 9:11:03 下午 spec.jbb.JBBmain DoARun -> 信息:   started user thread for Warehouse 57
2月 15, 2026 9:11:03 下午 spec.jbb.JBBmain DoARun -> 信息:   started user thread for Warehouse 58
2月 15, 2026 9:11:03 下午 spec.jbb.JBBmain DoARun -> 信息:   started user thread for Warehouse 59
2月 15, 2026 9:11:03 下午 spec.jbb.JBBmain DoARun -> 信息:   started user thread for Warehouse 60
2月 15, 2026 9:11:03 下午 spec.jbb.JBBmain DoARun -> 信息:   started user thread for Warehouse 61
2月 15, 2026 9:11:03 下午 spec.jbb.JBBmain DoARun -> 信息:   started user thread for Warehouse 62
2月 15, 2026 9:11:03 下午 spec.jbb.JBBmain DoARun -> 信息:   started user thread for Warehouse 63
2月 15, 2026 9:11:03 下午 spec.jbb.JBBmain DoARun -> 信息:   started user thread for Warehouse 64
2月 15, 2026 9:11:03 下午 spec.jbb.JBBmain DoARun -> 信息:   started user thread for Warehouse 65
2月 15, 2026 9:11:03 下午 spec.jbb.JBBmain DoARun -> 信息:   started user thread for Warehouse 66
2月 15, 2026 9:11:03 下午 spec.jbb.JBBmain DoARun -> 信息:   started user thread for Warehouse 67
2月 15, 2026 9:11:03 下午 spec.jbb.JBBmain DoARun -> 信息:   started user thread for Warehouse 68
2月 15, 2026 9:11:03 下午 spec.jbb.JBBmain DoARun -> 信息:   started user thread for Warehouse 69
2月 15, 2026 9:11:03 下午 spec.jbb.JBBmain DoARun -> 信息:   started user thread for Warehouse 70
2月 15, 2026 9:11:03 下午 spec.jbb.JBBmain DoARun -> 信息:   started user thread for Warehouse 71
2月 15, 2026 9:11:03 下午 spec.jbb.JBBmain DoARun -> 信息:   started user thread for Warehouse 72
2月 15, 2026 9:11:03 下午 spec.jbb.JBBmain DoARun -> 信息:   started user thread for Warehouse 73
2月 15, 2026 9:11:03 下午 spec.jbb.JBBmain DoARun -> 信息:   started user thread for Warehouse 74
2月 15, 2026 9:11:03 下午 spec.jbb.JBBmain DoARun -> 信息:   started user thread for Warehouse 75
2月 15, 2026 9:11:03 下午 spec.jbb.JBBmain DoARun -> 信息:   started user thread for Warehouse 76
2月 15, 2026 9:11:03 下午 spec.jbb.JBBmain DoARun -> 信息:   started user thread for Warehouse 77
2月 15, 2026 9:11:03 下午 spec.jbb.JBBmain DoARun -> 信息:   started user thread for Warehouse 78
2月 15, 2026 9:11:03 下午 spec.jbb.JBBmain DoARun -> 信息:   started user thread for Warehouse 79
2月 15, 2026 9:11:03 下午 spec.jbb.JBBmain DoARun -> 信息:   started user thread for Warehouse 80
2月 15, 2026 9:11:03 下午 spec.jbb.JBBmain DoARun -> 信息:   started user thread for Warehouse 81
2月 15, 2026 9:11:03 下午 spec.jbb.JBBmain DoARun -> 信息:   started user thread for Warehouse 82
2月 15, 2026 9:11:03 下午 spec.jbb.JBBmain DoARun -> 信息:   started user thread for Warehouse 83
2月 15, 2026 9:11:03 下午 spec.jbb.JBBmain DoARun -> 信息:   started user thread for Warehouse 84
2月 15, 2026 9:11:03 下午 spec.jbb.JBBmain DoARun -> 信息:   started user thread for Warehouse 85
2月 15, 2026 9:11:03 下午 spec.jbb.JBBmain DoARun -> 信息:   started user thread for Warehouse 86
2月 15, 2026 9:11:03 下午 spec.jbb.JBBmain DoARun -> 信息:   started user thread for Warehouse 87
2月 15, 2026 9:11:03 下午 spec.jbb.JBBmain DoARun -> 信息:   started user thread for Warehouse 88
2月 15, 2026 9:11:03 下午 spec.jbb.JBBmain DoARun -> 信息:   started user thread for Warehouse 89
2月 15, 2026 9:11:03 下午 spec.jbb.JBBmain DoARun -> 信息:   started user thread for Warehouse 90
2月 15, 2026 9:11:03 下午 spec.jbb.JBBmain DoARun -> 信息:   started user thread for Warehouse 91
2月 15, 2026 9:11:03 下午 spec.jbb.JBBmain DoARun -> 信息:   started user thread for Warehouse 92
2月 15, 2026 9:11:03 下午 spec.jbb.Company displayResultTotals -> 信息: Timing Measurement began Sun Feb 15 21:11:03 CST 2026 for 4 minutes
2月 15, 2026 9:15:03 下午 spec.jbb.Company displayResultTotals -> 信息: Timing Measurement ended Sun Feb 15 21:15:03 CST 2026
2月 15, 2026 9:15:04 下午 spec.jbb.Company primeWithDummyData -> 信息: Loading Warehouse 93...
2月 15, 2026 9:15:04 下午 spec.jbb.JBBmain DoARun -> 信息: Start User Threads
2月 15, 2026 9:15:04 下午 spec.jbb.JBBmain DoARun -> 信息:   started user thread for Warehouse 1
2月 15, 2026 9:15:04 下午 spec.jbb.JBBmain DoARun -> 信息:   started user thread for Warehouse 2
2月 15, 2026 9:15:04 下午 spec.jbb.JBBmain DoARun -> 信息:   started user thread for Warehouse 3
2月 15, 2026 9:15:04 下午 spec.jbb.JBBmain DoARun -> 信息:   started user thread for Warehouse 4
2月 15, 2026 9:15:04 下午 spec.jbb.JBBmain DoARun -> 信息:   started user thread for Warehouse 5
2月 15, 2026 9:15:04 下午 spec.jbb.JBBmain DoARun -> 信息:   started user thread for Warehouse 6
2月 15, 2026 9:15:04 下午 spec.jbb.JBBmain DoARun -> 信息:   started user thread for Warehouse 7
2月 15, 2026 9:15:04 下午 spec.jbb.JBBmain DoARun -> 信息:   started user thread for Warehouse 8
2月 15, 2026 9:15:04 下午 spec.jbb.JBBmain DoARun -> 信息:   started user thread for Warehouse 9
2月 15, 2026 9:15:04 下午 spec.jbb.JBBmain DoARun -> 信息:   started user thread for Warehouse 10
2月 15, 2026 9:15:04 下午 spec.jbb.JBBmain DoARun -> 信息:   started user thread for Warehouse 11
2月 15, 2026 9:15:04 下午 spec.jbb.JBBmain DoARun -> 信息:   started user thread for Warehouse 12
2月 15, 2026 9:15:04 下午 spec.jbb.JBBmain DoARun -> 信息:   started user thread for Warehouse 13
2月 15, 2026 9:15:04 下午 spec.jbb.JBBmain DoARun -> 信息:   started user thread for Warehouse 14
2月 15, 2026 9:15:04 下午 spec.jbb.JBBmain DoARun -> 信息:   started user thread for Warehouse 15
2月 15, 2026 9:15:04 下午 spec.jbb.JBBmain DoARun -> 信息:   started user thread for Warehouse 16
2月 15, 2026 9:15:04 下午 spec.jbb.JBBmain DoARun -> 信息:   started user thread for Warehouse 17
2月 15, 2026 9:15:04 下午 spec.jbb.JBBmain DoARun -> 信息:   started user thread for Warehouse 18
2月 15, 2026 9:15:04 下午 spec.jbb.JBBmain DoARun -> 信息:   started user thread for Warehouse 19
2月 15, 2026 9:15:04 下午 spec.jbb.JBBmain DoARun -> 信息:   started user thread for Warehouse 20
2月 15, 2026 9:15:04 下午 spec.jbb.JBBmain DoARun -> 信息:   started user thread for Warehouse 21
2月 15, 2026 9:15:04 下午 spec.jbb.JBBmain DoARun -> 信息:   started user thread for Warehouse 22
2月 15, 2026 9:15:04 下午 spec.jbb.JBBmain DoARun -> 信息:   started user thread for Warehouse 23
2月 15, 2026 9:15:04 下午 spec.jbb.JBBmain DoARun -> 信息:   started user thread for Warehouse 24
2月 15, 2026 9:15:04 下午 spec.jbb.JBBmain DoARun -> 信息:   started user thread for Warehouse 25
2月 15, 2026 9:15:04 下午 spec.jbb.JBBmain DoARun -> 信息:   started user thread for Warehouse 26
2月 15, 2026 9:15:04 下午 spec.jbb.JBBmain DoARun -> 信息:   started user thread for Warehouse 27
2月 15, 2026 9:15:04 下午 spec.jbb.JBBmain DoARun -> 信息:   started user thread for Warehouse 28
2月 15, 2026 9:15:04 下午 spec.jbb.JBBmain DoARun -> 信息:   started user thread for Warehouse 29
2月 15, 2026 9:15:04 下午 spec.jbb.JBBmain DoARun -> 信息:   started user thread for Warehouse 30
2月 15, 2026 9:15:04 下午 spec.jbb.JBBmain DoARun -> 信息:   started user thread for Warehouse 31
2月 15, 2026 9:15:04 下午 spec.jbb.JBBmain DoARun -> 信息:   started user thread for Warehouse 32
2月 15, 2026 9:15:04 下午 spec.jbb.JBBmain DoARun -> 信息:   started user thread for Warehouse 33
2月 15, 2026 9:15:04 下午 spec.jbb.JBBmain DoARun -> 信息:   started user thread for Warehouse 34
2月 15, 2026 9:15:04 下午 spec.jbb.JBBmain DoARun -> 信息:   started user thread for Warehouse 35
2月 15, 2026 9:15:04 下午 spec.jbb.JBBmain DoARun -> 信息:   started user thread for Warehouse 36
2月 15, 2026 9:15:04 下午 spec.jbb.JBBmain DoARun -> 信息:   started user thread for Warehouse 37
2月 15, 2026 9:15:04 下午 spec.jbb.JBBmain DoARun -> 信息:   started user thread for Warehouse 38
2月 15, 2026 9:15:04 下午 spec.jbb.JBBmain DoARun -> 信息:   started user thread for Warehouse 39
2月 15, 2026 9:15:04 下午 spec.jbb.JBBmain DoARun -> 信息:   started user thread for Warehouse 40
2月 15, 2026 9:15:04 下午 spec.jbb.JBBmain DoARun -> 信息:   started user thread for Warehouse 41
2月 15, 2026 9:15:04 下午 spec.jbb.JBBmain DoARun -> 信息:   started user thread for Warehouse 42
2月 15, 2026 9:15:04 下午 spec.jbb.JBBmain DoARun -> 信息:   started user thread for Warehouse 43
2月 15, 2026 9:15:04 下午 spec.jbb.JBBmain DoARun -> 信息:   started user thread for Warehouse 44
2月 15, 2026 9:15:04 下午 spec.jbb.JBBmain DoARun -> 信息:   started user thread for Warehouse 45
2月 15, 2026 9:15:04 下午 spec.jbb.JBBmain DoARun -> 信息:   started user thread for Warehouse 46
2月 15, 2026 9:15:04 下午 spec.jbb.JBBmain DoARun -> 信息:   started user thread for Warehouse 47
2月 15, 2026 9:15:04 下午 spec.jbb.JBBmain DoARun -> 信息:   started user thread for Warehouse 48
2月 15, 2026 9:15:04 下午 spec.jbb.JBBmain DoARun -> 信息:   started user thread for Warehouse 49
2月 15, 2026 9:15:04 下午 spec.jbb.JBBmain DoARun -> 信息:   started user thread for Warehouse 50
2月 15, 2026 9:15:04 下午 spec.jbb.JBBmain DoARun -> 信息:   started user thread for Warehouse 51
2月 15, 2026 9:15:04 下午 spec.jbb.JBBmain DoARun -> 信息:   started user thread for Warehouse 52
2月 15, 2026 9:15:04 下午 spec.jbb.JBBmain DoARun -> 信息:   started user thread for Warehouse 53
2月 15, 2026 9:15:04 下午 spec.jbb.JBBmain DoARun -> 信息:   started user thread for Warehouse 54
2月 15, 2026 9:15:04 下午 spec.jbb.JBBmain DoARun -> 信息:   started user thread for Warehouse 55
2月 15, 2026 9:15:04 下午 spec.jbb.JBBmain DoARun -> 信息:   started user thread for Warehouse 56
2月 15, 2026 9:15:04 下午 spec.jbb.JBBmain DoARun -> 信息:   started user thread for Warehouse 57
2月 15, 2026 9:15:04 下午 spec.jbb.JBBmain DoARun -> 信息:   started user thread for Warehouse 58
2月 15, 2026 9:15:04 下午 spec.jbb.JBBmain DoARun -> 信息:   started user thread for Warehouse 59
2月 15, 2026 9:15:04 下午 spec.jbb.JBBmain DoARun -> 信息:   started user thread for Warehouse 60
2月 15, 2026 9:15:04 下午 spec.jbb.JBBmain DoARun -> 信息:   started user thread for Warehouse 61
2月 15, 2026 9:15:04 下午 spec.jbb.JBBmain DoARun -> 信息:   started user thread for Warehouse 62
2月 15, 2026 9:15:04 下午 spec.jbb.JBBmain DoARun -> 信息:   started user thread for Warehouse 63
2月 15, 2026 9:15:04 下午 spec.jbb.JBBmain DoARun -> 信息:   started user thread for Warehouse 64
2月 15, 2026 9:15:04 下午 spec.jbb.JBBmain DoARun -> 信息:   started user thread for Warehouse 65
2月 15, 2026 9:15:04 下午 spec.jbb.JBBmain DoARun -> 信息:   started user thread for Warehouse 66
2月 15, 2026 9:15:04 下午 spec.jbb.JBBmain DoARun -> 信息:   started user thread for Warehouse 67
2月 15, 2026 9:15:04 下午 spec.jbb.JBBmain DoARun -> 信息:   started user thread for Warehouse 68
2月 15, 2026 9:15:04 下午 spec.jbb.JBBmain DoARun -> 信息:   started user thread for Warehouse 69
2月 15, 2026 9:15:04 下午 spec.jbb.JBBmain DoARun -> 信息:   started user thread for Warehouse 70
2月 15, 2026 9:15:04 下午 spec.jbb.JBBmain DoARun -> 信息:   started user thread for Warehouse 71
2月 15, 2026 9:15:04 下午 spec.jbb.JBBmain DoARun -> 信息:   started user thread for Warehouse 72
2月 15, 2026 9:15:04 下午 spec.jbb.JBBmain DoARun -> 信息:   started user thread for Warehouse 73
2月 15, 2026 9:15:04 下午 spec.jbb.JBBmain DoARun -> 信息:   started user thread for Warehouse 74
2月 15, 2026 9:15:04 下午 spec.jbb.JBBmain DoARun -> 信息:   started user thread for Warehouse 75
2月 15, 2026 9:15:04 下午 spec.jbb.JBBmain DoARun -> 信息:   started user thread for Warehouse 76
2月 15, 2026 9:15:04 下午 spec.jbb.JBBmain DoARun -> 信息:   started user thread for Warehouse 77
2月 15, 2026 9:15:04 下午 spec.jbb.JBBmain DoARun -> 信息:   started user thread for Warehouse 78
2月 15, 2026 9:15:04 下午 spec.jbb.JBBmain DoARun -> 信息:   started user thread for Warehouse 79
2月 15, 2026 9:15:04 下午 spec.jbb.JBBmain DoARun -> 信息:   started user thread for Warehouse 80
2月 15, 2026 9:15:04 下午 spec.jbb.JBBmain DoARun -> 信息:   started user thread for Warehouse 81
2月 15, 2026 9:15:04 下午 spec.jbb.JBBmain DoARun -> 信息:   started user thread for Warehouse 82
2月 15, 2026 9:15:04 下午 spec.jbb.JBBmain DoARun -> 信息:   started user thread for Warehouse 83
2月 15, 2026 9:15:04 下午 spec.jbb.JBBmain DoARun -> 信息:   started user thread for Warehouse 84
2月 15, 2026 9:15:04 下午 spec.jbb.JBBmain DoARun -> 信息:   started user thread for Warehouse 85
2月 15, 2026 9:15:04 下午 spec.jbb.JBBmain DoARun -> 信息:   started user thread for Warehouse 86
2月 15, 2026 9:15:04 下午 spec.jbb.JBBmain DoARun -> 信息:   started user thread for Warehouse 87
2月 15, 2026 9:15:04 下午 spec.jbb.JBBmain DoARun -> 信息:   started user thread for Warehouse 88
2月 15, 2026 9:15:04 下午 spec.jbb.JBBmain DoARun -> 信息:   started user thread for Warehouse 89
2月 15, 2026 9:15:04 下午 spec.jbb.JBBmain DoARun -> 信息:   started user thread for Warehouse 90
2月 15, 2026 9:15:04 下午 spec.jbb.JBBmain DoARun -> 信息:   started user thread for Warehouse 91
2月 15, 2026 9:15:04 下午 spec.jbb.JBBmain DoARun -> 信息:   started user thread for Warehouse 92
2月 15, 2026 9:15:04 下午 spec.jbb.JBBmain DoARun -> 信息:   started user thread for Warehouse 93
2月 15, 2026 9:15:04 下午 spec.jbb.Company displayResultTotals -> 信息: Timing Measurement began Sun Feb 15 21:15:04 CST 2026 for 4 minutes
2月 15, 2026 9:19:04 下午 spec.jbb.Company displayResultTotals -> 信息: Timing Measurement ended Sun Feb 15 21:19:04 CST 2026
2月 15, 2026 9:19:04 下午 spec.jbb.Company primeWithDummyData -> 信息: Loading Warehouse 94...
2月 15, 2026 9:19:04 下午 spec.jbb.JBBmain DoARun -> 信息: Start User Threads
2月 15, 2026 9:19:04 下午 spec.jbb.JBBmain DoARun -> 信息:   started user thread for Warehouse 1
2月 15, 2026 9:19:04 下午 spec.jbb.JBBmain DoARun -> 信息:   started user thread for Warehouse 2
2月 15, 2026 9:19:04 下午 spec.jbb.JBBmain DoARun -> 信息:   started user thread for Warehouse 3
2月 15, 2026 9:19:04 下午 spec.jbb.JBBmain DoARun -> 信息:   started user thread for Warehouse 4
2月 15, 2026 9:19:04 下午 spec.jbb.JBBmain DoARun -> 信息:   started user thread for Warehouse 5
2月 15, 2026 9:19:04 下午 spec.jbb.JBBmain DoARun -> 信息:   started user thread for Warehouse 6
2月 15, 2026 9:19:04 下午 spec.jbb.JBBmain DoARun -> 信息:   started user thread for Warehouse 7
2月 15, 2026 9:19:04 下午 spec.jbb.JBBmain DoARun -> 信息:   started user thread for Warehouse 8
2月 15, 2026 9:19:04 下午 spec.jbb.JBBmain DoARun -> 信息:   started user thread for Warehouse 9
2月 15, 2026 9:19:04 下午 spec.jbb.JBBmain DoARun -> 信息:   started user thread for Warehouse 10
2月 15, 2026 9:19:04 下午 spec.jbb.JBBmain DoARun -> 信息:   started user thread for Warehouse 11
2月 15, 2026 9:19:04 下午 spec.jbb.JBBmain DoARun -> 信息:   started user thread for Warehouse 12
2月 15, 2026 9:19:04 下午 spec.jbb.JBBmain DoARun -> 信息:   started user thread for Warehouse 13
2月 15, 2026 9:19:04 下午 spec.jbb.JBBmain DoARun -> 信息:   started user thread for Warehouse 14
2月 15, 2026 9:19:04 下午 spec.jbb.JBBmain DoARun -> 信息:   started user thread for Warehouse 15
2月 15, 2026 9:19:04 下午 spec.jbb.JBBmain DoARun -> 信息:   started user thread for Warehouse 16
2月 15, 2026 9:19:04 下午 spec.jbb.JBBmain DoARun -> 信息:   started user thread for Warehouse 17
2月 15, 2026 9:19:04 下午 spec.jbb.JBBmain DoARun -> 信息:   started user thread for Warehouse 18
2月 15, 2026 9:19:04 下午 spec.jbb.JBBmain DoARun -> 信息:   started user thread for Warehouse 19
2月 15, 2026 9:19:04 下午 spec.jbb.JBBmain DoARun -> 信息:   started user thread for Warehouse 20
2月 15, 2026 9:19:04 下午 spec.jbb.JBBmain DoARun -> 信息:   started user thread for Warehouse 21
2月 15, 2026 9:19:04 下午 spec.jbb.JBBmain DoARun -> 信息:   started user thread for Warehouse 22
2月 15, 2026 9:19:04 下午 spec.jbb.JBBmain DoARun -> 信息:   started user thread for Warehouse 23
2月 15, 2026 9:19:04 下午 spec.jbb.JBBmain DoARun -> 信息:   started user thread for Warehouse 24
2月 15, 2026 9:19:04 下午 spec.jbb.JBBmain DoARun -> 信息:   started user thread for Warehouse 25
2月 15, 2026 9:19:04 下午 spec.jbb.JBBmain DoARun -> 信息:   started user thread for Warehouse 26
2月 15, 2026 9:19:04 下午 spec.jbb.JBBmain DoARun -> 信息:   started user thread for Warehouse 27
2月 15, 2026 9:19:04 下午 spec.jbb.JBBmain DoARun -> 信息:   started user thread for Warehouse 28
2月 15, 2026 9:19:04 下午 spec.jbb.JBBmain DoARun -> 信息:   started user thread for Warehouse 29
2月 15, 2026 9:19:04 下午 spec.jbb.JBBmain DoARun -> 信息:   started user thread for Warehouse 30
2月 15, 2026 9:19:04 下午 spec.jbb.JBBmain DoARun -> 信息:   started user thread for Warehouse 31
2月 15, 2026 9:19:04 下午 spec.jbb.JBBmain DoARun -> 信息:   started user thread for Warehouse 32
2月 15, 2026 9:19:04 下午 spec.jbb.JBBmain DoARun -> 信息:   started user thread for Warehouse 33
2月 15, 2026 9:19:04 下午 spec.jbb.JBBmain DoARun -> 信息:   started user thread for Warehouse 34
2月 15, 2026 9:19:04 下午 spec.jbb.JBBmain DoARun -> 信息:   started user thread for Warehouse 35
2月 15, 2026 9:19:04 下午 spec.jbb.JBBmain DoARun -> 信息:   started user thread for Warehouse 36
2月 15, 2026 9:19:04 下午 spec.jbb.JBBmain DoARun -> 信息:   started user thread for Warehouse 37
2月 15, 2026 9:19:04 下午 spec.jbb.JBBmain DoARun -> 信息:   started user thread for Warehouse 38
2月 15, 2026 9:19:04 下午 spec.jbb.JBBmain DoARun -> 信息:   started user thread for Warehouse 39
2月 15, 2026 9:19:04 下午 spec.jbb.JBBmain DoARun -> 信息:   started user thread for Warehouse 40
2月 15, 2026 9:19:04 下午 spec.jbb.JBBmain DoARun -> 信息:   started user thread for Warehouse 41
2月 15, 2026 9:19:04 下午 spec.jbb.JBBmain DoARun -> 信息:   started user thread for Warehouse 42
2月 15, 2026 9:19:04 下午 spec.jbb.JBBmain DoARun -> 信息:   started user thread for Warehouse 43
2月 15, 2026 9:19:04 下午 spec.jbb.JBBmain DoARun -> 信息:   started user thread for Warehouse 44
2月 15, 2026 9:19:04 下午 spec.jbb.JBBmain DoARun -> 信息:   started user thread for Warehouse 45
2月 15, 2026 9:19:04 下午 spec.jbb.JBBmain DoARun -> 信息:   started user thread for Warehouse 46
2月 15, 2026 9:19:04 下午 spec.jbb.JBBmain DoARun -> 信息:   started user thread for Warehouse 47
2月 15, 2026 9:19:04 下午 spec.jbb.JBBmain DoARun -> 信息:   started user thread for Warehouse 48
2月 15, 2026 9:19:04 下午 spec.jbb.JBBmain DoARun -> 信息:   started user thread for Warehouse 49
2月 15, 2026 9:19:04 下午 spec.jbb.JBBmain DoARun -> 信息:   started user thread for Warehouse 50
2月 15, 2026 9:19:04 下午 spec.jbb.JBBmain DoARun -> 信息:   started user thread for Warehouse 51
2月 15, 2026 9:19:04 下午 spec.jbb.JBBmain DoARun -> 信息:   started user thread for Warehouse 52
2月 15, 2026 9:19:04 下午 spec.jbb.JBBmain DoARun -> 信息:   started user thread for Warehouse 53
2月 15, 2026 9:19:04 下午 spec.jbb.JBBmain DoARun -> 信息:   started user thread for Warehouse 54
2月 15, 2026 9:19:04 下午 spec.jbb.JBBmain DoARun -> 信息:   started user thread for Warehouse 55
2月 15, 2026 9:19:04 下午 spec.jbb.JBBmain DoARun -> 信息:   started user thread for Warehouse 56
2月 15, 2026 9:19:04 下午 spec.jbb.JBBmain DoARun -> 信息:   started user thread for Warehouse 57
2月 15, 2026 9:19:04 下午 spec.jbb.JBBmain DoARun -> 信息:   started user thread for Warehouse 58
2月 15, 2026 9:19:04 下午 spec.jbb.JBBmain DoARun -> 信息:   started user thread for Warehouse 59
2月 15, 2026 9:19:04 下午 spec.jbb.JBBmain DoARun -> 信息:   started user thread for Warehouse 60
2月 15, 2026 9:19:04 下午 spec.jbb.JBBmain DoARun -> 信息:   started user thread for Warehouse 61
2月 15, 2026 9:19:04 下午 spec.jbb.JBBmain DoARun -> 信息:   started user thread for Warehouse 62
2月 15, 2026 9:19:04 下午 spec.jbb.JBBmain DoARun -> 信息:   started user thread for Warehouse 63
2月 15, 2026 9:19:04 下午 spec.jbb.JBBmain DoARun -> 信息:   started user thread for Warehouse 64
2月 15, 2026 9:19:04 下午 spec.jbb.JBBmain DoARun -> 信息:   started user thread for Warehouse 65
2月 15, 2026 9:19:04 下午 spec.jbb.JBBmain DoARun -> 信息:   started user thread for Warehouse 66
2月 15, 2026 9:19:04 下午 spec.jbb.JBBmain DoARun -> 信息:   started user thread for Warehouse 67
2月 15, 2026 9:19:04 下午 spec.jbb.JBBmain DoARun -> 信息:   started user thread for Warehouse 68
2月 15, 2026 9:19:04 下午 spec.jbb.JBBmain DoARun -> 信息:   started user thread for Warehouse 69
2月 15, 2026 9:19:04 下午 spec.jbb.JBBmain DoARun -> 信息:   started user thread for Warehouse 70
2月 15, 2026 9:19:04 下午 spec.jbb.JBBmain DoARun -> 信息:   started user thread for Warehouse 71
2月 15, 2026 9:19:04 下午 spec.jbb.JBBmain DoARun -> 信息:   started user thread for Warehouse 72
2月 15, 2026 9:19:04 下午 spec.jbb.JBBmain DoARun -> 信息:   started user thread for Warehouse 73
2月 15, 2026 9:19:04 下午 spec.jbb.JBBmain DoARun -> 信息:   started user thread for Warehouse 74
2月 15, 2026 9:19:04 下午 spec.jbb.JBBmain DoARun -> 信息:   started user thread for Warehouse 75
2月 15, 2026 9:19:04 下午 spec.jbb.JBBmain DoARun -> 信息:   started user thread for Warehouse 76
2月 15, 2026 9:19:04 下午 spec.jbb.JBBmain DoARun -> 信息:   started user thread for Warehouse 77
2月 15, 2026 9:19:04 下午 spec.jbb.JBBmain DoARun -> 信息:   started user thread for Warehouse 78
2月 15, 2026 9:19:04 下午 spec.jbb.JBBmain DoARun -> 信息:   started user thread for Warehouse 79
2月 15, 2026 9:19:04 下午 spec.jbb.JBBmain DoARun -> 信息:   started user thread for Warehouse 80
2月 15, 2026 9:19:04 下午 spec.jbb.JBBmain DoARun -> 信息:   started user thread for Warehouse 81
2月 15, 2026 9:19:04 下午 spec.jbb.JBBmain DoARun -> 信息:   started user thread for Warehouse 82
2月 15, 2026 9:19:04 下午 spec.jbb.JBBmain DoARun -> 信息:   started user thread for Warehouse 83
2月 15, 2026 9:19:04 下午 spec.jbb.JBBmain DoARun -> 信息:   started user thread for Warehouse 84
2月 15, 2026 9:19:04 下午 spec.jbb.JBBmain DoARun -> 信息:   started user thread for Warehouse 85
2月 15, 2026 9:19:04 下午 spec.jbb.JBBmain DoARun -> 信息:   started user thread for Warehouse 86
2月 15, 2026 9:19:04 下午 spec.jbb.JBBmain DoARun -> 信息:   started user thread for Warehouse 87
2月 15, 2026 9:19:04 下午 spec.jbb.JBBmain DoARun -> 信息:   started user thread for Warehouse 88
2月 15, 2026 9:19:04 下午 spec.jbb.JBBmain DoARun -> 信息:   started user thread for Warehouse 89
2月 15, 2026 9:19:04 下午 spec.jbb.JBBmain DoARun -> 信息:   started user thread for Warehouse 90
2月 15, 2026 9:19:04 下午 spec.jbb.JBBmain DoARun -> 信息:   started user thread for Warehouse 91
2月 15, 2026 9:19:04 下午 spec.jbb.JBBmain DoARun -> 信息:   started user thread for Warehouse 92
2月 15, 2026 9:19:04 下午 spec.jbb.JBBmain DoARun -> 信息:   started user thread for Warehouse 93
2月 15, 2026 9:19:04 下午 spec.jbb.JBBmain DoARun -> 信息:   started user thread for Warehouse 94
2月 15, 2026 9:19:04 下午 spec.jbb.Company displayResultTotals -> 信息: Timing Measurement began Sun Feb 15 21:19:04 CST 2026 for 4 minutes
2月 15, 2026 9:23:04 下午 spec.jbb.Company displayResultTotals -> 信息: Timing Measurement ended Sun Feb 15 21:23:04 CST 2026
2月 15, 2026 9:23:04 下午 spec.jbb.Company primeWithDummyData -> 信息: Loading Warehouse 95...
2月 15, 2026 9:23:04 下午 spec.jbb.JBBmain DoARun -> 信息: Start User Threads
2月 15, 2026 9:23:04 下午 spec.jbb.JBBmain DoARun -> 信息:   started user thread for Warehouse 1
2月 15, 2026 9:23:04 下午 spec.jbb.JBBmain DoARun -> 信息:   started user thread for Warehouse 2
2月 15, 2026 9:23:04 下午 spec.jbb.JBBmain DoARun -> 信息:   started user thread for Warehouse 3
2月 15, 2026 9:23:04 下午 spec.jbb.JBBmain DoARun -> 信息:   started user thread for Warehouse 4
2月 15, 2026 9:23:04 下午 spec.jbb.JBBmain DoARun -> 信息:   started user thread for Warehouse 5
2月 15, 2026 9:23:04 下午 spec.jbb.JBBmain DoARun -> 信息:   started user thread for Warehouse 6
2月 15, 2026 9:23:04 下午 spec.jbb.JBBmain DoARun -> 信息:   started user thread for Warehouse 7
2月 15, 2026 9:23:04 下午 spec.jbb.JBBmain DoARun -> 信息:   started user thread for Warehouse 8
2月 15, 2026 9:23:04 下午 spec.jbb.JBBmain DoARun -> 信息:   started user thread for Warehouse 9
2月 15, 2026 9:23:04 下午 spec.jbb.JBBmain DoARun -> 信息:   started user thread for Warehouse 10
2月 15, 2026 9:23:04 下午 spec.jbb.JBBmain DoARun -> 信息:   started user thread for Warehouse 11
2月 15, 2026 9:23:04 下午 spec.jbb.JBBmain DoARun -> 信息:   started user thread for Warehouse 12
2月 15, 2026 9:23:04 下午 spec.jbb.JBBmain DoARun -> 信息:   started user thread for Warehouse 13
2月 15, 2026 9:23:04 下午 spec.jbb.JBBmain DoARun -> 信息:   started user thread for Warehouse 14
2月 15, 2026 9:23:04 下午 spec.jbb.JBBmain DoARun -> 信息:   started user thread for Warehouse 15
2月 15, 2026 9:23:04 下午 spec.jbb.JBBmain DoARun -> 信息:   started user thread for Warehouse 16
2月 15, 2026 9:23:04 下午 spec.jbb.JBBmain DoARun -> 信息:   started user thread for Warehouse 17
2月 15, 2026 9:23:04 下午 spec.jbb.JBBmain DoARun -> 信息:   started user thread for Warehouse 18
2月 15, 2026 9:23:04 下午 spec.jbb.JBBmain DoARun -> 信息:   started user thread for Warehouse 19
2月 15, 2026 9:23:04 下午 spec.jbb.JBBmain DoARun -> 信息:   started user thread for Warehouse 20
2月 15, 2026 9:23:04 下午 spec.jbb.JBBmain DoARun -> 信息:   started user thread for Warehouse 21
2月 15, 2026 9:23:04 下午 spec.jbb.JBBmain DoARun -> 信息:   started user thread for Warehouse 22
2月 15, 2026 9:23:04 下午 spec.jbb.JBBmain DoARun -> 信息:   started user thread for Warehouse 23
2月 15, 2026 9:23:04 下午 spec.jbb.JBBmain DoARun -> 信息:   started user thread for Warehouse 24
2月 15, 2026 9:23:04 下午 spec.jbb.JBBmain DoARun -> 信息:   started user thread for Warehouse 25
2月 15, 2026 9:23:04 下午 spec.jbb.JBBmain DoARun -> 信息:   started user thread for Warehouse 26
2月 15, 2026 9:23:04 下午 spec.jbb.JBBmain DoARun -> 信息:   started user thread for Warehouse 27
2月 15, 2026 9:23:04 下午 spec.jbb.JBBmain DoARun -> 信息:   started user thread for Warehouse 28
2月 15, 2026 9:23:04 下午 spec.jbb.JBBmain DoARun -> 信息:   started user thread for Warehouse 29
2月 15, 2026 9:23:04 下午 spec.jbb.JBBmain DoARun -> 信息:   started user thread for Warehouse 30
2月 15, 2026 9:23:04 下午 spec.jbb.JBBmain DoARun -> 信息:   started user thread for Warehouse 31
2月 15, 2026 9:23:04 下午 spec.jbb.JBBmain DoARun -> 信息:   started user thread for Warehouse 32
2月 15, 2026 9:23:04 下午 spec.jbb.JBBmain DoARun -> 信息:   started user thread for Warehouse 33
2月 15, 2026 9:23:04 下午 spec.jbb.JBBmain DoARun -> 信息:   started user thread for Warehouse 34
2月 15, 2026 9:23:04 下午 spec.jbb.JBBmain DoARun -> 信息:   started user thread for Warehouse 35
2月 15, 2026 9:23:04 下午 spec.jbb.JBBmain DoARun -> 信息:   started user thread for Warehouse 36
2月 15, 2026 9:23:04 下午 spec.jbb.JBBmain DoARun -> 信息:   started user thread for Warehouse 37
2月 15, 2026 9:23:04 下午 spec.jbb.JBBmain DoARun -> 信息:   started user thread for Warehouse 38
2月 15, 2026 9:23:04 下午 spec.jbb.JBBmain DoARun -> 信息:   started user thread for Warehouse 39
2月 15, 2026 9:23:04 下午 spec.jbb.JBBmain DoARun -> 信息:   started user thread for Warehouse 40
2月 15, 2026 9:23:04 下午 spec.jbb.JBBmain DoARun -> 信息:   started user thread for Warehouse 41
2月 15, 2026 9:23:04 下午 spec.jbb.JBBmain DoARun -> 信息:   started user thread for Warehouse 42
2月 15, 2026 9:23:04 下午 spec.jbb.JBBmain DoARun -> 信息:   started user thread for Warehouse 43
2月 15, 2026 9:23:04 下午 spec.jbb.JBBmain DoARun -> 信息:   started user thread for Warehouse 44
2月 15, 2026 9:23:04 下午 spec.jbb.JBBmain DoARun -> 信息:   started user thread for Warehouse 45
2月 15, 2026 9:23:04 下午 spec.jbb.JBBmain DoARun -> 信息:   started user thread for Warehouse 46
2月 15, 2026 9:23:04 下午 spec.jbb.JBBmain DoARun -> 信息:   started user thread for Warehouse 47
2月 15, 2026 9:23:04 下午 spec.jbb.JBBmain DoARun -> 信息:   started user thread for Warehouse 48
2月 15, 2026 9:23:04 下午 spec.jbb.JBBmain DoARun -> 信息:   started user thread for Warehouse 49
2月 15, 2026 9:23:04 下午 spec.jbb.JBBmain DoARun -> 信息:   started user thread for Warehouse 50
2月 15, 2026 9:23:04 下午 spec.jbb.JBBmain DoARun -> 信息:   started user thread for Warehouse 51
2月 15, 2026 9:23:04 下午 spec.jbb.JBBmain DoARun -> 信息:   started user thread for Warehouse 52
2月 15, 2026 9:23:04 下午 spec.jbb.JBBmain DoARun -> 信息:   started user thread for Warehouse 53
2月 15, 2026 9:23:04 下午 spec.jbb.JBBmain DoARun -> 信息:   started user thread for Warehouse 54
2月 15, 2026 9:23:04 下午 spec.jbb.JBBmain DoARun -> 信息:   started user thread for Warehouse 55
2月 15, 2026 9:23:04 下午 spec.jbb.JBBmain DoARun -> 信息:   started user thread for Warehouse 56
2月 15, 2026 9:23:04 下午 spec.jbb.JBBmain DoARun -> 信息:   started user thread for Warehouse 57
2月 15, 2026 9:23:04 下午 spec.jbb.JBBmain DoARun -> 信息:   started user thread for Warehouse 58
2月 15, 2026 9:23:04 下午 spec.jbb.JBBmain DoARun -> 信息:   started user thread for Warehouse 59
2月 15, 2026 9:23:04 下午 spec.jbb.JBBmain DoARun -> 信息:   started user thread for Warehouse 60
2月 15, 2026 9:23:04 下午 spec.jbb.JBBmain DoARun -> 信息:   started user thread for Warehouse 61
2月 15, 2026 9:23:04 下午 spec.jbb.JBBmain DoARun -> 信息:   started user thread for Warehouse 62
2月 15, 2026 9:23:04 下午 spec.jbb.JBBmain DoARun -> 信息:   started user thread for Warehouse 63
2月 15, 2026 9:23:04 下午 spec.jbb.JBBmain DoARun -> 信息:   started user thread for Warehouse 64
2月 15, 2026 9:23:04 下午 spec.jbb.JBBmain DoARun -> 信息:   started user thread for Warehouse 65
2月 15, 2026 9:23:04 下午 spec.jbb.JBBmain DoARun -> 信息:   started user thread for Warehouse 66
2月 15, 2026 9:23:04 下午 spec.jbb.JBBmain DoARun -> 信息:   started user thread for Warehouse 67
2月 15, 2026 9:23:04 下午 spec.jbb.JBBmain DoARun -> 信息:   started user thread for Warehouse 68
2月 15, 2026 9:23:04 下午 spec.jbb.JBBmain DoARun -> 信息:   started user thread for Warehouse 69
2月 15, 2026 9:23:04 下午 spec.jbb.JBBmain DoARun -> 信息:   started user thread for Warehouse 70
2月 15, 2026 9:23:04 下午 spec.jbb.JBBmain DoARun -> 信息:   started user thread for Warehouse 71
2月 15, 2026 9:23:04 下午 spec.jbb.JBBmain DoARun -> 信息:   started user thread for Warehouse 72
2月 15, 2026 9:23:04 下午 spec.jbb.JBBmain DoARun -> 信息:   started user thread for Warehouse 73
2月 15, 2026 9:23:04 下午 spec.jbb.JBBmain DoARun -> 信息:   started user thread for Warehouse 74
2月 15, 2026 9:23:04 下午 spec.jbb.JBBmain DoARun -> 信息:   started user thread for Warehouse 75
2月 15, 2026 9:23:04 下午 spec.jbb.JBBmain DoARun -> 信息:   started user thread for Warehouse 76
2月 15, 2026 9:23:04 下午 spec.jbb.JBBmain DoARun -> 信息:   started user thread for Warehouse 77
2月 15, 2026 9:23:04 下午 spec.jbb.JBBmain DoARun -> 信息:   started user thread for Warehouse 78
2月 15, 2026 9:23:04 下午 spec.jbb.JBBmain DoARun -> 信息:   started user thread for Warehouse 79
2月 15, 2026 9:23:04 下午 spec.jbb.JBBmain DoARun -> 信息:   started user thread for Warehouse 80
2月 15, 2026 9:23:04 下午 spec.jbb.JBBmain DoARun -> 信息:   started user thread for Warehouse 81
2月 15, 2026 9:23:04 下午 spec.jbb.JBBmain DoARun -> 信息:   started user thread for Warehouse 82
2月 15, 2026 9:23:04 下午 spec.jbb.JBBmain DoARun -> 信息:   started user thread for Warehouse 83
2月 15, 2026 9:23:04 下午 spec.jbb.JBBmain DoARun -> 信息:   started user thread for Warehouse 84
2月 15, 2026 9:23:04 下午 spec.jbb.JBBmain DoARun -> 信息:   started user thread for Warehouse 85
2月 15, 2026 9:23:04 下午 spec.jbb.JBBmain DoARun -> 信息:   started user thread for Warehouse 86
2月 15, 2026 9:23:04 下午 spec.jbb.JBBmain DoARun -> 信息:   started user thread for Warehouse 87
2月 15, 2026 9:23:04 下午 spec.jbb.JBBmain DoARun -> 信息:   started user thread for Warehouse 88
2月 15, 2026 9:23:04 下午 spec.jbb.JBBmain DoARun -> 信息:   started user thread for Warehouse 89
2月 15, 2026 9:23:04 下午 spec.jbb.JBBmain DoARun -> 信息:   started user thread for Warehouse 90
2月 15, 2026 9:23:04 下午 spec.jbb.JBBmain DoARun -> 信息:   started user thread for Warehouse 91
2月 15, 2026 9:23:04 下午 spec.jbb.JBBmain DoARun -> 信息:   started user thread for Warehouse 92
2月 15, 2026 9:23:04 下午 spec.jbb.JBBmain DoARun -> 信息:   started user thread for Warehouse 93
2月 15, 2026 9:23:04 下午 spec.jbb.JBBmain DoARun -> 信息:   started user thread for Warehouse 94
2月 15, 2026 9:23:04 下午 spec.jbb.JBBmain DoARun -> 信息:   started user thread for Warehouse 95
2月 15, 2026 9:23:04 下午 spec.jbb.Company displayResultTotals -> 信息: Timing Measurement began Sun Feb 15 21:23:04 CST 2026 for 4 minutes
2月 15, 2026 9:27:04 下午 spec.jbb.Company displayResultTotals -> 信息: Timing Measurement ended Sun Feb 15 21:27:04 CST 2026
2月 15, 2026 9:27:04 下午 spec.jbb.Company primeWithDummyData -> 信息: Loading Warehouse 96...
2月 15, 2026 9:27:04 下午 spec.jbb.JBBmain DoARun -> 信息: Start User Threads
2月 15, 2026 9:27:04 下午 spec.jbb.JBBmain DoARun -> 信息:   started user thread for Warehouse 1
2月 15, 2026 9:27:04 下午 spec.jbb.JBBmain DoARun -> 信息:   started user thread for Warehouse 2
2月 15, 2026 9:27:04 下午 spec.jbb.JBBmain DoARun -> 信息:   started user thread for Warehouse 3
2月 15, 2026 9:27:04 下午 spec.jbb.JBBmain DoARun -> 信息:   started user thread for Warehouse 4
2月 15, 2026 9:27:04 下午 spec.jbb.JBBmain DoARun -> 信息:   started user thread for Warehouse 5
2月 15, 2026 9:27:04 下午 spec.jbb.JBBmain DoARun -> 信息:   started user thread for Warehouse 6
2月 15, 2026 9:27:04 下午 spec.jbb.JBBmain DoARun -> 信息:   started user thread for Warehouse 7
2月 15, 2026 9:27:04 下午 spec.jbb.JBBmain DoARun -> 信息:   started user thread for Warehouse 8
2月 15, 2026 9:27:04 下午 spec.jbb.JBBmain DoARun -> 信息:   started user thread for Warehouse 9
2月 15, 2026 9:27:04 下午 spec.jbb.JBBmain DoARun -> 信息:   started user thread for Warehouse 10
2月 15, 2026 9:27:04 下午 spec.jbb.JBBmain DoARun -> 信息:   started user thread for Warehouse 11
2月 15, 2026 9:27:04 下午 spec.jbb.JBBmain DoARun -> 信息:   started user thread for Warehouse 12
2月 15, 2026 9:27:04 下午 spec.jbb.JBBmain DoARun -> 信息:   started user thread for Warehouse 13
2月 15, 2026 9:27:04 下午 spec.jbb.JBBmain DoARun -> 信息:   started user thread for Warehouse 14
2月 15, 2026 9:27:04 下午 spec.jbb.JBBmain DoARun -> 信息:   started user thread for Warehouse 15
2月 15, 2026 9:27:04 下午 spec.jbb.JBBmain DoARun -> 信息:   started user thread for Warehouse 16
2月 15, 2026 9:27:04 下午 spec.jbb.JBBmain DoARun -> 信息:   started user thread for Warehouse 17
2月 15, 2026 9:27:04 下午 spec.jbb.JBBmain DoARun -> 信息:   started user thread for Warehouse 18
2月 15, 2026 9:27:04 下午 spec.jbb.JBBmain DoARun -> 信息:   started user thread for Warehouse 19
2月 15, 2026 9:27:04 下午 spec.jbb.JBBmain DoARun -> 信息:   started user thread for Warehouse 20
2月 15, 2026 9:27:04 下午 spec.jbb.JBBmain DoARun -> 信息:   started user thread for Warehouse 21
2月 15, 2026 9:27:04 下午 spec.jbb.JBBmain DoARun -> 信息:   started user thread for Warehouse 22
2月 15, 2026 9:27:04 下午 spec.jbb.JBBmain DoARun -> 信息:   started user thread for Warehouse 23
2月 15, 2026 9:27:04 下午 spec.jbb.JBBmain DoARun -> 信息:   started user thread for Warehouse 24
2月 15, 2026 9:27:04 下午 spec.jbb.JBBmain DoARun -> 信息:   started user thread for Warehouse 25
2月 15, 2026 9:27:04 下午 spec.jbb.JBBmain DoARun -> 信息:   started user thread for Warehouse 26
2月 15, 2026 9:27:04 下午 spec.jbb.JBBmain DoARun -> 信息:   started user thread for Warehouse 27
2月 15, 2026 9:27:04 下午 spec.jbb.JBBmain DoARun -> 信息:   started user thread for Warehouse 28
2月 15, 2026 9:27:04 下午 spec.jbb.JBBmain DoARun -> 信息:   started user thread for Warehouse 29
2月 15, 2026 9:27:04 下午 spec.jbb.JBBmain DoARun -> 信息:   started user thread for Warehouse 30
2月 15, 2026 9:27:04 下午 spec.jbb.JBBmain DoARun -> 信息:   started user thread for Warehouse 31
2月 15, 2026 9:27:04 下午 spec.jbb.JBBmain DoARun -> 信息:   started user thread for Warehouse 32
2月 15, 2026 9:27:04 下午 spec.jbb.JBBmain DoARun -> 信息:   started user thread for Warehouse 33
2月 15, 2026 9:27:04 下午 spec.jbb.JBBmain DoARun -> 信息:   started user thread for Warehouse 34
2月 15, 2026 9:27:04 下午 spec.jbb.JBBmain DoARun -> 信息:   started user thread for Warehouse 35
2月 15, 2026 9:27:04 下午 spec.jbb.JBBmain DoARun -> 信息:   started user thread for Warehouse 36
2月 15, 2026 9:27:04 下午 spec.jbb.JBBmain DoARun -> 信息:   started user thread for Warehouse 37
2月 15, 2026 9:27:04 下午 spec.jbb.JBBmain DoARun -> 信息:   started user thread for Warehouse 38
2月 15, 2026 9:27:04 下午 spec.jbb.JBBmain DoARun -> 信息:   started user thread for Warehouse 39
2月 15, 2026 9:27:04 下午 spec.jbb.JBBmain DoARun -> 信息:   started user thread for Warehouse 40
2月 15, 2026 9:27:04 下午 spec.jbb.JBBmain DoARun -> 信息:   started user thread for Warehouse 41
2月 15, 2026 9:27:04 下午 spec.jbb.JBBmain DoARun -> 信息:   started user thread for Warehouse 42
2月 15, 2026 9:27:04 下午 spec.jbb.JBBmain DoARun -> 信息:   started user thread for Warehouse 43
2月 15, 2026 9:27:04 下午 spec.jbb.JBBmain DoARun -> 信息:   started user thread for Warehouse 44
2月 15, 2026 9:27:04 下午 spec.jbb.JBBmain DoARun -> 信息:   started user thread for Warehouse 45
2月 15, 2026 9:27:04 下午 spec.jbb.JBBmain DoARun -> 信息:   started user thread for Warehouse 46
2月 15, 2026 9:27:04 下午 spec.jbb.JBBmain DoARun -> 信息:   started user thread for Warehouse 47
2月 15, 2026 9:27:04 下午 spec.jbb.JBBmain DoARun -> 信息:   started user thread for Warehouse 48
2月 15, 2026 9:27:04 下午 spec.jbb.JBBmain DoARun -> 信息:   started user thread for Warehouse 49
2月 15, 2026 9:27:04 下午 spec.jbb.JBBmain DoARun -> 信息:   started user thread for Warehouse 50
2月 15, 2026 9:27:04 下午 spec.jbb.JBBmain DoARun -> 信息:   started user thread for Warehouse 51
2月 15, 2026 9:27:04 下午 spec.jbb.JBBmain DoARun -> 信息:   started user thread for Warehouse 52
2月 15, 2026 9:27:04 下午 spec.jbb.JBBmain DoARun -> 信息:   started user thread for Warehouse 53
2月 15, 2026 9:27:04 下午 spec.jbb.JBBmain DoARun -> 信息:   started user thread for Warehouse 54
2月 15, 2026 9:27:04 下午 spec.jbb.JBBmain DoARun -> 信息:   started user thread for Warehouse 55
2月 15, 2026 9:27:04 下午 spec.jbb.JBBmain DoARun -> 信息:   started user thread for Warehouse 56
2月 15, 2026 9:27:04 下午 spec.jbb.JBBmain DoARun -> 信息:   started user thread for Warehouse 57
2月 15, 2026 9:27:04 下午 spec.jbb.JBBmain DoARun -> 信息:   started user thread for Warehouse 58
2月 15, 2026 9:27:04 下午 spec.jbb.JBBmain DoARun -> 信息:   started user thread for Warehouse 59
2月 15, 2026 9:27:04 下午 spec.jbb.JBBmain DoARun -> 信息:   started user thread for Warehouse 60
2月 15, 2026 9:27:04 下午 spec.jbb.JBBmain DoARun -> 信息:   started user thread for Warehouse 61
2月 15, 2026 9:27:04 下午 spec.jbb.JBBmain DoARun -> 信息:   started user thread for Warehouse 62
2月 15, 2026 9:27:04 下午 spec.jbb.JBBmain DoARun -> 信息:   started user thread for Warehouse 63
2月 15, 2026 9:27:04 下午 spec.jbb.JBBmain DoARun -> 信息:   started user thread for Warehouse 64
2月 15, 2026 9:27:04 下午 spec.jbb.JBBmain DoARun -> 信息:   started user thread for Warehouse 65
2月 15, 2026 9:27:04 下午 spec.jbb.JBBmain DoARun -> 信息:   started user thread for Warehouse 66
2月 15, 2026 9:27:04 下午 spec.jbb.JBBmain DoARun -> 信息:   started user thread for Warehouse 67
2月 15, 2026 9:27:04 下午 spec.jbb.JBBmain DoARun -> 信息:   started user thread for Warehouse 68
2月 15, 2026 9:27:04 下午 spec.jbb.JBBmain DoARun -> 信息:   started user thread for Warehouse 69
2月 15, 2026 9:27:04 下午 spec.jbb.JBBmain DoARun -> 信息:   started user thread for Warehouse 70
2月 15, 2026 9:27:04 下午 spec.jbb.JBBmain DoARun -> 信息:   started user thread for Warehouse 71
2月 15, 2026 9:27:04 下午 spec.jbb.JBBmain DoARun -> 信息:   started user thread for Warehouse 72
2月 15, 2026 9:27:04 下午 spec.jbb.JBBmain DoARun -> 信息:   started user thread for Warehouse 73
2月 15, 2026 9:27:04 下午 spec.jbb.JBBmain DoARun -> 信息:   started user thread for Warehouse 74
2月 15, 2026 9:27:04 下午 spec.jbb.JBBmain DoARun -> 信息:   started user thread for Warehouse 75
2月 15, 2026 9:27:04 下午 spec.jbb.JBBmain DoARun -> 信息:   started user thread for Warehouse 76
2月 15, 2026 9:27:04 下午 spec.jbb.JBBmain DoARun -> 信息:   started user thread for Warehouse 77
2月 15, 2026 9:27:04 下午 spec.jbb.JBBmain DoARun -> 信息:   started user thread for Warehouse 78
2月 15, 2026 9:27:04 下午 spec.jbb.JBBmain DoARun -> 信息:   started user thread for Warehouse 79
2月 15, 2026 9:27:04 下午 spec.jbb.JBBmain DoARun -> 信息:   started user thread for Warehouse 80
2月 15, 2026 9:27:04 下午 spec.jbb.JBBmain DoARun -> 信息:   started user thread for Warehouse 81
2月 15, 2026 9:27:04 下午 spec.jbb.JBBmain DoARun -> 信息:   started user thread for Warehouse 82
2月 15, 2026 9:27:04 下午 spec.jbb.JBBmain DoARun -> 信息:   started user thread for Warehouse 83
2月 15, 2026 9:27:04 下午 spec.jbb.JBBmain DoARun -> 信息:   started user thread for Warehouse 84
2月 15, 2026 9:27:04 下午 spec.jbb.JBBmain DoARun -> 信息:   started user thread for Warehouse 85
2月 15, 2026 9:27:04 下午 spec.jbb.JBBmain DoARun -> 信息:   started user thread for Warehouse 86
2月 15, 2026 9:27:04 下午 spec.jbb.JBBmain DoARun -> 信息:   started user thread for Warehouse 87
2月 15, 2026 9:27:04 下午 spec.jbb.JBBmain DoARun -> 信息:   started user thread for Warehouse 88
2月 15, 2026 9:27:04 下午 spec.jbb.JBBmain DoARun -> 信息:   started user thread for Warehouse 89
2月 15, 2026 9:27:04 下午 spec.jbb.JBBmain DoARun -> 信息:   started user thread for Warehouse 90
2月 15, 2026 9:27:04 下午 spec.jbb.JBBmain DoARun -> 信息:   started user thread for Warehouse 91
2月 15, 2026 9:27:04 下午 spec.jbb.JBBmain DoARun -> 信息:   started user thread for Warehouse 92
2月 15, 2026 9:27:04 下午 spec.jbb.JBBmain DoARun -> 信息:   started user thread for Warehouse 93
2月 15, 2026 9:27:04 下午 spec.jbb.JBBmain DoARun -> 信息:   started user thread for Warehouse 94
2月 15, 2026 9:27:04 下午 spec.jbb.JBBmain DoARun -> 信息:   started user thread for Warehouse 95
2月 15, 2026 9:27:04 下午 spec.jbb.JBBmain DoARun -> 信息:   started user thread for Warehouse 96
2月 15, 2026 9:27:04 下午 spec.jbb.Company displayResultTotals -> 信息: Timing Measurement began Sun Feb 15 21:27:04 CST 2026 for 4 minutes
2月 15, 2026 9:31:04 下午 spec.jbb.Company displayResultTotals -> 信息: Timing Measurement ended Sun Feb 15 21:31:04 CST 2026
2月 15, 2026 9:31:04 下午 spec.jbb.Company primeWithDummyData -> 信息: Loading Warehouse 97...
2月 15, 2026 9:31:05 下午 spec.jbb.JBBmain DoARun -> 信息: Start User Threads
2月 15, 2026 9:31:05 下午 spec.jbb.JBBmain DoARun -> 信息:   started user thread for Warehouse 1
2月 15, 2026 9:31:05 下午 spec.jbb.JBBmain DoARun -> 信息:   started user thread for Warehouse 2
2月 15, 2026 9:31:05 下午 spec.jbb.JBBmain DoARun -> 信息:   started user thread for Warehouse 3
2月 15, 2026 9:31:05 下午 spec.jbb.JBBmain DoARun -> 信息:   started user thread for Warehouse 4
2月 15, 2026 9:31:05 下午 spec.jbb.JBBmain DoARun -> 信息:   started user thread for Warehouse 5
2月 15, 2026 9:31:05 下午 spec.jbb.JBBmain DoARun -> 信息:   started user thread for Warehouse 6
2月 15, 2026 9:31:05 下午 spec.jbb.JBBmain DoARun -> 信息:   started user thread for Warehouse 7
2月 15, 2026 9:31:05 下午 spec.jbb.JBBmain DoARun -> 信息:   started user thread for Warehouse 8
2月 15, 2026 9:31:05 下午 spec.jbb.JBBmain DoARun -> 信息:   started user thread for Warehouse 9
2月 15, 2026 9:31:05 下午 spec.jbb.JBBmain DoARun -> 信息:   started user thread for Warehouse 10
2月 15, 2026 9:31:05 下午 spec.jbb.JBBmain DoARun -> 信息:   started user thread for Warehouse 11
2月 15, 2026 9:31:05 下午 spec.jbb.JBBmain DoARun -> 信息:   started user thread for Warehouse 12
2月 15, 2026 9:31:05 下午 spec.jbb.JBBmain DoARun -> 信息:   started user thread for Warehouse 13
2月 15, 2026 9:31:05 下午 spec.jbb.JBBmain DoARun -> 信息:   started user thread for Warehouse 14
2月 15, 2026 9:31:05 下午 spec.jbb.JBBmain DoARun -> 信息:   started user thread for Warehouse 15
2月 15, 2026 9:31:05 下午 spec.jbb.JBBmain DoARun -> 信息:   started user thread for Warehouse 16
2月 15, 2026 9:31:05 下午 spec.jbb.JBBmain DoARun -> 信息:   started user thread for Warehouse 17
2月 15, 2026 9:31:05 下午 spec.jbb.JBBmain DoARun -> 信息:   started user thread for Warehouse 18
2月 15, 2026 9:31:05 下午 spec.jbb.JBBmain DoARun -> 信息:   started user thread for Warehouse 19
2月 15, 2026 9:31:05 下午 spec.jbb.JBBmain DoARun -> 信息:   started user thread for Warehouse 20
2月 15, 2026 9:31:05 下午 spec.jbb.JBBmain DoARun -> 信息:   started user thread for Warehouse 21
2月 15, 2026 9:31:05 下午 spec.jbb.JBBmain DoARun -> 信息:   started user thread for Warehouse 22
2月 15, 2026 9:31:05 下午 spec.jbb.JBBmain DoARun -> 信息:   started user thread for Warehouse 23
2月 15, 2026 9:31:05 下午 spec.jbb.JBBmain DoARun -> 信息:   started user thread for Warehouse 24
2月 15, 2026 9:31:05 下午 spec.jbb.JBBmain DoARun -> 信息:   started user thread for Warehouse 25
2月 15, 2026 9:31:05 下午 spec.jbb.JBBmain DoARun -> 信息:   started user thread for Warehouse 26
2月 15, 2026 9:31:05 下午 spec.jbb.JBBmain DoARun -> 信息:   started user thread for Warehouse 27
2月 15, 2026 9:31:05 下午 spec.jbb.JBBmain DoARun -> 信息:   started user thread for Warehouse 28
2月 15, 2026 9:31:05 下午 spec.jbb.JBBmain DoARun -> 信息:   started user thread for Warehouse 29
2月 15, 2026 9:31:05 下午 spec.jbb.JBBmain DoARun -> 信息:   started user thread for Warehouse 30
2月 15, 2026 9:31:05 下午 spec.jbb.JBBmain DoARun -> 信息:   started user thread for Warehouse 31
2月 15, 2026 9:31:05 下午 spec.jbb.JBBmain DoARun -> 信息:   started user thread for Warehouse 32
2月 15, 2026 9:31:05 下午 spec.jbb.JBBmain DoARun -> 信息:   started user thread for Warehouse 33
2月 15, 2026 9:31:05 下午 spec.jbb.JBBmain DoARun -> 信息:   started user thread for Warehouse 34
2月 15, 2026 9:31:05 下午 spec.jbb.JBBmain DoARun -> 信息:   started user thread for Warehouse 35
2月 15, 2026 9:31:05 下午 spec.jbb.JBBmain DoARun -> 信息:   started user thread for Warehouse 36
2月 15, 2026 9:31:05 下午 spec.jbb.JBBmain DoARun -> 信息:   started user thread for Warehouse 37
2月 15, 2026 9:31:05 下午 spec.jbb.JBBmain DoARun -> 信息:   started user thread for Warehouse 38
2月 15, 2026 9:31:05 下午 spec.jbb.JBBmain DoARun -> 信息:   started user thread for Warehouse 39
2月 15, 2026 9:31:05 下午 spec.jbb.JBBmain DoARun -> 信息:   started user thread for Warehouse 40
2月 15, 2026 9:31:05 下午 spec.jbb.JBBmain DoARun -> 信息:   started user thread for Warehouse 41
2月 15, 2026 9:31:05 下午 spec.jbb.JBBmain DoARun -> 信息:   started user thread for Warehouse 42
2月 15, 2026 9:31:05 下午 spec.jbb.JBBmain DoARun -> 信息:   started user thread for Warehouse 43
2月 15, 2026 9:31:05 下午 spec.jbb.JBBmain DoARun -> 信息:   started user thread for Warehouse 44
2月 15, 2026 9:31:05 下午 spec.jbb.JBBmain DoARun -> 信息:   started user thread for Warehouse 45
2月 15, 2026 9:31:05 下午 spec.jbb.JBBmain DoARun -> 信息:   started user thread for Warehouse 46
2月 15, 2026 9:31:05 下午 spec.jbb.JBBmain DoARun -> 信息:   started user thread for Warehouse 47
2月 15, 2026 9:31:05 下午 spec.jbb.JBBmain DoARun -> 信息:   started user thread for Warehouse 48
2月 15, 2026 9:31:05 下午 spec.jbb.JBBmain DoARun -> 信息:   started user thread for Warehouse 49
2月 15, 2026 9:31:05 下午 spec.jbb.JBBmain DoARun -> 信息:   started user thread for Warehouse 50
2月 15, 2026 9:31:05 下午 spec.jbb.JBBmain DoARun -> 信息:   started user thread for Warehouse 51
2月 15, 2026 9:31:05 下午 spec.jbb.JBBmain DoARun -> 信息:   started user thread for Warehouse 52
2月 15, 2026 9:31:05 下午 spec.jbb.JBBmain DoARun -> 信息:   started user thread for Warehouse 53
2月 15, 2026 9:31:05 下午 spec.jbb.JBBmain DoARun -> 信息:   started user thread for Warehouse 54
2月 15, 2026 9:31:05 下午 spec.jbb.JBBmain DoARun -> 信息:   started user thread for Warehouse 55
2月 15, 2026 9:31:05 下午 spec.jbb.JBBmain DoARun -> 信息:   started user thread for Warehouse 56
2月 15, 2026 9:31:05 下午 spec.jbb.JBBmain DoARun -> 信息:   started user thread for Warehouse 57
2月 15, 2026 9:31:05 下午 spec.jbb.JBBmain DoARun -> 信息:   started user thread for Warehouse 58
2月 15, 2026 9:31:05 下午 spec.jbb.JBBmain DoARun -> 信息:   started user thread for Warehouse 59
2月 15, 2026 9:31:05 下午 spec.jbb.JBBmain DoARun -> 信息:   started user thread for Warehouse 60
2月 15, 2026 9:31:05 下午 spec.jbb.JBBmain DoARun -> 信息:   started user thread for Warehouse 61
2月 15, 2026 9:31:05 下午 spec.jbb.JBBmain DoARun -> 信息:   started user thread for Warehouse 62
2月 15, 2026 9:31:05 下午 spec.jbb.JBBmain DoARun -> 信息:   started user thread for Warehouse 63
2月 15, 2026 9:31:05 下午 spec.jbb.JBBmain DoARun -> 信息:   started user thread for Warehouse 64
2月 15, 2026 9:31:05 下午 spec.jbb.JBBmain DoARun -> 信息:   started user thread for Warehouse 65
2月 15, 2026 9:31:05 下午 spec.jbb.JBBmain DoARun -> 信息:   started user thread for Warehouse 66
2月 15, 2026 9:31:05 下午 spec.jbb.JBBmain DoARun -> 信息:   started user thread for Warehouse 67
2月 15, 2026 9:31:05 下午 spec.jbb.JBBmain DoARun -> 信息:   started user thread for Warehouse 68
2月 15, 2026 9:31:05 下午 spec.jbb.JBBmain DoARun -> 信息:   started user thread for Warehouse 69
2月 15, 2026 9:31:05 下午 spec.jbb.JBBmain DoARun -> 信息:   started user thread for Warehouse 70
2月 15, 2026 9:31:05 下午 spec.jbb.JBBmain DoARun -> 信息:   started user thread for Warehouse 71
2月 15, 2026 9:31:05 下午 spec.jbb.JBBmain DoARun -> 信息:   started user thread for Warehouse 72
2月 15, 2026 9:31:05 下午 spec.jbb.JBBmain DoARun -> 信息:   started user thread for Warehouse 73
2月 15, 2026 9:31:05 下午 spec.jbb.JBBmain DoARun -> 信息:   started user thread for Warehouse 74
2月 15, 2026 9:31:05 下午 spec.jbb.JBBmain DoARun -> 信息:   started user thread for Warehouse 75
2月 15, 2026 9:31:05 下午 spec.jbb.JBBmain DoARun -> 信息:   started user thread for Warehouse 76
2月 15, 2026 9:31:05 下午 spec.jbb.JBBmain DoARun -> 信息:   started user thread for Warehouse 77
2月 15, 2026 9:31:05 下午 spec.jbb.JBBmain DoARun -> 信息:   started user thread for Warehouse 78
2月 15, 2026 9:31:05 下午 spec.jbb.JBBmain DoARun -> 信息:   started user thread for Warehouse 79
2月 15, 2026 9:31:05 下午 spec.jbb.JBBmain DoARun -> 信息:   started user thread for Warehouse 80
2月 15, 2026 9:31:05 下午 spec.jbb.JBBmain DoARun -> 信息:   started user thread for Warehouse 81
2月 15, 2026 9:31:05 下午 spec.jbb.JBBmain DoARun -> 信息:   started user thread for Warehouse 82
2月 15, 2026 9:31:05 下午 spec.jbb.JBBmain DoARun -> 信息:   started user thread for Warehouse 83
2月 15, 2026 9:31:05 下午 spec.jbb.JBBmain DoARun -> 信息:   started user thread for Warehouse 84
2月 15, 2026 9:31:05 下午 spec.jbb.JBBmain DoARun -> 信息:   started user thread for Warehouse 85
2月 15, 2026 9:31:05 下午 spec.jbb.JBBmain DoARun -> 信息:   started user thread for Warehouse 86
2月 15, 2026 9:31:05 下午 spec.jbb.JBBmain DoARun -> 信息:   started user thread for Warehouse 87
2月 15, 2026 9:31:05 下午 spec.jbb.JBBmain DoARun -> 信息:   started user thread for Warehouse 88
2月 15, 2026 9:31:05 下午 spec.jbb.JBBmain DoARun -> 信息:   started user thread for Warehouse 89
2月 15, 2026 9:31:05 下午 spec.jbb.JBBmain DoARun -> 信息:   started user thread for Warehouse 90
2月 15, 2026 9:31:05 下午 spec.jbb.JBBmain DoARun -> 信息:   started user thread for Warehouse 91
2月 15, 2026 9:31:05 下午 spec.jbb.JBBmain DoARun -> 信息:   started user thread for Warehouse 92
2月 15, 2026 9:31:05 下午 spec.jbb.JBBmain DoARun -> 信息:   started user thread for Warehouse 93
2月 15, 2026 9:31:05 下午 spec.jbb.JBBmain DoARun -> 信息:   started user thread for Warehouse 94
2月 15, 2026 9:31:05 下午 spec.jbb.JBBmain DoARun -> 信息:   started user thread for Warehouse 95
2月 15, 2026 9:31:05 下午 spec.jbb.JBBmain DoARun -> 信息:   started user thread for Warehouse 96
2月 15, 2026 9:31:05 下午 spec.jbb.JBBmain DoARun -> 信息:   started user thread for Warehouse 97
2月 15, 2026 9:31:05 下午 spec.jbb.Company displayResultTotals -> 信息: Timing Measurement began Sun Feb 15 21:31:05 CST 2026 for 4 minutes
2月 15, 2026 9:35:05 下午 spec.jbb.Company displayResultTotals -> 信息: Timing Measurement ended Sun Feb 15 21:35:05 CST 2026
2月 15, 2026 9:35:05 下午 spec.jbb.Company primeWithDummyData -> 信息: Loading Warehouse 98...
2月 15, 2026 9:35:05 下午 spec.jbb.JBBmain DoARun -> 信息: Start User Threads
2月 15, 2026 9:35:05 下午 spec.jbb.JBBmain DoARun -> 信息:   started user thread for Warehouse 1
2月 15, 2026 9:35:05 下午 spec.jbb.JBBmain DoARun -> 信息:   started user thread for Warehouse 2
2月 15, 2026 9:35:05 下午 spec.jbb.JBBmain DoARun -> 信息:   started user thread for Warehouse 3
2月 15, 2026 9:35:05 下午 spec.jbb.JBBmain DoARun -> 信息:   started user thread for Warehouse 4
2月 15, 2026 9:35:05 下午 spec.jbb.JBBmain DoARun -> 信息:   started user thread for Warehouse 5
2月 15, 2026 9:35:05 下午 spec.jbb.JBBmain DoARun -> 信息:   started user thread for Warehouse 6
2月 15, 2026 9:35:05 下午 spec.jbb.JBBmain DoARun -> 信息:   started user thread for Warehouse 7
2月 15, 2026 9:35:05 下午 spec.jbb.JBBmain DoARun -> 信息:   started user thread for Warehouse 8
2月 15, 2026 9:35:05 下午 spec.jbb.JBBmain DoARun -> 信息:   started user thread for Warehouse 9
2月 15, 2026 9:35:05 下午 spec.jbb.JBBmain DoARun -> 信息:   started user thread for Warehouse 10
2月 15, 2026 9:35:05 下午 spec.jbb.JBBmain DoARun -> 信息:   started user thread for Warehouse 11
2月 15, 2026 9:35:05 下午 spec.jbb.JBBmain DoARun -> 信息:   started user thread for Warehouse 12
2月 15, 2026 9:35:05 下午 spec.jbb.JBBmain DoARun -> 信息:   started user thread for Warehouse 13
2月 15, 2026 9:35:05 下午 spec.jbb.JBBmain DoARun -> 信息:   started user thread for Warehouse 14
2月 15, 2026 9:35:05 下午 spec.jbb.JBBmain DoARun -> 信息:   started user thread for Warehouse 15
2月 15, 2026 9:35:05 下午 spec.jbb.JBBmain DoARun -> 信息:   started user thread for Warehouse 16
2月 15, 2026 9:35:05 下午 spec.jbb.JBBmain DoARun -> 信息:   started user thread for Warehouse 17
2月 15, 2026 9:35:05 下午 spec.jbb.JBBmain DoARun -> 信息:   started user thread for Warehouse 18
2月 15, 2026 9:35:05 下午 spec.jbb.JBBmain DoARun -> 信息:   started user thread for Warehouse 19
2月 15, 2026 9:35:05 下午 spec.jbb.JBBmain DoARun -> 信息:   started user thread for Warehouse 20
2月 15, 2026 9:35:05 下午 spec.jbb.JBBmain DoARun -> 信息:   started user thread for Warehouse 21
2月 15, 2026 9:35:05 下午 spec.jbb.JBBmain DoARun -> 信息:   started user thread for Warehouse 22
2月 15, 2026 9:35:05 下午 spec.jbb.JBBmain DoARun -> 信息:   started user thread for Warehouse 23
2月 15, 2026 9:35:05 下午 spec.jbb.JBBmain DoARun -> 信息:   started user thread for Warehouse 24
2月 15, 2026 9:35:05 下午 spec.jbb.JBBmain DoARun -> 信息:   started user thread for Warehouse 25
2月 15, 2026 9:35:05 下午 spec.jbb.JBBmain DoARun -> 信息:   started user thread for Warehouse 26
2月 15, 2026 9:35:05 下午 spec.jbb.JBBmain DoARun -> 信息:   started user thread for Warehouse 27
2月 15, 2026 9:35:05 下午 spec.jbb.JBBmain DoARun -> 信息:   started user thread for Warehouse 28
2月 15, 2026 9:35:05 下午 spec.jbb.JBBmain DoARun -> 信息:   started user thread for Warehouse 29
2月 15, 2026 9:35:05 下午 spec.jbb.JBBmain DoARun -> 信息:   started user thread for Warehouse 30
2月 15, 2026 9:35:05 下午 spec.jbb.JBBmain DoARun -> 信息:   started user thread for Warehouse 31
2月 15, 2026 9:35:05 下午 spec.jbb.JBBmain DoARun -> 信息:   started user thread for Warehouse 32
2月 15, 2026 9:35:05 下午 spec.jbb.JBBmain DoARun -> 信息:   started user thread for Warehouse 33
2月 15, 2026 9:35:05 下午 spec.jbb.JBBmain DoARun -> 信息:   started user thread for Warehouse 34
2月 15, 2026 9:35:05 下午 spec.jbb.JBBmain DoARun -> 信息:   started user thread for Warehouse 35
2月 15, 2026 9:35:05 下午 spec.jbb.JBBmain DoARun -> 信息:   started user thread for Warehouse 36
2月 15, 2026 9:35:05 下午 spec.jbb.JBBmain DoARun -> 信息:   started user thread for Warehouse 37
2月 15, 2026 9:35:05 下午 spec.jbb.JBBmain DoARun -> 信息:   started user thread for Warehouse 38
2月 15, 2026 9:35:05 下午 spec.jbb.JBBmain DoARun -> 信息:   started user thread for Warehouse 39
2月 15, 2026 9:35:05 下午 spec.jbb.JBBmain DoARun -> 信息:   started user thread for Warehouse 40
2月 15, 2026 9:35:05 下午 spec.jbb.JBBmain DoARun -> 信息:   started user thread for Warehouse 41
2月 15, 2026 9:35:05 下午 spec.jbb.JBBmain DoARun -> 信息:   started user thread for Warehouse 42
2月 15, 2026 9:35:05 下午 spec.jbb.JBBmain DoARun -> 信息:   started user thread for Warehouse 43
2月 15, 2026 9:35:05 下午 spec.jbb.JBBmain DoARun -> 信息:   started user thread for Warehouse 44
2月 15, 2026 9:35:05 下午 spec.jbb.JBBmain DoARun -> 信息:   started user thread for Warehouse 45
2月 15, 2026 9:35:05 下午 spec.jbb.JBBmain DoARun -> 信息:   started user thread for Warehouse 46
2月 15, 2026 9:35:05 下午 spec.jbb.JBBmain DoARun -> 信息:   started user thread for Warehouse 47
2月 15, 2026 9:35:05 下午 spec.jbb.JBBmain DoARun -> 信息:   started user thread for Warehouse 48
2月 15, 2026 9:35:05 下午 spec.jbb.JBBmain DoARun -> 信息:   started user thread for Warehouse 49
2月 15, 2026 9:35:05 下午 spec.jbb.JBBmain DoARun -> 信息:   started user thread for Warehouse 50
2月 15, 2026 9:35:05 下午 spec.jbb.JBBmain DoARun -> 信息:   started user thread for Warehouse 51
2月 15, 2026 9:35:05 下午 spec.jbb.JBBmain DoARun -> 信息:   started user thread for Warehouse 52
2月 15, 2026 9:35:05 下午 spec.jbb.JBBmain DoARun -> 信息:   started user thread for Warehouse 53
2月 15, 2026 9:35:05 下午 spec.jbb.JBBmain DoARun -> 信息:   started user thread for Warehouse 54
2月 15, 2026 9:35:05 下午 spec.jbb.JBBmain DoARun -> 信息:   started user thread for Warehouse 55
2月 15, 2026 9:35:05 下午 spec.jbb.JBBmain DoARun -> 信息:   started user thread for Warehouse 56
2月 15, 2026 9:35:05 下午 spec.jbb.JBBmain DoARun -> 信息:   started user thread for Warehouse 57
2月 15, 2026 9:35:05 下午 spec.jbb.JBBmain DoARun -> 信息:   started user thread for Warehouse 58
2月 15, 2026 9:35:05 下午 spec.jbb.JBBmain DoARun -> 信息:   started user thread for Warehouse 59
2月 15, 2026 9:35:05 下午 spec.jbb.JBBmain DoARun -> 信息:   started user thread for Warehouse 60
2月 15, 2026 9:35:05 下午 spec.jbb.JBBmain DoARun -> 信息:   started user thread for Warehouse 61
2月 15, 2026 9:35:05 下午 spec.jbb.JBBmain DoARun -> 信息:   started user thread for Warehouse 62
2月 15, 2026 9:35:05 下午 spec.jbb.JBBmain DoARun -> 信息:   started user thread for Warehouse 63
2月 15, 2026 9:35:05 下午 spec.jbb.JBBmain DoARun -> 信息:   started user thread for Warehouse 64
2月 15, 2026 9:35:05 下午 spec.jbb.JBBmain DoARun -> 信息:   started user thread for Warehouse 65
2月 15, 2026 9:35:05 下午 spec.jbb.JBBmain DoARun -> 信息:   started user thread for Warehouse 66
2月 15, 2026 9:35:05 下午 spec.jbb.JBBmain DoARun -> 信息:   started user thread for Warehouse 67
2月 15, 2026 9:35:05 下午 spec.jbb.JBBmain DoARun -> 信息:   started user thread for Warehouse 68
2月 15, 2026 9:35:05 下午 spec.jbb.JBBmain DoARun -> 信息:   started user thread for Warehouse 69
2月 15, 2026 9:35:05 下午 spec.jbb.JBBmain DoARun -> 信息:   started user thread for Warehouse 70
2月 15, 2026 9:35:05 下午 spec.jbb.JBBmain DoARun -> 信息:   started user thread for Warehouse 71
2月 15, 2026 9:35:05 下午 spec.jbb.JBBmain DoARun -> 信息:   started user thread for Warehouse 72
2月 15, 2026 9:35:05 下午 spec.jbb.JBBmain DoARun -> 信息:   started user thread for Warehouse 73
2月 15, 2026 9:35:05 下午 spec.jbb.JBBmain DoARun -> 信息:   started user thread for Warehouse 74
2月 15, 2026 9:35:05 下午 spec.jbb.JBBmain DoARun -> 信息:   started user thread for Warehouse 75
2月 15, 2026 9:35:05 下午 spec.jbb.JBBmain DoARun -> 信息:   started user thread for Warehouse 76
2月 15, 2026 9:35:05 下午 spec.jbb.JBBmain DoARun -> 信息:   started user thread for Warehouse 77
2月 15, 2026 9:35:05 下午 spec.jbb.JBBmain DoARun -> 信息:   started user thread for Warehouse 78
2月 15, 2026 9:35:05 下午 spec.jbb.JBBmain DoARun -> 信息:   started user thread for Warehouse 79
2月 15, 2026 9:35:05 下午 spec.jbb.JBBmain DoARun -> 信息:   started user thread for Warehouse 80
2月 15, 2026 9:35:05 下午 spec.jbb.JBBmain DoARun -> 信息:   started user thread for Warehouse 81
2月 15, 2026 9:35:05 下午 spec.jbb.JBBmain DoARun -> 信息:   started user thread for Warehouse 82
2月 15, 2026 9:35:05 下午 spec.jbb.JBBmain DoARun -> 信息:   started user thread for Warehouse 83
2月 15, 2026 9:35:05 下午 spec.jbb.JBBmain DoARun -> 信息:   started user thread for Warehouse 84
2月 15, 2026 9:35:05 下午 spec.jbb.JBBmain DoARun -> 信息:   started user thread for Warehouse 85
2月 15, 2026 9:35:05 下午 spec.jbb.JBBmain DoARun -> 信息:   started user thread for Warehouse 86
2月 15, 2026 9:35:05 下午 spec.jbb.JBBmain DoARun -> 信息:   started user thread for Warehouse 87
2月 15, 2026 9:35:05 下午 spec.jbb.JBBmain DoARun -> 信息:   started user thread for Warehouse 88
2月 15, 2026 9:35:05 下午 spec.jbb.JBBmain DoARun -> 信息:   started user thread for Warehouse 89
2月 15, 2026 9:35:05 下午 spec.jbb.JBBmain DoARun -> 信息:   started user thread for Warehouse 90
2月 15, 2026 9:35:05 下午 spec.jbb.JBBmain DoARun -> 信息:   started user thread for Warehouse 91
2月 15, 2026 9:35:05 下午 spec.jbb.JBBmain DoARun -> 信息:   started user thread for Warehouse 92
2月 15, 2026 9:35:05 下午 spec.jbb.JBBmain DoARun -> 信息:   started user thread for Warehouse 93
2月 15, 2026 9:35:05 下午 spec.jbb.JBBmain DoARun -> 信息:   started user thread for Warehouse 94
2月 15, 2026 9:35:05 下午 spec.jbb.JBBmain DoARun -> 信息:   started user thread for Warehouse 95
2月 15, 2026 9:35:05 下午 spec.jbb.JBBmain DoARun -> 信息:   started user thread for Warehouse 96
2月 15, 2026 9:35:05 下午 spec.jbb.JBBmain DoARun -> 信息:   started user thread for Warehouse 97
2月 15, 2026 9:35:05 下午 spec.jbb.JBBmain DoARun -> 信息:   started user thread for Warehouse 98
2月 15, 2026 9:35:05 下午 spec.jbb.Company displayResultTotals -> 信息: Timing Measurement began Sun Feb 15 21:35:05 CST 2026 for 4 minutes
2月 15, 2026 9:39:05 下午 spec.jbb.Company displayResultTotals -> 信息: Timing Measurement ended Sun Feb 15 21:39:05 CST 2026
2月 15, 2026 9:39:05 下午 spec.jbb.Company primeWithDummyData -> 信息: Loading Warehouse 99...
2月 15, 2026 9:39:05 下午 spec.jbb.JBBmain DoARun -> 信息: Start User Threads
2月 15, 2026 9:39:05 下午 spec.jbb.JBBmain DoARun -> 信息:   started user thread for Warehouse 1
2月 15, 2026 9:39:05 下午 spec.jbb.JBBmain DoARun -> 信息:   started user thread for Warehouse 2
2月 15, 2026 9:39:05 下午 spec.jbb.JBBmain DoARun -> 信息:   started user thread for Warehouse 3
2月 15, 2026 9:39:05 下午 spec.jbb.JBBmain DoARun -> 信息:   started user thread for Warehouse 4
2月 15, 2026 9:39:05 下午 spec.jbb.JBBmain DoARun -> 信息:   started user thread for Warehouse 5
2月 15, 2026 9:39:05 下午 spec.jbb.JBBmain DoARun -> 信息:   started user thread for Warehouse 6
2月 15, 2026 9:39:05 下午 spec.jbb.JBBmain DoARun -> 信息:   started user thread for Warehouse 7
2月 15, 2026 9:39:05 下午 spec.jbb.JBBmain DoARun -> 信息:   started user thread for Warehouse 8
2月 15, 2026 9:39:05 下午 spec.jbb.JBBmain DoARun -> 信息:   started user thread for Warehouse 9
2月 15, 2026 9:39:05 下午 spec.jbb.JBBmain DoARun -> 信息:   started user thread for Warehouse 10
2月 15, 2026 9:39:05 下午 spec.jbb.JBBmain DoARun -> 信息:   started user thread for Warehouse 11
2月 15, 2026 9:39:05 下午 spec.jbb.JBBmain DoARun -> 信息:   started user thread for Warehouse 12
2月 15, 2026 9:39:05 下午 spec.jbb.JBBmain DoARun -> 信息:   started user thread for Warehouse 13
2月 15, 2026 9:39:05 下午 spec.jbb.JBBmain DoARun -> 信息:   started user thread for Warehouse 14
2月 15, 2026 9:39:05 下午 spec.jbb.JBBmain DoARun -> 信息:   started user thread for Warehouse 15
2月 15, 2026 9:39:05 下午 spec.jbb.JBBmain DoARun -> 信息:   started user thread for Warehouse 16
2月 15, 2026 9:39:05 下午 spec.jbb.JBBmain DoARun -> 信息:   started user thread for Warehouse 17
2月 15, 2026 9:39:05 下午 spec.jbb.JBBmain DoARun -> 信息:   started user thread for Warehouse 18
2月 15, 2026 9:39:05 下午 spec.jbb.JBBmain DoARun -> 信息:   started user thread for Warehouse 19
2月 15, 2026 9:39:05 下午 spec.jbb.JBBmain DoARun -> 信息:   started user thread for Warehouse 20
2月 15, 2026 9:39:05 下午 spec.jbb.JBBmain DoARun -> 信息:   started user thread for Warehouse 21
2月 15, 2026 9:39:05 下午 spec.jbb.JBBmain DoARun -> 信息:   started user thread for Warehouse 22
2月 15, 2026 9:39:05 下午 spec.jbb.JBBmain DoARun -> 信息:   started user thread for Warehouse 23
2月 15, 2026 9:39:05 下午 spec.jbb.JBBmain DoARun -> 信息:   started user thread for Warehouse 24
2月 15, 2026 9:39:05 下午 spec.jbb.JBBmain DoARun -> 信息:   started user thread for Warehouse 25
2月 15, 2026 9:39:05 下午 spec.jbb.JBBmain DoARun -> 信息:   started user thread for Warehouse 26
2月 15, 2026 9:39:05 下午 spec.jbb.JBBmain DoARun -> 信息:   started user thread for Warehouse 27
2月 15, 2026 9:39:05 下午 spec.jbb.JBBmain DoARun -> 信息:   started user thread for Warehouse 28
2月 15, 2026 9:39:05 下午 spec.jbb.JBBmain DoARun -> 信息:   started user thread for Warehouse 29
2月 15, 2026 9:39:05 下午 spec.jbb.JBBmain DoARun -> 信息:   started user thread for Warehouse 30
2月 15, 2026 9:39:05 下午 spec.jbb.JBBmain DoARun -> 信息:   started user thread for Warehouse 31
2月 15, 2026 9:39:05 下午 spec.jbb.JBBmain DoARun -> 信息:   started user thread for Warehouse 32
2月 15, 2026 9:39:05 下午 spec.jbb.JBBmain DoARun -> 信息:   started user thread for Warehouse 33
2月 15, 2026 9:39:05 下午 spec.jbb.JBBmain DoARun -> 信息:   started user thread for Warehouse 34
2月 15, 2026 9:39:05 下午 spec.jbb.JBBmain DoARun -> 信息:   started user thread for Warehouse 35
2月 15, 2026 9:39:05 下午 spec.jbb.JBBmain DoARun -> 信息:   started user thread for Warehouse 36
2月 15, 2026 9:39:05 下午 spec.jbb.JBBmain DoARun -> 信息:   started user thread for Warehouse 37
2月 15, 2026 9:39:05 下午 spec.jbb.JBBmain DoARun -> 信息:   started user thread for Warehouse 38
2月 15, 2026 9:39:05 下午 spec.jbb.JBBmain DoARun -> 信息:   started user thread for Warehouse 39
2月 15, 2026 9:39:05 下午 spec.jbb.JBBmain DoARun -> 信息:   started user thread for Warehouse 40
2月 15, 2026 9:39:05 下午 spec.jbb.JBBmain DoARun -> 信息:   started user thread for Warehouse 41
2月 15, 2026 9:39:05 下午 spec.jbb.JBBmain DoARun -> 信息:   started user thread for Warehouse 42
2月 15, 2026 9:39:05 下午 spec.jbb.JBBmain DoARun -> 信息:   started user thread for Warehouse 43
2月 15, 2026 9:39:05 下午 spec.jbb.JBBmain DoARun -> 信息:   started user thread for Warehouse 44
2月 15, 2026 9:39:05 下午 spec.jbb.JBBmain DoARun -> 信息:   started user thread for Warehouse 45
2月 15, 2026 9:39:05 下午 spec.jbb.JBBmain DoARun -> 信息:   started user thread for Warehouse 46
2月 15, 2026 9:39:05 下午 spec.jbb.JBBmain DoARun -> 信息:   started user thread for Warehouse 47
2月 15, 2026 9:39:05 下午 spec.jbb.JBBmain DoARun -> 信息:   started user thread for Warehouse 48
2月 15, 2026 9:39:05 下午 spec.jbb.JBBmain DoARun -> 信息:   started user thread for Warehouse 49
2月 15, 2026 9:39:05 下午 spec.jbb.JBBmain DoARun -> 信息:   started user thread for Warehouse 50
2月 15, 2026 9:39:05 下午 spec.jbb.JBBmain DoARun -> 信息:   started user thread for Warehouse 51
2月 15, 2026 9:39:05 下午 spec.jbb.JBBmain DoARun -> 信息:   started user thread for Warehouse 52
2月 15, 2026 9:39:05 下午 spec.jbb.JBBmain DoARun -> 信息:   started user thread for Warehouse 53
2月 15, 2026 9:39:05 下午 spec.jbb.JBBmain DoARun -> 信息:   started user thread for Warehouse 54
2月 15, 2026 9:39:05 下午 spec.jbb.JBBmain DoARun -> 信息:   started user thread for Warehouse 55
2月 15, 2026 9:39:05 下午 spec.jbb.JBBmain DoARun -> 信息:   started user thread for Warehouse 56
2月 15, 2026 9:39:05 下午 spec.jbb.JBBmain DoARun -> 信息:   started user thread for Warehouse 57
2月 15, 2026 9:39:05 下午 spec.jbb.JBBmain DoARun -> 信息:   started user thread for Warehouse 58
2月 15, 2026 9:39:05 下午 spec.jbb.JBBmain DoARun -> 信息:   started user thread for Warehouse 59
2月 15, 2026 9:39:05 下午 spec.jbb.JBBmain DoARun -> 信息:   started user thread for Warehouse 60
2月 15, 2026 9:39:05 下午 spec.jbb.JBBmain DoARun -> 信息:   started user thread for Warehouse 61
2月 15, 2026 9:39:05 下午 spec.jbb.JBBmain DoARun -> 信息:   started user thread for Warehouse 62
2月 15, 2026 9:39:05 下午 spec.jbb.JBBmain DoARun -> 信息:   started user thread for Warehouse 63
2月 15, 2026 9:39:05 下午 spec.jbb.JBBmain DoARun -> 信息:   started user thread for Warehouse 64
2月 15, 2026 9:39:05 下午 spec.jbb.JBBmain DoARun -> 信息:   started user thread for Warehouse 65
2月 15, 2026 9:39:05 下午 spec.jbb.JBBmain DoARun -> 信息:   started user thread for Warehouse 66
2月 15, 2026 9:39:05 下午 spec.jbb.JBBmain DoARun -> 信息:   started user thread for Warehouse 67
2月 15, 2026 9:39:05 下午 spec.jbb.JBBmain DoARun -> 信息:   started user thread for Warehouse 68
2月 15, 2026 9:39:05 下午 spec.jbb.JBBmain DoARun -> 信息:   started user thread for Warehouse 69
2月 15, 2026 9:39:05 下午 spec.jbb.JBBmain DoARun -> 信息:   started user thread for Warehouse 70
2月 15, 2026 9:39:05 下午 spec.jbb.JBBmain DoARun -> 信息:   started user thread for Warehouse 71
2月 15, 2026 9:39:05 下午 spec.jbb.JBBmain DoARun -> 信息:   started user thread for Warehouse 72
2月 15, 2026 9:39:05 下午 spec.jbb.JBBmain DoARun -> 信息:   started user thread for Warehouse 73
2月 15, 2026 9:39:05 下午 spec.jbb.JBBmain DoARun -> 信息:   started user thread for Warehouse 74
2月 15, 2026 9:39:05 下午 spec.jbb.JBBmain DoARun -> 信息:   started user thread for Warehouse 75
2月 15, 2026 9:39:05 下午 spec.jbb.JBBmain DoARun -> 信息:   started user thread for Warehouse 76
2月 15, 2026 9:39:05 下午 spec.jbb.JBBmain DoARun -> 信息:   started user thread for Warehouse 77
2月 15, 2026 9:39:05 下午 spec.jbb.JBBmain DoARun -> 信息:   started user thread for Warehouse 78
2月 15, 2026 9:39:05 下午 spec.jbb.JBBmain DoARun -> 信息:   started user thread for Warehouse 79
2月 15, 2026 9:39:05 下午 spec.jbb.JBBmain DoARun -> 信息:   started user thread for Warehouse 80
2月 15, 2026 9:39:05 下午 spec.jbb.JBBmain DoARun -> 信息:   started user thread for Warehouse 81
2月 15, 2026 9:39:05 下午 spec.jbb.JBBmain DoARun -> 信息:   started user thread for Warehouse 82
2月 15, 2026 9:39:05 下午 spec.jbb.JBBmain DoARun -> 信息:   started user thread for Warehouse 83
2月 15, 2026 9:39:05 下午 spec.jbb.JBBmain DoARun -> 信息:   started user thread for Warehouse 84
2月 15, 2026 9:39:05 下午 spec.jbb.JBBmain DoARun -> 信息:   started user thread for Warehouse 85
2月 15, 2026 9:39:05 下午 spec.jbb.JBBmain DoARun -> 信息:   started user thread for Warehouse 86
2月 15, 2026 9:39:05 下午 spec.jbb.JBBmain DoARun -> 信息:   started user thread for Warehouse 87
2月 15, 2026 9:39:05 下午 spec.jbb.JBBmain DoARun -> 信息:   started user thread for Warehouse 88
2月 15, 2026 9:39:05 下午 spec.jbb.JBBmain DoARun -> 信息:   started user thread for Warehouse 89
2月 15, 2026 9:39:05 下午 spec.jbb.JBBmain DoARun -> 信息:   started user thread for Warehouse 90
2月 15, 2026 9:39:05 下午 spec.jbb.JBBmain DoARun -> 信息:   started user thread for Warehouse 91
2月 15, 2026 9:39:05 下午 spec.jbb.JBBmain DoARun -> 信息:   started user thread for Warehouse 92
2月 15, 2026 9:39:05 下午 spec.jbb.JBBmain DoARun -> 信息:   started user thread for Warehouse 93
2月 15, 2026 9:39:05 下午 spec.jbb.JBBmain DoARun -> 信息:   started user thread for Warehouse 94
2月 15, 2026 9:39:05 下午 spec.jbb.JBBmain DoARun -> 信息:   started user thread for Warehouse 95
2月 15, 2026 9:39:05 下午 spec.jbb.JBBmain DoARun -> 信息:   started user thread for Warehouse 96
2月 15, 2026 9:39:05 下午 spec.jbb.JBBmain DoARun -> 信息:   started user thread for Warehouse 97
2月 15, 2026 9:39:05 下午 spec.jbb.JBBmain DoARun -> 信息:   started user thread for Warehouse 98
2月 15, 2026 9:39:05 下午 spec.jbb.JBBmain DoARun -> 信息:   started user thread for Warehouse 99
2月 15, 2026 9:39:05 下午 spec.jbb.Company displayResultTotals -> 信息: Timing Measurement began Sun Feb 15 21:39:05 CST 2026 for 4 minutes
2月 15, 2026 9:43:05 下午 spec.jbb.Company displayResultTotals -> 信息: Timing Measurement ended Sun Feb 15 21:43:05 CST 2026
2月 15, 2026 9:43:05 下午 spec.jbb.Company primeWithDummyData -> 信息: Loading Warehouse 100...
2月 15, 2026 9:43:06 下午 spec.jbb.JBBmain DoARun -> 信息: Start User Threads
2月 15, 2026 9:43:06 下午 spec.jbb.JBBmain DoARun -> 信息:   started user thread for Warehouse 1
2月 15, 2026 9:43:06 下午 spec.jbb.JBBmain DoARun -> 信息:   started user thread for Warehouse 2
2月 15, 2026 9:43:06 下午 spec.jbb.JBBmain DoARun -> 信息:   started user thread for Warehouse 3
2月 15, 2026 9:43:06 下午 spec.jbb.JBBmain DoARun -> 信息:   started user thread for Warehouse 4
2月 15, 2026 9:43:06 下午 spec.jbb.JBBmain DoARun -> 信息:   started user thread for Warehouse 5
2月 15, 2026 9:43:06 下午 spec.jbb.JBBmain DoARun -> 信息:   started user thread for Warehouse 6
2月 15, 2026 9:43:06 下午 spec.jbb.JBBmain DoARun -> 信息:   started user thread for Warehouse 7
2月 15, 2026 9:43:06 下午 spec.jbb.JBBmain DoARun -> 信息:   started user thread for Warehouse 8
2月 15, 2026 9:43:06 下午 spec.jbb.JBBmain DoARun -> 信息:   started user thread for Warehouse 9
2月 15, 2026 9:43:06 下午 spec.jbb.JBBmain DoARun -> 信息:   started user thread for Warehouse 10
2月 15, 2026 9:43:06 下午 spec.jbb.JBBmain DoARun -> 信息:   started user thread for Warehouse 11
2月 15, 2026 9:43:06 下午 spec.jbb.JBBmain DoARun -> 信息:   started user thread for Warehouse 12
2月 15, 2026 9:43:06 下午 spec.jbb.JBBmain DoARun -> 信息:   started user thread for Warehouse 13
2月 15, 2026 9:43:06 下午 spec.jbb.JBBmain DoARun -> 信息:   started user thread for Warehouse 14
2月 15, 2026 9:43:06 下午 spec.jbb.JBBmain DoARun -> 信息:   started user thread for Warehouse 15
2月 15, 2026 9:43:06 下午 spec.jbb.JBBmain DoARun -> 信息:   started user thread for Warehouse 16
2月 15, 2026 9:43:06 下午 spec.jbb.JBBmain DoARun -> 信息:   started user thread for Warehouse 17
2月 15, 2026 9:43:06 下午 spec.jbb.JBBmain DoARun -> 信息:   started user thread for Warehouse 18
2月 15, 2026 9:43:06 下午 spec.jbb.JBBmain DoARun -> 信息:   started user thread for Warehouse 19
2月 15, 2026 9:43:06 下午 spec.jbb.JBBmain DoARun -> 信息:   started user thread for Warehouse 20
2月 15, 2026 9:43:06 下午 spec.jbb.JBBmain DoARun -> 信息:   started user thread for Warehouse 21
2月 15, 2026 9:43:06 下午 spec.jbb.JBBmain DoARun -> 信息:   started user thread for Warehouse 22
2月 15, 2026 9:43:06 下午 spec.jbb.JBBmain DoARun -> 信息:   started user thread for Warehouse 23
2月 15, 2026 9:43:06 下午 spec.jbb.JBBmain DoARun -> 信息:   started user thread for Warehouse 24
2月 15, 2026 9:43:06 下午 spec.jbb.JBBmain DoARun -> 信息:   started user thread for Warehouse 25
2月 15, 2026 9:43:06 下午 spec.jbb.JBBmain DoARun -> 信息:   started user thread for Warehouse 26
2月 15, 2026 9:43:06 下午 spec.jbb.JBBmain DoARun -> 信息:   started user thread for Warehouse 27
2月 15, 2026 9:43:06 下午 spec.jbb.JBBmain DoARun -> 信息:   started user thread for Warehouse 28
2月 15, 2026 9:43:06 下午 spec.jbb.JBBmain DoARun -> 信息:   started user thread for Warehouse 29
2月 15, 2026 9:43:06 下午 spec.jbb.JBBmain DoARun -> 信息:   started user thread for Warehouse 30
2月 15, 2026 9:43:06 下午 spec.jbb.JBBmain DoARun -> 信息:   started user thread for Warehouse 31
2月 15, 2026 9:43:06 下午 spec.jbb.JBBmain DoARun -> 信息:   started user thread for Warehouse 32
2月 15, 2026 9:43:06 下午 spec.jbb.JBBmain DoARun -> 信息:   started user thread for Warehouse 33
2月 15, 2026 9:43:06 下午 spec.jbb.JBBmain DoARun -> 信息:   started user thread for Warehouse 34
2月 15, 2026 9:43:06 下午 spec.jbb.JBBmain DoARun -> 信息:   started user thread for Warehouse 35
2月 15, 2026 9:43:06 下午 spec.jbb.JBBmain DoARun -> 信息:   started user thread for Warehouse 36
2月 15, 2026 9:43:06 下午 spec.jbb.JBBmain DoARun -> 信息:   started user thread for Warehouse 37
2月 15, 2026 9:43:06 下午 spec.jbb.JBBmain DoARun -> 信息:   started user thread for Warehouse 38
2月 15, 2026 9:43:06 下午 spec.jbb.JBBmain DoARun -> 信息:   started user thread for Warehouse 39
2月 15, 2026 9:43:06 下午 spec.jbb.JBBmain DoARun -> 信息:   started user thread for Warehouse 40
2月 15, 2026 9:43:06 下午 spec.jbb.JBBmain DoARun -> 信息:   started user thread for Warehouse 41
2月 15, 2026 9:43:06 下午 spec.jbb.JBBmain DoARun -> 信息:   started user thread for Warehouse 42
2月 15, 2026 9:43:06 下午 spec.jbb.JBBmain DoARun -> 信息:   started user thread for Warehouse 43
2月 15, 2026 9:43:06 下午 spec.jbb.JBBmain DoARun -> 信息:   started user thread for Warehouse 44
2月 15, 2026 9:43:06 下午 spec.jbb.JBBmain DoARun -> 信息:   started user thread for Warehouse 45
2月 15, 2026 9:43:06 下午 spec.jbb.JBBmain DoARun -> 信息:   started user thread for Warehouse 46
2月 15, 2026 9:43:06 下午 spec.jbb.JBBmain DoARun -> 信息:   started user thread for Warehouse 47
2月 15, 2026 9:43:06 下午 spec.jbb.JBBmain DoARun -> 信息:   started user thread for Warehouse 48
2月 15, 2026 9:43:06 下午 spec.jbb.JBBmain DoARun -> 信息:   started user thread for Warehouse 49
2月 15, 2026 9:43:06 下午 spec.jbb.JBBmain DoARun -> 信息:   started user thread for Warehouse 50
2月 15, 2026 9:43:06 下午 spec.jbb.JBBmain DoARun -> 信息:   started user thread for Warehouse 51
2月 15, 2026 9:43:06 下午 spec.jbb.JBBmain DoARun -> 信息:   started user thread for Warehouse 52
2月 15, 2026 9:43:06 下午 spec.jbb.JBBmain DoARun -> 信息:   started user thread for Warehouse 53
2月 15, 2026 9:43:06 下午 spec.jbb.JBBmain DoARun -> 信息:   started user thread for Warehouse 54
2月 15, 2026 9:43:06 下午 spec.jbb.JBBmain DoARun -> 信息:   started user thread for Warehouse 55
2月 15, 2026 9:43:06 下午 spec.jbb.JBBmain DoARun -> 信息:   started user thread for Warehouse 56
2月 15, 2026 9:43:06 下午 spec.jbb.JBBmain DoARun -> 信息:   started user thread for Warehouse 57
2月 15, 2026 9:43:06 下午 spec.jbb.JBBmain DoARun -> 信息:   started user thread for Warehouse 58
2月 15, 2026 9:43:06 下午 spec.jbb.JBBmain DoARun -> 信息:   started user thread for Warehouse 59
2月 15, 2026 9:43:06 下午 spec.jbb.JBBmain DoARun -> 信息:   started user thread for Warehouse 60
2月 15, 2026 9:43:06 下午 spec.jbb.JBBmain DoARun -> 信息:   started user thread for Warehouse 61
2月 15, 2026 9:43:06 下午 spec.jbb.JBBmain DoARun -> 信息:   started user thread for Warehouse 62
2月 15, 2026 9:43:06 下午 spec.jbb.JBBmain DoARun -> 信息:   started user thread for Warehouse 63
2月 15, 2026 9:43:06 下午 spec.jbb.JBBmain DoARun -> 信息:   started user thread for Warehouse 64
2月 15, 2026 9:43:06 下午 spec.jbb.JBBmain DoARun -> 信息:   started user thread for Warehouse 65
2月 15, 2026 9:43:06 下午 spec.jbb.JBBmain DoARun -> 信息:   started user thread for Warehouse 66
2月 15, 2026 9:43:06 下午 spec.jbb.JBBmain DoARun -> 信息:   started user thread for Warehouse 67
2月 15, 2026 9:43:06 下午 spec.jbb.JBBmain DoARun -> 信息:   started user thread for Warehouse 68
2月 15, 2026 9:43:06 下午 spec.jbb.JBBmain DoARun -> 信息:   started user thread for Warehouse 69
2月 15, 2026 9:43:06 下午 spec.jbb.JBBmain DoARun -> 信息:   started user thread for Warehouse 70
2月 15, 2026 9:43:06 下午 spec.jbb.JBBmain DoARun -> 信息:   started user thread for Warehouse 71
2月 15, 2026 9:43:06 下午 spec.jbb.JBBmain DoARun -> 信息:   started user thread for Warehouse 72
2月 15, 2026 9:43:06 下午 spec.jbb.JBBmain DoARun -> 信息:   started user thread for Warehouse 73
2月 15, 2026 9:43:06 下午 spec.jbb.JBBmain DoARun -> 信息:   started user thread for Warehouse 74
2月 15, 2026 9:43:06 下午 spec.jbb.JBBmain DoARun -> 信息:   started user thread for Warehouse 75
2月 15, 2026 9:43:06 下午 spec.jbb.JBBmain DoARun -> 信息:   started user thread for Warehouse 76
2月 15, 2026 9:43:06 下午 spec.jbb.JBBmain DoARun -> 信息:   started user thread for Warehouse 77
2月 15, 2026 9:43:06 下午 spec.jbb.JBBmain DoARun -> 信息:   started user thread for Warehouse 78
2月 15, 2026 9:43:06 下午 spec.jbb.JBBmain DoARun -> 信息:   started user thread for Warehouse 79
2月 15, 2026 9:43:06 下午 spec.jbb.JBBmain DoARun -> 信息:   started user thread for Warehouse 80
2月 15, 2026 9:43:06 下午 spec.jbb.JBBmain DoARun -> 信息:   started user thread for Warehouse 81
2月 15, 2026 9:43:06 下午 spec.jbb.JBBmain DoARun -> 信息:   started user thread for Warehouse 82
2月 15, 2026 9:43:06 下午 spec.jbb.JBBmain DoARun -> 信息:   started user thread for Warehouse 83
2月 15, 2026 9:43:06 下午 spec.jbb.JBBmain DoARun -> 信息:   started user thread for Warehouse 84
2月 15, 2026 9:43:06 下午 spec.jbb.JBBmain DoARun -> 信息:   started user thread for Warehouse 85
2月 15, 2026 9:43:06 下午 spec.jbb.JBBmain DoARun -> 信息:   started user thread for Warehouse 86
2月 15, 2026 9:43:06 下午 spec.jbb.JBBmain DoARun -> 信息:   started user thread for Warehouse 87
2月 15, 2026 9:43:06 下午 spec.jbb.JBBmain DoARun -> 信息:   started user thread for Warehouse 88
2月 15, 2026 9:43:06 下午 spec.jbb.JBBmain DoARun -> 信息:   started user thread for Warehouse 89
2月 15, 2026 9:43:06 下午 spec.jbb.JBBmain DoARun -> 信息:   started user thread for Warehouse 90
2月 15, 2026 9:43:06 下午 spec.jbb.JBBmain DoARun -> 信息:   started user thread for Warehouse 91
2月 15, 2026 9:43:06 下午 spec.jbb.JBBmain DoARun -> 信息:   started user thread for Warehouse 92
2月 15, 2026 9:43:06 下午 spec.jbb.JBBmain DoARun -> 信息:   started user thread for Warehouse 93
2月 15, 2026 9:43:06 下午 spec.jbb.JBBmain DoARun -> 信息:   started user thread for Warehouse 94
2月 15, 2026 9:43:06 下午 spec.jbb.JBBmain DoARun -> 信息:   started user thread for Warehouse 95
2月 15, 2026 9:43:06 下午 spec.jbb.JBBmain DoARun -> 信息:   started user thread for Warehouse 96
2月 15, 2026 9:43:06 下午 spec.jbb.JBBmain DoARun -> 信息:   started user thread for Warehouse 97
2月 15, 2026 9:43:06 下午 spec.jbb.JBBmain DoARun -> 信息:   started user thread for Warehouse 98
2月 15, 2026 9:43:06 下午 spec.jbb.JBBmain DoARun -> 信息:   started user thread for Warehouse 99
2月 15, 2026 9:43:06 下午 spec.jbb.JBBmain DoARun -> 信息:   started user thread for Warehouse 100
2月 15, 2026 9:43:06 下午 spec.jbb.Company displayResultTotals -> 信息: Timing Measurement began Sun Feb 15 21:43:06 CST 2026 for 4 minutes
2月 15, 2026 9:47:06 下午 spec.jbb.Company displayResultTotals -> 信息: Timing Measurement ended Sun Feb 15 21:47:06 CST 2026
2月 15, 2026 9:47:06 下午 spec.jbb.Company primeWithDummyData -> 信息: Loading Warehouse 101...
2月 15, 2026 9:47:06 下午 spec.jbb.JBBmain DoARun -> 信息: Start User Threads
2月 15, 2026 9:47:06 下午 spec.jbb.JBBmain DoARun -> 信息:   started user thread for Warehouse 1
2月 15, 2026 9:47:06 下午 spec.jbb.JBBmain DoARun -> 信息:   started user thread for Warehouse 2
2月 15, 2026 9:47:06 下午 spec.jbb.JBBmain DoARun -> 信息:   started user thread for Warehouse 3
2月 15, 2026 9:47:06 下午 spec.jbb.JBBmain DoARun -> 信息:   started user thread for Warehouse 4
2月 15, 2026 9:47:06 下午 spec.jbb.JBBmain DoARun -> 信息:   started user thread for Warehouse 5
2月 15, 2026 9:47:06 下午 spec.jbb.JBBmain DoARun -> 信息:   started user thread for Warehouse 6
2月 15, 2026 9:47:06 下午 spec.jbb.JBBmain DoARun -> 信息:   started user thread for Warehouse 7
2月 15, 2026 9:47:06 下午 spec.jbb.JBBmain DoARun -> 信息:   started user thread for Warehouse 8
2月 15, 2026 9:47:06 下午 spec.jbb.JBBmain DoARun -> 信息:   started user thread for Warehouse 9
2月 15, 2026 9:47:06 下午 spec.jbb.JBBmain DoARun -> 信息:   started user thread for Warehouse 10
2月 15, 2026 9:47:06 下午 spec.jbb.JBBmain DoARun -> 信息:   started user thread for Warehouse 11
2月 15, 2026 9:47:06 下午 spec.jbb.JBBmain DoARun -> 信息:   started user thread for Warehouse 12
2月 15, 2026 9:47:06 下午 spec.jbb.JBBmain DoARun -> 信息:   started user thread for Warehouse 13
2月 15, 2026 9:47:06 下午 spec.jbb.JBBmain DoARun -> 信息:   started user thread for Warehouse 14
2月 15, 2026 9:47:06 下午 spec.jbb.JBBmain DoARun -> 信息:   started user thread for Warehouse 15
2月 15, 2026 9:47:06 下午 spec.jbb.JBBmain DoARun -> 信息:   started user thread for Warehouse 16
2月 15, 2026 9:47:06 下午 spec.jbb.JBBmain DoARun -> 信息:   started user thread for Warehouse 17
2月 15, 2026 9:47:06 下午 spec.jbb.JBBmain DoARun -> 信息:   started user thread for Warehouse 18
2月 15, 2026 9:47:06 下午 spec.jbb.JBBmain DoARun -> 信息:   started user thread for Warehouse 19
2月 15, 2026 9:47:06 下午 spec.jbb.JBBmain DoARun -> 信息:   started user thread for Warehouse 20
2月 15, 2026 9:47:06 下午 spec.jbb.JBBmain DoARun -> 信息:   started user thread for Warehouse 21
2月 15, 2026 9:47:06 下午 spec.jbb.JBBmain DoARun -> 信息:   started user thread for Warehouse 22
2月 15, 2026 9:47:06 下午 spec.jbb.JBBmain DoARun -> 信息:   started user thread for Warehouse 23
2月 15, 2026 9:47:06 下午 spec.jbb.JBBmain DoARun -> 信息:   started user thread for Warehouse 24
2月 15, 2026 9:47:06 下午 spec.jbb.JBBmain DoARun -> 信息:   started user thread for Warehouse 25
2月 15, 2026 9:47:06 下午 spec.jbb.JBBmain DoARun -> 信息:   started user thread for Warehouse 26
2月 15, 2026 9:47:06 下午 spec.jbb.JBBmain DoARun -> 信息:   started user thread for Warehouse 27
2月 15, 2026 9:47:06 下午 spec.jbb.JBBmain DoARun -> 信息:   started user thread for Warehouse 28
2月 15, 2026 9:47:06 下午 spec.jbb.JBBmain DoARun -> 信息:   started user thread for Warehouse 29
2月 15, 2026 9:47:06 下午 spec.jbb.JBBmain DoARun -> 信息:   started user thread for Warehouse 30
2月 15, 2026 9:47:06 下午 spec.jbb.JBBmain DoARun -> 信息:   started user thread for Warehouse 31
2月 15, 2026 9:47:06 下午 spec.jbb.JBBmain DoARun -> 信息:   started user thread for Warehouse 32
2月 15, 2026 9:47:06 下午 spec.jbb.JBBmain DoARun -> 信息:   started user thread for Warehouse 33
2月 15, 2026 9:47:06 下午 spec.jbb.JBBmain DoARun -> 信息:   started user thread for Warehouse 34
2月 15, 2026 9:47:06 下午 spec.jbb.JBBmain DoARun -> 信息:   started user thread for Warehouse 35
2月 15, 2026 9:47:06 下午 spec.jbb.JBBmain DoARun -> 信息:   started user thread for Warehouse 36
2月 15, 2026 9:47:06 下午 spec.jbb.JBBmain DoARun -> 信息:   started user thread for Warehouse 37
2月 15, 2026 9:47:06 下午 spec.jbb.JBBmain DoARun -> 信息:   started user thread for Warehouse 38
2月 15, 2026 9:47:06 下午 spec.jbb.JBBmain DoARun -> 信息:   started user thread for Warehouse 39
2月 15, 2026 9:47:06 下午 spec.jbb.JBBmain DoARun -> 信息:   started user thread for Warehouse 40
2月 15, 2026 9:47:06 下午 spec.jbb.JBBmain DoARun -> 信息:   started user thread for Warehouse 41
2月 15, 2026 9:47:06 下午 spec.jbb.JBBmain DoARun -> 信息:   started user thread for Warehouse 42
2月 15, 2026 9:47:06 下午 spec.jbb.JBBmain DoARun -> 信息:   started user thread for Warehouse 43
2月 15, 2026 9:47:06 下午 spec.jbb.JBBmain DoARun -> 信息:   started user thread for Warehouse 44
2月 15, 2026 9:47:06 下午 spec.jbb.JBBmain DoARun -> 信息:   started user thread for Warehouse 45
2月 15, 2026 9:47:06 下午 spec.jbb.JBBmain DoARun -> 信息:   started user thread for Warehouse 46
2月 15, 2026 9:47:06 下午 spec.jbb.JBBmain DoARun -> 信息:   started user thread for Warehouse 47
2月 15, 2026 9:47:06 下午 spec.jbb.JBBmain DoARun -> 信息:   started user thread for Warehouse 48
2月 15, 2026 9:47:06 下午 spec.jbb.JBBmain DoARun -> 信息:   started user thread for Warehouse 49
2月 15, 2026 9:47:06 下午 spec.jbb.JBBmain DoARun -> 信息:   started user thread for Warehouse 50
2月 15, 2026 9:47:06 下午 spec.jbb.JBBmain DoARun -> 信息:   started user thread for Warehouse 51
2月 15, 2026 9:47:06 下午 spec.jbb.JBBmain DoARun -> 信息:   started user thread for Warehouse 52
2月 15, 2026 9:47:06 下午 spec.jbb.JBBmain DoARun -> 信息:   started user thread for Warehouse 53
2月 15, 2026 9:47:06 下午 spec.jbb.JBBmain DoARun -> 信息:   started user thread for Warehouse 54
2月 15, 2026 9:47:06 下午 spec.jbb.JBBmain DoARun -> 信息:   started user thread for Warehouse 55
2月 15, 2026 9:47:06 下午 spec.jbb.JBBmain DoARun -> 信息:   started user thread for Warehouse 56
2月 15, 2026 9:47:06 下午 spec.jbb.JBBmain DoARun -> 信息:   started user thread for Warehouse 57
2月 15, 2026 9:47:06 下午 spec.jbb.JBBmain DoARun -> 信息:   started user thread for Warehouse 58
2月 15, 2026 9:47:06 下午 spec.jbb.JBBmain DoARun -> 信息:   started user thread for Warehouse 59
2月 15, 2026 9:47:06 下午 spec.jbb.JBBmain DoARun -> 信息:   started user thread for Warehouse 60
2月 15, 2026 9:47:06 下午 spec.jbb.JBBmain DoARun -> 信息:   started user thread for Warehouse 61
2月 15, 2026 9:47:06 下午 spec.jbb.JBBmain DoARun -> 信息:   started user thread for Warehouse 62
2月 15, 2026 9:47:06 下午 spec.jbb.JBBmain DoARun -> 信息:   started user thread for Warehouse 63
2月 15, 2026 9:47:06 下午 spec.jbb.JBBmain DoARun -> 信息:   started user thread for Warehouse 64
2月 15, 2026 9:47:06 下午 spec.jbb.JBBmain DoARun -> 信息:   started user thread for Warehouse 65
2月 15, 2026 9:47:06 下午 spec.jbb.JBBmain DoARun -> 信息:   started user thread for Warehouse 66
2月 15, 2026 9:47:06 下午 spec.jbb.JBBmain DoARun -> 信息:   started user thread for Warehouse 67
2月 15, 2026 9:47:06 下午 spec.jbb.JBBmain DoARun -> 信息:   started user thread for Warehouse 68
2月 15, 2026 9:47:06 下午 spec.jbb.JBBmain DoARun -> 信息:   started user thread for Warehouse 69
2月 15, 2026 9:47:06 下午 spec.jbb.JBBmain DoARun -> 信息:   started user thread for Warehouse 70
2月 15, 2026 9:47:06 下午 spec.jbb.JBBmain DoARun -> 信息:   started user thread for Warehouse 71
2月 15, 2026 9:47:06 下午 spec.jbb.JBBmain DoARun -> 信息:   started user thread for Warehouse 72
2月 15, 2026 9:47:06 下午 spec.jbb.JBBmain DoARun -> 信息:   started user thread for Warehouse 73
2月 15, 2026 9:47:06 下午 spec.jbb.JBBmain DoARun -> 信息:   started user thread for Warehouse 74
2月 15, 2026 9:47:06 下午 spec.jbb.JBBmain DoARun -> 信息:   started user thread for Warehouse 75
2月 15, 2026 9:47:06 下午 spec.jbb.JBBmain DoARun -> 信息:   started user thread for Warehouse 76
2月 15, 2026 9:47:06 下午 spec.jbb.JBBmain DoARun -> 信息:   started user thread for Warehouse 77
2月 15, 2026 9:47:06 下午 spec.jbb.JBBmain DoARun -> 信息:   started user thread for Warehouse 78
2月 15, 2026 9:47:06 下午 spec.jbb.JBBmain DoARun -> 信息:   started user thread for Warehouse 79
2月 15, 2026 9:47:06 下午 spec.jbb.JBBmain DoARun -> 信息:   started user thread for Warehouse 80
2月 15, 2026 9:47:06 下午 spec.jbb.JBBmain DoARun -> 信息:   started user thread for Warehouse 81
2月 15, 2026 9:47:06 下午 spec.jbb.JBBmain DoARun -> 信息:   started user thread for Warehouse 82
2月 15, 2026 9:47:06 下午 spec.jbb.JBBmain DoARun -> 信息:   started user thread for Warehouse 83
2月 15, 2026 9:47:06 下午 spec.jbb.JBBmain DoARun -> 信息:   started user thread for Warehouse 84
2月 15, 2026 9:47:06 下午 spec.jbb.JBBmain DoARun -> 信息:   started user thread for Warehouse 85
2月 15, 2026 9:47:06 下午 spec.jbb.JBBmain DoARun -> 信息:   started user thread for Warehouse 86
2月 15, 2026 9:47:06 下午 spec.jbb.JBBmain DoARun -> 信息:   started user thread for Warehouse 87
2月 15, 2026 9:47:06 下午 spec.jbb.JBBmain DoARun -> 信息:   started user thread for Warehouse 88
2月 15, 2026 9:47:06 下午 spec.jbb.JBBmain DoARun -> 信息:   started user thread for Warehouse 89
2月 15, 2026 9:47:06 下午 spec.jbb.JBBmain DoARun -> 信息:   started user thread for Warehouse 90
2月 15, 2026 9:47:06 下午 spec.jbb.JBBmain DoARun -> 信息:   started user thread for Warehouse 91
2月 15, 2026 9:47:06 下午 spec.jbb.JBBmain DoARun -> 信息:   started user thread for Warehouse 92
2月 15, 2026 9:47:06 下午 spec.jbb.JBBmain DoARun -> 信息:   started user thread for Warehouse 93
2月 15, 2026 9:47:06 下午 spec.jbb.JBBmain DoARun -> 信息:   started user thread for Warehouse 94
2月 15, 2026 9:47:06 下午 spec.jbb.JBBmain DoARun -> 信息:   started user thread for Warehouse 95
2月 15, 2026 9:47:06 下午 spec.jbb.JBBmain DoARun -> 信息:   started user thread for Warehouse 96
2月 15, 2026 9:47:06 下午 spec.jbb.JBBmain DoARun -> 信息:   started user thread for Warehouse 97
2月 15, 2026 9:47:06 下午 spec.jbb.JBBmain DoARun -> 信息:   started user thread for Warehouse 98
2月 15, 2026 9:47:06 下午 spec.jbb.JBBmain DoARun -> 信息:   started user thread for Warehouse 99
2月 15, 2026 9:47:06 下午 spec.jbb.JBBmain DoARun -> 信息:   started user thread for Warehouse 100
2月 15, 2026 9:47:06 下午 spec.jbb.JBBmain DoARun -> 信息:   started user thread for Warehouse 101
2月 15, 2026 9:47:06 下午 spec.jbb.Company displayResultTotals -> 信息: Timing Measurement began Sun Feb 15 21:47:06 CST 2026 for 4 minutes
2月 15, 2026 9:51:06 下午 spec.jbb.Company displayResultTotals -> 信息: Timing Measurement ended Sun Feb 15 21:51:06 CST 2026
2月 15, 2026 9:51:06 下午 spec.jbb.Company primeWithDummyData -> 信息: Loading Warehouse 102...
2月 15, 2026 9:51:06 下午 spec.jbb.JBBmain DoARun -> 信息: Start User Threads
2月 15, 2026 9:51:06 下午 spec.jbb.JBBmain DoARun -> 信息:   started user thread for Warehouse 1
2月 15, 2026 9:51:06 下午 spec.jbb.JBBmain DoARun -> 信息:   started user thread for Warehouse 2
2月 15, 2026 9:51:06 下午 spec.jbb.JBBmain DoARun -> 信息:   started user thread for Warehouse 3
2月 15, 2026 9:51:06 下午 spec.jbb.JBBmain DoARun -> 信息:   started user thread for Warehouse 4
2月 15, 2026 9:51:06 下午 spec.jbb.JBBmain DoARun -> 信息:   started user thread for Warehouse 5
2月 15, 2026 9:51:06 下午 spec.jbb.JBBmain DoARun -> 信息:   started user thread for Warehouse 6
2月 15, 2026 9:51:06 下午 spec.jbb.JBBmain DoARun -> 信息:   started user thread for Warehouse 7
2月 15, 2026 9:51:06 下午 spec.jbb.JBBmain DoARun -> 信息:   started user thread for Warehouse 8
2月 15, 2026 9:51:06 下午 spec.jbb.JBBmain DoARun -> 信息:   started user thread for Warehouse 9
2月 15, 2026 9:51:06 下午 spec.jbb.JBBmain DoARun -> 信息:   started user thread for Warehouse 10
2月 15, 2026 9:51:06 下午 spec.jbb.JBBmain DoARun -> 信息:   started user thread for Warehouse 11
2月 15, 2026 9:51:06 下午 spec.jbb.JBBmain DoARun -> 信息:   started user thread for Warehouse 12
2月 15, 2026 9:51:06 下午 spec.jbb.JBBmain DoARun -> 信息:   started user thread for Warehouse 13
2月 15, 2026 9:51:06 下午 spec.jbb.JBBmain DoARun -> 信息:   started user thread for Warehouse 14
2月 15, 2026 9:51:06 下午 spec.jbb.JBBmain DoARun -> 信息:   started user thread for Warehouse 15
2月 15, 2026 9:51:06 下午 spec.jbb.JBBmain DoARun -> 信息:   started user thread for Warehouse 16
2月 15, 2026 9:51:06 下午 spec.jbb.JBBmain DoARun -> 信息:   started user thread for Warehouse 17
2月 15, 2026 9:51:06 下午 spec.jbb.JBBmain DoARun -> 信息:   started user thread for Warehouse 18
2月 15, 2026 9:51:06 下午 spec.jbb.JBBmain DoARun -> 信息:   started user thread for Warehouse 19
2月 15, 2026 9:51:06 下午 spec.jbb.JBBmain DoARun -> 信息:   started user thread for Warehouse 20
2月 15, 2026 9:51:06 下午 spec.jbb.JBBmain DoARun -> 信息:   started user thread for Warehouse 21
2月 15, 2026 9:51:06 下午 spec.jbb.JBBmain DoARun -> 信息:   started user thread for Warehouse 22
2月 15, 2026 9:51:06 下午 spec.jbb.JBBmain DoARun -> 信息:   started user thread for Warehouse 23
2月 15, 2026 9:51:06 下午 spec.jbb.JBBmain DoARun -> 信息:   started user thread for Warehouse 24
2月 15, 2026 9:51:06 下午 spec.jbb.JBBmain DoARun -> 信息:   started user thread for Warehouse 25
2月 15, 2026 9:51:06 下午 spec.jbb.JBBmain DoARun -> 信息:   started user thread for Warehouse 26
2月 15, 2026 9:51:06 下午 spec.jbb.JBBmain DoARun -> 信息:   started user thread for Warehouse 27
2月 15, 2026 9:51:06 下午 spec.jbb.JBBmain DoARun -> 信息:   started user thread for Warehouse 28
2月 15, 2026 9:51:06 下午 spec.jbb.JBBmain DoARun -> 信息:   started user thread for Warehouse 29
2月 15, 2026 9:51:06 下午 spec.jbb.JBBmain DoARun -> 信息:   started user thread for Warehouse 30
2月 15, 2026 9:51:06 下午 spec.jbb.JBBmain DoARun -> 信息:   started user thread for Warehouse 31
2月 15, 2026 9:51:06 下午 spec.jbb.JBBmain DoARun -> 信息:   started user thread for Warehouse 32
2月 15, 2026 9:51:06 下午 spec.jbb.JBBmain DoARun -> 信息:   started user thread for Warehouse 33
2月 15, 2026 9:51:06 下午 spec.jbb.JBBmain DoARun -> 信息:   started user thread for Warehouse 34
2月 15, 2026 9:51:06 下午 spec.jbb.JBBmain DoARun -> 信息:   started user thread for Warehouse 35
2月 15, 2026 9:51:06 下午 spec.jbb.JBBmain DoARun -> 信息:   started user thread for Warehouse 36
2月 15, 2026 9:51:06 下午 spec.jbb.JBBmain DoARun -> 信息:   started user thread for Warehouse 37
2月 15, 2026 9:51:06 下午 spec.jbb.JBBmain DoARun -> 信息:   started user thread for Warehouse 38
2月 15, 2026 9:51:06 下午 spec.jbb.JBBmain DoARun -> 信息:   started user thread for Warehouse 39
2月 15, 2026 9:51:06 下午 spec.jbb.JBBmain DoARun -> 信息:   started user thread for Warehouse 40
2月 15, 2026 9:51:06 下午 spec.jbb.JBBmain DoARun -> 信息:   started user thread for Warehouse 41
2月 15, 2026 9:51:06 下午 spec.jbb.JBBmain DoARun -> 信息:   started user thread for Warehouse 42
2月 15, 2026 9:51:06 下午 spec.jbb.JBBmain DoARun -> 信息:   started user thread for Warehouse 43
2月 15, 2026 9:51:06 下午 spec.jbb.JBBmain DoARun -> 信息:   started user thread for Warehouse 44
2月 15, 2026 9:51:06 下午 spec.jbb.JBBmain DoARun -> 信息:   started user thread for Warehouse 45
2月 15, 2026 9:51:06 下午 spec.jbb.JBBmain DoARun -> 信息:   started user thread for Warehouse 46
2月 15, 2026 9:51:06 下午 spec.jbb.JBBmain DoARun -> 信息:   started user thread for Warehouse 47
2月 15, 2026 9:51:06 下午 spec.jbb.JBBmain DoARun -> 信息:   started user thread for Warehouse 48
2月 15, 2026 9:51:06 下午 spec.jbb.JBBmain DoARun -> 信息:   started user thread for Warehouse 49
2月 15, 2026 9:51:06 下午 spec.jbb.JBBmain DoARun -> 信息:   started user thread for Warehouse 50
2月 15, 2026 9:51:06 下午 spec.jbb.JBBmain DoARun -> 信息:   started user thread for Warehouse 51
2月 15, 2026 9:51:06 下午 spec.jbb.JBBmain DoARun -> 信息:   started user thread for Warehouse 52
2月 15, 2026 9:51:06 下午 spec.jbb.JBBmain DoARun -> 信息:   started user thread for Warehouse 53
2月 15, 2026 9:51:06 下午 spec.jbb.JBBmain DoARun -> 信息:   started user thread for Warehouse 54
2月 15, 2026 9:51:06 下午 spec.jbb.JBBmain DoARun -> 信息:   started user thread for Warehouse 55
2月 15, 2026 9:51:06 下午 spec.jbb.JBBmain DoARun -> 信息:   started user thread for Warehouse 56
2月 15, 2026 9:51:06 下午 spec.jbb.JBBmain DoARun -> 信息:   started user thread for Warehouse 57
2月 15, 2026 9:51:06 下午 spec.jbb.JBBmain DoARun -> 信息:   started user thread for Warehouse 58
2月 15, 2026 9:51:06 下午 spec.jbb.JBBmain DoARun -> 信息:   started user thread for Warehouse 59
2月 15, 2026 9:51:06 下午 spec.jbb.JBBmain DoARun -> 信息:   started user thread for Warehouse 60
2月 15, 2026 9:51:06 下午 spec.jbb.JBBmain DoARun -> 信息:   started user thread for Warehouse 61
2月 15, 2026 9:51:06 下午 spec.jbb.JBBmain DoARun -> 信息:   started user thread for Warehouse 62
2月 15, 2026 9:51:06 下午 spec.jbb.JBBmain DoARun -> 信息:   started user thread for Warehouse 63
2月 15, 2026 9:51:06 下午 spec.jbb.JBBmain DoARun -> 信息:   started user thread for Warehouse 64
2月 15, 2026 9:51:06 下午 spec.jbb.JBBmain DoARun -> 信息:   started user thread for Warehouse 65
2月 15, 2026 9:51:06 下午 spec.jbb.JBBmain DoARun -> 信息:   started user thread for Warehouse 66
2月 15, 2026 9:51:06 下午 spec.jbb.JBBmain DoARun -> 信息:   started user thread for Warehouse 67
2月 15, 2026 9:51:06 下午 spec.jbb.JBBmain DoARun -> 信息:   started user thread for Warehouse 68
2月 15, 2026 9:51:06 下午 spec.jbb.JBBmain DoARun -> 信息:   started user thread for Warehouse 69
2月 15, 2026 9:51:06 下午 spec.jbb.JBBmain DoARun -> 信息:   started user thread for Warehouse 70
2月 15, 2026 9:51:06 下午 spec.jbb.JBBmain DoARun -> 信息:   started user thread for Warehouse 71
2月 15, 2026 9:51:06 下午 spec.jbb.JBBmain DoARun -> 信息:   started user thread for Warehouse 72
2月 15, 2026 9:51:06 下午 spec.jbb.JBBmain DoARun -> 信息:   started user thread for Warehouse 73
2月 15, 2026 9:51:06 下午 spec.jbb.JBBmain DoARun -> 信息:   started user thread for Warehouse 74
2月 15, 2026 9:51:06 下午 spec.jbb.JBBmain DoARun -> 信息:   started user thread for Warehouse 75
2月 15, 2026 9:51:06 下午 spec.jbb.JBBmain DoARun -> 信息:   started user thread for Warehouse 76
2月 15, 2026 9:51:06 下午 spec.jbb.JBBmain DoARun -> 信息:   started user thread for Warehouse 77
2月 15, 2026 9:51:06 下午 spec.jbb.JBBmain DoARun -> 信息:   started user thread for Warehouse 78
2月 15, 2026 9:51:06 下午 spec.jbb.JBBmain DoARun -> 信息:   started user thread for Warehouse 79
2月 15, 2026 9:51:06 下午 spec.jbb.JBBmain DoARun -> 信息:   started user thread for Warehouse 80
2月 15, 2026 9:51:06 下午 spec.jbb.JBBmain DoARun -> 信息:   started user thread for Warehouse 81
2月 15, 2026 9:51:06 下午 spec.jbb.JBBmain DoARun -> 信息:   started user thread for Warehouse 82
2月 15, 2026 9:51:06 下午 spec.jbb.JBBmain DoARun -> 信息:   started user thread for Warehouse 83
2月 15, 2026 9:51:06 下午 spec.jbb.JBBmain DoARun -> 信息:   started user thread for Warehouse 84
2月 15, 2026 9:51:06 下午 spec.jbb.JBBmain DoARun -> 信息:   started user thread for Warehouse 85
2月 15, 2026 9:51:06 下午 spec.jbb.JBBmain DoARun -> 信息:   started user thread for Warehouse 86
2月 15, 2026 9:51:06 下午 spec.jbb.JBBmain DoARun -> 信息:   started user thread for Warehouse 87
2月 15, 2026 9:51:06 下午 spec.jbb.JBBmain DoARun -> 信息:   started user thread for Warehouse 88
2月 15, 2026 9:51:06 下午 spec.jbb.JBBmain DoARun -> 信息:   started user thread for Warehouse 89
2月 15, 2026 9:51:06 下午 spec.jbb.JBBmain DoARun -> 信息:   started user thread for Warehouse 90
2月 15, 2026 9:51:06 下午 spec.jbb.JBBmain DoARun -> 信息:   started user thread for Warehouse 91
2月 15, 2026 9:51:06 下午 spec.jbb.JBBmain DoARun -> 信息:   started user thread for Warehouse 92
2月 15, 2026 9:51:06 下午 spec.jbb.JBBmain DoARun -> 信息:   started user thread for Warehouse 93
2月 15, 2026 9:51:06 下午 spec.jbb.JBBmain DoARun -> 信息:   started user thread for Warehouse 94
2月 15, 2026 9:51:06 下午 spec.jbb.JBBmain DoARun -> 信息:   started user thread for Warehouse 95
2月 15, 2026 9:51:06 下午 spec.jbb.JBBmain DoARun -> 信息:   started user thread for Warehouse 96
2月 15, 2026 9:51:06 下午 spec.jbb.JBBmain DoARun -> 信息:   started user thread for Warehouse 97
2月 15, 2026 9:51:06 下午 spec.jbb.JBBmain DoARun -> 信息:   started user thread for Warehouse 98
2月 15, 2026 9:51:06 下午 spec.jbb.JBBmain DoARun -> 信息:   started user thread for Warehouse 99
2月 15, 2026 9:51:06 下午 spec.jbb.JBBmain DoARun -> 信息:   started user thread for Warehouse 100
2月 15, 2026 9:51:06 下午 spec.jbb.JBBmain DoARun -> 信息:   started user thread for Warehouse 101
2月 15, 2026 9:51:06 下午 spec.jbb.JBBmain DoARun -> 信息:   started user thread for Warehouse 102
2月 15, 2026 9:51:06 下午 spec.jbb.Company displayResultTotals -> 信息: Timing Measurement began Sun Feb 15 21:51:06 CST 2026 for 4 minutes
2月 15, 2026 9:55:06 下午 spec.jbb.Company displayResultTotals -> 信息: Timing Measurement ended Sun Feb 15 21:55:06 CST 2026
2月 15, 2026 9:55:06 下午 spec.jbb.Company primeWithDummyData -> 信息: Loading Warehouse 103...
2月 15, 2026 9:55:06 下午 spec.jbb.JBBmain DoARun -> 信息: Start User Threads
2月 15, 2026 9:55:06 下午 spec.jbb.JBBmain DoARun -> 信息:   started user thread for Warehouse 1
2月 15, 2026 9:55:06 下午 spec.jbb.JBBmain DoARun -> 信息:   started user thread for Warehouse 2
2月 15, 2026 9:55:06 下午 spec.jbb.JBBmain DoARun -> 信息:   started user thread for Warehouse 3
2月 15, 2026 9:55:06 下午 spec.jbb.JBBmain DoARun -> 信息:   started user thread for Warehouse 4
2月 15, 2026 9:55:06 下午 spec.jbb.JBBmain DoARun -> 信息:   started user thread for Warehouse 5
2月 15, 2026 9:55:06 下午 spec.jbb.JBBmain DoARun -> 信息:   started user thread for Warehouse 6
2月 15, 2026 9:55:06 下午 spec.jbb.JBBmain DoARun -> 信息:   started user thread for Warehouse 7
2月 15, 2026 9:55:06 下午 spec.jbb.JBBmain DoARun -> 信息:   started user thread for Warehouse 8
2月 15, 2026 9:55:06 下午 spec.jbb.JBBmain DoARun -> 信息:   started user thread for Warehouse 9
2月 15, 2026 9:55:06 下午 spec.jbb.JBBmain DoARun -> 信息:   started user thread for Warehouse 10
2月 15, 2026 9:55:06 下午 spec.jbb.JBBmain DoARun -> 信息:   started user thread for Warehouse 11
2月 15, 2026 9:55:06 下午 spec.jbb.JBBmain DoARun -> 信息:   started user thread for Warehouse 12
2月 15, 2026 9:55:06 下午 spec.jbb.JBBmain DoARun -> 信息:   started user thread for Warehouse 13
2月 15, 2026 9:55:06 下午 spec.jbb.JBBmain DoARun -> 信息:   started user thread for Warehouse 14
2月 15, 2026 9:55:06 下午 spec.jbb.JBBmain DoARun -> 信息:   started user thread for Warehouse 15
2月 15, 2026 9:55:06 下午 spec.jbb.JBBmain DoARun -> 信息:   started user thread for Warehouse 16
2月 15, 2026 9:55:06 下午 spec.jbb.JBBmain DoARun -> 信息:   started user thread for Warehouse 17
2月 15, 2026 9:55:06 下午 spec.jbb.JBBmain DoARun -> 信息:   started user thread for Warehouse 18
2月 15, 2026 9:55:06 下午 spec.jbb.JBBmain DoARun -> 信息:   started user thread for Warehouse 19
2月 15, 2026 9:55:06 下午 spec.jbb.JBBmain DoARun -> 信息:   started user thread for Warehouse 20
2月 15, 2026 9:55:06 下午 spec.jbb.JBBmain DoARun -> 信息:   started user thread for Warehouse 21
2月 15, 2026 9:55:06 下午 spec.jbb.JBBmain DoARun -> 信息:   started user thread for Warehouse 22
2月 15, 2026 9:55:06 下午 spec.jbb.JBBmain DoARun -> 信息:   started user thread for Warehouse 23
2月 15, 2026 9:55:06 下午 spec.jbb.JBBmain DoARun -> 信息:   started user thread for Warehouse 24
2月 15, 2026 9:55:06 下午 spec.jbb.JBBmain DoARun -> 信息:   started user thread for Warehouse 25
2月 15, 2026 9:55:06 下午 spec.jbb.JBBmain DoARun -> 信息:   started user thread for Warehouse 26
2月 15, 2026 9:55:06 下午 spec.jbb.JBBmain DoARun -> 信息:   started user thread for Warehouse 27
2月 15, 2026 9:55:06 下午 spec.jbb.JBBmain DoARun -> 信息:   started user thread for Warehouse 28
2月 15, 2026 9:55:06 下午 spec.jbb.JBBmain DoARun -> 信息:   started user thread for Warehouse 29
2月 15, 2026 9:55:06 下午 spec.jbb.JBBmain DoARun -> 信息:   started user thread for Warehouse 30
2月 15, 2026 9:55:06 下午 spec.jbb.JBBmain DoARun -> 信息:   started user thread for Warehouse 31
2月 15, 2026 9:55:06 下午 spec.jbb.JBBmain DoARun -> 信息:   started user thread for Warehouse 32
2月 15, 2026 9:55:06 下午 spec.jbb.JBBmain DoARun -> 信息:   started user thread for Warehouse 33
2月 15, 2026 9:55:06 下午 spec.jbb.JBBmain DoARun -> 信息:   started user thread for Warehouse 34
2月 15, 2026 9:55:06 下午 spec.jbb.JBBmain DoARun -> 信息:   started user thread for Warehouse 35
2月 15, 2026 9:55:06 下午 spec.jbb.JBBmain DoARun -> 信息:   started user thread for Warehouse 36
2月 15, 2026 9:55:06 下午 spec.jbb.JBBmain DoARun -> 信息:   started user thread for Warehouse 37
2月 15, 2026 9:55:06 下午 spec.jbb.JBBmain DoARun -> 信息:   started user thread for Warehouse 38
2月 15, 2026 9:55:06 下午 spec.jbb.JBBmain DoARun -> 信息:   started user thread for Warehouse 39
2月 15, 2026 9:55:06 下午 spec.jbb.JBBmain DoARun -> 信息:   started user thread for Warehouse 40
2月 15, 2026 9:55:06 下午 spec.jbb.JBBmain DoARun -> 信息:   started user thread for Warehouse 41
2月 15, 2026 9:55:06 下午 spec.jbb.JBBmain DoARun -> 信息:   started user thread for Warehouse 42
2月 15, 2026 9:55:06 下午 spec.jbb.JBBmain DoARun -> 信息:   started user thread for Warehouse 43
2月 15, 2026 9:55:06 下午 spec.jbb.JBBmain DoARun -> 信息:   started user thread for Warehouse 44
2月 15, 2026 9:55:06 下午 spec.jbb.JBBmain DoARun -> 信息:   started user thread for Warehouse 45
2月 15, 2026 9:55:06 下午 spec.jbb.JBBmain DoARun -> 信息:   started user thread for Warehouse 46
2月 15, 2026 9:55:06 下午 spec.jbb.JBBmain DoARun -> 信息:   started user thread for Warehouse 47
2月 15, 2026 9:55:06 下午 spec.jbb.JBBmain DoARun -> 信息:   started user thread for Warehouse 48
2月 15, 2026 9:55:06 下午 spec.jbb.JBBmain DoARun -> 信息:   started user thread for Warehouse 49
2月 15, 2026 9:55:06 下午 spec.jbb.JBBmain DoARun -> 信息:   started user thread for Warehouse 50
2月 15, 2026 9:55:06 下午 spec.jbb.JBBmain DoARun -> 信息:   started user thread for Warehouse 51
2月 15, 2026 9:55:06 下午 spec.jbb.JBBmain DoARun -> 信息:   started user thread for Warehouse 52
2月 15, 2026 9:55:06 下午 spec.jbb.JBBmain DoARun -> 信息:   started user thread for Warehouse 53
2月 15, 2026 9:55:06 下午 spec.jbb.JBBmain DoARun -> 信息:   started user thread for Warehouse 54
2月 15, 2026 9:55:06 下午 spec.jbb.JBBmain DoARun -> 信息:   started user thread for Warehouse 55
2月 15, 2026 9:55:06 下午 spec.jbb.JBBmain DoARun -> 信息:   started user thread for Warehouse 56
2月 15, 2026 9:55:06 下午 spec.jbb.JBBmain DoARun -> 信息:   started user thread for Warehouse 57
2月 15, 2026 9:55:06 下午 spec.jbb.JBBmain DoARun -> 信息:   started user thread for Warehouse 58
2月 15, 2026 9:55:06 下午 spec.jbb.JBBmain DoARun -> 信息:   started user thread for Warehouse 59
2月 15, 2026 9:55:06 下午 spec.jbb.JBBmain DoARun -> 信息:   started user thread for Warehouse 60
2月 15, 2026 9:55:06 下午 spec.jbb.JBBmain DoARun -> 信息:   started user thread for Warehouse 61
2月 15, 2026 9:55:06 下午 spec.jbb.JBBmain DoARun -> 信息:   started user thread for Warehouse 62
2月 15, 2026 9:55:06 下午 spec.jbb.JBBmain DoARun -> 信息:   started user thread for Warehouse 63
2月 15, 2026 9:55:06 下午 spec.jbb.JBBmain DoARun -> 信息:   started user thread for Warehouse 64
2月 15, 2026 9:55:06 下午 spec.jbb.JBBmain DoARun -> 信息:   started user thread for Warehouse 65
2月 15, 2026 9:55:06 下午 spec.jbb.JBBmain DoARun -> 信息:   started user thread for Warehouse 66
2月 15, 2026 9:55:06 下午 spec.jbb.JBBmain DoARun -> 信息:   started user thread for Warehouse 67
2月 15, 2026 9:55:06 下午 spec.jbb.JBBmain DoARun -> 信息:   started user thread for Warehouse 68
2月 15, 2026 9:55:06 下午 spec.jbb.JBBmain DoARun -> 信息:   started user thread for Warehouse 69
2月 15, 2026 9:55:06 下午 spec.jbb.JBBmain DoARun -> 信息:   started user thread for Warehouse 70
2月 15, 2026 9:55:06 下午 spec.jbb.JBBmain DoARun -> 信息:   started user thread for Warehouse 71
2月 15, 2026 9:55:06 下午 spec.jbb.JBBmain DoARun -> 信息:   started user thread for Warehouse 72
2月 15, 2026 9:55:06 下午 spec.jbb.JBBmain DoARun -> 信息:   started user thread for Warehouse 73
2月 15, 2026 9:55:06 下午 spec.jbb.JBBmain DoARun -> 信息:   started user thread for Warehouse 74
2月 15, 2026 9:55:06 下午 spec.jbb.JBBmain DoARun -> 信息:   started user thread for Warehouse 75
2月 15, 2026 9:55:06 下午 spec.jbb.JBBmain DoARun -> 信息:   started user thread for Warehouse 76
2月 15, 2026 9:55:06 下午 spec.jbb.JBBmain DoARun -> 信息:   started user thread for Warehouse 77
2月 15, 2026 9:55:06 下午 spec.jbb.JBBmain DoARun -> 信息:   started user thread for Warehouse 78
2月 15, 2026 9:55:06 下午 spec.jbb.JBBmain DoARun -> 信息:   started user thread for Warehouse 79
2月 15, 2026 9:55:06 下午 spec.jbb.JBBmain DoARun -> 信息:   started user thread for Warehouse 80
2月 15, 2026 9:55:06 下午 spec.jbb.JBBmain DoARun -> 信息:   started user thread for Warehouse 81
2月 15, 2026 9:55:06 下午 spec.jbb.JBBmain DoARun -> 信息:   started user thread for Warehouse 82
2月 15, 2026 9:55:06 下午 spec.jbb.JBBmain DoARun -> 信息:   started user thread for Warehouse 83
2月 15, 2026 9:55:06 下午 spec.jbb.JBBmain DoARun -> 信息:   started user thread for Warehouse 84
2月 15, 2026 9:55:06 下午 spec.jbb.JBBmain DoARun -> 信息:   started user thread for Warehouse 85
2月 15, 2026 9:55:06 下午 spec.jbb.JBBmain DoARun -> 信息:   started user thread for Warehouse 86
2月 15, 2026 9:55:06 下午 spec.jbb.JBBmain DoARun -> 信息:   started user thread for Warehouse 87
2月 15, 2026 9:55:06 下午 spec.jbb.JBBmain DoARun -> 信息:   started user thread for Warehouse 88
2月 15, 2026 9:55:06 下午 spec.jbb.JBBmain DoARun -> 信息:   started user thread for Warehouse 89
2月 15, 2026 9:55:06 下午 spec.jbb.JBBmain DoARun -> 信息:   started user thread for Warehouse 90
2月 15, 2026 9:55:06 下午 spec.jbb.JBBmain DoARun -> 信息:   started user thread for Warehouse 91
2月 15, 2026 9:55:06 下午 spec.jbb.JBBmain DoARun -> 信息:   started user thread for Warehouse 92
2月 15, 2026 9:55:06 下午 spec.jbb.JBBmain DoARun -> 信息:   started user thread for Warehouse 93
2月 15, 2026 9:55:06 下午 spec.jbb.JBBmain DoARun -> 信息:   started user thread for Warehouse 94
2月 15, 2026 9:55:06 下午 spec.jbb.JBBmain DoARun -> 信息:   started user thread for Warehouse 95
2月 15, 2026 9:55:06 下午 spec.jbb.JBBmain DoARun -> 信息:   started user thread for Warehouse 96
2月 15, 2026 9:55:06 下午 spec.jbb.JBBmain DoARun -> 信息:   started user thread for Warehouse 97
2月 15, 2026 9:55:06 下午 spec.jbb.JBBmain DoARun -> 信息:   started user thread for Warehouse 98
2月 15, 2026 9:55:06 下午 spec.jbb.JBBmain DoARun -> 信息:   started user thread for Warehouse 99
2月 15, 2026 9:55:06 下午 spec.jbb.JBBmain DoARun -> 信息:   started user thread for Warehouse 100
2月 15, 2026 9:55:06 下午 spec.jbb.JBBmain DoARun -> 信息:   started user thread for Warehouse 101
2月 15, 2026 9:55:06 下午 spec.jbb.JBBmain DoARun -> 信息:   started user thread for Warehouse 102
2月 15, 2026 9:55:06 下午 spec.jbb.JBBmain DoARun -> 信息:   started user thread for Warehouse 103
2月 15, 2026 9:55:06 下午 spec.jbb.Company displayResultTotals -> 信息: Timing Measurement began Sun Feb 15 21:55:06 CST 2026 for 4 minutes
2月 15, 2026 9:59:06 下午 spec.jbb.Company displayResultTotals -> 信息: Timing Measurement ended Sun Feb 15 21:59:06 CST 2026
2月 15, 2026 9:59:06 下午 spec.jbb.Company primeWithDummyData -> 信息: Loading Warehouse 104...
2月 15, 2026 9:59:07 下午 spec.jbb.JBBmain DoARun -> 信息: Start User Threads
2月 15, 2026 9:59:07 下午 spec.jbb.JBBmain DoARun -> 信息:   started user thread for Warehouse 1
2月 15, 2026 9:59:07 下午 spec.jbb.JBBmain DoARun -> 信息:   started user thread for Warehouse 2
2月 15, 2026 9:59:07 下午 spec.jbb.JBBmain DoARun -> 信息:   started user thread for Warehouse 3
2月 15, 2026 9:59:07 下午 spec.jbb.JBBmain DoARun -> 信息:   started user thread for Warehouse 4
2月 15, 2026 9:59:07 下午 spec.jbb.JBBmain DoARun -> 信息:   started user thread for Warehouse 5
2月 15, 2026 9:59:07 下午 spec.jbb.JBBmain DoARun -> 信息:   started user thread for Warehouse 6
2月 15, 2026 9:59:07 下午 spec.jbb.JBBmain DoARun -> 信息:   started user thread for Warehouse 7
2月 15, 2026 9:59:07 下午 spec.jbb.JBBmain DoARun -> 信息:   started user thread for Warehouse 8
2月 15, 2026 9:59:07 下午 spec.jbb.JBBmain DoARun -> 信息:   started user thread for Warehouse 9
2月 15, 2026 9:59:07 下午 spec.jbb.JBBmain DoARun -> 信息:   started user thread for Warehouse 10
2月 15, 2026 9:59:07 下午 spec.jbb.JBBmain DoARun -> 信息:   started user thread for Warehouse 11
2月 15, 2026 9:59:07 下午 spec.jbb.JBBmain DoARun -> 信息:   started user thread for Warehouse 12
2月 15, 2026 9:59:07 下午 spec.jbb.JBBmain DoARun -> 信息:   started user thread for Warehouse 13
2月 15, 2026 9:59:07 下午 spec.jbb.JBBmain DoARun -> 信息:   started user thread for Warehouse 14
2月 15, 2026 9:59:07 下午 spec.jbb.JBBmain DoARun -> 信息:   started user thread for Warehouse 15
2月 15, 2026 9:59:07 下午 spec.jbb.JBBmain DoARun -> 信息:   started user thread for Warehouse 16
2月 15, 2026 9:59:07 下午 spec.jbb.JBBmain DoARun -> 信息:   started user thread for Warehouse 17
2月 15, 2026 9:59:07 下午 spec.jbb.JBBmain DoARun -> 信息:   started user thread for Warehouse 18
2月 15, 2026 9:59:07 下午 spec.jbb.JBBmain DoARun -> 信息:   started user thread for Warehouse 19
2月 15, 2026 9:59:07 下午 spec.jbb.JBBmain DoARun -> 信息:   started user thread for Warehouse 20
2月 15, 2026 9:59:07 下午 spec.jbb.JBBmain DoARun -> 信息:   started user thread for Warehouse 21
2月 15, 2026 9:59:07 下午 spec.jbb.JBBmain DoARun -> 信息:   started user thread for Warehouse 22
2月 15, 2026 9:59:07 下午 spec.jbb.JBBmain DoARun -> 信息:   started user thread for Warehouse 23
2月 15, 2026 9:59:07 下午 spec.jbb.JBBmain DoARun -> 信息:   started user thread for Warehouse 24
2月 15, 2026 9:59:07 下午 spec.jbb.JBBmain DoARun -> 信息:   started user thread for Warehouse 25
2月 15, 2026 9:59:07 下午 spec.jbb.JBBmain DoARun -> 信息:   started user thread for Warehouse 26
2月 15, 2026 9:59:07 下午 spec.jbb.JBBmain DoARun -> 信息:   started user thread for Warehouse 27
2月 15, 2026 9:59:07 下午 spec.jbb.JBBmain DoARun -> 信息:   started user thread for Warehouse 28
2月 15, 2026 9:59:07 下午 spec.jbb.JBBmain DoARun -> 信息:   started user thread for Warehouse 29
2月 15, 2026 9:59:07 下午 spec.jbb.JBBmain DoARun -> 信息:   started user thread for Warehouse 30
2月 15, 2026 9:59:07 下午 spec.jbb.JBBmain DoARun -> 信息:   started user thread for Warehouse 31
2月 15, 2026 9:59:07 下午 spec.jbb.JBBmain DoARun -> 信息:   started user thread for Warehouse 32
2月 15, 2026 9:59:07 下午 spec.jbb.JBBmain DoARun -> 信息:   started user thread for Warehouse 33
2月 15, 2026 9:59:07 下午 spec.jbb.JBBmain DoARun -> 信息:   started user thread for Warehouse 34
2月 15, 2026 9:59:07 下午 spec.jbb.JBBmain DoARun -> 信息:   started user thread for Warehouse 35
2月 15, 2026 9:59:07 下午 spec.jbb.JBBmain DoARun -> 信息:   started user thread for Warehouse 36
2月 15, 2026 9:59:07 下午 spec.jbb.JBBmain DoARun -> 信息:   started user thread for Warehouse 37
2月 15, 2026 9:59:07 下午 spec.jbb.JBBmain DoARun -> 信息:   started user thread for Warehouse 38
2月 15, 2026 9:59:07 下午 spec.jbb.JBBmain DoARun -> 信息:   started user thread for Warehouse 39
2月 15, 2026 9:59:07 下午 spec.jbb.JBBmain DoARun -> 信息:   started user thread for Warehouse 40
2月 15, 2026 9:59:07 下午 spec.jbb.JBBmain DoARun -> 信息:   started user thread for Warehouse 41
2月 15, 2026 9:59:07 下午 spec.jbb.JBBmain DoARun -> 信息:   started user thread for Warehouse 42
2月 15, 2026 9:59:07 下午 spec.jbb.JBBmain DoARun -> 信息:   started user thread for Warehouse 43
2月 15, 2026 9:59:07 下午 spec.jbb.JBBmain DoARun -> 信息:   started user thread for Warehouse 44
2月 15, 2026 9:59:07 下午 spec.jbb.JBBmain DoARun -> 信息:   started user thread for Warehouse 45
2月 15, 2026 9:59:07 下午 spec.jbb.JBBmain DoARun -> 信息:   started user thread for Warehouse 46
2月 15, 2026 9:59:07 下午 spec.jbb.JBBmain DoARun -> 信息:   started user thread for Warehouse 47
2月 15, 2026 9:59:07 下午 spec.jbb.JBBmain DoARun -> 信息:   started user thread for Warehouse 48
2月 15, 2026 9:59:07 下午 spec.jbb.JBBmain DoARun -> 信息:   started user thread for Warehouse 49
2月 15, 2026 9:59:07 下午 spec.jbb.JBBmain DoARun -> 信息:   started user thread for Warehouse 50
2月 15, 2026 9:59:07 下午 spec.jbb.JBBmain DoARun -> 信息:   started user thread for Warehouse 51
2月 15, 2026 9:59:07 下午 spec.jbb.JBBmain DoARun -> 信息:   started user thread for Warehouse 52
2月 15, 2026 9:59:07 下午 spec.jbb.JBBmain DoARun -> 信息:   started user thread for Warehouse 53
2月 15, 2026 9:59:07 下午 spec.jbb.JBBmain DoARun -> 信息:   started user thread for Warehouse 54
2月 15, 2026 9:59:07 下午 spec.jbb.JBBmain DoARun -> 信息:   started user thread for Warehouse 55
2月 15, 2026 9:59:07 下午 spec.jbb.JBBmain DoARun -> 信息:   started user thread for Warehouse 56
2月 15, 2026 9:59:07 下午 spec.jbb.JBBmain DoARun -> 信息:   started user thread for Warehouse 57
2月 15, 2026 9:59:07 下午 spec.jbb.JBBmain DoARun -> 信息:   started user thread for Warehouse 58
2月 15, 2026 9:59:07 下午 spec.jbb.JBBmain DoARun -> 信息:   started user thread for Warehouse 59
2月 15, 2026 9:59:07 下午 spec.jbb.JBBmain DoARun -> 信息:   started user thread for Warehouse 60
2月 15, 2026 9:59:07 下午 spec.jbb.JBBmain DoARun -> 信息:   started user thread for Warehouse 61
2月 15, 2026 9:59:07 下午 spec.jbb.JBBmain DoARun -> 信息:   started user thread for Warehouse 62
2月 15, 2026 9:59:07 下午 spec.jbb.JBBmain DoARun -> 信息:   started user thread for Warehouse 63
2月 15, 2026 9:59:07 下午 spec.jbb.JBBmain DoARun -> 信息:   started user thread for Warehouse 64
2月 15, 2026 9:59:07 下午 spec.jbb.JBBmain DoARun -> 信息:   started user thread for Warehouse 65
2月 15, 2026 9:59:07 下午 spec.jbb.JBBmain DoARun -> 信息:   started user thread for Warehouse 66
2月 15, 2026 9:59:07 下午 spec.jbb.JBBmain DoARun -> 信息:   started user thread for Warehouse 67
2月 15, 2026 9:59:07 下午 spec.jbb.JBBmain DoARun -> 信息:   started user thread for Warehouse 68
2月 15, 2026 9:59:07 下午 spec.jbb.JBBmain DoARun -> 信息:   started user thread for Warehouse 69
2月 15, 2026 9:59:07 下午 spec.jbb.JBBmain DoARun -> 信息:   started user thread for Warehouse 70
2月 15, 2026 9:59:07 下午 spec.jbb.JBBmain DoARun -> 信息:   started user thread for Warehouse 71
2月 15, 2026 9:59:07 下午 spec.jbb.JBBmain DoARun -> 信息:   started user thread for Warehouse 72
2月 15, 2026 9:59:07 下午 spec.jbb.JBBmain DoARun -> 信息:   started user thread for Warehouse 73
2月 15, 2026 9:59:07 下午 spec.jbb.JBBmain DoARun -> 信息:   started user thread for Warehouse 74
2月 15, 2026 9:59:07 下午 spec.jbb.JBBmain DoARun -> 信息:   started user thread for Warehouse 75
2月 15, 2026 9:59:07 下午 spec.jbb.JBBmain DoARun -> 信息:   started user thread for Warehouse 76
2月 15, 2026 9:59:07 下午 spec.jbb.JBBmain DoARun -> 信息:   started user thread for Warehouse 77
2月 15, 2026 9:59:07 下午 spec.jbb.JBBmain DoARun -> 信息:   started user thread for Warehouse 78
2月 15, 2026 9:59:07 下午 spec.jbb.JBBmain DoARun -> 信息:   started user thread for Warehouse 79
2月 15, 2026 9:59:07 下午 spec.jbb.JBBmain DoARun -> 信息:   started user thread for Warehouse 80
2月 15, 2026 9:59:07 下午 spec.jbb.JBBmain DoARun -> 信息:   started user thread for Warehouse 81
2月 15, 2026 9:59:07 下午 spec.jbb.JBBmain DoARun -> 信息:   started user thread for Warehouse 82
2月 15, 2026 9:59:07 下午 spec.jbb.JBBmain DoARun -> 信息:   started user thread for Warehouse 83
2月 15, 2026 9:59:07 下午 spec.jbb.JBBmain DoARun -> 信息:   started user thread for Warehouse 84
2月 15, 2026 9:59:07 下午 spec.jbb.JBBmain DoARun -> 信息:   started user thread for Warehouse 85
2月 15, 2026 9:59:07 下午 spec.jbb.JBBmain DoARun -> 信息:   started user thread for Warehouse 86
2月 15, 2026 9:59:07 下午 spec.jbb.JBBmain DoARun -> 信息:   started user thread for Warehouse 87
2月 15, 2026 9:59:07 下午 spec.jbb.JBBmain DoARun -> 信息:   started user thread for Warehouse 88
2月 15, 2026 9:59:07 下午 spec.jbb.JBBmain DoARun -> 信息:   started user thread for Warehouse 89
2月 15, 2026 9:59:07 下午 spec.jbb.JBBmain DoARun -> 信息:   started user thread for Warehouse 90
2月 15, 2026 9:59:07 下午 spec.jbb.JBBmain DoARun -> 信息:   started user thread for Warehouse 91
2月 15, 2026 9:59:07 下午 spec.jbb.JBBmain DoARun -> 信息:   started user thread for Warehouse 92
2月 15, 2026 9:59:07 下午 spec.jbb.JBBmain DoARun -> 信息:   started user thread for Warehouse 93
2月 15, 2026 9:59:07 下午 spec.jbb.JBBmain DoARun -> 信息:   started user thread for Warehouse 94
2月 15, 2026 9:59:07 下午 spec.jbb.JBBmain DoARun -> 信息:   started user thread for Warehouse 95
2月 15, 2026 9:59:07 下午 spec.jbb.JBBmain DoARun -> 信息:   started user thread for Warehouse 96
2月 15, 2026 9:59:07 下午 spec.jbb.JBBmain DoARun -> 信息:   started user thread for Warehouse 97
2月 15, 2026 9:59:07 下午 spec.jbb.JBBmain DoARun -> 信息:   started user thread for Warehouse 98
2月 15, 2026 9:59:07 下午 spec.jbb.JBBmain DoARun -> 信息:   started user thread for Warehouse 99
2月 15, 2026 9:59:07 下午 spec.jbb.JBBmain DoARun -> 信息:   started user thread for Warehouse 100
2月 15, 2026 9:59:07 下午 spec.jbb.JBBmain DoARun -> 信息:   started user thread for Warehouse 101
2月 15, 2026 9:59:07 下午 spec.jbb.JBBmain DoARun -> 信息:   started user thread for Warehouse 102
2月 15, 2026 9:59:07 下午 spec.jbb.JBBmain DoARun -> 信息:   started user thread for Warehouse 103
2月 15, 2026 9:59:07 下午 spec.jbb.JBBmain DoARun -> 信息:   started user thread for Warehouse 104
2月 15, 2026 9:59:07 下午 spec.jbb.Company displayResultTotals -> 信息: Timing Measurement began Sun Feb 15 21:59:07 CST 2026 for 4 minutes
2月 15, 2026 10:03:07 下午 spec.jbb.Company displayResultTotals -> 信息: Timing Measurement ended Sun Feb 15 22:03:07 CST 2026
2月 15, 2026 10:03:07 下午 spec.jbb.Company primeWithDummyData -> 信息: Loading Warehouse 105...
2月 15, 2026 10:03:07 下午 spec.jbb.JBBmain DoARun -> 信息: Start User Threads
2月 15, 2026 10:03:07 下午 spec.jbb.JBBmain DoARun -> 信息:   started user thread for Warehouse 1
2月 15, 2026 10:03:07 下午 spec.jbb.JBBmain DoARun -> 信息:   started user thread for Warehouse 2
2月 15, 2026 10:03:07 下午 spec.jbb.JBBmain DoARun -> 信息:   started user thread for Warehouse 3
2月 15, 2026 10:03:07 下午 spec.jbb.JBBmain DoARun -> 信息:   started user thread for Warehouse 4
2月 15, 2026 10:03:07 下午 spec.jbb.JBBmain DoARun -> 信息:   started user thread for Warehouse 5
2月 15, 2026 10:03:07 下午 spec.jbb.JBBmain DoARun -> 信息:   started user thread for Warehouse 6
2月 15, 2026 10:03:07 下午 spec.jbb.JBBmain DoARun -> 信息:   started user thread for Warehouse 7
2月 15, 2026 10:03:07 下午 spec.jbb.JBBmain DoARun -> 信息:   started user thread for Warehouse 8
2月 15, 2026 10:03:07 下午 spec.jbb.JBBmain DoARun -> 信息:   started user thread for Warehouse 9
2月 15, 2026 10:03:07 下午 spec.jbb.JBBmain DoARun -> 信息:   started user thread for Warehouse 10
2月 15, 2026 10:03:07 下午 spec.jbb.JBBmain DoARun -> 信息:   started user thread for Warehouse 11
2月 15, 2026 10:03:07 下午 spec.jbb.JBBmain DoARun -> 信息:   started user thread for Warehouse 12
2月 15, 2026 10:03:07 下午 spec.jbb.JBBmain DoARun -> 信息:   started user thread for Warehouse 13
2月 15, 2026 10:03:07 下午 spec.jbb.JBBmain DoARun -> 信息:   started user thread for Warehouse 14
2月 15, 2026 10:03:07 下午 spec.jbb.JBBmain DoARun -> 信息:   started user thread for Warehouse 15
2月 15, 2026 10:03:07 下午 spec.jbb.JBBmain DoARun -> 信息:   started user thread for Warehouse 16
2月 15, 2026 10:03:07 下午 spec.jbb.JBBmain DoARun -> 信息:   started user thread for Warehouse 17
2月 15, 2026 10:03:07 下午 spec.jbb.JBBmain DoARun -> 信息:   started user thread for Warehouse 18
2月 15, 2026 10:03:07 下午 spec.jbb.JBBmain DoARun -> 信息:   started user thread for Warehouse 19
2月 15, 2026 10:03:07 下午 spec.jbb.JBBmain DoARun -> 信息:   started user thread for Warehouse 20
2月 15, 2026 10:03:07 下午 spec.jbb.JBBmain DoARun -> 信息:   started user thread for Warehouse 21
2月 15, 2026 10:03:07 下午 spec.jbb.JBBmain DoARun -> 信息:   started user thread for Warehouse 22
2月 15, 2026 10:03:07 下午 spec.jbb.JBBmain DoARun -> 信息:   started user thread for Warehouse 23
2月 15, 2026 10:03:07 下午 spec.jbb.JBBmain DoARun -> 信息:   started user thread for Warehouse 24
2月 15, 2026 10:03:07 下午 spec.jbb.JBBmain DoARun -> 信息:   started user thread for Warehouse 25
2月 15, 2026 10:03:07 下午 spec.jbb.JBBmain DoARun -> 信息:   started user thread for Warehouse 26
2月 15, 2026 10:03:07 下午 spec.jbb.JBBmain DoARun -> 信息:   started user thread for Warehouse 27
2月 15, 2026 10:03:07 下午 spec.jbb.JBBmain DoARun -> 信息:   started user thread for Warehouse 28
2月 15, 2026 10:03:07 下午 spec.jbb.JBBmain DoARun -> 信息:   started user thread for Warehouse 29
2月 15, 2026 10:03:07 下午 spec.jbb.JBBmain DoARun -> 信息:   started user thread for Warehouse 30
2月 15, 2026 10:03:07 下午 spec.jbb.JBBmain DoARun -> 信息:   started user thread for Warehouse 31
2月 15, 2026 10:03:07 下午 spec.jbb.JBBmain DoARun -> 信息:   started user thread for Warehouse 32
2月 15, 2026 10:03:07 下午 spec.jbb.JBBmain DoARun -> 信息:   started user thread for Warehouse 33
2月 15, 2026 10:03:07 下午 spec.jbb.JBBmain DoARun -> 信息:   started user thread for Warehouse 34
2月 15, 2026 10:03:07 下午 spec.jbb.JBBmain DoARun -> 信息:   started user thread for Warehouse 35
2月 15, 2026 10:03:07 下午 spec.jbb.JBBmain DoARun -> 信息:   started user thread for Warehouse 36
2月 15, 2026 10:03:07 下午 spec.jbb.JBBmain DoARun -> 信息:   started user thread for Warehouse 37
2月 15, 2026 10:03:07 下午 spec.jbb.JBBmain DoARun -> 信息:   started user thread for Warehouse 38
2月 15, 2026 10:03:07 下午 spec.jbb.JBBmain DoARun -> 信息:   started user thread for Warehouse 39
2月 15, 2026 10:03:07 下午 spec.jbb.JBBmain DoARun -> 信息:   started user thread for Warehouse 40
2月 15, 2026 10:03:07 下午 spec.jbb.JBBmain DoARun -> 信息:   started user thread for Warehouse 41
2月 15, 2026 10:03:07 下午 spec.jbb.JBBmain DoARun -> 信息:   started user thread for Warehouse 42
2月 15, 2026 10:03:07 下午 spec.jbb.JBBmain DoARun -> 信息:   started user thread for Warehouse 43
2月 15, 2026 10:03:07 下午 spec.jbb.JBBmain DoARun -> 信息:   started user thread for Warehouse 44
2月 15, 2026 10:03:07 下午 spec.jbb.JBBmain DoARun -> 信息:   started user thread for Warehouse 45
2月 15, 2026 10:03:07 下午 spec.jbb.JBBmain DoARun -> 信息:   started user thread for Warehouse 46
2月 15, 2026 10:03:07 下午 spec.jbb.JBBmain DoARun -> 信息:   started user thread for Warehouse 47
2月 15, 2026 10:03:07 下午 spec.jbb.JBBmain DoARun -> 信息:   started user thread for Warehouse 48
2月 15, 2026 10:03:07 下午 spec.jbb.JBBmain DoARun -> 信息:   started user thread for Warehouse 49
2月 15, 2026 10:03:07 下午 spec.jbb.JBBmain DoARun -> 信息:   started user thread for Warehouse 50
2月 15, 2026 10:03:07 下午 spec.jbb.JBBmain DoARun -> 信息:   started user thread for Warehouse 51
2月 15, 2026 10:03:07 下午 spec.jbb.JBBmain DoARun -> 信息:   started user thread for Warehouse 52
2月 15, 2026 10:03:07 下午 spec.jbb.JBBmain DoARun -> 信息:   started user thread for Warehouse 53
2月 15, 2026 10:03:07 下午 spec.jbb.JBBmain DoARun -> 信息:   started user thread for Warehouse 54
2月 15, 2026 10:03:07 下午 spec.jbb.JBBmain DoARun -> 信息:   started user thread for Warehouse 55
2月 15, 2026 10:03:07 下午 spec.jbb.JBBmain DoARun -> 信息:   started user thread for Warehouse 56
2月 15, 2026 10:03:07 下午 spec.jbb.JBBmain DoARun -> 信息:   started user thread for Warehouse 57
2月 15, 2026 10:03:07 下午 spec.jbb.JBBmain DoARun -> 信息:   started user thread for Warehouse 58
2月 15, 2026 10:03:07 下午 spec.jbb.JBBmain DoARun -> 信息:   started user thread for Warehouse 59
2月 15, 2026 10:03:07 下午 spec.jbb.JBBmain DoARun -> 信息:   started user thread for Warehouse 60
2月 15, 2026 10:03:07 下午 spec.jbb.JBBmain DoARun -> 信息:   started user thread for Warehouse 61
2月 15, 2026 10:03:07 下午 spec.jbb.JBBmain DoARun -> 信息:   started user thread for Warehouse 62
2月 15, 2026 10:03:07 下午 spec.jbb.JBBmain DoARun -> 信息:   started user thread for Warehouse 63
2月 15, 2026 10:03:07 下午 spec.jbb.JBBmain DoARun -> 信息:   started user thread for Warehouse 64
2月 15, 2026 10:03:07 下午 spec.jbb.JBBmain DoARun -> 信息:   started user thread for Warehouse 65
2月 15, 2026 10:03:07 下午 spec.jbb.JBBmain DoARun -> 信息:   started user thread for Warehouse 66
2月 15, 2026 10:03:07 下午 spec.jbb.JBBmain DoARun -> 信息:   started user thread for Warehouse 67
2月 15, 2026 10:03:07 下午 spec.jbb.JBBmain DoARun -> 信息:   started user thread for Warehouse 68
2月 15, 2026 10:03:07 下午 spec.jbb.JBBmain DoARun -> 信息:   started user thread for Warehouse 69
2月 15, 2026 10:03:07 下午 spec.jbb.JBBmain DoARun -> 信息:   started user thread for Warehouse 70
2月 15, 2026 10:03:07 下午 spec.jbb.JBBmain DoARun -> 信息:   started user thread for Warehouse 71
2月 15, 2026 10:03:07 下午 spec.jbb.JBBmain DoARun -> 信息:   started user thread for Warehouse 72
2月 15, 2026 10:03:07 下午 spec.jbb.JBBmain DoARun -> 信息:   started user thread for Warehouse 73
2月 15, 2026 10:03:07 下午 spec.jbb.JBBmain DoARun -> 信息:   started user thread for Warehouse 74
2月 15, 2026 10:03:07 下午 spec.jbb.JBBmain DoARun -> 信息:   started user thread for Warehouse 75
2月 15, 2026 10:03:07 下午 spec.jbb.JBBmain DoARun -> 信息:   started user thread for Warehouse 76
2月 15, 2026 10:03:07 下午 spec.jbb.JBBmain DoARun -> 信息:   started user thread for Warehouse 77
2月 15, 2026 10:03:07 下午 spec.jbb.JBBmain DoARun -> 信息:   started user thread for Warehouse 78
2月 15, 2026 10:03:07 下午 spec.jbb.JBBmain DoARun -> 信息:   started user thread for Warehouse 79
2月 15, 2026 10:03:07 下午 spec.jbb.JBBmain DoARun -> 信息:   started user thread for Warehouse 80
2月 15, 2026 10:03:07 下午 spec.jbb.JBBmain DoARun -> 信息:   started user thread for Warehouse 81
2月 15, 2026 10:03:07 下午 spec.jbb.JBBmain DoARun -> 信息:   started user thread for Warehouse 82
2月 15, 2026 10:03:07 下午 spec.jbb.JBBmain DoARun -> 信息:   started user thread for Warehouse 83
2月 15, 2026 10:03:07 下午 spec.jbb.JBBmain DoARun -> 信息:   started user thread for Warehouse 84
2月 15, 2026 10:03:07 下午 spec.jbb.JBBmain DoARun -> 信息:   started user thread for Warehouse 85
2月 15, 2026 10:03:07 下午 spec.jbb.JBBmain DoARun -> 信息:   started user thread for Warehouse 86
2月 15, 2026 10:03:07 下午 spec.jbb.JBBmain DoARun -> 信息:   started user thread for Warehouse 87
2月 15, 2026 10:03:07 下午 spec.jbb.JBBmain DoARun -> 信息:   started user thread for Warehouse 88
2月 15, 2026 10:03:07 下午 spec.jbb.JBBmain DoARun -> 信息:   started user thread for Warehouse 89
2月 15, 2026 10:03:07 下午 spec.jbb.JBBmain DoARun -> 信息:   started user thread for Warehouse 90
2月 15, 2026 10:03:07 下午 spec.jbb.JBBmain DoARun -> 信息:   started user thread for Warehouse 91
2月 15, 2026 10:03:07 下午 spec.jbb.JBBmain DoARun -> 信息:   started user thread for Warehouse 92
2月 15, 2026 10:03:07 下午 spec.jbb.JBBmain DoARun -> 信息:   started user thread for Warehouse 93
2月 15, 2026 10:03:07 下午 spec.jbb.JBBmain DoARun -> 信息:   started user thread for Warehouse 94
2月 15, 2026 10:03:07 下午 spec.jbb.JBBmain DoARun -> 信息:   started user thread for Warehouse 95
2月 15, 2026 10:03:07 下午 spec.jbb.JBBmain DoARun -> 信息:   started user thread for Warehouse 96
2月 15, 2026 10:03:07 下午 spec.jbb.JBBmain DoARun -> 信息:   started user thread for Warehouse 97
2月 15, 2026 10:03:07 下午 spec.jbb.JBBmain DoARun -> 信息:   started user thread for Warehouse 98
2月 15, 2026 10:03:07 下午 spec.jbb.JBBmain DoARun -> 信息:   started user thread for Warehouse 99
2月 15, 2026 10:03:07 下午 spec.jbb.JBBmain DoARun -> 信息:   started user thread for Warehouse 100
2月 15, 2026 10:03:07 下午 spec.jbb.JBBmain DoARun -> 信息:   started user thread for Warehouse 101
2月 15, 2026 10:03:07 下午 spec.jbb.JBBmain DoARun -> 信息:   started user thread for Warehouse 102
2月 15, 2026 10:03:07 下午 spec.jbb.JBBmain DoARun -> 信息:   started user thread for Warehouse 103
2月 15, 2026 10:03:07 下午 spec.jbb.JBBmain DoARun -> 信息:   started user thread for Warehouse 104
2月 15, 2026 10:03:07 下午 spec.jbb.JBBmain DoARun -> 信息:   started user thread for Warehouse 105
2月 15, 2026 10:03:07 下午 spec.jbb.Company displayResultTotals -> 信息: Timing Measurement began Sun Feb 15 22:03:07 CST 2026 for 4 minutes
2月 15, 2026 10:07:07 下午 spec.jbb.Company displayResultTotals -> 信息: Timing Measurement ended Sun Feb 15 22:07:07 CST 2026
2月 15, 2026 10:07:07 下午 spec.jbb.Company primeWithDummyData -> 信息: Loading Warehouse 106...
2月 15, 2026 10:07:07 下午 spec.jbb.JBBmain DoARun -> 信息: Start User Threads
2月 15, 2026 10:07:07 下午 spec.jbb.JBBmain DoARun -> 信息:   started user thread for Warehouse 1
2月 15, 2026 10:07:07 下午 spec.jbb.JBBmain DoARun -> 信息:   started user thread for Warehouse 2
2月 15, 2026 10:07:07 下午 spec.jbb.JBBmain DoARun -> 信息:   started user thread for Warehouse 3
2月 15, 2026 10:07:07 下午 spec.jbb.JBBmain DoARun -> 信息:   started user thread for Warehouse 4
2月 15, 2026 10:07:07 下午 spec.jbb.JBBmain DoARun -> 信息:   started user thread for Warehouse 5
2月 15, 2026 10:07:07 下午 spec.jbb.JBBmain DoARun -> 信息:   started user thread for Warehouse 6
2月 15, 2026 10:07:07 下午 spec.jbb.JBBmain DoARun -> 信息:   started user thread for Warehouse 7
2月 15, 2026 10:07:07 下午 spec.jbb.JBBmain DoARun -> 信息:   started user thread for Warehouse 8
2月 15, 2026 10:07:07 下午 spec.jbb.JBBmain DoARun -> 信息:   started user thread for Warehouse 9
2月 15, 2026 10:07:07 下午 spec.jbb.JBBmain DoARun -> 信息:   started user thread for Warehouse 10
2月 15, 2026 10:07:07 下午 spec.jbb.JBBmain DoARun -> 信息:   started user thread for Warehouse 11
2月 15, 2026 10:07:07 下午 spec.jbb.JBBmain DoARun -> 信息:   started user thread for Warehouse 12
2月 15, 2026 10:07:07 下午 spec.jbb.JBBmain DoARun -> 信息:   started user thread for Warehouse 13
2月 15, 2026 10:07:07 下午 spec.jbb.JBBmain DoARun -> 信息:   started user thread for Warehouse 14
2月 15, 2026 10:07:07 下午 spec.jbb.JBBmain DoARun -> 信息:   started user thread for Warehouse 15
2月 15, 2026 10:07:07 下午 spec.jbb.JBBmain DoARun -> 信息:   started user thread for Warehouse 16
2月 15, 2026 10:07:07 下午 spec.jbb.JBBmain DoARun -> 信息:   started user thread for Warehouse 17
2月 15, 2026 10:07:07 下午 spec.jbb.JBBmain DoARun -> 信息:   started user thread for Warehouse 18
2月 15, 2026 10:07:07 下午 spec.jbb.JBBmain DoARun -> 信息:   started user thread for Warehouse 19
2月 15, 2026 10:07:07 下午 spec.jbb.JBBmain DoARun -> 信息:   started user thread for Warehouse 20
2月 15, 2026 10:07:07 下午 spec.jbb.JBBmain DoARun -> 信息:   started user thread for Warehouse 21
2月 15, 2026 10:07:07 下午 spec.jbb.JBBmain DoARun -> 信息:   started user thread for Warehouse 22
2月 15, 2026 10:07:07 下午 spec.jbb.JBBmain DoARun -> 信息:   started user thread for Warehouse 23
2月 15, 2026 10:07:07 下午 spec.jbb.JBBmain DoARun -> 信息:   started user thread for Warehouse 24
2月 15, 2026 10:07:07 下午 spec.jbb.JBBmain DoARun -> 信息:   started user thread for Warehouse 25
2月 15, 2026 10:07:07 下午 spec.jbb.JBBmain DoARun -> 信息:   started user thread for Warehouse 26
2月 15, 2026 10:07:07 下午 spec.jbb.JBBmain DoARun -> 信息:   started user thread for Warehouse 27
2月 15, 2026 10:07:07 下午 spec.jbb.JBBmain DoARun -> 信息:   started user thread for Warehouse 28
2月 15, 2026 10:07:07 下午 spec.jbb.JBBmain DoARun -> 信息:   started user thread for Warehouse 29
2月 15, 2026 10:07:07 下午 spec.jbb.JBBmain DoARun -> 信息:   started user thread for Warehouse 30
2月 15, 2026 10:07:07 下午 spec.jbb.JBBmain DoARun -> 信息:   started user thread for Warehouse 31
2月 15, 2026 10:07:07 下午 spec.jbb.JBBmain DoARun -> 信息:   started user thread for Warehouse 32
2月 15, 2026 10:07:07 下午 spec.jbb.JBBmain DoARun -> 信息:   started user thread for Warehouse 33
2月 15, 2026 10:07:07 下午 spec.jbb.JBBmain DoARun -> 信息:   started user thread for Warehouse 34
2月 15, 2026 10:07:07 下午 spec.jbb.JBBmain DoARun -> 信息:   started user thread for Warehouse 35
2月 15, 2026 10:07:07 下午 spec.jbb.JBBmain DoARun -> 信息:   started user thread for Warehouse 36
2月 15, 2026 10:07:07 下午 spec.jbb.JBBmain DoARun -> 信息:   started user thread for Warehouse 37
2月 15, 2026 10:07:07 下午 spec.jbb.JBBmain DoARun -> 信息:   started user thread for Warehouse 38
2月 15, 2026 10:07:07 下午 spec.jbb.JBBmain DoARun -> 信息:   started user thread for Warehouse 39
2月 15, 2026 10:07:07 下午 spec.jbb.JBBmain DoARun -> 信息:   started user thread for Warehouse 40
2月 15, 2026 10:07:07 下午 spec.jbb.JBBmain DoARun -> 信息:   started user thread for Warehouse 41
2月 15, 2026 10:07:07 下午 spec.jbb.JBBmain DoARun -> 信息:   started user thread for Warehouse 42
2月 15, 2026 10:07:07 下午 spec.jbb.JBBmain DoARun -> 信息:   started user thread for Warehouse 43
2月 15, 2026 10:07:07 下午 spec.jbb.JBBmain DoARun -> 信息:   started user thread for Warehouse 44
2月 15, 2026 10:07:07 下午 spec.jbb.JBBmain DoARun -> 信息:   started user thread for Warehouse 45
2月 15, 2026 10:07:07 下午 spec.jbb.JBBmain DoARun -> 信息:   started user thread for Warehouse 46
2月 15, 2026 10:07:07 下午 spec.jbb.JBBmain DoARun -> 信息:   started user thread for Warehouse 47
2月 15, 2026 10:07:07 下午 spec.jbb.JBBmain DoARun -> 信息:   started user thread for Warehouse 48
2月 15, 2026 10:07:07 下午 spec.jbb.JBBmain DoARun -> 信息:   started user thread for Warehouse 49
2月 15, 2026 10:07:07 下午 spec.jbb.JBBmain DoARun -> 信息:   started user thread for Warehouse 50
2月 15, 2026 10:07:07 下午 spec.jbb.JBBmain DoARun -> 信息:   started user thread for Warehouse 51
2月 15, 2026 10:07:07 下午 spec.jbb.JBBmain DoARun -> 信息:   started user thread for Warehouse 52
2月 15, 2026 10:07:07 下午 spec.jbb.JBBmain DoARun -> 信息:   started user thread for Warehouse 53
2月 15, 2026 10:07:07 下午 spec.jbb.JBBmain DoARun -> 信息:   started user thread for Warehouse 54
2月 15, 2026 10:07:07 下午 spec.jbb.JBBmain DoARun -> 信息:   started user thread for Warehouse 55
2月 15, 2026 10:07:07 下午 spec.jbb.JBBmain DoARun -> 信息:   started user thread for Warehouse 56
2月 15, 2026 10:07:07 下午 spec.jbb.JBBmain DoARun -> 信息:   started user thread for Warehouse 57
2月 15, 2026 10:07:07 下午 spec.jbb.JBBmain DoARun -> 信息:   started user thread for Warehouse 58
2月 15, 2026 10:07:07 下午 spec.jbb.JBBmain DoARun -> 信息:   started user thread for Warehouse 59
2月 15, 2026 10:07:07 下午 spec.jbb.JBBmain DoARun -> 信息:   started user thread for Warehouse 60
2月 15, 2026 10:07:07 下午 spec.jbb.JBBmain DoARun -> 信息:   started user thread for Warehouse 61
2月 15, 2026 10:07:07 下午 spec.jbb.JBBmain DoARun -> 信息:   started user thread for Warehouse 62
2月 15, 2026 10:07:07 下午 spec.jbb.JBBmain DoARun -> 信息:   started user thread for Warehouse 63
2月 15, 2026 10:07:07 下午 spec.jbb.JBBmain DoARun -> 信息:   started user thread for Warehouse 64
2月 15, 2026 10:07:07 下午 spec.jbb.JBBmain DoARun -> 信息:   started user thread for Warehouse 65
2月 15, 2026 10:07:07 下午 spec.jbb.JBBmain DoARun -> 信息:   started user thread for Warehouse 66
2月 15, 2026 10:07:07 下午 spec.jbb.JBBmain DoARun -> 信息:   started user thread for Warehouse 67
2月 15, 2026 10:07:07 下午 spec.jbb.JBBmain DoARun -> 信息:   started user thread for Warehouse 68
2月 15, 2026 10:07:07 下午 spec.jbb.JBBmain DoARun -> 信息:   started user thread for Warehouse 69
2月 15, 2026 10:07:07 下午 spec.jbb.JBBmain DoARun -> 信息:   started user thread for Warehouse 70
2月 15, 2026 10:07:07 下午 spec.jbb.JBBmain DoARun -> 信息:   started user thread for Warehouse 71
2月 15, 2026 10:07:07 下午 spec.jbb.JBBmain DoARun -> 信息:   started user thread for Warehouse 72
2月 15, 2026 10:07:07 下午 spec.jbb.JBBmain DoARun -> 信息:   started user thread for Warehouse 73
2月 15, 2026 10:07:07 下午 spec.jbb.JBBmain DoARun -> 信息:   started user thread for Warehouse 74
2月 15, 2026 10:07:07 下午 spec.jbb.JBBmain DoARun -> 信息:   started user thread for Warehouse 75
2月 15, 2026 10:07:07 下午 spec.jbb.JBBmain DoARun -> 信息:   started user thread for Warehouse 76
2月 15, 2026 10:07:07 下午 spec.jbb.JBBmain DoARun -> 信息:   started user thread for Warehouse 77
2月 15, 2026 10:07:07 下午 spec.jbb.JBBmain DoARun -> 信息:   started user thread for Warehouse 78
2月 15, 2026 10:07:07 下午 spec.jbb.JBBmain DoARun -> 信息:   started user thread for Warehouse 79
2月 15, 2026 10:07:07 下午 spec.jbb.JBBmain DoARun -> 信息:   started user thread for Warehouse 80
2月 15, 2026 10:07:07 下午 spec.jbb.JBBmain DoARun -> 信息:   started user thread for Warehouse 81
2月 15, 2026 10:07:07 下午 spec.jbb.JBBmain DoARun -> 信息:   started user thread for Warehouse 82
2月 15, 2026 10:07:07 下午 spec.jbb.JBBmain DoARun -> 信息:   started user thread for Warehouse 83
2月 15, 2026 10:07:07 下午 spec.jbb.JBBmain DoARun -> 信息:   started user thread for Warehouse 84
2月 15, 2026 10:07:07 下午 spec.jbb.JBBmain DoARun -> 信息:   started user thread for Warehouse 85
2月 15, 2026 10:07:07 下午 spec.jbb.JBBmain DoARun -> 信息:   started user thread for Warehouse 86
2月 15, 2026 10:07:07 下午 spec.jbb.JBBmain DoARun -> 信息:   started user thread for Warehouse 87
2月 15, 2026 10:07:07 下午 spec.jbb.JBBmain DoARun -> 信息:   started user thread for Warehouse 88
2月 15, 2026 10:07:07 下午 spec.jbb.JBBmain DoARun -> 信息:   started user thread for Warehouse 89
2月 15, 2026 10:07:07 下午 spec.jbb.JBBmain DoARun -> 信息:   started user thread for Warehouse 90
2月 15, 2026 10:07:07 下午 spec.jbb.JBBmain DoARun -> 信息:   started user thread for Warehouse 91
2月 15, 2026 10:07:07 下午 spec.jbb.JBBmain DoARun -> 信息:   started user thread for Warehouse 92
2月 15, 2026 10:07:07 下午 spec.jbb.JBBmain DoARun -> 信息:   started user thread for Warehouse 93
2月 15, 2026 10:07:07 下午 spec.jbb.JBBmain DoARun -> 信息:   started user thread for Warehouse 94
2月 15, 2026 10:07:07 下午 spec.jbb.JBBmain DoARun -> 信息:   started user thread for Warehouse 95
2月 15, 2026 10:07:07 下午 spec.jbb.JBBmain DoARun -> 信息:   started user thread for Warehouse 96
2月 15, 2026 10:07:07 下午 spec.jbb.JBBmain DoARun -> 信息:   started user thread for Warehouse 97
2月 15, 2026 10:07:07 下午 spec.jbb.JBBmain DoARun -> 信息:   started user thread for Warehouse 98
2月 15, 2026 10:07:07 下午 spec.jbb.JBBmain DoARun -> 信息:   started user thread for Warehouse 99
2月 15, 2026 10:07:07 下午 spec.jbb.JBBmain DoARun -> 信息:   started user thread for Warehouse 100
2月 15, 2026 10:07:07 下午 spec.jbb.JBBmain DoARun -> 信息:   started user thread for Warehouse 101
2月 15, 2026 10:07:07 下午 spec.jbb.JBBmain DoARun -> 信息:   started user thread for Warehouse 102
2月 15, 2026 10:07:07 下午 spec.jbb.JBBmain DoARun -> 信息:   started user thread for Warehouse 103
2月 15, 2026 10:07:07 下午 spec.jbb.JBBmain DoARun -> 信息:   started user thread for Warehouse 104
2月 15, 2026 10:07:07 下午 spec.jbb.JBBmain DoARun -> 信息:   started user thread for Warehouse 105
2月 15, 2026 10:07:07 下午 spec.jbb.JBBmain DoARun -> 信息:   started user thread for Warehouse 106
2月 15, 2026 10:07:07 下午 spec.jbb.Company displayResultTotals -> 信息: Timing Measurement began Sun Feb 15 22:07:07 CST 2026 for 4 minutes
2月 15, 2026 10:11:07 下午 spec.jbb.Company displayResultTotals -> 信息: Timing Measurement ended Sun Feb 15 22:11:07 CST 2026
2月 15, 2026 10:11:07 下午 spec.jbb.Company primeWithDummyData -> 信息: Loading Warehouse 107...
2月 15, 2026 10:11:08 下午 spec.jbb.JBBmain DoARun -> 信息: Start User Threads
2月 15, 2026 10:11:08 下午 spec.jbb.JBBmain DoARun -> 信息:   started user thread for Warehouse 1
2月 15, 2026 10:11:08 下午 spec.jbb.JBBmain DoARun -> 信息:   started user thread for Warehouse 2
2月 15, 2026 10:11:08 下午 spec.jbb.JBBmain DoARun -> 信息:   started user thread for Warehouse 3
2月 15, 2026 10:11:08 下午 spec.jbb.JBBmain DoARun -> 信息:   started user thread for Warehouse 4
2月 15, 2026 10:11:08 下午 spec.jbb.JBBmain DoARun -> 信息:   started user thread for Warehouse 5
2月 15, 2026 10:11:08 下午 spec.jbb.JBBmain DoARun -> 信息:   started user thread for Warehouse 6
2月 15, 2026 10:11:08 下午 spec.jbb.JBBmain DoARun -> 信息:   started user thread for Warehouse 7
2月 15, 2026 10:11:08 下午 spec.jbb.JBBmain DoARun -> 信息:   started user thread for Warehouse 8
2月 15, 2026 10:11:08 下午 spec.jbb.JBBmain DoARun -> 信息:   started user thread for Warehouse 9
2月 15, 2026 10:11:08 下午 spec.jbb.JBBmain DoARun -> 信息:   started user thread for Warehouse 10
2月 15, 2026 10:11:08 下午 spec.jbb.JBBmain DoARun -> 信息:   started user thread for Warehouse 11
2月 15, 2026 10:11:08 下午 spec.jbb.JBBmain DoARun -> 信息:   started user thread for Warehouse 12
2月 15, 2026 10:11:08 下午 spec.jbb.JBBmain DoARun -> 信息:   started user thread for Warehouse 13
2月 15, 2026 10:11:08 下午 spec.jbb.JBBmain DoARun -> 信息:   started user thread for Warehouse 14
2月 15, 2026 10:11:08 下午 spec.jbb.JBBmain DoARun -> 信息:   started user thread for Warehouse 15
2月 15, 2026 10:11:08 下午 spec.jbb.JBBmain DoARun -> 信息:   started user thread for Warehouse 16
2月 15, 2026 10:11:08 下午 spec.jbb.JBBmain DoARun -> 信息:   started user thread for Warehouse 17
2月 15, 2026 10:11:08 下午 spec.jbb.JBBmain DoARun -> 信息:   started user thread for Warehouse 18
2月 15, 2026 10:11:08 下午 spec.jbb.JBBmain DoARun -> 信息:   started user thread for Warehouse 19
2月 15, 2026 10:11:08 下午 spec.jbb.JBBmain DoARun -> 信息:   started user thread for Warehouse 20
2月 15, 2026 10:11:08 下午 spec.jbb.JBBmain DoARun -> 信息:   started user thread for Warehouse 21
2月 15, 2026 10:11:08 下午 spec.jbb.JBBmain DoARun -> 信息:   started user thread for Warehouse 22
2月 15, 2026 10:11:08 下午 spec.jbb.JBBmain DoARun -> 信息:   started user thread for Warehouse 23
2月 15, 2026 10:11:08 下午 spec.jbb.JBBmain DoARun -> 信息:   started user thread for Warehouse 24
2月 15, 2026 10:11:08 下午 spec.jbb.JBBmain DoARun -> 信息:   started user thread for Warehouse 25
2月 15, 2026 10:11:08 下午 spec.jbb.JBBmain DoARun -> 信息:   started user thread for Warehouse 26
2月 15, 2026 10:11:08 下午 spec.jbb.JBBmain DoARun -> 信息:   started user thread for Warehouse 27
2月 15, 2026 10:11:08 下午 spec.jbb.JBBmain DoARun -> 信息:   started user thread for Warehouse 28
2月 15, 2026 10:11:08 下午 spec.jbb.JBBmain DoARun -> 信息:   started user thread for Warehouse 29
2月 15, 2026 10:11:08 下午 spec.jbb.JBBmain DoARun -> 信息:   started user thread for Warehouse 30
2月 15, 2026 10:11:08 下午 spec.jbb.JBBmain DoARun -> 信息:   started user thread for Warehouse 31
2月 15, 2026 10:11:08 下午 spec.jbb.JBBmain DoARun -> 信息:   started user thread for Warehouse 32
2月 15, 2026 10:11:08 下午 spec.jbb.JBBmain DoARun -> 信息:   started user thread for Warehouse 33
2月 15, 2026 10:11:08 下午 spec.jbb.JBBmain DoARun -> 信息:   started user thread for Warehouse 34
2月 15, 2026 10:11:08 下午 spec.jbb.JBBmain DoARun -> 信息:   started user thread for Warehouse 35
2月 15, 2026 10:11:08 下午 spec.jbb.JBBmain DoARun -> 信息:   started user thread for Warehouse 36
2月 15, 2026 10:11:08 下午 spec.jbb.JBBmain DoARun -> 信息:   started user thread for Warehouse 37
2月 15, 2026 10:11:08 下午 spec.jbb.JBBmain DoARun -> 信息:   started user thread for Warehouse 38
2月 15, 2026 10:11:08 下午 spec.jbb.JBBmain DoARun -> 信息:   started user thread for Warehouse 39
2月 15, 2026 10:11:08 下午 spec.jbb.JBBmain DoARun -> 信息:   started user thread for Warehouse 40
2月 15, 2026 10:11:08 下午 spec.jbb.JBBmain DoARun -> 信息:   started user thread for Warehouse 41
2月 15, 2026 10:11:08 下午 spec.jbb.JBBmain DoARun -> 信息:   started user thread for Warehouse 42
2月 15, 2026 10:11:08 下午 spec.jbb.JBBmain DoARun -> 信息:   started user thread for Warehouse 43
2月 15, 2026 10:11:08 下午 spec.jbb.JBBmain DoARun -> 信息:   started user thread for Warehouse 44
2月 15, 2026 10:11:08 下午 spec.jbb.JBBmain DoARun -> 信息:   started user thread for Warehouse 45
2月 15, 2026 10:11:08 下午 spec.jbb.JBBmain DoARun -> 信息:   started user thread for Warehouse 46
2月 15, 2026 10:11:08 下午 spec.jbb.JBBmain DoARun -> 信息:   started user thread for Warehouse 47
2月 15, 2026 10:11:08 下午 spec.jbb.JBBmain DoARun -> 信息:   started user thread for Warehouse 48
2月 15, 2026 10:11:08 下午 spec.jbb.JBBmain DoARun -> 信息:   started user thread for Warehouse 49
2月 15, 2026 10:11:08 下午 spec.jbb.JBBmain DoARun -> 信息:   started user thread for Warehouse 50
2月 15, 2026 10:11:08 下午 spec.jbb.JBBmain DoARun -> 信息:   started user thread for Warehouse 51
2月 15, 2026 10:11:08 下午 spec.jbb.JBBmain DoARun -> 信息:   started user thread for Warehouse 52
2月 15, 2026 10:11:08 下午 spec.jbb.JBBmain DoARun -> 信息:   started user thread for Warehouse 53
2月 15, 2026 10:11:08 下午 spec.jbb.JBBmain DoARun -> 信息:   started user thread for Warehouse 54
2月 15, 2026 10:11:08 下午 spec.jbb.JBBmain DoARun -> 信息:   started user thread for Warehouse 55
2月 15, 2026 10:11:08 下午 spec.jbb.JBBmain DoARun -> 信息:   started user thread for Warehouse 56
2月 15, 2026 10:11:08 下午 spec.jbb.JBBmain DoARun -> 信息:   started user thread for Warehouse 57
2月 15, 2026 10:11:08 下午 spec.jbb.JBBmain DoARun -> 信息:   started user thread for Warehouse 58
2月 15, 2026 10:11:08 下午 spec.jbb.JBBmain DoARun -> 信息:   started user thread for Warehouse 59
2月 15, 2026 10:11:08 下午 spec.jbb.JBBmain DoARun -> 信息:   started user thread for Warehouse 60
2月 15, 2026 10:11:08 下午 spec.jbb.JBBmain DoARun -> 信息:   started user thread for Warehouse 61
2月 15, 2026 10:11:08 下午 spec.jbb.JBBmain DoARun -> 信息:   started user thread for Warehouse 62
2月 15, 2026 10:11:08 下午 spec.jbb.JBBmain DoARun -> 信息:   started user thread for Warehouse 63
2月 15, 2026 10:11:08 下午 spec.jbb.JBBmain DoARun -> 信息:   started user thread for Warehouse 64
2月 15, 2026 10:11:08 下午 spec.jbb.JBBmain DoARun -> 信息:   started user thread for Warehouse 65
2月 15, 2026 10:11:08 下午 spec.jbb.JBBmain DoARun -> 信息:   started user thread for Warehouse 66
2月 15, 2026 10:11:08 下午 spec.jbb.JBBmain DoARun -> 信息:   started user thread for Warehouse 67
2月 15, 2026 10:11:08 下午 spec.jbb.JBBmain DoARun -> 信息:   started user thread for Warehouse 68
2月 15, 2026 10:11:08 下午 spec.jbb.JBBmain DoARun -> 信息:   started user thread for Warehouse 69
2月 15, 2026 10:11:08 下午 spec.jbb.JBBmain DoARun -> 信息:   started user thread for Warehouse 70
2月 15, 2026 10:11:08 下午 spec.jbb.JBBmain DoARun -> 信息:   started user thread for Warehouse 71
2月 15, 2026 10:11:08 下午 spec.jbb.JBBmain DoARun -> 信息:   started user thread for Warehouse 72
2月 15, 2026 10:11:08 下午 spec.jbb.JBBmain DoARun -> 信息:   started user thread for Warehouse 73
2月 15, 2026 10:11:08 下午 spec.jbb.JBBmain DoARun -> 信息:   started user thread for Warehouse 74
2月 15, 2026 10:11:08 下午 spec.jbb.JBBmain DoARun -> 信息:   started user thread for Warehouse 75
2月 15, 2026 10:11:08 下午 spec.jbb.JBBmain DoARun -> 信息:   started user thread for Warehouse 76
2月 15, 2026 10:11:08 下午 spec.jbb.JBBmain DoARun -> 信息:   started user thread for Warehouse 77
2月 15, 2026 10:11:08 下午 spec.jbb.JBBmain DoARun -> 信息:   started user thread for Warehouse 78
2月 15, 2026 10:11:08 下午 spec.jbb.JBBmain DoARun -> 信息:   started user thread for Warehouse 79
2月 15, 2026 10:11:08 下午 spec.jbb.JBBmain DoARun -> 信息:   started user thread for Warehouse 80
2月 15, 2026 10:11:08 下午 spec.jbb.JBBmain DoARun -> 信息:   started user thread for Warehouse 81
2月 15, 2026 10:11:08 下午 spec.jbb.JBBmain DoARun -> 信息:   started user thread for Warehouse 82
2月 15, 2026 10:11:08 下午 spec.jbb.JBBmain DoARun -> 信息:   started user thread for Warehouse 83
2月 15, 2026 10:11:08 下午 spec.jbb.JBBmain DoARun -> 信息:   started user thread for Warehouse 84
2月 15, 2026 10:11:08 下午 spec.jbb.JBBmain DoARun -> 信息:   started user thread for Warehouse 85
2月 15, 2026 10:11:08 下午 spec.jbb.JBBmain DoARun -> 信息:   started user thread for Warehouse 86
2月 15, 2026 10:11:08 下午 spec.jbb.JBBmain DoARun -> 信息:   started user thread for Warehouse 87
2月 15, 2026 10:11:08 下午 spec.jbb.JBBmain DoARun -> 信息:   started user thread for Warehouse 88
2月 15, 2026 10:11:08 下午 spec.jbb.JBBmain DoARun -> 信息:   started user thread for Warehouse 89
2月 15, 2026 10:11:08 下午 spec.jbb.JBBmain DoARun -> 信息:   started user thread for Warehouse 90
2月 15, 2026 10:11:08 下午 spec.jbb.JBBmain DoARun -> 信息:   started user thread for Warehouse 91
2月 15, 2026 10:11:08 下午 spec.jbb.JBBmain DoARun -> 信息:   started user thread for Warehouse 92
2月 15, 2026 10:11:08 下午 spec.jbb.JBBmain DoARun -> 信息:   started user thread for Warehouse 93
2月 15, 2026 10:11:08 下午 spec.jbb.JBBmain DoARun -> 信息:   started user thread for Warehouse 94
2月 15, 2026 10:11:08 下午 spec.jbb.JBBmain DoARun -> 信息:   started user thread for Warehouse 95
2月 15, 2026 10:11:08 下午 spec.jbb.JBBmain DoARun -> 信息:   started user thread for Warehouse 96
2月 15, 2026 10:11:08 下午 spec.jbb.JBBmain DoARun -> 信息:   started user thread for Warehouse 97
2月 15, 2026 10:11:08 下午 spec.jbb.JBBmain DoARun -> 信息:   started user thread for Warehouse 98
2月 15, 2026 10:11:08 下午 spec.jbb.JBBmain DoARun -> 信息:   started user thread for Warehouse 99
2月 15, 2026 10:11:08 下午 spec.jbb.JBBmain DoARun -> 信息:   started user thread for Warehouse 100
2月 15, 2026 10:11:08 下午 spec.jbb.JBBmain DoARun -> 信息:   started user thread for Warehouse 101
2月 15, 2026 10:11:08 下午 spec.jbb.JBBmain DoARun -> 信息:   started user thread for Warehouse 102
2月 15, 2026 10:11:08 下午 spec.jbb.JBBmain DoARun -> 信息:   started user thread for Warehouse 103
2月 15, 2026 10:11:08 下午 spec.jbb.JBBmain DoARun -> 信息:   started user thread for Warehouse 104
2月 15, 2026 10:11:08 下午 spec.jbb.JBBmain DoARun -> 信息:   started user thread for Warehouse 105
2月 15, 2026 10:11:08 下午 spec.jbb.JBBmain DoARun -> 信息:   started user thread for Warehouse 106
2月 15, 2026 10:11:08 下午 spec.jbb.JBBmain DoARun -> 信息:   started user thread for Warehouse 107
2月 15, 2026 10:11:08 下午 spec.jbb.Company displayResultTotals -> 信息: Timing Measurement began Sun Feb 15 22:11:08 CST 2026 for 4 minutes
2月 15, 2026 10:15:08 下午 spec.jbb.Company displayResultTotals -> 信息: Timing Measurement ended Sun Feb 15 22:15:08 CST 2026
2月 15, 2026 10:15:08 下午 spec.jbb.Company primeWithDummyData -> 信息: Loading Warehouse 108...
2月 15, 2026 10:15:08 下午 spec.jbb.JBBmain DoARun -> 信息: Start User Threads
2月 15, 2026 10:15:08 下午 spec.jbb.JBBmain DoARun -> 信息:   started user thread for Warehouse 1
2月 15, 2026 10:15:08 下午 spec.jbb.JBBmain DoARun -> 信息:   started user thread for Warehouse 2
2月 15, 2026 10:15:08 下午 spec.jbb.JBBmain DoARun -> 信息:   started user thread for Warehouse 3
2月 15, 2026 10:15:08 下午 spec.jbb.JBBmain DoARun -> 信息:   started user thread for Warehouse 4
2月 15, 2026 10:15:08 下午 spec.jbb.JBBmain DoARun -> 信息:   started user thread for Warehouse 5
2月 15, 2026 10:15:08 下午 spec.jbb.JBBmain DoARun -> 信息:   started user thread for Warehouse 6
2月 15, 2026 10:15:08 下午 spec.jbb.JBBmain DoARun -> 信息:   started user thread for Warehouse 7
2月 15, 2026 10:15:08 下午 spec.jbb.JBBmain DoARun -> 信息:   started user thread for Warehouse 8
2月 15, 2026 10:15:08 下午 spec.jbb.JBBmain DoARun -> 信息:   started user thread for Warehouse 9
2月 15, 2026 10:15:08 下午 spec.jbb.JBBmain DoARun -> 信息:   started user thread for Warehouse 10
2月 15, 2026 10:15:08 下午 spec.jbb.JBBmain DoARun -> 信息:   started user thread for Warehouse 11
2月 15, 2026 10:15:08 下午 spec.jbb.JBBmain DoARun -> 信息:   started user thread for Warehouse 12
2月 15, 2026 10:15:08 下午 spec.jbb.JBBmain DoARun -> 信息:   started user thread for Warehouse 13
2月 15, 2026 10:15:08 下午 spec.jbb.JBBmain DoARun -> 信息:   started user thread for Warehouse 14
2月 15, 2026 10:15:08 下午 spec.jbb.JBBmain DoARun -> 信息:   started user thread for Warehouse 15
2月 15, 2026 10:15:08 下午 spec.jbb.JBBmain DoARun -> 信息:   started user thread for Warehouse 16
2月 15, 2026 10:15:08 下午 spec.jbb.JBBmain DoARun -> 信息:   started user thread for Warehouse 17
2月 15, 2026 10:15:08 下午 spec.jbb.JBBmain DoARun -> 信息:   started user thread for Warehouse 18
2月 15, 2026 10:15:08 下午 spec.jbb.JBBmain DoARun -> 信息:   started user thread for Warehouse 19
2月 15, 2026 10:15:08 下午 spec.jbb.JBBmain DoARun -> 信息:   started user thread for Warehouse 20
2月 15, 2026 10:15:08 下午 spec.jbb.JBBmain DoARun -> 信息:   started user thread for Warehouse 21
2月 15, 2026 10:15:08 下午 spec.jbb.JBBmain DoARun -> 信息:   started user thread for Warehouse 22
2月 15, 2026 10:15:08 下午 spec.jbb.JBBmain DoARun -> 信息:   started user thread for Warehouse 23
2月 15, 2026 10:15:08 下午 spec.jbb.JBBmain DoARun -> 信息:   started user thread for Warehouse 24
2月 15, 2026 10:15:08 下午 spec.jbb.JBBmain DoARun -> 信息:   started user thread for Warehouse 25
2月 15, 2026 10:15:08 下午 spec.jbb.JBBmain DoARun -> 信息:   started user thread for Warehouse 26
2月 15, 2026 10:15:08 下午 spec.jbb.JBBmain DoARun -> 信息:   started user thread for Warehouse 27
2月 15, 2026 10:15:08 下午 spec.jbb.JBBmain DoARun -> 信息:   started user thread for Warehouse 28
2月 15, 2026 10:15:08 下午 spec.jbb.JBBmain DoARun -> 信息:   started user thread for Warehouse 29
2月 15, 2026 10:15:08 下午 spec.jbb.JBBmain DoARun -> 信息:   started user thread for Warehouse 30
2月 15, 2026 10:15:08 下午 spec.jbb.JBBmain DoARun -> 信息:   started user thread for Warehouse 31
2月 15, 2026 10:15:08 下午 spec.jbb.JBBmain DoARun -> 信息:   started user thread for Warehouse 32
2月 15, 2026 10:15:08 下午 spec.jbb.JBBmain DoARun -> 信息:   started user thread for Warehouse 33
2月 15, 2026 10:15:08 下午 spec.jbb.JBBmain DoARun -> 信息:   started user thread for Warehouse 34
2月 15, 2026 10:15:08 下午 spec.jbb.JBBmain DoARun -> 信息:   started user thread for Warehouse 35
2月 15, 2026 10:15:08 下午 spec.jbb.JBBmain DoARun -> 信息:   started user thread for Warehouse 36
2月 15, 2026 10:15:08 下午 spec.jbb.JBBmain DoARun -> 信息:   started user thread for Warehouse 37
2月 15, 2026 10:15:08 下午 spec.jbb.JBBmain DoARun -> 信息:   started user thread for Warehouse 38
2月 15, 2026 10:15:08 下午 spec.jbb.JBBmain DoARun -> 信息:   started user thread for Warehouse 39
2月 15, 2026 10:15:08 下午 spec.jbb.JBBmain DoARun -> 信息:   started user thread for Warehouse 40
2月 15, 2026 10:15:08 下午 spec.jbb.JBBmain DoARun -> 信息:   started user thread for Warehouse 41
2月 15, 2026 10:15:08 下午 spec.jbb.JBBmain DoARun -> 信息:   started user thread for Warehouse 42
2月 15, 2026 10:15:08 下午 spec.jbb.JBBmain DoARun -> 信息:   started user thread for Warehouse 43
2月 15, 2026 10:15:08 下午 spec.jbb.JBBmain DoARun -> 信息:   started user thread for Warehouse 44
2月 15, 2026 10:15:08 下午 spec.jbb.JBBmain DoARun -> 信息:   started user thread for Warehouse 45
2月 15, 2026 10:15:08 下午 spec.jbb.JBBmain DoARun -> 信息:   started user thread for Warehouse 46
2月 15, 2026 10:15:08 下午 spec.jbb.JBBmain DoARun -> 信息:   started user thread for Warehouse 47
2月 15, 2026 10:15:08 下午 spec.jbb.JBBmain DoARun -> 信息:   started user thread for Warehouse 48
2月 15, 2026 10:15:08 下午 spec.jbb.JBBmain DoARun -> 信息:   started user thread for Warehouse 49
2月 15, 2026 10:15:08 下午 spec.jbb.JBBmain DoARun -> 信息:   started user thread for Warehouse 50
2月 15, 2026 10:15:08 下午 spec.jbb.JBBmain DoARun -> 信息:   started user thread for Warehouse 51
2月 15, 2026 10:15:08 下午 spec.jbb.JBBmain DoARun -> 信息:   started user thread for Warehouse 52
2月 15, 2026 10:15:08 下午 spec.jbb.JBBmain DoARun -> 信息:   started user thread for Warehouse 53
2月 15, 2026 10:15:08 下午 spec.jbb.JBBmain DoARun -> 信息:   started user thread for Warehouse 54
2月 15, 2026 10:15:08 下午 spec.jbb.JBBmain DoARun -> 信息:   started user thread for Warehouse 55
2月 15, 2026 10:15:08 下午 spec.jbb.JBBmain DoARun -> 信息:   started user thread for Warehouse 56
2月 15, 2026 10:15:08 下午 spec.jbb.JBBmain DoARun -> 信息:   started user thread for Warehouse 57
2月 15, 2026 10:15:08 下午 spec.jbb.JBBmain DoARun -> 信息:   started user thread for Warehouse 58
2月 15, 2026 10:15:08 下午 spec.jbb.JBBmain DoARun -> 信息:   started user thread for Warehouse 59
2月 15, 2026 10:15:08 下午 spec.jbb.JBBmain DoARun -> 信息:   started user thread for Warehouse 60
2月 15, 2026 10:15:08 下午 spec.jbb.JBBmain DoARun -> 信息:   started user thread for Warehouse 61
2月 15, 2026 10:15:08 下午 spec.jbb.JBBmain DoARun -> 信息:   started user thread for Warehouse 62
2月 15, 2026 10:15:08 下午 spec.jbb.JBBmain DoARun -> 信息:   started user thread for Warehouse 63
2月 15, 2026 10:15:08 下午 spec.jbb.JBBmain DoARun -> 信息:   started user thread for Warehouse 64
2月 15, 2026 10:15:08 下午 spec.jbb.JBBmain DoARun -> 信息:   started user thread for Warehouse 65
2月 15, 2026 10:15:08 下午 spec.jbb.JBBmain DoARun -> 信息:   started user thread for Warehouse 66
2月 15, 2026 10:15:08 下午 spec.jbb.JBBmain DoARun -> 信息:   started user thread for Warehouse 67
2月 15, 2026 10:15:08 下午 spec.jbb.JBBmain DoARun -> 信息:   started user thread for Warehouse 68
2月 15, 2026 10:15:08 下午 spec.jbb.JBBmain DoARun -> 信息:   started user thread for Warehouse 69
2月 15, 2026 10:15:08 下午 spec.jbb.JBBmain DoARun -> 信息:   started user thread for Warehouse 70
2月 15, 2026 10:15:08 下午 spec.jbb.JBBmain DoARun -> 信息:   started user thread for Warehouse 71
2月 15, 2026 10:15:08 下午 spec.jbb.JBBmain DoARun -> 信息:   started user thread for Warehouse 72
2月 15, 2026 10:15:08 下午 spec.jbb.JBBmain DoARun -> 信息:   started user thread for Warehouse 73
2月 15, 2026 10:15:08 下午 spec.jbb.JBBmain DoARun -> 信息:   started user thread for Warehouse 74
2月 15, 2026 10:15:08 下午 spec.jbb.JBBmain DoARun -> 信息:   started user thread for Warehouse 75
2月 15, 2026 10:15:08 下午 spec.jbb.JBBmain DoARun -> 信息:   started user thread for Warehouse 76
2月 15, 2026 10:15:08 下午 spec.jbb.JBBmain DoARun -> 信息:   started user thread for Warehouse 77
2月 15, 2026 10:15:08 下午 spec.jbb.JBBmain DoARun -> 信息:   started user thread for Warehouse 78
2月 15, 2026 10:15:08 下午 spec.jbb.JBBmain DoARun -> 信息:   started user thread for Warehouse 79
2月 15, 2026 10:15:08 下午 spec.jbb.JBBmain DoARun -> 信息:   started user thread for Warehouse 80
2月 15, 2026 10:15:08 下午 spec.jbb.JBBmain DoARun -> 信息:   started user thread for Warehouse 81
2月 15, 2026 10:15:08 下午 spec.jbb.JBBmain DoARun -> 信息:   started user thread for Warehouse 82
2月 15, 2026 10:15:08 下午 spec.jbb.JBBmain DoARun -> 信息:   started user thread for Warehouse 83
2月 15, 2026 10:15:08 下午 spec.jbb.JBBmain DoARun -> 信息:   started user thread for Warehouse 84
2月 15, 2026 10:15:08 下午 spec.jbb.JBBmain DoARun -> 信息:   started user thread for Warehouse 85
2月 15, 2026 10:15:08 下午 spec.jbb.JBBmain DoARun -> 信息:   started user thread for Warehouse 86
2月 15, 2026 10:15:08 下午 spec.jbb.JBBmain DoARun -> 信息:   started user thread for Warehouse 87
2月 15, 2026 10:15:08 下午 spec.jbb.JBBmain DoARun -> 信息:   started user thread for Warehouse 88
2月 15, 2026 10:15:08 下午 spec.jbb.JBBmain DoARun -> 信息:   started user thread for Warehouse 89
2月 15, 2026 10:15:08 下午 spec.jbb.JBBmain DoARun -> 信息:   started user thread for Warehouse 90
2月 15, 2026 10:15:08 下午 spec.jbb.JBBmain DoARun -> 信息:   started user thread for Warehouse 91
2月 15, 2026 10:15:08 下午 spec.jbb.JBBmain DoARun -> 信息:   started user thread for Warehouse 92
2月 15, 2026 10:15:08 下午 spec.jbb.JBBmain DoARun -> 信息:   started user thread for Warehouse 93
2月 15, 2026 10:15:08 下午 spec.jbb.JBBmain DoARun -> 信息:   started user thread for Warehouse 94
2月 15, 2026 10:15:08 下午 spec.jbb.JBBmain DoARun -> 信息:   started user thread for Warehouse 95
2月 15, 2026 10:15:08 下午 spec.jbb.JBBmain DoARun -> 信息:   started user thread for Warehouse 96
2月 15, 2026 10:15:08 下午 spec.jbb.JBBmain DoARun -> 信息:   started user thread for Warehouse 97
2月 15, 2026 10:15:08 下午 spec.jbb.JBBmain DoARun -> 信息:   started user thread for Warehouse 98
2月 15, 2026 10:15:08 下午 spec.jbb.JBBmain DoARun -> 信息:   started user thread for Warehouse 99
2月 15, 2026 10:15:08 下午 spec.jbb.JBBmain DoARun -> 信息:   started user thread for Warehouse 100
2月 15, 2026 10:15:08 下午 spec.jbb.JBBmain DoARun -> 信息:   started user thread for Warehouse 101
2月 15, 2026 10:15:08 下午 spec.jbb.JBBmain DoARun -> 信息:   started user thread for Warehouse 102
2月 15, 2026 10:15:08 下午 spec.jbb.JBBmain DoARun -> 信息:   started user thread for Warehouse 103
2月 15, 2026 10:15:08 下午 spec.jbb.JBBmain DoARun -> 信息:   started user thread for Warehouse 104
2月 15, 2026 10:15:08 下午 spec.jbb.JBBmain DoARun -> 信息:   started user thread for Warehouse 105
2月 15, 2026 10:15:08 下午 spec.jbb.JBBmain DoARun -> 信息:   started user thread for Warehouse 106
2月 15, 2026 10:15:08 下午 spec.jbb.JBBmain DoARun -> 信息:   started user thread for Warehouse 107
2月 15, 2026 10:15:08 下午 spec.jbb.JBBmain DoARun -> 信息:   started user thread for Warehouse 108
2月 15, 2026 10:15:08 下午 spec.jbb.Company displayResultTotals -> 信息: Timing Measurement began Sun Feb 15 22:15:08 CST 2026 for 4 minutes
2月 15, 2026 10:19:08 下午 spec.jbb.Company displayResultTotals -> 信息: Timing Measurement ended Sun Feb 15 22:19:08 CST 2026
2月 15, 2026 10:19:08 下午 spec.jbb.Company primeWithDummyData -> 信息: Loading Warehouse 109...
2月 15, 2026 10:19:08 下午 spec.jbb.JBBmain DoARun -> 信息: Start User Threads
2月 15, 2026 10:19:08 下午 spec.jbb.JBBmain DoARun -> 信息:   started user thread for Warehouse 1
2月 15, 2026 10:19:08 下午 spec.jbb.JBBmain DoARun -> 信息:   started user thread for Warehouse 2
2月 15, 2026 10:19:08 下午 spec.jbb.JBBmain DoARun -> 信息:   started user thread for Warehouse 3
2月 15, 2026 10:19:08 下午 spec.jbb.JBBmain DoARun -> 信息:   started user thread for Warehouse 4
2月 15, 2026 10:19:08 下午 spec.jbb.JBBmain DoARun -> 信息:   started user thread for Warehouse 5
2月 15, 2026 10:19:08 下午 spec.jbb.JBBmain DoARun -> 信息:   started user thread for Warehouse 6
2月 15, 2026 10:19:08 下午 spec.jbb.JBBmain DoARun -> 信息:   started user thread for Warehouse 7
2月 15, 2026 10:19:08 下午 spec.jbb.JBBmain DoARun -> 信息:   started user thread for Warehouse 8
2月 15, 2026 10:19:08 下午 spec.jbb.JBBmain DoARun -> 信息:   started user thread for Warehouse 9
2月 15, 2026 10:19:08 下午 spec.jbb.JBBmain DoARun -> 信息:   started user thread for Warehouse 10
2月 15, 2026 10:19:08 下午 spec.jbb.JBBmain DoARun -> 信息:   started user thread for Warehouse 11
2月 15, 2026 10:19:08 下午 spec.jbb.JBBmain DoARun -> 信息:   started user thread for Warehouse 12
2月 15, 2026 10:19:08 下午 spec.jbb.JBBmain DoARun -> 信息:   started user thread for Warehouse 13
2月 15, 2026 10:19:08 下午 spec.jbb.JBBmain DoARun -> 信息:   started user thread for Warehouse 14
2月 15, 2026 10:19:08 下午 spec.jbb.JBBmain DoARun -> 信息:   started user thread for Warehouse 15
2月 15, 2026 10:19:08 下午 spec.jbb.JBBmain DoARun -> 信息:   started user thread for Warehouse 16
2月 15, 2026 10:19:08 下午 spec.jbb.JBBmain DoARun -> 信息:   started user thread for Warehouse 17
2月 15, 2026 10:19:08 下午 spec.jbb.JBBmain DoARun -> 信息:   started user thread for Warehouse 18
2月 15, 2026 10:19:08 下午 spec.jbb.JBBmain DoARun -> 信息:   started user thread for Warehouse 19
2月 15, 2026 10:19:08 下午 spec.jbb.JBBmain DoARun -> 信息:   started user thread for Warehouse 20
2月 15, 2026 10:19:08 下午 spec.jbb.JBBmain DoARun -> 信息:   started user thread for Warehouse 21
2月 15, 2026 10:19:08 下午 spec.jbb.JBBmain DoARun -> 信息:   started user thread for Warehouse 22
2月 15, 2026 10:19:08 下午 spec.jbb.JBBmain DoARun -> 信息:   started user thread for Warehouse 23
2月 15, 2026 10:19:08 下午 spec.jbb.JBBmain DoARun -> 信息:   started user thread for Warehouse 24
2月 15, 2026 10:19:08 下午 spec.jbb.JBBmain DoARun -> 信息:   started user thread for Warehouse 25
2月 15, 2026 10:19:08 下午 spec.jbb.JBBmain DoARun -> 信息:   started user thread for Warehouse 26
2月 15, 2026 10:19:08 下午 spec.jbb.JBBmain DoARun -> 信息:   started user thread for Warehouse 27
2月 15, 2026 10:19:08 下午 spec.jbb.JBBmain DoARun -> 信息:   started user thread for Warehouse 28
2月 15, 2026 10:19:08 下午 spec.jbb.JBBmain DoARun -> 信息:   started user thread for Warehouse 29
2月 15, 2026 10:19:08 下午 spec.jbb.JBBmain DoARun -> 信息:   started user thread for Warehouse 30
2月 15, 2026 10:19:08 下午 spec.jbb.JBBmain DoARun -> 信息:   started user thread for Warehouse 31
2月 15, 2026 10:19:08 下午 spec.jbb.JBBmain DoARun -> 信息:   started user thread for Warehouse 32
2月 15, 2026 10:19:08 下午 spec.jbb.JBBmain DoARun -> 信息:   started user thread for Warehouse 33
2月 15, 2026 10:19:08 下午 spec.jbb.JBBmain DoARun -> 信息:   started user thread for Warehouse 34
2月 15, 2026 10:19:08 下午 spec.jbb.JBBmain DoARun -> 信息:   started user thread for Warehouse 35
2月 15, 2026 10:19:08 下午 spec.jbb.JBBmain DoARun -> 信息:   started user thread for Warehouse 36
2月 15, 2026 10:19:08 下午 spec.jbb.JBBmain DoARun -> 信息:   started user thread for Warehouse 37
2月 15, 2026 10:19:08 下午 spec.jbb.JBBmain DoARun -> 信息:   started user thread for Warehouse 38
2月 15, 2026 10:19:08 下午 spec.jbb.JBBmain DoARun -> 信息:   started user thread for Warehouse 39
2月 15, 2026 10:19:08 下午 spec.jbb.JBBmain DoARun -> 信息:   started user thread for Warehouse 40
2月 15, 2026 10:19:08 下午 spec.jbb.JBBmain DoARun -> 信息:   started user thread for Warehouse 41
2月 15, 2026 10:19:08 下午 spec.jbb.JBBmain DoARun -> 信息:   started user thread for Warehouse 42
2月 15, 2026 10:19:08 下午 spec.jbb.JBBmain DoARun -> 信息:   started user thread for Warehouse 43
2月 15, 2026 10:19:08 下午 spec.jbb.JBBmain DoARun -> 信息:   started user thread for Warehouse 44
2月 15, 2026 10:19:08 下午 spec.jbb.JBBmain DoARun -> 信息:   started user thread for Warehouse 45
2月 15, 2026 10:19:08 下午 spec.jbb.JBBmain DoARun -> 信息:   started user thread for Warehouse 46
2月 15, 2026 10:19:08 下午 spec.jbb.JBBmain DoARun -> 信息:   started user thread for Warehouse 47
2月 15, 2026 10:19:08 下午 spec.jbb.JBBmain DoARun -> 信息:   started user thread for Warehouse 48
2月 15, 2026 10:19:08 下午 spec.jbb.JBBmain DoARun -> 信息:   started user thread for Warehouse 49
2月 15, 2026 10:19:08 下午 spec.jbb.JBBmain DoARun -> 信息:   started user thread for Warehouse 50
2月 15, 2026 10:19:08 下午 spec.jbb.JBBmain DoARun -> 信息:   started user thread for Warehouse 51
2月 15, 2026 10:19:08 下午 spec.jbb.JBBmain DoARun -> 信息:   started user thread for Warehouse 52
2月 15, 2026 10:19:08 下午 spec.jbb.JBBmain DoARun -> 信息:   started user thread for Warehouse 53
2月 15, 2026 10:19:08 下午 spec.jbb.JBBmain DoARun -> 信息:   started user thread for Warehouse 54
2月 15, 2026 10:19:08 下午 spec.jbb.JBBmain DoARun -> 信息:   started user thread for Warehouse 55
2月 15, 2026 10:19:08 下午 spec.jbb.JBBmain DoARun -> 信息:   started user thread for Warehouse 56
2月 15, 2026 10:19:08 下午 spec.jbb.JBBmain DoARun -> 信息:   started user thread for Warehouse 57
2月 15, 2026 10:19:08 下午 spec.jbb.JBBmain DoARun -> 信息:   started user thread for Warehouse 58
2月 15, 2026 10:19:08 下午 spec.jbb.JBBmain DoARun -> 信息:   started user thread for Warehouse 59
2月 15, 2026 10:19:08 下午 spec.jbb.JBBmain DoARun -> 信息:   started user thread for Warehouse 60
2月 15, 2026 10:19:08 下午 spec.jbb.JBBmain DoARun -> 信息:   started user thread for Warehouse 61
2月 15, 2026 10:19:08 下午 spec.jbb.JBBmain DoARun -> 信息:   started user thread for Warehouse 62
2月 15, 2026 10:19:08 下午 spec.jbb.JBBmain DoARun -> 信息:   started user thread for Warehouse 63
2月 15, 2026 10:19:08 下午 spec.jbb.JBBmain DoARun -> 信息:   started user thread for Warehouse 64
2月 15, 2026 10:19:08 下午 spec.jbb.JBBmain DoARun -> 信息:   started user thread for Warehouse 65
2月 15, 2026 10:19:08 下午 spec.jbb.JBBmain DoARun -> 信息:   started user thread for Warehouse 66
2月 15, 2026 10:19:08 下午 spec.jbb.JBBmain DoARun -> 信息:   started user thread for Warehouse 67
2月 15, 2026 10:19:08 下午 spec.jbb.JBBmain DoARun -> 信息:   started user thread for Warehouse 68
2月 15, 2026 10:19:08 下午 spec.jbb.JBBmain DoARun -> 信息:   started user thread for Warehouse 69
2月 15, 2026 10:19:08 下午 spec.jbb.JBBmain DoARun -> 信息:   started user thread for Warehouse 70
2月 15, 2026 10:19:08 下午 spec.jbb.JBBmain DoARun -> 信息:   started user thread for Warehouse 71
2月 15, 2026 10:19:08 下午 spec.jbb.JBBmain DoARun -> 信息:   started user thread for Warehouse 72
2月 15, 2026 10:19:08 下午 spec.jbb.JBBmain DoARun -> 信息:   started user thread for Warehouse 73
2月 15, 2026 10:19:08 下午 spec.jbb.JBBmain DoARun -> 信息:   started user thread for Warehouse 74
2月 15, 2026 10:19:08 下午 spec.jbb.JBBmain DoARun -> 信息:   started user thread for Warehouse 75
2月 15, 2026 10:19:08 下午 spec.jbb.JBBmain DoARun -> 信息:   started user thread for Warehouse 76
2月 15, 2026 10:19:08 下午 spec.jbb.JBBmain DoARun -> 信息:   started user thread for Warehouse 77
2月 15, 2026 10:19:08 下午 spec.jbb.JBBmain DoARun -> 信息:   started user thread for Warehouse 78
2月 15, 2026 10:19:08 下午 spec.jbb.JBBmain DoARun -> 信息:   started user thread for Warehouse 79
2月 15, 2026 10:19:08 下午 spec.jbb.JBBmain DoARun -> 信息:   started user thread for Warehouse 80
2月 15, 2026 10:19:08 下午 spec.jbb.JBBmain DoARun -> 信息:   started user thread for Warehouse 81
2月 15, 2026 10:19:08 下午 spec.jbb.JBBmain DoARun -> 信息:   started user thread for Warehouse 82
2月 15, 2026 10:19:08 下午 spec.jbb.JBBmain DoARun -> 信息:   started user thread for Warehouse 83
2月 15, 2026 10:19:08 下午 spec.jbb.JBBmain DoARun -> 信息:   started user thread for Warehouse 84
2月 15, 2026 10:19:08 下午 spec.jbb.JBBmain DoARun -> 信息:   started user thread for Warehouse 85
2月 15, 2026 10:19:08 下午 spec.jbb.JBBmain DoARun -> 信息:   started user thread for Warehouse 86
2月 15, 2026 10:19:08 下午 spec.jbb.JBBmain DoARun -> 信息:   started user thread for Warehouse 87
2月 15, 2026 10:19:08 下午 spec.jbb.JBBmain DoARun -> 信息:   started user thread for Warehouse 88
2月 15, 2026 10:19:08 下午 spec.jbb.JBBmain DoARun -> 信息:   started user thread for Warehouse 89
2月 15, 2026 10:19:08 下午 spec.jbb.JBBmain DoARun -> 信息:   started user thread for Warehouse 90
2月 15, 2026 10:19:08 下午 spec.jbb.JBBmain DoARun -> 信息:   started user thread for Warehouse 91
2月 15, 2026 10:19:08 下午 spec.jbb.JBBmain DoARun -> 信息:   started user thread for Warehouse 92
2月 15, 2026 10:19:08 下午 spec.jbb.JBBmain DoARun -> 信息:   started user thread for Warehouse 93
2月 15, 2026 10:19:08 下午 spec.jbb.JBBmain DoARun -> 信息:   started user thread for Warehouse 94
2月 15, 2026 10:19:08 下午 spec.jbb.JBBmain DoARun -> 信息:   started user thread for Warehouse 95
2月 15, 2026 10:19:08 下午 spec.jbb.JBBmain DoARun -> 信息:   started user thread for Warehouse 96
2月 15, 2026 10:19:08 下午 spec.jbb.JBBmain DoARun -> 信息:   started user thread for Warehouse 97
2月 15, 2026 10:19:08 下午 spec.jbb.JBBmain DoARun -> 信息:   started user thread for Warehouse 98
2月 15, 2026 10:19:08 下午 spec.jbb.JBBmain DoARun -> 信息:   started user thread for Warehouse 99
2月 15, 2026 10:19:08 下午 spec.jbb.JBBmain DoARun -> 信息:   started user thread for Warehouse 100
2月 15, 2026 10:19:08 下午 spec.jbb.JBBmain DoARun -> 信息:   started user thread for Warehouse 101
2月 15, 2026 10:19:08 下午 spec.jbb.JBBmain DoARun -> 信息:   started user thread for Warehouse 102
2月 15, 2026 10:19:08 下午 spec.jbb.JBBmain DoARun -> 信息:   started user thread for Warehouse 103
2月 15, 2026 10:19:08 下午 spec.jbb.JBBmain DoARun -> 信息:   started user thread for Warehouse 104
2月 15, 2026 10:19:08 下午 spec.jbb.JBBmain DoARun -> 信息:   started user thread for Warehouse 105
2月 15, 2026 10:19:08 下午 spec.jbb.JBBmain DoARun -> 信息:   started user thread for Warehouse 106
2月 15, 2026 10:19:08 下午 spec.jbb.JBBmain DoARun -> 信息:   started user thread for Warehouse 107
2月 15, 2026 10:19:08 下午 spec.jbb.JBBmain DoARun -> 信息:   started user thread for Warehouse 108
2月 15, 2026 10:19:08 下午 spec.jbb.JBBmain DoARun -> 信息:   started user thread for Warehouse 109
2月 15, 2026 10:19:08 下午 spec.jbb.Company displayResultTotals -> 信息: Timing Measurement began Sun Feb 15 22:19:08 CST 2026 for 4 minutes
2月 15, 2026 10:23:08 下午 spec.jbb.Company displayResultTotals -> 信息: Timing Measurement ended Sun Feb 15 22:23:08 CST 2026
2月 15, 2026 10:23:08 下午 spec.jbb.Company primeWithDummyData -> 信息: Loading Warehouse 110...
2月 15, 2026 10:23:08 下午 spec.jbb.JBBmain DoARun -> 信息: Start User Threads
2月 15, 2026 10:23:08 下午 spec.jbb.JBBmain DoARun -> 信息:   started user thread for Warehouse 1
2月 15, 2026 10:23:08 下午 spec.jbb.JBBmain DoARun -> 信息:   started user thread for Warehouse 2
2月 15, 2026 10:23:08 下午 spec.jbb.JBBmain DoARun -> 信息:   started user thread for Warehouse 3
2月 15, 2026 10:23:08 下午 spec.jbb.JBBmain DoARun -> 信息:   started user thread for Warehouse 4
2月 15, 2026 10:23:08 下午 spec.jbb.JBBmain DoARun -> 信息:   started user thread for Warehouse 5
2月 15, 2026 10:23:08 下午 spec.jbb.JBBmain DoARun -> 信息:   started user thread for Warehouse 6
2月 15, 2026 10:23:08 下午 spec.jbb.JBBmain DoARun -> 信息:   started user thread for Warehouse 7
2月 15, 2026 10:23:08 下午 spec.jbb.JBBmain DoARun -> 信息:   started user thread for Warehouse 8
2月 15, 2026 10:23:08 下午 spec.jbb.JBBmain DoARun -> 信息:   started user thread for Warehouse 9
2月 15, 2026 10:23:08 下午 spec.jbb.JBBmain DoARun -> 信息:   started user thread for Warehouse 10
2月 15, 2026 10:23:08 下午 spec.jbb.JBBmain DoARun -> 信息:   started user thread for Warehouse 11
2月 15, 2026 10:23:08 下午 spec.jbb.JBBmain DoARun -> 信息:   started user thread for Warehouse 12
2月 15, 2026 10:23:08 下午 spec.jbb.JBBmain DoARun -> 信息:   started user thread for Warehouse 13
2月 15, 2026 10:23:08 下午 spec.jbb.JBBmain DoARun -> 信息:   started user thread for Warehouse 14
2月 15, 2026 10:23:08 下午 spec.jbb.JBBmain DoARun -> 信息:   started user thread for Warehouse 15
2月 15, 2026 10:23:08 下午 spec.jbb.JBBmain DoARun -> 信息:   started user thread for Warehouse 16
2月 15, 2026 10:23:08 下午 spec.jbb.JBBmain DoARun -> 信息:   started user thread for Warehouse 17
2月 15, 2026 10:23:08 下午 spec.jbb.JBBmain DoARun -> 信息:   started user thread for Warehouse 18
2月 15, 2026 10:23:08 下午 spec.jbb.JBBmain DoARun -> 信息:   started user thread for Warehouse 19
2月 15, 2026 10:23:08 下午 spec.jbb.JBBmain DoARun -> 信息:   started user thread for Warehouse 20
2月 15, 2026 10:23:08 下午 spec.jbb.JBBmain DoARun -> 信息:   started user thread for Warehouse 21
2月 15, 2026 10:23:08 下午 spec.jbb.JBBmain DoARun -> 信息:   started user thread for Warehouse 22
2月 15, 2026 10:23:08 下午 spec.jbb.JBBmain DoARun -> 信息:   started user thread for Warehouse 23
2月 15, 2026 10:23:08 下午 spec.jbb.JBBmain DoARun -> 信息:   started user thread for Warehouse 24
2月 15, 2026 10:23:08 下午 spec.jbb.JBBmain DoARun -> 信息:   started user thread for Warehouse 25
2月 15, 2026 10:23:08 下午 spec.jbb.JBBmain DoARun -> 信息:   started user thread for Warehouse 26
2月 15, 2026 10:23:08 下午 spec.jbb.JBBmain DoARun -> 信息:   started user thread for Warehouse 27
2月 15, 2026 10:23:08 下午 spec.jbb.JBBmain DoARun -> 信息:   started user thread for Warehouse 28
2月 15, 2026 10:23:08 下午 spec.jbb.JBBmain DoARun -> 信息:   started user thread for Warehouse 29
2月 15, 2026 10:23:08 下午 spec.jbb.JBBmain DoARun -> 信息:   started user thread for Warehouse 30
2月 15, 2026 10:23:08 下午 spec.jbb.JBBmain DoARun -> 信息:   started user thread for Warehouse 31
2月 15, 2026 10:23:08 下午 spec.jbb.JBBmain DoARun -> 信息:   started user thread for Warehouse 32
2月 15, 2026 10:23:08 下午 spec.jbb.JBBmain DoARun -> 信息:   started user thread for Warehouse 33
2月 15, 2026 10:23:08 下午 spec.jbb.JBBmain DoARun -> 信息:   started user thread for Warehouse 34
2月 15, 2026 10:23:08 下午 spec.jbb.JBBmain DoARun -> 信息:   started user thread for Warehouse 35
2月 15, 2026 10:23:08 下午 spec.jbb.JBBmain DoARun -> 信息:   started user thread for Warehouse 36
2月 15, 2026 10:23:08 下午 spec.jbb.JBBmain DoARun -> 信息:   started user thread for Warehouse 37
2月 15, 2026 10:23:08 下午 spec.jbb.JBBmain DoARun -> 信息:   started user thread for Warehouse 38
2月 15, 2026 10:23:08 下午 spec.jbb.JBBmain DoARun -> 信息:   started user thread for Warehouse 39
2月 15, 2026 10:23:08 下午 spec.jbb.JBBmain DoARun -> 信息:   started user thread for Warehouse 40
2月 15, 2026 10:23:08 下午 spec.jbb.JBBmain DoARun -> 信息:   started user thread for Warehouse 41
2月 15, 2026 10:23:08 下午 spec.jbb.JBBmain DoARun -> 信息:   started user thread for Warehouse 42
2月 15, 2026 10:23:08 下午 spec.jbb.JBBmain DoARun -> 信息:   started user thread for Warehouse 43
2月 15, 2026 10:23:08 下午 spec.jbb.JBBmain DoARun -> 信息:   started user thread for Warehouse 44
2月 15, 2026 10:23:08 下午 spec.jbb.JBBmain DoARun -> 信息:   started user thread for Warehouse 45
2月 15, 2026 10:23:08 下午 spec.jbb.JBBmain DoARun -> 信息:   started user thread for Warehouse 46
2月 15, 2026 10:23:08 下午 spec.jbb.JBBmain DoARun -> 信息:   started user thread for Warehouse 47
2月 15, 2026 10:23:08 下午 spec.jbb.JBBmain DoARun -> 信息:   started user thread for Warehouse 48
2月 15, 2026 10:23:08 下午 spec.jbb.JBBmain DoARun -> 信息:   started user thread for Warehouse 49
2月 15, 2026 10:23:08 下午 spec.jbb.JBBmain DoARun -> 信息:   started user thread for Warehouse 50
2月 15, 2026 10:23:08 下午 spec.jbb.JBBmain DoARun -> 信息:   started user thread for Warehouse 51
2月 15, 2026 10:23:08 下午 spec.jbb.JBBmain DoARun -> 信息:   started user thread for Warehouse 52
2月 15, 2026 10:23:08 下午 spec.jbb.JBBmain DoARun -> 信息:   started user thread for Warehouse 53
2月 15, 2026 10:23:08 下午 spec.jbb.JBBmain DoARun -> 信息:   started user thread for Warehouse 54
2月 15, 2026 10:23:08 下午 spec.jbb.JBBmain DoARun -> 信息:   started user thread for Warehouse 55
2月 15, 2026 10:23:08 下午 spec.jbb.JBBmain DoARun -> 信息:   started user thread for Warehouse 56
2月 15, 2026 10:23:08 下午 spec.jbb.JBBmain DoARun -> 信息:   started user thread for Warehouse 57
2月 15, 2026 10:23:08 下午 spec.jbb.JBBmain DoARun -> 信息:   started user thread for Warehouse 58
2月 15, 2026 10:23:08 下午 spec.jbb.JBBmain DoARun -> 信息:   started user thread for Warehouse 59
2月 15, 2026 10:23:08 下午 spec.jbb.JBBmain DoARun -> 信息:   started user thread for Warehouse 60
2月 15, 2026 10:23:08 下午 spec.jbb.JBBmain DoARun -> 信息:   started user thread for Warehouse 61
2月 15, 2026 10:23:08 下午 spec.jbb.JBBmain DoARun -> 信息:   started user thread for Warehouse 62
2月 15, 2026 10:23:08 下午 spec.jbb.JBBmain DoARun -> 信息:   started user thread for Warehouse 63
2月 15, 2026 10:23:08 下午 spec.jbb.JBBmain DoARun -> 信息:   started user thread for Warehouse 64
2月 15, 2026 10:23:08 下午 spec.jbb.JBBmain DoARun -> 信息:   started user thread for Warehouse 65
2月 15, 2026 10:23:08 下午 spec.jbb.JBBmain DoARun -> 信息:   started user thread for Warehouse 66
2月 15, 2026 10:23:08 下午 spec.jbb.JBBmain DoARun -> 信息:   started user thread for Warehouse 67
2月 15, 2026 10:23:08 下午 spec.jbb.JBBmain DoARun -> 信息:   started user thread for Warehouse 68
2月 15, 2026 10:23:08 下午 spec.jbb.JBBmain DoARun -> 信息:   started user thread for Warehouse 69
2月 15, 2026 10:23:08 下午 spec.jbb.JBBmain DoARun -> 信息:   started user thread for Warehouse 70
2月 15, 2026 10:23:08 下午 spec.jbb.JBBmain DoARun -> 信息:   started user thread for Warehouse 71
2月 15, 2026 10:23:08 下午 spec.jbb.JBBmain DoARun -> 信息:   started user thread for Warehouse 72
2月 15, 2026 10:23:08 下午 spec.jbb.JBBmain DoARun -> 信息:   started user thread for Warehouse 73
2月 15, 2026 10:23:08 下午 spec.jbb.JBBmain DoARun -> 信息:   started user thread for Warehouse 74
2月 15, 2026 10:23:08 下午 spec.jbb.JBBmain DoARun -> 信息:   started user thread for Warehouse 75
2月 15, 2026 10:23:08 下午 spec.jbb.JBBmain DoARun -> 信息:   started user thread for Warehouse 76
2月 15, 2026 10:23:08 下午 spec.jbb.JBBmain DoARun -> 信息:   started user thread for Warehouse 77
2月 15, 2026 10:23:08 下午 spec.jbb.JBBmain DoARun -> 信息:   started user thread for Warehouse 78
2月 15, 2026 10:23:08 下午 spec.jbb.JBBmain DoARun -> 信息:   started user thread for Warehouse 79
2月 15, 2026 10:23:08 下午 spec.jbb.JBBmain DoARun -> 信息:   started user thread for Warehouse 80
2月 15, 2026 10:23:08 下午 spec.jbb.JBBmain DoARun -> 信息:   started user thread for Warehouse 81
2月 15, 2026 10:23:08 下午 spec.jbb.JBBmain DoARun -> 信息:   started user thread for Warehouse 82
2月 15, 2026 10:23:08 下午 spec.jbb.JBBmain DoARun -> 信息:   started user thread for Warehouse 83
2月 15, 2026 10:23:08 下午 spec.jbb.JBBmain DoARun -> 信息:   started user thread for Warehouse 84
2月 15, 2026 10:23:08 下午 spec.jbb.JBBmain DoARun -> 信息:   started user thread for Warehouse 85
2月 15, 2026 10:23:08 下午 spec.jbb.JBBmain DoARun -> 信息:   started user thread for Warehouse 86
2月 15, 2026 10:23:08 下午 spec.jbb.JBBmain DoARun -> 信息:   started user thread for Warehouse 87
2月 15, 2026 10:23:08 下午 spec.jbb.JBBmain DoARun -> 信息:   started user thread for Warehouse 88
2月 15, 2026 10:23:08 下午 spec.jbb.JBBmain DoARun -> 信息:   started user thread for Warehouse 89
2月 15, 2026 10:23:08 下午 spec.jbb.JBBmain DoARun -> 信息:   started user thread for Warehouse 90
2月 15, 2026 10:23:08 下午 spec.jbb.JBBmain DoARun -> 信息:   started user thread for Warehouse 91
2月 15, 2026 10:23:08 下午 spec.jbb.JBBmain DoARun -> 信息:   started user thread for Warehouse 92
2月 15, 2026 10:23:08 下午 spec.jbb.JBBmain DoARun -> 信息:   started user thread for Warehouse 93
2月 15, 2026 10:23:08 下午 spec.jbb.JBBmain DoARun -> 信息:   started user thread for Warehouse 94
2月 15, 2026 10:23:08 下午 spec.jbb.JBBmain DoARun -> 信息:   started user thread for Warehouse 95
2月 15, 2026 10:23:08 下午 spec.jbb.JBBmain DoARun -> 信息:   started user thread for Warehouse 96
2月 15, 2026 10:23:08 下午 spec.jbb.JBBmain DoARun -> 信息:   started user thread for Warehouse 97
2月 15, 2026 10:23:08 下午 spec.jbb.JBBmain DoARun -> 信息:   started user thread for Warehouse 98
2月 15, 2026 10:23:08 下午 spec.jbb.JBBmain DoARun -> 信息:   started user thread for Warehouse 99
2月 15, 2026 10:23:08 下午 spec.jbb.JBBmain DoARun -> 信息:   started user thread for Warehouse 100
2月 15, 2026 10:23:08 下午 spec.jbb.JBBmain DoARun -> 信息:   started user thread for Warehouse 101
2月 15, 2026 10:23:08 下午 spec.jbb.JBBmain DoARun -> 信息:   started user thread for Warehouse 102
2月 15, 2026 10:23:08 下午 spec.jbb.JBBmain DoARun -> 信息:   started user thread for Warehouse 103
2月 15, 2026 10:23:08 下午 spec.jbb.JBBmain DoARun -> 信息:   started user thread for Warehouse 104
2月 15, 2026 10:23:08 下午 spec.jbb.JBBmain DoARun -> 信息:   started user thread for Warehouse 105
2月 15, 2026 10:23:08 下午 spec.jbb.JBBmain DoARun -> 信息:   started user thread for Warehouse 106
2月 15, 2026 10:23:08 下午 spec.jbb.JBBmain DoARun -> 信息:   started user thread for Warehouse 107
2月 15, 2026 10:23:08 下午 spec.jbb.JBBmain DoARun -> 信息:   started user thread for Warehouse 108
2月 15, 2026 10:23:08 下午 spec.jbb.JBBmain DoARun -> 信息:   started user thread for Warehouse 109
2月 15, 2026 10:23:08 下午 spec.jbb.JBBmain DoARun -> 信息:   started user thread for Warehouse 110
2月 15, 2026 10:23:08 下午 spec.jbb.Company displayResultTotals -> 信息: Timing Measurement began Sun Feb 15 22:23:08 CST 2026 for 4 minutes
2月 15, 2026 10:27:08 下午 spec.jbb.Company displayResultTotals -> 信息: Timing Measurement ended Sun Feb 15 22:27:08 CST 2026
2月 15, 2026 10:27:08 下午 spec.jbb.Company primeWithDummyData -> 信息: Loading Warehouse 111...
2月 15, 2026 10:27:08 下午 spec.jbb.JBBmain DoARun -> 信息: Start User Threads
2月 15, 2026 10:27:08 下午 spec.jbb.JBBmain DoARun -> 信息:   started user thread for Warehouse 1
2月 15, 2026 10:27:08 下午 spec.jbb.JBBmain DoARun -> 信息:   started user thread for Warehouse 2
2月 15, 2026 10:27:08 下午 spec.jbb.JBBmain DoARun -> 信息:   started user thread for Warehouse 3
2月 15, 2026 10:27:08 下午 spec.jbb.JBBmain DoARun -> 信息:   started user thread for Warehouse 4
2月 15, 2026 10:27:08 下午 spec.jbb.JBBmain DoARun -> 信息:   started user thread for Warehouse 5
2月 15, 2026 10:27:08 下午 spec.jbb.JBBmain DoARun -> 信息:   started user thread for Warehouse 6
2月 15, 2026 10:27:08 下午 spec.jbb.JBBmain DoARun -> 信息:   started user thread for Warehouse 7
2月 15, 2026 10:27:08 下午 spec.jbb.JBBmain DoARun -> 信息:   started user thread for Warehouse 8
2月 15, 2026 10:27:08 下午 spec.jbb.JBBmain DoARun -> 信息:   started user thread for Warehouse 9
2月 15, 2026 10:27:08 下午 spec.jbb.JBBmain DoARun -> 信息:   started user thread for Warehouse 10
2月 15, 2026 10:27:08 下午 spec.jbb.JBBmain DoARun -> 信息:   started user thread for Warehouse 11
2月 15, 2026 10:27:08 下午 spec.jbb.JBBmain DoARun -> 信息:   started user thread for Warehouse 12
2月 15, 2026 10:27:08 下午 spec.jbb.JBBmain DoARun -> 信息:   started user thread for Warehouse 13
2月 15, 2026 10:27:08 下午 spec.jbb.JBBmain DoARun -> 信息:   started user thread for Warehouse 14
2月 15, 2026 10:27:08 下午 spec.jbb.JBBmain DoARun -> 信息:   started user thread for Warehouse 15
2月 15, 2026 10:27:08 下午 spec.jbb.JBBmain DoARun -> 信息:   started user thread for Warehouse 16
2月 15, 2026 10:27:08 下午 spec.jbb.JBBmain DoARun -> 信息:   started user thread for Warehouse 17
2月 15, 2026 10:27:08 下午 spec.jbb.JBBmain DoARun -> 信息:   started user thread for Warehouse 18
2月 15, 2026 10:27:08 下午 spec.jbb.JBBmain DoARun -> 信息:   started user thread for Warehouse 19
2月 15, 2026 10:27:08 下午 spec.jbb.JBBmain DoARun -> 信息:   started user thread for Warehouse 20
2月 15, 2026 10:27:08 下午 spec.jbb.JBBmain DoARun -> 信息:   started user thread for Warehouse 21
2月 15, 2026 10:27:08 下午 spec.jbb.JBBmain DoARun -> 信息:   started user thread for Warehouse 22
2月 15, 2026 10:27:08 下午 spec.jbb.JBBmain DoARun -> 信息:   started user thread for Warehouse 23
2月 15, 2026 10:27:08 下午 spec.jbb.JBBmain DoARun -> 信息:   started user thread for Warehouse 24
2月 15, 2026 10:27:08 下午 spec.jbb.JBBmain DoARun -> 信息:   started user thread for Warehouse 25
2月 15, 2026 10:27:08 下午 spec.jbb.JBBmain DoARun -> 信息:   started user thread for Warehouse 26
2月 15, 2026 10:27:08 下午 spec.jbb.JBBmain DoARun -> 信息:   started user thread for Warehouse 27
2月 15, 2026 10:27:08 下午 spec.jbb.JBBmain DoARun -> 信息:   started user thread for Warehouse 28
2月 15, 2026 10:27:08 下午 spec.jbb.JBBmain DoARun -> 信息:   started user thread for Warehouse 29
2月 15, 2026 10:27:08 下午 spec.jbb.JBBmain DoARun -> 信息:   started user thread for Warehouse 30
2月 15, 2026 10:27:08 下午 spec.jbb.JBBmain DoARun -> 信息:   started user thread for Warehouse 31
2月 15, 2026 10:27:08 下午 spec.jbb.JBBmain DoARun -> 信息:   started user thread for Warehouse 32
2月 15, 2026 10:27:08 下午 spec.jbb.JBBmain DoARun -> 信息:   started user thread for Warehouse 33
2月 15, 2026 10:27:08 下午 spec.jbb.JBBmain DoARun -> 信息:   started user thread for Warehouse 34
2月 15, 2026 10:27:08 下午 spec.jbb.JBBmain DoARun -> 信息:   started user thread for Warehouse 35
2月 15, 2026 10:27:08 下午 spec.jbb.JBBmain DoARun -> 信息:   started user thread for Warehouse 36
2月 15, 2026 10:27:08 下午 spec.jbb.JBBmain DoARun -> 信息:   started user thread for Warehouse 37
2月 15, 2026 10:27:08 下午 spec.jbb.JBBmain DoARun -> 信息:   started user thread for Warehouse 38
2月 15, 2026 10:27:08 下午 spec.jbb.JBBmain DoARun -> 信息:   started user thread for Warehouse 39
2月 15, 2026 10:27:08 下午 spec.jbb.JBBmain DoARun -> 信息:   started user thread for Warehouse 40
2月 15, 2026 10:27:08 下午 spec.jbb.JBBmain DoARun -> 信息:   started user thread for Warehouse 41
2月 15, 2026 10:27:08 下午 spec.jbb.JBBmain DoARun -> 信息:   started user thread for Warehouse 42
2月 15, 2026 10:27:08 下午 spec.jbb.JBBmain DoARun -> 信息:   started user thread for Warehouse 43
2月 15, 2026 10:27:08 下午 spec.jbb.JBBmain DoARun -> 信息:   started user thread for Warehouse 44
2月 15, 2026 10:27:08 下午 spec.jbb.JBBmain DoARun -> 信息:   started user thread for Warehouse 45
2月 15, 2026 10:27:08 下午 spec.jbb.JBBmain DoARun -> 信息:   started user thread for Warehouse 46
2月 15, 2026 10:27:08 下午 spec.jbb.JBBmain DoARun -> 信息:   started user thread for Warehouse 47
2月 15, 2026 10:27:08 下午 spec.jbb.JBBmain DoARun -> 信息:   started user thread for Warehouse 48
2月 15, 2026 10:27:08 下午 spec.jbb.JBBmain DoARun -> 信息:   started user thread for Warehouse 49
2月 15, 2026 10:27:08 下午 spec.jbb.JBBmain DoARun -> 信息:   started user thread for Warehouse 50
2月 15, 2026 10:27:08 下午 spec.jbb.JBBmain DoARun -> 信息:   started user thread for Warehouse 51
2月 15, 2026 10:27:08 下午 spec.jbb.JBBmain DoARun -> 信息:   started user thread for Warehouse 52
2月 15, 2026 10:27:08 下午 spec.jbb.JBBmain DoARun -> 信息:   started user thread for Warehouse 53
2月 15, 2026 10:27:08 下午 spec.jbb.JBBmain DoARun -> 信息:   started user thread for Warehouse 54
2月 15, 2026 10:27:08 下午 spec.jbb.JBBmain DoARun -> 信息:   started user thread for Warehouse 55
2月 15, 2026 10:27:08 下午 spec.jbb.JBBmain DoARun -> 信息:   started user thread for Warehouse 56
2月 15, 2026 10:27:08 下午 spec.jbb.JBBmain DoARun -> 信息:   started user thread for Warehouse 57
2月 15, 2026 10:27:08 下午 spec.jbb.JBBmain DoARun -> 信息:   started user thread for Warehouse 58
2月 15, 2026 10:27:08 下午 spec.jbb.JBBmain DoARun -> 信息:   started user thread for Warehouse 59
2月 15, 2026 10:27:08 下午 spec.jbb.JBBmain DoARun -> 信息:   started user thread for Warehouse 60
2月 15, 2026 10:27:08 下午 spec.jbb.JBBmain DoARun -> 信息:   started user thread for Warehouse 61
2月 15, 2026 10:27:08 下午 spec.jbb.JBBmain DoARun -> 信息:   started user thread for Warehouse 62
2月 15, 2026 10:27:08 下午 spec.jbb.JBBmain DoARun -> 信息:   started user thread for Warehouse 63
2月 15, 2026 10:27:08 下午 spec.jbb.JBBmain DoARun -> 信息:   started user thread for Warehouse 64
2月 15, 2026 10:27:08 下午 spec.jbb.JBBmain DoARun -> 信息:   started user thread for Warehouse 65
2月 15, 2026 10:27:08 下午 spec.jbb.JBBmain DoARun -> 信息:   started user thread for Warehouse 66
2月 15, 2026 10:27:08 下午 spec.jbb.JBBmain DoARun -> 信息:   started user thread for Warehouse 67
2月 15, 2026 10:27:08 下午 spec.jbb.JBBmain DoARun -> 信息:   started user thread for Warehouse 68
2月 15, 2026 10:27:08 下午 spec.jbb.JBBmain DoARun -> 信息:   started user thread for Warehouse 69
2月 15, 2026 10:27:08 下午 spec.jbb.JBBmain DoARun -> 信息:   started user thread for Warehouse 70
2月 15, 2026 10:27:08 下午 spec.jbb.JBBmain DoARun -> 信息:   started user thread for Warehouse 71
2月 15, 2026 10:27:08 下午 spec.jbb.JBBmain DoARun -> 信息:   started user thread for Warehouse 72
2月 15, 2026 10:27:08 下午 spec.jbb.JBBmain DoARun -> 信息:   started user thread for Warehouse 73
2月 15, 2026 10:27:08 下午 spec.jbb.JBBmain DoARun -> 信息:   started user thread for Warehouse 74
2月 15, 2026 10:27:08 下午 spec.jbb.JBBmain DoARun -> 信息:   started user thread for Warehouse 75
2月 15, 2026 10:27:08 下午 spec.jbb.JBBmain DoARun -> 信息:   started user thread for Warehouse 76
2月 15, 2026 10:27:08 下午 spec.jbb.JBBmain DoARun -> 信息:   started user thread for Warehouse 77
2月 15, 2026 10:27:08 下午 spec.jbb.JBBmain DoARun -> 信息:   started user thread for Warehouse 78
2月 15, 2026 10:27:08 下午 spec.jbb.JBBmain DoARun -> 信息:   started user thread for Warehouse 79
2月 15, 2026 10:27:08 下午 spec.jbb.JBBmain DoARun -> 信息:   started user thread for Warehouse 80
2月 15, 2026 10:27:08 下午 spec.jbb.JBBmain DoARun -> 信息:   started user thread for Warehouse 81
2月 15, 2026 10:27:08 下午 spec.jbb.JBBmain DoARun -> 信息:   started user thread for Warehouse 82
2月 15, 2026 10:27:08 下午 spec.jbb.JBBmain DoARun -> 信息:   started user thread for Warehouse 83
2月 15, 2026 10:27:08 下午 spec.jbb.JBBmain DoARun -> 信息:   started user thread for Warehouse 84
2月 15, 2026 10:27:08 下午 spec.jbb.JBBmain DoARun -> 信息:   started user thread for Warehouse 85
2月 15, 2026 10:27:08 下午 spec.jbb.JBBmain DoARun -> 信息:   started user thread for Warehouse 86
2月 15, 2026 10:27:08 下午 spec.jbb.JBBmain DoARun -> 信息:   started user thread for Warehouse 87
2月 15, 2026 10:27:08 下午 spec.jbb.JBBmain DoARun -> 信息:   started user thread for Warehouse 88
2月 15, 2026 10:27:08 下午 spec.jbb.JBBmain DoARun -> 信息:   started user thread for Warehouse 89
2月 15, 2026 10:27:08 下午 spec.jbb.JBBmain DoARun -> 信息:   started user thread for Warehouse 90
2月 15, 2026 10:27:08 下午 spec.jbb.JBBmain DoARun -> 信息:   started user thread for Warehouse 91
2月 15, 2026 10:27:08 下午 spec.jbb.JBBmain DoARun -> 信息:   started user thread for Warehouse 92
2月 15, 2026 10:27:08 下午 spec.jbb.JBBmain DoARun -> 信息:   started user thread for Warehouse 93
2月 15, 2026 10:27:08 下午 spec.jbb.JBBmain DoARun -> 信息:   started user thread for Warehouse 94
2月 15, 2026 10:27:08 下午 spec.jbb.JBBmain DoARun -> 信息:   started user thread for Warehouse 95
2月 15, 2026 10:27:08 下午 spec.jbb.JBBmain DoARun -> 信息:   started user thread for Warehouse 96
2月 15, 2026 10:27:08 下午 spec.jbb.JBBmain DoARun -> 信息:   started user thread for Warehouse 97
2月 15, 2026 10:27:08 下午 spec.jbb.JBBmain DoARun -> 信息:   started user thread for Warehouse 98
2月 15, 2026 10:27:08 下午 spec.jbb.JBBmain DoARun -> 信息:   started user thread for Warehouse 99
2月 15, 2026 10:27:08 下午 spec.jbb.JBBmain DoARun -> 信息:   started user thread for Warehouse 100
2月 15, 2026 10:27:08 下午 spec.jbb.JBBmain DoARun -> 信息:   started user thread for Warehouse 101
2月 15, 2026 10:27:08 下午 spec.jbb.JBBmain DoARun -> 信息:   started user thread for Warehouse 102
2月 15, 2026 10:27:08 下午 spec.jbb.JBBmain DoARun -> 信息:   started user thread for Warehouse 103
2月 15, 2026 10:27:08 下午 spec.jbb.JBBmain DoARun -> 信息:   started user thread for Warehouse 104
2月 15, 2026 10:27:08 下午 spec.jbb.JBBmain DoARun -> 信息:   started user thread for Warehouse 105
2月 15, 2026 10:27:08 下午 spec.jbb.JBBmain DoARun -> 信息:   started user thread for Warehouse 106
2月 15, 2026 10:27:08 下午 spec.jbb.JBBmain DoARun -> 信息:   started user thread for Warehouse 107
2月 15, 2026 10:27:08 下午 spec.jbb.JBBmain DoARun -> 信息:   started user thread for Warehouse 108
2月 15, 2026 10:27:08 下午 spec.jbb.JBBmain DoARun -> 信息:   started user thread for Warehouse 109
2月 15, 2026 10:27:08 下午 spec.jbb.JBBmain DoARun -> 信息:   started user thread for Warehouse 110
2月 15, 2026 10:27:08 下午 spec.jbb.JBBmain DoARun -> 信息:   started user thread for Warehouse 111
2月 15, 2026 10:27:08 下午 spec.jbb.Company displayResultTotals -> 信息: Timing Measurement began Sun Feb 15 22:27:08 CST 2026 for 4 minutes
2月 15, 2026 10:31:08 下午 spec.jbb.Company displayResultTotals -> 信息: Timing Measurement ended Sun Feb 15 22:31:08 CST 2026
2月 15, 2026 10:31:09 下午 spec.jbb.Company primeWithDummyData -> 信息: Loading Warehouse 112...
2月 15, 2026 10:31:09 下午 spec.jbb.JBBmain DoARun -> 信息: Start User Threads
2月 15, 2026 10:31:09 下午 spec.jbb.JBBmain DoARun -> 信息:   started user thread for Warehouse 1
2月 15, 2026 10:31:09 下午 spec.jbb.JBBmain DoARun -> 信息:   started user thread for Warehouse 2
2月 15, 2026 10:31:09 下午 spec.jbb.JBBmain DoARun -> 信息:   started user thread for Warehouse 3
2月 15, 2026 10:31:09 下午 spec.jbb.JBBmain DoARun -> 信息:   started user thread for Warehouse 4
2月 15, 2026 10:31:09 下午 spec.jbb.JBBmain DoARun -> 信息:   started user thread for Warehouse 5
2月 15, 2026 10:31:09 下午 spec.jbb.JBBmain DoARun -> 信息:   started user thread for Warehouse 6
2月 15, 2026 10:31:09 下午 spec.jbb.JBBmain DoARun -> 信息:   started user thread for Warehouse 7
2月 15, 2026 10:31:09 下午 spec.jbb.JBBmain DoARun -> 信息:   started user thread for Warehouse 8
2月 15, 2026 10:31:09 下午 spec.jbb.JBBmain DoARun -> 信息:   started user thread for Warehouse 9
2月 15, 2026 10:31:09 下午 spec.jbb.JBBmain DoARun -> 信息:   started user thread for Warehouse 10
2月 15, 2026 10:31:09 下午 spec.jbb.JBBmain DoARun -> 信息:   started user thread for Warehouse 11
2月 15, 2026 10:31:09 下午 spec.jbb.JBBmain DoARun -> 信息:   started user thread for Warehouse 12
2月 15, 2026 10:31:09 下午 spec.jbb.JBBmain DoARun -> 信息:   started user thread for Warehouse 13
2月 15, 2026 10:31:09 下午 spec.jbb.JBBmain DoARun -> 信息:   started user thread for Warehouse 14
2月 15, 2026 10:31:09 下午 spec.jbb.JBBmain DoARun -> 信息:   started user thread for Warehouse 15
2月 15, 2026 10:31:09 下午 spec.jbb.JBBmain DoARun -> 信息:   started user thread for Warehouse 16
2月 15, 2026 10:31:09 下午 spec.jbb.JBBmain DoARun -> 信息:   started user thread for Warehouse 17
2月 15, 2026 10:31:09 下午 spec.jbb.JBBmain DoARun -> 信息:   started user thread for Warehouse 18
2月 15, 2026 10:31:09 下午 spec.jbb.JBBmain DoARun -> 信息:   started user thread for Warehouse 19
2月 15, 2026 10:31:09 下午 spec.jbb.JBBmain DoARun -> 信息:   started user thread for Warehouse 20
2月 15, 2026 10:31:09 下午 spec.jbb.JBBmain DoARun -> 信息:   started user thread for Warehouse 21
2月 15, 2026 10:31:09 下午 spec.jbb.JBBmain DoARun -> 信息:   started user thread for Warehouse 22
2月 15, 2026 10:31:09 下午 spec.jbb.JBBmain DoARun -> 信息:   started user thread for Warehouse 23
2月 15, 2026 10:31:09 下午 spec.jbb.JBBmain DoARun -> 信息:   started user thread for Warehouse 24
2月 15, 2026 10:31:09 下午 spec.jbb.JBBmain DoARun -> 信息:   started user thread for Warehouse 25
2月 15, 2026 10:31:09 下午 spec.jbb.JBBmain DoARun -> 信息:   started user thread for Warehouse 26
2月 15, 2026 10:31:09 下午 spec.jbb.JBBmain DoARun -> 信息:   started user thread for Warehouse 27
2月 15, 2026 10:31:09 下午 spec.jbb.JBBmain DoARun -> 信息:   started user thread for Warehouse 28
2月 15, 2026 10:31:09 下午 spec.jbb.JBBmain DoARun -> 信息:   started user thread for Warehouse 29
2月 15, 2026 10:31:09 下午 spec.jbb.JBBmain DoARun -> 信息:   started user thread for Warehouse 30
2月 15, 2026 10:31:09 下午 spec.jbb.JBBmain DoARun -> 信息:   started user thread for Warehouse 31
2月 15, 2026 10:31:09 下午 spec.jbb.JBBmain DoARun -> 信息:   started user thread for Warehouse 32
2月 15, 2026 10:31:09 下午 spec.jbb.JBBmain DoARun -> 信息:   started user thread for Warehouse 33
2月 15, 2026 10:31:09 下午 spec.jbb.JBBmain DoARun -> 信息:   started user thread for Warehouse 34
2月 15, 2026 10:31:09 下午 spec.jbb.JBBmain DoARun -> 信息:   started user thread for Warehouse 35
2月 15, 2026 10:31:09 下午 spec.jbb.JBBmain DoARun -> 信息:   started user thread for Warehouse 36
2月 15, 2026 10:31:09 下午 spec.jbb.JBBmain DoARun -> 信息:   started user thread for Warehouse 37
2月 15, 2026 10:31:09 下午 spec.jbb.JBBmain DoARun -> 信息:   started user thread for Warehouse 38
2月 15, 2026 10:31:09 下午 spec.jbb.JBBmain DoARun -> 信息:   started user thread for Warehouse 39
2月 15, 2026 10:31:09 下午 spec.jbb.JBBmain DoARun -> 信息:   started user thread for Warehouse 40
2月 15, 2026 10:31:09 下午 spec.jbb.JBBmain DoARun -> 信息:   started user thread for Warehouse 41
2月 15, 2026 10:31:09 下午 spec.jbb.JBBmain DoARun -> 信息:   started user thread for Warehouse 42
2月 15, 2026 10:31:09 下午 spec.jbb.JBBmain DoARun -> 信息:   started user thread for Warehouse 43
2月 15, 2026 10:31:09 下午 spec.jbb.JBBmain DoARun -> 信息:   started user thread for Warehouse 44
2月 15, 2026 10:31:09 下午 spec.jbb.JBBmain DoARun -> 信息:   started user thread for Warehouse 45
2月 15, 2026 10:31:09 下午 spec.jbb.JBBmain DoARun -> 信息:   started user thread for Warehouse 46
2月 15, 2026 10:31:09 下午 spec.jbb.JBBmain DoARun -> 信息:   started user thread for Warehouse 47
2月 15, 2026 10:31:09 下午 spec.jbb.JBBmain DoARun -> 信息:   started user thread for Warehouse 48
2月 15, 2026 10:31:09 下午 spec.jbb.JBBmain DoARun -> 信息:   started user thread for Warehouse 49
2月 15, 2026 10:31:09 下午 spec.jbb.JBBmain DoARun -> 信息:   started user thread for Warehouse 50
2月 15, 2026 10:31:09 下午 spec.jbb.JBBmain DoARun -> 信息:   started user thread for Warehouse 51
2月 15, 2026 10:31:09 下午 spec.jbb.JBBmain DoARun -> 信息:   started user thread for Warehouse 52
2月 15, 2026 10:31:09 下午 spec.jbb.JBBmain DoARun -> 信息:   started user thread for Warehouse 53
2月 15, 2026 10:31:09 下午 spec.jbb.JBBmain DoARun -> 信息:   started user thread for Warehouse 54
2月 15, 2026 10:31:09 下午 spec.jbb.JBBmain DoARun -> 信息:   started user thread for Warehouse 55
2月 15, 2026 10:31:09 下午 spec.jbb.JBBmain DoARun -> 信息:   started user thread for Warehouse 56
2月 15, 2026 10:31:09 下午 spec.jbb.JBBmain DoARun -> 信息:   started user thread for Warehouse 57
2月 15, 2026 10:31:09 下午 spec.jbb.JBBmain DoARun -> 信息:   started user thread for Warehouse 58
2月 15, 2026 10:31:09 下午 spec.jbb.JBBmain DoARun -> 信息:   started user thread for Warehouse 59
2月 15, 2026 10:31:09 下午 spec.jbb.JBBmain DoARun -> 信息:   started user thread for Warehouse 60
2月 15, 2026 10:31:09 下午 spec.jbb.JBBmain DoARun -> 信息:   started user thread for Warehouse 61
2月 15, 2026 10:31:09 下午 spec.jbb.JBBmain DoARun -> 信息:   started user thread for Warehouse 62
2月 15, 2026 10:31:09 下午 spec.jbb.JBBmain DoARun -> 信息:   started user thread for Warehouse 63
2月 15, 2026 10:31:09 下午 spec.jbb.JBBmain DoARun -> 信息:   started user thread for Warehouse 64
2月 15, 2026 10:31:09 下午 spec.jbb.JBBmain DoARun -> 信息:   started user thread for Warehouse 65
2月 15, 2026 10:31:09 下午 spec.jbb.JBBmain DoARun -> 信息:   started user thread for Warehouse 66
2月 15, 2026 10:31:09 下午 spec.jbb.JBBmain DoARun -> 信息:   started user thread for Warehouse 67
2月 15, 2026 10:31:09 下午 spec.jbb.JBBmain DoARun -> 信息:   started user thread for Warehouse 68
2月 15, 2026 10:31:09 下午 spec.jbb.JBBmain DoARun -> 信息:   started user thread for Warehouse 69
2月 15, 2026 10:31:09 下午 spec.jbb.JBBmain DoARun -> 信息:   started user thread for Warehouse 70
2月 15, 2026 10:31:09 下午 spec.jbb.JBBmain DoARun -> 信息:   started user thread for Warehouse 71
2月 15, 2026 10:31:09 下午 spec.jbb.JBBmain DoARun -> 信息:   started user thread for Warehouse 72
2月 15, 2026 10:31:09 下午 spec.jbb.JBBmain DoARun -> 信息:   started user thread for Warehouse 73
2月 15, 2026 10:31:09 下午 spec.jbb.JBBmain DoARun -> 信息:   started user thread for Warehouse 74
2月 15, 2026 10:31:09 下午 spec.jbb.JBBmain DoARun -> 信息:   started user thread for Warehouse 75
2月 15, 2026 10:31:09 下午 spec.jbb.JBBmain DoARun -> 信息:   started user thread for Warehouse 76
2月 15, 2026 10:31:09 下午 spec.jbb.JBBmain DoARun -> 信息:   started user thread for Warehouse 77
2月 15, 2026 10:31:09 下午 spec.jbb.JBBmain DoARun -> 信息:   started user thread for Warehouse 78
2月 15, 2026 10:31:09 下午 spec.jbb.JBBmain DoARun -> 信息:   started user thread for Warehouse 79
2月 15, 2026 10:31:09 下午 spec.jbb.JBBmain DoARun -> 信息:   started user thread for Warehouse 80
2月 15, 2026 10:31:09 下午 spec.jbb.JBBmain DoARun -> 信息:   started user thread for Warehouse 81
2月 15, 2026 10:31:09 下午 spec.jbb.JBBmain DoARun -> 信息:   started user thread for Warehouse 82
2月 15, 2026 10:31:09 下午 spec.jbb.JBBmain DoARun -> 信息:   started user thread for Warehouse 83
2月 15, 2026 10:31:09 下午 spec.jbb.JBBmain DoARun -> 信息:   started user thread for Warehouse 84
2月 15, 2026 10:31:09 下午 spec.jbb.JBBmain DoARun -> 信息:   started user thread for Warehouse 85
2月 15, 2026 10:31:09 下午 spec.jbb.JBBmain DoARun -> 信息:   started user thread for Warehouse 86
2月 15, 2026 10:31:09 下午 spec.jbb.JBBmain DoARun -> 信息:   started user thread for Warehouse 87
2月 15, 2026 10:31:09 下午 spec.jbb.JBBmain DoARun -> 信息:   started user thread for Warehouse 88
2月 15, 2026 10:31:09 下午 spec.jbb.JBBmain DoARun -> 信息:   started user thread for Warehouse 89
2月 15, 2026 10:31:09 下午 spec.jbb.JBBmain DoARun -> 信息:   started user thread for Warehouse 90
2月 15, 2026 10:31:09 下午 spec.jbb.JBBmain DoARun -> 信息:   started user thread for Warehouse 91
2月 15, 2026 10:31:09 下午 spec.jbb.JBBmain DoARun -> 信息:   started user thread for Warehouse 92
2月 15, 2026 10:31:09 下午 spec.jbb.JBBmain DoARun -> 信息:   started user thread for Warehouse 93
2月 15, 2026 10:31:09 下午 spec.jbb.JBBmain DoARun -> 信息:   started user thread for Warehouse 94
2月 15, 2026 10:31:09 下午 spec.jbb.JBBmain DoARun -> 信息:   started user thread for Warehouse 95
2月 15, 2026 10:31:09 下午 spec.jbb.JBBmain DoARun -> 信息:   started user thread for Warehouse 96
2月 15, 2026 10:31:09 下午 spec.jbb.JBBmain DoARun -> 信息:   started user thread for Warehouse 97
2月 15, 2026 10:31:09 下午 spec.jbb.JBBmain DoARun -> 信息:   started user thread for Warehouse 98
2月 15, 2026 10:31:09 下午 spec.jbb.JBBmain DoARun -> 信息:   started user thread for Warehouse 99
2月 15, 2026 10:31:09 下午 spec.jbb.JBBmain DoARun -> 信息:   started user thread for Warehouse 100
2月 15, 2026 10:31:09 下午 spec.jbb.JBBmain DoARun -> 信息:   started user thread for Warehouse 101
2月 15, 2026 10:31:09 下午 spec.jbb.JBBmain DoARun -> 信息:   started user thread for Warehouse 102
2月 15, 2026 10:31:09 下午 spec.jbb.JBBmain DoARun -> 信息:   started user thread for Warehouse 103
2月 15, 2026 10:31:09 下午 spec.jbb.JBBmain DoARun -> 信息:   started user thread for Warehouse 104
2月 15, 2026 10:31:09 下午 spec.jbb.JBBmain DoARun -> 信息:   started user thread for Warehouse 105
2月 15, 2026 10:31:09 下午 spec.jbb.JBBmain DoARun -> 信息:   started user thread for Warehouse 106
2月 15, 2026 10:31:09 下午 spec.jbb.JBBmain DoARun -> 信息:   started user thread for Warehouse 107
2月 15, 2026 10:31:09 下午 spec.jbb.JBBmain DoARun -> 信息:   started user thread for Warehouse 108
2月 15, 2026 10:31:09 下午 spec.jbb.JBBmain DoARun -> 信息:   started user thread for Warehouse 109
2月 15, 2026 10:31:09 下午 spec.jbb.JBBmain DoARun -> 信息:   started user thread for Warehouse 110
2月 15, 2026 10:31:09 下午 spec.jbb.JBBmain DoARun -> 信息:   started user thread for Warehouse 111
2月 15, 2026 10:31:09 下午 spec.jbb.JBBmain DoARun -> 信息:   started user thread for Warehouse 112
2月 15, 2026 10:31:09 下午 spec.jbb.Company displayResultTotals -> 信息: Timing Measurement began Sun Feb 15 22:31:09 CST 2026 for 4 minutes
2月 15, 2026 10:35:09 下午 spec.jbb.Company displayResultTotals -> 信息: Timing Measurement ended Sun Feb 15 22:35:09 CST 2026
2月 15, 2026 10:35:09 下午 spec.jbb.Company primeWithDummyData -> 信息: Loading Warehouse 113...
2月 15, 2026 10:35:09 下午 spec.jbb.JBBmain DoARun -> 信息: Start User Threads
2月 15, 2026 10:35:09 下午 spec.jbb.JBBmain DoARun -> 信息:   started user thread for Warehouse 1
2月 15, 2026 10:35:09 下午 spec.jbb.JBBmain DoARun -> 信息:   started user thread for Warehouse 2
2月 15, 2026 10:35:09 下午 spec.jbb.JBBmain DoARun -> 信息:   started user thread for Warehouse 3
2月 15, 2026 10:35:09 下午 spec.jbb.JBBmain DoARun -> 信息:   started user thread for Warehouse 4
2月 15, 2026 10:35:09 下午 spec.jbb.JBBmain DoARun -> 信息:   started user thread for Warehouse 5
2月 15, 2026 10:35:09 下午 spec.jbb.JBBmain DoARun -> 信息:   started user thread for Warehouse 6
2月 15, 2026 10:35:09 下午 spec.jbb.JBBmain DoARun -> 信息:   started user thread for Warehouse 7
2月 15, 2026 10:35:09 下午 spec.jbb.JBBmain DoARun -> 信息:   started user thread for Warehouse 8
2月 15, 2026 10:35:09 下午 spec.jbb.JBBmain DoARun -> 信息:   started user thread for Warehouse 9
2月 15, 2026 10:35:09 下午 spec.jbb.JBBmain DoARun -> 信息:   started user thread for Warehouse 10
2月 15, 2026 10:35:09 下午 spec.jbb.JBBmain DoARun -> 信息:   started user thread for Warehouse 11
2月 15, 2026 10:35:09 下午 spec.jbb.JBBmain DoARun -> 信息:   started user thread for Warehouse 12
2月 15, 2026 10:35:09 下午 spec.jbb.JBBmain DoARun -> 信息:   started user thread for Warehouse 13
2月 15, 2026 10:35:09 下午 spec.jbb.JBBmain DoARun -> 信息:   started user thread for Warehouse 14
2月 15, 2026 10:35:09 下午 spec.jbb.JBBmain DoARun -> 信息:   started user thread for Warehouse 15
2月 15, 2026 10:35:09 下午 spec.jbb.JBBmain DoARun -> 信息:   started user thread for Warehouse 16
2月 15, 2026 10:35:09 下午 spec.jbb.JBBmain DoARun -> 信息:   started user thread for Warehouse 17
2月 15, 2026 10:35:09 下午 spec.jbb.JBBmain DoARun -> 信息:   started user thread for Warehouse 18
2月 15, 2026 10:35:09 下午 spec.jbb.JBBmain DoARun -> 信息:   started user thread for Warehouse 19
2月 15, 2026 10:35:09 下午 spec.jbb.JBBmain DoARun -> 信息:   started user thread for Warehouse 20
2月 15, 2026 10:35:09 下午 spec.jbb.JBBmain DoARun -> 信息:   started user thread for Warehouse 21
2月 15, 2026 10:35:09 下午 spec.jbb.JBBmain DoARun -> 信息:   started user thread for Warehouse 22
2月 15, 2026 10:35:09 下午 spec.jbb.JBBmain DoARun -> 信息:   started user thread for Warehouse 23
2月 15, 2026 10:35:09 下午 spec.jbb.JBBmain DoARun -> 信息:   started user thread for Warehouse 24
2月 15, 2026 10:35:09 下午 spec.jbb.JBBmain DoARun -> 信息:   started user thread for Warehouse 25
2月 15, 2026 10:35:09 下午 spec.jbb.JBBmain DoARun -> 信息:   started user thread for Warehouse 26
2月 15, 2026 10:35:09 下午 spec.jbb.JBBmain DoARun -> 信息:   started user thread for Warehouse 27
2月 15, 2026 10:35:09 下午 spec.jbb.JBBmain DoARun -> 信息:   started user thread for Warehouse 28
2月 15, 2026 10:35:09 下午 spec.jbb.JBBmain DoARun -> 信息:   started user thread for Warehouse 29
2月 15, 2026 10:35:09 下午 spec.jbb.JBBmain DoARun -> 信息:   started user thread for Warehouse 30
2月 15, 2026 10:35:09 下午 spec.jbb.JBBmain DoARun -> 信息:   started user thread for Warehouse 31
2月 15, 2026 10:35:09 下午 spec.jbb.JBBmain DoARun -> 信息:   started user thread for Warehouse 32
2月 15, 2026 10:35:09 下午 spec.jbb.JBBmain DoARun -> 信息:   started user thread for Warehouse 33
2月 15, 2026 10:35:09 下午 spec.jbb.JBBmain DoARun -> 信息:   started user thread for Warehouse 34
2月 15, 2026 10:35:09 下午 spec.jbb.JBBmain DoARun -> 信息:   started user thread for Warehouse 35
2月 15, 2026 10:35:09 下午 spec.jbb.JBBmain DoARun -> 信息:   started user thread for Warehouse 36
2月 15, 2026 10:35:09 下午 spec.jbb.JBBmain DoARun -> 信息:   started user thread for Warehouse 37
2月 15, 2026 10:35:09 下午 spec.jbb.JBBmain DoARun -> 信息:   started user thread for Warehouse 38
2月 15, 2026 10:35:09 下午 spec.jbb.JBBmain DoARun -> 信息:   started user thread for Warehouse 39
2月 15, 2026 10:35:09 下午 spec.jbb.JBBmain DoARun -> 信息:   started user thread for Warehouse 40
2月 15, 2026 10:35:09 下午 spec.jbb.JBBmain DoARun -> 信息:   started user thread for Warehouse 41
2月 15, 2026 10:35:09 下午 spec.jbb.JBBmain DoARun -> 信息:   started user thread for Warehouse 42
2月 15, 2026 10:35:09 下午 spec.jbb.JBBmain DoARun -> 信息:   started user thread for Warehouse 43
2月 15, 2026 10:35:09 下午 spec.jbb.JBBmain DoARun -> 信息:   started user thread for Warehouse 44
2月 15, 2026 10:35:09 下午 spec.jbb.JBBmain DoARun -> 信息:   started user thread for Warehouse 45
2月 15, 2026 10:35:09 下午 spec.jbb.JBBmain DoARun -> 信息:   started user thread for Warehouse 46
2月 15, 2026 10:35:09 下午 spec.jbb.JBBmain DoARun -> 信息:   started user thread for Warehouse 47
2月 15, 2026 10:35:09 下午 spec.jbb.JBBmain DoARun -> 信息:   started user thread for Warehouse 48
2月 15, 2026 10:35:09 下午 spec.jbb.JBBmain DoARun -> 信息:   started user thread for Warehouse 49
2月 15, 2026 10:35:09 下午 spec.jbb.JBBmain DoARun -> 信息:   started user thread for Warehouse 50
2月 15, 2026 10:35:09 下午 spec.jbb.JBBmain DoARun -> 信息:   started user thread for Warehouse 51
2月 15, 2026 10:35:09 下午 spec.jbb.JBBmain DoARun -> 信息:   started user thread for Warehouse 52
2月 15, 2026 10:35:09 下午 spec.jbb.JBBmain DoARun -> 信息:   started user thread for Warehouse 53
2月 15, 2026 10:35:09 下午 spec.jbb.JBBmain DoARun -> 信息:   started user thread for Warehouse 54
2月 15, 2026 10:35:09 下午 spec.jbb.JBBmain DoARun -> 信息:   started user thread for Warehouse 55
2月 15, 2026 10:35:09 下午 spec.jbb.JBBmain DoARun -> 信息:   started user thread for Warehouse 56
2月 15, 2026 10:35:09 下午 spec.jbb.JBBmain DoARun -> 信息:   started user thread for Warehouse 57
2月 15, 2026 10:35:09 下午 spec.jbb.JBBmain DoARun -> 信息:   started user thread for Warehouse 58
2月 15, 2026 10:35:09 下午 spec.jbb.JBBmain DoARun -> 信息:   started user thread for Warehouse 59
2月 15, 2026 10:35:09 下午 spec.jbb.JBBmain DoARun -> 信息:   started user thread for Warehouse 60
2月 15, 2026 10:35:09 下午 spec.jbb.JBBmain DoARun -> 信息:   started user thread for Warehouse 61
2月 15, 2026 10:35:09 下午 spec.jbb.JBBmain DoARun -> 信息:   started user thread for Warehouse 62
2月 15, 2026 10:35:09 下午 spec.jbb.JBBmain DoARun -> 信息:   started user thread for Warehouse 63
2月 15, 2026 10:35:09 下午 spec.jbb.JBBmain DoARun -> 信息:   started user thread for Warehouse 64
2月 15, 2026 10:35:09 下午 spec.jbb.JBBmain DoARun -> 信息:   started user thread for Warehouse 65
2月 15, 2026 10:35:09 下午 spec.jbb.JBBmain DoARun -> 信息:   started user thread for Warehouse 66
2月 15, 2026 10:35:09 下午 spec.jbb.JBBmain DoARun -> 信息:   started user thread for Warehouse 67
2月 15, 2026 10:35:09 下午 spec.jbb.JBBmain DoARun -> 信息:   started user thread for Warehouse 68
2月 15, 2026 10:35:09 下午 spec.jbb.JBBmain DoARun -> 信息:   started user thread for Warehouse 69
2月 15, 2026 10:35:09 下午 spec.jbb.JBBmain DoARun -> 信息:   started user thread for Warehouse 70
2月 15, 2026 10:35:09 下午 spec.jbb.JBBmain DoARun -> 信息:   started user thread for Warehouse 71
2月 15, 2026 10:35:09 下午 spec.jbb.JBBmain DoARun -> 信息:   started user thread for Warehouse 72
2月 15, 2026 10:35:09 下午 spec.jbb.JBBmain DoARun -> 信息:   started user thread for Warehouse 73
2月 15, 2026 10:35:09 下午 spec.jbb.JBBmain DoARun -> 信息:   started user thread for Warehouse 74
2月 15, 2026 10:35:09 下午 spec.jbb.JBBmain DoARun -> 信息:   started user thread for Warehouse 75
2月 15, 2026 10:35:09 下午 spec.jbb.JBBmain DoARun -> 信息:   started user thread for Warehouse 76
2月 15, 2026 10:35:09 下午 spec.jbb.JBBmain DoARun -> 信息:   started user thread for Warehouse 77
2月 15, 2026 10:35:09 下午 spec.jbb.JBBmain DoARun -> 信息:   started user thread for Warehouse 78
2月 15, 2026 10:35:09 下午 spec.jbb.JBBmain DoARun -> 信息:   started user thread for Warehouse 79
2月 15, 2026 10:35:09 下午 spec.jbb.JBBmain DoARun -> 信息:   started user thread for Warehouse 80
2月 15, 2026 10:35:09 下午 spec.jbb.JBBmain DoARun -> 信息:   started user thread for Warehouse 81
2月 15, 2026 10:35:09 下午 spec.jbb.JBBmain DoARun -> 信息:   started user thread for Warehouse 82
2月 15, 2026 10:35:09 下午 spec.jbb.JBBmain DoARun -> 信息:   started user thread for Warehouse 83
2月 15, 2026 10:35:09 下午 spec.jbb.JBBmain DoARun -> 信息:   started user thread for Warehouse 84
2月 15, 2026 10:35:09 下午 spec.jbb.JBBmain DoARun -> 信息:   started user thread for Warehouse 85
2月 15, 2026 10:35:09 下午 spec.jbb.JBBmain DoARun -> 信息:   started user thread for Warehouse 86
2月 15, 2026 10:35:09 下午 spec.jbb.JBBmain DoARun -> 信息:   started user thread for Warehouse 87
2月 15, 2026 10:35:09 下午 spec.jbb.JBBmain DoARun -> 信息:   started user thread for Warehouse 88
2月 15, 2026 10:35:09 下午 spec.jbb.JBBmain DoARun -> 信息:   started user thread for Warehouse 89
2月 15, 2026 10:35:09 下午 spec.jbb.JBBmain DoARun -> 信息:   started user thread for Warehouse 90
2月 15, 2026 10:35:09 下午 spec.jbb.JBBmain DoARun -> 信息:   started user thread for Warehouse 91
2月 15, 2026 10:35:09 下午 spec.jbb.JBBmain DoARun -> 信息:   started user thread for Warehouse 92
2月 15, 2026 10:35:09 下午 spec.jbb.JBBmain DoARun -> 信息:   started user thread for Warehouse 93
2月 15, 2026 10:35:09 下午 spec.jbb.JBBmain DoARun -> 信息:   started user thread for Warehouse 94
2月 15, 2026 10:35:09 下午 spec.jbb.JBBmain DoARun -> 信息:   started user thread for Warehouse 95
2月 15, 2026 10:35:09 下午 spec.jbb.JBBmain DoARun -> 信息:   started user thread for Warehouse 96
2月 15, 2026 10:35:09 下午 spec.jbb.JBBmain DoARun -> 信息:   started user thread for Warehouse 97
2月 15, 2026 10:35:09 下午 spec.jbb.JBBmain DoARun -> 信息:   started user thread for Warehouse 98
2月 15, 2026 10:35:09 下午 spec.jbb.JBBmain DoARun -> 信息:   started user thread for Warehouse 99
2月 15, 2026 10:35:09 下午 spec.jbb.JBBmain DoARun -> 信息:   started user thread for Warehouse 100
2月 15, 2026 10:35:09 下午 spec.jbb.JBBmain DoARun -> 信息:   started user thread for Warehouse 101
2月 15, 2026 10:35:09 下午 spec.jbb.JBBmain DoARun -> 信息:   started user thread for Warehouse 102
2月 15, 2026 10:35:09 下午 spec.jbb.JBBmain DoARun -> 信息:   started user thread for Warehouse 103
2月 15, 2026 10:35:09 下午 spec.jbb.JBBmain DoARun -> 信息:   started user thread for Warehouse 104
2月 15, 2026 10:35:09 下午 spec.jbb.JBBmain DoARun -> 信息:   started user thread for Warehouse 105
2月 15, 2026 10:35:09 下午 spec.jbb.JBBmain DoARun -> 信息:   started user thread for Warehouse 106
2月 15, 2026 10:35:09 下午 spec.jbb.JBBmain DoARun -> 信息:   started user thread for Warehouse 107
2月 15, 2026 10:35:09 下午 spec.jbb.JBBmain DoARun -> 信息:   started user thread for Warehouse 108
2月 15, 2026 10:35:09 下午 spec.jbb.JBBmain DoARun -> 信息:   started user thread for Warehouse 109
2月 15, 2026 10:35:09 下午 spec.jbb.JBBmain DoARun -> 信息:   started user thread for Warehouse 110
2月 15, 2026 10:35:09 下午 spec.jbb.JBBmain DoARun -> 信息:   started user thread for Warehouse 111
2月 15, 2026 10:35:09 下午 spec.jbb.JBBmain DoARun -> 信息:   started user thread for Warehouse 112
2月 15, 2026 10:35:09 下午 spec.jbb.JBBmain DoARun -> 信息:   started user thread for Warehouse 113
2月 15, 2026 10:35:09 下午 spec.jbb.Company displayResultTotals -> 信息: Timing Measurement began Sun Feb 15 22:35:09 CST 2026 for 4 minutes
2月 15, 2026 10:39:09 下午 spec.jbb.Company displayResultTotals -> 信息: Timing Measurement ended Sun Feb 15 22:39:09 CST 2026
2月 15, 2026 10:39:09 下午 spec.jbb.Company primeWithDummyData -> 信息: Loading Warehouse 114...
2月 15, 2026 10:39:09 下午 spec.jbb.JBBmain DoARun -> 信息: Start User Threads
2月 15, 2026 10:39:09 下午 spec.jbb.JBBmain DoARun -> 信息:   started user thread for Warehouse 1
2月 15, 2026 10:39:09 下午 spec.jbb.JBBmain DoARun -> 信息:   started user thread for Warehouse 2
2月 15, 2026 10:39:09 下午 spec.jbb.JBBmain DoARun -> 信息:   started user thread for Warehouse 3
2月 15, 2026 10:39:09 下午 spec.jbb.JBBmain DoARun -> 信息:   started user thread for Warehouse 4
2月 15, 2026 10:39:09 下午 spec.jbb.JBBmain DoARun -> 信息:   started user thread for Warehouse 5
2月 15, 2026 10:39:09 下午 spec.jbb.JBBmain DoARun -> 信息:   started user thread for Warehouse 6
2月 15, 2026 10:39:09 下午 spec.jbb.JBBmain DoARun -> 信息:   started user thread for Warehouse 7
2月 15, 2026 10:39:09 下午 spec.jbb.JBBmain DoARun -> 信息:   started user thread for Warehouse 8
2月 15, 2026 10:39:09 下午 spec.jbb.JBBmain DoARun -> 信息:   started user thread for Warehouse 9
2月 15, 2026 10:39:09 下午 spec.jbb.JBBmain DoARun -> 信息:   started user thread for Warehouse 10
2月 15, 2026 10:39:09 下午 spec.jbb.JBBmain DoARun -> 信息:   started user thread for Warehouse 11
2月 15, 2026 10:39:09 下午 spec.jbb.JBBmain DoARun -> 信息:   started user thread for Warehouse 12
2月 15, 2026 10:39:09 下午 spec.jbb.JBBmain DoARun -> 信息:   started user thread for Warehouse 13
2月 15, 2026 10:39:09 下午 spec.jbb.JBBmain DoARun -> 信息:   started user thread for Warehouse 14
2月 15, 2026 10:39:09 下午 spec.jbb.JBBmain DoARun -> 信息:   started user thread for Warehouse 15
2月 15, 2026 10:39:09 下午 spec.jbb.JBBmain DoARun -> 信息:   started user thread for Warehouse 16
2月 15, 2026 10:39:09 下午 spec.jbb.JBBmain DoARun -> 信息:   started user thread for Warehouse 17
2月 15, 2026 10:39:09 下午 spec.jbb.JBBmain DoARun -> 信息:   started user thread for Warehouse 18
2月 15, 2026 10:39:09 下午 spec.jbb.JBBmain DoARun -> 信息:   started user thread for Warehouse 19
2月 15, 2026 10:39:09 下午 spec.jbb.JBBmain DoARun -> 信息:   started user thread for Warehouse 20
2月 15, 2026 10:39:09 下午 spec.jbb.JBBmain DoARun -> 信息:   started user thread for Warehouse 21
2月 15, 2026 10:39:09 下午 spec.jbb.JBBmain DoARun -> 信息:   started user thread for Warehouse 22
2月 15, 2026 10:39:09 下午 spec.jbb.JBBmain DoARun -> 信息:   started user thread for Warehouse 23
2月 15, 2026 10:39:09 下午 spec.jbb.JBBmain DoARun -> 信息:   started user thread for Warehouse 24
2月 15, 2026 10:39:09 下午 spec.jbb.JBBmain DoARun -> 信息:   started user thread for Warehouse 25
2月 15, 2026 10:39:09 下午 spec.jbb.JBBmain DoARun -> 信息:   started user thread for Warehouse 26
2月 15, 2026 10:39:09 下午 spec.jbb.JBBmain DoARun -> 信息:   started user thread for Warehouse 27
2月 15, 2026 10:39:09 下午 spec.jbb.JBBmain DoARun -> 信息:   started user thread for Warehouse 28
2月 15, 2026 10:39:09 下午 spec.jbb.JBBmain DoARun -> 信息:   started user thread for Warehouse 29
2月 15, 2026 10:39:09 下午 spec.jbb.JBBmain DoARun -> 信息:   started user thread for Warehouse 30
2月 15, 2026 10:39:09 下午 spec.jbb.JBBmain DoARun -> 信息:   started user thread for Warehouse 31
2月 15, 2026 10:39:09 下午 spec.jbb.JBBmain DoARun -> 信息:   started user thread for Warehouse 32
2月 15, 2026 10:39:09 下午 spec.jbb.JBBmain DoARun -> 信息:   started user thread for Warehouse 33
2月 15, 2026 10:39:09 下午 spec.jbb.JBBmain DoARun -> 信息:   started user thread for Warehouse 34
2月 15, 2026 10:39:09 下午 spec.jbb.JBBmain DoARun -> 信息:   started user thread for Warehouse 35
2月 15, 2026 10:39:09 下午 spec.jbb.JBBmain DoARun -> 信息:   started user thread for Warehouse 36
2月 15, 2026 10:39:09 下午 spec.jbb.JBBmain DoARun -> 信息:   started user thread for Warehouse 37
2月 15, 2026 10:39:09 下午 spec.jbb.JBBmain DoARun -> 信息:   started user thread for Warehouse 38
2月 15, 2026 10:39:09 下午 spec.jbb.JBBmain DoARun -> 信息:   started user thread for Warehouse 39
2月 15, 2026 10:39:09 下午 spec.jbb.JBBmain DoARun -> 信息:   started user thread for Warehouse 40
2月 15, 2026 10:39:09 下午 spec.jbb.JBBmain DoARun -> 信息:   started user thread for Warehouse 41
2月 15, 2026 10:39:09 下午 spec.jbb.JBBmain DoARun -> 信息:   started user thread for Warehouse 42
2月 15, 2026 10:39:09 下午 spec.jbb.JBBmain DoARun -> 信息:   started user thread for Warehouse 43
2月 15, 2026 10:39:09 下午 spec.jbb.JBBmain DoARun -> 信息:   started user thread for Warehouse 44
2月 15, 2026 10:39:09 下午 spec.jbb.JBBmain DoARun -> 信息:   started user thread for Warehouse 45
2月 15, 2026 10:39:09 下午 spec.jbb.JBBmain DoARun -> 信息:   started user thread for Warehouse 46
2月 15, 2026 10:39:09 下午 spec.jbb.JBBmain DoARun -> 信息:   started user thread for Warehouse 47
2月 15, 2026 10:39:09 下午 spec.jbb.JBBmain DoARun -> 信息:   started user thread for Warehouse 48
2月 15, 2026 10:39:09 下午 spec.jbb.JBBmain DoARun -> 信息:   started user thread for Warehouse 49
2月 15, 2026 10:39:09 下午 spec.jbb.JBBmain DoARun -> 信息:   started user thread for Warehouse 50
2月 15, 2026 10:39:09 下午 spec.jbb.JBBmain DoARun -> 信息:   started user thread for Warehouse 51
2月 15, 2026 10:39:09 下午 spec.jbb.JBBmain DoARun -> 信息:   started user thread for Warehouse 52
2月 15, 2026 10:39:09 下午 spec.jbb.JBBmain DoARun -> 信息:   started user thread for Warehouse 53
2月 15, 2026 10:39:09 下午 spec.jbb.JBBmain DoARun -> 信息:   started user thread for Warehouse 54
2月 15, 2026 10:39:09 下午 spec.jbb.JBBmain DoARun -> 信息:   started user thread for Warehouse 55
2月 15, 2026 10:39:09 下午 spec.jbb.JBBmain DoARun -> 信息:   started user thread for Warehouse 56
2月 15, 2026 10:39:09 下午 spec.jbb.JBBmain DoARun -> 信息:   started user thread for Warehouse 57
2月 15, 2026 10:39:09 下午 spec.jbb.JBBmain DoARun -> 信息:   started user thread for Warehouse 58
2月 15, 2026 10:39:09 下午 spec.jbb.JBBmain DoARun -> 信息:   started user thread for Warehouse 59
2月 15, 2026 10:39:09 下午 spec.jbb.JBBmain DoARun -> 信息:   started user thread for Warehouse 60
2月 15, 2026 10:39:09 下午 spec.jbb.JBBmain DoARun -> 信息:   started user thread for Warehouse 61
2月 15, 2026 10:39:09 下午 spec.jbb.JBBmain DoARun -> 信息:   started user thread for Warehouse 62
2月 15, 2026 10:39:09 下午 spec.jbb.JBBmain DoARun -> 信息:   started user thread for Warehouse 63
2月 15, 2026 10:39:09 下午 spec.jbb.JBBmain DoARun -> 信息:   started user thread for Warehouse 64
2月 15, 2026 10:39:09 下午 spec.jbb.JBBmain DoARun -> 信息:   started user thread for Warehouse 65
2月 15, 2026 10:39:09 下午 spec.jbb.JBBmain DoARun -> 信息:   started user thread for Warehouse 66
2月 15, 2026 10:39:09 下午 spec.jbb.JBBmain DoARun -> 信息:   started user thread for Warehouse 67
2月 15, 2026 10:39:09 下午 spec.jbb.JBBmain DoARun -> 信息:   started user thread for Warehouse 68
2月 15, 2026 10:39:09 下午 spec.jbb.JBBmain DoARun -> 信息:   started user thread for Warehouse 69
2月 15, 2026 10:39:09 下午 spec.jbb.JBBmain DoARun -> 信息:   started user thread for Warehouse 70
2月 15, 2026 10:39:09 下午 spec.jbb.JBBmain DoARun -> 信息:   started user thread for Warehouse 71
2月 15, 2026 10:39:09 下午 spec.jbb.JBBmain DoARun -> 信息:   started user thread for Warehouse 72
2月 15, 2026 10:39:09 下午 spec.jbb.JBBmain DoARun -> 信息:   started user thread for Warehouse 73
2月 15, 2026 10:39:09 下午 spec.jbb.JBBmain DoARun -> 信息:   started user thread for Warehouse 74
2月 15, 2026 10:39:09 下午 spec.jbb.JBBmain DoARun -> 信息:   started user thread for Warehouse 75
2月 15, 2026 10:39:09 下午 spec.jbb.JBBmain DoARun -> 信息:   started user thread for Warehouse 76
2月 15, 2026 10:39:09 下午 spec.jbb.JBBmain DoARun -> 信息:   started user thread for Warehouse 77
2月 15, 2026 10:39:09 下午 spec.jbb.JBBmain DoARun -> 信息:   started user thread for Warehouse 78
2月 15, 2026 10:39:09 下午 spec.jbb.JBBmain DoARun -> 信息:   started user thread for Warehouse 79
2月 15, 2026 10:39:09 下午 spec.jbb.JBBmain DoARun -> 信息:   started user thread for Warehouse 80
2月 15, 2026 10:39:09 下午 spec.jbb.JBBmain DoARun -> 信息:   started user thread for Warehouse 81
2月 15, 2026 10:39:09 下午 spec.jbb.JBBmain DoARun -> 信息:   started user thread for Warehouse 82
2月 15, 2026 10:39:09 下午 spec.jbb.JBBmain DoARun -> 信息:   started user thread for Warehouse 83
2月 15, 2026 10:39:09 下午 spec.jbb.JBBmain DoARun -> 信息:   started user thread for Warehouse 84
2月 15, 2026 10:39:09 下午 spec.jbb.JBBmain DoARun -> 信息:   started user thread for Warehouse 85
2月 15, 2026 10:39:09 下午 spec.jbb.JBBmain DoARun -> 信息:   started user thread for Warehouse 86
2月 15, 2026 10:39:09 下午 spec.jbb.JBBmain DoARun -> 信息:   started user thread for Warehouse 87
2月 15, 2026 10:39:09 下午 spec.jbb.JBBmain DoARun -> 信息:   started user thread for Warehouse 88
2月 15, 2026 10:39:09 下午 spec.jbb.JBBmain DoARun -> 信息:   started user thread for Warehouse 89
2月 15, 2026 10:39:09 下午 spec.jbb.JBBmain DoARun -> 信息:   started user thread for Warehouse 90
2月 15, 2026 10:39:09 下午 spec.jbb.JBBmain DoARun -> 信息:   started user thread for Warehouse 91
2月 15, 2026 10:39:09 下午 spec.jbb.JBBmain DoARun -> 信息:   started user thread for Warehouse 92
2月 15, 2026 10:39:09 下午 spec.jbb.JBBmain DoARun -> 信息:   started user thread for Warehouse 93
2月 15, 2026 10:39:09 下午 spec.jbb.JBBmain DoARun -> 信息:   started user thread for Warehouse 94
2月 15, 2026 10:39:09 下午 spec.jbb.JBBmain DoARun -> 信息:   started user thread for Warehouse 95
2月 15, 2026 10:39:09 下午 spec.jbb.JBBmain DoARun -> 信息:   started user thread for Warehouse 96
2月 15, 2026 10:39:09 下午 spec.jbb.JBBmain DoARun -> 信息:   started user thread for Warehouse 97
2月 15, 2026 10:39:09 下午 spec.jbb.JBBmain DoARun -> 信息:   started user thread for Warehouse 98
2月 15, 2026 10:39:09 下午 spec.jbb.JBBmain DoARun -> 信息:   started user thread for Warehouse 99
2月 15, 2026 10:39:09 下午 spec.jbb.JBBmain DoARun -> 信息:   started user thread for Warehouse 100
2月 15, 2026 10:39:09 下午 spec.jbb.JBBmain DoARun -> 信息:   started user thread for Warehouse 101
2月 15, 2026 10:39:09 下午 spec.jbb.JBBmain DoARun -> 信息:   started user thread for Warehouse 102
2月 15, 2026 10:39:09 下午 spec.jbb.JBBmain DoARun -> 信息:   started user thread for Warehouse 103
2月 15, 2026 10:39:09 下午 spec.jbb.JBBmain DoARun -> 信息:   started user thread for Warehouse 104
2月 15, 2026 10:39:09 下午 spec.jbb.JBBmain DoARun -> 信息:   started user thread for Warehouse 105
2月 15, 2026 10:39:09 下午 spec.jbb.JBBmain DoARun -> 信息:   started user thread for Warehouse 106
2月 15, 2026 10:39:09 下午 spec.jbb.JBBmain DoARun -> 信息:   started user thread for Warehouse 107
2月 15, 2026 10:39:09 下午 spec.jbb.JBBmain DoARun -> 信息:   started user thread for Warehouse 108
2月 15, 2026 10:39:09 下午 spec.jbb.JBBmain DoARun -> 信息:   started user thread for Warehouse 109
2月 15, 2026 10:39:09 下午 spec.jbb.JBBmain DoARun -> 信息:   started user thread for Warehouse 110
2月 15, 2026 10:39:09 下午 spec.jbb.JBBmain DoARun -> 信息:   started user thread for Warehouse 111
2月 15, 2026 10:39:09 下午 spec.jbb.JBBmain DoARun -> 信息:   started user thread for Warehouse 112
2月 15, 2026 10:39:09 下午 spec.jbb.JBBmain DoARun -> 信息:   started user thread for Warehouse 113
2月 15, 2026 10:39:09 下午 spec.jbb.JBBmain DoARun -> 信息:   started user thread for Warehouse 114
2月 15, 2026 10:39:09 下午 spec.jbb.Company displayResultTotals -> 信息: Timing Measurement began Sun Feb 15 22:39:09 CST 2026 for 4 minutes
2月 15, 2026 10:43:09 下午 spec.jbb.Company displayResultTotals -> 信息: Timing Measurement ended Sun Feb 15 22:43:09 CST 2026
2月 15, 2026 10:43:09 下午 spec.jbb.Company primeWithDummyData -> 信息: Loading Warehouse 115...
2月 15, 2026 10:43:10 下午 spec.jbb.JBBmain DoARun -> 信息: Start User Threads
2月 15, 2026 10:43:10 下午 spec.jbb.JBBmain DoARun -> 信息:   started user thread for Warehouse 1
2月 15, 2026 10:43:10 下午 spec.jbb.JBBmain DoARun -> 信息:   started user thread for Warehouse 2
2月 15, 2026 10:43:10 下午 spec.jbb.JBBmain DoARun -> 信息:   started user thread for Warehouse 3
2月 15, 2026 10:43:10 下午 spec.jbb.JBBmain DoARun -> 信息:   started user thread for Warehouse 4
2月 15, 2026 10:43:10 下午 spec.jbb.JBBmain DoARun -> 信息:   started user thread for Warehouse 5
2月 15, 2026 10:43:10 下午 spec.jbb.JBBmain DoARun -> 信息:   started user thread for Warehouse 6
2月 15, 2026 10:43:10 下午 spec.jbb.JBBmain DoARun -> 信息:   started user thread for Warehouse 7
2月 15, 2026 10:43:10 下午 spec.jbb.JBBmain DoARun -> 信息:   started user thread for Warehouse 8
2月 15, 2026 10:43:10 下午 spec.jbb.JBBmain DoARun -> 信息:   started user thread for Warehouse 9
2月 15, 2026 10:43:10 下午 spec.jbb.JBBmain DoARun -> 信息:   started user thread for Warehouse 10
2月 15, 2026 10:43:10 下午 spec.jbb.JBBmain DoARun -> 信息:   started user thread for Warehouse 11
2月 15, 2026 10:43:10 下午 spec.jbb.JBBmain DoARun -> 信息:   started user thread for Warehouse 12
2月 15, 2026 10:43:10 下午 spec.jbb.JBBmain DoARun -> 信息:   started user thread for Warehouse 13
2月 15, 2026 10:43:10 下午 spec.jbb.JBBmain DoARun -> 信息:   started user thread for Warehouse 14
2月 15, 2026 10:43:10 下午 spec.jbb.JBBmain DoARun -> 信息:   started user thread for Warehouse 15
2月 15, 2026 10:43:10 下午 spec.jbb.JBBmain DoARun -> 信息:   started user thread for Warehouse 16
2月 15, 2026 10:43:10 下午 spec.jbb.JBBmain DoARun -> 信息:   started user thread for Warehouse 17
2月 15, 2026 10:43:10 下午 spec.jbb.JBBmain DoARun -> 信息:   started user thread for Warehouse 18
2月 15, 2026 10:43:10 下午 spec.jbb.JBBmain DoARun -> 信息:   started user thread for Warehouse 19
2月 15, 2026 10:43:10 下午 spec.jbb.JBBmain DoARun -> 信息:   started user thread for Warehouse 20
2月 15, 2026 10:43:10 下午 spec.jbb.JBBmain DoARun -> 信息:   started user thread for Warehouse 21
2月 15, 2026 10:43:10 下午 spec.jbb.JBBmain DoARun -> 信息:   started user thread for Warehouse 22
2月 15, 2026 10:43:10 下午 spec.jbb.JBBmain DoARun -> 信息:   started user thread for Warehouse 23
2月 15, 2026 10:43:10 下午 spec.jbb.JBBmain DoARun -> 信息:   started user thread for Warehouse 24
2月 15, 2026 10:43:10 下午 spec.jbb.JBBmain DoARun -> 信息:   started user thread for Warehouse 25
2月 15, 2026 10:43:10 下午 spec.jbb.JBBmain DoARun -> 信息:   started user thread for Warehouse 26
2月 15, 2026 10:43:10 下午 spec.jbb.JBBmain DoARun -> 信息:   started user thread for Warehouse 27
2月 15, 2026 10:43:10 下午 spec.jbb.JBBmain DoARun -> 信息:   started user thread for Warehouse 28
2月 15, 2026 10:43:10 下午 spec.jbb.JBBmain DoARun -> 信息:   started user thread for Warehouse 29
2月 15, 2026 10:43:10 下午 spec.jbb.JBBmain DoARun -> 信息:   started user thread for Warehouse 30
2月 15, 2026 10:43:10 下午 spec.jbb.JBBmain DoARun -> 信息:   started user thread for Warehouse 31
2月 15, 2026 10:43:10 下午 spec.jbb.JBBmain DoARun -> 信息:   started user thread for Warehouse 32
2月 15, 2026 10:43:10 下午 spec.jbb.JBBmain DoARun -> 信息:   started user thread for Warehouse 33
2月 15, 2026 10:43:10 下午 spec.jbb.JBBmain DoARun -> 信息:   started user thread for Warehouse 34
2月 15, 2026 10:43:10 下午 spec.jbb.JBBmain DoARun -> 信息:   started user thread for Warehouse 35
2月 15, 2026 10:43:10 下午 spec.jbb.JBBmain DoARun -> 信息:   started user thread for Warehouse 36
2月 15, 2026 10:43:10 下午 spec.jbb.JBBmain DoARun -> 信息:   started user thread for Warehouse 37
2月 15, 2026 10:43:10 下午 spec.jbb.JBBmain DoARun -> 信息:   started user thread for Warehouse 38
2月 15, 2026 10:43:10 下午 spec.jbb.JBBmain DoARun -> 信息:   started user thread for Warehouse 39
2月 15, 2026 10:43:10 下午 spec.jbb.JBBmain DoARun -> 信息:   started user thread for Warehouse 40
2月 15, 2026 10:43:10 下午 spec.jbb.JBBmain DoARun -> 信息:   started user thread for Warehouse 41
2月 15, 2026 10:43:10 下午 spec.jbb.JBBmain DoARun -> 信息:   started user thread for Warehouse 42
2月 15, 2026 10:43:10 下午 spec.jbb.JBBmain DoARun -> 信息:   started user thread for Warehouse 43
2月 15, 2026 10:43:10 下午 spec.jbb.JBBmain DoARun -> 信息:   started user thread for Warehouse 44
2月 15, 2026 10:43:10 下午 spec.jbb.JBBmain DoARun -> 信息:   started user thread for Warehouse 45
2月 15, 2026 10:43:10 下午 spec.jbb.JBBmain DoARun -> 信息:   started user thread for Warehouse 46
2月 15, 2026 10:43:10 下午 spec.jbb.JBBmain DoARun -> 信息:   started user thread for Warehouse 47
2月 15, 2026 10:43:10 下午 spec.jbb.JBBmain DoARun -> 信息:   started user thread for Warehouse 48
2月 15, 2026 10:43:10 下午 spec.jbb.JBBmain DoARun -> 信息:   started user thread for Warehouse 49
2月 15, 2026 10:43:10 下午 spec.jbb.JBBmain DoARun -> 信息:   started user thread for Warehouse 50
2月 15, 2026 10:43:10 下午 spec.jbb.JBBmain DoARun -> 信息:   started user thread for Warehouse 51
2月 15, 2026 10:43:10 下午 spec.jbb.JBBmain DoARun -> 信息:   started user thread for Warehouse 52
2月 15, 2026 10:43:10 下午 spec.jbb.JBBmain DoARun -> 信息:   started user thread for Warehouse 53
2月 15, 2026 10:43:10 下午 spec.jbb.JBBmain DoARun -> 信息:   started user thread for Warehouse 54
2月 15, 2026 10:43:10 下午 spec.jbb.JBBmain DoARun -> 信息:   started user thread for Warehouse 55
2月 15, 2026 10:43:10 下午 spec.jbb.JBBmain DoARun -> 信息:   started user thread for Warehouse 56
2月 15, 2026 10:43:10 下午 spec.jbb.JBBmain DoARun -> 信息:   started user thread for Warehouse 57
2月 15, 2026 10:43:10 下午 spec.jbb.JBBmain DoARun -> 信息:   started user thread for Warehouse 58
2月 15, 2026 10:43:10 下午 spec.jbb.JBBmain DoARun -> 信息:   started user thread for Warehouse 59
2月 15, 2026 10:43:10 下午 spec.jbb.JBBmain DoARun -> 信息:   started user thread for Warehouse 60
2月 15, 2026 10:43:10 下午 spec.jbb.JBBmain DoARun -> 信息:   started user thread for Warehouse 61
2月 15, 2026 10:43:10 下午 spec.jbb.JBBmain DoARun -> 信息:   started user thread for Warehouse 62
2月 15, 2026 10:43:10 下午 spec.jbb.JBBmain DoARun -> 信息:   started user thread for Warehouse 63
2月 15, 2026 10:43:10 下午 spec.jbb.JBBmain DoARun -> 信息:   started user thread for Warehouse 64
2月 15, 2026 10:43:10 下午 spec.jbb.JBBmain DoARun -> 信息:   started user thread for Warehouse 65
2月 15, 2026 10:43:10 下午 spec.jbb.JBBmain DoARun -> 信息:   started user thread for Warehouse 66
2月 15, 2026 10:43:10 下午 spec.jbb.JBBmain DoARun -> 信息:   started user thread for Warehouse 67
2月 15, 2026 10:43:10 下午 spec.jbb.JBBmain DoARun -> 信息:   started user thread for Warehouse 68
2月 15, 2026 10:43:10 下午 spec.jbb.JBBmain DoARun -> 信息:   started user thread for Warehouse 69
2月 15, 2026 10:43:10 下午 spec.jbb.JBBmain DoARun -> 信息:   started user thread for Warehouse 70
2月 15, 2026 10:43:10 下午 spec.jbb.JBBmain DoARun -> 信息:   started user thread for Warehouse 71
2月 15, 2026 10:43:10 下午 spec.jbb.JBBmain DoARun -> 信息:   started user thread for Warehouse 72
2月 15, 2026 10:43:10 下午 spec.jbb.JBBmain DoARun -> 信息:   started user thread for Warehouse 73
2月 15, 2026 10:43:10 下午 spec.jbb.JBBmain DoARun -> 信息:   started user thread for Warehouse 74
2月 15, 2026 10:43:10 下午 spec.jbb.JBBmain DoARun -> 信息:   started user thread for Warehouse 75
2月 15, 2026 10:43:10 下午 spec.jbb.JBBmain DoARun -> 信息:   started user thread for Warehouse 76
2月 15, 2026 10:43:10 下午 spec.jbb.JBBmain DoARun -> 信息:   started user thread for Warehouse 77
2月 15, 2026 10:43:10 下午 spec.jbb.JBBmain DoARun -> 信息:   started user thread for Warehouse 78
2月 15, 2026 10:43:10 下午 spec.jbb.JBBmain DoARun -> 信息:   started user thread for Warehouse 79
2月 15, 2026 10:43:10 下午 spec.jbb.JBBmain DoARun -> 信息:   started user thread for Warehouse 80
2月 15, 2026 10:43:10 下午 spec.jbb.JBBmain DoARun -> 信息:   started user thread for Warehouse 81
2月 15, 2026 10:43:10 下午 spec.jbb.JBBmain DoARun -> 信息:   started user thread for Warehouse 82
2月 15, 2026 10:43:10 下午 spec.jbb.JBBmain DoARun -> 信息:   started user thread for Warehouse 83
2月 15, 2026 10:43:10 下午 spec.jbb.JBBmain DoARun -> 信息:   started user thread for Warehouse 84
2月 15, 2026 10:43:10 下午 spec.jbb.JBBmain DoARun -> 信息:   started user thread for Warehouse 85
2月 15, 2026 10:43:10 下午 spec.jbb.JBBmain DoARun -> 信息:   started user thread for Warehouse 86
2月 15, 2026 10:43:10 下午 spec.jbb.JBBmain DoARun -> 信息:   started user thread for Warehouse 87
2月 15, 2026 10:43:10 下午 spec.jbb.JBBmain DoARun -> 信息:   started user thread for Warehouse 88
2月 15, 2026 10:43:10 下午 spec.jbb.JBBmain DoARun -> 信息:   started user thread for Warehouse 89
2月 15, 2026 10:43:10 下午 spec.jbb.JBBmain DoARun -> 信息:   started user thread for Warehouse 90
2月 15, 2026 10:43:10 下午 spec.jbb.JBBmain DoARun -> 信息:   started user thread for Warehouse 91
2月 15, 2026 10:43:10 下午 spec.jbb.JBBmain DoARun -> 信息:   started user thread for Warehouse 92
2月 15, 2026 10:43:10 下午 spec.jbb.JBBmain DoARun -> 信息:   started user thread for Warehouse 93
2月 15, 2026 10:43:10 下午 spec.jbb.JBBmain DoARun -> 信息:   started user thread for Warehouse 94
2月 15, 2026 10:43:10 下午 spec.jbb.JBBmain DoARun -> 信息:   started user thread for Warehouse 95
2月 15, 2026 10:43:10 下午 spec.jbb.JBBmain DoARun -> 信息:   started user thread for Warehouse 96
2月 15, 2026 10:43:10 下午 spec.jbb.JBBmain DoARun -> 信息:   started user thread for Warehouse 97
2月 15, 2026 10:43:10 下午 spec.jbb.JBBmain DoARun -> 信息:   started user thread for Warehouse 98
2月 15, 2026 10:43:10 下午 spec.jbb.JBBmain DoARun -> 信息:   started user thread for Warehouse 99
2月 15, 2026 10:43:10 下午 spec.jbb.JBBmain DoARun -> 信息:   started user thread for Warehouse 100
2月 15, 2026 10:43:10 下午 spec.jbb.JBBmain DoARun -> 信息:   started user thread for Warehouse 101
2月 15, 2026 10:43:10 下午 spec.jbb.JBBmain DoARun -> 信息:   started user thread for Warehouse 102
2月 15, 2026 10:43:10 下午 spec.jbb.JBBmain DoARun -> 信息:   started user thread for Warehouse 103
2月 15, 2026 10:43:10 下午 spec.jbb.JBBmain DoARun -> 信息:   started user thread for Warehouse 104
2月 15, 2026 10:43:10 下午 spec.jbb.JBBmain DoARun -> 信息:   started user thread for Warehouse 105
2月 15, 2026 10:43:10 下午 spec.jbb.JBBmain DoARun -> 信息:   started user thread for Warehouse 106
2月 15, 2026 10:43:10 下午 spec.jbb.JBBmain DoARun -> 信息:   started user thread for Warehouse 107
2月 15, 2026 10:43:10 下午 spec.jbb.JBBmain DoARun -> 信息:   started user thread for Warehouse 108
2月 15, 2026 10:43:10 下午 spec.jbb.JBBmain DoARun -> 信息:   started user thread for Warehouse 109
2月 15, 2026 10:43:10 下午 spec.jbb.JBBmain DoARun -> 信息:   started user thread for Warehouse 110
2月 15, 2026 10:43:10 下午 spec.jbb.JBBmain DoARun -> 信息:   started user thread for Warehouse 111
2月 15, 2026 10:43:10 下午 spec.jbb.JBBmain DoARun -> 信息:   started user thread for Warehouse 112
2月 15, 2026 10:43:10 下午 spec.jbb.JBBmain DoARun -> 信息:   started user thread for Warehouse 113
2月 15, 2026 10:43:10 下午 spec.jbb.JBBmain DoARun -> 信息:   started user thread for Warehouse 114
2月 15, 2026 10:43:10 下午 spec.jbb.JBBmain DoARun -> 信息:   started user thread for Warehouse 115
2月 15, 2026 10:43:10 下午 spec.jbb.Company displayResultTotals -> 信息: Timing Measurement began Sun Feb 15 22:43:10 CST 2026 for 4 minutes
2月 15, 2026 10:47:10 下午 spec.jbb.Company displayResultTotals -> 信息: Timing Measurement ended Sun Feb 15 22:47:10 CST 2026
2月 15, 2026 10:47:10 下午 spec.jbb.Company primeWithDummyData -> 信息: Loading Warehouse 116...
2月 15, 2026 10:47:10 下午 spec.jbb.JBBmain DoARun -> 信息: Start User Threads
2月 15, 2026 10:47:10 下午 spec.jbb.JBBmain DoARun -> 信息:   started user thread for Warehouse 1
2月 15, 2026 10:47:10 下午 spec.jbb.JBBmain DoARun -> 信息:   started user thread for Warehouse 2
2月 15, 2026 10:47:10 下午 spec.jbb.JBBmain DoARun -> 信息:   started user thread for Warehouse 3
2月 15, 2026 10:47:10 下午 spec.jbb.JBBmain DoARun -> 信息:   started user thread for Warehouse 4
2月 15, 2026 10:47:10 下午 spec.jbb.JBBmain DoARun -> 信息:   started user thread for Warehouse 5
2月 15, 2026 10:47:10 下午 spec.jbb.JBBmain DoARun -> 信息:   started user thread for Warehouse 6
2月 15, 2026 10:47:10 下午 spec.jbb.JBBmain DoARun -> 信息:   started user thread for Warehouse 7
2月 15, 2026 10:47:10 下午 spec.jbb.JBBmain DoARun -> 信息:   started user thread for Warehouse 8
2月 15, 2026 10:47:10 下午 spec.jbb.JBBmain DoARun -> 信息:   started user thread for Warehouse 9
2月 15, 2026 10:47:10 下午 spec.jbb.JBBmain DoARun -> 信息:   started user thread for Warehouse 10
2月 15, 2026 10:47:10 下午 spec.jbb.JBBmain DoARun -> 信息:   started user thread for Warehouse 11
2月 15, 2026 10:47:10 下午 spec.jbb.JBBmain DoARun -> 信息:   started user thread for Warehouse 12
2月 15, 2026 10:47:10 下午 spec.jbb.JBBmain DoARun -> 信息:   started user thread for Warehouse 13
2月 15, 2026 10:47:10 下午 spec.jbb.JBBmain DoARun -> 信息:   started user thread for Warehouse 14
2月 15, 2026 10:47:10 下午 spec.jbb.JBBmain DoARun -> 信息:   started user thread for Warehouse 15
2月 15, 2026 10:47:10 下午 spec.jbb.JBBmain DoARun -> 信息:   started user thread for Warehouse 16
2月 15, 2026 10:47:10 下午 spec.jbb.JBBmain DoARun -> 信息:   started user thread for Warehouse 17
2月 15, 2026 10:47:10 下午 spec.jbb.JBBmain DoARun -> 信息:   started user thread for Warehouse 18
2月 15, 2026 10:47:10 下午 spec.jbb.JBBmain DoARun -> 信息:   started user thread for Warehouse 19
2月 15, 2026 10:47:10 下午 spec.jbb.JBBmain DoARun -> 信息:   started user thread for Warehouse 20
2月 15, 2026 10:47:10 下午 spec.jbb.JBBmain DoARun -> 信息:   started user thread for Warehouse 21
2月 15, 2026 10:47:10 下午 spec.jbb.JBBmain DoARun -> 信息:   started user thread for Warehouse 22
2月 15, 2026 10:47:10 下午 spec.jbb.JBBmain DoARun -> 信息:   started user thread for Warehouse 23
2月 15, 2026 10:47:10 下午 spec.jbb.JBBmain DoARun -> 信息:   started user thread for Warehouse 24
2月 15, 2026 10:47:10 下午 spec.jbb.JBBmain DoARun -> 信息:   started user thread for Warehouse 25
2月 15, 2026 10:47:10 下午 spec.jbb.JBBmain DoARun -> 信息:   started user thread for Warehouse 26
2月 15, 2026 10:47:10 下午 spec.jbb.JBBmain DoARun -> 信息:   started user thread for Warehouse 27
2月 15, 2026 10:47:10 下午 spec.jbb.JBBmain DoARun -> 信息:   started user thread for Warehouse 28
2月 15, 2026 10:47:10 下午 spec.jbb.JBBmain DoARun -> 信息:   started user thread for Warehouse 29
2月 15, 2026 10:47:10 下午 spec.jbb.JBBmain DoARun -> 信息:   started user thread for Warehouse 30
2月 15, 2026 10:47:10 下午 spec.jbb.JBBmain DoARun -> 信息:   started user thread for Warehouse 31
2月 15, 2026 10:47:10 下午 spec.jbb.JBBmain DoARun -> 信息:   started user thread for Warehouse 32
2月 15, 2026 10:47:10 下午 spec.jbb.JBBmain DoARun -> 信息:   started user thread for Warehouse 33
2月 15, 2026 10:47:10 下午 spec.jbb.JBBmain DoARun -> 信息:   started user thread for Warehouse 34
2月 15, 2026 10:47:10 下午 spec.jbb.JBBmain DoARun -> 信息:   started user thread for Warehouse 35
2月 15, 2026 10:47:10 下午 spec.jbb.JBBmain DoARun -> 信息:   started user thread for Warehouse 36
2月 15, 2026 10:47:10 下午 spec.jbb.JBBmain DoARun -> 信息:   started user thread for Warehouse 37
2月 15, 2026 10:47:10 下午 spec.jbb.JBBmain DoARun -> 信息:   started user thread for Warehouse 38
2月 15, 2026 10:47:10 下午 spec.jbb.JBBmain DoARun -> 信息:   started user thread for Warehouse 39
2月 15, 2026 10:47:10 下午 spec.jbb.JBBmain DoARun -> 信息:   started user thread for Warehouse 40
2月 15, 2026 10:47:10 下午 spec.jbb.JBBmain DoARun -> 信息:   started user thread for Warehouse 41
2月 15, 2026 10:47:10 下午 spec.jbb.JBBmain DoARun -> 信息:   started user thread for Warehouse 42
2月 15, 2026 10:47:10 下午 spec.jbb.JBBmain DoARun -> 信息:   started user thread for Warehouse 43
2月 15, 2026 10:47:10 下午 spec.jbb.JBBmain DoARun -> 信息:   started user thread for Warehouse 44
2月 15, 2026 10:47:10 下午 spec.jbb.JBBmain DoARun -> 信息:   started user thread for Warehouse 45
2月 15, 2026 10:47:10 下午 spec.jbb.JBBmain DoARun -> 信息:   started user thread for Warehouse 46
2月 15, 2026 10:47:10 下午 spec.jbb.JBBmain DoARun -> 信息:   started user thread for Warehouse 47
2月 15, 2026 10:47:10 下午 spec.jbb.JBBmain DoARun -> 信息:   started user thread for Warehouse 48
2月 15, 2026 10:47:10 下午 spec.jbb.JBBmain DoARun -> 信息:   started user thread for Warehouse 49
2月 15, 2026 10:47:10 下午 spec.jbb.JBBmain DoARun -> 信息:   started user thread for Warehouse 50
2月 15, 2026 10:47:10 下午 spec.jbb.JBBmain DoARun -> 信息:   started user thread for Warehouse 51
2月 15, 2026 10:47:10 下午 spec.jbb.JBBmain DoARun -> 信息:   started user thread for Warehouse 52
2月 15, 2026 10:47:10 下午 spec.jbb.JBBmain DoARun -> 信息:   started user thread for Warehouse 53
2月 15, 2026 10:47:10 下午 spec.jbb.JBBmain DoARun -> 信息:   started user thread for Warehouse 54
2月 15, 2026 10:47:10 下午 spec.jbb.JBBmain DoARun -> 信息:   started user thread for Warehouse 55
2月 15, 2026 10:47:10 下午 spec.jbb.JBBmain DoARun -> 信息:   started user thread for Warehouse 56
2月 15, 2026 10:47:10 下午 spec.jbb.JBBmain DoARun -> 信息:   started user thread for Warehouse 57
2月 15, 2026 10:47:10 下午 spec.jbb.JBBmain DoARun -> 信息:   started user thread for Warehouse 58
2月 15, 2026 10:47:10 下午 spec.jbb.JBBmain DoARun -> 信息:   started user thread for Warehouse 59
2月 15, 2026 10:47:10 下午 spec.jbb.JBBmain DoARun -> 信息:   started user thread for Warehouse 60
2月 15, 2026 10:47:10 下午 spec.jbb.JBBmain DoARun -> 信息:   started user thread for Warehouse 61
2月 15, 2026 10:47:10 下午 spec.jbb.JBBmain DoARun -> 信息:   started user thread for Warehouse 62
2月 15, 2026 10:47:10 下午 spec.jbb.JBBmain DoARun -> 信息:   started user thread for Warehouse 63
2月 15, 2026 10:47:10 下午 spec.jbb.JBBmain DoARun -> 信息:   started user thread for Warehouse 64
2月 15, 2026 10:47:10 下午 spec.jbb.JBBmain DoARun -> 信息:   started user thread for Warehouse 65
2月 15, 2026 10:47:10 下午 spec.jbb.JBBmain DoARun -> 信息:   started user thread for Warehouse 66
2月 15, 2026 10:47:10 下午 spec.jbb.JBBmain DoARun -> 信息:   started user thread for Warehouse 67
2月 15, 2026 10:47:10 下午 spec.jbb.JBBmain DoARun -> 信息:   started user thread for Warehouse 68
2月 15, 2026 10:47:10 下午 spec.jbb.JBBmain DoARun -> 信息:   started user thread for Warehouse 69
2月 15, 2026 10:47:10 下午 spec.jbb.JBBmain DoARun -> 信息:   started user thread for Warehouse 70
2月 15, 2026 10:47:10 下午 spec.jbb.JBBmain DoARun -> 信息:   started user thread for Warehouse 71
2月 15, 2026 10:47:10 下午 spec.jbb.JBBmain DoARun -> 信息:   started user thread for Warehouse 72
2月 15, 2026 10:47:10 下午 spec.jbb.JBBmain DoARun -> 信息:   started user thread for Warehouse 73
2月 15, 2026 10:47:10 下午 spec.jbb.JBBmain DoARun -> 信息:   started user thread for Warehouse 74
2月 15, 2026 10:47:10 下午 spec.jbb.JBBmain DoARun -> 信息:   started user thread for Warehouse 75
2月 15, 2026 10:47:10 下午 spec.jbb.JBBmain DoARun -> 信息:   started user thread for Warehouse 76
2月 15, 2026 10:47:10 下午 spec.jbb.JBBmain DoARun -> 信息:   started user thread for Warehouse 77
2月 15, 2026 10:47:10 下午 spec.jbb.JBBmain DoARun -> 信息:   started user thread for Warehouse 78
2月 15, 2026 10:47:10 下午 spec.jbb.JBBmain DoARun -> 信息:   started user thread for Warehouse 79
2月 15, 2026 10:47:10 下午 spec.jbb.JBBmain DoARun -> 信息:   started user thread for Warehouse 80
2月 15, 2026 10:47:10 下午 spec.jbb.JBBmain DoARun -> 信息:   started user thread for Warehouse 81
2月 15, 2026 10:47:10 下午 spec.jbb.JBBmain DoARun -> 信息:   started user thread for Warehouse 82
2月 15, 2026 10:47:10 下午 spec.jbb.JBBmain DoARun -> 信息:   started user thread for Warehouse 83
2月 15, 2026 10:47:10 下午 spec.jbb.JBBmain DoARun -> 信息:   started user thread for Warehouse 84
2月 15, 2026 10:47:10 下午 spec.jbb.JBBmain DoARun -> 信息:   started user thread for Warehouse 85
2月 15, 2026 10:47:10 下午 spec.jbb.JBBmain DoARun -> 信息:   started user thread for Warehouse 86
2月 15, 2026 10:47:10 下午 spec.jbb.JBBmain DoARun -> 信息:   started user thread for Warehouse 87
2月 15, 2026 10:47:10 下午 spec.jbb.JBBmain DoARun -> 信息:   started user thread for Warehouse 88
2月 15, 2026 10:47:10 下午 spec.jbb.JBBmain DoARun -> 信息:   started user thread for Warehouse 89
2月 15, 2026 10:47:10 下午 spec.jbb.JBBmain DoARun -> 信息:   started user thread for Warehouse 90
2月 15, 2026 10:47:10 下午 spec.jbb.JBBmain DoARun -> 信息:   started user thread for Warehouse 91
2月 15, 2026 10:47:10 下午 spec.jbb.JBBmain DoARun -> 信息:   started user thread for Warehouse 92
2月 15, 2026 10:47:10 下午 spec.jbb.JBBmain DoARun -> 信息:   started user thread for Warehouse 93
2月 15, 2026 10:47:10 下午 spec.jbb.JBBmain DoARun -> 信息:   started user thread for Warehouse 94
2月 15, 2026 10:47:10 下午 spec.jbb.JBBmain DoARun -> 信息:   started user thread for Warehouse 95
2月 15, 2026 10:47:10 下午 spec.jbb.JBBmain DoARun -> 信息:   started user thread for Warehouse 96
2月 15, 2026 10:47:10 下午 spec.jbb.JBBmain DoARun -> 信息:   started user thread for Warehouse 97
2月 15, 2026 10:47:10 下午 spec.jbb.JBBmain DoARun -> 信息:   started user thread for Warehouse 98
2月 15, 2026 10:47:10 下午 spec.jbb.JBBmain DoARun -> 信息:   started user thread for Warehouse 99
2月 15, 2026 10:47:10 下午 spec.jbb.JBBmain DoARun -> 信息:   started user thread for Warehouse 100
2月 15, 2026 10:47:10 下午 spec.jbb.JBBmain DoARun -> 信息:   started user thread for Warehouse 101
2月 15, 2026 10:47:10 下午 spec.jbb.JBBmain DoARun -> 信息:   started user thread for Warehouse 102
2月 15, 2026 10:47:10 下午 spec.jbb.JBBmain DoARun -> 信息:   started user thread for Warehouse 103
2月 15, 2026 10:47:10 下午 spec.jbb.JBBmain DoARun -> 信息:   started user thread for Warehouse 104
2月 15, 2026 10:47:10 下午 spec.jbb.JBBmain DoARun -> 信息:   started user thread for Warehouse 105
2月 15, 2026 10:47:10 下午 spec.jbb.JBBmain DoARun -> 信息:   started user thread for Warehouse 106
2月 15, 2026 10:47:10 下午 spec.jbb.JBBmain DoARun -> 信息:   started user thread for Warehouse 107
2月 15, 2026 10:47:10 下午 spec.jbb.JBBmain DoARun -> 信息:   started user thread for Warehouse 108
2月 15, 2026 10:47:10 下午 spec.jbb.JBBmain DoARun -> 信息:   started user thread for Warehouse 109
2月 15, 2026 10:47:10 下午 spec.jbb.JBBmain DoARun -> 信息:   started user thread for Warehouse 110
2月 15, 2026 10:47:10 下午 spec.jbb.JBBmain DoARun -> 信息:   started user thread for Warehouse 111
2月 15, 2026 10:47:10 下午 spec.jbb.JBBmain DoARun -> 信息:   started user thread for Warehouse 112
2月 15, 2026 10:47:10 下午 spec.jbb.JBBmain DoARun -> 信息:   started user thread for Warehouse 113
2月 15, 2026 10:47:10 下午 spec.jbb.JBBmain DoARun -> 信息:   started user thread for Warehouse 114
2月 15, 2026 10:47:10 下午 spec.jbb.JBBmain DoARun -> 信息:   started user thread for Warehouse 115
2月 15, 2026 10:47:10 下午 spec.jbb.JBBmain DoARun -> 信息:   started user thread for Warehouse 116
2月 15, 2026 10:47:10 下午 spec.jbb.Company displayResultTotals -> 信息: Timing Measurement began Sun Feb 15 22:47:10 CST 2026 for 4 minutes
2月 15, 2026 10:51:10 下午 spec.jbb.Company displayResultTotals -> 信息: Timing Measurement ended Sun Feb 15 22:51:10 CST 2026
2月 15, 2026 10:51:10 下午 spec.jbb.Company primeWithDummyData -> 信息: Loading Warehouse 117...
2月 15, 2026 10:51:10 下午 spec.jbb.JBBmain DoARun -> 信息: Start User Threads
2月 15, 2026 10:51:10 下午 spec.jbb.JBBmain DoARun -> 信息:   started user thread for Warehouse 1
2月 15, 2026 10:51:10 下午 spec.jbb.JBBmain DoARun -> 信息:   started user thread for Warehouse 2
2月 15, 2026 10:51:10 下午 spec.jbb.JBBmain DoARun -> 信息:   started user thread for Warehouse 3
2月 15, 2026 10:51:10 下午 spec.jbb.JBBmain DoARun -> 信息:   started user thread for Warehouse 4
2月 15, 2026 10:51:10 下午 spec.jbb.JBBmain DoARun -> 信息:   started user thread for Warehouse 5
2月 15, 2026 10:51:10 下午 spec.jbb.JBBmain DoARun -> 信息:   started user thread for Warehouse 6
2月 15, 2026 10:51:10 下午 spec.jbb.JBBmain DoARun -> 信息:   started user thread for Warehouse 7
2月 15, 2026 10:51:10 下午 spec.jbb.JBBmain DoARun -> 信息:   started user thread for Warehouse 8
2月 15, 2026 10:51:10 下午 spec.jbb.JBBmain DoARun -> 信息:   started user thread for Warehouse 9
2月 15, 2026 10:51:10 下午 spec.jbb.JBBmain DoARun -> 信息:   started user thread for Warehouse 10
2月 15, 2026 10:51:10 下午 spec.jbb.JBBmain DoARun -> 信息:   started user thread for Warehouse 11
2月 15, 2026 10:51:10 下午 spec.jbb.JBBmain DoARun -> 信息:   started user thread for Warehouse 12
2月 15, 2026 10:51:10 下午 spec.jbb.JBBmain DoARun -> 信息:   started user thread for Warehouse 13
2月 15, 2026 10:51:10 下午 spec.jbb.JBBmain DoARun -> 信息:   started user thread for Warehouse 14
2月 15, 2026 10:51:10 下午 spec.jbb.JBBmain DoARun -> 信息:   started user thread for Warehouse 15
2月 15, 2026 10:51:10 下午 spec.jbb.JBBmain DoARun -> 信息:   started user thread for Warehouse 16
2月 15, 2026 10:51:10 下午 spec.jbb.JBBmain DoARun -> 信息:   started user thread for Warehouse 17
2月 15, 2026 10:51:10 下午 spec.jbb.JBBmain DoARun -> 信息:   started user thread for Warehouse 18
2月 15, 2026 10:51:10 下午 spec.jbb.JBBmain DoARun -> 信息:   started user thread for Warehouse 19
2月 15, 2026 10:51:10 下午 spec.jbb.JBBmain DoARun -> 信息:   started user thread for Warehouse 20
2月 15, 2026 10:51:10 下午 spec.jbb.JBBmain DoARun -> 信息:   started user thread for Warehouse 21
2月 15, 2026 10:51:10 下午 spec.jbb.JBBmain DoARun -> 信息:   started user thread for Warehouse 22
2月 15, 2026 10:51:10 下午 spec.jbb.JBBmain DoARun -> 信息:   started user thread for Warehouse 23
2月 15, 2026 10:51:10 下午 spec.jbb.JBBmain DoARun -> 信息:   started user thread for Warehouse 24
2月 15, 2026 10:51:10 下午 spec.jbb.JBBmain DoARun -> 信息:   started user thread for Warehouse 25
2月 15, 2026 10:51:10 下午 spec.jbb.JBBmain DoARun -> 信息:   started user thread for Warehouse 26
2月 15, 2026 10:51:10 下午 spec.jbb.JBBmain DoARun -> 信息:   started user thread for Warehouse 27
2月 15, 2026 10:51:10 下午 spec.jbb.JBBmain DoARun -> 信息:   started user thread for Warehouse 28
2月 15, 2026 10:51:10 下午 spec.jbb.JBBmain DoARun -> 信息:   started user thread for Warehouse 29
2月 15, 2026 10:51:10 下午 spec.jbb.JBBmain DoARun -> 信息:   started user thread for Warehouse 30
2月 15, 2026 10:51:10 下午 spec.jbb.JBBmain DoARun -> 信息:   started user thread for Warehouse 31
2月 15, 2026 10:51:10 下午 spec.jbb.JBBmain DoARun -> 信息:   started user thread for Warehouse 32
2月 15, 2026 10:51:10 下午 spec.jbb.JBBmain DoARun -> 信息:   started user thread for Warehouse 33
2月 15, 2026 10:51:10 下午 spec.jbb.JBBmain DoARun -> 信息:   started user thread for Warehouse 34
2月 15, 2026 10:51:10 下午 spec.jbb.JBBmain DoARun -> 信息:   started user thread for Warehouse 35
2月 15, 2026 10:51:10 下午 spec.jbb.JBBmain DoARun -> 信息:   started user thread for Warehouse 36
2月 15, 2026 10:51:10 下午 spec.jbb.JBBmain DoARun -> 信息:   started user thread for Warehouse 37
2月 15, 2026 10:51:10 下午 spec.jbb.JBBmain DoARun -> 信息:   started user thread for Warehouse 38
2月 15, 2026 10:51:10 下午 spec.jbb.JBBmain DoARun -> 信息:   started user thread for Warehouse 39
2月 15, 2026 10:51:10 下午 spec.jbb.JBBmain DoARun -> 信息:   started user thread for Warehouse 40
2月 15, 2026 10:51:10 下午 spec.jbb.JBBmain DoARun -> 信息:   started user thread for Warehouse 41
2月 15, 2026 10:51:10 下午 spec.jbb.JBBmain DoARun -> 信息:   started user thread for Warehouse 42
2月 15, 2026 10:51:10 下午 spec.jbb.JBBmain DoARun -> 信息:   started user thread for Warehouse 43
2月 15, 2026 10:51:10 下午 spec.jbb.JBBmain DoARun -> 信息:   started user thread for Warehouse 44
2月 15, 2026 10:51:10 下午 spec.jbb.JBBmain DoARun -> 信息:   started user thread for Warehouse 45
2月 15, 2026 10:51:10 下午 spec.jbb.JBBmain DoARun -> 信息:   started user thread for Warehouse 46
2月 15, 2026 10:51:10 下午 spec.jbb.JBBmain DoARun -> 信息:   started user thread for Warehouse 47
2月 15, 2026 10:51:10 下午 spec.jbb.JBBmain DoARun -> 信息:   started user thread for Warehouse 48
2月 15, 2026 10:51:10 下午 spec.jbb.JBBmain DoARun -> 信息:   started user thread for Warehouse 49
2月 15, 2026 10:51:10 下午 spec.jbb.JBBmain DoARun -> 信息:   started user thread for Warehouse 50
2月 15, 2026 10:51:10 下午 spec.jbb.JBBmain DoARun -> 信息:   started user thread for Warehouse 51
2月 15, 2026 10:51:10 下午 spec.jbb.JBBmain DoARun -> 信息:   started user thread for Warehouse 52
2月 15, 2026 10:51:10 下午 spec.jbb.JBBmain DoARun -> 信息:   started user thread for Warehouse 53
2月 15, 2026 10:51:10 下午 spec.jbb.JBBmain DoARun -> 信息:   started user thread for Warehouse 54
2月 15, 2026 10:51:10 下午 spec.jbb.JBBmain DoARun -> 信息:   started user thread for Warehouse 55
2月 15, 2026 10:51:10 下午 spec.jbb.JBBmain DoARun -> 信息:   started user thread for Warehouse 56
2月 15, 2026 10:51:10 下午 spec.jbb.JBBmain DoARun -> 信息:   started user thread for Warehouse 57
2月 15, 2026 10:51:10 下午 spec.jbb.JBBmain DoARun -> 信息:   started user thread for Warehouse 58
2月 15, 2026 10:51:10 下午 spec.jbb.JBBmain DoARun -> 信息:   started user thread for Warehouse 59
2月 15, 2026 10:51:10 下午 spec.jbb.JBBmain DoARun -> 信息:   started user thread for Warehouse 60
2月 15, 2026 10:51:10 下午 spec.jbb.JBBmain DoARun -> 信息:   started user thread for Warehouse 61
2月 15, 2026 10:51:10 下午 spec.jbb.JBBmain DoARun -> 信息:   started user thread for Warehouse 62
2月 15, 2026 10:51:10 下午 spec.jbb.JBBmain DoARun -> 信息:   started user thread for Warehouse 63
2月 15, 2026 10:51:10 下午 spec.jbb.JBBmain DoARun -> 信息:   started user thread for Warehouse 64
2月 15, 2026 10:51:10 下午 spec.jbb.JBBmain DoARun -> 信息:   started user thread for Warehouse 65
2月 15, 2026 10:51:10 下午 spec.jbb.JBBmain DoARun -> 信息:   started user thread for Warehouse 66
2月 15, 2026 10:51:10 下午 spec.jbb.JBBmain DoARun -> 信息:   started user thread for Warehouse 67
2月 15, 2026 10:51:10 下午 spec.jbb.JBBmain DoARun -> 信息:   started user thread for Warehouse 68
2月 15, 2026 10:51:10 下午 spec.jbb.JBBmain DoARun -> 信息:   started user thread for Warehouse 69
2月 15, 2026 10:51:10 下午 spec.jbb.JBBmain DoARun -> 信息:   started user thread for Warehouse 70
2月 15, 2026 10:51:10 下午 spec.jbb.JBBmain DoARun -> 信息:   started user thread for Warehouse 71
2月 15, 2026 10:51:10 下午 spec.jbb.JBBmain DoARun -> 信息:   started user thread for Warehouse 72
2月 15, 2026 10:51:10 下午 spec.jbb.JBBmain DoARun -> 信息:   started user thread for Warehouse 73
2月 15, 2026 10:51:10 下午 spec.jbb.JBBmain DoARun -> 信息:   started user thread for Warehouse 74
2月 15, 2026 10:51:10 下午 spec.jbb.JBBmain DoARun -> 信息:   started user thread for Warehouse 75
2月 15, 2026 10:51:10 下午 spec.jbb.JBBmain DoARun -> 信息:   started user thread for Warehouse 76
2月 15, 2026 10:51:10 下午 spec.jbb.JBBmain DoARun -> 信息:   started user thread for Warehouse 77
2月 15, 2026 10:51:10 下午 spec.jbb.JBBmain DoARun -> 信息:   started user thread for Warehouse 78
2月 15, 2026 10:51:10 下午 spec.jbb.JBBmain DoARun -> 信息:   started user thread for Warehouse 79
2月 15, 2026 10:51:10 下午 spec.jbb.JBBmain DoARun -> 信息:   started user thread for Warehouse 80
2月 15, 2026 10:51:10 下午 spec.jbb.JBBmain DoARun -> 信息:   started user thread for Warehouse 81
2月 15, 2026 10:51:10 下午 spec.jbb.JBBmain DoARun -> 信息:   started user thread for Warehouse 82
2月 15, 2026 10:51:10 下午 spec.jbb.JBBmain DoARun -> 信息:   started user thread for Warehouse 83
2月 15, 2026 10:51:10 下午 spec.jbb.JBBmain DoARun -> 信息:   started user thread for Warehouse 84
2月 15, 2026 10:51:10 下午 spec.jbb.JBBmain DoARun -> 信息:   started user thread for Warehouse 85
2月 15, 2026 10:51:10 下午 spec.jbb.JBBmain DoARun -> 信息:   started user thread for Warehouse 86
2月 15, 2026 10:51:10 下午 spec.jbb.JBBmain DoARun -> 信息:   started user thread for Warehouse 87
2月 15, 2026 10:51:10 下午 spec.jbb.JBBmain DoARun -> 信息:   started user thread for Warehouse 88
2月 15, 2026 10:51:10 下午 spec.jbb.JBBmain DoARun -> 信息:   started user thread for Warehouse 89
2月 15, 2026 10:51:10 下午 spec.jbb.JBBmain DoARun -> 信息:   started user thread for Warehouse 90
2月 15, 2026 10:51:10 下午 spec.jbb.JBBmain DoARun -> 信息:   started user thread for Warehouse 91
2月 15, 2026 10:51:10 下午 spec.jbb.JBBmain DoARun -> 信息:   started user thread for Warehouse 92
2月 15, 2026 10:51:10 下午 spec.jbb.JBBmain DoARun -> 信息:   started user thread for Warehouse 93
2月 15, 2026 10:51:10 下午 spec.jbb.JBBmain DoARun -> 信息:   started user thread for Warehouse 94
2月 15, 2026 10:51:10 下午 spec.jbb.JBBmain DoARun -> 信息:   started user thread for Warehouse 95
2月 15, 2026 10:51:10 下午 spec.jbb.JBBmain DoARun -> 信息:   started user thread for Warehouse 96
2月 15, 2026 10:51:10 下午 spec.jbb.JBBmain DoARun -> 信息:   started user thread for Warehouse 97
2月 15, 2026 10:51:10 下午 spec.jbb.JBBmain DoARun -> 信息:   started user thread for Warehouse 98
2月 15, 2026 10:51:10 下午 spec.jbb.JBBmain DoARun -> 信息:   started user thread for Warehouse 99
2月 15, 2026 10:51:10 下午 spec.jbb.JBBmain DoARun -> 信息:   started user thread for Warehouse 100
2月 15, 2026 10:51:10 下午 spec.jbb.JBBmain DoARun -> 信息:   started user thread for Warehouse 101
2月 15, 2026 10:51:10 下午 spec.jbb.JBBmain DoARun -> 信息:   started user thread for Warehouse 102
2月 15, 2026 10:51:10 下午 spec.jbb.JBBmain DoARun -> 信息:   started user thread for Warehouse 103
2月 15, 2026 10:51:10 下午 spec.jbb.JBBmain DoARun -> 信息:   started user thread for Warehouse 104
2月 15, 2026 10:51:10 下午 spec.jbb.JBBmain DoARun -> 信息:   started user thread for Warehouse 105
2月 15, 2026 10:51:10 下午 spec.jbb.JBBmain DoARun -> 信息:   started user thread for Warehouse 106
2月 15, 2026 10:51:10 下午 spec.jbb.JBBmain DoARun -> 信息:   started user thread for Warehouse 107
2月 15, 2026 10:51:10 下午 spec.jbb.JBBmain DoARun -> 信息:   started user thread for Warehouse 108
2月 15, 2026 10:51:10 下午 spec.jbb.JBBmain DoARun -> 信息:   started user thread for Warehouse 109
2月 15, 2026 10:51:10 下午 spec.jbb.JBBmain DoARun -> 信息:   started user thread for Warehouse 110
2月 15, 2026 10:51:10 下午 spec.jbb.JBBmain DoARun -> 信息:   started user thread for Warehouse 111
2月 15, 2026 10:51:10 下午 spec.jbb.JBBmain DoARun -> 信息:   started user thread for Warehouse 112
2月 15, 2026 10:51:10 下午 spec.jbb.JBBmain DoARun -> 信息:   started user thread for Warehouse 113
2月 15, 2026 10:51:10 下午 spec.jbb.JBBmain DoARun -> 信息:   started user thread for Warehouse 114
2月 15, 2026 10:51:10 下午 spec.jbb.JBBmain DoARun -> 信息:   started user thread for Warehouse 115
2月 15, 2026 10:51:10 下午 spec.jbb.JBBmain DoARun -> 信息:   started user thread for Warehouse 116
2月 15, 2026 10:51:10 下午 spec.jbb.JBBmain DoARun -> 信息:   started user thread for Warehouse 117
2月 15, 2026 10:51:10 下午 spec.jbb.Company displayResultTotals -> 信息: Timing Measurement began Sun Feb 15 22:51:10 CST 2026 for 4 minutes
2月 15, 2026 10:55:10 下午 spec.jbb.Company displayResultTotals -> 信息: Timing Measurement ended Sun Feb 15 22:55:10 CST 2026
2月 15, 2026 10:55:10 下午 spec.jbb.Company primeWithDummyData -> 信息: Loading Warehouse 118...
2月 15, 2026 10:55:11 下午 spec.jbb.JBBmain DoARun -> 信息: Start User Threads
2月 15, 2026 10:55:11 下午 spec.jbb.JBBmain DoARun -> 信息:   started user thread for Warehouse 1
2月 15, 2026 10:55:11 下午 spec.jbb.JBBmain DoARun -> 信息:   started user thread for Warehouse 2
2月 15, 2026 10:55:11 下午 spec.jbb.JBBmain DoARun -> 信息:   started user thread for Warehouse 3
2月 15, 2026 10:55:11 下午 spec.jbb.JBBmain DoARun -> 信息:   started user thread for Warehouse 4
2月 15, 2026 10:55:11 下午 spec.jbb.JBBmain DoARun -> 信息:   started user thread for Warehouse 5
2月 15, 2026 10:55:11 下午 spec.jbb.JBBmain DoARun -> 信息:   started user thread for Warehouse 6
2月 15, 2026 10:55:11 下午 spec.jbb.JBBmain DoARun -> 信息:   started user thread for Warehouse 7
2月 15, 2026 10:55:11 下午 spec.jbb.JBBmain DoARun -> 信息:   started user thread for Warehouse 8
2月 15, 2026 10:55:11 下午 spec.jbb.JBBmain DoARun -> 信息:   started user thread for Warehouse 9
2月 15, 2026 10:55:11 下午 spec.jbb.JBBmain DoARun -> 信息:   started user thread for Warehouse 10
2月 15, 2026 10:55:11 下午 spec.jbb.JBBmain DoARun -> 信息:   started user thread for Warehouse 11
2月 15, 2026 10:55:11 下午 spec.jbb.JBBmain DoARun -> 信息:   started user thread for Warehouse 12
2月 15, 2026 10:55:11 下午 spec.jbb.JBBmain DoARun -> 信息:   started user thread for Warehouse 13
2月 15, 2026 10:55:11 下午 spec.jbb.JBBmain DoARun -> 信息:   started user thread for Warehouse 14
2月 15, 2026 10:55:11 下午 spec.jbb.JBBmain DoARun -> 信息:   started user thread for Warehouse 15
2月 15, 2026 10:55:11 下午 spec.jbb.JBBmain DoARun -> 信息:   started user thread for Warehouse 16
2月 15, 2026 10:55:11 下午 spec.jbb.JBBmain DoARun -> 信息:   started user thread for Warehouse 17
2月 15, 2026 10:55:11 下午 spec.jbb.JBBmain DoARun -> 信息:   started user thread for Warehouse 18
2月 15, 2026 10:55:11 下午 spec.jbb.JBBmain DoARun -> 信息:   started user thread for Warehouse 19
2月 15, 2026 10:55:11 下午 spec.jbb.JBBmain DoARun -> 信息:   started user thread for Warehouse 20
2月 15, 2026 10:55:11 下午 spec.jbb.JBBmain DoARun -> 信息:   started user thread for Warehouse 21
2月 15, 2026 10:55:11 下午 spec.jbb.JBBmain DoARun -> 信息:   started user thread for Warehouse 22
2月 15, 2026 10:55:11 下午 spec.jbb.JBBmain DoARun -> 信息:   started user thread for Warehouse 23
2月 15, 2026 10:55:11 下午 spec.jbb.JBBmain DoARun -> 信息:   started user thread for Warehouse 24
2月 15, 2026 10:55:11 下午 spec.jbb.JBBmain DoARun -> 信息:   started user thread for Warehouse 25
2月 15, 2026 10:55:11 下午 spec.jbb.JBBmain DoARun -> 信息:   started user thread for Warehouse 26
2月 15, 2026 10:55:11 下午 spec.jbb.JBBmain DoARun -> 信息:   started user thread for Warehouse 27
2月 15, 2026 10:55:11 下午 spec.jbb.JBBmain DoARun -> 信息:   started user thread for Warehouse 28
2月 15, 2026 10:55:11 下午 spec.jbb.JBBmain DoARun -> 信息:   started user thread for Warehouse 29
2月 15, 2026 10:55:11 下午 spec.jbb.JBBmain DoARun -> 信息:   started user thread for Warehouse 30
2月 15, 2026 10:55:11 下午 spec.jbb.JBBmain DoARun -> 信息:   started user thread for Warehouse 31
2月 15, 2026 10:55:11 下午 spec.jbb.JBBmain DoARun -> 信息:   started user thread for Warehouse 32
2月 15, 2026 10:55:11 下午 spec.jbb.JBBmain DoARun -> 信息:   started user thread for Warehouse 33
2月 15, 2026 10:55:11 下午 spec.jbb.JBBmain DoARun -> 信息:   started user thread for Warehouse 34
2月 15, 2026 10:55:11 下午 spec.jbb.JBBmain DoARun -> 信息:   started user thread for Warehouse 35
2月 15, 2026 10:55:11 下午 spec.jbb.JBBmain DoARun -> 信息:   started user thread for Warehouse 36
2月 15, 2026 10:55:11 下午 spec.jbb.JBBmain DoARun -> 信息:   started user thread for Warehouse 37
2月 15, 2026 10:55:11 下午 spec.jbb.JBBmain DoARun -> 信息:   started user thread for Warehouse 38
2月 15, 2026 10:55:11 下午 spec.jbb.JBBmain DoARun -> 信息:   started user thread for Warehouse 39
2月 15, 2026 10:55:11 下午 spec.jbb.JBBmain DoARun -> 信息:   started user thread for Warehouse 40
2月 15, 2026 10:55:11 下午 spec.jbb.JBBmain DoARun -> 信息:   started user thread for Warehouse 41
2月 15, 2026 10:55:11 下午 spec.jbb.JBBmain DoARun -> 信息:   started user thread for Warehouse 42
2月 15, 2026 10:55:11 下午 spec.jbb.JBBmain DoARun -> 信息:   started user thread for Warehouse 43
2月 15, 2026 10:55:11 下午 spec.jbb.JBBmain DoARun -> 信息:   started user thread for Warehouse 44
2月 15, 2026 10:55:11 下午 spec.jbb.JBBmain DoARun -> 信息:   started user thread for Warehouse 45
2月 15, 2026 10:55:11 下午 spec.jbb.JBBmain DoARun -> 信息:   started user thread for Warehouse 46
2月 15, 2026 10:55:11 下午 spec.jbb.JBBmain DoARun -> 信息:   started user thread for Warehouse 47
2月 15, 2026 10:55:11 下午 spec.jbb.JBBmain DoARun -> 信息:   started user thread for Warehouse 48
2月 15, 2026 10:55:11 下午 spec.jbb.JBBmain DoARun -> 信息:   started user thread for Warehouse 49
2月 15, 2026 10:55:11 下午 spec.jbb.JBBmain DoARun -> 信息:   started user thread for Warehouse 50
2月 15, 2026 10:55:11 下午 spec.jbb.JBBmain DoARun -> 信息:   started user thread for Warehouse 51
2月 15, 2026 10:55:11 下午 spec.jbb.JBBmain DoARun -> 信息:   started user thread for Warehouse 52
2月 15, 2026 10:55:11 下午 spec.jbb.JBBmain DoARun -> 信息:   started user thread for Warehouse 53
2月 15, 2026 10:55:11 下午 spec.jbb.JBBmain DoARun -> 信息:   started user thread for Warehouse 54
2月 15, 2026 10:55:11 下午 spec.jbb.JBBmain DoARun -> 信息:   started user thread for Warehouse 55
2月 15, 2026 10:55:11 下午 spec.jbb.JBBmain DoARun -> 信息:   started user thread for Warehouse 56
2月 15, 2026 10:55:11 下午 spec.jbb.JBBmain DoARun -> 信息:   started user thread for Warehouse 57
2月 15, 2026 10:55:11 下午 spec.jbb.JBBmain DoARun -> 信息:   started user thread for Warehouse 58
2月 15, 2026 10:55:11 下午 spec.jbb.JBBmain DoARun -> 信息:   started user thread for Warehouse 59
2月 15, 2026 10:55:11 下午 spec.jbb.JBBmain DoARun -> 信息:   started user thread for Warehouse 60
2月 15, 2026 10:55:11 下午 spec.jbb.JBBmain DoARun -> 信息:   started user thread for Warehouse 61
2月 15, 2026 10:55:11 下午 spec.jbb.JBBmain DoARun -> 信息:   started user thread for Warehouse 62
2月 15, 2026 10:55:11 下午 spec.jbb.JBBmain DoARun -> 信息:   started user thread for Warehouse 63
2月 15, 2026 10:55:11 下午 spec.jbb.JBBmain DoARun -> 信息:   started user thread for Warehouse 64
2月 15, 2026 10:55:11 下午 spec.jbb.JBBmain DoARun -> 信息:   started user thread for Warehouse 65
2月 15, 2026 10:55:11 下午 spec.jbb.JBBmain DoARun -> 信息:   started user thread for Warehouse 66
2月 15, 2026 10:55:11 下午 spec.jbb.JBBmain DoARun -> 信息:   started user thread for Warehouse 67
2月 15, 2026 10:55:11 下午 spec.jbb.JBBmain DoARun -> 信息:   started user thread for Warehouse 68
2月 15, 2026 10:55:11 下午 spec.jbb.JBBmain DoARun -> 信息:   started user thread for Warehouse 69
2月 15, 2026 10:55:11 下午 spec.jbb.JBBmain DoARun -> 信息:   started user thread for Warehouse 70
2月 15, 2026 10:55:11 下午 spec.jbb.JBBmain DoARun -> 信息:   started user thread for Warehouse 71
2月 15, 2026 10:55:11 下午 spec.jbb.JBBmain DoARun -> 信息:   started user thread for Warehouse 72
2月 15, 2026 10:55:11 下午 spec.jbb.JBBmain DoARun -> 信息:   started user thread for Warehouse 73
2月 15, 2026 10:55:11 下午 spec.jbb.JBBmain DoARun -> 信息:   started user thread for Warehouse 74
2月 15, 2026 10:55:11 下午 spec.jbb.JBBmain DoARun -> 信息:   started user thread for Warehouse 75
2月 15, 2026 10:55:11 下午 spec.jbb.JBBmain DoARun -> 信息:   started user thread for Warehouse 76
2月 15, 2026 10:55:11 下午 spec.jbb.JBBmain DoARun -> 信息:   started user thread for Warehouse 77
2月 15, 2026 10:55:11 下午 spec.jbb.JBBmain DoARun -> 信息:   started user thread for Warehouse 78
2月 15, 2026 10:55:11 下午 spec.jbb.JBBmain DoARun -> 信息:   started user thread for Warehouse 79
2月 15, 2026 10:55:11 下午 spec.jbb.JBBmain DoARun -> 信息:   started user thread for Warehouse 80
2月 15, 2026 10:55:11 下午 spec.jbb.JBBmain DoARun -> 信息:   started user thread for Warehouse 81
2月 15, 2026 10:55:11 下午 spec.jbb.JBBmain DoARun -> 信息:   started user thread for Warehouse 82
2月 15, 2026 10:55:11 下午 spec.jbb.JBBmain DoARun -> 信息:   started user thread for Warehouse 83
2月 15, 2026 10:55:11 下午 spec.jbb.JBBmain DoARun -> 信息:   started user thread for Warehouse 84
2月 15, 2026 10:55:11 下午 spec.jbb.JBBmain DoARun -> 信息:   started user thread for Warehouse 85
2月 15, 2026 10:55:11 下午 spec.jbb.JBBmain DoARun -> 信息:   started user thread for Warehouse 86
2月 15, 2026 10:55:11 下午 spec.jbb.JBBmain DoARun -> 信息:   started user thread for Warehouse 87
2月 15, 2026 10:55:11 下午 spec.jbb.JBBmain DoARun -> 信息:   started user thread for Warehouse 88
2月 15, 2026 10:55:11 下午 spec.jbb.JBBmain DoARun -> 信息:   started user thread for Warehouse 89
2月 15, 2026 10:55:11 下午 spec.jbb.JBBmain DoARun -> 信息:   started user thread for Warehouse 90
2月 15, 2026 10:55:11 下午 spec.jbb.JBBmain DoARun -> 信息:   started user thread for Warehouse 91
2月 15, 2026 10:55:11 下午 spec.jbb.JBBmain DoARun -> 信息:   started user thread for Warehouse 92
2月 15, 2026 10:55:11 下午 spec.jbb.JBBmain DoARun -> 信息:   started user thread for Warehouse 93
2月 15, 2026 10:55:11 下午 spec.jbb.JBBmain DoARun -> 信息:   started user thread for Warehouse 94
2月 15, 2026 10:55:11 下午 spec.jbb.JBBmain DoARun -> 信息:   started user thread for Warehouse 95
2月 15, 2026 10:55:11 下午 spec.jbb.JBBmain DoARun -> 信息:   started user thread for Warehouse 96
2月 15, 2026 10:55:11 下午 spec.jbb.JBBmain DoARun -> 信息:   started user thread for Warehouse 97
2月 15, 2026 10:55:11 下午 spec.jbb.JBBmain DoARun -> 信息:   started user thread for Warehouse 98
2月 15, 2026 10:55:11 下午 spec.jbb.JBBmain DoARun -> 信息:   started user thread for Warehouse 99
2月 15, 2026 10:55:11 下午 spec.jbb.JBBmain DoARun -> 信息:   started user thread for Warehouse 100
2月 15, 2026 10:55:11 下午 spec.jbb.JBBmain DoARun -> 信息:   started user thread for Warehouse 101
2月 15, 2026 10:55:11 下午 spec.jbb.JBBmain DoARun -> 信息:   started user thread for Warehouse 102
2月 15, 2026 10:55:11 下午 spec.jbb.JBBmain DoARun -> 信息:   started user thread for Warehouse 103
2月 15, 2026 10:55:11 下午 spec.jbb.JBBmain DoARun -> 信息:   started user thread for Warehouse 104
2月 15, 2026 10:55:11 下午 spec.jbb.JBBmain DoARun -> 信息:   started user thread for Warehouse 105
2月 15, 2026 10:55:11 下午 spec.jbb.JBBmain DoARun -> 信息:   started user thread for Warehouse 106
2月 15, 2026 10:55:11 下午 spec.jbb.JBBmain DoARun -> 信息:   started user thread for Warehouse 107
2月 15, 2026 10:55:11 下午 spec.jbb.JBBmain DoARun -> 信息:   started user thread for Warehouse 108
2月 15, 2026 10:55:11 下午 spec.jbb.JBBmain DoARun -> 信息:   started user thread for Warehouse 109
2月 15, 2026 10:55:11 下午 spec.jbb.JBBmain DoARun -> 信息:   started user thread for Warehouse 110
2月 15, 2026 10:55:11 下午 spec.jbb.JBBmain DoARun -> 信息:   started user thread for Warehouse 111
2月 15, 2026 10:55:11 下午 spec.jbb.JBBmain DoARun -> 信息:   started user thread for Warehouse 112
2月 15, 2026 10:55:11 下午 spec.jbb.JBBmain DoARun -> 信息:   started user thread for Warehouse 113
2月 15, 2026 10:55:11 下午 spec.jbb.JBBmain DoARun -> 信息:   started user thread for Warehouse 114
2月 15, 2026 10:55:11 下午 spec.jbb.JBBmain DoARun -> 信息:   started user thread for Warehouse 115
2月 15, 2026 10:55:11 下午 spec.jbb.JBBmain DoARun -> 信息:   started user thread for Warehouse 116
2月 15, 2026 10:55:11 下午 spec.jbb.JBBmain DoARun -> 信息:   started user thread for Warehouse 117
2月 15, 2026 10:55:11 下午 spec.jbb.JBBmain DoARun -> 信息:   started user thread for Warehouse 118
2月 15, 2026 10:55:11 下午 spec.jbb.Company displayResultTotals -> 信息: Timing Measurement began Sun Feb 15 22:55:11 CST 2026 for 4 minutes
2月 15, 2026 10:59:11 下午 spec.jbb.Company displayResultTotals -> 信息: Timing Measurement ended Sun Feb 15 22:59:11 CST 2026
2月 15, 2026 10:59:11 下午 spec.jbb.Company primeWithDummyData -> 信息: Loading Warehouse 119...
2月 15, 2026 10:59:11 下午 spec.jbb.JBBmain DoARun -> 信息: Start User Threads
2月 15, 2026 10:59:11 下午 spec.jbb.JBBmain DoARun -> 信息:   started user thread for Warehouse 1
2月 15, 2026 10:59:11 下午 spec.jbb.JBBmain DoARun -> 信息:   started user thread for Warehouse 2
2月 15, 2026 10:59:11 下午 spec.jbb.JBBmain DoARun -> 信息:   started user thread for Warehouse 3
2月 15, 2026 10:59:11 下午 spec.jbb.JBBmain DoARun -> 信息:   started user thread for Warehouse 4
2月 15, 2026 10:59:11 下午 spec.jbb.JBBmain DoARun -> 信息:   started user thread for Warehouse 5
2月 15, 2026 10:59:11 下午 spec.jbb.JBBmain DoARun -> 信息:   started user thread for Warehouse 6
2月 15, 2026 10:59:11 下午 spec.jbb.JBBmain DoARun -> 信息:   started user thread for Warehouse 7
2月 15, 2026 10:59:11 下午 spec.jbb.JBBmain DoARun -> 信息:   started user thread for Warehouse 8
2月 15, 2026 10:59:11 下午 spec.jbb.JBBmain DoARun -> 信息:   started user thread for Warehouse 9
2月 15, 2026 10:59:11 下午 spec.jbb.JBBmain DoARun -> 信息:   started user thread for Warehouse 10
2月 15, 2026 10:59:11 下午 spec.jbb.JBBmain DoARun -> 信息:   started user thread for Warehouse 11
2月 15, 2026 10:59:11 下午 spec.jbb.JBBmain DoARun -> 信息:   started user thread for Warehouse 12
2月 15, 2026 10:59:11 下午 spec.jbb.JBBmain DoARun -> 信息:   started user thread for Warehouse 13
2月 15, 2026 10:59:11 下午 spec.jbb.JBBmain DoARun -> 信息:   started user thread for Warehouse 14
2月 15, 2026 10:59:11 下午 spec.jbb.JBBmain DoARun -> 信息:   started user thread for Warehouse 15
2月 15, 2026 10:59:11 下午 spec.jbb.JBBmain DoARun -> 信息:   started user thread for Warehouse 16
2月 15, 2026 10:59:11 下午 spec.jbb.JBBmain DoARun -> 信息:   started user thread for Warehouse 17
2月 15, 2026 10:59:11 下午 spec.jbb.JBBmain DoARun -> 信息:   started user thread for Warehouse 18
2月 15, 2026 10:59:11 下午 spec.jbb.JBBmain DoARun -> 信息:   started user thread for Warehouse 19
2月 15, 2026 10:59:11 下午 spec.jbb.JBBmain DoARun -> 信息:   started user thread for Warehouse 20
2月 15, 2026 10:59:11 下午 spec.jbb.JBBmain DoARun -> 信息:   started user thread for Warehouse 21
2月 15, 2026 10:59:11 下午 spec.jbb.JBBmain DoARun -> 信息:   started user thread for Warehouse 22
2月 15, 2026 10:59:11 下午 spec.jbb.JBBmain DoARun -> 信息:   started user thread for Warehouse 23
2月 15, 2026 10:59:11 下午 spec.jbb.JBBmain DoARun -> 信息:   started user thread for Warehouse 24
2月 15, 2026 10:59:11 下午 spec.jbb.JBBmain DoARun -> 信息:   started user thread for Warehouse 25
2月 15, 2026 10:59:11 下午 spec.jbb.JBBmain DoARun -> 信息:   started user thread for Warehouse 26
2月 15, 2026 10:59:11 下午 spec.jbb.JBBmain DoARun -> 信息:   started user thread for Warehouse 27
2月 15, 2026 10:59:11 下午 spec.jbb.JBBmain DoARun -> 信息:   started user thread for Warehouse 28
2月 15, 2026 10:59:11 下午 spec.jbb.JBBmain DoARun -> 信息:   started user thread for Warehouse 29
2月 15, 2026 10:59:11 下午 spec.jbb.JBBmain DoARun -> 信息:   started user thread for Warehouse 30
2月 15, 2026 10:59:11 下午 spec.jbb.JBBmain DoARun -> 信息:   started user thread for Warehouse 31
2月 15, 2026 10:59:11 下午 spec.jbb.JBBmain DoARun -> 信息:   started user thread for Warehouse 32
2月 15, 2026 10:59:11 下午 spec.jbb.JBBmain DoARun -> 信息:   started user thread for Warehouse 33
2月 15, 2026 10:59:11 下午 spec.jbb.JBBmain DoARun -> 信息:   started user thread for Warehouse 34
2月 15, 2026 10:59:11 下午 spec.jbb.JBBmain DoARun -> 信息:   started user thread for Warehouse 35
2月 15, 2026 10:59:11 下午 spec.jbb.JBBmain DoARun -> 信息:   started user thread for Warehouse 36
2月 15, 2026 10:59:11 下午 spec.jbb.JBBmain DoARun -> 信息:   started user thread for Warehouse 37
2月 15, 2026 10:59:11 下午 spec.jbb.JBBmain DoARun -> 信息:   started user thread for Warehouse 38
2月 15, 2026 10:59:11 下午 spec.jbb.JBBmain DoARun -> 信息:   started user thread for Warehouse 39
2月 15, 2026 10:59:11 下午 spec.jbb.JBBmain DoARun -> 信息:   started user thread for Warehouse 40
2月 15, 2026 10:59:11 下午 spec.jbb.JBBmain DoARun -> 信息:   started user thread for Warehouse 41
2月 15, 2026 10:59:11 下午 spec.jbb.JBBmain DoARun -> 信息:   started user thread for Warehouse 42
2月 15, 2026 10:59:11 下午 spec.jbb.JBBmain DoARun -> 信息:   started user thread for Warehouse 43
2月 15, 2026 10:59:11 下午 spec.jbb.JBBmain DoARun -> 信息:   started user thread for Warehouse 44
2月 15, 2026 10:59:11 下午 spec.jbb.JBBmain DoARun -> 信息:   started user thread for Warehouse 45
2月 15, 2026 10:59:11 下午 spec.jbb.JBBmain DoARun -> 信息:   started user thread for Warehouse 46
2月 15, 2026 10:59:11 下午 spec.jbb.JBBmain DoARun -> 信息:   started user thread for Warehouse 47
2月 15, 2026 10:59:11 下午 spec.jbb.JBBmain DoARun -> 信息:   started user thread for Warehouse 48
2月 15, 2026 10:59:11 下午 spec.jbb.JBBmain DoARun -> 信息:   started user thread for Warehouse 49
2月 15, 2026 10:59:11 下午 spec.jbb.JBBmain DoARun -> 信息:   started user thread for Warehouse 50
2月 15, 2026 10:59:11 下午 spec.jbb.JBBmain DoARun -> 信息:   started user thread for Warehouse 51
2月 15, 2026 10:59:11 下午 spec.jbb.JBBmain DoARun -> 信息:   started user thread for Warehouse 52
2月 15, 2026 10:59:11 下午 spec.jbb.JBBmain DoARun -> 信息:   started user thread for Warehouse 53
2月 15, 2026 10:59:11 下午 spec.jbb.JBBmain DoARun -> 信息:   started user thread for Warehouse 54
2月 15, 2026 10:59:11 下午 spec.jbb.JBBmain DoARun -> 信息:   started user thread for Warehouse 55
2月 15, 2026 10:59:11 下午 spec.jbb.JBBmain DoARun -> 信息:   started user thread for Warehouse 56
2月 15, 2026 10:59:11 下午 spec.jbb.JBBmain DoARun -> 信息:   started user thread for Warehouse 57
2月 15, 2026 10:59:11 下午 spec.jbb.JBBmain DoARun -> 信息:   started user thread for Warehouse 58
2月 15, 2026 10:59:11 下午 spec.jbb.JBBmain DoARun -> 信息:   started user thread for Warehouse 59
2月 15, 2026 10:59:11 下午 spec.jbb.JBBmain DoARun -> 信息:   started user thread for Warehouse 60
2月 15, 2026 10:59:11 下午 spec.jbb.JBBmain DoARun -> 信息:   started user thread for Warehouse 61
2月 15, 2026 10:59:11 下午 spec.jbb.JBBmain DoARun -> 信息:   started user thread for Warehouse 62
2月 15, 2026 10:59:11 下午 spec.jbb.JBBmain DoARun -> 信息:   started user thread for Warehouse 63
2月 15, 2026 10:59:11 下午 spec.jbb.JBBmain DoARun -> 信息:   started user thread for Warehouse 64
2月 15, 2026 10:59:11 下午 spec.jbb.JBBmain DoARun -> 信息:   started user thread for Warehouse 65
2月 15, 2026 10:59:11 下午 spec.jbb.JBBmain DoARun -> 信息:   started user thread for Warehouse 66
2月 15, 2026 10:59:11 下午 spec.jbb.JBBmain DoARun -> 信息:   started user thread for Warehouse 67
2月 15, 2026 10:59:11 下午 spec.jbb.JBBmain DoARun -> 信息:   started user thread for Warehouse 68
2月 15, 2026 10:59:11 下午 spec.jbb.JBBmain DoARun -> 信息:   started user thread for Warehouse 69
2月 15, 2026 10:59:11 下午 spec.jbb.JBBmain DoARun -> 信息:   started user thread for Warehouse 70
2月 15, 2026 10:59:11 下午 spec.jbb.JBBmain DoARun -> 信息:   started user thread for Warehouse 71
2月 15, 2026 10:59:11 下午 spec.jbb.JBBmain DoARun -> 信息:   started user thread for Warehouse 72
2月 15, 2026 10:59:11 下午 spec.jbb.JBBmain DoARun -> 信息:   started user thread for Warehouse 73
2月 15, 2026 10:59:11 下午 spec.jbb.JBBmain DoARun -> 信息:   started user thread for Warehouse 74
2月 15, 2026 10:59:11 下午 spec.jbb.JBBmain DoARun -> 信息:   started user thread for Warehouse 75
2月 15, 2026 10:59:11 下午 spec.jbb.JBBmain DoARun -> 信息:   started user thread for Warehouse 76
2月 15, 2026 10:59:11 下午 spec.jbb.JBBmain DoARun -> 信息:   started user thread for Warehouse 77
2月 15, 2026 10:59:11 下午 spec.jbb.JBBmain DoARun -> 信息:   started user thread for Warehouse 78
2月 15, 2026 10:59:11 下午 spec.jbb.JBBmain DoARun -> 信息:   started user thread for Warehouse 79
2月 15, 2026 10:59:11 下午 spec.jbb.JBBmain DoARun -> 信息:   started user thread for Warehouse 80
2月 15, 2026 10:59:11 下午 spec.jbb.JBBmain DoARun -> 信息:   started user thread for Warehouse 81
2月 15, 2026 10:59:11 下午 spec.jbb.JBBmain DoARun -> 信息:   started user thread for Warehouse 82
2月 15, 2026 10:59:11 下午 spec.jbb.JBBmain DoARun -> 信息:   started user thread for Warehouse 83
2月 15, 2026 10:59:11 下午 spec.jbb.JBBmain DoARun -> 信息:   started user thread for Warehouse 84
2月 15, 2026 10:59:11 下午 spec.jbb.JBBmain DoARun -> 信息:   started user thread for Warehouse 85
2月 15, 2026 10:59:11 下午 spec.jbb.JBBmain DoARun -> 信息:   started user thread for Warehouse 86
2月 15, 2026 10:59:11 下午 spec.jbb.JBBmain DoARun -> 信息:   started user thread for Warehouse 87
2月 15, 2026 10:59:11 下午 spec.jbb.JBBmain DoARun -> 信息:   started user thread for Warehouse 88
2月 15, 2026 10:59:11 下午 spec.jbb.JBBmain DoARun -> 信息:   started user thread for Warehouse 89
2月 15, 2026 10:59:11 下午 spec.jbb.JBBmain DoARun -> 信息:   started user thread for Warehouse 90
2月 15, 2026 10:59:11 下午 spec.jbb.JBBmain DoARun -> 信息:   started user thread for Warehouse 91
2月 15, 2026 10:59:11 下午 spec.jbb.JBBmain DoARun -> 信息:   started user thread for Warehouse 92
2月 15, 2026 10:59:11 下午 spec.jbb.JBBmain DoARun -> 信息:   started user thread for Warehouse 93
2月 15, 2026 10:59:11 下午 spec.jbb.JBBmain DoARun -> 信息:   started user thread for Warehouse 94
2月 15, 2026 10:59:11 下午 spec.jbb.JBBmain DoARun -> 信息:   started user thread for Warehouse 95
2月 15, 2026 10:59:11 下午 spec.jbb.JBBmain DoARun -> 信息:   started user thread for Warehouse 96
2月 15, 2026 10:59:11 下午 spec.jbb.JBBmain DoARun -> 信息:   started user thread for Warehouse 97
2月 15, 2026 10:59:11 下午 spec.jbb.JBBmain DoARun -> 信息:   started user thread for Warehouse 98
2月 15, 2026 10:59:11 下午 spec.jbb.JBBmain DoARun -> 信息:   started user thread for Warehouse 99
2月 15, 2026 10:59:11 下午 spec.jbb.JBBmain DoARun -> 信息:   started user thread for Warehouse 100
2月 15, 2026 10:59:11 下午 spec.jbb.JBBmain DoARun -> 信息:   started user thread for Warehouse 101
2月 15, 2026 10:59:11 下午 spec.jbb.JBBmain DoARun -> 信息:   started user thread for Warehouse 102
2月 15, 2026 10:59:11 下午 spec.jbb.JBBmain DoARun -> 信息:   started user thread for Warehouse 103
2月 15, 2026 10:59:11 下午 spec.jbb.JBBmain DoARun -> 信息:   started user thread for Warehouse 104
2月 15, 2026 10:59:11 下午 spec.jbb.JBBmain DoARun -> 信息:   started user thread for Warehouse 105
2月 15, 2026 10:59:11 下午 spec.jbb.JBBmain DoARun -> 信息:   started user thread for Warehouse 106
2月 15, 2026 10:59:11 下午 spec.jbb.JBBmain DoARun -> 信息:   started user thread for Warehouse 107
2月 15, 2026 10:59:11 下午 spec.jbb.JBBmain DoARun -> 信息:   started user thread for Warehouse 108
2月 15, 2026 10:59:11 下午 spec.jbb.JBBmain DoARun -> 信息:   started user thread for Warehouse 109
2月 15, 2026 10:59:11 下午 spec.jbb.JBBmain DoARun -> 信息:   started user thread for Warehouse 110
2月 15, 2026 10:59:11 下午 spec.jbb.JBBmain DoARun -> 信息:   started user thread for Warehouse 111
2月 15, 2026 10:59:11 下午 spec.jbb.JBBmain DoARun -> 信息:   started user thread for Warehouse 112
2月 15, 2026 10:59:11 下午 spec.jbb.JBBmain DoARun -> 信息:   started user thread for Warehouse 113
2月 15, 2026 10:59:11 下午 spec.jbb.JBBmain DoARun -> 信息:   started user thread for Warehouse 114
2月 15, 2026 10:59:11 下午 spec.jbb.JBBmain DoARun -> 信息:   started user thread for Warehouse 115
2月 15, 2026 10:59:11 下午 spec.jbb.JBBmain DoARun -> 信息:   started user thread for Warehouse 116
2月 15, 2026 10:59:11 下午 spec.jbb.JBBmain DoARun -> 信息:   started user thread for Warehouse 117
2月 15, 2026 10:59:11 下午 spec.jbb.JBBmain DoARun -> 信息:   started user thread for Warehouse 118
2月 15, 2026 10:59:11 下午 spec.jbb.JBBmain DoARun -> 信息:   started user thread for Warehouse 119
2月 15, 2026 10:59:11 下午 spec.jbb.Company displayResultTotals -> 信息: Timing Measurement began Sun Feb 15 22:59:11 CST 2026 for 4 minutes
2月 15, 2026 11:03:11 下午 spec.jbb.Company displayResultTotals -> 信息: Timing Measurement ended Sun Feb 15 23:03:11 CST 2026
2月 15, 2026 11:03:11 下午 spec.jbb.Company primeWithDummyData -> 信息: Loading Warehouse 120...
2月 15, 2026 11:03:11 下午 spec.jbb.JBBmain DoARun -> 信息: Start User Threads
2月 15, 2026 11:03:11 下午 spec.jbb.JBBmain DoARun -> 信息:   started user thread for Warehouse 1
2月 15, 2026 11:03:11 下午 spec.jbb.JBBmain DoARun -> 信息:   started user thread for Warehouse 2
2月 15, 2026 11:03:11 下午 spec.jbb.JBBmain DoARun -> 信息:   started user thread for Warehouse 3
2月 15, 2026 11:03:11 下午 spec.jbb.JBBmain DoARun -> 信息:   started user thread for Warehouse 4
2月 15, 2026 11:03:11 下午 spec.jbb.JBBmain DoARun -> 信息:   started user thread for Warehouse 5
2月 15, 2026 11:03:11 下午 spec.jbb.JBBmain DoARun -> 信息:   started user thread for Warehouse 6
2月 15, 2026 11:03:11 下午 spec.jbb.JBBmain DoARun -> 信息:   started user thread for Warehouse 7
2月 15, 2026 11:03:11 下午 spec.jbb.JBBmain DoARun -> 信息:   started user thread for Warehouse 8
2月 15, 2026 11:03:11 下午 spec.jbb.JBBmain DoARun -> 信息:   started user thread for Warehouse 9
2月 15, 2026 11:03:11 下午 spec.jbb.JBBmain DoARun -> 信息:   started user thread for Warehouse 10
2月 15, 2026 11:03:11 下午 spec.jbb.JBBmain DoARun -> 信息:   started user thread for Warehouse 11
2月 15, 2026 11:03:11 下午 spec.jbb.JBBmain DoARun -> 信息:   started user thread for Warehouse 12
2月 15, 2026 11:03:11 下午 spec.jbb.JBBmain DoARun -> 信息:   started user thread for Warehouse 13
2月 15, 2026 11:03:11 下午 spec.jbb.JBBmain DoARun -> 信息:   started user thread for Warehouse 14
2月 15, 2026 11:03:11 下午 spec.jbb.JBBmain DoARun -> 信息:   started user thread for Warehouse 15
2月 15, 2026 11:03:11 下午 spec.jbb.JBBmain DoARun -> 信息:   started user thread for Warehouse 16
2月 15, 2026 11:03:11 下午 spec.jbb.JBBmain DoARun -> 信息:   started user thread for Warehouse 17
2月 15, 2026 11:03:11 下午 spec.jbb.JBBmain DoARun -> 信息:   started user thread for Warehouse 18
2月 15, 2026 11:03:11 下午 spec.jbb.JBBmain DoARun -> 信息:   started user thread for Warehouse 19
2月 15, 2026 11:03:11 下午 spec.jbb.JBBmain DoARun -> 信息:   started user thread for Warehouse 20
2月 15, 2026 11:03:11 下午 spec.jbb.JBBmain DoARun -> 信息:   started user thread for Warehouse 21
2月 15, 2026 11:03:11 下午 spec.jbb.JBBmain DoARun -> 信息:   started user thread for Warehouse 22
2月 15, 2026 11:03:11 下午 spec.jbb.JBBmain DoARun -> 信息:   started user thread for Warehouse 23
2月 15, 2026 11:03:11 下午 spec.jbb.JBBmain DoARun -> 信息:   started user thread for Warehouse 24
2月 15, 2026 11:03:11 下午 spec.jbb.JBBmain DoARun -> 信息:   started user thread for Warehouse 25
2月 15, 2026 11:03:11 下午 spec.jbb.JBBmain DoARun -> 信息:   started user thread for Warehouse 26
2月 15, 2026 11:03:11 下午 spec.jbb.JBBmain DoARun -> 信息:   started user thread for Warehouse 27
2月 15, 2026 11:03:11 下午 spec.jbb.JBBmain DoARun -> 信息:   started user thread for Warehouse 28
2月 15, 2026 11:03:11 下午 spec.jbb.JBBmain DoARun -> 信息:   started user thread for Warehouse 29
2月 15, 2026 11:03:11 下午 spec.jbb.JBBmain DoARun -> 信息:   started user thread for Warehouse 30
2月 15, 2026 11:03:11 下午 spec.jbb.JBBmain DoARun -> 信息:   started user thread for Warehouse 31
2月 15, 2026 11:03:11 下午 spec.jbb.JBBmain DoARun -> 信息:   started user thread for Warehouse 32
2月 15, 2026 11:03:11 下午 spec.jbb.JBBmain DoARun -> 信息:   started user thread for Warehouse 33
2月 15, 2026 11:03:11 下午 spec.jbb.JBBmain DoARun -> 信息:   started user thread for Warehouse 34
2月 15, 2026 11:03:11 下午 spec.jbb.JBBmain DoARun -> 信息:   started user thread for Warehouse 35
2月 15, 2026 11:03:11 下午 spec.jbb.JBBmain DoARun -> 信息:   started user thread for Warehouse 36
2月 15, 2026 11:03:11 下午 spec.jbb.JBBmain DoARun -> 信息:   started user thread for Warehouse 37
2月 15, 2026 11:03:11 下午 spec.jbb.JBBmain DoARun -> 信息:   started user thread for Warehouse 38
2月 15, 2026 11:03:11 下午 spec.jbb.JBBmain DoARun -> 信息:   started user thread for Warehouse 39
2月 15, 2026 11:03:11 下午 spec.jbb.JBBmain DoARun -> 信息:   started user thread for Warehouse 40
2月 15, 2026 11:03:11 下午 spec.jbb.JBBmain DoARun -> 信息:   started user thread for Warehouse 41
2月 15, 2026 11:03:11 下午 spec.jbb.JBBmain DoARun -> 信息:   started user thread for Warehouse 42
2月 15, 2026 11:03:11 下午 spec.jbb.JBBmain DoARun -> 信息:   started user thread for Warehouse 43
2月 15, 2026 11:03:11 下午 spec.jbb.JBBmain DoARun -> 信息:   started user thread for Warehouse 44
2月 15, 2026 11:03:11 下午 spec.jbb.JBBmain DoARun -> 信息:   started user thread for Warehouse 45
2月 15, 2026 11:03:11 下午 spec.jbb.JBBmain DoARun -> 信息:   started user thread for Warehouse 46
2月 15, 2026 11:03:11 下午 spec.jbb.JBBmain DoARun -> 信息:   started user thread for Warehouse 47
2月 15, 2026 11:03:11 下午 spec.jbb.JBBmain DoARun -> 信息:   started user thread for Warehouse 48
2月 15, 2026 11:03:11 下午 spec.jbb.JBBmain DoARun -> 信息:   started user thread for Warehouse 49
2月 15, 2026 11:03:11 下午 spec.jbb.JBBmain DoARun -> 信息:   started user thread for Warehouse 50
2月 15, 2026 11:03:11 下午 spec.jbb.JBBmain DoARun -> 信息:   started user thread for Warehouse 51
2月 15, 2026 11:03:11 下午 spec.jbb.JBBmain DoARun -> 信息:   started user thread for Warehouse 52
2月 15, 2026 11:03:11 下午 spec.jbb.JBBmain DoARun -> 信息:   started user thread for Warehouse 53
2月 15, 2026 11:03:11 下午 spec.jbb.JBBmain DoARun -> 信息:   started user thread for Warehouse 54
2月 15, 2026 11:03:11 下午 spec.jbb.JBBmain DoARun -> 信息:   started user thread for Warehouse 55
2月 15, 2026 11:03:11 下午 spec.jbb.JBBmain DoARun -> 信息:   started user thread for Warehouse 56
2月 15, 2026 11:03:11 下午 spec.jbb.JBBmain DoARun -> 信息:   started user thread for Warehouse 57
2月 15, 2026 11:03:11 下午 spec.jbb.JBBmain DoARun -> 信息:   started user thread for Warehouse 58
2月 15, 2026 11:03:11 下午 spec.jbb.JBBmain DoARun -> 信息:   started user thread for Warehouse 59
2月 15, 2026 11:03:11 下午 spec.jbb.JBBmain DoARun -> 信息:   started user thread for Warehouse 60
2月 15, 2026 11:03:11 下午 spec.jbb.JBBmain DoARun -> 信息:   started user thread for Warehouse 61
2月 15, 2026 11:03:11 下午 spec.jbb.JBBmain DoARun -> 信息:   started user thread for Warehouse 62
2月 15, 2026 11:03:11 下午 spec.jbb.JBBmain DoARun -> 信息:   started user thread for Warehouse 63
2月 15, 2026 11:03:11 下午 spec.jbb.JBBmain DoARun -> 信息:   started user thread for Warehouse 64
2月 15, 2026 11:03:11 下午 spec.jbb.JBBmain DoARun -> 信息:   started user thread for Warehouse 65
2月 15, 2026 11:03:11 下午 spec.jbb.JBBmain DoARun -> 信息:   started user thread for Warehouse 66
2月 15, 2026 11:03:11 下午 spec.jbb.JBBmain DoARun -> 信息:   started user thread for Warehouse 67
2月 15, 2026 11:03:11 下午 spec.jbb.JBBmain DoARun -> 信息:   started user thread for Warehouse 68
2月 15, 2026 11:03:11 下午 spec.jbb.JBBmain DoARun -> 信息:   started user thread for Warehouse 69
2月 15, 2026 11:03:11 下午 spec.jbb.JBBmain DoARun -> 信息:   started user thread for Warehouse 70
2月 15, 2026 11:03:11 下午 spec.jbb.JBBmain DoARun -> 信息:   started user thread for Warehouse 71
2月 15, 2026 11:03:11 下午 spec.jbb.JBBmain DoARun -> 信息:   started user thread for Warehouse 72
2月 15, 2026 11:03:11 下午 spec.jbb.JBBmain DoARun -> 信息:   started user thread for Warehouse 73
2月 15, 2026 11:03:11 下午 spec.jbb.JBBmain DoARun -> 信息:   started user thread for Warehouse 74
2月 15, 2026 11:03:11 下午 spec.jbb.JBBmain DoARun -> 信息:   started user thread for Warehouse 75
2月 15, 2026 11:03:11 下午 spec.jbb.JBBmain DoARun -> 信息:   started user thread for Warehouse 76
2月 15, 2026 11:03:11 下午 spec.jbb.JBBmain DoARun -> 信息:   started user thread for Warehouse 77
2月 15, 2026 11:03:11 下午 spec.jbb.JBBmain DoARun -> 信息:   started user thread for Warehouse 78
2月 15, 2026 11:03:11 下午 spec.jbb.JBBmain DoARun -> 信息:   started user thread for Warehouse 79
2月 15, 2026 11:03:11 下午 spec.jbb.JBBmain DoARun -> 信息:   started user thread for Warehouse 80
2月 15, 2026 11:03:11 下午 spec.jbb.JBBmain DoARun -> 信息:   started user thread for Warehouse 81
2月 15, 2026 11:03:11 下午 spec.jbb.JBBmain DoARun -> 信息:   started user thread for Warehouse 82
2月 15, 2026 11:03:11 下午 spec.jbb.JBBmain DoARun -> 信息:   started user thread for Warehouse 83
2月 15, 2026 11:03:11 下午 spec.jbb.JBBmain DoARun -> 信息:   started user thread for Warehouse 84
2月 15, 2026 11:03:11 下午 spec.jbb.JBBmain DoARun -> 信息:   started user thread for Warehouse 85
2月 15, 2026 11:03:11 下午 spec.jbb.JBBmain DoARun -> 信息:   started user thread for Warehouse 86
2月 15, 2026 11:03:11 下午 spec.jbb.JBBmain DoARun -> 信息:   started user thread for Warehouse 87
2月 15, 2026 11:03:11 下午 spec.jbb.JBBmain DoARun -> 信息:   started user thread for Warehouse 88
2月 15, 2026 11:03:11 下午 spec.jbb.JBBmain DoARun -> 信息:   started user thread for Warehouse 89
2月 15, 2026 11:03:11 下午 spec.jbb.JBBmain DoARun -> 信息:   started user thread for Warehouse 90
2月 15, 2026 11:03:11 下午 spec.jbb.JBBmain DoARun -> 信息:   started user thread for Warehouse 91
2月 15, 2026 11:03:11 下午 spec.jbb.JBBmain DoARun -> 信息:   started user thread for Warehouse 92
2月 15, 2026 11:03:11 下午 spec.jbb.JBBmain DoARun -> 信息:   started user thread for Warehouse 93
2月 15, 2026 11:03:11 下午 spec.jbb.JBBmain DoARun -> 信息:   started user thread for Warehouse 94
2月 15, 2026 11:03:11 下午 spec.jbb.JBBmain DoARun -> 信息:   started user thread for Warehouse 95
2月 15, 2026 11:03:11 下午 spec.jbb.JBBmain DoARun -> 信息:   started user thread for Warehouse 96
2月 15, 2026 11:03:11 下午 spec.jbb.JBBmain DoARun -> 信息:   started user thread for Warehouse 97
2月 15, 2026 11:03:11 下午 spec.jbb.JBBmain DoARun -> 信息:   started user thread for Warehouse 98
2月 15, 2026 11:03:11 下午 spec.jbb.JBBmain DoARun -> 信息:   started user thread for Warehouse 99
2月 15, 2026 11:03:11 下午 spec.jbb.JBBmain DoARun -> 信息:   started user thread for Warehouse 100
2月 15, 2026 11:03:11 下午 spec.jbb.JBBmain DoARun -> 信息:   started user thread for Warehouse 101
2月 15, 2026 11:03:11 下午 spec.jbb.JBBmain DoARun -> 信息:   started user thread for Warehouse 102
2月 15, 2026 11:03:11 下午 spec.jbb.JBBmain DoARun -> 信息:   started user thread for Warehouse 103
2月 15, 2026 11:03:11 下午 spec.jbb.JBBmain DoARun -> 信息:   started user thread for Warehouse 104
2月 15, 2026 11:03:11 下午 spec.jbb.JBBmain DoARun -> 信息:   started user thread for Warehouse 105
2月 15, 2026 11:03:11 下午 spec.jbb.JBBmain DoARun -> 信息:   started user thread for Warehouse 106
2月 15, 2026 11:03:11 下午 spec.jbb.JBBmain DoARun -> 信息:   started user thread for Warehouse 107
2月 15, 2026 11:03:11 下午 spec.jbb.JBBmain DoARun -> 信息:   started user thread for Warehouse 108
2月 15, 2026 11:03:11 下午 spec.jbb.JBBmain DoARun -> 信息:   started user thread for Warehouse 109
2月 15, 2026 11:03:11 下午 spec.jbb.JBBmain DoARun -> 信息:   started user thread for Warehouse 110
2月 15, 2026 11:03:11 下午 spec.jbb.JBBmain DoARun -> 信息:   started user thread for Warehouse 111
2月 15, 2026 11:03:11 下午 spec.jbb.JBBmain DoARun -> 信息:   started user thread for Warehouse 112
2月 15, 2026 11:03:11 下午 spec.jbb.JBBmain DoARun -> 信息:   started user thread for Warehouse 113
2月 15, 2026 11:03:11 下午 spec.jbb.JBBmain DoARun -> 信息:   started user thread for Warehouse 114
2月 15, 2026 11:03:11 下午 spec.jbb.JBBmain DoARun -> 信息:   started user thread for Warehouse 115
2月 15, 2026 11:03:11 下午 spec.jbb.JBBmain DoARun -> 信息:   started user thread for Warehouse 116
2月 15, 2026 11:03:11 下午 spec.jbb.JBBmain DoARun -> 信息:   started user thread for Warehouse 117
2月 15, 2026 11:03:11 下午 spec.jbb.JBBmain DoARun -> 信息:   started user thread for Warehouse 118
2月 15, 2026 11:03:11 下午 spec.jbb.JBBmain DoARun -> 信息:   started user thread for Warehouse 119
2月 15, 2026 11:03:11 下午 spec.jbb.JBBmain DoARun -> 信息:   started user thread for Warehouse 120
2月 15, 2026 11:03:11 下午 spec.jbb.Company displayResultTotals -> 信息: Timing Measurement began Sun Feb 15 23:03:11 CST 2026 for 4 minutes
2月 15, 2026 11:07:11 下午 spec.jbb.Company displayResultTotals -> 信息: Timing Measurement ended Sun Feb 15 23:07:11 CST 2026
2月 15, 2026 11:07:11 下午 spec.jbb.Company primeWithDummyData -> 信息: Loading Warehouse 121...
2月 15, 2026 11:07:11 下午 spec.jbb.JBBmain DoARun -> 信息: Start User Threads
2月 15, 2026 11:07:11 下午 spec.jbb.JBBmain DoARun -> 信息:   started user thread for Warehouse 1
2月 15, 2026 11:07:11 下午 spec.jbb.JBBmain DoARun -> 信息:   started user thread for Warehouse 2
2月 15, 2026 11:07:11 下午 spec.jbb.JBBmain DoARun -> 信息:   started user thread for Warehouse 3
2月 15, 2026 11:07:11 下午 spec.jbb.JBBmain DoARun -> 信息:   started user thread for Warehouse 4
2月 15, 2026 11:07:11 下午 spec.jbb.JBBmain DoARun -> 信息:   started user thread for Warehouse 5
2月 15, 2026 11:07:11 下午 spec.jbb.JBBmain DoARun -> 信息:   started user thread for Warehouse 6
2月 15, 2026 11:07:11 下午 spec.jbb.JBBmain DoARun -> 信息:   started user thread for Warehouse 7
2月 15, 2026 11:07:11 下午 spec.jbb.JBBmain DoARun -> 信息:   started user thread for Warehouse 8
2月 15, 2026 11:07:11 下午 spec.jbb.JBBmain DoARun -> 信息:   started user thread for Warehouse 9
2月 15, 2026 11:07:11 下午 spec.jbb.JBBmain DoARun -> 信息:   started user thread for Warehouse 10
2月 15, 2026 11:07:11 下午 spec.jbb.JBBmain DoARun -> 信息:   started user thread for Warehouse 11
2月 15, 2026 11:07:11 下午 spec.jbb.JBBmain DoARun -> 信息:   started user thread for Warehouse 12
2月 15, 2026 11:07:11 下午 spec.jbb.JBBmain DoARun -> 信息:   started user thread for Warehouse 13
2月 15, 2026 11:07:11 下午 spec.jbb.JBBmain DoARun -> 信息:   started user thread for Warehouse 14
2月 15, 2026 11:07:11 下午 spec.jbb.JBBmain DoARun -> 信息:   started user thread for Warehouse 15
2月 15, 2026 11:07:11 下午 spec.jbb.JBBmain DoARun -> 信息:   started user thread for Warehouse 16
2月 15, 2026 11:07:11 下午 spec.jbb.JBBmain DoARun -> 信息:   started user thread for Warehouse 17
2月 15, 2026 11:07:11 下午 spec.jbb.JBBmain DoARun -> 信息:   started user thread for Warehouse 18
2月 15, 2026 11:07:11 下午 spec.jbb.JBBmain DoARun -> 信息:   started user thread for Warehouse 19
2月 15, 2026 11:07:11 下午 spec.jbb.JBBmain DoARun -> 信息:   started user thread for Warehouse 20
2月 15, 2026 11:07:11 下午 spec.jbb.JBBmain DoARun -> 信息:   started user thread for Warehouse 21
2月 15, 2026 11:07:11 下午 spec.jbb.JBBmain DoARun -> 信息:   started user thread for Warehouse 22
2月 15, 2026 11:07:11 下午 spec.jbb.JBBmain DoARun -> 信息:   started user thread for Warehouse 23
2月 15, 2026 11:07:11 下午 spec.jbb.JBBmain DoARun -> 信息:   started user thread for Warehouse 24
2月 15, 2026 11:07:11 下午 spec.jbb.JBBmain DoARun -> 信息:   started user thread for Warehouse 25
2月 15, 2026 11:07:11 下午 spec.jbb.JBBmain DoARun -> 信息:   started user thread for Warehouse 26
2月 15, 2026 11:07:11 下午 spec.jbb.JBBmain DoARun -> 信息:   started user thread for Warehouse 27
2月 15, 2026 11:07:11 下午 spec.jbb.JBBmain DoARun -> 信息:   started user thread for Warehouse 28
2月 15, 2026 11:07:11 下午 spec.jbb.JBBmain DoARun -> 信息:   started user thread for Warehouse 29
2月 15, 2026 11:07:11 下午 spec.jbb.JBBmain DoARun -> 信息:   started user thread for Warehouse 30
2月 15, 2026 11:07:11 下午 spec.jbb.JBBmain DoARun -> 信息:   started user thread for Warehouse 31
2月 15, 2026 11:07:11 下午 spec.jbb.JBBmain DoARun -> 信息:   started user thread for Warehouse 32
2月 15, 2026 11:07:11 下午 spec.jbb.JBBmain DoARun -> 信息:   started user thread for Warehouse 33
2月 15, 2026 11:07:11 下午 spec.jbb.JBBmain DoARun -> 信息:   started user thread for Warehouse 34
2月 15, 2026 11:07:11 下午 spec.jbb.JBBmain DoARun -> 信息:   started user thread for Warehouse 35
2月 15, 2026 11:07:11 下午 spec.jbb.JBBmain DoARun -> 信息:   started user thread for Warehouse 36
2月 15, 2026 11:07:11 下午 spec.jbb.JBBmain DoARun -> 信息:   started user thread for Warehouse 37
2月 15, 2026 11:07:11 下午 spec.jbb.JBBmain DoARun -> 信息:   started user thread for Warehouse 38
2月 15, 2026 11:07:11 下午 spec.jbb.JBBmain DoARun -> 信息:   started user thread for Warehouse 39
2月 15, 2026 11:07:11 下午 spec.jbb.JBBmain DoARun -> 信息:   started user thread for Warehouse 40
2月 15, 2026 11:07:11 下午 spec.jbb.JBBmain DoARun -> 信息:   started user thread for Warehouse 41
2月 15, 2026 11:07:11 下午 spec.jbb.JBBmain DoARun -> 信息:   started user thread for Warehouse 42
2月 15, 2026 11:07:11 下午 spec.jbb.JBBmain DoARun -> 信息:   started user thread for Warehouse 43
2月 15, 2026 11:07:11 下午 spec.jbb.JBBmain DoARun -> 信息:   started user thread for Warehouse 44
2月 15, 2026 11:07:11 下午 spec.jbb.JBBmain DoARun -> 信息:   started user thread for Warehouse 45
2月 15, 2026 11:07:11 下午 spec.jbb.JBBmain DoARun -> 信息:   started user thread for Warehouse 46
2月 15, 2026 11:07:11 下午 spec.jbb.JBBmain DoARun -> 信息:   started user thread for Warehouse 47
2月 15, 2026 11:07:11 下午 spec.jbb.JBBmain DoARun -> 信息:   started user thread for Warehouse 48
2月 15, 2026 11:07:11 下午 spec.jbb.JBBmain DoARun -> 信息:   started user thread for Warehouse 49
2月 15, 2026 11:07:11 下午 spec.jbb.JBBmain DoARun -> 信息:   started user thread for Warehouse 50
2月 15, 2026 11:07:11 下午 spec.jbb.JBBmain DoARun -> 信息:   started user thread for Warehouse 51
2月 15, 2026 11:07:11 下午 spec.jbb.JBBmain DoARun -> 信息:   started user thread for Warehouse 52
2月 15, 2026 11:07:11 下午 spec.jbb.JBBmain DoARun -> 信息:   started user thread for Warehouse 53
2月 15, 2026 11:07:11 下午 spec.jbb.JBBmain DoARun -> 信息:   started user thread for Warehouse 54
2月 15, 2026 11:07:11 下午 spec.jbb.JBBmain DoARun -> 信息:   started user thread for Warehouse 55
2月 15, 2026 11:07:11 下午 spec.jbb.JBBmain DoARun -> 信息:   started user thread for Warehouse 56
2月 15, 2026 11:07:11 下午 spec.jbb.JBBmain DoARun -> 信息:   started user thread for Warehouse 57
2月 15, 2026 11:07:11 下午 spec.jbb.JBBmain DoARun -> 信息:   started user thread for Warehouse 58
2月 15, 2026 11:07:11 下午 spec.jbb.JBBmain DoARun -> 信息:   started user thread for Warehouse 59
2月 15, 2026 11:07:11 下午 spec.jbb.JBBmain DoARun -> 信息:   started user thread for Warehouse 60
2月 15, 2026 11:07:11 下午 spec.jbb.JBBmain DoARun -> 信息:   started user thread for Warehouse 61
2月 15, 2026 11:07:11 下午 spec.jbb.JBBmain DoARun -> 信息:   started user thread for Warehouse 62
2月 15, 2026 11:07:11 下午 spec.jbb.JBBmain DoARun -> 信息:   started user thread for Warehouse 63
2月 15, 2026 11:07:11 下午 spec.jbb.JBBmain DoARun -> 信息:   started user thread for Warehouse 64
2月 15, 2026 11:07:11 下午 spec.jbb.JBBmain DoARun -> 信息:   started user thread for Warehouse 65
2月 15, 2026 11:07:11 下午 spec.jbb.JBBmain DoARun -> 信息:   started user thread for Warehouse 66
2月 15, 2026 11:07:11 下午 spec.jbb.JBBmain DoARun -> 信息:   started user thread for Warehouse 67
2月 15, 2026 11:07:11 下午 spec.jbb.JBBmain DoARun -> 信息:   started user thread for Warehouse 68
2月 15, 2026 11:07:11 下午 spec.jbb.JBBmain DoARun -> 信息:   started user thread for Warehouse 69
2月 15, 2026 11:07:11 下午 spec.jbb.JBBmain DoARun -> 信息:   started user thread for Warehouse 70
2月 15, 2026 11:07:11 下午 spec.jbb.JBBmain DoARun -> 信息:   started user thread for Warehouse 71
2月 15, 2026 11:07:11 下午 spec.jbb.JBBmain DoARun -> 信息:   started user thread for Warehouse 72
2月 15, 2026 11:07:11 下午 spec.jbb.JBBmain DoARun -> 信息:   started user thread for Warehouse 73
2月 15, 2026 11:07:11 下午 spec.jbb.JBBmain DoARun -> 信息:   started user thread for Warehouse 74
2月 15, 2026 11:07:11 下午 spec.jbb.JBBmain DoARun -> 信息:   started user thread for Warehouse 75
2月 15, 2026 11:07:11 下午 spec.jbb.JBBmain DoARun -> 信息:   started user thread for Warehouse 76
2月 15, 2026 11:07:11 下午 spec.jbb.JBBmain DoARun -> 信息:   started user thread for Warehouse 77
2月 15, 2026 11:07:11 下午 spec.jbb.JBBmain DoARun -> 信息:   started user thread for Warehouse 78
2月 15, 2026 11:07:11 下午 spec.jbb.JBBmain DoARun -> 信息:   started user thread for Warehouse 79
2月 15, 2026 11:07:11 下午 spec.jbb.JBBmain DoARun -> 信息:   started user thread for Warehouse 80
2月 15, 2026 11:07:11 下午 spec.jbb.JBBmain DoARun -> 信息:   started user thread for Warehouse 81
2月 15, 2026 11:07:11 下午 spec.jbb.JBBmain DoARun -> 信息:   started user thread for Warehouse 82
2月 15, 2026 11:07:11 下午 spec.jbb.JBBmain DoARun -> 信息:   started user thread for Warehouse 83
2月 15, 2026 11:07:11 下午 spec.jbb.JBBmain DoARun -> 信息:   started user thread for Warehouse 84
2月 15, 2026 11:07:11 下午 spec.jbb.JBBmain DoARun -> 信息:   started user thread for Warehouse 85
2月 15, 2026 11:07:11 下午 spec.jbb.JBBmain DoARun -> 信息:   started user thread for Warehouse 86
2月 15, 2026 11:07:11 下午 spec.jbb.JBBmain DoARun -> 信息:   started user thread for Warehouse 87
2月 15, 2026 11:07:11 下午 spec.jbb.JBBmain DoARun -> 信息:   started user thread for Warehouse 88
2月 15, 2026 11:07:11 下午 spec.jbb.JBBmain DoARun -> 信息:   started user thread for Warehouse 89
2月 15, 2026 11:07:11 下午 spec.jbb.JBBmain DoARun -> 信息:   started user thread for Warehouse 90
2月 15, 2026 11:07:11 下午 spec.jbb.JBBmain DoARun -> 信息:   started user thread for Warehouse 91
2月 15, 2026 11:07:11 下午 spec.jbb.JBBmain DoARun -> 信息:   started user thread for Warehouse 92
2月 15, 2026 11:07:11 下午 spec.jbb.JBBmain DoARun -> 信息:   started user thread for Warehouse 93
2月 15, 2026 11:07:11 下午 spec.jbb.JBBmain DoARun -> 信息:   started user thread for Warehouse 94
2月 15, 2026 11:07:11 下午 spec.jbb.JBBmain DoARun -> 信息:   started user thread for Warehouse 95
2月 15, 2026 11:07:11 下午 spec.jbb.JBBmain DoARun -> 信息:   started user thread for Warehouse 96
2月 15, 2026 11:07:11 下午 spec.jbb.JBBmain DoARun -> 信息:   started user thread for Warehouse 97
2月 15, 2026 11:07:11 下午 spec.jbb.JBBmain DoARun -> 信息:   started user thread for Warehouse 98
2月 15, 2026 11:07:11 下午 spec.jbb.JBBmain DoARun -> 信息:   started user thread for Warehouse 99
2月 15, 2026 11:07:11 下午 spec.jbb.JBBmain DoARun -> 信息:   started user thread for Warehouse 100
2月 15, 2026 11:07:11 下午 spec.jbb.JBBmain DoARun -> 信息:   started user thread for Warehouse 101
2月 15, 2026 11:07:11 下午 spec.jbb.JBBmain DoARun -> 信息:   started user thread for Warehouse 102
2月 15, 2026 11:07:11 下午 spec.jbb.JBBmain DoARun -> 信息:   started user thread for Warehouse 103
2月 15, 2026 11:07:11 下午 spec.jbb.JBBmain DoARun -> 信息:   started user thread for Warehouse 104
2月 15, 2026 11:07:11 下午 spec.jbb.JBBmain DoARun -> 信息:   started user thread for Warehouse 105
2月 15, 2026 11:07:11 下午 spec.jbb.JBBmain DoARun -> 信息:   started user thread for Warehouse 106
2月 15, 2026 11:07:11 下午 spec.jbb.JBBmain DoARun -> 信息:   started user thread for Warehouse 107
2月 15, 2026 11:07:11 下午 spec.jbb.JBBmain DoARun -> 信息:   started user thread for Warehouse 108
2月 15, 2026 11:07:11 下午 spec.jbb.JBBmain DoARun -> 信息:   started user thread for Warehouse 109
2月 15, 2026 11:07:11 下午 spec.jbb.JBBmain DoARun -> 信息:   started user thread for Warehouse 110
2月 15, 2026 11:07:11 下午 spec.jbb.JBBmain DoARun -> 信息:   started user thread for Warehouse 111
2月 15, 2026 11:07:11 下午 spec.jbb.JBBmain DoARun -> 信息:   started user thread for Warehouse 112
2月 15, 2026 11:07:11 下午 spec.jbb.JBBmain DoARun -> 信息:   started user thread for Warehouse 113
2月 15, 2026 11:07:11 下午 spec.jbb.JBBmain DoARun -> 信息:   started user thread for Warehouse 114
2月 15, 2026 11:07:11 下午 spec.jbb.JBBmain DoARun -> 信息:   started user thread for Warehouse 115
2月 15, 2026 11:07:11 下午 spec.jbb.JBBmain DoARun -> 信息:   started user thread for Warehouse 116
2月 15, 2026 11:07:11 下午 spec.jbb.JBBmain DoARun -> 信息:   started user thread for Warehouse 117
2月 15, 2026 11:07:11 下午 spec.jbb.JBBmain DoARun -> 信息:   started user thread for Warehouse 118
2月 15, 2026 11:07:11 下午 spec.jbb.JBBmain DoARun -> 信息:   started user thread for Warehouse 119
2月 15, 2026 11:07:11 下午 spec.jbb.JBBmain DoARun -> 信息:   started user thread for Warehouse 120
2月 15, 2026 11:07:11 下午 spec.jbb.JBBmain DoARun -> 信息:   started user thread for Warehouse 121
2月 15, 2026 11:07:11 下午 spec.jbb.Company displayResultTotals -> 信息: Timing Measurement began Sun Feb 15 23:07:11 CST 2026 for 4 minutes
2月 15, 2026 11:11:11 下午 spec.jbb.Company displayResultTotals -> 信息: Timing Measurement ended Sun Feb 15 23:11:11 CST 2026
2月 15, 2026 11:11:12 下午 spec.jbb.Company primeWithDummyData -> 信息: Loading Warehouse 122...
2月 15, 2026 11:11:12 下午 spec.jbb.JBBmain DoARun -> 信息: Start User Threads
2月 15, 2026 11:11:12 下午 spec.jbb.JBBmain DoARun -> 信息:   started user thread for Warehouse 1
2月 15, 2026 11:11:12 下午 spec.jbb.JBBmain DoARun -> 信息:   started user thread for Warehouse 2
2月 15, 2026 11:11:12 下午 spec.jbb.JBBmain DoARun -> 信息:   started user thread for Warehouse 3
2月 15, 2026 11:11:12 下午 spec.jbb.JBBmain DoARun -> 信息:   started user thread for Warehouse 4
2月 15, 2026 11:11:12 下午 spec.jbb.JBBmain DoARun -> 信息:   started user thread for Warehouse 5
2月 15, 2026 11:11:12 下午 spec.jbb.JBBmain DoARun -> 信息:   started user thread for Warehouse 6
2月 15, 2026 11:11:12 下午 spec.jbb.JBBmain DoARun -> 信息:   started user thread for Warehouse 7
2月 15, 2026 11:11:12 下午 spec.jbb.JBBmain DoARun -> 信息:   started user thread for Warehouse 8
2月 15, 2026 11:11:12 下午 spec.jbb.JBBmain DoARun -> 信息:   started user thread for Warehouse 9
2月 15, 2026 11:11:12 下午 spec.jbb.JBBmain DoARun -> 信息:   started user thread for Warehouse 10
2月 15, 2026 11:11:12 下午 spec.jbb.JBBmain DoARun -> 信息:   started user thread for Warehouse 11
2月 15, 2026 11:11:12 下午 spec.jbb.JBBmain DoARun -> 信息:   started user thread for Warehouse 12
2月 15, 2026 11:11:12 下午 spec.jbb.JBBmain DoARun -> 信息:   started user thread for Warehouse 13
2月 15, 2026 11:11:12 下午 spec.jbb.JBBmain DoARun -> 信息:   started user thread for Warehouse 14
2月 15, 2026 11:11:12 下午 spec.jbb.JBBmain DoARun -> 信息:   started user thread for Warehouse 15
2月 15, 2026 11:11:12 下午 spec.jbb.JBBmain DoARun -> 信息:   started user thread for Warehouse 16
2月 15, 2026 11:11:12 下午 spec.jbb.JBBmain DoARun -> 信息:   started user thread for Warehouse 17
2月 15, 2026 11:11:12 下午 spec.jbb.JBBmain DoARun -> 信息:   started user thread for Warehouse 18
2月 15, 2026 11:11:12 下午 spec.jbb.JBBmain DoARun -> 信息:   started user thread for Warehouse 19
2月 15, 2026 11:11:12 下午 spec.jbb.JBBmain DoARun -> 信息:   started user thread for Warehouse 20
2月 15, 2026 11:11:12 下午 spec.jbb.JBBmain DoARun -> 信息:   started user thread for Warehouse 21
2月 15, 2026 11:11:12 下午 spec.jbb.JBBmain DoARun -> 信息:   started user thread for Warehouse 22
2月 15, 2026 11:11:12 下午 spec.jbb.JBBmain DoARun -> 信息:   started user thread for Warehouse 23
2月 15, 2026 11:11:12 下午 spec.jbb.JBBmain DoARun -> 信息:   started user thread for Warehouse 24
2月 15, 2026 11:11:12 下午 spec.jbb.JBBmain DoARun -> 信息:   started user thread for Warehouse 25
2月 15, 2026 11:11:12 下午 spec.jbb.JBBmain DoARun -> 信息:   started user thread for Warehouse 26
2月 15, 2026 11:11:12 下午 spec.jbb.JBBmain DoARun -> 信息:   started user thread for Warehouse 27
2月 15, 2026 11:11:12 下午 spec.jbb.JBBmain DoARun -> 信息:   started user thread for Warehouse 28
2月 15, 2026 11:11:12 下午 spec.jbb.JBBmain DoARun -> 信息:   started user thread for Warehouse 29
2月 15, 2026 11:11:12 下午 spec.jbb.JBBmain DoARun -> 信息:   started user thread for Warehouse 30
2月 15, 2026 11:11:12 下午 spec.jbb.JBBmain DoARun -> 信息:   started user thread for Warehouse 31
2月 15, 2026 11:11:12 下午 spec.jbb.JBBmain DoARun -> 信息:   started user thread for Warehouse 32
2月 15, 2026 11:11:12 下午 spec.jbb.JBBmain DoARun -> 信息:   started user thread for Warehouse 33
2月 15, 2026 11:11:12 下午 spec.jbb.JBBmain DoARun -> 信息:   started user thread for Warehouse 34
2月 15, 2026 11:11:12 下午 spec.jbb.JBBmain DoARun -> 信息:   started user thread for Warehouse 35
2月 15, 2026 11:11:12 下午 spec.jbb.JBBmain DoARun -> 信息:   started user thread for Warehouse 36
2月 15, 2026 11:11:12 下午 spec.jbb.JBBmain DoARun -> 信息:   started user thread for Warehouse 37
2月 15, 2026 11:11:12 下午 spec.jbb.JBBmain DoARun -> 信息:   started user thread for Warehouse 38
2月 15, 2026 11:11:12 下午 spec.jbb.JBBmain DoARun -> 信息:   started user thread for Warehouse 39
2月 15, 2026 11:11:12 下午 spec.jbb.JBBmain DoARun -> 信息:   started user thread for Warehouse 40
2月 15, 2026 11:11:12 下午 spec.jbb.JBBmain DoARun -> 信息:   started user thread for Warehouse 41
2月 15, 2026 11:11:12 下午 spec.jbb.JBBmain DoARun -> 信息:   started user thread for Warehouse 42
2月 15, 2026 11:11:12 下午 spec.jbb.JBBmain DoARun -> 信息:   started user thread for Warehouse 43
2月 15, 2026 11:11:12 下午 spec.jbb.JBBmain DoARun -> 信息:   started user thread for Warehouse 44
2月 15, 2026 11:11:12 下午 spec.jbb.JBBmain DoARun -> 信息:   started user thread for Warehouse 45
2月 15, 2026 11:11:12 下午 spec.jbb.JBBmain DoARun -> 信息:   started user thread for Warehouse 46
2月 15, 2026 11:11:12 下午 spec.jbb.JBBmain DoARun -> 信息:   started user thread for Warehouse 47
2月 15, 2026 11:11:12 下午 spec.jbb.JBBmain DoARun -> 信息:   started user thread for Warehouse 48
2月 15, 2026 11:11:12 下午 spec.jbb.JBBmain DoARun -> 信息:   started user thread for Warehouse 49
2月 15, 2026 11:11:12 下午 spec.jbb.JBBmain DoARun -> 信息:   started user thread for Warehouse 50
2月 15, 2026 11:11:12 下午 spec.jbb.JBBmain DoARun -> 信息:   started user thread for Warehouse 51
2月 15, 2026 11:11:12 下午 spec.jbb.JBBmain DoARun -> 信息:   started user thread for Warehouse 52
2月 15, 2026 11:11:12 下午 spec.jbb.JBBmain DoARun -> 信息:   started user thread for Warehouse 53
2月 15, 2026 11:11:12 下午 spec.jbb.JBBmain DoARun -> 信息:   started user thread for Warehouse 54
2月 15, 2026 11:11:12 下午 spec.jbb.JBBmain DoARun -> 信息:   started user thread for Warehouse 55
2月 15, 2026 11:11:12 下午 spec.jbb.JBBmain DoARun -> 信息:   started user thread for Warehouse 56
2月 15, 2026 11:11:12 下午 spec.jbb.JBBmain DoARun -> 信息:   started user thread for Warehouse 57
2月 15, 2026 11:11:12 下午 spec.jbb.JBBmain DoARun -> 信息:   started user thread for Warehouse 58
2月 15, 2026 11:11:12 下午 spec.jbb.JBBmain DoARun -> 信息:   started user thread for Warehouse 59
2月 15, 2026 11:11:12 下午 spec.jbb.JBBmain DoARun -> 信息:   started user thread for Warehouse 60
2月 15, 2026 11:11:12 下午 spec.jbb.JBBmain DoARun -> 信息:   started user thread for Warehouse 61
2月 15, 2026 11:11:12 下午 spec.jbb.JBBmain DoARun -> 信息:   started user thread for Warehouse 62
2月 15, 2026 11:11:12 下午 spec.jbb.JBBmain DoARun -> 信息:   started user thread for Warehouse 63
2月 15, 2026 11:11:12 下午 spec.jbb.JBBmain DoARun -> 信息:   started user thread for Warehouse 64
2月 15, 2026 11:11:12 下午 spec.jbb.JBBmain DoARun -> 信息:   started user thread for Warehouse 65
2月 15, 2026 11:11:12 下午 spec.jbb.JBBmain DoARun -> 信息:   started user thread for Warehouse 66
2月 15, 2026 11:11:12 下午 spec.jbb.JBBmain DoARun -> 信息:   started user thread for Warehouse 67
2月 15, 2026 11:11:12 下午 spec.jbb.JBBmain DoARun -> 信息:   started user thread for Warehouse 68
2月 15, 2026 11:11:12 下午 spec.jbb.JBBmain DoARun -> 信息:   started user thread for Warehouse 69
2月 15, 2026 11:11:12 下午 spec.jbb.JBBmain DoARun -> 信息:   started user thread for Warehouse 70
2月 15, 2026 11:11:12 下午 spec.jbb.JBBmain DoARun -> 信息:   started user thread for Warehouse 71
2月 15, 2026 11:11:12 下午 spec.jbb.JBBmain DoARun -> 信息:   started user thread for Warehouse 72
2月 15, 2026 11:11:12 下午 spec.jbb.JBBmain DoARun -> 信息:   started user thread for Warehouse 73
2月 15, 2026 11:11:12 下午 spec.jbb.JBBmain DoARun -> 信息:   started user thread for Warehouse 74
2月 15, 2026 11:11:12 下午 spec.jbb.JBBmain DoARun -> 信息:   started user thread for Warehouse 75
2月 15, 2026 11:11:12 下午 spec.jbb.JBBmain DoARun -> 信息:   started user thread for Warehouse 76
2月 15, 2026 11:11:12 下午 spec.jbb.JBBmain DoARun -> 信息:   started user thread for Warehouse 77
2月 15, 2026 11:11:12 下午 spec.jbb.JBBmain DoARun -> 信息:   started user thread for Warehouse 78
2月 15, 2026 11:11:12 下午 spec.jbb.JBBmain DoARun -> 信息:   started user thread for Warehouse 79
2月 15, 2026 11:11:12 下午 spec.jbb.JBBmain DoARun -> 信息:   started user thread for Warehouse 80
2月 15, 2026 11:11:12 下午 spec.jbb.JBBmain DoARun -> 信息:   started user thread for Warehouse 81
2月 15, 2026 11:11:12 下午 spec.jbb.JBBmain DoARun -> 信息:   started user thread for Warehouse 82
2月 15, 2026 11:11:12 下午 spec.jbb.JBBmain DoARun -> 信息:   started user thread for Warehouse 83
2月 15, 2026 11:11:12 下午 spec.jbb.JBBmain DoARun -> 信息:   started user thread for Warehouse 84
2月 15, 2026 11:11:12 下午 spec.jbb.JBBmain DoARun -> 信息:   started user thread for Warehouse 85
2月 15, 2026 11:11:12 下午 spec.jbb.JBBmain DoARun -> 信息:   started user thread for Warehouse 86
2月 15, 2026 11:11:12 下午 spec.jbb.JBBmain DoARun -> 信息:   started user thread for Warehouse 87
2月 15, 2026 11:11:12 下午 spec.jbb.JBBmain DoARun -> 信息:   started user thread for Warehouse 88
2月 15, 2026 11:11:12 下午 spec.jbb.JBBmain DoARun -> 信息:   started user thread for Warehouse 89
2月 15, 2026 11:11:12 下午 spec.jbb.JBBmain DoARun -> 信息:   started user thread for Warehouse 90
2月 15, 2026 11:11:12 下午 spec.jbb.JBBmain DoARun -> 信息:   started user thread for Warehouse 91
2月 15, 2026 11:11:12 下午 spec.jbb.JBBmain DoARun -> 信息:   started user thread for Warehouse 92
2月 15, 2026 11:11:12 下午 spec.jbb.JBBmain DoARun -> 信息:   started user thread for Warehouse 93
2月 15, 2026 11:11:12 下午 spec.jbb.JBBmain DoARun -> 信息:   started user thread for Warehouse 94
2月 15, 2026 11:11:12 下午 spec.jbb.JBBmain DoARun -> 信息:   started user thread for Warehouse 95
2月 15, 2026 11:11:12 下午 spec.jbb.JBBmain DoARun -> 信息:   started user thread for Warehouse 96
2月 15, 2026 11:11:12 下午 spec.jbb.JBBmain DoARun -> 信息:   started user thread for Warehouse 97
2月 15, 2026 11:11:12 下午 spec.jbb.JBBmain DoARun -> 信息:   started user thread for Warehouse 98
2月 15, 2026 11:11:12 下午 spec.jbb.JBBmain DoARun -> 信息:   started user thread for Warehouse 99
2月 15, 2026 11:11:12 下午 spec.jbb.JBBmain DoARun -> 信息:   started user thread for Warehouse 100
2月 15, 2026 11:11:12 下午 spec.jbb.JBBmain DoARun -> 信息:   started user thread for Warehouse 101
2月 15, 2026 11:11:12 下午 spec.jbb.JBBmain DoARun -> 信息:   started user thread for Warehouse 102
2月 15, 2026 11:11:12 下午 spec.jbb.JBBmain DoARun -> 信息:   started user thread for Warehouse 103
2月 15, 2026 11:11:12 下午 spec.jbb.JBBmain DoARun -> 信息:   started user thread for Warehouse 104
2月 15, 2026 11:11:12 下午 spec.jbb.JBBmain DoARun -> 信息:   started user thread for Warehouse 105
2月 15, 2026 11:11:12 下午 spec.jbb.JBBmain DoARun -> 信息:   started user thread for Warehouse 106
2月 15, 2026 11:11:12 下午 spec.jbb.JBBmain DoARun -> 信息:   started user thread for Warehouse 107
2月 15, 2026 11:11:12 下午 spec.jbb.JBBmain DoARun -> 信息:   started user thread for Warehouse 108
2月 15, 2026 11:11:12 下午 spec.jbb.JBBmain DoARun -> 信息:   started user thread for Warehouse 109
2月 15, 2026 11:11:12 下午 spec.jbb.JBBmain DoARun -> 信息:   started user thread for Warehouse 110
2月 15, 2026 11:11:12 下午 spec.jbb.JBBmain DoARun -> 信息:   started user thread for Warehouse 111
2月 15, 2026 11:11:12 下午 spec.jbb.JBBmain DoARun -> 信息:   started user thread for Warehouse 112
2月 15, 2026 11:11:12 下午 spec.jbb.JBBmain DoARun -> 信息:   started user thread for Warehouse 113
2月 15, 2026 11:11:12 下午 spec.jbb.JBBmain DoARun -> 信息:   started user thread for Warehouse 114
2月 15, 2026 11:11:12 下午 spec.jbb.JBBmain DoARun -> 信息:   started user thread for Warehouse 115
2月 15, 2026 11:11:12 下午 spec.jbb.JBBmain DoARun -> 信息:   started user thread for Warehouse 116
2月 15, 2026 11:11:12 下午 spec.jbb.JBBmain DoARun -> 信息:   started user thread for Warehouse 117
2月 15, 2026 11:11:12 下午 spec.jbb.JBBmain DoARun -> 信息:   started user thread for Warehouse 118
2月 15, 2026 11:11:12 下午 spec.jbb.JBBmain DoARun -> 信息:   started user thread for Warehouse 119
2月 15, 2026 11:11:12 下午 spec.jbb.JBBmain DoARun -> 信息:   started user thread for Warehouse 120
2月 15, 2026 11:11:12 下午 spec.jbb.JBBmain DoARun -> 信息:   started user thread for Warehouse 121
2月 15, 2026 11:11:12 下午 spec.jbb.JBBmain DoARun -> 信息:   started user thread for Warehouse 122
2月 15, 2026 11:11:12 下午 spec.jbb.Company displayResultTotals -> 信息: Timing Measurement began Sun Feb 15 23:11:12 CST 2026 for 4 minutes
2月 15, 2026 11:15:12 下午 spec.jbb.Company displayResultTotals -> 信息: Timing Measurement ended Sun Feb 15 23:15:12 CST 2026
2月 15, 2026 11:15:12 下午 spec.jbb.Company primeWithDummyData -> 信息: Loading Warehouse 123...
2月 15, 2026 11:15:12 下午 spec.jbb.JBBmain DoARun -> 信息: Start User Threads
2月 15, 2026 11:15:12 下午 spec.jbb.JBBmain DoARun -> 信息:   started user thread for Warehouse 1
2月 15, 2026 11:15:12 下午 spec.jbb.JBBmain DoARun -> 信息:   started user thread for Warehouse 2
2月 15, 2026 11:15:12 下午 spec.jbb.JBBmain DoARun -> 信息:   started user thread for Warehouse 3
2月 15, 2026 11:15:12 下午 spec.jbb.JBBmain DoARun -> 信息:   started user thread for Warehouse 4
2月 15, 2026 11:15:12 下午 spec.jbb.JBBmain DoARun -> 信息:   started user thread for Warehouse 5
2月 15, 2026 11:15:12 下午 spec.jbb.JBBmain DoARun -> 信息:   started user thread for Warehouse 6
2月 15, 2026 11:15:12 下午 spec.jbb.JBBmain DoARun -> 信息:   started user thread for Warehouse 7
2月 15, 2026 11:15:12 下午 spec.jbb.JBBmain DoARun -> 信息:   started user thread for Warehouse 8
2月 15, 2026 11:15:12 下午 spec.jbb.JBBmain DoARun -> 信息:   started user thread for Warehouse 9
2月 15, 2026 11:15:12 下午 spec.jbb.JBBmain DoARun -> 信息:   started user thread for Warehouse 10
2月 15, 2026 11:15:12 下午 spec.jbb.JBBmain DoARun -> 信息:   started user thread for Warehouse 11
2月 15, 2026 11:15:12 下午 spec.jbb.JBBmain DoARun -> 信息:   started user thread for Warehouse 12
2月 15, 2026 11:15:12 下午 spec.jbb.JBBmain DoARun -> 信息:   started user thread for Warehouse 13
2月 15, 2026 11:15:12 下午 spec.jbb.JBBmain DoARun -> 信息:   started user thread for Warehouse 14
2月 15, 2026 11:15:12 下午 spec.jbb.JBBmain DoARun -> 信息:   started user thread for Warehouse 15
2月 15, 2026 11:15:12 下午 spec.jbb.JBBmain DoARun -> 信息:   started user thread for Warehouse 16
2月 15, 2026 11:15:12 下午 spec.jbb.JBBmain DoARun -> 信息:   started user thread for Warehouse 17
2月 15, 2026 11:15:12 下午 spec.jbb.JBBmain DoARun -> 信息:   started user thread for Warehouse 18
2月 15, 2026 11:15:12 下午 spec.jbb.JBBmain DoARun -> 信息:   started user thread for Warehouse 19
2月 15, 2026 11:15:12 下午 spec.jbb.JBBmain DoARun -> 信息:   started user thread for Warehouse 20
2月 15, 2026 11:15:12 下午 spec.jbb.JBBmain DoARun -> 信息:   started user thread for Warehouse 21
2月 15, 2026 11:15:12 下午 spec.jbb.JBBmain DoARun -> 信息:   started user thread for Warehouse 22
2月 15, 2026 11:15:12 下午 spec.jbb.JBBmain DoARun -> 信息:   started user thread for Warehouse 23
2月 15, 2026 11:15:12 下午 spec.jbb.JBBmain DoARun -> 信息:   started user thread for Warehouse 24
2月 15, 2026 11:15:12 下午 spec.jbb.JBBmain DoARun -> 信息:   started user thread for Warehouse 25
2月 15, 2026 11:15:12 下午 spec.jbb.JBBmain DoARun -> 信息:   started user thread for Warehouse 26
2月 15, 2026 11:15:12 下午 spec.jbb.JBBmain DoARun -> 信息:   started user thread for Warehouse 27
2月 15, 2026 11:15:12 下午 spec.jbb.JBBmain DoARun -> 信息:   started user thread for Warehouse 28
2月 15, 2026 11:15:12 下午 spec.jbb.JBBmain DoARun -> 信息:   started user thread for Warehouse 29
2月 15, 2026 11:15:12 下午 spec.jbb.JBBmain DoARun -> 信息:   started user thread for Warehouse 30
2月 15, 2026 11:15:12 下午 spec.jbb.JBBmain DoARun -> 信息:   started user thread for Warehouse 31
2月 15, 2026 11:15:12 下午 spec.jbb.JBBmain DoARun -> 信息:   started user thread for Warehouse 32
2月 15, 2026 11:15:12 下午 spec.jbb.JBBmain DoARun -> 信息:   started user thread for Warehouse 33
2月 15, 2026 11:15:12 下午 spec.jbb.JBBmain DoARun -> 信息:   started user thread for Warehouse 34
2月 15, 2026 11:15:12 下午 spec.jbb.JBBmain DoARun -> 信息:   started user thread for Warehouse 35
2月 15, 2026 11:15:12 下午 spec.jbb.JBBmain DoARun -> 信息:   started user thread for Warehouse 36
2月 15, 2026 11:15:12 下午 spec.jbb.JBBmain DoARun -> 信息:   started user thread for Warehouse 37
2月 15, 2026 11:15:12 下午 spec.jbb.JBBmain DoARun -> 信息:   started user thread for Warehouse 38
2月 15, 2026 11:15:12 下午 spec.jbb.JBBmain DoARun -> 信息:   started user thread for Warehouse 39
2月 15, 2026 11:15:12 下午 spec.jbb.JBBmain DoARun -> 信息:   started user thread for Warehouse 40
2月 15, 2026 11:15:12 下午 spec.jbb.JBBmain DoARun -> 信息:   started user thread for Warehouse 41
2月 15, 2026 11:15:12 下午 spec.jbb.JBBmain DoARun -> 信息:   started user thread for Warehouse 42
2月 15, 2026 11:15:12 下午 spec.jbb.JBBmain DoARun -> 信息:   started user thread for Warehouse 43
2月 15, 2026 11:15:12 下午 spec.jbb.JBBmain DoARun -> 信息:   started user thread for Warehouse 44
2月 15, 2026 11:15:12 下午 spec.jbb.JBBmain DoARun -> 信息:   started user thread for Warehouse 45
2月 15, 2026 11:15:12 下午 spec.jbb.JBBmain DoARun -> 信息:   started user thread for Warehouse 46
2月 15, 2026 11:15:12 下午 spec.jbb.JBBmain DoARun -> 信息:   started user thread for Warehouse 47
2月 15, 2026 11:15:12 下午 spec.jbb.JBBmain DoARun -> 信息:   started user thread for Warehouse 48
2月 15, 2026 11:15:12 下午 spec.jbb.JBBmain DoARun -> 信息:   started user thread for Warehouse 49
2月 15, 2026 11:15:12 下午 spec.jbb.JBBmain DoARun -> 信息:   started user thread for Warehouse 50
2月 15, 2026 11:15:12 下午 spec.jbb.JBBmain DoARun -> 信息:   started user thread for Warehouse 51
2月 15, 2026 11:15:12 下午 spec.jbb.JBBmain DoARun -> 信息:   started user thread for Warehouse 52
2月 15, 2026 11:15:12 下午 spec.jbb.JBBmain DoARun -> 信息:   started user thread for Warehouse 53
2月 15, 2026 11:15:12 下午 spec.jbb.JBBmain DoARun -> 信息:   started user thread for Warehouse 54
2月 15, 2026 11:15:12 下午 spec.jbb.JBBmain DoARun -> 信息:   started user thread for Warehouse 55
2月 15, 2026 11:15:12 下午 spec.jbb.JBBmain DoARun -> 信息:   started user thread for Warehouse 56
2月 15, 2026 11:15:12 下午 spec.jbb.JBBmain DoARun -> 信息:   started user thread for Warehouse 57
2月 15, 2026 11:15:12 下午 spec.jbb.JBBmain DoARun -> 信息:   started user thread for Warehouse 58
2月 15, 2026 11:15:12 下午 spec.jbb.JBBmain DoARun -> 信息:   started user thread for Warehouse 59
2月 15, 2026 11:15:12 下午 spec.jbb.JBBmain DoARun -> 信息:   started user thread for Warehouse 60
2月 15, 2026 11:15:12 下午 spec.jbb.JBBmain DoARun -> 信息:   started user thread for Warehouse 61
2月 15, 2026 11:15:12 下午 spec.jbb.JBBmain DoARun -> 信息:   started user thread for Warehouse 62
2月 15, 2026 11:15:12 下午 spec.jbb.JBBmain DoARun -> 信息:   started user thread for Warehouse 63
2月 15, 2026 11:15:12 下午 spec.jbb.JBBmain DoARun -> 信息:   started user thread for Warehouse 64
2月 15, 2026 11:15:12 下午 spec.jbb.JBBmain DoARun -> 信息:   started user thread for Warehouse 65
2月 15, 2026 11:15:12 下午 spec.jbb.JBBmain DoARun -> 信息:   started user thread for Warehouse 66
2月 15, 2026 11:15:12 下午 spec.jbb.JBBmain DoARun -> 信息:   started user thread for Warehouse 67
2月 15, 2026 11:15:12 下午 spec.jbb.JBBmain DoARun -> 信息:   started user thread for Warehouse 68
2月 15, 2026 11:15:12 下午 spec.jbb.JBBmain DoARun -> 信息:   started user thread for Warehouse 69
2月 15, 2026 11:15:12 下午 spec.jbb.JBBmain DoARun -> 信息:   started user thread for Warehouse 70
2月 15, 2026 11:15:12 下午 spec.jbb.JBBmain DoARun -> 信息:   started user thread for Warehouse 71
2月 15, 2026 11:15:12 下午 spec.jbb.JBBmain DoARun -> 信息:   started user thread for Warehouse 72
2月 15, 2026 11:15:12 下午 spec.jbb.JBBmain DoARun -> 信息:   started user thread for Warehouse 73
2月 15, 2026 11:15:12 下午 spec.jbb.JBBmain DoARun -> 信息:   started user thread for Warehouse 74
2月 15, 2026 11:15:12 下午 spec.jbb.JBBmain DoARun -> 信息:   started user thread for Warehouse 75
2月 15, 2026 11:15:12 下午 spec.jbb.JBBmain DoARun -> 信息:   started user thread for Warehouse 76
2月 15, 2026 11:15:12 下午 spec.jbb.JBBmain DoARun -> 信息:   started user thread for Warehouse 77
2月 15, 2026 11:15:12 下午 spec.jbb.JBBmain DoARun -> 信息:   started user thread for Warehouse 78
2月 15, 2026 11:15:12 下午 spec.jbb.JBBmain DoARun -> 信息:   started user thread for Warehouse 79
2月 15, 2026 11:15:12 下午 spec.jbb.JBBmain DoARun -> 信息:   started user thread for Warehouse 80
2月 15, 2026 11:15:12 下午 spec.jbb.JBBmain DoARun -> 信息:   started user thread for Warehouse 81
2月 15, 2026 11:15:12 下午 spec.jbb.JBBmain DoARun -> 信息:   started user thread for Warehouse 82
2月 15, 2026 11:15:12 下午 spec.jbb.JBBmain DoARun -> 信息:   started user thread for Warehouse 83
2月 15, 2026 11:15:12 下午 spec.jbb.JBBmain DoARun -> 信息:   started user thread for Warehouse 84
2月 15, 2026 11:15:12 下午 spec.jbb.JBBmain DoARun -> 信息:   started user thread for Warehouse 85
2月 15, 2026 11:15:12 下午 spec.jbb.JBBmain DoARun -> 信息:   started user thread for Warehouse 86
2月 15, 2026 11:15:12 下午 spec.jbb.JBBmain DoARun -> 信息:   started user thread for Warehouse 87
2月 15, 2026 11:15:12 下午 spec.jbb.JBBmain DoARun -> 信息:   started user thread for Warehouse 88
2月 15, 2026 11:15:12 下午 spec.jbb.JBBmain DoARun -> 信息:   started user thread for Warehouse 89
2月 15, 2026 11:15:12 下午 spec.jbb.JBBmain DoARun -> 信息:   started user thread for Warehouse 90
2月 15, 2026 11:15:12 下午 spec.jbb.JBBmain DoARun -> 信息:   started user thread for Warehouse 91
2月 15, 2026 11:15:12 下午 spec.jbb.JBBmain DoARun -> 信息:   started user thread for Warehouse 92
2月 15, 2026 11:15:12 下午 spec.jbb.JBBmain DoARun -> 信息:   started user thread for Warehouse 93
2月 15, 2026 11:15:12 下午 spec.jbb.JBBmain DoARun -> 信息:   started user thread for Warehouse 94
2月 15, 2026 11:15:12 下午 spec.jbb.JBBmain DoARun -> 信息:   started user thread for Warehouse 95
2月 15, 2026 11:15:12 下午 spec.jbb.JBBmain DoARun -> 信息:   started user thread for Warehouse 96
2月 15, 2026 11:15:12 下午 spec.jbb.JBBmain DoARun -> 信息:   started user thread for Warehouse 97
2月 15, 2026 11:15:12 下午 spec.jbb.JBBmain DoARun -> 信息:   started user thread for Warehouse 98
2月 15, 2026 11:15:12 下午 spec.jbb.JBBmain DoARun -> 信息:   started user thread for Warehouse 99
2月 15, 2026 11:15:12 下午 spec.jbb.JBBmain DoARun -> 信息:   started user thread for Warehouse 100
2月 15, 2026 11:15:12 下午 spec.jbb.JBBmain DoARun -> 信息:   started user thread for Warehouse 101
2月 15, 2026 11:15:12 下午 spec.jbb.JBBmain DoARun -> 信息:   started user thread for Warehouse 102
2月 15, 2026 11:15:12 下午 spec.jbb.JBBmain DoARun -> 信息:   started user thread for Warehouse 103
2月 15, 2026 11:15:12 下午 spec.jbb.JBBmain DoARun -> 信息:   started user thread for Warehouse 104
2月 15, 2026 11:15:12 下午 spec.jbb.JBBmain DoARun -> 信息:   started user thread for Warehouse 105
2月 15, 2026 11:15:12 下午 spec.jbb.JBBmain DoARun -> 信息:   started user thread for Warehouse 106
2月 15, 2026 11:15:12 下午 spec.jbb.JBBmain DoARun -> 信息:   started user thread for Warehouse 107
2月 15, 2026 11:15:12 下午 spec.jbb.JBBmain DoARun -> 信息:   started user thread for Warehouse 108
2月 15, 2026 11:15:12 下午 spec.jbb.JBBmain DoARun -> 信息:   started user thread for Warehouse 109
2月 15, 2026 11:15:12 下午 spec.jbb.JBBmain DoARun -> 信息:   started user thread for Warehouse 110
2月 15, 2026 11:15:12 下午 spec.jbb.JBBmain DoARun -> 信息:   started user thread for Warehouse 111
2月 15, 2026 11:15:12 下午 spec.jbb.JBBmain DoARun -> 信息:   started user thread for Warehouse 112
2月 15, 2026 11:15:12 下午 spec.jbb.JBBmain DoARun -> 信息:   started user thread for Warehouse 113
2月 15, 2026 11:15:12 下午 spec.jbb.JBBmain DoARun -> 信息:   started user thread for Warehouse 114
2月 15, 2026 11:15:12 下午 spec.jbb.JBBmain DoARun -> 信息:   started user thread for Warehouse 115
2月 15, 2026 11:15:12 下午 spec.jbb.JBBmain DoARun -> 信息:   started user thread for Warehouse 116
2月 15, 2026 11:15:12 下午 spec.jbb.JBBmain DoARun -> 信息:   started user thread for Warehouse 117
2月 15, 2026 11:15:12 下午 spec.jbb.JBBmain DoARun -> 信息:   started user thread for Warehouse 118
2月 15, 2026 11:15:12 下午 spec.jbb.JBBmain DoARun -> 信息:   started user thread for Warehouse 119
2月 15, 2026 11:15:12 下午 spec.jbb.JBBmain DoARun -> 信息:   started user thread for Warehouse 120
2月 15, 2026 11:15:12 下午 spec.jbb.JBBmain DoARun -> 信息:   started user thread for Warehouse 121
2月 15, 2026 11:15:12 下午 spec.jbb.JBBmain DoARun -> 信息:   started user thread for Warehouse 122
2月 15, 2026 11:15:12 下午 spec.jbb.JBBmain DoARun -> 信息:   started user thread for Warehouse 123
2月 15, 2026 11:15:12 下午 spec.jbb.Company displayResultTotals -> 信息: Timing Measurement began Sun Feb 15 23:15:12 CST 2026 for 4 minutes
2月 15, 2026 11:19:12 下午 spec.jbb.Company displayResultTotals -> 信息: Timing Measurement ended Sun Feb 15 23:19:12 CST 2026
2月 15, 2026 11:19:12 下午 spec.jbb.Company primeWithDummyData -> 信息: Loading Warehouse 124...
2月 15, 2026 11:19:12 下午 spec.jbb.JBBmain DoARun -> 信息: Start User Threads
2月 15, 2026 11:19:12 下午 spec.jbb.JBBmain DoARun -> 信息:   started user thread for Warehouse 1
2月 15, 2026 11:19:12 下午 spec.jbb.JBBmain DoARun -> 信息:   started user thread for Warehouse 2
2月 15, 2026 11:19:12 下午 spec.jbb.JBBmain DoARun -> 信息:   started user thread for Warehouse 3
2月 15, 2026 11:19:12 下午 spec.jbb.JBBmain DoARun -> 信息:   started user thread for Warehouse 4
2月 15, 2026 11:19:12 下午 spec.jbb.JBBmain DoARun -> 信息:   started user thread for Warehouse 5
2月 15, 2026 11:19:12 下午 spec.jbb.JBBmain DoARun -> 信息:   started user thread for Warehouse 6
2月 15, 2026 11:19:12 下午 spec.jbb.JBBmain DoARun -> 信息:   started user thread for Warehouse 7
2月 15, 2026 11:19:12 下午 spec.jbb.JBBmain DoARun -> 信息:   started user thread for Warehouse 8
2月 15, 2026 11:19:12 下午 spec.jbb.JBBmain DoARun -> 信息:   started user thread for Warehouse 9
2月 15, 2026 11:19:12 下午 spec.jbb.JBBmain DoARun -> 信息:   started user thread for Warehouse 10
2月 15, 2026 11:19:12 下午 spec.jbb.JBBmain DoARun -> 信息:   started user thread for Warehouse 11
2月 15, 2026 11:19:12 下午 spec.jbb.JBBmain DoARun -> 信息:   started user thread for Warehouse 12
2月 15, 2026 11:19:12 下午 spec.jbb.JBBmain DoARun -> 信息:   started user thread for Warehouse 13
2月 15, 2026 11:19:12 下午 spec.jbb.JBBmain DoARun -> 信息:   started user thread for Warehouse 14
2月 15, 2026 11:19:12 下午 spec.jbb.JBBmain DoARun -> 信息:   started user thread for Warehouse 15
2月 15, 2026 11:19:12 下午 spec.jbb.JBBmain DoARun -> 信息:   started user thread for Warehouse 16
2月 15, 2026 11:19:12 下午 spec.jbb.JBBmain DoARun -> 信息:   started user thread for Warehouse 17
2月 15, 2026 11:19:12 下午 spec.jbb.JBBmain DoARun -> 信息:   started user thread for Warehouse 18
2月 15, 2026 11:19:12 下午 spec.jbb.JBBmain DoARun -> 信息:   started user thread for Warehouse 19
2月 15, 2026 11:19:12 下午 spec.jbb.JBBmain DoARun -> 信息:   started user thread for Warehouse 20
2月 15, 2026 11:19:12 下午 spec.jbb.JBBmain DoARun -> 信息:   started user thread for Warehouse 21
2月 15, 2026 11:19:12 下午 spec.jbb.JBBmain DoARun -> 信息:   started user thread for Warehouse 22
2月 15, 2026 11:19:12 下午 spec.jbb.JBBmain DoARun -> 信息:   started user thread for Warehouse 23
2月 15, 2026 11:19:12 下午 spec.jbb.JBBmain DoARun -> 信息:   started user thread for Warehouse 24
2月 15, 2026 11:19:12 下午 spec.jbb.JBBmain DoARun -> 信息:   started user thread for Warehouse 25
2月 15, 2026 11:19:12 下午 spec.jbb.JBBmain DoARun -> 信息:   started user thread for Warehouse 26
2月 15, 2026 11:19:12 下午 spec.jbb.JBBmain DoARun -> 信息:   started user thread for Warehouse 27
2月 15, 2026 11:19:12 下午 spec.jbb.JBBmain DoARun -> 信息:   started user thread for Warehouse 28
2月 15, 2026 11:19:12 下午 spec.jbb.JBBmain DoARun -> 信息:   started user thread for Warehouse 29
2月 15, 2026 11:19:12 下午 spec.jbb.JBBmain DoARun -> 信息:   started user thread for Warehouse 30
2月 15, 2026 11:19:12 下午 spec.jbb.JBBmain DoARun -> 信息:   started user thread for Warehouse 31
2月 15, 2026 11:19:12 下午 spec.jbb.JBBmain DoARun -> 信息:   started user thread for Warehouse 32
2月 15, 2026 11:19:12 下午 spec.jbb.JBBmain DoARun -> 信息:   started user thread for Warehouse 33
2月 15, 2026 11:19:12 下午 spec.jbb.JBBmain DoARun -> 信息:   started user thread for Warehouse 34
2月 15, 2026 11:19:12 下午 spec.jbb.JBBmain DoARun -> 信息:   started user thread for Warehouse 35
2月 15, 2026 11:19:12 下午 spec.jbb.JBBmain DoARun -> 信息:   started user thread for Warehouse 36
2月 15, 2026 11:19:12 下午 spec.jbb.JBBmain DoARun -> 信息:   started user thread for Warehouse 37
2月 15, 2026 11:19:12 下午 spec.jbb.JBBmain DoARun -> 信息:   started user thread for Warehouse 38
2月 15, 2026 11:19:12 下午 spec.jbb.JBBmain DoARun -> 信息:   started user thread for Warehouse 39
2月 15, 2026 11:19:12 下午 spec.jbb.JBBmain DoARun -> 信息:   started user thread for Warehouse 40
2月 15, 2026 11:19:12 下午 spec.jbb.JBBmain DoARun -> 信息:   started user thread for Warehouse 41
2月 15, 2026 11:19:12 下午 spec.jbb.JBBmain DoARun -> 信息:   started user thread for Warehouse 42
2月 15, 2026 11:19:12 下午 spec.jbb.JBBmain DoARun -> 信息:   started user thread for Warehouse 43
2月 15, 2026 11:19:12 下午 spec.jbb.JBBmain DoARun -> 信息:   started user thread for Warehouse 44
2月 15, 2026 11:19:12 下午 spec.jbb.JBBmain DoARun -> 信息:   started user thread for Warehouse 45
2月 15, 2026 11:19:12 下午 spec.jbb.JBBmain DoARun -> 信息:   started user thread for Warehouse 46
2月 15, 2026 11:19:12 下午 spec.jbb.JBBmain DoARun -> 信息:   started user thread for Warehouse 47
2月 15, 2026 11:19:12 下午 spec.jbb.JBBmain DoARun -> 信息:   started user thread for Warehouse 48
2月 15, 2026 11:19:12 下午 spec.jbb.JBBmain DoARun -> 信息:   started user thread for Warehouse 49
2月 15, 2026 11:19:12 下午 spec.jbb.JBBmain DoARun -> 信息:   started user thread for Warehouse 50
2月 15, 2026 11:19:12 下午 spec.jbb.JBBmain DoARun -> 信息:   started user thread for Warehouse 51
2月 15, 2026 11:19:12 下午 spec.jbb.JBBmain DoARun -> 信息:   started user thread for Warehouse 52
2月 15, 2026 11:19:12 下午 spec.jbb.JBBmain DoARun -> 信息:   started user thread for Warehouse 53
2月 15, 2026 11:19:12 下午 spec.jbb.JBBmain DoARun -> 信息:   started user thread for Warehouse 54
2月 15, 2026 11:19:12 下午 spec.jbb.JBBmain DoARun -> 信息:   started user thread for Warehouse 55
2月 15, 2026 11:19:12 下午 spec.jbb.JBBmain DoARun -> 信息:   started user thread for Warehouse 56
2月 15, 2026 11:19:12 下午 spec.jbb.JBBmain DoARun -> 信息:   started user thread for Warehouse 57
2月 15, 2026 11:19:12 下午 spec.jbb.JBBmain DoARun -> 信息:   started user thread for Warehouse 58
2月 15, 2026 11:19:12 下午 spec.jbb.JBBmain DoARun -> 信息:   started user thread for Warehouse 59
2月 15, 2026 11:19:12 下午 spec.jbb.JBBmain DoARun -> 信息:   started user thread for Warehouse 60
2月 15, 2026 11:19:12 下午 spec.jbb.JBBmain DoARun -> 信息:   started user thread for Warehouse 61
2月 15, 2026 11:19:12 下午 spec.jbb.JBBmain DoARun -> 信息:   started user thread for Warehouse 62
2月 15, 2026 11:19:12 下午 spec.jbb.JBBmain DoARun -> 信息:   started user thread for Warehouse 63
2月 15, 2026 11:19:12 下午 spec.jbb.JBBmain DoARun -> 信息:   started user thread for Warehouse 64
2月 15, 2026 11:19:12 下午 spec.jbb.JBBmain DoARun -> 信息:   started user thread for Warehouse 65
2月 15, 2026 11:19:12 下午 spec.jbb.JBBmain DoARun -> 信息:   started user thread for Warehouse 66
2月 15, 2026 11:19:12 下午 spec.jbb.JBBmain DoARun -> 信息:   started user thread for Warehouse 67
2月 15, 2026 11:19:12 下午 spec.jbb.JBBmain DoARun -> 信息:   started user thread for Warehouse 68
2月 15, 2026 11:19:12 下午 spec.jbb.JBBmain DoARun -> 信息:   started user thread for Warehouse 69
2月 15, 2026 11:19:12 下午 spec.jbb.JBBmain DoARun -> 信息:   started user thread for Warehouse 70
2月 15, 2026 11:19:12 下午 spec.jbb.JBBmain DoARun -> 信息:   started user thread for Warehouse 71
2月 15, 2026 11:19:12 下午 spec.jbb.JBBmain DoARun -> 信息:   started user thread for Warehouse 72
2月 15, 2026 11:19:12 下午 spec.jbb.JBBmain DoARun -> 信息:   started user thread for Warehouse 73
2月 15, 2026 11:19:12 下午 spec.jbb.JBBmain DoARun -> 信息:   started user thread for Warehouse 74
2月 15, 2026 11:19:12 下午 spec.jbb.JBBmain DoARun -> 信息:   started user thread for Warehouse 75
2月 15, 2026 11:19:12 下午 spec.jbb.JBBmain DoARun -> 信息:   started user thread for Warehouse 76
2月 15, 2026 11:19:12 下午 spec.jbb.JBBmain DoARun -> 信息:   started user thread for Warehouse 77
2月 15, 2026 11:19:12 下午 spec.jbb.JBBmain DoARun -> 信息:   started user thread for Warehouse 78
2月 15, 2026 11:19:12 下午 spec.jbb.JBBmain DoARun -> 信息:   started user thread for Warehouse 79
2月 15, 2026 11:19:12 下午 spec.jbb.JBBmain DoARun -> 信息:   started user thread for Warehouse 80
2月 15, 2026 11:19:12 下午 spec.jbb.JBBmain DoARun -> 信息:   started user thread for Warehouse 81
2月 15, 2026 11:19:12 下午 spec.jbb.JBBmain DoARun -> 信息:   started user thread for Warehouse 82
2月 15, 2026 11:19:12 下午 spec.jbb.JBBmain DoARun -> 信息:   started user thread for Warehouse 83
2月 15, 2026 11:19:12 下午 spec.jbb.JBBmain DoARun -> 信息:   started user thread for Warehouse 84
2月 15, 2026 11:19:12 下午 spec.jbb.JBBmain DoARun -> 信息:   started user thread for Warehouse 85
2月 15, 2026 11:19:12 下午 spec.jbb.JBBmain DoARun -> 信息:   started user thread for Warehouse 86
2月 15, 2026 11:19:12 下午 spec.jbb.JBBmain DoARun -> 信息:   started user thread for Warehouse 87
2月 15, 2026 11:19:12 下午 spec.jbb.JBBmain DoARun -> 信息:   started user thread for Warehouse 88
2月 15, 2026 11:19:12 下午 spec.jbb.JBBmain DoARun -> 信息:   started user thread for Warehouse 89
2月 15, 2026 11:19:12 下午 spec.jbb.JBBmain DoARun -> 信息:   started user thread for Warehouse 90
2月 15, 2026 11:19:12 下午 spec.jbb.JBBmain DoARun -> 信息:   started user thread for Warehouse 91
2月 15, 2026 11:19:12 下午 spec.jbb.JBBmain DoARun -> 信息:   started user thread for Warehouse 92
2月 15, 2026 11:19:12 下午 spec.jbb.JBBmain DoARun -> 信息:   started user thread for Warehouse 93
2月 15, 2026 11:19:12 下午 spec.jbb.JBBmain DoARun -> 信息:   started user thread for Warehouse 94
2月 15, 2026 11:19:12 下午 spec.jbb.JBBmain DoARun -> 信息:   started user thread for Warehouse 95
2月 15, 2026 11:19:12 下午 spec.jbb.JBBmain DoARun -> 信息:   started user thread for Warehouse 96
2月 15, 2026 11:19:12 下午 spec.jbb.JBBmain DoARun -> 信息:   started user thread for Warehouse 97
2月 15, 2026 11:19:12 下午 spec.jbb.JBBmain DoARun -> 信息:   started user thread for Warehouse 98
2月 15, 2026 11:19:12 下午 spec.jbb.JBBmain DoARun -> 信息:   started user thread for Warehouse 99
2月 15, 2026 11:19:12 下午 spec.jbb.JBBmain DoARun -> 信息:   started user thread for Warehouse 100
2月 15, 2026 11:19:12 下午 spec.jbb.JBBmain DoARun -> 信息:   started user thread for Warehouse 101
2月 15, 2026 11:19:12 下午 spec.jbb.JBBmain DoARun -> 信息:   started user thread for Warehouse 102
2月 15, 2026 11:19:12 下午 spec.jbb.JBBmain DoARun -> 信息:   started user thread for Warehouse 103
2月 15, 2026 11:19:12 下午 spec.jbb.JBBmain DoARun -> 信息:   started user thread for Warehouse 104
2月 15, 2026 11:19:12 下午 spec.jbb.JBBmain DoARun -> 信息:   started user thread for Warehouse 105
2月 15, 2026 11:19:12 下午 spec.jbb.JBBmain DoARun -> 信息:   started user thread for Warehouse 106
2月 15, 2026 11:19:12 下午 spec.jbb.JBBmain DoARun -> 信息:   started user thread for Warehouse 107
2月 15, 2026 11:19:12 下午 spec.jbb.JBBmain DoARun -> 信息:   started user thread for Warehouse 108
2月 15, 2026 11:19:12 下午 spec.jbb.JBBmain DoARun -> 信息:   started user thread for Warehouse 109
2月 15, 2026 11:19:12 下午 spec.jbb.JBBmain DoARun -> 信息:   started user thread for Warehouse 110
2月 15, 2026 11:19:12 下午 spec.jbb.JBBmain DoARun -> 信息:   started user thread for Warehouse 111
2月 15, 2026 11:19:12 下午 spec.jbb.JBBmain DoARun -> 信息:   started user thread for Warehouse 112
2月 15, 2026 11:19:12 下午 spec.jbb.JBBmain DoARun -> 信息:   started user thread for Warehouse 113
2月 15, 2026 11:19:12 下午 spec.jbb.JBBmain DoARun -> 信息:   started user thread for Warehouse 114
2月 15, 2026 11:19:12 下午 spec.jbb.JBBmain DoARun -> 信息:   started user thread for Warehouse 115
2月 15, 2026 11:19:12 下午 spec.jbb.JBBmain DoARun -> 信息:   started user thread for Warehouse 116
2月 15, 2026 11:19:12 下午 spec.jbb.JBBmain DoARun -> 信息:   started user thread for Warehouse 117
2月 15, 2026 11:19:12 下午 spec.jbb.JBBmain DoARun -> 信息:   started user thread for Warehouse 118
2月 15, 2026 11:19:12 下午 spec.jbb.JBBmain DoARun -> 信息:   started user thread for Warehouse 119
2月 15, 2026 11:19:12 下午 spec.jbb.JBBmain DoARun -> 信息:   started user thread for Warehouse 120
2月 15, 2026 11:19:12 下午 spec.jbb.JBBmain DoARun -> 信息:   started user thread for Warehouse 121
2月 15, 2026 11:19:12 下午 spec.jbb.JBBmain DoARun -> 信息:   started user thread for Warehouse 122
2月 15, 2026 11:19:12 下午 spec.jbb.JBBmain DoARun -> 信息:   started user thread for Warehouse 123
2月 15, 2026 11:19:12 下午 spec.jbb.JBBmain DoARun -> 信息:   started user thread for Warehouse 124
2月 15, 2026 11:19:12 下午 spec.jbb.Company displayResultTotals -> 信息: Timing Measurement began Sun Feb 15 23:19:12 CST 2026 for 4 minutes
2月 15, 2026 11:23:12 下午 spec.jbb.Company displayResultTotals -> 信息: Timing Measurement ended Sun Feb 15 23:23:12 CST 2026
2月 15, 2026 11:23:13 下午 spec.jbb.Company primeWithDummyData -> 信息: Loading Warehouse 125...
2月 15, 2026 11:23:13 下午 spec.jbb.JBBmain DoARun -> 信息: Start User Threads
2月 15, 2026 11:23:13 下午 spec.jbb.JBBmain DoARun -> 信息:   started user thread for Warehouse 1
2月 15, 2026 11:23:13 下午 spec.jbb.JBBmain DoARun -> 信息:   started user thread for Warehouse 2
2月 15, 2026 11:23:13 下午 spec.jbb.JBBmain DoARun -> 信息:   started user thread for Warehouse 3
2月 15, 2026 11:23:13 下午 spec.jbb.JBBmain DoARun -> 信息:   started user thread for Warehouse 4
2月 15, 2026 11:23:13 下午 spec.jbb.JBBmain DoARun -> 信息:   started user thread for Warehouse 5
2月 15, 2026 11:23:13 下午 spec.jbb.JBBmain DoARun -> 信息:   started user thread for Warehouse 6
2月 15, 2026 11:23:13 下午 spec.jbb.JBBmain DoARun -> 信息:   started user thread for Warehouse 7
2月 15, 2026 11:23:13 下午 spec.jbb.JBBmain DoARun -> 信息:   started user thread for Warehouse 8
2月 15, 2026 11:23:13 下午 spec.jbb.JBBmain DoARun -> 信息:   started user thread for Warehouse 9
2月 15, 2026 11:23:13 下午 spec.jbb.JBBmain DoARun -> 信息:   started user thread for Warehouse 10
2月 15, 2026 11:23:13 下午 spec.jbb.JBBmain DoARun -> 信息:   started user thread for Warehouse 11
2月 15, 2026 11:23:13 下午 spec.jbb.JBBmain DoARun -> 信息:   started user thread for Warehouse 12
2月 15, 2026 11:23:13 下午 spec.jbb.JBBmain DoARun -> 信息:   started user thread for Warehouse 13
2月 15, 2026 11:23:13 下午 spec.jbb.JBBmain DoARun -> 信息:   started user thread for Warehouse 14
2月 15, 2026 11:23:13 下午 spec.jbb.JBBmain DoARun -> 信息:   started user thread for Warehouse 15
2月 15, 2026 11:23:13 下午 spec.jbb.JBBmain DoARun -> 信息:   started user thread for Warehouse 16
2月 15, 2026 11:23:13 下午 spec.jbb.JBBmain DoARun -> 信息:   started user thread for Warehouse 17
2月 15, 2026 11:23:13 下午 spec.jbb.JBBmain DoARun -> 信息:   started user thread for Warehouse 18
2月 15, 2026 11:23:13 下午 spec.jbb.JBBmain DoARun -> 信息:   started user thread for Warehouse 19
2月 15, 2026 11:23:13 下午 spec.jbb.JBBmain DoARun -> 信息:   started user thread for Warehouse 20
2月 15, 2026 11:23:13 下午 spec.jbb.JBBmain DoARun -> 信息:   started user thread for Warehouse 21
2月 15, 2026 11:23:13 下午 spec.jbb.JBBmain DoARun -> 信息:   started user thread for Warehouse 22
2月 15, 2026 11:23:13 下午 spec.jbb.JBBmain DoARun -> 信息:   started user thread for Warehouse 23
2月 15, 2026 11:23:13 下午 spec.jbb.JBBmain DoARun -> 信息:   started user thread for Warehouse 24
2月 15, 2026 11:23:13 下午 spec.jbb.JBBmain DoARun -> 信息:   started user thread for Warehouse 25
2月 15, 2026 11:23:13 下午 spec.jbb.JBBmain DoARun -> 信息:   started user thread for Warehouse 26
2月 15, 2026 11:23:13 下午 spec.jbb.JBBmain DoARun -> 信息:   started user thread for Warehouse 27
2月 15, 2026 11:23:13 下午 spec.jbb.JBBmain DoARun -> 信息:   started user thread for Warehouse 28
2月 15, 2026 11:23:13 下午 spec.jbb.JBBmain DoARun -> 信息:   started user thread for Warehouse 29
2月 15, 2026 11:23:13 下午 spec.jbb.JBBmain DoARun -> 信息:   started user thread for Warehouse 30
2月 15, 2026 11:23:13 下午 spec.jbb.JBBmain DoARun -> 信息:   started user thread for Warehouse 31
2月 15, 2026 11:23:13 下午 spec.jbb.JBBmain DoARun -> 信息:   started user thread for Warehouse 32
2月 15, 2026 11:23:13 下午 spec.jbb.JBBmain DoARun -> 信息:   started user thread for Warehouse 33
2月 15, 2026 11:23:13 下午 spec.jbb.JBBmain DoARun -> 信息:   started user thread for Warehouse 34
2月 15, 2026 11:23:13 下午 spec.jbb.JBBmain DoARun -> 信息:   started user thread for Warehouse 35
2月 15, 2026 11:23:13 下午 spec.jbb.JBBmain DoARun -> 信息:   started user thread for Warehouse 36
2月 15, 2026 11:23:13 下午 spec.jbb.JBBmain DoARun -> 信息:   started user thread for Warehouse 37
2月 15, 2026 11:23:13 下午 spec.jbb.JBBmain DoARun -> 信息:   started user thread for Warehouse 38
2月 15, 2026 11:23:13 下午 spec.jbb.JBBmain DoARun -> 信息:   started user thread for Warehouse 39
2月 15, 2026 11:23:13 下午 spec.jbb.JBBmain DoARun -> 信息:   started user thread for Warehouse 40
2月 15, 2026 11:23:13 下午 spec.jbb.JBBmain DoARun -> 信息:   started user thread for Warehouse 41
2月 15, 2026 11:23:13 下午 spec.jbb.JBBmain DoARun -> 信息:   started user thread for Warehouse 42
2月 15, 2026 11:23:13 下午 spec.jbb.JBBmain DoARun -> 信息:   started user thread for Warehouse 43
2月 15, 2026 11:23:13 下午 spec.jbb.JBBmain DoARun -> 信息:   started user thread for Warehouse 44
2月 15, 2026 11:23:13 下午 spec.jbb.JBBmain DoARun -> 信息:   started user thread for Warehouse 45
2月 15, 2026 11:23:13 下午 spec.jbb.JBBmain DoARun -> 信息:   started user thread for Warehouse 46
2月 15, 2026 11:23:13 下午 spec.jbb.JBBmain DoARun -> 信息:   started user thread for Warehouse 47
2月 15, 2026 11:23:13 下午 spec.jbb.JBBmain DoARun -> 信息:   started user thread for Warehouse 48
2月 15, 2026 11:23:13 下午 spec.jbb.JBBmain DoARun -> 信息:   started user thread for Warehouse 49
2月 15, 2026 11:23:13 下午 spec.jbb.JBBmain DoARun -> 信息:   started user thread for Warehouse 50
2月 15, 2026 11:23:13 下午 spec.jbb.JBBmain DoARun -> 信息:   started user thread for Warehouse 51
2月 15, 2026 11:23:13 下午 spec.jbb.JBBmain DoARun -> 信息:   started user thread for Warehouse 52
2月 15, 2026 11:23:13 下午 spec.jbb.JBBmain DoARun -> 信息:   started user thread for Warehouse 53
2月 15, 2026 11:23:13 下午 spec.jbb.JBBmain DoARun -> 信息:   started user thread for Warehouse 54
2月 15, 2026 11:23:13 下午 spec.jbb.JBBmain DoARun -> 信息:   started user thread for Warehouse 55
2月 15, 2026 11:23:13 下午 spec.jbb.JBBmain DoARun -> 信息:   started user thread for Warehouse 56
2月 15, 2026 11:23:13 下午 spec.jbb.JBBmain DoARun -> 信息:   started user thread for Warehouse 57
2月 15, 2026 11:23:13 下午 spec.jbb.JBBmain DoARun -> 信息:   started user thread for Warehouse 58
2月 15, 2026 11:23:13 下午 spec.jbb.JBBmain DoARun -> 信息:   started user thread for Warehouse 59
2月 15, 2026 11:23:13 下午 spec.jbb.JBBmain DoARun -> 信息:   started user thread for Warehouse 60
2月 15, 2026 11:23:13 下午 spec.jbb.JBBmain DoARun -> 信息:   started user thread for Warehouse 61
2月 15, 2026 11:23:13 下午 spec.jbb.JBBmain DoARun -> 信息:   started user thread for Warehouse 62
2月 15, 2026 11:23:13 下午 spec.jbb.JBBmain DoARun -> 信息:   started user thread for Warehouse 63
2月 15, 2026 11:23:13 下午 spec.jbb.JBBmain DoARun -> 信息:   started user thread for Warehouse 64
2月 15, 2026 11:23:13 下午 spec.jbb.JBBmain DoARun -> 信息:   started user thread for Warehouse 65
2月 15, 2026 11:23:13 下午 spec.jbb.JBBmain DoARun -> 信息:   started user thread for Warehouse 66
2月 15, 2026 11:23:13 下午 spec.jbb.JBBmain DoARun -> 信息:   started user thread for Warehouse 67
2月 15, 2026 11:23:13 下午 spec.jbb.JBBmain DoARun -> 信息:   started user thread for Warehouse 68
2月 15, 2026 11:23:13 下午 spec.jbb.JBBmain DoARun -> 信息:   started user thread for Warehouse 69
2月 15, 2026 11:23:13 下午 spec.jbb.JBBmain DoARun -> 信息:   started user thread for Warehouse 70
2月 15, 2026 11:23:13 下午 spec.jbb.JBBmain DoARun -> 信息:   started user thread for Warehouse 71
2月 15, 2026 11:23:13 下午 spec.jbb.JBBmain DoARun -> 信息:   started user thread for Warehouse 72
2月 15, 2026 11:23:13 下午 spec.jbb.JBBmain DoARun -> 信息:   started user thread for Warehouse 73
2月 15, 2026 11:23:13 下午 spec.jbb.JBBmain DoARun -> 信息:   started user thread for Warehouse 74
2月 15, 2026 11:23:13 下午 spec.jbb.JBBmain DoARun -> 信息:   started user thread for Warehouse 75
2月 15, 2026 11:23:13 下午 spec.jbb.JBBmain DoARun -> 信息:   started user thread for Warehouse 76
2月 15, 2026 11:23:13 下午 spec.jbb.JBBmain DoARun -> 信息:   started user thread for Warehouse 77
2月 15, 2026 11:23:13 下午 spec.jbb.JBBmain DoARun -> 信息:   started user thread for Warehouse 78
2月 15, 2026 11:23:13 下午 spec.jbb.JBBmain DoARun -> 信息:   started user thread for Warehouse 79
2月 15, 2026 11:23:13 下午 spec.jbb.JBBmain DoARun -> 信息:   started user thread for Warehouse 80
2月 15, 2026 11:23:13 下午 spec.jbb.JBBmain DoARun -> 信息:   started user thread for Warehouse 81
2月 15, 2026 11:23:13 下午 spec.jbb.JBBmain DoARun -> 信息:   started user thread for Warehouse 82
2月 15, 2026 11:23:13 下午 spec.jbb.JBBmain DoARun -> 信息:   started user thread for Warehouse 83
2月 15, 2026 11:23:13 下午 spec.jbb.JBBmain DoARun -> 信息:   started user thread for Warehouse 84
2月 15, 2026 11:23:13 下午 spec.jbb.JBBmain DoARun -> 信息:   started user thread for Warehouse 85
2月 15, 2026 11:23:13 下午 spec.jbb.JBBmain DoARun -> 信息:   started user thread for Warehouse 86
2月 15, 2026 11:23:13 下午 spec.jbb.JBBmain DoARun -> 信息:   started user thread for Warehouse 87
2月 15, 2026 11:23:13 下午 spec.jbb.JBBmain DoARun -> 信息:   started user thread for Warehouse 88
2月 15, 2026 11:23:13 下午 spec.jbb.JBBmain DoARun -> 信息:   started user thread for Warehouse 89
2月 15, 2026 11:23:13 下午 spec.jbb.JBBmain DoARun -> 信息:   started user thread for Warehouse 90
2月 15, 2026 11:23:13 下午 spec.jbb.JBBmain DoARun -> 信息:   started user thread for Warehouse 91
2月 15, 2026 11:23:13 下午 spec.jbb.JBBmain DoARun -> 信息:   started user thread for Warehouse 92
2月 15, 2026 11:23:13 下午 spec.jbb.JBBmain DoARun -> 信息:   started user thread for Warehouse 93
2月 15, 2026 11:23:13 下午 spec.jbb.JBBmain DoARun -> 信息:   started user thread for Warehouse 94
2月 15, 2026 11:23:13 下午 spec.jbb.JBBmain DoARun -> 信息:   started user thread for Warehouse 95
2月 15, 2026 11:23:13 下午 spec.jbb.JBBmain DoARun -> 信息:   started user thread for Warehouse 96
2月 15, 2026 11:23:13 下午 spec.jbb.JBBmain DoARun -> 信息:   started user thread for Warehouse 97
2月 15, 2026 11:23:13 下午 spec.jbb.JBBmain DoARun -> 信息:   started user thread for Warehouse 98
2月 15, 2026 11:23:13 下午 spec.jbb.JBBmain DoARun -> 信息:   started user thread for Warehouse 99
2月 15, 2026 11:23:13 下午 spec.jbb.JBBmain DoARun -> 信息:   started user thread for Warehouse 100
2月 15, 2026 11:23:13 下午 spec.jbb.JBBmain DoARun -> 信息:   started user thread for Warehouse 101
2月 15, 2026 11:23:13 下午 spec.jbb.JBBmain DoARun -> 信息:   started user thread for Warehouse 102
2月 15, 2026 11:23:13 下午 spec.jbb.JBBmain DoARun -> 信息:   started user thread for Warehouse 103
2月 15, 2026 11:23:13 下午 spec.jbb.JBBmain DoARun -> 信息:   started user thread for Warehouse 104
2月 15, 2026 11:23:13 下午 spec.jbb.JBBmain DoARun -> 信息:   started user thread for Warehouse 105
2月 15, 2026 11:23:13 下午 spec.jbb.JBBmain DoARun -> 信息:   started user thread for Warehouse 106
2月 15, 2026 11:23:13 下午 spec.jbb.JBBmain DoARun -> 信息:   started user thread for Warehouse 107
2月 15, 2026 11:23:13 下午 spec.jbb.JBBmain DoARun -> 信息:   started user thread for Warehouse 108
2月 15, 2026 11:23:13 下午 spec.jbb.JBBmain DoARun -> 信息:   started user thread for Warehouse 109
2月 15, 2026 11:23:13 下午 spec.jbb.JBBmain DoARun -> 信息:   started user thread for Warehouse 110
2月 15, 2026 11:23:13 下午 spec.jbb.JBBmain DoARun -> 信息:   started user thread for Warehouse 111
2月 15, 2026 11:23:13 下午 spec.jbb.JBBmain DoARun -> 信息:   started user thread for Warehouse 112
2月 15, 2026 11:23:13 下午 spec.jbb.JBBmain DoARun -> 信息:   started user thread for Warehouse 113
2月 15, 2026 11:23:13 下午 spec.jbb.JBBmain DoARun -> 信息:   started user thread for Warehouse 114
2月 15, 2026 11:23:13 下午 spec.jbb.JBBmain DoARun -> 信息:   started user thread for Warehouse 115
2月 15, 2026 11:23:13 下午 spec.jbb.JBBmain DoARun -> 信息:   started user thread for Warehouse 116
2月 15, 2026 11:23:13 下午 spec.jbb.JBBmain DoARun -> 信息:   started user thread for Warehouse 117
2月 15, 2026 11:23:13 下午 spec.jbb.JBBmain DoARun -> 信息:   started user thread for Warehouse 118
2月 15, 2026 11:23:13 下午 spec.jbb.JBBmain DoARun -> 信息:   started user thread for Warehouse 119
2月 15, 2026 11:23:13 下午 spec.jbb.JBBmain DoARun -> 信息:   started user thread for Warehouse 120
2月 15, 2026 11:23:13 下午 spec.jbb.JBBmain DoARun -> 信息:   started user thread for Warehouse 121
2月 15, 2026 11:23:13 下午 spec.jbb.JBBmain DoARun -> 信息:   started user thread for Warehouse 122
2月 15, 2026 11:23:13 下午 spec.jbb.JBBmain DoARun -> 信息:   started user thread for Warehouse 123
2月 15, 2026 11:23:13 下午 spec.jbb.JBBmain DoARun -> 信息:   started user thread for Warehouse 124
2月 15, 2026 11:23:13 下午 spec.jbb.JBBmain DoARun -> 信息:   started user thread for Warehouse 125
2月 15, 2026 11:23:13 下午 spec.jbb.Company displayResultTotals -> 信息: Timing Measurement began Sun Feb 15 23:23:13 CST 2026 for 4 minutes
2月 15, 2026 11:27:13 下午 spec.jbb.Company displayResultTotals -> 信息: Timing Measurement ended Sun Feb 15 23:27:13 CST 2026
2月 15, 2026 11:27:13 下午 spec.jbb.Company primeWithDummyData -> 信息: Loading Warehouse 126...
2月 15, 2026 11:27:13 下午 spec.jbb.JBBmain DoARun -> 信息: Start User Threads
2月 15, 2026 11:27:13 下午 spec.jbb.JBBmain DoARun -> 信息:   started user thread for Warehouse 1
2月 15, 2026 11:27:13 下午 spec.jbb.JBBmain DoARun -> 信息:   started user thread for Warehouse 2
2月 15, 2026 11:27:13 下午 spec.jbb.JBBmain DoARun -> 信息:   started user thread for Warehouse 3
2月 15, 2026 11:27:13 下午 spec.jbb.JBBmain DoARun -> 信息:   started user thread for Warehouse 4
2月 15, 2026 11:27:13 下午 spec.jbb.JBBmain DoARun -> 信息:   started user thread for Warehouse 5
2月 15, 2026 11:27:13 下午 spec.jbb.JBBmain DoARun -> 信息:   started user thread for Warehouse 6
2月 15, 2026 11:27:13 下午 spec.jbb.JBBmain DoARun -> 信息:   started user thread for Warehouse 7
2月 15, 2026 11:27:13 下午 spec.jbb.JBBmain DoARun -> 信息:   started user thread for Warehouse 8
2月 15, 2026 11:27:13 下午 spec.jbb.JBBmain DoARun -> 信息:   started user thread for Warehouse 9
2月 15, 2026 11:27:13 下午 spec.jbb.JBBmain DoARun -> 信息:   started user thread for Warehouse 10
2月 15, 2026 11:27:13 下午 spec.jbb.JBBmain DoARun -> 信息:   started user thread for Warehouse 11
2月 15, 2026 11:27:13 下午 spec.jbb.JBBmain DoARun -> 信息:   started user thread for Warehouse 12
2月 15, 2026 11:27:13 下午 spec.jbb.JBBmain DoARun -> 信息:   started user thread for Warehouse 13
2月 15, 2026 11:27:13 下午 spec.jbb.JBBmain DoARun -> 信息:   started user thread for Warehouse 14
2月 15, 2026 11:27:13 下午 spec.jbb.JBBmain DoARun -> 信息:   started user thread for Warehouse 15
2月 15, 2026 11:27:13 下午 spec.jbb.JBBmain DoARun -> 信息:   started user thread for Warehouse 16
2月 15, 2026 11:27:13 下午 spec.jbb.JBBmain DoARun -> 信息:   started user thread for Warehouse 17
2月 15, 2026 11:27:13 下午 spec.jbb.JBBmain DoARun -> 信息:   started user thread for Warehouse 18
2月 15, 2026 11:27:13 下午 spec.jbb.JBBmain DoARun -> 信息:   started user thread for Warehouse 19
2月 15, 2026 11:27:13 下午 spec.jbb.JBBmain DoARun -> 信息:   started user thread for Warehouse 20
2月 15, 2026 11:27:13 下午 spec.jbb.JBBmain DoARun -> 信息:   started user thread for Warehouse 21
2月 15, 2026 11:27:13 下午 spec.jbb.JBBmain DoARun -> 信息:   started user thread for Warehouse 22
2月 15, 2026 11:27:13 下午 spec.jbb.JBBmain DoARun -> 信息:   started user thread for Warehouse 23
2月 15, 2026 11:27:13 下午 spec.jbb.JBBmain DoARun -> 信息:   started user thread for Warehouse 24
2月 15, 2026 11:27:13 下午 spec.jbb.JBBmain DoARun -> 信息:   started user thread for Warehouse 25
2月 15, 2026 11:27:13 下午 spec.jbb.JBBmain DoARun -> 信息:   started user thread for Warehouse 26
2月 15, 2026 11:27:13 下午 spec.jbb.JBBmain DoARun -> 信息:   started user thread for Warehouse 27
2月 15, 2026 11:27:13 下午 spec.jbb.JBBmain DoARun -> 信息:   started user thread for Warehouse 28
2月 15, 2026 11:27:13 下午 spec.jbb.JBBmain DoARun -> 信息:   started user thread for Warehouse 29
2月 15, 2026 11:27:13 下午 spec.jbb.JBBmain DoARun -> 信息:   started user thread for Warehouse 30
2月 15, 2026 11:27:13 下午 spec.jbb.JBBmain DoARun -> 信息:   started user thread for Warehouse 31
2月 15, 2026 11:27:13 下午 spec.jbb.JBBmain DoARun -> 信息:   started user thread for Warehouse 32
2月 15, 2026 11:27:13 下午 spec.jbb.JBBmain DoARun -> 信息:   started user thread for Warehouse 33
2月 15, 2026 11:27:13 下午 spec.jbb.JBBmain DoARun -> 信息:   started user thread for Warehouse 34
2月 15, 2026 11:27:13 下午 spec.jbb.JBBmain DoARun -> 信息:   started user thread for Warehouse 35
2月 15, 2026 11:27:13 下午 spec.jbb.JBBmain DoARun -> 信息:   started user thread for Warehouse 36
2月 15, 2026 11:27:13 下午 spec.jbb.JBBmain DoARun -> 信息:   started user thread for Warehouse 37
2月 15, 2026 11:27:13 下午 spec.jbb.JBBmain DoARun -> 信息:   started user thread for Warehouse 38
2月 15, 2026 11:27:13 下午 spec.jbb.JBBmain DoARun -> 信息:   started user thread for Warehouse 39
2月 15, 2026 11:27:13 下午 spec.jbb.JBBmain DoARun -> 信息:   started user thread for Warehouse 40
2月 15, 2026 11:27:13 下午 spec.jbb.JBBmain DoARun -> 信息:   started user thread for Warehouse 41
2月 15, 2026 11:27:13 下午 spec.jbb.JBBmain DoARun -> 信息:   started user thread for Warehouse 42
2月 15, 2026 11:27:13 下午 spec.jbb.JBBmain DoARun -> 信息:   started user thread for Warehouse 43
2月 15, 2026 11:27:13 下午 spec.jbb.JBBmain DoARun -> 信息:   started user thread for Warehouse 44
2月 15, 2026 11:27:13 下午 spec.jbb.JBBmain DoARun -> 信息:   started user thread for Warehouse 45
2月 15, 2026 11:27:13 下午 spec.jbb.JBBmain DoARun -> 信息:   started user thread for Warehouse 46
2月 15, 2026 11:27:13 下午 spec.jbb.JBBmain DoARun -> 信息:   started user thread for Warehouse 47
2月 15, 2026 11:27:13 下午 spec.jbb.JBBmain DoARun -> 信息:   started user thread for Warehouse 48
2月 15, 2026 11:27:13 下午 spec.jbb.JBBmain DoARun -> 信息:   started user thread for Warehouse 49
2月 15, 2026 11:27:13 下午 spec.jbb.JBBmain DoARun -> 信息:   started user thread for Warehouse 50
2月 15, 2026 11:27:13 下午 spec.jbb.JBBmain DoARun -> 信息:   started user thread for Warehouse 51
2月 15, 2026 11:27:13 下午 spec.jbb.JBBmain DoARun -> 信息:   started user thread for Warehouse 52
2月 15, 2026 11:27:13 下午 spec.jbb.JBBmain DoARun -> 信息:   started user thread for Warehouse 53
2月 15, 2026 11:27:13 下午 spec.jbb.JBBmain DoARun -> 信息:   started user thread for Warehouse 54
2月 15, 2026 11:27:13 下午 spec.jbb.JBBmain DoARun -> 信息:   started user thread for Warehouse 55
2月 15, 2026 11:27:13 下午 spec.jbb.JBBmain DoARun -> 信息:   started user thread for Warehouse 56
2月 15, 2026 11:27:13 下午 spec.jbb.JBBmain DoARun -> 信息:   started user thread for Warehouse 57
2月 15, 2026 11:27:13 下午 spec.jbb.JBBmain DoARun -> 信息:   started user thread for Warehouse 58
2月 15, 2026 11:27:13 下午 spec.jbb.JBBmain DoARun -> 信息:   started user thread for Warehouse 59
2月 15, 2026 11:27:13 下午 spec.jbb.JBBmain DoARun -> 信息:   started user thread for Warehouse 60
2月 15, 2026 11:27:13 下午 spec.jbb.JBBmain DoARun -> 信息:   started user thread for Warehouse 61
2月 15, 2026 11:27:13 下午 spec.jbb.JBBmain DoARun -> 信息:   started user thread for Warehouse 62
2月 15, 2026 11:27:13 下午 spec.jbb.JBBmain DoARun -> 信息:   started user thread for Warehouse 63
2月 15, 2026 11:27:13 下午 spec.jbb.JBBmain DoARun -> 信息:   started user thread for Warehouse 64
2月 15, 2026 11:27:13 下午 spec.jbb.JBBmain DoARun -> 信息:   started user thread for Warehouse 65
2月 15, 2026 11:27:13 下午 spec.jbb.JBBmain DoARun -> 信息:   started user thread for Warehouse 66
2月 15, 2026 11:27:13 下午 spec.jbb.JBBmain DoARun -> 信息:   started user thread for Warehouse 67
2月 15, 2026 11:27:13 下午 spec.jbb.JBBmain DoARun -> 信息:   started user thread for Warehouse 68
2月 15, 2026 11:27:13 下午 spec.jbb.JBBmain DoARun -> 信息:   started user thread for Warehouse 69
2月 15, 2026 11:27:13 下午 spec.jbb.JBBmain DoARun -> 信息:   started user thread for Warehouse 70
2月 15, 2026 11:27:13 下午 spec.jbb.JBBmain DoARun -> 信息:   started user thread for Warehouse 71
2月 15, 2026 11:27:13 下午 spec.jbb.JBBmain DoARun -> 信息:   started user thread for Warehouse 72
2月 15, 2026 11:27:13 下午 spec.jbb.JBBmain DoARun -> 信息:   started user thread for Warehouse 73
2月 15, 2026 11:27:13 下午 spec.jbb.JBBmain DoARun -> 信息:   started user thread for Warehouse 74
2月 15, 2026 11:27:13 下午 spec.jbb.JBBmain DoARun -> 信息:   started user thread for Warehouse 75
2月 15, 2026 11:27:13 下午 spec.jbb.JBBmain DoARun -> 信息:   started user thread for Warehouse 76
2月 15, 2026 11:27:13 下午 spec.jbb.JBBmain DoARun -> 信息:   started user thread for Warehouse 77
2月 15, 2026 11:27:13 下午 spec.jbb.JBBmain DoARun -> 信息:   started user thread for Warehouse 78
2月 15, 2026 11:27:13 下午 spec.jbb.JBBmain DoARun -> 信息:   started user thread for Warehouse 79
2月 15, 2026 11:27:13 下午 spec.jbb.JBBmain DoARun -> 信息:   started user thread for Warehouse 80
2月 15, 2026 11:27:13 下午 spec.jbb.JBBmain DoARun -> 信息:   started user thread for Warehouse 81
2月 15, 2026 11:27:13 下午 spec.jbb.JBBmain DoARun -> 信息:   started user thread for Warehouse 82
2月 15, 2026 11:27:13 下午 spec.jbb.JBBmain DoARun -> 信息:   started user thread for Warehouse 83
2月 15, 2026 11:27:13 下午 spec.jbb.JBBmain DoARun -> 信息:   started user thread for Warehouse 84
2月 15, 2026 11:27:13 下午 spec.jbb.JBBmain DoARun -> 信息:   started user thread for Warehouse 85
2月 15, 2026 11:27:13 下午 spec.jbb.JBBmain DoARun -> 信息:   started user thread for Warehouse 86
2月 15, 2026 11:27:13 下午 spec.jbb.JBBmain DoARun -> 信息:   started user thread for Warehouse 87
2月 15, 2026 11:27:13 下午 spec.jbb.JBBmain DoARun -> 信息:   started user thread for Warehouse 88
2月 15, 2026 11:27:13 下午 spec.jbb.JBBmain DoARun -> 信息:   started user thread for Warehouse 89
2月 15, 2026 11:27:13 下午 spec.jbb.JBBmain DoARun -> 信息:   started user thread for Warehouse 90
2月 15, 2026 11:27:13 下午 spec.jbb.JBBmain DoARun -> 信息:   started user thread for Warehouse 91
2月 15, 2026 11:27:13 下午 spec.jbb.JBBmain DoARun -> 信息:   started user thread for Warehouse 92
2月 15, 2026 11:27:13 下午 spec.jbb.JBBmain DoARun -> 信息:   started user thread for Warehouse 93
2月 15, 2026 11:27:13 下午 spec.jbb.JBBmain DoARun -> 信息:   started user thread for Warehouse 94
2月 15, 2026 11:27:13 下午 spec.jbb.JBBmain DoARun -> 信息:   started user thread for Warehouse 95
2月 15, 2026 11:27:13 下午 spec.jbb.JBBmain DoARun -> 信息:   started user thread for Warehouse 96
2月 15, 2026 11:27:13 下午 spec.jbb.JBBmain DoARun -> 信息:   started user thread for Warehouse 97
2月 15, 2026 11:27:13 下午 spec.jbb.JBBmain DoARun -> 信息:   started user thread for Warehouse 98
2月 15, 2026 11:27:13 下午 spec.jbb.JBBmain DoARun -> 信息:   started user thread for Warehouse 99
2月 15, 2026 11:27:13 下午 spec.jbb.JBBmain DoARun -> 信息:   started user thread for Warehouse 100
2月 15, 2026 11:27:13 下午 spec.jbb.JBBmain DoARun -> 信息:   started user thread for Warehouse 101
2月 15, 2026 11:27:13 下午 spec.jbb.JBBmain DoARun -> 信息:   started user thread for Warehouse 102
2月 15, 2026 11:27:13 下午 spec.jbb.JBBmain DoARun -> 信息:   started user thread for Warehouse 103
2月 15, 2026 11:27:13 下午 spec.jbb.JBBmain DoARun -> 信息:   started user thread for Warehouse 104
2月 15, 2026 11:27:13 下午 spec.jbb.JBBmain DoARun -> 信息:   started user thread for Warehouse 105
2月 15, 2026 11:27:13 下午 spec.jbb.JBBmain DoARun -> 信息:   started user thread for Warehouse 106
2月 15, 2026 11:27:13 下午 spec.jbb.JBBmain DoARun -> 信息:   started user thread for Warehouse 107
2月 15, 2026 11:27:13 下午 spec.jbb.JBBmain DoARun -> 信息:   started user thread for Warehouse 108
2月 15, 2026 11:27:13 下午 spec.jbb.JBBmain DoARun -> 信息:   started user thread for Warehouse 109
2月 15, 2026 11:27:13 下午 spec.jbb.JBBmain DoARun -> 信息:   started user thread for Warehouse 110
2月 15, 2026 11:27:13 下午 spec.jbb.JBBmain DoARun -> 信息:   started user thread for Warehouse 111
2月 15, 2026 11:27:13 下午 spec.jbb.JBBmain DoARun -> 信息:   started user thread for Warehouse 112
2月 15, 2026 11:27:13 下午 spec.jbb.JBBmain DoARun -> 信息:   started user thread for Warehouse 113
2月 15, 2026 11:27:13 下午 spec.jbb.JBBmain DoARun -> 信息:   started user thread for Warehouse 114
2月 15, 2026 11:27:13 下午 spec.jbb.JBBmain DoARun -> 信息:   started user thread for Warehouse 115
2月 15, 2026 11:27:13 下午 spec.jbb.JBBmain DoARun -> 信息:   started user thread for Warehouse 116
2月 15, 2026 11:27:13 下午 spec.jbb.JBBmain DoARun -> 信息:   started user thread for Warehouse 117
2月 15, 2026 11:27:13 下午 spec.jbb.JBBmain DoARun -> 信息:   started user thread for Warehouse 118
2月 15, 2026 11:27:13 下午 spec.jbb.JBBmain DoARun -> 信息:   started user thread for Warehouse 119
2月 15, 2026 11:27:13 下午 spec.jbb.JBBmain DoARun -> 信息:   started user thread for Warehouse 120
2月 15, 2026 11:27:13 下午 spec.jbb.JBBmain DoARun -> 信息:   started user thread for Warehouse 121
2月 15, 2026 11:27:13 下午 spec.jbb.JBBmain DoARun -> 信息:   started user thread for Warehouse 122
2月 15, 2026 11:27:13 下午 spec.jbb.JBBmain DoARun -> 信息:   started user thread for Warehouse 123
2月 15, 2026 11:27:13 下午 spec.jbb.JBBmain DoARun -> 信息:   started user thread for Warehouse 124
2月 15, 2026 11:27:13 下午 spec.jbb.JBBmain DoARun -> 信息:   started user thread for Warehouse 125
2月 15, 2026 11:27:13 下午 spec.jbb.JBBmain DoARun -> 信息:   started user thread for Warehouse 126
2月 15, 2026 11:27:13 下午 spec.jbb.Company displayResultTotals -> 信息: Timing Measurement began Sun Feb 15 23:27:13 CST 2026 for 4 minutes
2月 15, 2026 11:31:13 下午 spec.jbb.Company displayResultTotals -> 信息: Timing Measurement ended Sun Feb 15 23:31:13 CST 2026
2月 15, 2026 11:31:13 下午 spec.jbb.Company primeWithDummyData -> 信息: Loading Warehouse 127...
2月 15, 2026 11:31:13 下午 spec.jbb.JBBmain DoARun -> 信息: Start User Threads
2月 15, 2026 11:31:13 下午 spec.jbb.JBBmain DoARun -> 信息:   started user thread for Warehouse 1
2月 15, 2026 11:31:13 下午 spec.jbb.JBBmain DoARun -> 信息:   started user thread for Warehouse 2
2月 15, 2026 11:31:13 下午 spec.jbb.JBBmain DoARun -> 信息:   started user thread for Warehouse 3
2月 15, 2026 11:31:13 下午 spec.jbb.JBBmain DoARun -> 信息:   started user thread for Warehouse 4
2月 15, 2026 11:31:13 下午 spec.jbb.JBBmain DoARun -> 信息:   started user thread for Warehouse 5
2月 15, 2026 11:31:13 下午 spec.jbb.JBBmain DoARun -> 信息:   started user thread for Warehouse 6
2月 15, 2026 11:31:13 下午 spec.jbb.JBBmain DoARun -> 信息:   started user thread for Warehouse 7
2月 15, 2026 11:31:13 下午 spec.jbb.JBBmain DoARun -> 信息:   started user thread for Warehouse 8
2月 15, 2026 11:31:13 下午 spec.jbb.JBBmain DoARun -> 信息:   started user thread for Warehouse 9
2月 15, 2026 11:31:13 下午 spec.jbb.JBBmain DoARun -> 信息:   started user thread for Warehouse 10
2月 15, 2026 11:31:13 下午 spec.jbb.JBBmain DoARun -> 信息:   started user thread for Warehouse 11
2月 15, 2026 11:31:13 下午 spec.jbb.JBBmain DoARun -> 信息:   started user thread for Warehouse 12
2月 15, 2026 11:31:13 下午 spec.jbb.JBBmain DoARun -> 信息:   started user thread for Warehouse 13
2月 15, 2026 11:31:13 下午 spec.jbb.JBBmain DoARun -> 信息:   started user thread for Warehouse 14
2月 15, 2026 11:31:13 下午 spec.jbb.JBBmain DoARun -> 信息:   started user thread for Warehouse 15
2月 15, 2026 11:31:13 下午 spec.jbb.JBBmain DoARun -> 信息:   started user thread for Warehouse 16
2月 15, 2026 11:31:13 下午 spec.jbb.JBBmain DoARun -> 信息:   started user thread for Warehouse 17
2月 15, 2026 11:31:13 下午 spec.jbb.JBBmain DoARun -> 信息:   started user thread for Warehouse 18
2月 15, 2026 11:31:13 下午 spec.jbb.JBBmain DoARun -> 信息:   started user thread for Warehouse 19
2月 15, 2026 11:31:13 下午 spec.jbb.JBBmain DoARun -> 信息:   started user thread for Warehouse 20
2月 15, 2026 11:31:13 下午 spec.jbb.JBBmain DoARun -> 信息:   started user thread for Warehouse 21
2月 15, 2026 11:31:13 下午 spec.jbb.JBBmain DoARun -> 信息:   started user thread for Warehouse 22
2月 15, 2026 11:31:13 下午 spec.jbb.JBBmain DoARun -> 信息:   started user thread for Warehouse 23
2月 15, 2026 11:31:13 下午 spec.jbb.JBBmain DoARun -> 信息:   started user thread for Warehouse 24
2月 15, 2026 11:31:13 下午 spec.jbb.JBBmain DoARun -> 信息:   started user thread for Warehouse 25
2月 15, 2026 11:31:13 下午 spec.jbb.JBBmain DoARun -> 信息:   started user thread for Warehouse 26
2月 15, 2026 11:31:13 下午 spec.jbb.JBBmain DoARun -> 信息:   started user thread for Warehouse 27
2月 15, 2026 11:31:13 下午 spec.jbb.JBBmain DoARun -> 信息:   started user thread for Warehouse 28
2月 15, 2026 11:31:13 下午 spec.jbb.JBBmain DoARun -> 信息:   started user thread for Warehouse 29
2月 15, 2026 11:31:13 下午 spec.jbb.JBBmain DoARun -> 信息:   started user thread for Warehouse 30
2月 15, 2026 11:31:13 下午 spec.jbb.JBBmain DoARun -> 信息:   started user thread for Warehouse 31
2月 15, 2026 11:31:13 下午 spec.jbb.JBBmain DoARun -> 信息:   started user thread for Warehouse 32
2月 15, 2026 11:31:13 下午 spec.jbb.JBBmain DoARun -> 信息:   started user thread for Warehouse 33
2月 15, 2026 11:31:13 下午 spec.jbb.JBBmain DoARun -> 信息:   started user thread for Warehouse 34
2月 15, 2026 11:31:13 下午 spec.jbb.JBBmain DoARun -> 信息:   started user thread for Warehouse 35
2月 15, 2026 11:31:13 下午 spec.jbb.JBBmain DoARun -> 信息:   started user thread for Warehouse 36
2月 15, 2026 11:31:13 下午 spec.jbb.JBBmain DoARun -> 信息:   started user thread for Warehouse 37
2月 15, 2026 11:31:13 下午 spec.jbb.JBBmain DoARun -> 信息:   started user thread for Warehouse 38
2月 15, 2026 11:31:13 下午 spec.jbb.JBBmain DoARun -> 信息:   started user thread for Warehouse 39
2月 15, 2026 11:31:13 下午 spec.jbb.JBBmain DoARun -> 信息:   started user thread for Warehouse 40
2月 15, 2026 11:31:13 下午 spec.jbb.JBBmain DoARun -> 信息:   started user thread for Warehouse 41
2月 15, 2026 11:31:13 下午 spec.jbb.JBBmain DoARun -> 信息:   started user thread for Warehouse 42
2月 15, 2026 11:31:13 下午 spec.jbb.JBBmain DoARun -> 信息:   started user thread for Warehouse 43
2月 15, 2026 11:31:13 下午 spec.jbb.JBBmain DoARun -> 信息:   started user thread for Warehouse 44
2月 15, 2026 11:31:13 下午 spec.jbb.JBBmain DoARun -> 信息:   started user thread for Warehouse 45
2月 15, 2026 11:31:13 下午 spec.jbb.JBBmain DoARun -> 信息:   started user thread for Warehouse 46
2月 15, 2026 11:31:13 下午 spec.jbb.JBBmain DoARun -> 信息:   started user thread for Warehouse 47
2月 15, 2026 11:31:13 下午 spec.jbb.JBBmain DoARun -> 信息:   started user thread for Warehouse 48
2月 15, 2026 11:31:13 下午 spec.jbb.JBBmain DoARun -> 信息:   started user thread for Warehouse 49
2月 15, 2026 11:31:13 下午 spec.jbb.JBBmain DoARun -> 信息:   started user thread for Warehouse 50
2月 15, 2026 11:31:13 下午 spec.jbb.JBBmain DoARun -> 信息:   started user thread for Warehouse 51
2月 15, 2026 11:31:13 下午 spec.jbb.JBBmain DoARun -> 信息:   started user thread for Warehouse 52
2月 15, 2026 11:31:13 下午 spec.jbb.JBBmain DoARun -> 信息:   started user thread for Warehouse 53
2月 15, 2026 11:31:13 下午 spec.jbb.JBBmain DoARun -> 信息:   started user thread for Warehouse 54
2月 15, 2026 11:31:13 下午 spec.jbb.JBBmain DoARun -> 信息:   started user thread for Warehouse 55
2月 15, 2026 11:31:13 下午 spec.jbb.JBBmain DoARun -> 信息:   started user thread for Warehouse 56
2月 15, 2026 11:31:13 下午 spec.jbb.JBBmain DoARun -> 信息:   started user thread for Warehouse 57
2月 15, 2026 11:31:13 下午 spec.jbb.JBBmain DoARun -> 信息:   started user thread for Warehouse 58
2月 15, 2026 11:31:13 下午 spec.jbb.JBBmain DoARun -> 信息:   started user thread for Warehouse 59
2月 15, 2026 11:31:13 下午 spec.jbb.JBBmain DoARun -> 信息:   started user thread for Warehouse 60
2月 15, 2026 11:31:13 下午 spec.jbb.JBBmain DoARun -> 信息:   started user thread for Warehouse 61
2月 15, 2026 11:31:13 下午 spec.jbb.JBBmain DoARun -> 信息:   started user thread for Warehouse 62
2月 15, 2026 11:31:13 下午 spec.jbb.JBBmain DoARun -> 信息:   started user thread for Warehouse 63
2月 15, 2026 11:31:13 下午 spec.jbb.JBBmain DoARun -> 信息:   started user thread for Warehouse 64
2月 15, 2026 11:31:13 下午 spec.jbb.JBBmain DoARun -> 信息:   started user thread for Warehouse 65
2月 15, 2026 11:31:13 下午 spec.jbb.JBBmain DoARun -> 信息:   started user thread for Warehouse 66
2月 15, 2026 11:31:13 下午 spec.jbb.JBBmain DoARun -> 信息:   started user thread for Warehouse 67
2月 15, 2026 11:31:13 下午 spec.jbb.JBBmain DoARun -> 信息:   started user thread for Warehouse 68
2月 15, 2026 11:31:13 下午 spec.jbb.JBBmain DoARun -> 信息:   started user thread for Warehouse 69
2月 15, 2026 11:31:13 下午 spec.jbb.JBBmain DoARun -> 信息:   started user thread for Warehouse 70
2月 15, 2026 11:31:13 下午 spec.jbb.JBBmain DoARun -> 信息:   started user thread for Warehouse 71
2月 15, 2026 11:31:13 下午 spec.jbb.JBBmain DoARun -> 信息:   started user thread for Warehouse 72
2月 15, 2026 11:31:13 下午 spec.jbb.JBBmain DoARun -> 信息:   started user thread for Warehouse 73
2月 15, 2026 11:31:13 下午 spec.jbb.JBBmain DoARun -> 信息:   started user thread for Warehouse 74
2月 15, 2026 11:31:13 下午 spec.jbb.JBBmain DoARun -> 信息:   started user thread for Warehouse 75
2月 15, 2026 11:31:13 下午 spec.jbb.JBBmain DoARun -> 信息:   started user thread for Warehouse 76
2月 15, 2026 11:31:13 下午 spec.jbb.JBBmain DoARun -> 信息:   started user thread for Warehouse 77
2月 15, 2026 11:31:13 下午 spec.jbb.JBBmain DoARun -> 信息:   started user thread for Warehouse 78
2月 15, 2026 11:31:13 下午 spec.jbb.JBBmain DoARun -> 信息:   started user thread for Warehouse 79
2月 15, 2026 11:31:13 下午 spec.jbb.JBBmain DoARun -> 信息:   started user thread for Warehouse 80
2月 15, 2026 11:31:13 下午 spec.jbb.JBBmain DoARun -> 信息:   started user thread for Warehouse 81
2月 15, 2026 11:31:13 下午 spec.jbb.JBBmain DoARun -> 信息:   started user thread for Warehouse 82
2月 15, 2026 11:31:13 下午 spec.jbb.JBBmain DoARun -> 信息:   started user thread for Warehouse 83
2月 15, 2026 11:31:13 下午 spec.jbb.JBBmain DoARun -> 信息:   started user thread for Warehouse 84
2月 15, 2026 11:31:13 下午 spec.jbb.JBBmain DoARun -> 信息:   started user thread for Warehouse 85
2月 15, 2026 11:31:13 下午 spec.jbb.JBBmain DoARun -> 信息:   started user thread for Warehouse 86
2月 15, 2026 11:31:13 下午 spec.jbb.JBBmain DoARun -> 信息:   started user thread for Warehouse 87
2月 15, 2026 11:31:13 下午 spec.jbb.JBBmain DoARun -> 信息:   started user thread for Warehouse 88
2月 15, 2026 11:31:13 下午 spec.jbb.JBBmain DoARun -> 信息:   started user thread for Warehouse 89
2月 15, 2026 11:31:13 下午 spec.jbb.JBBmain DoARun -> 信息:   started user thread for Warehouse 90
2月 15, 2026 11:31:13 下午 spec.jbb.JBBmain DoARun -> 信息:   started user thread for Warehouse 91
2月 15, 2026 11:31:13 下午 spec.jbb.JBBmain DoARun -> 信息:   started user thread for Warehouse 92
2月 15, 2026 11:31:13 下午 spec.jbb.JBBmain DoARun -> 信息:   started user thread for Warehouse 93
2月 15, 2026 11:31:13 下午 spec.jbb.JBBmain DoARun -> 信息:   started user thread for Warehouse 94
2月 15, 2026 11:31:13 下午 spec.jbb.JBBmain DoARun -> 信息:   started user thread for Warehouse 95
2月 15, 2026 11:31:13 下午 spec.jbb.JBBmain DoARun -> 信息:   started user thread for Warehouse 96
2月 15, 2026 11:31:13 下午 spec.jbb.JBBmain DoARun -> 信息:   started user thread for Warehouse 97
2月 15, 2026 11:31:13 下午 spec.jbb.JBBmain DoARun -> 信息:   started user thread for Warehouse 98
2月 15, 2026 11:31:13 下午 spec.jbb.JBBmain DoARun -> 信息:   started user thread for Warehouse 99
2月 15, 2026 11:31:13 下午 spec.jbb.JBBmain DoARun -> 信息:   started user thread for Warehouse 100
2月 15, 2026 11:31:13 下午 spec.jbb.JBBmain DoARun -> 信息:   started user thread for Warehouse 101
2月 15, 2026 11:31:13 下午 spec.jbb.JBBmain DoARun -> 信息:   started user thread for Warehouse 102
2月 15, 2026 11:31:13 下午 spec.jbb.JBBmain DoARun -> 信息:   started user thread for Warehouse 103
2月 15, 2026 11:31:13 下午 spec.jbb.JBBmain DoARun -> 信息:   started user thread for Warehouse 104
2月 15, 2026 11:31:13 下午 spec.jbb.JBBmain DoARun -> 信息:   started user thread for Warehouse 105
2月 15, 2026 11:31:13 下午 spec.jbb.JBBmain DoARun -> 信息:   started user thread for Warehouse 106
2月 15, 2026 11:31:13 下午 spec.jbb.JBBmain DoARun -> 信息:   started user thread for Warehouse 107
2月 15, 2026 11:31:13 下午 spec.jbb.JBBmain DoARun -> 信息:   started user thread for Warehouse 108
2月 15, 2026 11:31:13 下午 spec.jbb.JBBmain DoARun -> 信息:   started user thread for Warehouse 109
2月 15, 2026 11:31:13 下午 spec.jbb.JBBmain DoARun -> 信息:   started user thread for Warehouse 110
2月 15, 2026 11:31:13 下午 spec.jbb.JBBmain DoARun -> 信息:   started user thread for Warehouse 111
2月 15, 2026 11:31:13 下午 spec.jbb.JBBmain DoARun -> 信息:   started user thread for Warehouse 112
2月 15, 2026 11:31:13 下午 spec.jbb.JBBmain DoARun -> 信息:   started user thread for Warehouse 113
2月 15, 2026 11:31:13 下午 spec.jbb.JBBmain DoARun -> 信息:   started user thread for Warehouse 114
2月 15, 2026 11:31:13 下午 spec.jbb.JBBmain DoARun -> 信息:   started user thread for Warehouse 115
2月 15, 2026 11:31:13 下午 spec.jbb.JBBmain DoARun -> 信息:   started user thread for Warehouse 116
2月 15, 2026 11:31:13 下午 spec.jbb.JBBmain DoARun -> 信息:   started user thread for Warehouse 117
2月 15, 2026 11:31:13 下午 spec.jbb.JBBmain DoARun -> 信息:   started user thread for Warehouse 118
2月 15, 2026 11:31:13 下午 spec.jbb.JBBmain DoARun -> 信息:   started user thread for Warehouse 119
2月 15, 2026 11:31:13 下午 spec.jbb.JBBmain DoARun -> 信息:   started user thread for Warehouse 120
2月 15, 2026 11:31:13 下午 spec.jbb.JBBmain DoARun -> 信息:   started user thread for Warehouse 121
2月 15, 2026 11:31:13 下午 spec.jbb.JBBmain DoARun -> 信息:   started user thread for Warehouse 122
2月 15, 2026 11:31:13 下午 spec.jbb.JBBmain DoARun -> 信息:   started user thread for Warehouse 123
2月 15, 2026 11:31:13 下午 spec.jbb.JBBmain DoARun -> 信息:   started user thread for Warehouse 124
2月 15, 2026 11:31:13 下午 spec.jbb.JBBmain DoARun -> 信息:   started user thread for Warehouse 125
2月 15, 2026 11:31:13 下午 spec.jbb.JBBmain DoARun -> 信息:   started user thread for Warehouse 126
2月 15, 2026 11:31:13 下午 spec.jbb.JBBmain DoARun -> 信息:   started user thread for Warehouse 127
2月 15, 2026 11:31:13 下午 spec.jbb.Company displayResultTotals -> 信息: Timing Measurement began Sun Feb 15 23:31:13 CST 2026 for 4 minutes
2月 15, 2026 11:35:13 下午 spec.jbb.Company displayResultTotals -> 信息: Timing Measurement ended Sun Feb 15 23:35:13 CST 2026
2月 15, 2026 11:35:14 下午 spec.jbb.Company primeWithDummyData -> 信息: Loading Warehouse 128...
2月 15, 2026 11:35:14 下午 spec.jbb.JBBmain DoARun -> 信息: Start User Threads
2月 15, 2026 11:35:14 下午 spec.jbb.JBBmain DoARun -> 信息:   started user thread for Warehouse 1
2月 15, 2026 11:35:14 下午 spec.jbb.JBBmain DoARun -> 信息:   started user thread for Warehouse 2
2月 15, 2026 11:35:14 下午 spec.jbb.JBBmain DoARun -> 信息:   started user thread for Warehouse 3
2月 15, 2026 11:35:14 下午 spec.jbb.JBBmain DoARun -> 信息:   started user thread for Warehouse 4
2月 15, 2026 11:35:14 下午 spec.jbb.JBBmain DoARun -> 信息:   started user thread for Warehouse 5
2月 15, 2026 11:35:14 下午 spec.jbb.JBBmain DoARun -> 信息:   started user thread for Warehouse 6
2月 15, 2026 11:35:14 下午 spec.jbb.JBBmain DoARun -> 信息:   started user thread for Warehouse 7
2月 15, 2026 11:35:14 下午 spec.jbb.JBBmain DoARun -> 信息:   started user thread for Warehouse 8
2月 15, 2026 11:35:14 下午 spec.jbb.JBBmain DoARun -> 信息:   started user thread for Warehouse 9
2月 15, 2026 11:35:14 下午 spec.jbb.JBBmain DoARun -> 信息:   started user thread for Warehouse 10
2月 15, 2026 11:35:14 下午 spec.jbb.JBBmain DoARun -> 信息:   started user thread for Warehouse 11
2月 15, 2026 11:35:14 下午 spec.jbb.JBBmain DoARun -> 信息:   started user thread for Warehouse 12
2月 15, 2026 11:35:14 下午 spec.jbb.JBBmain DoARun -> 信息:   started user thread for Warehouse 13
2月 15, 2026 11:35:14 下午 spec.jbb.JBBmain DoARun -> 信息:   started user thread for Warehouse 14
2月 15, 2026 11:35:14 下午 spec.jbb.JBBmain DoARun -> 信息:   started user thread for Warehouse 15
2月 15, 2026 11:35:14 下午 spec.jbb.JBBmain DoARun -> 信息:   started user thread for Warehouse 16
2月 15, 2026 11:35:14 下午 spec.jbb.JBBmain DoARun -> 信息:   started user thread for Warehouse 17
2月 15, 2026 11:35:14 下午 spec.jbb.JBBmain DoARun -> 信息:   started user thread for Warehouse 18
2月 15, 2026 11:35:14 下午 spec.jbb.JBBmain DoARun -> 信息:   started user thread for Warehouse 19
2月 15, 2026 11:35:14 下午 spec.jbb.JBBmain DoARun -> 信息:   started user thread for Warehouse 20
2月 15, 2026 11:35:14 下午 spec.jbb.JBBmain DoARun -> 信息:   started user thread for Warehouse 21
2月 15, 2026 11:35:14 下午 spec.jbb.JBBmain DoARun -> 信息:   started user thread for Warehouse 22
2月 15, 2026 11:35:14 下午 spec.jbb.JBBmain DoARun -> 信息:   started user thread for Warehouse 23
2月 15, 2026 11:35:14 下午 spec.jbb.JBBmain DoARun -> 信息:   started user thread for Warehouse 24
2月 15, 2026 11:35:14 下午 spec.jbb.JBBmain DoARun -> 信息:   started user thread for Warehouse 25
2月 15, 2026 11:35:14 下午 spec.jbb.JBBmain DoARun -> 信息:   started user thread for Warehouse 26
2月 15, 2026 11:35:14 下午 spec.jbb.JBBmain DoARun -> 信息:   started user thread for Warehouse 27
2月 15, 2026 11:35:14 下午 spec.jbb.JBBmain DoARun -> 信息:   started user thread for Warehouse 28
2月 15, 2026 11:35:14 下午 spec.jbb.JBBmain DoARun -> 信息:   started user thread for Warehouse 29
2月 15, 2026 11:35:14 下午 spec.jbb.JBBmain DoARun -> 信息:   started user thread for Warehouse 30
2月 15, 2026 11:35:14 下午 spec.jbb.JBBmain DoARun -> 信息:   started user thread for Warehouse 31
2月 15, 2026 11:35:14 下午 spec.jbb.JBBmain DoARun -> 信息:   started user thread for Warehouse 32
2月 15, 2026 11:35:14 下午 spec.jbb.JBBmain DoARun -> 信息:   started user thread for Warehouse 33
2月 15, 2026 11:35:14 下午 spec.jbb.JBBmain DoARun -> 信息:   started user thread for Warehouse 34
2月 15, 2026 11:35:14 下午 spec.jbb.JBBmain DoARun -> 信息:   started user thread for Warehouse 35
2月 15, 2026 11:35:14 下午 spec.jbb.JBBmain DoARun -> 信息:   started user thread for Warehouse 36
2月 15, 2026 11:35:14 下午 spec.jbb.JBBmain DoARun -> 信息:   started user thread for Warehouse 37
2月 15, 2026 11:35:14 下午 spec.jbb.JBBmain DoARun -> 信息:   started user thread for Warehouse 38
2月 15, 2026 11:35:14 下午 spec.jbb.JBBmain DoARun -> 信息:   started user thread for Warehouse 39
2月 15, 2026 11:35:14 下午 spec.jbb.JBBmain DoARun -> 信息:   started user thread for Warehouse 40
2月 15, 2026 11:35:14 下午 spec.jbb.JBBmain DoARun -> 信息:   started user thread for Warehouse 41
2月 15, 2026 11:35:14 下午 spec.jbb.JBBmain DoARun -> 信息:   started user thread for Warehouse 42
2月 15, 2026 11:35:14 下午 spec.jbb.JBBmain DoARun -> 信息:   started user thread for Warehouse 43
2月 15, 2026 11:35:14 下午 spec.jbb.JBBmain DoARun -> 信息:   started user thread for Warehouse 44
2月 15, 2026 11:35:14 下午 spec.jbb.JBBmain DoARun -> 信息:   started user thread for Warehouse 45
2月 15, 2026 11:35:14 下午 spec.jbb.JBBmain DoARun -> 信息:   started user thread for Warehouse 46
2月 15, 2026 11:35:14 下午 spec.jbb.JBBmain DoARun -> 信息:   started user thread for Warehouse 47
2月 15, 2026 11:35:14 下午 spec.jbb.JBBmain DoARun -> 信息:   started user thread for Warehouse 48
2月 15, 2026 11:35:14 下午 spec.jbb.JBBmain DoARun -> 信息:   started user thread for Warehouse 49
2月 15, 2026 11:35:14 下午 spec.jbb.JBBmain DoARun -> 信息:   started user thread for Warehouse 50
2月 15, 2026 11:35:14 下午 spec.jbb.JBBmain DoARun -> 信息:   started user thread for Warehouse 51
2月 15, 2026 11:35:14 下午 spec.jbb.JBBmain DoARun -> 信息:   started user thread for Warehouse 52
2月 15, 2026 11:35:14 下午 spec.jbb.JBBmain DoARun -> 信息:   started user thread for Warehouse 53
2月 15, 2026 11:35:14 下午 spec.jbb.JBBmain DoARun -> 信息:   started user thread for Warehouse 54
2月 15, 2026 11:35:14 下午 spec.jbb.JBBmain DoARun -> 信息:   started user thread for Warehouse 55
2月 15, 2026 11:35:14 下午 spec.jbb.JBBmain DoARun -> 信息:   started user thread for Warehouse 56
2月 15, 2026 11:35:14 下午 spec.jbb.JBBmain DoARun -> 信息:   started user thread for Warehouse 57
2月 15, 2026 11:35:14 下午 spec.jbb.JBBmain DoARun -> 信息:   started user thread for Warehouse 58
2月 15, 2026 11:35:14 下午 spec.jbb.JBBmain DoARun -> 信息:   started user thread for Warehouse 59
2月 15, 2026 11:35:14 下午 spec.jbb.JBBmain DoARun -> 信息:   started user thread for Warehouse 60
2月 15, 2026 11:35:14 下午 spec.jbb.JBBmain DoARun -> 信息:   started user thread for Warehouse 61
2月 15, 2026 11:35:14 下午 spec.jbb.JBBmain DoARun -> 信息:   started user thread for Warehouse 62
2月 15, 2026 11:35:14 下午 spec.jbb.JBBmain DoARun -> 信息:   started user thread for Warehouse 63
2月 15, 2026 11:35:14 下午 spec.jbb.JBBmain DoARun -> 信息:   started user thread for Warehouse 64
2月 15, 2026 11:35:14 下午 spec.jbb.JBBmain DoARun -> 信息:   started user thread for Warehouse 65
2月 15, 2026 11:35:14 下午 spec.jbb.JBBmain DoARun -> 信息:   started user thread for Warehouse 66
2月 15, 2026 11:35:14 下午 spec.jbb.JBBmain DoARun -> 信息:   started user thread for Warehouse 67
2月 15, 2026 11:35:14 下午 spec.jbb.JBBmain DoARun -> 信息:   started user thread for Warehouse 68
2月 15, 2026 11:35:14 下午 spec.jbb.JBBmain DoARun -> 信息:   started user thread for Warehouse 69
2月 15, 2026 11:35:14 下午 spec.jbb.JBBmain DoARun -> 信息:   started user thread for Warehouse 70
2月 15, 2026 11:35:14 下午 spec.jbb.JBBmain DoARun -> 信息:   started user thread for Warehouse 71
2月 15, 2026 11:35:14 下午 spec.jbb.JBBmain DoARun -> 信息:   started user thread for Warehouse 72
2月 15, 2026 11:35:14 下午 spec.jbb.JBBmain DoARun -> 信息:   started user thread for Warehouse 73
2月 15, 2026 11:35:14 下午 spec.jbb.JBBmain DoARun -> 信息:   started user thread for Warehouse 74
2月 15, 2026 11:35:14 下午 spec.jbb.JBBmain DoARun -> 信息:   started user thread for Warehouse 75
2月 15, 2026 11:35:14 下午 spec.jbb.JBBmain DoARun -> 信息:   started user thread for Warehouse 76
2月 15, 2026 11:35:14 下午 spec.jbb.JBBmain DoARun -> 信息:   started user thread for Warehouse 77
2月 15, 2026 11:35:14 下午 spec.jbb.JBBmain DoARun -> 信息:   started user thread for Warehouse 78
2月 15, 2026 11:35:14 下午 spec.jbb.JBBmain DoARun -> 信息:   started user thread for Warehouse 79
2月 15, 2026 11:35:14 下午 spec.jbb.JBBmain DoARun -> 信息:   started user thread for Warehouse 80
2月 15, 2026 11:35:14 下午 spec.jbb.JBBmain DoARun -> 信息:   started user thread for Warehouse 81
2月 15, 2026 11:35:14 下午 spec.jbb.JBBmain DoARun -> 信息:   started user thread for Warehouse 82
2月 15, 2026 11:35:14 下午 spec.jbb.JBBmain DoARun -> 信息:   started user thread for Warehouse 83
2月 15, 2026 11:35:14 下午 spec.jbb.JBBmain DoARun -> 信息:   started user thread for Warehouse 84
2月 15, 2026 11:35:14 下午 spec.jbb.JBBmain DoARun -> 信息:   started user thread for Warehouse 85
2月 15, 2026 11:35:14 下午 spec.jbb.JBBmain DoARun -> 信息:   started user thread for Warehouse 86
2月 15, 2026 11:35:14 下午 spec.jbb.JBBmain DoARun -> 信息:   started user thread for Warehouse 87
2月 15, 2026 11:35:14 下午 spec.jbb.JBBmain DoARun -> 信息:   started user thread for Warehouse 88
2月 15, 2026 11:35:14 下午 spec.jbb.JBBmain DoARun -> 信息:   started user thread for Warehouse 89
2月 15, 2026 11:35:14 下午 spec.jbb.JBBmain DoARun -> 信息:   started user thread for Warehouse 90
2月 15, 2026 11:35:14 下午 spec.jbb.JBBmain DoARun -> 信息:   started user thread for Warehouse 91
2月 15, 2026 11:35:14 下午 spec.jbb.JBBmain DoARun -> 信息:   started user thread for Warehouse 92
2月 15, 2026 11:35:14 下午 spec.jbb.JBBmain DoARun -> 信息:   started user thread for Warehouse 93
2月 15, 2026 11:35:14 下午 spec.jbb.JBBmain DoARun -> 信息:   started user thread for Warehouse 94
2月 15, 2026 11:35:14 下午 spec.jbb.JBBmain DoARun -> 信息:   started user thread for Warehouse 95
2月 15, 2026 11:35:14 下午 spec.jbb.JBBmain DoARun -> 信息:   started user thread for Warehouse 96
2月 15, 2026 11:35:14 下午 spec.jbb.JBBmain DoARun -> 信息:   started user thread for Warehouse 97
2月 15, 2026 11:35:14 下午 spec.jbb.JBBmain DoARun -> 信息:   started user thread for Warehouse 98
2月 15, 2026 11:35:14 下午 spec.jbb.JBBmain DoARun -> 信息:   started user thread for Warehouse 99
2月 15, 2026 11:35:14 下午 spec.jbb.JBBmain DoARun -> 信息:   started user thread for Warehouse 100
2月 15, 2026 11:35:14 下午 spec.jbb.JBBmain DoARun -> 信息:   started user thread for Warehouse 101
2月 15, 2026 11:35:14 下午 spec.jbb.JBBmain DoARun -> 信息:   started user thread for Warehouse 102
2月 15, 2026 11:35:14 下午 spec.jbb.JBBmain DoARun -> 信息:   started user thread for Warehouse 103
2月 15, 2026 11:35:14 下午 spec.jbb.JBBmain DoARun -> 信息:   started user thread for Warehouse 104
2月 15, 2026 11:35:14 下午 spec.jbb.JBBmain DoARun -> 信息:   started user thread for Warehouse 105
2月 15, 2026 11:35:14 下午 spec.jbb.JBBmain DoARun -> 信息:   started user thread for Warehouse 106
2月 15, 2026 11:35:14 下午 spec.jbb.JBBmain DoARun -> 信息:   started user thread for Warehouse 107
2月 15, 2026 11:35:14 下午 spec.jbb.JBBmain DoARun -> 信息:   started user thread for Warehouse 108
2月 15, 2026 11:35:14 下午 spec.jbb.JBBmain DoARun -> 信息:   started user thread for Warehouse 109
2月 15, 2026 11:35:14 下午 spec.jbb.JBBmain DoARun -> 信息:   started user thread for Warehouse 110
2月 15, 2026 11:35:14 下午 spec.jbb.JBBmain DoARun -> 信息:   started user thread for Warehouse 111
2月 15, 2026 11:35:14 下午 spec.jbb.JBBmain DoARun -> 信息:   started user thread for Warehouse 112
2月 15, 2026 11:35:14 下午 spec.jbb.JBBmain DoARun -> 信息:   started user thread for Warehouse 113
2月 15, 2026 11:35:14 下午 spec.jbb.JBBmain DoARun -> 信息:   started user thread for Warehouse 114
2月 15, 2026 11:35:14 下午 spec.jbb.JBBmain DoARun -> 信息:   started user thread for Warehouse 115
2月 15, 2026 11:35:14 下午 spec.jbb.JBBmain DoARun -> 信息:   started user thread for Warehouse 116
2月 15, 2026 11:35:14 下午 spec.jbb.JBBmain DoARun -> 信息:   started user thread for Warehouse 117
2月 15, 2026 11:35:14 下午 spec.jbb.JBBmain DoARun -> 信息:   started user thread for Warehouse 118
2月 15, 2026 11:35:14 下午 spec.jbb.JBBmain DoARun -> 信息:   started user thread for Warehouse 119
2月 15, 2026 11:35:14 下午 spec.jbb.JBBmain DoARun -> 信息:   started user thread for Warehouse 120
2月 15, 2026 11:35:14 下午 spec.jbb.JBBmain DoARun -> 信息:   started user thread for Warehouse 121
2月 15, 2026 11:35:14 下午 spec.jbb.JBBmain DoARun -> 信息:   started user thread for Warehouse 122
2月 15, 2026 11:35:14 下午 spec.jbb.JBBmain DoARun -> 信息:   started user thread for Warehouse 123
2月 15, 2026 11:35:14 下午 spec.jbb.JBBmain DoARun -> 信息:   started user thread for Warehouse 124
2月 15, 2026 11:35:14 下午 spec.jbb.JBBmain DoARun -> 信息:   started user thread for Warehouse 125
2月 15, 2026 11:35:14 下午 spec.jbb.JBBmain DoARun -> 信息:   started user thread for Warehouse 126
2月 15, 2026 11:35:14 下午 spec.jbb.JBBmain DoARun -> 信息:   started user thread for Warehouse 127
2月 15, 2026 11:35:14 下午 spec.jbb.JBBmain DoARun -> 信息:   started user thread for Warehouse 128
2月 15, 2026 11:35:14 下午 spec.jbb.Company displayResultTotals -> 信息: Timing Measurement began Sun Feb 15 23:35:14 CST 2026 for 4 minutes
2月 15, 2026 11:39:14 下午 spec.jbb.Company displayResultTotals -> 信息: Timing Measurement ended Sun Feb 15 23:39:14 CST 2026
2月 15, 2026 11:39:14 下午 spec.jbb.JBBmain callReporter -> 信息: Calling Reporter
2月 15, 2026 11:39:15 下午 spec.jbb.JBBmain main -> 信息: Logging ended
