2月 12, 2026 12:37:09 上午 spec.jbb.JBBmain main -> 信息: Logging started
2月 12, 2026 12:37:09 上午 spec.jbb.Company primeWithDummyData -> 信息: Loading Warehouse 1...
2月 12, 2026 12:37:10 上午 spec.jbb.JBBmain DoARun -> 信息: Start User Threads
2月 12, 2026 12:37:10 上午 spec.jbb.JBBmain DoARun -> 信息:   started user thread for Warehouse 1
2月 12, 2026 12:37:10 上午 spec.jbb.Company displayResultTotals -> 信息: Timing Measurement began Thu Feb 12 00:37:10 CST 2026 for 0.5 minutes
2月 12, 2026 12:37:40 上午 spec.jbb.Company displayResultTotals -> 信息: Timing Measurement ended Thu Feb 12 00:37:40 CST 2026
2月 12, 2026 12:37:40 上午 spec.jbb.Company primeWithDummyData -> 信息: Loading Warehouse 2...
2月 12, 2026 12:37:40 上午 spec.jbb.JBBmain DoARun -> 信息: Start User Threads
2月 12, 2026 12:37:40 上午 spec.jbb.JBBmain DoARun -> 信息:   started user thread for Warehouse 1
2月 12, 2026 12:37:40 上午 spec.jbb.JBBmain DoARun -> 信息:   started user thread for Warehouse 2
2月 12, 2026 12:37:40 上午 spec.jbb.Company displayResultTotals -> 信息: Timing Measurement began Thu Feb 12 00:37:40 CST 2026 for 0.5 minutes
2月 12, 2026 12:38:10 上午 spec.jbb.Company displayResultTotals -> 信息: Timing Measurement ended Thu Feb 12 00:38:10 CST 2026
2月 12, 2026 12:38:10 上午 spec.jbb.Company primeWithDummyData -> 信息: Loading Warehouse 3...
2月 12, 2026 12:38:10 上午 spec.jbb.JBBmain DoARun -> 信息: Start User Threads
2月 12, 2026 12:38:10 上午 spec.jbb.JBBmain DoARun -> 信息:   started user thread for Warehouse 1
2月 12, 2026 12:38:10 上午 spec.jbb.JBBmain DoARun -> 信息:   started user thread for Warehouse 2
2月 12, 2026 12:38:10 上午 spec.jbb.JBBmain DoARun -> 信息:   started user thread for Warehouse 3
2月 12, 2026 12:38:10 上午 spec.jbb.Company displayResultTotals -> 信息: Timing Measurement began Thu Feb 12 00:38:10 CST 2026 for 0.5 minutes
2月 12, 2026 12:38:40 上午 spec.jbb.Company displayResultTotals -> 信息: Timing Measurement ended Thu Feb 12 00:38:40 CST 2026
2月 12, 2026 12:38:40 上午 spec.jbb.Company primeWithDummyData -> 信息: Loading Warehouse 4...
2月 12, 2026 12:38:41 上午 spec.jbb.JBBmain DoARun -> 信息: Start User Threads
2月 12, 2026 12:38:41 上午 spec.jbb.JBBmain DoARun -> 信息:   started user thread for Warehouse 1
2月 12, 2026 12:38:41 上午 spec.jbb.JBBmain DoARun -> 信息:   started user thread for Warehouse 2
2月 12, 2026 12:38:41 上午 spec.jbb.JBBmain DoARun -> 信息:   started user thread for Warehouse 3
2月 12, 2026 12:38:41 上午 spec.jbb.JBBmain DoARun -> 信息:   started user thread for Warehouse 4
2月 12, 2026 12:38:41 上午 spec.jbb.Company displayResultTotals -> 信息: Timing Measurement began Thu Feb 12 00:38:41 CST 2026 for 0.5 minutes
2月 12, 2026 12:39:11 上午 spec.jbb.Company displayResultTotals -> 信息: Timing Measurement ended Thu Feb 12 00:39:11 CST 2026
2月 12, 2026 12:39:11 上午 spec.jbb.Company primeWithDummyData -> 信息: Loading Warehouse 5...
2月 12, 2026 12:39:11 上午 spec.jbb.JBBmain DoARun -> 信息: Start User Threads
2月 12, 2026 12:39:11 上午 spec.jbb.JBBmain DoARun -> 信息:   started user thread for Warehouse 1
2月 12, 2026 12:39:11 上午 spec.jbb.JBBmain DoARun -> 信息:   started user thread for Warehouse 2
2月 12, 2026 12:39:11 上午 spec.jbb.JBBmain DoARun -> 信息:   started user thread for Warehouse 3
2月 12, 2026 12:39:11 上午 spec.jbb.JBBmain DoARun -> 信息:   started user thread for Warehouse 4
2月 12, 2026 12:39:11 上午 spec.jbb.JBBmain DoARun -> 信息:   started user thread for Warehouse 5
2月 12, 2026 12:39:11 上午 spec.jbb.Company displayResultTotals -> 信息: Timing Measurement began Thu Feb 12 00:39:11 CST 2026 for 0.5 minutes
2月 12, 2026 12:39:41 上午 spec.jbb.Company displayResultTotals -> 信息: Timing Measurement ended Thu Feb 12 00:39:41 CST 2026
2月 12, 2026 12:39:41 上午 spec.jbb.Company primeWithDummyData -> 信息: Loading Warehouse 6...
2月 12, 2026 12:39:41 上午 spec.jbb.JBBmain DoARun -> 信息: Start User Threads
2月 12, 2026 12:39:41 上午 spec.jbb.JBBmain DoARun -> 信息:   started user thread for Warehouse 1
2月 12, 2026 12:39:41 上午 spec.jbb.JBBmain DoARun -> 信息:   started user thread for Warehouse 2
2月 12, 2026 12:39:41 上午 spec.jbb.JBBmain DoARun -> 信息:   started user thread for Warehouse 3
2月 12, 2026 12:39:41 上午 spec.jbb.JBBmain DoARun -> 信息:   started user thread for Warehouse 4
2月 12, 2026 12:39:41 上午 spec.jbb.JBBmain DoARun -> 信息:   started user thread for Warehouse 5
2月 12, 2026 12:39:41 上午 spec.jbb.JBBmain DoARun -> 信息:   started user thread for Warehouse 6
2月 12, 2026 12:39:41 上午 spec.jbb.Company displayResultTotals -> 信息: Timing Measurement began Thu Feb 12 00:39:41 CST 2026 for 0.5 minutes
2月 12, 2026 12:40:11 上午 spec.jbb.Company displayResultTotals -> 信息: Timing Measurement ended Thu Feb 12 00:40:11 CST 2026
2月 12, 2026 12:40:11 上午 spec.jbb.Company primeWithDummyData -> 信息: Loading Warehouse 7...
2月 12, 2026 12:40:12 上午 spec.jbb.JBBmain DoARun -> 信息: Start User Threads
2月 12, 2026 12:40:12 上午 spec.jbb.JBBmain DoARun -> 信息:   started user thread for Warehouse 1
2月 12, 2026 12:40:12 上午 spec.jbb.JBBmain DoARun -> 信息:   started user thread for Warehouse 2
2月 12, 2026 12:40:12 上午 spec.jbb.JBBmain DoARun -> 信息:   started user thread for Warehouse 3
2月 12, 2026 12:40:12 上午 spec.jbb.JBBmain DoARun -> 信息:   started user thread for Warehouse 4
2月 12, 2026 12:40:12 上午 spec.jbb.JBBmain DoARun -> 信息:   started user thread for Warehouse 5
2月 12, 2026 12:40:12 上午 spec.jbb.JBBmain DoARun -> 信息:   started user thread for Warehouse 6
2月 12, 2026 12:40:12 上午 spec.jbb.JBBmain DoARun -> 信息:   started user thread for Warehouse 7
2月 12, 2026 12:40:12 上午 spec.jbb.Company displayResultTotals -> 信息: Timing Measurement began Thu Feb 12 00:40:12 CST 2026 for 0.5 minutes
2月 12, 2026 12:40:42 上午 spec.jbb.Company displayResultTotals -> 信息: Timing Measurement ended Thu Feb 12 00:40:42 CST 2026
2月 12, 2026 12:40:42 上午 spec.jbb.Company primeWithDummyData -> 信息: Loading Warehouse 8...
2月 12, 2026 12:40:42 上午 spec.jbb.JBBmain DoARun -> 信息: Start User Threads
2月 12, 2026 12:40:42 上午 spec.jbb.JBBmain DoARun -> 信息:   started user thread for Warehouse 1
2月 12, 2026 12:40:42 上午 spec.jbb.JBBmain DoARun -> 信息:   started user thread for Warehouse 2
2月 12, 2026 12:40:42 上午 spec.jbb.JBBmain DoARun -> 信息:   started user thread for Warehouse 3
2月 12, 2026 12:40:42 上午 spec.jbb.JBBmain DoARun -> 信息:   started user thread for Warehouse 4
2月 12, 2026 12:40:42 上午 spec.jbb.JBBmain DoARun -> 信息:   started user thread for Warehouse 5
2月 12, 2026 12:40:42 上午 spec.jbb.JBBmain DoARun -> 信息:   started user thread for Warehouse 6
2月 12, 2026 12:40:42 上午 spec.jbb.JBBmain DoARun -> 信息:   started user thread for Warehouse 7
2月 12, 2026 12:40:42 上午 spec.jbb.JBBmain DoARun -> 信息:   started user thread for Warehouse 8
2月 12, 2026 12:40:42 上午 spec.jbb.Company displayResultTotals -> 信息: Timing Measurement began Thu Feb 12 00:40:42 CST 2026 for 0.5 minutes
2月 12, 2026 12:41:12 上午 spec.jbb.Company displayResultTotals -> 信息: Timing Measurement ended Thu Feb 12 00:41:12 CST 2026
2月 12, 2026 12:41:12 上午 spec.jbb.Company primeWithDummyData -> 信息: Loading Warehouse 9...
2月 12, 2026 12:41:12 上午 spec.jbb.JBBmain DoARun -> 信息: Start User Threads
2月 12, 2026 12:41:12 上午 spec.jbb.JBBmain DoARun -> 信息:   started user thread for Warehouse 1
2月 12, 2026 12:41:12 上午 spec.jbb.JBBmain DoARun -> 信息:   started user thread for Warehouse 2
2月 12, 2026 12:41:12 上午 spec.jbb.JBBmain DoARun -> 信息:   started user thread for Warehouse 3
2月 12, 2026 12:41:12 上午 spec.jbb.JBBmain DoARun -> 信息:   started user thread for Warehouse 4
2月 12, 2026 12:41:12 上午 spec.jbb.JBBmain DoARun -> 信息:   started user thread for Warehouse 5
2月 12, 2026 12:41:12 上午 spec.jbb.JBBmain DoARun -> 信息:   started user thread for Warehouse 6
2月 12, 2026 12:41:12 上午 spec.jbb.JBBmain DoARun -> 信息:   started user thread for Warehouse 7
2月 12, 2026 12:41:12 上午 spec.jbb.JBBmain DoARun -> 信息:   started user thread for Warehouse 8
2月 12, 2026 12:41:12 上午 spec.jbb.JBBmain DoARun -> 信息:   started user thread for Warehouse 9
2月 12, 2026 12:41:12 上午 spec.jbb.Company displayResultTotals -> 信息: Timing Measurement began Thu Feb 12 00:41:12 CST 2026 for 0.5 minutes
2月 12, 2026 12:41:42 上午 spec.jbb.Company displayResultTotals -> 信息: Timing Measurement ended Thu Feb 12 00:41:42 CST 2026
2月 12, 2026 12:41:42 上午 spec.jbb.Company primeWithDummyData -> 信息: Loading Warehouse 10...
2月 12, 2026 12:41:43 上午 spec.jbb.JBBmain DoARun -> 信息: Start User Threads
2月 12, 2026 12:41:43 上午 spec.jbb.JBBmain DoARun -> 信息:   started user thread for Warehouse 1
2月 12, 2026 12:41:43 上午 spec.jbb.JBBmain DoARun -> 信息:   started user thread for Warehouse 2
2月 12, 2026 12:41:43 上午 spec.jbb.JBBmain DoARun -> 信息:   started user thread for Warehouse 3
2月 12, 2026 12:41:43 上午 spec.jbb.JBBmain DoARun -> 信息:   started user thread for Warehouse 4
2月 12, 2026 12:41:43 上午 spec.jbb.JBBmain DoARun -> 信息:   started user thread for Warehouse 5
2月 12, 2026 12:41:43 上午 spec.jbb.JBBmain DoARun -> 信息:   started user thread for Warehouse 6
2月 12, 2026 12:41:43 上午 spec.jbb.JBBmain DoARun -> 信息:   started user thread for Warehouse 7
2月 12, 2026 12:41:43 上午 spec.jbb.JBBmain DoARun -> 信息:   started user thread for Warehouse 8
2月 12, 2026 12:41:43 上午 spec.jbb.JBBmain DoARun -> 信息:   started user thread for Warehouse 9
2月 12, 2026 12:41:43 上午 spec.jbb.JBBmain DoARun -> 信息:   started user thread for Warehouse 10
2月 12, 2026 12:41:43 上午 spec.jbb.Company displayResultTotals -> 信息: Timing Measurement began Thu Feb 12 00:41:43 CST 2026 for 0.5 minutes
2月 12, 2026 12:42:13 上午 spec.jbb.Company displayResultTotals -> 信息: Timing Measurement ended Thu Feb 12 00:42:13 CST 2026
2月 12, 2026 12:42:13 上午 spec.jbb.Company primeWithDummyData -> 信息: Loading Warehouse 11...
2月 12, 2026 12:42:13 上午 spec.jbb.JBBmain DoARun -> 信息: Start User Threads
2月 12, 2026 12:42:13 上午 spec.jbb.JBBmain DoARun -> 信息:   started user thread for Warehouse 1
2月 12, 2026 12:42:13 上午 spec.jbb.JBBmain DoARun -> 信息:   started user thread for Warehouse 2
2月 12, 2026 12:42:13 上午 spec.jbb.JBBmain DoARun -> 信息:   started user thread for Warehouse 3
2月 12, 2026 12:42:13 上午 spec.jbb.JBBmain DoARun -> 信息:   started user thread for Warehouse 4
2月 12, 2026 12:42:13 上午 spec.jbb.JBBmain DoARun -> 信息:   started user thread for Warehouse 5
2月 12, 2026 12:42:13 上午 spec.jbb.JBBmain DoARun -> 信息:   started user thread for Warehouse 6
2月 12, 2026 12:42:13 上午 spec.jbb.JBBmain DoARun -> 信息:   started user thread for Warehouse 7
2月 12, 2026 12:42:13 上午 spec.jbb.JBBmain DoARun -> 信息:   started user thread for Warehouse 8
2月 12, 2026 12:42:13 上午 spec.jbb.JBBmain DoARun -> 信息:   started user thread for Warehouse 9
2月 12, 2026 12:42:13 上午 spec.jbb.JBBmain DoARun -> 信息:   started user thread for Warehouse 10
2月 12, 2026 12:42:13 上午 spec.jbb.JBBmain DoARun -> 信息:   started user thread for Warehouse 11
2月 12, 2026 12:42:13 上午 spec.jbb.Company displayResultTotals -> 信息: Timing Measurement began Thu Feb 12 00:42:13 CST 2026 for 0.5 minutes
2月 12, 2026 12:42:43 上午 spec.jbb.Company displayResultTotals -> 信息: Timing Measurement ended Thu Feb 12 00:42:43 CST 2026
2月 12, 2026 12:42:43 上午 spec.jbb.Company primeWithDummyData -> 信息: Loading Warehouse 12...
2月 12, 2026 12:42:43 上午 spec.jbb.JBBmain DoARun -> 信息: Start User Threads
2月 12, 2026 12:42:43 上午 spec.jbb.JBBmain DoARun -> 信息:   started user thread for Warehouse 1
2月 12, 2026 12:42:43 上午 spec.jbb.JBBmain DoARun -> 信息:   started user thread for Warehouse 2
2月 12, 2026 12:42:43 上午 spec.jbb.JBBmain DoARun -> 信息:   started user thread for Warehouse 3
2月 12, 2026 12:42:43 上午 spec.jbb.JBBmain DoARun -> 信息:   started user thread for Warehouse 4
2月 12, 2026 12:42:43 上午 spec.jbb.JBBmain DoARun -> 信息:   started user thread for Warehouse 5
2月 12, 2026 12:42:43 上午 spec.jbb.JBBmain DoARun -> 信息:   started user thread for Warehouse 6
2月 12, 2026 12:42:43 上午 spec.jbb.JBBmain DoARun -> 信息:   started user thread for Warehouse 7
2月 12, 2026 12:42:43 上午 spec.jbb.JBBmain DoARun -> 信息:   started user thread for Warehouse 8
2月 12, 2026 12:42:43 上午 spec.jbb.JBBmain DoARun -> 信息:   started user thread for Warehouse 9
2月 12, 2026 12:42:43 上午 spec.jbb.JBBmain DoARun -> 信息:   started user thread for Warehouse 10
2月 12, 2026 12:42:43 上午 spec.jbb.JBBmain DoARun -> 信息:   started user thread for Warehouse 11
2月 12, 2026 12:42:43 上午 spec.jbb.JBBmain DoARun -> 信息:   started user thread for Warehouse 12
2月 12, 2026 12:42:43 上午 spec.jbb.Company displayResultTotals -> 信息: Timing Measurement began Thu Feb 12 00:42:43 CST 2026 for 0.5 minutes
2月 12, 2026 12:43:13 上午 spec.jbb.Company displayResultTotals -> 信息: Timing Measurement ended Thu Feb 12 00:43:13 CST 2026
2月 12, 2026 12:43:13 上午 spec.jbb.Company primeWithDummyData -> 信息: Loading Warehouse 13...
2月 12, 2026 12:43:14 上午 spec.jbb.JBBmain DoARun -> 信息: Start User Threads
2月 12, 2026 12:43:14 上午 spec.jbb.JBBmain DoARun -> 信息:   started user thread for Warehouse 1
2月 12, 2026 12:43:14 上午 spec.jbb.JBBmain DoARun -> 信息:   started user thread for Warehouse 2
2月 12, 2026 12:43:14 上午 spec.jbb.JBBmain DoARun -> 信息:   started user thread for Warehouse 3
2月 12, 2026 12:43:14 上午 spec.jbb.JBBmain DoARun -> 信息:   started user thread for Warehouse 4
2月 12, 2026 12:43:14 上午 spec.jbb.JBBmain DoARun -> 信息:   started user thread for Warehouse 5
2月 12, 2026 12:43:14 上午 spec.jbb.JBBmain DoARun -> 信息:   started user thread for Warehouse 6
2月 12, 2026 12:43:14 上午 spec.jbb.JBBmain DoARun -> 信息:   started user thread for Warehouse 7
2月 12, 2026 12:43:14 上午 spec.jbb.JBBmain DoARun -> 信息:   started user thread for Warehouse 8
2月 12, 2026 12:43:14 上午 spec.jbb.JBBmain DoARun -> 信息:   started user thread for Warehouse 9
2月 12, 2026 12:43:14 上午 spec.jbb.JBBmain DoARun -> 信息:   started user thread for Warehouse 10
2月 12, 2026 12:43:14 上午 spec.jbb.JBBmain DoARun -> 信息:   started user thread for Warehouse 11
2月 12, 2026 12:43:14 上午 spec.jbb.JBBmain DoARun -> 信息:   started user thread for Warehouse 12
2月 12, 2026 12:43:14 上午 spec.jbb.JBBmain DoARun -> 信息:   started user thread for Warehouse 13
2月 12, 2026 12:43:14 上午 spec.jbb.Company displayResultTotals -> 信息: Timing Measurement began Thu Feb 12 00:43:14 CST 2026 for 0.5 minutes
2月 12, 2026 12:43:44 上午 spec.jbb.Company displayResultTotals -> 信息: Timing Measurement ended Thu Feb 12 00:43:44 CST 2026
2月 12, 2026 12:43:44 上午 spec.jbb.Company primeWithDummyData -> 信息: Loading Warehouse 14...
2月 12, 2026 12:43:44 上午 spec.jbb.JBBmain DoARun -> 信息: Start User Threads
2月 12, 2026 12:43:44 上午 spec.jbb.JBBmain DoARun -> 信息:   started user thread for Warehouse 1
2月 12, 2026 12:43:44 上午 spec.jbb.JBBmain DoARun -> 信息:   started user thread for Warehouse 2
2月 12, 2026 12:43:44 上午 spec.jbb.JBBmain DoARun -> 信息:   started user thread for Warehouse 3
2月 12, 2026 12:43:44 上午 spec.jbb.JBBmain DoARun -> 信息:   started user thread for Warehouse 4
2月 12, 2026 12:43:44 上午 spec.jbb.JBBmain DoARun -> 信息:   started user thread for Warehouse 5
2月 12, 2026 12:43:44 上午 spec.jbb.JBBmain DoARun -> 信息:   started user thread for Warehouse 6
2月 12, 2026 12:43:44 上午 spec.jbb.JBBmain DoARun -> 信息:   started user thread for Warehouse 7
2月 12, 2026 12:43:44 上午 spec.jbb.JBBmain DoARun -> 信息:   started user thread for Warehouse 8
2月 12, 2026 12:43:44 上午 spec.jbb.JBBmain DoARun -> 信息:   started user thread for Warehouse 9
2月 12, 2026 12:43:44 上午 spec.jbb.JBBmain DoARun -> 信息:   started user thread for Warehouse 10
2月 12, 2026 12:43:44 上午 spec.jbb.JBBmain DoARun -> 信息:   started user thread for Warehouse 11
2月 12, 2026 12:43:44 上午 spec.jbb.JBBmain DoARun -> 信息:   started user thread for Warehouse 12
2月 12, 2026 12:43:44 上午 spec.jbb.JBBmain DoARun -> 信息:   started user thread for Warehouse 13
2月 12, 2026 12:43:44 上午 spec.jbb.JBBmain DoARun -> 信息:   started user thread for Warehouse 14
2月 12, 2026 12:43:44 上午 spec.jbb.Company displayResultTotals -> 信息: Timing Measurement began Thu Feb 12 00:43:44 CST 2026 for 0.5 minutes
2月 12, 2026 12:44:14 上午 spec.jbb.Company displayResultTotals -> 信息: Timing Measurement ended Thu Feb 12 00:44:14 CST 2026
2月 12, 2026 12:44:14 上午 spec.jbb.Company primeWithDummyData -> 信息: Loading Warehouse 15...
2月 12, 2026 12:44:15 上午 spec.jbb.JBBmain DoARun -> 信息: Start User Threads
2月 12, 2026 12:44:15 上午 spec.jbb.JBBmain DoARun -> 信息:   started user thread for Warehouse 1
2月 12, 2026 12:44:15 上午 spec.jbb.JBBmain DoARun -> 信息:   started user thread for Warehouse 2
2月 12, 2026 12:44:15 上午 spec.jbb.JBBmain DoARun -> 信息:   started user thread for Warehouse 3
2月 12, 2026 12:44:15 上午 spec.jbb.JBBmain DoARun -> 信息:   started user thread for Warehouse 4
2月 12, 2026 12:44:15 上午 spec.jbb.JBBmain DoARun -> 信息:   started user thread for Warehouse 5
2月 12, 2026 12:44:15 上午 spec.jbb.JBBmain DoARun -> 信息:   started user thread for Warehouse 6
2月 12, 2026 12:44:15 上午 spec.jbb.JBBmain DoARun -> 信息:   started user thread for Warehouse 7
2月 12, 2026 12:44:15 上午 spec.jbb.JBBmain DoARun -> 信息:   started user thread for Warehouse 8
2月 12, 2026 12:44:15 上午 spec.jbb.JBBmain DoARun -> 信息:   started user thread for Warehouse 9
2月 12, 2026 12:44:15 上午 spec.jbb.JBBmain DoARun -> 信息:   started user thread for Warehouse 10
2月 12, 2026 12:44:15 上午 spec.jbb.JBBmain DoARun -> 信息:   started user thread for Warehouse 11
2月 12, 2026 12:44:15 上午 spec.jbb.JBBmain DoARun -> 信息:   started user thread for Warehouse 12
2月 12, 2026 12:44:15 上午 spec.jbb.JBBmain DoARun -> 信息:   started user thread for Warehouse 13
2月 12, 2026 12:44:15 上午 spec.jbb.JBBmain DoARun -> 信息:   started user thread for Warehouse 14
2月 12, 2026 12:44:15 上午 spec.jbb.JBBmain DoARun -> 信息:   started user thread for Warehouse 15
2月 12, 2026 12:44:15 上午 spec.jbb.Company displayResultTotals -> 信息: Timing Measurement began Thu Feb 12 00:44:15 CST 2026 for 0.5 minutes
2月 12, 2026 12:44:45 上午 spec.jbb.Company displayResultTotals -> 信息: Timing Measurement ended Thu Feb 12 00:44:45 CST 2026
2月 12, 2026 12:44:45 上午 spec.jbb.Company primeWithDummyData -> 信息: Loading Warehouse 16...
2月 12, 2026 12:44:45 上午 spec.jbb.JBBmain DoARun -> 信息: Start User Threads
2月 12, 2026 12:44:45 上午 spec.jbb.JBBmain DoARun -> 信息:   started user thread for Warehouse 1
2月 12, 2026 12:44:45 上午 spec.jbb.JBBmain DoARun -> 信息:   started user thread for Warehouse 2
2月 12, 2026 12:44:45 上午 spec.jbb.JBBmain DoARun -> 信息:   started user thread for Warehouse 3
2月 12, 2026 12:44:45 上午 spec.jbb.JBBmain DoARun -> 信息:   started user thread for Warehouse 4
2月 12, 2026 12:44:45 上午 spec.jbb.JBBmain DoARun -> 信息:   started user thread for Warehouse 5
2月 12, 2026 12:44:45 上午 spec.jbb.JBBmain DoARun -> 信息:   started user thread for Warehouse 6
2月 12, 2026 12:44:45 上午 spec.jbb.JBBmain DoARun -> 信息:   started user thread for Warehouse 7
2月 12, 2026 12:44:45 上午 spec.jbb.JBBmain DoARun -> 信息:   started user thread for Warehouse 8
2月 12, 2026 12:44:45 上午 spec.jbb.JBBmain DoARun -> 信息:   started user thread for Warehouse 9
2月 12, 2026 12:44:45 上午 spec.jbb.JBBmain DoARun -> 信息:   started user thread for Warehouse 10
2月 12, 2026 12:44:45 上午 spec.jbb.JBBmain DoARun -> 信息:   started user thread for Warehouse 11
2月 12, 2026 12:44:45 上午 spec.jbb.JBBmain DoARun -> 信息:   started user thread for Warehouse 12
2月 12, 2026 12:44:45 上午 spec.jbb.JBBmain DoARun -> 信息:   started user thread for Warehouse 13
2月 12, 2026 12:44:45 上午 spec.jbb.JBBmain DoARun -> 信息:   started user thread for Warehouse 14
2月 12, 2026 12:44:45 上午 spec.jbb.JBBmain DoARun -> 信息:   started user thread for Warehouse 15
2月 12, 2026 12:44:45 上午 spec.jbb.JBBmain DoARun -> 信息:   started user thread for Warehouse 16
2月 12, 2026 12:44:45 上午 spec.jbb.Company displayResultTotals -> 信息: Timing Measurement began Thu Feb 12 00:44:45 CST 2026 for 0.5 minutes
2月 12, 2026 12:45:15 上午 spec.jbb.Company displayResultTotals -> 信息: Timing Measurement ended Thu Feb 12 00:45:15 CST 2026
2月 12, 2026 12:45:15 上午 spec.jbb.Company primeWithDummyData -> 信息: Loading Warehouse 17...
2月 12, 2026 12:45:15 上午 spec.jbb.JBBmain DoARun -> 信息: Start User Threads
2月 12, 2026 12:45:15 上午 spec.jbb.JBBmain DoARun -> 信息:   started user thread for Warehouse 1
2月 12, 2026 12:45:15 上午 spec.jbb.JBBmain DoARun -> 信息:   started user thread for Warehouse 2
2月 12, 2026 12:45:15 上午 spec.jbb.JBBmain DoARun -> 信息:   started user thread for Warehouse 3
2月 12, 2026 12:45:15 上午 spec.jbb.JBBmain DoARun -> 信息:   started user thread for Warehouse 4
2月 12, 2026 12:45:15 上午 spec.jbb.JBBmain DoARun -> 信息:   started user thread for Warehouse 5
2月 12, 2026 12:45:15 上午 spec.jbb.JBBmain DoARun -> 信息:   started user thread for Warehouse 6
2月 12, 2026 12:45:15 上午 spec.jbb.JBBmain DoARun -> 信息:   started user thread for Warehouse 7
2月 12, 2026 12:45:15 上午 spec.jbb.JBBmain DoARun -> 信息:   started user thread for Warehouse 8
2月 12, 2026 12:45:15 上午 spec.jbb.JBBmain DoARun -> 信息:   started user thread for Warehouse 9
2月 12, 2026 12:45:15 上午 spec.jbb.JBBmain DoARun -> 信息:   started user thread for Warehouse 10
2月 12, 2026 12:45:15 上午 spec.jbb.JBBmain DoARun -> 信息:   started user thread for Warehouse 11
2月 12, 2026 12:45:15 上午 spec.jbb.JBBmain DoARun -> 信息:   started user thread for Warehouse 12
2月 12, 2026 12:45:15 上午 spec.jbb.JBBmain DoARun -> 信息:   started user thread for Warehouse 13
2月 12, 2026 12:45:15 上午 spec.jbb.JBBmain DoARun -> 信息:   started user thread for Warehouse 14
2月 12, 2026 12:45:15 上午 spec.jbb.JBBmain DoARun -> 信息:   started user thread for Warehouse 15
2月 12, 2026 12:45:15 上午 spec.jbb.JBBmain DoARun -> 信息:   started user thread for Warehouse 16
2月 12, 2026 12:45:15 上午 spec.jbb.JBBmain DoARun -> 信息:   started user thread for Warehouse 17
2月 12, 2026 12:45:15 上午 spec.jbb.Company displayResultTotals -> 信息: Timing Measurement began Thu Feb 12 00:45:15 CST 2026 for 0.5 minutes
2月 12, 2026 12:45:45 上午 spec.jbb.Company displayResultTotals -> 信息: Timing Measurement ended Thu Feb 12 00:45:45 CST 2026
2月 12, 2026 12:45:45 上午 spec.jbb.Company primeWithDummyData -> 信息: Loading Warehouse 18...
2月 12, 2026 12:45:45 上午 spec.jbb.JBBmain DoARun -> 信息: Start User Threads
2月 12, 2026 12:45:45 上午 spec.jbb.JBBmain DoARun -> 信息:   started user thread for Warehouse 1
2月 12, 2026 12:45:45 上午 spec.jbb.JBBmain DoARun -> 信息:   started user thread for Warehouse 2
2月 12, 2026 12:45:45 上午 spec.jbb.JBBmain DoARun -> 信息:   started user thread for Warehouse 3
2月 12, 2026 12:45:45 上午 spec.jbb.JBBmain DoARun -> 信息:   started user thread for Warehouse 4
2月 12, 2026 12:45:45 上午 spec.jbb.JBBmain DoARun -> 信息:   started user thread for Warehouse 5
2月 12, 2026 12:45:45 上午 spec.jbb.JBBmain DoARun -> 信息:   started user thread for Warehouse 6
2月 12, 2026 12:45:45 上午 spec.jbb.JBBmain DoARun -> 信息:   started user thread for Warehouse 7
2月 12, 2026 12:45:45 上午 spec.jbb.JBBmain DoARun -> 信息:   started user thread for Warehouse 8
2月 12, 2026 12:45:45 上午 spec.jbb.JBBmain DoARun -> 信息:   started user thread for Warehouse 9
2月 12, 2026 12:45:45 上午 spec.jbb.JBBmain DoARun -> 信息:   started user thread for Warehouse 10
2月 12, 2026 12:45:45 上午 spec.jbb.JBBmain DoARun -> 信息:   started user thread for Warehouse 11
2月 12, 2026 12:45:45 上午 spec.jbb.JBBmain DoARun -> 信息:   started user thread for Warehouse 12
2月 12, 2026 12:45:45 上午 spec.jbb.JBBmain DoARun -> 信息:   started user thread for Warehouse 13
2月 12, 2026 12:45:45 上午 spec.jbb.JBBmain DoARun -> 信息:   started user thread for Warehouse 14
2月 12, 2026 12:45:45 上午 spec.jbb.JBBmain DoARun -> 信息:   started user thread for Warehouse 15
2月 12, 2026 12:45:45 上午 spec.jbb.JBBmain DoARun -> 信息:   started user thread for Warehouse 16
2月 12, 2026 12:45:46 上午 spec.jbb.JBBmain DoARun -> 信息:   started user thread for Warehouse 17
2月 12, 2026 12:45:46 上午 spec.jbb.JBBmain DoARun -> 信息:   started user thread for Warehouse 18
2月 12, 2026 12:45:46 上午 spec.jbb.Company displayResultTotals -> 信息: Timing Measurement began Thu Feb 12 00:45:46 CST 2026 for 0.5 minutes
2月 12, 2026 12:46:16 上午 spec.jbb.Company displayResultTotals -> 信息: Timing Measurement ended Thu Feb 12 00:46:16 CST 2026
2月 12, 2026 12:46:16 上午 spec.jbb.Company primeWithDummyData -> 信息: Loading Warehouse 19...
2月 12, 2026 12:46:16 上午 spec.jbb.JBBmain DoARun -> 信息: Start User Threads
2月 12, 2026 12:46:16 上午 spec.jbb.JBBmain DoARun -> 信息:   started user thread for Warehouse 1
2月 12, 2026 12:46:16 上午 spec.jbb.JBBmain DoARun -> 信息:   started user thread for Warehouse 2
2月 12, 2026 12:46:16 上午 spec.jbb.JBBmain DoARun -> 信息:   started user thread for Warehouse 3
2月 12, 2026 12:46:16 上午 spec.jbb.JBBmain DoARun -> 信息:   started user thread for Warehouse 4
2月 12, 2026 12:46:16 上午 spec.jbb.JBBmain DoARun -> 信息:   started user thread for Warehouse 5
2月 12, 2026 12:46:16 上午 spec.jbb.JBBmain DoARun -> 信息:   started user thread for Warehouse 6
2月 12, 2026 12:46:16 上午 spec.jbb.JBBmain DoARun -> 信息:   started user thread for Warehouse 7
2月 12, 2026 12:46:16 上午 spec.jbb.JBBmain DoARun -> 信息:   started user thread for Warehouse 8
2月 12, 2026 12:46:16 上午 spec.jbb.JBBmain DoARun -> 信息:   started user thread for Warehouse 9
2月 12, 2026 12:46:16 上午 spec.jbb.JBBmain DoARun -> 信息:   started user thread for Warehouse 10
2月 12, 2026 12:46:16 上午 spec.jbb.JBBmain DoARun -> 信息:   started user thread for Warehouse 11
2月 12, 2026 12:46:16 上午 spec.jbb.JBBmain DoARun -> 信息:   started user thread for Warehouse 12
2月 12, 2026 12:46:16 上午 spec.jbb.JBBmain DoARun -> 信息:   started user thread for Warehouse 13
2月 12, 2026 12:46:16 上午 spec.jbb.JBBmain DoARun -> 信息:   started user thread for Warehouse 14
2月 12, 2026 12:46:16 上午 spec.jbb.JBBmain DoARun -> 信息:   started user thread for Warehouse 15
2月 12, 2026 12:46:16 上午 spec.jbb.JBBmain DoARun -> 信息:   started user thread for Warehouse 16
2月 12, 2026 12:46:16 上午 spec.jbb.JBBmain DoARun -> 信息:   started user thread for Warehouse 17
2月 12, 2026 12:46:16 上午 spec.jbb.JBBmain DoARun -> 信息:   started user thread for Warehouse 18
2月 12, 2026 12:46:16 上午 spec.jbb.JBBmain DoARun -> 信息:   started user thread for Warehouse 19
2月 12, 2026 12:46:16 上午 spec.jbb.Company displayResultTotals -> 信息: Timing Measurement began Thu Feb 12 00:46:16 CST 2026 for 0.5 minutes
2月 12, 2026 12:46:46 上午 spec.jbb.Company displayResultTotals -> 信息: Timing Measurement ended Thu Feb 12 00:46:46 CST 2026
2月 12, 2026 12:46:46 上午 spec.jbb.Company primeWithDummyData -> 信息: Loading Warehouse 20...
2月 12, 2026 12:46:46 上午 spec.jbb.JBBmain DoARun -> 信息: Start User Threads
2月 12, 2026 12:46:46 上午 spec.jbb.JBBmain DoARun -> 信息:   started user thread for Warehouse 1
2月 12, 2026 12:46:46 上午 spec.jbb.JBBmain DoARun -> 信息:   started user thread for Warehouse 2
2月 12, 2026 12:46:46 上午 spec.jbb.JBBmain DoARun -> 信息:   started user thread for Warehouse 3
2月 12, 2026 12:46:46 上午 spec.jbb.JBBmain DoARun -> 信息:   started user thread for Warehouse 4
2月 12, 2026 12:46:46 上午 spec.jbb.JBBmain DoARun -> 信息:   started user thread for Warehouse 5
2月 12, 2026 12:46:46 上午 spec.jbb.JBBmain DoARun -> 信息:   started user thread for Warehouse 6
2月 12, 2026 12:46:46 上午 spec.jbb.JBBmain DoARun -> 信息:   started user thread for Warehouse 7
2月 12, 2026 12:46:46 上午 spec.jbb.JBBmain DoARun -> 信息:   started user thread for Warehouse 8
2月 12, 2026 12:46:46 上午 spec.jbb.JBBmain DoARun -> 信息:   started user thread for Warehouse 9
2月 12, 2026 12:46:46 上午 spec.jbb.JBBmain DoARun -> 信息:   started user thread for Warehouse 10
2月 12, 2026 12:46:46 上午 spec.jbb.JBBmain DoARun -> 信息:   started user thread for Warehouse 11
2月 12, 2026 12:46:46 上午 spec.jbb.JBBmain DoARun -> 信息:   started user thread for Warehouse 12
2月 12, 2026 12:46:46 上午 spec.jbb.JBBmain DoARun -> 信息:   started user thread for Warehouse 13
2月 12, 2026 12:46:46 上午 spec.jbb.JBBmain DoARun -> 信息:   started user thread for Warehouse 14
2月 12, 2026 12:46:46 上午 spec.jbb.JBBmain DoARun -> 信息:   started user thread for Warehouse 15
2月 12, 2026 12:46:46 上午 spec.jbb.JBBmain DoARun -> 信息:   started user thread for Warehouse 16
2月 12, 2026 12:46:46 上午 spec.jbb.JBBmain DoARun -> 信息:   started user thread for Warehouse 17
2月 12, 2026 12:46:46 上午 spec.jbb.JBBmain DoARun -> 信息:   started user thread for Warehouse 18
2月 12, 2026 12:46:46 上午 spec.jbb.JBBmain DoARun -> 信息:   started user thread for Warehouse 19
2月 12, 2026 12:46:46 上午 spec.jbb.JBBmain DoARun -> 信息:   started user thread for Warehouse 20
2月 12, 2026 12:46:46 上午 spec.jbb.Company displayResultTotals -> 信息: Timing Measurement began Thu Feb 12 00:46:46 CST 2026 for 0.5 minutes
2月 12, 2026 12:47:16 上午 spec.jbb.Company displayResultTotals -> 信息: Timing Measurement ended Thu Feb 12 00:47:16 CST 2026
2月 12, 2026 12:47:16 上午 spec.jbb.Company primeWithDummyData -> 信息: Loading Warehouse 21...
2月 12, 2026 12:47:16 上午 spec.jbb.JBBmain DoARun -> 信息: Start User Threads
2月 12, 2026 12:47:16 上午 spec.jbb.JBBmain DoARun -> 信息:   started user thread for Warehouse 1
2月 12, 2026 12:47:16 上午 spec.jbb.JBBmain DoARun -> 信息:   started user thread for Warehouse 2
2月 12, 2026 12:47:16 上午 spec.jbb.JBBmain DoARun -> 信息:   started user thread for Warehouse 3
2月 12, 2026 12:47:16 上午 spec.jbb.JBBmain DoARun -> 信息:   started user thread for Warehouse 4
2月 12, 2026 12:47:16 上午 spec.jbb.JBBmain DoARun -> 信息:   started user thread for Warehouse 5
2月 12, 2026 12:47:16 上午 spec.jbb.JBBmain DoARun -> 信息:   started user thread for Warehouse 6
2月 12, 2026 12:47:16 上午 spec.jbb.JBBmain DoARun -> 信息:   started user thread for Warehouse 7
2月 12, 2026 12:47:16 上午 spec.jbb.JBBmain DoARun -> 信息:   started user thread for Warehouse 8
2月 12, 2026 12:47:16 上午 spec.jbb.JBBmain DoARun -> 信息:   started user thread for Warehouse 9
2月 12, 2026 12:47:16 上午 spec.jbb.JBBmain DoARun -> 信息:   started user thread for Warehouse 10
2月 12, 2026 12:47:16 上午 spec.jbb.JBBmain DoARun -> 信息:   started user thread for Warehouse 11
2月 12, 2026 12:47:16 上午 spec.jbb.JBBmain DoARun -> 信息:   started user thread for Warehouse 12
2月 12, 2026 12:47:16 上午 spec.jbb.JBBmain DoARun -> 信息:   started user thread for Warehouse 13
2月 12, 2026 12:47:16 上午 spec.jbb.JBBmain DoARun -> 信息:   started user thread for Warehouse 14
2月 12, 2026 12:47:16 上午 spec.jbb.JBBmain DoARun -> 信息:   started user thread for Warehouse 15
2月 12, 2026 12:47:16 上午 spec.jbb.JBBmain DoARun -> 信息:   started user thread for Warehouse 16
2月 12, 2026 12:47:16 上午 spec.jbb.JBBmain DoARun -> 信息:   started user thread for Warehouse 17
2月 12, 2026 12:47:16 上午 spec.jbb.JBBmain DoARun -> 信息:   started user thread for Warehouse 18
2月 12, 2026 12:47:16 上午 spec.jbb.JBBmain DoARun -> 信息:   started user thread for Warehouse 19
2月 12, 2026 12:47:16 上午 spec.jbb.JBBmain DoARun -> 信息:   started user thread for Warehouse 20
2月 12, 2026 12:47:16 上午 spec.jbb.JBBmain DoARun -> 信息:   started user thread for Warehouse 21
2月 12, 2026 12:47:16 上午 spec.jbb.Company displayResultTotals -> 信息: Timing Measurement began Thu Feb 12 00:47:16 CST 2026 for 0.5 minutes
2月 12, 2026 12:47:46 上午 spec.jbb.Company displayResultTotals -> 信息: Timing Measurement ended Thu Feb 12 00:47:46 CST 2026
2月 12, 2026 12:47:46 上午 spec.jbb.Company primeWithDummyData -> 信息: Loading Warehouse 22...
2月 12, 2026 12:47:47 上午 spec.jbb.JBBmain DoARun -> 信息: Start User Threads
2月 12, 2026 12:47:47 上午 spec.jbb.JBBmain DoARun -> 信息:   started user thread for Warehouse 1
2月 12, 2026 12:47:47 上午 spec.jbb.JBBmain DoARun -> 信息:   started user thread for Warehouse 2
2月 12, 2026 12:47:47 上午 spec.jbb.JBBmain DoARun -> 信息:   started user thread for Warehouse 3
2月 12, 2026 12:47:47 上午 spec.jbb.JBBmain DoARun -> 信息:   started user thread for Warehouse 4
2月 12, 2026 12:47:47 上午 spec.jbb.JBBmain DoARun -> 信息:   started user thread for Warehouse 5
2月 12, 2026 12:47:47 上午 spec.jbb.JBBmain DoARun -> 信息:   started user thread for Warehouse 6
2月 12, 2026 12:47:47 上午 spec.jbb.JBBmain DoARun -> 信息:   started user thread for Warehouse 7
2月 12, 2026 12:47:47 上午 spec.jbb.JBBmain DoARun -> 信息:   started user thread for Warehouse 8
2月 12, 2026 12:47:47 上午 spec.jbb.JBBmain DoARun -> 信息:   started user thread for Warehouse 9
2月 12, 2026 12:47:47 上午 spec.jbb.JBBmain DoARun -> 信息:   started user thread for Warehouse 10
2月 12, 2026 12:47:47 上午 spec.jbb.JBBmain DoARun -> 信息:   started user thread for Warehouse 11
2月 12, 2026 12:47:47 上午 spec.jbb.JBBmain DoARun -> 信息:   started user thread for Warehouse 12
2月 12, 2026 12:47:47 上午 spec.jbb.JBBmain DoARun -> 信息:   started user thread for Warehouse 13
2月 12, 2026 12:47:47 上午 spec.jbb.JBBmain DoARun -> 信息:   started user thread for Warehouse 14
2月 12, 2026 12:47:47 上午 spec.jbb.JBBmain DoARun -> 信息:   started user thread for Warehouse 15
2月 12, 2026 12:47:47 上午 spec.jbb.JBBmain DoARun -> 信息:   started user thread for Warehouse 16
2月 12, 2026 12:47:47 上午 spec.jbb.JBBmain DoARun -> 信息:   started user thread for Warehouse 17
2月 12, 2026 12:47:47 上午 spec.jbb.JBBmain DoARun -> 信息:   started user thread for Warehouse 18
2月 12, 2026 12:47:47 上午 spec.jbb.JBBmain DoARun -> 信息:   started user thread for Warehouse 19
2月 12, 2026 12:47:47 上午 spec.jbb.JBBmain DoARun -> 信息:   started user thread for Warehouse 20
2月 12, 2026 12:47:47 上午 spec.jbb.JBBmain DoARun -> 信息:   started user thread for Warehouse 21
2月 12, 2026 12:47:47 上午 spec.jbb.JBBmain DoARun -> 信息:   started user thread for Warehouse 22
2月 12, 2026 12:47:47 上午 spec.jbb.Company displayResultTotals -> 信息: Timing Measurement began Thu Feb 12 00:47:47 CST 2026 for 0.5 minutes
2月 12, 2026 12:48:17 上午 spec.jbb.Company displayResultTotals -> 信息: Timing Measurement ended Thu Feb 12 00:48:17 CST 2026
2月 12, 2026 12:48:17 上午 spec.jbb.Company primeWithDummyData -> 信息: Loading Warehouse 23...
2月 12, 2026 12:48:17 上午 spec.jbb.JBBmain DoARun -> 信息: Start User Threads
2月 12, 2026 12:48:17 上午 spec.jbb.JBBmain DoARun -> 信息:   started user thread for Warehouse 1
2月 12, 2026 12:48:17 上午 spec.jbb.JBBmain DoARun -> 信息:   started user thread for Warehouse 2
2月 12, 2026 12:48:17 上午 spec.jbb.JBBmain DoARun -> 信息:   started user thread for Warehouse 3
2月 12, 2026 12:48:17 上午 spec.jbb.JBBmain DoARun -> 信息:   started user thread for Warehouse 4
2月 12, 2026 12:48:17 上午 spec.jbb.JBBmain DoARun -> 信息:   started user thread for Warehouse 5
2月 12, 2026 12:48:17 上午 spec.jbb.JBBmain DoARun -> 信息:   started user thread for Warehouse 6
2月 12, 2026 12:48:17 上午 spec.jbb.JBBmain DoARun -> 信息:   started user thread for Warehouse 7
2月 12, 2026 12:48:17 上午 spec.jbb.JBBmain DoARun -> 信息:   started user thread for Warehouse 8
2月 12, 2026 12:48:17 上午 spec.jbb.JBBmain DoARun -> 信息:   started user thread for Warehouse 9
2月 12, 2026 12:48:17 上午 spec.jbb.JBBmain DoARun -> 信息:   started user thread for Warehouse 10
2月 12, 2026 12:48:17 上午 spec.jbb.JBBmain DoARun -> 信息:   started user thread for Warehouse 11
2月 12, 2026 12:48:17 上午 spec.jbb.JBBmain DoARun -> 信息:   started user thread for Warehouse 12
2月 12, 2026 12:48:17 上午 spec.jbb.JBBmain DoARun -> 信息:   started user thread for Warehouse 13
2月 12, 2026 12:48:17 上午 spec.jbb.JBBmain DoARun -> 信息:   started user thread for Warehouse 14
2月 12, 2026 12:48:17 上午 spec.jbb.JBBmain DoARun -> 信息:   started user thread for Warehouse 15
2月 12, 2026 12:48:17 上午 spec.jbb.JBBmain DoARun -> 信息:   started user thread for Warehouse 16
2月 12, 2026 12:48:17 上午 spec.jbb.JBBmain DoARun -> 信息:   started user thread for Warehouse 17
2月 12, 2026 12:48:17 上午 spec.jbb.JBBmain DoARun -> 信息:   started user thread for Warehouse 18
2月 12, 2026 12:48:17 上午 spec.jbb.JBBmain DoARun -> 信息:   started user thread for Warehouse 19
2月 12, 2026 12:48:17 上午 spec.jbb.JBBmain DoARun -> 信息:   started user thread for Warehouse 20
2月 12, 2026 12:48:17 上午 spec.jbb.JBBmain DoARun -> 信息:   started user thread for Warehouse 21
2月 12, 2026 12:48:17 上午 spec.jbb.JBBmain DoARun -> 信息:   started user thread for Warehouse 22
2月 12, 2026 12:48:17 上午 spec.jbb.JBBmain DoARun -> 信息:   started user thread for Warehouse 23
2月 12, 2026 12:48:17 上午 spec.jbb.Company displayResultTotals -> 信息: Timing Measurement began Thu Feb 12 00:48:17 CST 2026 for 0.5 minutes
2月 12, 2026 12:48:47 上午 spec.jbb.Company displayResultTotals -> 信息: Timing Measurement ended Thu Feb 12 00:48:47 CST 2026
2月 12, 2026 12:48:47 上午 spec.jbb.Company primeWithDummyData -> 信息: Loading Warehouse 24...
2月 12, 2026 12:48:47 上午 spec.jbb.JBBmain DoARun -> 信息: Start User Threads
2月 12, 2026 12:48:47 上午 spec.jbb.JBBmain DoARun -> 信息:   started user thread for Warehouse 1
2月 12, 2026 12:48:47 上午 spec.jbb.JBBmain DoARun -> 信息:   started user thread for Warehouse 2
2月 12, 2026 12:48:47 上午 spec.jbb.JBBmain DoARun -> 信息:   started user thread for Warehouse 3
2月 12, 2026 12:48:47 上午 spec.jbb.JBBmain DoARun -> 信息:   started user thread for Warehouse 4
2月 12, 2026 12:48:47 上午 spec.jbb.JBBmain DoARun -> 信息:   started user thread for Warehouse 5
2月 12, 2026 12:48:47 上午 spec.jbb.JBBmain DoARun -> 信息:   started user thread for Warehouse 6
2月 12, 2026 12:48:47 上午 spec.jbb.JBBmain DoARun -> 信息:   started user thread for Warehouse 7
2月 12, 2026 12:48:47 上午 spec.jbb.JBBmain DoARun -> 信息:   started user thread for Warehouse 8
2月 12, 2026 12:48:47 上午 spec.jbb.JBBmain DoARun -> 信息:   started user thread for Warehouse 9
2月 12, 2026 12:48:47 上午 spec.jbb.JBBmain DoARun -> 信息:   started user thread for Warehouse 10
2月 12, 2026 12:48:47 上午 spec.jbb.JBBmain DoARun -> 信息:   started user thread for Warehouse 11
2月 12, 2026 12:48:47 上午 spec.jbb.JBBmain DoARun -> 信息:   started user thread for Warehouse 12
2月 12, 2026 12:48:47 上午 spec.jbb.JBBmain DoARun -> 信息:   started user thread for Warehouse 13
2月 12, 2026 12:48:47 上午 spec.jbb.JBBmain DoARun -> 信息:   started user thread for Warehouse 14
2月 12, 2026 12:48:47 上午 spec.jbb.JBBmain DoARun -> 信息:   started user thread for Warehouse 15
2月 12, 2026 12:48:47 上午 spec.jbb.JBBmain DoARun -> 信息:   started user thread for Warehouse 16
2月 12, 2026 12:48:47 上午 spec.jbb.JBBmain DoARun -> 信息:   started user thread for Warehouse 17
2月 12, 2026 12:48:47 上午 spec.jbb.JBBmain DoARun -> 信息:   started user thread for Warehouse 18
2月 12, 2026 12:48:47 上午 spec.jbb.JBBmain DoARun -> 信息:   started user thread for Warehouse 19
2月 12, 2026 12:48:47 上午 spec.jbb.JBBmain DoARun -> 信息:   started user thread for Warehouse 20
2月 12, 2026 12:48:47 上午 spec.jbb.JBBmain DoARun -> 信息:   started user thread for Warehouse 21
2月 12, 2026 12:48:47 上午 spec.jbb.JBBmain DoARun -> 信息:   started user thread for Warehouse 22
2月 12, 2026 12:48:47 上午 spec.jbb.JBBmain DoARun -> 信息:   started user thread for Warehouse 23
2月 12, 2026 12:48:47 上午 spec.jbb.JBBmain DoARun -> 信息:   started user thread for Warehouse 24
2月 12, 2026 12:48:47 上午 spec.jbb.Company displayResultTotals -> 信息: Timing Measurement began Thu Feb 12 00:48:47 CST 2026 for 0.5 minutes
2月 12, 2026 12:49:17 上午 spec.jbb.Company displayResultTotals -> 信息: Timing Measurement ended Thu Feb 12 00:49:17 CST 2026
2月 12, 2026 12:49:17 上午 spec.jbb.Company primeWithDummyData -> 信息: Loading Warehouse 25...
2月 12, 2026 12:49:18 上午 spec.jbb.JBBmain DoARun -> 信息: Start User Threads
2月 12, 2026 12:49:18 上午 spec.jbb.JBBmain DoARun -> 信息:   started user thread for Warehouse 1
2月 12, 2026 12:49:18 上午 spec.jbb.JBBmain DoARun -> 信息:   started user thread for Warehouse 2
2月 12, 2026 12:49:18 上午 spec.jbb.JBBmain DoARun -> 信息:   started user thread for Warehouse 3
2月 12, 2026 12:49:18 上午 spec.jbb.JBBmain DoARun -> 信息:   started user thread for Warehouse 4
2月 12, 2026 12:49:18 上午 spec.jbb.JBBmain DoARun -> 信息:   started user thread for Warehouse 5
2月 12, 2026 12:49:18 上午 spec.jbb.JBBmain DoARun -> 信息:   started user thread for Warehouse 6
2月 12, 2026 12:49:18 上午 spec.jbb.JBBmain DoARun -> 信息:   started user thread for Warehouse 7
2月 12, 2026 12:49:18 上午 spec.jbb.JBBmain DoARun -> 信息:   started user thread for Warehouse 8
2月 12, 2026 12:49:18 上午 spec.jbb.JBBmain DoARun -> 信息:   started user thread for Warehouse 9
2月 12, 2026 12:49:18 上午 spec.jbb.JBBmain DoARun -> 信息:   started user thread for Warehouse 10
2月 12, 2026 12:49:18 上午 spec.jbb.JBBmain DoARun -> 信息:   started user thread for Warehouse 11
2月 12, 2026 12:49:18 上午 spec.jbb.JBBmain DoARun -> 信息:   started user thread for Warehouse 12
2月 12, 2026 12:49:18 上午 spec.jbb.JBBmain DoARun -> 信息:   started user thread for Warehouse 13
2月 12, 2026 12:49:18 上午 spec.jbb.JBBmain DoARun -> 信息:   started user thread for Warehouse 14
2月 12, 2026 12:49:18 上午 spec.jbb.JBBmain DoARun -> 信息:   started user thread for Warehouse 15
2月 12, 2026 12:49:18 上午 spec.jbb.JBBmain DoARun -> 信息:   started user thread for Warehouse 16
2月 12, 2026 12:49:18 上午 spec.jbb.JBBmain DoARun -> 信息:   started user thread for Warehouse 17
2月 12, 2026 12:49:18 上午 spec.jbb.JBBmain DoARun -> 信息:   started user thread for Warehouse 18
2月 12, 2026 12:49:18 上午 spec.jbb.JBBmain DoARun -> 信息:   started user thread for Warehouse 19
2月 12, 2026 12:49:18 上午 spec.jbb.JBBmain DoARun -> 信息:   started user thread for Warehouse 20
2月 12, 2026 12:49:18 上午 spec.jbb.JBBmain DoARun -> 信息:   started user thread for Warehouse 21
2月 12, 2026 12:49:18 上午 spec.jbb.JBBmain DoARun -> 信息:   started user thread for Warehouse 22
2月 12, 2026 12:49:18 上午 spec.jbb.JBBmain DoARun -> 信息:   started user thread for Warehouse 23
2月 12, 2026 12:49:18 上午 spec.jbb.JBBmain DoARun -> 信息:   started user thread for Warehouse 24
2月 12, 2026 12:49:18 上午 spec.jbb.JBBmain DoARun -> 信息:   started user thread for Warehouse 25
2月 12, 2026 12:49:18 上午 spec.jbb.Company displayResultTotals -> 信息: Timing Measurement began Thu Feb 12 00:49:18 CST 2026 for 0.5 minutes
2月 12, 2026 12:49:48 上午 spec.jbb.Company displayResultTotals -> 信息: Timing Measurement ended Thu Feb 12 00:49:48 CST 2026
2月 12, 2026 12:49:48 上午 spec.jbb.Company primeWithDummyData -> 信息: Loading Warehouse 26...
2月 12, 2026 12:49:48 上午 spec.jbb.JBBmain DoARun -> 信息: Start User Threads
2月 12, 2026 12:49:48 上午 spec.jbb.JBBmain DoARun -> 信息:   started user thread for Warehouse 1
2月 12, 2026 12:49:48 上午 spec.jbb.JBBmain DoARun -> 信息:   started user thread for Warehouse 2
2月 12, 2026 12:49:48 上午 spec.jbb.JBBmain DoARun -> 信息:   started user thread for Warehouse 3
2月 12, 2026 12:49:48 上午 spec.jbb.JBBmain DoARun -> 信息:   started user thread for Warehouse 4
2月 12, 2026 12:49:48 上午 spec.jbb.JBBmain DoARun -> 信息:   started user thread for Warehouse 5
2月 12, 2026 12:49:48 上午 spec.jbb.JBBmain DoARun -> 信息:   started user thread for Warehouse 6
2月 12, 2026 12:49:48 上午 spec.jbb.JBBmain DoARun -> 信息:   started user thread for Warehouse 7
2月 12, 2026 12:49:48 上午 spec.jbb.JBBmain DoARun -> 信息:   started user thread for Warehouse 8
2月 12, 2026 12:49:48 上午 spec.jbb.JBBmain DoARun -> 信息:   started user thread for Warehouse 9
2月 12, 2026 12:49:48 上午 spec.jbb.JBBmain DoARun -> 信息:   started user thread for Warehouse 10
2月 12, 2026 12:49:48 上午 spec.jbb.JBBmain DoARun -> 信息:   started user thread for Warehouse 11
2月 12, 2026 12:49:48 上午 spec.jbb.JBBmain DoARun -> 信息:   started user thread for Warehouse 12
2月 12, 2026 12:49:48 上午 spec.jbb.JBBmain DoARun -> 信息:   started user thread for Warehouse 13
2月 12, 2026 12:49:48 上午 spec.jbb.JBBmain DoARun -> 信息:   started user thread for Warehouse 14
2月 12, 2026 12:49:48 上午 spec.jbb.JBBmain DoARun -> 信息:   started user thread for Warehouse 15
2月 12, 2026 12:49:48 上午 spec.jbb.JBBmain DoARun -> 信息:   started user thread for Warehouse 16
2月 12, 2026 12:49:48 上午 spec.jbb.JBBmain DoARun -> 信息:   started user thread for Warehouse 17
2月 12, 2026 12:49:48 上午 spec.jbb.JBBmain DoARun -> 信息:   started user thread for Warehouse 18
2月 12, 2026 12:49:48 上午 spec.jbb.JBBmain DoARun -> 信息:   started user thread for Warehouse 19
2月 12, 2026 12:49:48 上午 spec.jbb.JBBmain DoARun -> 信息:   started user thread for Warehouse 20
2月 12, 2026 12:49:48 上午 spec.jbb.JBBmain DoARun -> 信息:   started user thread for Warehouse 21
2月 12, 2026 12:49:48 上午 spec.jbb.JBBmain DoARun -> 信息:   started user thread for Warehouse 22
2月 12, 2026 12:49:48 上午 spec.jbb.JBBmain DoARun -> 信息:   started user thread for Warehouse 23
2月 12, 2026 12:49:48 上午 spec.jbb.JBBmain DoARun -> 信息:   started user thread for Warehouse 24
2月 12, 2026 12:49:48 上午 spec.jbb.JBBmain DoARun -> 信息:   started user thread for Warehouse 25
2月 12, 2026 12:49:48 上午 spec.jbb.JBBmain DoARun -> 信息:   started user thread for Warehouse 26
2月 12, 2026 12:49:48 上午 spec.jbb.Company displayResultTotals -> 信息: Timing Measurement began Thu Feb 12 00:49:48 CST 2026 for 0.5 minutes
2月 12, 2026 12:50:18 上午 spec.jbb.Company displayResultTotals -> 信息: Timing Measurement ended Thu Feb 12 00:50:18 CST 2026
2月 12, 2026 12:50:18 上午 spec.jbb.Company primeWithDummyData -> 信息: Loading Warehouse 27...
2月 12, 2026 12:50:18 上午 spec.jbb.JBBmain DoARun -> 信息: Start User Threads
2月 12, 2026 12:50:18 上午 spec.jbb.JBBmain DoARun -> 信息:   started user thread for Warehouse 1
2月 12, 2026 12:50:18 上午 spec.jbb.JBBmain DoARun -> 信息:   started user thread for Warehouse 2
2月 12, 2026 12:50:18 上午 spec.jbb.JBBmain DoARun -> 信息:   started user thread for Warehouse 3
2月 12, 2026 12:50:18 上午 spec.jbb.JBBmain DoARun -> 信息:   started user thread for Warehouse 4
2月 12, 2026 12:50:18 上午 spec.jbb.JBBmain DoARun -> 信息:   started user thread for Warehouse 5
2月 12, 2026 12:50:18 上午 spec.jbb.JBBmain DoARun -> 信息:   started user thread for Warehouse 6
2月 12, 2026 12:50:18 上午 spec.jbb.JBBmain DoARun -> 信息:   started user thread for Warehouse 7
2月 12, 2026 12:50:18 上午 spec.jbb.JBBmain DoARun -> 信息:   started user thread for Warehouse 8
2月 12, 2026 12:50:18 上午 spec.jbb.JBBmain DoARun -> 信息:   started user thread for Warehouse 9
2月 12, 2026 12:50:18 上午 spec.jbb.JBBmain DoARun -> 信息:   started user thread for Warehouse 10
2月 12, 2026 12:50:18 上午 spec.jbb.JBBmain DoARun -> 信息:   started user thread for Warehouse 11
2月 12, 2026 12:50:18 上午 spec.jbb.JBBmain DoARun -> 信息:   started user thread for Warehouse 12
2月 12, 2026 12:50:18 上午 spec.jbb.JBBmain DoARun -> 信息:   started user thread for Warehouse 13
2月 12, 2026 12:50:18 上午 spec.jbb.JBBmain DoARun -> 信息:   started user thread for Warehouse 14
2月 12, 2026 12:50:18 上午 spec.jbb.JBBmain DoARun -> 信息:   started user thread for Warehouse 15
2月 12, 2026 12:50:18 上午 spec.jbb.JBBmain DoARun -> 信息:   started user thread for Warehouse 16
2月 12, 2026 12:50:18 上午 spec.jbb.JBBmain DoARun -> 信息:   started user thread for Warehouse 17
2月 12, 2026 12:50:18 上午 spec.jbb.JBBmain DoARun -> 信息:   started user thread for Warehouse 18
2月 12, 2026 12:50:18 上午 spec.jbb.JBBmain DoARun -> 信息:   started user thread for Warehouse 19
2月 12, 2026 12:50:18 上午 spec.jbb.JBBmain DoARun -> 信息:   started user thread for Warehouse 20
2月 12, 2026 12:50:18 上午 spec.jbb.JBBmain DoARun -> 信息:   started user thread for Warehouse 21
2月 12, 2026 12:50:18 上午 spec.jbb.JBBmain DoARun -> 信息:   started user thread for Warehouse 22
2月 12, 2026 12:50:18 上午 spec.jbb.JBBmain DoARun -> 信息:   started user thread for Warehouse 23
2月 12, 2026 12:50:18 上午 spec.jbb.JBBmain DoARun -> 信息:   started user thread for Warehouse 24
2月 12, 2026 12:50:18 上午 spec.jbb.JBBmain DoARun -> 信息:   started user thread for Warehouse 25
2月 12, 2026 12:50:18 上午 spec.jbb.JBBmain DoARun -> 信息:   started user thread for Warehouse 26
2月 12, 2026 12:50:18 上午 spec.jbb.JBBmain DoARun -> 信息:   started user thread for Warehouse 27
2月 12, 2026 12:50:18 上午 spec.jbb.Company displayResultTotals -> 信息: Timing Measurement began Thu Feb 12 00:50:18 CST 2026 for 0.5 minutes
2月 12, 2026 12:50:48 上午 spec.jbb.Company displayResultTotals -> 信息: Timing Measurement ended Thu Feb 12 00:50:48 CST 2026
2月 12, 2026 12:50:48 上午 spec.jbb.Company primeWithDummyData -> 信息: Loading Warehouse 28...
2月 12, 2026 12:50:49 上午 spec.jbb.JBBmain DoARun -> 信息: Start User Threads
2月 12, 2026 12:50:49 上午 spec.jbb.JBBmain DoARun -> 信息:   started user thread for Warehouse 1
2月 12, 2026 12:50:49 上午 spec.jbb.JBBmain DoARun -> 信息:   started user thread for Warehouse 2
2月 12, 2026 12:50:49 上午 spec.jbb.JBBmain DoARun -> 信息:   started user thread for Warehouse 3
2月 12, 2026 12:50:49 上午 spec.jbb.JBBmain DoARun -> 信息:   started user thread for Warehouse 4
2月 12, 2026 12:50:49 上午 spec.jbb.JBBmain DoARun -> 信息:   started user thread for Warehouse 5
2月 12, 2026 12:50:49 上午 spec.jbb.JBBmain DoARun -> 信息:   started user thread for Warehouse 6
2月 12, 2026 12:50:49 上午 spec.jbb.JBBmain DoARun -> 信息:   started user thread for Warehouse 7
2月 12, 2026 12:50:49 上午 spec.jbb.JBBmain DoARun -> 信息:   started user thread for Warehouse 8
2月 12, 2026 12:50:49 上午 spec.jbb.JBBmain DoARun -> 信息:   started user thread for Warehouse 9
2月 12, 2026 12:50:49 上午 spec.jbb.JBBmain DoARun -> 信息:   started user thread for Warehouse 10
2月 12, 2026 12:50:49 上午 spec.jbb.JBBmain DoARun -> 信息:   started user thread for Warehouse 11
2月 12, 2026 12:50:49 上午 spec.jbb.JBBmain DoARun -> 信息:   started user thread for Warehouse 12
2月 12, 2026 12:50:49 上午 spec.jbb.JBBmain DoARun -> 信息:   started user thread for Warehouse 13
2月 12, 2026 12:50:49 上午 spec.jbb.JBBmain DoARun -> 信息:   started user thread for Warehouse 14
2月 12, 2026 12:50:49 上午 spec.jbb.JBBmain DoARun -> 信息:   started user thread for Warehouse 15
2月 12, 2026 12:50:49 上午 spec.jbb.JBBmain DoARun -> 信息:   started user thread for Warehouse 16
2月 12, 2026 12:50:49 上午 spec.jbb.JBBmain DoARun -> 信息:   started user thread for Warehouse 17
2月 12, 2026 12:50:49 上午 spec.jbb.JBBmain DoARun -> 信息:   started user thread for Warehouse 18
2月 12, 2026 12:50:49 上午 spec.jbb.JBBmain DoARun -> 信息:   started user thread for Warehouse 19
2月 12, 2026 12:50:49 上午 spec.jbb.JBBmain DoARun -> 信息:   started user thread for Warehouse 20
2月 12, 2026 12:50:49 上午 spec.jbb.JBBmain DoARun -> 信息:   started user thread for Warehouse 21
2月 12, 2026 12:50:49 上午 spec.jbb.JBBmain DoARun -> 信息:   started user thread for Warehouse 22
2月 12, 2026 12:50:49 上午 spec.jbb.JBBmain DoARun -> 信息:   started user thread for Warehouse 23
2月 12, 2026 12:50:49 上午 spec.jbb.JBBmain DoARun -> 信息:   started user thread for Warehouse 24
2月 12, 2026 12:50:49 上午 spec.jbb.JBBmain DoARun -> 信息:   started user thread for Warehouse 25
2月 12, 2026 12:50:49 上午 spec.jbb.JBBmain DoARun -> 信息:   started user thread for Warehouse 26
2月 12, 2026 12:50:49 上午 spec.jbb.JBBmain DoARun -> 信息:   started user thread for Warehouse 27
2月 12, 2026 12:50:49 上午 spec.jbb.JBBmain DoARun -> 信息:   started user thread for Warehouse 28
2月 12, 2026 12:50:49 上午 spec.jbb.Company displayResultTotals -> 信息: Timing Measurement began Thu Feb 12 00:50:49 CST 2026 for 0.5 minutes
2月 12, 2026 12:51:19 上午 spec.jbb.Company displayResultTotals -> 信息: Timing Measurement ended Thu Feb 12 00:51:19 CST 2026
2月 12, 2026 12:51:19 上午 spec.jbb.Company primeWithDummyData -> 信息: Loading Warehouse 29...
2月 12, 2026 12:51:19 上午 spec.jbb.JBBmain DoARun -> 信息: Start User Threads
2月 12, 2026 12:51:19 上午 spec.jbb.JBBmain DoARun -> 信息:   started user thread for Warehouse 1
2月 12, 2026 12:51:19 上午 spec.jbb.JBBmain DoARun -> 信息:   started user thread for Warehouse 2
2月 12, 2026 12:51:19 上午 spec.jbb.JBBmain DoARun -> 信息:   started user thread for Warehouse 3
2月 12, 2026 12:51:19 上午 spec.jbb.JBBmain DoARun -> 信息:   started user thread for Warehouse 4
2月 12, 2026 12:51:19 上午 spec.jbb.JBBmain DoARun -> 信息:   started user thread for Warehouse 5
2月 12, 2026 12:51:19 上午 spec.jbb.JBBmain DoARun -> 信息:   started user thread for Warehouse 6
2月 12, 2026 12:51:19 上午 spec.jbb.JBBmain DoARun -> 信息:   started user thread for Warehouse 7
2月 12, 2026 12:51:19 上午 spec.jbb.JBBmain DoARun -> 信息:   started user thread for Warehouse 8
2月 12, 2026 12:51:19 上午 spec.jbb.JBBmain DoARun -> 信息:   started user thread for Warehouse 9
2月 12, 2026 12:51:19 上午 spec.jbb.JBBmain DoARun -> 信息:   started user thread for Warehouse 10
2月 12, 2026 12:51:19 上午 spec.jbb.JBBmain DoARun -> 信息:   started user thread for Warehouse 11
2月 12, 2026 12:51:19 上午 spec.jbb.JBBmain DoARun -> 信息:   started user thread for Warehouse 12
2月 12, 2026 12:51:19 上午 spec.jbb.JBBmain DoARun -> 信息:   started user thread for Warehouse 13
2月 12, 2026 12:51:19 上午 spec.jbb.JBBmain DoARun -> 信息:   started user thread for Warehouse 14
2月 12, 2026 12:51:19 上午 spec.jbb.JBBmain DoARun -> 信息:   started user thread for Warehouse 15
2月 12, 2026 12:51:19 上午 spec.jbb.JBBmain DoARun -> 信息:   started user thread for Warehouse 16
2月 12, 2026 12:51:19 上午 spec.jbb.JBBmain DoARun -> 信息:   started user thread for Warehouse 17
2月 12, 2026 12:51:19 上午 spec.jbb.JBBmain DoARun -> 信息:   started user thread for Warehouse 18
2月 12, 2026 12:51:19 上午 spec.jbb.JBBmain DoARun -> 信息:   started user thread for Warehouse 19
2月 12, 2026 12:51:19 上午 spec.jbb.JBBmain DoARun -> 信息:   started user thread for Warehouse 20
2月 12, 2026 12:51:19 上午 spec.jbb.JBBmain DoARun -> 信息:   started user thread for Warehouse 21
2月 12, 2026 12:51:19 上午 spec.jbb.JBBmain DoARun -> 信息:   started user thread for Warehouse 22
2月 12, 2026 12:51:19 上午 spec.jbb.JBBmain DoARun -> 信息:   started user thread for Warehouse 23
2月 12, 2026 12:51:19 上午 spec.jbb.JBBmain DoARun -> 信息:   started user thread for Warehouse 24
2月 12, 2026 12:51:19 上午 spec.jbb.JBBmain DoARun -> 信息:   started user thread for Warehouse 25
2月 12, 2026 12:51:19 上午 spec.jbb.JBBmain DoARun -> 信息:   started user thread for Warehouse 26
2月 12, 2026 12:51:19 上午 spec.jbb.JBBmain DoARun -> 信息:   started user thread for Warehouse 27
2月 12, 2026 12:51:19 上午 spec.jbb.JBBmain DoARun -> 信息:   started user thread for Warehouse 28
2月 12, 2026 12:51:19 上午 spec.jbb.JBBmain DoARun -> 信息:   started user thread for Warehouse 29
2月 12, 2026 12:51:19 上午 spec.jbb.Company displayResultTotals -> 信息: Timing Measurement began Thu Feb 12 00:51:19 CST 2026 for 0.5 minutes
2月 12, 2026 12:51:49 上午 spec.jbb.Company displayResultTotals -> 信息: Timing Measurement ended Thu Feb 12 00:51:49 CST 2026
2月 12, 2026 12:51:49 上午 spec.jbb.Company primeWithDummyData -> 信息: Loading Warehouse 30...
2月 12, 2026 12:51:49 上午 spec.jbb.JBBmain DoARun -> 信息: Start User Threads
2月 12, 2026 12:51:49 上午 spec.jbb.JBBmain DoARun -> 信息:   started user thread for Warehouse 1
2月 12, 2026 12:51:49 上午 spec.jbb.JBBmain DoARun -> 信息:   started user thread for Warehouse 2
2月 12, 2026 12:51:49 上午 spec.jbb.JBBmain DoARun -> 信息:   started user thread for Warehouse 3
2月 12, 2026 12:51:49 上午 spec.jbb.JBBmain DoARun -> 信息:   started user thread for Warehouse 4
2月 12, 2026 12:51:49 上午 spec.jbb.JBBmain DoARun -> 信息:   started user thread for Warehouse 5
2月 12, 2026 12:51:49 上午 spec.jbb.JBBmain DoARun -> 信息:   started user thread for Warehouse 6
2月 12, 2026 12:51:49 上午 spec.jbb.JBBmain DoARun -> 信息:   started user thread for Warehouse 7
2月 12, 2026 12:51:49 上午 spec.jbb.JBBmain DoARun -> 信息:   started user thread for Warehouse 8
2月 12, 2026 12:51:49 上午 spec.jbb.JBBmain DoARun -> 信息:   started user thread for Warehouse 9
2月 12, 2026 12:51:49 上午 spec.jbb.JBBmain DoARun -> 信息:   started user thread for Warehouse 10
2月 12, 2026 12:51:49 上午 spec.jbb.JBBmain DoARun -> 信息:   started user thread for Warehouse 11
2月 12, 2026 12:51:49 上午 spec.jbb.JBBmain DoARun -> 信息:   started user thread for Warehouse 12
2月 12, 2026 12:51:49 上午 spec.jbb.JBBmain DoARun -> 信息:   started user thread for Warehouse 13
2月 12, 2026 12:51:49 上午 spec.jbb.JBBmain DoARun -> 信息:   started user thread for Warehouse 14
2月 12, 2026 12:51:49 上午 spec.jbb.JBBmain DoARun -> 信息:   started user thread for Warehouse 15
2月 12, 2026 12:51:49 上午 spec.jbb.JBBmain DoARun -> 信息:   started user thread for Warehouse 16
2月 12, 2026 12:51:49 上午 spec.jbb.JBBmain DoARun -> 信息:   started user thread for Warehouse 17
2月 12, 2026 12:51:49 上午 spec.jbb.JBBmain DoARun -> 信息:   started user thread for Warehouse 18
2月 12, 2026 12:51:49 上午 spec.jbb.JBBmain DoARun -> 信息:   started user thread for Warehouse 19
2月 12, 2026 12:51:49 上午 spec.jbb.JBBmain DoARun -> 信息:   started user thread for Warehouse 20
2月 12, 2026 12:51:49 上午 spec.jbb.JBBmain DoARun -> 信息:   started user thread for Warehouse 21
2月 12, 2026 12:51:49 上午 spec.jbb.JBBmain DoARun -> 信息:   started user thread for Warehouse 22
2月 12, 2026 12:51:49 上午 spec.jbb.JBBmain DoARun -> 信息:   started user thread for Warehouse 23
2月 12, 2026 12:51:49 上午 spec.jbb.JBBmain DoARun -> 信息:   started user thread for Warehouse 24
2月 12, 2026 12:51:49 上午 spec.jbb.JBBmain DoARun -> 信息:   started user thread for Warehouse 25
2月 12, 2026 12:51:49 上午 spec.jbb.JBBmain DoARun -> 信息:   started user thread for Warehouse 26
2月 12, 2026 12:51:49 上午 spec.jbb.JBBmain DoARun -> 信息:   started user thread for Warehouse 27
2月 12, 2026 12:51:49 上午 spec.jbb.JBBmain DoARun -> 信息:   started user thread for Warehouse 28
2月 12, 2026 12:51:49 上午 spec.jbb.JBBmain DoARun -> 信息:   started user thread for Warehouse 29
2月 12, 2026 12:51:49 上午 spec.jbb.JBBmain DoARun -> 信息:   started user thread for Warehouse 30
2月 12, 2026 12:51:49 上午 spec.jbb.Company displayResultTotals -> 信息: Timing Measurement began Thu Feb 12 00:51:49 CST 2026 for 0.5 minutes
2月 12, 2026 12:52:19 上午 spec.jbb.Company displayResultTotals -> 信息: Timing Measurement ended Thu Feb 12 00:52:19 CST 2026
2月 12, 2026 12:52:19 上午 spec.jbb.Company primeWithDummyData -> 信息: Loading Warehouse 31...
2月 12, 2026 12:52:19 上午 spec.jbb.JBBmain DoARun -> 信息: Start User Threads
2月 12, 2026 12:52:19 上午 spec.jbb.JBBmain DoARun -> 信息:   started user thread for Warehouse 1
2月 12, 2026 12:52:19 上午 spec.jbb.JBBmain DoARun -> 信息:   started user thread for Warehouse 2
2月 12, 2026 12:52:19 上午 spec.jbb.JBBmain DoARun -> 信息:   started user thread for Warehouse 3
2月 12, 2026 12:52:19 上午 spec.jbb.JBBmain DoARun -> 信息:   started user thread for Warehouse 4
2月 12, 2026 12:52:19 上午 spec.jbb.JBBmain DoARun -> 信息:   started user thread for Warehouse 5
2月 12, 2026 12:52:19 上午 spec.jbb.JBBmain DoARun -> 信息:   started user thread for Warehouse 6
2月 12, 2026 12:52:19 上午 spec.jbb.JBBmain DoARun -> 信息:   started user thread for Warehouse 7
2月 12, 2026 12:52:19 上午 spec.jbb.JBBmain DoARun -> 信息:   started user thread for Warehouse 8
2月 12, 2026 12:52:19 上午 spec.jbb.JBBmain DoARun -> 信息:   started user thread for Warehouse 9
2月 12, 2026 12:52:19 上午 spec.jbb.JBBmain DoARun -> 信息:   started user thread for Warehouse 10
2月 12, 2026 12:52:19 上午 spec.jbb.JBBmain DoARun -> 信息:   started user thread for Warehouse 11
2月 12, 2026 12:52:19 上午 spec.jbb.JBBmain DoARun -> 信息:   started user thread for Warehouse 12
2月 12, 2026 12:52:19 上午 spec.jbb.JBBmain DoARun -> 信息:   started user thread for Warehouse 13
2月 12, 2026 12:52:19 上午 spec.jbb.JBBmain DoARun -> 信息:   started user thread for Warehouse 14
2月 12, 2026 12:52:19 上午 spec.jbb.JBBmain DoARun -> 信息:   started user thread for Warehouse 15
2月 12, 2026 12:52:19 上午 spec.jbb.JBBmain DoARun -> 信息:   started user thread for Warehouse 16
2月 12, 2026 12:52:19 上午 spec.jbb.JBBmain DoARun -> 信息:   started user thread for Warehouse 17
2月 12, 2026 12:52:19 上午 spec.jbb.JBBmain DoARun -> 信息:   started user thread for Warehouse 18
2月 12, 2026 12:52:19 上午 spec.jbb.JBBmain DoARun -> 信息:   started user thread for Warehouse 19
2月 12, 2026 12:52:19 上午 spec.jbb.JBBmain DoARun -> 信息:   started user thread for Warehouse 20
2月 12, 2026 12:52:19 上午 spec.jbb.JBBmain DoARun -> 信息:   started user thread for Warehouse 21
2月 12, 2026 12:52:20 上午 spec.jbb.JBBmain DoARun -> 信息:   started user thread for Warehouse 22
2月 12, 2026 12:52:20 上午 spec.jbb.JBBmain DoARun -> 信息:   started user thread for Warehouse 23
2月 12, 2026 12:52:20 上午 spec.jbb.JBBmain DoARun -> 信息:   started user thread for Warehouse 24
2月 12, 2026 12:52:20 上午 spec.jbb.JBBmain DoARun -> 信息:   started user thread for Warehouse 25
2月 12, 2026 12:52:20 上午 spec.jbb.JBBmain DoARun -> 信息:   started user thread for Warehouse 26
2月 12, 2026 12:52:20 上午 spec.jbb.JBBmain DoARun -> 信息:   started user thread for Warehouse 27
2月 12, 2026 12:52:20 上午 spec.jbb.JBBmain DoARun -> 信息:   started user thread for Warehouse 28
2月 12, 2026 12:52:20 上午 spec.jbb.JBBmain DoARun -> 信息:   started user thread for Warehouse 29
2月 12, 2026 12:52:20 上午 spec.jbb.JBBmain DoARun -> 信息:   started user thread for Warehouse 30
2月 12, 2026 12:52:20 上午 spec.jbb.JBBmain DoARun -> 信息:   started user thread for Warehouse 31
2月 12, 2026 12:52:20 上午 spec.jbb.Company displayResultTotals -> 信息: Timing Measurement began Thu Feb 12 00:52:20 CST 2026 for 0.5 minutes
2月 12, 2026 12:52:50 上午 spec.jbb.Company displayResultTotals -> 信息: Timing Measurement ended Thu Feb 12 00:52:50 CST 2026
2月 12, 2026 12:52:50 上午 spec.jbb.Company primeWithDummyData -> 信息: Loading Warehouse 32...
2月 12, 2026 12:52:50 上午 spec.jbb.JBBmain DoARun -> 信息: Start User Threads
2月 12, 2026 12:52:50 上午 spec.jbb.JBBmain DoARun -> 信息:   started user thread for Warehouse 1
2月 12, 2026 12:52:50 上午 spec.jbb.JBBmain DoARun -> 信息:   started user thread for Warehouse 2
2月 12, 2026 12:52:50 上午 spec.jbb.JBBmain DoARun -> 信息:   started user thread for Warehouse 3
2月 12, 2026 12:52:50 上午 spec.jbb.JBBmain DoARun -> 信息:   started user thread for Warehouse 4
2月 12, 2026 12:52:50 上午 spec.jbb.JBBmain DoARun -> 信息:   started user thread for Warehouse 5
2月 12, 2026 12:52:50 上午 spec.jbb.JBBmain DoARun -> 信息:   started user thread for Warehouse 6
2月 12, 2026 12:52:50 上午 spec.jbb.JBBmain DoARun -> 信息:   started user thread for Warehouse 7
2月 12, 2026 12:52:50 上午 spec.jbb.JBBmain DoARun -> 信息:   started user thread for Warehouse 8
2月 12, 2026 12:52:50 上午 spec.jbb.JBBmain DoARun -> 信息:   started user thread for Warehouse 9
2月 12, 2026 12:52:50 上午 spec.jbb.JBBmain DoARun -> 信息:   started user thread for Warehouse 10
2月 12, 2026 12:52:50 上午 spec.jbb.JBBmain DoARun -> 信息:   started user thread for Warehouse 11
2月 12, 2026 12:52:50 上午 spec.jbb.JBBmain DoARun -> 信息:   started user thread for Warehouse 12
2月 12, 2026 12:52:50 上午 spec.jbb.JBBmain DoARun -> 信息:   started user thread for Warehouse 13
2月 12, 2026 12:52:50 上午 spec.jbb.JBBmain DoARun -> 信息:   started user thread for Warehouse 14
2月 12, 2026 12:52:50 上午 spec.jbb.JBBmain DoARun -> 信息:   started user thread for Warehouse 15
2月 12, 2026 12:52:50 上午 spec.jbb.JBBmain DoARun -> 信息:   started user thread for Warehouse 16
2月 12, 2026 12:52:50 上午 spec.jbb.JBBmain DoARun -> 信息:   started user thread for Warehouse 17
2月 12, 2026 12:52:50 上午 spec.jbb.JBBmain DoARun -> 信息:   started user thread for Warehouse 18
2月 12, 2026 12:52:50 上午 spec.jbb.JBBmain DoARun -> 信息:   started user thread for Warehouse 19
2月 12, 2026 12:52:50 上午 spec.jbb.JBBmain DoARun -> 信息:   started user thread for Warehouse 20
2月 12, 2026 12:52:50 上午 spec.jbb.JBBmain DoARun -> 信息:   started user thread for Warehouse 21
2月 12, 2026 12:52:50 上午 spec.jbb.JBBmain DoARun -> 信息:   started user thread for Warehouse 22
2月 12, 2026 12:52:50 上午 spec.jbb.JBBmain DoARun -> 信息:   started user thread for Warehouse 23
2月 12, 2026 12:52:50 上午 spec.jbb.JBBmain DoARun -> 信息:   started user thread for Warehouse 24
2月 12, 2026 12:52:50 上午 spec.jbb.JBBmain DoARun -> 信息:   started user thread for Warehouse 25
2月 12, 2026 12:52:50 上午 spec.jbb.JBBmain DoARun -> 信息:   started user thread for Warehouse 26
2月 12, 2026 12:52:50 上午 spec.jbb.JBBmain DoARun -> 信息:   started user thread for Warehouse 27
2月 12, 2026 12:52:50 上午 spec.jbb.JBBmain DoARun -> 信息:   started user thread for Warehouse 28
2月 12, 2026 12:52:50 上午 spec.jbb.JBBmain DoARun -> 信息:   started user thread for Warehouse 29
2月 12, 2026 12:52:50 上午 spec.jbb.JBBmain DoARun -> 信息:   started user thread for Warehouse 30
2月 12, 2026 12:52:50 上午 spec.jbb.JBBmain DoARun -> 信息:   started user thread for Warehouse 31
2月 12, 2026 12:52:50 上午 spec.jbb.JBBmain DoARun -> 信息:   started user thread for Warehouse 32
2月 12, 2026 12:52:50 上午 spec.jbb.Company displayResultTotals -> 信息: Timing Measurement began Thu Feb 12 00:52:50 CST 2026 for 0.5 minutes
2月 12, 2026 12:53:20 上午 spec.jbb.Company displayResultTotals -> 信息: Timing Measurement ended Thu Feb 12 00:53:20 CST 2026
2月 12, 2026 12:53:20 上午 spec.jbb.Company primeWithDummyData -> 信息: Loading Warehouse 33...
2月 12, 2026 12:53:20 上午 spec.jbb.JBBmain DoARun -> 信息: Start User Threads
2月 12, 2026 12:53:20 上午 spec.jbb.JBBmain DoARun -> 信息:   started user thread for Warehouse 1
2月 12, 2026 12:53:20 上午 spec.jbb.JBBmain DoARun -> 信息:   started user thread for Warehouse 2
2月 12, 2026 12:53:20 上午 spec.jbb.JBBmain DoARun -> 信息:   started user thread for Warehouse 3
2月 12, 2026 12:53:20 上午 spec.jbb.JBBmain DoARun -> 信息:   started user thread for Warehouse 4
2月 12, 2026 12:53:20 上午 spec.jbb.JBBmain DoARun -> 信息:   started user thread for Warehouse 5
2月 12, 2026 12:53:20 上午 spec.jbb.JBBmain DoARun -> 信息:   started user thread for Warehouse 6
2月 12, 2026 12:53:20 上午 spec.jbb.JBBmain DoARun -> 信息:   started user thread for Warehouse 7
2月 12, 2026 12:53:20 上午 spec.jbb.JBBmain DoARun -> 信息:   started user thread for Warehouse 8
2月 12, 2026 12:53:20 上午 spec.jbb.JBBmain DoARun -> 信息:   started user thread for Warehouse 9
2月 12, 2026 12:53:20 上午 spec.jbb.JBBmain DoARun -> 信息:   started user thread for Warehouse 10
2月 12, 2026 12:53:20 上午 spec.jbb.JBBmain DoARun -> 信息:   started user thread for Warehouse 11
2月 12, 2026 12:53:20 上午 spec.jbb.JBBmain DoARun -> 信息:   started user thread for Warehouse 12
2月 12, 2026 12:53:20 上午 spec.jbb.JBBmain DoARun -> 信息:   started user thread for Warehouse 13
2月 12, 2026 12:53:20 上午 spec.jbb.JBBmain DoARun -> 信息:   started user thread for Warehouse 14
2月 12, 2026 12:53:20 上午 spec.jbb.JBBmain DoARun -> 信息:   started user thread for Warehouse 15
2月 12, 2026 12:53:20 上午 spec.jbb.JBBmain DoARun -> 信息:   started user thread for Warehouse 16
2月 12, 2026 12:53:20 上午 spec.jbb.JBBmain DoARun -> 信息:   started user thread for Warehouse 17
2月 12, 2026 12:53:20 上午 spec.jbb.JBBmain DoARun -> 信息:   started user thread for Warehouse 18
2月 12, 2026 12:53:20 上午 spec.jbb.JBBmain DoARun -> 信息:   started user thread for Warehouse 19
2月 12, 2026 12:53:20 上午 spec.jbb.JBBmain DoARun -> 信息:   started user thread for Warehouse 20
2月 12, 2026 12:53:20 上午 spec.jbb.JBBmain DoARun -> 信息:   started user thread for Warehouse 21
2月 12, 2026 12:53:20 上午 spec.jbb.JBBmain DoARun -> 信息:   started user thread for Warehouse 22
2月 12, 2026 12:53:20 上午 spec.jbb.JBBmain DoARun -> 信息:   started user thread for Warehouse 23
2月 12, 2026 12:53:20 上午 spec.jbb.JBBmain DoARun -> 信息:   started user thread for Warehouse 24
2月 12, 2026 12:53:20 上午 spec.jbb.JBBmain DoARun -> 信息:   started user thread for Warehouse 25
2月 12, 2026 12:53:20 上午 spec.jbb.JBBmain DoARun -> 信息:   started user thread for Warehouse 26
2月 12, 2026 12:53:20 上午 spec.jbb.JBBmain DoARun -> 信息:   started user thread for Warehouse 27
2月 12, 2026 12:53:20 上午 spec.jbb.JBBmain DoARun -> 信息:   started user thread for Warehouse 28
2月 12, 2026 12:53:20 上午 spec.jbb.JBBmain DoARun -> 信息:   started user thread for Warehouse 29
2月 12, 2026 12:53:20 上午 spec.jbb.JBBmain DoARun -> 信息:   started user thread for Warehouse 30
2月 12, 2026 12:53:20 上午 spec.jbb.JBBmain DoARun -> 信息:   started user thread for Warehouse 31
2月 12, 2026 12:53:20 上午 spec.jbb.JBBmain DoARun -> 信息:   started user thread for Warehouse 32
2月 12, 2026 12:53:20 上午 spec.jbb.JBBmain DoARun -> 信息:   started user thread for Warehouse 33
2月 12, 2026 12:53:20 上午 spec.jbb.Company displayResultTotals -> 信息: Timing Measurement began Thu Feb 12 00:53:20 CST 2026 for 0.5 minutes
2月 12, 2026 12:53:50 上午 spec.jbb.Company displayResultTotals -> 信息: Timing Measurement ended Thu Feb 12 00:53:50 CST 2026
2月 12, 2026 12:53:50 上午 spec.jbb.Company primeWithDummyData -> 信息: Loading Warehouse 34...
2月 12, 2026 12:53:50 上午 spec.jbb.JBBmain DoARun -> 信息: Start User Threads
2月 12, 2026 12:53:50 上午 spec.jbb.JBBmain DoARun -> 信息:   started user thread for Warehouse 1
2月 12, 2026 12:53:50 上午 spec.jbb.JBBmain DoARun -> 信息:   started user thread for Warehouse 2
2月 12, 2026 12:53:50 上午 spec.jbb.JBBmain DoARun -> 信息:   started user thread for Warehouse 3
2月 12, 2026 12:53:50 上午 spec.jbb.JBBmain DoARun -> 信息:   started user thread for Warehouse 4
2月 12, 2026 12:53:50 上午 spec.jbb.JBBmain DoARun -> 信息:   started user thread for Warehouse 5
2月 12, 2026 12:53:50 上午 spec.jbb.JBBmain DoARun -> 信息:   started user thread for Warehouse 6
2月 12, 2026 12:53:50 上午 spec.jbb.JBBmain DoARun -> 信息:   started user thread for Warehouse 7
2月 12, 2026 12:53:50 上午 spec.jbb.JBBmain DoARun -> 信息:   started user thread for Warehouse 8
2月 12, 2026 12:53:50 上午 spec.jbb.JBBmain DoARun -> 信息:   started user thread for Warehouse 9
2月 12, 2026 12:53:50 上午 spec.jbb.JBBmain DoARun -> 信息:   started user thread for Warehouse 10
2月 12, 2026 12:53:50 上午 spec.jbb.JBBmain DoARun -> 信息:   started user thread for Warehouse 11
2月 12, 2026 12:53:50 上午 spec.jbb.JBBmain DoARun -> 信息:   started user thread for Warehouse 12
2月 12, 2026 12:53:50 上午 spec.jbb.JBBmain DoARun -> 信息:   started user thread for Warehouse 13
2月 12, 2026 12:53:50 上午 spec.jbb.JBBmain DoARun -> 信息:   started user thread for Warehouse 14
2月 12, 2026 12:53:50 上午 spec.jbb.JBBmain DoARun -> 信息:   started user thread for Warehouse 15
2月 12, 2026 12:53:50 上午 spec.jbb.JBBmain DoARun -> 信息:   started user thread for Warehouse 16
2月 12, 2026 12:53:50 上午 spec.jbb.JBBmain DoARun -> 信息:   started user thread for Warehouse 17
2月 12, 2026 12:53:50 上午 spec.jbb.JBBmain DoARun -> 信息:   started user thread for Warehouse 18
2月 12, 2026 12:53:50 上午 spec.jbb.JBBmain DoARun -> 信息:   started user thread for Warehouse 19
2月 12, 2026 12:53:50 上午 spec.jbb.JBBmain DoARun -> 信息:   started user thread for Warehouse 20
2月 12, 2026 12:53:50 上午 spec.jbb.JBBmain DoARun -> 信息:   started user thread for Warehouse 21
2月 12, 2026 12:53:50 上午 spec.jbb.JBBmain DoARun -> 信息:   started user thread for Warehouse 22
2月 12, 2026 12:53:50 上午 spec.jbb.JBBmain DoARun -> 信息:   started user thread for Warehouse 23
2月 12, 2026 12:53:50 上午 spec.jbb.JBBmain DoARun -> 信息:   started user thread for Warehouse 24
2月 12, 2026 12:53:50 上午 spec.jbb.JBBmain DoARun -> 信息:   started user thread for Warehouse 25
2月 12, 2026 12:53:50 上午 spec.jbb.JBBmain DoARun -> 信息:   started user thread for Warehouse 26
2月 12, 2026 12:53:50 上午 spec.jbb.JBBmain DoARun -> 信息:   started user thread for Warehouse 27
2月 12, 2026 12:53:50 上午 spec.jbb.JBBmain DoARun -> 信息:   started user thread for Warehouse 28
2月 12, 2026 12:53:50 上午 spec.jbb.JBBmain DoARun -> 信息:   started user thread for Warehouse 29
2月 12, 2026 12:53:50 上午 spec.jbb.JBBmain DoARun -> 信息:   started user thread for Warehouse 30
2月 12, 2026 12:53:50 上午 spec.jbb.JBBmain DoARun -> 信息:   started user thread for Warehouse 31
2月 12, 2026 12:53:50 上午 spec.jbb.JBBmain DoARun -> 信息:   started user thread for Warehouse 32
2月 12, 2026 12:53:50 上午 spec.jbb.JBBmain DoARun -> 信息:   started user thread for Warehouse 33
2月 12, 2026 12:53:50 上午 spec.jbb.JBBmain DoARun -> 信息:   started user thread for Warehouse 34
2月 12, 2026 12:53:50 上午 spec.jbb.Company displayResultTotals -> 信息: Timing Measurement began Thu Feb 12 00:53:50 CST 2026 for 0.5 minutes
2月 12, 2026 12:54:20 上午 spec.jbb.Company displayResultTotals -> 信息: Timing Measurement ended Thu Feb 12 00:54:20 CST 2026
2月 12, 2026 12:54:20 上午 spec.jbb.Company primeWithDummyData -> 信息: Loading Warehouse 35...
2月 12, 2026 12:54:21 上午 spec.jbb.JBBmain DoARun -> 信息: Start User Threads
2月 12, 2026 12:54:21 上午 spec.jbb.JBBmain DoARun -> 信息:   started user thread for Warehouse 1
2月 12, 2026 12:54:21 上午 spec.jbb.JBBmain DoARun -> 信息:   started user thread for Warehouse 2
2月 12, 2026 12:54:21 上午 spec.jbb.JBBmain DoARun -> 信息:   started user thread for Warehouse 3
2月 12, 2026 12:54:21 上午 spec.jbb.JBBmain DoARun -> 信息:   started user thread for Warehouse 4
2月 12, 2026 12:54:21 上午 spec.jbb.JBBmain DoARun -> 信息:   started user thread for Warehouse 5
2月 12, 2026 12:54:21 上午 spec.jbb.JBBmain DoARun -> 信息:   started user thread for Warehouse 6
2月 12, 2026 12:54:21 上午 spec.jbb.JBBmain DoARun -> 信息:   started user thread for Warehouse 7
2月 12, 2026 12:54:21 上午 spec.jbb.JBBmain DoARun -> 信息:   started user thread for Warehouse 8
2月 12, 2026 12:54:21 上午 spec.jbb.JBBmain DoARun -> 信息:   started user thread for Warehouse 9
2月 12, 2026 12:54:21 上午 spec.jbb.JBBmain DoARun -> 信息:   started user thread for Warehouse 10
2月 12, 2026 12:54:21 上午 spec.jbb.JBBmain DoARun -> 信息:   started user thread for Warehouse 11
2月 12, 2026 12:54:21 上午 spec.jbb.JBBmain DoARun -> 信息:   started user thread for Warehouse 12
2月 12, 2026 12:54:21 上午 spec.jbb.JBBmain DoARun -> 信息:   started user thread for Warehouse 13
2月 12, 2026 12:54:21 上午 spec.jbb.JBBmain DoARun -> 信息:   started user thread for Warehouse 14
2月 12, 2026 12:54:21 上午 spec.jbb.JBBmain DoARun -> 信息:   started user thread for Warehouse 15
2月 12, 2026 12:54:21 上午 spec.jbb.JBBmain DoARun -> 信息:   started user thread for Warehouse 16
2月 12, 2026 12:54:21 上午 spec.jbb.JBBmain DoARun -> 信息:   started user thread for Warehouse 17
2月 12, 2026 12:54:21 上午 spec.jbb.JBBmain DoARun -> 信息:   started user thread for Warehouse 18
2月 12, 2026 12:54:21 上午 spec.jbb.JBBmain DoARun -> 信息:   started user thread for Warehouse 19
2月 12, 2026 12:54:21 上午 spec.jbb.JBBmain DoARun -> 信息:   started user thread for Warehouse 20
2月 12, 2026 12:54:21 上午 spec.jbb.JBBmain DoARun -> 信息:   started user thread for Warehouse 21
2月 12, 2026 12:54:21 上午 spec.jbb.JBBmain DoARun -> 信息:   started user thread for Warehouse 22
2月 12, 2026 12:54:21 上午 spec.jbb.JBBmain DoARun -> 信息:   started user thread for Warehouse 23
2月 12, 2026 12:54:21 上午 spec.jbb.JBBmain DoARun -> 信息:   started user thread for Warehouse 24
2月 12, 2026 12:54:21 上午 spec.jbb.JBBmain DoARun -> 信息:   started user thread for Warehouse 25
2月 12, 2026 12:54:21 上午 spec.jbb.JBBmain DoARun -> 信息:   started user thread for Warehouse 26
2月 12, 2026 12:54:21 上午 spec.jbb.JBBmain DoARun -> 信息:   started user thread for Warehouse 27
2月 12, 2026 12:54:21 上午 spec.jbb.JBBmain DoARun -> 信息:   started user thread for Warehouse 28
2月 12, 2026 12:54:21 上午 spec.jbb.JBBmain DoARun -> 信息:   started user thread for Warehouse 29
2月 12, 2026 12:54:21 上午 spec.jbb.JBBmain DoARun -> 信息:   started user thread for Warehouse 30
2月 12, 2026 12:54:21 上午 spec.jbb.JBBmain DoARun -> 信息:   started user thread for Warehouse 31
2月 12, 2026 12:54:21 上午 spec.jbb.JBBmain DoARun -> 信息:   started user thread for Warehouse 32
2月 12, 2026 12:54:21 上午 spec.jbb.JBBmain DoARun -> 信息:   started user thread for Warehouse 33
2月 12, 2026 12:54:21 上午 spec.jbb.JBBmain DoARun -> 信息:   started user thread for Warehouse 34
2月 12, 2026 12:54:21 上午 spec.jbb.JBBmain DoARun -> 信息:   started user thread for Warehouse 35
2月 12, 2026 12:54:21 上午 spec.jbb.Company displayResultTotals -> 信息: Timing Measurement began Thu Feb 12 00:54:21 CST 2026 for 0.5 minutes
2月 12, 2026 12:54:51 上午 spec.jbb.Company displayResultTotals -> 信息: Timing Measurement ended Thu Feb 12 00:54:51 CST 2026
2月 12, 2026 12:54:51 上午 spec.jbb.Company primeWithDummyData -> 信息: Loading Warehouse 36...
2月 12, 2026 12:54:51 上午 spec.jbb.JBBmain DoARun -> 信息: Start User Threads
2月 12, 2026 12:54:51 上午 spec.jbb.JBBmain DoARun -> 信息:   started user thread for Warehouse 1
2月 12, 2026 12:54:51 上午 spec.jbb.JBBmain DoARun -> 信息:   started user thread for Warehouse 2
2月 12, 2026 12:54:51 上午 spec.jbb.JBBmain DoARun -> 信息:   started user thread for Warehouse 3
2月 12, 2026 12:54:51 上午 spec.jbb.JBBmain DoARun -> 信息:   started user thread for Warehouse 4
2月 12, 2026 12:54:51 上午 spec.jbb.JBBmain DoARun -> 信息:   started user thread for Warehouse 5
2月 12, 2026 12:54:51 上午 spec.jbb.JBBmain DoARun -> 信息:   started user thread for Warehouse 6
2月 12, 2026 12:54:51 上午 spec.jbb.JBBmain DoARun -> 信息:   started user thread for Warehouse 7
2月 12, 2026 12:54:51 上午 spec.jbb.JBBmain DoARun -> 信息:   started user thread for Warehouse 8
2月 12, 2026 12:54:51 上午 spec.jbb.JBBmain DoARun -> 信息:   started user thread for Warehouse 9
2月 12, 2026 12:54:51 上午 spec.jbb.JBBmain DoARun -> 信息:   started user thread for Warehouse 10
2月 12, 2026 12:54:51 上午 spec.jbb.JBBmain DoARun -> 信息:   started user thread for Warehouse 11
2月 12, 2026 12:54:51 上午 spec.jbb.JBBmain DoARun -> 信息:   started user thread for Warehouse 12
2月 12, 2026 12:54:51 上午 spec.jbb.JBBmain DoARun -> 信息:   started user thread for Warehouse 13
2月 12, 2026 12:54:51 上午 spec.jbb.JBBmain DoARun -> 信息:   started user thread for Warehouse 14
2月 12, 2026 12:54:51 上午 spec.jbb.JBBmain DoARun -> 信息:   started user thread for Warehouse 15
2月 12, 2026 12:54:51 上午 spec.jbb.JBBmain DoARun -> 信息:   started user thread for Warehouse 16
2月 12, 2026 12:54:51 上午 spec.jbb.JBBmain DoARun -> 信息:   started user thread for Warehouse 17
2月 12, 2026 12:54:51 上午 spec.jbb.JBBmain DoARun -> 信息:   started user thread for Warehouse 18
2月 12, 2026 12:54:51 上午 spec.jbb.JBBmain DoARun -> 信息:   started user thread for Warehouse 19
2月 12, 2026 12:54:51 上午 spec.jbb.JBBmain DoARun -> 信息:   started user thread for Warehouse 20
2月 12, 2026 12:54:51 上午 spec.jbb.JBBmain DoARun -> 信息:   started user thread for Warehouse 21
2月 12, 2026 12:54:51 上午 spec.jbb.JBBmain DoARun -> 信息:   started user thread for Warehouse 22
2月 12, 2026 12:54:51 上午 spec.jbb.JBBmain DoARun -> 信息:   started user thread for Warehouse 23
2月 12, 2026 12:54:51 上午 spec.jbb.JBBmain DoARun -> 信息:   started user thread for Warehouse 24
2月 12, 2026 12:54:51 上午 spec.jbb.JBBmain DoARun -> 信息:   started user thread for Warehouse 25
2月 12, 2026 12:54:51 上午 spec.jbb.JBBmain DoARun -> 信息:   started user thread for Warehouse 26
2月 12, 2026 12:54:51 上午 spec.jbb.JBBmain DoARun -> 信息:   started user thread for Warehouse 27
2月 12, 2026 12:54:51 上午 spec.jbb.JBBmain DoARun -> 信息:   started user thread for Warehouse 28
2月 12, 2026 12:54:51 上午 spec.jbb.JBBmain DoARun -> 信息:   started user thread for Warehouse 29
2月 12, 2026 12:54:51 上午 spec.jbb.JBBmain DoARun -> 信息:   started user thread for Warehouse 30
2月 12, 2026 12:54:51 上午 spec.jbb.JBBmain DoARun -> 信息:   started user thread for Warehouse 31
2月 12, 2026 12:54:51 上午 spec.jbb.JBBmain DoARun -> 信息:   started user thread for Warehouse 32
2月 12, 2026 12:54:51 上午 spec.jbb.JBBmain DoARun -> 信息:   started user thread for Warehouse 33
2月 12, 2026 12:54:51 上午 spec.jbb.JBBmain DoARun -> 信息:   started user thread for Warehouse 34
2月 12, 2026 12:54:51 上午 spec.jbb.JBBmain DoARun -> 信息:   started user thread for Warehouse 35
2月 12, 2026 12:54:51 上午 spec.jbb.JBBmain DoARun -> 信息:   started user thread for Warehouse 36
2月 12, 2026 12:54:51 上午 spec.jbb.Company displayResultTotals -> 信息: Timing Measurement began Thu Feb 12 00:54:51 CST 2026 for 0.5 minutes
2月 12, 2026 12:55:21 上午 spec.jbb.Company displayResultTotals -> 信息: Timing Measurement ended Thu Feb 12 00:55:21 CST 2026
2月 12, 2026 12:55:21 上午 spec.jbb.Company primeWithDummyData -> 信息: Loading Warehouse 37...
2月 12, 2026 12:55:21 上午 spec.jbb.JBBmain DoARun -> 信息: Start User Threads
2月 12, 2026 12:55:21 上午 spec.jbb.JBBmain DoARun -> 信息:   started user thread for Warehouse 1
2月 12, 2026 12:55:21 上午 spec.jbb.JBBmain DoARun -> 信息:   started user thread for Warehouse 2
2月 12, 2026 12:55:21 上午 spec.jbb.JBBmain DoARun -> 信息:   started user thread for Warehouse 3
2月 12, 2026 12:55:21 上午 spec.jbb.JBBmain DoARun -> 信息:   started user thread for Warehouse 4
2月 12, 2026 12:55:21 上午 spec.jbb.JBBmain DoARun -> 信息:   started user thread for Warehouse 5
2月 12, 2026 12:55:21 上午 spec.jbb.JBBmain DoARun -> 信息:   started user thread for Warehouse 6
2月 12, 2026 12:55:21 上午 spec.jbb.JBBmain DoARun -> 信息:   started user thread for Warehouse 7
2月 12, 2026 12:55:21 上午 spec.jbb.JBBmain DoARun -> 信息:   started user thread for Warehouse 8
2月 12, 2026 12:55:21 上午 spec.jbb.JBBmain DoARun -> 信息:   started user thread for Warehouse 9
2月 12, 2026 12:55:21 上午 spec.jbb.JBBmain DoARun -> 信息:   started user thread for Warehouse 10
2月 12, 2026 12:55:21 上午 spec.jbb.JBBmain DoARun -> 信息:   started user thread for Warehouse 11
2月 12, 2026 12:55:21 上午 spec.jbb.JBBmain DoARun -> 信息:   started user thread for Warehouse 12
2月 12, 2026 12:55:21 上午 spec.jbb.JBBmain DoARun -> 信息:   started user thread for Warehouse 13
2月 12, 2026 12:55:21 上午 spec.jbb.JBBmain DoARun -> 信息:   started user thread for Warehouse 14
2月 12, 2026 12:55:21 上午 spec.jbb.JBBmain DoARun -> 信息:   started user thread for Warehouse 15
2月 12, 2026 12:55:21 上午 spec.jbb.JBBmain DoARun -> 信息:   started user thread for Warehouse 16
2月 12, 2026 12:55:21 上午 spec.jbb.JBBmain DoARun -> 信息:   started user thread for Warehouse 17
2月 12, 2026 12:55:21 上午 spec.jbb.JBBmain DoARun -> 信息:   started user thread for Warehouse 18
2月 12, 2026 12:55:21 上午 spec.jbb.JBBmain DoARun -> 信息:   started user thread for Warehouse 19
2月 12, 2026 12:55:21 上午 spec.jbb.JBBmain DoARun -> 信息:   started user thread for Warehouse 20
2月 12, 2026 12:55:21 上午 spec.jbb.JBBmain DoARun -> 信息:   started user thread for Warehouse 21
2月 12, 2026 12:55:21 上午 spec.jbb.JBBmain DoARun -> 信息:   started user thread for Warehouse 22
2月 12, 2026 12:55:21 上午 spec.jbb.JBBmain DoARun -> 信息:   started user thread for Warehouse 23
2月 12, 2026 12:55:21 上午 spec.jbb.JBBmain DoARun -> 信息:   started user thread for Warehouse 24
2月 12, 2026 12:55:21 上午 spec.jbb.JBBmain DoARun -> 信息:   started user thread for Warehouse 25
2月 12, 2026 12:55:21 上午 spec.jbb.JBBmain DoARun -> 信息:   started user thread for Warehouse 26
2月 12, 2026 12:55:21 上午 spec.jbb.JBBmain DoARun -> 信息:   started user thread for Warehouse 27
2月 12, 2026 12:55:21 上午 spec.jbb.JBBmain DoARun -> 信息:   started user thread for Warehouse 28
2月 12, 2026 12:55:21 上午 spec.jbb.JBBmain DoARun -> 信息:   started user thread for Warehouse 29
2月 12, 2026 12:55:21 上午 spec.jbb.JBBmain DoARun -> 信息:   started user thread for Warehouse 30
2月 12, 2026 12:55:21 上午 spec.jbb.JBBmain DoARun -> 信息:   started user thread for Warehouse 31
2月 12, 2026 12:55:21 上午 spec.jbb.JBBmain DoARun -> 信息:   started user thread for Warehouse 32
2月 12, 2026 12:55:21 上午 spec.jbb.JBBmain DoARun -> 信息:   started user thread for Warehouse 33
2月 12, 2026 12:55:21 上午 spec.jbb.JBBmain DoARun -> 信息:   started user thread for Warehouse 34
2月 12, 2026 12:55:21 上午 spec.jbb.JBBmain DoARun -> 信息:   started user thread for Warehouse 35
2月 12, 2026 12:55:21 上午 spec.jbb.JBBmain DoARun -> 信息:   started user thread for Warehouse 36
2月 12, 2026 12:55:21 上午 spec.jbb.JBBmain DoARun -> 信息:   started user thread for Warehouse 37
2月 12, 2026 12:55:21 上午 spec.jbb.Company displayResultTotals -> 信息: Timing Measurement began Thu Feb 12 00:55:21 CST 2026 for 0.5 minutes
2月 12, 2026 12:55:51 上午 spec.jbb.Company displayResultTotals -> 信息: Timing Measurement ended Thu Feb 12 00:55:51 CST 2026
2月 12, 2026 12:55:51 上午 spec.jbb.Company primeWithDummyData -> 信息: Loading Warehouse 38...
2月 12, 2026 12:55:52 上午 spec.jbb.JBBmain DoARun -> 信息: Start User Threads
2月 12, 2026 12:55:52 上午 spec.jbb.JBBmain DoARun -> 信息:   started user thread for Warehouse 1
2月 12, 2026 12:55:52 上午 spec.jbb.JBBmain DoARun -> 信息:   started user thread for Warehouse 2
2月 12, 2026 12:55:52 上午 spec.jbb.JBBmain DoARun -> 信息:   started user thread for Warehouse 3
2月 12, 2026 12:55:52 上午 spec.jbb.JBBmain DoARun -> 信息:   started user thread for Warehouse 4
2月 12, 2026 12:55:52 上午 spec.jbb.JBBmain DoARun -> 信息:   started user thread for Warehouse 5
2月 12, 2026 12:55:52 上午 spec.jbb.JBBmain DoARun -> 信息:   started user thread for Warehouse 6
2月 12, 2026 12:55:52 上午 spec.jbb.JBBmain DoARun -> 信息:   started user thread for Warehouse 7
2月 12, 2026 12:55:52 上午 spec.jbb.JBBmain DoARun -> 信息:   started user thread for Warehouse 8
2月 12, 2026 12:55:52 上午 spec.jbb.JBBmain DoARun -> 信息:   started user thread for Warehouse 9
2月 12, 2026 12:55:52 上午 spec.jbb.JBBmain DoARun -> 信息:   started user thread for Warehouse 10
2月 12, 2026 12:55:52 上午 spec.jbb.JBBmain DoARun -> 信息:   started user thread for Warehouse 11
2月 12, 2026 12:55:52 上午 spec.jbb.JBBmain DoARun -> 信息:   started user thread for Warehouse 12
2月 12, 2026 12:55:52 上午 spec.jbb.JBBmain DoARun -> 信息:   started user thread for Warehouse 13
2月 12, 2026 12:55:52 上午 spec.jbb.JBBmain DoARun -> 信息:   started user thread for Warehouse 14
2月 12, 2026 12:55:52 上午 spec.jbb.JBBmain DoARun -> 信息:   started user thread for Warehouse 15
2月 12, 2026 12:55:52 上午 spec.jbb.JBBmain DoARun -> 信息:   started user thread for Warehouse 16
2月 12, 2026 12:55:52 上午 spec.jbb.JBBmain DoARun -> 信息:   started user thread for Warehouse 17
2月 12, 2026 12:55:52 上午 spec.jbb.JBBmain DoARun -> 信息:   started user thread for Warehouse 18
2月 12, 2026 12:55:52 上午 spec.jbb.JBBmain DoARun -> 信息:   started user thread for Warehouse 19
2月 12, 2026 12:55:52 上午 spec.jbb.JBBmain DoARun -> 信息:   started user thread for Warehouse 20
2月 12, 2026 12:55:52 上午 spec.jbb.JBBmain DoARun -> 信息:   started user thread for Warehouse 21
2月 12, 2026 12:55:52 上午 spec.jbb.JBBmain DoARun -> 信息:   started user thread for Warehouse 22
2月 12, 2026 12:55:52 上午 spec.jbb.JBBmain DoARun -> 信息:   started user thread for Warehouse 23
2月 12, 2026 12:55:52 上午 spec.jbb.JBBmain DoARun -> 信息:   started user thread for Warehouse 24
2月 12, 2026 12:55:52 上午 spec.jbb.JBBmain DoARun -> 信息:   started user thread for Warehouse 25
2月 12, 2026 12:55:52 上午 spec.jbb.JBBmain DoARun -> 信息:   started user thread for Warehouse 26
2月 12, 2026 12:55:52 上午 spec.jbb.JBBmain DoARun -> 信息:   started user thread for Warehouse 27
2月 12, 2026 12:55:52 上午 spec.jbb.JBBmain DoARun -> 信息:   started user thread for Warehouse 28
2月 12, 2026 12:55:52 上午 spec.jbb.JBBmain DoARun -> 信息:   started user thread for Warehouse 29
2月 12, 2026 12:55:52 上午 spec.jbb.JBBmain DoARun -> 信息:   started user thread for Warehouse 30
2月 12, 2026 12:55:52 上午 spec.jbb.JBBmain DoARun -> 信息:   started user thread for Warehouse 31
2月 12, 2026 12:55:52 上午 spec.jbb.JBBmain DoARun -> 信息:   started user thread for Warehouse 32
2月 12, 2026 12:55:52 上午 spec.jbb.JBBmain DoARun -> 信息:   started user thread for Warehouse 33
2月 12, 2026 12:55:52 上午 spec.jbb.JBBmain DoARun -> 信息:   started user thread for Warehouse 34
2月 12, 2026 12:55:52 上午 spec.jbb.JBBmain DoARun -> 信息:   started user thread for Warehouse 35
2月 12, 2026 12:55:52 上午 spec.jbb.JBBmain DoARun -> 信息:   started user thread for Warehouse 36
2月 12, 2026 12:55:52 上午 spec.jbb.JBBmain DoARun -> 信息:   started user thread for Warehouse 37
2月 12, 2026 12:55:52 上午 spec.jbb.JBBmain DoARun -> 信息:   started user thread for Warehouse 38
2月 12, 2026 12:55:52 上午 spec.jbb.Company displayResultTotals -> 信息: Timing Measurement began Thu Feb 12 00:55:52 CST 2026 for 0.5 minutes
2月 12, 2026 12:56:22 上午 spec.jbb.Company displayResultTotals -> 信息: Timing Measurement ended Thu Feb 12 00:56:22 CST 2026
2月 12, 2026 12:56:22 上午 spec.jbb.Company primeWithDummyData -> 信息: Loading Warehouse 39...
2月 12, 2026 12:56:22 上午 spec.jbb.JBBmain DoARun -> 信息: Start User Threads
2月 12, 2026 12:56:22 上午 spec.jbb.JBBmain DoARun -> 信息:   started user thread for Warehouse 1
2月 12, 2026 12:56:22 上午 spec.jbb.JBBmain DoARun -> 信息:   started user thread for Warehouse 2
2月 12, 2026 12:56:22 上午 spec.jbb.JBBmain DoARun -> 信息:   started user thread for Warehouse 3
2月 12, 2026 12:56:22 上午 spec.jbb.JBBmain DoARun -> 信息:   started user thread for Warehouse 4
2月 12, 2026 12:56:22 上午 spec.jbb.JBBmain DoARun -> 信息:   started user thread for Warehouse 5
2月 12, 2026 12:56:22 上午 spec.jbb.JBBmain DoARun -> 信息:   started user thread for Warehouse 6
2月 12, 2026 12:56:22 上午 spec.jbb.JBBmain DoARun -> 信息:   started user thread for Warehouse 7
2月 12, 2026 12:56:22 上午 spec.jbb.JBBmain DoARun -> 信息:   started user thread for Warehouse 8
2月 12, 2026 12:56:22 上午 spec.jbb.JBBmain DoARun -> 信息:   started user thread for Warehouse 9
2月 12, 2026 12:56:22 上午 spec.jbb.JBBmain DoARun -> 信息:   started user thread for Warehouse 10
2月 12, 2026 12:56:22 上午 spec.jbb.JBBmain DoARun -> 信息:   started user thread for Warehouse 11
2月 12, 2026 12:56:22 上午 spec.jbb.JBBmain DoARun -> 信息:   started user thread for Warehouse 12
2月 12, 2026 12:56:22 上午 spec.jbb.JBBmain DoARun -> 信息:   started user thread for Warehouse 13
2月 12, 2026 12:56:22 上午 spec.jbb.JBBmain DoARun -> 信息:   started user thread for Warehouse 14
2月 12, 2026 12:56:22 上午 spec.jbb.JBBmain DoARun -> 信息:   started user thread for Warehouse 15
2月 12, 2026 12:56:22 上午 spec.jbb.JBBmain DoARun -> 信息:   started user thread for Warehouse 16
2月 12, 2026 12:56:22 上午 spec.jbb.JBBmain DoARun -> 信息:   started user thread for Warehouse 17
2月 12, 2026 12:56:22 上午 spec.jbb.JBBmain DoARun -> 信息:   started user thread for Warehouse 18
2月 12, 2026 12:56:22 上午 spec.jbb.JBBmain DoARun -> 信息:   started user thread for Warehouse 19
2月 12, 2026 12:56:22 上午 spec.jbb.JBBmain DoARun -> 信息:   started user thread for Warehouse 20
2月 12, 2026 12:56:22 上午 spec.jbb.JBBmain DoARun -> 信息:   started user thread for Warehouse 21
2月 12, 2026 12:56:22 上午 spec.jbb.JBBmain DoARun -> 信息:   started user thread for Warehouse 22
2月 12, 2026 12:56:22 上午 spec.jbb.JBBmain DoARun -> 信息:   started user thread for Warehouse 23
2月 12, 2026 12:56:22 上午 spec.jbb.JBBmain DoARun -> 信息:   started user thread for Warehouse 24
2月 12, 2026 12:56:22 上午 spec.jbb.JBBmain DoARun -> 信息:   started user thread for Warehouse 25
2月 12, 2026 12:56:22 上午 spec.jbb.JBBmain DoARun -> 信息:   started user thread for Warehouse 26
2月 12, 2026 12:56:22 上午 spec.jbb.JBBmain DoARun -> 信息:   started user thread for Warehouse 27
2月 12, 2026 12:56:22 上午 spec.jbb.JBBmain DoARun -> 信息:   started user thread for Warehouse 28
2月 12, 2026 12:56:22 上午 spec.jbb.JBBmain DoARun -> 信息:   started user thread for Warehouse 29
2月 12, 2026 12:56:22 上午 spec.jbb.JBBmain DoARun -> 信息:   started user thread for Warehouse 30
2月 12, 2026 12:56:22 上午 spec.jbb.JBBmain DoARun -> 信息:   started user thread for Warehouse 31
2月 12, 2026 12:56:22 上午 spec.jbb.JBBmain DoARun -> 信息:   started user thread for Warehouse 32
2月 12, 2026 12:56:22 上午 spec.jbb.JBBmain DoARun -> 信息:   started user thread for Warehouse 33
2月 12, 2026 12:56:22 上午 spec.jbb.JBBmain DoARun -> 信息:   started user thread for Warehouse 34
2月 12, 2026 12:56:22 上午 spec.jbb.JBBmain DoARun -> 信息:   started user thread for Warehouse 35
2月 12, 2026 12:56:22 上午 spec.jbb.JBBmain DoARun -> 信息:   started user thread for Warehouse 36
2月 12, 2026 12:56:22 上午 spec.jbb.JBBmain DoARun -> 信息:   started user thread for Warehouse 37
2月 12, 2026 12:56:22 上午 spec.jbb.JBBmain DoARun -> 信息:   started user thread for Warehouse 38
2月 12, 2026 12:56:22 上午 spec.jbb.JBBmain DoARun -> 信息:   started user thread for Warehouse 39
2月 12, 2026 12:56:22 上午 spec.jbb.Company displayResultTotals -> 信息: Timing Measurement began Thu Feb 12 00:56:22 CST 2026 for 0.5 minutes
2月 12, 2026 12:56:52 上午 spec.jbb.Company displayResultTotals -> 信息: Timing Measurement ended Thu Feb 12 00:56:52 CST 2026
2月 12, 2026 12:56:52 上午 spec.jbb.Company primeWithDummyData -> 信息: Loading Warehouse 40...
2月 12, 2026 12:56:52 上午 spec.jbb.JBBmain DoARun -> 信息: Start User Threads
2月 12, 2026 12:56:52 上午 spec.jbb.JBBmain DoARun -> 信息:   started user thread for Warehouse 1
2月 12, 2026 12:56:52 上午 spec.jbb.JBBmain DoARun -> 信息:   started user thread for Warehouse 2
2月 12, 2026 12:56:52 上午 spec.jbb.JBBmain DoARun -> 信息:   started user thread for Warehouse 3
2月 12, 2026 12:56:52 上午 spec.jbb.JBBmain DoARun -> 信息:   started user thread for Warehouse 4
2月 12, 2026 12:56:52 上午 spec.jbb.JBBmain DoARun -> 信息:   started user thread for Warehouse 5
2月 12, 2026 12:56:52 上午 spec.jbb.JBBmain DoARun -> 信息:   started user thread for Warehouse 6
2月 12, 2026 12:56:52 上午 spec.jbb.JBBmain DoARun -> 信息:   started user thread for Warehouse 7
2月 12, 2026 12:56:52 上午 spec.jbb.JBBmain DoARun -> 信息:   started user thread for Warehouse 8
2月 12, 2026 12:56:52 上午 spec.jbb.JBBmain DoARun -> 信息:   started user thread for Warehouse 9
2月 12, 2026 12:56:52 上午 spec.jbb.JBBmain DoARun -> 信息:   started user thread for Warehouse 10
2月 12, 2026 12:56:52 上午 spec.jbb.JBBmain DoARun -> 信息:   started user thread for Warehouse 11
2月 12, 2026 12:56:52 上午 spec.jbb.JBBmain DoARun -> 信息:   started user thread for Warehouse 12
2月 12, 2026 12:56:52 上午 spec.jbb.JBBmain DoARun -> 信息:   started user thread for Warehouse 13
2月 12, 2026 12:56:52 上午 spec.jbb.JBBmain DoARun -> 信息:   started user thread for Warehouse 14
2月 12, 2026 12:56:52 上午 spec.jbb.JBBmain DoARun -> 信息:   started user thread for Warehouse 15
2月 12, 2026 12:56:52 上午 spec.jbb.JBBmain DoARun -> 信息:   started user thread for Warehouse 16
2月 12, 2026 12:56:52 上午 spec.jbb.JBBmain DoARun -> 信息:   started user thread for Warehouse 17
2月 12, 2026 12:56:52 上午 spec.jbb.JBBmain DoARun -> 信息:   started user thread for Warehouse 18
2月 12, 2026 12:56:52 上午 spec.jbb.JBBmain DoARun -> 信息:   started user thread for Warehouse 19
2月 12, 2026 12:56:52 上午 spec.jbb.JBBmain DoARun -> 信息:   started user thread for Warehouse 20
2月 12, 2026 12:56:52 上午 spec.jbb.JBBmain DoARun -> 信息:   started user thread for Warehouse 21
2月 12, 2026 12:56:52 上午 spec.jbb.JBBmain DoARun -> 信息:   started user thread for Warehouse 22
2月 12, 2026 12:56:52 上午 spec.jbb.JBBmain DoARun -> 信息:   started user thread for Warehouse 23
2月 12, 2026 12:56:52 上午 spec.jbb.JBBmain DoARun -> 信息:   started user thread for Warehouse 24
2月 12, 2026 12:56:52 上午 spec.jbb.JBBmain DoARun -> 信息:   started user thread for Warehouse 25
2月 12, 2026 12:56:52 上午 spec.jbb.JBBmain DoARun -> 信息:   started user thread for Warehouse 26
2月 12, 2026 12:56:52 上午 spec.jbb.JBBmain DoARun -> 信息:   started user thread for Warehouse 27
2月 12, 2026 12:56:52 上午 spec.jbb.JBBmain DoARun -> 信息:   started user thread for Warehouse 28
2月 12, 2026 12:56:52 上午 spec.jbb.JBBmain DoARun -> 信息:   started user thread for Warehouse 29
2月 12, 2026 12:56:52 上午 spec.jbb.JBBmain DoARun -> 信息:   started user thread for Warehouse 30
2月 12, 2026 12:56:52 上午 spec.jbb.JBBmain DoARun -> 信息:   started user thread for Warehouse 31
2月 12, 2026 12:56:52 上午 spec.jbb.JBBmain DoARun -> 信息:   started user thread for Warehouse 32
2月 12, 2026 12:56:52 上午 spec.jbb.JBBmain DoARun -> 信息:   started user thread for Warehouse 33
2月 12, 2026 12:56:52 上午 spec.jbb.JBBmain DoARun -> 信息:   started user thread for Warehouse 34
2月 12, 2026 12:56:52 上午 spec.jbb.JBBmain DoARun -> 信息:   started user thread for Warehouse 35
2月 12, 2026 12:56:52 上午 spec.jbb.JBBmain DoARun -> 信息:   started user thread for Warehouse 36
2月 12, 2026 12:56:52 上午 spec.jbb.JBBmain DoARun -> 信息:   started user thread for Warehouse 37
2月 12, 2026 12:56:52 上午 spec.jbb.JBBmain DoARun -> 信息:   started user thread for Warehouse 38
2月 12, 2026 12:56:52 上午 spec.jbb.JBBmain DoARun -> 信息:   started user thread for Warehouse 39
2月 12, 2026 12:56:52 上午 spec.jbb.JBBmain DoARun -> 信息:   started user thread for Warehouse 40
2月 12, 2026 12:56:52 上午 spec.jbb.Company displayResultTotals -> 信息: Timing Measurement began Thu Feb 12 00:56:52 CST 2026 for 0.5 minutes
2月 12, 2026 12:57:22 上午 spec.jbb.Company displayResultTotals -> 信息: Timing Measurement ended Thu Feb 12 00:57:22 CST 2026
2月 12, 2026 12:57:22 上午 spec.jbb.Company primeWithDummyData -> 信息: Loading Warehouse 41...
2月 12, 2026 12:57:23 上午 spec.jbb.JBBmain DoARun -> 信息: Start User Threads
2月 12, 2026 12:57:23 上午 spec.jbb.JBBmain DoARun -> 信息:   started user thread for Warehouse 1
2月 12, 2026 12:57:23 上午 spec.jbb.JBBmain DoARun -> 信息:   started user thread for Warehouse 2
2月 12, 2026 12:57:23 上午 spec.jbb.JBBmain DoARun -> 信息:   started user thread for Warehouse 3
2月 12, 2026 12:57:23 上午 spec.jbb.JBBmain DoARun -> 信息:   started user thread for Warehouse 4
2月 12, 2026 12:57:23 上午 spec.jbb.JBBmain DoARun -> 信息:   started user thread for Warehouse 5
2月 12, 2026 12:57:23 上午 spec.jbb.JBBmain DoARun -> 信息:   started user thread for Warehouse 6
2月 12, 2026 12:57:23 上午 spec.jbb.JBBmain DoARun -> 信息:   started user thread for Warehouse 7
2月 12, 2026 12:57:23 上午 spec.jbb.JBBmain DoARun -> 信息:   started user thread for Warehouse 8
2月 12, 2026 12:57:23 上午 spec.jbb.JBBmain DoARun -> 信息:   started user thread for Warehouse 9
2月 12, 2026 12:57:23 上午 spec.jbb.JBBmain DoARun -> 信息:   started user thread for Warehouse 10
2月 12, 2026 12:57:23 上午 spec.jbb.JBBmain DoARun -> 信息:   started user thread for Warehouse 11
2月 12, 2026 12:57:23 上午 spec.jbb.JBBmain DoARun -> 信息:   started user thread for Warehouse 12
2月 12, 2026 12:57:23 上午 spec.jbb.JBBmain DoARun -> 信息:   started user thread for Warehouse 13
2月 12, 2026 12:57:23 上午 spec.jbb.JBBmain DoARun -> 信息:   started user thread for Warehouse 14
2月 12, 2026 12:57:23 上午 spec.jbb.JBBmain DoARun -> 信息:   started user thread for Warehouse 15
2月 12, 2026 12:57:23 上午 spec.jbb.JBBmain DoARun -> 信息:   started user thread for Warehouse 16
2月 12, 2026 12:57:23 上午 spec.jbb.JBBmain DoARun -> 信息:   started user thread for Warehouse 17
2月 12, 2026 12:57:23 上午 spec.jbb.JBBmain DoARun -> 信息:   started user thread for Warehouse 18
2月 12, 2026 12:57:23 上午 spec.jbb.JBBmain DoARun -> 信息:   started user thread for Warehouse 19
2月 12, 2026 12:57:23 上午 spec.jbb.JBBmain DoARun -> 信息:   started user thread for Warehouse 20
2月 12, 2026 12:57:23 上午 spec.jbb.JBBmain DoARun -> 信息:   started user thread for Warehouse 21
2月 12, 2026 12:57:23 上午 spec.jbb.JBBmain DoARun -> 信息:   started user thread for Warehouse 22
2月 12, 2026 12:57:23 上午 spec.jbb.JBBmain DoARun -> 信息:   started user thread for Warehouse 23
2月 12, 2026 12:57:23 上午 spec.jbb.JBBmain DoARun -> 信息:   started user thread for Warehouse 24
2月 12, 2026 12:57:23 上午 spec.jbb.JBBmain DoARun -> 信息:   started user thread for Warehouse 25
2月 12, 2026 12:57:23 上午 spec.jbb.JBBmain DoARun -> 信息:   started user thread for Warehouse 26
2月 12, 2026 12:57:23 上午 spec.jbb.JBBmain DoARun -> 信息:   started user thread for Warehouse 27
2月 12, 2026 12:57:23 上午 spec.jbb.JBBmain DoARun -> 信息:   started user thread for Warehouse 28
2月 12, 2026 12:57:23 上午 spec.jbb.JBBmain DoARun -> 信息:   started user thread for Warehouse 29
2月 12, 2026 12:57:23 上午 spec.jbb.JBBmain DoARun -> 信息:   started user thread for Warehouse 30
2月 12, 2026 12:57:23 上午 spec.jbb.JBBmain DoARun -> 信息:   started user thread for Warehouse 31
2月 12, 2026 12:57:23 上午 spec.jbb.JBBmain DoARun -> 信息:   started user thread for Warehouse 32
2月 12, 2026 12:57:23 上午 spec.jbb.JBBmain DoARun -> 信息:   started user thread for Warehouse 33
2月 12, 2026 12:57:23 上午 spec.jbb.JBBmain DoARun -> 信息:   started user thread for Warehouse 34
2月 12, 2026 12:57:23 上午 spec.jbb.JBBmain DoARun -> 信息:   started user thread for Warehouse 35
2月 12, 2026 12:57:23 上午 spec.jbb.JBBmain DoARun -> 信息:   started user thread for Warehouse 36
2月 12, 2026 12:57:23 上午 spec.jbb.JBBmain DoARun -> 信息:   started user thread for Warehouse 37
2月 12, 2026 12:57:23 上午 spec.jbb.JBBmain DoARun -> 信息:   started user thread for Warehouse 38
2月 12, 2026 12:57:23 上午 spec.jbb.JBBmain DoARun -> 信息:   started user thread for Warehouse 39
2月 12, 2026 12:57:23 上午 spec.jbb.JBBmain DoARun -> 信息:   started user thread for Warehouse 40
2月 12, 2026 12:57:23 上午 spec.jbb.JBBmain DoARun -> 信息:   started user thread for Warehouse 41
2月 12, 2026 12:57:23 上午 spec.jbb.Company displayResultTotals -> 信息: Timing Measurement began Thu Feb 12 00:57:23 CST 2026 for 0.5 minutes
2月 12, 2026 12:57:53 上午 spec.jbb.Company displayResultTotals -> 信息: Timing Measurement ended Thu Feb 12 00:57:53 CST 2026
2月 12, 2026 12:57:53 上午 spec.jbb.Company primeWithDummyData -> 信息: Loading Warehouse 42...
2月 12, 2026 12:57:53 上午 spec.jbb.JBBmain DoARun -> 信息: Start User Threads
2月 12, 2026 12:57:53 上午 spec.jbb.JBBmain DoARun -> 信息:   started user thread for Warehouse 1
2月 12, 2026 12:57:53 上午 spec.jbb.JBBmain DoARun -> 信息:   started user thread for Warehouse 2
2月 12, 2026 12:57:53 上午 spec.jbb.JBBmain DoARun -> 信息:   started user thread for Warehouse 3
2月 12, 2026 12:57:53 上午 spec.jbb.JBBmain DoARun -> 信息:   started user thread for Warehouse 4
2月 12, 2026 12:57:53 上午 spec.jbb.JBBmain DoARun -> 信息:   started user thread for Warehouse 5
2月 12, 2026 12:57:53 上午 spec.jbb.JBBmain DoARun -> 信息:   started user thread for Warehouse 6
2月 12, 2026 12:57:53 上午 spec.jbb.JBBmain DoARun -> 信息:   started user thread for Warehouse 7
2月 12, 2026 12:57:53 上午 spec.jbb.JBBmain DoARun -> 信息:   started user thread for Warehouse 8
2月 12, 2026 12:57:53 上午 spec.jbb.JBBmain DoARun -> 信息:   started user thread for Warehouse 9
2月 12, 2026 12:57:53 上午 spec.jbb.JBBmain DoARun -> 信息:   started user thread for Warehouse 10
2月 12, 2026 12:57:53 上午 spec.jbb.JBBmain DoARun -> 信息:   started user thread for Warehouse 11
2月 12, 2026 12:57:53 上午 spec.jbb.JBBmain DoARun -> 信息:   started user thread for Warehouse 12
2月 12, 2026 12:57:53 上午 spec.jbb.JBBmain DoARun -> 信息:   started user thread for Warehouse 13
2月 12, 2026 12:57:53 上午 spec.jbb.JBBmain DoARun -> 信息:   started user thread for Warehouse 14
2月 12, 2026 12:57:53 上午 spec.jbb.JBBmain DoARun -> 信息:   started user thread for Warehouse 15
2月 12, 2026 12:57:53 上午 spec.jbb.JBBmain DoARun -> 信息:   started user thread for Warehouse 16
2月 12, 2026 12:57:53 上午 spec.jbb.JBBmain DoARun -> 信息:   started user thread for Warehouse 17
2月 12, 2026 12:57:53 上午 spec.jbb.JBBmain DoARun -> 信息:   started user thread for Warehouse 18
2月 12, 2026 12:57:53 上午 spec.jbb.JBBmain DoARun -> 信息:   started user thread for Warehouse 19
2月 12, 2026 12:57:53 上午 spec.jbb.JBBmain DoARun -> 信息:   started user thread for Warehouse 20
2月 12, 2026 12:57:53 上午 spec.jbb.JBBmain DoARun -> 信息:   started user thread for Warehouse 21
2月 12, 2026 12:57:53 上午 spec.jbb.JBBmain DoARun -> 信息:   started user thread for Warehouse 22
2月 12, 2026 12:57:53 上午 spec.jbb.JBBmain DoARun -> 信息:   started user thread for Warehouse 23
2月 12, 2026 12:57:53 上午 spec.jbb.JBBmain DoARun -> 信息:   started user thread for Warehouse 24
2月 12, 2026 12:57:53 上午 spec.jbb.JBBmain DoARun -> 信息:   started user thread for Warehouse 25
2月 12, 2026 12:57:53 上午 spec.jbb.JBBmain DoARun -> 信息:   started user thread for Warehouse 26
2月 12, 2026 12:57:53 上午 spec.jbb.JBBmain DoARun -> 信息:   started user thread for Warehouse 27
2月 12, 2026 12:57:53 上午 spec.jbb.JBBmain DoARun -> 信息:   started user thread for Warehouse 28
2月 12, 2026 12:57:53 上午 spec.jbb.JBBmain DoARun -> 信息:   started user thread for Warehouse 29
2月 12, 2026 12:57:53 上午 spec.jbb.JBBmain DoARun -> 信息:   started user thread for Warehouse 30
2月 12, 2026 12:57:53 上午 spec.jbb.JBBmain DoARun -> 信息:   started user thread for Warehouse 31
2月 12, 2026 12:57:53 上午 spec.jbb.JBBmain DoARun -> 信息:   started user thread for Warehouse 32
2月 12, 2026 12:57:53 上午 spec.jbb.JBBmain DoARun -> 信息:   started user thread for Warehouse 33
2月 12, 2026 12:57:53 上午 spec.jbb.JBBmain DoARun -> 信息:   started user thread for Warehouse 34
2月 12, 2026 12:57:53 上午 spec.jbb.JBBmain DoARun -> 信息:   started user thread for Warehouse 35
2月 12, 2026 12:57:53 上午 spec.jbb.JBBmain DoARun -> 信息:   started user thread for Warehouse 36
2月 12, 2026 12:57:53 上午 spec.jbb.JBBmain DoARun -> 信息:   started user thread for Warehouse 37
2月 12, 2026 12:57:53 上午 spec.jbb.JBBmain DoARun -> 信息:   started user thread for Warehouse 38
2月 12, 2026 12:57:53 上午 spec.jbb.JBBmain DoARun -> 信息:   started user thread for Warehouse 39
2月 12, 2026 12:57:53 上午 spec.jbb.JBBmain DoARun -> 信息:   started user thread for Warehouse 40
2月 12, 2026 12:57:53 上午 spec.jbb.JBBmain DoARun -> 信息:   started user thread for Warehouse 41
2月 12, 2026 12:57:53 上午 spec.jbb.JBBmain DoARun -> 信息:   started user thread for Warehouse 42
2月 12, 2026 12:57:53 上午 spec.jbb.Company displayResultTotals -> 信息: Timing Measurement began Thu Feb 12 00:57:53 CST 2026 for 0.5 minutes
2月 12, 2026 12:58:23 上午 spec.jbb.Company displayResultTotals -> 信息: Timing Measurement ended Thu Feb 12 00:58:23 CST 2026
2月 12, 2026 12:58:23 上午 spec.jbb.Company primeWithDummyData -> 信息: Loading Warehouse 43...
2月 12, 2026 12:58:23 上午 spec.jbb.JBBmain DoARun -> 信息: Start User Threads
2月 12, 2026 12:58:23 上午 spec.jbb.JBBmain DoARun -> 信息:   started user thread for Warehouse 1
2月 12, 2026 12:58:23 上午 spec.jbb.JBBmain DoARun -> 信息:   started user thread for Warehouse 2
2月 12, 2026 12:58:23 上午 spec.jbb.JBBmain DoARun -> 信息:   started user thread for Warehouse 3
2月 12, 2026 12:58:23 上午 spec.jbb.JBBmain DoARun -> 信息:   started user thread for Warehouse 4
2月 12, 2026 12:58:23 上午 spec.jbb.JBBmain DoARun -> 信息:   started user thread for Warehouse 5
2月 12, 2026 12:58:23 上午 spec.jbb.JBBmain DoARun -> 信息:   started user thread for Warehouse 6
2月 12, 2026 12:58:23 上午 spec.jbb.JBBmain DoARun -> 信息:   started user thread for Warehouse 7
2月 12, 2026 12:58:23 上午 spec.jbb.JBBmain DoARun -> 信息:   started user thread for Warehouse 8
2月 12, 2026 12:58:23 上午 spec.jbb.JBBmain DoARun -> 信息:   started user thread for Warehouse 9
2月 12, 2026 12:58:23 上午 spec.jbb.JBBmain DoARun -> 信息:   started user thread for Warehouse 10
2月 12, 2026 12:58:23 上午 spec.jbb.JBBmain DoARun -> 信息:   started user thread for Warehouse 11
2月 12, 2026 12:58:23 上午 spec.jbb.JBBmain DoARun -> 信息:   started user thread for Warehouse 12
2月 12, 2026 12:58:23 上午 spec.jbb.JBBmain DoARun -> 信息:   started user thread for Warehouse 13
2月 12, 2026 12:58:23 上午 spec.jbb.JBBmain DoARun -> 信息:   started user thread for Warehouse 14
2月 12, 2026 12:58:23 上午 spec.jbb.JBBmain DoARun -> 信息:   started user thread for Warehouse 15
2月 12, 2026 12:58:23 上午 spec.jbb.JBBmain DoARun -> 信息:   started user thread for Warehouse 16
2月 12, 2026 12:58:23 上午 spec.jbb.JBBmain DoARun -> 信息:   started user thread for Warehouse 17
2月 12, 2026 12:58:23 上午 spec.jbb.JBBmain DoARun -> 信息:   started user thread for Warehouse 18
2月 12, 2026 12:58:23 上午 spec.jbb.JBBmain DoARun -> 信息:   started user thread for Warehouse 19
2月 12, 2026 12:58:23 上午 spec.jbb.JBBmain DoARun -> 信息:   started user thread for Warehouse 20
2月 12, 2026 12:58:23 上午 spec.jbb.JBBmain DoARun -> 信息:   started user thread for Warehouse 21
2月 12, 2026 12:58:23 上午 spec.jbb.JBBmain DoARun -> 信息:   started user thread for Warehouse 22
2月 12, 2026 12:58:23 上午 spec.jbb.JBBmain DoARun -> 信息:   started user thread for Warehouse 23
2月 12, 2026 12:58:23 上午 spec.jbb.JBBmain DoARun -> 信息:   started user thread for Warehouse 24
2月 12, 2026 12:58:23 上午 spec.jbb.JBBmain DoARun -> 信息:   started user thread for Warehouse 25
2月 12, 2026 12:58:23 上午 spec.jbb.JBBmain DoARun -> 信息:   started user thread for Warehouse 26
2月 12, 2026 12:58:23 上午 spec.jbb.JBBmain DoARun -> 信息:   started user thread for Warehouse 27
2月 12, 2026 12:58:23 上午 spec.jbb.JBBmain DoARun -> 信息:   started user thread for Warehouse 28
2月 12, 2026 12:58:23 上午 spec.jbb.JBBmain DoARun -> 信息:   started user thread for Warehouse 29
2月 12, 2026 12:58:23 上午 spec.jbb.JBBmain DoARun -> 信息:   started user thread for Warehouse 30
2月 12, 2026 12:58:23 上午 spec.jbb.JBBmain DoARun -> 信息:   started user thread for Warehouse 31
2月 12, 2026 12:58:23 上午 spec.jbb.JBBmain DoARun -> 信息:   started user thread for Warehouse 32
2月 12, 2026 12:58:23 上午 spec.jbb.JBBmain DoARun -> 信息:   started user thread for Warehouse 33
2月 12, 2026 12:58:23 上午 spec.jbb.JBBmain DoARun -> 信息:   started user thread for Warehouse 34
2月 12, 2026 12:58:23 上午 spec.jbb.JBBmain DoARun -> 信息:   started user thread for Warehouse 35
2月 12, 2026 12:58:23 上午 spec.jbb.JBBmain DoARun -> 信息:   started user thread for Warehouse 36
2月 12, 2026 12:58:23 上午 spec.jbb.JBBmain DoARun -> 信息:   started user thread for Warehouse 37
2月 12, 2026 12:58:23 上午 spec.jbb.JBBmain DoARun -> 信息:   started user thread for Warehouse 38
2月 12, 2026 12:58:23 上午 spec.jbb.JBBmain DoARun -> 信息:   started user thread for Warehouse 39
2月 12, 2026 12:58:23 上午 spec.jbb.JBBmain DoARun -> 信息:   started user thread for Warehouse 40
2月 12, 2026 12:58:23 上午 spec.jbb.JBBmain DoARun -> 信息:   started user thread for Warehouse 41
2月 12, 2026 12:58:23 上午 spec.jbb.JBBmain DoARun -> 信息:   started user thread for Warehouse 42
2月 12, 2026 12:58:23 上午 spec.jbb.JBBmain DoARun -> 信息:   started user thread for Warehouse 43
2月 12, 2026 12:58:23 上午 spec.jbb.Company displayResultTotals -> 信息: Timing Measurement began Thu Feb 12 00:58:23 CST 2026 for 0.5 minutes
2月 12, 2026 12:58:53 上午 spec.jbb.Company displayResultTotals -> 信息: Timing Measurement ended Thu Feb 12 00:58:53 CST 2026
2月 12, 2026 12:58:53 上午 spec.jbb.Company primeWithDummyData -> 信息: Loading Warehouse 44...
2月 12, 2026 12:58:53 上午 spec.jbb.JBBmain DoARun -> 信息: Start User Threads
2月 12, 2026 12:58:53 上午 spec.jbb.JBBmain DoARun -> 信息:   started user thread for Warehouse 1
2月 12, 2026 12:58:53 上午 spec.jbb.JBBmain DoARun -> 信息:   started user thread for Warehouse 2
2月 12, 2026 12:58:53 上午 spec.jbb.JBBmain DoARun -> 信息:   started user thread for Warehouse 3
2月 12, 2026 12:58:53 上午 spec.jbb.JBBmain DoARun -> 信息:   started user thread for Warehouse 4
2月 12, 2026 12:58:53 上午 spec.jbb.JBBmain DoARun -> 信息:   started user thread for Warehouse 5
2月 12, 2026 12:58:53 上午 spec.jbb.JBBmain DoARun -> 信息:   started user thread for Warehouse 6
2月 12, 2026 12:58:53 上午 spec.jbb.JBBmain DoARun -> 信息:   started user thread for Warehouse 7
2月 12, 2026 12:58:53 上午 spec.jbb.JBBmain DoARun -> 信息:   started user thread for Warehouse 8
2月 12, 2026 12:58:53 上午 spec.jbb.JBBmain DoARun -> 信息:   started user thread for Warehouse 9
2月 12, 2026 12:58:53 上午 spec.jbb.JBBmain DoARun -> 信息:   started user thread for Warehouse 10
2月 12, 2026 12:58:53 上午 spec.jbb.JBBmain DoARun -> 信息:   started user thread for Warehouse 11
2月 12, 2026 12:58:53 上午 spec.jbb.JBBmain DoARun -> 信息:   started user thread for Warehouse 12
2月 12, 2026 12:58:53 上午 spec.jbb.JBBmain DoARun -> 信息:   started user thread for Warehouse 13
2月 12, 2026 12:58:53 上午 spec.jbb.JBBmain DoARun -> 信息:   started user thread for Warehouse 14
2月 12, 2026 12:58:53 上午 spec.jbb.JBBmain DoARun -> 信息:   started user thread for Warehouse 15
2月 12, 2026 12:58:53 上午 spec.jbb.JBBmain DoARun -> 信息:   started user thread for Warehouse 16
2月 12, 2026 12:58:53 上午 spec.jbb.JBBmain DoARun -> 信息:   started user thread for Warehouse 17
2月 12, 2026 12:58:53 上午 spec.jbb.JBBmain DoARun -> 信息:   started user thread for Warehouse 18
2月 12, 2026 12:58:53 上午 spec.jbb.JBBmain DoARun -> 信息:   started user thread for Warehouse 19
2月 12, 2026 12:58:53 上午 spec.jbb.JBBmain DoARun -> 信息:   started user thread for Warehouse 20
2月 12, 2026 12:58:53 上午 spec.jbb.JBBmain DoARun -> 信息:   started user thread for Warehouse 21
2月 12, 2026 12:58:53 上午 spec.jbb.JBBmain DoARun -> 信息:   started user thread for Warehouse 22
2月 12, 2026 12:58:53 上午 spec.jbb.JBBmain DoARun -> 信息:   started user thread for Warehouse 23
2月 12, 2026 12:58:54 上午 spec.jbb.JBBmain DoARun -> 信息:   started user thread for Warehouse 24
2月 12, 2026 12:58:54 上午 spec.jbb.JBBmain DoARun -> 信息:   started user thread for Warehouse 25
2月 12, 2026 12:58:54 上午 spec.jbb.JBBmain DoARun -> 信息:   started user thread for Warehouse 26
2月 12, 2026 12:58:54 上午 spec.jbb.JBBmain DoARun -> 信息:   started user thread for Warehouse 27
2月 12, 2026 12:58:54 上午 spec.jbb.JBBmain DoARun -> 信息:   started user thread for Warehouse 28
2月 12, 2026 12:58:54 上午 spec.jbb.JBBmain DoARun -> 信息:   started user thread for Warehouse 29
2月 12, 2026 12:58:54 上午 spec.jbb.JBBmain DoARun -> 信息:   started user thread for Warehouse 30
2月 12, 2026 12:58:54 上午 spec.jbb.JBBmain DoARun -> 信息:   started user thread for Warehouse 31
2月 12, 2026 12:58:54 上午 spec.jbb.JBBmain DoARun -> 信息:   started user thread for Warehouse 32
2月 12, 2026 12:58:54 上午 spec.jbb.JBBmain DoARun -> 信息:   started user thread for Warehouse 33
2月 12, 2026 12:58:54 上午 spec.jbb.JBBmain DoARun -> 信息:   started user thread for Warehouse 34
2月 12, 2026 12:58:54 上午 spec.jbb.JBBmain DoARun -> 信息:   started user thread for Warehouse 35
2月 12, 2026 12:58:54 上午 spec.jbb.JBBmain DoARun -> 信息:   started user thread for Warehouse 36
2月 12, 2026 12:58:54 上午 spec.jbb.JBBmain DoARun -> 信息:   started user thread for Warehouse 37
2月 12, 2026 12:58:54 上午 spec.jbb.JBBmain DoARun -> 信息:   started user thread for Warehouse 38
2月 12, 2026 12:58:54 上午 spec.jbb.JBBmain DoARun -> 信息:   started user thread for Warehouse 39
2月 12, 2026 12:58:54 上午 spec.jbb.JBBmain DoARun -> 信息:   started user thread for Warehouse 40
2月 12, 2026 12:58:54 上午 spec.jbb.JBBmain DoARun -> 信息:   started user thread for Warehouse 41
2月 12, 2026 12:58:54 上午 spec.jbb.JBBmain DoARun -> 信息:   started user thread for Warehouse 42
2月 12, 2026 12:58:54 上午 spec.jbb.JBBmain DoARun -> 信息:   started user thread for Warehouse 43
2月 12, 2026 12:58:54 上午 spec.jbb.JBBmain DoARun -> 信息:   started user thread for Warehouse 44
2月 12, 2026 12:58:54 上午 spec.jbb.Company displayResultTotals -> 信息: Timing Measurement began Thu Feb 12 00:58:54 CST 2026 for 0.5 minutes
2月 12, 2026 12:59:24 上午 spec.jbb.Company displayResultTotals -> 信息: Timing Measurement ended Thu Feb 12 00:59:24 CST 2026
2月 12, 2026 12:59:24 上午 spec.jbb.Company primeWithDummyData -> 信息: Loading Warehouse 45...
2月 12, 2026 12:59:24 上午 spec.jbb.JBBmain DoARun -> 信息: Start User Threads
2月 12, 2026 12:59:24 上午 spec.jbb.JBBmain DoARun -> 信息:   started user thread for Warehouse 1
2月 12, 2026 12:59:24 上午 spec.jbb.JBBmain DoARun -> 信息:   started user thread for Warehouse 2
2月 12, 2026 12:59:24 上午 spec.jbb.JBBmain DoARun -> 信息:   started user thread for Warehouse 3
2月 12, 2026 12:59:24 上午 spec.jbb.JBBmain DoARun -> 信息:   started user thread for Warehouse 4
2月 12, 2026 12:59:24 上午 spec.jbb.JBBmain DoARun -> 信息:   started user thread for Warehouse 5
2月 12, 2026 12:59:24 上午 spec.jbb.JBBmain DoARun -> 信息:   started user thread for Warehouse 6
2月 12, 2026 12:59:24 上午 spec.jbb.JBBmain DoARun -> 信息:   started user thread for Warehouse 7
2月 12, 2026 12:59:24 上午 spec.jbb.JBBmain DoARun -> 信息:   started user thread for Warehouse 8
2月 12, 2026 12:59:24 上午 spec.jbb.JBBmain DoARun -> 信息:   started user thread for Warehouse 9
2月 12, 2026 12:59:24 上午 spec.jbb.JBBmain DoARun -> 信息:   started user thread for Warehouse 10
2月 12, 2026 12:59:24 上午 spec.jbb.JBBmain DoARun -> 信息:   started user thread for Warehouse 11
2月 12, 2026 12:59:24 上午 spec.jbb.JBBmain DoARun -> 信息:   started user thread for Warehouse 12
2月 12, 2026 12:59:24 上午 spec.jbb.JBBmain DoARun -> 信息:   started user thread for Warehouse 13
2月 12, 2026 12:59:24 上午 spec.jbb.JBBmain DoARun -> 信息:   started user thread for Warehouse 14
2月 12, 2026 12:59:24 上午 spec.jbb.JBBmain DoARun -> 信息:   started user thread for Warehouse 15
2月 12, 2026 12:59:24 上午 spec.jbb.JBBmain DoARun -> 信息:   started user thread for Warehouse 16
2月 12, 2026 12:59:24 上午 spec.jbb.JBBmain DoARun -> 信息:   started user thread for Warehouse 17
2月 12, 2026 12:59:24 上午 spec.jbb.JBBmain DoARun -> 信息:   started user thread for Warehouse 18
2月 12, 2026 12:59:24 上午 spec.jbb.JBBmain DoARun -> 信息:   started user thread for Warehouse 19
2月 12, 2026 12:59:24 上午 spec.jbb.JBBmain DoARun -> 信息:   started user thread for Warehouse 20
2月 12, 2026 12:59:24 上午 spec.jbb.JBBmain DoARun -> 信息:   started user thread for Warehouse 21
2月 12, 2026 12:59:24 上午 spec.jbb.JBBmain DoARun -> 信息:   started user thread for Warehouse 22
2月 12, 2026 12:59:24 上午 spec.jbb.JBBmain DoARun -> 信息:   started user thread for Warehouse 23
2月 12, 2026 12:59:24 上午 spec.jbb.JBBmain DoARun -> 信息:   started user thread for Warehouse 24
2月 12, 2026 12:59:24 上午 spec.jbb.JBBmain DoARun -> 信息:   started user thread for Warehouse 25
2月 12, 2026 12:59:24 上午 spec.jbb.JBBmain DoARun -> 信息:   started user thread for Warehouse 26
2月 12, 2026 12:59:24 上午 spec.jbb.JBBmain DoARun -> 信息:   started user thread for Warehouse 27
2月 12, 2026 12:59:24 上午 spec.jbb.JBBmain DoARun -> 信息:   started user thread for Warehouse 28
2月 12, 2026 12:59:24 上午 spec.jbb.JBBmain DoARun -> 信息:   started user thread for Warehouse 29
2月 12, 2026 12:59:24 上午 spec.jbb.JBBmain DoARun -> 信息:   started user thread for Warehouse 30
2月 12, 2026 12:59:24 上午 spec.jbb.JBBmain DoARun -> 信息:   started user thread for Warehouse 31
2月 12, 2026 12:59:24 上午 spec.jbb.JBBmain DoARun -> 信息:   started user thread for Warehouse 32
2月 12, 2026 12:59:24 上午 spec.jbb.JBBmain DoARun -> 信息:   started user thread for Warehouse 33
2月 12, 2026 12:59:24 上午 spec.jbb.JBBmain DoARun -> 信息:   started user thread for Warehouse 34
2月 12, 2026 12:59:24 上午 spec.jbb.JBBmain DoARun -> 信息:   started user thread for Warehouse 35
2月 12, 2026 12:59:24 上午 spec.jbb.JBBmain DoARun -> 信息:   started user thread for Warehouse 36
2月 12, 2026 12:59:24 上午 spec.jbb.JBBmain DoARun -> 信息:   started user thread for Warehouse 37
2月 12, 2026 12:59:24 上午 spec.jbb.JBBmain DoARun -> 信息:   started user thread for Warehouse 38
2月 12, 2026 12:59:24 上午 spec.jbb.JBBmain DoARun -> 信息:   started user thread for Warehouse 39
2月 12, 2026 12:59:24 上午 spec.jbb.JBBmain DoARun -> 信息:   started user thread for Warehouse 40
2月 12, 2026 12:59:24 上午 spec.jbb.JBBmain DoARun -> 信息:   started user thread for Warehouse 41
2月 12, 2026 12:59:24 上午 spec.jbb.JBBmain DoARun -> 信息:   started user thread for Warehouse 42
2月 12, 2026 12:59:24 上午 spec.jbb.JBBmain DoARun -> 信息:   started user thread for Warehouse 43
2月 12, 2026 12:59:24 上午 spec.jbb.JBBmain DoARun -> 信息:   started user thread for Warehouse 44
2月 12, 2026 12:59:24 上午 spec.jbb.JBBmain DoARun -> 信息:   started user thread for Warehouse 45
2月 12, 2026 12:59:24 上午 spec.jbb.Company displayResultTotals -> 信息: Timing Measurement began Thu Feb 12 00:59:24 CST 2026 for 0.5 minutes
2月 12, 2026 12:59:54 上午 spec.jbb.Company displayResultTotals -> 信息: Timing Measurement ended Thu Feb 12 00:59:54 CST 2026
2月 12, 2026 12:59:54 上午 spec.jbb.Company primeWithDummyData -> 信息: Loading Warehouse 46...
2月 12, 2026 12:59:54 上午 spec.jbb.JBBmain DoARun -> 信息: Start User Threads
2月 12, 2026 12:59:54 上午 spec.jbb.JBBmain DoARun -> 信息:   started user thread for Warehouse 1
2月 12, 2026 12:59:54 上午 spec.jbb.JBBmain DoARun -> 信息:   started user thread for Warehouse 2
2月 12, 2026 12:59:54 上午 spec.jbb.JBBmain DoARun -> 信息:   started user thread for Warehouse 3
2月 12, 2026 12:59:54 上午 spec.jbb.JBBmain DoARun -> 信息:   started user thread for Warehouse 4
2月 12, 2026 12:59:54 上午 spec.jbb.JBBmain DoARun -> 信息:   started user thread for Warehouse 5
2月 12, 2026 12:59:54 上午 spec.jbb.JBBmain DoARun -> 信息:   started user thread for Warehouse 6
2月 12, 2026 12:59:54 上午 spec.jbb.JBBmain DoARun -> 信息:   started user thread for Warehouse 7
2月 12, 2026 12:59:54 上午 spec.jbb.JBBmain DoARun -> 信息:   started user thread for Warehouse 8
2月 12, 2026 12:59:54 上午 spec.jbb.JBBmain DoARun -> 信息:   started user thread for Warehouse 9
2月 12, 2026 12:59:54 上午 spec.jbb.JBBmain DoARun -> 信息:   started user thread for Warehouse 10
2月 12, 2026 12:59:54 上午 spec.jbb.JBBmain DoARun -> 信息:   started user thread for Warehouse 11
2月 12, 2026 12:59:54 上午 spec.jbb.JBBmain DoARun -> 信息:   started user thread for Warehouse 12
2月 12, 2026 12:59:54 上午 spec.jbb.JBBmain DoARun -> 信息:   started user thread for Warehouse 13
2月 12, 2026 12:59:54 上午 spec.jbb.JBBmain DoARun -> 信息:   started user thread for Warehouse 14
2月 12, 2026 12:59:54 上午 spec.jbb.JBBmain DoARun -> 信息:   started user thread for Warehouse 15
2月 12, 2026 12:59:54 上午 spec.jbb.JBBmain DoARun -> 信息:   started user thread for Warehouse 16
2月 12, 2026 12:59:54 上午 spec.jbb.JBBmain DoARun -> 信息:   started user thread for Warehouse 17
2月 12, 2026 12:59:54 上午 spec.jbb.JBBmain DoARun -> 信息:   started user thread for Warehouse 18
2月 12, 2026 12:59:54 上午 spec.jbb.JBBmain DoARun -> 信息:   started user thread for Warehouse 19
2月 12, 2026 12:59:54 上午 spec.jbb.JBBmain DoARun -> 信息:   started user thread for Warehouse 20
2月 12, 2026 12:59:54 上午 spec.jbb.JBBmain DoARun -> 信息:   started user thread for Warehouse 21
2月 12, 2026 12:59:54 上午 spec.jbb.JBBmain DoARun -> 信息:   started user thread for Warehouse 22
2月 12, 2026 12:59:54 上午 spec.jbb.JBBmain DoARun -> 信息:   started user thread for Warehouse 23
2月 12, 2026 12:59:54 上午 spec.jbb.JBBmain DoARun -> 信息:   started user thread for Warehouse 24
2月 12, 2026 12:59:54 上午 spec.jbb.JBBmain DoARun -> 信息:   started user thread for Warehouse 25
2月 12, 2026 12:59:54 上午 spec.jbb.JBBmain DoARun -> 信息:   started user thread for Warehouse 26
2月 12, 2026 12:59:54 上午 spec.jbb.JBBmain DoARun -> 信息:   started user thread for Warehouse 27
2月 12, 2026 12:59:54 上午 spec.jbb.JBBmain DoARun -> 信息:   started user thread for Warehouse 28
2月 12, 2026 12:59:54 上午 spec.jbb.JBBmain DoARun -> 信息:   started user thread for Warehouse 29
2月 12, 2026 12:59:54 上午 spec.jbb.JBBmain DoARun -> 信息:   started user thread for Warehouse 30
2月 12, 2026 12:59:54 上午 spec.jbb.JBBmain DoARun -> 信息:   started user thread for Warehouse 31
2月 12, 2026 12:59:54 上午 spec.jbb.JBBmain DoARun -> 信息:   started user thread for Warehouse 32
2月 12, 2026 12:59:54 上午 spec.jbb.JBBmain DoARun -> 信息:   started user thread for Warehouse 33
2月 12, 2026 12:59:54 上午 spec.jbb.JBBmain DoARun -> 信息:   started user thread for Warehouse 34
2月 12, 2026 12:59:54 上午 spec.jbb.JBBmain DoARun -> 信息:   started user thread for Warehouse 35
2月 12, 2026 12:59:54 上午 spec.jbb.JBBmain DoARun -> 信息:   started user thread for Warehouse 36
2月 12, 2026 12:59:54 上午 spec.jbb.JBBmain DoARun -> 信息:   started user thread for Warehouse 37
2月 12, 2026 12:59:54 上午 spec.jbb.JBBmain DoARun -> 信息:   started user thread for Warehouse 38
2月 12, 2026 12:59:54 上午 spec.jbb.JBBmain DoARun -> 信息:   started user thread for Warehouse 39
2月 12, 2026 12:59:54 上午 spec.jbb.JBBmain DoARun -> 信息:   started user thread for Warehouse 40
2月 12, 2026 12:59:54 上午 spec.jbb.JBBmain DoARun -> 信息:   started user thread for Warehouse 41
2月 12, 2026 12:59:54 上午 spec.jbb.JBBmain DoARun -> 信息:   started user thread for Warehouse 42
2月 12, 2026 12:59:54 上午 spec.jbb.JBBmain DoARun -> 信息:   started user thread for Warehouse 43
2月 12, 2026 12:59:54 上午 spec.jbb.JBBmain DoARun -> 信息:   started user thread for Warehouse 44
2月 12, 2026 12:59:54 上午 spec.jbb.JBBmain DoARun -> 信息:   started user thread for Warehouse 45
2月 12, 2026 12:59:54 上午 spec.jbb.JBBmain DoARun -> 信息:   started user thread for Warehouse 46
2月 12, 2026 12:59:54 上午 spec.jbb.Company displayResultTotals -> 信息: Timing Measurement began Thu Feb 12 00:59:54 CST 2026 for 0.5 minutes
2月 12, 2026 1:00:24 上午 spec.jbb.Company displayResultTotals -> 信息: Timing Measurement ended Thu Feb 12 01:00:24 CST 2026
2月 12, 2026 1:00:24 上午 spec.jbb.Company primeWithDummyData -> 信息: Loading Warehouse 47...
2月 12, 2026 1:00:24 上午 spec.jbb.JBBmain DoARun -> 信息: Start User Threads
2月 12, 2026 1:00:24 上午 spec.jbb.JBBmain DoARun -> 信息:   started user thread for Warehouse 1
2月 12, 2026 1:00:24 上午 spec.jbb.JBBmain DoARun -> 信息:   started user thread for Warehouse 2
2月 12, 2026 1:00:24 上午 spec.jbb.JBBmain DoARun -> 信息:   started user thread for Warehouse 3
2月 12, 2026 1:00:24 上午 spec.jbb.JBBmain DoARun -> 信息:   started user thread for Warehouse 4
2月 12, 2026 1:00:24 上午 spec.jbb.JBBmain DoARun -> 信息:   started user thread for Warehouse 5
2月 12, 2026 1:00:24 上午 spec.jbb.JBBmain DoARun -> 信息:   started user thread for Warehouse 6
2月 12, 2026 1:00:24 上午 spec.jbb.JBBmain DoARun -> 信息:   started user thread for Warehouse 7
2月 12, 2026 1:00:24 上午 spec.jbb.JBBmain DoARun -> 信息:   started user thread for Warehouse 8
2月 12, 2026 1:00:24 上午 spec.jbb.JBBmain DoARun -> 信息:   started user thread for Warehouse 9
2月 12, 2026 1:00:24 上午 spec.jbb.JBBmain DoARun -> 信息:   started user thread for Warehouse 10
2月 12, 2026 1:00:24 上午 spec.jbb.JBBmain DoARun -> 信息:   started user thread for Warehouse 11
2月 12, 2026 1:00:24 上午 spec.jbb.JBBmain DoARun -> 信息:   started user thread for Warehouse 12
2月 12, 2026 1:00:24 上午 spec.jbb.JBBmain DoARun -> 信息:   started user thread for Warehouse 13
2月 12, 2026 1:00:24 上午 spec.jbb.JBBmain DoARun -> 信息:   started user thread for Warehouse 14
2月 12, 2026 1:00:24 上午 spec.jbb.JBBmain DoARun -> 信息:   started user thread for Warehouse 15
2月 12, 2026 1:00:24 上午 spec.jbb.JBBmain DoARun -> 信息:   started user thread for Warehouse 16
2月 12, 2026 1:00:24 上午 spec.jbb.JBBmain DoARun -> 信息:   started user thread for Warehouse 17
2月 12, 2026 1:00:24 上午 spec.jbb.JBBmain DoARun -> 信息:   started user thread for Warehouse 18
2月 12, 2026 1:00:24 上午 spec.jbb.JBBmain DoARun -> 信息:   started user thread for Warehouse 19
2月 12, 2026 1:00:24 上午 spec.jbb.JBBmain DoARun -> 信息:   started user thread for Warehouse 20
2月 12, 2026 1:00:24 上午 spec.jbb.JBBmain DoARun -> 信息:   started user thread for Warehouse 21
2月 12, 2026 1:00:24 上午 spec.jbb.JBBmain DoARun -> 信息:   started user thread for Warehouse 22
2月 12, 2026 1:00:24 上午 spec.jbb.JBBmain DoARun -> 信息:   started user thread for Warehouse 23
2月 12, 2026 1:00:24 上午 spec.jbb.JBBmain DoARun -> 信息:   started user thread for Warehouse 24
2月 12, 2026 1:00:24 上午 spec.jbb.JBBmain DoARun -> 信息:   started user thread for Warehouse 25
2月 12, 2026 1:00:24 上午 spec.jbb.JBBmain DoARun -> 信息:   started user thread for Warehouse 26
2月 12, 2026 1:00:24 上午 spec.jbb.JBBmain DoARun -> 信息:   started user thread for Warehouse 27
2月 12, 2026 1:00:24 上午 spec.jbb.JBBmain DoARun -> 信息:   started user thread for Warehouse 28
2月 12, 2026 1:00:24 上午 spec.jbb.JBBmain DoARun -> 信息:   started user thread for Warehouse 29
2月 12, 2026 1:00:24 上午 spec.jbb.JBBmain DoARun -> 信息:   started user thread for Warehouse 30
2月 12, 2026 1:00:24 上午 spec.jbb.JBBmain DoARun -> 信息:   started user thread for Warehouse 31
2月 12, 2026 1:00:24 上午 spec.jbb.JBBmain DoARun -> 信息:   started user thread for Warehouse 32
2月 12, 2026 1:00:24 上午 spec.jbb.JBBmain DoARun -> 信息:   started user thread for Warehouse 33
2月 12, 2026 1:00:24 上午 spec.jbb.JBBmain DoARun -> 信息:   started user thread for Warehouse 34
2月 12, 2026 1:00:24 上午 spec.jbb.JBBmain DoARun -> 信息:   started user thread for Warehouse 35
2月 12, 2026 1:00:24 上午 spec.jbb.JBBmain DoARun -> 信息:   started user thread for Warehouse 36
2月 12, 2026 1:00:24 上午 spec.jbb.JBBmain DoARun -> 信息:   started user thread for Warehouse 37
2月 12, 2026 1:00:24 上午 spec.jbb.JBBmain DoARun -> 信息:   started user thread for Warehouse 38
2月 12, 2026 1:00:24 上午 spec.jbb.JBBmain DoARun -> 信息:   started user thread for Warehouse 39
2月 12, 2026 1:00:24 上午 spec.jbb.JBBmain DoARun -> 信息:   started user thread for Warehouse 40
2月 12, 2026 1:00:24 上午 spec.jbb.JBBmain DoARun -> 信息:   started user thread for Warehouse 41
2月 12, 2026 1:00:24 上午 spec.jbb.JBBmain DoARun -> 信息:   started user thread for Warehouse 42
2月 12, 2026 1:00:24 上午 spec.jbb.JBBmain DoARun -> 信息:   started user thread for Warehouse 43
2月 12, 2026 1:00:24 上午 spec.jbb.JBBmain DoARun -> 信息:   started user thread for Warehouse 44
2月 12, 2026 1:00:24 上午 spec.jbb.JBBmain DoARun -> 信息:   started user thread for Warehouse 45
2月 12, 2026 1:00:24 上午 spec.jbb.JBBmain DoARun -> 信息:   started user thread for Warehouse 46
2月 12, 2026 1:00:24 上午 spec.jbb.JBBmain DoARun -> 信息:   started user thread for Warehouse 47
2月 12, 2026 1:00:24 上午 spec.jbb.Company displayResultTotals -> 信息: Timing Measurement began Thu Feb 12 01:00:24 CST 2026 for 0.5 minutes
2月 12, 2026 1:00:54 上午 spec.jbb.Company displayResultTotals -> 信息: Timing Measurement ended Thu Feb 12 01:00:54 CST 2026
2月 12, 2026 1:00:55 上午 spec.jbb.Company primeWithDummyData -> 信息: Loading Warehouse 48...
2月 12, 2026 1:00:55 上午 spec.jbb.JBBmain DoARun -> 信息: Start User Threads
2月 12, 2026 1:00:55 上午 spec.jbb.JBBmain DoARun -> 信息:   started user thread for Warehouse 1
2月 12, 2026 1:00:55 上午 spec.jbb.JBBmain DoARun -> 信息:   started user thread for Warehouse 2
2月 12, 2026 1:00:55 上午 spec.jbb.JBBmain DoARun -> 信息:   started user thread for Warehouse 3
2月 12, 2026 1:00:55 上午 spec.jbb.JBBmain DoARun -> 信息:   started user thread for Warehouse 4
2月 12, 2026 1:00:55 上午 spec.jbb.JBBmain DoARun -> 信息:   started user thread for Warehouse 5
2月 12, 2026 1:00:55 上午 spec.jbb.JBBmain DoARun -> 信息:   started user thread for Warehouse 6
2月 12, 2026 1:00:55 上午 spec.jbb.JBBmain DoARun -> 信息:   started user thread for Warehouse 7
2月 12, 2026 1:00:55 上午 spec.jbb.JBBmain DoARun -> 信息:   started user thread for Warehouse 8
2月 12, 2026 1:00:55 上午 spec.jbb.JBBmain DoARun -> 信息:   started user thread for Warehouse 9
2月 12, 2026 1:00:55 上午 spec.jbb.JBBmain DoARun -> 信息:   started user thread for Warehouse 10
2月 12, 2026 1:00:55 上午 spec.jbb.JBBmain DoARun -> 信息:   started user thread for Warehouse 11
2月 12, 2026 1:00:55 上午 spec.jbb.JBBmain DoARun -> 信息:   started user thread for Warehouse 12
2月 12, 2026 1:00:55 上午 spec.jbb.JBBmain DoARun -> 信息:   started user thread for Warehouse 13
2月 12, 2026 1:00:55 上午 spec.jbb.JBBmain DoARun -> 信息:   started user thread for Warehouse 14
2月 12, 2026 1:00:55 上午 spec.jbb.JBBmain DoARun -> 信息:   started user thread for Warehouse 15
2月 12, 2026 1:00:55 上午 spec.jbb.JBBmain DoARun -> 信息:   started user thread for Warehouse 16
2月 12, 2026 1:00:55 上午 spec.jbb.JBBmain DoARun -> 信息:   started user thread for Warehouse 17
2月 12, 2026 1:00:55 上午 spec.jbb.JBBmain DoARun -> 信息:   started user thread for Warehouse 18
2月 12, 2026 1:00:55 上午 spec.jbb.JBBmain DoARun -> 信息:   started user thread for Warehouse 19
2月 12, 2026 1:00:55 上午 spec.jbb.JBBmain DoARun -> 信息:   started user thread for Warehouse 20
2月 12, 2026 1:00:55 上午 spec.jbb.JBBmain DoARun -> 信息:   started user thread for Warehouse 21
2月 12, 2026 1:00:55 上午 spec.jbb.JBBmain DoARun -> 信息:   started user thread for Warehouse 22
2月 12, 2026 1:00:55 上午 spec.jbb.JBBmain DoARun -> 信息:   started user thread for Warehouse 23
2月 12, 2026 1:00:55 上午 spec.jbb.JBBmain DoARun -> 信息:   started user thread for Warehouse 24
2月 12, 2026 1:00:56 上午 spec.jbb.JBBmain DoARun -> 信息:   started user thread for Warehouse 25
2月 12, 2026 1:00:56 上午 spec.jbb.JBBmain DoARun -> 信息:   started user thread for Warehouse 26
2月 12, 2026 1:00:56 上午 spec.jbb.JBBmain DoARun -> 信息:   started user thread for Warehouse 27
2月 12, 2026 1:00:56 上午 spec.jbb.JBBmain DoARun -> 信息:   started user thread for Warehouse 28
2月 12, 2026 1:00:56 上午 spec.jbb.JBBmain DoARun -> 信息:   started user thread for Warehouse 29
2月 12, 2026 1:00:56 上午 spec.jbb.JBBmain DoARun -> 信息:   started user thread for Warehouse 30
2月 12, 2026 1:00:56 上午 spec.jbb.JBBmain DoARun -> 信息:   started user thread for Warehouse 31
2月 12, 2026 1:00:56 上午 spec.jbb.JBBmain DoARun -> 信息:   started user thread for Warehouse 32
2月 12, 2026 1:00:56 上午 spec.jbb.JBBmain DoARun -> 信息:   started user thread for Warehouse 33
2月 12, 2026 1:00:56 上午 spec.jbb.JBBmain DoARun -> 信息:   started user thread for Warehouse 34
2月 12, 2026 1:00:56 上午 spec.jbb.JBBmain DoARun -> 信息:   started user thread for Warehouse 35
2月 12, 2026 1:00:56 上午 spec.jbb.JBBmain DoARun -> 信息:   started user thread for Warehouse 36
2月 12, 2026 1:00:56 上午 spec.jbb.JBBmain DoARun -> 信息:   started user thread for Warehouse 37
2月 12, 2026 1:00:56 上午 spec.jbb.JBBmain DoARun -> 信息:   started user thread for Warehouse 38
2月 12, 2026 1:00:56 上午 spec.jbb.JBBmain DoARun -> 信息:   started user thread for Warehouse 39
2月 12, 2026 1:00:56 上午 spec.jbb.JBBmain DoARun -> 信息:   started user thread for Warehouse 40
2月 12, 2026 1:00:56 上午 spec.jbb.JBBmain DoARun -> 信息:   started user thread for Warehouse 41
2月 12, 2026 1:00:56 上午 spec.jbb.JBBmain DoARun -> 信息:   started user thread for Warehouse 42
2月 12, 2026 1:00:56 上午 spec.jbb.JBBmain DoARun -> 信息:   started user thread for Warehouse 43
2月 12, 2026 1:00:56 上午 spec.jbb.JBBmain DoARun -> 信息:   started user thread for Warehouse 44
2月 12, 2026 1:00:56 上午 spec.jbb.JBBmain DoARun -> 信息:   started user thread for Warehouse 45
2月 12, 2026 1:00:56 上午 spec.jbb.JBBmain DoARun -> 信息:   started user thread for Warehouse 46
2月 12, 2026 1:00:56 上午 spec.jbb.JBBmain DoARun -> 信息:   started user thread for Warehouse 47
2月 12, 2026 1:00:56 上午 spec.jbb.JBBmain DoARun -> 信息:   started user thread for Warehouse 48
2月 12, 2026 1:00:56 上午 spec.jbb.Company displayResultTotals -> 信息: Timing Measurement began Thu Feb 12 01:00:56 CST 2026 for 0.5 minutes
2月 12, 2026 1:01:26 上午 spec.jbb.Company displayResultTotals -> 信息: Timing Measurement ended Thu Feb 12 01:01:26 CST 2026
2月 12, 2026 1:01:26 上午 spec.jbb.Company primeWithDummyData -> 信息: Loading Warehouse 49...
2月 12, 2026 1:01:27 上午 spec.jbb.JBBmain DoARun -> 信息: Start User Threads
2月 12, 2026 1:01:27 上午 spec.jbb.JBBmain DoARun -> 信息:   started user thread for Warehouse 1
2月 12, 2026 1:01:27 上午 spec.jbb.JBBmain DoARun -> 信息:   started user thread for Warehouse 2
2月 12, 2026 1:01:27 上午 spec.jbb.JBBmain DoARun -> 信息:   started user thread for Warehouse 3
2月 12, 2026 1:01:27 上午 spec.jbb.JBBmain DoARun -> 信息:   started user thread for Warehouse 4
2月 12, 2026 1:01:27 上午 spec.jbb.JBBmain DoARun -> 信息:   started user thread for Warehouse 5
2月 12, 2026 1:01:27 上午 spec.jbb.JBBmain DoARun -> 信息:   started user thread for Warehouse 6
2月 12, 2026 1:01:27 上午 spec.jbb.JBBmain DoARun -> 信息:   started user thread for Warehouse 7
2月 12, 2026 1:01:27 上午 spec.jbb.JBBmain DoARun -> 信息:   started user thread for Warehouse 8
2月 12, 2026 1:01:27 上午 spec.jbb.JBBmain DoARun -> 信息:   started user thread for Warehouse 9
2月 12, 2026 1:01:27 上午 spec.jbb.JBBmain DoARun -> 信息:   started user thread for Warehouse 10
2月 12, 2026 1:01:27 上午 spec.jbb.JBBmain DoARun -> 信息:   started user thread for Warehouse 11
2月 12, 2026 1:01:27 上午 spec.jbb.JBBmain DoARun -> 信息:   started user thread for Warehouse 12
2月 12, 2026 1:01:27 上午 spec.jbb.JBBmain DoARun -> 信息:   started user thread for Warehouse 13
2月 12, 2026 1:01:27 上午 spec.jbb.JBBmain DoARun -> 信息:   started user thread for Warehouse 14
2月 12, 2026 1:01:27 上午 spec.jbb.JBBmain DoARun -> 信息:   started user thread for Warehouse 15
2月 12, 2026 1:01:27 上午 spec.jbb.JBBmain DoARun -> 信息:   started user thread for Warehouse 16
2月 12, 2026 1:01:27 上午 spec.jbb.JBBmain DoARun -> 信息:   started user thread for Warehouse 17
2月 12, 2026 1:01:27 上午 spec.jbb.JBBmain DoARun -> 信息:   started user thread for Warehouse 18
2月 12, 2026 1:01:27 上午 spec.jbb.JBBmain DoARun -> 信息:   started user thread for Warehouse 19
2月 12, 2026 1:01:27 上午 spec.jbb.JBBmain DoARun -> 信息:   started user thread for Warehouse 20
2月 12, 2026 1:01:27 上午 spec.jbb.JBBmain DoARun -> 信息:   started user thread for Warehouse 21
2月 12, 2026 1:01:27 上午 spec.jbb.JBBmain DoARun -> 信息:   started user thread for Warehouse 22
2月 12, 2026 1:01:27 上午 spec.jbb.JBBmain DoARun -> 信息:   started user thread for Warehouse 23
2月 12, 2026 1:01:27 上午 spec.jbb.JBBmain DoARun -> 信息:   started user thread for Warehouse 24
2月 12, 2026 1:01:27 上午 spec.jbb.JBBmain DoARun -> 信息:   started user thread for Warehouse 25
2月 12, 2026 1:01:27 上午 spec.jbb.JBBmain DoARun -> 信息:   started user thread for Warehouse 26
2月 12, 2026 1:01:27 上午 spec.jbb.JBBmain DoARun -> 信息:   started user thread for Warehouse 27
2月 12, 2026 1:01:27 上午 spec.jbb.JBBmain DoARun -> 信息:   started user thread for Warehouse 28
2月 12, 2026 1:01:27 上午 spec.jbb.JBBmain DoARun -> 信息:   started user thread for Warehouse 29
2月 12, 2026 1:01:27 上午 spec.jbb.JBBmain DoARun -> 信息:   started user thread for Warehouse 30
2月 12, 2026 1:01:27 上午 spec.jbb.JBBmain DoARun -> 信息:   started user thread for Warehouse 31
2月 12, 2026 1:01:27 上午 spec.jbb.JBBmain DoARun -> 信息:   started user thread for Warehouse 32
2月 12, 2026 1:01:27 上午 spec.jbb.JBBmain DoARun -> 信息:   started user thread for Warehouse 33
2月 12, 2026 1:01:27 上午 spec.jbb.JBBmain DoARun -> 信息:   started user thread for Warehouse 34
2月 12, 2026 1:01:27 上午 spec.jbb.JBBmain DoARun -> 信息:   started user thread for Warehouse 35
2月 12, 2026 1:01:27 上午 spec.jbb.JBBmain DoARun -> 信息:   started user thread for Warehouse 36
2月 12, 2026 1:01:27 上午 spec.jbb.JBBmain DoARun -> 信息:   started user thread for Warehouse 37
2月 12, 2026 1:01:27 上午 spec.jbb.JBBmain DoARun -> 信息:   started user thread for Warehouse 38
2月 12, 2026 1:01:27 上午 spec.jbb.JBBmain DoARun -> 信息:   started user thread for Warehouse 39
2月 12, 2026 1:01:27 上午 spec.jbb.JBBmain DoARun -> 信息:   started user thread for Warehouse 40
2月 12, 2026 1:01:27 上午 spec.jbb.JBBmain DoARun -> 信息:   started user thread for Warehouse 41
2月 12, 2026 1:01:27 上午 spec.jbb.JBBmain DoARun -> 信息:   started user thread for Warehouse 42
2月 12, 2026 1:01:27 上午 spec.jbb.JBBmain DoARun -> 信息:   started user thread for Warehouse 43
2月 12, 2026 1:01:27 上午 spec.jbb.JBBmain DoARun -> 信息:   started user thread for Warehouse 44
2月 12, 2026 1:01:27 上午 spec.jbb.JBBmain DoARun -> 信息:   started user thread for Warehouse 45
2月 12, 2026 1:01:27 上午 spec.jbb.JBBmain DoARun -> 信息:   started user thread for Warehouse 46
2月 12, 2026 1:01:27 上午 spec.jbb.JBBmain DoARun -> 信息:   started user thread for Warehouse 47
2月 12, 2026 1:01:27 上午 spec.jbb.JBBmain DoARun -> 信息:   started user thread for Warehouse 48
2月 12, 2026 1:01:27 上午 spec.jbb.JBBmain DoARun -> 信息:   started user thread for Warehouse 49
2月 12, 2026 1:01:27 上午 spec.jbb.Company displayResultTotals -> 信息: Timing Measurement began Thu Feb 12 01:01:27 CST 2026 for 0.5 minutes
2月 12, 2026 1:01:57 上午 spec.jbb.Company displayResultTotals -> 信息: Timing Measurement ended Thu Feb 12 01:01:57 CST 2026
2月 12, 2026 1:01:57 上午 spec.jbb.Company primeWithDummyData -> 信息: Loading Warehouse 50...
2月 12, 2026 1:01:57 上午 spec.jbb.JBBmain DoARun -> 信息: Start User Threads
2月 12, 2026 1:01:57 上午 spec.jbb.JBBmain DoARun -> 信息:   started user thread for Warehouse 1
2月 12, 2026 1:01:57 上午 spec.jbb.JBBmain DoARun -> 信息:   started user thread for Warehouse 2
2月 12, 2026 1:01:57 上午 spec.jbb.JBBmain DoARun -> 信息:   started user thread for Warehouse 3
2月 12, 2026 1:01:57 上午 spec.jbb.JBBmain DoARun -> 信息:   started user thread for Warehouse 4
2月 12, 2026 1:01:57 上午 spec.jbb.JBBmain DoARun -> 信息:   started user thread for Warehouse 5
2月 12, 2026 1:01:57 上午 spec.jbb.JBBmain DoARun -> 信息:   started user thread for Warehouse 6
2月 12, 2026 1:01:57 上午 spec.jbb.JBBmain DoARun -> 信息:   started user thread for Warehouse 7
2月 12, 2026 1:01:57 上午 spec.jbb.JBBmain DoARun -> 信息:   started user thread for Warehouse 8
2月 12, 2026 1:01:57 上午 spec.jbb.JBBmain DoARun -> 信息:   started user thread for Warehouse 9
2月 12, 2026 1:01:57 上午 spec.jbb.JBBmain DoARun -> 信息:   started user thread for Warehouse 10
2月 12, 2026 1:01:57 上午 spec.jbb.JBBmain DoARun -> 信息:   started user thread for Warehouse 11
2月 12, 2026 1:01:57 上午 spec.jbb.JBBmain DoARun -> 信息:   started user thread for Warehouse 12
2月 12, 2026 1:01:57 上午 spec.jbb.JBBmain DoARun -> 信息:   started user thread for Warehouse 13
2月 12, 2026 1:01:57 上午 spec.jbb.JBBmain DoARun -> 信息:   started user thread for Warehouse 14
2月 12, 2026 1:01:57 上午 spec.jbb.JBBmain DoARun -> 信息:   started user thread for Warehouse 15
2月 12, 2026 1:01:57 上午 spec.jbb.JBBmain DoARun -> 信息:   started user thread for Warehouse 16
2月 12, 2026 1:01:57 上午 spec.jbb.JBBmain DoARun -> 信息:   started user thread for Warehouse 17
2月 12, 2026 1:01:57 上午 spec.jbb.JBBmain DoARun -> 信息:   started user thread for Warehouse 18
2月 12, 2026 1:01:57 上午 spec.jbb.JBBmain DoARun -> 信息:   started user thread for Warehouse 19
2月 12, 2026 1:01:57 上午 spec.jbb.JBBmain DoARun -> 信息:   started user thread for Warehouse 20
2月 12, 2026 1:01:57 上午 spec.jbb.JBBmain DoARun -> 信息:   started user thread for Warehouse 21
2月 12, 2026 1:01:57 上午 spec.jbb.JBBmain DoARun -> 信息:   started user thread for Warehouse 22
2月 12, 2026 1:01:57 上午 spec.jbb.JBBmain DoARun -> 信息:   started user thread for Warehouse 23
2月 12, 2026 1:01:57 上午 spec.jbb.JBBmain DoARun -> 信息:   started user thread for Warehouse 24
2月 12, 2026 1:01:57 上午 spec.jbb.JBBmain DoARun -> 信息:   started user thread for Warehouse 25
2月 12, 2026 1:01:57 上午 spec.jbb.JBBmain DoARun -> 信息:   started user thread for Warehouse 26
2月 12, 2026 1:01:57 上午 spec.jbb.JBBmain DoARun -> 信息:   started user thread for Warehouse 27
2月 12, 2026 1:01:57 上午 spec.jbb.JBBmain DoARun -> 信息:   started user thread for Warehouse 28
2月 12, 2026 1:01:57 上午 spec.jbb.JBBmain DoARun -> 信息:   started user thread for Warehouse 29
2月 12, 2026 1:01:57 上午 spec.jbb.JBBmain DoARun -> 信息:   started user thread for Warehouse 30
2月 12, 2026 1:01:57 上午 spec.jbb.JBBmain DoARun -> 信息:   started user thread for Warehouse 31
2月 12, 2026 1:01:57 上午 spec.jbb.JBBmain DoARun -> 信息:   started user thread for Warehouse 32
2月 12, 2026 1:01:57 上午 spec.jbb.JBBmain DoARun -> 信息:   started user thread for Warehouse 33
2月 12, 2026 1:01:57 上午 spec.jbb.JBBmain DoARun -> 信息:   started user thread for Warehouse 34
2月 12, 2026 1:01:57 上午 spec.jbb.JBBmain DoARun -> 信息:   started user thread for Warehouse 35
2月 12, 2026 1:01:57 上午 spec.jbb.JBBmain DoARun -> 信息:   started user thread for Warehouse 36
2月 12, 2026 1:01:57 上午 spec.jbb.JBBmain DoARun -> 信息:   started user thread for Warehouse 37
2月 12, 2026 1:01:57 上午 spec.jbb.JBBmain DoARun -> 信息:   started user thread for Warehouse 38
2月 12, 2026 1:01:57 上午 spec.jbb.JBBmain DoARun -> 信息:   started user thread for Warehouse 39
2月 12, 2026 1:01:57 上午 spec.jbb.JBBmain DoARun -> 信息:   started user thread for Warehouse 40
2月 12, 2026 1:01:57 上午 spec.jbb.JBBmain DoARun -> 信息:   started user thread for Warehouse 41
2月 12, 2026 1:01:57 上午 spec.jbb.JBBmain DoARun -> 信息:   started user thread for Warehouse 42
2月 12, 2026 1:01:57 上午 spec.jbb.JBBmain DoARun -> 信息:   started user thread for Warehouse 43
2月 12, 2026 1:01:57 上午 spec.jbb.JBBmain DoARun -> 信息:   started user thread for Warehouse 44
2月 12, 2026 1:01:57 上午 spec.jbb.JBBmain DoARun -> 信息:   started user thread for Warehouse 45
2月 12, 2026 1:01:57 上午 spec.jbb.JBBmain DoARun -> 信息:   started user thread for Warehouse 46
2月 12, 2026 1:01:57 上午 spec.jbb.JBBmain DoARun -> 信息:   started user thread for Warehouse 47
2月 12, 2026 1:01:57 上午 spec.jbb.JBBmain DoARun -> 信息:   started user thread for Warehouse 48
2月 12, 2026 1:01:57 上午 spec.jbb.JBBmain DoARun -> 信息:   started user thread for Warehouse 49
2月 12, 2026 1:01:57 上午 spec.jbb.JBBmain DoARun -> 信息:   started user thread for Warehouse 50
2月 12, 2026 1:01:57 上午 spec.jbb.Company displayResultTotals -> 信息: Timing Measurement began Thu Feb 12 01:01:57 CST 2026 for 0.5 minutes
2月 12, 2026 1:02:27 上午 spec.jbb.Company displayResultTotals -> 信息: Timing Measurement ended Thu Feb 12 01:02:27 CST 2026
2月 12, 2026 1:02:27 上午 spec.jbb.Company primeWithDummyData -> 信息: Loading Warehouse 51...
2月 12, 2026 1:02:27 上午 spec.jbb.JBBmain DoARun -> 信息: Start User Threads
2月 12, 2026 1:02:27 上午 spec.jbb.JBBmain DoARun -> 信息:   started user thread for Warehouse 1
2月 12, 2026 1:02:27 上午 spec.jbb.JBBmain DoARun -> 信息:   started user thread for Warehouse 2
2月 12, 2026 1:02:27 上午 spec.jbb.JBBmain DoARun -> 信息:   started user thread for Warehouse 3
2月 12, 2026 1:02:27 上午 spec.jbb.JBBmain DoARun -> 信息:   started user thread for Warehouse 4
2月 12, 2026 1:02:27 上午 spec.jbb.JBBmain DoARun -> 信息:   started user thread for Warehouse 5
2月 12, 2026 1:02:27 上午 spec.jbb.JBBmain DoARun -> 信息:   started user thread for Warehouse 6
2月 12, 2026 1:02:27 上午 spec.jbb.JBBmain DoARun -> 信息:   started user thread for Warehouse 7
2月 12, 2026 1:02:27 上午 spec.jbb.JBBmain DoARun -> 信息:   started user thread for Warehouse 8
2月 12, 2026 1:02:27 上午 spec.jbb.JBBmain DoARun -> 信息:   started user thread for Warehouse 9
2月 12, 2026 1:02:27 上午 spec.jbb.JBBmain DoARun -> 信息:   started user thread for Warehouse 10
2月 12, 2026 1:02:27 上午 spec.jbb.JBBmain DoARun -> 信息:   started user thread for Warehouse 11
2月 12, 2026 1:02:27 上午 spec.jbb.JBBmain DoARun -> 信息:   started user thread for Warehouse 12
2月 12, 2026 1:02:27 上午 spec.jbb.JBBmain DoARun -> 信息:   started user thread for Warehouse 13
2月 12, 2026 1:02:27 上午 spec.jbb.JBBmain DoARun -> 信息:   started user thread for Warehouse 14
2月 12, 2026 1:02:27 上午 spec.jbb.JBBmain DoARun -> 信息:   started user thread for Warehouse 15
2月 12, 2026 1:02:27 上午 spec.jbb.JBBmain DoARun -> 信息:   started user thread for Warehouse 16
2月 12, 2026 1:02:27 上午 spec.jbb.JBBmain DoARun -> 信息:   started user thread for Warehouse 17
2月 12, 2026 1:02:27 上午 spec.jbb.JBBmain DoARun -> 信息:   started user thread for Warehouse 18
2月 12, 2026 1:02:27 上午 spec.jbb.JBBmain DoARun -> 信息:   started user thread for Warehouse 19
2月 12, 2026 1:02:27 上午 spec.jbb.JBBmain DoARun -> 信息:   started user thread for Warehouse 20
2月 12, 2026 1:02:27 上午 spec.jbb.JBBmain DoARun -> 信息:   started user thread for Warehouse 21
2月 12, 2026 1:02:27 上午 spec.jbb.JBBmain DoARun -> 信息:   started user thread for Warehouse 22
2月 12, 2026 1:02:27 上午 spec.jbb.JBBmain DoARun -> 信息:   started user thread for Warehouse 23
2月 12, 2026 1:02:27 上午 spec.jbb.JBBmain DoARun -> 信息:   started user thread for Warehouse 24
2月 12, 2026 1:02:27 上午 spec.jbb.JBBmain DoARun -> 信息:   started user thread for Warehouse 25
2月 12, 2026 1:02:27 上午 spec.jbb.JBBmain DoARun -> 信息:   started user thread for Warehouse 26
2月 12, 2026 1:02:27 上午 spec.jbb.JBBmain DoARun -> 信息:   started user thread for Warehouse 27
2月 12, 2026 1:02:27 上午 spec.jbb.JBBmain DoARun -> 信息:   started user thread for Warehouse 28
2月 12, 2026 1:02:27 上午 spec.jbb.JBBmain DoARun -> 信息:   started user thread for Warehouse 29
2月 12, 2026 1:02:27 上午 spec.jbb.JBBmain DoARun -> 信息:   started user thread for Warehouse 30
2月 12, 2026 1:02:27 上午 spec.jbb.JBBmain DoARun -> 信息:   started user thread for Warehouse 31
2月 12, 2026 1:02:27 上午 spec.jbb.JBBmain DoARun -> 信息:   started user thread for Warehouse 32
2月 12, 2026 1:02:27 上午 spec.jbb.JBBmain DoARun -> 信息:   started user thread for Warehouse 33
2月 12, 2026 1:02:27 上午 spec.jbb.JBBmain DoARun -> 信息:   started user thread for Warehouse 34
2月 12, 2026 1:02:27 上午 spec.jbb.JBBmain DoARun -> 信息:   started user thread for Warehouse 35
2月 12, 2026 1:02:27 上午 spec.jbb.JBBmain DoARun -> 信息:   started user thread for Warehouse 36
2月 12, 2026 1:02:27 上午 spec.jbb.JBBmain DoARun -> 信息:   started user thread for Warehouse 37
2月 12, 2026 1:02:27 上午 spec.jbb.JBBmain DoARun -> 信息:   started user thread for Warehouse 38
2月 12, 2026 1:02:27 上午 spec.jbb.JBBmain DoARun -> 信息:   started user thread for Warehouse 39
2月 12, 2026 1:02:27 上午 spec.jbb.JBBmain DoARun -> 信息:   started user thread for Warehouse 40
2月 12, 2026 1:02:27 上午 spec.jbb.JBBmain DoARun -> 信息:   started user thread for Warehouse 41
2月 12, 2026 1:02:27 上午 spec.jbb.JBBmain DoARun -> 信息:   started user thread for Warehouse 42
2月 12, 2026 1:02:27 上午 spec.jbb.JBBmain DoARun -> 信息:   started user thread for Warehouse 43
2月 12, 2026 1:02:27 上午 spec.jbb.JBBmain DoARun -> 信息:   started user thread for Warehouse 44
2月 12, 2026 1:02:27 上午 spec.jbb.JBBmain DoARun -> 信息:   started user thread for Warehouse 45
2月 12, 2026 1:02:27 上午 spec.jbb.JBBmain DoARun -> 信息:   started user thread for Warehouse 46
2月 12, 2026 1:02:27 上午 spec.jbb.JBBmain DoARun -> 信息:   started user thread for Warehouse 47
2月 12, 2026 1:02:27 上午 spec.jbb.JBBmain DoARun -> 信息:   started user thread for Warehouse 48
2月 12, 2026 1:02:27 上午 spec.jbb.JBBmain DoARun -> 信息:   started user thread for Warehouse 49
2月 12, 2026 1:02:27 上午 spec.jbb.JBBmain DoARun -> 信息:   started user thread for Warehouse 50
2月 12, 2026 1:02:27 上午 spec.jbb.JBBmain DoARun -> 信息:   started user thread for Warehouse 51
2月 12, 2026 1:02:27 上午 spec.jbb.Company displayResultTotals -> 信息: Timing Measurement began Thu Feb 12 01:02:27 CST 2026 for 0.5 minutes
2月 12, 2026 1:02:57 上午 spec.jbb.Company displayResultTotals -> 信息: Timing Measurement ended Thu Feb 12 01:02:57 CST 2026
2月 12, 2026 1:02:57 上午 spec.jbb.Company primeWithDummyData -> 信息: Loading Warehouse 52...
2月 12, 2026 1:02:58 上午 spec.jbb.JBBmain DoARun -> 信息: Start User Threads
2月 12, 2026 1:02:58 上午 spec.jbb.JBBmain DoARun -> 信息:   started user thread for Warehouse 1
2月 12, 2026 1:02:58 上午 spec.jbb.JBBmain DoARun -> 信息:   started user thread for Warehouse 2
2月 12, 2026 1:02:58 上午 spec.jbb.JBBmain DoARun -> 信息:   started user thread for Warehouse 3
2月 12, 2026 1:02:58 上午 spec.jbb.JBBmain DoARun -> 信息:   started user thread for Warehouse 4
2月 12, 2026 1:02:58 上午 spec.jbb.JBBmain DoARun -> 信息:   started user thread for Warehouse 5
2月 12, 2026 1:02:58 上午 spec.jbb.JBBmain DoARun -> 信息:   started user thread for Warehouse 6
2月 12, 2026 1:02:58 上午 spec.jbb.JBBmain DoARun -> 信息:   started user thread for Warehouse 7
2月 12, 2026 1:02:58 上午 spec.jbb.JBBmain DoARun -> 信息:   started user thread for Warehouse 8
2月 12, 2026 1:02:58 上午 spec.jbb.JBBmain DoARun -> 信息:   started user thread for Warehouse 9
2月 12, 2026 1:02:58 上午 spec.jbb.JBBmain DoARun -> 信息:   started user thread for Warehouse 10
2月 12, 2026 1:02:58 上午 spec.jbb.JBBmain DoARun -> 信息:   started user thread for Warehouse 11
2月 12, 2026 1:02:58 上午 spec.jbb.JBBmain DoARun -> 信息:   started user thread for Warehouse 12
2月 12, 2026 1:02:58 上午 spec.jbb.JBBmain DoARun -> 信息:   started user thread for Warehouse 13
2月 12, 2026 1:02:58 上午 spec.jbb.JBBmain DoARun -> 信息:   started user thread for Warehouse 14
2月 12, 2026 1:02:58 上午 spec.jbb.JBBmain DoARun -> 信息:   started user thread for Warehouse 15
2月 12, 2026 1:02:58 上午 spec.jbb.JBBmain DoARun -> 信息:   started user thread for Warehouse 16
2月 12, 2026 1:02:58 上午 spec.jbb.JBBmain DoARun -> 信息:   started user thread for Warehouse 17
2月 12, 2026 1:02:58 上午 spec.jbb.JBBmain DoARun -> 信息:   started user thread for Warehouse 18
2月 12, 2026 1:02:58 上午 spec.jbb.JBBmain DoARun -> 信息:   started user thread for Warehouse 19
2月 12, 2026 1:02:58 上午 spec.jbb.JBBmain DoARun -> 信息:   started user thread for Warehouse 20
2月 12, 2026 1:02:58 上午 spec.jbb.JBBmain DoARun -> 信息:   started user thread for Warehouse 21
2月 12, 2026 1:02:58 上午 spec.jbb.JBBmain DoARun -> 信息:   started user thread for Warehouse 22
2月 12, 2026 1:02:58 上午 spec.jbb.JBBmain DoARun -> 信息:   started user thread for Warehouse 23
2月 12, 2026 1:02:58 上午 spec.jbb.JBBmain DoARun -> 信息:   started user thread for Warehouse 24
2月 12, 2026 1:02:58 上午 spec.jbb.JBBmain DoARun -> 信息:   started user thread for Warehouse 25
2月 12, 2026 1:02:58 上午 spec.jbb.JBBmain DoARun -> 信息:   started user thread for Warehouse 26
2月 12, 2026 1:02:58 上午 spec.jbb.JBBmain DoARun -> 信息:   started user thread for Warehouse 27
2月 12, 2026 1:02:58 上午 spec.jbb.JBBmain DoARun -> 信息:   started user thread for Warehouse 28
2月 12, 2026 1:02:58 上午 spec.jbb.JBBmain DoARun -> 信息:   started user thread for Warehouse 29
2月 12, 2026 1:02:58 上午 spec.jbb.JBBmain DoARun -> 信息:   started user thread for Warehouse 30
2月 12, 2026 1:02:58 上午 spec.jbb.JBBmain DoARun -> 信息:   started user thread for Warehouse 31
2月 12, 2026 1:02:58 上午 spec.jbb.JBBmain DoARun -> 信息:   started user thread for Warehouse 32
2月 12, 2026 1:02:58 上午 spec.jbb.JBBmain DoARun -> 信息:   started user thread for Warehouse 33
2月 12, 2026 1:02:58 上午 spec.jbb.JBBmain DoARun -> 信息:   started user thread for Warehouse 34
2月 12, 2026 1:02:58 上午 spec.jbb.JBBmain DoARun -> 信息:   started user thread for Warehouse 35
2月 12, 2026 1:02:58 上午 spec.jbb.JBBmain DoARun -> 信息:   started user thread for Warehouse 36
2月 12, 2026 1:02:58 上午 spec.jbb.JBBmain DoARun -> 信息:   started user thread for Warehouse 37
2月 12, 2026 1:02:58 上午 spec.jbb.JBBmain DoARun -> 信息:   started user thread for Warehouse 38
2月 12, 2026 1:02:58 上午 spec.jbb.JBBmain DoARun -> 信息:   started user thread for Warehouse 39
2月 12, 2026 1:02:58 上午 spec.jbb.JBBmain DoARun -> 信息:   started user thread for Warehouse 40
2月 12, 2026 1:02:58 上午 spec.jbb.JBBmain DoARun -> 信息:   started user thread for Warehouse 41
2月 12, 2026 1:02:58 上午 spec.jbb.JBBmain DoARun -> 信息:   started user thread for Warehouse 42
2月 12, 2026 1:02:58 上午 spec.jbb.JBBmain DoARun -> 信息:   started user thread for Warehouse 43
2月 12, 2026 1:02:58 上午 spec.jbb.JBBmain DoARun -> 信息:   started user thread for Warehouse 44
2月 12, 2026 1:02:58 上午 spec.jbb.JBBmain DoARun -> 信息:   started user thread for Warehouse 45
2月 12, 2026 1:02:58 上午 spec.jbb.JBBmain DoARun -> 信息:   started user thread for Warehouse 46
2月 12, 2026 1:02:58 上午 spec.jbb.JBBmain DoARun -> 信息:   started user thread for Warehouse 47
2月 12, 2026 1:02:58 上午 spec.jbb.JBBmain DoARun -> 信息:   started user thread for Warehouse 48
2月 12, 2026 1:02:58 上午 spec.jbb.JBBmain DoARun -> 信息:   started user thread for Warehouse 49
2月 12, 2026 1:02:58 上午 spec.jbb.JBBmain DoARun -> 信息:   started user thread for Warehouse 50
2月 12, 2026 1:02:58 上午 spec.jbb.JBBmain DoARun -> 信息:   started user thread for Warehouse 51
2月 12, 2026 1:02:58 上午 spec.jbb.JBBmain DoARun -> 信息:   started user thread for Warehouse 52
2月 12, 2026 1:02:58 上午 spec.jbb.Company displayResultTotals -> 信息: Timing Measurement began Thu Feb 12 01:02:58 CST 2026 for 0.5 minutes
2月 12, 2026 1:03:28 上午 spec.jbb.Company displayResultTotals -> 信息: Timing Measurement ended Thu Feb 12 01:03:28 CST 2026
2月 12, 2026 1:03:28 上午 spec.jbb.Company primeWithDummyData -> 信息: Loading Warehouse 53...
2月 12, 2026 1:03:28 上午 spec.jbb.JBBmain DoARun -> 信息: Start User Threads
2月 12, 2026 1:03:28 上午 spec.jbb.JBBmain DoARun -> 信息:   started user thread for Warehouse 1
2月 12, 2026 1:03:28 上午 spec.jbb.JBBmain DoARun -> 信息:   started user thread for Warehouse 2
2月 12, 2026 1:03:28 上午 spec.jbb.JBBmain DoARun -> 信息:   started user thread for Warehouse 3
2月 12, 2026 1:03:28 上午 spec.jbb.JBBmain DoARun -> 信息:   started user thread for Warehouse 4
2月 12, 2026 1:03:28 上午 spec.jbb.JBBmain DoARun -> 信息:   started user thread for Warehouse 5
2月 12, 2026 1:03:28 上午 spec.jbb.JBBmain DoARun -> 信息:   started user thread for Warehouse 6
2月 12, 2026 1:03:28 上午 spec.jbb.JBBmain DoARun -> 信息:   started user thread for Warehouse 7
2月 12, 2026 1:03:28 上午 spec.jbb.JBBmain DoARun -> 信息:   started user thread for Warehouse 8
2月 12, 2026 1:03:28 上午 spec.jbb.JBBmain DoARun -> 信息:   started user thread for Warehouse 9
2月 12, 2026 1:03:28 上午 spec.jbb.JBBmain DoARun -> 信息:   started user thread for Warehouse 10
2月 12, 2026 1:03:28 上午 spec.jbb.JBBmain DoARun -> 信息:   started user thread for Warehouse 11
2月 12, 2026 1:03:28 上午 spec.jbb.JBBmain DoARun -> 信息:   started user thread for Warehouse 12
2月 12, 2026 1:03:28 上午 spec.jbb.JBBmain DoARun -> 信息:   started user thread for Warehouse 13
2月 12, 2026 1:03:28 上午 spec.jbb.JBBmain DoARun -> 信息:   started user thread for Warehouse 14
2月 12, 2026 1:03:28 上午 spec.jbb.JBBmain DoARun -> 信息:   started user thread for Warehouse 15
2月 12, 2026 1:03:28 上午 spec.jbb.JBBmain DoARun -> 信息:   started user thread for Warehouse 16
2月 12, 2026 1:03:28 上午 spec.jbb.JBBmain DoARun -> 信息:   started user thread for Warehouse 17
2月 12, 2026 1:03:28 上午 spec.jbb.JBBmain DoARun -> 信息:   started user thread for Warehouse 18
2月 12, 2026 1:03:28 上午 spec.jbb.JBBmain DoARun -> 信息:   started user thread for Warehouse 19
2月 12, 2026 1:03:28 上午 spec.jbb.JBBmain DoARun -> 信息:   started user thread for Warehouse 20
2月 12, 2026 1:03:28 上午 spec.jbb.JBBmain DoARun -> 信息:   started user thread for Warehouse 21
2月 12, 2026 1:03:28 上午 spec.jbb.JBBmain DoARun -> 信息:   started user thread for Warehouse 22
2月 12, 2026 1:03:28 上午 spec.jbb.JBBmain DoARun -> 信息:   started user thread for Warehouse 23
2月 12, 2026 1:03:28 上午 spec.jbb.JBBmain DoARun -> 信息:   started user thread for Warehouse 24
2月 12, 2026 1:03:28 上午 spec.jbb.JBBmain DoARun -> 信息:   started user thread for Warehouse 25
2月 12, 2026 1:03:28 上午 spec.jbb.JBBmain DoARun -> 信息:   started user thread for Warehouse 26
2月 12, 2026 1:03:28 上午 spec.jbb.JBBmain DoARun -> 信息:   started user thread for Warehouse 27
2月 12, 2026 1:03:28 上午 spec.jbb.JBBmain DoARun -> 信息:   started user thread for Warehouse 28
2月 12, 2026 1:03:28 上午 spec.jbb.JBBmain DoARun -> 信息:   started user thread for Warehouse 29
2月 12, 2026 1:03:28 上午 spec.jbb.JBBmain DoARun -> 信息:   started user thread for Warehouse 30
2月 12, 2026 1:03:28 上午 spec.jbb.JBBmain DoARun -> 信息:   started user thread for Warehouse 31
2月 12, 2026 1:03:28 上午 spec.jbb.JBBmain DoARun -> 信息:   started user thread for Warehouse 32
2月 12, 2026 1:03:28 上午 spec.jbb.JBBmain DoARun -> 信息:   started user thread for Warehouse 33
2月 12, 2026 1:03:28 上午 spec.jbb.JBBmain DoARun -> 信息:   started user thread for Warehouse 34
2月 12, 2026 1:03:28 上午 spec.jbb.JBBmain DoARun -> 信息:   started user thread for Warehouse 35
2月 12, 2026 1:03:28 上午 spec.jbb.JBBmain DoARun -> 信息:   started user thread for Warehouse 36
2月 12, 2026 1:03:28 上午 spec.jbb.JBBmain DoARun -> 信息:   started user thread for Warehouse 37
2月 12, 2026 1:03:28 上午 spec.jbb.JBBmain DoARun -> 信息:   started user thread for Warehouse 38
2月 12, 2026 1:03:28 上午 spec.jbb.JBBmain DoARun -> 信息:   started user thread for Warehouse 39
2月 12, 2026 1:03:28 上午 spec.jbb.JBBmain DoARun -> 信息:   started user thread for Warehouse 40
2月 12, 2026 1:03:28 上午 spec.jbb.JBBmain DoARun -> 信息:   started user thread for Warehouse 41
2月 12, 2026 1:03:28 上午 spec.jbb.JBBmain DoARun -> 信息:   started user thread for Warehouse 42
2月 12, 2026 1:03:28 上午 spec.jbb.JBBmain DoARun -> 信息:   started user thread for Warehouse 43
2月 12, 2026 1:03:28 上午 spec.jbb.JBBmain DoARun -> 信息:   started user thread for Warehouse 44
2月 12, 2026 1:03:28 上午 spec.jbb.JBBmain DoARun -> 信息:   started user thread for Warehouse 45
2月 12, 2026 1:03:28 上午 spec.jbb.JBBmain DoARun -> 信息:   started user thread for Warehouse 46
2月 12, 2026 1:03:28 上午 spec.jbb.JBBmain DoARun -> 信息:   started user thread for Warehouse 47
2月 12, 2026 1:03:28 上午 spec.jbb.JBBmain DoARun -> 信息:   started user thread for Warehouse 48
2月 12, 2026 1:03:28 上午 spec.jbb.JBBmain DoARun -> 信息:   started user thread for Warehouse 49
2月 12, 2026 1:03:28 上午 spec.jbb.JBBmain DoARun -> 信息:   started user thread for Warehouse 50
2月 12, 2026 1:03:28 上午 spec.jbb.JBBmain DoARun -> 信息:   started user thread for Warehouse 51
2月 12, 2026 1:03:28 上午 spec.jbb.JBBmain DoARun -> 信息:   started user thread for Warehouse 52
2月 12, 2026 1:03:28 上午 spec.jbb.JBBmain DoARun -> 信息:   started user thread for Warehouse 53
2月 12, 2026 1:03:28 上午 spec.jbb.Company displayResultTotals -> 信息: Timing Measurement began Thu Feb 12 01:03:28 CST 2026 for 0.5 minutes
2月 12, 2026 1:03:58 上午 spec.jbb.Company displayResultTotals -> 信息: Timing Measurement ended Thu Feb 12 01:03:58 CST 2026
2月 12, 2026 1:03:58 上午 spec.jbb.Company primeWithDummyData -> 信息: Loading Warehouse 54...
2月 12, 2026 1:03:58 上午 spec.jbb.JBBmain DoARun -> 信息: Start User Threads
2月 12, 2026 1:03:58 上午 spec.jbb.JBBmain DoARun -> 信息:   started user thread for Warehouse 1
2月 12, 2026 1:03:58 上午 spec.jbb.JBBmain DoARun -> 信息:   started user thread for Warehouse 2
2月 12, 2026 1:03:58 上午 spec.jbb.JBBmain DoARun -> 信息:   started user thread for Warehouse 3
2月 12, 2026 1:03:58 上午 spec.jbb.JBBmain DoARun -> 信息:   started user thread for Warehouse 4
2月 12, 2026 1:03:58 上午 spec.jbb.JBBmain DoARun -> 信息:   started user thread for Warehouse 5
2月 12, 2026 1:03:58 上午 spec.jbb.JBBmain DoARun -> 信息:   started user thread for Warehouse 6
2月 12, 2026 1:03:58 上午 spec.jbb.JBBmain DoARun -> 信息:   started user thread for Warehouse 7
2月 12, 2026 1:03:58 上午 spec.jbb.JBBmain DoARun -> 信息:   started user thread for Warehouse 8
2月 12, 2026 1:03:58 上午 spec.jbb.JBBmain DoARun -> 信息:   started user thread for Warehouse 9
2月 12, 2026 1:03:58 上午 spec.jbb.JBBmain DoARun -> 信息:   started user thread for Warehouse 10
2月 12, 2026 1:03:58 上午 spec.jbb.JBBmain DoARun -> 信息:   started user thread for Warehouse 11
2月 12, 2026 1:03:58 上午 spec.jbb.JBBmain DoARun -> 信息:   started user thread for Warehouse 12
2月 12, 2026 1:03:58 上午 spec.jbb.JBBmain DoARun -> 信息:   started user thread for Warehouse 13
2月 12, 2026 1:03:58 上午 spec.jbb.JBBmain DoARun -> 信息:   started user thread for Warehouse 14
2月 12, 2026 1:03:58 上午 spec.jbb.JBBmain DoARun -> 信息:   started user thread for Warehouse 15
2月 12, 2026 1:03:58 上午 spec.jbb.JBBmain DoARun -> 信息:   started user thread for Warehouse 16
2月 12, 2026 1:03:58 上午 spec.jbb.JBBmain DoARun -> 信息:   started user thread for Warehouse 17
2月 12, 2026 1:03:58 上午 spec.jbb.JBBmain DoARun -> 信息:   started user thread for Warehouse 18
2月 12, 2026 1:03:58 上午 spec.jbb.JBBmain DoARun -> 信息:   started user thread for Warehouse 19
2月 12, 2026 1:03:58 上午 spec.jbb.JBBmain DoARun -> 信息:   started user thread for Warehouse 20
2月 12, 2026 1:03:58 上午 spec.jbb.JBBmain DoARun -> 信息:   started user thread for Warehouse 21
2月 12, 2026 1:03:58 上午 spec.jbb.JBBmain DoARun -> 信息:   started user thread for Warehouse 22
2月 12, 2026 1:03:58 上午 spec.jbb.JBBmain DoARun -> 信息:   started user thread for Warehouse 23
2月 12, 2026 1:03:58 上午 spec.jbb.JBBmain DoARun -> 信息:   started user thread for Warehouse 24
2月 12, 2026 1:03:58 上午 spec.jbb.JBBmain DoARun -> 信息:   started user thread for Warehouse 25
2月 12, 2026 1:03:58 上午 spec.jbb.JBBmain DoARun -> 信息:   started user thread for Warehouse 26
2月 12, 2026 1:03:58 上午 spec.jbb.JBBmain DoARun -> 信息:   started user thread for Warehouse 27
2月 12, 2026 1:03:58 上午 spec.jbb.JBBmain DoARun -> 信息:   started user thread for Warehouse 28
2月 12, 2026 1:03:58 上午 spec.jbb.JBBmain DoARun -> 信息:   started user thread for Warehouse 29
2月 12, 2026 1:03:58 上午 spec.jbb.JBBmain DoARun -> 信息:   started user thread for Warehouse 30
2月 12, 2026 1:03:58 上午 spec.jbb.JBBmain DoARun -> 信息:   started user thread for Warehouse 31
2月 12, 2026 1:03:58 上午 spec.jbb.JBBmain DoARun -> 信息:   started user thread for Warehouse 32
2月 12, 2026 1:03:58 上午 spec.jbb.JBBmain DoARun -> 信息:   started user thread for Warehouse 33
2月 12, 2026 1:03:58 上午 spec.jbb.JBBmain DoARun -> 信息:   started user thread for Warehouse 34
2月 12, 2026 1:03:58 上午 spec.jbb.JBBmain DoARun -> 信息:   started user thread for Warehouse 35
2月 12, 2026 1:03:58 上午 spec.jbb.JBBmain DoARun -> 信息:   started user thread for Warehouse 36
2月 12, 2026 1:03:58 上午 spec.jbb.JBBmain DoARun -> 信息:   started user thread for Warehouse 37
2月 12, 2026 1:03:58 上午 spec.jbb.JBBmain DoARun -> 信息:   started user thread for Warehouse 38
2月 12, 2026 1:03:58 上午 spec.jbb.JBBmain DoARun -> 信息:   started user thread for Warehouse 39
2月 12, 2026 1:03:58 上午 spec.jbb.JBBmain DoARun -> 信息:   started user thread for Warehouse 40
2月 12, 2026 1:03:58 上午 spec.jbb.JBBmain DoARun -> 信息:   started user thread for Warehouse 41
2月 12, 2026 1:03:58 上午 spec.jbb.JBBmain DoARun -> 信息:   started user thread for Warehouse 42
2月 12, 2026 1:03:58 上午 spec.jbb.JBBmain DoARun -> 信息:   started user thread for Warehouse 43
2月 12, 2026 1:03:58 上午 spec.jbb.JBBmain DoARun -> 信息:   started user thread for Warehouse 44
2月 12, 2026 1:03:58 上午 spec.jbb.JBBmain DoARun -> 信息:   started user thread for Warehouse 45
2月 12, 2026 1:03:58 上午 spec.jbb.JBBmain DoARun -> 信息:   started user thread for Warehouse 46
2月 12, 2026 1:03:58 上午 spec.jbb.JBBmain DoARun -> 信息:   started user thread for Warehouse 47
2月 12, 2026 1:03:58 上午 spec.jbb.JBBmain DoARun -> 信息:   started user thread for Warehouse 48
2月 12, 2026 1:03:58 上午 spec.jbb.JBBmain DoARun -> 信息:   started user thread for Warehouse 49
2月 12, 2026 1:03:58 上午 spec.jbb.JBBmain DoARun -> 信息:   started user thread for Warehouse 50
2月 12, 2026 1:03:58 上午 spec.jbb.JBBmain DoARun -> 信息:   started user thread for Warehouse 51
2月 12, 2026 1:03:58 上午 spec.jbb.JBBmain DoARun -> 信息:   started user thread for Warehouse 52
2月 12, 2026 1:03:58 上午 spec.jbb.JBBmain DoARun -> 信息:   started user thread for Warehouse 53
2月 12, 2026 1:03:58 上午 spec.jbb.JBBmain DoARun -> 信息:   started user thread for Warehouse 54
2月 12, 2026 1:03:58 上午 spec.jbb.Company displayResultTotals -> 信息: Timing Measurement began Thu Feb 12 01:03:58 CST 2026 for 0.5 minutes
2月 12, 2026 1:04:28 上午 spec.jbb.Company displayResultTotals -> 信息: Timing Measurement ended Thu Feb 12 01:04:28 CST 2026
2月 12, 2026 1:04:28 上午 spec.jbb.Company primeWithDummyData -> 信息: Loading Warehouse 55...
2月 12, 2026 1:04:29 上午 spec.jbb.JBBmain DoARun -> 信息: Start User Threads
2月 12, 2026 1:04:29 上午 spec.jbb.JBBmain DoARun -> 信息:   started user thread for Warehouse 1
2月 12, 2026 1:04:29 上午 spec.jbb.JBBmain DoARun -> 信息:   started user thread for Warehouse 2
2月 12, 2026 1:04:29 上午 spec.jbb.JBBmain DoARun -> 信息:   started user thread for Warehouse 3
2月 12, 2026 1:04:29 上午 spec.jbb.JBBmain DoARun -> 信息:   started user thread for Warehouse 4
2月 12, 2026 1:04:29 上午 spec.jbb.JBBmain DoARun -> 信息:   started user thread for Warehouse 5
2月 12, 2026 1:04:29 上午 spec.jbb.JBBmain DoARun -> 信息:   started user thread for Warehouse 6
2月 12, 2026 1:04:29 上午 spec.jbb.JBBmain DoARun -> 信息:   started user thread for Warehouse 7
2月 12, 2026 1:04:29 上午 spec.jbb.JBBmain DoARun -> 信息:   started user thread for Warehouse 8
2月 12, 2026 1:04:29 上午 spec.jbb.JBBmain DoARun -> 信息:   started user thread for Warehouse 9
2月 12, 2026 1:04:29 上午 spec.jbb.JBBmain DoARun -> 信息:   started user thread for Warehouse 10
2月 12, 2026 1:04:29 上午 spec.jbb.JBBmain DoARun -> 信息:   started user thread for Warehouse 11
2月 12, 2026 1:04:29 上午 spec.jbb.JBBmain DoARun -> 信息:   started user thread for Warehouse 12
2月 12, 2026 1:04:29 上午 spec.jbb.JBBmain DoARun -> 信息:   started user thread for Warehouse 13
2月 12, 2026 1:04:29 上午 spec.jbb.JBBmain DoARun -> 信息:   started user thread for Warehouse 14
2月 12, 2026 1:04:29 上午 spec.jbb.JBBmain DoARun -> 信息:   started user thread for Warehouse 15
2月 12, 2026 1:04:29 上午 spec.jbb.JBBmain DoARun -> 信息:   started user thread for Warehouse 16
2月 12, 2026 1:04:29 上午 spec.jbb.JBBmain DoARun -> 信息:   started user thread for Warehouse 17
2月 12, 2026 1:04:29 上午 spec.jbb.JBBmain DoARun -> 信息:   started user thread for Warehouse 18
2月 12, 2026 1:04:29 上午 spec.jbb.JBBmain DoARun -> 信息:   started user thread for Warehouse 19
2月 12, 2026 1:04:29 上午 spec.jbb.JBBmain DoARun -> 信息:   started user thread for Warehouse 20
2月 12, 2026 1:04:29 上午 spec.jbb.JBBmain DoARun -> 信息:   started user thread for Warehouse 21
2月 12, 2026 1:04:29 上午 spec.jbb.JBBmain DoARun -> 信息:   started user thread for Warehouse 22
2月 12, 2026 1:04:29 上午 spec.jbb.JBBmain DoARun -> 信息:   started user thread for Warehouse 23
2月 12, 2026 1:04:29 上午 spec.jbb.JBBmain DoARun -> 信息:   started user thread for Warehouse 24
2月 12, 2026 1:04:29 上午 spec.jbb.JBBmain DoARun -> 信息:   started user thread for Warehouse 25
2月 12, 2026 1:04:29 上午 spec.jbb.JBBmain DoARun -> 信息:   started user thread for Warehouse 26
2月 12, 2026 1:04:29 上午 spec.jbb.JBBmain DoARun -> 信息:   started user thread for Warehouse 27
2月 12, 2026 1:04:29 上午 spec.jbb.JBBmain DoARun -> 信息:   started user thread for Warehouse 28
2月 12, 2026 1:04:29 上午 spec.jbb.JBBmain DoARun -> 信息:   started user thread for Warehouse 29
2月 12, 2026 1:04:29 上午 spec.jbb.JBBmain DoARun -> 信息:   started user thread for Warehouse 30
2月 12, 2026 1:04:29 上午 spec.jbb.JBBmain DoARun -> 信息:   started user thread for Warehouse 31
2月 12, 2026 1:04:29 上午 spec.jbb.JBBmain DoARun -> 信息:   started user thread for Warehouse 32
2月 12, 2026 1:04:29 上午 spec.jbb.JBBmain DoARun -> 信息:   started user thread for Warehouse 33
2月 12, 2026 1:04:29 上午 spec.jbb.JBBmain DoARun -> 信息:   started user thread for Warehouse 34
2月 12, 2026 1:04:29 上午 spec.jbb.JBBmain DoARun -> 信息:   started user thread for Warehouse 35
2月 12, 2026 1:04:29 上午 spec.jbb.JBBmain DoARun -> 信息:   started user thread for Warehouse 36
2月 12, 2026 1:04:29 上午 spec.jbb.JBBmain DoARun -> 信息:   started user thread for Warehouse 37
2月 12, 2026 1:04:29 上午 spec.jbb.JBBmain DoARun -> 信息:   started user thread for Warehouse 38
2月 12, 2026 1:04:29 上午 spec.jbb.JBBmain DoARun -> 信息:   started user thread for Warehouse 39
2月 12, 2026 1:04:29 上午 spec.jbb.JBBmain DoARun -> 信息:   started user thread for Warehouse 40
2月 12, 2026 1:04:29 上午 spec.jbb.JBBmain DoARun -> 信息:   started user thread for Warehouse 41
2月 12, 2026 1:04:29 上午 spec.jbb.JBBmain DoARun -> 信息:   started user thread for Warehouse 42
2月 12, 2026 1:04:29 上午 spec.jbb.JBBmain DoARun -> 信息:   started user thread for Warehouse 43
2月 12, 2026 1:04:29 上午 spec.jbb.JBBmain DoARun -> 信息:   started user thread for Warehouse 44
2月 12, 2026 1:04:29 上午 spec.jbb.JBBmain DoARun -> 信息:   started user thread for Warehouse 45
2月 12, 2026 1:04:29 上午 spec.jbb.JBBmain DoARun -> 信息:   started user thread for Warehouse 46
2月 12, 2026 1:04:29 上午 spec.jbb.JBBmain DoARun -> 信息:   started user thread for Warehouse 47
2月 12, 2026 1:04:29 上午 spec.jbb.JBBmain DoARun -> 信息:   started user thread for Warehouse 48
2月 12, 2026 1:04:29 上午 spec.jbb.JBBmain DoARun -> 信息:   started user thread for Warehouse 49
2月 12, 2026 1:04:29 上午 spec.jbb.JBBmain DoARun -> 信息:   started user thread for Warehouse 50
2月 12, 2026 1:04:29 上午 spec.jbb.JBBmain DoARun -> 信息:   started user thread for Warehouse 51
2月 12, 2026 1:04:29 上午 spec.jbb.JBBmain DoARun -> 信息:   started user thread for Warehouse 52
2月 12, 2026 1:04:29 上午 spec.jbb.JBBmain DoARun -> 信息:   started user thread for Warehouse 53
2月 12, 2026 1:04:29 上午 spec.jbb.JBBmain DoARun -> 信息:   started user thread for Warehouse 54
2月 12, 2026 1:04:29 上午 spec.jbb.JBBmain DoARun -> 信息:   started user thread for Warehouse 55
2月 12, 2026 1:04:29 上午 spec.jbb.Company displayResultTotals -> 信息: Timing Measurement began Thu Feb 12 01:04:29 CST 2026 for 0.5 minutes
2月 12, 2026 1:04:59 上午 spec.jbb.Company displayResultTotals -> 信息: Timing Measurement ended Thu Feb 12 01:04:59 CST 2026
2月 12, 2026 1:04:59 上午 spec.jbb.Company primeWithDummyData -> 信息: Loading Warehouse 56...
2月 12, 2026 1:04:59 上午 spec.jbb.JBBmain DoARun -> 信息: Start User Threads
2月 12, 2026 1:04:59 上午 spec.jbb.JBBmain DoARun -> 信息:   started user thread for Warehouse 1
2月 12, 2026 1:04:59 上午 spec.jbb.JBBmain DoARun -> 信息:   started user thread for Warehouse 2
2月 12, 2026 1:04:59 上午 spec.jbb.JBBmain DoARun -> 信息:   started user thread for Warehouse 3
2月 12, 2026 1:04:59 上午 spec.jbb.JBBmain DoARun -> 信息:   started user thread for Warehouse 4
2月 12, 2026 1:04:59 上午 spec.jbb.JBBmain DoARun -> 信息:   started user thread for Warehouse 5
2月 12, 2026 1:04:59 上午 spec.jbb.JBBmain DoARun -> 信息:   started user thread for Warehouse 6
2月 12, 2026 1:04:59 上午 spec.jbb.JBBmain DoARun -> 信息:   started user thread for Warehouse 7
2月 12, 2026 1:04:59 上午 spec.jbb.JBBmain DoARun -> 信息:   started user thread for Warehouse 8
2月 12, 2026 1:04:59 上午 spec.jbb.JBBmain DoARun -> 信息:   started user thread for Warehouse 9
2月 12, 2026 1:04:59 上午 spec.jbb.JBBmain DoARun -> 信息:   started user thread for Warehouse 10
2月 12, 2026 1:04:59 上午 spec.jbb.JBBmain DoARun -> 信息:   started user thread for Warehouse 11
2月 12, 2026 1:04:59 上午 spec.jbb.JBBmain DoARun -> 信息:   started user thread for Warehouse 12
2月 12, 2026 1:04:59 上午 spec.jbb.JBBmain DoARun -> 信息:   started user thread for Warehouse 13
2月 12, 2026 1:04:59 上午 spec.jbb.JBBmain DoARun -> 信息:   started user thread for Warehouse 14
2月 12, 2026 1:04:59 上午 spec.jbb.JBBmain DoARun -> 信息:   started user thread for Warehouse 15
2月 12, 2026 1:04:59 上午 spec.jbb.JBBmain DoARun -> 信息:   started user thread for Warehouse 16
2月 12, 2026 1:04:59 上午 spec.jbb.JBBmain DoARun -> 信息:   started user thread for Warehouse 17
2月 12, 2026 1:04:59 上午 spec.jbb.JBBmain DoARun -> 信息:   started user thread for Warehouse 18
2月 12, 2026 1:04:59 上午 spec.jbb.JBBmain DoARun -> 信息:   started user thread for Warehouse 19
2月 12, 2026 1:04:59 上午 spec.jbb.JBBmain DoARun -> 信息:   started user thread for Warehouse 20
2月 12, 2026 1:04:59 上午 spec.jbb.JBBmain DoARun -> 信息:   started user thread for Warehouse 21
2月 12, 2026 1:04:59 上午 spec.jbb.JBBmain DoARun -> 信息:   started user thread for Warehouse 22
2月 12, 2026 1:04:59 上午 spec.jbb.JBBmain DoARun -> 信息:   started user thread for Warehouse 23
2月 12, 2026 1:04:59 上午 spec.jbb.JBBmain DoARun -> 信息:   started user thread for Warehouse 24
2月 12, 2026 1:04:59 上午 spec.jbb.JBBmain DoARun -> 信息:   started user thread for Warehouse 25
2月 12, 2026 1:04:59 上午 spec.jbb.JBBmain DoARun -> 信息:   started user thread for Warehouse 26
2月 12, 2026 1:04:59 上午 spec.jbb.JBBmain DoARun -> 信息:   started user thread for Warehouse 27
2月 12, 2026 1:04:59 上午 spec.jbb.JBBmain DoARun -> 信息:   started user thread for Warehouse 28
2月 12, 2026 1:04:59 上午 spec.jbb.JBBmain DoARun -> 信息:   started user thread for Warehouse 29
2月 12, 2026 1:04:59 上午 spec.jbb.JBBmain DoARun -> 信息:   started user thread for Warehouse 30
2月 12, 2026 1:04:59 上午 spec.jbb.JBBmain DoARun -> 信息:   started user thread for Warehouse 31
2月 12, 2026 1:04:59 上午 spec.jbb.JBBmain DoARun -> 信息:   started user thread for Warehouse 32
2月 12, 2026 1:04:59 上午 spec.jbb.JBBmain DoARun -> 信息:   started user thread for Warehouse 33
2月 12, 2026 1:04:59 上午 spec.jbb.JBBmain DoARun -> 信息:   started user thread for Warehouse 34
2月 12, 2026 1:04:59 上午 spec.jbb.JBBmain DoARun -> 信息:   started user thread for Warehouse 35
2月 12, 2026 1:04:59 上午 spec.jbb.JBBmain DoARun -> 信息:   started user thread for Warehouse 36
2月 12, 2026 1:04:59 上午 spec.jbb.JBBmain DoARun -> 信息:   started user thread for Warehouse 37
2月 12, 2026 1:04:59 上午 spec.jbb.JBBmain DoARun -> 信息:   started user thread for Warehouse 38
2月 12, 2026 1:04:59 上午 spec.jbb.JBBmain DoARun -> 信息:   started user thread for Warehouse 39
2月 12, 2026 1:04:59 上午 spec.jbb.JBBmain DoARun -> 信息:   started user thread for Warehouse 40
2月 12, 2026 1:04:59 上午 spec.jbb.JBBmain DoARun -> 信息:   started user thread for Warehouse 41
2月 12, 2026 1:04:59 上午 spec.jbb.JBBmain DoARun -> 信息:   started user thread for Warehouse 42
2月 12, 2026 1:04:59 上午 spec.jbb.JBBmain DoARun -> 信息:   started user thread for Warehouse 43
2月 12, 2026 1:04:59 上午 spec.jbb.JBBmain DoARun -> 信息:   started user thread for Warehouse 44
2月 12, 2026 1:04:59 上午 spec.jbb.JBBmain DoARun -> 信息:   started user thread for Warehouse 45
2月 12, 2026 1:04:59 上午 spec.jbb.JBBmain DoARun -> 信息:   started user thread for Warehouse 46
2月 12, 2026 1:04:59 上午 spec.jbb.JBBmain DoARun -> 信息:   started user thread for Warehouse 47
2月 12, 2026 1:04:59 上午 spec.jbb.JBBmain DoARun -> 信息:   started user thread for Warehouse 48
2月 12, 2026 1:04:59 上午 spec.jbb.JBBmain DoARun -> 信息:   started user thread for Warehouse 49
2月 12, 2026 1:04:59 上午 spec.jbb.JBBmain DoARun -> 信息:   started user thread for Warehouse 50
2月 12, 2026 1:04:59 上午 spec.jbb.JBBmain DoARun -> 信息:   started user thread for Warehouse 51
2月 12, 2026 1:04:59 上午 spec.jbb.JBBmain DoARun -> 信息:   started user thread for Warehouse 52
2月 12, 2026 1:04:59 上午 spec.jbb.JBBmain DoARun -> 信息:   started user thread for Warehouse 53
2月 12, 2026 1:04:59 上午 spec.jbb.JBBmain DoARun -> 信息:   started user thread for Warehouse 54
2月 12, 2026 1:04:59 上午 spec.jbb.JBBmain DoARun -> 信息:   started user thread for Warehouse 55
2月 12, 2026 1:04:59 上午 spec.jbb.JBBmain DoARun -> 信息:   started user thread for Warehouse 56
2月 12, 2026 1:04:59 上午 spec.jbb.Company displayResultTotals -> 信息: Timing Measurement began Thu Feb 12 01:04:59 CST 2026 for 0.5 minutes
2月 12, 2026 1:05:29 上午 spec.jbb.Company displayResultTotals -> 信息: Timing Measurement ended Thu Feb 12 01:05:29 CST 2026
2月 12, 2026 1:05:29 上午 spec.jbb.Company primeWithDummyData -> 信息: Loading Warehouse 57...
2月 12, 2026 1:05:29 上午 spec.jbb.JBBmain DoARun -> 信息: Start User Threads
2月 12, 2026 1:05:29 上午 spec.jbb.JBBmain DoARun -> 信息:   started user thread for Warehouse 1
2月 12, 2026 1:05:29 上午 spec.jbb.JBBmain DoARun -> 信息:   started user thread for Warehouse 2
2月 12, 2026 1:05:29 上午 spec.jbb.JBBmain DoARun -> 信息:   started user thread for Warehouse 3
2月 12, 2026 1:05:29 上午 spec.jbb.JBBmain DoARun -> 信息:   started user thread for Warehouse 4
2月 12, 2026 1:05:29 上午 spec.jbb.JBBmain DoARun -> 信息:   started user thread for Warehouse 5
2月 12, 2026 1:05:29 上午 spec.jbb.JBBmain DoARun -> 信息:   started user thread for Warehouse 6
2月 12, 2026 1:05:29 上午 spec.jbb.JBBmain DoARun -> 信息:   started user thread for Warehouse 7
2月 12, 2026 1:05:29 上午 spec.jbb.JBBmain DoARun -> 信息:   started user thread for Warehouse 8
2月 12, 2026 1:05:29 上午 spec.jbb.JBBmain DoARun -> 信息:   started user thread for Warehouse 9
2月 12, 2026 1:05:29 上午 spec.jbb.JBBmain DoARun -> 信息:   started user thread for Warehouse 10
2月 12, 2026 1:05:29 上午 spec.jbb.JBBmain DoARun -> 信息:   started user thread for Warehouse 11
2月 12, 2026 1:05:29 上午 spec.jbb.JBBmain DoARun -> 信息:   started user thread for Warehouse 12
2月 12, 2026 1:05:29 上午 spec.jbb.JBBmain DoARun -> 信息:   started user thread for Warehouse 13
2月 12, 2026 1:05:29 上午 spec.jbb.JBBmain DoARun -> 信息:   started user thread for Warehouse 14
2月 12, 2026 1:05:29 上午 spec.jbb.JBBmain DoARun -> 信息:   started user thread for Warehouse 15
2月 12, 2026 1:05:29 上午 spec.jbb.JBBmain DoARun -> 信息:   started user thread for Warehouse 16
2月 12, 2026 1:05:29 上午 spec.jbb.JBBmain DoARun -> 信息:   started user thread for Warehouse 17
2月 12, 2026 1:05:29 上午 spec.jbb.JBBmain DoARun -> 信息:   started user thread for Warehouse 18
2月 12, 2026 1:05:29 上午 spec.jbb.JBBmain DoARun -> 信息:   started user thread for Warehouse 19
2月 12, 2026 1:05:29 上午 spec.jbb.JBBmain DoARun -> 信息:   started user thread for Warehouse 20
2月 12, 2026 1:05:29 上午 spec.jbb.JBBmain DoARun -> 信息:   started user thread for Warehouse 21
2月 12, 2026 1:05:29 上午 spec.jbb.JBBmain DoARun -> 信息:   started user thread for Warehouse 22
2月 12, 2026 1:05:29 上午 spec.jbb.JBBmain DoARun -> 信息:   started user thread for Warehouse 23
2月 12, 2026 1:05:29 上午 spec.jbb.JBBmain DoARun -> 信息:   started user thread for Warehouse 24
2月 12, 2026 1:05:29 上午 spec.jbb.JBBmain DoARun -> 信息:   started user thread for Warehouse 25
2月 12, 2026 1:05:29 上午 spec.jbb.JBBmain DoARun -> 信息:   started user thread for Warehouse 26
2月 12, 2026 1:05:29 上午 spec.jbb.JBBmain DoARun -> 信息:   started user thread for Warehouse 27
2月 12, 2026 1:05:29 上午 spec.jbb.JBBmain DoARun -> 信息:   started user thread for Warehouse 28
2月 12, 2026 1:05:29 上午 spec.jbb.JBBmain DoARun -> 信息:   started user thread for Warehouse 29
2月 12, 2026 1:05:29 上午 spec.jbb.JBBmain DoARun -> 信息:   started user thread for Warehouse 30
2月 12, 2026 1:05:29 上午 spec.jbb.JBBmain DoARun -> 信息:   started user thread for Warehouse 31
2月 12, 2026 1:05:29 上午 spec.jbb.JBBmain DoARun -> 信息:   started user thread for Warehouse 32
2月 12, 2026 1:05:29 上午 spec.jbb.JBBmain DoARun -> 信息:   started user thread for Warehouse 33
2月 12, 2026 1:05:29 上午 spec.jbb.JBBmain DoARun -> 信息:   started user thread for Warehouse 34
2月 12, 2026 1:05:29 上午 spec.jbb.JBBmain DoARun -> 信息:   started user thread for Warehouse 35
2月 12, 2026 1:05:29 上午 spec.jbb.JBBmain DoARun -> 信息:   started user thread for Warehouse 36
2月 12, 2026 1:05:29 上午 spec.jbb.JBBmain DoARun -> 信息:   started user thread for Warehouse 37
2月 12, 2026 1:05:29 上午 spec.jbb.JBBmain DoARun -> 信息:   started user thread for Warehouse 38
2月 12, 2026 1:05:29 上午 spec.jbb.JBBmain DoARun -> 信息:   started user thread for Warehouse 39
2月 12, 2026 1:05:29 上午 spec.jbb.JBBmain DoARun -> 信息:   started user thread for Warehouse 40
2月 12, 2026 1:05:29 上午 spec.jbb.JBBmain DoARun -> 信息:   started user thread for Warehouse 41
2月 12, 2026 1:05:29 上午 spec.jbb.JBBmain DoARun -> 信息:   started user thread for Warehouse 42
2月 12, 2026 1:05:29 上午 spec.jbb.JBBmain DoARun -> 信息:   started user thread for Warehouse 43
2月 12, 2026 1:05:29 上午 spec.jbb.JBBmain DoARun -> 信息:   started user thread for Warehouse 44
2月 12, 2026 1:05:29 上午 spec.jbb.JBBmain DoARun -> 信息:   started user thread for Warehouse 45
2月 12, 2026 1:05:29 上午 spec.jbb.JBBmain DoARun -> 信息:   started user thread for Warehouse 46
2月 12, 2026 1:05:29 上午 spec.jbb.JBBmain DoARun -> 信息:   started user thread for Warehouse 47
2月 12, 2026 1:05:29 上午 spec.jbb.JBBmain DoARun -> 信息:   started user thread for Warehouse 48
2月 12, 2026 1:05:29 上午 spec.jbb.JBBmain DoARun -> 信息:   started user thread for Warehouse 49
2月 12, 2026 1:05:29 上午 spec.jbb.JBBmain DoARun -> 信息:   started user thread for Warehouse 50
2月 12, 2026 1:05:29 上午 spec.jbb.JBBmain DoARun -> 信息:   started user thread for Warehouse 51
2月 12, 2026 1:05:29 上午 spec.jbb.JBBmain DoARun -> 信息:   started user thread for Warehouse 52
2月 12, 2026 1:05:29 上午 spec.jbb.JBBmain DoARun -> 信息:   started user thread for Warehouse 53
2月 12, 2026 1:05:29 上午 spec.jbb.JBBmain DoARun -> 信息:   started user thread for Warehouse 54
2月 12, 2026 1:05:29 上午 spec.jbb.JBBmain DoARun -> 信息:   started user thread for Warehouse 55
2月 12, 2026 1:05:29 上午 spec.jbb.JBBmain DoARun -> 信息:   started user thread for Warehouse 56
2月 12, 2026 1:05:29 上午 spec.jbb.JBBmain DoARun -> 信息:   started user thread for Warehouse 57
2月 12, 2026 1:05:29 上午 spec.jbb.Company displayResultTotals -> 信息: Timing Measurement began Thu Feb 12 01:05:29 CST 2026 for 0.5 minutes
2月 12, 2026 1:05:59 上午 spec.jbb.Company displayResultTotals -> 信息: Timing Measurement ended Thu Feb 12 01:05:59 CST 2026
2月 12, 2026 1:05:59 上午 spec.jbb.Company primeWithDummyData -> 信息: Loading Warehouse 58...
2月 12, 2026 1:06:00 上午 spec.jbb.JBBmain DoARun -> 信息: Start User Threads
2月 12, 2026 1:06:00 上午 spec.jbb.JBBmain DoARun -> 信息:   started user thread for Warehouse 1
2月 12, 2026 1:06:00 上午 spec.jbb.JBBmain DoARun -> 信息:   started user thread for Warehouse 2
2月 12, 2026 1:06:00 上午 spec.jbb.JBBmain DoARun -> 信息:   started user thread for Warehouse 3
2月 12, 2026 1:06:00 上午 spec.jbb.JBBmain DoARun -> 信息:   started user thread for Warehouse 4
2月 12, 2026 1:06:00 上午 spec.jbb.JBBmain DoARun -> 信息:   started user thread for Warehouse 5
2月 12, 2026 1:06:00 上午 spec.jbb.JBBmain DoARun -> 信息:   started user thread for Warehouse 6
2月 12, 2026 1:06:00 上午 spec.jbb.JBBmain DoARun -> 信息:   started user thread for Warehouse 7
2月 12, 2026 1:06:00 上午 spec.jbb.JBBmain DoARun -> 信息:   started user thread for Warehouse 8
2月 12, 2026 1:06:00 上午 spec.jbb.JBBmain DoARun -> 信息:   started user thread for Warehouse 9
2月 12, 2026 1:06:00 上午 spec.jbb.JBBmain DoARun -> 信息:   started user thread for Warehouse 10
2月 12, 2026 1:06:00 上午 spec.jbb.JBBmain DoARun -> 信息:   started user thread for Warehouse 11
2月 12, 2026 1:06:00 上午 spec.jbb.JBBmain DoARun -> 信息:   started user thread for Warehouse 12
2月 12, 2026 1:06:00 上午 spec.jbb.JBBmain DoARun -> 信息:   started user thread for Warehouse 13
2月 12, 2026 1:06:00 上午 spec.jbb.JBBmain DoARun -> 信息:   started user thread for Warehouse 14
2月 12, 2026 1:06:00 上午 spec.jbb.JBBmain DoARun -> 信息:   started user thread for Warehouse 15
2月 12, 2026 1:06:00 上午 spec.jbb.JBBmain DoARun -> 信息:   started user thread for Warehouse 16
2月 12, 2026 1:06:00 上午 spec.jbb.JBBmain DoARun -> 信息:   started user thread for Warehouse 17
2月 12, 2026 1:06:00 上午 spec.jbb.JBBmain DoARun -> 信息:   started user thread for Warehouse 18
2月 12, 2026 1:06:00 上午 spec.jbb.JBBmain DoARun -> 信息:   started user thread for Warehouse 19
2月 12, 2026 1:06:00 上午 spec.jbb.JBBmain DoARun -> 信息:   started user thread for Warehouse 20
2月 12, 2026 1:06:00 上午 spec.jbb.JBBmain DoARun -> 信息:   started user thread for Warehouse 21
2月 12, 2026 1:06:00 上午 spec.jbb.JBBmain DoARun -> 信息:   started user thread for Warehouse 22
2月 12, 2026 1:06:00 上午 spec.jbb.JBBmain DoARun -> 信息:   started user thread for Warehouse 23
2月 12, 2026 1:06:00 上午 spec.jbb.JBBmain DoARun -> 信息:   started user thread for Warehouse 24
2月 12, 2026 1:06:00 上午 spec.jbb.JBBmain DoARun -> 信息:   started user thread for Warehouse 25
2月 12, 2026 1:06:00 上午 spec.jbb.JBBmain DoARun -> 信息:   started user thread for Warehouse 26
2月 12, 2026 1:06:00 上午 spec.jbb.JBBmain DoARun -> 信息:   started user thread for Warehouse 27
2月 12, 2026 1:06:00 上午 spec.jbb.JBBmain DoARun -> 信息:   started user thread for Warehouse 28
2月 12, 2026 1:06:00 上午 spec.jbb.JBBmain DoARun -> 信息:   started user thread for Warehouse 29
2月 12, 2026 1:06:00 上午 spec.jbb.JBBmain DoARun -> 信息:   started user thread for Warehouse 30
2月 12, 2026 1:06:00 上午 spec.jbb.JBBmain DoARun -> 信息:   started user thread for Warehouse 31
2月 12, 2026 1:06:00 上午 spec.jbb.JBBmain DoARun -> 信息:   started user thread for Warehouse 32
2月 12, 2026 1:06:00 上午 spec.jbb.JBBmain DoARun -> 信息:   started user thread for Warehouse 33
2月 12, 2026 1:06:00 上午 spec.jbb.JBBmain DoARun -> 信息:   started user thread for Warehouse 34
2月 12, 2026 1:06:00 上午 spec.jbb.JBBmain DoARun -> 信息:   started user thread for Warehouse 35
2月 12, 2026 1:06:00 上午 spec.jbb.JBBmain DoARun -> 信息:   started user thread for Warehouse 36
2月 12, 2026 1:06:00 上午 spec.jbb.JBBmain DoARun -> 信息:   started user thread for Warehouse 37
2月 12, 2026 1:06:00 上午 spec.jbb.JBBmain DoARun -> 信息:   started user thread for Warehouse 38
2月 12, 2026 1:06:00 上午 spec.jbb.JBBmain DoARun -> 信息:   started user thread for Warehouse 39
2月 12, 2026 1:06:00 上午 spec.jbb.JBBmain DoARun -> 信息:   started user thread for Warehouse 40
2月 12, 2026 1:06:00 上午 spec.jbb.JBBmain DoARun -> 信息:   started user thread for Warehouse 41
2月 12, 2026 1:06:00 上午 spec.jbb.JBBmain DoARun -> 信息:   started user thread for Warehouse 42
2月 12, 2026 1:06:00 上午 spec.jbb.JBBmain DoARun -> 信息:   started user thread for Warehouse 43
2月 12, 2026 1:06:00 上午 spec.jbb.JBBmain DoARun -> 信息:   started user thread for Warehouse 44
2月 12, 2026 1:06:00 上午 spec.jbb.JBBmain DoARun -> 信息:   started user thread for Warehouse 45
2月 12, 2026 1:06:00 上午 spec.jbb.JBBmain DoARun -> 信息:   started user thread for Warehouse 46
2月 12, 2026 1:06:00 上午 spec.jbb.JBBmain DoARun -> 信息:   started user thread for Warehouse 47
2月 12, 2026 1:06:00 上午 spec.jbb.JBBmain DoARun -> 信息:   started user thread for Warehouse 48
2月 12, 2026 1:06:00 上午 spec.jbb.JBBmain DoARun -> 信息:   started user thread for Warehouse 49
2月 12, 2026 1:06:00 上午 spec.jbb.JBBmain DoARun -> 信息:   started user thread for Warehouse 50
2月 12, 2026 1:06:00 上午 spec.jbb.JBBmain DoARun -> 信息:   started user thread for Warehouse 51
2月 12, 2026 1:06:00 上午 spec.jbb.JBBmain DoARun -> 信息:   started user thread for Warehouse 52
2月 12, 2026 1:06:00 上午 spec.jbb.JBBmain DoARun -> 信息:   started user thread for Warehouse 53
2月 12, 2026 1:06:00 上午 spec.jbb.JBBmain DoARun -> 信息:   started user thread for Warehouse 54
2月 12, 2026 1:06:00 上午 spec.jbb.JBBmain DoARun -> 信息:   started user thread for Warehouse 55
2月 12, 2026 1:06:00 上午 spec.jbb.JBBmain DoARun -> 信息:   started user thread for Warehouse 56
2月 12, 2026 1:06:00 上午 spec.jbb.JBBmain DoARun -> 信息:   started user thread for Warehouse 57
2月 12, 2026 1:06:00 上午 spec.jbb.JBBmain DoARun -> 信息:   started user thread for Warehouse 58
2月 12, 2026 1:06:00 上午 spec.jbb.Company displayResultTotals -> 信息: Timing Measurement began Thu Feb 12 01:06:00 CST 2026 for 0.5 minutes
2月 12, 2026 1:06:30 上午 spec.jbb.Company displayResultTotals -> 信息: Timing Measurement ended Thu Feb 12 01:06:30 CST 2026
2月 12, 2026 1:06:30 上午 spec.jbb.Company primeWithDummyData -> 信息: Loading Warehouse 59...
2月 12, 2026 1:06:30 上午 spec.jbb.JBBmain DoARun -> 信息: Start User Threads
2月 12, 2026 1:06:30 上午 spec.jbb.JBBmain DoARun -> 信息:   started user thread for Warehouse 1
2月 12, 2026 1:06:30 上午 spec.jbb.JBBmain DoARun -> 信息:   started user thread for Warehouse 2
2月 12, 2026 1:06:30 上午 spec.jbb.JBBmain DoARun -> 信息:   started user thread for Warehouse 3
2月 12, 2026 1:06:30 上午 spec.jbb.JBBmain DoARun -> 信息:   started user thread for Warehouse 4
2月 12, 2026 1:06:30 上午 spec.jbb.JBBmain DoARun -> 信息:   started user thread for Warehouse 5
2月 12, 2026 1:06:30 上午 spec.jbb.JBBmain DoARun -> 信息:   started user thread for Warehouse 6
2月 12, 2026 1:06:30 上午 spec.jbb.JBBmain DoARun -> 信息:   started user thread for Warehouse 7
2月 12, 2026 1:06:30 上午 spec.jbb.JBBmain DoARun -> 信息:   started user thread for Warehouse 8
2月 12, 2026 1:06:30 上午 spec.jbb.JBBmain DoARun -> 信息:   started user thread for Warehouse 9
2月 12, 2026 1:06:30 上午 spec.jbb.JBBmain DoARun -> 信息:   started user thread for Warehouse 10
2月 12, 2026 1:06:30 上午 spec.jbb.JBBmain DoARun -> 信息:   started user thread for Warehouse 11
2月 12, 2026 1:06:30 上午 spec.jbb.JBBmain DoARun -> 信息:   started user thread for Warehouse 12
2月 12, 2026 1:06:30 上午 spec.jbb.JBBmain DoARun -> 信息:   started user thread for Warehouse 13
2月 12, 2026 1:06:30 上午 spec.jbb.JBBmain DoARun -> 信息:   started user thread for Warehouse 14
2月 12, 2026 1:06:30 上午 spec.jbb.JBBmain DoARun -> 信息:   started user thread for Warehouse 15
2月 12, 2026 1:06:30 上午 spec.jbb.JBBmain DoARun -> 信息:   started user thread for Warehouse 16
2月 12, 2026 1:06:30 上午 spec.jbb.JBBmain DoARun -> 信息:   started user thread for Warehouse 17
2月 12, 2026 1:06:30 上午 spec.jbb.JBBmain DoARun -> 信息:   started user thread for Warehouse 18
2月 12, 2026 1:06:30 上午 spec.jbb.JBBmain DoARun -> 信息:   started user thread for Warehouse 19
2月 12, 2026 1:06:30 上午 spec.jbb.JBBmain DoARun -> 信息:   started user thread for Warehouse 20
2月 12, 2026 1:06:30 上午 spec.jbb.JBBmain DoARun -> 信息:   started user thread for Warehouse 21
2月 12, 2026 1:06:30 上午 spec.jbb.JBBmain DoARun -> 信息:   started user thread for Warehouse 22
2月 12, 2026 1:06:30 上午 spec.jbb.JBBmain DoARun -> 信息:   started user thread for Warehouse 23
2月 12, 2026 1:06:30 上午 spec.jbb.JBBmain DoARun -> 信息:   started user thread for Warehouse 24
2月 12, 2026 1:06:30 上午 spec.jbb.JBBmain DoARun -> 信息:   started user thread for Warehouse 25
2月 12, 2026 1:06:30 上午 spec.jbb.JBBmain DoARun -> 信息:   started user thread for Warehouse 26
2月 12, 2026 1:06:30 上午 spec.jbb.JBBmain DoARun -> 信息:   started user thread for Warehouse 27
2月 12, 2026 1:06:30 上午 spec.jbb.JBBmain DoARun -> 信息:   started user thread for Warehouse 28
2月 12, 2026 1:06:30 上午 spec.jbb.JBBmain DoARun -> 信息:   started user thread for Warehouse 29
2月 12, 2026 1:06:30 上午 spec.jbb.JBBmain DoARun -> 信息:   started user thread for Warehouse 30
2月 12, 2026 1:06:30 上午 spec.jbb.JBBmain DoARun -> 信息:   started user thread for Warehouse 31
2月 12, 2026 1:06:30 上午 spec.jbb.JBBmain DoARun -> 信息:   started user thread for Warehouse 32
2月 12, 2026 1:06:30 上午 spec.jbb.JBBmain DoARun -> 信息:   started user thread for Warehouse 33
2月 12, 2026 1:06:30 上午 spec.jbb.JBBmain DoARun -> 信息:   started user thread for Warehouse 34
2月 12, 2026 1:06:30 上午 spec.jbb.JBBmain DoARun -> 信息:   started user thread for Warehouse 35
2月 12, 2026 1:06:30 上午 spec.jbb.JBBmain DoARun -> 信息:   started user thread for Warehouse 36
2月 12, 2026 1:06:30 上午 spec.jbb.JBBmain DoARun -> 信息:   started user thread for Warehouse 37
2月 12, 2026 1:06:30 上午 spec.jbb.JBBmain DoARun -> 信息:   started user thread for Warehouse 38
2月 12, 2026 1:06:30 上午 spec.jbb.JBBmain DoARun -> 信息:   started user thread for Warehouse 39
2月 12, 2026 1:06:30 上午 spec.jbb.JBBmain DoARun -> 信息:   started user thread for Warehouse 40
2月 12, 2026 1:06:30 上午 spec.jbb.JBBmain DoARun -> 信息:   started user thread for Warehouse 41
2月 12, 2026 1:06:30 上午 spec.jbb.JBBmain DoARun -> 信息:   started user thread for Warehouse 42
2月 12, 2026 1:06:30 上午 spec.jbb.JBBmain DoARun -> 信息:   started user thread for Warehouse 43
2月 12, 2026 1:06:30 上午 spec.jbb.JBBmain DoARun -> 信息:   started user thread for Warehouse 44
2月 12, 2026 1:06:30 上午 spec.jbb.JBBmain DoARun -> 信息:   started user thread for Warehouse 45
2月 12, 2026 1:06:30 上午 spec.jbb.JBBmain DoARun -> 信息:   started user thread for Warehouse 46
2月 12, 2026 1:06:30 上午 spec.jbb.JBBmain DoARun -> 信息:   started user thread for Warehouse 47
2月 12, 2026 1:06:30 上午 spec.jbb.JBBmain DoARun -> 信息:   started user thread for Warehouse 48
2月 12, 2026 1:06:30 上午 spec.jbb.JBBmain DoARun -> 信息:   started user thread for Warehouse 49
2月 12, 2026 1:06:30 上午 spec.jbb.JBBmain DoARun -> 信息:   started user thread for Warehouse 50
2月 12, 2026 1:06:30 上午 spec.jbb.JBBmain DoARun -> 信息:   started user thread for Warehouse 51
2月 12, 2026 1:06:30 上午 spec.jbb.JBBmain DoARun -> 信息:   started user thread for Warehouse 52
2月 12, 2026 1:06:30 上午 spec.jbb.JBBmain DoARun -> 信息:   started user thread for Warehouse 53
2月 12, 2026 1:06:30 上午 spec.jbb.JBBmain DoARun -> 信息:   started user thread for Warehouse 54
2月 12, 2026 1:06:30 上午 spec.jbb.JBBmain DoARun -> 信息:   started user thread for Warehouse 55
2月 12, 2026 1:06:30 上午 spec.jbb.JBBmain DoARun -> 信息:   started user thread for Warehouse 56
2月 12, 2026 1:06:30 上午 spec.jbb.JBBmain DoARun -> 信息:   started user thread for Warehouse 57
2月 12, 2026 1:06:30 上午 spec.jbb.JBBmain DoARun -> 信息:   started user thread for Warehouse 58
2月 12, 2026 1:06:30 上午 spec.jbb.JBBmain DoARun -> 信息:   started user thread for Warehouse 59
2月 12, 2026 1:06:30 上午 spec.jbb.Company displayResultTotals -> 信息: Timing Measurement began Thu Feb 12 01:06:30 CST 2026 for 0.5 minutes
2月 12, 2026 1:07:00 上午 spec.jbb.Company displayResultTotals -> 信息: Timing Measurement ended Thu Feb 12 01:07:00 CST 2026
2月 12, 2026 1:07:00 上午 spec.jbb.Company primeWithDummyData -> 信息: Loading Warehouse 60...
2月 12, 2026 1:07:00 上午 spec.jbb.JBBmain DoARun -> 信息: Start User Threads
2月 12, 2026 1:07:00 上午 spec.jbb.JBBmain DoARun -> 信息:   started user thread for Warehouse 1
2月 12, 2026 1:07:00 上午 spec.jbb.JBBmain DoARun -> 信息:   started user thread for Warehouse 2
2月 12, 2026 1:07:00 上午 spec.jbb.JBBmain DoARun -> 信息:   started user thread for Warehouse 3
2月 12, 2026 1:07:00 上午 spec.jbb.JBBmain DoARun -> 信息:   started user thread for Warehouse 4
2月 12, 2026 1:07:00 上午 spec.jbb.JBBmain DoARun -> 信息:   started user thread for Warehouse 5
2月 12, 2026 1:07:00 上午 spec.jbb.JBBmain DoARun -> 信息:   started user thread for Warehouse 6
2月 12, 2026 1:07:00 上午 spec.jbb.JBBmain DoARun -> 信息:   started user thread for Warehouse 7
2月 12, 2026 1:07:00 上午 spec.jbb.JBBmain DoARun -> 信息:   started user thread for Warehouse 8
2月 12, 2026 1:07:00 上午 spec.jbb.JBBmain DoARun -> 信息:   started user thread for Warehouse 9
2月 12, 2026 1:07:00 上午 spec.jbb.JBBmain DoARun -> 信息:   started user thread for Warehouse 10
2月 12, 2026 1:07:00 上午 spec.jbb.JBBmain DoARun -> 信息:   started user thread for Warehouse 11
2月 12, 2026 1:07:00 上午 spec.jbb.JBBmain DoARun -> 信息:   started user thread for Warehouse 12
2月 12, 2026 1:07:00 上午 spec.jbb.JBBmain DoARun -> 信息:   started user thread for Warehouse 13
2月 12, 2026 1:07:00 上午 spec.jbb.JBBmain DoARun -> 信息:   started user thread for Warehouse 14
2月 12, 2026 1:07:00 上午 spec.jbb.JBBmain DoARun -> 信息:   started user thread for Warehouse 15
2月 12, 2026 1:07:00 上午 spec.jbb.JBBmain DoARun -> 信息:   started user thread for Warehouse 16
2月 12, 2026 1:07:00 上午 spec.jbb.JBBmain DoARun -> 信息:   started user thread for Warehouse 17
2月 12, 2026 1:07:00 上午 spec.jbb.JBBmain DoARun -> 信息:   started user thread for Warehouse 18
2月 12, 2026 1:07:00 上午 spec.jbb.JBBmain DoARun -> 信息:   started user thread for Warehouse 19
2月 12, 2026 1:07:00 上午 spec.jbb.JBBmain DoARun -> 信息:   started user thread for Warehouse 20
2月 12, 2026 1:07:00 上午 spec.jbb.JBBmain DoARun -> 信息:   started user thread for Warehouse 21
2月 12, 2026 1:07:00 上午 spec.jbb.JBBmain DoARun -> 信息:   started user thread for Warehouse 22
2月 12, 2026 1:07:00 上午 spec.jbb.JBBmain DoARun -> 信息:   started user thread for Warehouse 23
2月 12, 2026 1:07:00 上午 spec.jbb.JBBmain DoARun -> 信息:   started user thread for Warehouse 24
2月 12, 2026 1:07:00 上午 spec.jbb.JBBmain DoARun -> 信息:   started user thread for Warehouse 25
2月 12, 2026 1:07:00 上午 spec.jbb.JBBmain DoARun -> 信息:   started user thread for Warehouse 26
2月 12, 2026 1:07:00 上午 spec.jbb.JBBmain DoARun -> 信息:   started user thread for Warehouse 27
2月 12, 2026 1:07:00 上午 spec.jbb.JBBmain DoARun -> 信息:   started user thread for Warehouse 28
2月 12, 2026 1:07:00 上午 spec.jbb.JBBmain DoARun -> 信息:   started user thread for Warehouse 29
2月 12, 2026 1:07:00 上午 spec.jbb.JBBmain DoARun -> 信息:   started user thread for Warehouse 30
2月 12, 2026 1:07:00 上午 spec.jbb.JBBmain DoARun -> 信息:   started user thread for Warehouse 31
2月 12, 2026 1:07:00 上午 spec.jbb.JBBmain DoARun -> 信息:   started user thread for Warehouse 32
2月 12, 2026 1:07:00 上午 spec.jbb.JBBmain DoARun -> 信息:   started user thread for Warehouse 33
2月 12, 2026 1:07:00 上午 spec.jbb.JBBmain DoARun -> 信息:   started user thread for Warehouse 34
2月 12, 2026 1:07:00 上午 spec.jbb.JBBmain DoARun -> 信息:   started user thread for Warehouse 35
2月 12, 2026 1:07:00 上午 spec.jbb.JBBmain DoARun -> 信息:   started user thread for Warehouse 36
2月 12, 2026 1:07:00 上午 spec.jbb.JBBmain DoARun -> 信息:   started user thread for Warehouse 37
2月 12, 2026 1:07:00 上午 spec.jbb.JBBmain DoARun -> 信息:   started user thread for Warehouse 38
2月 12, 2026 1:07:00 上午 spec.jbb.JBBmain DoARun -> 信息:   started user thread for Warehouse 39
2月 12, 2026 1:07:00 上午 spec.jbb.JBBmain DoARun -> 信息:   started user thread for Warehouse 40
2月 12, 2026 1:07:00 上午 spec.jbb.JBBmain DoARun -> 信息:   started user thread for Warehouse 41
2月 12, 2026 1:07:00 上午 spec.jbb.JBBmain DoARun -> 信息:   started user thread for Warehouse 42
2月 12, 2026 1:07:00 上午 spec.jbb.JBBmain DoARun -> 信息:   started user thread for Warehouse 43
2月 12, 2026 1:07:00 上午 spec.jbb.JBBmain DoARun -> 信息:   started user thread for Warehouse 44
2月 12, 2026 1:07:00 上午 spec.jbb.JBBmain DoARun -> 信息:   started user thread for Warehouse 45
2月 12, 2026 1:07:00 上午 spec.jbb.JBBmain DoARun -> 信息:   started user thread for Warehouse 46
2月 12, 2026 1:07:00 上午 spec.jbb.JBBmain DoARun -> 信息:   started user thread for Warehouse 47
2月 12, 2026 1:07:00 上午 spec.jbb.JBBmain DoARun -> 信息:   started user thread for Warehouse 48
2月 12, 2026 1:07:00 上午 spec.jbb.JBBmain DoARun -> 信息:   started user thread for Warehouse 49
2月 12, 2026 1:07:00 上午 spec.jbb.JBBmain DoARun -> 信息:   started user thread for Warehouse 50
2月 12, 2026 1:07:00 上午 spec.jbb.JBBmain DoARun -> 信息:   started user thread for Warehouse 51
2月 12, 2026 1:07:00 上午 spec.jbb.JBBmain DoARun -> 信息:   started user thread for Warehouse 52
2月 12, 2026 1:07:00 上午 spec.jbb.JBBmain DoARun -> 信息:   started user thread for Warehouse 53
2月 12, 2026 1:07:00 上午 spec.jbb.JBBmain DoARun -> 信息:   started user thread for Warehouse 54
2月 12, 2026 1:07:00 上午 spec.jbb.JBBmain DoARun -> 信息:   started user thread for Warehouse 55
2月 12, 2026 1:07:00 上午 spec.jbb.JBBmain DoARun -> 信息:   started user thread for Warehouse 56
2月 12, 2026 1:07:00 上午 spec.jbb.JBBmain DoARun -> 信息:   started user thread for Warehouse 57
2月 12, 2026 1:07:00 上午 spec.jbb.JBBmain DoARun -> 信息:   started user thread for Warehouse 58
2月 12, 2026 1:07:00 上午 spec.jbb.JBBmain DoARun -> 信息:   started user thread for Warehouse 59
2月 12, 2026 1:07:00 上午 spec.jbb.JBBmain DoARun -> 信息:   started user thread for Warehouse 60
2月 12, 2026 1:07:00 上午 spec.jbb.Company displayResultTotals -> 信息: Timing Measurement began Thu Feb 12 01:07:00 CST 2026 for 0.5 minutes
2月 12, 2026 1:07:30 上午 spec.jbb.Company displayResultTotals -> 信息: Timing Measurement ended Thu Feb 12 01:07:30 CST 2026
2月 12, 2026 1:07:30 上午 spec.jbb.Company primeWithDummyData -> 信息: Loading Warehouse 61...
2月 12, 2026 1:07:31 上午 spec.jbb.JBBmain DoARun -> 信息: Start User Threads
2月 12, 2026 1:07:31 上午 spec.jbb.JBBmain DoARun -> 信息:   started user thread for Warehouse 1
2月 12, 2026 1:07:31 上午 spec.jbb.JBBmain DoARun -> 信息:   started user thread for Warehouse 2
2月 12, 2026 1:07:31 上午 spec.jbb.JBBmain DoARun -> 信息:   started user thread for Warehouse 3
2月 12, 2026 1:07:31 上午 spec.jbb.JBBmain DoARun -> 信息:   started user thread for Warehouse 4
2月 12, 2026 1:07:31 上午 spec.jbb.JBBmain DoARun -> 信息:   started user thread for Warehouse 5
2月 12, 2026 1:07:31 上午 spec.jbb.JBBmain DoARun -> 信息:   started user thread for Warehouse 6
2月 12, 2026 1:07:31 上午 spec.jbb.JBBmain DoARun -> 信息:   started user thread for Warehouse 7
2月 12, 2026 1:07:31 上午 spec.jbb.JBBmain DoARun -> 信息:   started user thread for Warehouse 8
2月 12, 2026 1:07:31 上午 spec.jbb.JBBmain DoARun -> 信息:   started user thread for Warehouse 9
2月 12, 2026 1:07:31 上午 spec.jbb.JBBmain DoARun -> 信息:   started user thread for Warehouse 10
2月 12, 2026 1:07:31 上午 spec.jbb.JBBmain DoARun -> 信息:   started user thread for Warehouse 11
2月 12, 2026 1:07:31 上午 spec.jbb.JBBmain DoARun -> 信息:   started user thread for Warehouse 12
2月 12, 2026 1:07:31 上午 spec.jbb.JBBmain DoARun -> 信息:   started user thread for Warehouse 13
2月 12, 2026 1:07:31 上午 spec.jbb.JBBmain DoARun -> 信息:   started user thread for Warehouse 14
2月 12, 2026 1:07:31 上午 spec.jbb.JBBmain DoARun -> 信息:   started user thread for Warehouse 15
2月 12, 2026 1:07:31 上午 spec.jbb.JBBmain DoARun -> 信息:   started user thread for Warehouse 16
2月 12, 2026 1:07:31 上午 spec.jbb.JBBmain DoARun -> 信息:   started user thread for Warehouse 17
2月 12, 2026 1:07:31 上午 spec.jbb.JBBmain DoARun -> 信息:   started user thread for Warehouse 18
2月 12, 2026 1:07:31 上午 spec.jbb.JBBmain DoARun -> 信息:   started user thread for Warehouse 19
2月 12, 2026 1:07:31 上午 spec.jbb.JBBmain DoARun -> 信息:   started user thread for Warehouse 20
2月 12, 2026 1:07:31 上午 spec.jbb.JBBmain DoARun -> 信息:   started user thread for Warehouse 21
2月 12, 2026 1:07:31 上午 spec.jbb.JBBmain DoARun -> 信息:   started user thread for Warehouse 22
2月 12, 2026 1:07:31 上午 spec.jbb.JBBmain DoARun -> 信息:   started user thread for Warehouse 23
2月 12, 2026 1:07:31 上午 spec.jbb.JBBmain DoARun -> 信息:   started user thread for Warehouse 24
2月 12, 2026 1:07:31 上午 spec.jbb.JBBmain DoARun -> 信息:   started user thread for Warehouse 25
2月 12, 2026 1:07:31 上午 spec.jbb.JBBmain DoARun -> 信息:   started user thread for Warehouse 26
2月 12, 2026 1:07:31 上午 spec.jbb.JBBmain DoARun -> 信息:   started user thread for Warehouse 27
2月 12, 2026 1:07:31 上午 spec.jbb.JBBmain DoARun -> 信息:   started user thread for Warehouse 28
2月 12, 2026 1:07:31 上午 spec.jbb.JBBmain DoARun -> 信息:   started user thread for Warehouse 29
2月 12, 2026 1:07:31 上午 spec.jbb.JBBmain DoARun -> 信息:   started user thread for Warehouse 30
2月 12, 2026 1:07:31 上午 spec.jbb.JBBmain DoARun -> 信息:   started user thread for Warehouse 31
2月 12, 2026 1:07:31 上午 spec.jbb.JBBmain DoARun -> 信息:   started user thread for Warehouse 32
2月 12, 2026 1:07:31 上午 spec.jbb.JBBmain DoARun -> 信息:   started user thread for Warehouse 33
2月 12, 2026 1:07:31 上午 spec.jbb.JBBmain DoARun -> 信息:   started user thread for Warehouse 34
2月 12, 2026 1:07:31 上午 spec.jbb.JBBmain DoARun -> 信息:   started user thread for Warehouse 35
2月 12, 2026 1:07:31 上午 spec.jbb.JBBmain DoARun -> 信息:   started user thread for Warehouse 36
2月 12, 2026 1:07:31 上午 spec.jbb.JBBmain DoARun -> 信息:   started user thread for Warehouse 37
2月 12, 2026 1:07:31 上午 spec.jbb.JBBmain DoARun -> 信息:   started user thread for Warehouse 38
2月 12, 2026 1:07:31 上午 spec.jbb.JBBmain DoARun -> 信息:   started user thread for Warehouse 39
2月 12, 2026 1:07:31 上午 spec.jbb.JBBmain DoARun -> 信息:   started user thread for Warehouse 40
2月 12, 2026 1:07:31 上午 spec.jbb.JBBmain DoARun -> 信息:   started user thread for Warehouse 41
2月 12, 2026 1:07:31 上午 spec.jbb.JBBmain DoARun -> 信息:   started user thread for Warehouse 42
2月 12, 2026 1:07:31 上午 spec.jbb.JBBmain DoARun -> 信息:   started user thread for Warehouse 43
2月 12, 2026 1:07:31 上午 spec.jbb.JBBmain DoARun -> 信息:   started user thread for Warehouse 44
2月 12, 2026 1:07:31 上午 spec.jbb.JBBmain DoARun -> 信息:   started user thread for Warehouse 45
2月 12, 2026 1:07:31 上午 spec.jbb.JBBmain DoARun -> 信息:   started user thread for Warehouse 46
2月 12, 2026 1:07:31 上午 spec.jbb.JBBmain DoARun -> 信息:   started user thread for Warehouse 47
2月 12, 2026 1:07:31 上午 spec.jbb.JBBmain DoARun -> 信息:   started user thread for Warehouse 48
2月 12, 2026 1:07:31 上午 spec.jbb.JBBmain DoARun -> 信息:   started user thread for Warehouse 49
2月 12, 2026 1:07:31 上午 spec.jbb.JBBmain DoARun -> 信息:   started user thread for Warehouse 50
2月 12, 2026 1:07:31 上午 spec.jbb.JBBmain DoARun -> 信息:   started user thread for Warehouse 51
2月 12, 2026 1:07:31 上午 spec.jbb.JBBmain DoARun -> 信息:   started user thread for Warehouse 52
2月 12, 2026 1:07:31 上午 spec.jbb.JBBmain DoARun -> 信息:   started user thread for Warehouse 53
2月 12, 2026 1:07:31 上午 spec.jbb.JBBmain DoARun -> 信息:   started user thread for Warehouse 54
2月 12, 2026 1:07:31 上午 spec.jbb.JBBmain DoARun -> 信息:   started user thread for Warehouse 55
2月 12, 2026 1:07:31 上午 spec.jbb.JBBmain DoARun -> 信息:   started user thread for Warehouse 56
2月 12, 2026 1:07:31 上午 spec.jbb.JBBmain DoARun -> 信息:   started user thread for Warehouse 57
2月 12, 2026 1:07:31 上午 spec.jbb.JBBmain DoARun -> 信息:   started user thread for Warehouse 58
2月 12, 2026 1:07:31 上午 spec.jbb.JBBmain DoARun -> 信息:   started user thread for Warehouse 59
2月 12, 2026 1:07:31 上午 spec.jbb.JBBmain DoARun -> 信息:   started user thread for Warehouse 60
2月 12, 2026 1:07:31 上午 spec.jbb.JBBmain DoARun -> 信息:   started user thread for Warehouse 61
2月 12, 2026 1:07:31 上午 spec.jbb.Company displayResultTotals -> 信息: Timing Measurement began Thu Feb 12 01:07:31 CST 2026 for 0.5 minutes
2月 12, 2026 1:08:01 上午 spec.jbb.Company displayResultTotals -> 信息: Timing Measurement ended Thu Feb 12 01:08:01 CST 2026
2月 12, 2026 1:08:01 上午 spec.jbb.Company primeWithDummyData -> 信息: Loading Warehouse 62...
2月 12, 2026 1:08:01 上午 spec.jbb.JBBmain DoARun -> 信息: Start User Threads
2月 12, 2026 1:08:01 上午 spec.jbb.JBBmain DoARun -> 信息:   started user thread for Warehouse 1
2月 12, 2026 1:08:01 上午 spec.jbb.JBBmain DoARun -> 信息:   started user thread for Warehouse 2
2月 12, 2026 1:08:01 上午 spec.jbb.JBBmain DoARun -> 信息:   started user thread for Warehouse 3
2月 12, 2026 1:08:01 上午 spec.jbb.JBBmain DoARun -> 信息:   started user thread for Warehouse 4
2月 12, 2026 1:08:01 上午 spec.jbb.JBBmain DoARun -> 信息:   started user thread for Warehouse 5
2月 12, 2026 1:08:01 上午 spec.jbb.JBBmain DoARun -> 信息:   started user thread for Warehouse 6
2月 12, 2026 1:08:01 上午 spec.jbb.JBBmain DoARun -> 信息:   started user thread for Warehouse 7
2月 12, 2026 1:08:01 上午 spec.jbb.JBBmain DoARun -> 信息:   started user thread for Warehouse 8
2月 12, 2026 1:08:01 上午 spec.jbb.JBBmain DoARun -> 信息:   started user thread for Warehouse 9
2月 12, 2026 1:08:01 上午 spec.jbb.JBBmain DoARun -> 信息:   started user thread for Warehouse 10
2月 12, 2026 1:08:01 上午 spec.jbb.JBBmain DoARun -> 信息:   started user thread for Warehouse 11
2月 12, 2026 1:08:01 上午 spec.jbb.JBBmain DoARun -> 信息:   started user thread for Warehouse 12
2月 12, 2026 1:08:01 上午 spec.jbb.JBBmain DoARun -> 信息:   started user thread for Warehouse 13
2月 12, 2026 1:08:01 上午 spec.jbb.JBBmain DoARun -> 信息:   started user thread for Warehouse 14
2月 12, 2026 1:08:01 上午 spec.jbb.JBBmain DoARun -> 信息:   started user thread for Warehouse 15
2月 12, 2026 1:08:01 上午 spec.jbb.JBBmain DoARun -> 信息:   started user thread for Warehouse 16
2月 12, 2026 1:08:01 上午 spec.jbb.JBBmain DoARun -> 信息:   started user thread for Warehouse 17
2月 12, 2026 1:08:01 上午 spec.jbb.JBBmain DoARun -> 信息:   started user thread for Warehouse 18
2月 12, 2026 1:08:01 上午 spec.jbb.JBBmain DoARun -> 信息:   started user thread for Warehouse 19
2月 12, 2026 1:08:01 上午 spec.jbb.JBBmain DoARun -> 信息:   started user thread for Warehouse 20
2月 12, 2026 1:08:01 上午 spec.jbb.JBBmain DoARun -> 信息:   started user thread for Warehouse 21
2月 12, 2026 1:08:01 上午 spec.jbb.JBBmain DoARun -> 信息:   started user thread for Warehouse 22
2月 12, 2026 1:08:01 上午 spec.jbb.JBBmain DoARun -> 信息:   started user thread for Warehouse 23
2月 12, 2026 1:08:01 上午 spec.jbb.JBBmain DoARun -> 信息:   started user thread for Warehouse 24
2月 12, 2026 1:08:01 上午 spec.jbb.JBBmain DoARun -> 信息:   started user thread for Warehouse 25
2月 12, 2026 1:08:01 上午 spec.jbb.JBBmain DoARun -> 信息:   started user thread for Warehouse 26
2月 12, 2026 1:08:01 上午 spec.jbb.JBBmain DoARun -> 信息:   started user thread for Warehouse 27
2月 12, 2026 1:08:01 上午 spec.jbb.JBBmain DoARun -> 信息:   started user thread for Warehouse 28
2月 12, 2026 1:08:01 上午 spec.jbb.JBBmain DoARun -> 信息:   started user thread for Warehouse 29
2月 12, 2026 1:08:01 上午 spec.jbb.JBBmain DoARun -> 信息:   started user thread for Warehouse 30
2月 12, 2026 1:08:01 上午 spec.jbb.JBBmain DoARun -> 信息:   started user thread for Warehouse 31
2月 12, 2026 1:08:01 上午 spec.jbb.JBBmain DoARun -> 信息:   started user thread for Warehouse 32
2月 12, 2026 1:08:01 上午 spec.jbb.JBBmain DoARun -> 信息:   started user thread for Warehouse 33
2月 12, 2026 1:08:01 上午 spec.jbb.JBBmain DoARun -> 信息:   started user thread for Warehouse 34
2月 12, 2026 1:08:01 上午 spec.jbb.JBBmain DoARun -> 信息:   started user thread for Warehouse 35
2月 12, 2026 1:08:01 上午 spec.jbb.JBBmain DoARun -> 信息:   started user thread for Warehouse 36
2月 12, 2026 1:08:01 上午 spec.jbb.JBBmain DoARun -> 信息:   started user thread for Warehouse 37
2月 12, 2026 1:08:01 上午 spec.jbb.JBBmain DoARun -> 信息:   started user thread for Warehouse 38
2月 12, 2026 1:08:01 上午 spec.jbb.JBBmain DoARun -> 信息:   started user thread for Warehouse 39
2月 12, 2026 1:08:01 上午 spec.jbb.JBBmain DoARun -> 信息:   started user thread for Warehouse 40
2月 12, 2026 1:08:01 上午 spec.jbb.JBBmain DoARun -> 信息:   started user thread for Warehouse 41
2月 12, 2026 1:08:01 上午 spec.jbb.JBBmain DoARun -> 信息:   started user thread for Warehouse 42
2月 12, 2026 1:08:01 上午 spec.jbb.JBBmain DoARun -> 信息:   started user thread for Warehouse 43
2月 12, 2026 1:08:01 上午 spec.jbb.JBBmain DoARun -> 信息:   started user thread for Warehouse 44
2月 12, 2026 1:08:01 上午 spec.jbb.JBBmain DoARun -> 信息:   started user thread for Warehouse 45
2月 12, 2026 1:08:01 上午 spec.jbb.JBBmain DoARun -> 信息:   started user thread for Warehouse 46
2月 12, 2026 1:08:01 上午 spec.jbb.JBBmain DoARun -> 信息:   started user thread for Warehouse 47
2月 12, 2026 1:08:01 上午 spec.jbb.JBBmain DoARun -> 信息:   started user thread for Warehouse 48
2月 12, 2026 1:08:01 上午 spec.jbb.JBBmain DoARun -> 信息:   started user thread for Warehouse 49
2月 12, 2026 1:08:01 上午 spec.jbb.JBBmain DoARun -> 信息:   started user thread for Warehouse 50
2月 12, 2026 1:08:01 上午 spec.jbb.JBBmain DoARun -> 信息:   started user thread for Warehouse 51
2月 12, 2026 1:08:01 上午 spec.jbb.JBBmain DoARun -> 信息:   started user thread for Warehouse 52
2月 12, 2026 1:08:01 上午 spec.jbb.JBBmain DoARun -> 信息:   started user thread for Warehouse 53
2月 12, 2026 1:08:01 上午 spec.jbb.JBBmain DoARun -> 信息:   started user thread for Warehouse 54
2月 12, 2026 1:08:01 上午 spec.jbb.JBBmain DoARun -> 信息:   started user thread for Warehouse 55
2月 12, 2026 1:08:01 上午 spec.jbb.JBBmain DoARun -> 信息:   started user thread for Warehouse 56
2月 12, 2026 1:08:01 上午 spec.jbb.JBBmain DoARun -> 信息:   started user thread for Warehouse 57
2月 12, 2026 1:08:01 上午 spec.jbb.JBBmain DoARun -> 信息:   started user thread for Warehouse 58
2月 12, 2026 1:08:01 上午 spec.jbb.JBBmain DoARun -> 信息:   started user thread for Warehouse 59
2月 12, 2026 1:08:01 上午 spec.jbb.JBBmain DoARun -> 信息:   started user thread for Warehouse 60
2月 12, 2026 1:08:01 上午 spec.jbb.JBBmain DoARun -> 信息:   started user thread for Warehouse 61
2月 12, 2026 1:08:01 上午 spec.jbb.JBBmain DoARun -> 信息:   started user thread for Warehouse 62
2月 12, 2026 1:08:01 上午 spec.jbb.Company displayResultTotals -> 信息: Timing Measurement began Thu Feb 12 01:08:01 CST 2026 for 0.5 minutes
2月 12, 2026 1:08:31 上午 spec.jbb.Company displayResultTotals -> 信息: Timing Measurement ended Thu Feb 12 01:08:31 CST 2026
2月 12, 2026 1:08:31 上午 spec.jbb.Company primeWithDummyData -> 信息: Loading Warehouse 63...
2月 12, 2026 1:08:31 上午 spec.jbb.JBBmain DoARun -> 信息: Start User Threads
2月 12, 2026 1:08:31 上午 spec.jbb.JBBmain DoARun -> 信息:   started user thread for Warehouse 1
2月 12, 2026 1:08:31 上午 spec.jbb.JBBmain DoARun -> 信息:   started user thread for Warehouse 2
2月 12, 2026 1:08:31 上午 spec.jbb.JBBmain DoARun -> 信息:   started user thread for Warehouse 3
2月 12, 2026 1:08:31 上午 spec.jbb.JBBmain DoARun -> 信息:   started user thread for Warehouse 4
2月 12, 2026 1:08:31 上午 spec.jbb.JBBmain DoARun -> 信息:   started user thread for Warehouse 5
2月 12, 2026 1:08:31 上午 spec.jbb.JBBmain DoARun -> 信息:   started user thread for Warehouse 6
2月 12, 2026 1:08:31 上午 spec.jbb.JBBmain DoARun -> 信息:   started user thread for Warehouse 7
2月 12, 2026 1:08:31 上午 spec.jbb.JBBmain DoARun -> 信息:   started user thread for Warehouse 8
2月 12, 2026 1:08:31 上午 spec.jbb.JBBmain DoARun -> 信息:   started user thread for Warehouse 9
2月 12, 2026 1:08:31 上午 spec.jbb.JBBmain DoARun -> 信息:   started user thread for Warehouse 10
2月 12, 2026 1:08:31 上午 spec.jbb.JBBmain DoARun -> 信息:   started user thread for Warehouse 11
2月 12, 2026 1:08:31 上午 spec.jbb.JBBmain DoARun -> 信息:   started user thread for Warehouse 12
2月 12, 2026 1:08:31 上午 spec.jbb.JBBmain DoARun -> 信息:   started user thread for Warehouse 13
2月 12, 2026 1:08:31 上午 spec.jbb.JBBmain DoARun -> 信息:   started user thread for Warehouse 14
2月 12, 2026 1:08:31 上午 spec.jbb.JBBmain DoARun -> 信息:   started user thread for Warehouse 15
2月 12, 2026 1:08:31 上午 spec.jbb.JBBmain DoARun -> 信息:   started user thread for Warehouse 16
2月 12, 2026 1:08:31 上午 spec.jbb.JBBmain DoARun -> 信息:   started user thread for Warehouse 17
2月 12, 2026 1:08:31 上午 spec.jbb.JBBmain DoARun -> 信息:   started user thread for Warehouse 18
2月 12, 2026 1:08:31 上午 spec.jbb.JBBmain DoARun -> 信息:   started user thread for Warehouse 19
2月 12, 2026 1:08:31 上午 spec.jbb.JBBmain DoARun -> 信息:   started user thread for Warehouse 20
2月 12, 2026 1:08:31 上午 spec.jbb.JBBmain DoARun -> 信息:   started user thread for Warehouse 21
2月 12, 2026 1:08:31 上午 spec.jbb.JBBmain DoARun -> 信息:   started user thread for Warehouse 22
2月 12, 2026 1:08:31 上午 spec.jbb.JBBmain DoARun -> 信息:   started user thread for Warehouse 23
2月 12, 2026 1:08:31 上午 spec.jbb.JBBmain DoARun -> 信息:   started user thread for Warehouse 24
2月 12, 2026 1:08:31 上午 spec.jbb.JBBmain DoARun -> 信息:   started user thread for Warehouse 25
2月 12, 2026 1:08:31 上午 spec.jbb.JBBmain DoARun -> 信息:   started user thread for Warehouse 26
2月 12, 2026 1:08:31 上午 spec.jbb.JBBmain DoARun -> 信息:   started user thread for Warehouse 27
2月 12, 2026 1:08:31 上午 spec.jbb.JBBmain DoARun -> 信息:   started user thread for Warehouse 28
2月 12, 2026 1:08:31 上午 spec.jbb.JBBmain DoARun -> 信息:   started user thread for Warehouse 29
2月 12, 2026 1:08:31 上午 spec.jbb.JBBmain DoARun -> 信息:   started user thread for Warehouse 30
2月 12, 2026 1:08:31 上午 spec.jbb.JBBmain DoARun -> 信息:   started user thread for Warehouse 31
2月 12, 2026 1:08:31 上午 spec.jbb.JBBmain DoARun -> 信息:   started user thread for Warehouse 32
2月 12, 2026 1:08:31 上午 spec.jbb.JBBmain DoARun -> 信息:   started user thread for Warehouse 33
2月 12, 2026 1:08:31 上午 spec.jbb.JBBmain DoARun -> 信息:   started user thread for Warehouse 34
2月 12, 2026 1:08:31 上午 spec.jbb.JBBmain DoARun -> 信息:   started user thread for Warehouse 35
2月 12, 2026 1:08:31 上午 spec.jbb.JBBmain DoARun -> 信息:   started user thread for Warehouse 36
2月 12, 2026 1:08:31 上午 spec.jbb.JBBmain DoARun -> 信息:   started user thread for Warehouse 37
2月 12, 2026 1:08:31 上午 spec.jbb.JBBmain DoARun -> 信息:   started user thread for Warehouse 38
2月 12, 2026 1:08:31 上午 spec.jbb.JBBmain DoARun -> 信息:   started user thread for Warehouse 39
2月 12, 2026 1:08:31 上午 spec.jbb.JBBmain DoARun -> 信息:   started user thread for Warehouse 40
2月 12, 2026 1:08:31 上午 spec.jbb.JBBmain DoARun -> 信息:   started user thread for Warehouse 41
2月 12, 2026 1:08:31 上午 spec.jbb.JBBmain DoARun -> 信息:   started user thread for Warehouse 42
2月 12, 2026 1:08:31 上午 spec.jbb.JBBmain DoARun -> 信息:   started user thread for Warehouse 43
2月 12, 2026 1:08:31 上午 spec.jbb.JBBmain DoARun -> 信息:   started user thread for Warehouse 44
2月 12, 2026 1:08:31 上午 spec.jbb.JBBmain DoARun -> 信息:   started user thread for Warehouse 45
2月 12, 2026 1:08:31 上午 spec.jbb.JBBmain DoARun -> 信息:   started user thread for Warehouse 46
2月 12, 2026 1:08:31 上午 spec.jbb.JBBmain DoARun -> 信息:   started user thread for Warehouse 47
2月 12, 2026 1:08:31 上午 spec.jbb.JBBmain DoARun -> 信息:   started user thread for Warehouse 48
2月 12, 2026 1:08:31 上午 spec.jbb.JBBmain DoARun -> 信息:   started user thread for Warehouse 49
2月 12, 2026 1:08:31 上午 spec.jbb.JBBmain DoARun -> 信息:   started user thread for Warehouse 50
2月 12, 2026 1:08:31 上午 spec.jbb.JBBmain DoARun -> 信息:   started user thread for Warehouse 51
2月 12, 2026 1:08:31 上午 spec.jbb.JBBmain DoARun -> 信息:   started user thread for Warehouse 52
2月 12, 2026 1:08:31 上午 spec.jbb.JBBmain DoARun -> 信息:   started user thread for Warehouse 53
2月 12, 2026 1:08:31 上午 spec.jbb.JBBmain DoARun -> 信息:   started user thread for Warehouse 54
2月 12, 2026 1:08:31 上午 spec.jbb.JBBmain DoARun -> 信息:   started user thread for Warehouse 55
2月 12, 2026 1:08:31 上午 spec.jbb.JBBmain DoARun -> 信息:   started user thread for Warehouse 56
2月 12, 2026 1:08:31 上午 spec.jbb.JBBmain DoARun -> 信息:   started user thread for Warehouse 57
2月 12, 2026 1:08:31 上午 spec.jbb.JBBmain DoARun -> 信息:   started user thread for Warehouse 58
2月 12, 2026 1:08:31 上午 spec.jbb.JBBmain DoARun -> 信息:   started user thread for Warehouse 59
2月 12, 2026 1:08:31 上午 spec.jbb.JBBmain DoARun -> 信息:   started user thread for Warehouse 60
2月 12, 2026 1:08:31 上午 spec.jbb.JBBmain DoARun -> 信息:   started user thread for Warehouse 61
2月 12, 2026 1:08:31 上午 spec.jbb.JBBmain DoARun -> 信息:   started user thread for Warehouse 62
2月 12, 2026 1:08:31 上午 spec.jbb.JBBmain DoARun -> 信息:   started user thread for Warehouse 63
2月 12, 2026 1:08:31 上午 spec.jbb.Company displayResultTotals -> 信息: Timing Measurement began Thu Feb 12 01:08:31 CST 2026 for 0.5 minutes
2月 12, 2026 1:09:01 上午 spec.jbb.Company displayResultTotals -> 信息: Timing Measurement ended Thu Feb 12 01:09:01 CST 2026
2月 12, 2026 1:09:01 上午 spec.jbb.Company primeWithDummyData -> 信息: Loading Warehouse 64...
2月 12, 2026 1:09:02 上午 spec.jbb.JBBmain DoARun -> 信息: Start User Threads
2月 12, 2026 1:09:02 上午 spec.jbb.JBBmain DoARun -> 信息:   started user thread for Warehouse 1
2月 12, 2026 1:09:02 上午 spec.jbb.JBBmain DoARun -> 信息:   started user thread for Warehouse 2
2月 12, 2026 1:09:02 上午 spec.jbb.JBBmain DoARun -> 信息:   started user thread for Warehouse 3
2月 12, 2026 1:09:02 上午 spec.jbb.JBBmain DoARun -> 信息:   started user thread for Warehouse 4
2月 12, 2026 1:09:02 上午 spec.jbb.JBBmain DoARun -> 信息:   started user thread for Warehouse 5
2月 12, 2026 1:09:02 上午 spec.jbb.JBBmain DoARun -> 信息:   started user thread for Warehouse 6
2月 12, 2026 1:09:02 上午 spec.jbb.JBBmain DoARun -> 信息:   started user thread for Warehouse 7
2月 12, 2026 1:09:02 上午 spec.jbb.JBBmain DoARun -> 信息:   started user thread for Warehouse 8
2月 12, 2026 1:09:02 上午 spec.jbb.JBBmain DoARun -> 信息:   started user thread for Warehouse 9
2月 12, 2026 1:09:02 上午 spec.jbb.JBBmain DoARun -> 信息:   started user thread for Warehouse 10
2月 12, 2026 1:09:02 上午 spec.jbb.JBBmain DoARun -> 信息:   started user thread for Warehouse 11
2月 12, 2026 1:09:02 上午 spec.jbb.JBBmain DoARun -> 信息:   started user thread for Warehouse 12
2月 12, 2026 1:09:02 上午 spec.jbb.JBBmain DoARun -> 信息:   started user thread for Warehouse 13
2月 12, 2026 1:09:02 上午 spec.jbb.JBBmain DoARun -> 信息:   started user thread for Warehouse 14
2月 12, 2026 1:09:02 上午 spec.jbb.JBBmain DoARun -> 信息:   started user thread for Warehouse 15
2月 12, 2026 1:09:02 上午 spec.jbb.JBBmain DoARun -> 信息:   started user thread for Warehouse 16
2月 12, 2026 1:09:02 上午 spec.jbb.JBBmain DoARun -> 信息:   started user thread for Warehouse 17
2月 12, 2026 1:09:02 上午 spec.jbb.JBBmain DoARun -> 信息:   started user thread for Warehouse 18
2月 12, 2026 1:09:02 上午 spec.jbb.JBBmain DoARun -> 信息:   started user thread for Warehouse 19
2月 12, 2026 1:09:02 上午 spec.jbb.JBBmain DoARun -> 信息:   started user thread for Warehouse 20
2月 12, 2026 1:09:02 上午 spec.jbb.JBBmain DoARun -> 信息:   started user thread for Warehouse 21
2月 12, 2026 1:09:02 上午 spec.jbb.JBBmain DoARun -> 信息:   started user thread for Warehouse 22
2月 12, 2026 1:09:02 上午 spec.jbb.JBBmain DoARun -> 信息:   started user thread for Warehouse 23
2月 12, 2026 1:09:02 上午 spec.jbb.JBBmain DoARun -> 信息:   started user thread for Warehouse 24
2月 12, 2026 1:09:02 上午 spec.jbb.JBBmain DoARun -> 信息:   started user thread for Warehouse 25
2月 12, 2026 1:09:02 上午 spec.jbb.JBBmain DoARun -> 信息:   started user thread for Warehouse 26
2月 12, 2026 1:09:02 上午 spec.jbb.JBBmain DoARun -> 信息:   started user thread for Warehouse 27
2月 12, 2026 1:09:02 上午 spec.jbb.JBBmain DoARun -> 信息:   started user thread for Warehouse 28
2月 12, 2026 1:09:02 上午 spec.jbb.JBBmain DoARun -> 信息:   started user thread for Warehouse 29
2月 12, 2026 1:09:02 上午 spec.jbb.JBBmain DoARun -> 信息:   started user thread for Warehouse 30
2月 12, 2026 1:09:02 上午 spec.jbb.JBBmain DoARun -> 信息:   started user thread for Warehouse 31
2月 12, 2026 1:09:02 上午 spec.jbb.JBBmain DoARun -> 信息:   started user thread for Warehouse 32
2月 12, 2026 1:09:02 上午 spec.jbb.JBBmain DoARun -> 信息:   started user thread for Warehouse 33
2月 12, 2026 1:09:02 上午 spec.jbb.JBBmain DoARun -> 信息:   started user thread for Warehouse 34
2月 12, 2026 1:09:02 上午 spec.jbb.JBBmain DoARun -> 信息:   started user thread for Warehouse 35
2月 12, 2026 1:09:02 上午 spec.jbb.JBBmain DoARun -> 信息:   started user thread for Warehouse 36
2月 12, 2026 1:09:02 上午 spec.jbb.JBBmain DoARun -> 信息:   started user thread for Warehouse 37
2月 12, 2026 1:09:02 上午 spec.jbb.JBBmain DoARun -> 信息:   started user thread for Warehouse 38
2月 12, 2026 1:09:02 上午 spec.jbb.JBBmain DoARun -> 信息:   started user thread for Warehouse 39
2月 12, 2026 1:09:02 上午 spec.jbb.JBBmain DoARun -> 信息:   started user thread for Warehouse 40
2月 12, 2026 1:09:02 上午 spec.jbb.JBBmain DoARun -> 信息:   started user thread for Warehouse 41
2月 12, 2026 1:09:02 上午 spec.jbb.JBBmain DoARun -> 信息:   started user thread for Warehouse 42
2月 12, 2026 1:09:02 上午 spec.jbb.JBBmain DoARun -> 信息:   started user thread for Warehouse 43
2月 12, 2026 1:09:02 上午 spec.jbb.JBBmain DoARun -> 信息:   started user thread for Warehouse 44
2月 12, 2026 1:09:02 上午 spec.jbb.JBBmain DoARun -> 信息:   started user thread for Warehouse 45
2月 12, 2026 1:09:02 上午 spec.jbb.JBBmain DoARun -> 信息:   started user thread for Warehouse 46
2月 12, 2026 1:09:02 上午 spec.jbb.JBBmain DoARun -> 信息:   started user thread for Warehouse 47
2月 12, 2026 1:09:02 上午 spec.jbb.JBBmain DoARun -> 信息:   started user thread for Warehouse 48
2月 12, 2026 1:09:02 上午 spec.jbb.JBBmain DoARun -> 信息:   started user thread for Warehouse 49
2月 12, 2026 1:09:02 上午 spec.jbb.JBBmain DoARun -> 信息:   started user thread for Warehouse 50
2月 12, 2026 1:09:02 上午 spec.jbb.JBBmain DoARun -> 信息:   started user thread for Warehouse 51
2月 12, 2026 1:09:02 上午 spec.jbb.JBBmain DoARun -> 信息:   started user thread for Warehouse 52
2月 12, 2026 1:09:02 上午 spec.jbb.JBBmain DoARun -> 信息:   started user thread for Warehouse 53
2月 12, 2026 1:09:02 上午 spec.jbb.JBBmain DoARun -> 信息:   started user thread for Warehouse 54
2月 12, 2026 1:09:02 上午 spec.jbb.JBBmain DoARun -> 信息:   started user thread for Warehouse 55
2月 12, 2026 1:09:02 上午 spec.jbb.JBBmain DoARun -> 信息:   started user thread for Warehouse 56
2月 12, 2026 1:09:02 上午 spec.jbb.JBBmain DoARun -> 信息:   started user thread for Warehouse 57
2月 12, 2026 1:09:02 上午 spec.jbb.JBBmain DoARun -> 信息:   started user thread for Warehouse 58
2月 12, 2026 1:09:02 上午 spec.jbb.JBBmain DoARun -> 信息:   started user thread for Warehouse 59
2月 12, 2026 1:09:02 上午 spec.jbb.JBBmain DoARun -> 信息:   started user thread for Warehouse 60
2月 12, 2026 1:09:02 上午 spec.jbb.JBBmain DoARun -> 信息:   started user thread for Warehouse 61
2月 12, 2026 1:09:02 上午 spec.jbb.JBBmain DoARun -> 信息:   started user thread for Warehouse 62
2月 12, 2026 1:09:02 上午 spec.jbb.JBBmain DoARun -> 信息:   started user thread for Warehouse 63
2月 12, 2026 1:09:02 上午 spec.jbb.JBBmain DoARun -> 信息:   started user thread for Warehouse 64
2月 12, 2026 1:09:02 上午 spec.jbb.Company displayResultTotals -> 信息: Timing Measurement began Thu Feb 12 01:09:02 CST 2026 for 4 minutes
2月 12, 2026 1:13:02 上午 spec.jbb.Company displayResultTotals -> 信息: Timing Measurement ended Thu Feb 12 01:13:02 CST 2026
2月 12, 2026 1:13:02 上午 spec.jbb.Company primeWithDummyData -> 信息: Loading Warehouse 65...
2月 12, 2026 1:13:02 上午 spec.jbb.JBBmain DoARun -> 信息: Start User Threads
2月 12, 2026 1:13:02 上午 spec.jbb.JBBmain DoARun -> 信息:   started user thread for Warehouse 1
2月 12, 2026 1:13:02 上午 spec.jbb.JBBmain DoARun -> 信息:   started user thread for Warehouse 2
2月 12, 2026 1:13:02 上午 spec.jbb.JBBmain DoARun -> 信息:   started user thread for Warehouse 3
2月 12, 2026 1:13:02 上午 spec.jbb.JBBmain DoARun -> 信息:   started user thread for Warehouse 4
2月 12, 2026 1:13:02 上午 spec.jbb.JBBmain DoARun -> 信息:   started user thread for Warehouse 5
2月 12, 2026 1:13:02 上午 spec.jbb.JBBmain DoARun -> 信息:   started user thread for Warehouse 6
2月 12, 2026 1:13:02 上午 spec.jbb.JBBmain DoARun -> 信息:   started user thread for Warehouse 7
2月 12, 2026 1:13:02 上午 spec.jbb.JBBmain DoARun -> 信息:   started user thread for Warehouse 8
2月 12, 2026 1:13:02 上午 spec.jbb.JBBmain DoARun -> 信息:   started user thread for Warehouse 9
2月 12, 2026 1:13:02 上午 spec.jbb.JBBmain DoARun -> 信息:   started user thread for Warehouse 10
2月 12, 2026 1:13:02 上午 spec.jbb.JBBmain DoARun -> 信息:   started user thread for Warehouse 11
2月 12, 2026 1:13:02 上午 spec.jbb.JBBmain DoARun -> 信息:   started user thread for Warehouse 12
2月 12, 2026 1:13:02 上午 spec.jbb.JBBmain DoARun -> 信息:   started user thread for Warehouse 13
2月 12, 2026 1:13:02 上午 spec.jbb.JBBmain DoARun -> 信息:   started user thread for Warehouse 14
2月 12, 2026 1:13:02 上午 spec.jbb.JBBmain DoARun -> 信息:   started user thread for Warehouse 15
2月 12, 2026 1:13:02 上午 spec.jbb.JBBmain DoARun -> 信息:   started user thread for Warehouse 16
2月 12, 2026 1:13:02 上午 spec.jbb.JBBmain DoARun -> 信息:   started user thread for Warehouse 17
2月 12, 2026 1:13:02 上午 spec.jbb.JBBmain DoARun -> 信息:   started user thread for Warehouse 18
2月 12, 2026 1:13:02 上午 spec.jbb.JBBmain DoARun -> 信息:   started user thread for Warehouse 19
2月 12, 2026 1:13:02 上午 spec.jbb.JBBmain DoARun -> 信息:   started user thread for Warehouse 20
2月 12, 2026 1:13:02 上午 spec.jbb.JBBmain DoARun -> 信息:   started user thread for Warehouse 21
2月 12, 2026 1:13:02 上午 spec.jbb.JBBmain DoARun -> 信息:   started user thread for Warehouse 22
2月 12, 2026 1:13:02 上午 spec.jbb.JBBmain DoARun -> 信息:   started user thread for Warehouse 23
2月 12, 2026 1:13:02 上午 spec.jbb.JBBmain DoARun -> 信息:   started user thread for Warehouse 24
2月 12, 2026 1:13:02 上午 spec.jbb.JBBmain DoARun -> 信息:   started user thread for Warehouse 25
2月 12, 2026 1:13:02 上午 spec.jbb.JBBmain DoARun -> 信息:   started user thread for Warehouse 26
2月 12, 2026 1:13:02 上午 spec.jbb.JBBmain DoARun -> 信息:   started user thread for Warehouse 27
2月 12, 2026 1:13:02 上午 spec.jbb.JBBmain DoARun -> 信息:   started user thread for Warehouse 28
2月 12, 2026 1:13:02 上午 spec.jbb.JBBmain DoARun -> 信息:   started user thread for Warehouse 29
2月 12, 2026 1:13:02 上午 spec.jbb.JBBmain DoARun -> 信息:   started user thread for Warehouse 30
2月 12, 2026 1:13:02 上午 spec.jbb.JBBmain DoARun -> 信息:   started user thread for Warehouse 31
2月 12, 2026 1:13:02 上午 spec.jbb.JBBmain DoARun -> 信息:   started user thread for Warehouse 32
2月 12, 2026 1:13:02 上午 spec.jbb.JBBmain DoARun -> 信息:   started user thread for Warehouse 33
2月 12, 2026 1:13:02 上午 spec.jbb.JBBmain DoARun -> 信息:   started user thread for Warehouse 34
2月 12, 2026 1:13:02 上午 spec.jbb.JBBmain DoARun -> 信息:   started user thread for Warehouse 35
2月 12, 2026 1:13:02 上午 spec.jbb.JBBmain DoARun -> 信息:   started user thread for Warehouse 36
2月 12, 2026 1:13:02 上午 spec.jbb.JBBmain DoARun -> 信息:   started user thread for Warehouse 37
2月 12, 2026 1:13:02 上午 spec.jbb.JBBmain DoARun -> 信息:   started user thread for Warehouse 38
2月 12, 2026 1:13:02 上午 spec.jbb.JBBmain DoARun -> 信息:   started user thread for Warehouse 39
2月 12, 2026 1:13:02 上午 spec.jbb.JBBmain DoARun -> 信息:   started user thread for Warehouse 40
2月 12, 2026 1:13:02 上午 spec.jbb.JBBmain DoARun -> 信息:   started user thread for Warehouse 41
2月 12, 2026 1:13:02 上午 spec.jbb.JBBmain DoARun -> 信息:   started user thread for Warehouse 42
2月 12, 2026 1:13:02 上午 spec.jbb.JBBmain DoARun -> 信息:   started user thread for Warehouse 43
2月 12, 2026 1:13:02 上午 spec.jbb.JBBmain DoARun -> 信息:   started user thread for Warehouse 44
2月 12, 2026 1:13:02 上午 spec.jbb.JBBmain DoARun -> 信息:   started user thread for Warehouse 45
2月 12, 2026 1:13:02 上午 spec.jbb.JBBmain DoARun -> 信息:   started user thread for Warehouse 46
2月 12, 2026 1:13:02 上午 spec.jbb.JBBmain DoARun -> 信息:   started user thread for Warehouse 47
2月 12, 2026 1:13:02 上午 spec.jbb.JBBmain DoARun -> 信息:   started user thread for Warehouse 48
2月 12, 2026 1:13:02 上午 spec.jbb.JBBmain DoARun -> 信息:   started user thread for Warehouse 49
2月 12, 2026 1:13:02 上午 spec.jbb.JBBmain DoARun -> 信息:   started user thread for Warehouse 50
2月 12, 2026 1:13:02 上午 spec.jbb.JBBmain DoARun -> 信息:   started user thread for Warehouse 51
2月 12, 2026 1:13:02 上午 spec.jbb.JBBmain DoARun -> 信息:   started user thread for Warehouse 52
2月 12, 2026 1:13:02 上午 spec.jbb.JBBmain DoARun -> 信息:   started user thread for Warehouse 53
2月 12, 2026 1:13:02 上午 spec.jbb.JBBmain DoARun -> 信息:   started user thread for Warehouse 54
2月 12, 2026 1:13:02 上午 spec.jbb.JBBmain DoARun -> 信息:   started user thread for Warehouse 55
2月 12, 2026 1:13:02 上午 spec.jbb.JBBmain DoARun -> 信息:   started user thread for Warehouse 56
2月 12, 2026 1:13:02 上午 spec.jbb.JBBmain DoARun -> 信息:   started user thread for Warehouse 57
2月 12, 2026 1:13:02 上午 spec.jbb.JBBmain DoARun -> 信息:   started user thread for Warehouse 58
2月 12, 2026 1:13:02 上午 spec.jbb.JBBmain DoARun -> 信息:   started user thread for Warehouse 59
2月 12, 2026 1:13:02 上午 spec.jbb.JBBmain DoARun -> 信息:   started user thread for Warehouse 60
2月 12, 2026 1:13:02 上午 spec.jbb.JBBmain DoARun -> 信息:   started user thread for Warehouse 61
2月 12, 2026 1:13:02 上午 spec.jbb.JBBmain DoARun -> 信息:   started user thread for Warehouse 62
2月 12, 2026 1:13:02 上午 spec.jbb.JBBmain DoARun -> 信息:   started user thread for Warehouse 63
2月 12, 2026 1:13:02 上午 spec.jbb.JBBmain DoARun -> 信息:   started user thread for Warehouse 64
2月 12, 2026 1:13:02 上午 spec.jbb.JBBmain DoARun -> 信息:   started user thread for Warehouse 65
2月 12, 2026 1:13:02 上午 spec.jbb.Company displayResultTotals -> 信息: Timing Measurement began Thu Feb 12 01:13:02 CST 2026 for 4 minutes
2月 12, 2026 1:17:02 上午 spec.jbb.Company displayResultTotals -> 信息: Timing Measurement ended Thu Feb 12 01:17:02 CST 2026
2月 12, 2026 1:17:02 上午 spec.jbb.Company primeWithDummyData -> 信息: Loading Warehouse 66...
2月 12, 2026 1:17:02 上午 spec.jbb.JBBmain DoARun -> 信息: Start User Threads
2月 12, 2026 1:17:02 上午 spec.jbb.JBBmain DoARun -> 信息:   started user thread for Warehouse 1
2月 12, 2026 1:17:02 上午 spec.jbb.JBBmain DoARun -> 信息:   started user thread for Warehouse 2
2月 12, 2026 1:17:02 上午 spec.jbb.JBBmain DoARun -> 信息:   started user thread for Warehouse 3
2月 12, 2026 1:17:02 上午 spec.jbb.JBBmain DoARun -> 信息:   started user thread for Warehouse 4
2月 12, 2026 1:17:02 上午 spec.jbb.JBBmain DoARun -> 信息:   started user thread for Warehouse 5
2月 12, 2026 1:17:02 上午 spec.jbb.JBBmain DoARun -> 信息:   started user thread for Warehouse 6
2月 12, 2026 1:17:02 上午 spec.jbb.JBBmain DoARun -> 信息:   started user thread for Warehouse 7
2月 12, 2026 1:17:02 上午 spec.jbb.JBBmain DoARun -> 信息:   started user thread for Warehouse 8
2月 12, 2026 1:17:02 上午 spec.jbb.JBBmain DoARun -> 信息:   started user thread for Warehouse 9
2月 12, 2026 1:17:02 上午 spec.jbb.JBBmain DoARun -> 信息:   started user thread for Warehouse 10
2月 12, 2026 1:17:02 上午 spec.jbb.JBBmain DoARun -> 信息:   started user thread for Warehouse 11
2月 12, 2026 1:17:02 上午 spec.jbb.JBBmain DoARun -> 信息:   started user thread for Warehouse 12
2月 12, 2026 1:17:02 上午 spec.jbb.JBBmain DoARun -> 信息:   started user thread for Warehouse 13
2月 12, 2026 1:17:02 上午 spec.jbb.JBBmain DoARun -> 信息:   started user thread for Warehouse 14
2月 12, 2026 1:17:02 上午 spec.jbb.JBBmain DoARun -> 信息:   started user thread for Warehouse 15
2月 12, 2026 1:17:02 上午 spec.jbb.JBBmain DoARun -> 信息:   started user thread for Warehouse 16
2月 12, 2026 1:17:02 上午 spec.jbb.JBBmain DoARun -> 信息:   started user thread for Warehouse 17
2月 12, 2026 1:17:02 上午 spec.jbb.JBBmain DoARun -> 信息:   started user thread for Warehouse 18
2月 12, 2026 1:17:02 上午 spec.jbb.JBBmain DoARun -> 信息:   started user thread for Warehouse 19
2月 12, 2026 1:17:02 上午 spec.jbb.JBBmain DoARun -> 信息:   started user thread for Warehouse 20
2月 12, 2026 1:17:02 上午 spec.jbb.JBBmain DoARun -> 信息:   started user thread for Warehouse 21
2月 12, 2026 1:17:02 上午 spec.jbb.JBBmain DoARun -> 信息:   started user thread for Warehouse 22
2月 12, 2026 1:17:02 上午 spec.jbb.JBBmain DoARun -> 信息:   started user thread for Warehouse 23
2月 12, 2026 1:17:02 上午 spec.jbb.JBBmain DoARun -> 信息:   started user thread for Warehouse 24
2月 12, 2026 1:17:02 上午 spec.jbb.JBBmain DoARun -> 信息:   started user thread for Warehouse 25
2月 12, 2026 1:17:02 上午 spec.jbb.JBBmain DoARun -> 信息:   started user thread for Warehouse 26
2月 12, 2026 1:17:02 上午 spec.jbb.JBBmain DoARun -> 信息:   started user thread for Warehouse 27
2月 12, 2026 1:17:02 上午 spec.jbb.JBBmain DoARun -> 信息:   started user thread for Warehouse 28
2月 12, 2026 1:17:02 上午 spec.jbb.JBBmain DoARun -> 信息:   started user thread for Warehouse 29
2月 12, 2026 1:17:02 上午 spec.jbb.JBBmain DoARun -> 信息:   started user thread for Warehouse 30
2月 12, 2026 1:17:02 上午 spec.jbb.JBBmain DoARun -> 信息:   started user thread for Warehouse 31
2月 12, 2026 1:17:02 上午 spec.jbb.JBBmain DoARun -> 信息:   started user thread for Warehouse 32
2月 12, 2026 1:17:02 上午 spec.jbb.JBBmain DoARun -> 信息:   started user thread for Warehouse 33
2月 12, 2026 1:17:02 上午 spec.jbb.JBBmain DoARun -> 信息:   started user thread for Warehouse 34
2月 12, 2026 1:17:02 上午 spec.jbb.JBBmain DoARun -> 信息:   started user thread for Warehouse 35
2月 12, 2026 1:17:02 上午 spec.jbb.JBBmain DoARun -> 信息:   started user thread for Warehouse 36
2月 12, 2026 1:17:02 上午 spec.jbb.JBBmain DoARun -> 信息:   started user thread for Warehouse 37
2月 12, 2026 1:17:02 上午 spec.jbb.JBBmain DoARun -> 信息:   started user thread for Warehouse 38
2月 12, 2026 1:17:02 上午 spec.jbb.JBBmain DoARun -> 信息:   started user thread for Warehouse 39
2月 12, 2026 1:17:02 上午 spec.jbb.JBBmain DoARun -> 信息:   started user thread for Warehouse 40
2月 12, 2026 1:17:02 上午 spec.jbb.JBBmain DoARun -> 信息:   started user thread for Warehouse 41
2月 12, 2026 1:17:02 上午 spec.jbb.JBBmain DoARun -> 信息:   started user thread for Warehouse 42
2月 12, 2026 1:17:02 上午 spec.jbb.JBBmain DoARun -> 信息:   started user thread for Warehouse 43
2月 12, 2026 1:17:02 上午 spec.jbb.JBBmain DoARun -> 信息:   started user thread for Warehouse 44
2月 12, 2026 1:17:02 上午 spec.jbb.JBBmain DoARun -> 信息:   started user thread for Warehouse 45
2月 12, 2026 1:17:02 上午 spec.jbb.JBBmain DoARun -> 信息:   started user thread for Warehouse 46
2月 12, 2026 1:17:02 上午 spec.jbb.JBBmain DoARun -> 信息:   started user thread for Warehouse 47
2月 12, 2026 1:17:02 上午 spec.jbb.JBBmain DoARun -> 信息:   started user thread for Warehouse 48
2月 12, 2026 1:17:02 上午 spec.jbb.JBBmain DoARun -> 信息:   started user thread for Warehouse 49
2月 12, 2026 1:17:02 上午 spec.jbb.JBBmain DoARun -> 信息:   started user thread for Warehouse 50
2月 12, 2026 1:17:02 上午 spec.jbb.JBBmain DoARun -> 信息:   started user thread for Warehouse 51
2月 12, 2026 1:17:02 上午 spec.jbb.JBBmain DoARun -> 信息:   started user thread for Warehouse 52
2月 12, 2026 1:17:02 上午 spec.jbb.JBBmain DoARun -> 信息:   started user thread for Warehouse 53
2月 12, 2026 1:17:02 上午 spec.jbb.JBBmain DoARun -> 信息:   started user thread for Warehouse 54
2月 12, 2026 1:17:02 上午 spec.jbb.JBBmain DoARun -> 信息:   started user thread for Warehouse 55
2月 12, 2026 1:17:02 上午 spec.jbb.JBBmain DoARun -> 信息:   started user thread for Warehouse 56
2月 12, 2026 1:17:02 上午 spec.jbb.JBBmain DoARun -> 信息:   started user thread for Warehouse 57
2月 12, 2026 1:17:02 上午 spec.jbb.JBBmain DoARun -> 信息:   started user thread for Warehouse 58
2月 12, 2026 1:17:02 上午 spec.jbb.JBBmain DoARun -> 信息:   started user thread for Warehouse 59
2月 12, 2026 1:17:02 上午 spec.jbb.JBBmain DoARun -> 信息:   started user thread for Warehouse 60
2月 12, 2026 1:17:02 上午 spec.jbb.JBBmain DoARun -> 信息:   started user thread for Warehouse 61
2月 12, 2026 1:17:02 上午 spec.jbb.JBBmain DoARun -> 信息:   started user thread for Warehouse 62
2月 12, 2026 1:17:02 上午 spec.jbb.JBBmain DoARun -> 信息:   started user thread for Warehouse 63
2月 12, 2026 1:17:02 上午 spec.jbb.JBBmain DoARun -> 信息:   started user thread for Warehouse 64
2月 12, 2026 1:17:02 上午 spec.jbb.JBBmain DoARun -> 信息:   started user thread for Warehouse 65
2月 12, 2026 1:17:02 上午 spec.jbb.JBBmain DoARun -> 信息:   started user thread for Warehouse 66
2月 12, 2026 1:17:02 上午 spec.jbb.Company displayResultTotals -> 信息: Timing Measurement began Thu Feb 12 01:17:02 CST 2026 for 4 minutes
2月 12, 2026 1:21:02 上午 spec.jbb.Company displayResultTotals -> 信息: Timing Measurement ended Thu Feb 12 01:21:02 CST 2026
2月 12, 2026 1:21:02 上午 spec.jbb.Company primeWithDummyData -> 信息: Loading Warehouse 67...
2月 12, 2026 1:21:03 上午 spec.jbb.JBBmain DoARun -> 信息: Start User Threads
2月 12, 2026 1:21:03 上午 spec.jbb.JBBmain DoARun -> 信息:   started user thread for Warehouse 1
2月 12, 2026 1:21:03 上午 spec.jbb.JBBmain DoARun -> 信息:   started user thread for Warehouse 2
2月 12, 2026 1:21:03 上午 spec.jbb.JBBmain DoARun -> 信息:   started user thread for Warehouse 3
2月 12, 2026 1:21:03 上午 spec.jbb.JBBmain DoARun -> 信息:   started user thread for Warehouse 4
2月 12, 2026 1:21:03 上午 spec.jbb.JBBmain DoARun -> 信息:   started user thread for Warehouse 5
2月 12, 2026 1:21:03 上午 spec.jbb.JBBmain DoARun -> 信息:   started user thread for Warehouse 6
2月 12, 2026 1:21:03 上午 spec.jbb.JBBmain DoARun -> 信息:   started user thread for Warehouse 7
2月 12, 2026 1:21:03 上午 spec.jbb.JBBmain DoARun -> 信息:   started user thread for Warehouse 8
2月 12, 2026 1:21:03 上午 spec.jbb.JBBmain DoARun -> 信息:   started user thread for Warehouse 9
2月 12, 2026 1:21:03 上午 spec.jbb.JBBmain DoARun -> 信息:   started user thread for Warehouse 10
2月 12, 2026 1:21:03 上午 spec.jbb.JBBmain DoARun -> 信息:   started user thread for Warehouse 11
2月 12, 2026 1:21:03 上午 spec.jbb.JBBmain DoARun -> 信息:   started user thread for Warehouse 12
2月 12, 2026 1:21:03 上午 spec.jbb.JBBmain DoARun -> 信息:   started user thread for Warehouse 13
2月 12, 2026 1:21:03 上午 spec.jbb.JBBmain DoARun -> 信息:   started user thread for Warehouse 14
2月 12, 2026 1:21:03 上午 spec.jbb.JBBmain DoARun -> 信息:   started user thread for Warehouse 15
2月 12, 2026 1:21:03 上午 spec.jbb.JBBmain DoARun -> 信息:   started user thread for Warehouse 16
2月 12, 2026 1:21:03 上午 spec.jbb.JBBmain DoARun -> 信息:   started user thread for Warehouse 17
2月 12, 2026 1:21:03 上午 spec.jbb.JBBmain DoARun -> 信息:   started user thread for Warehouse 18
2月 12, 2026 1:21:03 上午 spec.jbb.JBBmain DoARun -> 信息:   started user thread for Warehouse 19
2月 12, 2026 1:21:03 上午 spec.jbb.JBBmain DoARun -> 信息:   started user thread for Warehouse 20
2月 12, 2026 1:21:03 上午 spec.jbb.JBBmain DoARun -> 信息:   started user thread for Warehouse 21
2月 12, 2026 1:21:03 上午 spec.jbb.JBBmain DoARun -> 信息:   started user thread for Warehouse 22
2月 12, 2026 1:21:03 上午 spec.jbb.JBBmain DoARun -> 信息:   started user thread for Warehouse 23
2月 12, 2026 1:21:03 上午 spec.jbb.JBBmain DoARun -> 信息:   started user thread for Warehouse 24
2月 12, 2026 1:21:03 上午 spec.jbb.JBBmain DoARun -> 信息:   started user thread for Warehouse 25
2月 12, 2026 1:21:03 上午 spec.jbb.JBBmain DoARun -> 信息:   started user thread for Warehouse 26
2月 12, 2026 1:21:03 上午 spec.jbb.JBBmain DoARun -> 信息:   started user thread for Warehouse 27
2月 12, 2026 1:21:03 上午 spec.jbb.JBBmain DoARun -> 信息:   started user thread for Warehouse 28
2月 12, 2026 1:21:03 上午 spec.jbb.JBBmain DoARun -> 信息:   started user thread for Warehouse 29
2月 12, 2026 1:21:03 上午 spec.jbb.JBBmain DoARun -> 信息:   started user thread for Warehouse 30
2月 12, 2026 1:21:03 上午 spec.jbb.JBBmain DoARun -> 信息:   started user thread for Warehouse 31
2月 12, 2026 1:21:03 上午 spec.jbb.JBBmain DoARun -> 信息:   started user thread for Warehouse 32
2月 12, 2026 1:21:03 上午 spec.jbb.JBBmain DoARun -> 信息:   started user thread for Warehouse 33
2月 12, 2026 1:21:03 上午 spec.jbb.JBBmain DoARun -> 信息:   started user thread for Warehouse 34
2月 12, 2026 1:21:03 上午 spec.jbb.JBBmain DoARun -> 信息:   started user thread for Warehouse 35
2月 12, 2026 1:21:03 上午 spec.jbb.JBBmain DoARun -> 信息:   started user thread for Warehouse 36
2月 12, 2026 1:21:03 上午 spec.jbb.JBBmain DoARun -> 信息:   started user thread for Warehouse 37
2月 12, 2026 1:21:03 上午 spec.jbb.JBBmain DoARun -> 信息:   started user thread for Warehouse 38
2月 12, 2026 1:21:03 上午 spec.jbb.JBBmain DoARun -> 信息:   started user thread for Warehouse 39
2月 12, 2026 1:21:03 上午 spec.jbb.JBBmain DoARun -> 信息:   started user thread for Warehouse 40
2月 12, 2026 1:21:03 上午 spec.jbb.JBBmain DoARun -> 信息:   started user thread for Warehouse 41
2月 12, 2026 1:21:03 上午 spec.jbb.JBBmain DoARun -> 信息:   started user thread for Warehouse 42
2月 12, 2026 1:21:03 上午 spec.jbb.JBBmain DoARun -> 信息:   started user thread for Warehouse 43
2月 12, 2026 1:21:03 上午 spec.jbb.JBBmain DoARun -> 信息:   started user thread for Warehouse 44
2月 12, 2026 1:21:03 上午 spec.jbb.JBBmain DoARun -> 信息:   started user thread for Warehouse 45
2月 12, 2026 1:21:03 上午 spec.jbb.JBBmain DoARun -> 信息:   started user thread for Warehouse 46
2月 12, 2026 1:21:03 上午 spec.jbb.JBBmain DoARun -> 信息:   started user thread for Warehouse 47
2月 12, 2026 1:21:03 上午 spec.jbb.JBBmain DoARun -> 信息:   started user thread for Warehouse 48
2月 12, 2026 1:21:03 上午 spec.jbb.JBBmain DoARun -> 信息:   started user thread for Warehouse 49
2月 12, 2026 1:21:03 上午 spec.jbb.JBBmain DoARun -> 信息:   started user thread for Warehouse 50
2月 12, 2026 1:21:03 上午 spec.jbb.JBBmain DoARun -> 信息:   started user thread for Warehouse 51
2月 12, 2026 1:21:03 上午 spec.jbb.JBBmain DoARun -> 信息:   started user thread for Warehouse 52
2月 12, 2026 1:21:03 上午 spec.jbb.JBBmain DoARun -> 信息:   started user thread for Warehouse 53
2月 12, 2026 1:21:03 上午 spec.jbb.JBBmain DoARun -> 信息:   started user thread for Warehouse 54
2月 12, 2026 1:21:03 上午 spec.jbb.JBBmain DoARun -> 信息:   started user thread for Warehouse 55
2月 12, 2026 1:21:03 上午 spec.jbb.JBBmain DoARun -> 信息:   started user thread for Warehouse 56
2月 12, 2026 1:21:03 上午 spec.jbb.JBBmain DoARun -> 信息:   started user thread for Warehouse 57
2月 12, 2026 1:21:03 上午 spec.jbb.JBBmain DoARun -> 信息:   started user thread for Warehouse 58
2月 12, 2026 1:21:03 上午 spec.jbb.JBBmain DoARun -> 信息:   started user thread for Warehouse 59
2月 12, 2026 1:21:03 上午 spec.jbb.JBBmain DoARun -> 信息:   started user thread for Warehouse 60
2月 12, 2026 1:21:03 上午 spec.jbb.JBBmain DoARun -> 信息:   started user thread for Warehouse 61
2月 12, 2026 1:21:03 上午 spec.jbb.JBBmain DoARun -> 信息:   started user thread for Warehouse 62
2月 12, 2026 1:21:03 上午 spec.jbb.JBBmain DoARun -> 信息:   started user thread for Warehouse 63
2月 12, 2026 1:21:03 上午 spec.jbb.JBBmain DoARun -> 信息:   started user thread for Warehouse 64
2月 12, 2026 1:21:03 上午 spec.jbb.JBBmain DoARun -> 信息:   started user thread for Warehouse 65
2月 12, 2026 1:21:03 上午 spec.jbb.JBBmain DoARun -> 信息:   started user thread for Warehouse 66
2月 12, 2026 1:21:03 上午 spec.jbb.JBBmain DoARun -> 信息:   started user thread for Warehouse 67
2月 12, 2026 1:21:03 上午 spec.jbb.Company displayResultTotals -> 信息: Timing Measurement began Thu Feb 12 01:21:03 CST 2026 for 4 minutes
2月 12, 2026 1:25:03 上午 spec.jbb.Company displayResultTotals -> 信息: Timing Measurement ended Thu Feb 12 01:25:03 CST 2026
2月 12, 2026 1:25:03 上午 spec.jbb.Company primeWithDummyData -> 信息: Loading Warehouse 68...
2月 12, 2026 1:25:03 上午 spec.jbb.JBBmain DoARun -> 信息: Start User Threads
2月 12, 2026 1:25:03 上午 spec.jbb.JBBmain DoARun -> 信息:   started user thread for Warehouse 1
2月 12, 2026 1:25:03 上午 spec.jbb.JBBmain DoARun -> 信息:   started user thread for Warehouse 2
2月 12, 2026 1:25:03 上午 spec.jbb.JBBmain DoARun -> 信息:   started user thread for Warehouse 3
2月 12, 2026 1:25:03 上午 spec.jbb.JBBmain DoARun -> 信息:   started user thread for Warehouse 4
2月 12, 2026 1:25:03 上午 spec.jbb.JBBmain DoARun -> 信息:   started user thread for Warehouse 5
2月 12, 2026 1:25:03 上午 spec.jbb.JBBmain DoARun -> 信息:   started user thread for Warehouse 6
2月 12, 2026 1:25:03 上午 spec.jbb.JBBmain DoARun -> 信息:   started user thread for Warehouse 7
2月 12, 2026 1:25:03 上午 spec.jbb.JBBmain DoARun -> 信息:   started user thread for Warehouse 8
2月 12, 2026 1:25:03 上午 spec.jbb.JBBmain DoARun -> 信息:   started user thread for Warehouse 9
2月 12, 2026 1:25:03 上午 spec.jbb.JBBmain DoARun -> 信息:   started user thread for Warehouse 10
2月 12, 2026 1:25:03 上午 spec.jbb.JBBmain DoARun -> 信息:   started user thread for Warehouse 11
2月 12, 2026 1:25:03 上午 spec.jbb.JBBmain DoARun -> 信息:   started user thread for Warehouse 12
2月 12, 2026 1:25:03 上午 spec.jbb.JBBmain DoARun -> 信息:   started user thread for Warehouse 13
2月 12, 2026 1:25:03 上午 spec.jbb.JBBmain DoARun -> 信息:   started user thread for Warehouse 14
2月 12, 2026 1:25:03 上午 spec.jbb.JBBmain DoARun -> 信息:   started user thread for Warehouse 15
2月 12, 2026 1:25:03 上午 spec.jbb.JBBmain DoARun -> 信息:   started user thread for Warehouse 16
2月 12, 2026 1:25:03 上午 spec.jbb.JBBmain DoARun -> 信息:   started user thread for Warehouse 17
2月 12, 2026 1:25:03 上午 spec.jbb.JBBmain DoARun -> 信息:   started user thread for Warehouse 18
2月 12, 2026 1:25:03 上午 spec.jbb.JBBmain DoARun -> 信息:   started user thread for Warehouse 19
2月 12, 2026 1:25:03 上午 spec.jbb.JBBmain DoARun -> 信息:   started user thread for Warehouse 20
2月 12, 2026 1:25:03 上午 spec.jbb.JBBmain DoARun -> 信息:   started user thread for Warehouse 21
2月 12, 2026 1:25:03 上午 spec.jbb.JBBmain DoARun -> 信息:   started user thread for Warehouse 22
2月 12, 2026 1:25:03 上午 spec.jbb.JBBmain DoARun -> 信息:   started user thread for Warehouse 23
2月 12, 2026 1:25:03 上午 spec.jbb.JBBmain DoARun -> 信息:   started user thread for Warehouse 24
2月 12, 2026 1:25:03 上午 spec.jbb.JBBmain DoARun -> 信息:   started user thread for Warehouse 25
2月 12, 2026 1:25:03 上午 spec.jbb.JBBmain DoARun -> 信息:   started user thread for Warehouse 26
2月 12, 2026 1:25:03 上午 spec.jbb.JBBmain DoARun -> 信息:   started user thread for Warehouse 27
2月 12, 2026 1:25:03 上午 spec.jbb.JBBmain DoARun -> 信息:   started user thread for Warehouse 28
2月 12, 2026 1:25:03 上午 spec.jbb.JBBmain DoARun -> 信息:   started user thread for Warehouse 29
2月 12, 2026 1:25:03 上午 spec.jbb.JBBmain DoARun -> 信息:   started user thread for Warehouse 30
2月 12, 2026 1:25:03 上午 spec.jbb.JBBmain DoARun -> 信息:   started user thread for Warehouse 31
2月 12, 2026 1:25:03 上午 spec.jbb.JBBmain DoARun -> 信息:   started user thread for Warehouse 32
2月 12, 2026 1:25:03 上午 spec.jbb.JBBmain DoARun -> 信息:   started user thread for Warehouse 33
2月 12, 2026 1:25:03 上午 spec.jbb.JBBmain DoARun -> 信息:   started user thread for Warehouse 34
2月 12, 2026 1:25:03 上午 spec.jbb.JBBmain DoARun -> 信息:   started user thread for Warehouse 35
2月 12, 2026 1:25:03 上午 spec.jbb.JBBmain DoARun -> 信息:   started user thread for Warehouse 36
2月 12, 2026 1:25:03 上午 spec.jbb.JBBmain DoARun -> 信息:   started user thread for Warehouse 37
2月 12, 2026 1:25:03 上午 spec.jbb.JBBmain DoARun -> 信息:   started user thread for Warehouse 38
2月 12, 2026 1:25:03 上午 spec.jbb.JBBmain DoARun -> 信息:   started user thread for Warehouse 39
2月 12, 2026 1:25:03 上午 spec.jbb.JBBmain DoARun -> 信息:   started user thread for Warehouse 40
2月 12, 2026 1:25:03 上午 spec.jbb.JBBmain DoARun -> 信息:   started user thread for Warehouse 41
2月 12, 2026 1:25:03 上午 spec.jbb.JBBmain DoARun -> 信息:   started user thread for Warehouse 42
2月 12, 2026 1:25:03 上午 spec.jbb.JBBmain DoARun -> 信息:   started user thread for Warehouse 43
2月 12, 2026 1:25:03 上午 spec.jbb.JBBmain DoARun -> 信息:   started user thread for Warehouse 44
2月 12, 2026 1:25:03 上午 spec.jbb.JBBmain DoARun -> 信息:   started user thread for Warehouse 45
2月 12, 2026 1:25:03 上午 spec.jbb.JBBmain DoARun -> 信息:   started user thread for Warehouse 46
2月 12, 2026 1:25:03 上午 spec.jbb.JBBmain DoARun -> 信息:   started user thread for Warehouse 47
2月 12, 2026 1:25:03 上午 spec.jbb.JBBmain DoARun -> 信息:   started user thread for Warehouse 48
2月 12, 2026 1:25:03 上午 spec.jbb.JBBmain DoARun -> 信息:   started user thread for Warehouse 49
2月 12, 2026 1:25:03 上午 spec.jbb.JBBmain DoARun -> 信息:   started user thread for Warehouse 50
2月 12, 2026 1:25:03 上午 spec.jbb.JBBmain DoARun -> 信息:   started user thread for Warehouse 51
2月 12, 2026 1:25:03 上午 spec.jbb.JBBmain DoARun -> 信息:   started user thread for Warehouse 52
2月 12, 2026 1:25:03 上午 spec.jbb.JBBmain DoARun -> 信息:   started user thread for Warehouse 53
2月 12, 2026 1:25:03 上午 spec.jbb.JBBmain DoARun -> 信息:   started user thread for Warehouse 54
2月 12, 2026 1:25:03 上午 spec.jbb.JBBmain DoARun -> 信息:   started user thread for Warehouse 55
2月 12, 2026 1:25:03 上午 spec.jbb.JBBmain DoARun -> 信息:   started user thread for Warehouse 56
2月 12, 2026 1:25:03 上午 spec.jbb.JBBmain DoARun -> 信息:   started user thread for Warehouse 57
2月 12, 2026 1:25:03 上午 spec.jbb.JBBmain DoARun -> 信息:   started user thread for Warehouse 58
2月 12, 2026 1:25:03 上午 spec.jbb.JBBmain DoARun -> 信息:   started user thread for Warehouse 59
2月 12, 2026 1:25:03 上午 spec.jbb.JBBmain DoARun -> 信息:   started user thread for Warehouse 60
2月 12, 2026 1:25:03 上午 spec.jbb.JBBmain DoARun -> 信息:   started user thread for Warehouse 61
2月 12, 2026 1:25:03 上午 spec.jbb.JBBmain DoARun -> 信息:   started user thread for Warehouse 62
2月 12, 2026 1:25:03 上午 spec.jbb.JBBmain DoARun -> 信息:   started user thread for Warehouse 63
2月 12, 2026 1:25:03 上午 spec.jbb.JBBmain DoARun -> 信息:   started user thread for Warehouse 64
2月 12, 2026 1:25:03 上午 spec.jbb.JBBmain DoARun -> 信息:   started user thread for Warehouse 65
2月 12, 2026 1:25:03 上午 spec.jbb.JBBmain DoARun -> 信息:   started user thread for Warehouse 66
2月 12, 2026 1:25:03 上午 spec.jbb.JBBmain DoARun -> 信息:   started user thread for Warehouse 67
2月 12, 2026 1:25:03 上午 spec.jbb.JBBmain DoARun -> 信息:   started user thread for Warehouse 68
2月 12, 2026 1:25:03 上午 spec.jbb.Company displayResultTotals -> 信息: Timing Measurement began Thu Feb 12 01:25:03 CST 2026 for 4 minutes
2月 12, 2026 1:29:03 上午 spec.jbb.Company displayResultTotals -> 信息: Timing Measurement ended Thu Feb 12 01:29:03 CST 2026
2月 12, 2026 1:29:03 上午 spec.jbb.Company primeWithDummyData -> 信息: Loading Warehouse 69...
2月 12, 2026 1:29:03 上午 spec.jbb.JBBmain DoARun -> 信息: Start User Threads
2月 12, 2026 1:29:03 上午 spec.jbb.JBBmain DoARun -> 信息:   started user thread for Warehouse 1
2月 12, 2026 1:29:03 上午 spec.jbb.JBBmain DoARun -> 信息:   started user thread for Warehouse 2
2月 12, 2026 1:29:03 上午 spec.jbb.JBBmain DoARun -> 信息:   started user thread for Warehouse 3
2月 12, 2026 1:29:03 上午 spec.jbb.JBBmain DoARun -> 信息:   started user thread for Warehouse 4
2月 12, 2026 1:29:03 上午 spec.jbb.JBBmain DoARun -> 信息:   started user thread for Warehouse 5
2月 12, 2026 1:29:03 上午 spec.jbb.JBBmain DoARun -> 信息:   started user thread for Warehouse 6
2月 12, 2026 1:29:03 上午 spec.jbb.JBBmain DoARun -> 信息:   started user thread for Warehouse 7
2月 12, 2026 1:29:03 上午 spec.jbb.JBBmain DoARun -> 信息:   started user thread for Warehouse 8
2月 12, 2026 1:29:03 上午 spec.jbb.JBBmain DoARun -> 信息:   started user thread for Warehouse 9
2月 12, 2026 1:29:03 上午 spec.jbb.JBBmain DoARun -> 信息:   started user thread for Warehouse 10
2月 12, 2026 1:29:03 上午 spec.jbb.JBBmain DoARun -> 信息:   started user thread for Warehouse 11
2月 12, 2026 1:29:03 上午 spec.jbb.JBBmain DoARun -> 信息:   started user thread for Warehouse 12
2月 12, 2026 1:29:03 上午 spec.jbb.JBBmain DoARun -> 信息:   started user thread for Warehouse 13
2月 12, 2026 1:29:03 上午 spec.jbb.JBBmain DoARun -> 信息:   started user thread for Warehouse 14
2月 12, 2026 1:29:03 上午 spec.jbb.JBBmain DoARun -> 信息:   started user thread for Warehouse 15
2月 12, 2026 1:29:03 上午 spec.jbb.JBBmain DoARun -> 信息:   started user thread for Warehouse 16
2月 12, 2026 1:29:03 上午 spec.jbb.JBBmain DoARun -> 信息:   started user thread for Warehouse 17
2月 12, 2026 1:29:03 上午 spec.jbb.JBBmain DoARun -> 信息:   started user thread for Warehouse 18
2月 12, 2026 1:29:03 上午 spec.jbb.JBBmain DoARun -> 信息:   started user thread for Warehouse 19
2月 12, 2026 1:29:03 上午 spec.jbb.JBBmain DoARun -> 信息:   started user thread for Warehouse 20
2月 12, 2026 1:29:03 上午 spec.jbb.JBBmain DoARun -> 信息:   started user thread for Warehouse 21
2月 12, 2026 1:29:03 上午 spec.jbb.JBBmain DoARun -> 信息:   started user thread for Warehouse 22
2月 12, 2026 1:29:03 上午 spec.jbb.JBBmain DoARun -> 信息:   started user thread for Warehouse 23
2月 12, 2026 1:29:04 上午 spec.jbb.JBBmain DoARun -> 信息:   started user thread for Warehouse 24
2月 12, 2026 1:29:04 上午 spec.jbb.JBBmain DoARun -> 信息:   started user thread for Warehouse 25
2月 12, 2026 1:29:04 上午 spec.jbb.JBBmain DoARun -> 信息:   started user thread for Warehouse 26
2月 12, 2026 1:29:04 上午 spec.jbb.JBBmain DoARun -> 信息:   started user thread for Warehouse 27
2月 12, 2026 1:29:04 上午 spec.jbb.JBBmain DoARun -> 信息:   started user thread for Warehouse 28
2月 12, 2026 1:29:04 上午 spec.jbb.JBBmain DoARun -> 信息:   started user thread for Warehouse 29
2月 12, 2026 1:29:04 上午 spec.jbb.JBBmain DoARun -> 信息:   started user thread for Warehouse 30
2月 12, 2026 1:29:04 上午 spec.jbb.JBBmain DoARun -> 信息:   started user thread for Warehouse 31
2月 12, 2026 1:29:04 上午 spec.jbb.JBBmain DoARun -> 信息:   started user thread for Warehouse 32
2月 12, 2026 1:29:04 上午 spec.jbb.JBBmain DoARun -> 信息:   started user thread for Warehouse 33
2月 12, 2026 1:29:04 上午 spec.jbb.JBBmain DoARun -> 信息:   started user thread for Warehouse 34
2月 12, 2026 1:29:04 上午 spec.jbb.JBBmain DoARun -> 信息:   started user thread for Warehouse 35
2月 12, 2026 1:29:04 上午 spec.jbb.JBBmain DoARun -> 信息:   started user thread for Warehouse 36
2月 12, 2026 1:29:04 上午 spec.jbb.JBBmain DoARun -> 信息:   started user thread for Warehouse 37
2月 12, 2026 1:29:04 上午 spec.jbb.JBBmain DoARun -> 信息:   started user thread for Warehouse 38
2月 12, 2026 1:29:04 上午 spec.jbb.JBBmain DoARun -> 信息:   started user thread for Warehouse 39
2月 12, 2026 1:29:04 上午 spec.jbb.JBBmain DoARun -> 信息:   started user thread for Warehouse 40
2月 12, 2026 1:29:04 上午 spec.jbb.JBBmain DoARun -> 信息:   started user thread for Warehouse 41
2月 12, 2026 1:29:04 上午 spec.jbb.JBBmain DoARun -> 信息:   started user thread for Warehouse 42
2月 12, 2026 1:29:04 上午 spec.jbb.JBBmain DoARun -> 信息:   started user thread for Warehouse 43
2月 12, 2026 1:29:04 上午 spec.jbb.JBBmain DoARun -> 信息:   started user thread for Warehouse 44
2月 12, 2026 1:29:04 上午 spec.jbb.JBBmain DoARun -> 信息:   started user thread for Warehouse 45
2月 12, 2026 1:29:04 上午 spec.jbb.JBBmain DoARun -> 信息:   started user thread for Warehouse 46
2月 12, 2026 1:29:04 上午 spec.jbb.JBBmain DoARun -> 信息:   started user thread for Warehouse 47
2月 12, 2026 1:29:04 上午 spec.jbb.JBBmain DoARun -> 信息:   started user thread for Warehouse 48
2月 12, 2026 1:29:04 上午 spec.jbb.JBBmain DoARun -> 信息:   started user thread for Warehouse 49
2月 12, 2026 1:29:04 上午 spec.jbb.JBBmain DoARun -> 信息:   started user thread for Warehouse 50
2月 12, 2026 1:29:04 上午 spec.jbb.JBBmain DoARun -> 信息:   started user thread for Warehouse 51
2月 12, 2026 1:29:04 上午 spec.jbb.JBBmain DoARun -> 信息:   started user thread for Warehouse 52
2月 12, 2026 1:29:04 上午 spec.jbb.JBBmain DoARun -> 信息:   started user thread for Warehouse 53
2月 12, 2026 1:29:04 上午 spec.jbb.JBBmain DoARun -> 信息:   started user thread for Warehouse 54
2月 12, 2026 1:29:04 上午 spec.jbb.JBBmain DoARun -> 信息:   started user thread for Warehouse 55
2月 12, 2026 1:29:04 上午 spec.jbb.JBBmain DoARun -> 信息:   started user thread for Warehouse 56
2月 12, 2026 1:29:04 上午 spec.jbb.JBBmain DoARun -> 信息:   started user thread for Warehouse 57
2月 12, 2026 1:29:04 上午 spec.jbb.JBBmain DoARun -> 信息:   started user thread for Warehouse 58
2月 12, 2026 1:29:04 上午 spec.jbb.JBBmain DoARun -> 信息:   started user thread for Warehouse 59
2月 12, 2026 1:29:04 上午 spec.jbb.JBBmain DoARun -> 信息:   started user thread for Warehouse 60
2月 12, 2026 1:29:04 上午 spec.jbb.JBBmain DoARun -> 信息:   started user thread for Warehouse 61
2月 12, 2026 1:29:04 上午 spec.jbb.JBBmain DoARun -> 信息:   started user thread for Warehouse 62
2月 12, 2026 1:29:04 上午 spec.jbb.JBBmain DoARun -> 信息:   started user thread for Warehouse 63
2月 12, 2026 1:29:04 上午 spec.jbb.JBBmain DoARun -> 信息:   started user thread for Warehouse 64
2月 12, 2026 1:29:04 上午 spec.jbb.JBBmain DoARun -> 信息:   started user thread for Warehouse 65
2月 12, 2026 1:29:04 上午 spec.jbb.JBBmain DoARun -> 信息:   started user thread for Warehouse 66
2月 12, 2026 1:29:04 上午 spec.jbb.JBBmain DoARun -> 信息:   started user thread for Warehouse 67
2月 12, 2026 1:29:04 上午 spec.jbb.JBBmain DoARun -> 信息:   started user thread for Warehouse 68
2月 12, 2026 1:29:04 上午 spec.jbb.JBBmain DoARun -> 信息:   started user thread for Warehouse 69
2月 12, 2026 1:29:04 上午 spec.jbb.Company displayResultTotals -> 信息: Timing Measurement began Thu Feb 12 01:29:04 CST 2026 for 4 minutes
2月 12, 2026 1:33:04 上午 spec.jbb.Company displayResultTotals -> 信息: Timing Measurement ended Thu Feb 12 01:33:04 CST 2026
2月 12, 2026 1:33:04 上午 spec.jbb.Company primeWithDummyData -> 信息: Loading Warehouse 70...
2月 12, 2026 1:33:04 上午 spec.jbb.JBBmain DoARun -> 信息: Start User Threads
2月 12, 2026 1:33:04 上午 spec.jbb.JBBmain DoARun -> 信息:   started user thread for Warehouse 1
2月 12, 2026 1:33:04 上午 spec.jbb.JBBmain DoARun -> 信息:   started user thread for Warehouse 2
2月 12, 2026 1:33:04 上午 spec.jbb.JBBmain DoARun -> 信息:   started user thread for Warehouse 3
2月 12, 2026 1:33:04 上午 spec.jbb.JBBmain DoARun -> 信息:   started user thread for Warehouse 4
2月 12, 2026 1:33:04 上午 spec.jbb.JBBmain DoARun -> 信息:   started user thread for Warehouse 5
2月 12, 2026 1:33:04 上午 spec.jbb.JBBmain DoARun -> 信息:   started user thread for Warehouse 6
2月 12, 2026 1:33:04 上午 spec.jbb.JBBmain DoARun -> 信息:   started user thread for Warehouse 7
2月 12, 2026 1:33:04 上午 spec.jbb.JBBmain DoARun -> 信息:   started user thread for Warehouse 8
2月 12, 2026 1:33:04 上午 spec.jbb.JBBmain DoARun -> 信息:   started user thread for Warehouse 9
2月 12, 2026 1:33:04 上午 spec.jbb.JBBmain DoARun -> 信息:   started user thread for Warehouse 10
2月 12, 2026 1:33:04 上午 spec.jbb.JBBmain DoARun -> 信息:   started user thread for Warehouse 11
2月 12, 2026 1:33:04 上午 spec.jbb.JBBmain DoARun -> 信息:   started user thread for Warehouse 12
2月 12, 2026 1:33:04 上午 spec.jbb.JBBmain DoARun -> 信息:   started user thread for Warehouse 13
2月 12, 2026 1:33:04 上午 spec.jbb.JBBmain DoARun -> 信息:   started user thread for Warehouse 14
2月 12, 2026 1:33:04 上午 spec.jbb.JBBmain DoARun -> 信息:   started user thread for Warehouse 15
2月 12, 2026 1:33:04 上午 spec.jbb.JBBmain DoARun -> 信息:   started user thread for Warehouse 16
2月 12, 2026 1:33:04 上午 spec.jbb.JBBmain DoARun -> 信息:   started user thread for Warehouse 17
2月 12, 2026 1:33:04 上午 spec.jbb.JBBmain DoARun -> 信息:   started user thread for Warehouse 18
2月 12, 2026 1:33:04 上午 spec.jbb.JBBmain DoARun -> 信息:   started user thread for Warehouse 19
2月 12, 2026 1:33:04 上午 spec.jbb.JBBmain DoARun -> 信息:   started user thread for Warehouse 20
2月 12, 2026 1:33:04 上午 spec.jbb.JBBmain DoARun -> 信息:   started user thread for Warehouse 21
2月 12, 2026 1:33:04 上午 spec.jbb.JBBmain DoARun -> 信息:   started user thread for Warehouse 22
2月 12, 2026 1:33:04 上午 spec.jbb.JBBmain DoARun -> 信息:   started user thread for Warehouse 23
2月 12, 2026 1:33:04 上午 spec.jbb.JBBmain DoARun -> 信息:   started user thread for Warehouse 24
2月 12, 2026 1:33:04 上午 spec.jbb.JBBmain DoARun -> 信息:   started user thread for Warehouse 25
2月 12, 2026 1:33:04 上午 spec.jbb.JBBmain DoARun -> 信息:   started user thread for Warehouse 26
2月 12, 2026 1:33:04 上午 spec.jbb.JBBmain DoARun -> 信息:   started user thread for Warehouse 27
2月 12, 2026 1:33:04 上午 spec.jbb.JBBmain DoARun -> 信息:   started user thread for Warehouse 28
2月 12, 2026 1:33:04 上午 spec.jbb.JBBmain DoARun -> 信息:   started user thread for Warehouse 29
2月 12, 2026 1:33:04 上午 spec.jbb.JBBmain DoARun -> 信息:   started user thread for Warehouse 30
2月 12, 2026 1:33:04 上午 spec.jbb.JBBmain DoARun -> 信息:   started user thread for Warehouse 31
2月 12, 2026 1:33:04 上午 spec.jbb.JBBmain DoARun -> 信息:   started user thread for Warehouse 32
2月 12, 2026 1:33:04 上午 spec.jbb.JBBmain DoARun -> 信息:   started user thread for Warehouse 33
2月 12, 2026 1:33:04 上午 spec.jbb.JBBmain DoARun -> 信息:   started user thread for Warehouse 34
2月 12, 2026 1:33:04 上午 spec.jbb.JBBmain DoARun -> 信息:   started user thread for Warehouse 35
2月 12, 2026 1:33:04 上午 spec.jbb.JBBmain DoARun -> 信息:   started user thread for Warehouse 36
2月 12, 2026 1:33:04 上午 spec.jbb.JBBmain DoARun -> 信息:   started user thread for Warehouse 37
2月 12, 2026 1:33:04 上午 spec.jbb.JBBmain DoARun -> 信息:   started user thread for Warehouse 38
2月 12, 2026 1:33:04 上午 spec.jbb.JBBmain DoARun -> 信息:   started user thread for Warehouse 39
2月 12, 2026 1:33:04 上午 spec.jbb.JBBmain DoARun -> 信息:   started user thread for Warehouse 40
2月 12, 2026 1:33:04 上午 spec.jbb.JBBmain DoARun -> 信息:   started user thread for Warehouse 41
2月 12, 2026 1:33:04 上午 spec.jbb.JBBmain DoARun -> 信息:   started user thread for Warehouse 42
2月 12, 2026 1:33:04 上午 spec.jbb.JBBmain DoARun -> 信息:   started user thread for Warehouse 43
2月 12, 2026 1:33:04 上午 spec.jbb.JBBmain DoARun -> 信息:   started user thread for Warehouse 44
2月 12, 2026 1:33:04 上午 spec.jbb.JBBmain DoARun -> 信息:   started user thread for Warehouse 45
2月 12, 2026 1:33:04 上午 spec.jbb.JBBmain DoARun -> 信息:   started user thread for Warehouse 46
2月 12, 2026 1:33:04 上午 spec.jbb.JBBmain DoARun -> 信息:   started user thread for Warehouse 47
2月 12, 2026 1:33:04 上午 spec.jbb.JBBmain DoARun -> 信息:   started user thread for Warehouse 48
2月 12, 2026 1:33:04 上午 spec.jbb.JBBmain DoARun -> 信息:   started user thread for Warehouse 49
2月 12, 2026 1:33:04 上午 spec.jbb.JBBmain DoARun -> 信息:   started user thread for Warehouse 50
2月 12, 2026 1:33:04 上午 spec.jbb.JBBmain DoARun -> 信息:   started user thread for Warehouse 51
2月 12, 2026 1:33:04 上午 spec.jbb.JBBmain DoARun -> 信息:   started user thread for Warehouse 52
2月 12, 2026 1:33:04 上午 spec.jbb.JBBmain DoARun -> 信息:   started user thread for Warehouse 53
2月 12, 2026 1:33:04 上午 spec.jbb.JBBmain DoARun -> 信息:   started user thread for Warehouse 54
2月 12, 2026 1:33:04 上午 spec.jbb.JBBmain DoARun -> 信息:   started user thread for Warehouse 55
2月 12, 2026 1:33:04 上午 spec.jbb.JBBmain DoARun -> 信息:   started user thread for Warehouse 56
2月 12, 2026 1:33:04 上午 spec.jbb.JBBmain DoARun -> 信息:   started user thread for Warehouse 57
2月 12, 2026 1:33:04 上午 spec.jbb.JBBmain DoARun -> 信息:   started user thread for Warehouse 58
2月 12, 2026 1:33:04 上午 spec.jbb.JBBmain DoARun -> 信息:   started user thread for Warehouse 59
2月 12, 2026 1:33:04 上午 spec.jbb.JBBmain DoARun -> 信息:   started user thread for Warehouse 60
2月 12, 2026 1:33:04 上午 spec.jbb.JBBmain DoARun -> 信息:   started user thread for Warehouse 61
2月 12, 2026 1:33:04 上午 spec.jbb.JBBmain DoARun -> 信息:   started user thread for Warehouse 62
2月 12, 2026 1:33:04 上午 spec.jbb.JBBmain DoARun -> 信息:   started user thread for Warehouse 63
2月 12, 2026 1:33:04 上午 spec.jbb.JBBmain DoARun -> 信息:   started user thread for Warehouse 64
2月 12, 2026 1:33:04 上午 spec.jbb.JBBmain DoARun -> 信息:   started user thread for Warehouse 65
2月 12, 2026 1:33:04 上午 spec.jbb.JBBmain DoARun -> 信息:   started user thread for Warehouse 66
2月 12, 2026 1:33:04 上午 spec.jbb.JBBmain DoARun -> 信息:   started user thread for Warehouse 67
2月 12, 2026 1:33:04 上午 spec.jbb.JBBmain DoARun -> 信息:   started user thread for Warehouse 68
2月 12, 2026 1:33:04 上午 spec.jbb.JBBmain DoARun -> 信息:   started user thread for Warehouse 69
2月 12, 2026 1:33:04 上午 spec.jbb.JBBmain DoARun -> 信息:   started user thread for Warehouse 70
2月 12, 2026 1:33:04 上午 spec.jbb.Company displayResultTotals -> 信息: Timing Measurement began Thu Feb 12 01:33:04 CST 2026 for 4 minutes
2月 12, 2026 1:37:04 上午 spec.jbb.Company displayResultTotals -> 信息: Timing Measurement ended Thu Feb 12 01:37:04 CST 2026
2月 12, 2026 1:37:04 上午 spec.jbb.Company primeWithDummyData -> 信息: Loading Warehouse 71...
2月 12, 2026 1:37:04 上午 spec.jbb.JBBmain DoARun -> 信息: Start User Threads
2月 12, 2026 1:37:05 上午 spec.jbb.JBBmain DoARun -> 信息:   started user thread for Warehouse 1
2月 12, 2026 1:37:05 上午 spec.jbb.JBBmain DoARun -> 信息:   started user thread for Warehouse 2
2月 12, 2026 1:37:05 上午 spec.jbb.JBBmain DoARun -> 信息:   started user thread for Warehouse 3
2月 12, 2026 1:37:05 上午 spec.jbb.JBBmain DoARun -> 信息:   started user thread for Warehouse 4
2月 12, 2026 1:37:05 上午 spec.jbb.JBBmain DoARun -> 信息:   started user thread for Warehouse 5
2月 12, 2026 1:37:05 上午 spec.jbb.JBBmain DoARun -> 信息:   started user thread for Warehouse 6
2月 12, 2026 1:37:05 上午 spec.jbb.JBBmain DoARun -> 信息:   started user thread for Warehouse 7
2月 12, 2026 1:37:05 上午 spec.jbb.JBBmain DoARun -> 信息:   started user thread for Warehouse 8
2月 12, 2026 1:37:05 上午 spec.jbb.JBBmain DoARun -> 信息:   started user thread for Warehouse 9
2月 12, 2026 1:37:05 上午 spec.jbb.JBBmain DoARun -> 信息:   started user thread for Warehouse 10
2月 12, 2026 1:37:05 上午 spec.jbb.JBBmain DoARun -> 信息:   started user thread for Warehouse 11
2月 12, 2026 1:37:05 上午 spec.jbb.JBBmain DoARun -> 信息:   started user thread for Warehouse 12
2月 12, 2026 1:37:05 上午 spec.jbb.JBBmain DoARun -> 信息:   started user thread for Warehouse 13
2月 12, 2026 1:37:05 上午 spec.jbb.JBBmain DoARun -> 信息:   started user thread for Warehouse 14
2月 12, 2026 1:37:05 上午 spec.jbb.JBBmain DoARun -> 信息:   started user thread for Warehouse 15
2月 12, 2026 1:37:05 上午 spec.jbb.JBBmain DoARun -> 信息:   started user thread for Warehouse 16
2月 12, 2026 1:37:05 上午 spec.jbb.JBBmain DoARun -> 信息:   started user thread for Warehouse 17
2月 12, 2026 1:37:05 上午 spec.jbb.JBBmain DoARun -> 信息:   started user thread for Warehouse 18
2月 12, 2026 1:37:05 上午 spec.jbb.JBBmain DoARun -> 信息:   started user thread for Warehouse 19
2月 12, 2026 1:37:05 上午 spec.jbb.JBBmain DoARun -> 信息:   started user thread for Warehouse 20
2月 12, 2026 1:37:05 上午 spec.jbb.JBBmain DoARun -> 信息:   started user thread for Warehouse 21
2月 12, 2026 1:37:05 上午 spec.jbb.JBBmain DoARun -> 信息:   started user thread for Warehouse 22
2月 12, 2026 1:37:05 上午 spec.jbb.JBBmain DoARun -> 信息:   started user thread for Warehouse 23
2月 12, 2026 1:37:05 上午 spec.jbb.JBBmain DoARun -> 信息:   started user thread for Warehouse 24
2月 12, 2026 1:37:05 上午 spec.jbb.JBBmain DoARun -> 信息:   started user thread for Warehouse 25
2月 12, 2026 1:37:05 上午 spec.jbb.JBBmain DoARun -> 信息:   started user thread for Warehouse 26
2月 12, 2026 1:37:05 上午 spec.jbb.JBBmain DoARun -> 信息:   started user thread for Warehouse 27
2月 12, 2026 1:37:05 上午 spec.jbb.JBBmain DoARun -> 信息:   started user thread for Warehouse 28
2月 12, 2026 1:37:05 上午 spec.jbb.JBBmain DoARun -> 信息:   started user thread for Warehouse 29
2月 12, 2026 1:37:05 上午 spec.jbb.JBBmain DoARun -> 信息:   started user thread for Warehouse 30
2月 12, 2026 1:37:05 上午 spec.jbb.JBBmain DoARun -> 信息:   started user thread for Warehouse 31
2月 12, 2026 1:37:05 上午 spec.jbb.JBBmain DoARun -> 信息:   started user thread for Warehouse 32
2月 12, 2026 1:37:05 上午 spec.jbb.JBBmain DoARun -> 信息:   started user thread for Warehouse 33
2月 12, 2026 1:37:06 上午 spec.jbb.JBBmain DoARun -> 信息:   started user thread for Warehouse 34
2月 12, 2026 1:37:06 上午 spec.jbb.JBBmain DoARun -> 信息:   started user thread for Warehouse 35
2月 12, 2026 1:37:06 上午 spec.jbb.JBBmain DoARun -> 信息:   started user thread for Warehouse 36
2月 12, 2026 1:37:06 上午 spec.jbb.JBBmain DoARun -> 信息:   started user thread for Warehouse 37
2月 12, 2026 1:37:06 上午 spec.jbb.JBBmain DoARun -> 信息:   started user thread for Warehouse 38
2月 12, 2026 1:37:06 上午 spec.jbb.JBBmain DoARun -> 信息:   started user thread for Warehouse 39
2月 12, 2026 1:37:06 上午 spec.jbb.JBBmain DoARun -> 信息:   started user thread for Warehouse 40
2月 12, 2026 1:37:06 上午 spec.jbb.JBBmain DoARun -> 信息:   started user thread for Warehouse 41
2月 12, 2026 1:37:06 上午 spec.jbb.JBBmain DoARun -> 信息:   started user thread for Warehouse 42
2月 12, 2026 1:37:06 上午 spec.jbb.JBBmain DoARun -> 信息:   started user thread for Warehouse 43
2月 12, 2026 1:37:06 上午 spec.jbb.JBBmain DoARun -> 信息:   started user thread for Warehouse 44
2月 12, 2026 1:37:06 上午 spec.jbb.JBBmain DoARun -> 信息:   started user thread for Warehouse 45
2月 12, 2026 1:37:06 上午 spec.jbb.JBBmain DoARun -> 信息:   started user thread for Warehouse 46
2月 12, 2026 1:37:06 上午 spec.jbb.JBBmain DoARun -> 信息:   started user thread for Warehouse 47
2月 12, 2026 1:37:06 上午 spec.jbb.JBBmain DoARun -> 信息:   started user thread for Warehouse 48
2月 12, 2026 1:37:06 上午 spec.jbb.JBBmain DoARun -> 信息:   started user thread for Warehouse 49
2月 12, 2026 1:37:06 上午 spec.jbb.JBBmain DoARun -> 信息:   started user thread for Warehouse 50
2月 12, 2026 1:37:06 上午 spec.jbb.JBBmain DoARun -> 信息:   started user thread for Warehouse 51
2月 12, 2026 1:37:06 上午 spec.jbb.JBBmain DoARun -> 信息:   started user thread for Warehouse 52
2月 12, 2026 1:37:06 上午 spec.jbb.JBBmain DoARun -> 信息:   started user thread for Warehouse 53
2月 12, 2026 1:37:06 上午 spec.jbb.JBBmain DoARun -> 信息:   started user thread for Warehouse 54
2月 12, 2026 1:37:06 上午 spec.jbb.JBBmain DoARun -> 信息:   started user thread for Warehouse 55
2月 12, 2026 1:37:06 上午 spec.jbb.JBBmain DoARun -> 信息:   started user thread for Warehouse 56
2月 12, 2026 1:37:06 上午 spec.jbb.JBBmain DoARun -> 信息:   started user thread for Warehouse 57
2月 12, 2026 1:37:06 上午 spec.jbb.JBBmain DoARun -> 信息:   started user thread for Warehouse 58
2月 12, 2026 1:37:06 上午 spec.jbb.JBBmain DoARun -> 信息:   started user thread for Warehouse 59
2月 12, 2026 1:37:06 上午 spec.jbb.JBBmain DoARun -> 信息:   started user thread for Warehouse 60
2月 12, 2026 1:37:06 上午 spec.jbb.JBBmain DoARun -> 信息:   started user thread for Warehouse 61
2月 12, 2026 1:37:06 上午 spec.jbb.JBBmain DoARun -> 信息:   started user thread for Warehouse 62
2月 12, 2026 1:37:06 上午 spec.jbb.JBBmain DoARun -> 信息:   started user thread for Warehouse 63
2月 12, 2026 1:37:06 上午 spec.jbb.JBBmain DoARun -> 信息:   started user thread for Warehouse 64
2月 12, 2026 1:37:06 上午 spec.jbb.JBBmain DoARun -> 信息:   started user thread for Warehouse 65
2月 12, 2026 1:37:06 上午 spec.jbb.JBBmain DoARun -> 信息:   started user thread for Warehouse 66
2月 12, 2026 1:37:07 上午 spec.jbb.JBBmain DoARun -> 信息:   started user thread for Warehouse 67
2月 12, 2026 1:37:07 上午 spec.jbb.JBBmain DoARun -> 信息:   started user thread for Warehouse 68
2月 12, 2026 1:37:07 上午 spec.jbb.JBBmain DoARun -> 信息:   started user thread for Warehouse 69
2月 12, 2026 1:37:07 上午 spec.jbb.JBBmain DoARun -> 信息:   started user thread for Warehouse 70
2月 12, 2026 1:37:07 上午 spec.jbb.JBBmain DoARun -> 信息:   started user thread for Warehouse 71
2月 12, 2026 1:37:07 上午 spec.jbb.Company displayResultTotals -> 信息: Timing Measurement began Thu Feb 12 01:37:07 CST 2026 for 4 minutes
2月 12, 2026 1:41:07 上午 spec.jbb.Company displayResultTotals -> 信息: Timing Measurement ended Thu Feb 12 01:41:07 CST 2026
2月 12, 2026 1:41:07 上午 spec.jbb.Company primeWithDummyData -> 信息: Loading Warehouse 72...
2月 12, 2026 1:41:07 上午 spec.jbb.JBBmain DoARun -> 信息: Start User Threads
2月 12, 2026 1:41:07 上午 spec.jbb.JBBmain DoARun -> 信息:   started user thread for Warehouse 1
2月 12, 2026 1:41:07 上午 spec.jbb.JBBmain DoARun -> 信息:   started user thread for Warehouse 2
2月 12, 2026 1:41:07 上午 spec.jbb.JBBmain DoARun -> 信息:   started user thread for Warehouse 3
2月 12, 2026 1:41:07 上午 spec.jbb.JBBmain DoARun -> 信息:   started user thread for Warehouse 4
2月 12, 2026 1:41:07 上午 spec.jbb.JBBmain DoARun -> 信息:   started user thread for Warehouse 5
2月 12, 2026 1:41:07 上午 spec.jbb.JBBmain DoARun -> 信息:   started user thread for Warehouse 6
2月 12, 2026 1:41:07 上午 spec.jbb.JBBmain DoARun -> 信息:   started user thread for Warehouse 7
2月 12, 2026 1:41:07 上午 spec.jbb.JBBmain DoARun -> 信息:   started user thread for Warehouse 8
2月 12, 2026 1:41:07 上午 spec.jbb.JBBmain DoARun -> 信息:   started user thread for Warehouse 9
2月 12, 2026 1:41:07 上午 spec.jbb.JBBmain DoARun -> 信息:   started user thread for Warehouse 10
2月 12, 2026 1:41:07 上午 spec.jbb.JBBmain DoARun -> 信息:   started user thread for Warehouse 11
2月 12, 2026 1:41:07 上午 spec.jbb.JBBmain DoARun -> 信息:   started user thread for Warehouse 12
2月 12, 2026 1:41:07 上午 spec.jbb.JBBmain DoARun -> 信息:   started user thread for Warehouse 13
2月 12, 2026 1:41:07 上午 spec.jbb.JBBmain DoARun -> 信息:   started user thread for Warehouse 14
2月 12, 2026 1:41:07 上午 spec.jbb.JBBmain DoARun -> 信息:   started user thread for Warehouse 15
2月 12, 2026 1:41:07 上午 spec.jbb.JBBmain DoARun -> 信息:   started user thread for Warehouse 16
2月 12, 2026 1:41:07 上午 spec.jbb.JBBmain DoARun -> 信息:   started user thread for Warehouse 17
2月 12, 2026 1:41:07 上午 spec.jbb.JBBmain DoARun -> 信息:   started user thread for Warehouse 18
2月 12, 2026 1:41:07 上午 spec.jbb.JBBmain DoARun -> 信息:   started user thread for Warehouse 19
2月 12, 2026 1:41:07 上午 spec.jbb.JBBmain DoARun -> 信息:   started user thread for Warehouse 20
2月 12, 2026 1:41:07 上午 spec.jbb.JBBmain DoARun -> 信息:   started user thread for Warehouse 21
2月 12, 2026 1:41:07 上午 spec.jbb.JBBmain DoARun -> 信息:   started user thread for Warehouse 22
2月 12, 2026 1:41:07 上午 spec.jbb.JBBmain DoARun -> 信息:   started user thread for Warehouse 23
2月 12, 2026 1:41:07 上午 spec.jbb.JBBmain DoARun -> 信息:   started user thread for Warehouse 24
2月 12, 2026 1:41:07 上午 spec.jbb.JBBmain DoARun -> 信息:   started user thread for Warehouse 25
2月 12, 2026 1:41:07 上午 spec.jbb.JBBmain DoARun -> 信息:   started user thread for Warehouse 26
2月 12, 2026 1:41:07 上午 spec.jbb.JBBmain DoARun -> 信息:   started user thread for Warehouse 27
2月 12, 2026 1:41:07 上午 spec.jbb.JBBmain DoARun -> 信息:   started user thread for Warehouse 28
2月 12, 2026 1:41:07 上午 spec.jbb.JBBmain DoARun -> 信息:   started user thread for Warehouse 29
2月 12, 2026 1:41:07 上午 spec.jbb.JBBmain DoARun -> 信息:   started user thread for Warehouse 30
2月 12, 2026 1:41:07 上午 spec.jbb.JBBmain DoARun -> 信息:   started user thread for Warehouse 31
2月 12, 2026 1:41:07 上午 spec.jbb.JBBmain DoARun -> 信息:   started user thread for Warehouse 32
2月 12, 2026 1:41:07 上午 spec.jbb.JBBmain DoARun -> 信息:   started user thread for Warehouse 33
2月 12, 2026 1:41:07 上午 spec.jbb.JBBmain DoARun -> 信息:   started user thread for Warehouse 34
2月 12, 2026 1:41:07 上午 spec.jbb.JBBmain DoARun -> 信息:   started user thread for Warehouse 35
2月 12, 2026 1:41:07 上午 spec.jbb.JBBmain DoARun -> 信息:   started user thread for Warehouse 36
2月 12, 2026 1:41:07 上午 spec.jbb.JBBmain DoARun -> 信息:   started user thread for Warehouse 37
2月 12, 2026 1:41:07 上午 spec.jbb.JBBmain DoARun -> 信息:   started user thread for Warehouse 38
2月 12, 2026 1:41:07 上午 spec.jbb.JBBmain DoARun -> 信息:   started user thread for Warehouse 39
2月 12, 2026 1:41:07 上午 spec.jbb.JBBmain DoARun -> 信息:   started user thread for Warehouse 40
2月 12, 2026 1:41:07 上午 spec.jbb.JBBmain DoARun -> 信息:   started user thread for Warehouse 41
2月 12, 2026 1:41:07 上午 spec.jbb.JBBmain DoARun -> 信息:   started user thread for Warehouse 42
2月 12, 2026 1:41:07 上午 spec.jbb.JBBmain DoARun -> 信息:   started user thread for Warehouse 43
2月 12, 2026 1:41:07 上午 spec.jbb.JBBmain DoARun -> 信息:   started user thread for Warehouse 44
2月 12, 2026 1:41:07 上午 spec.jbb.JBBmain DoARun -> 信息:   started user thread for Warehouse 45
2月 12, 2026 1:41:07 上午 spec.jbb.JBBmain DoARun -> 信息:   started user thread for Warehouse 46
2月 12, 2026 1:41:07 上午 spec.jbb.JBBmain DoARun -> 信息:   started user thread for Warehouse 47
2月 12, 2026 1:41:07 上午 spec.jbb.JBBmain DoARun -> 信息:   started user thread for Warehouse 48
2月 12, 2026 1:41:07 上午 spec.jbb.JBBmain DoARun -> 信息:   started user thread for Warehouse 49
2月 12, 2026 1:41:07 上午 spec.jbb.JBBmain DoARun -> 信息:   started user thread for Warehouse 50
2月 12, 2026 1:41:07 上午 spec.jbb.JBBmain DoARun -> 信息:   started user thread for Warehouse 51
2月 12, 2026 1:41:07 上午 spec.jbb.JBBmain DoARun -> 信息:   started user thread for Warehouse 52
2月 12, 2026 1:41:07 上午 spec.jbb.JBBmain DoARun -> 信息:   started user thread for Warehouse 53
2月 12, 2026 1:41:07 上午 spec.jbb.JBBmain DoARun -> 信息:   started user thread for Warehouse 54
2月 12, 2026 1:41:07 上午 spec.jbb.JBBmain DoARun -> 信息:   started user thread for Warehouse 55
2月 12, 2026 1:41:07 上午 spec.jbb.JBBmain DoARun -> 信息:   started user thread for Warehouse 56
2月 12, 2026 1:41:07 上午 spec.jbb.JBBmain DoARun -> 信息:   started user thread for Warehouse 57
2月 12, 2026 1:41:07 上午 spec.jbb.JBBmain DoARun -> 信息:   started user thread for Warehouse 58
2月 12, 2026 1:41:07 上午 spec.jbb.JBBmain DoARun -> 信息:   started user thread for Warehouse 59
2月 12, 2026 1:41:07 上午 spec.jbb.JBBmain DoARun -> 信息:   started user thread for Warehouse 60
2月 12, 2026 1:41:07 上午 spec.jbb.JBBmain DoARun -> 信息:   started user thread for Warehouse 61
2月 12, 2026 1:41:07 上午 spec.jbb.JBBmain DoARun -> 信息:   started user thread for Warehouse 62
2月 12, 2026 1:41:07 上午 spec.jbb.JBBmain DoARun -> 信息:   started user thread for Warehouse 63
2月 12, 2026 1:41:07 上午 spec.jbb.JBBmain DoARun -> 信息:   started user thread for Warehouse 64
2月 12, 2026 1:41:07 上午 spec.jbb.JBBmain DoARun -> 信息:   started user thread for Warehouse 65
2月 12, 2026 1:41:07 上午 spec.jbb.JBBmain DoARun -> 信息:   started user thread for Warehouse 66
2月 12, 2026 1:41:07 上午 spec.jbb.JBBmain DoARun -> 信息:   started user thread for Warehouse 67
2月 12, 2026 1:41:07 上午 spec.jbb.JBBmain DoARun -> 信息:   started user thread for Warehouse 68
2月 12, 2026 1:41:07 上午 spec.jbb.JBBmain DoARun -> 信息:   started user thread for Warehouse 69
2月 12, 2026 1:41:07 上午 spec.jbb.JBBmain DoARun -> 信息:   started user thread for Warehouse 70
2月 12, 2026 1:41:07 上午 spec.jbb.JBBmain DoARun -> 信息:   started user thread for Warehouse 71
2月 12, 2026 1:41:07 上午 spec.jbb.JBBmain DoARun -> 信息:   started user thread for Warehouse 72
2月 12, 2026 1:41:07 上午 spec.jbb.Company displayResultTotals -> 信息: Timing Measurement began Thu Feb 12 01:41:07 CST 2026 for 4 minutes
2月 12, 2026 1:45:07 上午 spec.jbb.Company displayResultTotals -> 信息: Timing Measurement ended Thu Feb 12 01:45:07 CST 2026
2月 12, 2026 1:45:07 上午 spec.jbb.Company primeWithDummyData -> 信息: Loading Warehouse 73...
2月 12, 2026 1:45:07 上午 spec.jbb.JBBmain DoARun -> 信息: Start User Threads
2月 12, 2026 1:45:07 上午 spec.jbb.JBBmain DoARun -> 信息:   started user thread for Warehouse 1
2月 12, 2026 1:45:07 上午 spec.jbb.JBBmain DoARun -> 信息:   started user thread for Warehouse 2
2月 12, 2026 1:45:07 上午 spec.jbb.JBBmain DoARun -> 信息:   started user thread for Warehouse 3
2月 12, 2026 1:45:07 上午 spec.jbb.JBBmain DoARun -> 信息:   started user thread for Warehouse 4
2月 12, 2026 1:45:07 上午 spec.jbb.JBBmain DoARun -> 信息:   started user thread for Warehouse 5
2月 12, 2026 1:45:07 上午 spec.jbb.JBBmain DoARun -> 信息:   started user thread for Warehouse 6
2月 12, 2026 1:45:07 上午 spec.jbb.JBBmain DoARun -> 信息:   started user thread for Warehouse 7
2月 12, 2026 1:45:07 上午 spec.jbb.JBBmain DoARun -> 信息:   started user thread for Warehouse 8
2月 12, 2026 1:45:07 上午 spec.jbb.JBBmain DoARun -> 信息:   started user thread for Warehouse 9
2月 12, 2026 1:45:07 上午 spec.jbb.JBBmain DoARun -> 信息:   started user thread for Warehouse 10
2月 12, 2026 1:45:07 上午 spec.jbb.JBBmain DoARun -> 信息:   started user thread for Warehouse 11
2月 12, 2026 1:45:07 上午 spec.jbb.JBBmain DoARun -> 信息:   started user thread for Warehouse 12
2月 12, 2026 1:45:07 上午 spec.jbb.JBBmain DoARun -> 信息:   started user thread for Warehouse 13
2月 12, 2026 1:45:07 上午 spec.jbb.JBBmain DoARun -> 信息:   started user thread for Warehouse 14
2月 12, 2026 1:45:07 上午 spec.jbb.JBBmain DoARun -> 信息:   started user thread for Warehouse 15
2月 12, 2026 1:45:07 上午 spec.jbb.JBBmain DoARun -> 信息:   started user thread for Warehouse 16
2月 12, 2026 1:45:07 上午 spec.jbb.JBBmain DoARun -> 信息:   started user thread for Warehouse 17
2月 12, 2026 1:45:07 上午 spec.jbb.JBBmain DoARun -> 信息:   started user thread for Warehouse 18
2月 12, 2026 1:45:07 上午 spec.jbb.JBBmain DoARun -> 信息:   started user thread for Warehouse 19
2月 12, 2026 1:45:07 上午 spec.jbb.JBBmain DoARun -> 信息:   started user thread for Warehouse 20
2月 12, 2026 1:45:07 上午 spec.jbb.JBBmain DoARun -> 信息:   started user thread for Warehouse 21
2月 12, 2026 1:45:07 上午 spec.jbb.JBBmain DoARun -> 信息:   started user thread for Warehouse 22
2月 12, 2026 1:45:07 上午 spec.jbb.JBBmain DoARun -> 信息:   started user thread for Warehouse 23
2月 12, 2026 1:45:07 上午 spec.jbb.JBBmain DoARun -> 信息:   started user thread for Warehouse 24
2月 12, 2026 1:45:07 上午 spec.jbb.JBBmain DoARun -> 信息:   started user thread for Warehouse 25
2月 12, 2026 1:45:07 上午 spec.jbb.JBBmain DoARun -> 信息:   started user thread for Warehouse 26
2月 12, 2026 1:45:07 上午 spec.jbb.JBBmain DoARun -> 信息:   started user thread for Warehouse 27
2月 12, 2026 1:45:07 上午 spec.jbb.JBBmain DoARun -> 信息:   started user thread for Warehouse 28
2月 12, 2026 1:45:07 上午 spec.jbb.JBBmain DoARun -> 信息:   started user thread for Warehouse 29
2月 12, 2026 1:45:07 上午 spec.jbb.JBBmain DoARun -> 信息:   started user thread for Warehouse 30
2月 12, 2026 1:45:07 上午 spec.jbb.JBBmain DoARun -> 信息:   started user thread for Warehouse 31
2月 12, 2026 1:45:07 上午 spec.jbb.JBBmain DoARun -> 信息:   started user thread for Warehouse 32
2月 12, 2026 1:45:07 上午 spec.jbb.JBBmain DoARun -> 信息:   started user thread for Warehouse 33
2月 12, 2026 1:45:07 上午 spec.jbb.JBBmain DoARun -> 信息:   started user thread for Warehouse 34
2月 12, 2026 1:45:07 上午 spec.jbb.JBBmain DoARun -> 信息:   started user thread for Warehouse 35
2月 12, 2026 1:45:07 上午 spec.jbb.JBBmain DoARun -> 信息:   started user thread for Warehouse 36
2月 12, 2026 1:45:07 上午 spec.jbb.JBBmain DoARun -> 信息:   started user thread for Warehouse 37
2月 12, 2026 1:45:07 上午 spec.jbb.JBBmain DoARun -> 信息:   started user thread for Warehouse 38
2月 12, 2026 1:45:07 上午 spec.jbb.JBBmain DoARun -> 信息:   started user thread for Warehouse 39
2月 12, 2026 1:45:07 上午 spec.jbb.JBBmain DoARun -> 信息:   started user thread for Warehouse 40
2月 12, 2026 1:45:07 上午 spec.jbb.JBBmain DoARun -> 信息:   started user thread for Warehouse 41
2月 12, 2026 1:45:07 上午 spec.jbb.JBBmain DoARun -> 信息:   started user thread for Warehouse 42
2月 12, 2026 1:45:07 上午 spec.jbb.JBBmain DoARun -> 信息:   started user thread for Warehouse 43
2月 12, 2026 1:45:07 上午 spec.jbb.JBBmain DoARun -> 信息:   started user thread for Warehouse 44
2月 12, 2026 1:45:07 上午 spec.jbb.JBBmain DoARun -> 信息:   started user thread for Warehouse 45
2月 12, 2026 1:45:07 上午 spec.jbb.JBBmain DoARun -> 信息:   started user thread for Warehouse 46
2月 12, 2026 1:45:07 上午 spec.jbb.JBBmain DoARun -> 信息:   started user thread for Warehouse 47
2月 12, 2026 1:45:07 上午 spec.jbb.JBBmain DoARun -> 信息:   started user thread for Warehouse 48
2月 12, 2026 1:45:07 上午 spec.jbb.JBBmain DoARun -> 信息:   started user thread for Warehouse 49
2月 12, 2026 1:45:07 上午 spec.jbb.JBBmain DoARun -> 信息:   started user thread for Warehouse 50
2月 12, 2026 1:45:07 上午 spec.jbb.JBBmain DoARun -> 信息:   started user thread for Warehouse 51
2月 12, 2026 1:45:07 上午 spec.jbb.JBBmain DoARun -> 信息:   started user thread for Warehouse 52
2月 12, 2026 1:45:07 上午 spec.jbb.JBBmain DoARun -> 信息:   started user thread for Warehouse 53
2月 12, 2026 1:45:07 上午 spec.jbb.JBBmain DoARun -> 信息:   started user thread for Warehouse 54
2月 12, 2026 1:45:07 上午 spec.jbb.JBBmain DoARun -> 信息:   started user thread for Warehouse 55
2月 12, 2026 1:45:07 上午 spec.jbb.JBBmain DoARun -> 信息:   started user thread for Warehouse 56
2月 12, 2026 1:45:07 上午 spec.jbb.JBBmain DoARun -> 信息:   started user thread for Warehouse 57
2月 12, 2026 1:45:07 上午 spec.jbb.JBBmain DoARun -> 信息:   started user thread for Warehouse 58
2月 12, 2026 1:45:07 上午 spec.jbb.JBBmain DoARun -> 信息:   started user thread for Warehouse 59
2月 12, 2026 1:45:07 上午 spec.jbb.JBBmain DoARun -> 信息:   started user thread for Warehouse 60
2月 12, 2026 1:45:07 上午 spec.jbb.JBBmain DoARun -> 信息:   started user thread for Warehouse 61
2月 12, 2026 1:45:07 上午 spec.jbb.JBBmain DoARun -> 信息:   started user thread for Warehouse 62
2月 12, 2026 1:45:07 上午 spec.jbb.JBBmain DoARun -> 信息:   started user thread for Warehouse 63
2月 12, 2026 1:45:07 上午 spec.jbb.JBBmain DoARun -> 信息:   started user thread for Warehouse 64
2月 12, 2026 1:45:07 上午 spec.jbb.JBBmain DoARun -> 信息:   started user thread for Warehouse 65
2月 12, 2026 1:45:07 上午 spec.jbb.JBBmain DoARun -> 信息:   started user thread for Warehouse 66
2月 12, 2026 1:45:07 上午 spec.jbb.JBBmain DoARun -> 信息:   started user thread for Warehouse 67
2月 12, 2026 1:45:07 上午 spec.jbb.JBBmain DoARun -> 信息:   started user thread for Warehouse 68
2月 12, 2026 1:45:07 上午 spec.jbb.JBBmain DoARun -> 信息:   started user thread for Warehouse 69
2月 12, 2026 1:45:07 上午 spec.jbb.JBBmain DoARun -> 信息:   started user thread for Warehouse 70
2月 12, 2026 1:45:07 上午 spec.jbb.JBBmain DoARun -> 信息:   started user thread for Warehouse 71
2月 12, 2026 1:45:07 上午 spec.jbb.JBBmain DoARun -> 信息:   started user thread for Warehouse 72
2月 12, 2026 1:45:07 上午 spec.jbb.JBBmain DoARun -> 信息:   started user thread for Warehouse 73
2月 12, 2026 1:45:07 上午 spec.jbb.Company displayResultTotals -> 信息: Timing Measurement began Thu Feb 12 01:45:07 CST 2026 for 4 minutes
2月 12, 2026 1:49:07 上午 spec.jbb.Company displayResultTotals -> 信息: Timing Measurement ended Thu Feb 12 01:49:07 CST 2026
2月 12, 2026 1:49:07 上午 spec.jbb.Company primeWithDummyData -> 信息: Loading Warehouse 74...
2月 12, 2026 1:49:08 上午 spec.jbb.JBBmain DoARun -> 信息: Start User Threads
2月 12, 2026 1:49:08 上午 spec.jbb.JBBmain DoARun -> 信息:   started user thread for Warehouse 1
2月 12, 2026 1:49:08 上午 spec.jbb.JBBmain DoARun -> 信息:   started user thread for Warehouse 2
2月 12, 2026 1:49:08 上午 spec.jbb.JBBmain DoARun -> 信息:   started user thread for Warehouse 3
2月 12, 2026 1:49:08 上午 spec.jbb.JBBmain DoARun -> 信息:   started user thread for Warehouse 4
2月 12, 2026 1:49:08 上午 spec.jbb.JBBmain DoARun -> 信息:   started user thread for Warehouse 5
2月 12, 2026 1:49:08 上午 spec.jbb.JBBmain DoARun -> 信息:   started user thread for Warehouse 6
2月 12, 2026 1:49:08 上午 spec.jbb.JBBmain DoARun -> 信息:   started user thread for Warehouse 7
2月 12, 2026 1:49:08 上午 spec.jbb.JBBmain DoARun -> 信息:   started user thread for Warehouse 8
2月 12, 2026 1:49:08 上午 spec.jbb.JBBmain DoARun -> 信息:   started user thread for Warehouse 9
2月 12, 2026 1:49:08 上午 spec.jbb.JBBmain DoARun -> 信息:   started user thread for Warehouse 10
2月 12, 2026 1:49:08 上午 spec.jbb.JBBmain DoARun -> 信息:   started user thread for Warehouse 11
2月 12, 2026 1:49:08 上午 spec.jbb.JBBmain DoARun -> 信息:   started user thread for Warehouse 12
2月 12, 2026 1:49:08 上午 spec.jbb.JBBmain DoARun -> 信息:   started user thread for Warehouse 13
2月 12, 2026 1:49:08 上午 spec.jbb.JBBmain DoARun -> 信息:   started user thread for Warehouse 14
2月 12, 2026 1:49:08 上午 spec.jbb.JBBmain DoARun -> 信息:   started user thread for Warehouse 15
2月 12, 2026 1:49:08 上午 spec.jbb.JBBmain DoARun -> 信息:   started user thread for Warehouse 16
2月 12, 2026 1:49:08 上午 spec.jbb.JBBmain DoARun -> 信息:   started user thread for Warehouse 17
2月 12, 2026 1:49:08 上午 spec.jbb.JBBmain DoARun -> 信息:   started user thread for Warehouse 18
2月 12, 2026 1:49:08 上午 spec.jbb.JBBmain DoARun -> 信息:   started user thread for Warehouse 19
2月 12, 2026 1:49:08 上午 spec.jbb.JBBmain DoARun -> 信息:   started user thread for Warehouse 20
2月 12, 2026 1:49:08 上午 spec.jbb.JBBmain DoARun -> 信息:   started user thread for Warehouse 21
2月 12, 2026 1:49:08 上午 spec.jbb.JBBmain DoARun -> 信息:   started user thread for Warehouse 22
2月 12, 2026 1:49:08 上午 spec.jbb.JBBmain DoARun -> 信息:   started user thread for Warehouse 23
2月 12, 2026 1:49:08 上午 spec.jbb.JBBmain DoARun -> 信息:   started user thread for Warehouse 24
2月 12, 2026 1:49:08 上午 spec.jbb.JBBmain DoARun -> 信息:   started user thread for Warehouse 25
2月 12, 2026 1:49:08 上午 spec.jbb.JBBmain DoARun -> 信息:   started user thread for Warehouse 26
2月 12, 2026 1:49:08 上午 spec.jbb.JBBmain DoARun -> 信息:   started user thread for Warehouse 27
2月 12, 2026 1:49:08 上午 spec.jbb.JBBmain DoARun -> 信息:   started user thread for Warehouse 28
2月 12, 2026 1:49:08 上午 spec.jbb.JBBmain DoARun -> 信息:   started user thread for Warehouse 29
2月 12, 2026 1:49:08 上午 spec.jbb.JBBmain DoARun -> 信息:   started user thread for Warehouse 30
2月 12, 2026 1:49:08 上午 spec.jbb.JBBmain DoARun -> 信息:   started user thread for Warehouse 31
2月 12, 2026 1:49:08 上午 spec.jbb.JBBmain DoARun -> 信息:   started user thread for Warehouse 32
2月 12, 2026 1:49:08 上午 spec.jbb.JBBmain DoARun -> 信息:   started user thread for Warehouse 33
2月 12, 2026 1:49:08 上午 spec.jbb.JBBmain DoARun -> 信息:   started user thread for Warehouse 34
2月 12, 2026 1:49:08 上午 spec.jbb.JBBmain DoARun -> 信息:   started user thread for Warehouse 35
2月 12, 2026 1:49:08 上午 spec.jbb.JBBmain DoARun -> 信息:   started user thread for Warehouse 36
2月 12, 2026 1:49:08 上午 spec.jbb.JBBmain DoARun -> 信息:   started user thread for Warehouse 37
2月 12, 2026 1:49:08 上午 spec.jbb.JBBmain DoARun -> 信息:   started user thread for Warehouse 38
2月 12, 2026 1:49:08 上午 spec.jbb.JBBmain DoARun -> 信息:   started user thread for Warehouse 39
2月 12, 2026 1:49:08 上午 spec.jbb.JBBmain DoARun -> 信息:   started user thread for Warehouse 40
2月 12, 2026 1:49:08 上午 spec.jbb.JBBmain DoARun -> 信息:   started user thread for Warehouse 41
2月 12, 2026 1:49:08 上午 spec.jbb.JBBmain DoARun -> 信息:   started user thread for Warehouse 42
2月 12, 2026 1:49:08 上午 spec.jbb.JBBmain DoARun -> 信息:   started user thread for Warehouse 43
2月 12, 2026 1:49:08 上午 spec.jbb.JBBmain DoARun -> 信息:   started user thread for Warehouse 44
2月 12, 2026 1:49:08 上午 spec.jbb.JBBmain DoARun -> 信息:   started user thread for Warehouse 45
2月 12, 2026 1:49:08 上午 spec.jbb.JBBmain DoARun -> 信息:   started user thread for Warehouse 46
2月 12, 2026 1:49:08 上午 spec.jbb.JBBmain DoARun -> 信息:   started user thread for Warehouse 47
2月 12, 2026 1:49:08 上午 spec.jbb.JBBmain DoARun -> 信息:   started user thread for Warehouse 48
2月 12, 2026 1:49:08 上午 spec.jbb.JBBmain DoARun -> 信息:   started user thread for Warehouse 49
2月 12, 2026 1:49:08 上午 spec.jbb.JBBmain DoARun -> 信息:   started user thread for Warehouse 50
2月 12, 2026 1:49:08 上午 spec.jbb.JBBmain DoARun -> 信息:   started user thread for Warehouse 51
2月 12, 2026 1:49:08 上午 spec.jbb.JBBmain DoARun -> 信息:   started user thread for Warehouse 52
2月 12, 2026 1:49:08 上午 spec.jbb.JBBmain DoARun -> 信息:   started user thread for Warehouse 53
2月 12, 2026 1:49:08 上午 spec.jbb.JBBmain DoARun -> 信息:   started user thread for Warehouse 54
2月 12, 2026 1:49:08 上午 spec.jbb.JBBmain DoARun -> 信息:   started user thread for Warehouse 55
2月 12, 2026 1:49:08 上午 spec.jbb.JBBmain DoARun -> 信息:   started user thread for Warehouse 56
2月 12, 2026 1:49:08 上午 spec.jbb.JBBmain DoARun -> 信息:   started user thread for Warehouse 57
2月 12, 2026 1:49:08 上午 spec.jbb.JBBmain DoARun -> 信息:   started user thread for Warehouse 58
2月 12, 2026 1:49:08 上午 spec.jbb.JBBmain DoARun -> 信息:   started user thread for Warehouse 59
2月 12, 2026 1:49:08 上午 spec.jbb.JBBmain DoARun -> 信息:   started user thread for Warehouse 60
2月 12, 2026 1:49:08 上午 spec.jbb.JBBmain DoARun -> 信息:   started user thread for Warehouse 61
2月 12, 2026 1:49:08 上午 spec.jbb.JBBmain DoARun -> 信息:   started user thread for Warehouse 62
2月 12, 2026 1:49:08 上午 spec.jbb.JBBmain DoARun -> 信息:   started user thread for Warehouse 63
2月 12, 2026 1:49:08 上午 spec.jbb.JBBmain DoARun -> 信息:   started user thread for Warehouse 64
2月 12, 2026 1:49:08 上午 spec.jbb.JBBmain DoARun -> 信息:   started user thread for Warehouse 65
2月 12, 2026 1:49:08 上午 spec.jbb.JBBmain DoARun -> 信息:   started user thread for Warehouse 66
2月 12, 2026 1:49:08 上午 spec.jbb.JBBmain DoARun -> 信息:   started user thread for Warehouse 67
2月 12, 2026 1:49:08 上午 spec.jbb.JBBmain DoARun -> 信息:   started user thread for Warehouse 68
2月 12, 2026 1:49:08 上午 spec.jbb.JBBmain DoARun -> 信息:   started user thread for Warehouse 69
2月 12, 2026 1:49:08 上午 spec.jbb.JBBmain DoARun -> 信息:   started user thread for Warehouse 70
2月 12, 2026 1:49:08 上午 spec.jbb.JBBmain DoARun -> 信息:   started user thread for Warehouse 71
2月 12, 2026 1:49:08 上午 spec.jbb.JBBmain DoARun -> 信息:   started user thread for Warehouse 72
2月 12, 2026 1:49:08 上午 spec.jbb.JBBmain DoARun -> 信息:   started user thread for Warehouse 73
2月 12, 2026 1:49:08 上午 spec.jbb.JBBmain DoARun -> 信息:   started user thread for Warehouse 74
2月 12, 2026 1:49:08 上午 spec.jbb.Company displayResultTotals -> 信息: Timing Measurement began Thu Feb 12 01:49:08 CST 2026 for 4 minutes
2月 12, 2026 1:53:08 上午 spec.jbb.Company displayResultTotals -> 信息: Timing Measurement ended Thu Feb 12 01:53:08 CST 2026
2月 12, 2026 1:53:08 上午 spec.jbb.Company primeWithDummyData -> 信息: Loading Warehouse 75...
2月 12, 2026 1:53:08 上午 spec.jbb.JBBmain DoARun -> 信息: Start User Threads
2月 12, 2026 1:53:08 上午 spec.jbb.JBBmain DoARun -> 信息:   started user thread for Warehouse 1
2月 12, 2026 1:53:08 上午 spec.jbb.JBBmain DoARun -> 信息:   started user thread for Warehouse 2
2月 12, 2026 1:53:08 上午 spec.jbb.JBBmain DoARun -> 信息:   started user thread for Warehouse 3
2月 12, 2026 1:53:08 上午 spec.jbb.JBBmain DoARun -> 信息:   started user thread for Warehouse 4
2月 12, 2026 1:53:08 上午 spec.jbb.JBBmain DoARun -> 信息:   started user thread for Warehouse 5
2月 12, 2026 1:53:08 上午 spec.jbb.JBBmain DoARun -> 信息:   started user thread for Warehouse 6
2月 12, 2026 1:53:08 上午 spec.jbb.JBBmain DoARun -> 信息:   started user thread for Warehouse 7
2月 12, 2026 1:53:08 上午 spec.jbb.JBBmain DoARun -> 信息:   started user thread for Warehouse 8
2月 12, 2026 1:53:08 上午 spec.jbb.JBBmain DoARun -> 信息:   started user thread for Warehouse 9
2月 12, 2026 1:53:08 上午 spec.jbb.JBBmain DoARun -> 信息:   started user thread for Warehouse 10
2月 12, 2026 1:53:08 上午 spec.jbb.JBBmain DoARun -> 信息:   started user thread for Warehouse 11
2月 12, 2026 1:53:08 上午 spec.jbb.JBBmain DoARun -> 信息:   started user thread for Warehouse 12
2月 12, 2026 1:53:08 上午 spec.jbb.JBBmain DoARun -> 信息:   started user thread for Warehouse 13
2月 12, 2026 1:53:08 上午 spec.jbb.JBBmain DoARun -> 信息:   started user thread for Warehouse 14
2月 12, 2026 1:53:08 上午 spec.jbb.JBBmain DoARun -> 信息:   started user thread for Warehouse 15
2月 12, 2026 1:53:08 上午 spec.jbb.JBBmain DoARun -> 信息:   started user thread for Warehouse 16
2月 12, 2026 1:53:08 上午 spec.jbb.JBBmain DoARun -> 信息:   started user thread for Warehouse 17
2月 12, 2026 1:53:08 上午 spec.jbb.JBBmain DoARun -> 信息:   started user thread for Warehouse 18
2月 12, 2026 1:53:08 上午 spec.jbb.JBBmain DoARun -> 信息:   started user thread for Warehouse 19
2月 12, 2026 1:53:08 上午 spec.jbb.JBBmain DoARun -> 信息:   started user thread for Warehouse 20
2月 12, 2026 1:53:08 上午 spec.jbb.JBBmain DoARun -> 信息:   started user thread for Warehouse 21
2月 12, 2026 1:53:08 上午 spec.jbb.JBBmain DoARun -> 信息:   started user thread for Warehouse 22
2月 12, 2026 1:53:08 上午 spec.jbb.JBBmain DoARun -> 信息:   started user thread for Warehouse 23
2月 12, 2026 1:53:08 上午 spec.jbb.JBBmain DoARun -> 信息:   started user thread for Warehouse 24
2月 12, 2026 1:53:08 上午 spec.jbb.JBBmain DoARun -> 信息:   started user thread for Warehouse 25
2月 12, 2026 1:53:08 上午 spec.jbb.JBBmain DoARun -> 信息:   started user thread for Warehouse 26
2月 12, 2026 1:53:08 上午 spec.jbb.JBBmain DoARun -> 信息:   started user thread for Warehouse 27
2月 12, 2026 1:53:08 上午 spec.jbb.JBBmain DoARun -> 信息:   started user thread for Warehouse 28
2月 12, 2026 1:53:08 上午 spec.jbb.JBBmain DoARun -> 信息:   started user thread for Warehouse 29
2月 12, 2026 1:53:08 上午 spec.jbb.JBBmain DoARun -> 信息:   started user thread for Warehouse 30
2月 12, 2026 1:53:08 上午 spec.jbb.JBBmain DoARun -> 信息:   started user thread for Warehouse 31
2月 12, 2026 1:53:08 上午 spec.jbb.JBBmain DoARun -> 信息:   started user thread for Warehouse 32
2月 12, 2026 1:53:08 上午 spec.jbb.JBBmain DoARun -> 信息:   started user thread for Warehouse 33
2月 12, 2026 1:53:08 上午 spec.jbb.JBBmain DoARun -> 信息:   started user thread for Warehouse 34
2月 12, 2026 1:53:08 上午 spec.jbb.JBBmain DoARun -> 信息:   started user thread for Warehouse 35
2月 12, 2026 1:53:08 上午 spec.jbb.JBBmain DoARun -> 信息:   started user thread for Warehouse 36
2月 12, 2026 1:53:08 上午 spec.jbb.JBBmain DoARun -> 信息:   started user thread for Warehouse 37
2月 12, 2026 1:53:08 上午 spec.jbb.JBBmain DoARun -> 信息:   started user thread for Warehouse 38
2月 12, 2026 1:53:08 上午 spec.jbb.JBBmain DoARun -> 信息:   started user thread for Warehouse 39
2月 12, 2026 1:53:08 上午 spec.jbb.JBBmain DoARun -> 信息:   started user thread for Warehouse 40
2月 12, 2026 1:53:08 上午 spec.jbb.JBBmain DoARun -> 信息:   started user thread for Warehouse 41
2月 12, 2026 1:53:08 上午 spec.jbb.JBBmain DoARun -> 信息:   started user thread for Warehouse 42
2月 12, 2026 1:53:08 上午 spec.jbb.JBBmain DoARun -> 信息:   started user thread for Warehouse 43
2月 12, 2026 1:53:08 上午 spec.jbb.JBBmain DoARun -> 信息:   started user thread for Warehouse 44
2月 12, 2026 1:53:08 上午 spec.jbb.JBBmain DoARun -> 信息:   started user thread for Warehouse 45
2月 12, 2026 1:53:08 上午 spec.jbb.JBBmain DoARun -> 信息:   started user thread for Warehouse 46
2月 12, 2026 1:53:08 上午 spec.jbb.JBBmain DoARun -> 信息:   started user thread for Warehouse 47
2月 12, 2026 1:53:08 上午 spec.jbb.JBBmain DoARun -> 信息:   started user thread for Warehouse 48
2月 12, 2026 1:53:08 上午 spec.jbb.JBBmain DoARun -> 信息:   started user thread for Warehouse 49
2月 12, 2026 1:53:08 上午 spec.jbb.JBBmain DoARun -> 信息:   started user thread for Warehouse 50
2月 12, 2026 1:53:08 上午 spec.jbb.JBBmain DoARun -> 信息:   started user thread for Warehouse 51
2月 12, 2026 1:53:08 上午 spec.jbb.JBBmain DoARun -> 信息:   started user thread for Warehouse 52
2月 12, 2026 1:53:08 上午 spec.jbb.JBBmain DoARun -> 信息:   started user thread for Warehouse 53
2月 12, 2026 1:53:08 上午 spec.jbb.JBBmain DoARun -> 信息:   started user thread for Warehouse 54
2月 12, 2026 1:53:08 上午 spec.jbb.JBBmain DoARun -> 信息:   started user thread for Warehouse 55
2月 12, 2026 1:53:08 上午 spec.jbb.JBBmain DoARun -> 信息:   started user thread for Warehouse 56
2月 12, 2026 1:53:08 上午 spec.jbb.JBBmain DoARun -> 信息:   started user thread for Warehouse 57
2月 12, 2026 1:53:08 上午 spec.jbb.JBBmain DoARun -> 信息:   started user thread for Warehouse 58
2月 12, 2026 1:53:08 上午 spec.jbb.JBBmain DoARun -> 信息:   started user thread for Warehouse 59
2月 12, 2026 1:53:08 上午 spec.jbb.JBBmain DoARun -> 信息:   started user thread for Warehouse 60
2月 12, 2026 1:53:08 上午 spec.jbb.JBBmain DoARun -> 信息:   started user thread for Warehouse 61
2月 12, 2026 1:53:08 上午 spec.jbb.JBBmain DoARun -> 信息:   started user thread for Warehouse 62
2月 12, 2026 1:53:08 上午 spec.jbb.JBBmain DoARun -> 信息:   started user thread for Warehouse 63
2月 12, 2026 1:53:08 上午 spec.jbb.JBBmain DoARun -> 信息:   started user thread for Warehouse 64
2月 12, 2026 1:53:08 上午 spec.jbb.JBBmain DoARun -> 信息:   started user thread for Warehouse 65
2月 12, 2026 1:53:08 上午 spec.jbb.JBBmain DoARun -> 信息:   started user thread for Warehouse 66
2月 12, 2026 1:53:08 上午 spec.jbb.JBBmain DoARun -> 信息:   started user thread for Warehouse 67
2月 12, 2026 1:53:08 上午 spec.jbb.JBBmain DoARun -> 信息:   started user thread for Warehouse 68
2月 12, 2026 1:53:08 上午 spec.jbb.JBBmain DoARun -> 信息:   started user thread for Warehouse 69
2月 12, 2026 1:53:08 上午 spec.jbb.JBBmain DoARun -> 信息:   started user thread for Warehouse 70
2月 12, 2026 1:53:08 上午 spec.jbb.JBBmain DoARun -> 信息:   started user thread for Warehouse 71
2月 12, 2026 1:53:08 上午 spec.jbb.JBBmain DoARun -> 信息:   started user thread for Warehouse 72
2月 12, 2026 1:53:08 上午 spec.jbb.JBBmain DoARun -> 信息:   started user thread for Warehouse 73
2月 12, 2026 1:53:08 上午 spec.jbb.JBBmain DoARun -> 信息:   started user thread for Warehouse 74
2月 12, 2026 1:53:08 上午 spec.jbb.JBBmain DoARun -> 信息:   started user thread for Warehouse 75
2月 12, 2026 1:53:08 上午 spec.jbb.Company displayResultTotals -> 信息: Timing Measurement began Thu Feb 12 01:53:08 CST 2026 for 4 minutes
2月 12, 2026 1:57:08 上午 spec.jbb.Company displayResultTotals -> 信息: Timing Measurement ended Thu Feb 12 01:57:08 CST 2026
2月 12, 2026 1:57:08 上午 spec.jbb.Company primeWithDummyData -> 信息: Loading Warehouse 76...
2月 12, 2026 1:57:08 上午 spec.jbb.JBBmain DoARun -> 信息: Start User Threads
2月 12, 2026 1:57:08 上午 spec.jbb.JBBmain DoARun -> 信息:   started user thread for Warehouse 1
2月 12, 2026 1:57:08 上午 spec.jbb.JBBmain DoARun -> 信息:   started user thread for Warehouse 2
2月 12, 2026 1:57:08 上午 spec.jbb.JBBmain DoARun -> 信息:   started user thread for Warehouse 3
2月 12, 2026 1:57:08 上午 spec.jbb.JBBmain DoARun -> 信息:   started user thread for Warehouse 4
2月 12, 2026 1:57:08 上午 spec.jbb.JBBmain DoARun -> 信息:   started user thread for Warehouse 5
2月 12, 2026 1:57:08 上午 spec.jbb.JBBmain DoARun -> 信息:   started user thread for Warehouse 6
2月 12, 2026 1:57:08 上午 spec.jbb.JBBmain DoARun -> 信息:   started user thread for Warehouse 7
2月 12, 2026 1:57:08 上午 spec.jbb.JBBmain DoARun -> 信息:   started user thread for Warehouse 8
2月 12, 2026 1:57:08 上午 spec.jbb.JBBmain DoARun -> 信息:   started user thread for Warehouse 9
2月 12, 2026 1:57:08 上午 spec.jbb.JBBmain DoARun -> 信息:   started user thread for Warehouse 10
2月 12, 2026 1:57:08 上午 spec.jbb.JBBmain DoARun -> 信息:   started user thread for Warehouse 11
2月 12, 2026 1:57:08 上午 spec.jbb.JBBmain DoARun -> 信息:   started user thread for Warehouse 12
2月 12, 2026 1:57:08 上午 spec.jbb.JBBmain DoARun -> 信息:   started user thread for Warehouse 13
2月 12, 2026 1:57:08 上午 spec.jbb.JBBmain DoARun -> 信息:   started user thread for Warehouse 14
2月 12, 2026 1:57:08 上午 spec.jbb.JBBmain DoARun -> 信息:   started user thread for Warehouse 15
2月 12, 2026 1:57:08 上午 spec.jbb.JBBmain DoARun -> 信息:   started user thread for Warehouse 16
2月 12, 2026 1:57:08 上午 spec.jbb.JBBmain DoARun -> 信息:   started user thread for Warehouse 17
2月 12, 2026 1:57:08 上午 spec.jbb.JBBmain DoARun -> 信息:   started user thread for Warehouse 18
2月 12, 2026 1:57:08 上午 spec.jbb.JBBmain DoARun -> 信息:   started user thread for Warehouse 19
2月 12, 2026 1:57:08 上午 spec.jbb.JBBmain DoARun -> 信息:   started user thread for Warehouse 20
2月 12, 2026 1:57:08 上午 spec.jbb.JBBmain DoARun -> 信息:   started user thread for Warehouse 21
2月 12, 2026 1:57:08 上午 spec.jbb.JBBmain DoARun -> 信息:   started user thread for Warehouse 22
2月 12, 2026 1:57:08 上午 spec.jbb.JBBmain DoARun -> 信息:   started user thread for Warehouse 23
2月 12, 2026 1:57:08 上午 spec.jbb.JBBmain DoARun -> 信息:   started user thread for Warehouse 24
2月 12, 2026 1:57:08 上午 spec.jbb.JBBmain DoARun -> 信息:   started user thread for Warehouse 25
2月 12, 2026 1:57:08 上午 spec.jbb.JBBmain DoARun -> 信息:   started user thread for Warehouse 26
2月 12, 2026 1:57:08 上午 spec.jbb.JBBmain DoARun -> 信息:   started user thread for Warehouse 27
2月 12, 2026 1:57:08 上午 spec.jbb.JBBmain DoARun -> 信息:   started user thread for Warehouse 28
2月 12, 2026 1:57:08 上午 spec.jbb.JBBmain DoARun -> 信息:   started user thread for Warehouse 29
2月 12, 2026 1:57:08 上午 spec.jbb.JBBmain DoARun -> 信息:   started user thread for Warehouse 30
2月 12, 2026 1:57:08 上午 spec.jbb.JBBmain DoARun -> 信息:   started user thread for Warehouse 31
2月 12, 2026 1:57:08 上午 spec.jbb.JBBmain DoARun -> 信息:   started user thread for Warehouse 32
2月 12, 2026 1:57:08 上午 spec.jbb.JBBmain DoARun -> 信息:   started user thread for Warehouse 33
2月 12, 2026 1:57:08 上午 spec.jbb.JBBmain DoARun -> 信息:   started user thread for Warehouse 34
2月 12, 2026 1:57:08 上午 spec.jbb.JBBmain DoARun -> 信息:   started user thread for Warehouse 35
2月 12, 2026 1:57:08 上午 spec.jbb.JBBmain DoARun -> 信息:   started user thread for Warehouse 36
2月 12, 2026 1:57:08 上午 spec.jbb.JBBmain DoARun -> 信息:   started user thread for Warehouse 37
2月 12, 2026 1:57:08 上午 spec.jbb.JBBmain DoARun -> 信息:   started user thread for Warehouse 38
2月 12, 2026 1:57:08 上午 spec.jbb.JBBmain DoARun -> 信息:   started user thread for Warehouse 39
2月 12, 2026 1:57:08 上午 spec.jbb.JBBmain DoARun -> 信息:   started user thread for Warehouse 40
2月 12, 2026 1:57:08 上午 spec.jbb.JBBmain DoARun -> 信息:   started user thread for Warehouse 41
2月 12, 2026 1:57:08 上午 spec.jbb.JBBmain DoARun -> 信息:   started user thread for Warehouse 42
2月 12, 2026 1:57:08 上午 spec.jbb.JBBmain DoARun -> 信息:   started user thread for Warehouse 43
2月 12, 2026 1:57:08 上午 spec.jbb.JBBmain DoARun -> 信息:   started user thread for Warehouse 44
2月 12, 2026 1:57:08 上午 spec.jbb.JBBmain DoARun -> 信息:   started user thread for Warehouse 45
2月 12, 2026 1:57:08 上午 spec.jbb.JBBmain DoARun -> 信息:   started user thread for Warehouse 46
2月 12, 2026 1:57:08 上午 spec.jbb.JBBmain DoARun -> 信息:   started user thread for Warehouse 47
2月 12, 2026 1:57:08 上午 spec.jbb.JBBmain DoARun -> 信息:   started user thread for Warehouse 48
2月 12, 2026 1:57:08 上午 spec.jbb.JBBmain DoARun -> 信息:   started user thread for Warehouse 49
2月 12, 2026 1:57:08 上午 spec.jbb.JBBmain DoARun -> 信息:   started user thread for Warehouse 50
2月 12, 2026 1:57:08 上午 spec.jbb.JBBmain DoARun -> 信息:   started user thread for Warehouse 51
2月 12, 2026 1:57:08 上午 spec.jbb.JBBmain DoARun -> 信息:   started user thread for Warehouse 52
2月 12, 2026 1:57:08 上午 spec.jbb.JBBmain DoARun -> 信息:   started user thread for Warehouse 53
2月 12, 2026 1:57:08 上午 spec.jbb.JBBmain DoARun -> 信息:   started user thread for Warehouse 54
2月 12, 2026 1:57:08 上午 spec.jbb.JBBmain DoARun -> 信息:   started user thread for Warehouse 55
2月 12, 2026 1:57:08 上午 spec.jbb.JBBmain DoARun -> 信息:   started user thread for Warehouse 56
2月 12, 2026 1:57:08 上午 spec.jbb.JBBmain DoARun -> 信息:   started user thread for Warehouse 57
2月 12, 2026 1:57:08 上午 spec.jbb.JBBmain DoARun -> 信息:   started user thread for Warehouse 58
2月 12, 2026 1:57:08 上午 spec.jbb.JBBmain DoARun -> 信息:   started user thread for Warehouse 59
2月 12, 2026 1:57:08 上午 spec.jbb.JBBmain DoARun -> 信息:   started user thread for Warehouse 60
2月 12, 2026 1:57:08 上午 spec.jbb.JBBmain DoARun -> 信息:   started user thread for Warehouse 61
2月 12, 2026 1:57:08 上午 spec.jbb.JBBmain DoARun -> 信息:   started user thread for Warehouse 62
2月 12, 2026 1:57:08 上午 spec.jbb.JBBmain DoARun -> 信息:   started user thread for Warehouse 63
2月 12, 2026 1:57:08 上午 spec.jbb.JBBmain DoARun -> 信息:   started user thread for Warehouse 64
2月 12, 2026 1:57:08 上午 spec.jbb.JBBmain DoARun -> 信息:   started user thread for Warehouse 65
2月 12, 2026 1:57:08 上午 spec.jbb.JBBmain DoARun -> 信息:   started user thread for Warehouse 66
2月 12, 2026 1:57:08 上午 spec.jbb.JBBmain DoARun -> 信息:   started user thread for Warehouse 67
2月 12, 2026 1:57:08 上午 spec.jbb.JBBmain DoARun -> 信息:   started user thread for Warehouse 68
2月 12, 2026 1:57:08 上午 spec.jbb.JBBmain DoARun -> 信息:   started user thread for Warehouse 69
2月 12, 2026 1:57:08 上午 spec.jbb.JBBmain DoARun -> 信息:   started user thread for Warehouse 70
2月 12, 2026 1:57:08 上午 spec.jbb.JBBmain DoARun -> 信息:   started user thread for Warehouse 71
2月 12, 2026 1:57:08 上午 spec.jbb.JBBmain DoARun -> 信息:   started user thread for Warehouse 72
2月 12, 2026 1:57:08 上午 spec.jbb.JBBmain DoARun -> 信息:   started user thread for Warehouse 73
2月 12, 2026 1:57:08 上午 spec.jbb.JBBmain DoARun -> 信息:   started user thread for Warehouse 74
2月 12, 2026 1:57:08 上午 spec.jbb.JBBmain DoARun -> 信息:   started user thread for Warehouse 75
2月 12, 2026 1:57:08 上午 spec.jbb.JBBmain DoARun -> 信息:   started user thread for Warehouse 76
2月 12, 2026 1:57:08 上午 spec.jbb.Company displayResultTotals -> 信息: Timing Measurement began Thu Feb 12 01:57:08 CST 2026 for 4 minutes
2月 12, 2026 2:01:09 上午 spec.jbb.Company displayResultTotals -> 信息: Timing Measurement ended Thu Feb 12 02:01:09 CST 2026
2月 12, 2026 2:01:09 上午 spec.jbb.Company primeWithDummyData -> 信息: Loading Warehouse 77...
2月 12, 2026 2:01:09 上午 spec.jbb.JBBmain DoARun -> 信息: Start User Threads
2月 12, 2026 2:01:09 上午 spec.jbb.JBBmain DoARun -> 信息:   started user thread for Warehouse 1
2月 12, 2026 2:01:09 上午 spec.jbb.JBBmain DoARun -> 信息:   started user thread for Warehouse 2
2月 12, 2026 2:01:09 上午 spec.jbb.JBBmain DoARun -> 信息:   started user thread for Warehouse 3
2月 12, 2026 2:01:09 上午 spec.jbb.JBBmain DoARun -> 信息:   started user thread for Warehouse 4
2月 12, 2026 2:01:09 上午 spec.jbb.JBBmain DoARun -> 信息:   started user thread for Warehouse 5
2月 12, 2026 2:01:09 上午 spec.jbb.JBBmain DoARun -> 信息:   started user thread for Warehouse 6
2月 12, 2026 2:01:09 上午 spec.jbb.JBBmain DoARun -> 信息:   started user thread for Warehouse 7
2月 12, 2026 2:01:09 上午 spec.jbb.JBBmain DoARun -> 信息:   started user thread for Warehouse 8
2月 12, 2026 2:01:09 上午 spec.jbb.JBBmain DoARun -> 信息:   started user thread for Warehouse 9
2月 12, 2026 2:01:09 上午 spec.jbb.JBBmain DoARun -> 信息:   started user thread for Warehouse 10
2月 12, 2026 2:01:09 上午 spec.jbb.JBBmain DoARun -> 信息:   started user thread for Warehouse 11
2月 12, 2026 2:01:09 上午 spec.jbb.JBBmain DoARun -> 信息:   started user thread for Warehouse 12
2月 12, 2026 2:01:09 上午 spec.jbb.JBBmain DoARun -> 信息:   started user thread for Warehouse 13
2月 12, 2026 2:01:09 上午 spec.jbb.JBBmain DoARun -> 信息:   started user thread for Warehouse 14
2月 12, 2026 2:01:09 上午 spec.jbb.JBBmain DoARun -> 信息:   started user thread for Warehouse 15
2月 12, 2026 2:01:09 上午 spec.jbb.JBBmain DoARun -> 信息:   started user thread for Warehouse 16
2月 12, 2026 2:01:09 上午 spec.jbb.JBBmain DoARun -> 信息:   started user thread for Warehouse 17
2月 12, 2026 2:01:09 上午 spec.jbb.JBBmain DoARun -> 信息:   started user thread for Warehouse 18
2月 12, 2026 2:01:09 上午 spec.jbb.JBBmain DoARun -> 信息:   started user thread for Warehouse 19
2月 12, 2026 2:01:09 上午 spec.jbb.JBBmain DoARun -> 信息:   started user thread for Warehouse 20
2月 12, 2026 2:01:09 上午 spec.jbb.JBBmain DoARun -> 信息:   started user thread for Warehouse 21
2月 12, 2026 2:01:09 上午 spec.jbb.JBBmain DoARun -> 信息:   started user thread for Warehouse 22
2月 12, 2026 2:01:09 上午 spec.jbb.JBBmain DoARun -> 信息:   started user thread for Warehouse 23
2月 12, 2026 2:01:09 上午 spec.jbb.JBBmain DoARun -> 信息:   started user thread for Warehouse 24
2月 12, 2026 2:01:09 上午 spec.jbb.JBBmain DoARun -> 信息:   started user thread for Warehouse 25
2月 12, 2026 2:01:09 上午 spec.jbb.JBBmain DoARun -> 信息:   started user thread for Warehouse 26
2月 12, 2026 2:01:09 上午 spec.jbb.JBBmain DoARun -> 信息:   started user thread for Warehouse 27
2月 12, 2026 2:01:09 上午 spec.jbb.JBBmain DoARun -> 信息:   started user thread for Warehouse 28
2月 12, 2026 2:01:09 上午 spec.jbb.JBBmain DoARun -> 信息:   started user thread for Warehouse 29
2月 12, 2026 2:01:09 上午 spec.jbb.JBBmain DoARun -> 信息:   started user thread for Warehouse 30
2月 12, 2026 2:01:09 上午 spec.jbb.JBBmain DoARun -> 信息:   started user thread for Warehouse 31
2月 12, 2026 2:01:09 上午 spec.jbb.JBBmain DoARun -> 信息:   started user thread for Warehouse 32
2月 12, 2026 2:01:09 上午 spec.jbb.JBBmain DoARun -> 信息:   started user thread for Warehouse 33
2月 12, 2026 2:01:09 上午 spec.jbb.JBBmain DoARun -> 信息:   started user thread for Warehouse 34
2月 12, 2026 2:01:09 上午 spec.jbb.JBBmain DoARun -> 信息:   started user thread for Warehouse 35
2月 12, 2026 2:01:09 上午 spec.jbb.JBBmain DoARun -> 信息:   started user thread for Warehouse 36
2月 12, 2026 2:01:09 上午 spec.jbb.JBBmain DoARun -> 信息:   started user thread for Warehouse 37
2月 12, 2026 2:01:09 上午 spec.jbb.JBBmain DoARun -> 信息:   started user thread for Warehouse 38
2月 12, 2026 2:01:09 上午 spec.jbb.JBBmain DoARun -> 信息:   started user thread for Warehouse 39
2月 12, 2026 2:01:09 上午 spec.jbb.JBBmain DoARun -> 信息:   started user thread for Warehouse 40
2月 12, 2026 2:01:09 上午 spec.jbb.JBBmain DoARun -> 信息:   started user thread for Warehouse 41
2月 12, 2026 2:01:09 上午 spec.jbb.JBBmain DoARun -> 信息:   started user thread for Warehouse 42
2月 12, 2026 2:01:09 上午 spec.jbb.JBBmain DoARun -> 信息:   started user thread for Warehouse 43
2月 12, 2026 2:01:09 上午 spec.jbb.JBBmain DoARun -> 信息:   started user thread for Warehouse 44
2月 12, 2026 2:01:09 上午 spec.jbb.JBBmain DoARun -> 信息:   started user thread for Warehouse 45
2月 12, 2026 2:01:09 上午 spec.jbb.JBBmain DoARun -> 信息:   started user thread for Warehouse 46
2月 12, 2026 2:01:09 上午 spec.jbb.JBBmain DoARun -> 信息:   started user thread for Warehouse 47
2月 12, 2026 2:01:09 上午 spec.jbb.JBBmain DoARun -> 信息:   started user thread for Warehouse 48
2月 12, 2026 2:01:09 上午 spec.jbb.JBBmain DoARun -> 信息:   started user thread for Warehouse 49
2月 12, 2026 2:01:09 上午 spec.jbb.JBBmain DoARun -> 信息:   started user thread for Warehouse 50
2月 12, 2026 2:01:09 上午 spec.jbb.JBBmain DoARun -> 信息:   started user thread for Warehouse 51
2月 12, 2026 2:01:09 上午 spec.jbb.JBBmain DoARun -> 信息:   started user thread for Warehouse 52
2月 12, 2026 2:01:09 上午 spec.jbb.JBBmain DoARun -> 信息:   started user thread for Warehouse 53
2月 12, 2026 2:01:09 上午 spec.jbb.JBBmain DoARun -> 信息:   started user thread for Warehouse 54
2月 12, 2026 2:01:09 上午 spec.jbb.JBBmain DoARun -> 信息:   started user thread for Warehouse 55
2月 12, 2026 2:01:09 上午 spec.jbb.JBBmain DoARun -> 信息:   started user thread for Warehouse 56
2月 12, 2026 2:01:09 上午 spec.jbb.JBBmain DoARun -> 信息:   started user thread for Warehouse 57
2月 12, 2026 2:01:09 上午 spec.jbb.JBBmain DoARun -> 信息:   started user thread for Warehouse 58
2月 12, 2026 2:01:09 上午 spec.jbb.JBBmain DoARun -> 信息:   started user thread for Warehouse 59
2月 12, 2026 2:01:09 上午 spec.jbb.JBBmain DoARun -> 信息:   started user thread for Warehouse 60
2月 12, 2026 2:01:09 上午 spec.jbb.JBBmain DoARun -> 信息:   started user thread for Warehouse 61
2月 12, 2026 2:01:09 上午 spec.jbb.JBBmain DoARun -> 信息:   started user thread for Warehouse 62
2月 12, 2026 2:01:09 上午 spec.jbb.JBBmain DoARun -> 信息:   started user thread for Warehouse 63
2月 12, 2026 2:01:09 上午 spec.jbb.JBBmain DoARun -> 信息:   started user thread for Warehouse 64
2月 12, 2026 2:01:09 上午 spec.jbb.JBBmain DoARun -> 信息:   started user thread for Warehouse 65
2月 12, 2026 2:01:09 上午 spec.jbb.JBBmain DoARun -> 信息:   started user thread for Warehouse 66
2月 12, 2026 2:01:09 上午 spec.jbb.JBBmain DoARun -> 信息:   started user thread for Warehouse 67
2月 12, 2026 2:01:09 上午 spec.jbb.JBBmain DoARun -> 信息:   started user thread for Warehouse 68
2月 12, 2026 2:01:09 上午 spec.jbb.JBBmain DoARun -> 信息:   started user thread for Warehouse 69
2月 12, 2026 2:01:09 上午 spec.jbb.JBBmain DoARun -> 信息:   started user thread for Warehouse 70
2月 12, 2026 2:01:09 上午 spec.jbb.JBBmain DoARun -> 信息:   started user thread for Warehouse 71
2月 12, 2026 2:01:09 上午 spec.jbb.JBBmain DoARun -> 信息:   started user thread for Warehouse 72
2月 12, 2026 2:01:09 上午 spec.jbb.JBBmain DoARun -> 信息:   started user thread for Warehouse 73
2月 12, 2026 2:01:09 上午 spec.jbb.JBBmain DoARun -> 信息:   started user thread for Warehouse 74
2月 12, 2026 2:01:09 上午 spec.jbb.JBBmain DoARun -> 信息:   started user thread for Warehouse 75
2月 12, 2026 2:01:09 上午 spec.jbb.JBBmain DoARun -> 信息:   started user thread for Warehouse 76
2月 12, 2026 2:01:09 上午 spec.jbb.JBBmain DoARun -> 信息:   started user thread for Warehouse 77
2月 12, 2026 2:01:09 上午 spec.jbb.Company displayResultTotals -> 信息: Timing Measurement began Thu Feb 12 02:01:09 CST 2026 for 4 minutes
2月 12, 2026 2:05:09 上午 spec.jbb.Company displayResultTotals -> 信息: Timing Measurement ended Thu Feb 12 02:05:09 CST 2026
2月 12, 2026 2:05:09 上午 spec.jbb.Company primeWithDummyData -> 信息: Loading Warehouse 78...
2月 12, 2026 2:05:09 上午 spec.jbb.JBBmain DoARun -> 信息: Start User Threads
2月 12, 2026 2:05:09 上午 spec.jbb.JBBmain DoARun -> 信息:   started user thread for Warehouse 1
2月 12, 2026 2:05:09 上午 spec.jbb.JBBmain DoARun -> 信息:   started user thread for Warehouse 2
2月 12, 2026 2:05:09 上午 spec.jbb.JBBmain DoARun -> 信息:   started user thread for Warehouse 3
2月 12, 2026 2:05:09 上午 spec.jbb.JBBmain DoARun -> 信息:   started user thread for Warehouse 4
2月 12, 2026 2:05:09 上午 spec.jbb.JBBmain DoARun -> 信息:   started user thread for Warehouse 5
2月 12, 2026 2:05:09 上午 spec.jbb.JBBmain DoARun -> 信息:   started user thread for Warehouse 6
2月 12, 2026 2:05:09 上午 spec.jbb.JBBmain DoARun -> 信息:   started user thread for Warehouse 7
2月 12, 2026 2:05:09 上午 spec.jbb.JBBmain DoARun -> 信息:   started user thread for Warehouse 8
2月 12, 2026 2:05:09 上午 spec.jbb.JBBmain DoARun -> 信息:   started user thread for Warehouse 9
2月 12, 2026 2:05:09 上午 spec.jbb.JBBmain DoARun -> 信息:   started user thread for Warehouse 10
2月 12, 2026 2:05:09 上午 spec.jbb.JBBmain DoARun -> 信息:   started user thread for Warehouse 11
2月 12, 2026 2:05:09 上午 spec.jbb.JBBmain DoARun -> 信息:   started user thread for Warehouse 12
2月 12, 2026 2:05:09 上午 spec.jbb.JBBmain DoARun -> 信息:   started user thread for Warehouse 13
2月 12, 2026 2:05:09 上午 spec.jbb.JBBmain DoARun -> 信息:   started user thread for Warehouse 14
2月 12, 2026 2:05:09 上午 spec.jbb.JBBmain DoARun -> 信息:   started user thread for Warehouse 15
2月 12, 2026 2:05:09 上午 spec.jbb.JBBmain DoARun -> 信息:   started user thread for Warehouse 16
2月 12, 2026 2:05:09 上午 spec.jbb.JBBmain DoARun -> 信息:   started user thread for Warehouse 17
2月 12, 2026 2:05:09 上午 spec.jbb.JBBmain DoARun -> 信息:   started user thread for Warehouse 18
2月 12, 2026 2:05:09 上午 spec.jbb.JBBmain DoARun -> 信息:   started user thread for Warehouse 19
2月 12, 2026 2:05:09 上午 spec.jbb.JBBmain DoARun -> 信息:   started user thread for Warehouse 20
2月 12, 2026 2:05:09 上午 spec.jbb.JBBmain DoARun -> 信息:   started user thread for Warehouse 21
2月 12, 2026 2:05:09 上午 spec.jbb.JBBmain DoARun -> 信息:   started user thread for Warehouse 22
2月 12, 2026 2:05:09 上午 spec.jbb.JBBmain DoARun -> 信息:   started user thread for Warehouse 23
2月 12, 2026 2:05:09 上午 spec.jbb.JBBmain DoARun -> 信息:   started user thread for Warehouse 24
2月 12, 2026 2:05:09 上午 spec.jbb.JBBmain DoARun -> 信息:   started user thread for Warehouse 25
2月 12, 2026 2:05:09 上午 spec.jbb.JBBmain DoARun -> 信息:   started user thread for Warehouse 26
2月 12, 2026 2:05:09 上午 spec.jbb.JBBmain DoARun -> 信息:   started user thread for Warehouse 27
2月 12, 2026 2:05:09 上午 spec.jbb.JBBmain DoARun -> 信息:   started user thread for Warehouse 28
2月 12, 2026 2:05:09 上午 spec.jbb.JBBmain DoARun -> 信息:   started user thread for Warehouse 29
2月 12, 2026 2:05:09 上午 spec.jbb.JBBmain DoARun -> 信息:   started user thread for Warehouse 30
2月 12, 2026 2:05:09 上午 spec.jbb.JBBmain DoARun -> 信息:   started user thread for Warehouse 31
2月 12, 2026 2:05:09 上午 spec.jbb.JBBmain DoARun -> 信息:   started user thread for Warehouse 32
2月 12, 2026 2:05:09 上午 spec.jbb.JBBmain DoARun -> 信息:   started user thread for Warehouse 33
2月 12, 2026 2:05:09 上午 spec.jbb.JBBmain DoARun -> 信息:   started user thread for Warehouse 34
2月 12, 2026 2:05:09 上午 spec.jbb.JBBmain DoARun -> 信息:   started user thread for Warehouse 35
2月 12, 2026 2:05:09 上午 spec.jbb.JBBmain DoARun -> 信息:   started user thread for Warehouse 36
2月 12, 2026 2:05:09 上午 spec.jbb.JBBmain DoARun -> 信息:   started user thread for Warehouse 37
2月 12, 2026 2:05:09 上午 spec.jbb.JBBmain DoARun -> 信息:   started user thread for Warehouse 38
2月 12, 2026 2:05:09 上午 spec.jbb.JBBmain DoARun -> 信息:   started user thread for Warehouse 39
2月 12, 2026 2:05:09 上午 spec.jbb.JBBmain DoARun -> 信息:   started user thread for Warehouse 40
2月 12, 2026 2:05:09 上午 spec.jbb.JBBmain DoARun -> 信息:   started user thread for Warehouse 41
2月 12, 2026 2:05:09 上午 spec.jbb.JBBmain DoARun -> 信息:   started user thread for Warehouse 42
2月 12, 2026 2:05:09 上午 spec.jbb.JBBmain DoARun -> 信息:   started user thread for Warehouse 43
2月 12, 2026 2:05:09 上午 spec.jbb.JBBmain DoARun -> 信息:   started user thread for Warehouse 44
2月 12, 2026 2:05:09 上午 spec.jbb.JBBmain DoARun -> 信息:   started user thread for Warehouse 45
2月 12, 2026 2:05:09 上午 spec.jbb.JBBmain DoARun -> 信息:   started user thread for Warehouse 46
2月 12, 2026 2:05:09 上午 spec.jbb.JBBmain DoARun -> 信息:   started user thread for Warehouse 47
2月 12, 2026 2:05:09 上午 spec.jbb.JBBmain DoARun -> 信息:   started user thread for Warehouse 48
2月 12, 2026 2:05:09 上午 spec.jbb.JBBmain DoARun -> 信息:   started user thread for Warehouse 49
2月 12, 2026 2:05:09 上午 spec.jbb.JBBmain DoARun -> 信息:   started user thread for Warehouse 50
2月 12, 2026 2:05:09 上午 spec.jbb.JBBmain DoARun -> 信息:   started user thread for Warehouse 51
2月 12, 2026 2:05:09 上午 spec.jbb.JBBmain DoARun -> 信息:   started user thread for Warehouse 52
2月 12, 2026 2:05:09 上午 spec.jbb.JBBmain DoARun -> 信息:   started user thread for Warehouse 53
2月 12, 2026 2:05:09 上午 spec.jbb.JBBmain DoARun -> 信息:   started user thread for Warehouse 54
2月 12, 2026 2:05:09 上午 spec.jbb.JBBmain DoARun -> 信息:   started user thread for Warehouse 55
2月 12, 2026 2:05:09 上午 spec.jbb.JBBmain DoARun -> 信息:   started user thread for Warehouse 56
2月 12, 2026 2:05:09 上午 spec.jbb.JBBmain DoARun -> 信息:   started user thread for Warehouse 57
2月 12, 2026 2:05:09 上午 spec.jbb.JBBmain DoARun -> 信息:   started user thread for Warehouse 58
2月 12, 2026 2:05:09 上午 spec.jbb.JBBmain DoARun -> 信息:   started user thread for Warehouse 59
2月 12, 2026 2:05:09 上午 spec.jbb.JBBmain DoARun -> 信息:   started user thread for Warehouse 60
2月 12, 2026 2:05:09 上午 spec.jbb.JBBmain DoARun -> 信息:   started user thread for Warehouse 61
2月 12, 2026 2:05:09 上午 spec.jbb.JBBmain DoARun -> 信息:   started user thread for Warehouse 62
2月 12, 2026 2:05:09 上午 spec.jbb.JBBmain DoARun -> 信息:   started user thread for Warehouse 63
2月 12, 2026 2:05:09 上午 spec.jbb.JBBmain DoARun -> 信息:   started user thread for Warehouse 64
2月 12, 2026 2:05:09 上午 spec.jbb.JBBmain DoARun -> 信息:   started user thread for Warehouse 65
2月 12, 2026 2:05:09 上午 spec.jbb.JBBmain DoARun -> 信息:   started user thread for Warehouse 66
2月 12, 2026 2:05:09 上午 spec.jbb.JBBmain DoARun -> 信息:   started user thread for Warehouse 67
2月 12, 2026 2:05:09 上午 spec.jbb.JBBmain DoARun -> 信息:   started user thread for Warehouse 68
2月 12, 2026 2:05:09 上午 spec.jbb.JBBmain DoARun -> 信息:   started user thread for Warehouse 69
2月 12, 2026 2:05:09 上午 spec.jbb.JBBmain DoARun -> 信息:   started user thread for Warehouse 70
2月 12, 2026 2:05:09 上午 spec.jbb.JBBmain DoARun -> 信息:   started user thread for Warehouse 71
2月 12, 2026 2:05:09 上午 spec.jbb.JBBmain DoARun -> 信息:   started user thread for Warehouse 72
2月 12, 2026 2:05:09 上午 spec.jbb.JBBmain DoARun -> 信息:   started user thread for Warehouse 73
2月 12, 2026 2:05:09 上午 spec.jbb.JBBmain DoARun -> 信息:   started user thread for Warehouse 74
2月 12, 2026 2:05:09 上午 spec.jbb.JBBmain DoARun -> 信息:   started user thread for Warehouse 75
2月 12, 2026 2:05:09 上午 spec.jbb.JBBmain DoARun -> 信息:   started user thread for Warehouse 76
2月 12, 2026 2:05:09 上午 spec.jbb.JBBmain DoARun -> 信息:   started user thread for Warehouse 77
2月 12, 2026 2:05:09 上午 spec.jbb.JBBmain DoARun -> 信息:   started user thread for Warehouse 78
2月 12, 2026 2:05:09 上午 spec.jbb.Company displayResultTotals -> 信息: Timing Measurement began Thu Feb 12 02:05:09 CST 2026 for 4 minutes
2月 12, 2026 2:09:09 上午 spec.jbb.Company displayResultTotals -> 信息: Timing Measurement ended Thu Feb 12 02:09:09 CST 2026
2月 12, 2026 2:09:09 上午 spec.jbb.Company primeWithDummyData -> 信息: Loading Warehouse 79...
2月 12, 2026 2:09:10 上午 spec.jbb.JBBmain DoARun -> 信息: Start User Threads
2月 12, 2026 2:09:10 上午 spec.jbb.JBBmain DoARun -> 信息:   started user thread for Warehouse 1
2月 12, 2026 2:09:10 上午 spec.jbb.JBBmain DoARun -> 信息:   started user thread for Warehouse 2
2月 12, 2026 2:09:10 上午 spec.jbb.JBBmain DoARun -> 信息:   started user thread for Warehouse 3
2月 12, 2026 2:09:10 上午 spec.jbb.JBBmain DoARun -> 信息:   started user thread for Warehouse 4
2月 12, 2026 2:09:10 上午 spec.jbb.JBBmain DoARun -> 信息:   started user thread for Warehouse 5
2月 12, 2026 2:09:10 上午 spec.jbb.JBBmain DoARun -> 信息:   started user thread for Warehouse 6
2月 12, 2026 2:09:10 上午 spec.jbb.JBBmain DoARun -> 信息:   started user thread for Warehouse 7
2月 12, 2026 2:09:10 上午 spec.jbb.JBBmain DoARun -> 信息:   started user thread for Warehouse 8
2月 12, 2026 2:09:10 上午 spec.jbb.JBBmain DoARun -> 信息:   started user thread for Warehouse 9
2月 12, 2026 2:09:10 上午 spec.jbb.JBBmain DoARun -> 信息:   started user thread for Warehouse 10
2月 12, 2026 2:09:10 上午 spec.jbb.JBBmain DoARun -> 信息:   started user thread for Warehouse 11
2月 12, 2026 2:09:10 上午 spec.jbb.JBBmain DoARun -> 信息:   started user thread for Warehouse 12
2月 12, 2026 2:09:10 上午 spec.jbb.JBBmain DoARun -> 信息:   started user thread for Warehouse 13
2月 12, 2026 2:09:10 上午 spec.jbb.JBBmain DoARun -> 信息:   started user thread for Warehouse 14
2月 12, 2026 2:09:10 上午 spec.jbb.JBBmain DoARun -> 信息:   started user thread for Warehouse 15
2月 12, 2026 2:09:10 上午 spec.jbb.JBBmain DoARun -> 信息:   started user thread for Warehouse 16
2月 12, 2026 2:09:10 上午 spec.jbb.JBBmain DoARun -> 信息:   started user thread for Warehouse 17
2月 12, 2026 2:09:10 上午 spec.jbb.JBBmain DoARun -> 信息:   started user thread for Warehouse 18
2月 12, 2026 2:09:10 上午 spec.jbb.JBBmain DoARun -> 信息:   started user thread for Warehouse 19
2月 12, 2026 2:09:10 上午 spec.jbb.JBBmain DoARun -> 信息:   started user thread for Warehouse 20
2月 12, 2026 2:09:10 上午 spec.jbb.JBBmain DoARun -> 信息:   started user thread for Warehouse 21
2月 12, 2026 2:09:10 上午 spec.jbb.JBBmain DoARun -> 信息:   started user thread for Warehouse 22
2月 12, 2026 2:09:10 上午 spec.jbb.JBBmain DoARun -> 信息:   started user thread for Warehouse 23
2月 12, 2026 2:09:10 上午 spec.jbb.JBBmain DoARun -> 信息:   started user thread for Warehouse 24
2月 12, 2026 2:09:10 上午 spec.jbb.JBBmain DoARun -> 信息:   started user thread for Warehouse 25
2月 12, 2026 2:09:10 上午 spec.jbb.JBBmain DoARun -> 信息:   started user thread for Warehouse 26
2月 12, 2026 2:09:10 上午 spec.jbb.JBBmain DoARun -> 信息:   started user thread for Warehouse 27
2月 12, 2026 2:09:10 上午 spec.jbb.JBBmain DoARun -> 信息:   started user thread for Warehouse 28
2月 12, 2026 2:09:10 上午 spec.jbb.JBBmain DoARun -> 信息:   started user thread for Warehouse 29
2月 12, 2026 2:09:10 上午 spec.jbb.JBBmain DoARun -> 信息:   started user thread for Warehouse 30
2月 12, 2026 2:09:10 上午 spec.jbb.JBBmain DoARun -> 信息:   started user thread for Warehouse 31
2月 12, 2026 2:09:10 上午 spec.jbb.JBBmain DoARun -> 信息:   started user thread for Warehouse 32
2月 12, 2026 2:09:10 上午 spec.jbb.JBBmain DoARun -> 信息:   started user thread for Warehouse 33
2月 12, 2026 2:09:10 上午 spec.jbb.JBBmain DoARun -> 信息:   started user thread for Warehouse 34
2月 12, 2026 2:09:10 上午 spec.jbb.JBBmain DoARun -> 信息:   started user thread for Warehouse 35
2月 12, 2026 2:09:10 上午 spec.jbb.JBBmain DoARun -> 信息:   started user thread for Warehouse 36
2月 12, 2026 2:09:10 上午 spec.jbb.JBBmain DoARun -> 信息:   started user thread for Warehouse 37
2月 12, 2026 2:09:10 上午 spec.jbb.JBBmain DoARun -> 信息:   started user thread for Warehouse 38
2月 12, 2026 2:09:10 上午 spec.jbb.JBBmain DoARun -> 信息:   started user thread for Warehouse 39
2月 12, 2026 2:09:10 上午 spec.jbb.JBBmain DoARun -> 信息:   started user thread for Warehouse 40
2月 12, 2026 2:09:10 上午 spec.jbb.JBBmain DoARun -> 信息:   started user thread for Warehouse 41
2月 12, 2026 2:09:10 上午 spec.jbb.JBBmain DoARun -> 信息:   started user thread for Warehouse 42
2月 12, 2026 2:09:10 上午 spec.jbb.JBBmain DoARun -> 信息:   started user thread for Warehouse 43
2月 12, 2026 2:09:10 上午 spec.jbb.JBBmain DoARun -> 信息:   started user thread for Warehouse 44
2月 12, 2026 2:09:10 上午 spec.jbb.JBBmain DoARun -> 信息:   started user thread for Warehouse 45
2月 12, 2026 2:09:10 上午 spec.jbb.JBBmain DoARun -> 信息:   started user thread for Warehouse 46
2月 12, 2026 2:09:10 上午 spec.jbb.JBBmain DoARun -> 信息:   started user thread for Warehouse 47
2月 12, 2026 2:09:10 上午 spec.jbb.JBBmain DoARun -> 信息:   started user thread for Warehouse 48
2月 12, 2026 2:09:10 上午 spec.jbb.JBBmain DoARun -> 信息:   started user thread for Warehouse 49
2月 12, 2026 2:09:10 上午 spec.jbb.JBBmain DoARun -> 信息:   started user thread for Warehouse 50
2月 12, 2026 2:09:10 上午 spec.jbb.JBBmain DoARun -> 信息:   started user thread for Warehouse 51
2月 12, 2026 2:09:10 上午 spec.jbb.JBBmain DoARun -> 信息:   started user thread for Warehouse 52
2月 12, 2026 2:09:10 上午 spec.jbb.JBBmain DoARun -> 信息:   started user thread for Warehouse 53
2月 12, 2026 2:09:10 上午 spec.jbb.JBBmain DoARun -> 信息:   started user thread for Warehouse 54
2月 12, 2026 2:09:10 上午 spec.jbb.JBBmain DoARun -> 信息:   started user thread for Warehouse 55
2月 12, 2026 2:09:10 上午 spec.jbb.JBBmain DoARun -> 信息:   started user thread for Warehouse 56
2月 12, 2026 2:09:10 上午 spec.jbb.JBBmain DoARun -> 信息:   started user thread for Warehouse 57
2月 12, 2026 2:09:10 上午 spec.jbb.JBBmain DoARun -> 信息:   started user thread for Warehouse 58
2月 12, 2026 2:09:10 上午 spec.jbb.JBBmain DoARun -> 信息:   started user thread for Warehouse 59
2月 12, 2026 2:09:10 上午 spec.jbb.JBBmain DoARun -> 信息:   started user thread for Warehouse 60
2月 12, 2026 2:09:10 上午 spec.jbb.JBBmain DoARun -> 信息:   started user thread for Warehouse 61
2月 12, 2026 2:09:10 上午 spec.jbb.JBBmain DoARun -> 信息:   started user thread for Warehouse 62
2月 12, 2026 2:09:10 上午 spec.jbb.JBBmain DoARun -> 信息:   started user thread for Warehouse 63
2月 12, 2026 2:09:10 上午 spec.jbb.JBBmain DoARun -> 信息:   started user thread for Warehouse 64
2月 12, 2026 2:09:10 上午 spec.jbb.JBBmain DoARun -> 信息:   started user thread for Warehouse 65
2月 12, 2026 2:09:10 上午 spec.jbb.JBBmain DoARun -> 信息:   started user thread for Warehouse 66
2月 12, 2026 2:09:10 上午 spec.jbb.JBBmain DoARun -> 信息:   started user thread for Warehouse 67
2月 12, 2026 2:09:10 上午 spec.jbb.JBBmain DoARun -> 信息:   started user thread for Warehouse 68
2月 12, 2026 2:09:10 上午 spec.jbb.JBBmain DoARun -> 信息:   started user thread for Warehouse 69
2月 12, 2026 2:09:10 上午 spec.jbb.JBBmain DoARun -> 信息:   started user thread for Warehouse 70
2月 12, 2026 2:09:10 上午 spec.jbb.JBBmain DoARun -> 信息:   started user thread for Warehouse 71
2月 12, 2026 2:09:10 上午 spec.jbb.JBBmain DoARun -> 信息:   started user thread for Warehouse 72
2月 12, 2026 2:09:10 上午 spec.jbb.JBBmain DoARun -> 信息:   started user thread for Warehouse 73
2月 12, 2026 2:09:10 上午 spec.jbb.JBBmain DoARun -> 信息:   started user thread for Warehouse 74
2月 12, 2026 2:09:10 上午 spec.jbb.JBBmain DoARun -> 信息:   started user thread for Warehouse 75
2月 12, 2026 2:09:10 上午 spec.jbb.JBBmain DoARun -> 信息:   started user thread for Warehouse 76
2月 12, 2026 2:09:10 上午 spec.jbb.JBBmain DoARun -> 信息:   started user thread for Warehouse 77
2月 12, 2026 2:09:10 上午 spec.jbb.JBBmain DoARun -> 信息:   started user thread for Warehouse 78
2月 12, 2026 2:09:10 上午 spec.jbb.JBBmain DoARun -> 信息:   started user thread for Warehouse 79
2月 12, 2026 2:09:10 上午 spec.jbb.Company displayResultTotals -> 信息: Timing Measurement began Thu Feb 12 02:09:10 CST 2026 for 4 minutes
2月 12, 2026 2:13:10 上午 spec.jbb.Company displayResultTotals -> 信息: Timing Measurement ended Thu Feb 12 02:13:10 CST 2026
2月 12, 2026 2:13:10 上午 spec.jbb.Company primeWithDummyData -> 信息: Loading Warehouse 80...
2月 12, 2026 2:13:10 上午 spec.jbb.JBBmain DoARun -> 信息: Start User Threads
2月 12, 2026 2:13:10 上午 spec.jbb.JBBmain DoARun -> 信息:   started user thread for Warehouse 1
2月 12, 2026 2:13:10 上午 spec.jbb.JBBmain DoARun -> 信息:   started user thread for Warehouse 2
2月 12, 2026 2:13:10 上午 spec.jbb.JBBmain DoARun -> 信息:   started user thread for Warehouse 3
2月 12, 2026 2:13:10 上午 spec.jbb.JBBmain DoARun -> 信息:   started user thread for Warehouse 4
2月 12, 2026 2:13:11 上午 spec.jbb.JBBmain DoARun -> 信息:   started user thread for Warehouse 5
2月 12, 2026 2:13:11 上午 spec.jbb.JBBmain DoARun -> 信息:   started user thread for Warehouse 6
2月 12, 2026 2:13:11 上午 spec.jbb.JBBmain DoARun -> 信息:   started user thread for Warehouse 7
2月 12, 2026 2:13:11 上午 spec.jbb.JBBmain DoARun -> 信息:   started user thread for Warehouse 8
2月 12, 2026 2:13:11 上午 spec.jbb.JBBmain DoARun -> 信息:   started user thread for Warehouse 9
2月 12, 2026 2:13:11 上午 spec.jbb.JBBmain DoARun -> 信息:   started user thread for Warehouse 10
2月 12, 2026 2:13:11 上午 spec.jbb.JBBmain DoARun -> 信息:   started user thread for Warehouse 11
2月 12, 2026 2:13:11 上午 spec.jbb.JBBmain DoARun -> 信息:   started user thread for Warehouse 12
2月 12, 2026 2:13:11 上午 spec.jbb.JBBmain DoARun -> 信息:   started user thread for Warehouse 13
2月 12, 2026 2:13:11 上午 spec.jbb.JBBmain DoARun -> 信息:   started user thread for Warehouse 14
2月 12, 2026 2:13:11 上午 spec.jbb.JBBmain DoARun -> 信息:   started user thread for Warehouse 15
2月 12, 2026 2:13:11 上午 spec.jbb.JBBmain DoARun -> 信息:   started user thread for Warehouse 16
2月 12, 2026 2:13:11 上午 spec.jbb.JBBmain DoARun -> 信息:   started user thread for Warehouse 17
2月 12, 2026 2:13:11 上午 spec.jbb.JBBmain DoARun -> 信息:   started user thread for Warehouse 18
2月 12, 2026 2:13:11 上午 spec.jbb.JBBmain DoARun -> 信息:   started user thread for Warehouse 19
2月 12, 2026 2:13:11 上午 spec.jbb.JBBmain DoARun -> 信息:   started user thread for Warehouse 20
2月 12, 2026 2:13:11 上午 spec.jbb.JBBmain DoARun -> 信息:   started user thread for Warehouse 21
2月 12, 2026 2:13:11 上午 spec.jbb.JBBmain DoARun -> 信息:   started user thread for Warehouse 22
2月 12, 2026 2:13:11 上午 spec.jbb.JBBmain DoARun -> 信息:   started user thread for Warehouse 23
2月 12, 2026 2:13:11 上午 spec.jbb.JBBmain DoARun -> 信息:   started user thread for Warehouse 24
2月 12, 2026 2:13:11 上午 spec.jbb.JBBmain DoARun -> 信息:   started user thread for Warehouse 25
2月 12, 2026 2:13:11 上午 spec.jbb.JBBmain DoARun -> 信息:   started user thread for Warehouse 26
2月 12, 2026 2:13:11 上午 spec.jbb.JBBmain DoARun -> 信息:   started user thread for Warehouse 27
2月 12, 2026 2:13:11 上午 spec.jbb.JBBmain DoARun -> 信息:   started user thread for Warehouse 28
2月 12, 2026 2:13:11 上午 spec.jbb.JBBmain DoARun -> 信息:   started user thread for Warehouse 29
2月 12, 2026 2:13:11 上午 spec.jbb.JBBmain DoARun -> 信息:   started user thread for Warehouse 30
2月 12, 2026 2:13:11 上午 spec.jbb.JBBmain DoARun -> 信息:   started user thread for Warehouse 31
2月 12, 2026 2:13:11 上午 spec.jbb.JBBmain DoARun -> 信息:   started user thread for Warehouse 32
2月 12, 2026 2:13:11 上午 spec.jbb.JBBmain DoARun -> 信息:   started user thread for Warehouse 33
2月 12, 2026 2:13:11 上午 spec.jbb.JBBmain DoARun -> 信息:   started user thread for Warehouse 34
2月 12, 2026 2:13:11 上午 spec.jbb.JBBmain DoARun -> 信息:   started user thread for Warehouse 35
2月 12, 2026 2:13:11 上午 spec.jbb.JBBmain DoARun -> 信息:   started user thread for Warehouse 36
2月 12, 2026 2:13:11 上午 spec.jbb.JBBmain DoARun -> 信息:   started user thread for Warehouse 37
2月 12, 2026 2:13:11 上午 spec.jbb.JBBmain DoARun -> 信息:   started user thread for Warehouse 38
2月 12, 2026 2:13:11 上午 spec.jbb.JBBmain DoARun -> 信息:   started user thread for Warehouse 39
2月 12, 2026 2:13:11 上午 spec.jbb.JBBmain DoARun -> 信息:   started user thread for Warehouse 40
2月 12, 2026 2:13:11 上午 spec.jbb.JBBmain DoARun -> 信息:   started user thread for Warehouse 41
2月 12, 2026 2:13:11 上午 spec.jbb.JBBmain DoARun -> 信息:   started user thread for Warehouse 42
2月 12, 2026 2:13:11 上午 spec.jbb.JBBmain DoARun -> 信息:   started user thread for Warehouse 43
2月 12, 2026 2:13:11 上午 spec.jbb.JBBmain DoARun -> 信息:   started user thread for Warehouse 44
2月 12, 2026 2:13:11 上午 spec.jbb.JBBmain DoARun -> 信息:   started user thread for Warehouse 45
2月 12, 2026 2:13:11 上午 spec.jbb.JBBmain DoARun -> 信息:   started user thread for Warehouse 46
2月 12, 2026 2:13:11 上午 spec.jbb.JBBmain DoARun -> 信息:   started user thread for Warehouse 47
2月 12, 2026 2:13:11 上午 spec.jbb.JBBmain DoARun -> 信息:   started user thread for Warehouse 48
2月 12, 2026 2:13:11 上午 spec.jbb.JBBmain DoARun -> 信息:   started user thread for Warehouse 49
2月 12, 2026 2:13:11 上午 spec.jbb.JBBmain DoARun -> 信息:   started user thread for Warehouse 50
2月 12, 2026 2:13:11 上午 spec.jbb.JBBmain DoARun -> 信息:   started user thread for Warehouse 51
2月 12, 2026 2:13:11 上午 spec.jbb.JBBmain DoARun -> 信息:   started user thread for Warehouse 52
2月 12, 2026 2:13:11 上午 spec.jbb.JBBmain DoARun -> 信息:   started user thread for Warehouse 53
2月 12, 2026 2:13:11 上午 spec.jbb.JBBmain DoARun -> 信息:   started user thread for Warehouse 54
2月 12, 2026 2:13:11 上午 spec.jbb.JBBmain DoARun -> 信息:   started user thread for Warehouse 55
2月 12, 2026 2:13:11 上午 spec.jbb.JBBmain DoARun -> 信息:   started user thread for Warehouse 56
2月 12, 2026 2:13:11 上午 spec.jbb.JBBmain DoARun -> 信息:   started user thread for Warehouse 57
2月 12, 2026 2:13:11 上午 spec.jbb.JBBmain DoARun -> 信息:   started user thread for Warehouse 58
2月 12, 2026 2:13:11 上午 spec.jbb.JBBmain DoARun -> 信息:   started user thread for Warehouse 59
2月 12, 2026 2:13:11 上午 spec.jbb.JBBmain DoARun -> 信息:   started user thread for Warehouse 60
2月 12, 2026 2:13:11 上午 spec.jbb.JBBmain DoARun -> 信息:   started user thread for Warehouse 61
2月 12, 2026 2:13:11 上午 spec.jbb.JBBmain DoARun -> 信息:   started user thread for Warehouse 62
2月 12, 2026 2:13:11 上午 spec.jbb.JBBmain DoARun -> 信息:   started user thread for Warehouse 63
2月 12, 2026 2:13:11 上午 spec.jbb.JBBmain DoARun -> 信息:   started user thread for Warehouse 64
2月 12, 2026 2:13:11 上午 spec.jbb.JBBmain DoARun -> 信息:   started user thread for Warehouse 65
2月 12, 2026 2:13:11 上午 spec.jbb.JBBmain DoARun -> 信息:   started user thread for Warehouse 66
2月 12, 2026 2:13:11 上午 spec.jbb.JBBmain DoARun -> 信息:   started user thread for Warehouse 67
2月 12, 2026 2:13:11 上午 spec.jbb.JBBmain DoARun -> 信息:   started user thread for Warehouse 68
2月 12, 2026 2:13:11 上午 spec.jbb.JBBmain DoARun -> 信息:   started user thread for Warehouse 69
2月 12, 2026 2:13:11 上午 spec.jbb.JBBmain DoARun -> 信息:   started user thread for Warehouse 70
2月 12, 2026 2:13:11 上午 spec.jbb.JBBmain DoARun -> 信息:   started user thread for Warehouse 71
2月 12, 2026 2:13:11 上午 spec.jbb.JBBmain DoARun -> 信息:   started user thread for Warehouse 72
2月 12, 2026 2:13:11 上午 spec.jbb.JBBmain DoARun -> 信息:   started user thread for Warehouse 73
2月 12, 2026 2:13:11 上午 spec.jbb.JBBmain DoARun -> 信息:   started user thread for Warehouse 74
2月 12, 2026 2:13:11 上午 spec.jbb.JBBmain DoARun -> 信息:   started user thread for Warehouse 75
2月 12, 2026 2:13:11 上午 spec.jbb.JBBmain DoARun -> 信息:   started user thread for Warehouse 76
2月 12, 2026 2:13:11 上午 spec.jbb.JBBmain DoARun -> 信息:   started user thread for Warehouse 77
2月 12, 2026 2:13:11 上午 spec.jbb.JBBmain DoARun -> 信息:   started user thread for Warehouse 78
2月 12, 2026 2:13:11 上午 spec.jbb.JBBmain DoARun -> 信息:   started user thread for Warehouse 79
2月 12, 2026 2:13:11 上午 spec.jbb.JBBmain DoARun -> 信息:   started user thread for Warehouse 80
2月 12, 2026 2:13:11 上午 spec.jbb.Company displayResultTotals -> 信息: Timing Measurement began Thu Feb 12 02:13:11 CST 2026 for 4 minutes
2月 12, 2026 2:17:11 上午 spec.jbb.Company displayResultTotals -> 信息: Timing Measurement ended Thu Feb 12 02:17:11 CST 2026
2月 12, 2026 2:17:11 上午 spec.jbb.Company primeWithDummyData -> 信息: Loading Warehouse 81...
2月 12, 2026 2:17:12 上午 spec.jbb.JBBmain DoARun -> 信息: Start User Threads
2月 12, 2026 2:17:12 上午 spec.jbb.JBBmain DoARun -> 信息:   started user thread for Warehouse 1
2月 12, 2026 2:17:12 上午 spec.jbb.JBBmain DoARun -> 信息:   started user thread for Warehouse 2
2月 12, 2026 2:17:12 上午 spec.jbb.JBBmain DoARun -> 信息:   started user thread for Warehouse 3
2月 12, 2026 2:17:12 上午 spec.jbb.JBBmain DoARun -> 信息:   started user thread for Warehouse 4
2月 12, 2026 2:17:12 上午 spec.jbb.JBBmain DoARun -> 信息:   started user thread for Warehouse 5
2月 12, 2026 2:17:12 上午 spec.jbb.JBBmain DoARun -> 信息:   started user thread for Warehouse 6
2月 12, 2026 2:17:12 上午 spec.jbb.JBBmain DoARun -> 信息:   started user thread for Warehouse 7
2月 12, 2026 2:17:12 上午 spec.jbb.JBBmain DoARun -> 信息:   started user thread for Warehouse 8
2月 12, 2026 2:17:12 上午 spec.jbb.JBBmain DoARun -> 信息:   started user thread for Warehouse 9
2月 12, 2026 2:17:12 上午 spec.jbb.JBBmain DoARun -> 信息:   started user thread for Warehouse 10
2月 12, 2026 2:17:12 上午 spec.jbb.JBBmain DoARun -> 信息:   started user thread for Warehouse 11
2月 12, 2026 2:17:12 上午 spec.jbb.JBBmain DoARun -> 信息:   started user thread for Warehouse 12
2月 12, 2026 2:17:12 上午 spec.jbb.JBBmain DoARun -> 信息:   started user thread for Warehouse 13
2月 12, 2026 2:17:12 上午 spec.jbb.JBBmain DoARun -> 信息:   started user thread for Warehouse 14
2月 12, 2026 2:17:12 上午 spec.jbb.JBBmain DoARun -> 信息:   started user thread for Warehouse 15
2月 12, 2026 2:17:12 上午 spec.jbb.JBBmain DoARun -> 信息:   started user thread for Warehouse 16
2月 12, 2026 2:17:12 上午 spec.jbb.JBBmain DoARun -> 信息:   started user thread for Warehouse 17
2月 12, 2026 2:17:12 上午 spec.jbb.JBBmain DoARun -> 信息:   started user thread for Warehouse 18
2月 12, 2026 2:17:12 上午 spec.jbb.JBBmain DoARun -> 信息:   started user thread for Warehouse 19
2月 12, 2026 2:17:12 上午 spec.jbb.JBBmain DoARun -> 信息:   started user thread for Warehouse 20
2月 12, 2026 2:17:12 上午 spec.jbb.JBBmain DoARun -> 信息:   started user thread for Warehouse 21
2月 12, 2026 2:17:12 上午 spec.jbb.JBBmain DoARun -> 信息:   started user thread for Warehouse 22
2月 12, 2026 2:17:12 上午 spec.jbb.JBBmain DoARun -> 信息:   started user thread for Warehouse 23
2月 12, 2026 2:17:12 上午 spec.jbb.JBBmain DoARun -> 信息:   started user thread for Warehouse 24
2月 12, 2026 2:17:12 上午 spec.jbb.JBBmain DoARun -> 信息:   started user thread for Warehouse 25
2月 12, 2026 2:17:12 上午 spec.jbb.JBBmain DoARun -> 信息:   started user thread for Warehouse 26
2月 12, 2026 2:17:12 上午 spec.jbb.JBBmain DoARun -> 信息:   started user thread for Warehouse 27
2月 12, 2026 2:17:12 上午 spec.jbb.JBBmain DoARun -> 信息:   started user thread for Warehouse 28
2月 12, 2026 2:17:12 上午 spec.jbb.JBBmain DoARun -> 信息:   started user thread for Warehouse 29
2月 12, 2026 2:17:12 上午 spec.jbb.JBBmain DoARun -> 信息:   started user thread for Warehouse 30
2月 12, 2026 2:17:12 上午 spec.jbb.JBBmain DoARun -> 信息:   started user thread for Warehouse 31
2月 12, 2026 2:17:12 上午 spec.jbb.JBBmain DoARun -> 信息:   started user thread for Warehouse 32
2月 12, 2026 2:17:12 上午 spec.jbb.JBBmain DoARun -> 信息:   started user thread for Warehouse 33
2月 12, 2026 2:17:12 上午 spec.jbb.JBBmain DoARun -> 信息:   started user thread for Warehouse 34
2月 12, 2026 2:17:12 上午 spec.jbb.JBBmain DoARun -> 信息:   started user thread for Warehouse 35
2月 12, 2026 2:17:12 上午 spec.jbb.JBBmain DoARun -> 信息:   started user thread for Warehouse 36
2月 12, 2026 2:17:12 上午 spec.jbb.JBBmain DoARun -> 信息:   started user thread for Warehouse 37
2月 12, 2026 2:17:12 上午 spec.jbb.JBBmain DoARun -> 信息:   started user thread for Warehouse 38
2月 12, 2026 2:17:12 上午 spec.jbb.JBBmain DoARun -> 信息:   started user thread for Warehouse 39
2月 12, 2026 2:17:12 上午 spec.jbb.JBBmain DoARun -> 信息:   started user thread for Warehouse 40
2月 12, 2026 2:17:12 上午 spec.jbb.JBBmain DoARun -> 信息:   started user thread for Warehouse 41
2月 12, 2026 2:17:12 上午 spec.jbb.JBBmain DoARun -> 信息:   started user thread for Warehouse 42
2月 12, 2026 2:17:12 上午 spec.jbb.JBBmain DoARun -> 信息:   started user thread for Warehouse 43
2月 12, 2026 2:17:12 上午 spec.jbb.JBBmain DoARun -> 信息:   started user thread for Warehouse 44
2月 12, 2026 2:17:12 上午 spec.jbb.JBBmain DoARun -> 信息:   started user thread for Warehouse 45
2月 12, 2026 2:17:12 上午 spec.jbb.JBBmain DoARun -> 信息:   started user thread for Warehouse 46
2月 12, 2026 2:17:12 上午 spec.jbb.JBBmain DoARun -> 信息:   started user thread for Warehouse 47
2月 12, 2026 2:17:12 上午 spec.jbb.JBBmain DoARun -> 信息:   started user thread for Warehouse 48
2月 12, 2026 2:17:12 上午 spec.jbb.JBBmain DoARun -> 信息:   started user thread for Warehouse 49
2月 12, 2026 2:17:12 上午 spec.jbb.JBBmain DoARun -> 信息:   started user thread for Warehouse 50
2月 12, 2026 2:17:12 上午 spec.jbb.JBBmain DoARun -> 信息:   started user thread for Warehouse 51
2月 12, 2026 2:17:12 上午 spec.jbb.JBBmain DoARun -> 信息:   started user thread for Warehouse 52
2月 12, 2026 2:17:12 上午 spec.jbb.JBBmain DoARun -> 信息:   started user thread for Warehouse 53
2月 12, 2026 2:17:12 上午 spec.jbb.JBBmain DoARun -> 信息:   started user thread for Warehouse 54
2月 12, 2026 2:17:12 上午 spec.jbb.JBBmain DoARun -> 信息:   started user thread for Warehouse 55
2月 12, 2026 2:17:12 上午 spec.jbb.JBBmain DoARun -> 信息:   started user thread for Warehouse 56
2月 12, 2026 2:17:12 上午 spec.jbb.JBBmain DoARun -> 信息:   started user thread for Warehouse 57
2月 12, 2026 2:17:12 上午 spec.jbb.JBBmain DoARun -> 信息:   started user thread for Warehouse 58
2月 12, 2026 2:17:12 上午 spec.jbb.JBBmain DoARun -> 信息:   started user thread for Warehouse 59
2月 12, 2026 2:17:12 上午 spec.jbb.JBBmain DoARun -> 信息:   started user thread for Warehouse 60
2月 12, 2026 2:17:12 上午 spec.jbb.JBBmain DoARun -> 信息:   started user thread for Warehouse 61
2月 12, 2026 2:17:12 上午 spec.jbb.JBBmain DoARun -> 信息:   started user thread for Warehouse 62
2月 12, 2026 2:17:12 上午 spec.jbb.JBBmain DoARun -> 信息:   started user thread for Warehouse 63
2月 12, 2026 2:17:12 上午 spec.jbb.JBBmain DoARun -> 信息:   started user thread for Warehouse 64
2月 12, 2026 2:17:12 上午 spec.jbb.JBBmain DoARun -> 信息:   started user thread for Warehouse 65
2月 12, 2026 2:17:12 上午 spec.jbb.JBBmain DoARun -> 信息:   started user thread for Warehouse 66
2月 12, 2026 2:17:12 上午 spec.jbb.JBBmain DoARun -> 信息:   started user thread for Warehouse 67
2月 12, 2026 2:17:12 上午 spec.jbb.JBBmain DoARun -> 信息:   started user thread for Warehouse 68
2月 12, 2026 2:17:12 上午 spec.jbb.JBBmain DoARun -> 信息:   started user thread for Warehouse 69
2月 12, 2026 2:17:12 上午 spec.jbb.JBBmain DoARun -> 信息:   started user thread for Warehouse 70
2月 12, 2026 2:17:12 上午 spec.jbb.JBBmain DoARun -> 信息:   started user thread for Warehouse 71
2月 12, 2026 2:17:12 上午 spec.jbb.JBBmain DoARun -> 信息:   started user thread for Warehouse 72
2月 12, 2026 2:17:12 上午 spec.jbb.JBBmain DoARun -> 信息:   started user thread for Warehouse 73
2月 12, 2026 2:17:12 上午 spec.jbb.JBBmain DoARun -> 信息:   started user thread for Warehouse 74
2月 12, 2026 2:17:12 上午 spec.jbb.JBBmain DoARun -> 信息:   started user thread for Warehouse 75
2月 12, 2026 2:17:12 上午 spec.jbb.JBBmain DoARun -> 信息:   started user thread for Warehouse 76
2月 12, 2026 2:17:12 上午 spec.jbb.JBBmain DoARun -> 信息:   started user thread for Warehouse 77
2月 12, 2026 2:17:12 上午 spec.jbb.JBBmain DoARun -> 信息:   started user thread for Warehouse 78
2月 12, 2026 2:17:12 上午 spec.jbb.JBBmain DoARun -> 信息:   started user thread for Warehouse 79
2月 12, 2026 2:17:12 上午 spec.jbb.JBBmain DoARun -> 信息:   started user thread for Warehouse 80
2月 12, 2026 2:17:12 上午 spec.jbb.JBBmain DoARun -> 信息:   started user thread for Warehouse 81
2月 12, 2026 2:17:12 上午 spec.jbb.Company displayResultTotals -> 信息: Timing Measurement began Thu Feb 12 02:17:12 CST 2026 for 4 minutes
2月 12, 2026 2:21:12 上午 spec.jbb.Company displayResultTotals -> 信息: Timing Measurement ended Thu Feb 12 02:21:12 CST 2026
2月 12, 2026 2:21:12 上午 spec.jbb.Company primeWithDummyData -> 信息: Loading Warehouse 82...
2月 12, 2026 2:21:12 上午 spec.jbb.JBBmain DoARun -> 信息: Start User Threads
2月 12, 2026 2:21:12 上午 spec.jbb.JBBmain DoARun -> 信息:   started user thread for Warehouse 1
2月 12, 2026 2:21:12 上午 spec.jbb.JBBmain DoARun -> 信息:   started user thread for Warehouse 2
2月 12, 2026 2:21:12 上午 spec.jbb.JBBmain DoARun -> 信息:   started user thread for Warehouse 3
2月 12, 2026 2:21:12 上午 spec.jbb.JBBmain DoARun -> 信息:   started user thread for Warehouse 4
2月 12, 2026 2:21:12 上午 spec.jbb.JBBmain DoARun -> 信息:   started user thread for Warehouse 5
2月 12, 2026 2:21:12 上午 spec.jbb.JBBmain DoARun -> 信息:   started user thread for Warehouse 6
2月 12, 2026 2:21:12 上午 spec.jbb.JBBmain DoARun -> 信息:   started user thread for Warehouse 7
2月 12, 2026 2:21:12 上午 spec.jbb.JBBmain DoARun -> 信息:   started user thread for Warehouse 8
2月 12, 2026 2:21:12 上午 spec.jbb.JBBmain DoARun -> 信息:   started user thread for Warehouse 9
2月 12, 2026 2:21:12 上午 spec.jbb.JBBmain DoARun -> 信息:   started user thread for Warehouse 10
2月 12, 2026 2:21:12 上午 spec.jbb.JBBmain DoARun -> 信息:   started user thread for Warehouse 11
2月 12, 2026 2:21:12 上午 spec.jbb.JBBmain DoARun -> 信息:   started user thread for Warehouse 12
2月 12, 2026 2:21:12 上午 spec.jbb.JBBmain DoARun -> 信息:   started user thread for Warehouse 13
2月 12, 2026 2:21:12 上午 spec.jbb.JBBmain DoARun -> 信息:   started user thread for Warehouse 14
2月 12, 2026 2:21:12 上午 spec.jbb.JBBmain DoARun -> 信息:   started user thread for Warehouse 15
2月 12, 2026 2:21:12 上午 spec.jbb.JBBmain DoARun -> 信息:   started user thread for Warehouse 16
2月 12, 2026 2:21:12 上午 spec.jbb.JBBmain DoARun -> 信息:   started user thread for Warehouse 17
2月 12, 2026 2:21:12 上午 spec.jbb.JBBmain DoARun -> 信息:   started user thread for Warehouse 18
2月 12, 2026 2:21:12 上午 spec.jbb.JBBmain DoARun -> 信息:   started user thread for Warehouse 19
2月 12, 2026 2:21:12 上午 spec.jbb.JBBmain DoARun -> 信息:   started user thread for Warehouse 20
2月 12, 2026 2:21:12 上午 spec.jbb.JBBmain DoARun -> 信息:   started user thread for Warehouse 21
2月 12, 2026 2:21:12 上午 spec.jbb.JBBmain DoARun -> 信息:   started user thread for Warehouse 22
2月 12, 2026 2:21:12 上午 spec.jbb.JBBmain DoARun -> 信息:   started user thread for Warehouse 23
2月 12, 2026 2:21:12 上午 spec.jbb.JBBmain DoARun -> 信息:   started user thread for Warehouse 24
2月 12, 2026 2:21:12 上午 spec.jbb.JBBmain DoARun -> 信息:   started user thread for Warehouse 25
2月 12, 2026 2:21:12 上午 spec.jbb.JBBmain DoARun -> 信息:   started user thread for Warehouse 26
2月 12, 2026 2:21:12 上午 spec.jbb.JBBmain DoARun -> 信息:   started user thread for Warehouse 27
2月 12, 2026 2:21:12 上午 spec.jbb.JBBmain DoARun -> 信息:   started user thread for Warehouse 28
2月 12, 2026 2:21:12 上午 spec.jbb.JBBmain DoARun -> 信息:   started user thread for Warehouse 29
2月 12, 2026 2:21:12 上午 spec.jbb.JBBmain DoARun -> 信息:   started user thread for Warehouse 30
2月 12, 2026 2:21:12 上午 spec.jbb.JBBmain DoARun -> 信息:   started user thread for Warehouse 31
2月 12, 2026 2:21:12 上午 spec.jbb.JBBmain DoARun -> 信息:   started user thread for Warehouse 32
2月 12, 2026 2:21:12 上午 spec.jbb.JBBmain DoARun -> 信息:   started user thread for Warehouse 33
2月 12, 2026 2:21:12 上午 spec.jbb.JBBmain DoARun -> 信息:   started user thread for Warehouse 34
2月 12, 2026 2:21:12 上午 spec.jbb.JBBmain DoARun -> 信息:   started user thread for Warehouse 35
2月 12, 2026 2:21:12 上午 spec.jbb.JBBmain DoARun -> 信息:   started user thread for Warehouse 36
2月 12, 2026 2:21:12 上午 spec.jbb.JBBmain DoARun -> 信息:   started user thread for Warehouse 37
2月 12, 2026 2:21:12 上午 spec.jbb.JBBmain DoARun -> 信息:   started user thread for Warehouse 38
2月 12, 2026 2:21:12 上午 spec.jbb.JBBmain DoARun -> 信息:   started user thread for Warehouse 39
2月 12, 2026 2:21:12 上午 spec.jbb.JBBmain DoARun -> 信息:   started user thread for Warehouse 40
2月 12, 2026 2:21:12 上午 spec.jbb.JBBmain DoARun -> 信息:   started user thread for Warehouse 41
2月 12, 2026 2:21:12 上午 spec.jbb.JBBmain DoARun -> 信息:   started user thread for Warehouse 42
2月 12, 2026 2:21:12 上午 spec.jbb.JBBmain DoARun -> 信息:   started user thread for Warehouse 43
2月 12, 2026 2:21:12 上午 spec.jbb.JBBmain DoARun -> 信息:   started user thread for Warehouse 44
2月 12, 2026 2:21:12 上午 spec.jbb.JBBmain DoARun -> 信息:   started user thread for Warehouse 45
2月 12, 2026 2:21:12 上午 spec.jbb.JBBmain DoARun -> 信息:   started user thread for Warehouse 46
2月 12, 2026 2:21:12 上午 spec.jbb.JBBmain DoARun -> 信息:   started user thread for Warehouse 47
2月 12, 2026 2:21:12 上午 spec.jbb.JBBmain DoARun -> 信息:   started user thread for Warehouse 48
2月 12, 2026 2:21:12 上午 spec.jbb.JBBmain DoARun -> 信息:   started user thread for Warehouse 49
2月 12, 2026 2:21:12 上午 spec.jbb.JBBmain DoARun -> 信息:   started user thread for Warehouse 50
2月 12, 2026 2:21:12 上午 spec.jbb.JBBmain DoARun -> 信息:   started user thread for Warehouse 51
2月 12, 2026 2:21:12 上午 spec.jbb.JBBmain DoARun -> 信息:   started user thread for Warehouse 52
2月 12, 2026 2:21:12 上午 spec.jbb.JBBmain DoARun -> 信息:   started user thread for Warehouse 53
2月 12, 2026 2:21:12 上午 spec.jbb.JBBmain DoARun -> 信息:   started user thread for Warehouse 54
2月 12, 2026 2:21:12 上午 spec.jbb.JBBmain DoARun -> 信息:   started user thread for Warehouse 55
2月 12, 2026 2:21:12 上午 spec.jbb.JBBmain DoARun -> 信息:   started user thread for Warehouse 56
2月 12, 2026 2:21:12 上午 spec.jbb.JBBmain DoARun -> 信息:   started user thread for Warehouse 57
2月 12, 2026 2:21:12 上午 spec.jbb.JBBmain DoARun -> 信息:   started user thread for Warehouse 58
2月 12, 2026 2:21:12 上午 spec.jbb.JBBmain DoARun -> 信息:   started user thread for Warehouse 59
2月 12, 2026 2:21:12 上午 spec.jbb.JBBmain DoARun -> 信息:   started user thread for Warehouse 60
2月 12, 2026 2:21:12 上午 spec.jbb.JBBmain DoARun -> 信息:   started user thread for Warehouse 61
2月 12, 2026 2:21:12 上午 spec.jbb.JBBmain DoARun -> 信息:   started user thread for Warehouse 62
2月 12, 2026 2:21:12 上午 spec.jbb.JBBmain DoARun -> 信息:   started user thread for Warehouse 63
2月 12, 2026 2:21:12 上午 spec.jbb.JBBmain DoARun -> 信息:   started user thread for Warehouse 64
2月 12, 2026 2:21:12 上午 spec.jbb.JBBmain DoARun -> 信息:   started user thread for Warehouse 65
2月 12, 2026 2:21:12 上午 spec.jbb.JBBmain DoARun -> 信息:   started user thread for Warehouse 66
2月 12, 2026 2:21:12 上午 spec.jbb.JBBmain DoARun -> 信息:   started user thread for Warehouse 67
2月 12, 2026 2:21:12 上午 spec.jbb.JBBmain DoARun -> 信息:   started user thread for Warehouse 68
2月 12, 2026 2:21:12 上午 spec.jbb.JBBmain DoARun -> 信息:   started user thread for Warehouse 69
2月 12, 2026 2:21:12 上午 spec.jbb.JBBmain DoARun -> 信息:   started user thread for Warehouse 70
2月 12, 2026 2:21:12 上午 spec.jbb.JBBmain DoARun -> 信息:   started user thread for Warehouse 71
2月 12, 2026 2:21:12 上午 spec.jbb.JBBmain DoARun -> 信息:   started user thread for Warehouse 72
2月 12, 2026 2:21:12 上午 spec.jbb.JBBmain DoARun -> 信息:   started user thread for Warehouse 73
2月 12, 2026 2:21:12 上午 spec.jbb.JBBmain DoARun -> 信息:   started user thread for Warehouse 74
2月 12, 2026 2:21:12 上午 spec.jbb.JBBmain DoARun -> 信息:   started user thread for Warehouse 75
2月 12, 2026 2:21:12 上午 spec.jbb.JBBmain DoARun -> 信息:   started user thread for Warehouse 76
2月 12, 2026 2:21:12 上午 spec.jbb.JBBmain DoARun -> 信息:   started user thread for Warehouse 77
2月 12, 2026 2:21:12 上午 spec.jbb.JBBmain DoARun -> 信息:   started user thread for Warehouse 78
2月 12, 2026 2:21:12 上午 spec.jbb.JBBmain DoARun -> 信息:   started user thread for Warehouse 79
2月 12, 2026 2:21:12 上午 spec.jbb.JBBmain DoARun -> 信息:   started user thread for Warehouse 80
2月 12, 2026 2:21:12 上午 spec.jbb.JBBmain DoARun -> 信息:   started user thread for Warehouse 81
2月 12, 2026 2:21:12 上午 spec.jbb.JBBmain DoARun -> 信息:   started user thread for Warehouse 82
2月 12, 2026 2:21:12 上午 spec.jbb.Company displayResultTotals -> 信息: Timing Measurement began Thu Feb 12 02:21:12 CST 2026 for 4 minutes
2月 12, 2026 2:25:12 上午 spec.jbb.Company displayResultTotals -> 信息: Timing Measurement ended Thu Feb 12 02:25:12 CST 2026
2月 12, 2026 2:25:12 上午 spec.jbb.Company primeWithDummyData -> 信息: Loading Warehouse 83...
2月 12, 2026 2:25:12 上午 spec.jbb.JBBmain DoARun -> 信息: Start User Threads
2月 12, 2026 2:25:12 上午 spec.jbb.JBBmain DoARun -> 信息:   started user thread for Warehouse 1
2月 12, 2026 2:25:12 上午 spec.jbb.JBBmain DoARun -> 信息:   started user thread for Warehouse 2
2月 12, 2026 2:25:12 上午 spec.jbb.JBBmain DoARun -> 信息:   started user thread for Warehouse 3
2月 12, 2026 2:25:12 上午 spec.jbb.JBBmain DoARun -> 信息:   started user thread for Warehouse 4
2月 12, 2026 2:25:12 上午 spec.jbb.JBBmain DoARun -> 信息:   started user thread for Warehouse 5
2月 12, 2026 2:25:12 上午 spec.jbb.JBBmain DoARun -> 信息:   started user thread for Warehouse 6
2月 12, 2026 2:25:12 上午 spec.jbb.JBBmain DoARun -> 信息:   started user thread for Warehouse 7
2月 12, 2026 2:25:12 上午 spec.jbb.JBBmain DoARun -> 信息:   started user thread for Warehouse 8
2月 12, 2026 2:25:12 上午 spec.jbb.JBBmain DoARun -> 信息:   started user thread for Warehouse 9
2月 12, 2026 2:25:12 上午 spec.jbb.JBBmain DoARun -> 信息:   started user thread for Warehouse 10
2月 12, 2026 2:25:12 上午 spec.jbb.JBBmain DoARun -> 信息:   started user thread for Warehouse 11
2月 12, 2026 2:25:12 上午 spec.jbb.JBBmain DoARun -> 信息:   started user thread for Warehouse 12
2月 12, 2026 2:25:12 上午 spec.jbb.JBBmain DoARun -> 信息:   started user thread for Warehouse 13
2月 12, 2026 2:25:12 上午 spec.jbb.JBBmain DoARun -> 信息:   started user thread for Warehouse 14
2月 12, 2026 2:25:13 上午 spec.jbb.JBBmain DoARun -> 信息:   started user thread for Warehouse 15
2月 12, 2026 2:25:13 上午 spec.jbb.JBBmain DoARun -> 信息:   started user thread for Warehouse 16
2月 12, 2026 2:25:13 上午 spec.jbb.JBBmain DoARun -> 信息:   started user thread for Warehouse 17
2月 12, 2026 2:25:13 上午 spec.jbb.JBBmain DoARun -> 信息:   started user thread for Warehouse 18
2月 12, 2026 2:25:13 上午 spec.jbb.JBBmain DoARun -> 信息:   started user thread for Warehouse 19
2月 12, 2026 2:25:13 上午 spec.jbb.JBBmain DoARun -> 信息:   started user thread for Warehouse 20
2月 12, 2026 2:25:13 上午 spec.jbb.JBBmain DoARun -> 信息:   started user thread for Warehouse 21
2月 12, 2026 2:25:13 上午 spec.jbb.JBBmain DoARun -> 信息:   started user thread for Warehouse 22
2月 12, 2026 2:25:13 上午 spec.jbb.JBBmain DoARun -> 信息:   started user thread for Warehouse 23
2月 12, 2026 2:25:13 上午 spec.jbb.JBBmain DoARun -> 信息:   started user thread for Warehouse 24
2月 12, 2026 2:25:13 上午 spec.jbb.JBBmain DoARun -> 信息:   started user thread for Warehouse 25
2月 12, 2026 2:25:13 上午 spec.jbb.JBBmain DoARun -> 信息:   started user thread for Warehouse 26
2月 12, 2026 2:25:13 上午 spec.jbb.JBBmain DoARun -> 信息:   started user thread for Warehouse 27
2月 12, 2026 2:25:13 上午 spec.jbb.JBBmain DoARun -> 信息:   started user thread for Warehouse 28
2月 12, 2026 2:25:13 上午 spec.jbb.JBBmain DoARun -> 信息:   started user thread for Warehouse 29
2月 12, 2026 2:25:13 上午 spec.jbb.JBBmain DoARun -> 信息:   started user thread for Warehouse 30
2月 12, 2026 2:25:13 上午 spec.jbb.JBBmain DoARun -> 信息:   started user thread for Warehouse 31
2月 12, 2026 2:25:13 上午 spec.jbb.JBBmain DoARun -> 信息:   started user thread for Warehouse 32
2月 12, 2026 2:25:13 上午 spec.jbb.JBBmain DoARun -> 信息:   started user thread for Warehouse 33
2月 12, 2026 2:25:13 上午 spec.jbb.JBBmain DoARun -> 信息:   started user thread for Warehouse 34
2月 12, 2026 2:25:13 上午 spec.jbb.JBBmain DoARun -> 信息:   started user thread for Warehouse 35
2月 12, 2026 2:25:13 上午 spec.jbb.JBBmain DoARun -> 信息:   started user thread for Warehouse 36
2月 12, 2026 2:25:13 上午 spec.jbb.JBBmain DoARun -> 信息:   started user thread for Warehouse 37
2月 12, 2026 2:25:13 上午 spec.jbb.JBBmain DoARun -> 信息:   started user thread for Warehouse 38
2月 12, 2026 2:25:13 上午 spec.jbb.JBBmain DoARun -> 信息:   started user thread for Warehouse 39
2月 12, 2026 2:25:13 上午 spec.jbb.JBBmain DoARun -> 信息:   started user thread for Warehouse 40
2月 12, 2026 2:25:13 上午 spec.jbb.JBBmain DoARun -> 信息:   started user thread for Warehouse 41
2月 12, 2026 2:25:13 上午 spec.jbb.JBBmain DoARun -> 信息:   started user thread for Warehouse 42
2月 12, 2026 2:25:13 上午 spec.jbb.JBBmain DoARun -> 信息:   started user thread for Warehouse 43
2月 12, 2026 2:25:13 上午 spec.jbb.JBBmain DoARun -> 信息:   started user thread for Warehouse 44
2月 12, 2026 2:25:13 上午 spec.jbb.JBBmain DoARun -> 信息:   started user thread for Warehouse 45
2月 12, 2026 2:25:13 上午 spec.jbb.JBBmain DoARun -> 信息:   started user thread for Warehouse 46
2月 12, 2026 2:25:13 上午 spec.jbb.JBBmain DoARun -> 信息:   started user thread for Warehouse 47
2月 12, 2026 2:25:13 上午 spec.jbb.JBBmain DoARun -> 信息:   started user thread for Warehouse 48
2月 12, 2026 2:25:13 上午 spec.jbb.JBBmain DoARun -> 信息:   started user thread for Warehouse 49
2月 12, 2026 2:25:13 上午 spec.jbb.JBBmain DoARun -> 信息:   started user thread for Warehouse 50
2月 12, 2026 2:25:13 上午 spec.jbb.JBBmain DoARun -> 信息:   started user thread for Warehouse 51
2月 12, 2026 2:25:13 上午 spec.jbb.JBBmain DoARun -> 信息:   started user thread for Warehouse 52
2月 12, 2026 2:25:13 上午 spec.jbb.JBBmain DoARun -> 信息:   started user thread for Warehouse 53
2月 12, 2026 2:25:13 上午 spec.jbb.JBBmain DoARun -> 信息:   started user thread for Warehouse 54
2月 12, 2026 2:25:13 上午 spec.jbb.JBBmain DoARun -> 信息:   started user thread for Warehouse 55
2月 12, 2026 2:25:13 上午 spec.jbb.JBBmain DoARun -> 信息:   started user thread for Warehouse 56
2月 12, 2026 2:25:13 上午 spec.jbb.JBBmain DoARun -> 信息:   started user thread for Warehouse 57
2月 12, 2026 2:25:13 上午 spec.jbb.JBBmain DoARun -> 信息:   started user thread for Warehouse 58
2月 12, 2026 2:25:13 上午 spec.jbb.JBBmain DoARun -> 信息:   started user thread for Warehouse 59
2月 12, 2026 2:25:13 上午 spec.jbb.JBBmain DoARun -> 信息:   started user thread for Warehouse 60
2月 12, 2026 2:25:13 上午 spec.jbb.JBBmain DoARun -> 信息:   started user thread for Warehouse 61
2月 12, 2026 2:25:13 上午 spec.jbb.JBBmain DoARun -> 信息:   started user thread for Warehouse 62
2月 12, 2026 2:25:13 上午 spec.jbb.JBBmain DoARun -> 信息:   started user thread for Warehouse 63
2月 12, 2026 2:25:13 上午 spec.jbb.JBBmain DoARun -> 信息:   started user thread for Warehouse 64
2月 12, 2026 2:25:13 上午 spec.jbb.JBBmain DoARun -> 信息:   started user thread for Warehouse 65
2月 12, 2026 2:25:13 上午 spec.jbb.JBBmain DoARun -> 信息:   started user thread for Warehouse 66
2月 12, 2026 2:25:13 上午 spec.jbb.JBBmain DoARun -> 信息:   started user thread for Warehouse 67
2月 12, 2026 2:25:13 上午 spec.jbb.JBBmain DoARun -> 信息:   started user thread for Warehouse 68
2月 12, 2026 2:25:13 上午 spec.jbb.JBBmain DoARun -> 信息:   started user thread for Warehouse 69
2月 12, 2026 2:25:13 上午 spec.jbb.JBBmain DoARun -> 信息:   started user thread for Warehouse 70
2月 12, 2026 2:25:13 上午 spec.jbb.JBBmain DoARun -> 信息:   started user thread for Warehouse 71
2月 12, 2026 2:25:13 上午 spec.jbb.JBBmain DoARun -> 信息:   started user thread for Warehouse 72
2月 12, 2026 2:25:13 上午 spec.jbb.JBBmain DoARun -> 信息:   started user thread for Warehouse 73
2月 12, 2026 2:25:13 上午 spec.jbb.JBBmain DoARun -> 信息:   started user thread for Warehouse 74
2月 12, 2026 2:25:13 上午 spec.jbb.JBBmain DoARun -> 信息:   started user thread for Warehouse 75
2月 12, 2026 2:25:13 上午 spec.jbb.JBBmain DoARun -> 信息:   started user thread for Warehouse 76
2月 12, 2026 2:25:13 上午 spec.jbb.JBBmain DoARun -> 信息:   started user thread for Warehouse 77
2月 12, 2026 2:25:13 上午 spec.jbb.JBBmain DoARun -> 信息:   started user thread for Warehouse 78
2月 12, 2026 2:25:13 上午 spec.jbb.JBBmain DoARun -> 信息:   started user thread for Warehouse 79
2月 12, 2026 2:25:13 上午 spec.jbb.JBBmain DoARun -> 信息:   started user thread for Warehouse 80
2月 12, 2026 2:25:13 上午 spec.jbb.JBBmain DoARun -> 信息:   started user thread for Warehouse 81
2月 12, 2026 2:25:13 上午 spec.jbb.JBBmain DoARun -> 信息:   started user thread for Warehouse 82
2月 12, 2026 2:25:13 上午 spec.jbb.JBBmain DoARun -> 信息:   started user thread for Warehouse 83
2月 12, 2026 2:25:13 上午 spec.jbb.Company displayResultTotals -> 信息: Timing Measurement began Thu Feb 12 02:25:13 CST 2026 for 4 minutes
2月 12, 2026 2:29:13 上午 spec.jbb.Company displayResultTotals -> 信息: Timing Measurement ended Thu Feb 12 02:29:13 CST 2026
2月 12, 2026 2:29:13 上午 spec.jbb.Company primeWithDummyData -> 信息: Loading Warehouse 84...
2月 12, 2026 2:29:13 上午 spec.jbb.JBBmain DoARun -> 信息: Start User Threads
2月 12, 2026 2:29:13 上午 spec.jbb.JBBmain DoARun -> 信息:   started user thread for Warehouse 1
2月 12, 2026 2:29:13 上午 spec.jbb.JBBmain DoARun -> 信息:   started user thread for Warehouse 2
2月 12, 2026 2:29:13 上午 spec.jbb.JBBmain DoARun -> 信息:   started user thread for Warehouse 3
2月 12, 2026 2:29:13 上午 spec.jbb.JBBmain DoARun -> 信息:   started user thread for Warehouse 4
2月 12, 2026 2:29:13 上午 spec.jbb.JBBmain DoARun -> 信息:   started user thread for Warehouse 5
2月 12, 2026 2:29:13 上午 spec.jbb.JBBmain DoARun -> 信息:   started user thread for Warehouse 6
2月 12, 2026 2:29:13 上午 spec.jbb.JBBmain DoARun -> 信息:   started user thread for Warehouse 7
2月 12, 2026 2:29:13 上午 spec.jbb.JBBmain DoARun -> 信息:   started user thread for Warehouse 8
2月 12, 2026 2:29:13 上午 spec.jbb.JBBmain DoARun -> 信息:   started user thread for Warehouse 9
2月 12, 2026 2:29:13 上午 spec.jbb.JBBmain DoARun -> 信息:   started user thread for Warehouse 10
2月 12, 2026 2:29:13 上午 spec.jbb.JBBmain DoARun -> 信息:   started user thread for Warehouse 11
2月 12, 2026 2:29:13 上午 spec.jbb.JBBmain DoARun -> 信息:   started user thread for Warehouse 12
2月 12, 2026 2:29:13 上午 spec.jbb.JBBmain DoARun -> 信息:   started user thread for Warehouse 13
2月 12, 2026 2:29:13 上午 spec.jbb.JBBmain DoARun -> 信息:   started user thread for Warehouse 14
2月 12, 2026 2:29:13 上午 spec.jbb.JBBmain DoARun -> 信息:   started user thread for Warehouse 15
2月 12, 2026 2:29:13 上午 spec.jbb.JBBmain DoARun -> 信息:   started user thread for Warehouse 16
2月 12, 2026 2:29:13 上午 spec.jbb.JBBmain DoARun -> 信息:   started user thread for Warehouse 17
2月 12, 2026 2:29:13 上午 spec.jbb.JBBmain DoARun -> 信息:   started user thread for Warehouse 18
2月 12, 2026 2:29:13 上午 spec.jbb.JBBmain DoARun -> 信息:   started user thread for Warehouse 19
2月 12, 2026 2:29:13 上午 spec.jbb.JBBmain DoARun -> 信息:   started user thread for Warehouse 20
2月 12, 2026 2:29:13 上午 spec.jbb.JBBmain DoARun -> 信息:   started user thread for Warehouse 21
2月 12, 2026 2:29:13 上午 spec.jbb.JBBmain DoARun -> 信息:   started user thread for Warehouse 22
2月 12, 2026 2:29:13 上午 spec.jbb.JBBmain DoARun -> 信息:   started user thread for Warehouse 23
2月 12, 2026 2:29:13 上午 spec.jbb.JBBmain DoARun -> 信息:   started user thread for Warehouse 24
2月 12, 2026 2:29:13 上午 spec.jbb.JBBmain DoARun -> 信息:   started user thread for Warehouse 25
2月 12, 2026 2:29:13 上午 spec.jbb.JBBmain DoARun -> 信息:   started user thread for Warehouse 26
2月 12, 2026 2:29:13 上午 spec.jbb.JBBmain DoARun -> 信息:   started user thread for Warehouse 27
2月 12, 2026 2:29:13 上午 spec.jbb.JBBmain DoARun -> 信息:   started user thread for Warehouse 28
2月 12, 2026 2:29:13 上午 spec.jbb.JBBmain DoARun -> 信息:   started user thread for Warehouse 29
2月 12, 2026 2:29:13 上午 spec.jbb.JBBmain DoARun -> 信息:   started user thread for Warehouse 30
2月 12, 2026 2:29:13 上午 spec.jbb.JBBmain DoARun -> 信息:   started user thread for Warehouse 31
2月 12, 2026 2:29:13 上午 spec.jbb.JBBmain DoARun -> 信息:   started user thread for Warehouse 32
2月 12, 2026 2:29:13 上午 spec.jbb.JBBmain DoARun -> 信息:   started user thread for Warehouse 33
2月 12, 2026 2:29:13 上午 spec.jbb.JBBmain DoARun -> 信息:   started user thread for Warehouse 34
2月 12, 2026 2:29:13 上午 spec.jbb.JBBmain DoARun -> 信息:   started user thread for Warehouse 35
2月 12, 2026 2:29:13 上午 spec.jbb.JBBmain DoARun -> 信息:   started user thread for Warehouse 36
2月 12, 2026 2:29:13 上午 spec.jbb.JBBmain DoARun -> 信息:   started user thread for Warehouse 37
2月 12, 2026 2:29:13 上午 spec.jbb.JBBmain DoARun -> 信息:   started user thread for Warehouse 38
2月 12, 2026 2:29:13 上午 spec.jbb.JBBmain DoARun -> 信息:   started user thread for Warehouse 39
2月 12, 2026 2:29:13 上午 spec.jbb.JBBmain DoARun -> 信息:   started user thread for Warehouse 40
2月 12, 2026 2:29:13 上午 spec.jbb.JBBmain DoARun -> 信息:   started user thread for Warehouse 41
2月 12, 2026 2:29:13 上午 spec.jbb.JBBmain DoARun -> 信息:   started user thread for Warehouse 42
2月 12, 2026 2:29:13 上午 spec.jbb.JBBmain DoARun -> 信息:   started user thread for Warehouse 43
2月 12, 2026 2:29:13 上午 spec.jbb.JBBmain DoARun -> 信息:   started user thread for Warehouse 44
2月 12, 2026 2:29:13 上午 spec.jbb.JBBmain DoARun -> 信息:   started user thread for Warehouse 45
2月 12, 2026 2:29:13 上午 spec.jbb.JBBmain DoARun -> 信息:   started user thread for Warehouse 46
2月 12, 2026 2:29:13 上午 spec.jbb.JBBmain DoARun -> 信息:   started user thread for Warehouse 47
2月 12, 2026 2:29:13 上午 spec.jbb.JBBmain DoARun -> 信息:   started user thread for Warehouse 48
2月 12, 2026 2:29:13 上午 spec.jbb.JBBmain DoARun -> 信息:   started user thread for Warehouse 49
2月 12, 2026 2:29:13 上午 spec.jbb.JBBmain DoARun -> 信息:   started user thread for Warehouse 50
2月 12, 2026 2:29:13 上午 spec.jbb.JBBmain DoARun -> 信息:   started user thread for Warehouse 51
2月 12, 2026 2:29:13 上午 spec.jbb.JBBmain DoARun -> 信息:   started user thread for Warehouse 52
2月 12, 2026 2:29:13 上午 spec.jbb.JBBmain DoARun -> 信息:   started user thread for Warehouse 53
2月 12, 2026 2:29:13 上午 spec.jbb.JBBmain DoARun -> 信息:   started user thread for Warehouse 54
2月 12, 2026 2:29:13 上午 spec.jbb.JBBmain DoARun -> 信息:   started user thread for Warehouse 55
2月 12, 2026 2:29:13 上午 spec.jbb.JBBmain DoARun -> 信息:   started user thread for Warehouse 56
2月 12, 2026 2:29:13 上午 spec.jbb.JBBmain DoARun -> 信息:   started user thread for Warehouse 57
2月 12, 2026 2:29:13 上午 spec.jbb.JBBmain DoARun -> 信息:   started user thread for Warehouse 58
2月 12, 2026 2:29:13 上午 spec.jbb.JBBmain DoARun -> 信息:   started user thread for Warehouse 59
2月 12, 2026 2:29:13 上午 spec.jbb.JBBmain DoARun -> 信息:   started user thread for Warehouse 60
2月 12, 2026 2:29:13 上午 spec.jbb.JBBmain DoARun -> 信息:   started user thread for Warehouse 61
2月 12, 2026 2:29:13 上午 spec.jbb.JBBmain DoARun -> 信息:   started user thread for Warehouse 62
2月 12, 2026 2:29:13 上午 spec.jbb.JBBmain DoARun -> 信息:   started user thread for Warehouse 63
2月 12, 2026 2:29:13 上午 spec.jbb.JBBmain DoARun -> 信息:   started user thread for Warehouse 64
2月 12, 2026 2:29:13 上午 spec.jbb.JBBmain DoARun -> 信息:   started user thread for Warehouse 65
2月 12, 2026 2:29:13 上午 spec.jbb.JBBmain DoARun -> 信息:   started user thread for Warehouse 66
2月 12, 2026 2:29:13 上午 spec.jbb.JBBmain DoARun -> 信息:   started user thread for Warehouse 67
2月 12, 2026 2:29:13 上午 spec.jbb.JBBmain DoARun -> 信息:   started user thread for Warehouse 68
2月 12, 2026 2:29:13 上午 spec.jbb.JBBmain DoARun -> 信息:   started user thread for Warehouse 69
2月 12, 2026 2:29:13 上午 spec.jbb.JBBmain DoARun -> 信息:   started user thread for Warehouse 70
2月 12, 2026 2:29:13 上午 spec.jbb.JBBmain DoARun -> 信息:   started user thread for Warehouse 71
2月 12, 2026 2:29:13 上午 spec.jbb.JBBmain DoARun -> 信息:   started user thread for Warehouse 72
2月 12, 2026 2:29:13 上午 spec.jbb.JBBmain DoARun -> 信息:   started user thread for Warehouse 73
2月 12, 2026 2:29:13 上午 spec.jbb.JBBmain DoARun -> 信息:   started user thread for Warehouse 74
2月 12, 2026 2:29:13 上午 spec.jbb.JBBmain DoARun -> 信息:   started user thread for Warehouse 75
2月 12, 2026 2:29:13 上午 spec.jbb.JBBmain DoARun -> 信息:   started user thread for Warehouse 76
2月 12, 2026 2:29:13 上午 spec.jbb.JBBmain DoARun -> 信息:   started user thread for Warehouse 77
2月 12, 2026 2:29:13 上午 spec.jbb.JBBmain DoARun -> 信息:   started user thread for Warehouse 78
2月 12, 2026 2:29:13 上午 spec.jbb.JBBmain DoARun -> 信息:   started user thread for Warehouse 79
2月 12, 2026 2:29:13 上午 spec.jbb.JBBmain DoARun -> 信息:   started user thread for Warehouse 80
2月 12, 2026 2:29:13 上午 spec.jbb.JBBmain DoARun -> 信息:   started user thread for Warehouse 81
2月 12, 2026 2:29:13 上午 spec.jbb.JBBmain DoARun -> 信息:   started user thread for Warehouse 82
2月 12, 2026 2:29:13 上午 spec.jbb.JBBmain DoARun -> 信息:   started user thread for Warehouse 83
2月 12, 2026 2:29:13 上午 spec.jbb.JBBmain DoARun -> 信息:   started user thread for Warehouse 84
2月 12, 2026 2:29:13 上午 spec.jbb.Company displayResultTotals -> 信息: Timing Measurement began Thu Feb 12 02:29:13 CST 2026 for 4 minutes
2月 12, 2026 2:33:13 上午 spec.jbb.Company displayResultTotals -> 信息: Timing Measurement ended Thu Feb 12 02:33:13 CST 2026
2月 12, 2026 2:33:13 上午 spec.jbb.Company primeWithDummyData -> 信息: Loading Warehouse 85...
2月 12, 2026 2:33:13 上午 spec.jbb.JBBmain DoARun -> 信息: Start User Threads
2月 12, 2026 2:33:13 上午 spec.jbb.JBBmain DoARun -> 信息:   started user thread for Warehouse 1
2月 12, 2026 2:33:13 上午 spec.jbb.JBBmain DoARun -> 信息:   started user thread for Warehouse 2
2月 12, 2026 2:33:13 上午 spec.jbb.JBBmain DoARun -> 信息:   started user thread for Warehouse 3
2月 12, 2026 2:33:13 上午 spec.jbb.JBBmain DoARun -> 信息:   started user thread for Warehouse 4
2月 12, 2026 2:33:13 上午 spec.jbb.JBBmain DoARun -> 信息:   started user thread for Warehouse 5
2月 12, 2026 2:33:13 上午 spec.jbb.JBBmain DoARun -> 信息:   started user thread for Warehouse 6
2月 12, 2026 2:33:13 上午 spec.jbb.JBBmain DoARun -> 信息:   started user thread for Warehouse 7
2月 12, 2026 2:33:13 上午 spec.jbb.JBBmain DoARun -> 信息:   started user thread for Warehouse 8
2月 12, 2026 2:33:13 上午 spec.jbb.JBBmain DoARun -> 信息:   started user thread for Warehouse 9
2月 12, 2026 2:33:13 上午 spec.jbb.JBBmain DoARun -> 信息:   started user thread for Warehouse 10
2月 12, 2026 2:33:13 上午 spec.jbb.JBBmain DoARun -> 信息:   started user thread for Warehouse 11
2月 12, 2026 2:33:13 上午 spec.jbb.JBBmain DoARun -> 信息:   started user thread for Warehouse 12
2月 12, 2026 2:33:13 上午 spec.jbb.JBBmain DoARun -> 信息:   started user thread for Warehouse 13
2月 12, 2026 2:33:13 上午 spec.jbb.JBBmain DoARun -> 信息:   started user thread for Warehouse 14
2月 12, 2026 2:33:13 上午 spec.jbb.JBBmain DoARun -> 信息:   started user thread for Warehouse 15
2月 12, 2026 2:33:13 上午 spec.jbb.JBBmain DoARun -> 信息:   started user thread for Warehouse 16
2月 12, 2026 2:33:13 上午 spec.jbb.JBBmain DoARun -> 信息:   started user thread for Warehouse 17
2月 12, 2026 2:33:13 上午 spec.jbb.JBBmain DoARun -> 信息:   started user thread for Warehouse 18
2月 12, 2026 2:33:13 上午 spec.jbb.JBBmain DoARun -> 信息:   started user thread for Warehouse 19
2月 12, 2026 2:33:13 上午 spec.jbb.JBBmain DoARun -> 信息:   started user thread for Warehouse 20
2月 12, 2026 2:33:13 上午 spec.jbb.JBBmain DoARun -> 信息:   started user thread for Warehouse 21
2月 12, 2026 2:33:13 上午 spec.jbb.JBBmain DoARun -> 信息:   started user thread for Warehouse 22
2月 12, 2026 2:33:13 上午 spec.jbb.JBBmain DoARun -> 信息:   started user thread for Warehouse 23
2月 12, 2026 2:33:13 上午 spec.jbb.JBBmain DoARun -> 信息:   started user thread for Warehouse 24
2月 12, 2026 2:33:13 上午 spec.jbb.JBBmain DoARun -> 信息:   started user thread for Warehouse 25
2月 12, 2026 2:33:13 上午 spec.jbb.JBBmain DoARun -> 信息:   started user thread for Warehouse 26
2月 12, 2026 2:33:13 上午 spec.jbb.JBBmain DoARun -> 信息:   started user thread for Warehouse 27
2月 12, 2026 2:33:13 上午 spec.jbb.JBBmain DoARun -> 信息:   started user thread for Warehouse 28
2月 12, 2026 2:33:13 上午 spec.jbb.JBBmain DoARun -> 信息:   started user thread for Warehouse 29
2月 12, 2026 2:33:13 上午 spec.jbb.JBBmain DoARun -> 信息:   started user thread for Warehouse 30
2月 12, 2026 2:33:13 上午 spec.jbb.JBBmain DoARun -> 信息:   started user thread for Warehouse 31
2月 12, 2026 2:33:13 上午 spec.jbb.JBBmain DoARun -> 信息:   started user thread for Warehouse 32
2月 12, 2026 2:33:13 上午 spec.jbb.JBBmain DoARun -> 信息:   started user thread for Warehouse 33
2月 12, 2026 2:33:13 上午 spec.jbb.JBBmain DoARun -> 信息:   started user thread for Warehouse 34
2月 12, 2026 2:33:13 上午 spec.jbb.JBBmain DoARun -> 信息:   started user thread for Warehouse 35
2月 12, 2026 2:33:13 上午 spec.jbb.JBBmain DoARun -> 信息:   started user thread for Warehouse 36
2月 12, 2026 2:33:13 上午 spec.jbb.JBBmain DoARun -> 信息:   started user thread for Warehouse 37
2月 12, 2026 2:33:13 上午 spec.jbb.JBBmain DoARun -> 信息:   started user thread for Warehouse 38
2月 12, 2026 2:33:13 上午 spec.jbb.JBBmain DoARun -> 信息:   started user thread for Warehouse 39
2月 12, 2026 2:33:13 上午 spec.jbb.JBBmain DoARun -> 信息:   started user thread for Warehouse 40
2月 12, 2026 2:33:13 上午 spec.jbb.JBBmain DoARun -> 信息:   started user thread for Warehouse 41
2月 12, 2026 2:33:13 上午 spec.jbb.JBBmain DoARun -> 信息:   started user thread for Warehouse 42
2月 12, 2026 2:33:13 上午 spec.jbb.JBBmain DoARun -> 信息:   started user thread for Warehouse 43
2月 12, 2026 2:33:13 上午 spec.jbb.JBBmain DoARun -> 信息:   started user thread for Warehouse 44
2月 12, 2026 2:33:13 上午 spec.jbb.JBBmain DoARun -> 信息:   started user thread for Warehouse 45
2月 12, 2026 2:33:13 上午 spec.jbb.JBBmain DoARun -> 信息:   started user thread for Warehouse 46
2月 12, 2026 2:33:13 上午 spec.jbb.JBBmain DoARun -> 信息:   started user thread for Warehouse 47
2月 12, 2026 2:33:13 上午 spec.jbb.JBBmain DoARun -> 信息:   started user thread for Warehouse 48
2月 12, 2026 2:33:13 上午 spec.jbb.JBBmain DoARun -> 信息:   started user thread for Warehouse 49
2月 12, 2026 2:33:13 上午 spec.jbb.JBBmain DoARun -> 信息:   started user thread for Warehouse 50
2月 12, 2026 2:33:13 上午 spec.jbb.JBBmain DoARun -> 信息:   started user thread for Warehouse 51
2月 12, 2026 2:33:13 上午 spec.jbb.JBBmain DoARun -> 信息:   started user thread for Warehouse 52
2月 12, 2026 2:33:13 上午 spec.jbb.JBBmain DoARun -> 信息:   started user thread for Warehouse 53
2月 12, 2026 2:33:13 上午 spec.jbb.JBBmain DoARun -> 信息:   started user thread for Warehouse 54
2月 12, 2026 2:33:13 上午 spec.jbb.JBBmain DoARun -> 信息:   started user thread for Warehouse 55
2月 12, 2026 2:33:13 上午 spec.jbb.JBBmain DoARun -> 信息:   started user thread for Warehouse 56
2月 12, 2026 2:33:13 上午 spec.jbb.JBBmain DoARun -> 信息:   started user thread for Warehouse 57
2月 12, 2026 2:33:13 上午 spec.jbb.JBBmain DoARun -> 信息:   started user thread for Warehouse 58
2月 12, 2026 2:33:13 上午 spec.jbb.JBBmain DoARun -> 信息:   started user thread for Warehouse 59
2月 12, 2026 2:33:13 上午 spec.jbb.JBBmain DoARun -> 信息:   started user thread for Warehouse 60
2月 12, 2026 2:33:13 上午 spec.jbb.JBBmain DoARun -> 信息:   started user thread for Warehouse 61
2月 12, 2026 2:33:13 上午 spec.jbb.JBBmain DoARun -> 信息:   started user thread for Warehouse 62
2月 12, 2026 2:33:13 上午 spec.jbb.JBBmain DoARun -> 信息:   started user thread for Warehouse 63
2月 12, 2026 2:33:13 上午 spec.jbb.JBBmain DoARun -> 信息:   started user thread for Warehouse 64
2月 12, 2026 2:33:13 上午 spec.jbb.JBBmain DoARun -> 信息:   started user thread for Warehouse 65
2月 12, 2026 2:33:13 上午 spec.jbb.JBBmain DoARun -> 信息:   started user thread for Warehouse 66
2月 12, 2026 2:33:13 上午 spec.jbb.JBBmain DoARun -> 信息:   started user thread for Warehouse 67
2月 12, 2026 2:33:13 上午 spec.jbb.JBBmain DoARun -> 信息:   started user thread for Warehouse 68
2月 12, 2026 2:33:13 上午 spec.jbb.JBBmain DoARun -> 信息:   started user thread for Warehouse 69
2月 12, 2026 2:33:13 上午 spec.jbb.JBBmain DoARun -> 信息:   started user thread for Warehouse 70
2月 12, 2026 2:33:13 上午 spec.jbb.JBBmain DoARun -> 信息:   started user thread for Warehouse 71
2月 12, 2026 2:33:13 上午 spec.jbb.JBBmain DoARun -> 信息:   started user thread for Warehouse 72
2月 12, 2026 2:33:13 上午 spec.jbb.JBBmain DoARun -> 信息:   started user thread for Warehouse 73
2月 12, 2026 2:33:13 上午 spec.jbb.JBBmain DoARun -> 信息:   started user thread for Warehouse 74
2月 12, 2026 2:33:13 上午 spec.jbb.JBBmain DoARun -> 信息:   started user thread for Warehouse 75
2月 12, 2026 2:33:13 上午 spec.jbb.JBBmain DoARun -> 信息:   started user thread for Warehouse 76
2月 12, 2026 2:33:13 上午 spec.jbb.JBBmain DoARun -> 信息:   started user thread for Warehouse 77
2月 12, 2026 2:33:13 上午 spec.jbb.JBBmain DoARun -> 信息:   started user thread for Warehouse 78
2月 12, 2026 2:33:13 上午 spec.jbb.JBBmain DoARun -> 信息:   started user thread for Warehouse 79
2月 12, 2026 2:33:13 上午 spec.jbb.JBBmain DoARun -> 信息:   started user thread for Warehouse 80
2月 12, 2026 2:33:13 上午 spec.jbb.JBBmain DoARun -> 信息:   started user thread for Warehouse 81
2月 12, 2026 2:33:13 上午 spec.jbb.JBBmain DoARun -> 信息:   started user thread for Warehouse 82
2月 12, 2026 2:33:13 上午 spec.jbb.JBBmain DoARun -> 信息:   started user thread for Warehouse 83
2月 12, 2026 2:33:13 上午 spec.jbb.JBBmain DoARun -> 信息:   started user thread for Warehouse 84
2月 12, 2026 2:33:13 上午 spec.jbb.JBBmain DoARun -> 信息:   started user thread for Warehouse 85
2月 12, 2026 2:33:13 上午 spec.jbb.Company displayResultTotals -> 信息: Timing Measurement began Thu Feb 12 02:33:13 CST 2026 for 4 minutes
2月 12, 2026 2:37:13 上午 spec.jbb.Company displayResultTotals -> 信息: Timing Measurement ended Thu Feb 12 02:37:13 CST 2026
2月 12, 2026 2:37:13 上午 spec.jbb.Company primeWithDummyData -> 信息: Loading Warehouse 86...
2月 12, 2026 2:37:14 上午 spec.jbb.JBBmain DoARun -> 信息: Start User Threads
2月 12, 2026 2:37:14 上午 spec.jbb.JBBmain DoARun -> 信息:   started user thread for Warehouse 1
2月 12, 2026 2:37:14 上午 spec.jbb.JBBmain DoARun -> 信息:   started user thread for Warehouse 2
2月 12, 2026 2:37:14 上午 spec.jbb.JBBmain DoARun -> 信息:   started user thread for Warehouse 3
2月 12, 2026 2:37:14 上午 spec.jbb.JBBmain DoARun -> 信息:   started user thread for Warehouse 4
2月 12, 2026 2:37:14 上午 spec.jbb.JBBmain DoARun -> 信息:   started user thread for Warehouse 5
2月 12, 2026 2:37:14 上午 spec.jbb.JBBmain DoARun -> 信息:   started user thread for Warehouse 6
2月 12, 2026 2:37:14 上午 spec.jbb.JBBmain DoARun -> 信息:   started user thread for Warehouse 7
2月 12, 2026 2:37:14 上午 spec.jbb.JBBmain DoARun -> 信息:   started user thread for Warehouse 8
2月 12, 2026 2:37:14 上午 spec.jbb.JBBmain DoARun -> 信息:   started user thread for Warehouse 9
2月 12, 2026 2:37:14 上午 spec.jbb.JBBmain DoARun -> 信息:   started user thread for Warehouse 10
2月 12, 2026 2:37:14 上午 spec.jbb.JBBmain DoARun -> 信息:   started user thread for Warehouse 11
2月 12, 2026 2:37:14 上午 spec.jbb.JBBmain DoARun -> 信息:   started user thread for Warehouse 12
2月 12, 2026 2:37:14 上午 spec.jbb.JBBmain DoARun -> 信息:   started user thread for Warehouse 13
2月 12, 2026 2:37:14 上午 spec.jbb.JBBmain DoARun -> 信息:   started user thread for Warehouse 14
2月 12, 2026 2:37:14 上午 spec.jbb.JBBmain DoARun -> 信息:   started user thread for Warehouse 15
2月 12, 2026 2:37:14 上午 spec.jbb.JBBmain DoARun -> 信息:   started user thread for Warehouse 16
2月 12, 2026 2:37:14 上午 spec.jbb.JBBmain DoARun -> 信息:   started user thread for Warehouse 17
2月 12, 2026 2:37:14 上午 spec.jbb.JBBmain DoARun -> 信息:   started user thread for Warehouse 18
2月 12, 2026 2:37:14 上午 spec.jbb.JBBmain DoARun -> 信息:   started user thread for Warehouse 19
2月 12, 2026 2:37:14 上午 spec.jbb.JBBmain DoARun -> 信息:   started user thread for Warehouse 20
2月 12, 2026 2:37:14 上午 spec.jbb.JBBmain DoARun -> 信息:   started user thread for Warehouse 21
2月 12, 2026 2:37:14 上午 spec.jbb.JBBmain DoARun -> 信息:   started user thread for Warehouse 22
2月 12, 2026 2:37:14 上午 spec.jbb.JBBmain DoARun -> 信息:   started user thread for Warehouse 23
2月 12, 2026 2:37:14 上午 spec.jbb.JBBmain DoARun -> 信息:   started user thread for Warehouse 24
2月 12, 2026 2:37:14 上午 spec.jbb.JBBmain DoARun -> 信息:   started user thread for Warehouse 25
2月 12, 2026 2:37:14 上午 spec.jbb.JBBmain DoARun -> 信息:   started user thread for Warehouse 26
2月 12, 2026 2:37:14 上午 spec.jbb.JBBmain DoARun -> 信息:   started user thread for Warehouse 27
2月 12, 2026 2:37:14 上午 spec.jbb.JBBmain DoARun -> 信息:   started user thread for Warehouse 28
2月 12, 2026 2:37:14 上午 spec.jbb.JBBmain DoARun -> 信息:   started user thread for Warehouse 29
2月 12, 2026 2:37:14 上午 spec.jbb.JBBmain DoARun -> 信息:   started user thread for Warehouse 30
2月 12, 2026 2:37:14 上午 spec.jbb.JBBmain DoARun -> 信息:   started user thread for Warehouse 31
2月 12, 2026 2:37:14 上午 spec.jbb.JBBmain DoARun -> 信息:   started user thread for Warehouse 32
2月 12, 2026 2:37:14 上午 spec.jbb.JBBmain DoARun -> 信息:   started user thread for Warehouse 33
2月 12, 2026 2:37:14 上午 spec.jbb.JBBmain DoARun -> 信息:   started user thread for Warehouse 34
2月 12, 2026 2:37:14 上午 spec.jbb.JBBmain DoARun -> 信息:   started user thread for Warehouse 35
2月 12, 2026 2:37:14 上午 spec.jbb.JBBmain DoARun -> 信息:   started user thread for Warehouse 36
2月 12, 2026 2:37:14 上午 spec.jbb.JBBmain DoARun -> 信息:   started user thread for Warehouse 37
2月 12, 2026 2:37:14 上午 spec.jbb.JBBmain DoARun -> 信息:   started user thread for Warehouse 38
2月 12, 2026 2:37:14 上午 spec.jbb.JBBmain DoARun -> 信息:   started user thread for Warehouse 39
2月 12, 2026 2:37:14 上午 spec.jbb.JBBmain DoARun -> 信息:   started user thread for Warehouse 40
2月 12, 2026 2:37:14 上午 spec.jbb.JBBmain DoARun -> 信息:   started user thread for Warehouse 41
2月 12, 2026 2:37:14 上午 spec.jbb.JBBmain DoARun -> 信息:   started user thread for Warehouse 42
2月 12, 2026 2:37:14 上午 spec.jbb.JBBmain DoARun -> 信息:   started user thread for Warehouse 43
2月 12, 2026 2:37:14 上午 spec.jbb.JBBmain DoARun -> 信息:   started user thread for Warehouse 44
2月 12, 2026 2:37:14 上午 spec.jbb.JBBmain DoARun -> 信息:   started user thread for Warehouse 45
2月 12, 2026 2:37:14 上午 spec.jbb.JBBmain DoARun -> 信息:   started user thread for Warehouse 46
2月 12, 2026 2:37:14 上午 spec.jbb.JBBmain DoARun -> 信息:   started user thread for Warehouse 47
2月 12, 2026 2:37:14 上午 spec.jbb.JBBmain DoARun -> 信息:   started user thread for Warehouse 48
2月 12, 2026 2:37:14 上午 spec.jbb.JBBmain DoARun -> 信息:   started user thread for Warehouse 49
2月 12, 2026 2:37:14 上午 spec.jbb.JBBmain DoARun -> 信息:   started user thread for Warehouse 50
2月 12, 2026 2:37:14 上午 spec.jbb.JBBmain DoARun -> 信息:   started user thread for Warehouse 51
2月 12, 2026 2:37:14 上午 spec.jbb.JBBmain DoARun -> 信息:   started user thread for Warehouse 52
2月 12, 2026 2:37:14 上午 spec.jbb.JBBmain DoARun -> 信息:   started user thread for Warehouse 53
2月 12, 2026 2:37:14 上午 spec.jbb.JBBmain DoARun -> 信息:   started user thread for Warehouse 54
2月 12, 2026 2:37:14 上午 spec.jbb.JBBmain DoARun -> 信息:   started user thread for Warehouse 55
2月 12, 2026 2:37:14 上午 spec.jbb.JBBmain DoARun -> 信息:   started user thread for Warehouse 56
2月 12, 2026 2:37:14 上午 spec.jbb.JBBmain DoARun -> 信息:   started user thread for Warehouse 57
2月 12, 2026 2:37:14 上午 spec.jbb.JBBmain DoARun -> 信息:   started user thread for Warehouse 58
2月 12, 2026 2:37:14 上午 spec.jbb.JBBmain DoARun -> 信息:   started user thread for Warehouse 59
2月 12, 2026 2:37:14 上午 spec.jbb.JBBmain DoARun -> 信息:   started user thread for Warehouse 60
2月 12, 2026 2:37:14 上午 spec.jbb.JBBmain DoARun -> 信息:   started user thread for Warehouse 61
2月 12, 2026 2:37:14 上午 spec.jbb.JBBmain DoARun -> 信息:   started user thread for Warehouse 62
2月 12, 2026 2:37:14 上午 spec.jbb.JBBmain DoARun -> 信息:   started user thread for Warehouse 63
2月 12, 2026 2:37:14 上午 spec.jbb.JBBmain DoARun -> 信息:   started user thread for Warehouse 64
2月 12, 2026 2:37:14 上午 spec.jbb.JBBmain DoARun -> 信息:   started user thread for Warehouse 65
2月 12, 2026 2:37:14 上午 spec.jbb.JBBmain DoARun -> 信息:   started user thread for Warehouse 66
2月 12, 2026 2:37:14 上午 spec.jbb.JBBmain DoARun -> 信息:   started user thread for Warehouse 67
2月 12, 2026 2:37:14 上午 spec.jbb.JBBmain DoARun -> 信息:   started user thread for Warehouse 68
2月 12, 2026 2:37:14 上午 spec.jbb.JBBmain DoARun -> 信息:   started user thread for Warehouse 69
2月 12, 2026 2:37:14 上午 spec.jbb.JBBmain DoARun -> 信息:   started user thread for Warehouse 70
2月 12, 2026 2:37:14 上午 spec.jbb.JBBmain DoARun -> 信息:   started user thread for Warehouse 71
2月 12, 2026 2:37:14 上午 spec.jbb.JBBmain DoARun -> 信息:   started user thread for Warehouse 72
2月 12, 2026 2:37:14 上午 spec.jbb.JBBmain DoARun -> 信息:   started user thread for Warehouse 73
2月 12, 2026 2:37:14 上午 spec.jbb.JBBmain DoARun -> 信息:   started user thread for Warehouse 74
2月 12, 2026 2:37:14 上午 spec.jbb.JBBmain DoARun -> 信息:   started user thread for Warehouse 75
2月 12, 2026 2:37:14 上午 spec.jbb.JBBmain DoARun -> 信息:   started user thread for Warehouse 76
2月 12, 2026 2:37:14 上午 spec.jbb.JBBmain DoARun -> 信息:   started user thread for Warehouse 77
2月 12, 2026 2:37:14 上午 spec.jbb.JBBmain DoARun -> 信息:   started user thread for Warehouse 78
2月 12, 2026 2:37:14 上午 spec.jbb.JBBmain DoARun -> 信息:   started user thread for Warehouse 79
2月 12, 2026 2:37:14 上午 spec.jbb.JBBmain DoARun -> 信息:   started user thread for Warehouse 80
2月 12, 2026 2:37:14 上午 spec.jbb.JBBmain DoARun -> 信息:   started user thread for Warehouse 81
2月 12, 2026 2:37:14 上午 spec.jbb.JBBmain DoARun -> 信息:   started user thread for Warehouse 82
2月 12, 2026 2:37:14 上午 spec.jbb.JBBmain DoARun -> 信息:   started user thread for Warehouse 83
2月 12, 2026 2:37:14 上午 spec.jbb.JBBmain DoARun -> 信息:   started user thread for Warehouse 84
2月 12, 2026 2:37:14 上午 spec.jbb.JBBmain DoARun -> 信息:   started user thread for Warehouse 85
2月 12, 2026 2:37:14 上午 spec.jbb.JBBmain DoARun -> 信息:   started user thread for Warehouse 86
2月 12, 2026 2:37:14 上午 spec.jbb.Company displayResultTotals -> 信息: Timing Measurement began Thu Feb 12 02:37:14 CST 2026 for 4 minutes
2月 12, 2026 2:41:14 上午 spec.jbb.Company displayResultTotals -> 信息: Timing Measurement ended Thu Feb 12 02:41:14 CST 2026
2月 12, 2026 2:41:14 上午 spec.jbb.Company primeWithDummyData -> 信息: Loading Warehouse 87...
2月 12, 2026 2:41:14 上午 spec.jbb.JBBmain DoARun -> 信息: Start User Threads
2月 12, 2026 2:41:14 上午 spec.jbb.JBBmain DoARun -> 信息:   started user thread for Warehouse 1
2月 12, 2026 2:41:14 上午 spec.jbb.JBBmain DoARun -> 信息:   started user thread for Warehouse 2
2月 12, 2026 2:41:14 上午 spec.jbb.JBBmain DoARun -> 信息:   started user thread for Warehouse 3
2月 12, 2026 2:41:14 上午 spec.jbb.JBBmain DoARun -> 信息:   started user thread for Warehouse 4
2月 12, 2026 2:41:14 上午 spec.jbb.JBBmain DoARun -> 信息:   started user thread for Warehouse 5
2月 12, 2026 2:41:14 上午 spec.jbb.JBBmain DoARun -> 信息:   started user thread for Warehouse 6
2月 12, 2026 2:41:14 上午 spec.jbb.JBBmain DoARun -> 信息:   started user thread for Warehouse 7
2月 12, 2026 2:41:14 上午 spec.jbb.JBBmain DoARun -> 信息:   started user thread for Warehouse 8
2月 12, 2026 2:41:14 上午 spec.jbb.JBBmain DoARun -> 信息:   started user thread for Warehouse 9
2月 12, 2026 2:41:14 上午 spec.jbb.JBBmain DoARun -> 信息:   started user thread for Warehouse 10
2月 12, 2026 2:41:14 上午 spec.jbb.JBBmain DoARun -> 信息:   started user thread for Warehouse 11
2月 12, 2026 2:41:14 上午 spec.jbb.JBBmain DoARun -> 信息:   started user thread for Warehouse 12
2月 12, 2026 2:41:14 上午 spec.jbb.JBBmain DoARun -> 信息:   started user thread for Warehouse 13
2月 12, 2026 2:41:14 上午 spec.jbb.JBBmain DoARun -> 信息:   started user thread for Warehouse 14
2月 12, 2026 2:41:14 上午 spec.jbb.JBBmain DoARun -> 信息:   started user thread for Warehouse 15
2月 12, 2026 2:41:14 上午 spec.jbb.JBBmain DoARun -> 信息:   started user thread for Warehouse 16
2月 12, 2026 2:41:14 上午 spec.jbb.JBBmain DoARun -> 信息:   started user thread for Warehouse 17
2月 12, 2026 2:41:14 上午 spec.jbb.JBBmain DoARun -> 信息:   started user thread for Warehouse 18
2月 12, 2026 2:41:14 上午 spec.jbb.JBBmain DoARun -> 信息:   started user thread for Warehouse 19
2月 12, 2026 2:41:14 上午 spec.jbb.JBBmain DoARun -> 信息:   started user thread for Warehouse 20
2月 12, 2026 2:41:14 上午 spec.jbb.JBBmain DoARun -> 信息:   started user thread for Warehouse 21
2月 12, 2026 2:41:14 上午 spec.jbb.JBBmain DoARun -> 信息:   started user thread for Warehouse 22
2月 12, 2026 2:41:14 上午 spec.jbb.JBBmain DoARun -> 信息:   started user thread for Warehouse 23
2月 12, 2026 2:41:14 上午 spec.jbb.JBBmain DoARun -> 信息:   started user thread for Warehouse 24
2月 12, 2026 2:41:14 上午 spec.jbb.JBBmain DoARun -> 信息:   started user thread for Warehouse 25
2月 12, 2026 2:41:14 上午 spec.jbb.JBBmain DoARun -> 信息:   started user thread for Warehouse 26
2月 12, 2026 2:41:14 上午 spec.jbb.JBBmain DoARun -> 信息:   started user thread for Warehouse 27
2月 12, 2026 2:41:14 上午 spec.jbb.JBBmain DoARun -> 信息:   started user thread for Warehouse 28
2月 12, 2026 2:41:14 上午 spec.jbb.JBBmain DoARun -> 信息:   started user thread for Warehouse 29
2月 12, 2026 2:41:14 上午 spec.jbb.JBBmain DoARun -> 信息:   started user thread for Warehouse 30
2月 12, 2026 2:41:14 上午 spec.jbb.JBBmain DoARun -> 信息:   started user thread for Warehouse 31
2月 12, 2026 2:41:14 上午 spec.jbb.JBBmain DoARun -> 信息:   started user thread for Warehouse 32
2月 12, 2026 2:41:14 上午 spec.jbb.JBBmain DoARun -> 信息:   started user thread for Warehouse 33
2月 12, 2026 2:41:14 上午 spec.jbb.JBBmain DoARun -> 信息:   started user thread for Warehouse 34
2月 12, 2026 2:41:14 上午 spec.jbb.JBBmain DoARun -> 信息:   started user thread for Warehouse 35
2月 12, 2026 2:41:14 上午 spec.jbb.JBBmain DoARun -> 信息:   started user thread for Warehouse 36
2月 12, 2026 2:41:14 上午 spec.jbb.JBBmain DoARun -> 信息:   started user thread for Warehouse 37
2月 12, 2026 2:41:14 上午 spec.jbb.JBBmain DoARun -> 信息:   started user thread for Warehouse 38
2月 12, 2026 2:41:14 上午 spec.jbb.JBBmain DoARun -> 信息:   started user thread for Warehouse 39
2月 12, 2026 2:41:14 上午 spec.jbb.JBBmain DoARun -> 信息:   started user thread for Warehouse 40
2月 12, 2026 2:41:14 上午 spec.jbb.JBBmain DoARun -> 信息:   started user thread for Warehouse 41
2月 12, 2026 2:41:14 上午 spec.jbb.JBBmain DoARun -> 信息:   started user thread for Warehouse 42
2月 12, 2026 2:41:14 上午 spec.jbb.JBBmain DoARun -> 信息:   started user thread for Warehouse 43
2月 12, 2026 2:41:14 上午 spec.jbb.JBBmain DoARun -> 信息:   started user thread for Warehouse 44
2月 12, 2026 2:41:14 上午 spec.jbb.JBBmain DoARun -> 信息:   started user thread for Warehouse 45
2月 12, 2026 2:41:14 上午 spec.jbb.JBBmain DoARun -> 信息:   started user thread for Warehouse 46
2月 12, 2026 2:41:14 上午 spec.jbb.JBBmain DoARun -> 信息:   started user thread for Warehouse 47
2月 12, 2026 2:41:14 上午 spec.jbb.JBBmain DoARun -> 信息:   started user thread for Warehouse 48
2月 12, 2026 2:41:14 上午 spec.jbb.JBBmain DoARun -> 信息:   started user thread for Warehouse 49
2月 12, 2026 2:41:14 上午 spec.jbb.JBBmain DoARun -> 信息:   started user thread for Warehouse 50
2月 12, 2026 2:41:14 上午 spec.jbb.JBBmain DoARun -> 信息:   started user thread for Warehouse 51
2月 12, 2026 2:41:14 上午 spec.jbb.JBBmain DoARun -> 信息:   started user thread for Warehouse 52
2月 12, 2026 2:41:14 上午 spec.jbb.JBBmain DoARun -> 信息:   started user thread for Warehouse 53
2月 12, 2026 2:41:14 上午 spec.jbb.JBBmain DoARun -> 信息:   started user thread for Warehouse 54
2月 12, 2026 2:41:14 上午 spec.jbb.JBBmain DoARun -> 信息:   started user thread for Warehouse 55
2月 12, 2026 2:41:14 上午 spec.jbb.JBBmain DoARun -> 信息:   started user thread for Warehouse 56
2月 12, 2026 2:41:14 上午 spec.jbb.JBBmain DoARun -> 信息:   started user thread for Warehouse 57
2月 12, 2026 2:41:14 上午 spec.jbb.JBBmain DoARun -> 信息:   started user thread for Warehouse 58
2月 12, 2026 2:41:14 上午 spec.jbb.JBBmain DoARun -> 信息:   started user thread for Warehouse 59
2月 12, 2026 2:41:14 上午 spec.jbb.JBBmain DoARun -> 信息:   started user thread for Warehouse 60
2月 12, 2026 2:41:14 上午 spec.jbb.JBBmain DoARun -> 信息:   started user thread for Warehouse 61
2月 12, 2026 2:41:14 上午 spec.jbb.JBBmain DoARun -> 信息:   started user thread for Warehouse 62
2月 12, 2026 2:41:14 上午 spec.jbb.JBBmain DoARun -> 信息:   started user thread for Warehouse 63
2月 12, 2026 2:41:14 上午 spec.jbb.JBBmain DoARun -> 信息:   started user thread for Warehouse 64
2月 12, 2026 2:41:14 上午 spec.jbb.JBBmain DoARun -> 信息:   started user thread for Warehouse 65
2月 12, 2026 2:41:14 上午 spec.jbb.JBBmain DoARun -> 信息:   started user thread for Warehouse 66
2月 12, 2026 2:41:14 上午 spec.jbb.JBBmain DoARun -> 信息:   started user thread for Warehouse 67
2月 12, 2026 2:41:14 上午 spec.jbb.JBBmain DoARun -> 信息:   started user thread for Warehouse 68
2月 12, 2026 2:41:14 上午 spec.jbb.JBBmain DoARun -> 信息:   started user thread for Warehouse 69
2月 12, 2026 2:41:14 上午 spec.jbb.JBBmain DoARun -> 信息:   started user thread for Warehouse 70
2月 12, 2026 2:41:14 上午 spec.jbb.JBBmain DoARun -> 信息:   started user thread for Warehouse 71
2月 12, 2026 2:41:14 上午 spec.jbb.JBBmain DoARun -> 信息:   started user thread for Warehouse 72
2月 12, 2026 2:41:14 上午 spec.jbb.JBBmain DoARun -> 信息:   started user thread for Warehouse 73
2月 12, 2026 2:41:14 上午 spec.jbb.JBBmain DoARun -> 信息:   started user thread for Warehouse 74
2月 12, 2026 2:41:14 上午 spec.jbb.JBBmain DoARun -> 信息:   started user thread for Warehouse 75
2月 12, 2026 2:41:14 上午 spec.jbb.JBBmain DoARun -> 信息:   started user thread for Warehouse 76
2月 12, 2026 2:41:14 上午 spec.jbb.JBBmain DoARun -> 信息:   started user thread for Warehouse 77
2月 12, 2026 2:41:14 上午 spec.jbb.JBBmain DoARun -> 信息:   started user thread for Warehouse 78
2月 12, 2026 2:41:14 上午 spec.jbb.JBBmain DoARun -> 信息:   started user thread for Warehouse 79
2月 12, 2026 2:41:14 上午 spec.jbb.JBBmain DoARun -> 信息:   started user thread for Warehouse 80
2月 12, 2026 2:41:14 上午 spec.jbb.JBBmain DoARun -> 信息:   started user thread for Warehouse 81
2月 12, 2026 2:41:14 上午 spec.jbb.JBBmain DoARun -> 信息:   started user thread for Warehouse 82
2月 12, 2026 2:41:14 上午 spec.jbb.JBBmain DoARun -> 信息:   started user thread for Warehouse 83
2月 12, 2026 2:41:14 上午 spec.jbb.JBBmain DoARun -> 信息:   started user thread for Warehouse 84
2月 12, 2026 2:41:14 上午 spec.jbb.JBBmain DoARun -> 信息:   started user thread for Warehouse 85
2月 12, 2026 2:41:14 上午 spec.jbb.JBBmain DoARun -> 信息:   started user thread for Warehouse 86
2月 12, 2026 2:41:14 上午 spec.jbb.JBBmain DoARun -> 信息:   started user thread for Warehouse 87
2月 12, 2026 2:41:14 上午 spec.jbb.Company displayResultTotals -> 信息: Timing Measurement began Thu Feb 12 02:41:14 CST 2026 for 4 minutes
2月 12, 2026 2:45:14 上午 spec.jbb.Company displayResultTotals -> 信息: Timing Measurement ended Thu Feb 12 02:45:14 CST 2026
2月 12, 2026 2:45:14 上午 spec.jbb.Company primeWithDummyData -> 信息: Loading Warehouse 88...
2月 12, 2026 2:45:14 上午 spec.jbb.JBBmain DoARun -> 信息: Start User Threads
2月 12, 2026 2:45:14 上午 spec.jbb.JBBmain DoARun -> 信息:   started user thread for Warehouse 1
2月 12, 2026 2:45:14 上午 spec.jbb.JBBmain DoARun -> 信息:   started user thread for Warehouse 2
2月 12, 2026 2:45:14 上午 spec.jbb.JBBmain DoARun -> 信息:   started user thread for Warehouse 3
2月 12, 2026 2:45:14 上午 spec.jbb.JBBmain DoARun -> 信息:   started user thread for Warehouse 4
2月 12, 2026 2:45:14 上午 spec.jbb.JBBmain DoARun -> 信息:   started user thread for Warehouse 5
2月 12, 2026 2:45:14 上午 spec.jbb.JBBmain DoARun -> 信息:   started user thread for Warehouse 6
2月 12, 2026 2:45:14 上午 spec.jbb.JBBmain DoARun -> 信息:   started user thread for Warehouse 7
2月 12, 2026 2:45:14 上午 spec.jbb.JBBmain DoARun -> 信息:   started user thread for Warehouse 8
2月 12, 2026 2:45:14 上午 spec.jbb.JBBmain DoARun -> 信息:   started user thread for Warehouse 9
2月 12, 2026 2:45:14 上午 spec.jbb.JBBmain DoARun -> 信息:   started user thread for Warehouse 10
2月 12, 2026 2:45:14 上午 spec.jbb.JBBmain DoARun -> 信息:   started user thread for Warehouse 11
2月 12, 2026 2:45:14 上午 spec.jbb.JBBmain DoARun -> 信息:   started user thread for Warehouse 12
2月 12, 2026 2:45:14 上午 spec.jbb.JBBmain DoARun -> 信息:   started user thread for Warehouse 13
2月 12, 2026 2:45:14 上午 spec.jbb.JBBmain DoARun -> 信息:   started user thread for Warehouse 14
2月 12, 2026 2:45:14 上午 spec.jbb.JBBmain DoARun -> 信息:   started user thread for Warehouse 15
2月 12, 2026 2:45:14 上午 spec.jbb.JBBmain DoARun -> 信息:   started user thread for Warehouse 16
2月 12, 2026 2:45:14 上午 spec.jbb.JBBmain DoARun -> 信息:   started user thread for Warehouse 17
2月 12, 2026 2:45:14 上午 spec.jbb.JBBmain DoARun -> 信息:   started user thread for Warehouse 18
2月 12, 2026 2:45:14 上午 spec.jbb.JBBmain DoARun -> 信息:   started user thread for Warehouse 19
2月 12, 2026 2:45:14 上午 spec.jbb.JBBmain DoARun -> 信息:   started user thread for Warehouse 20
2月 12, 2026 2:45:14 上午 spec.jbb.JBBmain DoARun -> 信息:   started user thread for Warehouse 21
2月 12, 2026 2:45:14 上午 spec.jbb.JBBmain DoARun -> 信息:   started user thread for Warehouse 22
2月 12, 2026 2:45:14 上午 spec.jbb.JBBmain DoARun -> 信息:   started user thread for Warehouse 23
2月 12, 2026 2:45:14 上午 spec.jbb.JBBmain DoARun -> 信息:   started user thread for Warehouse 24
2月 12, 2026 2:45:14 上午 spec.jbb.JBBmain DoARun -> 信息:   started user thread for Warehouse 25
2月 12, 2026 2:45:14 上午 spec.jbb.JBBmain DoARun -> 信息:   started user thread for Warehouse 26
2月 12, 2026 2:45:14 上午 spec.jbb.JBBmain DoARun -> 信息:   started user thread for Warehouse 27
2月 12, 2026 2:45:14 上午 spec.jbb.JBBmain DoARun -> 信息:   started user thread for Warehouse 28
2月 12, 2026 2:45:14 上午 spec.jbb.JBBmain DoARun -> 信息:   started user thread for Warehouse 29
2月 12, 2026 2:45:14 上午 spec.jbb.JBBmain DoARun -> 信息:   started user thread for Warehouse 30
2月 12, 2026 2:45:14 上午 spec.jbb.JBBmain DoARun -> 信息:   started user thread for Warehouse 31
2月 12, 2026 2:45:14 上午 spec.jbb.JBBmain DoARun -> 信息:   started user thread for Warehouse 32
2月 12, 2026 2:45:14 上午 spec.jbb.JBBmain DoARun -> 信息:   started user thread for Warehouse 33
2月 12, 2026 2:45:14 上午 spec.jbb.JBBmain DoARun -> 信息:   started user thread for Warehouse 34
2月 12, 2026 2:45:14 上午 spec.jbb.JBBmain DoARun -> 信息:   started user thread for Warehouse 35
2月 12, 2026 2:45:14 上午 spec.jbb.JBBmain DoARun -> 信息:   started user thread for Warehouse 36
2月 12, 2026 2:45:14 上午 spec.jbb.JBBmain DoARun -> 信息:   started user thread for Warehouse 37
2月 12, 2026 2:45:14 上午 spec.jbb.JBBmain DoARun -> 信息:   started user thread for Warehouse 38
2月 12, 2026 2:45:14 上午 spec.jbb.JBBmain DoARun -> 信息:   started user thread for Warehouse 39
2月 12, 2026 2:45:14 上午 spec.jbb.JBBmain DoARun -> 信息:   started user thread for Warehouse 40
2月 12, 2026 2:45:14 上午 spec.jbb.JBBmain DoARun -> 信息:   started user thread for Warehouse 41
2月 12, 2026 2:45:14 上午 spec.jbb.JBBmain DoARun -> 信息:   started user thread for Warehouse 42
2月 12, 2026 2:45:14 上午 spec.jbb.JBBmain DoARun -> 信息:   started user thread for Warehouse 43
2月 12, 2026 2:45:14 上午 spec.jbb.JBBmain DoARun -> 信息:   started user thread for Warehouse 44
2月 12, 2026 2:45:14 上午 spec.jbb.JBBmain DoARun -> 信息:   started user thread for Warehouse 45
2月 12, 2026 2:45:14 上午 spec.jbb.JBBmain DoARun -> 信息:   started user thread for Warehouse 46
2月 12, 2026 2:45:14 上午 spec.jbb.JBBmain DoARun -> 信息:   started user thread for Warehouse 47
2月 12, 2026 2:45:14 上午 spec.jbb.JBBmain DoARun -> 信息:   started user thread for Warehouse 48
2月 12, 2026 2:45:14 上午 spec.jbb.JBBmain DoARun -> 信息:   started user thread for Warehouse 49
2月 12, 2026 2:45:14 上午 spec.jbb.JBBmain DoARun -> 信息:   started user thread for Warehouse 50
2月 12, 2026 2:45:14 上午 spec.jbb.JBBmain DoARun -> 信息:   started user thread for Warehouse 51
2月 12, 2026 2:45:14 上午 spec.jbb.JBBmain DoARun -> 信息:   started user thread for Warehouse 52
2月 12, 2026 2:45:14 上午 spec.jbb.JBBmain DoARun -> 信息:   started user thread for Warehouse 53
2月 12, 2026 2:45:14 上午 spec.jbb.JBBmain DoARun -> 信息:   started user thread for Warehouse 54
2月 12, 2026 2:45:14 上午 spec.jbb.JBBmain DoARun -> 信息:   started user thread for Warehouse 55
2月 12, 2026 2:45:14 上午 spec.jbb.JBBmain DoARun -> 信息:   started user thread for Warehouse 56
2月 12, 2026 2:45:14 上午 spec.jbb.JBBmain DoARun -> 信息:   started user thread for Warehouse 57
2月 12, 2026 2:45:14 上午 spec.jbb.JBBmain DoARun -> 信息:   started user thread for Warehouse 58
2月 12, 2026 2:45:14 上午 spec.jbb.JBBmain DoARun -> 信息:   started user thread for Warehouse 59
2月 12, 2026 2:45:14 上午 spec.jbb.JBBmain DoARun -> 信息:   started user thread for Warehouse 60
2月 12, 2026 2:45:14 上午 spec.jbb.JBBmain DoARun -> 信息:   started user thread for Warehouse 61
2月 12, 2026 2:45:14 上午 spec.jbb.JBBmain DoARun -> 信息:   started user thread for Warehouse 62
2月 12, 2026 2:45:14 上午 spec.jbb.JBBmain DoARun -> 信息:   started user thread for Warehouse 63
2月 12, 2026 2:45:14 上午 spec.jbb.JBBmain DoARun -> 信息:   started user thread for Warehouse 64
2月 12, 2026 2:45:14 上午 spec.jbb.JBBmain DoARun -> 信息:   started user thread for Warehouse 65
2月 12, 2026 2:45:14 上午 spec.jbb.JBBmain DoARun -> 信息:   started user thread for Warehouse 66
2月 12, 2026 2:45:14 上午 spec.jbb.JBBmain DoARun -> 信息:   started user thread for Warehouse 67
2月 12, 2026 2:45:14 上午 spec.jbb.JBBmain DoARun -> 信息:   started user thread for Warehouse 68
2月 12, 2026 2:45:14 上午 spec.jbb.JBBmain DoARun -> 信息:   started user thread for Warehouse 69
2月 12, 2026 2:45:14 上午 spec.jbb.JBBmain DoARun -> 信息:   started user thread for Warehouse 70
2月 12, 2026 2:45:14 上午 spec.jbb.JBBmain DoARun -> 信息:   started user thread for Warehouse 71
2月 12, 2026 2:45:14 上午 spec.jbb.JBBmain DoARun -> 信息:   started user thread for Warehouse 72
2月 12, 2026 2:45:14 上午 spec.jbb.JBBmain DoARun -> 信息:   started user thread for Warehouse 73
2月 12, 2026 2:45:14 上午 spec.jbb.JBBmain DoARun -> 信息:   started user thread for Warehouse 74
2月 12, 2026 2:45:14 上午 spec.jbb.JBBmain DoARun -> 信息:   started user thread for Warehouse 75
2月 12, 2026 2:45:14 上午 spec.jbb.JBBmain DoARun -> 信息:   started user thread for Warehouse 76
2月 12, 2026 2:45:14 上午 spec.jbb.JBBmain DoARun -> 信息:   started user thread for Warehouse 77
2月 12, 2026 2:45:14 上午 spec.jbb.JBBmain DoARun -> 信息:   started user thread for Warehouse 78
2月 12, 2026 2:45:14 上午 spec.jbb.JBBmain DoARun -> 信息:   started user thread for Warehouse 79
2月 12, 2026 2:45:14 上午 spec.jbb.JBBmain DoARun -> 信息:   started user thread for Warehouse 80
2月 12, 2026 2:45:14 上午 spec.jbb.JBBmain DoARun -> 信息:   started user thread for Warehouse 81
2月 12, 2026 2:45:14 上午 spec.jbb.JBBmain DoARun -> 信息:   started user thread for Warehouse 82
2月 12, 2026 2:45:14 上午 spec.jbb.JBBmain DoARun -> 信息:   started user thread for Warehouse 83
2月 12, 2026 2:45:14 上午 spec.jbb.JBBmain DoARun -> 信息:   started user thread for Warehouse 84
2月 12, 2026 2:45:14 上午 spec.jbb.JBBmain DoARun -> 信息:   started user thread for Warehouse 85
2月 12, 2026 2:45:14 上午 spec.jbb.JBBmain DoARun -> 信息:   started user thread for Warehouse 86
2月 12, 2026 2:45:14 上午 spec.jbb.JBBmain DoARun -> 信息:   started user thread for Warehouse 87
2月 12, 2026 2:45:14 上午 spec.jbb.JBBmain DoARun -> 信息:   started user thread for Warehouse 88
2月 12, 2026 2:45:14 上午 spec.jbb.Company displayResultTotals -> 信息: Timing Measurement began Thu Feb 12 02:45:14 CST 2026 for 4 minutes
2月 12, 2026 2:49:14 上午 spec.jbb.Company displayResultTotals -> 信息: Timing Measurement ended Thu Feb 12 02:49:14 CST 2026
2月 12, 2026 2:49:14 上午 spec.jbb.Company primeWithDummyData -> 信息: Loading Warehouse 89...
2月 12, 2026 2:49:15 上午 spec.jbb.JBBmain DoARun -> 信息: Start User Threads
2月 12, 2026 2:49:15 上午 spec.jbb.JBBmain DoARun -> 信息:   started user thread for Warehouse 1
2月 12, 2026 2:49:15 上午 spec.jbb.JBBmain DoARun -> 信息:   started user thread for Warehouse 2
2月 12, 2026 2:49:15 上午 spec.jbb.JBBmain DoARun -> 信息:   started user thread for Warehouse 3
2月 12, 2026 2:49:15 上午 spec.jbb.JBBmain DoARun -> 信息:   started user thread for Warehouse 4
2月 12, 2026 2:49:15 上午 spec.jbb.JBBmain DoARun -> 信息:   started user thread for Warehouse 5
2月 12, 2026 2:49:16 上午 spec.jbb.JBBmain DoARun -> 信息:   started user thread for Warehouse 6
2月 12, 2026 2:49:16 上午 spec.jbb.JBBmain DoARun -> 信息:   started user thread for Warehouse 7
2月 12, 2026 2:49:16 上午 spec.jbb.JBBmain DoARun -> 信息:   started user thread for Warehouse 8
2月 12, 2026 2:49:16 上午 spec.jbb.JBBmain DoARun -> 信息:   started user thread for Warehouse 9
2月 12, 2026 2:49:16 上午 spec.jbb.JBBmain DoARun -> 信息:   started user thread for Warehouse 10
2月 12, 2026 2:49:16 上午 spec.jbb.JBBmain DoARun -> 信息:   started user thread for Warehouse 11
2月 12, 2026 2:49:16 上午 spec.jbb.JBBmain DoARun -> 信息:   started user thread for Warehouse 12
2月 12, 2026 2:49:16 上午 spec.jbb.JBBmain DoARun -> 信息:   started user thread for Warehouse 13
2月 12, 2026 2:49:16 上午 spec.jbb.JBBmain DoARun -> 信息:   started user thread for Warehouse 14
2月 12, 2026 2:49:16 上午 spec.jbb.JBBmain DoARun -> 信息:   started user thread for Warehouse 15
2月 12, 2026 2:49:16 上午 spec.jbb.JBBmain DoARun -> 信息:   started user thread for Warehouse 16
2月 12, 2026 2:49:16 上午 spec.jbb.JBBmain DoARun -> 信息:   started user thread for Warehouse 17
2月 12, 2026 2:49:16 上午 spec.jbb.JBBmain DoARun -> 信息:   started user thread for Warehouse 18
2月 12, 2026 2:49:16 上午 spec.jbb.JBBmain DoARun -> 信息:   started user thread for Warehouse 19
2月 12, 2026 2:49:16 上午 spec.jbb.JBBmain DoARun -> 信息:   started user thread for Warehouse 20
2月 12, 2026 2:49:16 上午 spec.jbb.JBBmain DoARun -> 信息:   started user thread for Warehouse 21
2月 12, 2026 2:49:16 上午 spec.jbb.JBBmain DoARun -> 信息:   started user thread for Warehouse 22
2月 12, 2026 2:49:16 上午 spec.jbb.JBBmain DoARun -> 信息:   started user thread for Warehouse 23
2月 12, 2026 2:49:16 上午 spec.jbb.JBBmain DoARun -> 信息:   started user thread for Warehouse 24
2月 12, 2026 2:49:16 上午 spec.jbb.JBBmain DoARun -> 信息:   started user thread for Warehouse 25
2月 12, 2026 2:49:16 上午 spec.jbb.JBBmain DoARun -> 信息:   started user thread for Warehouse 26
2月 12, 2026 2:49:16 上午 spec.jbb.JBBmain DoARun -> 信息:   started user thread for Warehouse 27
2月 12, 2026 2:49:16 上午 spec.jbb.JBBmain DoARun -> 信息:   started user thread for Warehouse 28
2月 12, 2026 2:49:16 上午 spec.jbb.JBBmain DoARun -> 信息:   started user thread for Warehouse 29
2月 12, 2026 2:49:16 上午 spec.jbb.JBBmain DoARun -> 信息:   started user thread for Warehouse 30
2月 12, 2026 2:49:16 上午 spec.jbb.JBBmain DoARun -> 信息:   started user thread for Warehouse 31
2月 12, 2026 2:49:16 上午 spec.jbb.JBBmain DoARun -> 信息:   started user thread for Warehouse 32
2月 12, 2026 2:49:16 上午 spec.jbb.JBBmain DoARun -> 信息:   started user thread for Warehouse 33
2月 12, 2026 2:49:16 上午 spec.jbb.JBBmain DoARun -> 信息:   started user thread for Warehouse 34
2月 12, 2026 2:49:16 上午 spec.jbb.JBBmain DoARun -> 信息:   started user thread for Warehouse 35
2月 12, 2026 2:49:16 上午 spec.jbb.JBBmain DoARun -> 信息:   started user thread for Warehouse 36
2月 12, 2026 2:49:16 上午 spec.jbb.JBBmain DoARun -> 信息:   started user thread for Warehouse 37
2月 12, 2026 2:49:16 上午 spec.jbb.JBBmain DoARun -> 信息:   started user thread for Warehouse 38
2月 12, 2026 2:49:16 上午 spec.jbb.JBBmain DoARun -> 信息:   started user thread for Warehouse 39
2月 12, 2026 2:49:16 上午 spec.jbb.JBBmain DoARun -> 信息:   started user thread for Warehouse 40
2月 12, 2026 2:49:16 上午 spec.jbb.JBBmain DoARun -> 信息:   started user thread for Warehouse 41
2月 12, 2026 2:49:16 上午 spec.jbb.JBBmain DoARun -> 信息:   started user thread for Warehouse 42
2月 12, 2026 2:49:16 上午 spec.jbb.JBBmain DoARun -> 信息:   started user thread for Warehouse 43
2月 12, 2026 2:49:16 上午 spec.jbb.JBBmain DoARun -> 信息:   started user thread for Warehouse 44
2月 12, 2026 2:49:16 上午 spec.jbb.JBBmain DoARun -> 信息:   started user thread for Warehouse 45
2月 12, 2026 2:49:16 上午 spec.jbb.JBBmain DoARun -> 信息:   started user thread for Warehouse 46
2月 12, 2026 2:49:16 上午 spec.jbb.JBBmain DoARun -> 信息:   started user thread for Warehouse 47
2月 12, 2026 2:49:16 上午 spec.jbb.JBBmain DoARun -> 信息:   started user thread for Warehouse 48
2月 12, 2026 2:49:16 上午 spec.jbb.JBBmain DoARun -> 信息:   started user thread for Warehouse 49
2月 12, 2026 2:49:16 上午 spec.jbb.JBBmain DoARun -> 信息:   started user thread for Warehouse 50
2月 12, 2026 2:49:16 上午 spec.jbb.JBBmain DoARun -> 信息:   started user thread for Warehouse 51
2月 12, 2026 2:49:16 上午 spec.jbb.JBBmain DoARun -> 信息:   started user thread for Warehouse 52
2月 12, 2026 2:49:16 上午 spec.jbb.JBBmain DoARun -> 信息:   started user thread for Warehouse 53
2月 12, 2026 2:49:16 上午 spec.jbb.JBBmain DoARun -> 信息:   started user thread for Warehouse 54
2月 12, 2026 2:49:16 上午 spec.jbb.JBBmain DoARun -> 信息:   started user thread for Warehouse 55
2月 12, 2026 2:49:16 上午 spec.jbb.JBBmain DoARun -> 信息:   started user thread for Warehouse 56
2月 12, 2026 2:49:16 上午 spec.jbb.JBBmain DoARun -> 信息:   started user thread for Warehouse 57
2月 12, 2026 2:49:16 上午 spec.jbb.JBBmain DoARun -> 信息:   started user thread for Warehouse 58
2月 12, 2026 2:49:16 上午 spec.jbb.JBBmain DoARun -> 信息:   started user thread for Warehouse 59
2月 12, 2026 2:49:16 上午 spec.jbb.JBBmain DoARun -> 信息:   started user thread for Warehouse 60
2月 12, 2026 2:49:16 上午 spec.jbb.JBBmain DoARun -> 信息:   started user thread for Warehouse 61
2月 12, 2026 2:49:16 上午 spec.jbb.JBBmain DoARun -> 信息:   started user thread for Warehouse 62
2月 12, 2026 2:49:16 上午 spec.jbb.JBBmain DoARun -> 信息:   started user thread for Warehouse 63
2月 12, 2026 2:49:16 上午 spec.jbb.JBBmain DoARun -> 信息:   started user thread for Warehouse 64
2月 12, 2026 2:49:16 上午 spec.jbb.JBBmain DoARun -> 信息:   started user thread for Warehouse 65
2月 12, 2026 2:49:16 上午 spec.jbb.JBBmain DoARun -> 信息:   started user thread for Warehouse 66
2月 12, 2026 2:49:16 上午 spec.jbb.JBBmain DoARun -> 信息:   started user thread for Warehouse 67
2月 12, 2026 2:49:16 上午 spec.jbb.JBBmain DoARun -> 信息:   started user thread for Warehouse 68
2月 12, 2026 2:49:16 上午 spec.jbb.JBBmain DoARun -> 信息:   started user thread for Warehouse 69
2月 12, 2026 2:49:16 上午 spec.jbb.JBBmain DoARun -> 信息:   started user thread for Warehouse 70
2月 12, 2026 2:49:16 上午 spec.jbb.JBBmain DoARun -> 信息:   started user thread for Warehouse 71
2月 12, 2026 2:49:16 上午 spec.jbb.JBBmain DoARun -> 信息:   started user thread for Warehouse 72
2月 12, 2026 2:49:16 上午 spec.jbb.JBBmain DoARun -> 信息:   started user thread for Warehouse 73
2月 12, 2026 2:49:16 上午 spec.jbb.JBBmain DoARun -> 信息:   started user thread for Warehouse 74
2月 12, 2026 2:49:16 上午 spec.jbb.JBBmain DoARun -> 信息:   started user thread for Warehouse 75
2月 12, 2026 2:49:16 上午 spec.jbb.JBBmain DoARun -> 信息:   started user thread for Warehouse 76
2月 12, 2026 2:49:16 上午 spec.jbb.JBBmain DoARun -> 信息:   started user thread for Warehouse 77
2月 12, 2026 2:49:16 上午 spec.jbb.JBBmain DoARun -> 信息:   started user thread for Warehouse 78
2月 12, 2026 2:49:16 上午 spec.jbb.JBBmain DoARun -> 信息:   started user thread for Warehouse 79
2月 12, 2026 2:49:16 上午 spec.jbb.JBBmain DoARun -> 信息:   started user thread for Warehouse 80
2月 12, 2026 2:49:16 上午 spec.jbb.JBBmain DoARun -> 信息:   started user thread for Warehouse 81
2月 12, 2026 2:49:16 上午 spec.jbb.JBBmain DoARun -> 信息:   started user thread for Warehouse 82
2月 12, 2026 2:49:16 上午 spec.jbb.JBBmain DoARun -> 信息:   started user thread for Warehouse 83
2月 12, 2026 2:49:16 上午 spec.jbb.JBBmain DoARun -> 信息:   started user thread for Warehouse 84
2月 12, 2026 2:49:16 上午 spec.jbb.JBBmain DoARun -> 信息:   started user thread for Warehouse 85
2月 12, 2026 2:49:16 上午 spec.jbb.JBBmain DoARun -> 信息:   started user thread for Warehouse 86
2月 12, 2026 2:49:16 上午 spec.jbb.JBBmain DoARun -> 信息:   started user thread for Warehouse 87
2月 12, 2026 2:49:16 上午 spec.jbb.JBBmain DoARun -> 信息:   started user thread for Warehouse 88
2月 12, 2026 2:49:16 上午 spec.jbb.JBBmain DoARun -> 信息:   started user thread for Warehouse 89
2月 12, 2026 2:49:16 上午 spec.jbb.Company displayResultTotals -> 信息: Timing Measurement began Thu Feb 12 02:49:16 CST 2026 for 4 minutes
2月 12, 2026 2:53:16 上午 spec.jbb.Company displayResultTotals -> 信息: Timing Measurement ended Thu Feb 12 02:53:16 CST 2026
2月 12, 2026 2:53:16 上午 spec.jbb.Company primeWithDummyData -> 信息: Loading Warehouse 90...
2月 12, 2026 2:53:16 上午 spec.jbb.JBBmain DoARun -> 信息: Start User Threads
2月 12, 2026 2:53:16 上午 spec.jbb.JBBmain DoARun -> 信息:   started user thread for Warehouse 1
2月 12, 2026 2:53:16 上午 spec.jbb.JBBmain DoARun -> 信息:   started user thread for Warehouse 2
2月 12, 2026 2:53:16 上午 spec.jbb.JBBmain DoARun -> 信息:   started user thread for Warehouse 3
2月 12, 2026 2:53:16 上午 spec.jbb.JBBmain DoARun -> 信息:   started user thread for Warehouse 4
2月 12, 2026 2:53:16 上午 spec.jbb.JBBmain DoARun -> 信息:   started user thread for Warehouse 5
2月 12, 2026 2:53:16 上午 spec.jbb.JBBmain DoARun -> 信息:   started user thread for Warehouse 6
2月 12, 2026 2:53:16 上午 spec.jbb.JBBmain DoARun -> 信息:   started user thread for Warehouse 7
2月 12, 2026 2:53:16 上午 spec.jbb.JBBmain DoARun -> 信息:   started user thread for Warehouse 8
2月 12, 2026 2:53:16 上午 spec.jbb.JBBmain DoARun -> 信息:   started user thread for Warehouse 9
2月 12, 2026 2:53:16 上午 spec.jbb.JBBmain DoARun -> 信息:   started user thread for Warehouse 10
2月 12, 2026 2:53:16 上午 spec.jbb.JBBmain DoARun -> 信息:   started user thread for Warehouse 11
2月 12, 2026 2:53:16 上午 spec.jbb.JBBmain DoARun -> 信息:   started user thread for Warehouse 12
2月 12, 2026 2:53:16 上午 spec.jbb.JBBmain DoARun -> 信息:   started user thread for Warehouse 13
2月 12, 2026 2:53:16 上午 spec.jbb.JBBmain DoARun -> 信息:   started user thread for Warehouse 14
2月 12, 2026 2:53:16 上午 spec.jbb.JBBmain DoARun -> 信息:   started user thread for Warehouse 15
2月 12, 2026 2:53:16 上午 spec.jbb.JBBmain DoARun -> 信息:   started user thread for Warehouse 16
2月 12, 2026 2:53:16 上午 spec.jbb.JBBmain DoARun -> 信息:   started user thread for Warehouse 17
2月 12, 2026 2:53:16 上午 spec.jbb.JBBmain DoARun -> 信息:   started user thread for Warehouse 18
2月 12, 2026 2:53:16 上午 spec.jbb.JBBmain DoARun -> 信息:   started user thread for Warehouse 19
2月 12, 2026 2:53:16 上午 spec.jbb.JBBmain DoARun -> 信息:   started user thread for Warehouse 20
2月 12, 2026 2:53:16 上午 spec.jbb.JBBmain DoARun -> 信息:   started user thread for Warehouse 21
2月 12, 2026 2:53:16 上午 spec.jbb.JBBmain DoARun -> 信息:   started user thread for Warehouse 22
2月 12, 2026 2:53:16 上午 spec.jbb.JBBmain DoARun -> 信息:   started user thread for Warehouse 23
2月 12, 2026 2:53:16 上午 spec.jbb.JBBmain DoARun -> 信息:   started user thread for Warehouse 24
2月 12, 2026 2:53:16 上午 spec.jbb.JBBmain DoARun -> 信息:   started user thread for Warehouse 25
2月 12, 2026 2:53:16 上午 spec.jbb.JBBmain DoARun -> 信息:   started user thread for Warehouse 26
2月 12, 2026 2:53:16 上午 spec.jbb.JBBmain DoARun -> 信息:   started user thread for Warehouse 27
2月 12, 2026 2:53:16 上午 spec.jbb.JBBmain DoARun -> 信息:   started user thread for Warehouse 28
2月 12, 2026 2:53:16 上午 spec.jbb.JBBmain DoARun -> 信息:   started user thread for Warehouse 29
2月 12, 2026 2:53:16 上午 spec.jbb.JBBmain DoARun -> 信息:   started user thread for Warehouse 30
2月 12, 2026 2:53:16 上午 spec.jbb.JBBmain DoARun -> 信息:   started user thread for Warehouse 31
2月 12, 2026 2:53:16 上午 spec.jbb.JBBmain DoARun -> 信息:   started user thread for Warehouse 32
2月 12, 2026 2:53:16 上午 spec.jbb.JBBmain DoARun -> 信息:   started user thread for Warehouse 33
2月 12, 2026 2:53:16 上午 spec.jbb.JBBmain DoARun -> 信息:   started user thread for Warehouse 34
2月 12, 2026 2:53:16 上午 spec.jbb.JBBmain DoARun -> 信息:   started user thread for Warehouse 35
2月 12, 2026 2:53:16 上午 spec.jbb.JBBmain DoARun -> 信息:   started user thread for Warehouse 36
2月 12, 2026 2:53:16 上午 spec.jbb.JBBmain DoARun -> 信息:   started user thread for Warehouse 37
2月 12, 2026 2:53:16 上午 spec.jbb.JBBmain DoARun -> 信息:   started user thread for Warehouse 38
2月 12, 2026 2:53:16 上午 spec.jbb.JBBmain DoARun -> 信息:   started user thread for Warehouse 39
2月 12, 2026 2:53:16 上午 spec.jbb.JBBmain DoARun -> 信息:   started user thread for Warehouse 40
2月 12, 2026 2:53:16 上午 spec.jbb.JBBmain DoARun -> 信息:   started user thread for Warehouse 41
2月 12, 2026 2:53:16 上午 spec.jbb.JBBmain DoARun -> 信息:   started user thread for Warehouse 42
2月 12, 2026 2:53:16 上午 spec.jbb.JBBmain DoARun -> 信息:   started user thread for Warehouse 43
2月 12, 2026 2:53:16 上午 spec.jbb.JBBmain DoARun -> 信息:   started user thread for Warehouse 44
2月 12, 2026 2:53:16 上午 spec.jbb.JBBmain DoARun -> 信息:   started user thread for Warehouse 45
2月 12, 2026 2:53:16 上午 spec.jbb.JBBmain DoARun -> 信息:   started user thread for Warehouse 46
2月 12, 2026 2:53:16 上午 spec.jbb.JBBmain DoARun -> 信息:   started user thread for Warehouse 47
2月 12, 2026 2:53:16 上午 spec.jbb.JBBmain DoARun -> 信息:   started user thread for Warehouse 48
2月 12, 2026 2:53:16 上午 spec.jbb.JBBmain DoARun -> 信息:   started user thread for Warehouse 49
2月 12, 2026 2:53:16 上午 spec.jbb.JBBmain DoARun -> 信息:   started user thread for Warehouse 50
2月 12, 2026 2:53:16 上午 spec.jbb.JBBmain DoARun -> 信息:   started user thread for Warehouse 51
2月 12, 2026 2:53:16 上午 spec.jbb.JBBmain DoARun -> 信息:   started user thread for Warehouse 52
2月 12, 2026 2:53:16 上午 spec.jbb.JBBmain DoARun -> 信息:   started user thread for Warehouse 53
2月 12, 2026 2:53:16 上午 spec.jbb.JBBmain DoARun -> 信息:   started user thread for Warehouse 54
2月 12, 2026 2:53:16 上午 spec.jbb.JBBmain DoARun -> 信息:   started user thread for Warehouse 55
2月 12, 2026 2:53:16 上午 spec.jbb.JBBmain DoARun -> 信息:   started user thread for Warehouse 56
2月 12, 2026 2:53:16 上午 spec.jbb.JBBmain DoARun -> 信息:   started user thread for Warehouse 57
2月 12, 2026 2:53:16 上午 spec.jbb.JBBmain DoARun -> 信息:   started user thread for Warehouse 58
2月 12, 2026 2:53:16 上午 spec.jbb.JBBmain DoARun -> 信息:   started user thread for Warehouse 59
2月 12, 2026 2:53:16 上午 spec.jbb.JBBmain DoARun -> 信息:   started user thread for Warehouse 60
2月 12, 2026 2:53:16 上午 spec.jbb.JBBmain DoARun -> 信息:   started user thread for Warehouse 61
2月 12, 2026 2:53:16 上午 spec.jbb.JBBmain DoARun -> 信息:   started user thread for Warehouse 62
2月 12, 2026 2:53:16 上午 spec.jbb.JBBmain DoARun -> 信息:   started user thread for Warehouse 63
2月 12, 2026 2:53:16 上午 spec.jbb.JBBmain DoARun -> 信息:   started user thread for Warehouse 64
2月 12, 2026 2:53:16 上午 spec.jbb.JBBmain DoARun -> 信息:   started user thread for Warehouse 65
2月 12, 2026 2:53:16 上午 spec.jbb.JBBmain DoARun -> 信息:   started user thread for Warehouse 66
2月 12, 2026 2:53:16 上午 spec.jbb.JBBmain DoARun -> 信息:   started user thread for Warehouse 67
2月 12, 2026 2:53:16 上午 spec.jbb.JBBmain DoARun -> 信息:   started user thread for Warehouse 68
2月 12, 2026 2:53:16 上午 spec.jbb.JBBmain DoARun -> 信息:   started user thread for Warehouse 69
2月 12, 2026 2:53:16 上午 spec.jbb.JBBmain DoARun -> 信息:   started user thread for Warehouse 70
2月 12, 2026 2:53:16 上午 spec.jbb.JBBmain DoARun -> 信息:   started user thread for Warehouse 71
2月 12, 2026 2:53:16 上午 spec.jbb.JBBmain DoARun -> 信息:   started user thread for Warehouse 72
2月 12, 2026 2:53:16 上午 spec.jbb.JBBmain DoARun -> 信息:   started user thread for Warehouse 73
2月 12, 2026 2:53:16 上午 spec.jbb.JBBmain DoARun -> 信息:   started user thread for Warehouse 74
2月 12, 2026 2:53:16 上午 spec.jbb.JBBmain DoARun -> 信息:   started user thread for Warehouse 75
2月 12, 2026 2:53:16 上午 spec.jbb.JBBmain DoARun -> 信息:   started user thread for Warehouse 76
2月 12, 2026 2:53:16 上午 spec.jbb.JBBmain DoARun -> 信息:   started user thread for Warehouse 77
2月 12, 2026 2:53:16 上午 spec.jbb.JBBmain DoARun -> 信息:   started user thread for Warehouse 78
2月 12, 2026 2:53:16 上午 spec.jbb.JBBmain DoARun -> 信息:   started user thread for Warehouse 79
2月 12, 2026 2:53:16 上午 spec.jbb.JBBmain DoARun -> 信息:   started user thread for Warehouse 80
2月 12, 2026 2:53:16 上午 spec.jbb.JBBmain DoARun -> 信息:   started user thread for Warehouse 81
2月 12, 2026 2:53:16 上午 spec.jbb.JBBmain DoARun -> 信息:   started user thread for Warehouse 82
2月 12, 2026 2:53:16 上午 spec.jbb.JBBmain DoARun -> 信息:   started user thread for Warehouse 83
2月 12, 2026 2:53:16 上午 spec.jbb.JBBmain DoARun -> 信息:   started user thread for Warehouse 84
2月 12, 2026 2:53:16 上午 spec.jbb.JBBmain DoARun -> 信息:   started user thread for Warehouse 85
2月 12, 2026 2:53:16 上午 spec.jbb.JBBmain DoARun -> 信息:   started user thread for Warehouse 86
2月 12, 2026 2:53:16 上午 spec.jbb.JBBmain DoARun -> 信息:   started user thread for Warehouse 87
2月 12, 2026 2:53:16 上午 spec.jbb.JBBmain DoARun -> 信息:   started user thread for Warehouse 88
2月 12, 2026 2:53:16 上午 spec.jbb.JBBmain DoARun -> 信息:   started user thread for Warehouse 89
2月 12, 2026 2:53:16 上午 spec.jbb.JBBmain DoARun -> 信息:   started user thread for Warehouse 90
2月 12, 2026 2:53:16 上午 spec.jbb.Company displayResultTotals -> 信息: Timing Measurement began Thu Feb 12 02:53:16 CST 2026 for 4 minutes
2月 12, 2026 2:57:16 上午 spec.jbb.Company displayResultTotals -> 信息: Timing Measurement ended Thu Feb 12 02:57:16 CST 2026
2月 12, 2026 2:57:16 上午 spec.jbb.Company primeWithDummyData -> 信息: Loading Warehouse 91...
2月 12, 2026 2:57:16 上午 spec.jbb.JBBmain DoARun -> 信息: Start User Threads
2月 12, 2026 2:57:16 上午 spec.jbb.JBBmain DoARun -> 信息:   started user thread for Warehouse 1
2月 12, 2026 2:57:16 上午 spec.jbb.JBBmain DoARun -> 信息:   started user thread for Warehouse 2
2月 12, 2026 2:57:16 上午 spec.jbb.JBBmain DoARun -> 信息:   started user thread for Warehouse 3
2月 12, 2026 2:57:16 上午 spec.jbb.JBBmain DoARun -> 信息:   started user thread for Warehouse 4
2月 12, 2026 2:57:16 上午 spec.jbb.JBBmain DoARun -> 信息:   started user thread for Warehouse 5
2月 12, 2026 2:57:16 上午 spec.jbb.JBBmain DoARun -> 信息:   started user thread for Warehouse 6
2月 12, 2026 2:57:16 上午 spec.jbb.JBBmain DoARun -> 信息:   started user thread for Warehouse 7
2月 12, 2026 2:57:16 上午 spec.jbb.JBBmain DoARun -> 信息:   started user thread for Warehouse 8
2月 12, 2026 2:57:16 上午 spec.jbb.JBBmain DoARun -> 信息:   started user thread for Warehouse 9
2月 12, 2026 2:57:16 上午 spec.jbb.JBBmain DoARun -> 信息:   started user thread for Warehouse 10
2月 12, 2026 2:57:16 上午 spec.jbb.JBBmain DoARun -> 信息:   started user thread for Warehouse 11
2月 12, 2026 2:57:16 上午 spec.jbb.JBBmain DoARun -> 信息:   started user thread for Warehouse 12
2月 12, 2026 2:57:16 上午 spec.jbb.JBBmain DoARun -> 信息:   started user thread for Warehouse 13
2月 12, 2026 2:57:16 上午 spec.jbb.JBBmain DoARun -> 信息:   started user thread for Warehouse 14
2月 12, 2026 2:57:16 上午 spec.jbb.JBBmain DoARun -> 信息:   started user thread for Warehouse 15
2月 12, 2026 2:57:16 上午 spec.jbb.JBBmain DoARun -> 信息:   started user thread for Warehouse 16
2月 12, 2026 2:57:16 上午 spec.jbb.JBBmain DoARun -> 信息:   started user thread for Warehouse 17
2月 12, 2026 2:57:16 上午 spec.jbb.JBBmain DoARun -> 信息:   started user thread for Warehouse 18
2月 12, 2026 2:57:16 上午 spec.jbb.JBBmain DoARun -> 信息:   started user thread for Warehouse 19
2月 12, 2026 2:57:16 上午 spec.jbb.JBBmain DoARun -> 信息:   started user thread for Warehouse 20
2月 12, 2026 2:57:16 上午 spec.jbb.JBBmain DoARun -> 信息:   started user thread for Warehouse 21
2月 12, 2026 2:57:16 上午 spec.jbb.JBBmain DoARun -> 信息:   started user thread for Warehouse 22
2月 12, 2026 2:57:16 上午 spec.jbb.JBBmain DoARun -> 信息:   started user thread for Warehouse 23
2月 12, 2026 2:57:16 上午 spec.jbb.JBBmain DoARun -> 信息:   started user thread for Warehouse 24
2月 12, 2026 2:57:16 上午 spec.jbb.JBBmain DoARun -> 信息:   started user thread for Warehouse 25
2月 12, 2026 2:57:16 上午 spec.jbb.JBBmain DoARun -> 信息:   started user thread for Warehouse 26
2月 12, 2026 2:57:16 上午 spec.jbb.JBBmain DoARun -> 信息:   started user thread for Warehouse 27
2月 12, 2026 2:57:16 上午 spec.jbb.JBBmain DoARun -> 信息:   started user thread for Warehouse 28
2月 12, 2026 2:57:16 上午 spec.jbb.JBBmain DoARun -> 信息:   started user thread for Warehouse 29
2月 12, 2026 2:57:16 上午 spec.jbb.JBBmain DoARun -> 信息:   started user thread for Warehouse 30
2月 12, 2026 2:57:16 上午 spec.jbb.JBBmain DoARun -> 信息:   started user thread for Warehouse 31
2月 12, 2026 2:57:16 上午 spec.jbb.JBBmain DoARun -> 信息:   started user thread for Warehouse 32
2月 12, 2026 2:57:16 上午 spec.jbb.JBBmain DoARun -> 信息:   started user thread for Warehouse 33
2月 12, 2026 2:57:16 上午 spec.jbb.JBBmain DoARun -> 信息:   started user thread for Warehouse 34
2月 12, 2026 2:57:16 上午 spec.jbb.JBBmain DoARun -> 信息:   started user thread for Warehouse 35
2月 12, 2026 2:57:16 上午 spec.jbb.JBBmain DoARun -> 信息:   started user thread for Warehouse 36
2月 12, 2026 2:57:16 上午 spec.jbb.JBBmain DoARun -> 信息:   started user thread for Warehouse 37
2月 12, 2026 2:57:16 上午 spec.jbb.JBBmain DoARun -> 信息:   started user thread for Warehouse 38
2月 12, 2026 2:57:16 上午 spec.jbb.JBBmain DoARun -> 信息:   started user thread for Warehouse 39
2月 12, 2026 2:57:16 上午 spec.jbb.JBBmain DoARun -> 信息:   started user thread for Warehouse 40
2月 12, 2026 2:57:16 上午 spec.jbb.JBBmain DoARun -> 信息:   started user thread for Warehouse 41
2月 12, 2026 2:57:16 上午 spec.jbb.JBBmain DoARun -> 信息:   started user thread for Warehouse 42
2月 12, 2026 2:57:16 上午 spec.jbb.JBBmain DoARun -> 信息:   started user thread for Warehouse 43
2月 12, 2026 2:57:16 上午 spec.jbb.JBBmain DoARun -> 信息:   started user thread for Warehouse 44
2月 12, 2026 2:57:16 上午 spec.jbb.JBBmain DoARun -> 信息:   started user thread for Warehouse 45
2月 12, 2026 2:57:16 上午 spec.jbb.JBBmain DoARun -> 信息:   started user thread for Warehouse 46
2月 12, 2026 2:57:16 上午 spec.jbb.JBBmain DoARun -> 信息:   started user thread for Warehouse 47
2月 12, 2026 2:57:16 上午 spec.jbb.JBBmain DoARun -> 信息:   started user thread for Warehouse 48
2月 12, 2026 2:57:16 上午 spec.jbb.JBBmain DoARun -> 信息:   started user thread for Warehouse 49
2月 12, 2026 2:57:16 上午 spec.jbb.JBBmain DoARun -> 信息:   started user thread for Warehouse 50
2月 12, 2026 2:57:16 上午 spec.jbb.JBBmain DoARun -> 信息:   started user thread for Warehouse 51
2月 12, 2026 2:57:16 上午 spec.jbb.JBBmain DoARun -> 信息:   started user thread for Warehouse 52
2月 12, 2026 2:57:16 上午 spec.jbb.JBBmain DoARun -> 信息:   started user thread for Warehouse 53
2月 12, 2026 2:57:16 上午 spec.jbb.JBBmain DoARun -> 信息:   started user thread for Warehouse 54
2月 12, 2026 2:57:16 上午 spec.jbb.JBBmain DoARun -> 信息:   started user thread for Warehouse 55
2月 12, 2026 2:57:16 上午 spec.jbb.JBBmain DoARun -> 信息:   started user thread for Warehouse 56
2月 12, 2026 2:57:16 上午 spec.jbb.JBBmain DoARun -> 信息:   started user thread for Warehouse 57
2月 12, 2026 2:57:16 上午 spec.jbb.JBBmain DoARun -> 信息:   started user thread for Warehouse 58
2月 12, 2026 2:57:16 上午 spec.jbb.JBBmain DoARun -> 信息:   started user thread for Warehouse 59
2月 12, 2026 2:57:16 上午 spec.jbb.JBBmain DoARun -> 信息:   started user thread for Warehouse 60
2月 12, 2026 2:57:16 上午 spec.jbb.JBBmain DoARun -> 信息:   started user thread for Warehouse 61
2月 12, 2026 2:57:16 上午 spec.jbb.JBBmain DoARun -> 信息:   started user thread for Warehouse 62
2月 12, 2026 2:57:16 上午 spec.jbb.JBBmain DoARun -> 信息:   started user thread for Warehouse 63
2月 12, 2026 2:57:16 上午 spec.jbb.JBBmain DoARun -> 信息:   started user thread for Warehouse 64
2月 12, 2026 2:57:16 上午 spec.jbb.JBBmain DoARun -> 信息:   started user thread for Warehouse 65
2月 12, 2026 2:57:16 上午 spec.jbb.JBBmain DoARun -> 信息:   started user thread for Warehouse 66
2月 12, 2026 2:57:16 上午 spec.jbb.JBBmain DoARun -> 信息:   started user thread for Warehouse 67
2月 12, 2026 2:57:16 上午 spec.jbb.JBBmain DoARun -> 信息:   started user thread for Warehouse 68
2月 12, 2026 2:57:16 上午 spec.jbb.JBBmain DoARun -> 信息:   started user thread for Warehouse 69
2月 12, 2026 2:57:16 上午 spec.jbb.JBBmain DoARun -> 信息:   started user thread for Warehouse 70
2月 12, 2026 2:57:16 上午 spec.jbb.JBBmain DoARun -> 信息:   started user thread for Warehouse 71
2月 12, 2026 2:57:16 上午 spec.jbb.JBBmain DoARun -> 信息:   started user thread for Warehouse 72
2月 12, 2026 2:57:16 上午 spec.jbb.JBBmain DoARun -> 信息:   started user thread for Warehouse 73
2月 12, 2026 2:57:16 上午 spec.jbb.JBBmain DoARun -> 信息:   started user thread for Warehouse 74
2月 12, 2026 2:57:16 上午 spec.jbb.JBBmain DoARun -> 信息:   started user thread for Warehouse 75
2月 12, 2026 2:57:16 上午 spec.jbb.JBBmain DoARun -> 信息:   started user thread for Warehouse 76
2月 12, 2026 2:57:16 上午 spec.jbb.JBBmain DoARun -> 信息:   started user thread for Warehouse 77
2月 12, 2026 2:57:16 上午 spec.jbb.JBBmain DoARun -> 信息:   started user thread for Warehouse 78
2月 12, 2026 2:57:16 上午 spec.jbb.JBBmain DoARun -> 信息:   started user thread for Warehouse 79
2月 12, 2026 2:57:16 上午 spec.jbb.JBBmain DoARun -> 信息:   started user thread for Warehouse 80
2月 12, 2026 2:57:16 上午 spec.jbb.JBBmain DoARun -> 信息:   started user thread for Warehouse 81
2月 12, 2026 2:57:16 上午 spec.jbb.JBBmain DoARun -> 信息:   started user thread for Warehouse 82
2月 12, 2026 2:57:16 上午 spec.jbb.JBBmain DoARun -> 信息:   started user thread for Warehouse 83
2月 12, 2026 2:57:16 上午 spec.jbb.JBBmain DoARun -> 信息:   started user thread for Warehouse 84
2月 12, 2026 2:57:16 上午 spec.jbb.JBBmain DoARun -> 信息:   started user thread for Warehouse 85
2月 12, 2026 2:57:16 上午 spec.jbb.JBBmain DoARun -> 信息:   started user thread for Warehouse 86
2月 12, 2026 2:57:16 上午 spec.jbb.JBBmain DoARun -> 信息:   started user thread for Warehouse 87
2月 12, 2026 2:57:16 上午 spec.jbb.JBBmain DoARun -> 信息:   started user thread for Warehouse 88
2月 12, 2026 2:57:16 上午 spec.jbb.JBBmain DoARun -> 信息:   started user thread for Warehouse 89
2月 12, 2026 2:57:16 上午 spec.jbb.JBBmain DoARun -> 信息:   started user thread for Warehouse 90
2月 12, 2026 2:57:16 上午 spec.jbb.JBBmain DoARun -> 信息:   started user thread for Warehouse 91
2月 12, 2026 2:57:16 上午 spec.jbb.Company displayResultTotals -> 信息: Timing Measurement began Thu Feb 12 02:57:16 CST 2026 for 4 minutes
2月 12, 2026 3:01:17 上午 spec.jbb.Company displayResultTotals -> 信息: Timing Measurement ended Thu Feb 12 03:01:17 CST 2026
2月 12, 2026 3:01:17 上午 spec.jbb.Company primeWithDummyData -> 信息: Loading Warehouse 92...
2月 12, 2026 3:01:17 上午 spec.jbb.JBBmain DoARun -> 信息: Start User Threads
2月 12, 2026 3:01:17 上午 spec.jbb.JBBmain DoARun -> 信息:   started user thread for Warehouse 1
2月 12, 2026 3:01:17 上午 spec.jbb.JBBmain DoARun -> 信息:   started user thread for Warehouse 2
2月 12, 2026 3:01:17 上午 spec.jbb.JBBmain DoARun -> 信息:   started user thread for Warehouse 3
2月 12, 2026 3:01:17 上午 spec.jbb.JBBmain DoARun -> 信息:   started user thread for Warehouse 4
2月 12, 2026 3:01:17 上午 spec.jbb.JBBmain DoARun -> 信息:   started user thread for Warehouse 5
2月 12, 2026 3:01:17 上午 spec.jbb.JBBmain DoARun -> 信息:   started user thread for Warehouse 6
2月 12, 2026 3:01:17 上午 spec.jbb.JBBmain DoARun -> 信息:   started user thread for Warehouse 7
2月 12, 2026 3:01:17 上午 spec.jbb.JBBmain DoARun -> 信息:   started user thread for Warehouse 8
2月 12, 2026 3:01:17 上午 spec.jbb.JBBmain DoARun -> 信息:   started user thread for Warehouse 9
2月 12, 2026 3:01:17 上午 spec.jbb.JBBmain DoARun -> 信息:   started user thread for Warehouse 10
2月 12, 2026 3:01:17 上午 spec.jbb.JBBmain DoARun -> 信息:   started user thread for Warehouse 11
2月 12, 2026 3:01:17 上午 spec.jbb.JBBmain DoARun -> 信息:   started user thread for Warehouse 12
2月 12, 2026 3:01:17 上午 spec.jbb.JBBmain DoARun -> 信息:   started user thread for Warehouse 13
2月 12, 2026 3:01:17 上午 spec.jbb.JBBmain DoARun -> 信息:   started user thread for Warehouse 14
2月 12, 2026 3:01:17 上午 spec.jbb.JBBmain DoARun -> 信息:   started user thread for Warehouse 15
2月 12, 2026 3:01:17 上午 spec.jbb.JBBmain DoARun -> 信息:   started user thread for Warehouse 16
2月 12, 2026 3:01:17 上午 spec.jbb.JBBmain DoARun -> 信息:   started user thread for Warehouse 17
2月 12, 2026 3:01:17 上午 spec.jbb.JBBmain DoARun -> 信息:   started user thread for Warehouse 18
2月 12, 2026 3:01:17 上午 spec.jbb.JBBmain DoARun -> 信息:   started user thread for Warehouse 19
2月 12, 2026 3:01:17 上午 spec.jbb.JBBmain DoARun -> 信息:   started user thread for Warehouse 20
2月 12, 2026 3:01:17 上午 spec.jbb.JBBmain DoARun -> 信息:   started user thread for Warehouse 21
2月 12, 2026 3:01:17 上午 spec.jbb.JBBmain DoARun -> 信息:   started user thread for Warehouse 22
2月 12, 2026 3:01:17 上午 spec.jbb.JBBmain DoARun -> 信息:   started user thread for Warehouse 23
2月 12, 2026 3:01:17 上午 spec.jbb.JBBmain DoARun -> 信息:   started user thread for Warehouse 24
2月 12, 2026 3:01:17 上午 spec.jbb.JBBmain DoARun -> 信息:   started user thread for Warehouse 25
2月 12, 2026 3:01:17 上午 spec.jbb.JBBmain DoARun -> 信息:   started user thread for Warehouse 26
2月 12, 2026 3:01:17 上午 spec.jbb.JBBmain DoARun -> 信息:   started user thread for Warehouse 27
2月 12, 2026 3:01:17 上午 spec.jbb.JBBmain DoARun -> 信息:   started user thread for Warehouse 28
2月 12, 2026 3:01:17 上午 spec.jbb.JBBmain DoARun -> 信息:   started user thread for Warehouse 29
2月 12, 2026 3:01:17 上午 spec.jbb.JBBmain DoARun -> 信息:   started user thread for Warehouse 30
2月 12, 2026 3:01:17 上午 spec.jbb.JBBmain DoARun -> 信息:   started user thread for Warehouse 31
2月 12, 2026 3:01:17 上午 spec.jbb.JBBmain DoARun -> 信息:   started user thread for Warehouse 32
2月 12, 2026 3:01:17 上午 spec.jbb.JBBmain DoARun -> 信息:   started user thread for Warehouse 33
2月 12, 2026 3:01:17 上午 spec.jbb.JBBmain DoARun -> 信息:   started user thread for Warehouse 34
2月 12, 2026 3:01:17 上午 spec.jbb.JBBmain DoARun -> 信息:   started user thread for Warehouse 35
2月 12, 2026 3:01:17 上午 spec.jbb.JBBmain DoARun -> 信息:   started user thread for Warehouse 36
2月 12, 2026 3:01:17 上午 spec.jbb.JBBmain DoARun -> 信息:   started user thread for Warehouse 37
2月 12, 2026 3:01:17 上午 spec.jbb.JBBmain DoARun -> 信息:   started user thread for Warehouse 38
2月 12, 2026 3:01:17 上午 spec.jbb.JBBmain DoARun -> 信息:   started user thread for Warehouse 39
2月 12, 2026 3:01:17 上午 spec.jbb.JBBmain DoARun -> 信息:   started user thread for Warehouse 40
2月 12, 2026 3:01:17 上午 spec.jbb.JBBmain DoARun -> 信息:   started user thread for Warehouse 41
2月 12, 2026 3:01:17 上午 spec.jbb.JBBmain DoARun -> 信息:   started user thread for Warehouse 42
2月 12, 2026 3:01:17 上午 spec.jbb.JBBmain DoARun -> 信息:   started user thread for Warehouse 43
2月 12, 2026 3:01:17 上午 spec.jbb.JBBmain DoARun -> 信息:   started user thread for Warehouse 44
2月 12, 2026 3:01:17 上午 spec.jbb.JBBmain DoARun -> 信息:   started user thread for Warehouse 45
2月 12, 2026 3:01:17 上午 spec.jbb.JBBmain DoARun -> 信息:   started user thread for Warehouse 46
2月 12, 2026 3:01:17 上午 spec.jbb.JBBmain DoARun -> 信息:   started user thread for Warehouse 47
2月 12, 2026 3:01:17 上午 spec.jbb.JBBmain DoARun -> 信息:   started user thread for Warehouse 48
2月 12, 2026 3:01:17 上午 spec.jbb.JBBmain DoARun -> 信息:   started user thread for Warehouse 49
2月 12, 2026 3:01:17 上午 spec.jbb.JBBmain DoARun -> 信息:   started user thread for Warehouse 50
2月 12, 2026 3:01:17 上午 spec.jbb.JBBmain DoARun -> 信息:   started user thread for Warehouse 51
2月 12, 2026 3:01:17 上午 spec.jbb.JBBmain DoARun -> 信息:   started user thread for Warehouse 52
2月 12, 2026 3:01:17 上午 spec.jbb.JBBmain DoARun -> 信息:   started user thread for Warehouse 53
2月 12, 2026 3:01:17 上午 spec.jbb.JBBmain DoARun -> 信息:   started user thread for Warehouse 54
2月 12, 2026 3:01:17 上午 spec.jbb.JBBmain DoARun -> 信息:   started user thread for Warehouse 55
2月 12, 2026 3:01:17 上午 spec.jbb.JBBmain DoARun -> 信息:   started user thread for Warehouse 56
2月 12, 2026 3:01:17 上午 spec.jbb.JBBmain DoARun -> 信息:   started user thread for Warehouse 57
2月 12, 2026 3:01:17 上午 spec.jbb.JBBmain DoARun -> 信息:   started user thread for Warehouse 58
2月 12, 2026 3:01:17 上午 spec.jbb.JBBmain DoARun -> 信息:   started user thread for Warehouse 59
2月 12, 2026 3:01:17 上午 spec.jbb.JBBmain DoARun -> 信息:   started user thread for Warehouse 60
2月 12, 2026 3:01:17 上午 spec.jbb.JBBmain DoARun -> 信息:   started user thread for Warehouse 61
2月 12, 2026 3:01:17 上午 spec.jbb.JBBmain DoARun -> 信息:   started user thread for Warehouse 62
2月 12, 2026 3:01:17 上午 spec.jbb.JBBmain DoARun -> 信息:   started user thread for Warehouse 63
2月 12, 2026 3:01:17 上午 spec.jbb.JBBmain DoARun -> 信息:   started user thread for Warehouse 64
2月 12, 2026 3:01:17 上午 spec.jbb.JBBmain DoARun -> 信息:   started user thread for Warehouse 65
2月 12, 2026 3:01:17 上午 spec.jbb.JBBmain DoARun -> 信息:   started user thread for Warehouse 66
2月 12, 2026 3:01:17 上午 spec.jbb.JBBmain DoARun -> 信息:   started user thread for Warehouse 67
2月 12, 2026 3:01:17 上午 spec.jbb.JBBmain DoARun -> 信息:   started user thread for Warehouse 68
2月 12, 2026 3:01:17 上午 spec.jbb.JBBmain DoARun -> 信息:   started user thread for Warehouse 69
2月 12, 2026 3:01:17 上午 spec.jbb.JBBmain DoARun -> 信息:   started user thread for Warehouse 70
2月 12, 2026 3:01:17 上午 spec.jbb.JBBmain DoARun -> 信息:   started user thread for Warehouse 71
2月 12, 2026 3:01:17 上午 spec.jbb.JBBmain DoARun -> 信息:   started user thread for Warehouse 72
2月 12, 2026 3:01:17 上午 spec.jbb.JBBmain DoARun -> 信息:   started user thread for Warehouse 73
2月 12, 2026 3:01:17 上午 spec.jbb.JBBmain DoARun -> 信息:   started user thread for Warehouse 74
2月 12, 2026 3:01:17 上午 spec.jbb.JBBmain DoARun -> 信息:   started user thread for Warehouse 75
2月 12, 2026 3:01:17 上午 spec.jbb.JBBmain DoARun -> 信息:   started user thread for Warehouse 76
2月 12, 2026 3:01:17 上午 spec.jbb.JBBmain DoARun -> 信息:   started user thread for Warehouse 77
2月 12, 2026 3:01:17 上午 spec.jbb.JBBmain DoARun -> 信息:   started user thread for Warehouse 78
2月 12, 2026 3:01:17 上午 spec.jbb.JBBmain DoARun -> 信息:   started user thread for Warehouse 79
2月 12, 2026 3:01:17 上午 spec.jbb.JBBmain DoARun -> 信息:   started user thread for Warehouse 80
2月 12, 2026 3:01:17 上午 spec.jbb.JBBmain DoARun -> 信息:   started user thread for Warehouse 81
2月 12, 2026 3:01:17 上午 spec.jbb.JBBmain DoARun -> 信息:   started user thread for Warehouse 82
2月 12, 2026 3:01:17 上午 spec.jbb.JBBmain DoARun -> 信息:   started user thread for Warehouse 83
2月 12, 2026 3:01:17 上午 spec.jbb.JBBmain DoARun -> 信息:   started user thread for Warehouse 84
2月 12, 2026 3:01:17 上午 spec.jbb.JBBmain DoARun -> 信息:   started user thread for Warehouse 85
2月 12, 2026 3:01:17 上午 spec.jbb.JBBmain DoARun -> 信息:   started user thread for Warehouse 86
2月 12, 2026 3:01:17 上午 spec.jbb.JBBmain DoARun -> 信息:   started user thread for Warehouse 87
2月 12, 2026 3:01:17 上午 spec.jbb.JBBmain DoARun -> 信息:   started user thread for Warehouse 88
2月 12, 2026 3:01:17 上午 spec.jbb.JBBmain DoARun -> 信息:   started user thread for Warehouse 89
2月 12, 2026 3:01:17 上午 spec.jbb.JBBmain DoARun -> 信息:   started user thread for Warehouse 90
2月 12, 2026 3:01:17 上午 spec.jbb.JBBmain DoARun -> 信息:   started user thread for Warehouse 91
2月 12, 2026 3:01:17 上午 spec.jbb.JBBmain DoARun -> 信息:   started user thread for Warehouse 92
2月 12, 2026 3:01:17 上午 spec.jbb.Company displayResultTotals -> 信息: Timing Measurement began Thu Feb 12 03:01:17 CST 2026 for 4 minutes
2月 12, 2026 3:05:17 上午 spec.jbb.Company displayResultTotals -> 信息: Timing Measurement ended Thu Feb 12 03:05:17 CST 2026
2月 12, 2026 3:05:17 上午 spec.jbb.Company primeWithDummyData -> 信息: Loading Warehouse 93...
2月 12, 2026 3:05:17 上午 spec.jbb.JBBmain DoARun -> 信息: Start User Threads
2月 12, 2026 3:05:17 上午 spec.jbb.JBBmain DoARun -> 信息:   started user thread for Warehouse 1
2月 12, 2026 3:05:17 上午 spec.jbb.JBBmain DoARun -> 信息:   started user thread for Warehouse 2
2月 12, 2026 3:05:17 上午 spec.jbb.JBBmain DoARun -> 信息:   started user thread for Warehouse 3
2月 12, 2026 3:05:17 上午 spec.jbb.JBBmain DoARun -> 信息:   started user thread for Warehouse 4
2月 12, 2026 3:05:17 上午 spec.jbb.JBBmain DoARun -> 信息:   started user thread for Warehouse 5
2月 12, 2026 3:05:17 上午 spec.jbb.JBBmain DoARun -> 信息:   started user thread for Warehouse 6
2月 12, 2026 3:05:17 上午 spec.jbb.JBBmain DoARun -> 信息:   started user thread for Warehouse 7
2月 12, 2026 3:05:17 上午 spec.jbb.JBBmain DoARun -> 信息:   started user thread for Warehouse 8
2月 12, 2026 3:05:17 上午 spec.jbb.JBBmain DoARun -> 信息:   started user thread for Warehouse 9
2月 12, 2026 3:05:17 上午 spec.jbb.JBBmain DoARun -> 信息:   started user thread for Warehouse 10
2月 12, 2026 3:05:17 上午 spec.jbb.JBBmain DoARun -> 信息:   started user thread for Warehouse 11
2月 12, 2026 3:05:17 上午 spec.jbb.JBBmain DoARun -> 信息:   started user thread for Warehouse 12
2月 12, 2026 3:05:17 上午 spec.jbb.JBBmain DoARun -> 信息:   started user thread for Warehouse 13
2月 12, 2026 3:05:17 上午 spec.jbb.JBBmain DoARun -> 信息:   started user thread for Warehouse 14
2月 12, 2026 3:05:17 上午 spec.jbb.JBBmain DoARun -> 信息:   started user thread for Warehouse 15
2月 12, 2026 3:05:17 上午 spec.jbb.JBBmain DoARun -> 信息:   started user thread for Warehouse 16
2月 12, 2026 3:05:17 上午 spec.jbb.JBBmain DoARun -> 信息:   started user thread for Warehouse 17
2月 12, 2026 3:05:17 上午 spec.jbb.JBBmain DoARun -> 信息:   started user thread for Warehouse 18
2月 12, 2026 3:05:17 上午 spec.jbb.JBBmain DoARun -> 信息:   started user thread for Warehouse 19
2月 12, 2026 3:05:17 上午 spec.jbb.JBBmain DoARun -> 信息:   started user thread for Warehouse 20
2月 12, 2026 3:05:17 上午 spec.jbb.JBBmain DoARun -> 信息:   started user thread for Warehouse 21
2月 12, 2026 3:05:17 上午 spec.jbb.JBBmain DoARun -> 信息:   started user thread for Warehouse 22
2月 12, 2026 3:05:17 上午 spec.jbb.JBBmain DoARun -> 信息:   started user thread for Warehouse 23
2月 12, 2026 3:05:17 上午 spec.jbb.JBBmain DoARun -> 信息:   started user thread for Warehouse 24
2月 12, 2026 3:05:17 上午 spec.jbb.JBBmain DoARun -> 信息:   started user thread for Warehouse 25
2月 12, 2026 3:05:17 上午 spec.jbb.JBBmain DoARun -> 信息:   started user thread for Warehouse 26
2月 12, 2026 3:05:17 上午 spec.jbb.JBBmain DoARun -> 信息:   started user thread for Warehouse 27
2月 12, 2026 3:05:17 上午 spec.jbb.JBBmain DoARun -> 信息:   started user thread for Warehouse 28
2月 12, 2026 3:05:17 上午 spec.jbb.JBBmain DoARun -> 信息:   started user thread for Warehouse 29
2月 12, 2026 3:05:17 上午 spec.jbb.JBBmain DoARun -> 信息:   started user thread for Warehouse 30
2月 12, 2026 3:05:17 上午 spec.jbb.JBBmain DoARun -> 信息:   started user thread for Warehouse 31
2月 12, 2026 3:05:17 上午 spec.jbb.JBBmain DoARun -> 信息:   started user thread for Warehouse 32
2月 12, 2026 3:05:17 上午 spec.jbb.JBBmain DoARun -> 信息:   started user thread for Warehouse 33
2月 12, 2026 3:05:17 上午 spec.jbb.JBBmain DoARun -> 信息:   started user thread for Warehouse 34
2月 12, 2026 3:05:17 上午 spec.jbb.JBBmain DoARun -> 信息:   started user thread for Warehouse 35
2月 12, 2026 3:05:17 上午 spec.jbb.JBBmain DoARun -> 信息:   started user thread for Warehouse 36
2月 12, 2026 3:05:17 上午 spec.jbb.JBBmain DoARun -> 信息:   started user thread for Warehouse 37
2月 12, 2026 3:05:17 上午 spec.jbb.JBBmain DoARun -> 信息:   started user thread for Warehouse 38
2月 12, 2026 3:05:17 上午 spec.jbb.JBBmain DoARun -> 信息:   started user thread for Warehouse 39
2月 12, 2026 3:05:17 上午 spec.jbb.JBBmain DoARun -> 信息:   started user thread for Warehouse 40
2月 12, 2026 3:05:17 上午 spec.jbb.JBBmain DoARun -> 信息:   started user thread for Warehouse 41
2月 12, 2026 3:05:17 上午 spec.jbb.JBBmain DoARun -> 信息:   started user thread for Warehouse 42
2月 12, 2026 3:05:17 上午 spec.jbb.JBBmain DoARun -> 信息:   started user thread for Warehouse 43
2月 12, 2026 3:05:17 上午 spec.jbb.JBBmain DoARun -> 信息:   started user thread for Warehouse 44
2月 12, 2026 3:05:17 上午 spec.jbb.JBBmain DoARun -> 信息:   started user thread for Warehouse 45
2月 12, 2026 3:05:17 上午 spec.jbb.JBBmain DoARun -> 信息:   started user thread for Warehouse 46
2月 12, 2026 3:05:17 上午 spec.jbb.JBBmain DoARun -> 信息:   started user thread for Warehouse 47
2月 12, 2026 3:05:17 上午 spec.jbb.JBBmain DoARun -> 信息:   started user thread for Warehouse 48
2月 12, 2026 3:05:17 上午 spec.jbb.JBBmain DoARun -> 信息:   started user thread for Warehouse 49
2月 12, 2026 3:05:17 上午 spec.jbb.JBBmain DoARun -> 信息:   started user thread for Warehouse 50
2月 12, 2026 3:05:17 上午 spec.jbb.JBBmain DoARun -> 信息:   started user thread for Warehouse 51
2月 12, 2026 3:05:17 上午 spec.jbb.JBBmain DoARun -> 信息:   started user thread for Warehouse 52
2月 12, 2026 3:05:17 上午 spec.jbb.JBBmain DoARun -> 信息:   started user thread for Warehouse 53
2月 12, 2026 3:05:17 上午 spec.jbb.JBBmain DoARun -> 信息:   started user thread for Warehouse 54
2月 12, 2026 3:05:17 上午 spec.jbb.JBBmain DoARun -> 信息:   started user thread for Warehouse 55
2月 12, 2026 3:05:17 上午 spec.jbb.JBBmain DoARun -> 信息:   started user thread for Warehouse 56
2月 12, 2026 3:05:17 上午 spec.jbb.JBBmain DoARun -> 信息:   started user thread for Warehouse 57
2月 12, 2026 3:05:17 上午 spec.jbb.JBBmain DoARun -> 信息:   started user thread for Warehouse 58
2月 12, 2026 3:05:17 上午 spec.jbb.JBBmain DoARun -> 信息:   started user thread for Warehouse 59
2月 12, 2026 3:05:17 上午 spec.jbb.JBBmain DoARun -> 信息:   started user thread for Warehouse 60
2月 12, 2026 3:05:17 上午 spec.jbb.JBBmain DoARun -> 信息:   started user thread for Warehouse 61
2月 12, 2026 3:05:17 上午 spec.jbb.JBBmain DoARun -> 信息:   started user thread for Warehouse 62
2月 12, 2026 3:05:17 上午 spec.jbb.JBBmain DoARun -> 信息:   started user thread for Warehouse 63
2月 12, 2026 3:05:17 上午 spec.jbb.JBBmain DoARun -> 信息:   started user thread for Warehouse 64
2月 12, 2026 3:05:17 上午 spec.jbb.JBBmain DoARun -> 信息:   started user thread for Warehouse 65
2月 12, 2026 3:05:17 上午 spec.jbb.JBBmain DoARun -> 信息:   started user thread for Warehouse 66
2月 12, 2026 3:05:17 上午 spec.jbb.JBBmain DoARun -> 信息:   started user thread for Warehouse 67
2月 12, 2026 3:05:17 上午 spec.jbb.JBBmain DoARun -> 信息:   started user thread for Warehouse 68
2月 12, 2026 3:05:17 上午 spec.jbb.JBBmain DoARun -> 信息:   started user thread for Warehouse 69
2月 12, 2026 3:05:17 上午 spec.jbb.JBBmain DoARun -> 信息:   started user thread for Warehouse 70
2月 12, 2026 3:05:17 上午 spec.jbb.JBBmain DoARun -> 信息:   started user thread for Warehouse 71
2月 12, 2026 3:05:17 上午 spec.jbb.JBBmain DoARun -> 信息:   started user thread for Warehouse 72
2月 12, 2026 3:05:17 上午 spec.jbb.JBBmain DoARun -> 信息:   started user thread for Warehouse 73
2月 12, 2026 3:05:17 上午 spec.jbb.JBBmain DoARun -> 信息:   started user thread for Warehouse 74
2月 12, 2026 3:05:17 上午 spec.jbb.JBBmain DoARun -> 信息:   started user thread for Warehouse 75
2月 12, 2026 3:05:17 上午 spec.jbb.JBBmain DoARun -> 信息:   started user thread for Warehouse 76
2月 12, 2026 3:05:17 上午 spec.jbb.JBBmain DoARun -> 信息:   started user thread for Warehouse 77
2月 12, 2026 3:05:17 上午 spec.jbb.JBBmain DoARun -> 信息:   started user thread for Warehouse 78
2月 12, 2026 3:05:17 上午 spec.jbb.JBBmain DoARun -> 信息:   started user thread for Warehouse 79
2月 12, 2026 3:05:17 上午 spec.jbb.JBBmain DoARun -> 信息:   started user thread for Warehouse 80
2月 12, 2026 3:05:17 上午 spec.jbb.JBBmain DoARun -> 信息:   started user thread for Warehouse 81
2月 12, 2026 3:05:17 上午 spec.jbb.JBBmain DoARun -> 信息:   started user thread for Warehouse 82
2月 12, 2026 3:05:17 上午 spec.jbb.JBBmain DoARun -> 信息:   started user thread for Warehouse 83
2月 12, 2026 3:05:17 上午 spec.jbb.JBBmain DoARun -> 信息:   started user thread for Warehouse 84
2月 12, 2026 3:05:17 上午 spec.jbb.JBBmain DoARun -> 信息:   started user thread for Warehouse 85
2月 12, 2026 3:05:17 上午 spec.jbb.JBBmain DoARun -> 信息:   started user thread for Warehouse 86
2月 12, 2026 3:05:17 上午 spec.jbb.JBBmain DoARun -> 信息:   started user thread for Warehouse 87
2月 12, 2026 3:05:17 上午 spec.jbb.JBBmain DoARun -> 信息:   started user thread for Warehouse 88
2月 12, 2026 3:05:17 上午 spec.jbb.JBBmain DoARun -> 信息:   started user thread for Warehouse 89
2月 12, 2026 3:05:17 上午 spec.jbb.JBBmain DoARun -> 信息:   started user thread for Warehouse 90
2月 12, 2026 3:05:17 上午 spec.jbb.JBBmain DoARun -> 信息:   started user thread for Warehouse 91
2月 12, 2026 3:05:17 上午 spec.jbb.JBBmain DoARun -> 信息:   started user thread for Warehouse 92
2月 12, 2026 3:05:17 上午 spec.jbb.JBBmain DoARun -> 信息:   started user thread for Warehouse 93
2月 12, 2026 3:05:17 上午 spec.jbb.Company displayResultTotals -> 信息: Timing Measurement began Thu Feb 12 03:05:17 CST 2026 for 4 minutes
2月 12, 2026 3:09:17 上午 spec.jbb.Company displayResultTotals -> 信息: Timing Measurement ended Thu Feb 12 03:09:17 CST 2026
2月 12, 2026 3:09:17 上午 spec.jbb.Company primeWithDummyData -> 信息: Loading Warehouse 94...
2月 12, 2026 3:09:18 上午 spec.jbb.JBBmain DoARun -> 信息: Start User Threads
2月 12, 2026 3:09:18 上午 spec.jbb.JBBmain DoARun -> 信息:   started user thread for Warehouse 1
2月 12, 2026 3:09:18 上午 spec.jbb.JBBmain DoARun -> 信息:   started user thread for Warehouse 2
2月 12, 2026 3:09:18 上午 spec.jbb.JBBmain DoARun -> 信息:   started user thread for Warehouse 3
2月 12, 2026 3:09:18 上午 spec.jbb.JBBmain DoARun -> 信息:   started user thread for Warehouse 4
2月 12, 2026 3:09:18 上午 spec.jbb.JBBmain DoARun -> 信息:   started user thread for Warehouse 5
2月 12, 2026 3:09:18 上午 spec.jbb.JBBmain DoARun -> 信息:   started user thread for Warehouse 6
2月 12, 2026 3:09:18 上午 spec.jbb.JBBmain DoARun -> 信息:   started user thread for Warehouse 7
2月 12, 2026 3:09:18 上午 spec.jbb.JBBmain DoARun -> 信息:   started user thread for Warehouse 8
2月 12, 2026 3:09:18 上午 spec.jbb.JBBmain DoARun -> 信息:   started user thread for Warehouse 9
2月 12, 2026 3:09:18 上午 spec.jbb.JBBmain DoARun -> 信息:   started user thread for Warehouse 10
2月 12, 2026 3:09:18 上午 spec.jbb.JBBmain DoARun -> 信息:   started user thread for Warehouse 11
2月 12, 2026 3:09:18 上午 spec.jbb.JBBmain DoARun -> 信息:   started user thread for Warehouse 12
2月 12, 2026 3:09:18 上午 spec.jbb.JBBmain DoARun -> 信息:   started user thread for Warehouse 13
2月 12, 2026 3:09:18 上午 spec.jbb.JBBmain DoARun -> 信息:   started user thread for Warehouse 14
2月 12, 2026 3:09:18 上午 spec.jbb.JBBmain DoARun -> 信息:   started user thread for Warehouse 15
2月 12, 2026 3:09:18 上午 spec.jbb.JBBmain DoARun -> 信息:   started user thread for Warehouse 16
2月 12, 2026 3:09:18 上午 spec.jbb.JBBmain DoARun -> 信息:   started user thread for Warehouse 17
2月 12, 2026 3:09:18 上午 spec.jbb.JBBmain DoARun -> 信息:   started user thread for Warehouse 18
2月 12, 2026 3:09:18 上午 spec.jbb.JBBmain DoARun -> 信息:   started user thread for Warehouse 19
2月 12, 2026 3:09:18 上午 spec.jbb.JBBmain DoARun -> 信息:   started user thread for Warehouse 20
2月 12, 2026 3:09:18 上午 spec.jbb.JBBmain DoARun -> 信息:   started user thread for Warehouse 21
2月 12, 2026 3:09:18 上午 spec.jbb.JBBmain DoARun -> 信息:   started user thread for Warehouse 22
2月 12, 2026 3:09:18 上午 spec.jbb.JBBmain DoARun -> 信息:   started user thread for Warehouse 23
2月 12, 2026 3:09:18 上午 spec.jbb.JBBmain DoARun -> 信息:   started user thread for Warehouse 24
2月 12, 2026 3:09:18 上午 spec.jbb.JBBmain DoARun -> 信息:   started user thread for Warehouse 25
2月 12, 2026 3:09:18 上午 spec.jbb.JBBmain DoARun -> 信息:   started user thread for Warehouse 26
2月 12, 2026 3:09:18 上午 spec.jbb.JBBmain DoARun -> 信息:   started user thread for Warehouse 27
2月 12, 2026 3:09:18 上午 spec.jbb.JBBmain DoARun -> 信息:   started user thread for Warehouse 28
2月 12, 2026 3:09:18 上午 spec.jbb.JBBmain DoARun -> 信息:   started user thread for Warehouse 29
2月 12, 2026 3:09:18 上午 spec.jbb.JBBmain DoARun -> 信息:   started user thread for Warehouse 30
2月 12, 2026 3:09:18 上午 spec.jbb.JBBmain DoARun -> 信息:   started user thread for Warehouse 31
2月 12, 2026 3:09:18 上午 spec.jbb.JBBmain DoARun -> 信息:   started user thread for Warehouse 32
2月 12, 2026 3:09:18 上午 spec.jbb.JBBmain DoARun -> 信息:   started user thread for Warehouse 33
2月 12, 2026 3:09:18 上午 spec.jbb.JBBmain DoARun -> 信息:   started user thread for Warehouse 34
2月 12, 2026 3:09:18 上午 spec.jbb.JBBmain DoARun -> 信息:   started user thread for Warehouse 35
2月 12, 2026 3:09:18 上午 spec.jbb.JBBmain DoARun -> 信息:   started user thread for Warehouse 36
2月 12, 2026 3:09:18 上午 spec.jbb.JBBmain DoARun -> 信息:   started user thread for Warehouse 37
2月 12, 2026 3:09:18 上午 spec.jbb.JBBmain DoARun -> 信息:   started user thread for Warehouse 38
2月 12, 2026 3:09:18 上午 spec.jbb.JBBmain DoARun -> 信息:   started user thread for Warehouse 39
2月 12, 2026 3:09:18 上午 spec.jbb.JBBmain DoARun -> 信息:   started user thread for Warehouse 40
2月 12, 2026 3:09:18 上午 spec.jbb.JBBmain DoARun -> 信息:   started user thread for Warehouse 41
2月 12, 2026 3:09:18 上午 spec.jbb.JBBmain DoARun -> 信息:   started user thread for Warehouse 42
2月 12, 2026 3:09:18 上午 spec.jbb.JBBmain DoARun -> 信息:   started user thread for Warehouse 43
2月 12, 2026 3:09:18 上午 spec.jbb.JBBmain DoARun -> 信息:   started user thread for Warehouse 44
2月 12, 2026 3:09:18 上午 spec.jbb.JBBmain DoARun -> 信息:   started user thread for Warehouse 45
2月 12, 2026 3:09:18 上午 spec.jbb.JBBmain DoARun -> 信息:   started user thread for Warehouse 46
2月 12, 2026 3:09:18 上午 spec.jbb.JBBmain DoARun -> 信息:   started user thread for Warehouse 47
2月 12, 2026 3:09:18 上午 spec.jbb.JBBmain DoARun -> 信息:   started user thread for Warehouse 48
2月 12, 2026 3:09:18 上午 spec.jbb.JBBmain DoARun -> 信息:   started user thread for Warehouse 49
2月 12, 2026 3:09:18 上午 spec.jbb.JBBmain DoARun -> 信息:   started user thread for Warehouse 50
2月 12, 2026 3:09:18 上午 spec.jbb.JBBmain DoARun -> 信息:   started user thread for Warehouse 51
2月 12, 2026 3:09:18 上午 spec.jbb.JBBmain DoARun -> 信息:   started user thread for Warehouse 52
2月 12, 2026 3:09:18 上午 spec.jbb.JBBmain DoARun -> 信息:   started user thread for Warehouse 53
2月 12, 2026 3:09:18 上午 spec.jbb.JBBmain DoARun -> 信息:   started user thread for Warehouse 54
2月 12, 2026 3:09:18 上午 spec.jbb.JBBmain DoARun -> 信息:   started user thread for Warehouse 55
2月 12, 2026 3:09:18 上午 spec.jbb.JBBmain DoARun -> 信息:   started user thread for Warehouse 56
2月 12, 2026 3:09:18 上午 spec.jbb.JBBmain DoARun -> 信息:   started user thread for Warehouse 57
2月 12, 2026 3:09:18 上午 spec.jbb.JBBmain DoARun -> 信息:   started user thread for Warehouse 58
2月 12, 2026 3:09:18 上午 spec.jbb.JBBmain DoARun -> 信息:   started user thread for Warehouse 59
2月 12, 2026 3:09:18 上午 spec.jbb.JBBmain DoARun -> 信息:   started user thread for Warehouse 60
2月 12, 2026 3:09:18 上午 spec.jbb.JBBmain DoARun -> 信息:   started user thread for Warehouse 61
2月 12, 2026 3:09:18 上午 spec.jbb.JBBmain DoARun -> 信息:   started user thread for Warehouse 62
2月 12, 2026 3:09:18 上午 spec.jbb.JBBmain DoARun -> 信息:   started user thread for Warehouse 63
2月 12, 2026 3:09:18 上午 spec.jbb.JBBmain DoARun -> 信息:   started user thread for Warehouse 64
2月 12, 2026 3:09:18 上午 spec.jbb.JBBmain DoARun -> 信息:   started user thread for Warehouse 65
2月 12, 2026 3:09:18 上午 spec.jbb.JBBmain DoARun -> 信息:   started user thread for Warehouse 66
2月 12, 2026 3:09:18 上午 spec.jbb.JBBmain DoARun -> 信息:   started user thread for Warehouse 67
2月 12, 2026 3:09:18 上午 spec.jbb.JBBmain DoARun -> 信息:   started user thread for Warehouse 68
2月 12, 2026 3:09:18 上午 spec.jbb.JBBmain DoARun -> 信息:   started user thread for Warehouse 69
2月 12, 2026 3:09:18 上午 spec.jbb.JBBmain DoARun -> 信息:   started user thread for Warehouse 70
2月 12, 2026 3:09:18 上午 spec.jbb.JBBmain DoARun -> 信息:   started user thread for Warehouse 71
2月 12, 2026 3:09:18 上午 spec.jbb.JBBmain DoARun -> 信息:   started user thread for Warehouse 72
2月 12, 2026 3:09:18 上午 spec.jbb.JBBmain DoARun -> 信息:   started user thread for Warehouse 73
2月 12, 2026 3:09:18 上午 spec.jbb.JBBmain DoARun -> 信息:   started user thread for Warehouse 74
2月 12, 2026 3:09:18 上午 spec.jbb.JBBmain DoARun -> 信息:   started user thread for Warehouse 75
2月 12, 2026 3:09:18 上午 spec.jbb.JBBmain DoARun -> 信息:   started user thread for Warehouse 76
2月 12, 2026 3:09:18 上午 spec.jbb.JBBmain DoARun -> 信息:   started user thread for Warehouse 77
2月 12, 2026 3:09:18 上午 spec.jbb.JBBmain DoARun -> 信息:   started user thread for Warehouse 78
2月 12, 2026 3:09:18 上午 spec.jbb.JBBmain DoARun -> 信息:   started user thread for Warehouse 79
2月 12, 2026 3:09:18 上午 spec.jbb.JBBmain DoARun -> 信息:   started user thread for Warehouse 80
2月 12, 2026 3:09:18 上午 spec.jbb.JBBmain DoARun -> 信息:   started user thread for Warehouse 81
2月 12, 2026 3:09:18 上午 spec.jbb.JBBmain DoARun -> 信息:   started user thread for Warehouse 82
2月 12, 2026 3:09:18 上午 spec.jbb.JBBmain DoARun -> 信息:   started user thread for Warehouse 83
2月 12, 2026 3:09:18 上午 spec.jbb.JBBmain DoARun -> 信息:   started user thread for Warehouse 84
2月 12, 2026 3:09:18 上午 spec.jbb.JBBmain DoARun -> 信息:   started user thread for Warehouse 85
2月 12, 2026 3:09:18 上午 spec.jbb.JBBmain DoARun -> 信息:   started user thread for Warehouse 86
2月 12, 2026 3:09:18 上午 spec.jbb.JBBmain DoARun -> 信息:   started user thread for Warehouse 87
2月 12, 2026 3:09:18 上午 spec.jbb.JBBmain DoARun -> 信息:   started user thread for Warehouse 88
2月 12, 2026 3:09:18 上午 spec.jbb.JBBmain DoARun -> 信息:   started user thread for Warehouse 89
2月 12, 2026 3:09:18 上午 spec.jbb.JBBmain DoARun -> 信息:   started user thread for Warehouse 90
2月 12, 2026 3:09:18 上午 spec.jbb.JBBmain DoARun -> 信息:   started user thread for Warehouse 91
2月 12, 2026 3:09:18 上午 spec.jbb.JBBmain DoARun -> 信息:   started user thread for Warehouse 92
2月 12, 2026 3:09:18 上午 spec.jbb.JBBmain DoARun -> 信息:   started user thread for Warehouse 93
2月 12, 2026 3:09:18 上午 spec.jbb.JBBmain DoARun -> 信息:   started user thread for Warehouse 94
2月 12, 2026 3:09:18 上午 spec.jbb.Company displayResultTotals -> 信息: Timing Measurement began Thu Feb 12 03:09:18 CST 2026 for 4 minutes
2月 12, 2026 3:13:18 上午 spec.jbb.Company displayResultTotals -> 信息: Timing Measurement ended Thu Feb 12 03:13:18 CST 2026
2月 12, 2026 3:13:18 上午 spec.jbb.Company primeWithDummyData -> 信息: Loading Warehouse 95...
2月 12, 2026 3:13:18 上午 spec.jbb.JBBmain DoARun -> 信息: Start User Threads
2月 12, 2026 3:13:18 上午 spec.jbb.JBBmain DoARun -> 信息:   started user thread for Warehouse 1
2月 12, 2026 3:13:18 上午 spec.jbb.JBBmain DoARun -> 信息:   started user thread for Warehouse 2
2月 12, 2026 3:13:18 上午 spec.jbb.JBBmain DoARun -> 信息:   started user thread for Warehouse 3
2月 12, 2026 3:13:18 上午 spec.jbb.JBBmain DoARun -> 信息:   started user thread for Warehouse 4
2月 12, 2026 3:13:18 上午 spec.jbb.JBBmain DoARun -> 信息:   started user thread for Warehouse 5
2月 12, 2026 3:13:18 上午 spec.jbb.JBBmain DoARun -> 信息:   started user thread for Warehouse 6
2月 12, 2026 3:13:18 上午 spec.jbb.JBBmain DoARun -> 信息:   started user thread for Warehouse 7
2月 12, 2026 3:13:18 上午 spec.jbb.JBBmain DoARun -> 信息:   started user thread for Warehouse 8
2月 12, 2026 3:13:18 上午 spec.jbb.JBBmain DoARun -> 信息:   started user thread for Warehouse 9
2月 12, 2026 3:13:18 上午 spec.jbb.JBBmain DoARun -> 信息:   started user thread for Warehouse 10
2月 12, 2026 3:13:18 上午 spec.jbb.JBBmain DoARun -> 信息:   started user thread for Warehouse 11
2月 12, 2026 3:13:18 上午 spec.jbb.JBBmain DoARun -> 信息:   started user thread for Warehouse 12
2月 12, 2026 3:13:18 上午 spec.jbb.JBBmain DoARun -> 信息:   started user thread for Warehouse 13
2月 12, 2026 3:13:18 上午 spec.jbb.JBBmain DoARun -> 信息:   started user thread for Warehouse 14
2月 12, 2026 3:13:18 上午 spec.jbb.JBBmain DoARun -> 信息:   started user thread for Warehouse 15
2月 12, 2026 3:13:18 上午 spec.jbb.JBBmain DoARun -> 信息:   started user thread for Warehouse 16
2月 12, 2026 3:13:18 上午 spec.jbb.JBBmain DoARun -> 信息:   started user thread for Warehouse 17
2月 12, 2026 3:13:18 上午 spec.jbb.JBBmain DoARun -> 信息:   started user thread for Warehouse 18
2月 12, 2026 3:13:18 上午 spec.jbb.JBBmain DoARun -> 信息:   started user thread for Warehouse 19
2月 12, 2026 3:13:18 上午 spec.jbb.JBBmain DoARun -> 信息:   started user thread for Warehouse 20
2月 12, 2026 3:13:18 上午 spec.jbb.JBBmain DoARun -> 信息:   started user thread for Warehouse 21
2月 12, 2026 3:13:18 上午 spec.jbb.JBBmain DoARun -> 信息:   started user thread for Warehouse 22
2月 12, 2026 3:13:18 上午 spec.jbb.JBBmain DoARun -> 信息:   started user thread for Warehouse 23
2月 12, 2026 3:13:18 上午 spec.jbb.JBBmain DoARun -> 信息:   started user thread for Warehouse 24
2月 12, 2026 3:13:18 上午 spec.jbb.JBBmain DoARun -> 信息:   started user thread for Warehouse 25
2月 12, 2026 3:13:18 上午 spec.jbb.JBBmain DoARun -> 信息:   started user thread for Warehouse 26
2月 12, 2026 3:13:18 上午 spec.jbb.JBBmain DoARun -> 信息:   started user thread for Warehouse 27
2月 12, 2026 3:13:18 上午 spec.jbb.JBBmain DoARun -> 信息:   started user thread for Warehouse 28
2月 12, 2026 3:13:18 上午 spec.jbb.JBBmain DoARun -> 信息:   started user thread for Warehouse 29
2月 12, 2026 3:13:18 上午 spec.jbb.JBBmain DoARun -> 信息:   started user thread for Warehouse 30
2月 12, 2026 3:13:18 上午 spec.jbb.JBBmain DoARun -> 信息:   started user thread for Warehouse 31
2月 12, 2026 3:13:18 上午 spec.jbb.JBBmain DoARun -> 信息:   started user thread for Warehouse 32
2月 12, 2026 3:13:18 上午 spec.jbb.JBBmain DoARun -> 信息:   started user thread for Warehouse 33
2月 12, 2026 3:13:18 上午 spec.jbb.JBBmain DoARun -> 信息:   started user thread for Warehouse 34
2月 12, 2026 3:13:18 上午 spec.jbb.JBBmain DoARun -> 信息:   started user thread for Warehouse 35
2月 12, 2026 3:13:18 上午 spec.jbb.JBBmain DoARun -> 信息:   started user thread for Warehouse 36
2月 12, 2026 3:13:18 上午 spec.jbb.JBBmain DoARun -> 信息:   started user thread for Warehouse 37
2月 12, 2026 3:13:18 上午 spec.jbb.JBBmain DoARun -> 信息:   started user thread for Warehouse 38
2月 12, 2026 3:13:18 上午 spec.jbb.JBBmain DoARun -> 信息:   started user thread for Warehouse 39
2月 12, 2026 3:13:18 上午 spec.jbb.JBBmain DoARun -> 信息:   started user thread for Warehouse 40
2月 12, 2026 3:13:18 上午 spec.jbb.JBBmain DoARun -> 信息:   started user thread for Warehouse 41
2月 12, 2026 3:13:18 上午 spec.jbb.JBBmain DoARun -> 信息:   started user thread for Warehouse 42
2月 12, 2026 3:13:18 上午 spec.jbb.JBBmain DoARun -> 信息:   started user thread for Warehouse 43
2月 12, 2026 3:13:18 上午 spec.jbb.JBBmain DoARun -> 信息:   started user thread for Warehouse 44
2月 12, 2026 3:13:18 上午 spec.jbb.JBBmain DoARun -> 信息:   started user thread for Warehouse 45
2月 12, 2026 3:13:18 上午 spec.jbb.JBBmain DoARun -> 信息:   started user thread for Warehouse 46
2月 12, 2026 3:13:18 上午 spec.jbb.JBBmain DoARun -> 信息:   started user thread for Warehouse 47
2月 12, 2026 3:13:18 上午 spec.jbb.JBBmain DoARun -> 信息:   started user thread for Warehouse 48
2月 12, 2026 3:13:18 上午 spec.jbb.JBBmain DoARun -> 信息:   started user thread for Warehouse 49
2月 12, 2026 3:13:18 上午 spec.jbb.JBBmain DoARun -> 信息:   started user thread for Warehouse 50
2月 12, 2026 3:13:18 上午 spec.jbb.JBBmain DoARun -> 信息:   started user thread for Warehouse 51
2月 12, 2026 3:13:18 上午 spec.jbb.JBBmain DoARun -> 信息:   started user thread for Warehouse 52
2月 12, 2026 3:13:18 上午 spec.jbb.JBBmain DoARun -> 信息:   started user thread for Warehouse 53
2月 12, 2026 3:13:18 上午 spec.jbb.JBBmain DoARun -> 信息:   started user thread for Warehouse 54
2月 12, 2026 3:13:18 上午 spec.jbb.JBBmain DoARun -> 信息:   started user thread for Warehouse 55
2月 12, 2026 3:13:18 上午 spec.jbb.JBBmain DoARun -> 信息:   started user thread for Warehouse 56
2月 12, 2026 3:13:18 上午 spec.jbb.JBBmain DoARun -> 信息:   started user thread for Warehouse 57
2月 12, 2026 3:13:18 上午 spec.jbb.JBBmain DoARun -> 信息:   started user thread for Warehouse 58
2月 12, 2026 3:13:18 上午 spec.jbb.JBBmain DoARun -> 信息:   started user thread for Warehouse 59
2月 12, 2026 3:13:18 上午 spec.jbb.JBBmain DoARun -> 信息:   started user thread for Warehouse 60
2月 12, 2026 3:13:18 上午 spec.jbb.JBBmain DoARun -> 信息:   started user thread for Warehouse 61
2月 12, 2026 3:13:18 上午 spec.jbb.JBBmain DoARun -> 信息:   started user thread for Warehouse 62
2月 12, 2026 3:13:18 上午 spec.jbb.JBBmain DoARun -> 信息:   started user thread for Warehouse 63
2月 12, 2026 3:13:18 上午 spec.jbb.JBBmain DoARun -> 信息:   started user thread for Warehouse 64
2月 12, 2026 3:13:18 上午 spec.jbb.JBBmain DoARun -> 信息:   started user thread for Warehouse 65
2月 12, 2026 3:13:18 上午 spec.jbb.JBBmain DoARun -> 信息:   started user thread for Warehouse 66
2月 12, 2026 3:13:18 上午 spec.jbb.JBBmain DoARun -> 信息:   started user thread for Warehouse 67
2月 12, 2026 3:13:18 上午 spec.jbb.JBBmain DoARun -> 信息:   started user thread for Warehouse 68
2月 12, 2026 3:13:18 上午 spec.jbb.JBBmain DoARun -> 信息:   started user thread for Warehouse 69
2月 12, 2026 3:13:18 上午 spec.jbb.JBBmain DoARun -> 信息:   started user thread for Warehouse 70
2月 12, 2026 3:13:18 上午 spec.jbb.JBBmain DoARun -> 信息:   started user thread for Warehouse 71
2月 12, 2026 3:13:18 上午 spec.jbb.JBBmain DoARun -> 信息:   started user thread for Warehouse 72
2月 12, 2026 3:13:18 上午 spec.jbb.JBBmain DoARun -> 信息:   started user thread for Warehouse 73
2月 12, 2026 3:13:18 上午 spec.jbb.JBBmain DoARun -> 信息:   started user thread for Warehouse 74
2月 12, 2026 3:13:18 上午 spec.jbb.JBBmain DoARun -> 信息:   started user thread for Warehouse 75
2月 12, 2026 3:13:18 上午 spec.jbb.JBBmain DoARun -> 信息:   started user thread for Warehouse 76
2月 12, 2026 3:13:18 上午 spec.jbb.JBBmain DoARun -> 信息:   started user thread for Warehouse 77
2月 12, 2026 3:13:18 上午 spec.jbb.JBBmain DoARun -> 信息:   started user thread for Warehouse 78
2月 12, 2026 3:13:18 上午 spec.jbb.JBBmain DoARun -> 信息:   started user thread for Warehouse 79
2月 12, 2026 3:13:18 上午 spec.jbb.JBBmain DoARun -> 信息:   started user thread for Warehouse 80
2月 12, 2026 3:13:18 上午 spec.jbb.JBBmain DoARun -> 信息:   started user thread for Warehouse 81
2月 12, 2026 3:13:18 上午 spec.jbb.JBBmain DoARun -> 信息:   started user thread for Warehouse 82
2月 12, 2026 3:13:18 上午 spec.jbb.JBBmain DoARun -> 信息:   started user thread for Warehouse 83
2月 12, 2026 3:13:18 上午 spec.jbb.JBBmain DoARun -> 信息:   started user thread for Warehouse 84
2月 12, 2026 3:13:18 上午 spec.jbb.JBBmain DoARun -> 信息:   started user thread for Warehouse 85
2月 12, 2026 3:13:18 上午 spec.jbb.JBBmain DoARun -> 信息:   started user thread for Warehouse 86
2月 12, 2026 3:13:18 上午 spec.jbb.JBBmain DoARun -> 信息:   started user thread for Warehouse 87
2月 12, 2026 3:13:18 上午 spec.jbb.JBBmain DoARun -> 信息:   started user thread for Warehouse 88
2月 12, 2026 3:13:18 上午 spec.jbb.JBBmain DoARun -> 信息:   started user thread for Warehouse 89
2月 12, 2026 3:13:18 上午 spec.jbb.JBBmain DoARun -> 信息:   started user thread for Warehouse 90
2月 12, 2026 3:13:18 上午 spec.jbb.JBBmain DoARun -> 信息:   started user thread for Warehouse 91
2月 12, 2026 3:13:18 上午 spec.jbb.JBBmain DoARun -> 信息:   started user thread for Warehouse 92
2月 12, 2026 3:13:18 上午 spec.jbb.JBBmain DoARun -> 信息:   started user thread for Warehouse 93
2月 12, 2026 3:13:18 上午 spec.jbb.JBBmain DoARun -> 信息:   started user thread for Warehouse 94
2月 12, 2026 3:13:18 上午 spec.jbb.JBBmain DoARun -> 信息:   started user thread for Warehouse 95
2月 12, 2026 3:13:18 上午 spec.jbb.Company displayResultTotals -> 信息: Timing Measurement began Thu Feb 12 03:13:18 CST 2026 for 4 minutes
2月 12, 2026 3:17:18 上午 spec.jbb.Company displayResultTotals -> 信息: Timing Measurement ended Thu Feb 12 03:17:18 CST 2026
2月 12, 2026 3:17:18 上午 spec.jbb.Company primeWithDummyData -> 信息: Loading Warehouse 96...
2月 12, 2026 3:17:18 上午 spec.jbb.JBBmain DoARun -> 信息: Start User Threads
2月 12, 2026 3:17:18 上午 spec.jbb.JBBmain DoARun -> 信息:   started user thread for Warehouse 1
2月 12, 2026 3:17:18 上午 spec.jbb.JBBmain DoARun -> 信息:   started user thread for Warehouse 2
2月 12, 2026 3:17:18 上午 spec.jbb.JBBmain DoARun -> 信息:   started user thread for Warehouse 3
2月 12, 2026 3:17:18 上午 spec.jbb.JBBmain DoARun -> 信息:   started user thread for Warehouse 4
2月 12, 2026 3:17:18 上午 spec.jbb.JBBmain DoARun -> 信息:   started user thread for Warehouse 5
2月 12, 2026 3:17:18 上午 spec.jbb.JBBmain DoARun -> 信息:   started user thread for Warehouse 6
2月 12, 2026 3:17:18 上午 spec.jbb.JBBmain DoARun -> 信息:   started user thread for Warehouse 7
2月 12, 2026 3:17:18 上午 spec.jbb.JBBmain DoARun -> 信息:   started user thread for Warehouse 8
2月 12, 2026 3:17:18 上午 spec.jbb.JBBmain DoARun -> 信息:   started user thread for Warehouse 9
2月 12, 2026 3:17:18 上午 spec.jbb.JBBmain DoARun -> 信息:   started user thread for Warehouse 10
2月 12, 2026 3:17:18 上午 spec.jbb.JBBmain DoARun -> 信息:   started user thread for Warehouse 11
2月 12, 2026 3:17:18 上午 spec.jbb.JBBmain DoARun -> 信息:   started user thread for Warehouse 12
2月 12, 2026 3:17:18 上午 spec.jbb.JBBmain DoARun -> 信息:   started user thread for Warehouse 13
2月 12, 2026 3:17:18 上午 spec.jbb.JBBmain DoARun -> 信息:   started user thread for Warehouse 14
2月 12, 2026 3:17:18 上午 spec.jbb.JBBmain DoARun -> 信息:   started user thread for Warehouse 15
2月 12, 2026 3:17:18 上午 spec.jbb.JBBmain DoARun -> 信息:   started user thread for Warehouse 16
2月 12, 2026 3:17:18 上午 spec.jbb.JBBmain DoARun -> 信息:   started user thread for Warehouse 17
2月 12, 2026 3:17:18 上午 spec.jbb.JBBmain DoARun -> 信息:   started user thread for Warehouse 18
2月 12, 2026 3:17:18 上午 spec.jbb.JBBmain DoARun -> 信息:   started user thread for Warehouse 19
2月 12, 2026 3:17:18 上午 spec.jbb.JBBmain DoARun -> 信息:   started user thread for Warehouse 20
2月 12, 2026 3:17:18 上午 spec.jbb.JBBmain DoARun -> 信息:   started user thread for Warehouse 21
2月 12, 2026 3:17:18 上午 spec.jbb.JBBmain DoARun -> 信息:   started user thread for Warehouse 22
2月 12, 2026 3:17:18 上午 spec.jbb.JBBmain DoARun -> 信息:   started user thread for Warehouse 23
2月 12, 2026 3:17:18 上午 spec.jbb.JBBmain DoARun -> 信息:   started user thread for Warehouse 24
2月 12, 2026 3:17:18 上午 spec.jbb.JBBmain DoARun -> 信息:   started user thread for Warehouse 25
2月 12, 2026 3:17:18 上午 spec.jbb.JBBmain DoARun -> 信息:   started user thread for Warehouse 26
2月 12, 2026 3:17:18 上午 spec.jbb.JBBmain DoARun -> 信息:   started user thread for Warehouse 27
2月 12, 2026 3:17:18 上午 spec.jbb.JBBmain DoARun -> 信息:   started user thread for Warehouse 28
2月 12, 2026 3:17:18 上午 spec.jbb.JBBmain DoARun -> 信息:   started user thread for Warehouse 29
2月 12, 2026 3:17:18 上午 spec.jbb.JBBmain DoARun -> 信息:   started user thread for Warehouse 30
2月 12, 2026 3:17:18 上午 spec.jbb.JBBmain DoARun -> 信息:   started user thread for Warehouse 31
2月 12, 2026 3:17:18 上午 spec.jbb.JBBmain DoARun -> 信息:   started user thread for Warehouse 32
2月 12, 2026 3:17:18 上午 spec.jbb.JBBmain DoARun -> 信息:   started user thread for Warehouse 33
2月 12, 2026 3:17:18 上午 spec.jbb.JBBmain DoARun -> 信息:   started user thread for Warehouse 34
2月 12, 2026 3:17:18 上午 spec.jbb.JBBmain DoARun -> 信息:   started user thread for Warehouse 35
2月 12, 2026 3:17:18 上午 spec.jbb.JBBmain DoARun -> 信息:   started user thread for Warehouse 36
2月 12, 2026 3:17:18 上午 spec.jbb.JBBmain DoARun -> 信息:   started user thread for Warehouse 37
2月 12, 2026 3:17:18 上午 spec.jbb.JBBmain DoARun -> 信息:   started user thread for Warehouse 38
2月 12, 2026 3:17:18 上午 spec.jbb.JBBmain DoARun -> 信息:   started user thread for Warehouse 39
2月 12, 2026 3:17:18 上午 spec.jbb.JBBmain DoARun -> 信息:   started user thread for Warehouse 40
2月 12, 2026 3:17:18 上午 spec.jbb.JBBmain DoARun -> 信息:   started user thread for Warehouse 41
2月 12, 2026 3:17:18 上午 spec.jbb.JBBmain DoARun -> 信息:   started user thread for Warehouse 42
2月 12, 2026 3:17:18 上午 spec.jbb.JBBmain DoARun -> 信息:   started user thread for Warehouse 43
2月 12, 2026 3:17:18 上午 spec.jbb.JBBmain DoARun -> 信息:   started user thread for Warehouse 44
2月 12, 2026 3:17:18 上午 spec.jbb.JBBmain DoARun -> 信息:   started user thread for Warehouse 45
2月 12, 2026 3:17:18 上午 spec.jbb.JBBmain DoARun -> 信息:   started user thread for Warehouse 46
2月 12, 2026 3:17:18 上午 spec.jbb.JBBmain DoARun -> 信息:   started user thread for Warehouse 47
2月 12, 2026 3:17:18 上午 spec.jbb.JBBmain DoARun -> 信息:   started user thread for Warehouse 48
2月 12, 2026 3:17:18 上午 spec.jbb.JBBmain DoARun -> 信息:   started user thread for Warehouse 49
2月 12, 2026 3:17:18 上午 spec.jbb.JBBmain DoARun -> 信息:   started user thread for Warehouse 50
2月 12, 2026 3:17:18 上午 spec.jbb.JBBmain DoARun -> 信息:   started user thread for Warehouse 51
2月 12, 2026 3:17:18 上午 spec.jbb.JBBmain DoARun -> 信息:   started user thread for Warehouse 52
2月 12, 2026 3:17:18 上午 spec.jbb.JBBmain DoARun -> 信息:   started user thread for Warehouse 53
2月 12, 2026 3:17:18 上午 spec.jbb.JBBmain DoARun -> 信息:   started user thread for Warehouse 54
2月 12, 2026 3:17:18 上午 spec.jbb.JBBmain DoARun -> 信息:   started user thread for Warehouse 55
2月 12, 2026 3:17:18 上午 spec.jbb.JBBmain DoARun -> 信息:   started user thread for Warehouse 56
2月 12, 2026 3:17:18 上午 spec.jbb.JBBmain DoARun -> 信息:   started user thread for Warehouse 57
2月 12, 2026 3:17:18 上午 spec.jbb.JBBmain DoARun -> 信息:   started user thread for Warehouse 58
2月 12, 2026 3:17:18 上午 spec.jbb.JBBmain DoARun -> 信息:   started user thread for Warehouse 59
2月 12, 2026 3:17:18 上午 spec.jbb.JBBmain DoARun -> 信息:   started user thread for Warehouse 60
2月 12, 2026 3:17:18 上午 spec.jbb.JBBmain DoARun -> 信息:   started user thread for Warehouse 61
2月 12, 2026 3:17:18 上午 spec.jbb.JBBmain DoARun -> 信息:   started user thread for Warehouse 62
2月 12, 2026 3:17:18 上午 spec.jbb.JBBmain DoARun -> 信息:   started user thread for Warehouse 63
2月 12, 2026 3:17:18 上午 spec.jbb.JBBmain DoARun -> 信息:   started user thread for Warehouse 64
2月 12, 2026 3:17:18 上午 spec.jbb.JBBmain DoARun -> 信息:   started user thread for Warehouse 65
2月 12, 2026 3:17:18 上午 spec.jbb.JBBmain DoARun -> 信息:   started user thread for Warehouse 66
2月 12, 2026 3:17:18 上午 spec.jbb.JBBmain DoARun -> 信息:   started user thread for Warehouse 67
2月 12, 2026 3:17:18 上午 spec.jbb.JBBmain DoARun -> 信息:   started user thread for Warehouse 68
2月 12, 2026 3:17:18 上午 spec.jbb.JBBmain DoARun -> 信息:   started user thread for Warehouse 69
2月 12, 2026 3:17:18 上午 spec.jbb.JBBmain DoARun -> 信息:   started user thread for Warehouse 70
2月 12, 2026 3:17:18 上午 spec.jbb.JBBmain DoARun -> 信息:   started user thread for Warehouse 71
2月 12, 2026 3:17:18 上午 spec.jbb.JBBmain DoARun -> 信息:   started user thread for Warehouse 72
2月 12, 2026 3:17:18 上午 spec.jbb.JBBmain DoARun -> 信息:   started user thread for Warehouse 73
2月 12, 2026 3:17:18 上午 spec.jbb.JBBmain DoARun -> 信息:   started user thread for Warehouse 74
2月 12, 2026 3:17:18 上午 spec.jbb.JBBmain DoARun -> 信息:   started user thread for Warehouse 75
2月 12, 2026 3:17:18 上午 spec.jbb.JBBmain DoARun -> 信息:   started user thread for Warehouse 76
2月 12, 2026 3:17:18 上午 spec.jbb.JBBmain DoARun -> 信息:   started user thread for Warehouse 77
2月 12, 2026 3:17:18 上午 spec.jbb.JBBmain DoARun -> 信息:   started user thread for Warehouse 78
2月 12, 2026 3:17:18 上午 spec.jbb.JBBmain DoARun -> 信息:   started user thread for Warehouse 79
2月 12, 2026 3:17:18 上午 spec.jbb.JBBmain DoARun -> 信息:   started user thread for Warehouse 80
2月 12, 2026 3:17:18 上午 spec.jbb.JBBmain DoARun -> 信息:   started user thread for Warehouse 81
2月 12, 2026 3:17:18 上午 spec.jbb.JBBmain DoARun -> 信息:   started user thread for Warehouse 82
2月 12, 2026 3:17:18 上午 spec.jbb.JBBmain DoARun -> 信息:   started user thread for Warehouse 83
2月 12, 2026 3:17:18 上午 spec.jbb.JBBmain DoARun -> 信息:   started user thread for Warehouse 84
2月 12, 2026 3:17:18 上午 spec.jbb.JBBmain DoARun -> 信息:   started user thread for Warehouse 85
2月 12, 2026 3:17:18 上午 spec.jbb.JBBmain DoARun -> 信息:   started user thread for Warehouse 86
2月 12, 2026 3:17:18 上午 spec.jbb.JBBmain DoARun -> 信息:   started user thread for Warehouse 87
2月 12, 2026 3:17:18 上午 spec.jbb.JBBmain DoARun -> 信息:   started user thread for Warehouse 88
2月 12, 2026 3:17:18 上午 spec.jbb.JBBmain DoARun -> 信息:   started user thread for Warehouse 89
2月 12, 2026 3:17:18 上午 spec.jbb.JBBmain DoARun -> 信息:   started user thread for Warehouse 90
2月 12, 2026 3:17:18 上午 spec.jbb.JBBmain DoARun -> 信息:   started user thread for Warehouse 91
2月 12, 2026 3:17:18 上午 spec.jbb.JBBmain DoARun -> 信息:   started user thread for Warehouse 92
2月 12, 2026 3:17:18 上午 spec.jbb.JBBmain DoARun -> 信息:   started user thread for Warehouse 93
2月 12, 2026 3:17:18 上午 spec.jbb.JBBmain DoARun -> 信息:   started user thread for Warehouse 94
2月 12, 2026 3:17:18 上午 spec.jbb.JBBmain DoARun -> 信息:   started user thread for Warehouse 95
2月 12, 2026 3:17:18 上午 spec.jbb.JBBmain DoARun -> 信息:   started user thread for Warehouse 96
2月 12, 2026 3:17:18 上午 spec.jbb.Company displayResultTotals -> 信息: Timing Measurement began Thu Feb 12 03:17:18 CST 2026 for 4 minutes
2月 12, 2026 3:21:18 上午 spec.jbb.Company displayResultTotals -> 信息: Timing Measurement ended Thu Feb 12 03:21:18 CST 2026
2月 12, 2026 3:21:19 上午 spec.jbb.Company primeWithDummyData -> 信息: Loading Warehouse 97...
2月 12, 2026 3:21:19 上午 spec.jbb.JBBmain DoARun -> 信息: Start User Threads
2月 12, 2026 3:21:19 上午 spec.jbb.JBBmain DoARun -> 信息:   started user thread for Warehouse 1
2月 12, 2026 3:21:19 上午 spec.jbb.JBBmain DoARun -> 信息:   started user thread for Warehouse 2
2月 12, 2026 3:21:19 上午 spec.jbb.JBBmain DoARun -> 信息:   started user thread for Warehouse 3
2月 12, 2026 3:21:19 上午 spec.jbb.JBBmain DoARun -> 信息:   started user thread for Warehouse 4
2月 12, 2026 3:21:19 上午 spec.jbb.JBBmain DoARun -> 信息:   started user thread for Warehouse 5
2月 12, 2026 3:21:19 上午 spec.jbb.JBBmain DoARun -> 信息:   started user thread for Warehouse 6
2月 12, 2026 3:21:19 上午 spec.jbb.JBBmain DoARun -> 信息:   started user thread for Warehouse 7
2月 12, 2026 3:21:19 上午 spec.jbb.JBBmain DoARun -> 信息:   started user thread for Warehouse 8
2月 12, 2026 3:21:19 上午 spec.jbb.JBBmain DoARun -> 信息:   started user thread for Warehouse 9
2月 12, 2026 3:21:19 上午 spec.jbb.JBBmain DoARun -> 信息:   started user thread for Warehouse 10
2月 12, 2026 3:21:19 上午 spec.jbb.JBBmain DoARun -> 信息:   started user thread for Warehouse 11
2月 12, 2026 3:21:19 上午 spec.jbb.JBBmain DoARun -> 信息:   started user thread for Warehouse 12
2月 12, 2026 3:21:19 上午 spec.jbb.JBBmain DoARun -> 信息:   started user thread for Warehouse 13
2月 12, 2026 3:21:19 上午 spec.jbb.JBBmain DoARun -> 信息:   started user thread for Warehouse 14
2月 12, 2026 3:21:19 上午 spec.jbb.JBBmain DoARun -> 信息:   started user thread for Warehouse 15
2月 12, 2026 3:21:19 上午 spec.jbb.JBBmain DoARun -> 信息:   started user thread for Warehouse 16
2月 12, 2026 3:21:19 上午 spec.jbb.JBBmain DoARun -> 信息:   started user thread for Warehouse 17
2月 12, 2026 3:21:19 上午 spec.jbb.JBBmain DoARun -> 信息:   started user thread for Warehouse 18
2月 12, 2026 3:21:19 上午 spec.jbb.JBBmain DoARun -> 信息:   started user thread for Warehouse 19
2月 12, 2026 3:21:19 上午 spec.jbb.JBBmain DoARun -> 信息:   started user thread for Warehouse 20
2月 12, 2026 3:21:19 上午 spec.jbb.JBBmain DoARun -> 信息:   started user thread for Warehouse 21
2月 12, 2026 3:21:19 上午 spec.jbb.JBBmain DoARun -> 信息:   started user thread for Warehouse 22
2月 12, 2026 3:21:19 上午 spec.jbb.JBBmain DoARun -> 信息:   started user thread for Warehouse 23
2月 12, 2026 3:21:19 上午 spec.jbb.JBBmain DoARun -> 信息:   started user thread for Warehouse 24
2月 12, 2026 3:21:19 上午 spec.jbb.JBBmain DoARun -> 信息:   started user thread for Warehouse 25
2月 12, 2026 3:21:19 上午 spec.jbb.JBBmain DoARun -> 信息:   started user thread for Warehouse 26
2月 12, 2026 3:21:19 上午 spec.jbb.JBBmain DoARun -> 信息:   started user thread for Warehouse 27
2月 12, 2026 3:21:19 上午 spec.jbb.JBBmain DoARun -> 信息:   started user thread for Warehouse 28
2月 12, 2026 3:21:19 上午 spec.jbb.JBBmain DoARun -> 信息:   started user thread for Warehouse 29
2月 12, 2026 3:21:19 上午 spec.jbb.JBBmain DoARun -> 信息:   started user thread for Warehouse 30
2月 12, 2026 3:21:19 上午 spec.jbb.JBBmain DoARun -> 信息:   started user thread for Warehouse 31
2月 12, 2026 3:21:19 上午 spec.jbb.JBBmain DoARun -> 信息:   started user thread for Warehouse 32
2月 12, 2026 3:21:19 上午 spec.jbb.JBBmain DoARun -> 信息:   started user thread for Warehouse 33
2月 12, 2026 3:21:19 上午 spec.jbb.JBBmain DoARun -> 信息:   started user thread for Warehouse 34
2月 12, 2026 3:21:19 上午 spec.jbb.JBBmain DoARun -> 信息:   started user thread for Warehouse 35
2月 12, 2026 3:21:19 上午 spec.jbb.JBBmain DoARun -> 信息:   started user thread for Warehouse 36
2月 12, 2026 3:21:19 上午 spec.jbb.JBBmain DoARun -> 信息:   started user thread for Warehouse 37
2月 12, 2026 3:21:19 上午 spec.jbb.JBBmain DoARun -> 信息:   started user thread for Warehouse 38
2月 12, 2026 3:21:19 上午 spec.jbb.JBBmain DoARun -> 信息:   started user thread for Warehouse 39
2月 12, 2026 3:21:19 上午 spec.jbb.JBBmain DoARun -> 信息:   started user thread for Warehouse 40
2月 12, 2026 3:21:19 上午 spec.jbb.JBBmain DoARun -> 信息:   started user thread for Warehouse 41
2月 12, 2026 3:21:19 上午 spec.jbb.JBBmain DoARun -> 信息:   started user thread for Warehouse 42
2月 12, 2026 3:21:19 上午 spec.jbb.JBBmain DoARun -> 信息:   started user thread for Warehouse 43
2月 12, 2026 3:21:19 上午 spec.jbb.JBBmain DoARun -> 信息:   started user thread for Warehouse 44
2月 12, 2026 3:21:19 上午 spec.jbb.JBBmain DoARun -> 信息:   started user thread for Warehouse 45
2月 12, 2026 3:21:19 上午 spec.jbb.JBBmain DoARun -> 信息:   started user thread for Warehouse 46
2月 12, 2026 3:21:19 上午 spec.jbb.JBBmain DoARun -> 信息:   started user thread for Warehouse 47
2月 12, 2026 3:21:19 上午 spec.jbb.JBBmain DoARun -> 信息:   started user thread for Warehouse 48
2月 12, 2026 3:21:19 上午 spec.jbb.JBBmain DoARun -> 信息:   started user thread for Warehouse 49
2月 12, 2026 3:21:19 上午 spec.jbb.JBBmain DoARun -> 信息:   started user thread for Warehouse 50
2月 12, 2026 3:21:19 上午 spec.jbb.JBBmain DoARun -> 信息:   started user thread for Warehouse 51
2月 12, 2026 3:21:19 上午 spec.jbb.JBBmain DoARun -> 信息:   started user thread for Warehouse 52
2月 12, 2026 3:21:19 上午 spec.jbb.JBBmain DoARun -> 信息:   started user thread for Warehouse 53
2月 12, 2026 3:21:19 上午 spec.jbb.JBBmain DoARun -> 信息:   started user thread for Warehouse 54
2月 12, 2026 3:21:19 上午 spec.jbb.JBBmain DoARun -> 信息:   started user thread for Warehouse 55
2月 12, 2026 3:21:19 上午 spec.jbb.JBBmain DoARun -> 信息:   started user thread for Warehouse 56
2月 12, 2026 3:21:19 上午 spec.jbb.JBBmain DoARun -> 信息:   started user thread for Warehouse 57
2月 12, 2026 3:21:19 上午 spec.jbb.JBBmain DoARun -> 信息:   started user thread for Warehouse 58
2月 12, 2026 3:21:19 上午 spec.jbb.JBBmain DoARun -> 信息:   started user thread for Warehouse 59
2月 12, 2026 3:21:19 上午 spec.jbb.JBBmain DoARun -> 信息:   started user thread for Warehouse 60
2月 12, 2026 3:21:19 上午 spec.jbb.JBBmain DoARun -> 信息:   started user thread for Warehouse 61
2月 12, 2026 3:21:19 上午 spec.jbb.JBBmain DoARun -> 信息:   started user thread for Warehouse 62
2月 12, 2026 3:21:19 上午 spec.jbb.JBBmain DoARun -> 信息:   started user thread for Warehouse 63
2月 12, 2026 3:21:19 上午 spec.jbb.JBBmain DoARun -> 信息:   started user thread for Warehouse 64
2月 12, 2026 3:21:19 上午 spec.jbb.JBBmain DoARun -> 信息:   started user thread for Warehouse 65
2月 12, 2026 3:21:19 上午 spec.jbb.JBBmain DoARun -> 信息:   started user thread for Warehouse 66
2月 12, 2026 3:21:19 上午 spec.jbb.JBBmain DoARun -> 信息:   started user thread for Warehouse 67
2月 12, 2026 3:21:19 上午 spec.jbb.JBBmain DoARun -> 信息:   started user thread for Warehouse 68
2月 12, 2026 3:21:19 上午 spec.jbb.JBBmain DoARun -> 信息:   started user thread for Warehouse 69
2月 12, 2026 3:21:19 上午 spec.jbb.JBBmain DoARun -> 信息:   started user thread for Warehouse 70
2月 12, 2026 3:21:19 上午 spec.jbb.JBBmain DoARun -> 信息:   started user thread for Warehouse 71
2月 12, 2026 3:21:19 上午 spec.jbb.JBBmain DoARun -> 信息:   started user thread for Warehouse 72
2月 12, 2026 3:21:19 上午 spec.jbb.JBBmain DoARun -> 信息:   started user thread for Warehouse 73
2月 12, 2026 3:21:19 上午 spec.jbb.JBBmain DoARun -> 信息:   started user thread for Warehouse 74
2月 12, 2026 3:21:19 上午 spec.jbb.JBBmain DoARun -> 信息:   started user thread for Warehouse 75
2月 12, 2026 3:21:19 上午 spec.jbb.JBBmain DoARun -> 信息:   started user thread for Warehouse 76
2月 12, 2026 3:21:19 上午 spec.jbb.JBBmain DoARun -> 信息:   started user thread for Warehouse 77
2月 12, 2026 3:21:19 上午 spec.jbb.JBBmain DoARun -> 信息:   started user thread for Warehouse 78
2月 12, 2026 3:21:19 上午 spec.jbb.JBBmain DoARun -> 信息:   started user thread for Warehouse 79
2月 12, 2026 3:21:19 上午 spec.jbb.JBBmain DoARun -> 信息:   started user thread for Warehouse 80
2月 12, 2026 3:21:19 上午 spec.jbb.JBBmain DoARun -> 信息:   started user thread for Warehouse 81
2月 12, 2026 3:21:19 上午 spec.jbb.JBBmain DoARun -> 信息:   started user thread for Warehouse 82
2月 12, 2026 3:21:19 上午 spec.jbb.JBBmain DoARun -> 信息:   started user thread for Warehouse 83
2月 12, 2026 3:21:19 上午 spec.jbb.JBBmain DoARun -> 信息:   started user thread for Warehouse 84
2月 12, 2026 3:21:19 上午 spec.jbb.JBBmain DoARun -> 信息:   started user thread for Warehouse 85
2月 12, 2026 3:21:19 上午 spec.jbb.JBBmain DoARun -> 信息:   started user thread for Warehouse 86
2月 12, 2026 3:21:19 上午 spec.jbb.JBBmain DoARun -> 信息:   started user thread for Warehouse 87
2月 12, 2026 3:21:19 上午 spec.jbb.JBBmain DoARun -> 信息:   started user thread for Warehouse 88
2月 12, 2026 3:21:19 上午 spec.jbb.JBBmain DoARun -> 信息:   started user thread for Warehouse 89
2月 12, 2026 3:21:19 上午 spec.jbb.JBBmain DoARun -> 信息:   started user thread for Warehouse 90
2月 12, 2026 3:21:19 上午 spec.jbb.JBBmain DoARun -> 信息:   started user thread for Warehouse 91
2月 12, 2026 3:21:19 上午 spec.jbb.JBBmain DoARun -> 信息:   started user thread for Warehouse 92
2月 12, 2026 3:21:19 上午 spec.jbb.JBBmain DoARun -> 信息:   started user thread for Warehouse 93
2月 12, 2026 3:21:19 上午 spec.jbb.JBBmain DoARun -> 信息:   started user thread for Warehouse 94
2月 12, 2026 3:21:19 上午 spec.jbb.JBBmain DoARun -> 信息:   started user thread for Warehouse 95
2月 12, 2026 3:21:19 上午 spec.jbb.JBBmain DoARun -> 信息:   started user thread for Warehouse 96
2月 12, 2026 3:21:19 上午 spec.jbb.JBBmain DoARun -> 信息:   started user thread for Warehouse 97
2月 12, 2026 3:21:19 上午 spec.jbb.Company displayResultTotals -> 信息: Timing Measurement began Thu Feb 12 03:21:19 CST 2026 for 4 minutes
2月 12, 2026 3:25:19 上午 spec.jbb.Company displayResultTotals -> 信息: Timing Measurement ended Thu Feb 12 03:25:19 CST 2026
2月 12, 2026 3:25:19 上午 spec.jbb.Company primeWithDummyData -> 信息: Loading Warehouse 98...
2月 12, 2026 3:25:19 上午 spec.jbb.JBBmain DoARun -> 信息: Start User Threads
2月 12, 2026 3:25:19 上午 spec.jbb.JBBmain DoARun -> 信息:   started user thread for Warehouse 1
2月 12, 2026 3:25:19 上午 spec.jbb.JBBmain DoARun -> 信息:   started user thread for Warehouse 2
2月 12, 2026 3:25:19 上午 spec.jbb.JBBmain DoARun -> 信息:   started user thread for Warehouse 3
2月 12, 2026 3:25:19 上午 spec.jbb.JBBmain DoARun -> 信息:   started user thread for Warehouse 4
2月 12, 2026 3:25:19 上午 spec.jbb.JBBmain DoARun -> 信息:   started user thread for Warehouse 5
2月 12, 2026 3:25:19 上午 spec.jbb.JBBmain DoARun -> 信息:   started user thread for Warehouse 6
2月 12, 2026 3:25:19 上午 spec.jbb.JBBmain DoARun -> 信息:   started user thread for Warehouse 7
2月 12, 2026 3:25:19 上午 spec.jbb.JBBmain DoARun -> 信息:   started user thread for Warehouse 8
2月 12, 2026 3:25:19 上午 spec.jbb.JBBmain DoARun -> 信息:   started user thread for Warehouse 9
2月 12, 2026 3:25:19 上午 spec.jbb.JBBmain DoARun -> 信息:   started user thread for Warehouse 10
2月 12, 2026 3:25:19 上午 spec.jbb.JBBmain DoARun -> 信息:   started user thread for Warehouse 11
2月 12, 2026 3:25:19 上午 spec.jbb.JBBmain DoARun -> 信息:   started user thread for Warehouse 12
2月 12, 2026 3:25:19 上午 spec.jbb.JBBmain DoARun -> 信息:   started user thread for Warehouse 13
2月 12, 2026 3:25:19 上午 spec.jbb.JBBmain DoARun -> 信息:   started user thread for Warehouse 14
2月 12, 2026 3:25:19 上午 spec.jbb.JBBmain DoARun -> 信息:   started user thread for Warehouse 15
2月 12, 2026 3:25:19 上午 spec.jbb.JBBmain DoARun -> 信息:   started user thread for Warehouse 16
2月 12, 2026 3:25:19 上午 spec.jbb.JBBmain DoARun -> 信息:   started user thread for Warehouse 17
2月 12, 2026 3:25:19 上午 spec.jbb.JBBmain DoARun -> 信息:   started user thread for Warehouse 18
2月 12, 2026 3:25:19 上午 spec.jbb.JBBmain DoARun -> 信息:   started user thread for Warehouse 19
2月 12, 2026 3:25:19 上午 spec.jbb.JBBmain DoARun -> 信息:   started user thread for Warehouse 20
2月 12, 2026 3:25:19 上午 spec.jbb.JBBmain DoARun -> 信息:   started user thread for Warehouse 21
2月 12, 2026 3:25:19 上午 spec.jbb.JBBmain DoARun -> 信息:   started user thread for Warehouse 22
2月 12, 2026 3:25:19 上午 spec.jbb.JBBmain DoARun -> 信息:   started user thread for Warehouse 23
2月 12, 2026 3:25:19 上午 spec.jbb.JBBmain DoARun -> 信息:   started user thread for Warehouse 24
2月 12, 2026 3:25:19 上午 spec.jbb.JBBmain DoARun -> 信息:   started user thread for Warehouse 25
2月 12, 2026 3:25:19 上午 spec.jbb.JBBmain DoARun -> 信息:   started user thread for Warehouse 26
2月 12, 2026 3:25:19 上午 spec.jbb.JBBmain DoARun -> 信息:   started user thread for Warehouse 27
2月 12, 2026 3:25:19 上午 spec.jbb.JBBmain DoARun -> 信息:   started user thread for Warehouse 28
2月 12, 2026 3:25:19 上午 spec.jbb.JBBmain DoARun -> 信息:   started user thread for Warehouse 29
2月 12, 2026 3:25:19 上午 spec.jbb.JBBmain DoARun -> 信息:   started user thread for Warehouse 30
2月 12, 2026 3:25:19 上午 spec.jbb.JBBmain DoARun -> 信息:   started user thread for Warehouse 31
2月 12, 2026 3:25:19 上午 spec.jbb.JBBmain DoARun -> 信息:   started user thread for Warehouse 32
2月 12, 2026 3:25:19 上午 spec.jbb.JBBmain DoARun -> 信息:   started user thread for Warehouse 33
2月 12, 2026 3:25:19 上午 spec.jbb.JBBmain DoARun -> 信息:   started user thread for Warehouse 34
2月 12, 2026 3:25:19 上午 spec.jbb.JBBmain DoARun -> 信息:   started user thread for Warehouse 35
2月 12, 2026 3:25:19 上午 spec.jbb.JBBmain DoARun -> 信息:   started user thread for Warehouse 36
2月 12, 2026 3:25:19 上午 spec.jbb.JBBmain DoARun -> 信息:   started user thread for Warehouse 37
2月 12, 2026 3:25:19 上午 spec.jbb.JBBmain DoARun -> 信息:   started user thread for Warehouse 38
2月 12, 2026 3:25:19 上午 spec.jbb.JBBmain DoARun -> 信息:   started user thread for Warehouse 39
2月 12, 2026 3:25:19 上午 spec.jbb.JBBmain DoARun -> 信息:   started user thread for Warehouse 40
2月 12, 2026 3:25:19 上午 spec.jbb.JBBmain DoARun -> 信息:   started user thread for Warehouse 41
2月 12, 2026 3:25:19 上午 spec.jbb.JBBmain DoARun -> 信息:   started user thread for Warehouse 42
2月 12, 2026 3:25:19 上午 spec.jbb.JBBmain DoARun -> 信息:   started user thread for Warehouse 43
2月 12, 2026 3:25:19 上午 spec.jbb.JBBmain DoARun -> 信息:   started user thread for Warehouse 44
2月 12, 2026 3:25:19 上午 spec.jbb.JBBmain DoARun -> 信息:   started user thread for Warehouse 45
2月 12, 2026 3:25:19 上午 spec.jbb.JBBmain DoARun -> 信息:   started user thread for Warehouse 46
2月 12, 2026 3:25:19 上午 spec.jbb.JBBmain DoARun -> 信息:   started user thread for Warehouse 47
2月 12, 2026 3:25:19 上午 spec.jbb.JBBmain DoARun -> 信息:   started user thread for Warehouse 48
2月 12, 2026 3:25:19 上午 spec.jbb.JBBmain DoARun -> 信息:   started user thread for Warehouse 49
2月 12, 2026 3:25:19 上午 spec.jbb.JBBmain DoARun -> 信息:   started user thread for Warehouse 50
2月 12, 2026 3:25:19 上午 spec.jbb.JBBmain DoARun -> 信息:   started user thread for Warehouse 51
2月 12, 2026 3:25:19 上午 spec.jbb.JBBmain DoARun -> 信息:   started user thread for Warehouse 52
2月 12, 2026 3:25:19 上午 spec.jbb.JBBmain DoARun -> 信息:   started user thread for Warehouse 53
2月 12, 2026 3:25:19 上午 spec.jbb.JBBmain DoARun -> 信息:   started user thread for Warehouse 54
2月 12, 2026 3:25:19 上午 spec.jbb.JBBmain DoARun -> 信息:   started user thread for Warehouse 55
2月 12, 2026 3:25:19 上午 spec.jbb.JBBmain DoARun -> 信息:   started user thread for Warehouse 56
2月 12, 2026 3:25:19 上午 spec.jbb.JBBmain DoARun -> 信息:   started user thread for Warehouse 57
2月 12, 2026 3:25:19 上午 spec.jbb.JBBmain DoARun -> 信息:   started user thread for Warehouse 58
2月 12, 2026 3:25:19 上午 spec.jbb.JBBmain DoARun -> 信息:   started user thread for Warehouse 59
2月 12, 2026 3:25:19 上午 spec.jbb.JBBmain DoARun -> 信息:   started user thread for Warehouse 60
2月 12, 2026 3:25:19 上午 spec.jbb.JBBmain DoARun -> 信息:   started user thread for Warehouse 61
2月 12, 2026 3:25:19 上午 spec.jbb.JBBmain DoARun -> 信息:   started user thread for Warehouse 62
2月 12, 2026 3:25:19 上午 spec.jbb.JBBmain DoARun -> 信息:   started user thread for Warehouse 63
2月 12, 2026 3:25:19 上午 spec.jbb.JBBmain DoARun -> 信息:   started user thread for Warehouse 64
2月 12, 2026 3:25:19 上午 spec.jbb.JBBmain DoARun -> 信息:   started user thread for Warehouse 65
2月 12, 2026 3:25:19 上午 spec.jbb.JBBmain DoARun -> 信息:   started user thread for Warehouse 66
2月 12, 2026 3:25:19 上午 spec.jbb.JBBmain DoARun -> 信息:   started user thread for Warehouse 67
2月 12, 2026 3:25:19 上午 spec.jbb.JBBmain DoARun -> 信息:   started user thread for Warehouse 68
2月 12, 2026 3:25:19 上午 spec.jbb.JBBmain DoARun -> 信息:   started user thread for Warehouse 69
2月 12, 2026 3:25:19 上午 spec.jbb.JBBmain DoARun -> 信息:   started user thread for Warehouse 70
2月 12, 2026 3:25:19 上午 spec.jbb.JBBmain DoARun -> 信息:   started user thread for Warehouse 71
2月 12, 2026 3:25:19 上午 spec.jbb.JBBmain DoARun -> 信息:   started user thread for Warehouse 72
2月 12, 2026 3:25:19 上午 spec.jbb.JBBmain DoARun -> 信息:   started user thread for Warehouse 73
2月 12, 2026 3:25:19 上午 spec.jbb.JBBmain DoARun -> 信息:   started user thread for Warehouse 74
2月 12, 2026 3:25:19 上午 spec.jbb.JBBmain DoARun -> 信息:   started user thread for Warehouse 75
2月 12, 2026 3:25:19 上午 spec.jbb.JBBmain DoARun -> 信息:   started user thread for Warehouse 76
2月 12, 2026 3:25:19 上午 spec.jbb.JBBmain DoARun -> 信息:   started user thread for Warehouse 77
2月 12, 2026 3:25:19 上午 spec.jbb.JBBmain DoARun -> 信息:   started user thread for Warehouse 78
2月 12, 2026 3:25:19 上午 spec.jbb.JBBmain DoARun -> 信息:   started user thread for Warehouse 79
2月 12, 2026 3:25:19 上午 spec.jbb.JBBmain DoARun -> 信息:   started user thread for Warehouse 80
2月 12, 2026 3:25:19 上午 spec.jbb.JBBmain DoARun -> 信息:   started user thread for Warehouse 81
2月 12, 2026 3:25:19 上午 spec.jbb.JBBmain DoARun -> 信息:   started user thread for Warehouse 82
2月 12, 2026 3:25:19 上午 spec.jbb.JBBmain DoARun -> 信息:   started user thread for Warehouse 83
2月 12, 2026 3:25:19 上午 spec.jbb.JBBmain DoARun -> 信息:   started user thread for Warehouse 84
2月 12, 2026 3:25:19 上午 spec.jbb.JBBmain DoARun -> 信息:   started user thread for Warehouse 85
2月 12, 2026 3:25:19 上午 spec.jbb.JBBmain DoARun -> 信息:   started user thread for Warehouse 86
2月 12, 2026 3:25:19 上午 spec.jbb.JBBmain DoARun -> 信息:   started user thread for Warehouse 87
2月 12, 2026 3:25:19 上午 spec.jbb.JBBmain DoARun -> 信息:   started user thread for Warehouse 88
2月 12, 2026 3:25:19 上午 spec.jbb.JBBmain DoARun -> 信息:   started user thread for Warehouse 89
2月 12, 2026 3:25:19 上午 spec.jbb.JBBmain DoARun -> 信息:   started user thread for Warehouse 90
2月 12, 2026 3:25:19 上午 spec.jbb.JBBmain DoARun -> 信息:   started user thread for Warehouse 91
2月 12, 2026 3:25:19 上午 spec.jbb.JBBmain DoARun -> 信息:   started user thread for Warehouse 92
2月 12, 2026 3:25:19 上午 spec.jbb.JBBmain DoARun -> 信息:   started user thread for Warehouse 93
2月 12, 2026 3:25:19 上午 spec.jbb.JBBmain DoARun -> 信息:   started user thread for Warehouse 94
2月 12, 2026 3:25:19 上午 spec.jbb.JBBmain DoARun -> 信息:   started user thread for Warehouse 95
2月 12, 2026 3:25:19 上午 spec.jbb.JBBmain DoARun -> 信息:   started user thread for Warehouse 96
2月 12, 2026 3:25:19 上午 spec.jbb.JBBmain DoARun -> 信息:   started user thread for Warehouse 97
2月 12, 2026 3:25:19 上午 spec.jbb.JBBmain DoARun -> 信息:   started user thread for Warehouse 98
2月 12, 2026 3:25:19 上午 spec.jbb.Company displayResultTotals -> 信息: Timing Measurement began Thu Feb 12 03:25:19 CST 2026 for 4 minutes
2月 12, 2026 3:29:19 上午 spec.jbb.Company displayResultTotals -> 信息: Timing Measurement ended Thu Feb 12 03:29:19 CST 2026
2月 12, 2026 3:29:19 上午 spec.jbb.Company primeWithDummyData -> 信息: Loading Warehouse 99...
2月 12, 2026 3:29:20 上午 spec.jbb.JBBmain DoARun -> 信息: Start User Threads
2月 12, 2026 3:29:20 上午 spec.jbb.JBBmain DoARun -> 信息:   started user thread for Warehouse 1
2月 12, 2026 3:29:20 上午 spec.jbb.JBBmain DoARun -> 信息:   started user thread for Warehouse 2
2月 12, 2026 3:29:20 上午 spec.jbb.JBBmain DoARun -> 信息:   started user thread for Warehouse 3
2月 12, 2026 3:29:20 上午 spec.jbb.JBBmain DoARun -> 信息:   started user thread for Warehouse 4
2月 12, 2026 3:29:20 上午 spec.jbb.JBBmain DoARun -> 信息:   started user thread for Warehouse 5
2月 12, 2026 3:29:20 上午 spec.jbb.JBBmain DoARun -> 信息:   started user thread for Warehouse 6
2月 12, 2026 3:29:20 上午 spec.jbb.JBBmain DoARun -> 信息:   started user thread for Warehouse 7
2月 12, 2026 3:29:20 上午 spec.jbb.JBBmain DoARun -> 信息:   started user thread for Warehouse 8
2月 12, 2026 3:29:20 上午 spec.jbb.JBBmain DoARun -> 信息:   started user thread for Warehouse 9
2月 12, 2026 3:29:20 上午 spec.jbb.JBBmain DoARun -> 信息:   started user thread for Warehouse 10
2月 12, 2026 3:29:20 上午 spec.jbb.JBBmain DoARun -> 信息:   started user thread for Warehouse 11
2月 12, 2026 3:29:20 上午 spec.jbb.JBBmain DoARun -> 信息:   started user thread for Warehouse 12
2月 12, 2026 3:29:20 上午 spec.jbb.JBBmain DoARun -> 信息:   started user thread for Warehouse 13
2月 12, 2026 3:29:20 上午 spec.jbb.JBBmain DoARun -> 信息:   started user thread for Warehouse 14
2月 12, 2026 3:29:20 上午 spec.jbb.JBBmain DoARun -> 信息:   started user thread for Warehouse 15
2月 12, 2026 3:29:20 上午 spec.jbb.JBBmain DoARun -> 信息:   started user thread for Warehouse 16
2月 12, 2026 3:29:20 上午 spec.jbb.JBBmain DoARun -> 信息:   started user thread for Warehouse 17
2月 12, 2026 3:29:20 上午 spec.jbb.JBBmain DoARun -> 信息:   started user thread for Warehouse 18
2月 12, 2026 3:29:20 上午 spec.jbb.JBBmain DoARun -> 信息:   started user thread for Warehouse 19
2月 12, 2026 3:29:20 上午 spec.jbb.JBBmain DoARun -> 信息:   started user thread for Warehouse 20
2月 12, 2026 3:29:20 上午 spec.jbb.JBBmain DoARun -> 信息:   started user thread for Warehouse 21
2月 12, 2026 3:29:20 上午 spec.jbb.JBBmain DoARun -> 信息:   started user thread for Warehouse 22
2月 12, 2026 3:29:20 上午 spec.jbb.JBBmain DoARun -> 信息:   started user thread for Warehouse 23
2月 12, 2026 3:29:20 上午 spec.jbb.JBBmain DoARun -> 信息:   started user thread for Warehouse 24
2月 12, 2026 3:29:20 上午 spec.jbb.JBBmain DoARun -> 信息:   started user thread for Warehouse 25
2月 12, 2026 3:29:20 上午 spec.jbb.JBBmain DoARun -> 信息:   started user thread for Warehouse 26
2月 12, 2026 3:29:20 上午 spec.jbb.JBBmain DoARun -> 信息:   started user thread for Warehouse 27
2月 12, 2026 3:29:20 上午 spec.jbb.JBBmain DoARun -> 信息:   started user thread for Warehouse 28
2月 12, 2026 3:29:20 上午 spec.jbb.JBBmain DoARun -> 信息:   started user thread for Warehouse 29
2月 12, 2026 3:29:20 上午 spec.jbb.JBBmain DoARun -> 信息:   started user thread for Warehouse 30
2月 12, 2026 3:29:20 上午 spec.jbb.JBBmain DoARun -> 信息:   started user thread for Warehouse 31
2月 12, 2026 3:29:20 上午 spec.jbb.JBBmain DoARun -> 信息:   started user thread for Warehouse 32
2月 12, 2026 3:29:20 上午 spec.jbb.JBBmain DoARun -> 信息:   started user thread for Warehouse 33
2月 12, 2026 3:29:20 上午 spec.jbb.JBBmain DoARun -> 信息:   started user thread for Warehouse 34
2月 12, 2026 3:29:20 上午 spec.jbb.JBBmain DoARun -> 信息:   started user thread for Warehouse 35
2月 12, 2026 3:29:20 上午 spec.jbb.JBBmain DoARun -> 信息:   started user thread for Warehouse 36
2月 12, 2026 3:29:20 上午 spec.jbb.JBBmain DoARun -> 信息:   started user thread for Warehouse 37
2月 12, 2026 3:29:20 上午 spec.jbb.JBBmain DoARun -> 信息:   started user thread for Warehouse 38
2月 12, 2026 3:29:20 上午 spec.jbb.JBBmain DoARun -> 信息:   started user thread for Warehouse 39
2月 12, 2026 3:29:20 上午 spec.jbb.JBBmain DoARun -> 信息:   started user thread for Warehouse 40
2月 12, 2026 3:29:20 上午 spec.jbb.JBBmain DoARun -> 信息:   started user thread for Warehouse 41
2月 12, 2026 3:29:20 上午 spec.jbb.JBBmain DoARun -> 信息:   started user thread for Warehouse 42
2月 12, 2026 3:29:20 上午 spec.jbb.JBBmain DoARun -> 信息:   started user thread for Warehouse 43
2月 12, 2026 3:29:20 上午 spec.jbb.JBBmain DoARun -> 信息:   started user thread for Warehouse 44
2月 12, 2026 3:29:20 上午 spec.jbb.JBBmain DoARun -> 信息:   started user thread for Warehouse 45
2月 12, 2026 3:29:20 上午 spec.jbb.JBBmain DoARun -> 信息:   started user thread for Warehouse 46
2月 12, 2026 3:29:20 上午 spec.jbb.JBBmain DoARun -> 信息:   started user thread for Warehouse 47
2月 12, 2026 3:29:20 上午 spec.jbb.JBBmain DoARun -> 信息:   started user thread for Warehouse 48
2月 12, 2026 3:29:20 上午 spec.jbb.JBBmain DoARun -> 信息:   started user thread for Warehouse 49
2月 12, 2026 3:29:20 上午 spec.jbb.JBBmain DoARun -> 信息:   started user thread for Warehouse 50
2月 12, 2026 3:29:20 上午 spec.jbb.JBBmain DoARun -> 信息:   started user thread for Warehouse 51
2月 12, 2026 3:29:20 上午 spec.jbb.JBBmain DoARun -> 信息:   started user thread for Warehouse 52
2月 12, 2026 3:29:20 上午 spec.jbb.JBBmain DoARun -> 信息:   started user thread for Warehouse 53
2月 12, 2026 3:29:20 上午 spec.jbb.JBBmain DoARun -> 信息:   started user thread for Warehouse 54
2月 12, 2026 3:29:20 上午 spec.jbb.JBBmain DoARun -> 信息:   started user thread for Warehouse 55
2月 12, 2026 3:29:20 上午 spec.jbb.JBBmain DoARun -> 信息:   started user thread for Warehouse 56
2月 12, 2026 3:29:20 上午 spec.jbb.JBBmain DoARun -> 信息:   started user thread for Warehouse 57
2月 12, 2026 3:29:20 上午 spec.jbb.JBBmain DoARun -> 信息:   started user thread for Warehouse 58
2月 12, 2026 3:29:20 上午 spec.jbb.JBBmain DoARun -> 信息:   started user thread for Warehouse 59
2月 12, 2026 3:29:20 上午 spec.jbb.JBBmain DoARun -> 信息:   started user thread for Warehouse 60
2月 12, 2026 3:29:20 上午 spec.jbb.JBBmain DoARun -> 信息:   started user thread for Warehouse 61
2月 12, 2026 3:29:20 上午 spec.jbb.JBBmain DoARun -> 信息:   started user thread for Warehouse 62
2月 12, 2026 3:29:20 上午 spec.jbb.JBBmain DoARun -> 信息:   started user thread for Warehouse 63
2月 12, 2026 3:29:20 上午 spec.jbb.JBBmain DoARun -> 信息:   started user thread for Warehouse 64
2月 12, 2026 3:29:20 上午 spec.jbb.JBBmain DoARun -> 信息:   started user thread for Warehouse 65
2月 12, 2026 3:29:20 上午 spec.jbb.JBBmain DoARun -> 信息:   started user thread for Warehouse 66
2月 12, 2026 3:29:20 上午 spec.jbb.JBBmain DoARun -> 信息:   started user thread for Warehouse 67
2月 12, 2026 3:29:20 上午 spec.jbb.JBBmain DoARun -> 信息:   started user thread for Warehouse 68
2月 12, 2026 3:29:20 上午 spec.jbb.JBBmain DoARun -> 信息:   started user thread for Warehouse 69
2月 12, 2026 3:29:20 上午 spec.jbb.JBBmain DoARun -> 信息:   started user thread for Warehouse 70
2月 12, 2026 3:29:20 上午 spec.jbb.JBBmain DoARun -> 信息:   started user thread for Warehouse 71
2月 12, 2026 3:29:20 上午 spec.jbb.JBBmain DoARun -> 信息:   started user thread for Warehouse 72
2月 12, 2026 3:29:20 上午 spec.jbb.JBBmain DoARun -> 信息:   started user thread for Warehouse 73
2月 12, 2026 3:29:20 上午 spec.jbb.JBBmain DoARun -> 信息:   started user thread for Warehouse 74
2月 12, 2026 3:29:20 上午 spec.jbb.JBBmain DoARun -> 信息:   started user thread for Warehouse 75
2月 12, 2026 3:29:20 上午 spec.jbb.JBBmain DoARun -> 信息:   started user thread for Warehouse 76
2月 12, 2026 3:29:20 上午 spec.jbb.JBBmain DoARun -> 信息:   started user thread for Warehouse 77
2月 12, 2026 3:29:20 上午 spec.jbb.JBBmain DoARun -> 信息:   started user thread for Warehouse 78
2月 12, 2026 3:29:20 上午 spec.jbb.JBBmain DoARun -> 信息:   started user thread for Warehouse 79
2月 12, 2026 3:29:20 上午 spec.jbb.JBBmain DoARun -> 信息:   started user thread for Warehouse 80
2月 12, 2026 3:29:20 上午 spec.jbb.JBBmain DoARun -> 信息:   started user thread for Warehouse 81
2月 12, 2026 3:29:20 上午 spec.jbb.JBBmain DoARun -> 信息:   started user thread for Warehouse 82
2月 12, 2026 3:29:20 上午 spec.jbb.JBBmain DoARun -> 信息:   started user thread for Warehouse 83
2月 12, 2026 3:29:20 上午 spec.jbb.JBBmain DoARun -> 信息:   started user thread for Warehouse 84
2月 12, 2026 3:29:20 上午 spec.jbb.JBBmain DoARun -> 信息:   started user thread for Warehouse 85
2月 12, 2026 3:29:20 上午 spec.jbb.JBBmain DoARun -> 信息:   started user thread for Warehouse 86
2月 12, 2026 3:29:20 上午 spec.jbb.JBBmain DoARun -> 信息:   started user thread for Warehouse 87
2月 12, 2026 3:29:20 上午 spec.jbb.JBBmain DoARun -> 信息:   started user thread for Warehouse 88
2月 12, 2026 3:29:20 上午 spec.jbb.JBBmain DoARun -> 信息:   started user thread for Warehouse 89
2月 12, 2026 3:29:20 上午 spec.jbb.JBBmain DoARun -> 信息:   started user thread for Warehouse 90
2月 12, 2026 3:29:20 上午 spec.jbb.JBBmain DoARun -> 信息:   started user thread for Warehouse 91
2月 12, 2026 3:29:20 上午 spec.jbb.JBBmain DoARun -> 信息:   started user thread for Warehouse 92
2月 12, 2026 3:29:20 上午 spec.jbb.JBBmain DoARun -> 信息:   started user thread for Warehouse 93
2月 12, 2026 3:29:20 上午 spec.jbb.JBBmain DoARun -> 信息:   started user thread for Warehouse 94
2月 12, 2026 3:29:20 上午 spec.jbb.JBBmain DoARun -> 信息:   started user thread for Warehouse 95
2月 12, 2026 3:29:20 上午 spec.jbb.JBBmain DoARun -> 信息:   started user thread for Warehouse 96
2月 12, 2026 3:29:20 上午 spec.jbb.JBBmain DoARun -> 信息:   started user thread for Warehouse 97
2月 12, 2026 3:29:20 上午 spec.jbb.JBBmain DoARun -> 信息:   started user thread for Warehouse 98
2月 12, 2026 3:29:20 上午 spec.jbb.JBBmain DoARun -> 信息:   started user thread for Warehouse 99
2月 12, 2026 3:29:20 上午 spec.jbb.Company displayResultTotals -> 信息: Timing Measurement began Thu Feb 12 03:29:20 CST 2026 for 4 minutes
2月 12, 2026 3:33:20 上午 spec.jbb.Company displayResultTotals -> 信息: Timing Measurement ended Thu Feb 12 03:33:20 CST 2026
2月 12, 2026 3:33:20 上午 spec.jbb.Company primeWithDummyData -> 信息: Loading Warehouse 100...
2月 12, 2026 3:33:20 上午 spec.jbb.JBBmain DoARun -> 信息: Start User Threads
2月 12, 2026 3:33:20 上午 spec.jbb.JBBmain DoARun -> 信息:   started user thread for Warehouse 1
2月 12, 2026 3:33:20 上午 spec.jbb.JBBmain DoARun -> 信息:   started user thread for Warehouse 2
2月 12, 2026 3:33:20 上午 spec.jbb.JBBmain DoARun -> 信息:   started user thread for Warehouse 3
2月 12, 2026 3:33:20 上午 spec.jbb.JBBmain DoARun -> 信息:   started user thread for Warehouse 4
2月 12, 2026 3:33:20 上午 spec.jbb.JBBmain DoARun -> 信息:   started user thread for Warehouse 5
2月 12, 2026 3:33:20 上午 spec.jbb.JBBmain DoARun -> 信息:   started user thread for Warehouse 6
2月 12, 2026 3:33:20 上午 spec.jbb.JBBmain DoARun -> 信息:   started user thread for Warehouse 7
2月 12, 2026 3:33:20 上午 spec.jbb.JBBmain DoARun -> 信息:   started user thread for Warehouse 8
2月 12, 2026 3:33:20 上午 spec.jbb.JBBmain DoARun -> 信息:   started user thread for Warehouse 9
2月 12, 2026 3:33:20 上午 spec.jbb.JBBmain DoARun -> 信息:   started user thread for Warehouse 10
2月 12, 2026 3:33:20 上午 spec.jbb.JBBmain DoARun -> 信息:   started user thread for Warehouse 11
2月 12, 2026 3:33:20 上午 spec.jbb.JBBmain DoARun -> 信息:   started user thread for Warehouse 12
2月 12, 2026 3:33:20 上午 spec.jbb.JBBmain DoARun -> 信息:   started user thread for Warehouse 13
2月 12, 2026 3:33:20 上午 spec.jbb.JBBmain DoARun -> 信息:   started user thread for Warehouse 14
2月 12, 2026 3:33:20 上午 spec.jbb.JBBmain DoARun -> 信息:   started user thread for Warehouse 15
2月 12, 2026 3:33:20 上午 spec.jbb.JBBmain DoARun -> 信息:   started user thread for Warehouse 16
2月 12, 2026 3:33:20 上午 spec.jbb.JBBmain DoARun -> 信息:   started user thread for Warehouse 17
2月 12, 2026 3:33:20 上午 spec.jbb.JBBmain DoARun -> 信息:   started user thread for Warehouse 18
2月 12, 2026 3:33:20 上午 spec.jbb.JBBmain DoARun -> 信息:   started user thread for Warehouse 19
2月 12, 2026 3:33:20 上午 spec.jbb.JBBmain DoARun -> 信息:   started user thread for Warehouse 20
2月 12, 2026 3:33:20 上午 spec.jbb.JBBmain DoARun -> 信息:   started user thread for Warehouse 21
2月 12, 2026 3:33:20 上午 spec.jbb.JBBmain DoARun -> 信息:   started user thread for Warehouse 22
2月 12, 2026 3:33:20 上午 spec.jbb.JBBmain DoARun -> 信息:   started user thread for Warehouse 23
2月 12, 2026 3:33:20 上午 spec.jbb.JBBmain DoARun -> 信息:   started user thread for Warehouse 24
2月 12, 2026 3:33:20 上午 spec.jbb.JBBmain DoARun -> 信息:   started user thread for Warehouse 25
2月 12, 2026 3:33:20 上午 spec.jbb.JBBmain DoARun -> 信息:   started user thread for Warehouse 26
2月 12, 2026 3:33:20 上午 spec.jbb.JBBmain DoARun -> 信息:   started user thread for Warehouse 27
2月 12, 2026 3:33:20 上午 spec.jbb.JBBmain DoARun -> 信息:   started user thread for Warehouse 28
2月 12, 2026 3:33:20 上午 spec.jbb.JBBmain DoARun -> 信息:   started user thread for Warehouse 29
2月 12, 2026 3:33:20 上午 spec.jbb.JBBmain DoARun -> 信息:   started user thread for Warehouse 30
2月 12, 2026 3:33:20 上午 spec.jbb.JBBmain DoARun -> 信息:   started user thread for Warehouse 31
2月 12, 2026 3:33:20 上午 spec.jbb.JBBmain DoARun -> 信息:   started user thread for Warehouse 32
2月 12, 2026 3:33:20 上午 spec.jbb.JBBmain DoARun -> 信息:   started user thread for Warehouse 33
2月 12, 2026 3:33:20 上午 spec.jbb.JBBmain DoARun -> 信息:   started user thread for Warehouse 34
2月 12, 2026 3:33:20 上午 spec.jbb.JBBmain DoARun -> 信息:   started user thread for Warehouse 35
2月 12, 2026 3:33:20 上午 spec.jbb.JBBmain DoARun -> 信息:   started user thread for Warehouse 36
2月 12, 2026 3:33:20 上午 spec.jbb.JBBmain DoARun -> 信息:   started user thread for Warehouse 37
2月 12, 2026 3:33:20 上午 spec.jbb.JBBmain DoARun -> 信息:   started user thread for Warehouse 38
2月 12, 2026 3:33:20 上午 spec.jbb.JBBmain DoARun -> 信息:   started user thread for Warehouse 39
2月 12, 2026 3:33:20 上午 spec.jbb.JBBmain DoARun -> 信息:   started user thread for Warehouse 40
2月 12, 2026 3:33:20 上午 spec.jbb.JBBmain DoARun -> 信息:   started user thread for Warehouse 41
2月 12, 2026 3:33:20 上午 spec.jbb.JBBmain DoARun -> 信息:   started user thread for Warehouse 42
2月 12, 2026 3:33:20 上午 spec.jbb.JBBmain DoARun -> 信息:   started user thread for Warehouse 43
2月 12, 2026 3:33:20 上午 spec.jbb.JBBmain DoARun -> 信息:   started user thread for Warehouse 44
2月 12, 2026 3:33:20 上午 spec.jbb.JBBmain DoARun -> 信息:   started user thread for Warehouse 45
2月 12, 2026 3:33:20 上午 spec.jbb.JBBmain DoARun -> 信息:   started user thread for Warehouse 46
2月 12, 2026 3:33:20 上午 spec.jbb.JBBmain DoARun -> 信息:   started user thread for Warehouse 47
2月 12, 2026 3:33:20 上午 spec.jbb.JBBmain DoARun -> 信息:   started user thread for Warehouse 48
2月 12, 2026 3:33:20 上午 spec.jbb.JBBmain DoARun -> 信息:   started user thread for Warehouse 49
2月 12, 2026 3:33:20 上午 spec.jbb.JBBmain DoARun -> 信息:   started user thread for Warehouse 50
2月 12, 2026 3:33:20 上午 spec.jbb.JBBmain DoARun -> 信息:   started user thread for Warehouse 51
2月 12, 2026 3:33:20 上午 spec.jbb.JBBmain DoARun -> 信息:   started user thread for Warehouse 52
2月 12, 2026 3:33:20 上午 spec.jbb.JBBmain DoARun -> 信息:   started user thread for Warehouse 53
2月 12, 2026 3:33:20 上午 spec.jbb.JBBmain DoARun -> 信息:   started user thread for Warehouse 54
2月 12, 2026 3:33:20 上午 spec.jbb.JBBmain DoARun -> 信息:   started user thread for Warehouse 55
2月 12, 2026 3:33:20 上午 spec.jbb.JBBmain DoARun -> 信息:   started user thread for Warehouse 56
2月 12, 2026 3:33:20 上午 spec.jbb.JBBmain DoARun -> 信息:   started user thread for Warehouse 57
2月 12, 2026 3:33:20 上午 spec.jbb.JBBmain DoARun -> 信息:   started user thread for Warehouse 58
2月 12, 2026 3:33:20 上午 spec.jbb.JBBmain DoARun -> 信息:   started user thread for Warehouse 59
2月 12, 2026 3:33:20 上午 spec.jbb.JBBmain DoARun -> 信息:   started user thread for Warehouse 60
2月 12, 2026 3:33:20 上午 spec.jbb.JBBmain DoARun -> 信息:   started user thread for Warehouse 61
2月 12, 2026 3:33:20 上午 spec.jbb.JBBmain DoARun -> 信息:   started user thread for Warehouse 62
2月 12, 2026 3:33:20 上午 spec.jbb.JBBmain DoARun -> 信息:   started user thread for Warehouse 63
2月 12, 2026 3:33:20 上午 spec.jbb.JBBmain DoARun -> 信息:   started user thread for Warehouse 64
2月 12, 2026 3:33:20 上午 spec.jbb.JBBmain DoARun -> 信息:   started user thread for Warehouse 65
2月 12, 2026 3:33:20 上午 spec.jbb.JBBmain DoARun -> 信息:   started user thread for Warehouse 66
2月 12, 2026 3:33:20 上午 spec.jbb.JBBmain DoARun -> 信息:   started user thread for Warehouse 67
2月 12, 2026 3:33:20 上午 spec.jbb.JBBmain DoARun -> 信息:   started user thread for Warehouse 68
2月 12, 2026 3:33:20 上午 spec.jbb.JBBmain DoARun -> 信息:   started user thread for Warehouse 69
2月 12, 2026 3:33:20 上午 spec.jbb.JBBmain DoARun -> 信息:   started user thread for Warehouse 70
2月 12, 2026 3:33:20 上午 spec.jbb.JBBmain DoARun -> 信息:   started user thread for Warehouse 71
2月 12, 2026 3:33:20 上午 spec.jbb.JBBmain DoARun -> 信息:   started user thread for Warehouse 72
2月 12, 2026 3:33:20 上午 spec.jbb.JBBmain DoARun -> 信息:   started user thread for Warehouse 73
2月 12, 2026 3:33:20 上午 spec.jbb.JBBmain DoARun -> 信息:   started user thread for Warehouse 74
2月 12, 2026 3:33:20 上午 spec.jbb.JBBmain DoARun -> 信息:   started user thread for Warehouse 75
2月 12, 2026 3:33:20 上午 spec.jbb.JBBmain DoARun -> 信息:   started user thread for Warehouse 76
2月 12, 2026 3:33:20 上午 spec.jbb.JBBmain DoARun -> 信息:   started user thread for Warehouse 77
2月 12, 2026 3:33:20 上午 spec.jbb.JBBmain DoARun -> 信息:   started user thread for Warehouse 78
2月 12, 2026 3:33:20 上午 spec.jbb.JBBmain DoARun -> 信息:   started user thread for Warehouse 79
2月 12, 2026 3:33:20 上午 spec.jbb.JBBmain DoARun -> 信息:   started user thread for Warehouse 80
2月 12, 2026 3:33:20 上午 spec.jbb.JBBmain DoARun -> 信息:   started user thread for Warehouse 81
2月 12, 2026 3:33:20 上午 spec.jbb.JBBmain DoARun -> 信息:   started user thread for Warehouse 82
2月 12, 2026 3:33:20 上午 spec.jbb.JBBmain DoARun -> 信息:   started user thread for Warehouse 83
2月 12, 2026 3:33:20 上午 spec.jbb.JBBmain DoARun -> 信息:   started user thread for Warehouse 84
2月 12, 2026 3:33:20 上午 spec.jbb.JBBmain DoARun -> 信息:   started user thread for Warehouse 85
2月 12, 2026 3:33:20 上午 spec.jbb.JBBmain DoARun -> 信息:   started user thread for Warehouse 86
2月 12, 2026 3:33:20 上午 spec.jbb.JBBmain DoARun -> 信息:   started user thread for Warehouse 87
2月 12, 2026 3:33:20 上午 spec.jbb.JBBmain DoARun -> 信息:   started user thread for Warehouse 88
2月 12, 2026 3:33:20 上午 spec.jbb.JBBmain DoARun -> 信息:   started user thread for Warehouse 89
2月 12, 2026 3:33:20 上午 spec.jbb.JBBmain DoARun -> 信息:   started user thread for Warehouse 90
2月 12, 2026 3:33:20 上午 spec.jbb.JBBmain DoARun -> 信息:   started user thread for Warehouse 91
2月 12, 2026 3:33:20 上午 spec.jbb.JBBmain DoARun -> 信息:   started user thread for Warehouse 92
2月 12, 2026 3:33:20 上午 spec.jbb.JBBmain DoARun -> 信息:   started user thread for Warehouse 93
2月 12, 2026 3:33:20 上午 spec.jbb.JBBmain DoARun -> 信息:   started user thread for Warehouse 94
2月 12, 2026 3:33:20 上午 spec.jbb.JBBmain DoARun -> 信息:   started user thread for Warehouse 95
2月 12, 2026 3:33:20 上午 spec.jbb.JBBmain DoARun -> 信息:   started user thread for Warehouse 96
2月 12, 2026 3:33:20 上午 spec.jbb.JBBmain DoARun -> 信息:   started user thread for Warehouse 97
2月 12, 2026 3:33:20 上午 spec.jbb.JBBmain DoARun -> 信息:   started user thread for Warehouse 98
2月 12, 2026 3:33:20 上午 spec.jbb.JBBmain DoARun -> 信息:   started user thread for Warehouse 99
2月 12, 2026 3:33:20 上午 spec.jbb.JBBmain DoARun -> 信息:   started user thread for Warehouse 100
2月 12, 2026 3:33:20 上午 spec.jbb.Company displayResultTotals -> 信息: Timing Measurement began Thu Feb 12 03:33:20 CST 2026 for 4 minutes
2月 12, 2026 3:37:20 上午 spec.jbb.Company displayResultTotals -> 信息: Timing Measurement ended Thu Feb 12 03:37:20 CST 2026
2月 12, 2026 3:37:20 上午 spec.jbb.Company primeWithDummyData -> 信息: Loading Warehouse 101...
2月 12, 2026 3:37:20 上午 spec.jbb.JBBmain DoARun -> 信息: Start User Threads
2月 12, 2026 3:37:20 上午 spec.jbb.JBBmain DoARun -> 信息:   started user thread for Warehouse 1
2月 12, 2026 3:37:20 上午 spec.jbb.JBBmain DoARun -> 信息:   started user thread for Warehouse 2
2月 12, 2026 3:37:20 上午 spec.jbb.JBBmain DoARun -> 信息:   started user thread for Warehouse 3
2月 12, 2026 3:37:20 上午 spec.jbb.JBBmain DoARun -> 信息:   started user thread for Warehouse 4
2月 12, 2026 3:37:20 上午 spec.jbb.JBBmain DoARun -> 信息:   started user thread for Warehouse 5
2月 12, 2026 3:37:20 上午 spec.jbb.JBBmain DoARun -> 信息:   started user thread for Warehouse 6
2月 12, 2026 3:37:20 上午 spec.jbb.JBBmain DoARun -> 信息:   started user thread for Warehouse 7
2月 12, 2026 3:37:20 上午 spec.jbb.JBBmain DoARun -> 信息:   started user thread for Warehouse 8
2月 12, 2026 3:37:20 上午 spec.jbb.JBBmain DoARun -> 信息:   started user thread for Warehouse 9
2月 12, 2026 3:37:20 上午 spec.jbb.JBBmain DoARun -> 信息:   started user thread for Warehouse 10
2月 12, 2026 3:37:20 上午 spec.jbb.JBBmain DoARun -> 信息:   started user thread for Warehouse 11
2月 12, 2026 3:37:20 上午 spec.jbb.JBBmain DoARun -> 信息:   started user thread for Warehouse 12
2月 12, 2026 3:37:20 上午 spec.jbb.JBBmain DoARun -> 信息:   started user thread for Warehouse 13
2月 12, 2026 3:37:20 上午 spec.jbb.JBBmain DoARun -> 信息:   started user thread for Warehouse 14
2月 12, 2026 3:37:20 上午 spec.jbb.JBBmain DoARun -> 信息:   started user thread for Warehouse 15
2月 12, 2026 3:37:20 上午 spec.jbb.JBBmain DoARun -> 信息:   started user thread for Warehouse 16
2月 12, 2026 3:37:20 上午 spec.jbb.JBBmain DoARun -> 信息:   started user thread for Warehouse 17
2月 12, 2026 3:37:20 上午 spec.jbb.JBBmain DoARun -> 信息:   started user thread for Warehouse 18
2月 12, 2026 3:37:20 上午 spec.jbb.JBBmain DoARun -> 信息:   started user thread for Warehouse 19
2月 12, 2026 3:37:20 上午 spec.jbb.JBBmain DoARun -> 信息:   started user thread for Warehouse 20
2月 12, 2026 3:37:20 上午 spec.jbb.JBBmain DoARun -> 信息:   started user thread for Warehouse 21
2月 12, 2026 3:37:20 上午 spec.jbb.JBBmain DoARun -> 信息:   started user thread for Warehouse 22
2月 12, 2026 3:37:20 上午 spec.jbb.JBBmain DoARun -> 信息:   started user thread for Warehouse 23
2月 12, 2026 3:37:20 上午 spec.jbb.JBBmain DoARun -> 信息:   started user thread for Warehouse 24
2月 12, 2026 3:37:20 上午 spec.jbb.JBBmain DoARun -> 信息:   started user thread for Warehouse 25
2月 12, 2026 3:37:20 上午 spec.jbb.JBBmain DoARun -> 信息:   started user thread for Warehouse 26
2月 12, 2026 3:37:20 上午 spec.jbb.JBBmain DoARun -> 信息:   started user thread for Warehouse 27
2月 12, 2026 3:37:20 上午 spec.jbb.JBBmain DoARun -> 信息:   started user thread for Warehouse 28
2月 12, 2026 3:37:20 上午 spec.jbb.JBBmain DoARun -> 信息:   started user thread for Warehouse 29
2月 12, 2026 3:37:20 上午 spec.jbb.JBBmain DoARun -> 信息:   started user thread for Warehouse 30
2月 12, 2026 3:37:20 上午 spec.jbb.JBBmain DoARun -> 信息:   started user thread for Warehouse 31
2月 12, 2026 3:37:20 上午 spec.jbb.JBBmain DoARun -> 信息:   started user thread for Warehouse 32
2月 12, 2026 3:37:20 上午 spec.jbb.JBBmain DoARun -> 信息:   started user thread for Warehouse 33
2月 12, 2026 3:37:20 上午 spec.jbb.JBBmain DoARun -> 信息:   started user thread for Warehouse 34
2月 12, 2026 3:37:20 上午 spec.jbb.JBBmain DoARun -> 信息:   started user thread for Warehouse 35
2月 12, 2026 3:37:20 上午 spec.jbb.JBBmain DoARun -> 信息:   started user thread for Warehouse 36
2月 12, 2026 3:37:20 上午 spec.jbb.JBBmain DoARun -> 信息:   started user thread for Warehouse 37
2月 12, 2026 3:37:20 上午 spec.jbb.JBBmain DoARun -> 信息:   started user thread for Warehouse 38
2月 12, 2026 3:37:20 上午 spec.jbb.JBBmain DoARun -> 信息:   started user thread for Warehouse 39
2月 12, 2026 3:37:20 上午 spec.jbb.JBBmain DoARun -> 信息:   started user thread for Warehouse 40
2月 12, 2026 3:37:20 上午 spec.jbb.JBBmain DoARun -> 信息:   started user thread for Warehouse 41
2月 12, 2026 3:37:20 上午 spec.jbb.JBBmain DoARun -> 信息:   started user thread for Warehouse 42
2月 12, 2026 3:37:20 上午 spec.jbb.JBBmain DoARun -> 信息:   started user thread for Warehouse 43
2月 12, 2026 3:37:20 上午 spec.jbb.JBBmain DoARun -> 信息:   started user thread for Warehouse 44
2月 12, 2026 3:37:20 上午 spec.jbb.JBBmain DoARun -> 信息:   started user thread for Warehouse 45
2月 12, 2026 3:37:20 上午 spec.jbb.JBBmain DoARun -> 信息:   started user thread for Warehouse 46
2月 12, 2026 3:37:20 上午 spec.jbb.JBBmain DoARun -> 信息:   started user thread for Warehouse 47
2月 12, 2026 3:37:20 上午 spec.jbb.JBBmain DoARun -> 信息:   started user thread for Warehouse 48
2月 12, 2026 3:37:20 上午 spec.jbb.JBBmain DoARun -> 信息:   started user thread for Warehouse 49
2月 12, 2026 3:37:20 上午 spec.jbb.JBBmain DoARun -> 信息:   started user thread for Warehouse 50
2月 12, 2026 3:37:20 上午 spec.jbb.JBBmain DoARun -> 信息:   started user thread for Warehouse 51
2月 12, 2026 3:37:20 上午 spec.jbb.JBBmain DoARun -> 信息:   started user thread for Warehouse 52
2月 12, 2026 3:37:20 上午 spec.jbb.JBBmain DoARun -> 信息:   started user thread for Warehouse 53
2月 12, 2026 3:37:20 上午 spec.jbb.JBBmain DoARun -> 信息:   started user thread for Warehouse 54
2月 12, 2026 3:37:20 上午 spec.jbb.JBBmain DoARun -> 信息:   started user thread for Warehouse 55
2月 12, 2026 3:37:20 上午 spec.jbb.JBBmain DoARun -> 信息:   started user thread for Warehouse 56
2月 12, 2026 3:37:20 上午 spec.jbb.JBBmain DoARun -> 信息:   started user thread for Warehouse 57
2月 12, 2026 3:37:20 上午 spec.jbb.JBBmain DoARun -> 信息:   started user thread for Warehouse 58
2月 12, 2026 3:37:20 上午 spec.jbb.JBBmain DoARun -> 信息:   started user thread for Warehouse 59
2月 12, 2026 3:37:20 上午 spec.jbb.JBBmain DoARun -> 信息:   started user thread for Warehouse 60
2月 12, 2026 3:37:20 上午 spec.jbb.JBBmain DoARun -> 信息:   started user thread for Warehouse 61
2月 12, 2026 3:37:20 上午 spec.jbb.JBBmain DoARun -> 信息:   started user thread for Warehouse 62
2月 12, 2026 3:37:20 上午 spec.jbb.JBBmain DoARun -> 信息:   started user thread for Warehouse 63
2月 12, 2026 3:37:20 上午 spec.jbb.JBBmain DoARun -> 信息:   started user thread for Warehouse 64
2月 12, 2026 3:37:20 上午 spec.jbb.JBBmain DoARun -> 信息:   started user thread for Warehouse 65
2月 12, 2026 3:37:20 上午 spec.jbb.JBBmain DoARun -> 信息:   started user thread for Warehouse 66
2月 12, 2026 3:37:20 上午 spec.jbb.JBBmain DoARun -> 信息:   started user thread for Warehouse 67
2月 12, 2026 3:37:20 上午 spec.jbb.JBBmain DoARun -> 信息:   started user thread for Warehouse 68
2月 12, 2026 3:37:20 上午 spec.jbb.JBBmain DoARun -> 信息:   started user thread for Warehouse 69
2月 12, 2026 3:37:20 上午 spec.jbb.JBBmain DoARun -> 信息:   started user thread for Warehouse 70
2月 12, 2026 3:37:20 上午 spec.jbb.JBBmain DoARun -> 信息:   started user thread for Warehouse 71
2月 12, 2026 3:37:20 上午 spec.jbb.JBBmain DoARun -> 信息:   started user thread for Warehouse 72
2月 12, 2026 3:37:20 上午 spec.jbb.JBBmain DoARun -> 信息:   started user thread for Warehouse 73
2月 12, 2026 3:37:20 上午 spec.jbb.JBBmain DoARun -> 信息:   started user thread for Warehouse 74
2月 12, 2026 3:37:20 上午 spec.jbb.JBBmain DoARun -> 信息:   started user thread for Warehouse 75
2月 12, 2026 3:37:20 上午 spec.jbb.JBBmain DoARun -> 信息:   started user thread for Warehouse 76
2月 12, 2026 3:37:20 上午 spec.jbb.JBBmain DoARun -> 信息:   started user thread for Warehouse 77
2月 12, 2026 3:37:20 上午 spec.jbb.JBBmain DoARun -> 信息:   started user thread for Warehouse 78
2月 12, 2026 3:37:20 上午 spec.jbb.JBBmain DoARun -> 信息:   started user thread for Warehouse 79
2月 12, 2026 3:37:20 上午 spec.jbb.JBBmain DoARun -> 信息:   started user thread for Warehouse 80
2月 12, 2026 3:37:20 上午 spec.jbb.JBBmain DoARun -> 信息:   started user thread for Warehouse 81
2月 12, 2026 3:37:20 上午 spec.jbb.JBBmain DoARun -> 信息:   started user thread for Warehouse 82
2月 12, 2026 3:37:20 上午 spec.jbb.JBBmain DoARun -> 信息:   started user thread for Warehouse 83
2月 12, 2026 3:37:20 上午 spec.jbb.JBBmain DoARun -> 信息:   started user thread for Warehouse 84
2月 12, 2026 3:37:20 上午 spec.jbb.JBBmain DoARun -> 信息:   started user thread for Warehouse 85
2月 12, 2026 3:37:20 上午 spec.jbb.JBBmain DoARun -> 信息:   started user thread for Warehouse 86
2月 12, 2026 3:37:20 上午 spec.jbb.JBBmain DoARun -> 信息:   started user thread for Warehouse 87
2月 12, 2026 3:37:20 上午 spec.jbb.JBBmain DoARun -> 信息:   started user thread for Warehouse 88
2月 12, 2026 3:37:20 上午 spec.jbb.JBBmain DoARun -> 信息:   started user thread for Warehouse 89
2月 12, 2026 3:37:20 上午 spec.jbb.JBBmain DoARun -> 信息:   started user thread for Warehouse 90
2月 12, 2026 3:37:20 上午 spec.jbb.JBBmain DoARun -> 信息:   started user thread for Warehouse 91
2月 12, 2026 3:37:20 上午 spec.jbb.JBBmain DoARun -> 信息:   started user thread for Warehouse 92
2月 12, 2026 3:37:20 上午 spec.jbb.JBBmain DoARun -> 信息:   started user thread for Warehouse 93
2月 12, 2026 3:37:20 上午 spec.jbb.JBBmain DoARun -> 信息:   started user thread for Warehouse 94
2月 12, 2026 3:37:20 上午 spec.jbb.JBBmain DoARun -> 信息:   started user thread for Warehouse 95
2月 12, 2026 3:37:20 上午 spec.jbb.JBBmain DoARun -> 信息:   started user thread for Warehouse 96
2月 12, 2026 3:37:20 上午 spec.jbb.JBBmain DoARun -> 信息:   started user thread for Warehouse 97
2月 12, 2026 3:37:20 上午 spec.jbb.JBBmain DoARun -> 信息:   started user thread for Warehouse 98
2月 12, 2026 3:37:20 上午 spec.jbb.JBBmain DoARun -> 信息:   started user thread for Warehouse 99
2月 12, 2026 3:37:20 上午 spec.jbb.JBBmain DoARun -> 信息:   started user thread for Warehouse 100
2月 12, 2026 3:37:20 上午 spec.jbb.JBBmain DoARun -> 信息:   started user thread for Warehouse 101
2月 12, 2026 3:37:20 上午 spec.jbb.Company displayResultTotals -> 信息: Timing Measurement began Thu Feb 12 03:37:20 CST 2026 for 4 minutes
2月 12, 2026 3:41:20 上午 spec.jbb.Company displayResultTotals -> 信息: Timing Measurement ended Thu Feb 12 03:41:20 CST 2026
2月 12, 2026 3:41:20 上午 spec.jbb.Company primeWithDummyData -> 信息: Loading Warehouse 102...
2月 12, 2026 3:41:21 上午 spec.jbb.JBBmain DoARun -> 信息: Start User Threads
2月 12, 2026 3:41:21 上午 spec.jbb.JBBmain DoARun -> 信息:   started user thread for Warehouse 1
2月 12, 2026 3:41:21 上午 spec.jbb.JBBmain DoARun -> 信息:   started user thread for Warehouse 2
2月 12, 2026 3:41:21 上午 spec.jbb.JBBmain DoARun -> 信息:   started user thread for Warehouse 3
2月 12, 2026 3:41:21 上午 spec.jbb.JBBmain DoARun -> 信息:   started user thread for Warehouse 4
2月 12, 2026 3:41:21 上午 spec.jbb.JBBmain DoARun -> 信息:   started user thread for Warehouse 5
2月 12, 2026 3:41:21 上午 spec.jbb.JBBmain DoARun -> 信息:   started user thread for Warehouse 6
2月 12, 2026 3:41:21 上午 spec.jbb.JBBmain DoARun -> 信息:   started user thread for Warehouse 7
2月 12, 2026 3:41:21 上午 spec.jbb.JBBmain DoARun -> 信息:   started user thread for Warehouse 8
2月 12, 2026 3:41:21 上午 spec.jbb.JBBmain DoARun -> 信息:   started user thread for Warehouse 9
2月 12, 2026 3:41:21 上午 spec.jbb.JBBmain DoARun -> 信息:   started user thread for Warehouse 10
2月 12, 2026 3:41:21 上午 spec.jbb.JBBmain DoARun -> 信息:   started user thread for Warehouse 11
2月 12, 2026 3:41:21 上午 spec.jbb.JBBmain DoARun -> 信息:   started user thread for Warehouse 12
2月 12, 2026 3:41:21 上午 spec.jbb.JBBmain DoARun -> 信息:   started user thread for Warehouse 13
2月 12, 2026 3:41:21 上午 spec.jbb.JBBmain DoARun -> 信息:   started user thread for Warehouse 14
2月 12, 2026 3:41:21 上午 spec.jbb.JBBmain DoARun -> 信息:   started user thread for Warehouse 15
2月 12, 2026 3:41:21 上午 spec.jbb.JBBmain DoARun -> 信息:   started user thread for Warehouse 16
2月 12, 2026 3:41:21 上午 spec.jbb.JBBmain DoARun -> 信息:   started user thread for Warehouse 17
2月 12, 2026 3:41:21 上午 spec.jbb.JBBmain DoARun -> 信息:   started user thread for Warehouse 18
2月 12, 2026 3:41:21 上午 spec.jbb.JBBmain DoARun -> 信息:   started user thread for Warehouse 19
2月 12, 2026 3:41:21 上午 spec.jbb.JBBmain DoARun -> 信息:   started user thread for Warehouse 20
2月 12, 2026 3:41:21 上午 spec.jbb.JBBmain DoARun -> 信息:   started user thread for Warehouse 21
2月 12, 2026 3:41:21 上午 spec.jbb.JBBmain DoARun -> 信息:   started user thread for Warehouse 22
2月 12, 2026 3:41:21 上午 spec.jbb.JBBmain DoARun -> 信息:   started user thread for Warehouse 23
2月 12, 2026 3:41:21 上午 spec.jbb.JBBmain DoARun -> 信息:   started user thread for Warehouse 24
2月 12, 2026 3:41:21 上午 spec.jbb.JBBmain DoARun -> 信息:   started user thread for Warehouse 25
2月 12, 2026 3:41:21 上午 spec.jbb.JBBmain DoARun -> 信息:   started user thread for Warehouse 26
2月 12, 2026 3:41:21 上午 spec.jbb.JBBmain DoARun -> 信息:   started user thread for Warehouse 27
2月 12, 2026 3:41:21 上午 spec.jbb.JBBmain DoARun -> 信息:   started user thread for Warehouse 28
2月 12, 2026 3:41:21 上午 spec.jbb.JBBmain DoARun -> 信息:   started user thread for Warehouse 29
2月 12, 2026 3:41:21 上午 spec.jbb.JBBmain DoARun -> 信息:   started user thread for Warehouse 30
2月 12, 2026 3:41:21 上午 spec.jbb.JBBmain DoARun -> 信息:   started user thread for Warehouse 31
2月 12, 2026 3:41:21 上午 spec.jbb.JBBmain DoARun -> 信息:   started user thread for Warehouse 32
2月 12, 2026 3:41:21 上午 spec.jbb.JBBmain DoARun -> 信息:   started user thread for Warehouse 33
2月 12, 2026 3:41:21 上午 spec.jbb.JBBmain DoARun -> 信息:   started user thread for Warehouse 34
2月 12, 2026 3:41:21 上午 spec.jbb.JBBmain DoARun -> 信息:   started user thread for Warehouse 35
2月 12, 2026 3:41:21 上午 spec.jbb.JBBmain DoARun -> 信息:   started user thread for Warehouse 36
2月 12, 2026 3:41:21 上午 spec.jbb.JBBmain DoARun -> 信息:   started user thread for Warehouse 37
2月 12, 2026 3:41:21 上午 spec.jbb.JBBmain DoARun -> 信息:   started user thread for Warehouse 38
2月 12, 2026 3:41:21 上午 spec.jbb.JBBmain DoARun -> 信息:   started user thread for Warehouse 39
2月 12, 2026 3:41:21 上午 spec.jbb.JBBmain DoARun -> 信息:   started user thread for Warehouse 40
2月 12, 2026 3:41:21 上午 spec.jbb.JBBmain DoARun -> 信息:   started user thread for Warehouse 41
2月 12, 2026 3:41:21 上午 spec.jbb.JBBmain DoARun -> 信息:   started user thread for Warehouse 42
2月 12, 2026 3:41:21 上午 spec.jbb.JBBmain DoARun -> 信息:   started user thread for Warehouse 43
2月 12, 2026 3:41:21 上午 spec.jbb.JBBmain DoARun -> 信息:   started user thread for Warehouse 44
2月 12, 2026 3:41:21 上午 spec.jbb.JBBmain DoARun -> 信息:   started user thread for Warehouse 45
2月 12, 2026 3:41:21 上午 spec.jbb.JBBmain DoARun -> 信息:   started user thread for Warehouse 46
2月 12, 2026 3:41:21 上午 spec.jbb.JBBmain DoARun -> 信息:   started user thread for Warehouse 47
2月 12, 2026 3:41:21 上午 spec.jbb.JBBmain DoARun -> 信息:   started user thread for Warehouse 48
2月 12, 2026 3:41:21 上午 spec.jbb.JBBmain DoARun -> 信息:   started user thread for Warehouse 49
2月 12, 2026 3:41:21 上午 spec.jbb.JBBmain DoARun -> 信息:   started user thread for Warehouse 50
2月 12, 2026 3:41:21 上午 spec.jbb.JBBmain DoARun -> 信息:   started user thread for Warehouse 51
2月 12, 2026 3:41:21 上午 spec.jbb.JBBmain DoARun -> 信息:   started user thread for Warehouse 52
2月 12, 2026 3:41:21 上午 spec.jbb.JBBmain DoARun -> 信息:   started user thread for Warehouse 53
2月 12, 2026 3:41:21 上午 spec.jbb.JBBmain DoARun -> 信息:   started user thread for Warehouse 54
2月 12, 2026 3:41:21 上午 spec.jbb.JBBmain DoARun -> 信息:   started user thread for Warehouse 55
2月 12, 2026 3:41:21 上午 spec.jbb.JBBmain DoARun -> 信息:   started user thread for Warehouse 56
2月 12, 2026 3:41:21 上午 spec.jbb.JBBmain DoARun -> 信息:   started user thread for Warehouse 57
2月 12, 2026 3:41:21 上午 spec.jbb.JBBmain DoARun -> 信息:   started user thread for Warehouse 58
2月 12, 2026 3:41:21 上午 spec.jbb.JBBmain DoARun -> 信息:   started user thread for Warehouse 59
2月 12, 2026 3:41:21 上午 spec.jbb.JBBmain DoARun -> 信息:   started user thread for Warehouse 60
2月 12, 2026 3:41:21 上午 spec.jbb.JBBmain DoARun -> 信息:   started user thread for Warehouse 61
2月 12, 2026 3:41:21 上午 spec.jbb.JBBmain DoARun -> 信息:   started user thread for Warehouse 62
2月 12, 2026 3:41:21 上午 spec.jbb.JBBmain DoARun -> 信息:   started user thread for Warehouse 63
2月 12, 2026 3:41:21 上午 spec.jbb.JBBmain DoARun -> 信息:   started user thread for Warehouse 64
2月 12, 2026 3:41:21 上午 spec.jbb.JBBmain DoARun -> 信息:   started user thread for Warehouse 65
2月 12, 2026 3:41:21 上午 spec.jbb.JBBmain DoARun -> 信息:   started user thread for Warehouse 66
2月 12, 2026 3:41:21 上午 spec.jbb.JBBmain DoARun -> 信息:   started user thread for Warehouse 67
2月 12, 2026 3:41:21 上午 spec.jbb.JBBmain DoARun -> 信息:   started user thread for Warehouse 68
2月 12, 2026 3:41:21 上午 spec.jbb.JBBmain DoARun -> 信息:   started user thread for Warehouse 69
2月 12, 2026 3:41:21 上午 spec.jbb.JBBmain DoARun -> 信息:   started user thread for Warehouse 70
2月 12, 2026 3:41:21 上午 spec.jbb.JBBmain DoARun -> 信息:   started user thread for Warehouse 71
2月 12, 2026 3:41:21 上午 spec.jbb.JBBmain DoARun -> 信息:   started user thread for Warehouse 72
2月 12, 2026 3:41:21 上午 spec.jbb.JBBmain DoARun -> 信息:   started user thread for Warehouse 73
2月 12, 2026 3:41:21 上午 spec.jbb.JBBmain DoARun -> 信息:   started user thread for Warehouse 74
2月 12, 2026 3:41:21 上午 spec.jbb.JBBmain DoARun -> 信息:   started user thread for Warehouse 75
2月 12, 2026 3:41:21 上午 spec.jbb.JBBmain DoARun -> 信息:   started user thread for Warehouse 76
2月 12, 2026 3:41:21 上午 spec.jbb.JBBmain DoARun -> 信息:   started user thread for Warehouse 77
2月 12, 2026 3:41:21 上午 spec.jbb.JBBmain DoARun -> 信息:   started user thread for Warehouse 78
2月 12, 2026 3:41:21 上午 spec.jbb.JBBmain DoARun -> 信息:   started user thread for Warehouse 79
2月 12, 2026 3:41:21 上午 spec.jbb.JBBmain DoARun -> 信息:   started user thread for Warehouse 80
2月 12, 2026 3:41:21 上午 spec.jbb.JBBmain DoARun -> 信息:   started user thread for Warehouse 81
2月 12, 2026 3:41:21 上午 spec.jbb.JBBmain DoARun -> 信息:   started user thread for Warehouse 82
2月 12, 2026 3:41:21 上午 spec.jbb.JBBmain DoARun -> 信息:   started user thread for Warehouse 83
2月 12, 2026 3:41:21 上午 spec.jbb.JBBmain DoARun -> 信息:   started user thread for Warehouse 84
2月 12, 2026 3:41:21 上午 spec.jbb.JBBmain DoARun -> 信息:   started user thread for Warehouse 85
2月 12, 2026 3:41:21 上午 spec.jbb.JBBmain DoARun -> 信息:   started user thread for Warehouse 86
2月 12, 2026 3:41:21 上午 spec.jbb.JBBmain DoARun -> 信息:   started user thread for Warehouse 87
2月 12, 2026 3:41:21 上午 spec.jbb.JBBmain DoARun -> 信息:   started user thread for Warehouse 88
2月 12, 2026 3:41:21 上午 spec.jbb.JBBmain DoARun -> 信息:   started user thread for Warehouse 89
2月 12, 2026 3:41:21 上午 spec.jbb.JBBmain DoARun -> 信息:   started user thread for Warehouse 90
2月 12, 2026 3:41:21 上午 spec.jbb.JBBmain DoARun -> 信息:   started user thread for Warehouse 91
2月 12, 2026 3:41:21 上午 spec.jbb.JBBmain DoARun -> 信息:   started user thread for Warehouse 92
2月 12, 2026 3:41:21 上午 spec.jbb.JBBmain DoARun -> 信息:   started user thread for Warehouse 93
2月 12, 2026 3:41:21 上午 spec.jbb.JBBmain DoARun -> 信息:   started user thread for Warehouse 94
2月 12, 2026 3:41:21 上午 spec.jbb.JBBmain DoARun -> 信息:   started user thread for Warehouse 95
2月 12, 2026 3:41:21 上午 spec.jbb.JBBmain DoARun -> 信息:   started user thread for Warehouse 96
2月 12, 2026 3:41:21 上午 spec.jbb.JBBmain DoARun -> 信息:   started user thread for Warehouse 97
2月 12, 2026 3:41:21 上午 spec.jbb.JBBmain DoARun -> 信息:   started user thread for Warehouse 98
2月 12, 2026 3:41:21 上午 spec.jbb.JBBmain DoARun -> 信息:   started user thread for Warehouse 99
2月 12, 2026 3:41:21 上午 spec.jbb.JBBmain DoARun -> 信息:   started user thread for Warehouse 100
2月 12, 2026 3:41:21 上午 spec.jbb.JBBmain DoARun -> 信息:   started user thread for Warehouse 101
2月 12, 2026 3:41:21 上午 spec.jbb.JBBmain DoARun -> 信息:   started user thread for Warehouse 102
2月 12, 2026 3:41:21 上午 spec.jbb.Company displayResultTotals -> 信息: Timing Measurement began Thu Feb 12 03:41:21 CST 2026 for 4 minutes
2月 12, 2026 3:45:21 上午 spec.jbb.Company displayResultTotals -> 信息: Timing Measurement ended Thu Feb 12 03:45:21 CST 2026
2月 12, 2026 3:45:21 上午 spec.jbb.Company primeWithDummyData -> 信息: Loading Warehouse 103...
2月 12, 2026 3:45:21 上午 spec.jbb.JBBmain DoARun -> 信息: Start User Threads
2月 12, 2026 3:45:21 上午 spec.jbb.JBBmain DoARun -> 信息:   started user thread for Warehouse 1
2月 12, 2026 3:45:21 上午 spec.jbb.JBBmain DoARun -> 信息:   started user thread for Warehouse 2
2月 12, 2026 3:45:21 上午 spec.jbb.JBBmain DoARun -> 信息:   started user thread for Warehouse 3
2月 12, 2026 3:45:21 上午 spec.jbb.JBBmain DoARun -> 信息:   started user thread for Warehouse 4
2月 12, 2026 3:45:21 上午 spec.jbb.JBBmain DoARun -> 信息:   started user thread for Warehouse 5
2月 12, 2026 3:45:21 上午 spec.jbb.JBBmain DoARun -> 信息:   started user thread for Warehouse 6
2月 12, 2026 3:45:21 上午 spec.jbb.JBBmain DoARun -> 信息:   started user thread for Warehouse 7
2月 12, 2026 3:45:21 上午 spec.jbb.JBBmain DoARun -> 信息:   started user thread for Warehouse 8
2月 12, 2026 3:45:21 上午 spec.jbb.JBBmain DoARun -> 信息:   started user thread for Warehouse 9
2月 12, 2026 3:45:21 上午 spec.jbb.JBBmain DoARun -> 信息:   started user thread for Warehouse 10
2月 12, 2026 3:45:21 上午 spec.jbb.JBBmain DoARun -> 信息:   started user thread for Warehouse 11
2月 12, 2026 3:45:21 上午 spec.jbb.JBBmain DoARun -> 信息:   started user thread for Warehouse 12
2月 12, 2026 3:45:21 上午 spec.jbb.JBBmain DoARun -> 信息:   started user thread for Warehouse 13
2月 12, 2026 3:45:21 上午 spec.jbb.JBBmain DoARun -> 信息:   started user thread for Warehouse 14
2月 12, 2026 3:45:21 上午 spec.jbb.JBBmain DoARun -> 信息:   started user thread for Warehouse 15
2月 12, 2026 3:45:21 上午 spec.jbb.JBBmain DoARun -> 信息:   started user thread for Warehouse 16
2月 12, 2026 3:45:21 上午 spec.jbb.JBBmain DoARun -> 信息:   started user thread for Warehouse 17
2月 12, 2026 3:45:21 上午 spec.jbb.JBBmain DoARun -> 信息:   started user thread for Warehouse 18
2月 12, 2026 3:45:21 上午 spec.jbb.JBBmain DoARun -> 信息:   started user thread for Warehouse 19
2月 12, 2026 3:45:21 上午 spec.jbb.JBBmain DoARun -> 信息:   started user thread for Warehouse 20
2月 12, 2026 3:45:21 上午 spec.jbb.JBBmain DoARun -> 信息:   started user thread for Warehouse 21
2月 12, 2026 3:45:21 上午 spec.jbb.JBBmain DoARun -> 信息:   started user thread for Warehouse 22
2月 12, 2026 3:45:21 上午 spec.jbb.JBBmain DoARun -> 信息:   started user thread for Warehouse 23
2月 12, 2026 3:45:21 上午 spec.jbb.JBBmain DoARun -> 信息:   started user thread for Warehouse 24
2月 12, 2026 3:45:21 上午 spec.jbb.JBBmain DoARun -> 信息:   started user thread for Warehouse 25
2月 12, 2026 3:45:21 上午 spec.jbb.JBBmain DoARun -> 信息:   started user thread for Warehouse 26
2月 12, 2026 3:45:21 上午 spec.jbb.JBBmain DoARun -> 信息:   started user thread for Warehouse 27
2月 12, 2026 3:45:21 上午 spec.jbb.JBBmain DoARun -> 信息:   started user thread for Warehouse 28
2月 12, 2026 3:45:21 上午 spec.jbb.JBBmain DoARun -> 信息:   started user thread for Warehouse 29
2月 12, 2026 3:45:21 上午 spec.jbb.JBBmain DoARun -> 信息:   started user thread for Warehouse 30
2月 12, 2026 3:45:21 上午 spec.jbb.JBBmain DoARun -> 信息:   started user thread for Warehouse 31
2月 12, 2026 3:45:21 上午 spec.jbb.JBBmain DoARun -> 信息:   started user thread for Warehouse 32
2月 12, 2026 3:45:21 上午 spec.jbb.JBBmain DoARun -> 信息:   started user thread for Warehouse 33
2月 12, 2026 3:45:21 上午 spec.jbb.JBBmain DoARun -> 信息:   started user thread for Warehouse 34
2月 12, 2026 3:45:21 上午 spec.jbb.JBBmain DoARun -> 信息:   started user thread for Warehouse 35
2月 12, 2026 3:45:21 上午 spec.jbb.JBBmain DoARun -> 信息:   started user thread for Warehouse 36
2月 12, 2026 3:45:21 上午 spec.jbb.JBBmain DoARun -> 信息:   started user thread for Warehouse 37
2月 12, 2026 3:45:21 上午 spec.jbb.JBBmain DoARun -> 信息:   started user thread for Warehouse 38
2月 12, 2026 3:45:21 上午 spec.jbb.JBBmain DoARun -> 信息:   started user thread for Warehouse 39
2月 12, 2026 3:45:21 上午 spec.jbb.JBBmain DoARun -> 信息:   started user thread for Warehouse 40
2月 12, 2026 3:45:21 上午 spec.jbb.JBBmain DoARun -> 信息:   started user thread for Warehouse 41
2月 12, 2026 3:45:21 上午 spec.jbb.JBBmain DoARun -> 信息:   started user thread for Warehouse 42
2月 12, 2026 3:45:21 上午 spec.jbb.JBBmain DoARun -> 信息:   started user thread for Warehouse 43
2月 12, 2026 3:45:21 上午 spec.jbb.JBBmain DoARun -> 信息:   started user thread for Warehouse 44
2月 12, 2026 3:45:21 上午 spec.jbb.JBBmain DoARun -> 信息:   started user thread for Warehouse 45
2月 12, 2026 3:45:21 上午 spec.jbb.JBBmain DoARun -> 信息:   started user thread for Warehouse 46
2月 12, 2026 3:45:21 上午 spec.jbb.JBBmain DoARun -> 信息:   started user thread for Warehouse 47
2月 12, 2026 3:45:21 上午 spec.jbb.JBBmain DoARun -> 信息:   started user thread for Warehouse 48
2月 12, 2026 3:45:21 上午 spec.jbb.JBBmain DoARun -> 信息:   started user thread for Warehouse 49
2月 12, 2026 3:45:21 上午 spec.jbb.JBBmain DoARun -> 信息:   started user thread for Warehouse 50
2月 12, 2026 3:45:21 上午 spec.jbb.JBBmain DoARun -> 信息:   started user thread for Warehouse 51
2月 12, 2026 3:45:21 上午 spec.jbb.JBBmain DoARun -> 信息:   started user thread for Warehouse 52
2月 12, 2026 3:45:21 上午 spec.jbb.JBBmain DoARun -> 信息:   started user thread for Warehouse 53
2月 12, 2026 3:45:21 上午 spec.jbb.JBBmain DoARun -> 信息:   started user thread for Warehouse 54
2月 12, 2026 3:45:21 上午 spec.jbb.JBBmain DoARun -> 信息:   started user thread for Warehouse 55
2月 12, 2026 3:45:21 上午 spec.jbb.JBBmain DoARun -> 信息:   started user thread for Warehouse 56
2月 12, 2026 3:45:21 上午 spec.jbb.JBBmain DoARun -> 信息:   started user thread for Warehouse 57
2月 12, 2026 3:45:21 上午 spec.jbb.JBBmain DoARun -> 信息:   started user thread for Warehouse 58
2月 12, 2026 3:45:21 上午 spec.jbb.JBBmain DoARun -> 信息:   started user thread for Warehouse 59
2月 12, 2026 3:45:21 上午 spec.jbb.JBBmain DoARun -> 信息:   started user thread for Warehouse 60
2月 12, 2026 3:45:21 上午 spec.jbb.JBBmain DoARun -> 信息:   started user thread for Warehouse 61
2月 12, 2026 3:45:21 上午 spec.jbb.JBBmain DoARun -> 信息:   started user thread for Warehouse 62
2月 12, 2026 3:45:21 上午 spec.jbb.JBBmain DoARun -> 信息:   started user thread for Warehouse 63
2月 12, 2026 3:45:21 上午 spec.jbb.JBBmain DoARun -> 信息:   started user thread for Warehouse 64
2月 12, 2026 3:45:21 上午 spec.jbb.JBBmain DoARun -> 信息:   started user thread for Warehouse 65
2月 12, 2026 3:45:21 上午 spec.jbb.JBBmain DoARun -> 信息:   started user thread for Warehouse 66
2月 12, 2026 3:45:21 上午 spec.jbb.JBBmain DoARun -> 信息:   started user thread for Warehouse 67
2月 12, 2026 3:45:21 上午 spec.jbb.JBBmain DoARun -> 信息:   started user thread for Warehouse 68
2月 12, 2026 3:45:21 上午 spec.jbb.JBBmain DoARun -> 信息:   started user thread for Warehouse 69
2月 12, 2026 3:45:21 上午 spec.jbb.JBBmain DoARun -> 信息:   started user thread for Warehouse 70
2月 12, 2026 3:45:21 上午 spec.jbb.JBBmain DoARun -> 信息:   started user thread for Warehouse 71
2月 12, 2026 3:45:21 上午 spec.jbb.JBBmain DoARun -> 信息:   started user thread for Warehouse 72
2月 12, 2026 3:45:21 上午 spec.jbb.JBBmain DoARun -> 信息:   started user thread for Warehouse 73
2月 12, 2026 3:45:21 上午 spec.jbb.JBBmain DoARun -> 信息:   started user thread for Warehouse 74
2月 12, 2026 3:45:21 上午 spec.jbb.JBBmain DoARun -> 信息:   started user thread for Warehouse 75
2月 12, 2026 3:45:21 上午 spec.jbb.JBBmain DoARun -> 信息:   started user thread for Warehouse 76
2月 12, 2026 3:45:21 上午 spec.jbb.JBBmain DoARun -> 信息:   started user thread for Warehouse 77
2月 12, 2026 3:45:21 上午 spec.jbb.JBBmain DoARun -> 信息:   started user thread for Warehouse 78
2月 12, 2026 3:45:21 上午 spec.jbb.JBBmain DoARun -> 信息:   started user thread for Warehouse 79
2月 12, 2026 3:45:21 上午 spec.jbb.JBBmain DoARun -> 信息:   started user thread for Warehouse 80
2月 12, 2026 3:45:21 上午 spec.jbb.JBBmain DoARun -> 信息:   started user thread for Warehouse 81
2月 12, 2026 3:45:21 上午 spec.jbb.JBBmain DoARun -> 信息:   started user thread for Warehouse 82
2月 12, 2026 3:45:21 上午 spec.jbb.JBBmain DoARun -> 信息:   started user thread for Warehouse 83
2月 12, 2026 3:45:21 上午 spec.jbb.JBBmain DoARun -> 信息:   started user thread for Warehouse 84
2月 12, 2026 3:45:21 上午 spec.jbb.JBBmain DoARun -> 信息:   started user thread for Warehouse 85
2月 12, 2026 3:45:21 上午 spec.jbb.JBBmain DoARun -> 信息:   started user thread for Warehouse 86
2月 12, 2026 3:45:21 上午 spec.jbb.JBBmain DoARun -> 信息:   started user thread for Warehouse 87
2月 12, 2026 3:45:21 上午 spec.jbb.JBBmain DoARun -> 信息:   started user thread for Warehouse 88
2月 12, 2026 3:45:21 上午 spec.jbb.JBBmain DoARun -> 信息:   started user thread for Warehouse 89
2月 12, 2026 3:45:21 上午 spec.jbb.JBBmain DoARun -> 信息:   started user thread for Warehouse 90
2月 12, 2026 3:45:21 上午 spec.jbb.JBBmain DoARun -> 信息:   started user thread for Warehouse 91
2月 12, 2026 3:45:21 上午 spec.jbb.JBBmain DoARun -> 信息:   started user thread for Warehouse 92
2月 12, 2026 3:45:21 上午 spec.jbb.JBBmain DoARun -> 信息:   started user thread for Warehouse 93
2月 12, 2026 3:45:21 上午 spec.jbb.JBBmain DoARun -> 信息:   started user thread for Warehouse 94
2月 12, 2026 3:45:21 上午 spec.jbb.JBBmain DoARun -> 信息:   started user thread for Warehouse 95
2月 12, 2026 3:45:21 上午 spec.jbb.JBBmain DoARun -> 信息:   started user thread for Warehouse 96
2月 12, 2026 3:45:21 上午 spec.jbb.JBBmain DoARun -> 信息:   started user thread for Warehouse 97
2月 12, 2026 3:45:21 上午 spec.jbb.JBBmain DoARun -> 信息:   started user thread for Warehouse 98
2月 12, 2026 3:45:21 上午 spec.jbb.JBBmain DoARun -> 信息:   started user thread for Warehouse 99
2月 12, 2026 3:45:21 上午 spec.jbb.JBBmain DoARun -> 信息:   started user thread for Warehouse 100
2月 12, 2026 3:45:21 上午 spec.jbb.JBBmain DoARun -> 信息:   started user thread for Warehouse 101
2月 12, 2026 3:45:21 上午 spec.jbb.JBBmain DoARun -> 信息:   started user thread for Warehouse 102
2月 12, 2026 3:45:21 上午 spec.jbb.JBBmain DoARun -> 信息:   started user thread for Warehouse 103
2月 12, 2026 3:45:21 上午 spec.jbb.Company displayResultTotals -> 信息: Timing Measurement began Thu Feb 12 03:45:21 CST 2026 for 4 minutes
2月 12, 2026 3:49:21 上午 spec.jbb.Company displayResultTotals -> 信息: Timing Measurement ended Thu Feb 12 03:49:21 CST 2026
2月 12, 2026 3:49:21 上午 spec.jbb.Company primeWithDummyData -> 信息: Loading Warehouse 104...
2月 12, 2026 3:49:21 上午 spec.jbb.JBBmain DoARun -> 信息: Start User Threads
2月 12, 2026 3:49:21 上午 spec.jbb.JBBmain DoARun -> 信息:   started user thread for Warehouse 1
2月 12, 2026 3:49:21 上午 spec.jbb.JBBmain DoARun -> 信息:   started user thread for Warehouse 2
2月 12, 2026 3:49:21 上午 spec.jbb.JBBmain DoARun -> 信息:   started user thread for Warehouse 3
2月 12, 2026 3:49:21 上午 spec.jbb.JBBmain DoARun -> 信息:   started user thread for Warehouse 4
2月 12, 2026 3:49:21 上午 spec.jbb.JBBmain DoARun -> 信息:   started user thread for Warehouse 5
2月 12, 2026 3:49:21 上午 spec.jbb.JBBmain DoARun -> 信息:   started user thread for Warehouse 6
2月 12, 2026 3:49:21 上午 spec.jbb.JBBmain DoARun -> 信息:   started user thread for Warehouse 7
2月 12, 2026 3:49:21 上午 spec.jbb.JBBmain DoARun -> 信息:   started user thread for Warehouse 8
2月 12, 2026 3:49:21 上午 spec.jbb.JBBmain DoARun -> 信息:   started user thread for Warehouse 9
2月 12, 2026 3:49:21 上午 spec.jbb.JBBmain DoARun -> 信息:   started user thread for Warehouse 10
2月 12, 2026 3:49:21 上午 spec.jbb.JBBmain DoARun -> 信息:   started user thread for Warehouse 11
2月 12, 2026 3:49:21 上午 spec.jbb.JBBmain DoARun -> 信息:   started user thread for Warehouse 12
2月 12, 2026 3:49:21 上午 spec.jbb.JBBmain DoARun -> 信息:   started user thread for Warehouse 13
2月 12, 2026 3:49:21 上午 spec.jbb.JBBmain DoARun -> 信息:   started user thread for Warehouse 14
2月 12, 2026 3:49:21 上午 spec.jbb.JBBmain DoARun -> 信息:   started user thread for Warehouse 15
2月 12, 2026 3:49:21 上午 spec.jbb.JBBmain DoARun -> 信息:   started user thread for Warehouse 16
2月 12, 2026 3:49:21 上午 spec.jbb.JBBmain DoARun -> 信息:   started user thread for Warehouse 17
2月 12, 2026 3:49:21 上午 spec.jbb.JBBmain DoARun -> 信息:   started user thread for Warehouse 18
2月 12, 2026 3:49:21 上午 spec.jbb.JBBmain DoARun -> 信息:   started user thread for Warehouse 19
2月 12, 2026 3:49:21 上午 spec.jbb.JBBmain DoARun -> 信息:   started user thread for Warehouse 20
2月 12, 2026 3:49:21 上午 spec.jbb.JBBmain DoARun -> 信息:   started user thread for Warehouse 21
2月 12, 2026 3:49:21 上午 spec.jbb.JBBmain DoARun -> 信息:   started user thread for Warehouse 22
2月 12, 2026 3:49:21 上午 spec.jbb.JBBmain DoARun -> 信息:   started user thread for Warehouse 23
2月 12, 2026 3:49:21 上午 spec.jbb.JBBmain DoARun -> 信息:   started user thread for Warehouse 24
2月 12, 2026 3:49:21 上午 spec.jbb.JBBmain DoARun -> 信息:   started user thread for Warehouse 25
2月 12, 2026 3:49:21 上午 spec.jbb.JBBmain DoARun -> 信息:   started user thread for Warehouse 26
2月 12, 2026 3:49:21 上午 spec.jbb.JBBmain DoARun -> 信息:   started user thread for Warehouse 27
2月 12, 2026 3:49:21 上午 spec.jbb.JBBmain DoARun -> 信息:   started user thread for Warehouse 28
2月 12, 2026 3:49:21 上午 spec.jbb.JBBmain DoARun -> 信息:   started user thread for Warehouse 29
2月 12, 2026 3:49:22 上午 spec.jbb.JBBmain DoARun -> 信息:   started user thread for Warehouse 30
2月 12, 2026 3:49:22 上午 spec.jbb.JBBmain DoARun -> 信息:   started user thread for Warehouse 31
2月 12, 2026 3:49:22 上午 spec.jbb.JBBmain DoARun -> 信息:   started user thread for Warehouse 32
2月 12, 2026 3:49:22 上午 spec.jbb.JBBmain DoARun -> 信息:   started user thread for Warehouse 33
2月 12, 2026 3:49:22 上午 spec.jbb.JBBmain DoARun -> 信息:   started user thread for Warehouse 34
2月 12, 2026 3:49:22 上午 spec.jbb.JBBmain DoARun -> 信息:   started user thread for Warehouse 35
2月 12, 2026 3:49:22 上午 spec.jbb.JBBmain DoARun -> 信息:   started user thread for Warehouse 36
2月 12, 2026 3:49:22 上午 spec.jbb.JBBmain DoARun -> 信息:   started user thread for Warehouse 37
2月 12, 2026 3:49:22 上午 spec.jbb.JBBmain DoARun -> 信息:   started user thread for Warehouse 38
2月 12, 2026 3:49:22 上午 spec.jbb.JBBmain DoARun -> 信息:   started user thread for Warehouse 39
2月 12, 2026 3:49:22 上午 spec.jbb.JBBmain DoARun -> 信息:   started user thread for Warehouse 40
2月 12, 2026 3:49:22 上午 spec.jbb.JBBmain DoARun -> 信息:   started user thread for Warehouse 41
2月 12, 2026 3:49:22 上午 spec.jbb.JBBmain DoARun -> 信息:   started user thread for Warehouse 42
2月 12, 2026 3:49:22 上午 spec.jbb.JBBmain DoARun -> 信息:   started user thread for Warehouse 43
2月 12, 2026 3:49:22 上午 spec.jbb.JBBmain DoARun -> 信息:   started user thread for Warehouse 44
2月 12, 2026 3:49:22 上午 spec.jbb.JBBmain DoARun -> 信息:   started user thread for Warehouse 45
2月 12, 2026 3:49:22 上午 spec.jbb.JBBmain DoARun -> 信息:   started user thread for Warehouse 46
2月 12, 2026 3:49:22 上午 spec.jbb.JBBmain DoARun -> 信息:   started user thread for Warehouse 47
2月 12, 2026 3:49:22 上午 spec.jbb.JBBmain DoARun -> 信息:   started user thread for Warehouse 48
2月 12, 2026 3:49:22 上午 spec.jbb.JBBmain DoARun -> 信息:   started user thread for Warehouse 49
2月 12, 2026 3:49:22 上午 spec.jbb.JBBmain DoARun -> 信息:   started user thread for Warehouse 50
2月 12, 2026 3:49:22 上午 spec.jbb.JBBmain DoARun -> 信息:   started user thread for Warehouse 51
2月 12, 2026 3:49:22 上午 spec.jbb.JBBmain DoARun -> 信息:   started user thread for Warehouse 52
2月 12, 2026 3:49:22 上午 spec.jbb.JBBmain DoARun -> 信息:   started user thread for Warehouse 53
2月 12, 2026 3:49:22 上午 spec.jbb.JBBmain DoARun -> 信息:   started user thread for Warehouse 54
2月 12, 2026 3:49:22 上午 spec.jbb.JBBmain DoARun -> 信息:   started user thread for Warehouse 55
2月 12, 2026 3:49:22 上午 spec.jbb.JBBmain DoARun -> 信息:   started user thread for Warehouse 56
2月 12, 2026 3:49:22 上午 spec.jbb.JBBmain DoARun -> 信息:   started user thread for Warehouse 57
2月 12, 2026 3:49:22 上午 spec.jbb.JBBmain DoARun -> 信息:   started user thread for Warehouse 58
2月 12, 2026 3:49:22 上午 spec.jbb.JBBmain DoARun -> 信息:   started user thread for Warehouse 59
2月 12, 2026 3:49:22 上午 spec.jbb.JBBmain DoARun -> 信息:   started user thread for Warehouse 60
2月 12, 2026 3:49:22 上午 spec.jbb.JBBmain DoARun -> 信息:   started user thread for Warehouse 61
2月 12, 2026 3:49:22 上午 spec.jbb.JBBmain DoARun -> 信息:   started user thread for Warehouse 62
2月 12, 2026 3:49:22 上午 spec.jbb.JBBmain DoARun -> 信息:   started user thread for Warehouse 63
2月 12, 2026 3:49:22 上午 spec.jbb.JBBmain DoARun -> 信息:   started user thread for Warehouse 64
2月 12, 2026 3:49:22 上午 spec.jbb.JBBmain DoARun -> 信息:   started user thread for Warehouse 65
2月 12, 2026 3:49:22 上午 spec.jbb.JBBmain DoARun -> 信息:   started user thread for Warehouse 66
2月 12, 2026 3:49:22 上午 spec.jbb.JBBmain DoARun -> 信息:   started user thread for Warehouse 67
2月 12, 2026 3:49:22 上午 spec.jbb.JBBmain DoARun -> 信息:   started user thread for Warehouse 68
2月 12, 2026 3:49:22 上午 spec.jbb.JBBmain DoARun -> 信息:   started user thread for Warehouse 69
2月 12, 2026 3:49:22 上午 spec.jbb.JBBmain DoARun -> 信息:   started user thread for Warehouse 70
2月 12, 2026 3:49:22 上午 spec.jbb.JBBmain DoARun -> 信息:   started user thread for Warehouse 71
2月 12, 2026 3:49:22 上午 spec.jbb.JBBmain DoARun -> 信息:   started user thread for Warehouse 72
2月 12, 2026 3:49:22 上午 spec.jbb.JBBmain DoARun -> 信息:   started user thread for Warehouse 73
2月 12, 2026 3:49:22 上午 spec.jbb.JBBmain DoARun -> 信息:   started user thread for Warehouse 74
2月 12, 2026 3:49:22 上午 spec.jbb.JBBmain DoARun -> 信息:   started user thread for Warehouse 75
2月 12, 2026 3:49:22 上午 spec.jbb.JBBmain DoARun -> 信息:   started user thread for Warehouse 76
2月 12, 2026 3:49:22 上午 spec.jbb.JBBmain DoARun -> 信息:   started user thread for Warehouse 77
2月 12, 2026 3:49:22 上午 spec.jbb.JBBmain DoARun -> 信息:   started user thread for Warehouse 78
2月 12, 2026 3:49:22 上午 spec.jbb.JBBmain DoARun -> 信息:   started user thread for Warehouse 79
2月 12, 2026 3:49:22 上午 spec.jbb.JBBmain DoARun -> 信息:   started user thread for Warehouse 80
2月 12, 2026 3:49:22 上午 spec.jbb.JBBmain DoARun -> 信息:   started user thread for Warehouse 81
2月 12, 2026 3:49:22 上午 spec.jbb.JBBmain DoARun -> 信息:   started user thread for Warehouse 82
2月 12, 2026 3:49:22 上午 spec.jbb.JBBmain DoARun -> 信息:   started user thread for Warehouse 83
2月 12, 2026 3:49:22 上午 spec.jbb.JBBmain DoARun -> 信息:   started user thread for Warehouse 84
2月 12, 2026 3:49:22 上午 spec.jbb.JBBmain DoARun -> 信息:   started user thread for Warehouse 85
2月 12, 2026 3:49:22 上午 spec.jbb.JBBmain DoARun -> 信息:   started user thread for Warehouse 86
2月 12, 2026 3:49:22 上午 spec.jbb.JBBmain DoARun -> 信息:   started user thread for Warehouse 87
2月 12, 2026 3:49:22 上午 spec.jbb.JBBmain DoARun -> 信息:   started user thread for Warehouse 88
2月 12, 2026 3:49:22 上午 spec.jbb.JBBmain DoARun -> 信息:   started user thread for Warehouse 89
2月 12, 2026 3:49:22 上午 spec.jbb.JBBmain DoARun -> 信息:   started user thread for Warehouse 90
2月 12, 2026 3:49:22 上午 spec.jbb.JBBmain DoARun -> 信息:   started user thread for Warehouse 91
2月 12, 2026 3:49:22 上午 spec.jbb.JBBmain DoARun -> 信息:   started user thread for Warehouse 92
2月 12, 2026 3:49:22 上午 spec.jbb.JBBmain DoARun -> 信息:   started user thread for Warehouse 93
2月 12, 2026 3:49:22 上午 spec.jbb.JBBmain DoARun -> 信息:   started user thread for Warehouse 94
2月 12, 2026 3:49:22 上午 spec.jbb.JBBmain DoARun -> 信息:   started user thread for Warehouse 95
2月 12, 2026 3:49:22 上午 spec.jbb.JBBmain DoARun -> 信息:   started user thread for Warehouse 96
2月 12, 2026 3:49:22 上午 spec.jbb.JBBmain DoARun -> 信息:   started user thread for Warehouse 97
2月 12, 2026 3:49:22 上午 spec.jbb.JBBmain DoARun -> 信息:   started user thread for Warehouse 98
2月 12, 2026 3:49:22 上午 spec.jbb.JBBmain DoARun -> 信息:   started user thread for Warehouse 99
2月 12, 2026 3:49:22 上午 spec.jbb.JBBmain DoARun -> 信息:   started user thread for Warehouse 100
2月 12, 2026 3:49:22 上午 spec.jbb.JBBmain DoARun -> 信息:   started user thread for Warehouse 101
2月 12, 2026 3:49:22 上午 spec.jbb.JBBmain DoARun -> 信息:   started user thread for Warehouse 102
2月 12, 2026 3:49:22 上午 spec.jbb.JBBmain DoARun -> 信息:   started user thread for Warehouse 103
2月 12, 2026 3:49:22 上午 spec.jbb.JBBmain DoARun -> 信息:   started user thread for Warehouse 104
2月 12, 2026 3:49:22 上午 spec.jbb.Company displayResultTotals -> 信息: Timing Measurement began Thu Feb 12 03:49:22 CST 2026 for 4 minutes
2月 12, 2026 3:53:22 上午 spec.jbb.Company displayResultTotals -> 信息: Timing Measurement ended Thu Feb 12 03:53:22 CST 2026
2月 12, 2026 3:53:22 上午 spec.jbb.Company primeWithDummyData -> 信息: Loading Warehouse 105...
2月 12, 2026 3:53:22 上午 spec.jbb.JBBmain DoARun -> 信息: Start User Threads
2月 12, 2026 3:53:22 上午 spec.jbb.JBBmain DoARun -> 信息:   started user thread for Warehouse 1
2月 12, 2026 3:53:22 上午 spec.jbb.JBBmain DoARun -> 信息:   started user thread for Warehouse 2
2月 12, 2026 3:53:22 上午 spec.jbb.JBBmain DoARun -> 信息:   started user thread for Warehouse 3
2月 12, 2026 3:53:22 上午 spec.jbb.JBBmain DoARun -> 信息:   started user thread for Warehouse 4
2月 12, 2026 3:53:22 上午 spec.jbb.JBBmain DoARun -> 信息:   started user thread for Warehouse 5
2月 12, 2026 3:53:22 上午 spec.jbb.JBBmain DoARun -> 信息:   started user thread for Warehouse 6
2月 12, 2026 3:53:22 上午 spec.jbb.JBBmain DoARun -> 信息:   started user thread for Warehouse 7
2月 12, 2026 3:53:22 上午 spec.jbb.JBBmain DoARun -> 信息:   started user thread for Warehouse 8
2月 12, 2026 3:53:22 上午 spec.jbb.JBBmain DoARun -> 信息:   started user thread for Warehouse 9
2月 12, 2026 3:53:22 上午 spec.jbb.JBBmain DoARun -> 信息:   started user thread for Warehouse 10
2月 12, 2026 3:53:22 上午 spec.jbb.JBBmain DoARun -> 信息:   started user thread for Warehouse 11
2月 12, 2026 3:53:22 上午 spec.jbb.JBBmain DoARun -> 信息:   started user thread for Warehouse 12
2月 12, 2026 3:53:22 上午 spec.jbb.JBBmain DoARun -> 信息:   started user thread for Warehouse 13
2月 12, 2026 3:53:22 上午 spec.jbb.JBBmain DoARun -> 信息:   started user thread for Warehouse 14
2月 12, 2026 3:53:22 上午 spec.jbb.JBBmain DoARun -> 信息:   started user thread for Warehouse 15
2月 12, 2026 3:53:22 上午 spec.jbb.JBBmain DoARun -> 信息:   started user thread for Warehouse 16
2月 12, 2026 3:53:22 上午 spec.jbb.JBBmain DoARun -> 信息:   started user thread for Warehouse 17
2月 12, 2026 3:53:22 上午 spec.jbb.JBBmain DoARun -> 信息:   started user thread for Warehouse 18
2月 12, 2026 3:53:22 上午 spec.jbb.JBBmain DoARun -> 信息:   started user thread for Warehouse 19
2月 12, 2026 3:53:22 上午 spec.jbb.JBBmain DoARun -> 信息:   started user thread for Warehouse 20
2月 12, 2026 3:53:22 上午 spec.jbb.JBBmain DoARun -> 信息:   started user thread for Warehouse 21
2月 12, 2026 3:53:22 上午 spec.jbb.JBBmain DoARun -> 信息:   started user thread for Warehouse 22
2月 12, 2026 3:53:22 上午 spec.jbb.JBBmain DoARun -> 信息:   started user thread for Warehouse 23
2月 12, 2026 3:53:22 上午 spec.jbb.JBBmain DoARun -> 信息:   started user thread for Warehouse 24
2月 12, 2026 3:53:22 上午 spec.jbb.JBBmain DoARun -> 信息:   started user thread for Warehouse 25
2月 12, 2026 3:53:22 上午 spec.jbb.JBBmain DoARun -> 信息:   started user thread for Warehouse 26
2月 12, 2026 3:53:22 上午 spec.jbb.JBBmain DoARun -> 信息:   started user thread for Warehouse 27
2月 12, 2026 3:53:22 上午 spec.jbb.JBBmain DoARun -> 信息:   started user thread for Warehouse 28
2月 12, 2026 3:53:22 上午 spec.jbb.JBBmain DoARun -> 信息:   started user thread for Warehouse 29
2月 12, 2026 3:53:22 上午 spec.jbb.JBBmain DoARun -> 信息:   started user thread for Warehouse 30
2月 12, 2026 3:53:22 上午 spec.jbb.JBBmain DoARun -> 信息:   started user thread for Warehouse 31
2月 12, 2026 3:53:22 上午 spec.jbb.JBBmain DoARun -> 信息:   started user thread for Warehouse 32
2月 12, 2026 3:53:22 上午 spec.jbb.JBBmain DoARun -> 信息:   started user thread for Warehouse 33
2月 12, 2026 3:53:22 上午 spec.jbb.JBBmain DoARun -> 信息:   started user thread for Warehouse 34
2月 12, 2026 3:53:22 上午 spec.jbb.JBBmain DoARun -> 信息:   started user thread for Warehouse 35
2月 12, 2026 3:53:22 上午 spec.jbb.JBBmain DoARun -> 信息:   started user thread for Warehouse 36
2月 12, 2026 3:53:22 上午 spec.jbb.JBBmain DoARun -> 信息:   started user thread for Warehouse 37
2月 12, 2026 3:53:22 上午 spec.jbb.JBBmain DoARun -> 信息:   started user thread for Warehouse 38
2月 12, 2026 3:53:22 上午 spec.jbb.JBBmain DoARun -> 信息:   started user thread for Warehouse 39
2月 12, 2026 3:53:22 上午 spec.jbb.JBBmain DoARun -> 信息:   started user thread for Warehouse 40
2月 12, 2026 3:53:22 上午 spec.jbb.JBBmain DoARun -> 信息:   started user thread for Warehouse 41
2月 12, 2026 3:53:22 上午 spec.jbb.JBBmain DoARun -> 信息:   started user thread for Warehouse 42
2月 12, 2026 3:53:22 上午 spec.jbb.JBBmain DoARun -> 信息:   started user thread for Warehouse 43
2月 12, 2026 3:53:22 上午 spec.jbb.JBBmain DoARun -> 信息:   started user thread for Warehouse 44
2月 12, 2026 3:53:22 上午 spec.jbb.JBBmain DoARun -> 信息:   started user thread for Warehouse 45
2月 12, 2026 3:53:22 上午 spec.jbb.JBBmain DoARun -> 信息:   started user thread for Warehouse 46
2月 12, 2026 3:53:22 上午 spec.jbb.JBBmain DoARun -> 信息:   started user thread for Warehouse 47
2月 12, 2026 3:53:22 上午 spec.jbb.JBBmain DoARun -> 信息:   started user thread for Warehouse 48
2月 12, 2026 3:53:22 上午 spec.jbb.JBBmain DoARun -> 信息:   started user thread for Warehouse 49
2月 12, 2026 3:53:22 上午 spec.jbb.JBBmain DoARun -> 信息:   started user thread for Warehouse 50
2月 12, 2026 3:53:22 上午 spec.jbb.JBBmain DoARun -> 信息:   started user thread for Warehouse 51
2月 12, 2026 3:53:22 上午 spec.jbb.JBBmain DoARun -> 信息:   started user thread for Warehouse 52
2月 12, 2026 3:53:22 上午 spec.jbb.JBBmain DoARun -> 信息:   started user thread for Warehouse 53
2月 12, 2026 3:53:22 上午 spec.jbb.JBBmain DoARun -> 信息:   started user thread for Warehouse 54
2月 12, 2026 3:53:22 上午 spec.jbb.JBBmain DoARun -> 信息:   started user thread for Warehouse 55
2月 12, 2026 3:53:22 上午 spec.jbb.JBBmain DoARun -> 信息:   started user thread for Warehouse 56
2月 12, 2026 3:53:22 上午 spec.jbb.JBBmain DoARun -> 信息:   started user thread for Warehouse 57
2月 12, 2026 3:53:22 上午 spec.jbb.JBBmain DoARun -> 信息:   started user thread for Warehouse 58
2月 12, 2026 3:53:22 上午 spec.jbb.JBBmain DoARun -> 信息:   started user thread for Warehouse 59
2月 12, 2026 3:53:22 上午 spec.jbb.JBBmain DoARun -> 信息:   started user thread for Warehouse 60
2月 12, 2026 3:53:22 上午 spec.jbb.JBBmain DoARun -> 信息:   started user thread for Warehouse 61
2月 12, 2026 3:53:22 上午 spec.jbb.JBBmain DoARun -> 信息:   started user thread for Warehouse 62
2月 12, 2026 3:53:22 上午 spec.jbb.JBBmain DoARun -> 信息:   started user thread for Warehouse 63
2月 12, 2026 3:53:22 上午 spec.jbb.JBBmain DoARun -> 信息:   started user thread for Warehouse 64
2月 12, 2026 3:53:22 上午 spec.jbb.JBBmain DoARun -> 信息:   started user thread for Warehouse 65
2月 12, 2026 3:53:22 上午 spec.jbb.JBBmain DoARun -> 信息:   started user thread for Warehouse 66
2月 12, 2026 3:53:22 上午 spec.jbb.JBBmain DoARun -> 信息:   started user thread for Warehouse 67
2月 12, 2026 3:53:22 上午 spec.jbb.JBBmain DoARun -> 信息:   started user thread for Warehouse 68
2月 12, 2026 3:53:22 上午 spec.jbb.JBBmain DoARun -> 信息:   started user thread for Warehouse 69
2月 12, 2026 3:53:22 上午 spec.jbb.JBBmain DoARun -> 信息:   started user thread for Warehouse 70
2月 12, 2026 3:53:22 上午 spec.jbb.JBBmain DoARun -> 信息:   started user thread for Warehouse 71
2月 12, 2026 3:53:22 上午 spec.jbb.JBBmain DoARun -> 信息:   started user thread for Warehouse 72
2月 12, 2026 3:53:22 上午 spec.jbb.JBBmain DoARun -> 信息:   started user thread for Warehouse 73
2月 12, 2026 3:53:22 上午 spec.jbb.JBBmain DoARun -> 信息:   started user thread for Warehouse 74
2月 12, 2026 3:53:22 上午 spec.jbb.JBBmain DoARun -> 信息:   started user thread for Warehouse 75
2月 12, 2026 3:53:22 上午 spec.jbb.JBBmain DoARun -> 信息:   started user thread for Warehouse 76
2月 12, 2026 3:53:22 上午 spec.jbb.JBBmain DoARun -> 信息:   started user thread for Warehouse 77
2月 12, 2026 3:53:22 上午 spec.jbb.JBBmain DoARun -> 信息:   started user thread for Warehouse 78
2月 12, 2026 3:53:22 上午 spec.jbb.JBBmain DoARun -> 信息:   started user thread for Warehouse 79
2月 12, 2026 3:53:22 上午 spec.jbb.JBBmain DoARun -> 信息:   started user thread for Warehouse 80
2月 12, 2026 3:53:22 上午 spec.jbb.JBBmain DoARun -> 信息:   started user thread for Warehouse 81
2月 12, 2026 3:53:22 上午 spec.jbb.JBBmain DoARun -> 信息:   started user thread for Warehouse 82
2月 12, 2026 3:53:22 上午 spec.jbb.JBBmain DoARun -> 信息:   started user thread for Warehouse 83
2月 12, 2026 3:53:22 上午 spec.jbb.JBBmain DoARun -> 信息:   started user thread for Warehouse 84
2月 12, 2026 3:53:22 上午 spec.jbb.JBBmain DoARun -> 信息:   started user thread for Warehouse 85
2月 12, 2026 3:53:22 上午 spec.jbb.JBBmain DoARun -> 信息:   started user thread for Warehouse 86
2月 12, 2026 3:53:22 上午 spec.jbb.JBBmain DoARun -> 信息:   started user thread for Warehouse 87
2月 12, 2026 3:53:22 上午 spec.jbb.JBBmain DoARun -> 信息:   started user thread for Warehouse 88
2月 12, 2026 3:53:22 上午 spec.jbb.JBBmain DoARun -> 信息:   started user thread for Warehouse 89
2月 12, 2026 3:53:22 上午 spec.jbb.JBBmain DoARun -> 信息:   started user thread for Warehouse 90
2月 12, 2026 3:53:22 上午 spec.jbb.JBBmain DoARun -> 信息:   started user thread for Warehouse 91
2月 12, 2026 3:53:22 上午 spec.jbb.JBBmain DoARun -> 信息:   started user thread for Warehouse 92
2月 12, 2026 3:53:22 上午 spec.jbb.JBBmain DoARun -> 信息:   started user thread for Warehouse 93
2月 12, 2026 3:53:22 上午 spec.jbb.JBBmain DoARun -> 信息:   started user thread for Warehouse 94
2月 12, 2026 3:53:22 上午 spec.jbb.JBBmain DoARun -> 信息:   started user thread for Warehouse 95
2月 12, 2026 3:53:22 上午 spec.jbb.JBBmain DoARun -> 信息:   started user thread for Warehouse 96
2月 12, 2026 3:53:22 上午 spec.jbb.JBBmain DoARun -> 信息:   started user thread for Warehouse 97
2月 12, 2026 3:53:22 上午 spec.jbb.JBBmain DoARun -> 信息:   started user thread for Warehouse 98
2月 12, 2026 3:53:22 上午 spec.jbb.JBBmain DoARun -> 信息:   started user thread for Warehouse 99
2月 12, 2026 3:53:22 上午 spec.jbb.JBBmain DoARun -> 信息:   started user thread for Warehouse 100
2月 12, 2026 3:53:22 上午 spec.jbb.JBBmain DoARun -> 信息:   started user thread for Warehouse 101
2月 12, 2026 3:53:22 上午 spec.jbb.JBBmain DoARun -> 信息:   started user thread for Warehouse 102
2月 12, 2026 3:53:22 上午 spec.jbb.JBBmain DoARun -> 信息:   started user thread for Warehouse 103
2月 12, 2026 3:53:22 上午 spec.jbb.JBBmain DoARun -> 信息:   started user thread for Warehouse 104
2月 12, 2026 3:53:22 上午 spec.jbb.JBBmain DoARun -> 信息:   started user thread for Warehouse 105
2月 12, 2026 3:53:22 上午 spec.jbb.Company displayResultTotals -> 信息: Timing Measurement began Thu Feb 12 03:53:22 CST 2026 for 4 minutes
2月 12, 2026 3:57:22 上午 spec.jbb.Company displayResultTotals -> 信息: Timing Measurement ended Thu Feb 12 03:57:22 CST 2026
2月 12, 2026 3:57:22 上午 spec.jbb.Company primeWithDummyData -> 信息: Loading Warehouse 106...
2月 12, 2026 3:57:22 上午 spec.jbb.JBBmain DoARun -> 信息: Start User Threads
2月 12, 2026 3:57:22 上午 spec.jbb.JBBmain DoARun -> 信息:   started user thread for Warehouse 1
2月 12, 2026 3:57:22 上午 spec.jbb.JBBmain DoARun -> 信息:   started user thread for Warehouse 2
2月 12, 2026 3:57:22 上午 spec.jbb.JBBmain DoARun -> 信息:   started user thread for Warehouse 3
2月 12, 2026 3:57:22 上午 spec.jbb.JBBmain DoARun -> 信息:   started user thread for Warehouse 4
2月 12, 2026 3:57:22 上午 spec.jbb.JBBmain DoARun -> 信息:   started user thread for Warehouse 5
2月 12, 2026 3:57:22 上午 spec.jbb.JBBmain DoARun -> 信息:   started user thread for Warehouse 6
2月 12, 2026 3:57:22 上午 spec.jbb.JBBmain DoARun -> 信息:   started user thread for Warehouse 7
2月 12, 2026 3:57:22 上午 spec.jbb.JBBmain DoARun -> 信息:   started user thread for Warehouse 8
2月 12, 2026 3:57:22 上午 spec.jbb.JBBmain DoARun -> 信息:   started user thread for Warehouse 9
2月 12, 2026 3:57:22 上午 spec.jbb.JBBmain DoARun -> 信息:   started user thread for Warehouse 10
2月 12, 2026 3:57:22 上午 spec.jbb.JBBmain DoARun -> 信息:   started user thread for Warehouse 11
2月 12, 2026 3:57:22 上午 spec.jbb.JBBmain DoARun -> 信息:   started user thread for Warehouse 12
2月 12, 2026 3:57:22 上午 spec.jbb.JBBmain DoARun -> 信息:   started user thread for Warehouse 13
2月 12, 2026 3:57:22 上午 spec.jbb.JBBmain DoARun -> 信息:   started user thread for Warehouse 14
2月 12, 2026 3:57:22 上午 spec.jbb.JBBmain DoARun -> 信息:   started user thread for Warehouse 15
2月 12, 2026 3:57:22 上午 spec.jbb.JBBmain DoARun -> 信息:   started user thread for Warehouse 16
2月 12, 2026 3:57:22 上午 spec.jbb.JBBmain DoARun -> 信息:   started user thread for Warehouse 17
2月 12, 2026 3:57:22 上午 spec.jbb.JBBmain DoARun -> 信息:   started user thread for Warehouse 18
2月 12, 2026 3:57:22 上午 spec.jbb.JBBmain DoARun -> 信息:   started user thread for Warehouse 19
2月 12, 2026 3:57:22 上午 spec.jbb.JBBmain DoARun -> 信息:   started user thread for Warehouse 20
2月 12, 2026 3:57:22 上午 spec.jbb.JBBmain DoARun -> 信息:   started user thread for Warehouse 21
2月 12, 2026 3:57:22 上午 spec.jbb.JBBmain DoARun -> 信息:   started user thread for Warehouse 22
2月 12, 2026 3:57:22 上午 spec.jbb.JBBmain DoARun -> 信息:   started user thread for Warehouse 23
2月 12, 2026 3:57:22 上午 spec.jbb.JBBmain DoARun -> 信息:   started user thread for Warehouse 24
2月 12, 2026 3:57:22 上午 spec.jbb.JBBmain DoARun -> 信息:   started user thread for Warehouse 25
2月 12, 2026 3:57:22 上午 spec.jbb.JBBmain DoARun -> 信息:   started user thread for Warehouse 26
2月 12, 2026 3:57:22 上午 spec.jbb.JBBmain DoARun -> 信息:   started user thread for Warehouse 27
2月 12, 2026 3:57:22 上午 spec.jbb.JBBmain DoARun -> 信息:   started user thread for Warehouse 28
2月 12, 2026 3:57:22 上午 spec.jbb.JBBmain DoARun -> 信息:   started user thread for Warehouse 29
2月 12, 2026 3:57:22 上午 spec.jbb.JBBmain DoARun -> 信息:   started user thread for Warehouse 30
2月 12, 2026 3:57:22 上午 spec.jbb.JBBmain DoARun -> 信息:   started user thread for Warehouse 31
2月 12, 2026 3:57:22 上午 spec.jbb.JBBmain DoARun -> 信息:   started user thread for Warehouse 32
2月 12, 2026 3:57:22 上午 spec.jbb.JBBmain DoARun -> 信息:   started user thread for Warehouse 33
2月 12, 2026 3:57:22 上午 spec.jbb.JBBmain DoARun -> 信息:   started user thread for Warehouse 34
2月 12, 2026 3:57:22 上午 spec.jbb.JBBmain DoARun -> 信息:   started user thread for Warehouse 35
2月 12, 2026 3:57:22 上午 spec.jbb.JBBmain DoARun -> 信息:   started user thread for Warehouse 36
2月 12, 2026 3:57:22 上午 spec.jbb.JBBmain DoARun -> 信息:   started user thread for Warehouse 37
2月 12, 2026 3:57:22 上午 spec.jbb.JBBmain DoARun -> 信息:   started user thread for Warehouse 38
2月 12, 2026 3:57:22 上午 spec.jbb.JBBmain DoARun -> 信息:   started user thread for Warehouse 39
2月 12, 2026 3:57:22 上午 spec.jbb.JBBmain DoARun -> 信息:   started user thread for Warehouse 40
2月 12, 2026 3:57:22 上午 spec.jbb.JBBmain DoARun -> 信息:   started user thread for Warehouse 41
2月 12, 2026 3:57:22 上午 spec.jbb.JBBmain DoARun -> 信息:   started user thread for Warehouse 42
2月 12, 2026 3:57:22 上午 spec.jbb.JBBmain DoARun -> 信息:   started user thread for Warehouse 43
2月 12, 2026 3:57:22 上午 spec.jbb.JBBmain DoARun -> 信息:   started user thread for Warehouse 44
2月 12, 2026 3:57:22 上午 spec.jbb.JBBmain DoARun -> 信息:   started user thread for Warehouse 45
2月 12, 2026 3:57:22 上午 spec.jbb.JBBmain DoARun -> 信息:   started user thread for Warehouse 46
2月 12, 2026 3:57:22 上午 spec.jbb.JBBmain DoARun -> 信息:   started user thread for Warehouse 47
2月 12, 2026 3:57:22 上午 spec.jbb.JBBmain DoARun -> 信息:   started user thread for Warehouse 48
2月 12, 2026 3:57:22 上午 spec.jbb.JBBmain DoARun -> 信息:   started user thread for Warehouse 49
2月 12, 2026 3:57:22 上午 spec.jbb.JBBmain DoARun -> 信息:   started user thread for Warehouse 50
2月 12, 2026 3:57:22 上午 spec.jbb.JBBmain DoARun -> 信息:   started user thread for Warehouse 51
2月 12, 2026 3:57:22 上午 spec.jbb.JBBmain DoARun -> 信息:   started user thread for Warehouse 52
2月 12, 2026 3:57:22 上午 spec.jbb.JBBmain DoARun -> 信息:   started user thread for Warehouse 53
2月 12, 2026 3:57:22 上午 spec.jbb.JBBmain DoARun -> 信息:   started user thread for Warehouse 54
2月 12, 2026 3:57:22 上午 spec.jbb.JBBmain DoARun -> 信息:   started user thread for Warehouse 55
2月 12, 2026 3:57:22 上午 spec.jbb.JBBmain DoARun -> 信息:   started user thread for Warehouse 56
2月 12, 2026 3:57:22 上午 spec.jbb.JBBmain DoARun -> 信息:   started user thread for Warehouse 57
2月 12, 2026 3:57:22 上午 spec.jbb.JBBmain DoARun -> 信息:   started user thread for Warehouse 58
2月 12, 2026 3:57:22 上午 spec.jbb.JBBmain DoARun -> 信息:   started user thread for Warehouse 59
2月 12, 2026 3:57:22 上午 spec.jbb.JBBmain DoARun -> 信息:   started user thread for Warehouse 60
2月 12, 2026 3:57:22 上午 spec.jbb.JBBmain DoARun -> 信息:   started user thread for Warehouse 61
2月 12, 2026 3:57:22 上午 spec.jbb.JBBmain DoARun -> 信息:   started user thread for Warehouse 62
2月 12, 2026 3:57:22 上午 spec.jbb.JBBmain DoARun -> 信息:   started user thread for Warehouse 63
2月 12, 2026 3:57:22 上午 spec.jbb.JBBmain DoARun -> 信息:   started user thread for Warehouse 64
2月 12, 2026 3:57:22 上午 spec.jbb.JBBmain DoARun -> 信息:   started user thread for Warehouse 65
2月 12, 2026 3:57:22 上午 spec.jbb.JBBmain DoARun -> 信息:   started user thread for Warehouse 66
2月 12, 2026 3:57:22 上午 spec.jbb.JBBmain DoARun -> 信息:   started user thread for Warehouse 67
2月 12, 2026 3:57:22 上午 spec.jbb.JBBmain DoARun -> 信息:   started user thread for Warehouse 68
2月 12, 2026 3:57:22 上午 spec.jbb.JBBmain DoARun -> 信息:   started user thread for Warehouse 69
2月 12, 2026 3:57:22 上午 spec.jbb.JBBmain DoARun -> 信息:   started user thread for Warehouse 70
2月 12, 2026 3:57:22 上午 spec.jbb.JBBmain DoARun -> 信息:   started user thread for Warehouse 71
2月 12, 2026 3:57:22 上午 spec.jbb.JBBmain DoARun -> 信息:   started user thread for Warehouse 72
2月 12, 2026 3:57:22 上午 spec.jbb.JBBmain DoARun -> 信息:   started user thread for Warehouse 73
2月 12, 2026 3:57:22 上午 spec.jbb.JBBmain DoARun -> 信息:   started user thread for Warehouse 74
2月 12, 2026 3:57:22 上午 spec.jbb.JBBmain DoARun -> 信息:   started user thread for Warehouse 75
2月 12, 2026 3:57:22 上午 spec.jbb.JBBmain DoARun -> 信息:   started user thread for Warehouse 76
2月 12, 2026 3:57:22 上午 spec.jbb.JBBmain DoARun -> 信息:   started user thread for Warehouse 77
2月 12, 2026 3:57:22 上午 spec.jbb.JBBmain DoARun -> 信息:   started user thread for Warehouse 78
2月 12, 2026 3:57:22 上午 spec.jbb.JBBmain DoARun -> 信息:   started user thread for Warehouse 79
2月 12, 2026 3:57:22 上午 spec.jbb.JBBmain DoARun -> 信息:   started user thread for Warehouse 80
2月 12, 2026 3:57:22 上午 spec.jbb.JBBmain DoARun -> 信息:   started user thread for Warehouse 81
2月 12, 2026 3:57:22 上午 spec.jbb.JBBmain DoARun -> 信息:   started user thread for Warehouse 82
2月 12, 2026 3:57:22 上午 spec.jbb.JBBmain DoARun -> 信息:   started user thread for Warehouse 83
2月 12, 2026 3:57:22 上午 spec.jbb.JBBmain DoARun -> 信息:   started user thread for Warehouse 84
2月 12, 2026 3:57:22 上午 spec.jbb.JBBmain DoARun -> 信息:   started user thread for Warehouse 85
2月 12, 2026 3:57:22 上午 spec.jbb.JBBmain DoARun -> 信息:   started user thread for Warehouse 86
2月 12, 2026 3:57:22 上午 spec.jbb.JBBmain DoARun -> 信息:   started user thread for Warehouse 87
2月 12, 2026 3:57:22 上午 spec.jbb.JBBmain DoARun -> 信息:   started user thread for Warehouse 88
2月 12, 2026 3:57:22 上午 spec.jbb.JBBmain DoARun -> 信息:   started user thread for Warehouse 89
2月 12, 2026 3:57:22 上午 spec.jbb.JBBmain DoARun -> 信息:   started user thread for Warehouse 90
2月 12, 2026 3:57:22 上午 spec.jbb.JBBmain DoARun -> 信息:   started user thread for Warehouse 91
2月 12, 2026 3:57:22 上午 spec.jbb.JBBmain DoARun -> 信息:   started user thread for Warehouse 92
2月 12, 2026 3:57:22 上午 spec.jbb.JBBmain DoARun -> 信息:   started user thread for Warehouse 93
2月 12, 2026 3:57:22 上午 spec.jbb.JBBmain DoARun -> 信息:   started user thread for Warehouse 94
2月 12, 2026 3:57:22 上午 spec.jbb.JBBmain DoARun -> 信息:   started user thread for Warehouse 95
2月 12, 2026 3:57:22 上午 spec.jbb.JBBmain DoARun -> 信息:   started user thread for Warehouse 96
2月 12, 2026 3:57:22 上午 spec.jbb.JBBmain DoARun -> 信息:   started user thread for Warehouse 97
2月 12, 2026 3:57:22 上午 spec.jbb.JBBmain DoARun -> 信息:   started user thread for Warehouse 98
2月 12, 2026 3:57:22 上午 spec.jbb.JBBmain DoARun -> 信息:   started user thread for Warehouse 99
2月 12, 2026 3:57:22 上午 spec.jbb.JBBmain DoARun -> 信息:   started user thread for Warehouse 100
2月 12, 2026 3:57:22 上午 spec.jbb.JBBmain DoARun -> 信息:   started user thread for Warehouse 101
2月 12, 2026 3:57:22 上午 spec.jbb.JBBmain DoARun -> 信息:   started user thread for Warehouse 102
2月 12, 2026 3:57:22 上午 spec.jbb.JBBmain DoARun -> 信息:   started user thread for Warehouse 103
2月 12, 2026 3:57:22 上午 spec.jbb.JBBmain DoARun -> 信息:   started user thread for Warehouse 104
2月 12, 2026 3:57:22 上午 spec.jbb.JBBmain DoARun -> 信息:   started user thread for Warehouse 105
2月 12, 2026 3:57:22 上午 spec.jbb.JBBmain DoARun -> 信息:   started user thread for Warehouse 106
2月 12, 2026 3:57:22 上午 spec.jbb.Company displayResultTotals -> 信息: Timing Measurement began Thu Feb 12 03:57:22 CST 2026 for 4 minutes
2月 12, 2026 4:01:22 上午 spec.jbb.Company displayResultTotals -> 信息: Timing Measurement ended Thu Feb 12 04:01:22 CST 2026
2月 12, 2026 4:01:22 上午 spec.jbb.Company primeWithDummyData -> 信息: Loading Warehouse 107...
2月 12, 2026 4:01:23 上午 spec.jbb.JBBmain DoARun -> 信息: Start User Threads
2月 12, 2026 4:01:23 上午 spec.jbb.JBBmain DoARun -> 信息:   started user thread for Warehouse 1
2月 12, 2026 4:01:23 上午 spec.jbb.JBBmain DoARun -> 信息:   started user thread for Warehouse 2
2月 12, 2026 4:01:23 上午 spec.jbb.JBBmain DoARun -> 信息:   started user thread for Warehouse 3
2月 12, 2026 4:01:23 上午 spec.jbb.JBBmain DoARun -> 信息:   started user thread for Warehouse 4
2月 12, 2026 4:01:23 上午 spec.jbb.JBBmain DoARun -> 信息:   started user thread for Warehouse 5
2月 12, 2026 4:01:23 上午 spec.jbb.JBBmain DoARun -> 信息:   started user thread for Warehouse 6
2月 12, 2026 4:01:23 上午 spec.jbb.JBBmain DoARun -> 信息:   started user thread for Warehouse 7
2月 12, 2026 4:01:23 上午 spec.jbb.JBBmain DoARun -> 信息:   started user thread for Warehouse 8
2月 12, 2026 4:01:23 上午 spec.jbb.JBBmain DoARun -> 信息:   started user thread for Warehouse 9
2月 12, 2026 4:01:23 上午 spec.jbb.JBBmain DoARun -> 信息:   started user thread for Warehouse 10
2月 12, 2026 4:01:23 上午 spec.jbb.JBBmain DoARun -> 信息:   started user thread for Warehouse 11
2月 12, 2026 4:01:23 上午 spec.jbb.JBBmain DoARun -> 信息:   started user thread for Warehouse 12
2月 12, 2026 4:01:23 上午 spec.jbb.JBBmain DoARun -> 信息:   started user thread for Warehouse 13
2月 12, 2026 4:01:23 上午 spec.jbb.JBBmain DoARun -> 信息:   started user thread for Warehouse 14
2月 12, 2026 4:01:23 上午 spec.jbb.JBBmain DoARun -> 信息:   started user thread for Warehouse 15
2月 12, 2026 4:01:23 上午 spec.jbb.JBBmain DoARun -> 信息:   started user thread for Warehouse 16
2月 12, 2026 4:01:23 上午 spec.jbb.JBBmain DoARun -> 信息:   started user thread for Warehouse 17
2月 12, 2026 4:01:23 上午 spec.jbb.JBBmain DoARun -> 信息:   started user thread for Warehouse 18
2月 12, 2026 4:01:23 上午 spec.jbb.JBBmain DoARun -> 信息:   started user thread for Warehouse 19
2月 12, 2026 4:01:23 上午 spec.jbb.JBBmain DoARun -> 信息:   started user thread for Warehouse 20
2月 12, 2026 4:01:23 上午 spec.jbb.JBBmain DoARun -> 信息:   started user thread for Warehouse 21
2月 12, 2026 4:01:23 上午 spec.jbb.JBBmain DoARun -> 信息:   started user thread for Warehouse 22
2月 12, 2026 4:01:23 上午 spec.jbb.JBBmain DoARun -> 信息:   started user thread for Warehouse 23
2月 12, 2026 4:01:23 上午 spec.jbb.JBBmain DoARun -> 信息:   started user thread for Warehouse 24
2月 12, 2026 4:01:23 上午 spec.jbb.JBBmain DoARun -> 信息:   started user thread for Warehouse 25
2月 12, 2026 4:01:23 上午 spec.jbb.JBBmain DoARun -> 信息:   started user thread for Warehouse 26
2月 12, 2026 4:01:23 上午 spec.jbb.JBBmain DoARun -> 信息:   started user thread for Warehouse 27
2月 12, 2026 4:01:23 上午 spec.jbb.JBBmain DoARun -> 信息:   started user thread for Warehouse 28
2月 12, 2026 4:01:23 上午 spec.jbb.JBBmain DoARun -> 信息:   started user thread for Warehouse 29
2月 12, 2026 4:01:23 上午 spec.jbb.JBBmain DoARun -> 信息:   started user thread for Warehouse 30
2月 12, 2026 4:01:23 上午 spec.jbb.JBBmain DoARun -> 信息:   started user thread for Warehouse 31
2月 12, 2026 4:01:23 上午 spec.jbb.JBBmain DoARun -> 信息:   started user thread for Warehouse 32
2月 12, 2026 4:01:23 上午 spec.jbb.JBBmain DoARun -> 信息:   started user thread for Warehouse 33
2月 12, 2026 4:01:23 上午 spec.jbb.JBBmain DoARun -> 信息:   started user thread for Warehouse 34
2月 12, 2026 4:01:23 上午 spec.jbb.JBBmain DoARun -> 信息:   started user thread for Warehouse 35
2月 12, 2026 4:01:23 上午 spec.jbb.JBBmain DoARun -> 信息:   started user thread for Warehouse 36
2月 12, 2026 4:01:23 上午 spec.jbb.JBBmain DoARun -> 信息:   started user thread for Warehouse 37
2月 12, 2026 4:01:23 上午 spec.jbb.JBBmain DoARun -> 信息:   started user thread for Warehouse 38
2月 12, 2026 4:01:23 上午 spec.jbb.JBBmain DoARun -> 信息:   started user thread for Warehouse 39
2月 12, 2026 4:01:23 上午 spec.jbb.JBBmain DoARun -> 信息:   started user thread for Warehouse 40
2月 12, 2026 4:01:23 上午 spec.jbb.JBBmain DoARun -> 信息:   started user thread for Warehouse 41
2月 12, 2026 4:01:23 上午 spec.jbb.JBBmain DoARun -> 信息:   started user thread for Warehouse 42
2月 12, 2026 4:01:23 上午 spec.jbb.JBBmain DoARun -> 信息:   started user thread for Warehouse 43
2月 12, 2026 4:01:23 上午 spec.jbb.JBBmain DoARun -> 信息:   started user thread for Warehouse 44
2月 12, 2026 4:01:23 上午 spec.jbb.JBBmain DoARun -> 信息:   started user thread for Warehouse 45
2月 12, 2026 4:01:23 上午 spec.jbb.JBBmain DoARun -> 信息:   started user thread for Warehouse 46
2月 12, 2026 4:01:23 上午 spec.jbb.JBBmain DoARun -> 信息:   started user thread for Warehouse 47
2月 12, 2026 4:01:23 上午 spec.jbb.JBBmain DoARun -> 信息:   started user thread for Warehouse 48
2月 12, 2026 4:01:23 上午 spec.jbb.JBBmain DoARun -> 信息:   started user thread for Warehouse 49
2月 12, 2026 4:01:23 上午 spec.jbb.JBBmain DoARun -> 信息:   started user thread for Warehouse 50
2月 12, 2026 4:01:23 上午 spec.jbb.JBBmain DoARun -> 信息:   started user thread for Warehouse 51
2月 12, 2026 4:01:23 上午 spec.jbb.JBBmain DoARun -> 信息:   started user thread for Warehouse 52
2月 12, 2026 4:01:23 上午 spec.jbb.JBBmain DoARun -> 信息:   started user thread for Warehouse 53
2月 12, 2026 4:01:23 上午 spec.jbb.JBBmain DoARun -> 信息:   started user thread for Warehouse 54
2月 12, 2026 4:01:23 上午 spec.jbb.JBBmain DoARun -> 信息:   started user thread for Warehouse 55
2月 12, 2026 4:01:23 上午 spec.jbb.JBBmain DoARun -> 信息:   started user thread for Warehouse 56
2月 12, 2026 4:01:23 上午 spec.jbb.JBBmain DoARun -> 信息:   started user thread for Warehouse 57
2月 12, 2026 4:01:23 上午 spec.jbb.JBBmain DoARun -> 信息:   started user thread for Warehouse 58
2月 12, 2026 4:01:23 上午 spec.jbb.JBBmain DoARun -> 信息:   started user thread for Warehouse 59
2月 12, 2026 4:01:23 上午 spec.jbb.JBBmain DoARun -> 信息:   started user thread for Warehouse 60
2月 12, 2026 4:01:23 上午 spec.jbb.JBBmain DoARun -> 信息:   started user thread for Warehouse 61
2月 12, 2026 4:01:23 上午 spec.jbb.JBBmain DoARun -> 信息:   started user thread for Warehouse 62
2月 12, 2026 4:01:23 上午 spec.jbb.JBBmain DoARun -> 信息:   started user thread for Warehouse 63
2月 12, 2026 4:01:23 上午 spec.jbb.JBBmain DoARun -> 信息:   started user thread for Warehouse 64
2月 12, 2026 4:01:23 上午 spec.jbb.JBBmain DoARun -> 信息:   started user thread for Warehouse 65
2月 12, 2026 4:01:23 上午 spec.jbb.JBBmain DoARun -> 信息:   started user thread for Warehouse 66
2月 12, 2026 4:01:23 上午 spec.jbb.JBBmain DoARun -> 信息:   started user thread for Warehouse 67
2月 12, 2026 4:01:23 上午 spec.jbb.JBBmain DoARun -> 信息:   started user thread for Warehouse 68
2月 12, 2026 4:01:23 上午 spec.jbb.JBBmain DoARun -> 信息:   started user thread for Warehouse 69
2月 12, 2026 4:01:23 上午 spec.jbb.JBBmain DoARun -> 信息:   started user thread for Warehouse 70
2月 12, 2026 4:01:23 上午 spec.jbb.JBBmain DoARun -> 信息:   started user thread for Warehouse 71
2月 12, 2026 4:01:23 上午 spec.jbb.JBBmain DoARun -> 信息:   started user thread for Warehouse 72
2月 12, 2026 4:01:23 上午 spec.jbb.JBBmain DoARun -> 信息:   started user thread for Warehouse 73
2月 12, 2026 4:01:23 上午 spec.jbb.JBBmain DoARun -> 信息:   started user thread for Warehouse 74
2月 12, 2026 4:01:23 上午 spec.jbb.JBBmain DoARun -> 信息:   started user thread for Warehouse 75
2月 12, 2026 4:01:23 上午 spec.jbb.JBBmain DoARun -> 信息:   started user thread for Warehouse 76
2月 12, 2026 4:01:23 上午 spec.jbb.JBBmain DoARun -> 信息:   started user thread for Warehouse 77
2月 12, 2026 4:01:23 上午 spec.jbb.JBBmain DoARun -> 信息:   started user thread for Warehouse 78
2月 12, 2026 4:01:23 上午 spec.jbb.JBBmain DoARun -> 信息:   started user thread for Warehouse 79
2月 12, 2026 4:01:23 上午 spec.jbb.JBBmain DoARun -> 信息:   started user thread for Warehouse 80
2月 12, 2026 4:01:23 上午 spec.jbb.JBBmain DoARun -> 信息:   started user thread for Warehouse 81
2月 12, 2026 4:01:23 上午 spec.jbb.JBBmain DoARun -> 信息:   started user thread for Warehouse 82
2月 12, 2026 4:01:23 上午 spec.jbb.JBBmain DoARun -> 信息:   started user thread for Warehouse 83
2月 12, 2026 4:01:23 上午 spec.jbb.JBBmain DoARun -> 信息:   started user thread for Warehouse 84
2月 12, 2026 4:01:23 上午 spec.jbb.JBBmain DoARun -> 信息:   started user thread for Warehouse 85
2月 12, 2026 4:01:23 上午 spec.jbb.JBBmain DoARun -> 信息:   started user thread for Warehouse 86
2月 12, 2026 4:01:23 上午 spec.jbb.JBBmain DoARun -> 信息:   started user thread for Warehouse 87
2月 12, 2026 4:01:23 上午 spec.jbb.JBBmain DoARun -> 信息:   started user thread for Warehouse 88
2月 12, 2026 4:01:23 上午 spec.jbb.JBBmain DoARun -> 信息:   started user thread for Warehouse 89
2月 12, 2026 4:01:23 上午 spec.jbb.JBBmain DoARun -> 信息:   started user thread for Warehouse 90
2月 12, 2026 4:01:23 上午 spec.jbb.JBBmain DoARun -> 信息:   started user thread for Warehouse 91
2月 12, 2026 4:01:23 上午 spec.jbb.JBBmain DoARun -> 信息:   started user thread for Warehouse 92
2月 12, 2026 4:01:23 上午 spec.jbb.JBBmain DoARun -> 信息:   started user thread for Warehouse 93
2月 12, 2026 4:01:23 上午 spec.jbb.JBBmain DoARun -> 信息:   started user thread for Warehouse 94
2月 12, 2026 4:01:23 上午 spec.jbb.JBBmain DoARun -> 信息:   started user thread for Warehouse 95
2月 12, 2026 4:01:23 上午 spec.jbb.JBBmain DoARun -> 信息:   started user thread for Warehouse 96
2月 12, 2026 4:01:23 上午 spec.jbb.JBBmain DoARun -> 信息:   started user thread for Warehouse 97
2月 12, 2026 4:01:23 上午 spec.jbb.JBBmain DoARun -> 信息:   started user thread for Warehouse 98
2月 12, 2026 4:01:23 上午 spec.jbb.JBBmain DoARun -> 信息:   started user thread for Warehouse 99
2月 12, 2026 4:01:23 上午 spec.jbb.JBBmain DoARun -> 信息:   started user thread for Warehouse 100
2月 12, 2026 4:01:23 上午 spec.jbb.JBBmain DoARun -> 信息:   started user thread for Warehouse 101
2月 12, 2026 4:01:23 上午 spec.jbb.JBBmain DoARun -> 信息:   started user thread for Warehouse 102
2月 12, 2026 4:01:23 上午 spec.jbb.JBBmain DoARun -> 信息:   started user thread for Warehouse 103
2月 12, 2026 4:01:23 上午 spec.jbb.JBBmain DoARun -> 信息:   started user thread for Warehouse 104
2月 12, 2026 4:01:23 上午 spec.jbb.JBBmain DoARun -> 信息:   started user thread for Warehouse 105
2月 12, 2026 4:01:23 上午 spec.jbb.JBBmain DoARun -> 信息:   started user thread for Warehouse 106
2月 12, 2026 4:01:23 上午 spec.jbb.JBBmain DoARun -> 信息:   started user thread for Warehouse 107
2月 12, 2026 4:01:23 上午 spec.jbb.Company displayResultTotals -> 信息: Timing Measurement began Thu Feb 12 04:01:23 CST 2026 for 4 minutes
2月 12, 2026 4:05:23 上午 spec.jbb.Company displayResultTotals -> 信息: Timing Measurement ended Thu Feb 12 04:05:23 CST 2026
2月 12, 2026 4:05:23 上午 spec.jbb.Company primeWithDummyData -> 信息: Loading Warehouse 108...
2月 12, 2026 4:05:23 上午 spec.jbb.JBBmain DoARun -> 信息: Start User Threads
2月 12, 2026 4:05:23 上午 spec.jbb.JBBmain DoARun -> 信息:   started user thread for Warehouse 1
2月 12, 2026 4:05:23 上午 spec.jbb.JBBmain DoARun -> 信息:   started user thread for Warehouse 2
2月 12, 2026 4:05:23 上午 spec.jbb.JBBmain DoARun -> 信息:   started user thread for Warehouse 3
2月 12, 2026 4:05:23 上午 spec.jbb.JBBmain DoARun -> 信息:   started user thread for Warehouse 4
2月 12, 2026 4:05:23 上午 spec.jbb.JBBmain DoARun -> 信息:   started user thread for Warehouse 5
2月 12, 2026 4:05:23 上午 spec.jbb.JBBmain DoARun -> 信息:   started user thread for Warehouse 6
2月 12, 2026 4:05:23 上午 spec.jbb.JBBmain DoARun -> 信息:   started user thread for Warehouse 7
2月 12, 2026 4:05:23 上午 spec.jbb.JBBmain DoARun -> 信息:   started user thread for Warehouse 8
2月 12, 2026 4:05:23 上午 spec.jbb.JBBmain DoARun -> 信息:   started user thread for Warehouse 9
2月 12, 2026 4:05:23 上午 spec.jbb.JBBmain DoARun -> 信息:   started user thread for Warehouse 10
2月 12, 2026 4:05:23 上午 spec.jbb.JBBmain DoARun -> 信息:   started user thread for Warehouse 11
2月 12, 2026 4:05:23 上午 spec.jbb.JBBmain DoARun -> 信息:   started user thread for Warehouse 12
2月 12, 2026 4:05:23 上午 spec.jbb.JBBmain DoARun -> 信息:   started user thread for Warehouse 13
2月 12, 2026 4:05:23 上午 spec.jbb.JBBmain DoARun -> 信息:   started user thread for Warehouse 14
2月 12, 2026 4:05:23 上午 spec.jbb.JBBmain DoARun -> 信息:   started user thread for Warehouse 15
2月 12, 2026 4:05:23 上午 spec.jbb.JBBmain DoARun -> 信息:   started user thread for Warehouse 16
2月 12, 2026 4:05:23 上午 spec.jbb.JBBmain DoARun -> 信息:   started user thread for Warehouse 17
2月 12, 2026 4:05:23 上午 spec.jbb.JBBmain DoARun -> 信息:   started user thread for Warehouse 18
2月 12, 2026 4:05:23 上午 spec.jbb.JBBmain DoARun -> 信息:   started user thread for Warehouse 19
2月 12, 2026 4:05:23 上午 spec.jbb.JBBmain DoARun -> 信息:   started user thread for Warehouse 20
2月 12, 2026 4:05:23 上午 spec.jbb.JBBmain DoARun -> 信息:   started user thread for Warehouse 21
2月 12, 2026 4:05:23 上午 spec.jbb.JBBmain DoARun -> 信息:   started user thread for Warehouse 22
2月 12, 2026 4:05:23 上午 spec.jbb.JBBmain DoARun -> 信息:   started user thread for Warehouse 23
2月 12, 2026 4:05:23 上午 spec.jbb.JBBmain DoARun -> 信息:   started user thread for Warehouse 24
2月 12, 2026 4:05:23 上午 spec.jbb.JBBmain DoARun -> 信息:   started user thread for Warehouse 25
2月 12, 2026 4:05:23 上午 spec.jbb.JBBmain DoARun -> 信息:   started user thread for Warehouse 26
2月 12, 2026 4:05:23 上午 spec.jbb.JBBmain DoARun -> 信息:   started user thread for Warehouse 27
2月 12, 2026 4:05:23 上午 spec.jbb.JBBmain DoARun -> 信息:   started user thread for Warehouse 28
2月 12, 2026 4:05:23 上午 spec.jbb.JBBmain DoARun -> 信息:   started user thread for Warehouse 29
2月 12, 2026 4:05:23 上午 spec.jbb.JBBmain DoARun -> 信息:   started user thread for Warehouse 30
2月 12, 2026 4:05:23 上午 spec.jbb.JBBmain DoARun -> 信息:   started user thread for Warehouse 31
2月 12, 2026 4:05:23 上午 spec.jbb.JBBmain DoARun -> 信息:   started user thread for Warehouse 32
2月 12, 2026 4:05:23 上午 spec.jbb.JBBmain DoARun -> 信息:   started user thread for Warehouse 33
2月 12, 2026 4:05:23 上午 spec.jbb.JBBmain DoARun -> 信息:   started user thread for Warehouse 34
2月 12, 2026 4:05:23 上午 spec.jbb.JBBmain DoARun -> 信息:   started user thread for Warehouse 35
2月 12, 2026 4:05:23 上午 spec.jbb.JBBmain DoARun -> 信息:   started user thread for Warehouse 36
2月 12, 2026 4:05:23 上午 spec.jbb.JBBmain DoARun -> 信息:   started user thread for Warehouse 37
2月 12, 2026 4:05:23 上午 spec.jbb.JBBmain DoARun -> 信息:   started user thread for Warehouse 38
2月 12, 2026 4:05:23 上午 spec.jbb.JBBmain DoARun -> 信息:   started user thread for Warehouse 39
2月 12, 2026 4:05:23 上午 spec.jbb.JBBmain DoARun -> 信息:   started user thread for Warehouse 40
2月 12, 2026 4:05:23 上午 spec.jbb.JBBmain DoARun -> 信息:   started user thread for Warehouse 41
2月 12, 2026 4:05:23 上午 spec.jbb.JBBmain DoARun -> 信息:   started user thread for Warehouse 42
2月 12, 2026 4:05:23 上午 spec.jbb.JBBmain DoARun -> 信息:   started user thread for Warehouse 43
2月 12, 2026 4:05:23 上午 spec.jbb.JBBmain DoARun -> 信息:   started user thread for Warehouse 44
2月 12, 2026 4:05:23 上午 spec.jbb.JBBmain DoARun -> 信息:   started user thread for Warehouse 45
2月 12, 2026 4:05:23 上午 spec.jbb.JBBmain DoARun -> 信息:   started user thread for Warehouse 46
2月 12, 2026 4:05:23 上午 spec.jbb.JBBmain DoARun -> 信息:   started user thread for Warehouse 47
2月 12, 2026 4:05:23 上午 spec.jbb.JBBmain DoARun -> 信息:   started user thread for Warehouse 48
2月 12, 2026 4:05:23 上午 spec.jbb.JBBmain DoARun -> 信息:   started user thread for Warehouse 49
2月 12, 2026 4:05:23 上午 spec.jbb.JBBmain DoARun -> 信息:   started user thread for Warehouse 50
2月 12, 2026 4:05:23 上午 spec.jbb.JBBmain DoARun -> 信息:   started user thread for Warehouse 51
2月 12, 2026 4:05:23 上午 spec.jbb.JBBmain DoARun -> 信息:   started user thread for Warehouse 52
2月 12, 2026 4:05:23 上午 spec.jbb.JBBmain DoARun -> 信息:   started user thread for Warehouse 53
2月 12, 2026 4:05:23 上午 spec.jbb.JBBmain DoARun -> 信息:   started user thread for Warehouse 54
2月 12, 2026 4:05:23 上午 spec.jbb.JBBmain DoARun -> 信息:   started user thread for Warehouse 55
2月 12, 2026 4:05:23 上午 spec.jbb.JBBmain DoARun -> 信息:   started user thread for Warehouse 56
2月 12, 2026 4:05:23 上午 spec.jbb.JBBmain DoARun -> 信息:   started user thread for Warehouse 57
2月 12, 2026 4:05:23 上午 spec.jbb.JBBmain DoARun -> 信息:   started user thread for Warehouse 58
2月 12, 2026 4:05:23 上午 spec.jbb.JBBmain DoARun -> 信息:   started user thread for Warehouse 59
2月 12, 2026 4:05:23 上午 spec.jbb.JBBmain DoARun -> 信息:   started user thread for Warehouse 60
2月 12, 2026 4:05:23 上午 spec.jbb.JBBmain DoARun -> 信息:   started user thread for Warehouse 61
2月 12, 2026 4:05:23 上午 spec.jbb.JBBmain DoARun -> 信息:   started user thread for Warehouse 62
2月 12, 2026 4:05:23 上午 spec.jbb.JBBmain DoARun -> 信息:   started user thread for Warehouse 63
2月 12, 2026 4:05:23 上午 spec.jbb.JBBmain DoARun -> 信息:   started user thread for Warehouse 64
2月 12, 2026 4:05:23 上午 spec.jbb.JBBmain DoARun -> 信息:   started user thread for Warehouse 65
2月 12, 2026 4:05:23 上午 spec.jbb.JBBmain DoARun -> 信息:   started user thread for Warehouse 66
2月 12, 2026 4:05:23 上午 spec.jbb.JBBmain DoARun -> 信息:   started user thread for Warehouse 67
2月 12, 2026 4:05:23 上午 spec.jbb.JBBmain DoARun -> 信息:   started user thread for Warehouse 68
2月 12, 2026 4:05:23 上午 spec.jbb.JBBmain DoARun -> 信息:   started user thread for Warehouse 69
2月 12, 2026 4:05:23 上午 spec.jbb.JBBmain DoARun -> 信息:   started user thread for Warehouse 70
2月 12, 2026 4:05:23 上午 spec.jbb.JBBmain DoARun -> 信息:   started user thread for Warehouse 71
2月 12, 2026 4:05:23 上午 spec.jbb.JBBmain DoARun -> 信息:   started user thread for Warehouse 72
2月 12, 2026 4:05:23 上午 spec.jbb.JBBmain DoARun -> 信息:   started user thread for Warehouse 73
2月 12, 2026 4:05:23 上午 spec.jbb.JBBmain DoARun -> 信息:   started user thread for Warehouse 74
2月 12, 2026 4:05:23 上午 spec.jbb.JBBmain DoARun -> 信息:   started user thread for Warehouse 75
2月 12, 2026 4:05:23 上午 spec.jbb.JBBmain DoARun -> 信息:   started user thread for Warehouse 76
2月 12, 2026 4:05:23 上午 spec.jbb.JBBmain DoARun -> 信息:   started user thread for Warehouse 77
2月 12, 2026 4:05:23 上午 spec.jbb.JBBmain DoARun -> 信息:   started user thread for Warehouse 78
2月 12, 2026 4:05:23 上午 spec.jbb.JBBmain DoARun -> 信息:   started user thread for Warehouse 79
2月 12, 2026 4:05:23 上午 spec.jbb.JBBmain DoARun -> 信息:   started user thread for Warehouse 80
2月 12, 2026 4:05:23 上午 spec.jbb.JBBmain DoARun -> 信息:   started user thread for Warehouse 81
2月 12, 2026 4:05:23 上午 spec.jbb.JBBmain DoARun -> 信息:   started user thread for Warehouse 82
2月 12, 2026 4:05:23 上午 spec.jbb.JBBmain DoARun -> 信息:   started user thread for Warehouse 83
2月 12, 2026 4:05:23 上午 spec.jbb.JBBmain DoARun -> 信息:   started user thread for Warehouse 84
2月 12, 2026 4:05:23 上午 spec.jbb.JBBmain DoARun -> 信息:   started user thread for Warehouse 85
2月 12, 2026 4:05:23 上午 spec.jbb.JBBmain DoARun -> 信息:   started user thread for Warehouse 86
2月 12, 2026 4:05:23 上午 spec.jbb.JBBmain DoARun -> 信息:   started user thread for Warehouse 87
2月 12, 2026 4:05:23 上午 spec.jbb.JBBmain DoARun -> 信息:   started user thread for Warehouse 88
2月 12, 2026 4:05:23 上午 spec.jbb.JBBmain DoARun -> 信息:   started user thread for Warehouse 89
2月 12, 2026 4:05:23 上午 spec.jbb.JBBmain DoARun -> 信息:   started user thread for Warehouse 90
2月 12, 2026 4:05:23 上午 spec.jbb.JBBmain DoARun -> 信息:   started user thread for Warehouse 91
2月 12, 2026 4:05:23 上午 spec.jbb.JBBmain DoARun -> 信息:   started user thread for Warehouse 92
2月 12, 2026 4:05:23 上午 spec.jbb.JBBmain DoARun -> 信息:   started user thread for Warehouse 93
2月 12, 2026 4:05:23 上午 spec.jbb.JBBmain DoARun -> 信息:   started user thread for Warehouse 94
2月 12, 2026 4:05:23 上午 spec.jbb.JBBmain DoARun -> 信息:   started user thread for Warehouse 95
2月 12, 2026 4:05:23 上午 spec.jbb.JBBmain DoARun -> 信息:   started user thread for Warehouse 96
2月 12, 2026 4:05:23 上午 spec.jbb.JBBmain DoARun -> 信息:   started user thread for Warehouse 97
2月 12, 2026 4:05:23 上午 spec.jbb.JBBmain DoARun -> 信息:   started user thread for Warehouse 98
2月 12, 2026 4:05:23 上午 spec.jbb.JBBmain DoARun -> 信息:   started user thread for Warehouse 99
2月 12, 2026 4:05:23 上午 spec.jbb.JBBmain DoARun -> 信息:   started user thread for Warehouse 100
2月 12, 2026 4:05:23 上午 spec.jbb.JBBmain DoARun -> 信息:   started user thread for Warehouse 101
2月 12, 2026 4:05:23 上午 spec.jbb.JBBmain DoARun -> 信息:   started user thread for Warehouse 102
2月 12, 2026 4:05:23 上午 spec.jbb.JBBmain DoARun -> 信息:   started user thread for Warehouse 103
2月 12, 2026 4:05:23 上午 spec.jbb.JBBmain DoARun -> 信息:   started user thread for Warehouse 104
2月 12, 2026 4:05:23 上午 spec.jbb.JBBmain DoARun -> 信息:   started user thread for Warehouse 105
2月 12, 2026 4:05:23 上午 spec.jbb.JBBmain DoARun -> 信息:   started user thread for Warehouse 106
2月 12, 2026 4:05:23 上午 spec.jbb.JBBmain DoARun -> 信息:   started user thread for Warehouse 107
2月 12, 2026 4:05:23 上午 spec.jbb.JBBmain DoARun -> 信息:   started user thread for Warehouse 108
2月 12, 2026 4:05:23 上午 spec.jbb.Company displayResultTotals -> 信息: Timing Measurement began Thu Feb 12 04:05:23 CST 2026 for 4 minutes
2月 12, 2026 4:09:23 上午 spec.jbb.Company displayResultTotals -> 信息: Timing Measurement ended Thu Feb 12 04:09:23 CST 2026
2月 12, 2026 4:09:23 上午 spec.jbb.Company primeWithDummyData -> 信息: Loading Warehouse 109...
2月 12, 2026 4:09:23 上午 spec.jbb.JBBmain DoARun -> 信息: Start User Threads
2月 12, 2026 4:09:23 上午 spec.jbb.JBBmain DoARun -> 信息:   started user thread for Warehouse 1
2月 12, 2026 4:09:23 上午 spec.jbb.JBBmain DoARun -> 信息:   started user thread for Warehouse 2
2月 12, 2026 4:09:23 上午 spec.jbb.JBBmain DoARun -> 信息:   started user thread for Warehouse 3
2月 12, 2026 4:09:23 上午 spec.jbb.JBBmain DoARun -> 信息:   started user thread for Warehouse 4
2月 12, 2026 4:09:23 上午 spec.jbb.JBBmain DoARun -> 信息:   started user thread for Warehouse 5
2月 12, 2026 4:09:23 上午 spec.jbb.JBBmain DoARun -> 信息:   started user thread for Warehouse 6
2月 12, 2026 4:09:23 上午 spec.jbb.JBBmain DoARun -> 信息:   started user thread for Warehouse 7
2月 12, 2026 4:09:23 上午 spec.jbb.JBBmain DoARun -> 信息:   started user thread for Warehouse 8
2月 12, 2026 4:09:23 上午 spec.jbb.JBBmain DoARun -> 信息:   started user thread for Warehouse 9
2月 12, 2026 4:09:23 上午 spec.jbb.JBBmain DoARun -> 信息:   started user thread for Warehouse 10
2月 12, 2026 4:09:23 上午 spec.jbb.JBBmain DoARun -> 信息:   started user thread for Warehouse 11
2月 12, 2026 4:09:23 上午 spec.jbb.JBBmain DoARun -> 信息:   started user thread for Warehouse 12
2月 12, 2026 4:09:23 上午 spec.jbb.JBBmain DoARun -> 信息:   started user thread for Warehouse 13
2月 12, 2026 4:09:23 上午 spec.jbb.JBBmain DoARun -> 信息:   started user thread for Warehouse 14
2月 12, 2026 4:09:23 上午 spec.jbb.JBBmain DoARun -> 信息:   started user thread for Warehouse 15
2月 12, 2026 4:09:23 上午 spec.jbb.JBBmain DoARun -> 信息:   started user thread for Warehouse 16
2月 12, 2026 4:09:23 上午 spec.jbb.JBBmain DoARun -> 信息:   started user thread for Warehouse 17
2月 12, 2026 4:09:23 上午 spec.jbb.JBBmain DoARun -> 信息:   started user thread for Warehouse 18
2月 12, 2026 4:09:23 上午 spec.jbb.JBBmain DoARun -> 信息:   started user thread for Warehouse 19
2月 12, 2026 4:09:23 上午 spec.jbb.JBBmain DoARun -> 信息:   started user thread for Warehouse 20
2月 12, 2026 4:09:23 上午 spec.jbb.JBBmain DoARun -> 信息:   started user thread for Warehouse 21
2月 12, 2026 4:09:23 上午 spec.jbb.JBBmain DoARun -> 信息:   started user thread for Warehouse 22
2月 12, 2026 4:09:23 上午 spec.jbb.JBBmain DoARun -> 信息:   started user thread for Warehouse 23
2月 12, 2026 4:09:23 上午 spec.jbb.JBBmain DoARun -> 信息:   started user thread for Warehouse 24
2月 12, 2026 4:09:23 上午 spec.jbb.JBBmain DoARun -> 信息:   started user thread for Warehouse 25
2月 12, 2026 4:09:23 上午 spec.jbb.JBBmain DoARun -> 信息:   started user thread for Warehouse 26
2月 12, 2026 4:09:23 上午 spec.jbb.JBBmain DoARun -> 信息:   started user thread for Warehouse 27
2月 12, 2026 4:09:23 上午 spec.jbb.JBBmain DoARun -> 信息:   started user thread for Warehouse 28
2月 12, 2026 4:09:23 上午 spec.jbb.JBBmain DoARun -> 信息:   started user thread for Warehouse 29
2月 12, 2026 4:09:23 上午 spec.jbb.JBBmain DoARun -> 信息:   started user thread for Warehouse 30
2月 12, 2026 4:09:23 上午 spec.jbb.JBBmain DoARun -> 信息:   started user thread for Warehouse 31
2月 12, 2026 4:09:23 上午 spec.jbb.JBBmain DoARun -> 信息:   started user thread for Warehouse 32
2月 12, 2026 4:09:23 上午 spec.jbb.JBBmain DoARun -> 信息:   started user thread for Warehouse 33
2月 12, 2026 4:09:23 上午 spec.jbb.JBBmain DoARun -> 信息:   started user thread for Warehouse 34
2月 12, 2026 4:09:23 上午 spec.jbb.JBBmain DoARun -> 信息:   started user thread for Warehouse 35
2月 12, 2026 4:09:23 上午 spec.jbb.JBBmain DoARun -> 信息:   started user thread for Warehouse 36
2月 12, 2026 4:09:23 上午 spec.jbb.JBBmain DoARun -> 信息:   started user thread for Warehouse 37
2月 12, 2026 4:09:23 上午 spec.jbb.JBBmain DoARun -> 信息:   started user thread for Warehouse 38
2月 12, 2026 4:09:23 上午 spec.jbb.JBBmain DoARun -> 信息:   started user thread for Warehouse 39
2月 12, 2026 4:09:23 上午 spec.jbb.JBBmain DoARun -> 信息:   started user thread for Warehouse 40
2月 12, 2026 4:09:23 上午 spec.jbb.JBBmain DoARun -> 信息:   started user thread for Warehouse 41
2月 12, 2026 4:09:23 上午 spec.jbb.JBBmain DoARun -> 信息:   started user thread for Warehouse 42
2月 12, 2026 4:09:23 上午 spec.jbb.JBBmain DoARun -> 信息:   started user thread for Warehouse 43
2月 12, 2026 4:09:23 上午 spec.jbb.JBBmain DoARun -> 信息:   started user thread for Warehouse 44
2月 12, 2026 4:09:23 上午 spec.jbb.JBBmain DoARun -> 信息:   started user thread for Warehouse 45
2月 12, 2026 4:09:23 上午 spec.jbb.JBBmain DoARun -> 信息:   started user thread for Warehouse 46
2月 12, 2026 4:09:23 上午 spec.jbb.JBBmain DoARun -> 信息:   started user thread for Warehouse 47
2月 12, 2026 4:09:23 上午 spec.jbb.JBBmain DoARun -> 信息:   started user thread for Warehouse 48
2月 12, 2026 4:09:23 上午 spec.jbb.JBBmain DoARun -> 信息:   started user thread for Warehouse 49
2月 12, 2026 4:09:23 上午 spec.jbb.JBBmain DoARun -> 信息:   started user thread for Warehouse 50
2月 12, 2026 4:09:23 上午 spec.jbb.JBBmain DoARun -> 信息:   started user thread for Warehouse 51
2月 12, 2026 4:09:24 上午 spec.jbb.JBBmain DoARun -> 信息:   started user thread for Warehouse 52
2月 12, 2026 4:09:24 上午 spec.jbb.JBBmain DoARun -> 信息:   started user thread for Warehouse 53
2月 12, 2026 4:09:24 上午 spec.jbb.JBBmain DoARun -> 信息:   started user thread for Warehouse 54
2月 12, 2026 4:09:24 上午 spec.jbb.JBBmain DoARun -> 信息:   started user thread for Warehouse 55
2月 12, 2026 4:09:24 上午 spec.jbb.JBBmain DoARun -> 信息:   started user thread for Warehouse 56
2月 12, 2026 4:09:24 上午 spec.jbb.JBBmain DoARun -> 信息:   started user thread for Warehouse 57
2月 12, 2026 4:09:24 上午 spec.jbb.JBBmain DoARun -> 信息:   started user thread for Warehouse 58
2月 12, 2026 4:09:24 上午 spec.jbb.JBBmain DoARun -> 信息:   started user thread for Warehouse 59
2月 12, 2026 4:09:24 上午 spec.jbb.JBBmain DoARun -> 信息:   started user thread for Warehouse 60
2月 12, 2026 4:09:24 上午 spec.jbb.JBBmain DoARun -> 信息:   started user thread for Warehouse 61
2月 12, 2026 4:09:24 上午 spec.jbb.JBBmain DoARun -> 信息:   started user thread for Warehouse 62
2月 12, 2026 4:09:24 上午 spec.jbb.JBBmain DoARun -> 信息:   started user thread for Warehouse 63
2月 12, 2026 4:09:24 上午 spec.jbb.JBBmain DoARun -> 信息:   started user thread for Warehouse 64
2月 12, 2026 4:09:24 上午 spec.jbb.JBBmain DoARun -> 信息:   started user thread for Warehouse 65
2月 12, 2026 4:09:24 上午 spec.jbb.JBBmain DoARun -> 信息:   started user thread for Warehouse 66
2月 12, 2026 4:09:24 上午 spec.jbb.JBBmain DoARun -> 信息:   started user thread for Warehouse 67
2月 12, 2026 4:09:24 上午 spec.jbb.JBBmain DoARun -> 信息:   started user thread for Warehouse 68
2月 12, 2026 4:09:24 上午 spec.jbb.JBBmain DoARun -> 信息:   started user thread for Warehouse 69
2月 12, 2026 4:09:24 上午 spec.jbb.JBBmain DoARun -> 信息:   started user thread for Warehouse 70
2月 12, 2026 4:09:24 上午 spec.jbb.JBBmain DoARun -> 信息:   started user thread for Warehouse 71
2月 12, 2026 4:09:24 上午 spec.jbb.JBBmain DoARun -> 信息:   started user thread for Warehouse 72
2月 12, 2026 4:09:24 上午 spec.jbb.JBBmain DoARun -> 信息:   started user thread for Warehouse 73
2月 12, 2026 4:09:24 上午 spec.jbb.JBBmain DoARun -> 信息:   started user thread for Warehouse 74
2月 12, 2026 4:09:24 上午 spec.jbb.JBBmain DoARun -> 信息:   started user thread for Warehouse 75
2月 12, 2026 4:09:24 上午 spec.jbb.JBBmain DoARun -> 信息:   started user thread for Warehouse 76
2月 12, 2026 4:09:24 上午 spec.jbb.JBBmain DoARun -> 信息:   started user thread for Warehouse 77
2月 12, 2026 4:09:24 上午 spec.jbb.JBBmain DoARun -> 信息:   started user thread for Warehouse 78
2月 12, 2026 4:09:24 上午 spec.jbb.JBBmain DoARun -> 信息:   started user thread for Warehouse 79
2月 12, 2026 4:09:24 上午 spec.jbb.JBBmain DoARun -> 信息:   started user thread for Warehouse 80
2月 12, 2026 4:09:24 上午 spec.jbb.JBBmain DoARun -> 信息:   started user thread for Warehouse 81
2月 12, 2026 4:09:24 上午 spec.jbb.JBBmain DoARun -> 信息:   started user thread for Warehouse 82
2月 12, 2026 4:09:24 上午 spec.jbb.JBBmain DoARun -> 信息:   started user thread for Warehouse 83
2月 12, 2026 4:09:24 上午 spec.jbb.JBBmain DoARun -> 信息:   started user thread for Warehouse 84
2月 12, 2026 4:09:24 上午 spec.jbb.JBBmain DoARun -> 信息:   started user thread for Warehouse 85
2月 12, 2026 4:09:24 上午 spec.jbb.JBBmain DoARun -> 信息:   started user thread for Warehouse 86
2月 12, 2026 4:09:24 上午 spec.jbb.JBBmain DoARun -> 信息:   started user thread for Warehouse 87
2月 12, 2026 4:09:24 上午 spec.jbb.JBBmain DoARun -> 信息:   started user thread for Warehouse 88
2月 12, 2026 4:09:24 上午 spec.jbb.JBBmain DoARun -> 信息:   started user thread for Warehouse 89
2月 12, 2026 4:09:24 上午 spec.jbb.JBBmain DoARun -> 信息:   started user thread for Warehouse 90
2月 12, 2026 4:09:24 上午 spec.jbb.JBBmain DoARun -> 信息:   started user thread for Warehouse 91
2月 12, 2026 4:09:24 上午 spec.jbb.JBBmain DoARun -> 信息:   started user thread for Warehouse 92
2月 12, 2026 4:09:24 上午 spec.jbb.JBBmain DoARun -> 信息:   started user thread for Warehouse 93
2月 12, 2026 4:09:24 上午 spec.jbb.JBBmain DoARun -> 信息:   started user thread for Warehouse 94
2月 12, 2026 4:09:24 上午 spec.jbb.JBBmain DoARun -> 信息:   started user thread for Warehouse 95
2月 12, 2026 4:09:24 上午 spec.jbb.JBBmain DoARun -> 信息:   started user thread for Warehouse 96
2月 12, 2026 4:09:24 上午 spec.jbb.JBBmain DoARun -> 信息:   started user thread for Warehouse 97
2月 12, 2026 4:09:24 上午 spec.jbb.JBBmain DoARun -> 信息:   started user thread for Warehouse 98
2月 12, 2026 4:09:24 上午 spec.jbb.JBBmain DoARun -> 信息:   started user thread for Warehouse 99
2月 12, 2026 4:09:24 上午 spec.jbb.JBBmain DoARun -> 信息:   started user thread for Warehouse 100
2月 12, 2026 4:09:24 上午 spec.jbb.JBBmain DoARun -> 信息:   started user thread for Warehouse 101
2月 12, 2026 4:09:24 上午 spec.jbb.JBBmain DoARun -> 信息:   started user thread for Warehouse 102
2月 12, 2026 4:09:24 上午 spec.jbb.JBBmain DoARun -> 信息:   started user thread for Warehouse 103
2月 12, 2026 4:09:24 上午 spec.jbb.JBBmain DoARun -> 信息:   started user thread for Warehouse 104
2月 12, 2026 4:09:24 上午 spec.jbb.JBBmain DoARun -> 信息:   started user thread for Warehouse 105
2月 12, 2026 4:09:24 上午 spec.jbb.JBBmain DoARun -> 信息:   started user thread for Warehouse 106
2月 12, 2026 4:09:24 上午 spec.jbb.JBBmain DoARun -> 信息:   started user thread for Warehouse 107
2月 12, 2026 4:09:24 上午 spec.jbb.JBBmain DoARun -> 信息:   started user thread for Warehouse 108
2月 12, 2026 4:09:24 上午 spec.jbb.JBBmain DoARun -> 信息:   started user thread for Warehouse 109
2月 12, 2026 4:09:24 上午 spec.jbb.Company displayResultTotals -> 信息: Timing Measurement began Thu Feb 12 04:09:24 CST 2026 for 4 minutes
2月 12, 2026 4:13:24 上午 spec.jbb.Company displayResultTotals -> 信息: Timing Measurement ended Thu Feb 12 04:13:24 CST 2026
2月 12, 2026 4:13:24 上午 spec.jbb.Company primeWithDummyData -> 信息: Loading Warehouse 110...
2月 12, 2026 4:13:24 上午 spec.jbb.JBBmain DoARun -> 信息: Start User Threads
2月 12, 2026 4:13:24 上午 spec.jbb.JBBmain DoARun -> 信息:   started user thread for Warehouse 1
2月 12, 2026 4:13:24 上午 spec.jbb.JBBmain DoARun -> 信息:   started user thread for Warehouse 2
2月 12, 2026 4:13:24 上午 spec.jbb.JBBmain DoARun -> 信息:   started user thread for Warehouse 3
2月 12, 2026 4:13:24 上午 spec.jbb.JBBmain DoARun -> 信息:   started user thread for Warehouse 4
2月 12, 2026 4:13:24 上午 spec.jbb.JBBmain DoARun -> 信息:   started user thread for Warehouse 5
2月 12, 2026 4:13:24 上午 spec.jbb.JBBmain DoARun -> 信息:   started user thread for Warehouse 6
2月 12, 2026 4:13:24 上午 spec.jbb.JBBmain DoARun -> 信息:   started user thread for Warehouse 7
2月 12, 2026 4:13:24 上午 spec.jbb.JBBmain DoARun -> 信息:   started user thread for Warehouse 8
2月 12, 2026 4:13:24 上午 spec.jbb.JBBmain DoARun -> 信息:   started user thread for Warehouse 9
2月 12, 2026 4:13:24 上午 spec.jbb.JBBmain DoARun -> 信息:   started user thread for Warehouse 10
2月 12, 2026 4:13:24 上午 spec.jbb.JBBmain DoARun -> 信息:   started user thread for Warehouse 11
2月 12, 2026 4:13:24 上午 spec.jbb.JBBmain DoARun -> 信息:   started user thread for Warehouse 12
2月 12, 2026 4:13:24 上午 spec.jbb.JBBmain DoARun -> 信息:   started user thread for Warehouse 13
2月 12, 2026 4:13:24 上午 spec.jbb.JBBmain DoARun -> 信息:   started user thread for Warehouse 14
2月 12, 2026 4:13:24 上午 spec.jbb.JBBmain DoARun -> 信息:   started user thread for Warehouse 15
2月 12, 2026 4:13:24 上午 spec.jbb.JBBmain DoARun -> 信息:   started user thread for Warehouse 16
2月 12, 2026 4:13:24 上午 spec.jbb.JBBmain DoARun -> 信息:   started user thread for Warehouse 17
2月 12, 2026 4:13:24 上午 spec.jbb.JBBmain DoARun -> 信息:   started user thread for Warehouse 18
2月 12, 2026 4:13:24 上午 spec.jbb.JBBmain DoARun -> 信息:   started user thread for Warehouse 19
2月 12, 2026 4:13:24 上午 spec.jbb.JBBmain DoARun -> 信息:   started user thread for Warehouse 20
2月 12, 2026 4:13:24 上午 spec.jbb.JBBmain DoARun -> 信息:   started user thread for Warehouse 21
2月 12, 2026 4:13:24 上午 spec.jbb.JBBmain DoARun -> 信息:   started user thread for Warehouse 22
2月 12, 2026 4:13:24 上午 spec.jbb.JBBmain DoARun -> 信息:   started user thread for Warehouse 23
2月 12, 2026 4:13:24 上午 spec.jbb.JBBmain DoARun -> 信息:   started user thread for Warehouse 24
2月 12, 2026 4:13:24 上午 spec.jbb.JBBmain DoARun -> 信息:   started user thread for Warehouse 25
2月 12, 2026 4:13:24 上午 spec.jbb.JBBmain DoARun -> 信息:   started user thread for Warehouse 26
2月 12, 2026 4:13:24 上午 spec.jbb.JBBmain DoARun -> 信息:   started user thread for Warehouse 27
2月 12, 2026 4:13:24 上午 spec.jbb.JBBmain DoARun -> 信息:   started user thread for Warehouse 28
2月 12, 2026 4:13:24 上午 spec.jbb.JBBmain DoARun -> 信息:   started user thread for Warehouse 29
2月 12, 2026 4:13:24 上午 spec.jbb.JBBmain DoARun -> 信息:   started user thread for Warehouse 30
2月 12, 2026 4:13:24 上午 spec.jbb.JBBmain DoARun -> 信息:   started user thread for Warehouse 31
2月 12, 2026 4:13:24 上午 spec.jbb.JBBmain DoARun -> 信息:   started user thread for Warehouse 32
2月 12, 2026 4:13:24 上午 spec.jbb.JBBmain DoARun -> 信息:   started user thread for Warehouse 33
2月 12, 2026 4:13:24 上午 spec.jbb.JBBmain DoARun -> 信息:   started user thread for Warehouse 34
2月 12, 2026 4:13:24 上午 spec.jbb.JBBmain DoARun -> 信息:   started user thread for Warehouse 35
2月 12, 2026 4:13:24 上午 spec.jbb.JBBmain DoARun -> 信息:   started user thread for Warehouse 36
2月 12, 2026 4:13:24 上午 spec.jbb.JBBmain DoARun -> 信息:   started user thread for Warehouse 37
2月 12, 2026 4:13:24 上午 spec.jbb.JBBmain DoARun -> 信息:   started user thread for Warehouse 38
2月 12, 2026 4:13:24 上午 spec.jbb.JBBmain DoARun -> 信息:   started user thread for Warehouse 39
2月 12, 2026 4:13:24 上午 spec.jbb.JBBmain DoARun -> 信息:   started user thread for Warehouse 40
2月 12, 2026 4:13:24 上午 spec.jbb.JBBmain DoARun -> 信息:   started user thread for Warehouse 41
2月 12, 2026 4:13:24 上午 spec.jbb.JBBmain DoARun -> 信息:   started user thread for Warehouse 42
2月 12, 2026 4:13:24 上午 spec.jbb.JBBmain DoARun -> 信息:   started user thread for Warehouse 43
2月 12, 2026 4:13:24 上午 spec.jbb.JBBmain DoARun -> 信息:   started user thread for Warehouse 44
2月 12, 2026 4:13:24 上午 spec.jbb.JBBmain DoARun -> 信息:   started user thread for Warehouse 45
2月 12, 2026 4:13:24 上午 spec.jbb.JBBmain DoARun -> 信息:   started user thread for Warehouse 46
2月 12, 2026 4:13:24 上午 spec.jbb.JBBmain DoARun -> 信息:   started user thread for Warehouse 47
2月 12, 2026 4:13:24 上午 spec.jbb.JBBmain DoARun -> 信息:   started user thread for Warehouse 48
2月 12, 2026 4:13:24 上午 spec.jbb.JBBmain DoARun -> 信息:   started user thread for Warehouse 49
2月 12, 2026 4:13:24 上午 spec.jbb.JBBmain DoARun -> 信息:   started user thread for Warehouse 50
2月 12, 2026 4:13:24 上午 spec.jbb.JBBmain DoARun -> 信息:   started user thread for Warehouse 51
2月 12, 2026 4:13:24 上午 spec.jbb.JBBmain DoARun -> 信息:   started user thread for Warehouse 52
2月 12, 2026 4:13:24 上午 spec.jbb.JBBmain DoARun -> 信息:   started user thread for Warehouse 53
2月 12, 2026 4:13:24 上午 spec.jbb.JBBmain DoARun -> 信息:   started user thread for Warehouse 54
2月 12, 2026 4:13:24 上午 spec.jbb.JBBmain DoARun -> 信息:   started user thread for Warehouse 55
2月 12, 2026 4:13:24 上午 spec.jbb.JBBmain DoARun -> 信息:   started user thread for Warehouse 56
2月 12, 2026 4:13:24 上午 spec.jbb.JBBmain DoARun -> 信息:   started user thread for Warehouse 57
2月 12, 2026 4:13:24 上午 spec.jbb.JBBmain DoARun -> 信息:   started user thread for Warehouse 58
2月 12, 2026 4:13:24 上午 spec.jbb.JBBmain DoARun -> 信息:   started user thread for Warehouse 59
2月 12, 2026 4:13:24 上午 spec.jbb.JBBmain DoARun -> 信息:   started user thread for Warehouse 60
2月 12, 2026 4:13:24 上午 spec.jbb.JBBmain DoARun -> 信息:   started user thread for Warehouse 61
2月 12, 2026 4:13:24 上午 spec.jbb.JBBmain DoARun -> 信息:   started user thread for Warehouse 62
2月 12, 2026 4:13:24 上午 spec.jbb.JBBmain DoARun -> 信息:   started user thread for Warehouse 63
2月 12, 2026 4:13:24 上午 spec.jbb.JBBmain DoARun -> 信息:   started user thread for Warehouse 64
2月 12, 2026 4:13:24 上午 spec.jbb.JBBmain DoARun -> 信息:   started user thread for Warehouse 65
2月 12, 2026 4:13:24 上午 spec.jbb.JBBmain DoARun -> 信息:   started user thread for Warehouse 66
2月 12, 2026 4:13:24 上午 spec.jbb.JBBmain DoARun -> 信息:   started user thread for Warehouse 67
2月 12, 2026 4:13:24 上午 spec.jbb.JBBmain DoARun -> 信息:   started user thread for Warehouse 68
2月 12, 2026 4:13:24 上午 spec.jbb.JBBmain DoARun -> 信息:   started user thread for Warehouse 69
2月 12, 2026 4:13:24 上午 spec.jbb.JBBmain DoARun -> 信息:   started user thread for Warehouse 70
2月 12, 2026 4:13:24 上午 spec.jbb.JBBmain DoARun -> 信息:   started user thread for Warehouse 71
2月 12, 2026 4:13:24 上午 spec.jbb.JBBmain DoARun -> 信息:   started user thread for Warehouse 72
2月 12, 2026 4:13:24 上午 spec.jbb.JBBmain DoARun -> 信息:   started user thread for Warehouse 73
2月 12, 2026 4:13:24 上午 spec.jbb.JBBmain DoARun -> 信息:   started user thread for Warehouse 74
2月 12, 2026 4:13:24 上午 spec.jbb.JBBmain DoARun -> 信息:   started user thread for Warehouse 75
2月 12, 2026 4:13:24 上午 spec.jbb.JBBmain DoARun -> 信息:   started user thread for Warehouse 76
2月 12, 2026 4:13:24 上午 spec.jbb.JBBmain DoARun -> 信息:   started user thread for Warehouse 77
2月 12, 2026 4:13:24 上午 spec.jbb.JBBmain DoARun -> 信息:   started user thread for Warehouse 78
2月 12, 2026 4:13:24 上午 spec.jbb.JBBmain DoARun -> 信息:   started user thread for Warehouse 79
2月 12, 2026 4:13:24 上午 spec.jbb.JBBmain DoARun -> 信息:   started user thread for Warehouse 80
2月 12, 2026 4:13:24 上午 spec.jbb.JBBmain DoARun -> 信息:   started user thread for Warehouse 81
2月 12, 2026 4:13:24 上午 spec.jbb.JBBmain DoARun -> 信息:   started user thread for Warehouse 82
2月 12, 2026 4:13:24 上午 spec.jbb.JBBmain DoARun -> 信息:   started user thread for Warehouse 83
2月 12, 2026 4:13:24 上午 spec.jbb.JBBmain DoARun -> 信息:   started user thread for Warehouse 84
2月 12, 2026 4:13:24 上午 spec.jbb.JBBmain DoARun -> 信息:   started user thread for Warehouse 85
2月 12, 2026 4:13:24 上午 spec.jbb.JBBmain DoARun -> 信息:   started user thread for Warehouse 86
2月 12, 2026 4:13:24 上午 spec.jbb.JBBmain DoARun -> 信息:   started user thread for Warehouse 87
2月 12, 2026 4:13:24 上午 spec.jbb.JBBmain DoARun -> 信息:   started user thread for Warehouse 88
2月 12, 2026 4:13:24 上午 spec.jbb.JBBmain DoARun -> 信息:   started user thread for Warehouse 89
2月 12, 2026 4:13:24 上午 spec.jbb.JBBmain DoARun -> 信息:   started user thread for Warehouse 90
2月 12, 2026 4:13:24 上午 spec.jbb.JBBmain DoARun -> 信息:   started user thread for Warehouse 91
2月 12, 2026 4:13:24 上午 spec.jbb.JBBmain DoARun -> 信息:   started user thread for Warehouse 92
2月 12, 2026 4:13:24 上午 spec.jbb.JBBmain DoARun -> 信息:   started user thread for Warehouse 93
2月 12, 2026 4:13:24 上午 spec.jbb.JBBmain DoARun -> 信息:   started user thread for Warehouse 94
2月 12, 2026 4:13:24 上午 spec.jbb.JBBmain DoARun -> 信息:   started user thread for Warehouse 95
2月 12, 2026 4:13:24 上午 spec.jbb.JBBmain DoARun -> 信息:   started user thread for Warehouse 96
2月 12, 2026 4:13:24 上午 spec.jbb.JBBmain DoARun -> 信息:   started user thread for Warehouse 97
2月 12, 2026 4:13:24 上午 spec.jbb.JBBmain DoARun -> 信息:   started user thread for Warehouse 98
2月 12, 2026 4:13:24 上午 spec.jbb.JBBmain DoARun -> 信息:   started user thread for Warehouse 99
2月 12, 2026 4:13:24 上午 spec.jbb.JBBmain DoARun -> 信息:   started user thread for Warehouse 100
2月 12, 2026 4:13:24 上午 spec.jbb.JBBmain DoARun -> 信息:   started user thread for Warehouse 101
2月 12, 2026 4:13:24 上午 spec.jbb.JBBmain DoARun -> 信息:   started user thread for Warehouse 102
2月 12, 2026 4:13:24 上午 spec.jbb.JBBmain DoARun -> 信息:   started user thread for Warehouse 103
2月 12, 2026 4:13:24 上午 spec.jbb.JBBmain DoARun -> 信息:   started user thread for Warehouse 104
2月 12, 2026 4:13:24 上午 spec.jbb.JBBmain DoARun -> 信息:   started user thread for Warehouse 105
2月 12, 2026 4:13:24 上午 spec.jbb.JBBmain DoARun -> 信息:   started user thread for Warehouse 106
2月 12, 2026 4:13:24 上午 spec.jbb.JBBmain DoARun -> 信息:   started user thread for Warehouse 107
2月 12, 2026 4:13:24 上午 spec.jbb.JBBmain DoARun -> 信息:   started user thread for Warehouse 108
2月 12, 2026 4:13:24 上午 spec.jbb.JBBmain DoARun -> 信息:   started user thread for Warehouse 109
2月 12, 2026 4:13:24 上午 spec.jbb.JBBmain DoARun -> 信息:   started user thread for Warehouse 110
2月 12, 2026 4:13:24 上午 spec.jbb.Company displayResultTotals -> 信息: Timing Measurement began Thu Feb 12 04:13:24 CST 2026 for 4 minutes
2月 12, 2026 4:17:24 上午 spec.jbb.Company displayResultTotals -> 信息: Timing Measurement ended Thu Feb 12 04:17:24 CST 2026
2月 12, 2026 4:17:24 上午 spec.jbb.Company primeWithDummyData -> 信息: Loading Warehouse 111...
2月 12, 2026 4:17:24 上午 spec.jbb.JBBmain DoARun -> 信息: Start User Threads
2月 12, 2026 4:17:24 上午 spec.jbb.JBBmain DoARun -> 信息:   started user thread for Warehouse 1
2月 12, 2026 4:17:24 上午 spec.jbb.JBBmain DoARun -> 信息:   started user thread for Warehouse 2
2月 12, 2026 4:17:24 上午 spec.jbb.JBBmain DoARun -> 信息:   started user thread for Warehouse 3
2月 12, 2026 4:17:24 上午 spec.jbb.JBBmain DoARun -> 信息:   started user thread for Warehouse 4
2月 12, 2026 4:17:24 上午 spec.jbb.JBBmain DoARun -> 信息:   started user thread for Warehouse 5
2月 12, 2026 4:17:24 上午 spec.jbb.JBBmain DoARun -> 信息:   started user thread for Warehouse 6
2月 12, 2026 4:17:24 上午 spec.jbb.JBBmain DoARun -> 信息:   started user thread for Warehouse 7
2月 12, 2026 4:17:24 上午 spec.jbb.JBBmain DoARun -> 信息:   started user thread for Warehouse 8
2月 12, 2026 4:17:24 上午 spec.jbb.JBBmain DoARun -> 信息:   started user thread for Warehouse 9
2月 12, 2026 4:17:24 上午 spec.jbb.JBBmain DoARun -> 信息:   started user thread for Warehouse 10
2月 12, 2026 4:17:24 上午 spec.jbb.JBBmain DoARun -> 信息:   started user thread for Warehouse 11
2月 12, 2026 4:17:24 上午 spec.jbb.JBBmain DoARun -> 信息:   started user thread for Warehouse 12
2月 12, 2026 4:17:24 上午 spec.jbb.JBBmain DoARun -> 信息:   started user thread for Warehouse 13
2月 12, 2026 4:17:24 上午 spec.jbb.JBBmain DoARun -> 信息:   started user thread for Warehouse 14
2月 12, 2026 4:17:24 上午 spec.jbb.JBBmain DoARun -> 信息:   started user thread for Warehouse 15
2月 12, 2026 4:17:24 上午 spec.jbb.JBBmain DoARun -> 信息:   started user thread for Warehouse 16
2月 12, 2026 4:17:24 上午 spec.jbb.JBBmain DoARun -> 信息:   started user thread for Warehouse 17
2月 12, 2026 4:17:24 上午 spec.jbb.JBBmain DoARun -> 信息:   started user thread for Warehouse 18
2月 12, 2026 4:17:24 上午 spec.jbb.JBBmain DoARun -> 信息:   started user thread for Warehouse 19
2月 12, 2026 4:17:24 上午 spec.jbb.JBBmain DoARun -> 信息:   started user thread for Warehouse 20
2月 12, 2026 4:17:24 上午 spec.jbb.JBBmain DoARun -> 信息:   started user thread for Warehouse 21
2月 12, 2026 4:17:24 上午 spec.jbb.JBBmain DoARun -> 信息:   started user thread for Warehouse 22
2月 12, 2026 4:17:24 上午 spec.jbb.JBBmain DoARun -> 信息:   started user thread for Warehouse 23
2月 12, 2026 4:17:24 上午 spec.jbb.JBBmain DoARun -> 信息:   started user thread for Warehouse 24
2月 12, 2026 4:17:24 上午 spec.jbb.JBBmain DoARun -> 信息:   started user thread for Warehouse 25
2月 12, 2026 4:17:24 上午 spec.jbb.JBBmain DoARun -> 信息:   started user thread for Warehouse 26
2月 12, 2026 4:17:24 上午 spec.jbb.JBBmain DoARun -> 信息:   started user thread for Warehouse 27
2月 12, 2026 4:17:24 上午 spec.jbb.JBBmain DoARun -> 信息:   started user thread for Warehouse 28
2月 12, 2026 4:17:24 上午 spec.jbb.JBBmain DoARun -> 信息:   started user thread for Warehouse 29
2月 12, 2026 4:17:24 上午 spec.jbb.JBBmain DoARun -> 信息:   started user thread for Warehouse 30
2月 12, 2026 4:17:24 上午 spec.jbb.JBBmain DoARun -> 信息:   started user thread for Warehouse 31
2月 12, 2026 4:17:24 上午 spec.jbb.JBBmain DoARun -> 信息:   started user thread for Warehouse 32
2月 12, 2026 4:17:24 上午 spec.jbb.JBBmain DoARun -> 信息:   started user thread for Warehouse 33
2月 12, 2026 4:17:24 上午 spec.jbb.JBBmain DoARun -> 信息:   started user thread for Warehouse 34
2月 12, 2026 4:17:24 上午 spec.jbb.JBBmain DoARun -> 信息:   started user thread for Warehouse 35
2月 12, 2026 4:17:24 上午 spec.jbb.JBBmain DoARun -> 信息:   started user thread for Warehouse 36
2月 12, 2026 4:17:24 上午 spec.jbb.JBBmain DoARun -> 信息:   started user thread for Warehouse 37
2月 12, 2026 4:17:24 上午 spec.jbb.JBBmain DoARun -> 信息:   started user thread for Warehouse 38
2月 12, 2026 4:17:24 上午 spec.jbb.JBBmain DoARun -> 信息:   started user thread for Warehouse 39
2月 12, 2026 4:17:24 上午 spec.jbb.JBBmain DoARun -> 信息:   started user thread for Warehouse 40
2月 12, 2026 4:17:24 上午 spec.jbb.JBBmain DoARun -> 信息:   started user thread for Warehouse 41
2月 12, 2026 4:17:24 上午 spec.jbb.JBBmain DoARun -> 信息:   started user thread for Warehouse 42
2月 12, 2026 4:17:24 上午 spec.jbb.JBBmain DoARun -> 信息:   started user thread for Warehouse 43
2月 12, 2026 4:17:24 上午 spec.jbb.JBBmain DoARun -> 信息:   started user thread for Warehouse 44
2月 12, 2026 4:17:24 上午 spec.jbb.JBBmain DoARun -> 信息:   started user thread for Warehouse 45
2月 12, 2026 4:17:24 上午 spec.jbb.JBBmain DoARun -> 信息:   started user thread for Warehouse 46
2月 12, 2026 4:17:24 上午 spec.jbb.JBBmain DoARun -> 信息:   started user thread for Warehouse 47
2月 12, 2026 4:17:24 上午 spec.jbb.JBBmain DoARun -> 信息:   started user thread for Warehouse 48
2月 12, 2026 4:17:24 上午 spec.jbb.JBBmain DoARun -> 信息:   started user thread for Warehouse 49
2月 12, 2026 4:17:24 上午 spec.jbb.JBBmain DoARun -> 信息:   started user thread for Warehouse 50
2月 12, 2026 4:17:24 上午 spec.jbb.JBBmain DoARun -> 信息:   started user thread for Warehouse 51
2月 12, 2026 4:17:24 上午 spec.jbb.JBBmain DoARun -> 信息:   started user thread for Warehouse 52
2月 12, 2026 4:17:24 上午 spec.jbb.JBBmain DoARun -> 信息:   started user thread for Warehouse 53
2月 12, 2026 4:17:24 上午 spec.jbb.JBBmain DoARun -> 信息:   started user thread for Warehouse 54
2月 12, 2026 4:17:24 上午 spec.jbb.JBBmain DoARun -> 信息:   started user thread for Warehouse 55
2月 12, 2026 4:17:24 上午 spec.jbb.JBBmain DoARun -> 信息:   started user thread for Warehouse 56
2月 12, 2026 4:17:24 上午 spec.jbb.JBBmain DoARun -> 信息:   started user thread for Warehouse 57
2月 12, 2026 4:17:24 上午 spec.jbb.JBBmain DoARun -> 信息:   started user thread for Warehouse 58
2月 12, 2026 4:17:24 上午 spec.jbb.JBBmain DoARun -> 信息:   started user thread for Warehouse 59
2月 12, 2026 4:17:24 上午 spec.jbb.JBBmain DoARun -> 信息:   started user thread for Warehouse 60
2月 12, 2026 4:17:24 上午 spec.jbb.JBBmain DoARun -> 信息:   started user thread for Warehouse 61
2月 12, 2026 4:17:24 上午 spec.jbb.JBBmain DoARun -> 信息:   started user thread for Warehouse 62
2月 12, 2026 4:17:24 上午 spec.jbb.JBBmain DoARun -> 信息:   started user thread for Warehouse 63
2月 12, 2026 4:17:24 上午 spec.jbb.JBBmain DoARun -> 信息:   started user thread for Warehouse 64
2月 12, 2026 4:17:24 上午 spec.jbb.JBBmain DoARun -> 信息:   started user thread for Warehouse 65
2月 12, 2026 4:17:24 上午 spec.jbb.JBBmain DoARun -> 信息:   started user thread for Warehouse 66
2月 12, 2026 4:17:24 上午 spec.jbb.JBBmain DoARun -> 信息:   started user thread for Warehouse 67
2月 12, 2026 4:17:24 上午 spec.jbb.JBBmain DoARun -> 信息:   started user thread for Warehouse 68
2月 12, 2026 4:17:24 上午 spec.jbb.JBBmain DoARun -> 信息:   started user thread for Warehouse 69
2月 12, 2026 4:17:24 上午 spec.jbb.JBBmain DoARun -> 信息:   started user thread for Warehouse 70
2月 12, 2026 4:17:24 上午 spec.jbb.JBBmain DoARun -> 信息:   started user thread for Warehouse 71
2月 12, 2026 4:17:24 上午 spec.jbb.JBBmain DoARun -> 信息:   started user thread for Warehouse 72
2月 12, 2026 4:17:24 上午 spec.jbb.JBBmain DoARun -> 信息:   started user thread for Warehouse 73
2月 12, 2026 4:17:24 上午 spec.jbb.JBBmain DoARun -> 信息:   started user thread for Warehouse 74
2月 12, 2026 4:17:24 上午 spec.jbb.JBBmain DoARun -> 信息:   started user thread for Warehouse 75
2月 12, 2026 4:17:24 上午 spec.jbb.JBBmain DoARun -> 信息:   started user thread for Warehouse 76
2月 12, 2026 4:17:24 上午 spec.jbb.JBBmain DoARun -> 信息:   started user thread for Warehouse 77
2月 12, 2026 4:17:24 上午 spec.jbb.JBBmain DoARun -> 信息:   started user thread for Warehouse 78
2月 12, 2026 4:17:24 上午 spec.jbb.JBBmain DoARun -> 信息:   started user thread for Warehouse 79
2月 12, 2026 4:17:24 上午 spec.jbb.JBBmain DoARun -> 信息:   started user thread for Warehouse 80
2月 12, 2026 4:17:24 上午 spec.jbb.JBBmain DoARun -> 信息:   started user thread for Warehouse 81
2月 12, 2026 4:17:24 上午 spec.jbb.JBBmain DoARun -> 信息:   started user thread for Warehouse 82
2月 12, 2026 4:17:24 上午 spec.jbb.JBBmain DoARun -> 信息:   started user thread for Warehouse 83
2月 12, 2026 4:17:24 上午 spec.jbb.JBBmain DoARun -> 信息:   started user thread for Warehouse 84
2月 12, 2026 4:17:24 上午 spec.jbb.JBBmain DoARun -> 信息:   started user thread for Warehouse 85
2月 12, 2026 4:17:24 上午 spec.jbb.JBBmain DoARun -> 信息:   started user thread for Warehouse 86
2月 12, 2026 4:17:24 上午 spec.jbb.JBBmain DoARun -> 信息:   started user thread for Warehouse 87
2月 12, 2026 4:17:24 上午 spec.jbb.JBBmain DoARun -> 信息:   started user thread for Warehouse 88
2月 12, 2026 4:17:24 上午 spec.jbb.JBBmain DoARun -> 信息:   started user thread for Warehouse 89
2月 12, 2026 4:17:24 上午 spec.jbb.JBBmain DoARun -> 信息:   started user thread for Warehouse 90
2月 12, 2026 4:17:24 上午 spec.jbb.JBBmain DoARun -> 信息:   started user thread for Warehouse 91
2月 12, 2026 4:17:24 上午 spec.jbb.JBBmain DoARun -> 信息:   started user thread for Warehouse 92
2月 12, 2026 4:17:24 上午 spec.jbb.JBBmain DoARun -> 信息:   started user thread for Warehouse 93
2月 12, 2026 4:17:24 上午 spec.jbb.JBBmain DoARun -> 信息:   started user thread for Warehouse 94
2月 12, 2026 4:17:24 上午 spec.jbb.JBBmain DoARun -> 信息:   started user thread for Warehouse 95
2月 12, 2026 4:17:24 上午 spec.jbb.JBBmain DoARun -> 信息:   started user thread for Warehouse 96
2月 12, 2026 4:17:24 上午 spec.jbb.JBBmain DoARun -> 信息:   started user thread for Warehouse 97
2月 12, 2026 4:17:24 上午 spec.jbb.JBBmain DoARun -> 信息:   started user thread for Warehouse 98
2月 12, 2026 4:17:24 上午 spec.jbb.JBBmain DoARun -> 信息:   started user thread for Warehouse 99
2月 12, 2026 4:17:24 上午 spec.jbb.JBBmain DoARun -> 信息:   started user thread for Warehouse 100
2月 12, 2026 4:17:24 上午 spec.jbb.JBBmain DoARun -> 信息:   started user thread for Warehouse 101
2月 12, 2026 4:17:24 上午 spec.jbb.JBBmain DoARun -> 信息:   started user thread for Warehouse 102
2月 12, 2026 4:17:24 上午 spec.jbb.JBBmain DoARun -> 信息:   started user thread for Warehouse 103
2月 12, 2026 4:17:24 上午 spec.jbb.JBBmain DoARun -> 信息:   started user thread for Warehouse 104
2月 12, 2026 4:17:24 上午 spec.jbb.JBBmain DoARun -> 信息:   started user thread for Warehouse 105
2月 12, 2026 4:17:24 上午 spec.jbb.JBBmain DoARun -> 信息:   started user thread for Warehouse 106
2月 12, 2026 4:17:24 上午 spec.jbb.JBBmain DoARun -> 信息:   started user thread for Warehouse 107
2月 12, 2026 4:17:24 上午 spec.jbb.JBBmain DoARun -> 信息:   started user thread for Warehouse 108
2月 12, 2026 4:17:24 上午 spec.jbb.JBBmain DoARun -> 信息:   started user thread for Warehouse 109
2月 12, 2026 4:17:24 上午 spec.jbb.JBBmain DoARun -> 信息:   started user thread for Warehouse 110
2月 12, 2026 4:17:24 上午 spec.jbb.JBBmain DoARun -> 信息:   started user thread for Warehouse 111
2月 12, 2026 4:17:24 上午 spec.jbb.Company displayResultTotals -> 信息: Timing Measurement began Thu Feb 12 04:17:24 CST 2026 for 4 minutes
2月 12, 2026 4:21:24 上午 spec.jbb.Company displayResultTotals -> 信息: Timing Measurement ended Thu Feb 12 04:21:24 CST 2026
2月 12, 2026 4:21:24 上午 spec.jbb.Company primeWithDummyData -> 信息: Loading Warehouse 112...
2月 12, 2026 4:21:25 上午 spec.jbb.JBBmain DoARun -> 信息: Start User Threads
2月 12, 2026 4:21:25 上午 spec.jbb.JBBmain DoARun -> 信息:   started user thread for Warehouse 1
2月 12, 2026 4:21:25 上午 spec.jbb.JBBmain DoARun -> 信息:   started user thread for Warehouse 2
2月 12, 2026 4:21:25 上午 spec.jbb.JBBmain DoARun -> 信息:   started user thread for Warehouse 3
2月 12, 2026 4:21:25 上午 spec.jbb.JBBmain DoARun -> 信息:   started user thread for Warehouse 4
2月 12, 2026 4:21:25 上午 spec.jbb.JBBmain DoARun -> 信息:   started user thread for Warehouse 5
2月 12, 2026 4:21:25 上午 spec.jbb.JBBmain DoARun -> 信息:   started user thread for Warehouse 6
2月 12, 2026 4:21:25 上午 spec.jbb.JBBmain DoARun -> 信息:   started user thread for Warehouse 7
2月 12, 2026 4:21:25 上午 spec.jbb.JBBmain DoARun -> 信息:   started user thread for Warehouse 8
2月 12, 2026 4:21:25 上午 spec.jbb.JBBmain DoARun -> 信息:   started user thread for Warehouse 9
2月 12, 2026 4:21:25 上午 spec.jbb.JBBmain DoARun -> 信息:   started user thread for Warehouse 10
2月 12, 2026 4:21:25 上午 spec.jbb.JBBmain DoARun -> 信息:   started user thread for Warehouse 11
2月 12, 2026 4:21:25 上午 spec.jbb.JBBmain DoARun -> 信息:   started user thread for Warehouse 12
2月 12, 2026 4:21:25 上午 spec.jbb.JBBmain DoARun -> 信息:   started user thread for Warehouse 13
2月 12, 2026 4:21:25 上午 spec.jbb.JBBmain DoARun -> 信息:   started user thread for Warehouse 14
2月 12, 2026 4:21:25 上午 spec.jbb.JBBmain DoARun -> 信息:   started user thread for Warehouse 15
2月 12, 2026 4:21:25 上午 spec.jbb.JBBmain DoARun -> 信息:   started user thread for Warehouse 16
2月 12, 2026 4:21:25 上午 spec.jbb.JBBmain DoARun -> 信息:   started user thread for Warehouse 17
2月 12, 2026 4:21:25 上午 spec.jbb.JBBmain DoARun -> 信息:   started user thread for Warehouse 18
2月 12, 2026 4:21:25 上午 spec.jbb.JBBmain DoARun -> 信息:   started user thread for Warehouse 19
2月 12, 2026 4:21:25 上午 spec.jbb.JBBmain DoARun -> 信息:   started user thread for Warehouse 20
2月 12, 2026 4:21:25 上午 spec.jbb.JBBmain DoARun -> 信息:   started user thread for Warehouse 21
2月 12, 2026 4:21:25 上午 spec.jbb.JBBmain DoARun -> 信息:   started user thread for Warehouse 22
2月 12, 2026 4:21:25 上午 spec.jbb.JBBmain DoARun -> 信息:   started user thread for Warehouse 23
2月 12, 2026 4:21:25 上午 spec.jbb.JBBmain DoARun -> 信息:   started user thread for Warehouse 24
2月 12, 2026 4:21:25 上午 spec.jbb.JBBmain DoARun -> 信息:   started user thread for Warehouse 25
2月 12, 2026 4:21:25 上午 spec.jbb.JBBmain DoARun -> 信息:   started user thread for Warehouse 26
2月 12, 2026 4:21:25 上午 spec.jbb.JBBmain DoARun -> 信息:   started user thread for Warehouse 27
2月 12, 2026 4:21:25 上午 spec.jbb.JBBmain DoARun -> 信息:   started user thread for Warehouse 28
2月 12, 2026 4:21:25 上午 spec.jbb.JBBmain DoARun -> 信息:   started user thread for Warehouse 29
2月 12, 2026 4:21:25 上午 spec.jbb.JBBmain DoARun -> 信息:   started user thread for Warehouse 30
2月 12, 2026 4:21:25 上午 spec.jbb.JBBmain DoARun -> 信息:   started user thread for Warehouse 31
2月 12, 2026 4:21:25 上午 spec.jbb.JBBmain DoARun -> 信息:   started user thread for Warehouse 32
2月 12, 2026 4:21:25 上午 spec.jbb.JBBmain DoARun -> 信息:   started user thread for Warehouse 33
2月 12, 2026 4:21:25 上午 spec.jbb.JBBmain DoARun -> 信息:   started user thread for Warehouse 34
2月 12, 2026 4:21:25 上午 spec.jbb.JBBmain DoARun -> 信息:   started user thread for Warehouse 35
2月 12, 2026 4:21:25 上午 spec.jbb.JBBmain DoARun -> 信息:   started user thread for Warehouse 36
2月 12, 2026 4:21:25 上午 spec.jbb.JBBmain DoARun -> 信息:   started user thread for Warehouse 37
2月 12, 2026 4:21:25 上午 spec.jbb.JBBmain DoARun -> 信息:   started user thread for Warehouse 38
2月 12, 2026 4:21:25 上午 spec.jbb.JBBmain DoARun -> 信息:   started user thread for Warehouse 39
2月 12, 2026 4:21:25 上午 spec.jbb.JBBmain DoARun -> 信息:   started user thread for Warehouse 40
2月 12, 2026 4:21:25 上午 spec.jbb.JBBmain DoARun -> 信息:   started user thread for Warehouse 41
2月 12, 2026 4:21:25 上午 spec.jbb.JBBmain DoARun -> 信息:   started user thread for Warehouse 42
2月 12, 2026 4:21:25 上午 spec.jbb.JBBmain DoARun -> 信息:   started user thread for Warehouse 43
2月 12, 2026 4:21:25 上午 spec.jbb.JBBmain DoARun -> 信息:   started user thread for Warehouse 44
2月 12, 2026 4:21:25 上午 spec.jbb.JBBmain DoARun -> 信息:   started user thread for Warehouse 45
2月 12, 2026 4:21:25 上午 spec.jbb.JBBmain DoARun -> 信息:   started user thread for Warehouse 46
2月 12, 2026 4:21:25 上午 spec.jbb.JBBmain DoARun -> 信息:   started user thread for Warehouse 47
2月 12, 2026 4:21:25 上午 spec.jbb.JBBmain DoARun -> 信息:   started user thread for Warehouse 48
2月 12, 2026 4:21:25 上午 spec.jbb.JBBmain DoARun -> 信息:   started user thread for Warehouse 49
2月 12, 2026 4:21:25 上午 spec.jbb.JBBmain DoARun -> 信息:   started user thread for Warehouse 50
2月 12, 2026 4:21:25 上午 spec.jbb.JBBmain DoARun -> 信息:   started user thread for Warehouse 51
2月 12, 2026 4:21:25 上午 spec.jbb.JBBmain DoARun -> 信息:   started user thread for Warehouse 52
2月 12, 2026 4:21:25 上午 spec.jbb.JBBmain DoARun -> 信息:   started user thread for Warehouse 53
2月 12, 2026 4:21:25 上午 spec.jbb.JBBmain DoARun -> 信息:   started user thread for Warehouse 54
2月 12, 2026 4:21:25 上午 spec.jbb.JBBmain DoARun -> 信息:   started user thread for Warehouse 55
2月 12, 2026 4:21:25 上午 spec.jbb.JBBmain DoARun -> 信息:   started user thread for Warehouse 56
2月 12, 2026 4:21:25 上午 spec.jbb.JBBmain DoARun -> 信息:   started user thread for Warehouse 57
2月 12, 2026 4:21:25 上午 spec.jbb.JBBmain DoARun -> 信息:   started user thread for Warehouse 58
2月 12, 2026 4:21:25 上午 spec.jbb.JBBmain DoARun -> 信息:   started user thread for Warehouse 59
2月 12, 2026 4:21:25 上午 spec.jbb.JBBmain DoARun -> 信息:   started user thread for Warehouse 60
2月 12, 2026 4:21:25 上午 spec.jbb.JBBmain DoARun -> 信息:   started user thread for Warehouse 61
2月 12, 2026 4:21:25 上午 spec.jbb.JBBmain DoARun -> 信息:   started user thread for Warehouse 62
2月 12, 2026 4:21:25 上午 spec.jbb.JBBmain DoARun -> 信息:   started user thread for Warehouse 63
2月 12, 2026 4:21:25 上午 spec.jbb.JBBmain DoARun -> 信息:   started user thread for Warehouse 64
2月 12, 2026 4:21:25 上午 spec.jbb.JBBmain DoARun -> 信息:   started user thread for Warehouse 65
2月 12, 2026 4:21:25 上午 spec.jbb.JBBmain DoARun -> 信息:   started user thread for Warehouse 66
2月 12, 2026 4:21:25 上午 spec.jbb.JBBmain DoARun -> 信息:   started user thread for Warehouse 67
2月 12, 2026 4:21:25 上午 spec.jbb.JBBmain DoARun -> 信息:   started user thread for Warehouse 68
2月 12, 2026 4:21:25 上午 spec.jbb.JBBmain DoARun -> 信息:   started user thread for Warehouse 69
2月 12, 2026 4:21:25 上午 spec.jbb.JBBmain DoARun -> 信息:   started user thread for Warehouse 70
2月 12, 2026 4:21:25 上午 spec.jbb.JBBmain DoARun -> 信息:   started user thread for Warehouse 71
2月 12, 2026 4:21:25 上午 spec.jbb.JBBmain DoARun -> 信息:   started user thread for Warehouse 72
2月 12, 2026 4:21:25 上午 spec.jbb.JBBmain DoARun -> 信息:   started user thread for Warehouse 73
2月 12, 2026 4:21:25 上午 spec.jbb.JBBmain DoARun -> 信息:   started user thread for Warehouse 74
2月 12, 2026 4:21:25 上午 spec.jbb.JBBmain DoARun -> 信息:   started user thread for Warehouse 75
2月 12, 2026 4:21:25 上午 spec.jbb.JBBmain DoARun -> 信息:   started user thread for Warehouse 76
2月 12, 2026 4:21:25 上午 spec.jbb.JBBmain DoARun -> 信息:   started user thread for Warehouse 77
2月 12, 2026 4:21:25 上午 spec.jbb.JBBmain DoARun -> 信息:   started user thread for Warehouse 78
2月 12, 2026 4:21:25 上午 spec.jbb.JBBmain DoARun -> 信息:   started user thread for Warehouse 79
2月 12, 2026 4:21:25 上午 spec.jbb.JBBmain DoARun -> 信息:   started user thread for Warehouse 80
2月 12, 2026 4:21:25 上午 spec.jbb.JBBmain DoARun -> 信息:   started user thread for Warehouse 81
2月 12, 2026 4:21:25 上午 spec.jbb.JBBmain DoARun -> 信息:   started user thread for Warehouse 82
2月 12, 2026 4:21:25 上午 spec.jbb.JBBmain DoARun -> 信息:   started user thread for Warehouse 83
2月 12, 2026 4:21:25 上午 spec.jbb.JBBmain DoARun -> 信息:   started user thread for Warehouse 84
2月 12, 2026 4:21:25 上午 spec.jbb.JBBmain DoARun -> 信息:   started user thread for Warehouse 85
2月 12, 2026 4:21:25 上午 spec.jbb.JBBmain DoARun -> 信息:   started user thread for Warehouse 86
2月 12, 2026 4:21:25 上午 spec.jbb.JBBmain DoARun -> 信息:   started user thread for Warehouse 87
2月 12, 2026 4:21:25 上午 spec.jbb.JBBmain DoARun -> 信息:   started user thread for Warehouse 88
2月 12, 2026 4:21:25 上午 spec.jbb.JBBmain DoARun -> 信息:   started user thread for Warehouse 89
2月 12, 2026 4:21:25 上午 spec.jbb.JBBmain DoARun -> 信息:   started user thread for Warehouse 90
2月 12, 2026 4:21:25 上午 spec.jbb.JBBmain DoARun -> 信息:   started user thread for Warehouse 91
2月 12, 2026 4:21:25 上午 spec.jbb.JBBmain DoARun -> 信息:   started user thread for Warehouse 92
2月 12, 2026 4:21:25 上午 spec.jbb.JBBmain DoARun -> 信息:   started user thread for Warehouse 93
2月 12, 2026 4:21:25 上午 spec.jbb.JBBmain DoARun -> 信息:   started user thread for Warehouse 94
2月 12, 2026 4:21:25 上午 spec.jbb.JBBmain DoARun -> 信息:   started user thread for Warehouse 95
2月 12, 2026 4:21:25 上午 spec.jbb.JBBmain DoARun -> 信息:   started user thread for Warehouse 96
2月 12, 2026 4:21:25 上午 spec.jbb.JBBmain DoARun -> 信息:   started user thread for Warehouse 97
2月 12, 2026 4:21:25 上午 spec.jbb.JBBmain DoARun -> 信息:   started user thread for Warehouse 98
2月 12, 2026 4:21:25 上午 spec.jbb.JBBmain DoARun -> 信息:   started user thread for Warehouse 99
2月 12, 2026 4:21:25 上午 spec.jbb.JBBmain DoARun -> 信息:   started user thread for Warehouse 100
2月 12, 2026 4:21:25 上午 spec.jbb.JBBmain DoARun -> 信息:   started user thread for Warehouse 101
2月 12, 2026 4:21:25 上午 spec.jbb.JBBmain DoARun -> 信息:   started user thread for Warehouse 102
2月 12, 2026 4:21:25 上午 spec.jbb.JBBmain DoARun -> 信息:   started user thread for Warehouse 103
2月 12, 2026 4:21:25 上午 spec.jbb.JBBmain DoARun -> 信息:   started user thread for Warehouse 104
2月 12, 2026 4:21:25 上午 spec.jbb.JBBmain DoARun -> 信息:   started user thread for Warehouse 105
2月 12, 2026 4:21:25 上午 spec.jbb.JBBmain DoARun -> 信息:   started user thread for Warehouse 106
2月 12, 2026 4:21:25 上午 spec.jbb.JBBmain DoARun -> 信息:   started user thread for Warehouse 107
2月 12, 2026 4:21:25 上午 spec.jbb.JBBmain DoARun -> 信息:   started user thread for Warehouse 108
2月 12, 2026 4:21:25 上午 spec.jbb.JBBmain DoARun -> 信息:   started user thread for Warehouse 109
2月 12, 2026 4:21:25 上午 spec.jbb.JBBmain DoARun -> 信息:   started user thread for Warehouse 110
2月 12, 2026 4:21:25 上午 spec.jbb.JBBmain DoARun -> 信息:   started user thread for Warehouse 111
2月 12, 2026 4:21:25 上午 spec.jbb.JBBmain DoARun -> 信息:   started user thread for Warehouse 112
2月 12, 2026 4:21:25 上午 spec.jbb.Company displayResultTotals -> 信息: Timing Measurement began Thu Feb 12 04:21:25 CST 2026 for 4 minutes
2月 12, 2026 4:25:25 上午 spec.jbb.Company displayResultTotals -> 信息: Timing Measurement ended Thu Feb 12 04:25:25 CST 2026
2月 12, 2026 4:25:25 上午 spec.jbb.Company primeWithDummyData -> 信息: Loading Warehouse 113...
2月 12, 2026 4:25:25 上午 spec.jbb.JBBmain DoARun -> 信息: Start User Threads
2月 12, 2026 4:25:25 上午 spec.jbb.JBBmain DoARun -> 信息:   started user thread for Warehouse 1
2月 12, 2026 4:25:25 上午 spec.jbb.JBBmain DoARun -> 信息:   started user thread for Warehouse 2
2月 12, 2026 4:25:25 上午 spec.jbb.JBBmain DoARun -> 信息:   started user thread for Warehouse 3
2月 12, 2026 4:25:25 上午 spec.jbb.JBBmain DoARun -> 信息:   started user thread for Warehouse 4
2月 12, 2026 4:25:25 上午 spec.jbb.JBBmain DoARun -> 信息:   started user thread for Warehouse 5
2月 12, 2026 4:25:25 上午 spec.jbb.JBBmain DoARun -> 信息:   started user thread for Warehouse 6
2月 12, 2026 4:25:25 上午 spec.jbb.JBBmain DoARun -> 信息:   started user thread for Warehouse 7
2月 12, 2026 4:25:25 上午 spec.jbb.JBBmain DoARun -> 信息:   started user thread for Warehouse 8
2月 12, 2026 4:25:25 上午 spec.jbb.JBBmain DoARun -> 信息:   started user thread for Warehouse 9
2月 12, 2026 4:25:25 上午 spec.jbb.JBBmain DoARun -> 信息:   started user thread for Warehouse 10
2月 12, 2026 4:25:25 上午 spec.jbb.JBBmain DoARun -> 信息:   started user thread for Warehouse 11
2月 12, 2026 4:25:25 上午 spec.jbb.JBBmain DoARun -> 信息:   started user thread for Warehouse 12
2月 12, 2026 4:25:25 上午 spec.jbb.JBBmain DoARun -> 信息:   started user thread for Warehouse 13
2月 12, 2026 4:25:25 上午 spec.jbb.JBBmain DoARun -> 信息:   started user thread for Warehouse 14
2月 12, 2026 4:25:25 上午 spec.jbb.JBBmain DoARun -> 信息:   started user thread for Warehouse 15
2月 12, 2026 4:25:25 上午 spec.jbb.JBBmain DoARun -> 信息:   started user thread for Warehouse 16
2月 12, 2026 4:25:25 上午 spec.jbb.JBBmain DoARun -> 信息:   started user thread for Warehouse 17
2月 12, 2026 4:25:25 上午 spec.jbb.JBBmain DoARun -> 信息:   started user thread for Warehouse 18
2月 12, 2026 4:25:25 上午 spec.jbb.JBBmain DoARun -> 信息:   started user thread for Warehouse 19
2月 12, 2026 4:25:25 上午 spec.jbb.JBBmain DoARun -> 信息:   started user thread for Warehouse 20
2月 12, 2026 4:25:25 上午 spec.jbb.JBBmain DoARun -> 信息:   started user thread for Warehouse 21
2月 12, 2026 4:25:25 上午 spec.jbb.JBBmain DoARun -> 信息:   started user thread for Warehouse 22
2月 12, 2026 4:25:25 上午 spec.jbb.JBBmain DoARun -> 信息:   started user thread for Warehouse 23
2月 12, 2026 4:25:25 上午 spec.jbb.JBBmain DoARun -> 信息:   started user thread for Warehouse 24
2月 12, 2026 4:25:25 上午 spec.jbb.JBBmain DoARun -> 信息:   started user thread for Warehouse 25
2月 12, 2026 4:25:25 上午 spec.jbb.JBBmain DoARun -> 信息:   started user thread for Warehouse 26
2月 12, 2026 4:25:25 上午 spec.jbb.JBBmain DoARun -> 信息:   started user thread for Warehouse 27
2月 12, 2026 4:25:25 上午 spec.jbb.JBBmain DoARun -> 信息:   started user thread for Warehouse 28
2月 12, 2026 4:25:25 上午 spec.jbb.JBBmain DoARun -> 信息:   started user thread for Warehouse 29
2月 12, 2026 4:25:25 上午 spec.jbb.JBBmain DoARun -> 信息:   started user thread for Warehouse 30
2月 12, 2026 4:25:25 上午 spec.jbb.JBBmain DoARun -> 信息:   started user thread for Warehouse 31
2月 12, 2026 4:25:25 上午 spec.jbb.JBBmain DoARun -> 信息:   started user thread for Warehouse 32
2月 12, 2026 4:25:25 上午 spec.jbb.JBBmain DoARun -> 信息:   started user thread for Warehouse 33
2月 12, 2026 4:25:25 上午 spec.jbb.JBBmain DoARun -> 信息:   started user thread for Warehouse 34
2月 12, 2026 4:25:25 上午 spec.jbb.JBBmain DoARun -> 信息:   started user thread for Warehouse 35
2月 12, 2026 4:25:25 上午 spec.jbb.JBBmain DoARun -> 信息:   started user thread for Warehouse 36
2月 12, 2026 4:25:25 上午 spec.jbb.JBBmain DoARun -> 信息:   started user thread for Warehouse 37
2月 12, 2026 4:25:25 上午 spec.jbb.JBBmain DoARun -> 信息:   started user thread for Warehouse 38
2月 12, 2026 4:25:25 上午 spec.jbb.JBBmain DoARun -> 信息:   started user thread for Warehouse 39
2月 12, 2026 4:25:25 上午 spec.jbb.JBBmain DoARun -> 信息:   started user thread for Warehouse 40
2月 12, 2026 4:25:25 上午 spec.jbb.JBBmain DoARun -> 信息:   started user thread for Warehouse 41
2月 12, 2026 4:25:25 上午 spec.jbb.JBBmain DoARun -> 信息:   started user thread for Warehouse 42
2月 12, 2026 4:25:25 上午 spec.jbb.JBBmain DoARun -> 信息:   started user thread for Warehouse 43
2月 12, 2026 4:25:25 上午 spec.jbb.JBBmain DoARun -> 信息:   started user thread for Warehouse 44
2月 12, 2026 4:25:25 上午 spec.jbb.JBBmain DoARun -> 信息:   started user thread for Warehouse 45
2月 12, 2026 4:25:25 上午 spec.jbb.JBBmain DoARun -> 信息:   started user thread for Warehouse 46
2月 12, 2026 4:25:25 上午 spec.jbb.JBBmain DoARun -> 信息:   started user thread for Warehouse 47
2月 12, 2026 4:25:25 上午 spec.jbb.JBBmain DoARun -> 信息:   started user thread for Warehouse 48
2月 12, 2026 4:25:25 上午 spec.jbb.JBBmain DoARun -> 信息:   started user thread for Warehouse 49
2月 12, 2026 4:25:25 上午 spec.jbb.JBBmain DoARun -> 信息:   started user thread for Warehouse 50
2月 12, 2026 4:25:25 上午 spec.jbb.JBBmain DoARun -> 信息:   started user thread for Warehouse 51
2月 12, 2026 4:25:25 上午 spec.jbb.JBBmain DoARun -> 信息:   started user thread for Warehouse 52
2月 12, 2026 4:25:25 上午 spec.jbb.JBBmain DoARun -> 信息:   started user thread for Warehouse 53
2月 12, 2026 4:25:25 上午 spec.jbb.JBBmain DoARun -> 信息:   started user thread for Warehouse 54
2月 12, 2026 4:25:25 上午 spec.jbb.JBBmain DoARun -> 信息:   started user thread for Warehouse 55
2月 12, 2026 4:25:25 上午 spec.jbb.JBBmain DoARun -> 信息:   started user thread for Warehouse 56
2月 12, 2026 4:25:25 上午 spec.jbb.JBBmain DoARun -> 信息:   started user thread for Warehouse 57
2月 12, 2026 4:25:25 上午 spec.jbb.JBBmain DoARun -> 信息:   started user thread for Warehouse 58
2月 12, 2026 4:25:25 上午 spec.jbb.JBBmain DoARun -> 信息:   started user thread for Warehouse 59
2月 12, 2026 4:25:25 上午 spec.jbb.JBBmain DoARun -> 信息:   started user thread for Warehouse 60
2月 12, 2026 4:25:25 上午 spec.jbb.JBBmain DoARun -> 信息:   started user thread for Warehouse 61
2月 12, 2026 4:25:25 上午 spec.jbb.JBBmain DoARun -> 信息:   started user thread for Warehouse 62
2月 12, 2026 4:25:25 上午 spec.jbb.JBBmain DoARun -> 信息:   started user thread for Warehouse 63
2月 12, 2026 4:25:25 上午 spec.jbb.JBBmain DoARun -> 信息:   started user thread for Warehouse 64
2月 12, 2026 4:25:25 上午 spec.jbb.JBBmain DoARun -> 信息:   started user thread for Warehouse 65
2月 12, 2026 4:25:25 上午 spec.jbb.JBBmain DoARun -> 信息:   started user thread for Warehouse 66
2月 12, 2026 4:25:25 上午 spec.jbb.JBBmain DoARun -> 信息:   started user thread for Warehouse 67
2月 12, 2026 4:25:25 上午 spec.jbb.JBBmain DoARun -> 信息:   started user thread for Warehouse 68
2月 12, 2026 4:25:25 上午 spec.jbb.JBBmain DoARun -> 信息:   started user thread for Warehouse 69
2月 12, 2026 4:25:25 上午 spec.jbb.JBBmain DoARun -> 信息:   started user thread for Warehouse 70
2月 12, 2026 4:25:25 上午 spec.jbb.JBBmain DoARun -> 信息:   started user thread for Warehouse 71
2月 12, 2026 4:25:25 上午 spec.jbb.JBBmain DoARun -> 信息:   started user thread for Warehouse 72
2月 12, 2026 4:25:25 上午 spec.jbb.JBBmain DoARun -> 信息:   started user thread for Warehouse 73
2月 12, 2026 4:25:25 上午 spec.jbb.JBBmain DoARun -> 信息:   started user thread for Warehouse 74
2月 12, 2026 4:25:25 上午 spec.jbb.JBBmain DoARun -> 信息:   started user thread for Warehouse 75
2月 12, 2026 4:25:25 上午 spec.jbb.JBBmain DoARun -> 信息:   started user thread for Warehouse 76
2月 12, 2026 4:25:25 上午 spec.jbb.JBBmain DoARun -> 信息:   started user thread for Warehouse 77
2月 12, 2026 4:25:25 上午 spec.jbb.JBBmain DoARun -> 信息:   started user thread for Warehouse 78
2月 12, 2026 4:25:25 上午 spec.jbb.JBBmain DoARun -> 信息:   started user thread for Warehouse 79
2月 12, 2026 4:25:25 上午 spec.jbb.JBBmain DoARun -> 信息:   started user thread for Warehouse 80
2月 12, 2026 4:25:25 上午 spec.jbb.JBBmain DoARun -> 信息:   started user thread for Warehouse 81
2月 12, 2026 4:25:25 上午 spec.jbb.JBBmain DoARun -> 信息:   started user thread for Warehouse 82
2月 12, 2026 4:25:25 上午 spec.jbb.JBBmain DoARun -> 信息:   started user thread for Warehouse 83
2月 12, 2026 4:25:25 上午 spec.jbb.JBBmain DoARun -> 信息:   started user thread for Warehouse 84
2月 12, 2026 4:25:25 上午 spec.jbb.JBBmain DoARun -> 信息:   started user thread for Warehouse 85
2月 12, 2026 4:25:25 上午 spec.jbb.JBBmain DoARun -> 信息:   started user thread for Warehouse 86
2月 12, 2026 4:25:25 上午 spec.jbb.JBBmain DoARun -> 信息:   started user thread for Warehouse 87
2月 12, 2026 4:25:25 上午 spec.jbb.JBBmain DoARun -> 信息:   started user thread for Warehouse 88
2月 12, 2026 4:25:25 上午 spec.jbb.JBBmain DoARun -> 信息:   started user thread for Warehouse 89
2月 12, 2026 4:25:25 上午 spec.jbb.JBBmain DoARun -> 信息:   started user thread for Warehouse 90
2月 12, 2026 4:25:25 上午 spec.jbb.JBBmain DoARun -> 信息:   started user thread for Warehouse 91
2月 12, 2026 4:25:25 上午 spec.jbb.JBBmain DoARun -> 信息:   started user thread for Warehouse 92
2月 12, 2026 4:25:25 上午 spec.jbb.JBBmain DoARun -> 信息:   started user thread for Warehouse 93
2月 12, 2026 4:25:25 上午 spec.jbb.JBBmain DoARun -> 信息:   started user thread for Warehouse 94
2月 12, 2026 4:25:25 上午 spec.jbb.JBBmain DoARun -> 信息:   started user thread for Warehouse 95
2月 12, 2026 4:25:25 上午 spec.jbb.JBBmain DoARun -> 信息:   started user thread for Warehouse 96
2月 12, 2026 4:25:25 上午 spec.jbb.JBBmain DoARun -> 信息:   started user thread for Warehouse 97
2月 12, 2026 4:25:25 上午 spec.jbb.JBBmain DoARun -> 信息:   started user thread for Warehouse 98
2月 12, 2026 4:25:25 上午 spec.jbb.JBBmain DoARun -> 信息:   started user thread for Warehouse 99
2月 12, 2026 4:25:25 上午 spec.jbb.JBBmain DoARun -> 信息:   started user thread for Warehouse 100
2月 12, 2026 4:25:25 上午 spec.jbb.JBBmain DoARun -> 信息:   started user thread for Warehouse 101
2月 12, 2026 4:25:25 上午 spec.jbb.JBBmain DoARun -> 信息:   started user thread for Warehouse 102
2月 12, 2026 4:25:25 上午 spec.jbb.JBBmain DoARun -> 信息:   started user thread for Warehouse 103
2月 12, 2026 4:25:25 上午 spec.jbb.JBBmain DoARun -> 信息:   started user thread for Warehouse 104
2月 12, 2026 4:25:25 上午 spec.jbb.JBBmain DoARun -> 信息:   started user thread for Warehouse 105
2月 12, 2026 4:25:25 上午 spec.jbb.JBBmain DoARun -> 信息:   started user thread for Warehouse 106
2月 12, 2026 4:25:25 上午 spec.jbb.JBBmain DoARun -> 信息:   started user thread for Warehouse 107
2月 12, 2026 4:25:25 上午 spec.jbb.JBBmain DoARun -> 信息:   started user thread for Warehouse 108
2月 12, 2026 4:25:25 上午 spec.jbb.JBBmain DoARun -> 信息:   started user thread for Warehouse 109
2月 12, 2026 4:25:25 上午 spec.jbb.JBBmain DoARun -> 信息:   started user thread for Warehouse 110
2月 12, 2026 4:25:25 上午 spec.jbb.JBBmain DoARun -> 信息:   started user thread for Warehouse 111
2月 12, 2026 4:25:25 上午 spec.jbb.JBBmain DoARun -> 信息:   started user thread for Warehouse 112
2月 12, 2026 4:25:25 上午 spec.jbb.JBBmain DoARun -> 信息:   started user thread for Warehouse 113
2月 12, 2026 4:25:25 上午 spec.jbb.Company displayResultTotals -> 信息: Timing Measurement began Thu Feb 12 04:25:25 CST 2026 for 4 minutes
2月 12, 2026 4:29:25 上午 spec.jbb.Company displayResultTotals -> 信息: Timing Measurement ended Thu Feb 12 04:29:25 CST 2026
2月 12, 2026 4:29:25 上午 spec.jbb.Company primeWithDummyData -> 信息: Loading Warehouse 114...
2月 12, 2026 4:29:25 上午 spec.jbb.JBBmain DoARun -> 信息: Start User Threads
2月 12, 2026 4:29:25 上午 spec.jbb.JBBmain DoARun -> 信息:   started user thread for Warehouse 1
2月 12, 2026 4:29:25 上午 spec.jbb.JBBmain DoARun -> 信息:   started user thread for Warehouse 2
2月 12, 2026 4:29:25 上午 spec.jbb.JBBmain DoARun -> 信息:   started user thread for Warehouse 3
2月 12, 2026 4:29:25 上午 spec.jbb.JBBmain DoARun -> 信息:   started user thread for Warehouse 4
2月 12, 2026 4:29:25 上午 spec.jbb.JBBmain DoARun -> 信息:   started user thread for Warehouse 5
2月 12, 2026 4:29:25 上午 spec.jbb.JBBmain DoARun -> 信息:   started user thread for Warehouse 6
2月 12, 2026 4:29:25 上午 spec.jbb.JBBmain DoARun -> 信息:   started user thread for Warehouse 7
2月 12, 2026 4:29:25 上午 spec.jbb.JBBmain DoARun -> 信息:   started user thread for Warehouse 8
2月 12, 2026 4:29:25 上午 spec.jbb.JBBmain DoARun -> 信息:   started user thread for Warehouse 9
2月 12, 2026 4:29:25 上午 spec.jbb.JBBmain DoARun -> 信息:   started user thread for Warehouse 10
2月 12, 2026 4:29:25 上午 spec.jbb.JBBmain DoARun -> 信息:   started user thread for Warehouse 11
2月 12, 2026 4:29:25 上午 spec.jbb.JBBmain DoARun -> 信息:   started user thread for Warehouse 12
2月 12, 2026 4:29:25 上午 spec.jbb.JBBmain DoARun -> 信息:   started user thread for Warehouse 13
2月 12, 2026 4:29:25 上午 spec.jbb.JBBmain DoARun -> 信息:   started user thread for Warehouse 14
2月 12, 2026 4:29:25 上午 spec.jbb.JBBmain DoARun -> 信息:   started user thread for Warehouse 15
2月 12, 2026 4:29:25 上午 spec.jbb.JBBmain DoARun -> 信息:   started user thread for Warehouse 16
2月 12, 2026 4:29:25 上午 spec.jbb.JBBmain DoARun -> 信息:   started user thread for Warehouse 17
2月 12, 2026 4:29:25 上午 spec.jbb.JBBmain DoARun -> 信息:   started user thread for Warehouse 18
2月 12, 2026 4:29:25 上午 spec.jbb.JBBmain DoARun -> 信息:   started user thread for Warehouse 19
2月 12, 2026 4:29:25 上午 spec.jbb.JBBmain DoARun -> 信息:   started user thread for Warehouse 20
2月 12, 2026 4:29:25 上午 spec.jbb.JBBmain DoARun -> 信息:   started user thread for Warehouse 21
2月 12, 2026 4:29:25 上午 spec.jbb.JBBmain DoARun -> 信息:   started user thread for Warehouse 22
2月 12, 2026 4:29:25 上午 spec.jbb.JBBmain DoARun -> 信息:   started user thread for Warehouse 23
2月 12, 2026 4:29:25 上午 spec.jbb.JBBmain DoARun -> 信息:   started user thread for Warehouse 24
2月 12, 2026 4:29:25 上午 spec.jbb.JBBmain DoARun -> 信息:   started user thread for Warehouse 25
2月 12, 2026 4:29:25 上午 spec.jbb.JBBmain DoARun -> 信息:   started user thread for Warehouse 26
2月 12, 2026 4:29:25 上午 spec.jbb.JBBmain DoARun -> 信息:   started user thread for Warehouse 27
2月 12, 2026 4:29:25 上午 spec.jbb.JBBmain DoARun -> 信息:   started user thread for Warehouse 28
2月 12, 2026 4:29:25 上午 spec.jbb.JBBmain DoARun -> 信息:   started user thread for Warehouse 29
2月 12, 2026 4:29:25 上午 spec.jbb.JBBmain DoARun -> 信息:   started user thread for Warehouse 30
2月 12, 2026 4:29:25 上午 spec.jbb.JBBmain DoARun -> 信息:   started user thread for Warehouse 31
2月 12, 2026 4:29:25 上午 spec.jbb.JBBmain DoARun -> 信息:   started user thread for Warehouse 32
2月 12, 2026 4:29:25 上午 spec.jbb.JBBmain DoARun -> 信息:   started user thread for Warehouse 33
2月 12, 2026 4:29:25 上午 spec.jbb.JBBmain DoARun -> 信息:   started user thread for Warehouse 34
2月 12, 2026 4:29:25 上午 spec.jbb.JBBmain DoARun -> 信息:   started user thread for Warehouse 35
2月 12, 2026 4:29:25 上午 spec.jbb.JBBmain DoARun -> 信息:   started user thread for Warehouse 36
2月 12, 2026 4:29:25 上午 spec.jbb.JBBmain DoARun -> 信息:   started user thread for Warehouse 37
2月 12, 2026 4:29:25 上午 spec.jbb.JBBmain DoARun -> 信息:   started user thread for Warehouse 38
2月 12, 2026 4:29:25 上午 spec.jbb.JBBmain DoARun -> 信息:   started user thread for Warehouse 39
2月 12, 2026 4:29:25 上午 spec.jbb.JBBmain DoARun -> 信息:   started user thread for Warehouse 40
2月 12, 2026 4:29:25 上午 spec.jbb.JBBmain DoARun -> 信息:   started user thread for Warehouse 41
2月 12, 2026 4:29:25 上午 spec.jbb.JBBmain DoARun -> 信息:   started user thread for Warehouse 42
2月 12, 2026 4:29:25 上午 spec.jbb.JBBmain DoARun -> 信息:   started user thread for Warehouse 43
2月 12, 2026 4:29:25 上午 spec.jbb.JBBmain DoARun -> 信息:   started user thread for Warehouse 44
2月 12, 2026 4:29:25 上午 spec.jbb.JBBmain DoARun -> 信息:   started user thread for Warehouse 45
2月 12, 2026 4:29:25 上午 spec.jbb.JBBmain DoARun -> 信息:   started user thread for Warehouse 46
2月 12, 2026 4:29:25 上午 spec.jbb.JBBmain DoARun -> 信息:   started user thread for Warehouse 47
2月 12, 2026 4:29:25 上午 spec.jbb.JBBmain DoARun -> 信息:   started user thread for Warehouse 48
2月 12, 2026 4:29:25 上午 spec.jbb.JBBmain DoARun -> 信息:   started user thread for Warehouse 49
2月 12, 2026 4:29:25 上午 spec.jbb.JBBmain DoARun -> 信息:   started user thread for Warehouse 50
2月 12, 2026 4:29:25 上午 spec.jbb.JBBmain DoARun -> 信息:   started user thread for Warehouse 51
2月 12, 2026 4:29:25 上午 spec.jbb.JBBmain DoARun -> 信息:   started user thread for Warehouse 52
2月 12, 2026 4:29:25 上午 spec.jbb.JBBmain DoARun -> 信息:   started user thread for Warehouse 53
2月 12, 2026 4:29:25 上午 spec.jbb.JBBmain DoARun -> 信息:   started user thread for Warehouse 54
2月 12, 2026 4:29:25 上午 spec.jbb.JBBmain DoARun -> 信息:   started user thread for Warehouse 55
2月 12, 2026 4:29:25 上午 spec.jbb.JBBmain DoARun -> 信息:   started user thread for Warehouse 56
2月 12, 2026 4:29:25 上午 spec.jbb.JBBmain DoARun -> 信息:   started user thread for Warehouse 57
2月 12, 2026 4:29:25 上午 spec.jbb.JBBmain DoARun -> 信息:   started user thread for Warehouse 58
2月 12, 2026 4:29:25 上午 spec.jbb.JBBmain DoARun -> 信息:   started user thread for Warehouse 59
2月 12, 2026 4:29:25 上午 spec.jbb.JBBmain DoARun -> 信息:   started user thread for Warehouse 60
2月 12, 2026 4:29:25 上午 spec.jbb.JBBmain DoARun -> 信息:   started user thread for Warehouse 61
2月 12, 2026 4:29:25 上午 spec.jbb.JBBmain DoARun -> 信息:   started user thread for Warehouse 62
2月 12, 2026 4:29:25 上午 spec.jbb.JBBmain DoARun -> 信息:   started user thread for Warehouse 63
2月 12, 2026 4:29:25 上午 spec.jbb.JBBmain DoARun -> 信息:   started user thread for Warehouse 64
2月 12, 2026 4:29:25 上午 spec.jbb.JBBmain DoARun -> 信息:   started user thread for Warehouse 65
2月 12, 2026 4:29:25 上午 spec.jbb.JBBmain DoARun -> 信息:   started user thread for Warehouse 66
2月 12, 2026 4:29:25 上午 spec.jbb.JBBmain DoARun -> 信息:   started user thread for Warehouse 67
2月 12, 2026 4:29:25 上午 spec.jbb.JBBmain DoARun -> 信息:   started user thread for Warehouse 68
2月 12, 2026 4:29:25 上午 spec.jbb.JBBmain DoARun -> 信息:   started user thread for Warehouse 69
2月 12, 2026 4:29:25 上午 spec.jbb.JBBmain DoARun -> 信息:   started user thread for Warehouse 70
2月 12, 2026 4:29:25 上午 spec.jbb.JBBmain DoARun -> 信息:   started user thread for Warehouse 71
2月 12, 2026 4:29:25 上午 spec.jbb.JBBmain DoARun -> 信息:   started user thread for Warehouse 72
2月 12, 2026 4:29:25 上午 spec.jbb.JBBmain DoARun -> 信息:   started user thread for Warehouse 73
2月 12, 2026 4:29:25 上午 spec.jbb.JBBmain DoARun -> 信息:   started user thread for Warehouse 74
2月 12, 2026 4:29:25 上午 spec.jbb.JBBmain DoARun -> 信息:   started user thread for Warehouse 75
2月 12, 2026 4:29:25 上午 spec.jbb.JBBmain DoARun -> 信息:   started user thread for Warehouse 76
2月 12, 2026 4:29:25 上午 spec.jbb.JBBmain DoARun -> 信息:   started user thread for Warehouse 77
2月 12, 2026 4:29:25 上午 spec.jbb.JBBmain DoARun -> 信息:   started user thread for Warehouse 78
2月 12, 2026 4:29:25 上午 spec.jbb.JBBmain DoARun -> 信息:   started user thread for Warehouse 79
2月 12, 2026 4:29:25 上午 spec.jbb.JBBmain DoARun -> 信息:   started user thread for Warehouse 80
2月 12, 2026 4:29:25 上午 spec.jbb.JBBmain DoARun -> 信息:   started user thread for Warehouse 81
2月 12, 2026 4:29:25 上午 spec.jbb.JBBmain DoARun -> 信息:   started user thread for Warehouse 82
2月 12, 2026 4:29:25 上午 spec.jbb.JBBmain DoARun -> 信息:   started user thread for Warehouse 83
2月 12, 2026 4:29:25 上午 spec.jbb.JBBmain DoARun -> 信息:   started user thread for Warehouse 84
2月 12, 2026 4:29:25 上午 spec.jbb.JBBmain DoARun -> 信息:   started user thread for Warehouse 85
2月 12, 2026 4:29:25 上午 spec.jbb.JBBmain DoARun -> 信息:   started user thread for Warehouse 86
2月 12, 2026 4:29:25 上午 spec.jbb.JBBmain DoARun -> 信息:   started user thread for Warehouse 87
2月 12, 2026 4:29:25 上午 spec.jbb.JBBmain DoARun -> 信息:   started user thread for Warehouse 88
2月 12, 2026 4:29:25 上午 spec.jbb.JBBmain DoARun -> 信息:   started user thread for Warehouse 89
2月 12, 2026 4:29:25 上午 spec.jbb.JBBmain DoARun -> 信息:   started user thread for Warehouse 90
2月 12, 2026 4:29:25 上午 spec.jbb.JBBmain DoARun -> 信息:   started user thread for Warehouse 91
2月 12, 2026 4:29:25 上午 spec.jbb.JBBmain DoARun -> 信息:   started user thread for Warehouse 92
2月 12, 2026 4:29:25 上午 spec.jbb.JBBmain DoARun -> 信息:   started user thread for Warehouse 93
2月 12, 2026 4:29:25 上午 spec.jbb.JBBmain DoARun -> 信息:   started user thread for Warehouse 94
2月 12, 2026 4:29:25 上午 spec.jbb.JBBmain DoARun -> 信息:   started user thread for Warehouse 95
2月 12, 2026 4:29:25 上午 spec.jbb.JBBmain DoARun -> 信息:   started user thread for Warehouse 96
2月 12, 2026 4:29:25 上午 spec.jbb.JBBmain DoARun -> 信息:   started user thread for Warehouse 97
2月 12, 2026 4:29:25 上午 spec.jbb.JBBmain DoARun -> 信息:   started user thread for Warehouse 98
2月 12, 2026 4:29:25 上午 spec.jbb.JBBmain DoARun -> 信息:   started user thread for Warehouse 99
2月 12, 2026 4:29:25 上午 spec.jbb.JBBmain DoARun -> 信息:   started user thread for Warehouse 100
2月 12, 2026 4:29:25 上午 spec.jbb.JBBmain DoARun -> 信息:   started user thread for Warehouse 101
2月 12, 2026 4:29:25 上午 spec.jbb.JBBmain DoARun -> 信息:   started user thread for Warehouse 102
2月 12, 2026 4:29:25 上午 spec.jbb.JBBmain DoARun -> 信息:   started user thread for Warehouse 103
2月 12, 2026 4:29:25 上午 spec.jbb.JBBmain DoARun -> 信息:   started user thread for Warehouse 104
2月 12, 2026 4:29:25 上午 spec.jbb.JBBmain DoARun -> 信息:   started user thread for Warehouse 105
2月 12, 2026 4:29:25 上午 spec.jbb.JBBmain DoARun -> 信息:   started user thread for Warehouse 106
2月 12, 2026 4:29:25 上午 spec.jbb.JBBmain DoARun -> 信息:   started user thread for Warehouse 107
2月 12, 2026 4:29:25 上午 spec.jbb.JBBmain DoARun -> 信息:   started user thread for Warehouse 108
2月 12, 2026 4:29:25 上午 spec.jbb.JBBmain DoARun -> 信息:   started user thread for Warehouse 109
2月 12, 2026 4:29:25 上午 spec.jbb.JBBmain DoARun -> 信息:   started user thread for Warehouse 110
2月 12, 2026 4:29:25 上午 spec.jbb.JBBmain DoARun -> 信息:   started user thread for Warehouse 111
2月 12, 2026 4:29:25 上午 spec.jbb.JBBmain DoARun -> 信息:   started user thread for Warehouse 112
2月 12, 2026 4:29:25 上午 spec.jbb.JBBmain DoARun -> 信息:   started user thread for Warehouse 113
2月 12, 2026 4:29:25 上午 spec.jbb.JBBmain DoARun -> 信息:   started user thread for Warehouse 114
2月 12, 2026 4:29:25 上午 spec.jbb.Company displayResultTotals -> 信息: Timing Measurement began Thu Feb 12 04:29:25 CST 2026 for 4 minutes
2月 12, 2026 4:33:25 上午 spec.jbb.Company displayResultTotals -> 信息: Timing Measurement ended Thu Feb 12 04:33:25 CST 2026
2月 12, 2026 4:33:26 上午 spec.jbb.Company primeWithDummyData -> 信息: Loading Warehouse 115...
2月 12, 2026 4:33:26 上午 spec.jbb.JBBmain DoARun -> 信息: Start User Threads
2月 12, 2026 4:33:26 上午 spec.jbb.JBBmain DoARun -> 信息:   started user thread for Warehouse 1
2月 12, 2026 4:33:26 上午 spec.jbb.JBBmain DoARun -> 信息:   started user thread for Warehouse 2
2月 12, 2026 4:33:26 上午 spec.jbb.JBBmain DoARun -> 信息:   started user thread for Warehouse 3
2月 12, 2026 4:33:26 上午 spec.jbb.JBBmain DoARun -> 信息:   started user thread for Warehouse 4
2月 12, 2026 4:33:26 上午 spec.jbb.JBBmain DoARun -> 信息:   started user thread for Warehouse 5
2月 12, 2026 4:33:26 上午 spec.jbb.JBBmain DoARun -> 信息:   started user thread for Warehouse 6
2月 12, 2026 4:33:26 上午 spec.jbb.JBBmain DoARun -> 信息:   started user thread for Warehouse 7
2月 12, 2026 4:33:26 上午 spec.jbb.JBBmain DoARun -> 信息:   started user thread for Warehouse 8
2月 12, 2026 4:33:26 上午 spec.jbb.JBBmain DoARun -> 信息:   started user thread for Warehouse 9
2月 12, 2026 4:33:26 上午 spec.jbb.JBBmain DoARun -> 信息:   started user thread for Warehouse 10
2月 12, 2026 4:33:26 上午 spec.jbb.JBBmain DoARun -> 信息:   started user thread for Warehouse 11
2月 12, 2026 4:33:26 上午 spec.jbb.JBBmain DoARun -> 信息:   started user thread for Warehouse 12
2月 12, 2026 4:33:26 上午 spec.jbb.JBBmain DoARun -> 信息:   started user thread for Warehouse 13
2月 12, 2026 4:33:26 上午 spec.jbb.JBBmain DoARun -> 信息:   started user thread for Warehouse 14
2月 12, 2026 4:33:26 上午 spec.jbb.JBBmain DoARun -> 信息:   started user thread for Warehouse 15
2月 12, 2026 4:33:26 上午 spec.jbb.JBBmain DoARun -> 信息:   started user thread for Warehouse 16
2月 12, 2026 4:33:26 上午 spec.jbb.JBBmain DoARun -> 信息:   started user thread for Warehouse 17
2月 12, 2026 4:33:26 上午 spec.jbb.JBBmain DoARun -> 信息:   started user thread for Warehouse 18
2月 12, 2026 4:33:26 上午 spec.jbb.JBBmain DoARun -> 信息:   started user thread for Warehouse 19
2月 12, 2026 4:33:26 上午 spec.jbb.JBBmain DoARun -> 信息:   started user thread for Warehouse 20
2月 12, 2026 4:33:26 上午 spec.jbb.JBBmain DoARun -> 信息:   started user thread for Warehouse 21
2月 12, 2026 4:33:26 上午 spec.jbb.JBBmain DoARun -> 信息:   started user thread for Warehouse 22
2月 12, 2026 4:33:26 上午 spec.jbb.JBBmain DoARun -> 信息:   started user thread for Warehouse 23
2月 12, 2026 4:33:26 上午 spec.jbb.JBBmain DoARun -> 信息:   started user thread for Warehouse 24
2月 12, 2026 4:33:26 上午 spec.jbb.JBBmain DoARun -> 信息:   started user thread for Warehouse 25
2月 12, 2026 4:33:26 上午 spec.jbb.JBBmain DoARun -> 信息:   started user thread for Warehouse 26
2月 12, 2026 4:33:26 上午 spec.jbb.JBBmain DoARun -> 信息:   started user thread for Warehouse 27
2月 12, 2026 4:33:26 上午 spec.jbb.JBBmain DoARun -> 信息:   started user thread for Warehouse 28
2月 12, 2026 4:33:26 上午 spec.jbb.JBBmain DoARun -> 信息:   started user thread for Warehouse 29
2月 12, 2026 4:33:26 上午 spec.jbb.JBBmain DoARun -> 信息:   started user thread for Warehouse 30
2月 12, 2026 4:33:26 上午 spec.jbb.JBBmain DoARun -> 信息:   started user thread for Warehouse 31
2月 12, 2026 4:33:26 上午 spec.jbb.JBBmain DoARun -> 信息:   started user thread for Warehouse 32
2月 12, 2026 4:33:26 上午 spec.jbb.JBBmain DoARun -> 信息:   started user thread for Warehouse 33
2月 12, 2026 4:33:26 上午 spec.jbb.JBBmain DoARun -> 信息:   started user thread for Warehouse 34
2月 12, 2026 4:33:26 上午 spec.jbb.JBBmain DoARun -> 信息:   started user thread for Warehouse 35
2月 12, 2026 4:33:26 上午 spec.jbb.JBBmain DoARun -> 信息:   started user thread for Warehouse 36
2月 12, 2026 4:33:26 上午 spec.jbb.JBBmain DoARun -> 信息:   started user thread for Warehouse 37
2月 12, 2026 4:33:26 上午 spec.jbb.JBBmain DoARun -> 信息:   started user thread for Warehouse 38
2月 12, 2026 4:33:26 上午 spec.jbb.JBBmain DoARun -> 信息:   started user thread for Warehouse 39
2月 12, 2026 4:33:26 上午 spec.jbb.JBBmain DoARun -> 信息:   started user thread for Warehouse 40
2月 12, 2026 4:33:26 上午 spec.jbb.JBBmain DoARun -> 信息:   started user thread for Warehouse 41
2月 12, 2026 4:33:26 上午 spec.jbb.JBBmain DoARun -> 信息:   started user thread for Warehouse 42
2月 12, 2026 4:33:26 上午 spec.jbb.JBBmain DoARun -> 信息:   started user thread for Warehouse 43
2月 12, 2026 4:33:26 上午 spec.jbb.JBBmain DoARun -> 信息:   started user thread for Warehouse 44
2月 12, 2026 4:33:26 上午 spec.jbb.JBBmain DoARun -> 信息:   started user thread for Warehouse 45
2月 12, 2026 4:33:26 上午 spec.jbb.JBBmain DoARun -> 信息:   started user thread for Warehouse 46
2月 12, 2026 4:33:26 上午 spec.jbb.JBBmain DoARun -> 信息:   started user thread for Warehouse 47
2月 12, 2026 4:33:26 上午 spec.jbb.JBBmain DoARun -> 信息:   started user thread for Warehouse 48
2月 12, 2026 4:33:26 上午 spec.jbb.JBBmain DoARun -> 信息:   started user thread for Warehouse 49
2月 12, 2026 4:33:26 上午 spec.jbb.JBBmain DoARun -> 信息:   started user thread for Warehouse 50
2月 12, 2026 4:33:26 上午 spec.jbb.JBBmain DoARun -> 信息:   started user thread for Warehouse 51
2月 12, 2026 4:33:26 上午 spec.jbb.JBBmain DoARun -> 信息:   started user thread for Warehouse 52
2月 12, 2026 4:33:26 上午 spec.jbb.JBBmain DoARun -> 信息:   started user thread for Warehouse 53
2月 12, 2026 4:33:26 上午 spec.jbb.JBBmain DoARun -> 信息:   started user thread for Warehouse 54
2月 12, 2026 4:33:26 上午 spec.jbb.JBBmain DoARun -> 信息:   started user thread for Warehouse 55
2月 12, 2026 4:33:26 上午 spec.jbb.JBBmain DoARun -> 信息:   started user thread for Warehouse 56
2月 12, 2026 4:33:26 上午 spec.jbb.JBBmain DoARun -> 信息:   started user thread for Warehouse 57
2月 12, 2026 4:33:26 上午 spec.jbb.JBBmain DoARun -> 信息:   started user thread for Warehouse 58
2月 12, 2026 4:33:26 上午 spec.jbb.JBBmain DoARun -> 信息:   started user thread for Warehouse 59
2月 12, 2026 4:33:26 上午 spec.jbb.JBBmain DoARun -> 信息:   started user thread for Warehouse 60
2月 12, 2026 4:33:26 上午 spec.jbb.JBBmain DoARun -> 信息:   started user thread for Warehouse 61
2月 12, 2026 4:33:26 上午 spec.jbb.JBBmain DoARun -> 信息:   started user thread for Warehouse 62
2月 12, 2026 4:33:26 上午 spec.jbb.JBBmain DoARun -> 信息:   started user thread for Warehouse 63
2月 12, 2026 4:33:26 上午 spec.jbb.JBBmain DoARun -> 信息:   started user thread for Warehouse 64
2月 12, 2026 4:33:26 上午 spec.jbb.JBBmain DoARun -> 信息:   started user thread for Warehouse 65
2月 12, 2026 4:33:26 上午 spec.jbb.JBBmain DoARun -> 信息:   started user thread for Warehouse 66
2月 12, 2026 4:33:26 上午 spec.jbb.JBBmain DoARun -> 信息:   started user thread for Warehouse 67
2月 12, 2026 4:33:26 上午 spec.jbb.JBBmain DoARun -> 信息:   started user thread for Warehouse 68
2月 12, 2026 4:33:26 上午 spec.jbb.JBBmain DoARun -> 信息:   started user thread for Warehouse 69
2月 12, 2026 4:33:26 上午 spec.jbb.JBBmain DoARun -> 信息:   started user thread for Warehouse 70
2月 12, 2026 4:33:26 上午 spec.jbb.JBBmain DoARun -> 信息:   started user thread for Warehouse 71
2月 12, 2026 4:33:26 上午 spec.jbb.JBBmain DoARun -> 信息:   started user thread for Warehouse 72
2月 12, 2026 4:33:26 上午 spec.jbb.JBBmain DoARun -> 信息:   started user thread for Warehouse 73
2月 12, 2026 4:33:26 上午 spec.jbb.JBBmain DoARun -> 信息:   started user thread for Warehouse 74
2月 12, 2026 4:33:26 上午 spec.jbb.JBBmain DoARun -> 信息:   started user thread for Warehouse 75
2月 12, 2026 4:33:26 上午 spec.jbb.JBBmain DoARun -> 信息:   started user thread for Warehouse 76
2月 12, 2026 4:33:26 上午 spec.jbb.JBBmain DoARun -> 信息:   started user thread for Warehouse 77
2月 12, 2026 4:33:26 上午 spec.jbb.JBBmain DoARun -> 信息:   started user thread for Warehouse 78
2月 12, 2026 4:33:26 上午 spec.jbb.JBBmain DoARun -> 信息:   started user thread for Warehouse 79
2月 12, 2026 4:33:26 上午 spec.jbb.JBBmain DoARun -> 信息:   started user thread for Warehouse 80
2月 12, 2026 4:33:26 上午 spec.jbb.JBBmain DoARun -> 信息:   started user thread for Warehouse 81
2月 12, 2026 4:33:26 上午 spec.jbb.JBBmain DoARun -> 信息:   started user thread for Warehouse 82
2月 12, 2026 4:33:26 上午 spec.jbb.JBBmain DoARun -> 信息:   started user thread for Warehouse 83
2月 12, 2026 4:33:26 上午 spec.jbb.JBBmain DoARun -> 信息:   started user thread for Warehouse 84
2月 12, 2026 4:33:26 上午 spec.jbb.JBBmain DoARun -> 信息:   started user thread for Warehouse 85
2月 12, 2026 4:33:26 上午 spec.jbb.JBBmain DoARun -> 信息:   started user thread for Warehouse 86
2月 12, 2026 4:33:26 上午 spec.jbb.JBBmain DoARun -> 信息:   started user thread for Warehouse 87
2月 12, 2026 4:33:26 上午 spec.jbb.JBBmain DoARun -> 信息:   started user thread for Warehouse 88
2月 12, 2026 4:33:26 上午 spec.jbb.JBBmain DoARun -> 信息:   started user thread for Warehouse 89
2月 12, 2026 4:33:26 上午 spec.jbb.JBBmain DoARun -> 信息:   started user thread for Warehouse 90
2月 12, 2026 4:33:26 上午 spec.jbb.JBBmain DoARun -> 信息:   started user thread for Warehouse 91
2月 12, 2026 4:33:26 上午 spec.jbb.JBBmain DoARun -> 信息:   started user thread for Warehouse 92
2月 12, 2026 4:33:26 上午 spec.jbb.JBBmain DoARun -> 信息:   started user thread for Warehouse 93
2月 12, 2026 4:33:26 上午 spec.jbb.JBBmain DoARun -> 信息:   started user thread for Warehouse 94
2月 12, 2026 4:33:26 上午 spec.jbb.JBBmain DoARun -> 信息:   started user thread for Warehouse 95
2月 12, 2026 4:33:26 上午 spec.jbb.JBBmain DoARun -> 信息:   started user thread for Warehouse 96
2月 12, 2026 4:33:26 上午 spec.jbb.JBBmain DoARun -> 信息:   started user thread for Warehouse 97
2月 12, 2026 4:33:26 上午 spec.jbb.JBBmain DoARun -> 信息:   started user thread for Warehouse 98
2月 12, 2026 4:33:26 上午 spec.jbb.JBBmain DoARun -> 信息:   started user thread for Warehouse 99
2月 12, 2026 4:33:26 上午 spec.jbb.JBBmain DoARun -> 信息:   started user thread for Warehouse 100
2月 12, 2026 4:33:26 上午 spec.jbb.JBBmain DoARun -> 信息:   started user thread for Warehouse 101
2月 12, 2026 4:33:26 上午 spec.jbb.JBBmain DoARun -> 信息:   started user thread for Warehouse 102
2月 12, 2026 4:33:26 上午 spec.jbb.JBBmain DoARun -> 信息:   started user thread for Warehouse 103
2月 12, 2026 4:33:26 上午 spec.jbb.JBBmain DoARun -> 信息:   started user thread for Warehouse 104
2月 12, 2026 4:33:26 上午 spec.jbb.JBBmain DoARun -> 信息:   started user thread for Warehouse 105
2月 12, 2026 4:33:26 上午 spec.jbb.JBBmain DoARun -> 信息:   started user thread for Warehouse 106
2月 12, 2026 4:33:26 上午 spec.jbb.JBBmain DoARun -> 信息:   started user thread for Warehouse 107
2月 12, 2026 4:33:26 上午 spec.jbb.JBBmain DoARun -> 信息:   started user thread for Warehouse 108
2月 12, 2026 4:33:26 上午 spec.jbb.JBBmain DoARun -> 信息:   started user thread for Warehouse 109
2月 12, 2026 4:33:26 上午 spec.jbb.JBBmain DoARun -> 信息:   started user thread for Warehouse 110
2月 12, 2026 4:33:26 上午 spec.jbb.JBBmain DoARun -> 信息:   started user thread for Warehouse 111
2月 12, 2026 4:33:26 上午 spec.jbb.JBBmain DoARun -> 信息:   started user thread for Warehouse 112
2月 12, 2026 4:33:26 上午 spec.jbb.JBBmain DoARun -> 信息:   started user thread for Warehouse 113
2月 12, 2026 4:33:26 上午 spec.jbb.JBBmain DoARun -> 信息:   started user thread for Warehouse 114
2月 12, 2026 4:33:26 上午 spec.jbb.JBBmain DoARun -> 信息:   started user thread for Warehouse 115
2月 12, 2026 4:33:26 上午 spec.jbb.Company displayResultTotals -> 信息: Timing Measurement began Thu Feb 12 04:33:26 CST 2026 for 4 minutes
2月 12, 2026 4:37:26 上午 spec.jbb.Company displayResultTotals -> 信息: Timing Measurement ended Thu Feb 12 04:37:26 CST 2026
2月 12, 2026 4:37:26 上午 spec.jbb.Company primeWithDummyData -> 信息: Loading Warehouse 116...
2月 12, 2026 4:37:26 上午 spec.jbb.JBBmain DoARun -> 信息: Start User Threads
2月 12, 2026 4:37:26 上午 spec.jbb.JBBmain DoARun -> 信息:   started user thread for Warehouse 1
2月 12, 2026 4:37:26 上午 spec.jbb.JBBmain DoARun -> 信息:   started user thread for Warehouse 2
2月 12, 2026 4:37:26 上午 spec.jbb.JBBmain DoARun -> 信息:   started user thread for Warehouse 3
2月 12, 2026 4:37:26 上午 spec.jbb.JBBmain DoARun -> 信息:   started user thread for Warehouse 4
2月 12, 2026 4:37:26 上午 spec.jbb.JBBmain DoARun -> 信息:   started user thread for Warehouse 5
2月 12, 2026 4:37:26 上午 spec.jbb.JBBmain DoARun -> 信息:   started user thread for Warehouse 6
2月 12, 2026 4:37:26 上午 spec.jbb.JBBmain DoARun -> 信息:   started user thread for Warehouse 7
2月 12, 2026 4:37:26 上午 spec.jbb.JBBmain DoARun -> 信息:   started user thread for Warehouse 8
2月 12, 2026 4:37:26 上午 spec.jbb.JBBmain DoARun -> 信息:   started user thread for Warehouse 9
2月 12, 2026 4:37:26 上午 spec.jbb.JBBmain DoARun -> 信息:   started user thread for Warehouse 10
2月 12, 2026 4:37:26 上午 spec.jbb.JBBmain DoARun -> 信息:   started user thread for Warehouse 11
2月 12, 2026 4:37:26 上午 spec.jbb.JBBmain DoARun -> 信息:   started user thread for Warehouse 12
2月 12, 2026 4:37:26 上午 spec.jbb.JBBmain DoARun -> 信息:   started user thread for Warehouse 13
2月 12, 2026 4:37:26 上午 spec.jbb.JBBmain DoARun -> 信息:   started user thread for Warehouse 14
2月 12, 2026 4:37:26 上午 spec.jbb.JBBmain DoARun -> 信息:   started user thread for Warehouse 15
2月 12, 2026 4:37:26 上午 spec.jbb.JBBmain DoARun -> 信息:   started user thread for Warehouse 16
2月 12, 2026 4:37:26 上午 spec.jbb.JBBmain DoARun -> 信息:   started user thread for Warehouse 17
2月 12, 2026 4:37:26 上午 spec.jbb.JBBmain DoARun -> 信息:   started user thread for Warehouse 18
2月 12, 2026 4:37:26 上午 spec.jbb.JBBmain DoARun -> 信息:   started user thread for Warehouse 19
2月 12, 2026 4:37:26 上午 spec.jbb.JBBmain DoARun -> 信息:   started user thread for Warehouse 20
2月 12, 2026 4:37:26 上午 spec.jbb.JBBmain DoARun -> 信息:   started user thread for Warehouse 21
2月 12, 2026 4:37:26 上午 spec.jbb.JBBmain DoARun -> 信息:   started user thread for Warehouse 22
2月 12, 2026 4:37:26 上午 spec.jbb.JBBmain DoARun -> 信息:   started user thread for Warehouse 23
2月 12, 2026 4:37:26 上午 spec.jbb.JBBmain DoARun -> 信息:   started user thread for Warehouse 24
2月 12, 2026 4:37:26 上午 spec.jbb.JBBmain DoARun -> 信息:   started user thread for Warehouse 25
2月 12, 2026 4:37:26 上午 spec.jbb.JBBmain DoARun -> 信息:   started user thread for Warehouse 26
2月 12, 2026 4:37:26 上午 spec.jbb.JBBmain DoARun -> 信息:   started user thread for Warehouse 27
2月 12, 2026 4:37:26 上午 spec.jbb.JBBmain DoARun -> 信息:   started user thread for Warehouse 28
2月 12, 2026 4:37:26 上午 spec.jbb.JBBmain DoARun -> 信息:   started user thread for Warehouse 29
2月 12, 2026 4:37:26 上午 spec.jbb.JBBmain DoARun -> 信息:   started user thread for Warehouse 30
2月 12, 2026 4:37:26 上午 spec.jbb.JBBmain DoARun -> 信息:   started user thread for Warehouse 31
2月 12, 2026 4:37:26 上午 spec.jbb.JBBmain DoARun -> 信息:   started user thread for Warehouse 32
2月 12, 2026 4:37:26 上午 spec.jbb.JBBmain DoARun -> 信息:   started user thread for Warehouse 33
2月 12, 2026 4:37:26 上午 spec.jbb.JBBmain DoARun -> 信息:   started user thread for Warehouse 34
2月 12, 2026 4:37:26 上午 spec.jbb.JBBmain DoARun -> 信息:   started user thread for Warehouse 35
2月 12, 2026 4:37:26 上午 spec.jbb.JBBmain DoARun -> 信息:   started user thread for Warehouse 36
2月 12, 2026 4:37:26 上午 spec.jbb.JBBmain DoARun -> 信息:   started user thread for Warehouse 37
2月 12, 2026 4:37:26 上午 spec.jbb.JBBmain DoARun -> 信息:   started user thread for Warehouse 38
2月 12, 2026 4:37:26 上午 spec.jbb.JBBmain DoARun -> 信息:   started user thread for Warehouse 39
2月 12, 2026 4:37:26 上午 spec.jbb.JBBmain DoARun -> 信息:   started user thread for Warehouse 40
2月 12, 2026 4:37:26 上午 spec.jbb.JBBmain DoARun -> 信息:   started user thread for Warehouse 41
2月 12, 2026 4:37:26 上午 spec.jbb.JBBmain DoARun -> 信息:   started user thread for Warehouse 42
2月 12, 2026 4:37:26 上午 spec.jbb.JBBmain DoARun -> 信息:   started user thread for Warehouse 43
2月 12, 2026 4:37:26 上午 spec.jbb.JBBmain DoARun -> 信息:   started user thread for Warehouse 44
2月 12, 2026 4:37:26 上午 spec.jbb.JBBmain DoARun -> 信息:   started user thread for Warehouse 45
2月 12, 2026 4:37:26 上午 spec.jbb.JBBmain DoARun -> 信息:   started user thread for Warehouse 46
2月 12, 2026 4:37:26 上午 spec.jbb.JBBmain DoARun -> 信息:   started user thread for Warehouse 47
2月 12, 2026 4:37:26 上午 spec.jbb.JBBmain DoARun -> 信息:   started user thread for Warehouse 48
2月 12, 2026 4:37:26 上午 spec.jbb.JBBmain DoARun -> 信息:   started user thread for Warehouse 49
2月 12, 2026 4:37:26 上午 spec.jbb.JBBmain DoARun -> 信息:   started user thread for Warehouse 50
2月 12, 2026 4:37:26 上午 spec.jbb.JBBmain DoARun -> 信息:   started user thread for Warehouse 51
2月 12, 2026 4:37:26 上午 spec.jbb.JBBmain DoARun -> 信息:   started user thread for Warehouse 52
2月 12, 2026 4:37:26 上午 spec.jbb.JBBmain DoARun -> 信息:   started user thread for Warehouse 53
2月 12, 2026 4:37:26 上午 spec.jbb.JBBmain DoARun -> 信息:   started user thread for Warehouse 54
2月 12, 2026 4:37:26 上午 spec.jbb.JBBmain DoARun -> 信息:   started user thread for Warehouse 55
2月 12, 2026 4:37:26 上午 spec.jbb.JBBmain DoARun -> 信息:   started user thread for Warehouse 56
2月 12, 2026 4:37:26 上午 spec.jbb.JBBmain DoARun -> 信息:   started user thread for Warehouse 57
2月 12, 2026 4:37:26 上午 spec.jbb.JBBmain DoARun -> 信息:   started user thread for Warehouse 58
2月 12, 2026 4:37:26 上午 spec.jbb.JBBmain DoARun -> 信息:   started user thread for Warehouse 59
2月 12, 2026 4:37:26 上午 spec.jbb.JBBmain DoARun -> 信息:   started user thread for Warehouse 60
2月 12, 2026 4:37:26 上午 spec.jbb.JBBmain DoARun -> 信息:   started user thread for Warehouse 61
2月 12, 2026 4:37:26 上午 spec.jbb.JBBmain DoARun -> 信息:   started user thread for Warehouse 62
2月 12, 2026 4:37:26 上午 spec.jbb.JBBmain DoARun -> 信息:   started user thread for Warehouse 63
2月 12, 2026 4:37:26 上午 spec.jbb.JBBmain DoARun -> 信息:   started user thread for Warehouse 64
2月 12, 2026 4:37:26 上午 spec.jbb.JBBmain DoARun -> 信息:   started user thread for Warehouse 65
2月 12, 2026 4:37:26 上午 spec.jbb.JBBmain DoARun -> 信息:   started user thread for Warehouse 66
2月 12, 2026 4:37:26 上午 spec.jbb.JBBmain DoARun -> 信息:   started user thread for Warehouse 67
2月 12, 2026 4:37:26 上午 spec.jbb.JBBmain DoARun -> 信息:   started user thread for Warehouse 68
2月 12, 2026 4:37:26 上午 spec.jbb.JBBmain DoARun -> 信息:   started user thread for Warehouse 69
2月 12, 2026 4:37:26 上午 spec.jbb.JBBmain DoARun -> 信息:   started user thread for Warehouse 70
2月 12, 2026 4:37:26 上午 spec.jbb.JBBmain DoARun -> 信息:   started user thread for Warehouse 71
2月 12, 2026 4:37:26 上午 spec.jbb.JBBmain DoARun -> 信息:   started user thread for Warehouse 72
2月 12, 2026 4:37:26 上午 spec.jbb.JBBmain DoARun -> 信息:   started user thread for Warehouse 73
2月 12, 2026 4:37:26 上午 spec.jbb.JBBmain DoARun -> 信息:   started user thread for Warehouse 74
2月 12, 2026 4:37:26 上午 spec.jbb.JBBmain DoARun -> 信息:   started user thread for Warehouse 75
2月 12, 2026 4:37:26 上午 spec.jbb.JBBmain DoARun -> 信息:   started user thread for Warehouse 76
2月 12, 2026 4:37:26 上午 spec.jbb.JBBmain DoARun -> 信息:   started user thread for Warehouse 77
2月 12, 2026 4:37:26 上午 spec.jbb.JBBmain DoARun -> 信息:   started user thread for Warehouse 78
2月 12, 2026 4:37:26 上午 spec.jbb.JBBmain DoARun -> 信息:   started user thread for Warehouse 79
2月 12, 2026 4:37:26 上午 spec.jbb.JBBmain DoARun -> 信息:   started user thread for Warehouse 80
2月 12, 2026 4:37:26 上午 spec.jbb.JBBmain DoARun -> 信息:   started user thread for Warehouse 81
2月 12, 2026 4:37:26 上午 spec.jbb.JBBmain DoARun -> 信息:   started user thread for Warehouse 82
2月 12, 2026 4:37:26 上午 spec.jbb.JBBmain DoARun -> 信息:   started user thread for Warehouse 83
2月 12, 2026 4:37:26 上午 spec.jbb.JBBmain DoARun -> 信息:   started user thread for Warehouse 84
2月 12, 2026 4:37:26 上午 spec.jbb.JBBmain DoARun -> 信息:   started user thread for Warehouse 85
2月 12, 2026 4:37:26 上午 spec.jbb.JBBmain DoARun -> 信息:   started user thread for Warehouse 86
2月 12, 2026 4:37:26 上午 spec.jbb.JBBmain DoARun -> 信息:   started user thread for Warehouse 87
2月 12, 2026 4:37:26 上午 spec.jbb.JBBmain DoARun -> 信息:   started user thread for Warehouse 88
2月 12, 2026 4:37:26 上午 spec.jbb.JBBmain DoARun -> 信息:   started user thread for Warehouse 89
2月 12, 2026 4:37:26 上午 spec.jbb.JBBmain DoARun -> 信息:   started user thread for Warehouse 90
2月 12, 2026 4:37:26 上午 spec.jbb.JBBmain DoARun -> 信息:   started user thread for Warehouse 91
2月 12, 2026 4:37:26 上午 spec.jbb.JBBmain DoARun -> 信息:   started user thread for Warehouse 92
2月 12, 2026 4:37:26 上午 spec.jbb.JBBmain DoARun -> 信息:   started user thread for Warehouse 93
2月 12, 2026 4:37:26 上午 spec.jbb.JBBmain DoARun -> 信息:   started user thread for Warehouse 94
2月 12, 2026 4:37:26 上午 spec.jbb.JBBmain DoARun -> 信息:   started user thread for Warehouse 95
2月 12, 2026 4:37:26 上午 spec.jbb.JBBmain DoARun -> 信息:   started user thread for Warehouse 96
2月 12, 2026 4:37:26 上午 spec.jbb.JBBmain DoARun -> 信息:   started user thread for Warehouse 97
2月 12, 2026 4:37:26 上午 spec.jbb.JBBmain DoARun -> 信息:   started user thread for Warehouse 98
2月 12, 2026 4:37:26 上午 spec.jbb.JBBmain DoARun -> 信息:   started user thread for Warehouse 99
2月 12, 2026 4:37:26 上午 spec.jbb.JBBmain DoARun -> 信息:   started user thread for Warehouse 100
2月 12, 2026 4:37:26 上午 spec.jbb.JBBmain DoARun -> 信息:   started user thread for Warehouse 101
2月 12, 2026 4:37:26 上午 spec.jbb.JBBmain DoARun -> 信息:   started user thread for Warehouse 102
2月 12, 2026 4:37:26 上午 spec.jbb.JBBmain DoARun -> 信息:   started user thread for Warehouse 103
2月 12, 2026 4:37:26 上午 spec.jbb.JBBmain DoARun -> 信息:   started user thread for Warehouse 104
2月 12, 2026 4:37:26 上午 spec.jbb.JBBmain DoARun -> 信息:   started user thread for Warehouse 105
2月 12, 2026 4:37:26 上午 spec.jbb.JBBmain DoARun -> 信息:   started user thread for Warehouse 106
2月 12, 2026 4:37:26 上午 spec.jbb.JBBmain DoARun -> 信息:   started user thread for Warehouse 107
2月 12, 2026 4:37:26 上午 spec.jbb.JBBmain DoARun -> 信息:   started user thread for Warehouse 108
2月 12, 2026 4:37:26 上午 spec.jbb.JBBmain DoARun -> 信息:   started user thread for Warehouse 109
2月 12, 2026 4:37:26 上午 spec.jbb.JBBmain DoARun -> 信息:   started user thread for Warehouse 110
2月 12, 2026 4:37:26 上午 spec.jbb.JBBmain DoARun -> 信息:   started user thread for Warehouse 111
2月 12, 2026 4:37:26 上午 spec.jbb.JBBmain DoARun -> 信息:   started user thread for Warehouse 112
2月 12, 2026 4:37:26 上午 spec.jbb.JBBmain DoARun -> 信息:   started user thread for Warehouse 113
2月 12, 2026 4:37:26 上午 spec.jbb.JBBmain DoARun -> 信息:   started user thread for Warehouse 114
2月 12, 2026 4:37:26 上午 spec.jbb.JBBmain DoARun -> 信息:   started user thread for Warehouse 115
2月 12, 2026 4:37:26 上午 spec.jbb.JBBmain DoARun -> 信息:   started user thread for Warehouse 116
2月 12, 2026 4:37:26 上午 spec.jbb.Company displayResultTotals -> 信息: Timing Measurement began Thu Feb 12 04:37:26 CST 2026 for 4 minutes
2月 12, 2026 4:41:26 上午 spec.jbb.Company displayResultTotals -> 信息: Timing Measurement ended Thu Feb 12 04:41:26 CST 2026
2月 12, 2026 4:41:26 上午 spec.jbb.Company primeWithDummyData -> 信息: Loading Warehouse 117...
2月 12, 2026 4:41:27 上午 spec.jbb.JBBmain DoARun -> 信息: Start User Threads
2月 12, 2026 4:41:27 上午 spec.jbb.JBBmain DoARun -> 信息:   started user thread for Warehouse 1
2月 12, 2026 4:41:27 上午 spec.jbb.JBBmain DoARun -> 信息:   started user thread for Warehouse 2
2月 12, 2026 4:41:27 上午 spec.jbb.JBBmain DoARun -> 信息:   started user thread for Warehouse 3
2月 12, 2026 4:41:27 上午 spec.jbb.JBBmain DoARun -> 信息:   started user thread for Warehouse 4
2月 12, 2026 4:41:27 上午 spec.jbb.JBBmain DoARun -> 信息:   started user thread for Warehouse 5
2月 12, 2026 4:41:27 上午 spec.jbb.JBBmain DoARun -> 信息:   started user thread for Warehouse 6
2月 12, 2026 4:41:27 上午 spec.jbb.JBBmain DoARun -> 信息:   started user thread for Warehouse 7
2月 12, 2026 4:41:27 上午 spec.jbb.JBBmain DoARun -> 信息:   started user thread for Warehouse 8
2月 12, 2026 4:41:27 上午 spec.jbb.JBBmain DoARun -> 信息:   started user thread for Warehouse 9
2月 12, 2026 4:41:27 上午 spec.jbb.JBBmain DoARun -> 信息:   started user thread for Warehouse 10
2月 12, 2026 4:41:27 上午 spec.jbb.JBBmain DoARun -> 信息:   started user thread for Warehouse 11
2月 12, 2026 4:41:27 上午 spec.jbb.JBBmain DoARun -> 信息:   started user thread for Warehouse 12
2月 12, 2026 4:41:27 上午 spec.jbb.JBBmain DoARun -> 信息:   started user thread for Warehouse 13
2月 12, 2026 4:41:27 上午 spec.jbb.JBBmain DoARun -> 信息:   started user thread for Warehouse 14
2月 12, 2026 4:41:27 上午 spec.jbb.JBBmain DoARun -> 信息:   started user thread for Warehouse 15
2月 12, 2026 4:41:27 上午 spec.jbb.JBBmain DoARun -> 信息:   started user thread for Warehouse 16
2月 12, 2026 4:41:27 上午 spec.jbb.JBBmain DoARun -> 信息:   started user thread for Warehouse 17
2月 12, 2026 4:41:27 上午 spec.jbb.JBBmain DoARun -> 信息:   started user thread for Warehouse 18
2月 12, 2026 4:41:27 上午 spec.jbb.JBBmain DoARun -> 信息:   started user thread for Warehouse 19
2月 12, 2026 4:41:27 上午 spec.jbb.JBBmain DoARun -> 信息:   started user thread for Warehouse 20
2月 12, 2026 4:41:27 上午 spec.jbb.JBBmain DoARun -> 信息:   started user thread for Warehouse 21
2月 12, 2026 4:41:27 上午 spec.jbb.JBBmain DoARun -> 信息:   started user thread for Warehouse 22
2月 12, 2026 4:41:27 上午 spec.jbb.JBBmain DoARun -> 信息:   started user thread for Warehouse 23
2月 12, 2026 4:41:27 上午 spec.jbb.JBBmain DoARun -> 信息:   started user thread for Warehouse 24
2月 12, 2026 4:41:27 上午 spec.jbb.JBBmain DoARun -> 信息:   started user thread for Warehouse 25
2月 12, 2026 4:41:27 上午 spec.jbb.JBBmain DoARun -> 信息:   started user thread for Warehouse 26
2月 12, 2026 4:41:27 上午 spec.jbb.JBBmain DoARun -> 信息:   started user thread for Warehouse 27
2月 12, 2026 4:41:27 上午 spec.jbb.JBBmain DoARun -> 信息:   started user thread for Warehouse 28
2月 12, 2026 4:41:27 上午 spec.jbb.JBBmain DoARun -> 信息:   started user thread for Warehouse 29
2月 12, 2026 4:41:27 上午 spec.jbb.JBBmain DoARun -> 信息:   started user thread for Warehouse 30
2月 12, 2026 4:41:27 上午 spec.jbb.JBBmain DoARun -> 信息:   started user thread for Warehouse 31
2月 12, 2026 4:41:27 上午 spec.jbb.JBBmain DoARun -> 信息:   started user thread for Warehouse 32
2月 12, 2026 4:41:27 上午 spec.jbb.JBBmain DoARun -> 信息:   started user thread for Warehouse 33
2月 12, 2026 4:41:27 上午 spec.jbb.JBBmain DoARun -> 信息:   started user thread for Warehouse 34
2月 12, 2026 4:41:27 上午 spec.jbb.JBBmain DoARun -> 信息:   started user thread for Warehouse 35
2月 12, 2026 4:41:27 上午 spec.jbb.JBBmain DoARun -> 信息:   started user thread for Warehouse 36
2月 12, 2026 4:41:27 上午 spec.jbb.JBBmain DoARun -> 信息:   started user thread for Warehouse 37
2月 12, 2026 4:41:27 上午 spec.jbb.JBBmain DoARun -> 信息:   started user thread for Warehouse 38
2月 12, 2026 4:41:27 上午 spec.jbb.JBBmain DoARun -> 信息:   started user thread for Warehouse 39
2月 12, 2026 4:41:27 上午 spec.jbb.JBBmain DoARun -> 信息:   started user thread for Warehouse 40
2月 12, 2026 4:41:27 上午 spec.jbb.JBBmain DoARun -> 信息:   started user thread for Warehouse 41
2月 12, 2026 4:41:27 上午 spec.jbb.JBBmain DoARun -> 信息:   started user thread for Warehouse 42
2月 12, 2026 4:41:27 上午 spec.jbb.JBBmain DoARun -> 信息:   started user thread for Warehouse 43
2月 12, 2026 4:41:27 上午 spec.jbb.JBBmain DoARun -> 信息:   started user thread for Warehouse 44
2月 12, 2026 4:41:27 上午 spec.jbb.JBBmain DoARun -> 信息:   started user thread for Warehouse 45
2月 12, 2026 4:41:27 上午 spec.jbb.JBBmain DoARun -> 信息:   started user thread for Warehouse 46
2月 12, 2026 4:41:27 上午 spec.jbb.JBBmain DoARun -> 信息:   started user thread for Warehouse 47
2月 12, 2026 4:41:27 上午 spec.jbb.JBBmain DoARun -> 信息:   started user thread for Warehouse 48
2月 12, 2026 4:41:27 上午 spec.jbb.JBBmain DoARun -> 信息:   started user thread for Warehouse 49
2月 12, 2026 4:41:27 上午 spec.jbb.JBBmain DoARun -> 信息:   started user thread for Warehouse 50
2月 12, 2026 4:41:27 上午 spec.jbb.JBBmain DoARun -> 信息:   started user thread for Warehouse 51
2月 12, 2026 4:41:27 上午 spec.jbb.JBBmain DoARun -> 信息:   started user thread for Warehouse 52
2月 12, 2026 4:41:27 上午 spec.jbb.JBBmain DoARun -> 信息:   started user thread for Warehouse 53
2月 12, 2026 4:41:27 上午 spec.jbb.JBBmain DoARun -> 信息:   started user thread for Warehouse 54
2月 12, 2026 4:41:27 上午 spec.jbb.JBBmain DoARun -> 信息:   started user thread for Warehouse 55
2月 12, 2026 4:41:27 上午 spec.jbb.JBBmain DoARun -> 信息:   started user thread for Warehouse 56
2月 12, 2026 4:41:27 上午 spec.jbb.JBBmain DoARun -> 信息:   started user thread for Warehouse 57
2月 12, 2026 4:41:27 上午 spec.jbb.JBBmain DoARun -> 信息:   started user thread for Warehouse 58
2月 12, 2026 4:41:27 上午 spec.jbb.JBBmain DoARun -> 信息:   started user thread for Warehouse 59
2月 12, 2026 4:41:27 上午 spec.jbb.JBBmain DoARun -> 信息:   started user thread for Warehouse 60
2月 12, 2026 4:41:27 上午 spec.jbb.JBBmain DoARun -> 信息:   started user thread for Warehouse 61
2月 12, 2026 4:41:27 上午 spec.jbb.JBBmain DoARun -> 信息:   started user thread for Warehouse 62
2月 12, 2026 4:41:27 上午 spec.jbb.JBBmain DoARun -> 信息:   started user thread for Warehouse 63
2月 12, 2026 4:41:27 上午 spec.jbb.JBBmain DoARun -> 信息:   started user thread for Warehouse 64
2月 12, 2026 4:41:27 上午 spec.jbb.JBBmain DoARun -> 信息:   started user thread for Warehouse 65
2月 12, 2026 4:41:27 上午 spec.jbb.JBBmain DoARun -> 信息:   started user thread for Warehouse 66
2月 12, 2026 4:41:27 上午 spec.jbb.JBBmain DoARun -> 信息:   started user thread for Warehouse 67
2月 12, 2026 4:41:27 上午 spec.jbb.JBBmain DoARun -> 信息:   started user thread for Warehouse 68
2月 12, 2026 4:41:27 上午 spec.jbb.JBBmain DoARun -> 信息:   started user thread for Warehouse 69
2月 12, 2026 4:41:27 上午 spec.jbb.JBBmain DoARun -> 信息:   started user thread for Warehouse 70
2月 12, 2026 4:41:27 上午 spec.jbb.JBBmain DoARun -> 信息:   started user thread for Warehouse 71
2月 12, 2026 4:41:27 上午 spec.jbb.JBBmain DoARun -> 信息:   started user thread for Warehouse 72
2月 12, 2026 4:41:27 上午 spec.jbb.JBBmain DoARun -> 信息:   started user thread for Warehouse 73
2月 12, 2026 4:41:27 上午 spec.jbb.JBBmain DoARun -> 信息:   started user thread for Warehouse 74
2月 12, 2026 4:41:27 上午 spec.jbb.JBBmain DoARun -> 信息:   started user thread for Warehouse 75
2月 12, 2026 4:41:27 上午 spec.jbb.JBBmain DoARun -> 信息:   started user thread for Warehouse 76
2月 12, 2026 4:41:27 上午 spec.jbb.JBBmain DoARun -> 信息:   started user thread for Warehouse 77
2月 12, 2026 4:41:27 上午 spec.jbb.JBBmain DoARun -> 信息:   started user thread for Warehouse 78
2月 12, 2026 4:41:27 上午 spec.jbb.JBBmain DoARun -> 信息:   started user thread for Warehouse 79
2月 12, 2026 4:41:27 上午 spec.jbb.JBBmain DoARun -> 信息:   started user thread for Warehouse 80
2月 12, 2026 4:41:27 上午 spec.jbb.JBBmain DoARun -> 信息:   started user thread for Warehouse 81
2月 12, 2026 4:41:27 上午 spec.jbb.JBBmain DoARun -> 信息:   started user thread for Warehouse 82
2月 12, 2026 4:41:27 上午 spec.jbb.JBBmain DoARun -> 信息:   started user thread for Warehouse 83
2月 12, 2026 4:41:27 上午 spec.jbb.JBBmain DoARun -> 信息:   started user thread for Warehouse 84
2月 12, 2026 4:41:27 上午 spec.jbb.JBBmain DoARun -> 信息:   started user thread for Warehouse 85
2月 12, 2026 4:41:27 上午 spec.jbb.JBBmain DoARun -> 信息:   started user thread for Warehouse 86
2月 12, 2026 4:41:27 上午 spec.jbb.JBBmain DoARun -> 信息:   started user thread for Warehouse 87
2月 12, 2026 4:41:27 上午 spec.jbb.JBBmain DoARun -> 信息:   started user thread for Warehouse 88
2月 12, 2026 4:41:27 上午 spec.jbb.JBBmain DoARun -> 信息:   started user thread for Warehouse 89
2月 12, 2026 4:41:27 上午 spec.jbb.JBBmain DoARun -> 信息:   started user thread for Warehouse 90
2月 12, 2026 4:41:27 上午 spec.jbb.JBBmain DoARun -> 信息:   started user thread for Warehouse 91
2月 12, 2026 4:41:27 上午 spec.jbb.JBBmain DoARun -> 信息:   started user thread for Warehouse 92
2月 12, 2026 4:41:27 上午 spec.jbb.JBBmain DoARun -> 信息:   started user thread for Warehouse 93
2月 12, 2026 4:41:27 上午 spec.jbb.JBBmain DoARun -> 信息:   started user thread for Warehouse 94
2月 12, 2026 4:41:27 上午 spec.jbb.JBBmain DoARun -> 信息:   started user thread for Warehouse 95
2月 12, 2026 4:41:27 上午 spec.jbb.JBBmain DoARun -> 信息:   started user thread for Warehouse 96
2月 12, 2026 4:41:27 上午 spec.jbb.JBBmain DoARun -> 信息:   started user thread for Warehouse 97
2月 12, 2026 4:41:27 上午 spec.jbb.JBBmain DoARun -> 信息:   started user thread for Warehouse 98
2月 12, 2026 4:41:27 上午 spec.jbb.JBBmain DoARun -> 信息:   started user thread for Warehouse 99
2月 12, 2026 4:41:27 上午 spec.jbb.JBBmain DoARun -> 信息:   started user thread for Warehouse 100
2月 12, 2026 4:41:27 上午 spec.jbb.JBBmain DoARun -> 信息:   started user thread for Warehouse 101
2月 12, 2026 4:41:27 上午 spec.jbb.JBBmain DoARun -> 信息:   started user thread for Warehouse 102
2月 12, 2026 4:41:27 上午 spec.jbb.JBBmain DoARun -> 信息:   started user thread for Warehouse 103
2月 12, 2026 4:41:27 上午 spec.jbb.JBBmain DoARun -> 信息:   started user thread for Warehouse 104
2月 12, 2026 4:41:27 上午 spec.jbb.JBBmain DoARun -> 信息:   started user thread for Warehouse 105
2月 12, 2026 4:41:27 上午 spec.jbb.JBBmain DoARun -> 信息:   started user thread for Warehouse 106
2月 12, 2026 4:41:27 上午 spec.jbb.JBBmain DoARun -> 信息:   started user thread for Warehouse 107
2月 12, 2026 4:41:27 上午 spec.jbb.JBBmain DoARun -> 信息:   started user thread for Warehouse 108
2月 12, 2026 4:41:27 上午 spec.jbb.JBBmain DoARun -> 信息:   started user thread for Warehouse 109
2月 12, 2026 4:41:27 上午 spec.jbb.JBBmain DoARun -> 信息:   started user thread for Warehouse 110
2月 12, 2026 4:41:27 上午 spec.jbb.JBBmain DoARun -> 信息:   started user thread for Warehouse 111
2月 12, 2026 4:41:27 上午 spec.jbb.JBBmain DoARun -> 信息:   started user thread for Warehouse 112
2月 12, 2026 4:41:27 上午 spec.jbb.JBBmain DoARun -> 信息:   started user thread for Warehouse 113
2月 12, 2026 4:41:27 上午 spec.jbb.JBBmain DoARun -> 信息:   started user thread for Warehouse 114
2月 12, 2026 4:41:27 上午 spec.jbb.JBBmain DoARun -> 信息:   started user thread for Warehouse 115
2月 12, 2026 4:41:27 上午 spec.jbb.JBBmain DoARun -> 信息:   started user thread for Warehouse 116
2月 12, 2026 4:41:27 上午 spec.jbb.JBBmain DoARun -> 信息:   started user thread for Warehouse 117
2月 12, 2026 4:41:27 上午 spec.jbb.Company displayResultTotals -> 信息: Timing Measurement began Thu Feb 12 04:41:27 CST 2026 for 4 minutes
2月 12, 2026 4:45:27 上午 spec.jbb.Company displayResultTotals -> 信息: Timing Measurement ended Thu Feb 12 04:45:27 CST 2026
2月 12, 2026 4:45:27 上午 spec.jbb.Company primeWithDummyData -> 信息: Loading Warehouse 118...
2月 12, 2026 4:45:27 上午 spec.jbb.JBBmain DoARun -> 信息: Start User Threads
2月 12, 2026 4:45:27 上午 spec.jbb.JBBmain DoARun -> 信息:   started user thread for Warehouse 1
2月 12, 2026 4:45:27 上午 spec.jbb.JBBmain DoARun -> 信息:   started user thread for Warehouse 2
2月 12, 2026 4:45:27 上午 spec.jbb.JBBmain DoARun -> 信息:   started user thread for Warehouse 3
2月 12, 2026 4:45:27 上午 spec.jbb.JBBmain DoARun -> 信息:   started user thread for Warehouse 4
2月 12, 2026 4:45:27 上午 spec.jbb.JBBmain DoARun -> 信息:   started user thread for Warehouse 5
2月 12, 2026 4:45:27 上午 spec.jbb.JBBmain DoARun -> 信息:   started user thread for Warehouse 6
2月 12, 2026 4:45:27 上午 spec.jbb.JBBmain DoARun -> 信息:   started user thread for Warehouse 7
2月 12, 2026 4:45:27 上午 spec.jbb.JBBmain DoARun -> 信息:   started user thread for Warehouse 8
2月 12, 2026 4:45:27 上午 spec.jbb.JBBmain DoARun -> 信息:   started user thread for Warehouse 9
2月 12, 2026 4:45:27 上午 spec.jbb.JBBmain DoARun -> 信息:   started user thread for Warehouse 10
2月 12, 2026 4:45:27 上午 spec.jbb.JBBmain DoARun -> 信息:   started user thread for Warehouse 11
2月 12, 2026 4:45:27 上午 spec.jbb.JBBmain DoARun -> 信息:   started user thread for Warehouse 12
2月 12, 2026 4:45:27 上午 spec.jbb.JBBmain DoARun -> 信息:   started user thread for Warehouse 13
2月 12, 2026 4:45:27 上午 spec.jbb.JBBmain DoARun -> 信息:   started user thread for Warehouse 14
2月 12, 2026 4:45:27 上午 spec.jbb.JBBmain DoARun -> 信息:   started user thread for Warehouse 15
2月 12, 2026 4:45:27 上午 spec.jbb.JBBmain DoARun -> 信息:   started user thread for Warehouse 16
2月 12, 2026 4:45:27 上午 spec.jbb.JBBmain DoARun -> 信息:   started user thread for Warehouse 17
2月 12, 2026 4:45:27 上午 spec.jbb.JBBmain DoARun -> 信息:   started user thread for Warehouse 18
2月 12, 2026 4:45:27 上午 spec.jbb.JBBmain DoARun -> 信息:   started user thread for Warehouse 19
2月 12, 2026 4:45:27 上午 spec.jbb.JBBmain DoARun -> 信息:   started user thread for Warehouse 20
2月 12, 2026 4:45:27 上午 spec.jbb.JBBmain DoARun -> 信息:   started user thread for Warehouse 21
2月 12, 2026 4:45:27 上午 spec.jbb.JBBmain DoARun -> 信息:   started user thread for Warehouse 22
2月 12, 2026 4:45:27 上午 spec.jbb.JBBmain DoARun -> 信息:   started user thread for Warehouse 23
2月 12, 2026 4:45:27 上午 spec.jbb.JBBmain DoARun -> 信息:   started user thread for Warehouse 24
2月 12, 2026 4:45:27 上午 spec.jbb.JBBmain DoARun -> 信息:   started user thread for Warehouse 25
2月 12, 2026 4:45:27 上午 spec.jbb.JBBmain DoARun -> 信息:   started user thread for Warehouse 26
2月 12, 2026 4:45:27 上午 spec.jbb.JBBmain DoARun -> 信息:   started user thread for Warehouse 27
2月 12, 2026 4:45:27 上午 spec.jbb.JBBmain DoARun -> 信息:   started user thread for Warehouse 28
2月 12, 2026 4:45:27 上午 spec.jbb.JBBmain DoARun -> 信息:   started user thread for Warehouse 29
2月 12, 2026 4:45:27 上午 spec.jbb.JBBmain DoARun -> 信息:   started user thread for Warehouse 30
2月 12, 2026 4:45:27 上午 spec.jbb.JBBmain DoARun -> 信息:   started user thread for Warehouse 31
2月 12, 2026 4:45:27 上午 spec.jbb.JBBmain DoARun -> 信息:   started user thread for Warehouse 32
2月 12, 2026 4:45:27 上午 spec.jbb.JBBmain DoARun -> 信息:   started user thread for Warehouse 33
2月 12, 2026 4:45:27 上午 spec.jbb.JBBmain DoARun -> 信息:   started user thread for Warehouse 34
2月 12, 2026 4:45:27 上午 spec.jbb.JBBmain DoARun -> 信息:   started user thread for Warehouse 35
2月 12, 2026 4:45:27 上午 spec.jbb.JBBmain DoARun -> 信息:   started user thread for Warehouse 36
2月 12, 2026 4:45:27 上午 spec.jbb.JBBmain DoARun -> 信息:   started user thread for Warehouse 37
2月 12, 2026 4:45:27 上午 spec.jbb.JBBmain DoARun -> 信息:   started user thread for Warehouse 38
2月 12, 2026 4:45:27 上午 spec.jbb.JBBmain DoARun -> 信息:   started user thread for Warehouse 39
2月 12, 2026 4:45:27 上午 spec.jbb.JBBmain DoARun -> 信息:   started user thread for Warehouse 40
2月 12, 2026 4:45:27 上午 spec.jbb.JBBmain DoARun -> 信息:   started user thread for Warehouse 41
2月 12, 2026 4:45:27 上午 spec.jbb.JBBmain DoARun -> 信息:   started user thread for Warehouse 42
2月 12, 2026 4:45:27 上午 spec.jbb.JBBmain DoARun -> 信息:   started user thread for Warehouse 43
2月 12, 2026 4:45:27 上午 spec.jbb.JBBmain DoARun -> 信息:   started user thread for Warehouse 44
2月 12, 2026 4:45:27 上午 spec.jbb.JBBmain DoARun -> 信息:   started user thread for Warehouse 45
2月 12, 2026 4:45:27 上午 spec.jbb.JBBmain DoARun -> 信息:   started user thread for Warehouse 46
2月 12, 2026 4:45:27 上午 spec.jbb.JBBmain DoARun -> 信息:   started user thread for Warehouse 47
2月 12, 2026 4:45:27 上午 spec.jbb.JBBmain DoARun -> 信息:   started user thread for Warehouse 48
2月 12, 2026 4:45:27 上午 spec.jbb.JBBmain DoARun -> 信息:   started user thread for Warehouse 49
2月 12, 2026 4:45:27 上午 spec.jbb.JBBmain DoARun -> 信息:   started user thread for Warehouse 50
2月 12, 2026 4:45:27 上午 spec.jbb.JBBmain DoARun -> 信息:   started user thread for Warehouse 51
2月 12, 2026 4:45:27 上午 spec.jbb.JBBmain DoARun -> 信息:   started user thread for Warehouse 52
2月 12, 2026 4:45:27 上午 spec.jbb.JBBmain DoARun -> 信息:   started user thread for Warehouse 53
2月 12, 2026 4:45:27 上午 spec.jbb.JBBmain DoARun -> 信息:   started user thread for Warehouse 54
2月 12, 2026 4:45:27 上午 spec.jbb.JBBmain DoARun -> 信息:   started user thread for Warehouse 55
2月 12, 2026 4:45:27 上午 spec.jbb.JBBmain DoARun -> 信息:   started user thread for Warehouse 56
2月 12, 2026 4:45:27 上午 spec.jbb.JBBmain DoARun -> 信息:   started user thread for Warehouse 57
2月 12, 2026 4:45:27 上午 spec.jbb.JBBmain DoARun -> 信息:   started user thread for Warehouse 58
2月 12, 2026 4:45:27 上午 spec.jbb.JBBmain DoARun -> 信息:   started user thread for Warehouse 59
2月 12, 2026 4:45:27 上午 spec.jbb.JBBmain DoARun -> 信息:   started user thread for Warehouse 60
2月 12, 2026 4:45:27 上午 spec.jbb.JBBmain DoARun -> 信息:   started user thread for Warehouse 61
2月 12, 2026 4:45:27 上午 spec.jbb.JBBmain DoARun -> 信息:   started user thread for Warehouse 62
2月 12, 2026 4:45:27 上午 spec.jbb.JBBmain DoARun -> 信息:   started user thread for Warehouse 63
2月 12, 2026 4:45:27 上午 spec.jbb.JBBmain DoARun -> 信息:   started user thread for Warehouse 64
2月 12, 2026 4:45:27 上午 spec.jbb.JBBmain DoARun -> 信息:   started user thread for Warehouse 65
2月 12, 2026 4:45:27 上午 spec.jbb.JBBmain DoARun -> 信息:   started user thread for Warehouse 66
2月 12, 2026 4:45:27 上午 spec.jbb.JBBmain DoARun -> 信息:   started user thread for Warehouse 67
2月 12, 2026 4:45:27 上午 spec.jbb.JBBmain DoARun -> 信息:   started user thread for Warehouse 68
2月 12, 2026 4:45:27 上午 spec.jbb.JBBmain DoARun -> 信息:   started user thread for Warehouse 69
2月 12, 2026 4:45:27 上午 spec.jbb.JBBmain DoARun -> 信息:   started user thread for Warehouse 70
2月 12, 2026 4:45:27 上午 spec.jbb.JBBmain DoARun -> 信息:   started user thread for Warehouse 71
2月 12, 2026 4:45:27 上午 spec.jbb.JBBmain DoARun -> 信息:   started user thread for Warehouse 72
2月 12, 2026 4:45:27 上午 spec.jbb.JBBmain DoARun -> 信息:   started user thread for Warehouse 73
2月 12, 2026 4:45:27 上午 spec.jbb.JBBmain DoARun -> 信息:   started user thread for Warehouse 74
2月 12, 2026 4:45:27 上午 spec.jbb.JBBmain DoARun -> 信息:   started user thread for Warehouse 75
2月 12, 2026 4:45:27 上午 spec.jbb.JBBmain DoARun -> 信息:   started user thread for Warehouse 76
2月 12, 2026 4:45:27 上午 spec.jbb.JBBmain DoARun -> 信息:   started user thread for Warehouse 77
2月 12, 2026 4:45:27 上午 spec.jbb.JBBmain DoARun -> 信息:   started user thread for Warehouse 78
2月 12, 2026 4:45:27 上午 spec.jbb.JBBmain DoARun -> 信息:   started user thread for Warehouse 79
2月 12, 2026 4:45:27 上午 spec.jbb.JBBmain DoARun -> 信息:   started user thread for Warehouse 80
2月 12, 2026 4:45:27 上午 spec.jbb.JBBmain DoARun -> 信息:   started user thread for Warehouse 81
2月 12, 2026 4:45:27 上午 spec.jbb.JBBmain DoARun -> 信息:   started user thread for Warehouse 82
2月 12, 2026 4:45:27 上午 spec.jbb.JBBmain DoARun -> 信息:   started user thread for Warehouse 83
2月 12, 2026 4:45:27 上午 spec.jbb.JBBmain DoARun -> 信息:   started user thread for Warehouse 84
2月 12, 2026 4:45:27 上午 spec.jbb.JBBmain DoARun -> 信息:   started user thread for Warehouse 85
2月 12, 2026 4:45:27 上午 spec.jbb.JBBmain DoARun -> 信息:   started user thread for Warehouse 86
2月 12, 2026 4:45:27 上午 spec.jbb.JBBmain DoARun -> 信息:   started user thread for Warehouse 87
2月 12, 2026 4:45:27 上午 spec.jbb.JBBmain DoARun -> 信息:   started user thread for Warehouse 88
2月 12, 2026 4:45:27 上午 spec.jbb.JBBmain DoARun -> 信息:   started user thread for Warehouse 89
2月 12, 2026 4:45:27 上午 spec.jbb.JBBmain DoARun -> 信息:   started user thread for Warehouse 90
2月 12, 2026 4:45:27 上午 spec.jbb.JBBmain DoARun -> 信息:   started user thread for Warehouse 91
2月 12, 2026 4:45:27 上午 spec.jbb.JBBmain DoARun -> 信息:   started user thread for Warehouse 92
2月 12, 2026 4:45:27 上午 spec.jbb.JBBmain DoARun -> 信息:   started user thread for Warehouse 93
2月 12, 2026 4:45:27 上午 spec.jbb.JBBmain DoARun -> 信息:   started user thread for Warehouse 94
2月 12, 2026 4:45:27 上午 spec.jbb.JBBmain DoARun -> 信息:   started user thread for Warehouse 95
2月 12, 2026 4:45:27 上午 spec.jbb.JBBmain DoARun -> 信息:   started user thread for Warehouse 96
2月 12, 2026 4:45:27 上午 spec.jbb.JBBmain DoARun -> 信息:   started user thread for Warehouse 97
2月 12, 2026 4:45:27 上午 spec.jbb.JBBmain DoARun -> 信息:   started user thread for Warehouse 98
2月 12, 2026 4:45:27 上午 spec.jbb.JBBmain DoARun -> 信息:   started user thread for Warehouse 99
2月 12, 2026 4:45:27 上午 spec.jbb.JBBmain DoARun -> 信息:   started user thread for Warehouse 100
2月 12, 2026 4:45:27 上午 spec.jbb.JBBmain DoARun -> 信息:   started user thread for Warehouse 101
2月 12, 2026 4:45:27 上午 spec.jbb.JBBmain DoARun -> 信息:   started user thread for Warehouse 102
2月 12, 2026 4:45:27 上午 spec.jbb.JBBmain DoARun -> 信息:   started user thread for Warehouse 103
2月 12, 2026 4:45:27 上午 spec.jbb.JBBmain DoARun -> 信息:   started user thread for Warehouse 104
2月 12, 2026 4:45:27 上午 spec.jbb.JBBmain DoARun -> 信息:   started user thread for Warehouse 105
2月 12, 2026 4:45:27 上午 spec.jbb.JBBmain DoARun -> 信息:   started user thread for Warehouse 106
2月 12, 2026 4:45:27 上午 spec.jbb.JBBmain DoARun -> 信息:   started user thread for Warehouse 107
2月 12, 2026 4:45:27 上午 spec.jbb.JBBmain DoARun -> 信息:   started user thread for Warehouse 108
2月 12, 2026 4:45:27 上午 spec.jbb.JBBmain DoARun -> 信息:   started user thread for Warehouse 109
2月 12, 2026 4:45:27 上午 spec.jbb.JBBmain DoARun -> 信息:   started user thread for Warehouse 110
2月 12, 2026 4:45:27 上午 spec.jbb.JBBmain DoARun -> 信息:   started user thread for Warehouse 111
2月 12, 2026 4:45:27 上午 spec.jbb.JBBmain DoARun -> 信息:   started user thread for Warehouse 112
2月 12, 2026 4:45:27 上午 spec.jbb.JBBmain DoARun -> 信息:   started user thread for Warehouse 113
2月 12, 2026 4:45:27 上午 spec.jbb.JBBmain DoARun -> 信息:   started user thread for Warehouse 114
2月 12, 2026 4:45:27 上午 spec.jbb.JBBmain DoARun -> 信息:   started user thread for Warehouse 115
2月 12, 2026 4:45:27 上午 spec.jbb.JBBmain DoARun -> 信息:   started user thread for Warehouse 116
2月 12, 2026 4:45:27 上午 spec.jbb.JBBmain DoARun -> 信息:   started user thread for Warehouse 117
2月 12, 2026 4:45:27 上午 spec.jbb.JBBmain DoARun -> 信息:   started user thread for Warehouse 118
2月 12, 2026 4:45:27 上午 spec.jbb.Company displayResultTotals -> 信息: Timing Measurement began Thu Feb 12 04:45:27 CST 2026 for 4 minutes
2月 12, 2026 4:49:27 上午 spec.jbb.Company displayResultTotals -> 信息: Timing Measurement ended Thu Feb 12 04:49:27 CST 2026
2月 12, 2026 4:49:27 上午 spec.jbb.Company primeWithDummyData -> 信息: Loading Warehouse 119...
2月 12, 2026 4:49:27 上午 spec.jbb.JBBmain DoARun -> 信息: Start User Threads
2月 12, 2026 4:49:27 上午 spec.jbb.JBBmain DoARun -> 信息:   started user thread for Warehouse 1
2月 12, 2026 4:49:27 上午 spec.jbb.JBBmain DoARun -> 信息:   started user thread for Warehouse 2
2月 12, 2026 4:49:27 上午 spec.jbb.JBBmain DoARun -> 信息:   started user thread for Warehouse 3
2月 12, 2026 4:49:27 上午 spec.jbb.JBBmain DoARun -> 信息:   started user thread for Warehouse 4
2月 12, 2026 4:49:27 上午 spec.jbb.JBBmain DoARun -> 信息:   started user thread for Warehouse 5
2月 12, 2026 4:49:27 上午 spec.jbb.JBBmain DoARun -> 信息:   started user thread for Warehouse 6
2月 12, 2026 4:49:27 上午 spec.jbb.JBBmain DoARun -> 信息:   started user thread for Warehouse 7
2月 12, 2026 4:49:27 上午 spec.jbb.JBBmain DoARun -> 信息:   started user thread for Warehouse 8
2月 12, 2026 4:49:27 上午 spec.jbb.JBBmain DoARun -> 信息:   started user thread for Warehouse 9
2月 12, 2026 4:49:27 上午 spec.jbb.JBBmain DoARun -> 信息:   started user thread for Warehouse 10
2月 12, 2026 4:49:27 上午 spec.jbb.JBBmain DoARun -> 信息:   started user thread for Warehouse 11
2月 12, 2026 4:49:27 上午 spec.jbb.JBBmain DoARun -> 信息:   started user thread for Warehouse 12
2月 12, 2026 4:49:27 上午 spec.jbb.JBBmain DoARun -> 信息:   started user thread for Warehouse 13
2月 12, 2026 4:49:27 上午 spec.jbb.JBBmain DoARun -> 信息:   started user thread for Warehouse 14
2月 12, 2026 4:49:27 上午 spec.jbb.JBBmain DoARun -> 信息:   started user thread for Warehouse 15
2月 12, 2026 4:49:27 上午 spec.jbb.JBBmain DoARun -> 信息:   started user thread for Warehouse 16
2月 12, 2026 4:49:27 上午 spec.jbb.JBBmain DoARun -> 信息:   started user thread for Warehouse 17
2月 12, 2026 4:49:27 上午 spec.jbb.JBBmain DoARun -> 信息:   started user thread for Warehouse 18
2月 12, 2026 4:49:27 上午 spec.jbb.JBBmain DoARun -> 信息:   started user thread for Warehouse 19
2月 12, 2026 4:49:27 上午 spec.jbb.JBBmain DoARun -> 信息:   started user thread for Warehouse 20
2月 12, 2026 4:49:27 上午 spec.jbb.JBBmain DoARun -> 信息:   started user thread for Warehouse 21
2月 12, 2026 4:49:27 上午 spec.jbb.JBBmain DoARun -> 信息:   started user thread for Warehouse 22
2月 12, 2026 4:49:27 上午 spec.jbb.JBBmain DoARun -> 信息:   started user thread for Warehouse 23
2月 12, 2026 4:49:27 上午 spec.jbb.JBBmain DoARun -> 信息:   started user thread for Warehouse 24
2月 12, 2026 4:49:27 上午 spec.jbb.JBBmain DoARun -> 信息:   started user thread for Warehouse 25
2月 12, 2026 4:49:27 上午 spec.jbb.JBBmain DoARun -> 信息:   started user thread for Warehouse 26
2月 12, 2026 4:49:27 上午 spec.jbb.JBBmain DoARun -> 信息:   started user thread for Warehouse 27
2月 12, 2026 4:49:27 上午 spec.jbb.JBBmain DoARun -> 信息:   started user thread for Warehouse 28
2月 12, 2026 4:49:27 上午 spec.jbb.JBBmain DoARun -> 信息:   started user thread for Warehouse 29
2月 12, 2026 4:49:27 上午 spec.jbb.JBBmain DoARun -> 信息:   started user thread for Warehouse 30
2月 12, 2026 4:49:27 上午 spec.jbb.JBBmain DoARun -> 信息:   started user thread for Warehouse 31
2月 12, 2026 4:49:27 上午 spec.jbb.JBBmain DoARun -> 信息:   started user thread for Warehouse 32
2月 12, 2026 4:49:27 上午 spec.jbb.JBBmain DoARun -> 信息:   started user thread for Warehouse 33
2月 12, 2026 4:49:27 上午 spec.jbb.JBBmain DoARun -> 信息:   started user thread for Warehouse 34
2月 12, 2026 4:49:27 上午 spec.jbb.JBBmain DoARun -> 信息:   started user thread for Warehouse 35
2月 12, 2026 4:49:27 上午 spec.jbb.JBBmain DoARun -> 信息:   started user thread for Warehouse 36
2月 12, 2026 4:49:27 上午 spec.jbb.JBBmain DoARun -> 信息:   started user thread for Warehouse 37
2月 12, 2026 4:49:27 上午 spec.jbb.JBBmain DoARun -> 信息:   started user thread for Warehouse 38
2月 12, 2026 4:49:27 上午 spec.jbb.JBBmain DoARun -> 信息:   started user thread for Warehouse 39
2月 12, 2026 4:49:27 上午 spec.jbb.JBBmain DoARun -> 信息:   started user thread for Warehouse 40
2月 12, 2026 4:49:27 上午 spec.jbb.JBBmain DoARun -> 信息:   started user thread for Warehouse 41
2月 12, 2026 4:49:27 上午 spec.jbb.JBBmain DoARun -> 信息:   started user thread for Warehouse 42
2月 12, 2026 4:49:27 上午 spec.jbb.JBBmain DoARun -> 信息:   started user thread for Warehouse 43
2月 12, 2026 4:49:27 上午 spec.jbb.JBBmain DoARun -> 信息:   started user thread for Warehouse 44
2月 12, 2026 4:49:27 上午 spec.jbb.JBBmain DoARun -> 信息:   started user thread for Warehouse 45
2月 12, 2026 4:49:27 上午 spec.jbb.JBBmain DoARun -> 信息:   started user thread for Warehouse 46
2月 12, 2026 4:49:27 上午 spec.jbb.JBBmain DoARun -> 信息:   started user thread for Warehouse 47
2月 12, 2026 4:49:28 上午 spec.jbb.JBBmain DoARun -> 信息:   started user thread for Warehouse 48
2月 12, 2026 4:49:28 上午 spec.jbb.JBBmain DoARun -> 信息:   started user thread for Warehouse 49
2月 12, 2026 4:49:28 上午 spec.jbb.JBBmain DoARun -> 信息:   started user thread for Warehouse 50
2月 12, 2026 4:49:28 上午 spec.jbb.JBBmain DoARun -> 信息:   started user thread for Warehouse 51
2月 12, 2026 4:49:28 上午 spec.jbb.JBBmain DoARun -> 信息:   started user thread for Warehouse 52
2月 12, 2026 4:49:28 上午 spec.jbb.JBBmain DoARun -> 信息:   started user thread for Warehouse 53
2月 12, 2026 4:49:28 上午 spec.jbb.JBBmain DoARun -> 信息:   started user thread for Warehouse 54
2月 12, 2026 4:49:28 上午 spec.jbb.JBBmain DoARun -> 信息:   started user thread for Warehouse 55
2月 12, 2026 4:49:28 上午 spec.jbb.JBBmain DoARun -> 信息:   started user thread for Warehouse 56
2月 12, 2026 4:49:28 上午 spec.jbb.JBBmain DoARun -> 信息:   started user thread for Warehouse 57
2月 12, 2026 4:49:28 上午 spec.jbb.JBBmain DoARun -> 信息:   started user thread for Warehouse 58
2月 12, 2026 4:49:28 上午 spec.jbb.JBBmain DoARun -> 信息:   started user thread for Warehouse 59
2月 12, 2026 4:49:28 上午 spec.jbb.JBBmain DoARun -> 信息:   started user thread for Warehouse 60
2月 12, 2026 4:49:28 上午 spec.jbb.JBBmain DoARun -> 信息:   started user thread for Warehouse 61
2月 12, 2026 4:49:28 上午 spec.jbb.JBBmain DoARun -> 信息:   started user thread for Warehouse 62
2月 12, 2026 4:49:28 上午 spec.jbb.JBBmain DoARun -> 信息:   started user thread for Warehouse 63
2月 12, 2026 4:49:28 上午 spec.jbb.JBBmain DoARun -> 信息:   started user thread for Warehouse 64
2月 12, 2026 4:49:28 上午 spec.jbb.JBBmain DoARun -> 信息:   started user thread for Warehouse 65
2月 12, 2026 4:49:28 上午 spec.jbb.JBBmain DoARun -> 信息:   started user thread for Warehouse 66
2月 12, 2026 4:49:28 上午 spec.jbb.JBBmain DoARun -> 信息:   started user thread for Warehouse 67
2月 12, 2026 4:49:28 上午 spec.jbb.JBBmain DoARun -> 信息:   started user thread for Warehouse 68
2月 12, 2026 4:49:28 上午 spec.jbb.JBBmain DoARun -> 信息:   started user thread for Warehouse 69
2月 12, 2026 4:49:28 上午 spec.jbb.JBBmain DoARun -> 信息:   started user thread for Warehouse 70
2月 12, 2026 4:49:28 上午 spec.jbb.JBBmain DoARun -> 信息:   started user thread for Warehouse 71
2月 12, 2026 4:49:28 上午 spec.jbb.JBBmain DoARun -> 信息:   started user thread for Warehouse 72
2月 12, 2026 4:49:28 上午 spec.jbb.JBBmain DoARun -> 信息:   started user thread for Warehouse 73
2月 12, 2026 4:49:28 上午 spec.jbb.JBBmain DoARun -> 信息:   started user thread for Warehouse 74
2月 12, 2026 4:49:28 上午 spec.jbb.JBBmain DoARun -> 信息:   started user thread for Warehouse 75
2月 12, 2026 4:49:28 上午 spec.jbb.JBBmain DoARun -> 信息:   started user thread for Warehouse 76
2月 12, 2026 4:49:28 上午 spec.jbb.JBBmain DoARun -> 信息:   started user thread for Warehouse 77
2月 12, 2026 4:49:28 上午 spec.jbb.JBBmain DoARun -> 信息:   started user thread for Warehouse 78
2月 12, 2026 4:49:28 上午 spec.jbb.JBBmain DoARun -> 信息:   started user thread for Warehouse 79
2月 12, 2026 4:49:28 上午 spec.jbb.JBBmain DoARun -> 信息:   started user thread for Warehouse 80
2月 12, 2026 4:49:28 上午 spec.jbb.JBBmain DoARun -> 信息:   started user thread for Warehouse 81
2月 12, 2026 4:49:28 上午 spec.jbb.JBBmain DoARun -> 信息:   started user thread for Warehouse 82
2月 12, 2026 4:49:28 上午 spec.jbb.JBBmain DoARun -> 信息:   started user thread for Warehouse 83
2月 12, 2026 4:49:28 上午 spec.jbb.JBBmain DoARun -> 信息:   started user thread for Warehouse 84
2月 12, 2026 4:49:28 上午 spec.jbb.JBBmain DoARun -> 信息:   started user thread for Warehouse 85
2月 12, 2026 4:49:28 上午 spec.jbb.JBBmain DoARun -> 信息:   started user thread for Warehouse 86
2月 12, 2026 4:49:28 上午 spec.jbb.JBBmain DoARun -> 信息:   started user thread for Warehouse 87
2月 12, 2026 4:49:28 上午 spec.jbb.JBBmain DoARun -> 信息:   started user thread for Warehouse 88
2月 12, 2026 4:49:28 上午 spec.jbb.JBBmain DoARun -> 信息:   started user thread for Warehouse 89
2月 12, 2026 4:49:28 上午 spec.jbb.JBBmain DoARun -> 信息:   started user thread for Warehouse 90
2月 12, 2026 4:49:28 上午 spec.jbb.JBBmain DoARun -> 信息:   started user thread for Warehouse 91
2月 12, 2026 4:49:28 上午 spec.jbb.JBBmain DoARun -> 信息:   started user thread for Warehouse 92
2月 12, 2026 4:49:28 上午 spec.jbb.JBBmain DoARun -> 信息:   started user thread for Warehouse 93
2月 12, 2026 4:49:28 上午 spec.jbb.JBBmain DoARun -> 信息:   started user thread for Warehouse 94
2月 12, 2026 4:49:28 上午 spec.jbb.JBBmain DoARun -> 信息:   started user thread for Warehouse 95
2月 12, 2026 4:49:28 上午 spec.jbb.JBBmain DoARun -> 信息:   started user thread for Warehouse 96
2月 12, 2026 4:49:28 上午 spec.jbb.JBBmain DoARun -> 信息:   started user thread for Warehouse 97
2月 12, 2026 4:49:28 上午 spec.jbb.JBBmain DoARun -> 信息:   started user thread for Warehouse 98
2月 12, 2026 4:49:28 上午 spec.jbb.JBBmain DoARun -> 信息:   started user thread for Warehouse 99
2月 12, 2026 4:49:28 上午 spec.jbb.JBBmain DoARun -> 信息:   started user thread for Warehouse 100
2月 12, 2026 4:49:28 上午 spec.jbb.JBBmain DoARun -> 信息:   started user thread for Warehouse 101
2月 12, 2026 4:49:28 上午 spec.jbb.JBBmain DoARun -> 信息:   started user thread for Warehouse 102
2月 12, 2026 4:49:28 上午 spec.jbb.JBBmain DoARun -> 信息:   started user thread for Warehouse 103
2月 12, 2026 4:49:28 上午 spec.jbb.JBBmain DoARun -> 信息:   started user thread for Warehouse 104
2月 12, 2026 4:49:28 上午 spec.jbb.JBBmain DoARun -> 信息:   started user thread for Warehouse 105
2月 12, 2026 4:49:28 上午 spec.jbb.JBBmain DoARun -> 信息:   started user thread for Warehouse 106
2月 12, 2026 4:49:28 上午 spec.jbb.JBBmain DoARun -> 信息:   started user thread for Warehouse 107
2月 12, 2026 4:49:28 上午 spec.jbb.JBBmain DoARun -> 信息:   started user thread for Warehouse 108
2月 12, 2026 4:49:28 上午 spec.jbb.JBBmain DoARun -> 信息:   started user thread for Warehouse 109
2月 12, 2026 4:49:28 上午 spec.jbb.JBBmain DoARun -> 信息:   started user thread for Warehouse 110
2月 12, 2026 4:49:28 上午 spec.jbb.JBBmain DoARun -> 信息:   started user thread for Warehouse 111
2月 12, 2026 4:49:28 上午 spec.jbb.JBBmain DoARun -> 信息:   started user thread for Warehouse 112
2月 12, 2026 4:49:28 上午 spec.jbb.JBBmain DoARun -> 信息:   started user thread for Warehouse 113
2月 12, 2026 4:49:28 上午 spec.jbb.JBBmain DoARun -> 信息:   started user thread for Warehouse 114
2月 12, 2026 4:49:28 上午 spec.jbb.JBBmain DoARun -> 信息:   started user thread for Warehouse 115
2月 12, 2026 4:49:28 上午 spec.jbb.JBBmain DoARun -> 信息:   started user thread for Warehouse 116
2月 12, 2026 4:49:28 上午 spec.jbb.JBBmain DoARun -> 信息:   started user thread for Warehouse 117
2月 12, 2026 4:49:28 上午 spec.jbb.JBBmain DoARun -> 信息:   started user thread for Warehouse 118
2月 12, 2026 4:49:28 上午 spec.jbb.JBBmain DoARun -> 信息:   started user thread for Warehouse 119
2月 12, 2026 4:49:28 上午 spec.jbb.Company displayResultTotals -> 信息: Timing Measurement began Thu Feb 12 04:49:28 CST 2026 for 4 minutes
2月 12, 2026 4:53:28 上午 spec.jbb.Company displayResultTotals -> 信息: Timing Measurement ended Thu Feb 12 04:53:28 CST 2026
2月 12, 2026 4:53:28 上午 spec.jbb.Company primeWithDummyData -> 信息: Loading Warehouse 120...
2月 12, 2026 4:53:28 上午 spec.jbb.JBBmain DoARun -> 信息: Start User Threads
2月 12, 2026 4:53:28 上午 spec.jbb.JBBmain DoARun -> 信息:   started user thread for Warehouse 1
2月 12, 2026 4:53:28 上午 spec.jbb.JBBmain DoARun -> 信息:   started user thread for Warehouse 2
2月 12, 2026 4:53:28 上午 spec.jbb.JBBmain DoARun -> 信息:   started user thread for Warehouse 3
2月 12, 2026 4:53:28 上午 spec.jbb.JBBmain DoARun -> 信息:   started user thread for Warehouse 4
2月 12, 2026 4:53:28 上午 spec.jbb.JBBmain DoARun -> 信息:   started user thread for Warehouse 5
2月 12, 2026 4:53:28 上午 spec.jbb.JBBmain DoARun -> 信息:   started user thread for Warehouse 6
2月 12, 2026 4:53:28 上午 spec.jbb.JBBmain DoARun -> 信息:   started user thread for Warehouse 7
2月 12, 2026 4:53:28 上午 spec.jbb.JBBmain DoARun -> 信息:   started user thread for Warehouse 8
2月 12, 2026 4:53:28 上午 spec.jbb.JBBmain DoARun -> 信息:   started user thread for Warehouse 9
2月 12, 2026 4:53:28 上午 spec.jbb.JBBmain DoARun -> 信息:   started user thread for Warehouse 10
2月 12, 2026 4:53:28 上午 spec.jbb.JBBmain DoARun -> 信息:   started user thread for Warehouse 11
2月 12, 2026 4:53:28 上午 spec.jbb.JBBmain DoARun -> 信息:   started user thread for Warehouse 12
2月 12, 2026 4:53:28 上午 spec.jbb.JBBmain DoARun -> 信息:   started user thread for Warehouse 13
2月 12, 2026 4:53:28 上午 spec.jbb.JBBmain DoARun -> 信息:   started user thread for Warehouse 14
2月 12, 2026 4:53:28 上午 spec.jbb.JBBmain DoARun -> 信息:   started user thread for Warehouse 15
2月 12, 2026 4:53:28 上午 spec.jbb.JBBmain DoARun -> 信息:   started user thread for Warehouse 16
2月 12, 2026 4:53:28 上午 spec.jbb.JBBmain DoARun -> 信息:   started user thread for Warehouse 17
2月 12, 2026 4:53:28 上午 spec.jbb.JBBmain DoARun -> 信息:   started user thread for Warehouse 18
2月 12, 2026 4:53:28 上午 spec.jbb.JBBmain DoARun -> 信息:   started user thread for Warehouse 19
2月 12, 2026 4:53:28 上午 spec.jbb.JBBmain DoARun -> 信息:   started user thread for Warehouse 20
2月 12, 2026 4:53:28 上午 spec.jbb.JBBmain DoARun -> 信息:   started user thread for Warehouse 21
2月 12, 2026 4:53:28 上午 spec.jbb.JBBmain DoARun -> 信息:   started user thread for Warehouse 22
2月 12, 2026 4:53:28 上午 spec.jbb.JBBmain DoARun -> 信息:   started user thread for Warehouse 23
2月 12, 2026 4:53:28 上午 spec.jbb.JBBmain DoARun -> 信息:   started user thread for Warehouse 24
2月 12, 2026 4:53:28 上午 spec.jbb.JBBmain DoARun -> 信息:   started user thread for Warehouse 25
2月 12, 2026 4:53:28 上午 spec.jbb.JBBmain DoARun -> 信息:   started user thread for Warehouse 26
2月 12, 2026 4:53:28 上午 spec.jbb.JBBmain DoARun -> 信息:   started user thread for Warehouse 27
2月 12, 2026 4:53:28 上午 spec.jbb.JBBmain DoARun -> 信息:   started user thread for Warehouse 28
2月 12, 2026 4:53:28 上午 spec.jbb.JBBmain DoARun -> 信息:   started user thread for Warehouse 29
2月 12, 2026 4:53:28 上午 spec.jbb.JBBmain DoARun -> 信息:   started user thread for Warehouse 30
2月 12, 2026 4:53:28 上午 spec.jbb.JBBmain DoARun -> 信息:   started user thread for Warehouse 31
2月 12, 2026 4:53:28 上午 spec.jbb.JBBmain DoARun -> 信息:   started user thread for Warehouse 32
2月 12, 2026 4:53:28 上午 spec.jbb.JBBmain DoARun -> 信息:   started user thread for Warehouse 33
2月 12, 2026 4:53:28 上午 spec.jbb.JBBmain DoARun -> 信息:   started user thread for Warehouse 34
2月 12, 2026 4:53:28 上午 spec.jbb.JBBmain DoARun -> 信息:   started user thread for Warehouse 35
2月 12, 2026 4:53:28 上午 spec.jbb.JBBmain DoARun -> 信息:   started user thread for Warehouse 36
2月 12, 2026 4:53:28 上午 spec.jbb.JBBmain DoARun -> 信息:   started user thread for Warehouse 37
2月 12, 2026 4:53:28 上午 spec.jbb.JBBmain DoARun -> 信息:   started user thread for Warehouse 38
2月 12, 2026 4:53:28 上午 spec.jbb.JBBmain DoARun -> 信息:   started user thread for Warehouse 39
2月 12, 2026 4:53:28 上午 spec.jbb.JBBmain DoARun -> 信息:   started user thread for Warehouse 40
2月 12, 2026 4:53:28 上午 spec.jbb.JBBmain DoARun -> 信息:   started user thread for Warehouse 41
2月 12, 2026 4:53:28 上午 spec.jbb.JBBmain DoARun -> 信息:   started user thread for Warehouse 42
2月 12, 2026 4:53:28 上午 spec.jbb.JBBmain DoARun -> 信息:   started user thread for Warehouse 43
2月 12, 2026 4:53:28 上午 spec.jbb.JBBmain DoARun -> 信息:   started user thread for Warehouse 44
2月 12, 2026 4:53:28 上午 spec.jbb.JBBmain DoARun -> 信息:   started user thread for Warehouse 45
2月 12, 2026 4:53:28 上午 spec.jbb.JBBmain DoARun -> 信息:   started user thread for Warehouse 46
2月 12, 2026 4:53:28 上午 spec.jbb.JBBmain DoARun -> 信息:   started user thread for Warehouse 47
2月 12, 2026 4:53:28 上午 spec.jbb.JBBmain DoARun -> 信息:   started user thread for Warehouse 48
2月 12, 2026 4:53:28 上午 spec.jbb.JBBmain DoARun -> 信息:   started user thread for Warehouse 49
2月 12, 2026 4:53:28 上午 spec.jbb.JBBmain DoARun -> 信息:   started user thread for Warehouse 50
2月 12, 2026 4:53:28 上午 spec.jbb.JBBmain DoARun -> 信息:   started user thread for Warehouse 51
2月 12, 2026 4:53:28 上午 spec.jbb.JBBmain DoARun -> 信息:   started user thread for Warehouse 52
2月 12, 2026 4:53:28 上午 spec.jbb.JBBmain DoARun -> 信息:   started user thread for Warehouse 53
2月 12, 2026 4:53:28 上午 spec.jbb.JBBmain DoARun -> 信息:   started user thread for Warehouse 54
2月 12, 2026 4:53:28 上午 spec.jbb.JBBmain DoARun -> 信息:   started user thread for Warehouse 55
2月 12, 2026 4:53:28 上午 spec.jbb.JBBmain DoARun -> 信息:   started user thread for Warehouse 56
2月 12, 2026 4:53:28 上午 spec.jbb.JBBmain DoARun -> 信息:   started user thread for Warehouse 57
2月 12, 2026 4:53:28 上午 spec.jbb.JBBmain DoARun -> 信息:   started user thread for Warehouse 58
2月 12, 2026 4:53:28 上午 spec.jbb.JBBmain DoARun -> 信息:   started user thread for Warehouse 59
2月 12, 2026 4:53:28 上午 spec.jbb.JBBmain DoARun -> 信息:   started user thread for Warehouse 60
2月 12, 2026 4:53:28 上午 spec.jbb.JBBmain DoARun -> 信息:   started user thread for Warehouse 61
2月 12, 2026 4:53:28 上午 spec.jbb.JBBmain DoARun -> 信息:   started user thread for Warehouse 62
2月 12, 2026 4:53:28 上午 spec.jbb.JBBmain DoARun -> 信息:   started user thread for Warehouse 63
2月 12, 2026 4:53:28 上午 spec.jbb.JBBmain DoARun -> 信息:   started user thread for Warehouse 64
2月 12, 2026 4:53:28 上午 spec.jbb.JBBmain DoARun -> 信息:   started user thread for Warehouse 65
2月 12, 2026 4:53:28 上午 spec.jbb.JBBmain DoARun -> 信息:   started user thread for Warehouse 66
2月 12, 2026 4:53:28 上午 spec.jbb.JBBmain DoARun -> 信息:   started user thread for Warehouse 67
2月 12, 2026 4:53:28 上午 spec.jbb.JBBmain DoARun -> 信息:   started user thread for Warehouse 68
2月 12, 2026 4:53:28 上午 spec.jbb.JBBmain DoARun -> 信息:   started user thread for Warehouse 69
2月 12, 2026 4:53:28 上午 spec.jbb.JBBmain DoARun -> 信息:   started user thread for Warehouse 70
2月 12, 2026 4:53:28 上午 spec.jbb.JBBmain DoARun -> 信息:   started user thread for Warehouse 71
2月 12, 2026 4:53:28 上午 spec.jbb.JBBmain DoARun -> 信息:   started user thread for Warehouse 72
2月 12, 2026 4:53:28 上午 spec.jbb.JBBmain DoARun -> 信息:   started user thread for Warehouse 73
2月 12, 2026 4:53:28 上午 spec.jbb.JBBmain DoARun -> 信息:   started user thread for Warehouse 74
2月 12, 2026 4:53:28 上午 spec.jbb.JBBmain DoARun -> 信息:   started user thread for Warehouse 75
2月 12, 2026 4:53:28 上午 spec.jbb.JBBmain DoARun -> 信息:   started user thread for Warehouse 76
2月 12, 2026 4:53:28 上午 spec.jbb.JBBmain DoARun -> 信息:   started user thread for Warehouse 77
2月 12, 2026 4:53:28 上午 spec.jbb.JBBmain DoARun -> 信息:   started user thread for Warehouse 78
2月 12, 2026 4:53:28 上午 spec.jbb.JBBmain DoARun -> 信息:   started user thread for Warehouse 79
2月 12, 2026 4:53:28 上午 spec.jbb.JBBmain DoARun -> 信息:   started user thread for Warehouse 80
2月 12, 2026 4:53:28 上午 spec.jbb.JBBmain DoARun -> 信息:   started user thread for Warehouse 81
2月 12, 2026 4:53:28 上午 spec.jbb.JBBmain DoARun -> 信息:   started user thread for Warehouse 82
2月 12, 2026 4:53:28 上午 spec.jbb.JBBmain DoARun -> 信息:   started user thread for Warehouse 83
2月 12, 2026 4:53:28 上午 spec.jbb.JBBmain DoARun -> 信息:   started user thread for Warehouse 84
2月 12, 2026 4:53:28 上午 spec.jbb.JBBmain DoARun -> 信息:   started user thread for Warehouse 85
2月 12, 2026 4:53:28 上午 spec.jbb.JBBmain DoARun -> 信息:   started user thread for Warehouse 86
2月 12, 2026 4:53:28 上午 spec.jbb.JBBmain DoARun -> 信息:   started user thread for Warehouse 87
2月 12, 2026 4:53:28 上午 spec.jbb.JBBmain DoARun -> 信息:   started user thread for Warehouse 88
2月 12, 2026 4:53:28 上午 spec.jbb.JBBmain DoARun -> 信息:   started user thread for Warehouse 89
2月 12, 2026 4:53:28 上午 spec.jbb.JBBmain DoARun -> 信息:   started user thread for Warehouse 90
2月 12, 2026 4:53:28 上午 spec.jbb.JBBmain DoARun -> 信息:   started user thread for Warehouse 91
2月 12, 2026 4:53:28 上午 spec.jbb.JBBmain DoARun -> 信息:   started user thread for Warehouse 92
2月 12, 2026 4:53:28 上午 spec.jbb.JBBmain DoARun -> 信息:   started user thread for Warehouse 93
2月 12, 2026 4:53:28 上午 spec.jbb.JBBmain DoARun -> 信息:   started user thread for Warehouse 94
2月 12, 2026 4:53:28 上午 spec.jbb.JBBmain DoARun -> 信息:   started user thread for Warehouse 95
2月 12, 2026 4:53:28 上午 spec.jbb.JBBmain DoARun -> 信息:   started user thread for Warehouse 96
2月 12, 2026 4:53:28 上午 spec.jbb.JBBmain DoARun -> 信息:   started user thread for Warehouse 97
2月 12, 2026 4:53:28 上午 spec.jbb.JBBmain DoARun -> 信息:   started user thread for Warehouse 98
2月 12, 2026 4:53:28 上午 spec.jbb.JBBmain DoARun -> 信息:   started user thread for Warehouse 99
2月 12, 2026 4:53:28 上午 spec.jbb.JBBmain DoARun -> 信息:   started user thread for Warehouse 100
2月 12, 2026 4:53:28 上午 spec.jbb.JBBmain DoARun -> 信息:   started user thread for Warehouse 101
2月 12, 2026 4:53:28 上午 spec.jbb.JBBmain DoARun -> 信息:   started user thread for Warehouse 102
2月 12, 2026 4:53:28 上午 spec.jbb.JBBmain DoARun -> 信息:   started user thread for Warehouse 103
2月 12, 2026 4:53:28 上午 spec.jbb.JBBmain DoARun -> 信息:   started user thread for Warehouse 104
2月 12, 2026 4:53:28 上午 spec.jbb.JBBmain DoARun -> 信息:   started user thread for Warehouse 105
2月 12, 2026 4:53:28 上午 spec.jbb.JBBmain DoARun -> 信息:   started user thread for Warehouse 106
2月 12, 2026 4:53:28 上午 spec.jbb.JBBmain DoARun -> 信息:   started user thread for Warehouse 107
2月 12, 2026 4:53:28 上午 spec.jbb.JBBmain DoARun -> 信息:   started user thread for Warehouse 108
2月 12, 2026 4:53:28 上午 spec.jbb.JBBmain DoARun -> 信息:   started user thread for Warehouse 109
2月 12, 2026 4:53:28 上午 spec.jbb.JBBmain DoARun -> 信息:   started user thread for Warehouse 110
2月 12, 2026 4:53:28 上午 spec.jbb.JBBmain DoARun -> 信息:   started user thread for Warehouse 111
2月 12, 2026 4:53:28 上午 spec.jbb.JBBmain DoARun -> 信息:   started user thread for Warehouse 112
2月 12, 2026 4:53:28 上午 spec.jbb.JBBmain DoARun -> 信息:   started user thread for Warehouse 113
2月 12, 2026 4:53:28 上午 spec.jbb.JBBmain DoARun -> 信息:   started user thread for Warehouse 114
2月 12, 2026 4:53:28 上午 spec.jbb.JBBmain DoARun -> 信息:   started user thread for Warehouse 115
2月 12, 2026 4:53:28 上午 spec.jbb.JBBmain DoARun -> 信息:   started user thread for Warehouse 116
2月 12, 2026 4:53:28 上午 spec.jbb.JBBmain DoARun -> 信息:   started user thread for Warehouse 117
2月 12, 2026 4:53:28 上午 spec.jbb.JBBmain DoARun -> 信息:   started user thread for Warehouse 118
2月 12, 2026 4:53:28 上午 spec.jbb.JBBmain DoARun -> 信息:   started user thread for Warehouse 119
2月 12, 2026 4:53:28 上午 spec.jbb.JBBmain DoARun -> 信息:   started user thread for Warehouse 120
2月 12, 2026 4:53:28 上午 spec.jbb.Company displayResultTotals -> 信息: Timing Measurement began Thu Feb 12 04:53:28 CST 2026 for 4 minutes
2月 12, 2026 4:57:28 上午 spec.jbb.Company displayResultTotals -> 信息: Timing Measurement ended Thu Feb 12 04:57:28 CST 2026
2月 12, 2026 4:57:28 上午 spec.jbb.Company primeWithDummyData -> 信息: Loading Warehouse 121...
2月 12, 2026 4:57:28 上午 spec.jbb.JBBmain DoARun -> 信息: Start User Threads
2月 12, 2026 4:57:28 上午 spec.jbb.JBBmain DoARun -> 信息:   started user thread for Warehouse 1
2月 12, 2026 4:57:28 上午 spec.jbb.JBBmain DoARun -> 信息:   started user thread for Warehouse 2
2月 12, 2026 4:57:28 上午 spec.jbb.JBBmain DoARun -> 信息:   started user thread for Warehouse 3
2月 12, 2026 4:57:28 上午 spec.jbb.JBBmain DoARun -> 信息:   started user thread for Warehouse 4
2月 12, 2026 4:57:28 上午 spec.jbb.JBBmain DoARun -> 信息:   started user thread for Warehouse 5
2月 12, 2026 4:57:28 上午 spec.jbb.JBBmain DoARun -> 信息:   started user thread for Warehouse 6
2月 12, 2026 4:57:28 上午 spec.jbb.JBBmain DoARun -> 信息:   started user thread for Warehouse 7
2月 12, 2026 4:57:28 上午 spec.jbb.JBBmain DoARun -> 信息:   started user thread for Warehouse 8
2月 12, 2026 4:57:28 上午 spec.jbb.JBBmain DoARun -> 信息:   started user thread for Warehouse 9
2月 12, 2026 4:57:28 上午 spec.jbb.JBBmain DoARun -> 信息:   started user thread for Warehouse 10
2月 12, 2026 4:57:28 上午 spec.jbb.JBBmain DoARun -> 信息:   started user thread for Warehouse 11
2月 12, 2026 4:57:28 上午 spec.jbb.JBBmain DoARun -> 信息:   started user thread for Warehouse 12
2月 12, 2026 4:57:28 上午 spec.jbb.JBBmain DoARun -> 信息:   started user thread for Warehouse 13
2月 12, 2026 4:57:28 上午 spec.jbb.JBBmain DoARun -> 信息:   started user thread for Warehouse 14
2月 12, 2026 4:57:28 上午 spec.jbb.JBBmain DoARun -> 信息:   started user thread for Warehouse 15
2月 12, 2026 4:57:28 上午 spec.jbb.JBBmain DoARun -> 信息:   started user thread for Warehouse 16
2月 12, 2026 4:57:28 上午 spec.jbb.JBBmain DoARun -> 信息:   started user thread for Warehouse 17
2月 12, 2026 4:57:28 上午 spec.jbb.JBBmain DoARun -> 信息:   started user thread for Warehouse 18
2月 12, 2026 4:57:28 上午 spec.jbb.JBBmain DoARun -> 信息:   started user thread for Warehouse 19
2月 12, 2026 4:57:28 上午 spec.jbb.JBBmain DoARun -> 信息:   started user thread for Warehouse 20
2月 12, 2026 4:57:28 上午 spec.jbb.JBBmain DoARun -> 信息:   started user thread for Warehouse 21
2月 12, 2026 4:57:28 上午 spec.jbb.JBBmain DoARun -> 信息:   started user thread for Warehouse 22
2月 12, 2026 4:57:28 上午 spec.jbb.JBBmain DoARun -> 信息:   started user thread for Warehouse 23
2月 12, 2026 4:57:28 上午 spec.jbb.JBBmain DoARun -> 信息:   started user thread for Warehouse 24
2月 12, 2026 4:57:28 上午 spec.jbb.JBBmain DoARun -> 信息:   started user thread for Warehouse 25
2月 12, 2026 4:57:28 上午 spec.jbb.JBBmain DoARun -> 信息:   started user thread for Warehouse 26
2月 12, 2026 4:57:28 上午 spec.jbb.JBBmain DoARun -> 信息:   started user thread for Warehouse 27
2月 12, 2026 4:57:28 上午 spec.jbb.JBBmain DoARun -> 信息:   started user thread for Warehouse 28
2月 12, 2026 4:57:28 上午 spec.jbb.JBBmain DoARun -> 信息:   started user thread for Warehouse 29
2月 12, 2026 4:57:28 上午 spec.jbb.JBBmain DoARun -> 信息:   started user thread for Warehouse 30
2月 12, 2026 4:57:28 上午 spec.jbb.JBBmain DoARun -> 信息:   started user thread for Warehouse 31
2月 12, 2026 4:57:28 上午 spec.jbb.JBBmain DoARun -> 信息:   started user thread for Warehouse 32
2月 12, 2026 4:57:28 上午 spec.jbb.JBBmain DoARun -> 信息:   started user thread for Warehouse 33
2月 12, 2026 4:57:28 上午 spec.jbb.JBBmain DoARun -> 信息:   started user thread for Warehouse 34
2月 12, 2026 4:57:28 上午 spec.jbb.JBBmain DoARun -> 信息:   started user thread for Warehouse 35
2月 12, 2026 4:57:28 上午 spec.jbb.JBBmain DoARun -> 信息:   started user thread for Warehouse 36
2月 12, 2026 4:57:28 上午 spec.jbb.JBBmain DoARun -> 信息:   started user thread for Warehouse 37
2月 12, 2026 4:57:28 上午 spec.jbb.JBBmain DoARun -> 信息:   started user thread for Warehouse 38
2月 12, 2026 4:57:28 上午 spec.jbb.JBBmain DoARun -> 信息:   started user thread for Warehouse 39
2月 12, 2026 4:57:28 上午 spec.jbb.JBBmain DoARun -> 信息:   started user thread for Warehouse 40
2月 12, 2026 4:57:28 上午 spec.jbb.JBBmain DoARun -> 信息:   started user thread for Warehouse 41
2月 12, 2026 4:57:28 上午 spec.jbb.JBBmain DoARun -> 信息:   started user thread for Warehouse 42
2月 12, 2026 4:57:28 上午 spec.jbb.JBBmain DoARun -> 信息:   started user thread for Warehouse 43
2月 12, 2026 4:57:28 上午 spec.jbb.JBBmain DoARun -> 信息:   started user thread for Warehouse 44
2月 12, 2026 4:57:28 上午 spec.jbb.JBBmain DoARun -> 信息:   started user thread for Warehouse 45
2月 12, 2026 4:57:28 上午 spec.jbb.JBBmain DoARun -> 信息:   started user thread for Warehouse 46
2月 12, 2026 4:57:28 上午 spec.jbb.JBBmain DoARun -> 信息:   started user thread for Warehouse 47
2月 12, 2026 4:57:28 上午 spec.jbb.JBBmain DoARun -> 信息:   started user thread for Warehouse 48
2月 12, 2026 4:57:28 上午 spec.jbb.JBBmain DoARun -> 信息:   started user thread for Warehouse 49
2月 12, 2026 4:57:28 上午 spec.jbb.JBBmain DoARun -> 信息:   started user thread for Warehouse 50
2月 12, 2026 4:57:28 上午 spec.jbb.JBBmain DoARun -> 信息:   started user thread for Warehouse 51
2月 12, 2026 4:57:28 上午 spec.jbb.JBBmain DoARun -> 信息:   started user thread for Warehouse 52
2月 12, 2026 4:57:28 上午 spec.jbb.JBBmain DoARun -> 信息:   started user thread for Warehouse 53
2月 12, 2026 4:57:28 上午 spec.jbb.JBBmain DoARun -> 信息:   started user thread for Warehouse 54
2月 12, 2026 4:57:28 上午 spec.jbb.JBBmain DoARun -> 信息:   started user thread for Warehouse 55
2月 12, 2026 4:57:28 上午 spec.jbb.JBBmain DoARun -> 信息:   started user thread for Warehouse 56
2月 12, 2026 4:57:28 上午 spec.jbb.JBBmain DoARun -> 信息:   started user thread for Warehouse 57
2月 12, 2026 4:57:28 上午 spec.jbb.JBBmain DoARun -> 信息:   started user thread for Warehouse 58
2月 12, 2026 4:57:28 上午 spec.jbb.JBBmain DoARun -> 信息:   started user thread for Warehouse 59
2月 12, 2026 4:57:28 上午 spec.jbb.JBBmain DoARun -> 信息:   started user thread for Warehouse 60
2月 12, 2026 4:57:28 上午 spec.jbb.JBBmain DoARun -> 信息:   started user thread for Warehouse 61
2月 12, 2026 4:57:28 上午 spec.jbb.JBBmain DoARun -> 信息:   started user thread for Warehouse 62
2月 12, 2026 4:57:28 上午 spec.jbb.JBBmain DoARun -> 信息:   started user thread for Warehouse 63
2月 12, 2026 4:57:28 上午 spec.jbb.JBBmain DoARun -> 信息:   started user thread for Warehouse 64
2月 12, 2026 4:57:28 上午 spec.jbb.JBBmain DoARun -> 信息:   started user thread for Warehouse 65
2月 12, 2026 4:57:28 上午 spec.jbb.JBBmain DoARun -> 信息:   started user thread for Warehouse 66
2月 12, 2026 4:57:28 上午 spec.jbb.JBBmain DoARun -> 信息:   started user thread for Warehouse 67
2月 12, 2026 4:57:28 上午 spec.jbb.JBBmain DoARun -> 信息:   started user thread for Warehouse 68
2月 12, 2026 4:57:28 上午 spec.jbb.JBBmain DoARun -> 信息:   started user thread for Warehouse 69
2月 12, 2026 4:57:28 上午 spec.jbb.JBBmain DoARun -> 信息:   started user thread for Warehouse 70
2月 12, 2026 4:57:28 上午 spec.jbb.JBBmain DoARun -> 信息:   started user thread for Warehouse 71
2月 12, 2026 4:57:28 上午 spec.jbb.JBBmain DoARun -> 信息:   started user thread for Warehouse 72
2月 12, 2026 4:57:28 上午 spec.jbb.JBBmain DoARun -> 信息:   started user thread for Warehouse 73
2月 12, 2026 4:57:28 上午 spec.jbb.JBBmain DoARun -> 信息:   started user thread for Warehouse 74
2月 12, 2026 4:57:28 上午 spec.jbb.JBBmain DoARun -> 信息:   started user thread for Warehouse 75
2月 12, 2026 4:57:28 上午 spec.jbb.JBBmain DoARun -> 信息:   started user thread for Warehouse 76
2月 12, 2026 4:57:28 上午 spec.jbb.JBBmain DoARun -> 信息:   started user thread for Warehouse 77
2月 12, 2026 4:57:28 上午 spec.jbb.JBBmain DoARun -> 信息:   started user thread for Warehouse 78
2月 12, 2026 4:57:28 上午 spec.jbb.JBBmain DoARun -> 信息:   started user thread for Warehouse 79
2月 12, 2026 4:57:28 上午 spec.jbb.JBBmain DoARun -> 信息:   started user thread for Warehouse 80
2月 12, 2026 4:57:28 上午 spec.jbb.JBBmain DoARun -> 信息:   started user thread for Warehouse 81
2月 12, 2026 4:57:28 上午 spec.jbb.JBBmain DoARun -> 信息:   started user thread for Warehouse 82
2月 12, 2026 4:57:28 上午 spec.jbb.JBBmain DoARun -> 信息:   started user thread for Warehouse 83
2月 12, 2026 4:57:28 上午 spec.jbb.JBBmain DoARun -> 信息:   started user thread for Warehouse 84
2月 12, 2026 4:57:28 上午 spec.jbb.JBBmain DoARun -> 信息:   started user thread for Warehouse 85
2月 12, 2026 4:57:28 上午 spec.jbb.JBBmain DoARun -> 信息:   started user thread for Warehouse 86
2月 12, 2026 4:57:28 上午 spec.jbb.JBBmain DoARun -> 信息:   started user thread for Warehouse 87
2月 12, 2026 4:57:28 上午 spec.jbb.JBBmain DoARun -> 信息:   started user thread for Warehouse 88
2月 12, 2026 4:57:28 上午 spec.jbb.JBBmain DoARun -> 信息:   started user thread for Warehouse 89
2月 12, 2026 4:57:28 上午 spec.jbb.JBBmain DoARun -> 信息:   started user thread for Warehouse 90
2月 12, 2026 4:57:28 上午 spec.jbb.JBBmain DoARun -> 信息:   started user thread for Warehouse 91
2月 12, 2026 4:57:28 上午 spec.jbb.JBBmain DoARun -> 信息:   started user thread for Warehouse 92
2月 12, 2026 4:57:28 上午 spec.jbb.JBBmain DoARun -> 信息:   started user thread for Warehouse 93
2月 12, 2026 4:57:28 上午 spec.jbb.JBBmain DoARun -> 信息:   started user thread for Warehouse 94
2月 12, 2026 4:57:28 上午 spec.jbb.JBBmain DoARun -> 信息:   started user thread for Warehouse 95
2月 12, 2026 4:57:28 上午 spec.jbb.JBBmain DoARun -> 信息:   started user thread for Warehouse 96
2月 12, 2026 4:57:28 上午 spec.jbb.JBBmain DoARun -> 信息:   started user thread for Warehouse 97
2月 12, 2026 4:57:28 上午 spec.jbb.JBBmain DoARun -> 信息:   started user thread for Warehouse 98
2月 12, 2026 4:57:28 上午 spec.jbb.JBBmain DoARun -> 信息:   started user thread for Warehouse 99
2月 12, 2026 4:57:28 上午 spec.jbb.JBBmain DoARun -> 信息:   started user thread for Warehouse 100
2月 12, 2026 4:57:28 上午 spec.jbb.JBBmain DoARun -> 信息:   started user thread for Warehouse 101
2月 12, 2026 4:57:28 上午 spec.jbb.JBBmain DoARun -> 信息:   started user thread for Warehouse 102
2月 12, 2026 4:57:28 上午 spec.jbb.JBBmain DoARun -> 信息:   started user thread for Warehouse 103
2月 12, 2026 4:57:28 上午 spec.jbb.JBBmain DoARun -> 信息:   started user thread for Warehouse 104
2月 12, 2026 4:57:28 上午 spec.jbb.JBBmain DoARun -> 信息:   started user thread for Warehouse 105
2月 12, 2026 4:57:28 上午 spec.jbb.JBBmain DoARun -> 信息:   started user thread for Warehouse 106
2月 12, 2026 4:57:28 上午 spec.jbb.JBBmain DoARun -> 信息:   started user thread for Warehouse 107
2月 12, 2026 4:57:28 上午 spec.jbb.JBBmain DoARun -> 信息:   started user thread for Warehouse 108
2月 12, 2026 4:57:28 上午 spec.jbb.JBBmain DoARun -> 信息:   started user thread for Warehouse 109
2月 12, 2026 4:57:28 上午 spec.jbb.JBBmain DoARun -> 信息:   started user thread for Warehouse 110
2月 12, 2026 4:57:28 上午 spec.jbb.JBBmain DoARun -> 信息:   started user thread for Warehouse 111
2月 12, 2026 4:57:28 上午 spec.jbb.JBBmain DoARun -> 信息:   started user thread for Warehouse 112
2月 12, 2026 4:57:28 上午 spec.jbb.JBBmain DoARun -> 信息:   started user thread for Warehouse 113
2月 12, 2026 4:57:28 上午 spec.jbb.JBBmain DoARun -> 信息:   started user thread for Warehouse 114
2月 12, 2026 4:57:28 上午 spec.jbb.JBBmain DoARun -> 信息:   started user thread for Warehouse 115
2月 12, 2026 4:57:28 上午 spec.jbb.JBBmain DoARun -> 信息:   started user thread for Warehouse 116
2月 12, 2026 4:57:28 上午 spec.jbb.JBBmain DoARun -> 信息:   started user thread for Warehouse 117
2月 12, 2026 4:57:28 上午 spec.jbb.JBBmain DoARun -> 信息:   started user thread for Warehouse 118
2月 12, 2026 4:57:28 上午 spec.jbb.JBBmain DoARun -> 信息:   started user thread for Warehouse 119
2月 12, 2026 4:57:28 上午 spec.jbb.JBBmain DoARun -> 信息:   started user thread for Warehouse 120
2月 12, 2026 4:57:28 上午 spec.jbb.JBBmain DoARun -> 信息:   started user thread for Warehouse 121
2月 12, 2026 4:57:28 上午 spec.jbb.Company displayResultTotals -> 信息: Timing Measurement began Thu Feb 12 04:57:28 CST 2026 for 4 minutes
2月 12, 2026 5:01:28 上午 spec.jbb.Company displayResultTotals -> 信息: Timing Measurement ended Thu Feb 12 05:01:28 CST 2026
2月 12, 2026 5:01:28 上午 spec.jbb.Company primeWithDummyData -> 信息: Loading Warehouse 122...
2月 12, 2026 5:01:29 上午 spec.jbb.JBBmain DoARun -> 信息: Start User Threads
2月 12, 2026 5:01:29 上午 spec.jbb.JBBmain DoARun -> 信息:   started user thread for Warehouse 1
2月 12, 2026 5:01:29 上午 spec.jbb.JBBmain DoARun -> 信息:   started user thread for Warehouse 2
2月 12, 2026 5:01:29 上午 spec.jbb.JBBmain DoARun -> 信息:   started user thread for Warehouse 3
2月 12, 2026 5:01:29 上午 spec.jbb.JBBmain DoARun -> 信息:   started user thread for Warehouse 4
2月 12, 2026 5:01:29 上午 spec.jbb.JBBmain DoARun -> 信息:   started user thread for Warehouse 5
2月 12, 2026 5:01:29 上午 spec.jbb.JBBmain DoARun -> 信息:   started user thread for Warehouse 6
2月 12, 2026 5:01:29 上午 spec.jbb.JBBmain DoARun -> 信息:   started user thread for Warehouse 7
2月 12, 2026 5:01:29 上午 spec.jbb.JBBmain DoARun -> 信息:   started user thread for Warehouse 8
2月 12, 2026 5:01:29 上午 spec.jbb.JBBmain DoARun -> 信息:   started user thread for Warehouse 9
2月 12, 2026 5:01:29 上午 spec.jbb.JBBmain DoARun -> 信息:   started user thread for Warehouse 10
2月 12, 2026 5:01:29 上午 spec.jbb.JBBmain DoARun -> 信息:   started user thread for Warehouse 11
2月 12, 2026 5:01:29 上午 spec.jbb.JBBmain DoARun -> 信息:   started user thread for Warehouse 12
2月 12, 2026 5:01:29 上午 spec.jbb.JBBmain DoARun -> 信息:   started user thread for Warehouse 13
2月 12, 2026 5:01:29 上午 spec.jbb.JBBmain DoARun -> 信息:   started user thread for Warehouse 14
2月 12, 2026 5:01:29 上午 spec.jbb.JBBmain DoARun -> 信息:   started user thread for Warehouse 15
2月 12, 2026 5:01:29 上午 spec.jbb.JBBmain DoARun -> 信息:   started user thread for Warehouse 16
2月 12, 2026 5:01:29 上午 spec.jbb.JBBmain DoARun -> 信息:   started user thread for Warehouse 17
2月 12, 2026 5:01:29 上午 spec.jbb.JBBmain DoARun -> 信息:   started user thread for Warehouse 18
2月 12, 2026 5:01:29 上午 spec.jbb.JBBmain DoARun -> 信息:   started user thread for Warehouse 19
2月 12, 2026 5:01:29 上午 spec.jbb.JBBmain DoARun -> 信息:   started user thread for Warehouse 20
2月 12, 2026 5:01:29 上午 spec.jbb.JBBmain DoARun -> 信息:   started user thread for Warehouse 21
2月 12, 2026 5:01:29 上午 spec.jbb.JBBmain DoARun -> 信息:   started user thread for Warehouse 22
2月 12, 2026 5:01:29 上午 spec.jbb.JBBmain DoARun -> 信息:   started user thread for Warehouse 23
2月 12, 2026 5:01:29 上午 spec.jbb.JBBmain DoARun -> 信息:   started user thread for Warehouse 24
2月 12, 2026 5:01:29 上午 spec.jbb.JBBmain DoARun -> 信息:   started user thread for Warehouse 25
2月 12, 2026 5:01:29 上午 spec.jbb.JBBmain DoARun -> 信息:   started user thread for Warehouse 26
2月 12, 2026 5:01:29 上午 spec.jbb.JBBmain DoARun -> 信息:   started user thread for Warehouse 27
2月 12, 2026 5:01:29 上午 spec.jbb.JBBmain DoARun -> 信息:   started user thread for Warehouse 28
2月 12, 2026 5:01:29 上午 spec.jbb.JBBmain DoARun -> 信息:   started user thread for Warehouse 29
2月 12, 2026 5:01:29 上午 spec.jbb.JBBmain DoARun -> 信息:   started user thread for Warehouse 30
2月 12, 2026 5:01:29 上午 spec.jbb.JBBmain DoARun -> 信息:   started user thread for Warehouse 31
2月 12, 2026 5:01:29 上午 spec.jbb.JBBmain DoARun -> 信息:   started user thread for Warehouse 32
2月 12, 2026 5:01:29 上午 spec.jbb.JBBmain DoARun -> 信息:   started user thread for Warehouse 33
2月 12, 2026 5:01:29 上午 spec.jbb.JBBmain DoARun -> 信息:   started user thread for Warehouse 34
2月 12, 2026 5:01:29 上午 spec.jbb.JBBmain DoARun -> 信息:   started user thread for Warehouse 35
2月 12, 2026 5:01:29 上午 spec.jbb.JBBmain DoARun -> 信息:   started user thread for Warehouse 36
2月 12, 2026 5:01:29 上午 spec.jbb.JBBmain DoARun -> 信息:   started user thread for Warehouse 37
2月 12, 2026 5:01:29 上午 spec.jbb.JBBmain DoARun -> 信息:   started user thread for Warehouse 38
2月 12, 2026 5:01:29 上午 spec.jbb.JBBmain DoARun -> 信息:   started user thread for Warehouse 39
2月 12, 2026 5:01:29 上午 spec.jbb.JBBmain DoARun -> 信息:   started user thread for Warehouse 40
2月 12, 2026 5:01:29 上午 spec.jbb.JBBmain DoARun -> 信息:   started user thread for Warehouse 41
2月 12, 2026 5:01:29 上午 spec.jbb.JBBmain DoARun -> 信息:   started user thread for Warehouse 42
2月 12, 2026 5:01:29 上午 spec.jbb.JBBmain DoARun -> 信息:   started user thread for Warehouse 43
2月 12, 2026 5:01:29 上午 spec.jbb.JBBmain DoARun -> 信息:   started user thread for Warehouse 44
2月 12, 2026 5:01:29 上午 spec.jbb.JBBmain DoARun -> 信息:   started user thread for Warehouse 45
2月 12, 2026 5:01:29 上午 spec.jbb.JBBmain DoARun -> 信息:   started user thread for Warehouse 46
2月 12, 2026 5:01:29 上午 spec.jbb.JBBmain DoARun -> 信息:   started user thread for Warehouse 47
2月 12, 2026 5:01:29 上午 spec.jbb.JBBmain DoARun -> 信息:   started user thread for Warehouse 48
2月 12, 2026 5:01:29 上午 spec.jbb.JBBmain DoARun -> 信息:   started user thread for Warehouse 49
2月 12, 2026 5:01:29 上午 spec.jbb.JBBmain DoARun -> 信息:   started user thread for Warehouse 50
2月 12, 2026 5:01:29 上午 spec.jbb.JBBmain DoARun -> 信息:   started user thread for Warehouse 51
2月 12, 2026 5:01:29 上午 spec.jbb.JBBmain DoARun -> 信息:   started user thread for Warehouse 52
2月 12, 2026 5:01:29 上午 spec.jbb.JBBmain DoARun -> 信息:   started user thread for Warehouse 53
2月 12, 2026 5:01:29 上午 spec.jbb.JBBmain DoARun -> 信息:   started user thread for Warehouse 54
2月 12, 2026 5:01:29 上午 spec.jbb.JBBmain DoARun -> 信息:   started user thread for Warehouse 55
2月 12, 2026 5:01:29 上午 spec.jbb.JBBmain DoARun -> 信息:   started user thread for Warehouse 56
2月 12, 2026 5:01:29 上午 spec.jbb.JBBmain DoARun -> 信息:   started user thread for Warehouse 57
2月 12, 2026 5:01:29 上午 spec.jbb.JBBmain DoARun -> 信息:   started user thread for Warehouse 58
2月 12, 2026 5:01:29 上午 spec.jbb.JBBmain DoARun -> 信息:   started user thread for Warehouse 59
2月 12, 2026 5:01:29 上午 spec.jbb.JBBmain DoARun -> 信息:   started user thread for Warehouse 60
2月 12, 2026 5:01:29 上午 spec.jbb.JBBmain DoARun -> 信息:   started user thread for Warehouse 61
2月 12, 2026 5:01:29 上午 spec.jbb.JBBmain DoARun -> 信息:   started user thread for Warehouse 62
2月 12, 2026 5:01:29 上午 spec.jbb.JBBmain DoARun -> 信息:   started user thread for Warehouse 63
2月 12, 2026 5:01:29 上午 spec.jbb.JBBmain DoARun -> 信息:   started user thread for Warehouse 64
2月 12, 2026 5:01:29 上午 spec.jbb.JBBmain DoARun -> 信息:   started user thread for Warehouse 65
2月 12, 2026 5:01:29 上午 spec.jbb.JBBmain DoARun -> 信息:   started user thread for Warehouse 66
2月 12, 2026 5:01:29 上午 spec.jbb.JBBmain DoARun -> 信息:   started user thread for Warehouse 67
2月 12, 2026 5:01:29 上午 spec.jbb.JBBmain DoARun -> 信息:   started user thread for Warehouse 68
2月 12, 2026 5:01:29 上午 spec.jbb.JBBmain DoARun -> 信息:   started user thread for Warehouse 69
2月 12, 2026 5:01:29 上午 spec.jbb.JBBmain DoARun -> 信息:   started user thread for Warehouse 70
2月 12, 2026 5:01:29 上午 spec.jbb.JBBmain DoARun -> 信息:   started user thread for Warehouse 71
2月 12, 2026 5:01:29 上午 spec.jbb.JBBmain DoARun -> 信息:   started user thread for Warehouse 72
2月 12, 2026 5:01:29 上午 spec.jbb.JBBmain DoARun -> 信息:   started user thread for Warehouse 73
2月 12, 2026 5:01:29 上午 spec.jbb.JBBmain DoARun -> 信息:   started user thread for Warehouse 74
2月 12, 2026 5:01:29 上午 spec.jbb.JBBmain DoARun -> 信息:   started user thread for Warehouse 75
2月 12, 2026 5:01:29 上午 spec.jbb.JBBmain DoARun -> 信息:   started user thread for Warehouse 76
2月 12, 2026 5:01:29 上午 spec.jbb.JBBmain DoARun -> 信息:   started user thread for Warehouse 77
2月 12, 2026 5:01:29 上午 spec.jbb.JBBmain DoARun -> 信息:   started user thread for Warehouse 78
2月 12, 2026 5:01:29 上午 spec.jbb.JBBmain DoARun -> 信息:   started user thread for Warehouse 79
2月 12, 2026 5:01:29 上午 spec.jbb.JBBmain DoARun -> 信息:   started user thread for Warehouse 80
2月 12, 2026 5:01:29 上午 spec.jbb.JBBmain DoARun -> 信息:   started user thread for Warehouse 81
2月 12, 2026 5:01:29 上午 spec.jbb.JBBmain DoARun -> 信息:   started user thread for Warehouse 82
2月 12, 2026 5:01:29 上午 spec.jbb.JBBmain DoARun -> 信息:   started user thread for Warehouse 83
2月 12, 2026 5:01:29 上午 spec.jbb.JBBmain DoARun -> 信息:   started user thread for Warehouse 84
2月 12, 2026 5:01:29 上午 spec.jbb.JBBmain DoARun -> 信息:   started user thread for Warehouse 85
2月 12, 2026 5:01:29 上午 spec.jbb.JBBmain DoARun -> 信息:   started user thread for Warehouse 86
2月 12, 2026 5:01:29 上午 spec.jbb.JBBmain DoARun -> 信息:   started user thread for Warehouse 87
2月 12, 2026 5:01:29 上午 spec.jbb.JBBmain DoARun -> 信息:   started user thread for Warehouse 88
2月 12, 2026 5:01:29 上午 spec.jbb.JBBmain DoARun -> 信息:   started user thread for Warehouse 89
2月 12, 2026 5:01:29 上午 spec.jbb.JBBmain DoARun -> 信息:   started user thread for Warehouse 90
2月 12, 2026 5:01:29 上午 spec.jbb.JBBmain DoARun -> 信息:   started user thread for Warehouse 91
2月 12, 2026 5:01:29 上午 spec.jbb.JBBmain DoARun -> 信息:   started user thread for Warehouse 92
2月 12, 2026 5:01:29 上午 spec.jbb.JBBmain DoARun -> 信息:   started user thread for Warehouse 93
2月 12, 2026 5:01:29 上午 spec.jbb.JBBmain DoARun -> 信息:   started user thread for Warehouse 94
2月 12, 2026 5:01:29 上午 spec.jbb.JBBmain DoARun -> 信息:   started user thread for Warehouse 95
2月 12, 2026 5:01:29 上午 spec.jbb.JBBmain DoARun -> 信息:   started user thread for Warehouse 96
2月 12, 2026 5:01:29 上午 spec.jbb.JBBmain DoARun -> 信息:   started user thread for Warehouse 97
2月 12, 2026 5:01:29 上午 spec.jbb.JBBmain DoARun -> 信息:   started user thread for Warehouse 98
2月 12, 2026 5:01:29 上午 spec.jbb.JBBmain DoARun -> 信息:   started user thread for Warehouse 99
2月 12, 2026 5:01:29 上午 spec.jbb.JBBmain DoARun -> 信息:   started user thread for Warehouse 100
2月 12, 2026 5:01:29 上午 spec.jbb.JBBmain DoARun -> 信息:   started user thread for Warehouse 101
2月 12, 2026 5:01:29 上午 spec.jbb.JBBmain DoARun -> 信息:   started user thread for Warehouse 102
2月 12, 2026 5:01:29 上午 spec.jbb.JBBmain DoARun -> 信息:   started user thread for Warehouse 103
2月 12, 2026 5:01:29 上午 spec.jbb.JBBmain DoARun -> 信息:   started user thread for Warehouse 104
2月 12, 2026 5:01:29 上午 spec.jbb.JBBmain DoARun -> 信息:   started user thread for Warehouse 105
2月 12, 2026 5:01:29 上午 spec.jbb.JBBmain DoARun -> 信息:   started user thread for Warehouse 106
2月 12, 2026 5:01:29 上午 spec.jbb.JBBmain DoARun -> 信息:   started user thread for Warehouse 107
2月 12, 2026 5:01:29 上午 spec.jbb.JBBmain DoARun -> 信息:   started user thread for Warehouse 108
2月 12, 2026 5:01:29 上午 spec.jbb.JBBmain DoARun -> 信息:   started user thread for Warehouse 109
2月 12, 2026 5:01:29 上午 spec.jbb.JBBmain DoARun -> 信息:   started user thread for Warehouse 110
2月 12, 2026 5:01:29 上午 spec.jbb.JBBmain DoARun -> 信息:   started user thread for Warehouse 111
2月 12, 2026 5:01:29 上午 spec.jbb.JBBmain DoARun -> 信息:   started user thread for Warehouse 112
2月 12, 2026 5:01:29 上午 spec.jbb.JBBmain DoARun -> 信息:   started user thread for Warehouse 113
2月 12, 2026 5:01:29 上午 spec.jbb.JBBmain DoARun -> 信息:   started user thread for Warehouse 114
2月 12, 2026 5:01:29 上午 spec.jbb.JBBmain DoARun -> 信息:   started user thread for Warehouse 115
2月 12, 2026 5:01:29 上午 spec.jbb.JBBmain DoARun -> 信息:   started user thread for Warehouse 116
2月 12, 2026 5:01:29 上午 spec.jbb.JBBmain DoARun -> 信息:   started user thread for Warehouse 117
2月 12, 2026 5:01:29 上午 spec.jbb.JBBmain DoARun -> 信息:   started user thread for Warehouse 118
2月 12, 2026 5:01:29 上午 spec.jbb.JBBmain DoARun -> 信息:   started user thread for Warehouse 119
2月 12, 2026 5:01:29 上午 spec.jbb.JBBmain DoARun -> 信息:   started user thread for Warehouse 120
2月 12, 2026 5:01:29 上午 spec.jbb.JBBmain DoARun -> 信息:   started user thread for Warehouse 121
2月 12, 2026 5:01:29 上午 spec.jbb.JBBmain DoARun -> 信息:   started user thread for Warehouse 122
2月 12, 2026 5:01:29 上午 spec.jbb.Company displayResultTotals -> 信息: Timing Measurement began Thu Feb 12 05:01:29 CST 2026 for 4 minutes
2月 12, 2026 5:05:29 上午 spec.jbb.Company displayResultTotals -> 信息: Timing Measurement ended Thu Feb 12 05:05:29 CST 2026
2月 12, 2026 5:05:29 上午 spec.jbb.Company primeWithDummyData -> 信息: Loading Warehouse 123...
2月 12, 2026 5:05:29 上午 spec.jbb.JBBmain DoARun -> 信息: Start User Threads
2月 12, 2026 5:05:29 上午 spec.jbb.JBBmain DoARun -> 信息:   started user thread for Warehouse 1
2月 12, 2026 5:05:29 上午 spec.jbb.JBBmain DoARun -> 信息:   started user thread for Warehouse 2
2月 12, 2026 5:05:29 上午 spec.jbb.JBBmain DoARun -> 信息:   started user thread for Warehouse 3
2月 12, 2026 5:05:29 上午 spec.jbb.JBBmain DoARun -> 信息:   started user thread for Warehouse 4
2月 12, 2026 5:05:29 上午 spec.jbb.JBBmain DoARun -> 信息:   started user thread for Warehouse 5
2月 12, 2026 5:05:29 上午 spec.jbb.JBBmain DoARun -> 信息:   started user thread for Warehouse 6
2月 12, 2026 5:05:29 上午 spec.jbb.JBBmain DoARun -> 信息:   started user thread for Warehouse 7
2月 12, 2026 5:05:29 上午 spec.jbb.JBBmain DoARun -> 信息:   started user thread for Warehouse 8
2月 12, 2026 5:05:29 上午 spec.jbb.JBBmain DoARun -> 信息:   started user thread for Warehouse 9
2月 12, 2026 5:05:29 上午 spec.jbb.JBBmain DoARun -> 信息:   started user thread for Warehouse 10
2月 12, 2026 5:05:29 上午 spec.jbb.JBBmain DoARun -> 信息:   started user thread for Warehouse 11
2月 12, 2026 5:05:29 上午 spec.jbb.JBBmain DoARun -> 信息:   started user thread for Warehouse 12
2月 12, 2026 5:05:29 上午 spec.jbb.JBBmain DoARun -> 信息:   started user thread for Warehouse 13
2月 12, 2026 5:05:29 上午 spec.jbb.JBBmain DoARun -> 信息:   started user thread for Warehouse 14
2月 12, 2026 5:05:29 上午 spec.jbb.JBBmain DoARun -> 信息:   started user thread for Warehouse 15
2月 12, 2026 5:05:29 上午 spec.jbb.JBBmain DoARun -> 信息:   started user thread for Warehouse 16
2月 12, 2026 5:05:29 上午 spec.jbb.JBBmain DoARun -> 信息:   started user thread for Warehouse 17
2月 12, 2026 5:05:29 上午 spec.jbb.JBBmain DoARun -> 信息:   started user thread for Warehouse 18
2月 12, 2026 5:05:29 上午 spec.jbb.JBBmain DoARun -> 信息:   started user thread for Warehouse 19
2月 12, 2026 5:05:29 上午 spec.jbb.JBBmain DoARun -> 信息:   started user thread for Warehouse 20
2月 12, 2026 5:05:29 上午 spec.jbb.JBBmain DoARun -> 信息:   started user thread for Warehouse 21
2月 12, 2026 5:05:29 上午 spec.jbb.JBBmain DoARun -> 信息:   started user thread for Warehouse 22
2月 12, 2026 5:05:29 上午 spec.jbb.JBBmain DoARun -> 信息:   started user thread for Warehouse 23
2月 12, 2026 5:05:29 上午 spec.jbb.JBBmain DoARun -> 信息:   started user thread for Warehouse 24
2月 12, 2026 5:05:29 上午 spec.jbb.JBBmain DoARun -> 信息:   started user thread for Warehouse 25
2月 12, 2026 5:05:29 上午 spec.jbb.JBBmain DoARun -> 信息:   started user thread for Warehouse 26
2月 12, 2026 5:05:29 上午 spec.jbb.JBBmain DoARun -> 信息:   started user thread for Warehouse 27
2月 12, 2026 5:05:29 上午 spec.jbb.JBBmain DoARun -> 信息:   started user thread for Warehouse 28
2月 12, 2026 5:05:29 上午 spec.jbb.JBBmain DoARun -> 信息:   started user thread for Warehouse 29
2月 12, 2026 5:05:29 上午 spec.jbb.JBBmain DoARun -> 信息:   started user thread for Warehouse 30
2月 12, 2026 5:05:29 上午 spec.jbb.JBBmain DoARun -> 信息:   started user thread for Warehouse 31
2月 12, 2026 5:05:29 上午 spec.jbb.JBBmain DoARun -> 信息:   started user thread for Warehouse 32
2月 12, 2026 5:05:29 上午 spec.jbb.JBBmain DoARun -> 信息:   started user thread for Warehouse 33
2月 12, 2026 5:05:29 上午 spec.jbb.JBBmain DoARun -> 信息:   started user thread for Warehouse 34
2月 12, 2026 5:05:29 上午 spec.jbb.JBBmain DoARun -> 信息:   started user thread for Warehouse 35
2月 12, 2026 5:05:29 上午 spec.jbb.JBBmain DoARun -> 信息:   started user thread for Warehouse 36
2月 12, 2026 5:05:29 上午 spec.jbb.JBBmain DoARun -> 信息:   started user thread for Warehouse 37
2月 12, 2026 5:05:29 上午 spec.jbb.JBBmain DoARun -> 信息:   started user thread for Warehouse 38
2月 12, 2026 5:05:29 上午 spec.jbb.JBBmain DoARun -> 信息:   started user thread for Warehouse 39
2月 12, 2026 5:05:29 上午 spec.jbb.JBBmain DoARun -> 信息:   started user thread for Warehouse 40
2月 12, 2026 5:05:29 上午 spec.jbb.JBBmain DoARun -> 信息:   started user thread for Warehouse 41
2月 12, 2026 5:05:29 上午 spec.jbb.JBBmain DoARun -> 信息:   started user thread for Warehouse 42
2月 12, 2026 5:05:29 上午 spec.jbb.JBBmain DoARun -> 信息:   started user thread for Warehouse 43
2月 12, 2026 5:05:29 上午 spec.jbb.JBBmain DoARun -> 信息:   started user thread for Warehouse 44
2月 12, 2026 5:05:29 上午 spec.jbb.JBBmain DoARun -> 信息:   started user thread for Warehouse 45
2月 12, 2026 5:05:29 上午 spec.jbb.JBBmain DoARun -> 信息:   started user thread for Warehouse 46
2月 12, 2026 5:05:29 上午 spec.jbb.JBBmain DoARun -> 信息:   started user thread for Warehouse 47
2月 12, 2026 5:05:29 上午 spec.jbb.JBBmain DoARun -> 信息:   started user thread for Warehouse 48
2月 12, 2026 5:05:29 上午 spec.jbb.JBBmain DoARun -> 信息:   started user thread for Warehouse 49
2月 12, 2026 5:05:29 上午 spec.jbb.JBBmain DoARun -> 信息:   started user thread for Warehouse 50
2月 12, 2026 5:05:29 上午 spec.jbb.JBBmain DoARun -> 信息:   started user thread for Warehouse 51
2月 12, 2026 5:05:29 上午 spec.jbb.JBBmain DoARun -> 信息:   started user thread for Warehouse 52
2月 12, 2026 5:05:29 上午 spec.jbb.JBBmain DoARun -> 信息:   started user thread for Warehouse 53
2月 12, 2026 5:05:29 上午 spec.jbb.JBBmain DoARun -> 信息:   started user thread for Warehouse 54
2月 12, 2026 5:05:29 上午 spec.jbb.JBBmain DoARun -> 信息:   started user thread for Warehouse 55
2月 12, 2026 5:05:29 上午 spec.jbb.JBBmain DoARun -> 信息:   started user thread for Warehouse 56
2月 12, 2026 5:05:29 上午 spec.jbb.JBBmain DoARun -> 信息:   started user thread for Warehouse 57
2月 12, 2026 5:05:29 上午 spec.jbb.JBBmain DoARun -> 信息:   started user thread for Warehouse 58
2月 12, 2026 5:05:29 上午 spec.jbb.JBBmain DoARun -> 信息:   started user thread for Warehouse 59
2月 12, 2026 5:05:29 上午 spec.jbb.JBBmain DoARun -> 信息:   started user thread for Warehouse 60
2月 12, 2026 5:05:29 上午 spec.jbb.JBBmain DoARun -> 信息:   started user thread for Warehouse 61
2月 12, 2026 5:05:29 上午 spec.jbb.JBBmain DoARun -> 信息:   started user thread for Warehouse 62
2月 12, 2026 5:05:29 上午 spec.jbb.JBBmain DoARun -> 信息:   started user thread for Warehouse 63
2月 12, 2026 5:05:29 上午 spec.jbb.JBBmain DoARun -> 信息:   started user thread for Warehouse 64
2月 12, 2026 5:05:29 上午 spec.jbb.JBBmain DoARun -> 信息:   started user thread for Warehouse 65
2月 12, 2026 5:05:29 上午 spec.jbb.JBBmain DoARun -> 信息:   started user thread for Warehouse 66
2月 12, 2026 5:05:29 上午 spec.jbb.JBBmain DoARun -> 信息:   started user thread for Warehouse 67
2月 12, 2026 5:05:29 上午 spec.jbb.JBBmain DoARun -> 信息:   started user thread for Warehouse 68
2月 12, 2026 5:05:29 上午 spec.jbb.JBBmain DoARun -> 信息:   started user thread for Warehouse 69
2月 12, 2026 5:05:29 上午 spec.jbb.JBBmain DoARun -> 信息:   started user thread for Warehouse 70
2月 12, 2026 5:05:29 上午 spec.jbb.JBBmain DoARun -> 信息:   started user thread for Warehouse 71
2月 12, 2026 5:05:29 上午 spec.jbb.JBBmain DoARun -> 信息:   started user thread for Warehouse 72
2月 12, 2026 5:05:29 上午 spec.jbb.JBBmain DoARun -> 信息:   started user thread for Warehouse 73
2月 12, 2026 5:05:29 上午 spec.jbb.JBBmain DoARun -> 信息:   started user thread for Warehouse 74
2月 12, 2026 5:05:29 上午 spec.jbb.JBBmain DoARun -> 信息:   started user thread for Warehouse 75
2月 12, 2026 5:05:29 上午 spec.jbb.JBBmain DoARun -> 信息:   started user thread for Warehouse 76
2月 12, 2026 5:05:29 上午 spec.jbb.JBBmain DoARun -> 信息:   started user thread for Warehouse 77
2月 12, 2026 5:05:29 上午 spec.jbb.JBBmain DoARun -> 信息:   started user thread for Warehouse 78
2月 12, 2026 5:05:29 上午 spec.jbb.JBBmain DoARun -> 信息:   started user thread for Warehouse 79
2月 12, 2026 5:05:29 上午 spec.jbb.JBBmain DoARun -> 信息:   started user thread for Warehouse 80
2月 12, 2026 5:05:29 上午 spec.jbb.JBBmain DoARun -> 信息:   started user thread for Warehouse 81
2月 12, 2026 5:05:29 上午 spec.jbb.JBBmain DoARun -> 信息:   started user thread for Warehouse 82
2月 12, 2026 5:05:29 上午 spec.jbb.JBBmain DoARun -> 信息:   started user thread for Warehouse 83
2月 12, 2026 5:05:29 上午 spec.jbb.JBBmain DoARun -> 信息:   started user thread for Warehouse 84
2月 12, 2026 5:05:29 上午 spec.jbb.JBBmain DoARun -> 信息:   started user thread for Warehouse 85
2月 12, 2026 5:05:29 上午 spec.jbb.JBBmain DoARun -> 信息:   started user thread for Warehouse 86
2月 12, 2026 5:05:29 上午 spec.jbb.JBBmain DoARun -> 信息:   started user thread for Warehouse 87
2月 12, 2026 5:05:29 上午 spec.jbb.JBBmain DoARun -> 信息:   started user thread for Warehouse 88
2月 12, 2026 5:05:29 上午 spec.jbb.JBBmain DoARun -> 信息:   started user thread for Warehouse 89
2月 12, 2026 5:05:29 上午 spec.jbb.JBBmain DoARun -> 信息:   started user thread for Warehouse 90
2月 12, 2026 5:05:29 上午 spec.jbb.JBBmain DoARun -> 信息:   started user thread for Warehouse 91
2月 12, 2026 5:05:29 上午 spec.jbb.JBBmain DoARun -> 信息:   started user thread for Warehouse 92
2月 12, 2026 5:05:29 上午 spec.jbb.JBBmain DoARun -> 信息:   started user thread for Warehouse 93
2月 12, 2026 5:05:29 上午 spec.jbb.JBBmain DoARun -> 信息:   started user thread for Warehouse 94
2月 12, 2026 5:05:29 上午 spec.jbb.JBBmain DoARun -> 信息:   started user thread for Warehouse 95
2月 12, 2026 5:05:29 上午 spec.jbb.JBBmain DoARun -> 信息:   started user thread for Warehouse 96
2月 12, 2026 5:05:29 上午 spec.jbb.JBBmain DoARun -> 信息:   started user thread for Warehouse 97
2月 12, 2026 5:05:29 上午 spec.jbb.JBBmain DoARun -> 信息:   started user thread for Warehouse 98
2月 12, 2026 5:05:29 上午 spec.jbb.JBBmain DoARun -> 信息:   started user thread for Warehouse 99
2月 12, 2026 5:05:29 上午 spec.jbb.JBBmain DoARun -> 信息:   started user thread for Warehouse 100
2月 12, 2026 5:05:29 上午 spec.jbb.JBBmain DoARun -> 信息:   started user thread for Warehouse 101
2月 12, 2026 5:05:29 上午 spec.jbb.JBBmain DoARun -> 信息:   started user thread for Warehouse 102
2月 12, 2026 5:05:29 上午 spec.jbb.JBBmain DoARun -> 信息:   started user thread for Warehouse 103
2月 12, 2026 5:05:29 上午 spec.jbb.JBBmain DoARun -> 信息:   started user thread for Warehouse 104
2月 12, 2026 5:05:29 上午 spec.jbb.JBBmain DoARun -> 信息:   started user thread for Warehouse 105
2月 12, 2026 5:05:29 上午 spec.jbb.JBBmain DoARun -> 信息:   started user thread for Warehouse 106
2月 12, 2026 5:05:29 上午 spec.jbb.JBBmain DoARun -> 信息:   started user thread for Warehouse 107
2月 12, 2026 5:05:29 上午 spec.jbb.JBBmain DoARun -> 信息:   started user thread for Warehouse 108
2月 12, 2026 5:05:29 上午 spec.jbb.JBBmain DoARun -> 信息:   started user thread for Warehouse 109
2月 12, 2026 5:05:29 上午 spec.jbb.JBBmain DoARun -> 信息:   started user thread for Warehouse 110
2月 12, 2026 5:05:29 上午 spec.jbb.JBBmain DoARun -> 信息:   started user thread for Warehouse 111
2月 12, 2026 5:05:29 上午 spec.jbb.JBBmain DoARun -> 信息:   started user thread for Warehouse 112
2月 12, 2026 5:05:29 上午 spec.jbb.JBBmain DoARun -> 信息:   started user thread for Warehouse 113
2月 12, 2026 5:05:29 上午 spec.jbb.JBBmain DoARun -> 信息:   started user thread for Warehouse 114
2月 12, 2026 5:05:29 上午 spec.jbb.JBBmain DoARun -> 信息:   started user thread for Warehouse 115
2月 12, 2026 5:05:29 上午 spec.jbb.JBBmain DoARun -> 信息:   started user thread for Warehouse 116
2月 12, 2026 5:05:29 上午 spec.jbb.JBBmain DoARun -> 信息:   started user thread for Warehouse 117
2月 12, 2026 5:05:29 上午 spec.jbb.JBBmain DoARun -> 信息:   started user thread for Warehouse 118
2月 12, 2026 5:05:29 上午 spec.jbb.JBBmain DoARun -> 信息:   started user thread for Warehouse 119
2月 12, 2026 5:05:29 上午 spec.jbb.JBBmain DoARun -> 信息:   started user thread for Warehouse 120
2月 12, 2026 5:05:29 上午 spec.jbb.JBBmain DoARun -> 信息:   started user thread for Warehouse 121
2月 12, 2026 5:05:29 上午 spec.jbb.JBBmain DoARun -> 信息:   started user thread for Warehouse 122
2月 12, 2026 5:05:29 上午 spec.jbb.JBBmain DoARun -> 信息:   started user thread for Warehouse 123
2月 12, 2026 5:05:29 上午 spec.jbb.Company displayResultTotals -> 信息: Timing Measurement began Thu Feb 12 05:05:29 CST 2026 for 4 minutes
2月 12, 2026 5:09:29 上午 spec.jbb.Company displayResultTotals -> 信息: Timing Measurement ended Thu Feb 12 05:09:29 CST 2026
2月 12, 2026 5:09:29 上午 spec.jbb.Company primeWithDummyData -> 信息: Loading Warehouse 124...
2月 12, 2026 5:09:30 上午 spec.jbb.JBBmain DoARun -> 信息: Start User Threads
2月 12, 2026 5:09:30 上午 spec.jbb.JBBmain DoARun -> 信息:   started user thread for Warehouse 1
2月 12, 2026 5:09:30 上午 spec.jbb.JBBmain DoARun -> 信息:   started user thread for Warehouse 2
2月 12, 2026 5:09:30 上午 spec.jbb.JBBmain DoARun -> 信息:   started user thread for Warehouse 3
2月 12, 2026 5:09:30 上午 spec.jbb.JBBmain DoARun -> 信息:   started user thread for Warehouse 4
2月 12, 2026 5:09:30 上午 spec.jbb.JBBmain DoARun -> 信息:   started user thread for Warehouse 5
2月 12, 2026 5:09:30 上午 spec.jbb.JBBmain DoARun -> 信息:   started user thread for Warehouse 6
2月 12, 2026 5:09:30 上午 spec.jbb.JBBmain DoARun -> 信息:   started user thread for Warehouse 7
2月 12, 2026 5:09:30 上午 spec.jbb.JBBmain DoARun -> 信息:   started user thread for Warehouse 8
2月 12, 2026 5:09:30 上午 spec.jbb.JBBmain DoARun -> 信息:   started user thread for Warehouse 9
2月 12, 2026 5:09:30 上午 spec.jbb.JBBmain DoARun -> 信息:   started user thread for Warehouse 10
2月 12, 2026 5:09:30 上午 spec.jbb.JBBmain DoARun -> 信息:   started user thread for Warehouse 11
2月 12, 2026 5:09:30 上午 spec.jbb.JBBmain DoARun -> 信息:   started user thread for Warehouse 12
2月 12, 2026 5:09:30 上午 spec.jbb.JBBmain DoARun -> 信息:   started user thread for Warehouse 13
2月 12, 2026 5:09:30 上午 spec.jbb.JBBmain DoARun -> 信息:   started user thread for Warehouse 14
2月 12, 2026 5:09:30 上午 spec.jbb.JBBmain DoARun -> 信息:   started user thread for Warehouse 15
2月 12, 2026 5:09:30 上午 spec.jbb.JBBmain DoARun -> 信息:   started user thread for Warehouse 16
2月 12, 2026 5:09:30 上午 spec.jbb.JBBmain DoARun -> 信息:   started user thread for Warehouse 17
2月 12, 2026 5:09:30 上午 spec.jbb.JBBmain DoARun -> 信息:   started user thread for Warehouse 18
2月 12, 2026 5:09:30 上午 spec.jbb.JBBmain DoARun -> 信息:   started user thread for Warehouse 19
2月 12, 2026 5:09:30 上午 spec.jbb.JBBmain DoARun -> 信息:   started user thread for Warehouse 20
2月 12, 2026 5:09:30 上午 spec.jbb.JBBmain DoARun -> 信息:   started user thread for Warehouse 21
2月 12, 2026 5:09:30 上午 spec.jbb.JBBmain DoARun -> 信息:   started user thread for Warehouse 22
2月 12, 2026 5:09:30 上午 spec.jbb.JBBmain DoARun -> 信息:   started user thread for Warehouse 23
2月 12, 2026 5:09:30 上午 spec.jbb.JBBmain DoARun -> 信息:   started user thread for Warehouse 24
2月 12, 2026 5:09:30 上午 spec.jbb.JBBmain DoARun -> 信息:   started user thread for Warehouse 25
2月 12, 2026 5:09:30 上午 spec.jbb.JBBmain DoARun -> 信息:   started user thread for Warehouse 26
2月 12, 2026 5:09:30 上午 spec.jbb.JBBmain DoARun -> 信息:   started user thread for Warehouse 27
2月 12, 2026 5:09:30 上午 spec.jbb.JBBmain DoARun -> 信息:   started user thread for Warehouse 28
2月 12, 2026 5:09:30 上午 spec.jbb.JBBmain DoARun -> 信息:   started user thread for Warehouse 29
2月 12, 2026 5:09:30 上午 spec.jbb.JBBmain DoARun -> 信息:   started user thread for Warehouse 30
2月 12, 2026 5:09:30 上午 spec.jbb.JBBmain DoARun -> 信息:   started user thread for Warehouse 31
2月 12, 2026 5:09:30 上午 spec.jbb.JBBmain DoARun -> 信息:   started user thread for Warehouse 32
2月 12, 2026 5:09:30 上午 spec.jbb.JBBmain DoARun -> 信息:   started user thread for Warehouse 33
2月 12, 2026 5:09:30 上午 spec.jbb.JBBmain DoARun -> 信息:   started user thread for Warehouse 34
2月 12, 2026 5:09:30 上午 spec.jbb.JBBmain DoARun -> 信息:   started user thread for Warehouse 35
2月 12, 2026 5:09:30 上午 spec.jbb.JBBmain DoARun -> 信息:   started user thread for Warehouse 36
2月 12, 2026 5:09:30 上午 spec.jbb.JBBmain DoARun -> 信息:   started user thread for Warehouse 37
2月 12, 2026 5:09:30 上午 spec.jbb.JBBmain DoARun -> 信息:   started user thread for Warehouse 38
2月 12, 2026 5:09:30 上午 spec.jbb.JBBmain DoARun -> 信息:   started user thread for Warehouse 39
2月 12, 2026 5:09:30 上午 spec.jbb.JBBmain DoARun -> 信息:   started user thread for Warehouse 40
2月 12, 2026 5:09:30 上午 spec.jbb.JBBmain DoARun -> 信息:   started user thread for Warehouse 41
2月 12, 2026 5:09:30 上午 spec.jbb.JBBmain DoARun -> 信息:   started user thread for Warehouse 42
2月 12, 2026 5:09:30 上午 spec.jbb.JBBmain DoARun -> 信息:   started user thread for Warehouse 43
2月 12, 2026 5:09:30 上午 spec.jbb.JBBmain DoARun -> 信息:   started user thread for Warehouse 44
2月 12, 2026 5:09:30 上午 spec.jbb.JBBmain DoARun -> 信息:   started user thread for Warehouse 45
2月 12, 2026 5:09:30 上午 spec.jbb.JBBmain DoARun -> 信息:   started user thread for Warehouse 46
2月 12, 2026 5:09:30 上午 spec.jbb.JBBmain DoARun -> 信息:   started user thread for Warehouse 47
2月 12, 2026 5:09:30 上午 spec.jbb.JBBmain DoARun -> 信息:   started user thread for Warehouse 48
2月 12, 2026 5:09:30 上午 spec.jbb.JBBmain DoARun -> 信息:   started user thread for Warehouse 49
2月 12, 2026 5:09:30 上午 spec.jbb.JBBmain DoARun -> 信息:   started user thread for Warehouse 50
2月 12, 2026 5:09:30 上午 spec.jbb.JBBmain DoARun -> 信息:   started user thread for Warehouse 51
2月 12, 2026 5:09:30 上午 spec.jbb.JBBmain DoARun -> 信息:   started user thread for Warehouse 52
2月 12, 2026 5:09:30 上午 spec.jbb.JBBmain DoARun -> 信息:   started user thread for Warehouse 53
2月 12, 2026 5:09:30 上午 spec.jbb.JBBmain DoARun -> 信息:   started user thread for Warehouse 54
2月 12, 2026 5:09:30 上午 spec.jbb.JBBmain DoARun -> 信息:   started user thread for Warehouse 55
2月 12, 2026 5:09:30 上午 spec.jbb.JBBmain DoARun -> 信息:   started user thread for Warehouse 56
2月 12, 2026 5:09:30 上午 spec.jbb.JBBmain DoARun -> 信息:   started user thread for Warehouse 57
2月 12, 2026 5:09:30 上午 spec.jbb.JBBmain DoARun -> 信息:   started user thread for Warehouse 58
2月 12, 2026 5:09:30 上午 spec.jbb.JBBmain DoARun -> 信息:   started user thread for Warehouse 59
2月 12, 2026 5:09:30 上午 spec.jbb.JBBmain DoARun -> 信息:   started user thread for Warehouse 60
2月 12, 2026 5:09:30 上午 spec.jbb.JBBmain DoARun -> 信息:   started user thread for Warehouse 61
2月 12, 2026 5:09:30 上午 spec.jbb.JBBmain DoARun -> 信息:   started user thread for Warehouse 62
2月 12, 2026 5:09:30 上午 spec.jbb.JBBmain DoARun -> 信息:   started user thread for Warehouse 63
2月 12, 2026 5:09:30 上午 spec.jbb.JBBmain DoARun -> 信息:   started user thread for Warehouse 64
2月 12, 2026 5:09:30 上午 spec.jbb.JBBmain DoARun -> 信息:   started user thread for Warehouse 65
2月 12, 2026 5:09:30 上午 spec.jbb.JBBmain DoARun -> 信息:   started user thread for Warehouse 66
2月 12, 2026 5:09:30 上午 spec.jbb.JBBmain DoARun -> 信息:   started user thread for Warehouse 67
2月 12, 2026 5:09:30 上午 spec.jbb.JBBmain DoARun -> 信息:   started user thread for Warehouse 68
2月 12, 2026 5:09:30 上午 spec.jbb.JBBmain DoARun -> 信息:   started user thread for Warehouse 69
2月 12, 2026 5:09:30 上午 spec.jbb.JBBmain DoARun -> 信息:   started user thread for Warehouse 70
2月 12, 2026 5:09:30 上午 spec.jbb.JBBmain DoARun -> 信息:   started user thread for Warehouse 71
2月 12, 2026 5:09:30 上午 spec.jbb.JBBmain DoARun -> 信息:   started user thread for Warehouse 72
2月 12, 2026 5:09:30 上午 spec.jbb.JBBmain DoARun -> 信息:   started user thread for Warehouse 73
2月 12, 2026 5:09:30 上午 spec.jbb.JBBmain DoARun -> 信息:   started user thread for Warehouse 74
2月 12, 2026 5:09:30 上午 spec.jbb.JBBmain DoARun -> 信息:   started user thread for Warehouse 75
2月 12, 2026 5:09:30 上午 spec.jbb.JBBmain DoARun -> 信息:   started user thread for Warehouse 76
2月 12, 2026 5:09:30 上午 spec.jbb.JBBmain DoARun -> 信息:   started user thread for Warehouse 77
2月 12, 2026 5:09:30 上午 spec.jbb.JBBmain DoARun -> 信息:   started user thread for Warehouse 78
2月 12, 2026 5:09:30 上午 spec.jbb.JBBmain DoARun -> 信息:   started user thread for Warehouse 79
2月 12, 2026 5:09:30 上午 spec.jbb.JBBmain DoARun -> 信息:   started user thread for Warehouse 80
2月 12, 2026 5:09:30 上午 spec.jbb.JBBmain DoARun -> 信息:   started user thread for Warehouse 81
2月 12, 2026 5:09:30 上午 spec.jbb.JBBmain DoARun -> 信息:   started user thread for Warehouse 82
2月 12, 2026 5:09:30 上午 spec.jbb.JBBmain DoARun -> 信息:   started user thread for Warehouse 83
2月 12, 2026 5:09:30 上午 spec.jbb.JBBmain DoARun -> 信息:   started user thread for Warehouse 84
2月 12, 2026 5:09:30 上午 spec.jbb.JBBmain DoARun -> 信息:   started user thread for Warehouse 85
2月 12, 2026 5:09:30 上午 spec.jbb.JBBmain DoARun -> 信息:   started user thread for Warehouse 86
2月 12, 2026 5:09:30 上午 spec.jbb.JBBmain DoARun -> 信息:   started user thread for Warehouse 87
2月 12, 2026 5:09:30 上午 spec.jbb.JBBmain DoARun -> 信息:   started user thread for Warehouse 88
2月 12, 2026 5:09:30 上午 spec.jbb.JBBmain DoARun -> 信息:   started user thread for Warehouse 89
2月 12, 2026 5:09:30 上午 spec.jbb.JBBmain DoARun -> 信息:   started user thread for Warehouse 90
2月 12, 2026 5:09:30 上午 spec.jbb.JBBmain DoARun -> 信息:   started user thread for Warehouse 91
2月 12, 2026 5:09:30 上午 spec.jbb.JBBmain DoARun -> 信息:   started user thread for Warehouse 92
2月 12, 2026 5:09:30 上午 spec.jbb.JBBmain DoARun -> 信息:   started user thread for Warehouse 93
2月 12, 2026 5:09:30 上午 spec.jbb.JBBmain DoARun -> 信息:   started user thread for Warehouse 94
2月 12, 2026 5:09:30 上午 spec.jbb.JBBmain DoARun -> 信息:   started user thread for Warehouse 95
2月 12, 2026 5:09:30 上午 spec.jbb.JBBmain DoARun -> 信息:   started user thread for Warehouse 96
2月 12, 2026 5:09:30 上午 spec.jbb.JBBmain DoARun -> 信息:   started user thread for Warehouse 97
2月 12, 2026 5:09:30 上午 spec.jbb.JBBmain DoARun -> 信息:   started user thread for Warehouse 98
2月 12, 2026 5:09:30 上午 spec.jbb.JBBmain DoARun -> 信息:   started user thread for Warehouse 99
2月 12, 2026 5:09:30 上午 spec.jbb.JBBmain DoARun -> 信息:   started user thread for Warehouse 100
2月 12, 2026 5:09:30 上午 spec.jbb.JBBmain DoARun -> 信息:   started user thread for Warehouse 101
2月 12, 2026 5:09:30 上午 spec.jbb.JBBmain DoARun -> 信息:   started user thread for Warehouse 102
2月 12, 2026 5:09:30 上午 spec.jbb.JBBmain DoARun -> 信息:   started user thread for Warehouse 103
2月 12, 2026 5:09:30 上午 spec.jbb.JBBmain DoARun -> 信息:   started user thread for Warehouse 104
2月 12, 2026 5:09:30 上午 spec.jbb.JBBmain DoARun -> 信息:   started user thread for Warehouse 105
2月 12, 2026 5:09:30 上午 spec.jbb.JBBmain DoARun -> 信息:   started user thread for Warehouse 106
2月 12, 2026 5:09:30 上午 spec.jbb.JBBmain DoARun -> 信息:   started user thread for Warehouse 107
2月 12, 2026 5:09:30 上午 spec.jbb.JBBmain DoARun -> 信息:   started user thread for Warehouse 108
2月 12, 2026 5:09:30 上午 spec.jbb.JBBmain DoARun -> 信息:   started user thread for Warehouse 109
2月 12, 2026 5:09:30 上午 spec.jbb.JBBmain DoARun -> 信息:   started user thread for Warehouse 110
2月 12, 2026 5:09:30 上午 spec.jbb.JBBmain DoARun -> 信息:   started user thread for Warehouse 111
2月 12, 2026 5:09:30 上午 spec.jbb.JBBmain DoARun -> 信息:   started user thread for Warehouse 112
2月 12, 2026 5:09:30 上午 spec.jbb.JBBmain DoARun -> 信息:   started user thread for Warehouse 113
2月 12, 2026 5:09:30 上午 spec.jbb.JBBmain DoARun -> 信息:   started user thread for Warehouse 114
2月 12, 2026 5:09:30 上午 spec.jbb.JBBmain DoARun -> 信息:   started user thread for Warehouse 115
2月 12, 2026 5:09:30 上午 spec.jbb.JBBmain DoARun -> 信息:   started user thread for Warehouse 116
2月 12, 2026 5:09:30 上午 spec.jbb.JBBmain DoARun -> 信息:   started user thread for Warehouse 117
2月 12, 2026 5:09:30 上午 spec.jbb.JBBmain DoARun -> 信息:   started user thread for Warehouse 118
2月 12, 2026 5:09:30 上午 spec.jbb.JBBmain DoARun -> 信息:   started user thread for Warehouse 119
2月 12, 2026 5:09:30 上午 spec.jbb.JBBmain DoARun -> 信息:   started user thread for Warehouse 120
2月 12, 2026 5:09:30 上午 spec.jbb.JBBmain DoARun -> 信息:   started user thread for Warehouse 121
2月 12, 2026 5:09:30 上午 spec.jbb.JBBmain DoARun -> 信息:   started user thread for Warehouse 122
2月 12, 2026 5:09:30 上午 spec.jbb.JBBmain DoARun -> 信息:   started user thread for Warehouse 123
2月 12, 2026 5:09:30 上午 spec.jbb.JBBmain DoARun -> 信息:   started user thread for Warehouse 124
2月 12, 2026 5:09:30 上午 spec.jbb.Company displayResultTotals -> 信息: Timing Measurement began Thu Feb 12 05:09:30 CST 2026 for 4 minutes
2月 12, 2026 5:13:30 上午 spec.jbb.Company displayResultTotals -> 信息: Timing Measurement ended Thu Feb 12 05:13:30 CST 2026
2月 12, 2026 5:13:30 上午 spec.jbb.Company primeWithDummyData -> 信息: Loading Warehouse 125...
2月 12, 2026 5:13:30 上午 spec.jbb.JBBmain DoARun -> 信息: Start User Threads
2月 12, 2026 5:13:30 上午 spec.jbb.JBBmain DoARun -> 信息:   started user thread for Warehouse 1
2月 12, 2026 5:13:30 上午 spec.jbb.JBBmain DoARun -> 信息:   started user thread for Warehouse 2
2月 12, 2026 5:13:30 上午 spec.jbb.JBBmain DoARun -> 信息:   started user thread for Warehouse 3
2月 12, 2026 5:13:30 上午 spec.jbb.JBBmain DoARun -> 信息:   started user thread for Warehouse 4
2月 12, 2026 5:13:30 上午 spec.jbb.JBBmain DoARun -> 信息:   started user thread for Warehouse 5
2月 12, 2026 5:13:30 上午 spec.jbb.JBBmain DoARun -> 信息:   started user thread for Warehouse 6
2月 12, 2026 5:13:30 上午 spec.jbb.JBBmain DoARun -> 信息:   started user thread for Warehouse 7
2月 12, 2026 5:13:30 上午 spec.jbb.JBBmain DoARun -> 信息:   started user thread for Warehouse 8
2月 12, 2026 5:13:30 上午 spec.jbb.JBBmain DoARun -> 信息:   started user thread for Warehouse 9
2月 12, 2026 5:13:30 上午 spec.jbb.JBBmain DoARun -> 信息:   started user thread for Warehouse 10
2月 12, 2026 5:13:30 上午 spec.jbb.JBBmain DoARun -> 信息:   started user thread for Warehouse 11
2月 12, 2026 5:13:30 上午 spec.jbb.JBBmain DoARun -> 信息:   started user thread for Warehouse 12
2月 12, 2026 5:13:30 上午 spec.jbb.JBBmain DoARun -> 信息:   started user thread for Warehouse 13
2月 12, 2026 5:13:30 上午 spec.jbb.JBBmain DoARun -> 信息:   started user thread for Warehouse 14
2月 12, 2026 5:13:30 上午 spec.jbb.JBBmain DoARun -> 信息:   started user thread for Warehouse 15
2月 12, 2026 5:13:30 上午 spec.jbb.JBBmain DoARun -> 信息:   started user thread for Warehouse 16
2月 12, 2026 5:13:30 上午 spec.jbb.JBBmain DoARun -> 信息:   started user thread for Warehouse 17
2月 12, 2026 5:13:30 上午 spec.jbb.JBBmain DoARun -> 信息:   started user thread for Warehouse 18
2月 12, 2026 5:13:30 上午 spec.jbb.JBBmain DoARun -> 信息:   started user thread for Warehouse 19
2月 12, 2026 5:13:30 上午 spec.jbb.JBBmain DoARun -> 信息:   started user thread for Warehouse 20
2月 12, 2026 5:13:30 上午 spec.jbb.JBBmain DoARun -> 信息:   started user thread for Warehouse 21
2月 12, 2026 5:13:30 上午 spec.jbb.JBBmain DoARun -> 信息:   started user thread for Warehouse 22
2月 12, 2026 5:13:30 上午 spec.jbb.JBBmain DoARun -> 信息:   started user thread for Warehouse 23
2月 12, 2026 5:13:30 上午 spec.jbb.JBBmain DoARun -> 信息:   started user thread for Warehouse 24
2月 12, 2026 5:13:30 上午 spec.jbb.JBBmain DoARun -> 信息:   started user thread for Warehouse 25
2月 12, 2026 5:13:30 上午 spec.jbb.JBBmain DoARun -> 信息:   started user thread for Warehouse 26
2月 12, 2026 5:13:30 上午 spec.jbb.JBBmain DoARun -> 信息:   started user thread for Warehouse 27
2月 12, 2026 5:13:30 上午 spec.jbb.JBBmain DoARun -> 信息:   started user thread for Warehouse 28
2月 12, 2026 5:13:30 上午 spec.jbb.JBBmain DoARun -> 信息:   started user thread for Warehouse 29
2月 12, 2026 5:13:30 上午 spec.jbb.JBBmain DoARun -> 信息:   started user thread for Warehouse 30
2月 12, 2026 5:13:30 上午 spec.jbb.JBBmain DoARun -> 信息:   started user thread for Warehouse 31
2月 12, 2026 5:13:30 上午 spec.jbb.JBBmain DoARun -> 信息:   started user thread for Warehouse 32
2月 12, 2026 5:13:30 上午 spec.jbb.JBBmain DoARun -> 信息:   started user thread for Warehouse 33
2月 12, 2026 5:13:30 上午 spec.jbb.JBBmain DoARun -> 信息:   started user thread for Warehouse 34
2月 12, 2026 5:13:30 上午 spec.jbb.JBBmain DoARun -> 信息:   started user thread for Warehouse 35
2月 12, 2026 5:13:30 上午 spec.jbb.JBBmain DoARun -> 信息:   started user thread for Warehouse 36
2月 12, 2026 5:13:30 上午 spec.jbb.JBBmain DoARun -> 信息:   started user thread for Warehouse 37
2月 12, 2026 5:13:30 上午 spec.jbb.JBBmain DoARun -> 信息:   started user thread for Warehouse 38
2月 12, 2026 5:13:30 上午 spec.jbb.JBBmain DoARun -> 信息:   started user thread for Warehouse 39
2月 12, 2026 5:13:30 上午 spec.jbb.JBBmain DoARun -> 信息:   started user thread for Warehouse 40
2月 12, 2026 5:13:30 上午 spec.jbb.JBBmain DoARun -> 信息:   started user thread for Warehouse 41
2月 12, 2026 5:13:30 上午 spec.jbb.JBBmain DoARun -> 信息:   started user thread for Warehouse 42
2月 12, 2026 5:13:30 上午 spec.jbb.JBBmain DoARun -> 信息:   started user thread for Warehouse 43
2月 12, 2026 5:13:30 上午 spec.jbb.JBBmain DoARun -> 信息:   started user thread for Warehouse 44
2月 12, 2026 5:13:30 上午 spec.jbb.JBBmain DoARun -> 信息:   started user thread for Warehouse 45
2月 12, 2026 5:13:30 上午 spec.jbb.JBBmain DoARun -> 信息:   started user thread for Warehouse 46
2月 12, 2026 5:13:30 上午 spec.jbb.JBBmain DoARun -> 信息:   started user thread for Warehouse 47
2月 12, 2026 5:13:30 上午 spec.jbb.JBBmain DoARun -> 信息:   started user thread for Warehouse 48
2月 12, 2026 5:13:30 上午 spec.jbb.JBBmain DoARun -> 信息:   started user thread for Warehouse 49
2月 12, 2026 5:13:30 上午 spec.jbb.JBBmain DoARun -> 信息:   started user thread for Warehouse 50
2月 12, 2026 5:13:30 上午 spec.jbb.JBBmain DoARun -> 信息:   started user thread for Warehouse 51
2月 12, 2026 5:13:30 上午 spec.jbb.JBBmain DoARun -> 信息:   started user thread for Warehouse 52
2月 12, 2026 5:13:30 上午 spec.jbb.JBBmain DoARun -> 信息:   started user thread for Warehouse 53
2月 12, 2026 5:13:30 上午 spec.jbb.JBBmain DoARun -> 信息:   started user thread for Warehouse 54
2月 12, 2026 5:13:30 上午 spec.jbb.JBBmain DoARun -> 信息:   started user thread for Warehouse 55
2月 12, 2026 5:13:30 上午 spec.jbb.JBBmain DoARun -> 信息:   started user thread for Warehouse 56
2月 12, 2026 5:13:30 上午 spec.jbb.JBBmain DoARun -> 信息:   started user thread for Warehouse 57
2月 12, 2026 5:13:30 上午 spec.jbb.JBBmain DoARun -> 信息:   started user thread for Warehouse 58
2月 12, 2026 5:13:30 上午 spec.jbb.JBBmain DoARun -> 信息:   started user thread for Warehouse 59
2月 12, 2026 5:13:30 上午 spec.jbb.JBBmain DoARun -> 信息:   started user thread for Warehouse 60
2月 12, 2026 5:13:30 上午 spec.jbb.JBBmain DoARun -> 信息:   started user thread for Warehouse 61
2月 12, 2026 5:13:30 上午 spec.jbb.JBBmain DoARun -> 信息:   started user thread for Warehouse 62
2月 12, 2026 5:13:30 上午 spec.jbb.JBBmain DoARun -> 信息:   started user thread for Warehouse 63
2月 12, 2026 5:13:30 上午 spec.jbb.JBBmain DoARun -> 信息:   started user thread for Warehouse 64
2月 12, 2026 5:13:30 上午 spec.jbb.JBBmain DoARun -> 信息:   started user thread for Warehouse 65
2月 12, 2026 5:13:30 上午 spec.jbb.JBBmain DoARun -> 信息:   started user thread for Warehouse 66
2月 12, 2026 5:13:30 上午 spec.jbb.JBBmain DoARun -> 信息:   started user thread for Warehouse 67
2月 12, 2026 5:13:30 上午 spec.jbb.JBBmain DoARun -> 信息:   started user thread for Warehouse 68
2月 12, 2026 5:13:30 上午 spec.jbb.JBBmain DoARun -> 信息:   started user thread for Warehouse 69
2月 12, 2026 5:13:30 上午 spec.jbb.JBBmain DoARun -> 信息:   started user thread for Warehouse 70
2月 12, 2026 5:13:30 上午 spec.jbb.JBBmain DoARun -> 信息:   started user thread for Warehouse 71
2月 12, 2026 5:13:30 上午 spec.jbb.JBBmain DoARun -> 信息:   started user thread for Warehouse 72
2月 12, 2026 5:13:30 上午 spec.jbb.JBBmain DoARun -> 信息:   started user thread for Warehouse 73
2月 12, 2026 5:13:30 上午 spec.jbb.JBBmain DoARun -> 信息:   started user thread for Warehouse 74
2月 12, 2026 5:13:30 上午 spec.jbb.JBBmain DoARun -> 信息:   started user thread for Warehouse 75
2月 12, 2026 5:13:30 上午 spec.jbb.JBBmain DoARun -> 信息:   started user thread for Warehouse 76
2月 12, 2026 5:13:30 上午 spec.jbb.JBBmain DoARun -> 信息:   started user thread for Warehouse 77
2月 12, 2026 5:13:30 上午 spec.jbb.JBBmain DoARun -> 信息:   started user thread for Warehouse 78
2月 12, 2026 5:13:30 上午 spec.jbb.JBBmain DoARun -> 信息:   started user thread for Warehouse 79
2月 12, 2026 5:13:30 上午 spec.jbb.JBBmain DoARun -> 信息:   started user thread for Warehouse 80
2月 12, 2026 5:13:30 上午 spec.jbb.JBBmain DoARun -> 信息:   started user thread for Warehouse 81
2月 12, 2026 5:13:30 上午 spec.jbb.JBBmain DoARun -> 信息:   started user thread for Warehouse 82
2月 12, 2026 5:13:30 上午 spec.jbb.JBBmain DoARun -> 信息:   started user thread for Warehouse 83
2月 12, 2026 5:13:30 上午 spec.jbb.JBBmain DoARun -> 信息:   started user thread for Warehouse 84
2月 12, 2026 5:13:30 上午 spec.jbb.JBBmain DoARun -> 信息:   started user thread for Warehouse 85
2月 12, 2026 5:13:30 上午 spec.jbb.JBBmain DoARun -> 信息:   started user thread for Warehouse 86
2月 12, 2026 5:13:30 上午 spec.jbb.JBBmain DoARun -> 信息:   started user thread for Warehouse 87
2月 12, 2026 5:13:30 上午 spec.jbb.JBBmain DoARun -> 信息:   started user thread for Warehouse 88
2月 12, 2026 5:13:30 上午 spec.jbb.JBBmain DoARun -> 信息:   started user thread for Warehouse 89
2月 12, 2026 5:13:30 上午 spec.jbb.JBBmain DoARun -> 信息:   started user thread for Warehouse 90
2月 12, 2026 5:13:30 上午 spec.jbb.JBBmain DoARun -> 信息:   started user thread for Warehouse 91
2月 12, 2026 5:13:30 上午 spec.jbb.JBBmain DoARun -> 信息:   started user thread for Warehouse 92
2月 12, 2026 5:13:30 上午 spec.jbb.JBBmain DoARun -> 信息:   started user thread for Warehouse 93
2月 12, 2026 5:13:30 上午 spec.jbb.JBBmain DoARun -> 信息:   started user thread for Warehouse 94
2月 12, 2026 5:13:30 上午 spec.jbb.JBBmain DoARun -> 信息:   started user thread for Warehouse 95
2月 12, 2026 5:13:30 上午 spec.jbb.JBBmain DoARun -> 信息:   started user thread for Warehouse 96
2月 12, 2026 5:13:30 上午 spec.jbb.JBBmain DoARun -> 信息:   started user thread for Warehouse 97
2月 12, 2026 5:13:30 上午 spec.jbb.JBBmain DoARun -> 信息:   started user thread for Warehouse 98
2月 12, 2026 5:13:30 上午 spec.jbb.JBBmain DoARun -> 信息:   started user thread for Warehouse 99
2月 12, 2026 5:13:30 上午 spec.jbb.JBBmain DoARun -> 信息:   started user thread for Warehouse 100
2月 12, 2026 5:13:30 上午 spec.jbb.JBBmain DoARun -> 信息:   started user thread for Warehouse 101
2月 12, 2026 5:13:30 上午 spec.jbb.JBBmain DoARun -> 信息:   started user thread for Warehouse 102
2月 12, 2026 5:13:30 上午 spec.jbb.JBBmain DoARun -> 信息:   started user thread for Warehouse 103
2月 12, 2026 5:13:30 上午 spec.jbb.JBBmain DoARun -> 信息:   started user thread for Warehouse 104
2月 12, 2026 5:13:30 上午 spec.jbb.JBBmain DoARun -> 信息:   started user thread for Warehouse 105
2月 12, 2026 5:13:30 上午 spec.jbb.JBBmain DoARun -> 信息:   started user thread for Warehouse 106
2月 12, 2026 5:13:30 上午 spec.jbb.JBBmain DoARun -> 信息:   started user thread for Warehouse 107
2月 12, 2026 5:13:30 上午 spec.jbb.JBBmain DoARun -> 信息:   started user thread for Warehouse 108
2月 12, 2026 5:13:30 上午 spec.jbb.JBBmain DoARun -> 信息:   started user thread for Warehouse 109
2月 12, 2026 5:13:30 上午 spec.jbb.JBBmain DoARun -> 信息:   started user thread for Warehouse 110
2月 12, 2026 5:13:30 上午 spec.jbb.JBBmain DoARun -> 信息:   started user thread for Warehouse 111
2月 12, 2026 5:13:30 上午 spec.jbb.JBBmain DoARun -> 信息:   started user thread for Warehouse 112
2月 12, 2026 5:13:30 上午 spec.jbb.JBBmain DoARun -> 信息:   started user thread for Warehouse 113
2月 12, 2026 5:13:30 上午 spec.jbb.JBBmain DoARun -> 信息:   started user thread for Warehouse 114
2月 12, 2026 5:13:30 上午 spec.jbb.JBBmain DoARun -> 信息:   started user thread for Warehouse 115
2月 12, 2026 5:13:30 上午 spec.jbb.JBBmain DoARun -> 信息:   started user thread for Warehouse 116
2月 12, 2026 5:13:30 上午 spec.jbb.JBBmain DoARun -> 信息:   started user thread for Warehouse 117
2月 12, 2026 5:13:30 上午 spec.jbb.JBBmain DoARun -> 信息:   started user thread for Warehouse 118
2月 12, 2026 5:13:30 上午 spec.jbb.JBBmain DoARun -> 信息:   started user thread for Warehouse 119
2月 12, 2026 5:13:30 上午 spec.jbb.JBBmain DoARun -> 信息:   started user thread for Warehouse 120
2月 12, 2026 5:13:30 上午 spec.jbb.JBBmain DoARun -> 信息:   started user thread for Warehouse 121
2月 12, 2026 5:13:30 上午 spec.jbb.JBBmain DoARun -> 信息:   started user thread for Warehouse 122
2月 12, 2026 5:13:30 上午 spec.jbb.JBBmain DoARun -> 信息:   started user thread for Warehouse 123
2月 12, 2026 5:13:30 上午 spec.jbb.JBBmain DoARun -> 信息:   started user thread for Warehouse 124
2月 12, 2026 5:13:30 上午 spec.jbb.JBBmain DoARun -> 信息:   started user thread for Warehouse 125
2月 12, 2026 5:13:30 上午 spec.jbb.Company displayResultTotals -> 信息: Timing Measurement began Thu Feb 12 05:13:30 CST 2026 for 4 minutes
2月 12, 2026 5:17:30 上午 spec.jbb.Company displayResultTotals -> 信息: Timing Measurement ended Thu Feb 12 05:17:30 CST 2026
2月 12, 2026 5:17:30 上午 spec.jbb.Company primeWithDummyData -> 信息: Loading Warehouse 126...
2月 12, 2026 5:17:30 上午 spec.jbb.JBBmain DoARun -> 信息: Start User Threads
2月 12, 2026 5:17:30 上午 spec.jbb.JBBmain DoARun -> 信息:   started user thread for Warehouse 1
2月 12, 2026 5:17:30 上午 spec.jbb.JBBmain DoARun -> 信息:   started user thread for Warehouse 2
2月 12, 2026 5:17:30 上午 spec.jbb.JBBmain DoARun -> 信息:   started user thread for Warehouse 3
2月 12, 2026 5:17:30 上午 spec.jbb.JBBmain DoARun -> 信息:   started user thread for Warehouse 4
2月 12, 2026 5:17:30 上午 spec.jbb.JBBmain DoARun -> 信息:   started user thread for Warehouse 5
2月 12, 2026 5:17:30 上午 spec.jbb.JBBmain DoARun -> 信息:   started user thread for Warehouse 6
2月 12, 2026 5:17:30 上午 spec.jbb.JBBmain DoARun -> 信息:   started user thread for Warehouse 7
2月 12, 2026 5:17:30 上午 spec.jbb.JBBmain DoARun -> 信息:   started user thread for Warehouse 8
2月 12, 2026 5:17:30 上午 spec.jbb.JBBmain DoARun -> 信息:   started user thread for Warehouse 9
2月 12, 2026 5:17:30 上午 spec.jbb.JBBmain DoARun -> 信息:   started user thread for Warehouse 10
2月 12, 2026 5:17:30 上午 spec.jbb.JBBmain DoARun -> 信息:   started user thread for Warehouse 11
2月 12, 2026 5:17:30 上午 spec.jbb.JBBmain DoARun -> 信息:   started user thread for Warehouse 12
2月 12, 2026 5:17:30 上午 spec.jbb.JBBmain DoARun -> 信息:   started user thread for Warehouse 13
2月 12, 2026 5:17:30 上午 spec.jbb.JBBmain DoARun -> 信息:   started user thread for Warehouse 14
2月 12, 2026 5:17:30 上午 spec.jbb.JBBmain DoARun -> 信息:   started user thread for Warehouse 15
2月 12, 2026 5:17:30 上午 spec.jbb.JBBmain DoARun -> 信息:   started user thread for Warehouse 16
2月 12, 2026 5:17:30 上午 spec.jbb.JBBmain DoARun -> 信息:   started user thread for Warehouse 17
2月 12, 2026 5:17:30 上午 spec.jbb.JBBmain DoARun -> 信息:   started user thread for Warehouse 18
2月 12, 2026 5:17:30 上午 spec.jbb.JBBmain DoARun -> 信息:   started user thread for Warehouse 19
2月 12, 2026 5:17:30 上午 spec.jbb.JBBmain DoARun -> 信息:   started user thread for Warehouse 20
2月 12, 2026 5:17:30 上午 spec.jbb.JBBmain DoARun -> 信息:   started user thread for Warehouse 21
2月 12, 2026 5:17:30 上午 spec.jbb.JBBmain DoARun -> 信息:   started user thread for Warehouse 22
2月 12, 2026 5:17:30 上午 spec.jbb.JBBmain DoARun -> 信息:   started user thread for Warehouse 23
2月 12, 2026 5:17:30 上午 spec.jbb.JBBmain DoARun -> 信息:   started user thread for Warehouse 24
2月 12, 2026 5:17:30 上午 spec.jbb.JBBmain DoARun -> 信息:   started user thread for Warehouse 25
2月 12, 2026 5:17:30 上午 spec.jbb.JBBmain DoARun -> 信息:   started user thread for Warehouse 26
2月 12, 2026 5:17:30 上午 spec.jbb.JBBmain DoARun -> 信息:   started user thread for Warehouse 27
2月 12, 2026 5:17:30 上午 spec.jbb.JBBmain DoARun -> 信息:   started user thread for Warehouse 28
2月 12, 2026 5:17:30 上午 spec.jbb.JBBmain DoARun -> 信息:   started user thread for Warehouse 29
2月 12, 2026 5:17:30 上午 spec.jbb.JBBmain DoARun -> 信息:   started user thread for Warehouse 30
2月 12, 2026 5:17:30 上午 spec.jbb.JBBmain DoARun -> 信息:   started user thread for Warehouse 31
2月 12, 2026 5:17:30 上午 spec.jbb.JBBmain DoARun -> 信息:   started user thread for Warehouse 32
2月 12, 2026 5:17:30 上午 spec.jbb.JBBmain DoARun -> 信息:   started user thread for Warehouse 33
2月 12, 2026 5:17:30 上午 spec.jbb.JBBmain DoARun -> 信息:   started user thread for Warehouse 34
2月 12, 2026 5:17:30 上午 spec.jbb.JBBmain DoARun -> 信息:   started user thread for Warehouse 35
2月 12, 2026 5:17:30 上午 spec.jbb.JBBmain DoARun -> 信息:   started user thread for Warehouse 36
2月 12, 2026 5:17:30 上午 spec.jbb.JBBmain DoARun -> 信息:   started user thread for Warehouse 37
2月 12, 2026 5:17:30 上午 spec.jbb.JBBmain DoARun -> 信息:   started user thread for Warehouse 38
2月 12, 2026 5:17:30 上午 spec.jbb.JBBmain DoARun -> 信息:   started user thread for Warehouse 39
2月 12, 2026 5:17:30 上午 spec.jbb.JBBmain DoARun -> 信息:   started user thread for Warehouse 40
2月 12, 2026 5:17:30 上午 spec.jbb.JBBmain DoARun -> 信息:   started user thread for Warehouse 41
2月 12, 2026 5:17:30 上午 spec.jbb.JBBmain DoARun -> 信息:   started user thread for Warehouse 42
2月 12, 2026 5:17:30 上午 spec.jbb.JBBmain DoARun -> 信息:   started user thread for Warehouse 43
2月 12, 2026 5:17:30 上午 spec.jbb.JBBmain DoARun -> 信息:   started user thread for Warehouse 44
2月 12, 2026 5:17:30 上午 spec.jbb.JBBmain DoARun -> 信息:   started user thread for Warehouse 45
2月 12, 2026 5:17:30 上午 spec.jbb.JBBmain DoARun -> 信息:   started user thread for Warehouse 46
2月 12, 2026 5:17:30 上午 spec.jbb.JBBmain DoARun -> 信息:   started user thread for Warehouse 47
2月 12, 2026 5:17:30 上午 spec.jbb.JBBmain DoARun -> 信息:   started user thread for Warehouse 48
2月 12, 2026 5:17:30 上午 spec.jbb.JBBmain DoARun -> 信息:   started user thread for Warehouse 49
2月 12, 2026 5:17:30 上午 spec.jbb.JBBmain DoARun -> 信息:   started user thread for Warehouse 50
2月 12, 2026 5:17:30 上午 spec.jbb.JBBmain DoARun -> 信息:   started user thread for Warehouse 51
2月 12, 2026 5:17:30 上午 spec.jbb.JBBmain DoARun -> 信息:   started user thread for Warehouse 52
2月 12, 2026 5:17:30 上午 spec.jbb.JBBmain DoARun -> 信息:   started user thread for Warehouse 53
2月 12, 2026 5:17:30 上午 spec.jbb.JBBmain DoARun -> 信息:   started user thread for Warehouse 54
2月 12, 2026 5:17:30 上午 spec.jbb.JBBmain DoARun -> 信息:   started user thread for Warehouse 55
2月 12, 2026 5:17:30 上午 spec.jbb.JBBmain DoARun -> 信息:   started user thread for Warehouse 56
2月 12, 2026 5:17:30 上午 spec.jbb.JBBmain DoARun -> 信息:   started user thread for Warehouse 57
2月 12, 2026 5:17:30 上午 spec.jbb.JBBmain DoARun -> 信息:   started user thread for Warehouse 58
2月 12, 2026 5:17:30 上午 spec.jbb.JBBmain DoARun -> 信息:   started user thread for Warehouse 59
2月 12, 2026 5:17:30 上午 spec.jbb.JBBmain DoARun -> 信息:   started user thread for Warehouse 60
2月 12, 2026 5:17:30 上午 spec.jbb.JBBmain DoARun -> 信息:   started user thread for Warehouse 61
2月 12, 2026 5:17:30 上午 spec.jbb.JBBmain DoARun -> 信息:   started user thread for Warehouse 62
2月 12, 2026 5:17:30 上午 spec.jbb.JBBmain DoARun -> 信息:   started user thread for Warehouse 63
2月 12, 2026 5:17:30 上午 spec.jbb.JBBmain DoARun -> 信息:   started user thread for Warehouse 64
2月 12, 2026 5:17:30 上午 spec.jbb.JBBmain DoARun -> 信息:   started user thread for Warehouse 65
2月 12, 2026 5:17:30 上午 spec.jbb.JBBmain DoARun -> 信息:   started user thread for Warehouse 66
2月 12, 2026 5:17:30 上午 spec.jbb.JBBmain DoARun -> 信息:   started user thread for Warehouse 67
2月 12, 2026 5:17:30 上午 spec.jbb.JBBmain DoARun -> 信息:   started user thread for Warehouse 68
2月 12, 2026 5:17:30 上午 spec.jbb.JBBmain DoARun -> 信息:   started user thread for Warehouse 69
2月 12, 2026 5:17:30 上午 spec.jbb.JBBmain DoARun -> 信息:   started user thread for Warehouse 70
2月 12, 2026 5:17:30 上午 spec.jbb.JBBmain DoARun -> 信息:   started user thread for Warehouse 71
2月 12, 2026 5:17:30 上午 spec.jbb.JBBmain DoARun -> 信息:   started user thread for Warehouse 72
2月 12, 2026 5:17:30 上午 spec.jbb.JBBmain DoARun -> 信息:   started user thread for Warehouse 73
2月 12, 2026 5:17:30 上午 spec.jbb.JBBmain DoARun -> 信息:   started user thread for Warehouse 74
2月 12, 2026 5:17:30 上午 spec.jbb.JBBmain DoARun -> 信息:   started user thread for Warehouse 75
2月 12, 2026 5:17:30 上午 spec.jbb.JBBmain DoARun -> 信息:   started user thread for Warehouse 76
2月 12, 2026 5:17:30 上午 spec.jbb.JBBmain DoARun -> 信息:   started user thread for Warehouse 77
2月 12, 2026 5:17:30 上午 spec.jbb.JBBmain DoARun -> 信息:   started user thread for Warehouse 78
2月 12, 2026 5:17:30 上午 spec.jbb.JBBmain DoARun -> 信息:   started user thread for Warehouse 79
2月 12, 2026 5:17:30 上午 spec.jbb.JBBmain DoARun -> 信息:   started user thread for Warehouse 80
2月 12, 2026 5:17:30 上午 spec.jbb.JBBmain DoARun -> 信息:   started user thread for Warehouse 81
2月 12, 2026 5:17:30 上午 spec.jbb.JBBmain DoARun -> 信息:   started user thread for Warehouse 82
2月 12, 2026 5:17:30 上午 spec.jbb.JBBmain DoARun -> 信息:   started user thread for Warehouse 83
2月 12, 2026 5:17:30 上午 spec.jbb.JBBmain DoARun -> 信息:   started user thread for Warehouse 84
2月 12, 2026 5:17:30 上午 spec.jbb.JBBmain DoARun -> 信息:   started user thread for Warehouse 85
2月 12, 2026 5:17:30 上午 spec.jbb.JBBmain DoARun -> 信息:   started user thread for Warehouse 86
2月 12, 2026 5:17:30 上午 spec.jbb.JBBmain DoARun -> 信息:   started user thread for Warehouse 87
2月 12, 2026 5:17:30 上午 spec.jbb.JBBmain DoARun -> 信息:   started user thread for Warehouse 88
2月 12, 2026 5:17:30 上午 spec.jbb.JBBmain DoARun -> 信息:   started user thread for Warehouse 89
2月 12, 2026 5:17:30 上午 spec.jbb.JBBmain DoARun -> 信息:   started user thread for Warehouse 90
2月 12, 2026 5:17:30 上午 spec.jbb.JBBmain DoARun -> 信息:   started user thread for Warehouse 91
2月 12, 2026 5:17:30 上午 spec.jbb.JBBmain DoARun -> 信息:   started user thread for Warehouse 92
2月 12, 2026 5:17:30 上午 spec.jbb.JBBmain DoARun -> 信息:   started user thread for Warehouse 93
2月 12, 2026 5:17:30 上午 spec.jbb.JBBmain DoARun -> 信息:   started user thread for Warehouse 94
2月 12, 2026 5:17:30 上午 spec.jbb.JBBmain DoARun -> 信息:   started user thread for Warehouse 95
2月 12, 2026 5:17:30 上午 spec.jbb.JBBmain DoARun -> 信息:   started user thread for Warehouse 96
2月 12, 2026 5:17:30 上午 spec.jbb.JBBmain DoARun -> 信息:   started user thread for Warehouse 97
2月 12, 2026 5:17:30 上午 spec.jbb.JBBmain DoARun -> 信息:   started user thread for Warehouse 98
2月 12, 2026 5:17:30 上午 spec.jbb.JBBmain DoARun -> 信息:   started user thread for Warehouse 99
2月 12, 2026 5:17:30 上午 spec.jbb.JBBmain DoARun -> 信息:   started user thread for Warehouse 100
2月 12, 2026 5:17:30 上午 spec.jbb.JBBmain DoARun -> 信息:   started user thread for Warehouse 101
2月 12, 2026 5:17:30 上午 spec.jbb.JBBmain DoARun -> 信息:   started user thread for Warehouse 102
2月 12, 2026 5:17:30 上午 spec.jbb.JBBmain DoARun -> 信息:   started user thread for Warehouse 103
2月 12, 2026 5:17:30 上午 spec.jbb.JBBmain DoARun -> 信息:   started user thread for Warehouse 104
2月 12, 2026 5:17:30 上午 spec.jbb.JBBmain DoARun -> 信息:   started user thread for Warehouse 105
2月 12, 2026 5:17:30 上午 spec.jbb.JBBmain DoARun -> 信息:   started user thread for Warehouse 106
2月 12, 2026 5:17:30 上午 spec.jbb.JBBmain DoARun -> 信息:   started user thread for Warehouse 107
2月 12, 2026 5:17:30 上午 spec.jbb.JBBmain DoARun -> 信息:   started user thread for Warehouse 108
2月 12, 2026 5:17:30 上午 spec.jbb.JBBmain DoARun -> 信息:   started user thread for Warehouse 109
2月 12, 2026 5:17:30 上午 spec.jbb.JBBmain DoARun -> 信息:   started user thread for Warehouse 110
2月 12, 2026 5:17:30 上午 spec.jbb.JBBmain DoARun -> 信息:   started user thread for Warehouse 111
2月 12, 2026 5:17:30 上午 spec.jbb.JBBmain DoARun -> 信息:   started user thread for Warehouse 112
2月 12, 2026 5:17:30 上午 spec.jbb.JBBmain DoARun -> 信息:   started user thread for Warehouse 113
2月 12, 2026 5:17:30 上午 spec.jbb.JBBmain DoARun -> 信息:   started user thread for Warehouse 114
2月 12, 2026 5:17:30 上午 spec.jbb.JBBmain DoARun -> 信息:   started user thread for Warehouse 115
2月 12, 2026 5:17:30 上午 spec.jbb.JBBmain DoARun -> 信息:   started user thread for Warehouse 116
2月 12, 2026 5:17:30 上午 spec.jbb.JBBmain DoARun -> 信息:   started user thread for Warehouse 117
2月 12, 2026 5:17:30 上午 spec.jbb.JBBmain DoARun -> 信息:   started user thread for Warehouse 118
2月 12, 2026 5:17:30 上午 spec.jbb.JBBmain DoARun -> 信息:   started user thread for Warehouse 119
2月 12, 2026 5:17:30 上午 spec.jbb.JBBmain DoARun -> 信息:   started user thread for Warehouse 120
2月 12, 2026 5:17:30 上午 spec.jbb.JBBmain DoARun -> 信息:   started user thread for Warehouse 121
2月 12, 2026 5:17:30 上午 spec.jbb.JBBmain DoARun -> 信息:   started user thread for Warehouse 122
2月 12, 2026 5:17:30 上午 spec.jbb.JBBmain DoARun -> 信息:   started user thread for Warehouse 123
2月 12, 2026 5:17:30 上午 spec.jbb.JBBmain DoARun -> 信息:   started user thread for Warehouse 124
2月 12, 2026 5:17:30 上午 spec.jbb.JBBmain DoARun -> 信息:   started user thread for Warehouse 125
2月 12, 2026 5:17:30 上午 spec.jbb.JBBmain DoARun -> 信息:   started user thread for Warehouse 126
2月 12, 2026 5:17:30 上午 spec.jbb.Company displayResultTotals -> 信息: Timing Measurement began Thu Feb 12 05:17:30 CST 2026 for 4 minutes
2月 12, 2026 5:21:30 上午 spec.jbb.Company displayResultTotals -> 信息: Timing Measurement ended Thu Feb 12 05:21:30 CST 2026
2月 12, 2026 5:21:30 上午 spec.jbb.Company primeWithDummyData -> 信息: Loading Warehouse 127...
2月 12, 2026 5:21:31 上午 spec.jbb.JBBmain DoARun -> 信息: Start User Threads
2月 12, 2026 5:21:31 上午 spec.jbb.JBBmain DoARun -> 信息:   started user thread for Warehouse 1
2月 12, 2026 5:21:31 上午 spec.jbb.JBBmain DoARun -> 信息:   started user thread for Warehouse 2
2月 12, 2026 5:21:31 上午 spec.jbb.JBBmain DoARun -> 信息:   started user thread for Warehouse 3
2月 12, 2026 5:21:31 上午 spec.jbb.JBBmain DoARun -> 信息:   started user thread for Warehouse 4
2月 12, 2026 5:21:31 上午 spec.jbb.JBBmain DoARun -> 信息:   started user thread for Warehouse 5
2月 12, 2026 5:21:31 上午 spec.jbb.JBBmain DoARun -> 信息:   started user thread for Warehouse 6
2月 12, 2026 5:21:31 上午 spec.jbb.JBBmain DoARun -> 信息:   started user thread for Warehouse 7
2月 12, 2026 5:21:31 上午 spec.jbb.JBBmain DoARun -> 信息:   started user thread for Warehouse 8
2月 12, 2026 5:21:31 上午 spec.jbb.JBBmain DoARun -> 信息:   started user thread for Warehouse 9
2月 12, 2026 5:21:31 上午 spec.jbb.JBBmain DoARun -> 信息:   started user thread for Warehouse 10
2月 12, 2026 5:21:31 上午 spec.jbb.JBBmain DoARun -> 信息:   started user thread for Warehouse 11
2月 12, 2026 5:21:31 上午 spec.jbb.JBBmain DoARun -> 信息:   started user thread for Warehouse 12
2月 12, 2026 5:21:31 上午 spec.jbb.JBBmain DoARun -> 信息:   started user thread for Warehouse 13
2月 12, 2026 5:21:31 上午 spec.jbb.JBBmain DoARun -> 信息:   started user thread for Warehouse 14
2月 12, 2026 5:21:31 上午 spec.jbb.JBBmain DoARun -> 信息:   started user thread for Warehouse 15
2月 12, 2026 5:21:31 上午 spec.jbb.JBBmain DoARun -> 信息:   started user thread for Warehouse 16
2月 12, 2026 5:21:31 上午 spec.jbb.JBBmain DoARun -> 信息:   started user thread for Warehouse 17
2月 12, 2026 5:21:31 上午 spec.jbb.JBBmain DoARun -> 信息:   started user thread for Warehouse 18
2月 12, 2026 5:21:31 上午 spec.jbb.JBBmain DoARun -> 信息:   started user thread for Warehouse 19
2月 12, 2026 5:21:31 上午 spec.jbb.JBBmain DoARun -> 信息:   started user thread for Warehouse 20
2月 12, 2026 5:21:31 上午 spec.jbb.JBBmain DoARun -> 信息:   started user thread for Warehouse 21
2月 12, 2026 5:21:31 上午 spec.jbb.JBBmain DoARun -> 信息:   started user thread for Warehouse 22
2月 12, 2026 5:21:31 上午 spec.jbb.JBBmain DoARun -> 信息:   started user thread for Warehouse 23
2月 12, 2026 5:21:31 上午 spec.jbb.JBBmain DoARun -> 信息:   started user thread for Warehouse 24
2月 12, 2026 5:21:31 上午 spec.jbb.JBBmain DoARun -> 信息:   started user thread for Warehouse 25
2月 12, 2026 5:21:31 上午 spec.jbb.JBBmain DoARun -> 信息:   started user thread for Warehouse 26
2月 12, 2026 5:21:31 上午 spec.jbb.JBBmain DoARun -> 信息:   started user thread for Warehouse 27
2月 12, 2026 5:21:31 上午 spec.jbb.JBBmain DoARun -> 信息:   started user thread for Warehouse 28
2月 12, 2026 5:21:31 上午 spec.jbb.JBBmain DoARun -> 信息:   started user thread for Warehouse 29
2月 12, 2026 5:21:31 上午 spec.jbb.JBBmain DoARun -> 信息:   started user thread for Warehouse 30
2月 12, 2026 5:21:31 上午 spec.jbb.JBBmain DoARun -> 信息:   started user thread for Warehouse 31
2月 12, 2026 5:21:31 上午 spec.jbb.JBBmain DoARun -> 信息:   started user thread for Warehouse 32
2月 12, 2026 5:21:31 上午 spec.jbb.JBBmain DoARun -> 信息:   started user thread for Warehouse 33
2月 12, 2026 5:21:31 上午 spec.jbb.JBBmain DoARun -> 信息:   started user thread for Warehouse 34
2月 12, 2026 5:21:31 上午 spec.jbb.JBBmain DoARun -> 信息:   started user thread for Warehouse 35
2月 12, 2026 5:21:31 上午 spec.jbb.JBBmain DoARun -> 信息:   started user thread for Warehouse 36
2月 12, 2026 5:21:31 上午 spec.jbb.JBBmain DoARun -> 信息:   started user thread for Warehouse 37
2月 12, 2026 5:21:31 上午 spec.jbb.JBBmain DoARun -> 信息:   started user thread for Warehouse 38
2月 12, 2026 5:21:31 上午 spec.jbb.JBBmain DoARun -> 信息:   started user thread for Warehouse 39
2月 12, 2026 5:21:31 上午 spec.jbb.JBBmain DoARun -> 信息:   started user thread for Warehouse 40
2月 12, 2026 5:21:31 上午 spec.jbb.JBBmain DoARun -> 信息:   started user thread for Warehouse 41
2月 12, 2026 5:21:31 上午 spec.jbb.JBBmain DoARun -> 信息:   started user thread for Warehouse 42
2月 12, 2026 5:21:31 上午 spec.jbb.JBBmain DoARun -> 信息:   started user thread for Warehouse 43
2月 12, 2026 5:21:31 上午 spec.jbb.JBBmain DoARun -> 信息:   started user thread for Warehouse 44
2月 12, 2026 5:21:31 上午 spec.jbb.JBBmain DoARun -> 信息:   started user thread for Warehouse 45
2月 12, 2026 5:21:31 上午 spec.jbb.JBBmain DoARun -> 信息:   started user thread for Warehouse 46
2月 12, 2026 5:21:31 上午 spec.jbb.JBBmain DoARun -> 信息:   started user thread for Warehouse 47
2月 12, 2026 5:21:31 上午 spec.jbb.JBBmain DoARun -> 信息:   started user thread for Warehouse 48
2月 12, 2026 5:21:31 上午 spec.jbb.JBBmain DoARun -> 信息:   started user thread for Warehouse 49
2月 12, 2026 5:21:31 上午 spec.jbb.JBBmain DoARun -> 信息:   started user thread for Warehouse 50
2月 12, 2026 5:21:31 上午 spec.jbb.JBBmain DoARun -> 信息:   started user thread for Warehouse 51
2月 12, 2026 5:21:31 上午 spec.jbb.JBBmain DoARun -> 信息:   started user thread for Warehouse 52
2月 12, 2026 5:21:31 上午 spec.jbb.JBBmain DoARun -> 信息:   started user thread for Warehouse 53
2月 12, 2026 5:21:31 上午 spec.jbb.JBBmain DoARun -> 信息:   started user thread for Warehouse 54
2月 12, 2026 5:21:31 上午 spec.jbb.JBBmain DoARun -> 信息:   started user thread for Warehouse 55
2月 12, 2026 5:21:31 上午 spec.jbb.JBBmain DoARun -> 信息:   started user thread for Warehouse 56
2月 12, 2026 5:21:31 上午 spec.jbb.JBBmain DoARun -> 信息:   started user thread for Warehouse 57
2月 12, 2026 5:21:31 上午 spec.jbb.JBBmain DoARun -> 信息:   started user thread for Warehouse 58
2月 12, 2026 5:21:31 上午 spec.jbb.JBBmain DoARun -> 信息:   started user thread for Warehouse 59
2月 12, 2026 5:21:31 上午 spec.jbb.JBBmain DoARun -> 信息:   started user thread for Warehouse 60
2月 12, 2026 5:21:31 上午 spec.jbb.JBBmain DoARun -> 信息:   started user thread for Warehouse 61
2月 12, 2026 5:21:31 上午 spec.jbb.JBBmain DoARun -> 信息:   started user thread for Warehouse 62
2月 12, 2026 5:21:31 上午 spec.jbb.JBBmain DoARun -> 信息:   started user thread for Warehouse 63
2月 12, 2026 5:21:31 上午 spec.jbb.JBBmain DoARun -> 信息:   started user thread for Warehouse 64
2月 12, 2026 5:21:31 上午 spec.jbb.JBBmain DoARun -> 信息:   started user thread for Warehouse 65
2月 12, 2026 5:21:31 上午 spec.jbb.JBBmain DoARun -> 信息:   started user thread for Warehouse 66
2月 12, 2026 5:21:31 上午 spec.jbb.JBBmain DoARun -> 信息:   started user thread for Warehouse 67
2月 12, 2026 5:21:31 上午 spec.jbb.JBBmain DoARun -> 信息:   started user thread for Warehouse 68
2月 12, 2026 5:21:31 上午 spec.jbb.JBBmain DoARun -> 信息:   started user thread for Warehouse 69
2月 12, 2026 5:21:31 上午 spec.jbb.JBBmain DoARun -> 信息:   started user thread for Warehouse 70
2月 12, 2026 5:21:31 上午 spec.jbb.JBBmain DoARun -> 信息:   started user thread for Warehouse 71
2月 12, 2026 5:21:31 上午 spec.jbb.JBBmain DoARun -> 信息:   started user thread for Warehouse 72
2月 12, 2026 5:21:31 上午 spec.jbb.JBBmain DoARun -> 信息:   started user thread for Warehouse 73
2月 12, 2026 5:21:31 上午 spec.jbb.JBBmain DoARun -> 信息:   started user thread for Warehouse 74
2月 12, 2026 5:21:31 上午 spec.jbb.JBBmain DoARun -> 信息:   started user thread for Warehouse 75
2月 12, 2026 5:21:31 上午 spec.jbb.JBBmain DoARun -> 信息:   started user thread for Warehouse 76
2月 12, 2026 5:21:31 上午 spec.jbb.JBBmain DoARun -> 信息:   started user thread for Warehouse 77
2月 12, 2026 5:21:31 上午 spec.jbb.JBBmain DoARun -> 信息:   started user thread for Warehouse 78
2月 12, 2026 5:21:31 上午 spec.jbb.JBBmain DoARun -> 信息:   started user thread for Warehouse 79
2月 12, 2026 5:21:31 上午 spec.jbb.JBBmain DoARun -> 信息:   started user thread for Warehouse 80
2月 12, 2026 5:21:31 上午 spec.jbb.JBBmain DoARun -> 信息:   started user thread for Warehouse 81
2月 12, 2026 5:21:31 上午 spec.jbb.JBBmain DoARun -> 信息:   started user thread for Warehouse 82
2月 12, 2026 5:21:31 上午 spec.jbb.JBBmain DoARun -> 信息:   started user thread for Warehouse 83
2月 12, 2026 5:21:31 上午 spec.jbb.JBBmain DoARun -> 信息:   started user thread for Warehouse 84
2月 12, 2026 5:21:31 上午 spec.jbb.JBBmain DoARun -> 信息:   started user thread for Warehouse 85
2月 12, 2026 5:21:31 上午 spec.jbb.JBBmain DoARun -> 信息:   started user thread for Warehouse 86
2月 12, 2026 5:21:31 上午 spec.jbb.JBBmain DoARun -> 信息:   started user thread for Warehouse 87
2月 12, 2026 5:21:31 上午 spec.jbb.JBBmain DoARun -> 信息:   started user thread for Warehouse 88
2月 12, 2026 5:21:31 上午 spec.jbb.JBBmain DoARun -> 信息:   started user thread for Warehouse 89
2月 12, 2026 5:21:31 上午 spec.jbb.JBBmain DoARun -> 信息:   started user thread for Warehouse 90
2月 12, 2026 5:21:31 上午 spec.jbb.JBBmain DoARun -> 信息:   started user thread for Warehouse 91
2月 12, 2026 5:21:31 上午 spec.jbb.JBBmain DoARun -> 信息:   started user thread for Warehouse 92
2月 12, 2026 5:21:31 上午 spec.jbb.JBBmain DoARun -> 信息:   started user thread for Warehouse 93
2月 12, 2026 5:21:31 上午 spec.jbb.JBBmain DoARun -> 信息:   started user thread for Warehouse 94
2月 12, 2026 5:21:31 上午 spec.jbb.JBBmain DoARun -> 信息:   started user thread for Warehouse 95
2月 12, 2026 5:21:31 上午 spec.jbb.JBBmain DoARun -> 信息:   started user thread for Warehouse 96
2月 12, 2026 5:21:31 上午 spec.jbb.JBBmain DoARun -> 信息:   started user thread for Warehouse 97
2月 12, 2026 5:21:31 上午 spec.jbb.JBBmain DoARun -> 信息:   started user thread for Warehouse 98
2月 12, 2026 5:21:31 上午 spec.jbb.JBBmain DoARun -> 信息:   started user thread for Warehouse 99
2月 12, 2026 5:21:31 上午 spec.jbb.JBBmain DoARun -> 信息:   started user thread for Warehouse 100
2月 12, 2026 5:21:31 上午 spec.jbb.JBBmain DoARun -> 信息:   started user thread for Warehouse 101
2月 12, 2026 5:21:31 上午 spec.jbb.JBBmain DoARun -> 信息:   started user thread for Warehouse 102
2月 12, 2026 5:21:31 上午 spec.jbb.JBBmain DoARun -> 信息:   started user thread for Warehouse 103
2月 12, 2026 5:21:31 上午 spec.jbb.JBBmain DoARun -> 信息:   started user thread for Warehouse 104
2月 12, 2026 5:21:31 上午 spec.jbb.JBBmain DoARun -> 信息:   started user thread for Warehouse 105
2月 12, 2026 5:21:31 上午 spec.jbb.JBBmain DoARun -> 信息:   started user thread for Warehouse 106
2月 12, 2026 5:21:31 上午 spec.jbb.JBBmain DoARun -> 信息:   started user thread for Warehouse 107
2月 12, 2026 5:21:31 上午 spec.jbb.JBBmain DoARun -> 信息:   started user thread for Warehouse 108
2月 12, 2026 5:21:31 上午 spec.jbb.JBBmain DoARun -> 信息:   started user thread for Warehouse 109
2月 12, 2026 5:21:31 上午 spec.jbb.JBBmain DoARun -> 信息:   started user thread for Warehouse 110
2月 12, 2026 5:21:31 上午 spec.jbb.JBBmain DoARun -> 信息:   started user thread for Warehouse 111
2月 12, 2026 5:21:31 上午 spec.jbb.JBBmain DoARun -> 信息:   started user thread for Warehouse 112
2月 12, 2026 5:21:31 上午 spec.jbb.JBBmain DoARun -> 信息:   started user thread for Warehouse 113
2月 12, 2026 5:21:31 上午 spec.jbb.JBBmain DoARun -> 信息:   started user thread for Warehouse 114
2月 12, 2026 5:21:31 上午 spec.jbb.JBBmain DoARun -> 信息:   started user thread for Warehouse 115
2月 12, 2026 5:21:31 上午 spec.jbb.JBBmain DoARun -> 信息:   started user thread for Warehouse 116
2月 12, 2026 5:21:31 上午 spec.jbb.JBBmain DoARun -> 信息:   started user thread for Warehouse 117
2月 12, 2026 5:21:31 上午 spec.jbb.JBBmain DoARun -> 信息:   started user thread for Warehouse 118
2月 12, 2026 5:21:31 上午 spec.jbb.JBBmain DoARun -> 信息:   started user thread for Warehouse 119
2月 12, 2026 5:21:31 上午 spec.jbb.JBBmain DoARun -> 信息:   started user thread for Warehouse 120
2月 12, 2026 5:21:31 上午 spec.jbb.JBBmain DoARun -> 信息:   started user thread for Warehouse 121
2月 12, 2026 5:21:31 上午 spec.jbb.JBBmain DoARun -> 信息:   started user thread for Warehouse 122
2月 12, 2026 5:21:31 上午 spec.jbb.JBBmain DoARun -> 信息:   started user thread for Warehouse 123
2月 12, 2026 5:21:31 上午 spec.jbb.JBBmain DoARun -> 信息:   started user thread for Warehouse 124
2月 12, 2026 5:21:31 上午 spec.jbb.JBBmain DoARun -> 信息:   started user thread for Warehouse 125
2月 12, 2026 5:21:31 上午 spec.jbb.JBBmain DoARun -> 信息:   started user thread for Warehouse 126
2月 12, 2026 5:21:31 上午 spec.jbb.JBBmain DoARun -> 信息:   started user thread for Warehouse 127
2月 12, 2026 5:21:31 上午 spec.jbb.Company displayResultTotals -> 信息: Timing Measurement began Thu Feb 12 05:21:31 CST 2026 for 4 minutes
2月 12, 2026 5:25:31 上午 spec.jbb.Company displayResultTotals -> 信息: Timing Measurement ended Thu Feb 12 05:25:31 CST 2026
2月 12, 2026 5:25:31 上午 spec.jbb.Company primeWithDummyData -> 信息: Loading Warehouse 128...
2月 12, 2026 5:25:31 上午 spec.jbb.JBBmain DoARun -> 信息: Start User Threads
2月 12, 2026 5:25:31 上午 spec.jbb.JBBmain DoARun -> 信息:   started user thread for Warehouse 1
2月 12, 2026 5:25:31 上午 spec.jbb.JBBmain DoARun -> 信息:   started user thread for Warehouse 2
2月 12, 2026 5:25:31 上午 spec.jbb.JBBmain DoARun -> 信息:   started user thread for Warehouse 3
2月 12, 2026 5:25:31 上午 spec.jbb.JBBmain DoARun -> 信息:   started user thread for Warehouse 4
2月 12, 2026 5:25:31 上午 spec.jbb.JBBmain DoARun -> 信息:   started user thread for Warehouse 5
2月 12, 2026 5:25:31 上午 spec.jbb.JBBmain DoARun -> 信息:   started user thread for Warehouse 6
2月 12, 2026 5:25:31 上午 spec.jbb.JBBmain DoARun -> 信息:   started user thread for Warehouse 7
2月 12, 2026 5:25:31 上午 spec.jbb.JBBmain DoARun -> 信息:   started user thread for Warehouse 8
2月 12, 2026 5:25:31 上午 spec.jbb.JBBmain DoARun -> 信息:   started user thread for Warehouse 9
2月 12, 2026 5:25:31 上午 spec.jbb.JBBmain DoARun -> 信息:   started user thread for Warehouse 10
2月 12, 2026 5:25:31 上午 spec.jbb.JBBmain DoARun -> 信息:   started user thread for Warehouse 11
2月 12, 2026 5:25:31 上午 spec.jbb.JBBmain DoARun -> 信息:   started user thread for Warehouse 12
2月 12, 2026 5:25:31 上午 spec.jbb.JBBmain DoARun -> 信息:   started user thread for Warehouse 13
2月 12, 2026 5:25:31 上午 spec.jbb.JBBmain DoARun -> 信息:   started user thread for Warehouse 14
2月 12, 2026 5:25:31 上午 spec.jbb.JBBmain DoARun -> 信息:   started user thread for Warehouse 15
2月 12, 2026 5:25:31 上午 spec.jbb.JBBmain DoARun -> 信息:   started user thread for Warehouse 16
2月 12, 2026 5:25:31 上午 spec.jbb.JBBmain DoARun -> 信息:   started user thread for Warehouse 17
2月 12, 2026 5:25:31 上午 spec.jbb.JBBmain DoARun -> 信息:   started user thread for Warehouse 18
2月 12, 2026 5:25:31 上午 spec.jbb.JBBmain DoARun -> 信息:   started user thread for Warehouse 19
2月 12, 2026 5:25:31 上午 spec.jbb.JBBmain DoARun -> 信息:   started user thread for Warehouse 20
2月 12, 2026 5:25:31 上午 spec.jbb.JBBmain DoARun -> 信息:   started user thread for Warehouse 21
2月 12, 2026 5:25:31 上午 spec.jbb.JBBmain DoARun -> 信息:   started user thread for Warehouse 22
2月 12, 2026 5:25:31 上午 spec.jbb.JBBmain DoARun -> 信息:   started user thread for Warehouse 23
2月 12, 2026 5:25:31 上午 spec.jbb.JBBmain DoARun -> 信息:   started user thread for Warehouse 24
2月 12, 2026 5:25:31 上午 spec.jbb.JBBmain DoARun -> 信息:   started user thread for Warehouse 25
2月 12, 2026 5:25:31 上午 spec.jbb.JBBmain DoARun -> 信息:   started user thread for Warehouse 26
2月 12, 2026 5:25:31 上午 spec.jbb.JBBmain DoARun -> 信息:   started user thread for Warehouse 27
2月 12, 2026 5:25:31 上午 spec.jbb.JBBmain DoARun -> 信息:   started user thread for Warehouse 28
2月 12, 2026 5:25:31 上午 spec.jbb.JBBmain DoARun -> 信息:   started user thread for Warehouse 29
2月 12, 2026 5:25:31 上午 spec.jbb.JBBmain DoARun -> 信息:   started user thread for Warehouse 30
2月 12, 2026 5:25:31 上午 spec.jbb.JBBmain DoARun -> 信息:   started user thread for Warehouse 31
2月 12, 2026 5:25:31 上午 spec.jbb.JBBmain DoARun -> 信息:   started user thread for Warehouse 32
2月 12, 2026 5:25:31 上午 spec.jbb.JBBmain DoARun -> 信息:   started user thread for Warehouse 33
2月 12, 2026 5:25:31 上午 spec.jbb.JBBmain DoARun -> 信息:   started user thread for Warehouse 34
2月 12, 2026 5:25:31 上午 spec.jbb.JBBmain DoARun -> 信息:   started user thread for Warehouse 35
2月 12, 2026 5:25:31 上午 spec.jbb.JBBmain DoARun -> 信息:   started user thread for Warehouse 36
2月 12, 2026 5:25:31 上午 spec.jbb.JBBmain DoARun -> 信息:   started user thread for Warehouse 37
2月 12, 2026 5:25:31 上午 spec.jbb.JBBmain DoARun -> 信息:   started user thread for Warehouse 38
2月 12, 2026 5:25:31 上午 spec.jbb.JBBmain DoARun -> 信息:   started user thread for Warehouse 39
2月 12, 2026 5:25:31 上午 spec.jbb.JBBmain DoARun -> 信息:   started user thread for Warehouse 40
2月 12, 2026 5:25:31 上午 spec.jbb.JBBmain DoARun -> 信息:   started user thread for Warehouse 41
2月 12, 2026 5:25:31 上午 spec.jbb.JBBmain DoARun -> 信息:   started user thread for Warehouse 42
2月 12, 2026 5:25:31 上午 spec.jbb.JBBmain DoARun -> 信息:   started user thread for Warehouse 43
2月 12, 2026 5:25:31 上午 spec.jbb.JBBmain DoARun -> 信息:   started user thread for Warehouse 44
2月 12, 2026 5:25:31 上午 spec.jbb.JBBmain DoARun -> 信息:   started user thread for Warehouse 45
2月 12, 2026 5:25:31 上午 spec.jbb.JBBmain DoARun -> 信息:   started user thread for Warehouse 46
2月 12, 2026 5:25:31 上午 spec.jbb.JBBmain DoARun -> 信息:   started user thread for Warehouse 47
2月 12, 2026 5:25:31 上午 spec.jbb.JBBmain DoARun -> 信息:   started user thread for Warehouse 48
2月 12, 2026 5:25:31 上午 spec.jbb.JBBmain DoARun -> 信息:   started user thread for Warehouse 49
2月 12, 2026 5:25:31 上午 spec.jbb.JBBmain DoARun -> 信息:   started user thread for Warehouse 50
2月 12, 2026 5:25:31 上午 spec.jbb.JBBmain DoARun -> 信息:   started user thread for Warehouse 51
2月 12, 2026 5:25:31 上午 spec.jbb.JBBmain DoARun -> 信息:   started user thread for Warehouse 52
2月 12, 2026 5:25:31 上午 spec.jbb.JBBmain DoARun -> 信息:   started user thread for Warehouse 53
2月 12, 2026 5:25:31 上午 spec.jbb.JBBmain DoARun -> 信息:   started user thread for Warehouse 54
2月 12, 2026 5:25:31 上午 spec.jbb.JBBmain DoARun -> 信息:   started user thread for Warehouse 55
2月 12, 2026 5:25:31 上午 spec.jbb.JBBmain DoARun -> 信息:   started user thread for Warehouse 56
2月 12, 2026 5:25:31 上午 spec.jbb.JBBmain DoARun -> 信息:   started user thread for Warehouse 57
2月 12, 2026 5:25:31 上午 spec.jbb.JBBmain DoARun -> 信息:   started user thread for Warehouse 58
2月 12, 2026 5:25:31 上午 spec.jbb.JBBmain DoARun -> 信息:   started user thread for Warehouse 59
2月 12, 2026 5:25:31 上午 spec.jbb.JBBmain DoARun -> 信息:   started user thread for Warehouse 60
2月 12, 2026 5:25:31 上午 spec.jbb.JBBmain DoARun -> 信息:   started user thread for Warehouse 61
2月 12, 2026 5:25:31 上午 spec.jbb.JBBmain DoARun -> 信息:   started user thread for Warehouse 62
2月 12, 2026 5:25:31 上午 spec.jbb.JBBmain DoARun -> 信息:   started user thread for Warehouse 63
2月 12, 2026 5:25:31 上午 spec.jbb.JBBmain DoARun -> 信息:   started user thread for Warehouse 64
2月 12, 2026 5:25:31 上午 spec.jbb.JBBmain DoARun -> 信息:   started user thread for Warehouse 65
2月 12, 2026 5:25:31 上午 spec.jbb.JBBmain DoARun -> 信息:   started user thread for Warehouse 66
2月 12, 2026 5:25:31 上午 spec.jbb.JBBmain DoARun -> 信息:   started user thread for Warehouse 67
2月 12, 2026 5:25:31 上午 spec.jbb.JBBmain DoARun -> 信息:   started user thread for Warehouse 68
2月 12, 2026 5:25:31 上午 spec.jbb.JBBmain DoARun -> 信息:   started user thread for Warehouse 69
2月 12, 2026 5:25:31 上午 spec.jbb.JBBmain DoARun -> 信息:   started user thread for Warehouse 70
2月 12, 2026 5:25:31 上午 spec.jbb.JBBmain DoARun -> 信息:   started user thread for Warehouse 71
2月 12, 2026 5:25:31 上午 spec.jbb.JBBmain DoARun -> 信息:   started user thread for Warehouse 72
2月 12, 2026 5:25:31 上午 spec.jbb.JBBmain DoARun -> 信息:   started user thread for Warehouse 73
2月 12, 2026 5:25:31 上午 spec.jbb.JBBmain DoARun -> 信息:   started user thread for Warehouse 74
2月 12, 2026 5:25:31 上午 spec.jbb.JBBmain DoARun -> 信息:   started user thread for Warehouse 75
2月 12, 2026 5:25:31 上午 spec.jbb.JBBmain DoARun -> 信息:   started user thread for Warehouse 76
2月 12, 2026 5:25:31 上午 spec.jbb.JBBmain DoARun -> 信息:   started user thread for Warehouse 77
2月 12, 2026 5:25:31 上午 spec.jbb.JBBmain DoARun -> 信息:   started user thread for Warehouse 78
2月 12, 2026 5:25:31 上午 spec.jbb.JBBmain DoARun -> 信息:   started user thread for Warehouse 79
2月 12, 2026 5:25:31 上午 spec.jbb.JBBmain DoARun -> 信息:   started user thread for Warehouse 80
2月 12, 2026 5:25:31 上午 spec.jbb.JBBmain DoARun -> 信息:   started user thread for Warehouse 81
2月 12, 2026 5:25:31 上午 spec.jbb.JBBmain DoARun -> 信息:   started user thread for Warehouse 82
2月 12, 2026 5:25:31 上午 spec.jbb.JBBmain DoARun -> 信息:   started user thread for Warehouse 83
2月 12, 2026 5:25:31 上午 spec.jbb.JBBmain DoARun -> 信息:   started user thread for Warehouse 84
2月 12, 2026 5:25:31 上午 spec.jbb.JBBmain DoARun -> 信息:   started user thread for Warehouse 85
2月 12, 2026 5:25:31 上午 spec.jbb.JBBmain DoARun -> 信息:   started user thread for Warehouse 86
2月 12, 2026 5:25:31 上午 spec.jbb.JBBmain DoARun -> 信息:   started user thread for Warehouse 87
2月 12, 2026 5:25:31 上午 spec.jbb.JBBmain DoARun -> 信息:   started user thread for Warehouse 88
2月 12, 2026 5:25:31 上午 spec.jbb.JBBmain DoARun -> 信息:   started user thread for Warehouse 89
2月 12, 2026 5:25:31 上午 spec.jbb.JBBmain DoARun -> 信息:   started user thread for Warehouse 90
2月 12, 2026 5:25:31 上午 spec.jbb.JBBmain DoARun -> 信息:   started user thread for Warehouse 91
2月 12, 2026 5:25:31 上午 spec.jbb.JBBmain DoARun -> 信息:   started user thread for Warehouse 92
2月 12, 2026 5:25:31 上午 spec.jbb.JBBmain DoARun -> 信息:   started user thread for Warehouse 93
2月 12, 2026 5:25:31 上午 spec.jbb.JBBmain DoARun -> 信息:   started user thread for Warehouse 94
2月 12, 2026 5:25:31 上午 spec.jbb.JBBmain DoARun -> 信息:   started user thread for Warehouse 95
2月 12, 2026 5:25:31 上午 spec.jbb.JBBmain DoARun -> 信息:   started user thread for Warehouse 96
2月 12, 2026 5:25:31 上午 spec.jbb.JBBmain DoARun -> 信息:   started user thread for Warehouse 97
2月 12, 2026 5:25:31 上午 spec.jbb.JBBmain DoARun -> 信息:   started user thread for Warehouse 98
2月 12, 2026 5:25:31 上午 spec.jbb.JBBmain DoARun -> 信息:   started user thread for Warehouse 99
2月 12, 2026 5:25:31 上午 spec.jbb.JBBmain DoARun -> 信息:   started user thread for Warehouse 100
2月 12, 2026 5:25:31 上午 spec.jbb.JBBmain DoARun -> 信息:   started user thread for Warehouse 101
2月 12, 2026 5:25:31 上午 spec.jbb.JBBmain DoARun -> 信息:   started user thread for Warehouse 102
2月 12, 2026 5:25:31 上午 spec.jbb.JBBmain DoARun -> 信息:   started user thread for Warehouse 103
2月 12, 2026 5:25:31 上午 spec.jbb.JBBmain DoARun -> 信息:   started user thread for Warehouse 104
2月 12, 2026 5:25:31 上午 spec.jbb.JBBmain DoARun -> 信息:   started user thread for Warehouse 105
2月 12, 2026 5:25:31 上午 spec.jbb.JBBmain DoARun -> 信息:   started user thread for Warehouse 106
2月 12, 2026 5:25:31 上午 spec.jbb.JBBmain DoARun -> 信息:   started user thread for Warehouse 107
2月 12, 2026 5:25:31 上午 spec.jbb.JBBmain DoARun -> 信息:   started user thread for Warehouse 108
2月 12, 2026 5:25:31 上午 spec.jbb.JBBmain DoARun -> 信息:   started user thread for Warehouse 109
2月 12, 2026 5:25:31 上午 spec.jbb.JBBmain DoARun -> 信息:   started user thread for Warehouse 110
2月 12, 2026 5:25:31 上午 spec.jbb.JBBmain DoARun -> 信息:   started user thread for Warehouse 111
2月 12, 2026 5:25:31 上午 spec.jbb.JBBmain DoARun -> 信息:   started user thread for Warehouse 112
2月 12, 2026 5:25:31 上午 spec.jbb.JBBmain DoARun -> 信息:   started user thread for Warehouse 113
2月 12, 2026 5:25:31 上午 spec.jbb.JBBmain DoARun -> 信息:   started user thread for Warehouse 114
2月 12, 2026 5:25:31 上午 spec.jbb.JBBmain DoARun -> 信息:   started user thread for Warehouse 115
2月 12, 2026 5:25:31 上午 spec.jbb.JBBmain DoARun -> 信息:   started user thread for Warehouse 116
2月 12, 2026 5:25:31 上午 spec.jbb.JBBmain DoARun -> 信息:   started user thread for Warehouse 117
2月 12, 2026 5:25:31 上午 spec.jbb.JBBmain DoARun -> 信息:   started user thread for Warehouse 118
2月 12, 2026 5:25:31 上午 spec.jbb.JBBmain DoARun -> 信息:   started user thread for Warehouse 119
2月 12, 2026 5:25:31 上午 spec.jbb.JBBmain DoARun -> 信息:   started user thread for Warehouse 120
2月 12, 2026 5:25:31 上午 spec.jbb.JBBmain DoARun -> 信息:   started user thread for Warehouse 121
2月 12, 2026 5:25:31 上午 spec.jbb.JBBmain DoARun -> 信息:   started user thread for Warehouse 122
2月 12, 2026 5:25:31 上午 spec.jbb.JBBmain DoARun -> 信息:   started user thread for Warehouse 123
2月 12, 2026 5:25:31 上午 spec.jbb.JBBmain DoARun -> 信息:   started user thread for Warehouse 124
2月 12, 2026 5:25:31 上午 spec.jbb.JBBmain DoARun -> 信息:   started user thread for Warehouse 125
2月 12, 2026 5:25:31 上午 spec.jbb.JBBmain DoARun -> 信息:   started user thread for Warehouse 126
2月 12, 2026 5:25:31 上午 spec.jbb.JBBmain DoARun -> 信息:   started user thread for Warehouse 127
2月 12, 2026 5:25:31 上午 spec.jbb.JBBmain DoARun -> 信息:   started user thread for Warehouse 128
2月 12, 2026 5:25:31 上午 spec.jbb.Company displayResultTotals -> 信息: Timing Measurement began Thu Feb 12 05:25:31 CST 2026 for 4 minutes
2月 12, 2026 5:29:31 上午 spec.jbb.Company displayResultTotals -> 信息: Timing Measurement ended Thu Feb 12 05:29:31 CST 2026
2月 12, 2026 5:29:31 上午 spec.jbb.JBBmain callReporter -> 信息: Calling Reporter
2月 12, 2026 5:29:32 上午 spec.jbb.JBBmain main -> 信息: Logging ended
